app,arm,mull_commit,slice_index,slice_count,mutator,file,line,column,region,exit_code,test1_demo,test2_golden,test2_written,test3_perf,killed_by,timed_out,wall_seconds,mutant_key,migrated_timeout,test2_rederived_from_crash
lens_blur,cxx_default_on_emitted_cpp,5eb72c8d,0,16,cxx_ne_to_eq,lens_blur.halide_generated.cpp,9758,25,generator_specific,-6,1,,,,test1_demo,0,0.178,cxx_ne_to_eq:/mnt/scratch1/ardi/dsl_mut/HM-armc/mutation/lowered-cpp/lens_blur/lens_blur.halide_generated.cpp:9758:25,0,1
lens_blur,cxx_default_on_emitted_cpp,5eb72c8d,0,16,cxx_mul_to_div,lens_blur.halide_generated.cpp,7747,78,generator_specific,-6,1,,,,test1_demo,0,0.184,cxx_mul_to_div:/mnt/scratch1/ardi/dsl_mut/HM-armc/mutation/lowered-cpp/lens_blur/lens_blur.halide_generated.cpp:7747:78,0,1
lens_blur,cxx_default_on_emitted_cpp,5eb72c8d,0,16,cxx_add_to_sub,lens_blur.halide_generated.cpp,13484,26,generator_specific,-11,1,,,,test1_demo,0,0.556,cxx_add_to_sub:/mnt/scratch1/ardi/dsl_mut/HM-armc/mutation/lowered-cpp/lens_blur/lens_blur.halide_generated.cpp:13484:26,0,1
lens_blur,cxx_default_on_emitted_cpp,5eb72c8d,0,16,cxx_lt_to_le,lens_blur.halide_generated.cpp,4430,41,generator_specific,-11,1,,,,test1_demo,0,0.651,cxx_lt_to_le:/mnt/scratch1/ardi/dsl_mut/HM-armc/mutation/lowered-cpp/lens_blur/lens_blur.halide_generated.cpp:4430:41,0,1
lens_blur,cxx_default_on_emitted_cpp,5eb72c8d,0,16,cxx_sub_to_add,lens_blur.halide_generated.cpp,14377,28,generator_specific,-6,1,,,,test1_demo,0,0.910,cxx_sub_to_add:/mnt/scratch1/ardi/dsl_mut/HM-armc/mutation/lowered-cpp/lens_blur/lens_blur.halide_generated.cpp:14377:28,0,1
lens_blur,cxx_default_on_emitted_cpp,5eb72c8d,0,16,cxx_add_to_sub,lens_blur.halide_generated.cpp,12260,34,generator_specific,-11,1,,,,test1_demo,0,0.966,cxx_add_to_sub:/mnt/scratch1/ardi/dsl_mut/HM-armc/mutation/lowered-cpp/lens_blur/lens_blur.halide_generated.cpp:12260:34,0,1
lens_blur,cxx_default_on_emitted_cpp,5eb72c8d,0,16,cxx_sub_to_add,lens_blur.halide_generated.cpp,4535,30,generator_specific,0,0,1,,,test2_golden,0,11.323,cxx_sub_to_add:/mnt/scratch1/ardi/dsl_mut/HM-armc/mutation/lowered-cpp/lens_blur/lens_blur.halide_generated.cpp:4535:30,0,0
lens_blur,cxx_default_on_emitted_cpp,5eb72c8d,0,16,cxx_add_to_sub,lens_blur.halide_generated.cpp,6940,30,generator_specific,0,0,0,,,,0,11.329,cxx_add_to_sub:/mnt/scratch1/ardi/dsl_mut/HM-armc/mutation/lowered-cpp/lens_blur/lens_blur.halide_generated.cpp:6940:30,0,0
lens_blur,cxx_default_on_emitted_cpp,5eb72c8d,0,16,cxx_mul_to_div,lens_blur.halide_generated.cpp,13846,26,generator_specific,0,0,0,,,,0,11.355,cxx_mul_to_div:/mnt/scratch1/ardi/dsl_mut/HM-armc/mutation/lowered-cpp/lens_blur/lens_blur.halide_generated.cpp:13846:26,0,0
lens_blur,cxx_default_on_emitted_cpp,5eb72c8d,0,16,cxx_add_to_sub,lens_blur.halide_generated.cpp,9029,35,generator_specific,0,0,0,,,,0,11.352,cxx_add_to_sub:/mnt/scratch1/ardi/dsl_mut/HM-armc/mutation/lowered-cpp/lens_blur/lens_blur.halide_generated.cpp:9029:35,0,0
lens_blur,cxx_default_on_emitted_cpp,5eb72c8d,0,16,cxx_mul_to_div,lens_blur.halide_generated.cpp,7986,31,generator_specific,0,0,0,,,,0,11.358,cxx_mul_to_div:/mnt/scratch1/ardi/dsl_mut/HM-armc/mutation/lowered-cpp/lens_blur/lens_blur.halide_generated.cpp:7986:31,0,0
lens_blur,cxx_default_on_emitted_cpp,5eb72c8d,0,16,cxx_mul_to_div,lens_blur.halide_generated.cpp,11344,38,generator_specific,0,0,0,,,,0,11.365,cxx_mul_to_div:/mnt/scratch1/ardi/dsl_mut/HM-armc/mutation/lowered-cpp/lens_blur/lens_blur.halide_generated.cpp:11344:38,0,0
lens_blur,cxx_default_on_emitted_cpp,5eb72c8d,0,16,cxx_replace_scalar_call,lens_blur.halide_generated.cpp,5147,18,generator_specific,0,0,0,,,,0,11.394,cxx_replace_scalar_call:/mnt/scratch1/ardi/dsl_mut/HM-armc/mutation/lowered-cpp/lens_blur/lens_blur.halide_generated.cpp:5147:18,0,0
lens_blur,cxx_default_on_emitted_cpp,5eb72c8d,0,16,cxx_sub_to_add,lens_blur.halide_generated.cpp,6309,28,generator_specific,0,0,0,,,,0,11.315,cxx_sub_to_add:/mnt/scratch1/ardi/dsl_mut/HM-armc/mutation/lowered-cpp/lens_blur/lens_blur.halide_generated.cpp:6309:28,0,0
lens_blur,cxx_default_on_emitted_cpp,5eb72c8d,0,16,cxx_add_to_sub,lens_blur.halide_generated.cpp,6034,30,generator_specific,-11,1,,,,test1_demo,0,0.178,cxx_add_to_sub:/mnt/scratch1/ardi/dsl_mut/HM-armc/mutation/lowered-cpp/lens_blur/lens_blur.halide_generated.cpp:6034:30,0,1
lens_blur,cxx_default_on_emitted_cpp,5eb72c8d,0,16,cxx_add_to_sub,lens_blur.halide_generated.cpp,10250,35,generator_specific,0,0,0,,,,0,11.587,cxx_add_to_sub:/mnt/scratch1/ardi/dsl_mut/HM-armc/mutation/lowered-cpp/lens_blur/lens_blur.halide_generated.cpp:10250:35,0,0
lens_blur,cxx_default_on_emitted_cpp,5eb72c8d,0,16,cxx_mul_to_div,lens_blur.halide_generated.cpp,11191,38,generator_specific,0,0,0,,,,0,11.583,cxx_mul_to_div:/mnt/scratch1/ardi/dsl_mut/HM-armc/mutation/lowered-cpp/lens_blur/lens_blur.halide_generated.cpp:11191:38,0,0
lens_blur,cxx_default_on_emitted_cpp,5eb72c8d,0,16,cxx_sub_to_add,lens_blur.halide_generated.cpp,8217,31,generator_specific,0,0,0,,,,0,11.608,cxx_sub_to_add:/mnt/scratch1/ardi/dsl_mut/HM-armc/mutation/lowered-cpp/lens_blur/lens_blur.halide_generated.cpp:8217:31,0,0
lens_blur,cxx_default_on_emitted_cpp,5eb72c8d,0,16,cxx_replace_scalar_call,lens_blur.halide_generated.cpp,13312,20,generator_specific,0,0,0,,,,0,11.608,cxx_replace_scalar_call:/mnt/scratch1/ardi/dsl_mut/HM-armc/mutation/lowered-cpp/lens_blur/lens_blur.halide_generated.cpp:13312:20,0,0
lens_blur,cxx_default_on_emitted_cpp,5eb72c8d,0,16,cxx_add_to_sub,lens_blur.halide_generated.cpp,6751,27,generator_specific,0,0,0,,,,0,11.616,cxx_add_to_sub:/mnt/scratch1/ardi/dsl_mut/HM-armc/mutation/lowered-cpp/lens_blur/lens_blur.halide_generated.cpp:6751:27,0,0
lens_blur,cxx_default_on_emitted_cpp,5eb72c8d,0,16,cxx_remove_void_call,lens_blur.halide_generated.cpp,5009,2,generator_specific,0,0,0,,,,0,11.629,cxx_remove_void_call:/mnt/scratch1/ardi/dsl_mut/HM-armc/mutation/lowered-cpp/lens_blur/lens_blur.halide_generated.cpp:5009:2,0,0
lens_blur,cxx_default_on_emitted_cpp,5eb72c8d,0,16,cxx_add_to_sub,lens_blur.halide_generated.cpp,4551,30,generator_specific,-11,1,,,,test1_demo,0,0.016,cxx_add_to_sub:/mnt/scratch1/ardi/dsl_mut/HM-armc/mutation/lowered-cpp/lens_blur/lens_blur.halide_generated.cpp:4551:30,0,1
lens_blur,cxx_default_on_emitted_cpp,5eb72c8d,0,16,cxx_replace_scalar_call,lens_blur.halide_generated.cpp,13365,17,generator_specific,-6,1,,,,test1_demo,0,0.009,cxx_replace_scalar_call:/mnt/scratch1/ardi/dsl_mut/HM-armc/mutation/lowered-cpp/lens_blur/lens_blur.halide_generated.cpp:13365:17,0,1
lens_blur,cxx_default_on_emitted_cpp,5eb72c8d,0,16,cxx_sub_to_add,lens_blur.halide_generated.cpp,6569,28,generator_specific,0,0,0,,,,0,11.640,cxx_sub_to_add:/mnt/scratch1/ardi/dsl_mut/HM-armc/mutation/lowered-cpp/lens_blur/lens_blur.halide_generated.cpp:6569:28,0,0
lens_blur,cxx_default_on_emitted_cpp,5eb72c8d,0,16,cxx_le_to_gt,lens_blur.halide_generated.cpp,12998,22,generator_specific,0,0,1,,,test2_golden,0,0.014,cxx_le_to_gt:/mnt/scratch1/ardi/dsl_mut/HM-armc/mutation/lowered-cpp/lens_blur/lens_blur.halide_generated.cpp:12998:22,0,0
lens_blur,cxx_default_on_emitted_cpp,5eb72c8d,0,16,cxx_sub_to_add,lens_blur.halide_generated.cpp,8908,34,generator_specific,0,0,0,,,,0,11.650,cxx_sub_to_add:/mnt/scratch1/ardi/dsl_mut/HM-armc/mutation/lowered-cpp/lens_blur/lens_blur.halide_generated.cpp:8908:34,0,0
lens_blur,cxx_default_on_emitted_cpp,5eb72c8d,0,16,cxx_sub_to_add,lens_blur.halide_generated.cpp,9288,34,generator_specific,-6,1,,,,test1_demo,0,0.182,cxx_sub_to_add:/mnt/scratch1/ardi/dsl_mut/HM-armc/mutation/lowered-cpp/lens_blur/lens_blur.halide_generated.cpp:9288:34,0,1
lens_blur,cxx_default_on_emitted_cpp,5eb72c8d,0,16,cxx_add_to_sub,lens_blur.halide_generated.cpp,9564,35,generator_specific,-11,1,,,,test1_demo,0,0.179,cxx_add_to_sub:/mnt/scratch1/ardi/dsl_mut/HM-armc/mutation/lowered-cpp/lens_blur/lens_blur.halide_generated.cpp:9564:35,0,1
lens_blur,cxx_default_on_emitted_cpp,5eb72c8d,0,16,cxx_lt_to_le,lens_blur.halide_generated.cpp,4680,44,generator_specific,0,0,0,,,,0,11.387,cxx_lt_to_le:/mnt/scratch1/ardi/dsl_mut/HM-armc/mutation/lowered-cpp/lens_blur/lens_blur.halide_generated.cpp:4680:44,0,0
lens_blur,cxx_default_on_emitted_cpp,5eb72c8d,0,16,cxx_add_to_sub,lens_blur.halide_generated.cpp,9424,36,generator_specific,0,0,0,,,,0,11.651,cxx_add_to_sub:/mnt/scratch1/ardi/dsl_mut/HM-armc/mutation/lowered-cpp/lens_blur/lens_blur.halide_generated.cpp:9424:36,0,0
lens_blur,cxx_default_on_emitted_cpp,5eb72c8d,0,16,cxx_add_to_sub,lens_blur.halide_generated.cpp,4784,30,generator_specific,-11,1,,,,test1_demo,0,0.011,cxx_add_to_sub:/mnt/scratch1/ardi/dsl_mut/HM-armc/mutation/lowered-cpp/lens_blur/lens_blur.halide_generated.cpp:4784:30,0,1
lens_blur,cxx_default_on_emitted_cpp,5eb72c8d,0,16,cxx_mul_to_div,lens_blur.halide_generated.cpp,10416,37,generator_specific,0,0,0,,,,0,11.570,cxx_mul_to_div:/mnt/scratch1/ardi/dsl_mut/HM-armc/mutation/lowered-cpp/lens_blur/lens_blur.halide_generated.cpp:10416:37,0,0
lens_blur,cxx_default_on_emitted_cpp,5eb72c8d,0,16,cxx_lt_to_le,lens_blur.halide_generated.cpp,7065,71,generator_specific,0,0,0,,,,0,11.616,cxx_lt_to_le:/mnt/scratch1/ardi/dsl_mut/HM-armc/mutation/lowered-cpp/lens_blur/lens_blur.halide_generated.cpp:7065:71,0,0
lens_blur,cxx_default_on_emitted_cpp,5eb72c8d,0,16,cxx_eq_to_ne,lens_blur.halide_generated.cpp,12845,22,generator_specific,-6,1,,,,test1_demo,0,0.038,cxx_eq_to_ne:/mnt/scratch1/ardi/dsl_mut/HM-armc/mutation/lowered-cpp/lens_blur/lens_blur.halide_generated.cpp:12845:22,0,1
lens_blur,cxx_default_on_emitted_cpp,5eb72c8d,0,16,cxx_post_inc_to_post_dec,lens_blur.halide_generated.cpp,4861,62,generator_specific,-11,1,,,,test1_demo,0,0.070,cxx_post_inc_to_post_dec:/mnt/scratch1/ardi/dsl_mut/HM-armc/mutation/lowered-cpp/lens_blur/lens_blur.halide_generated.cpp:4861:62,0,1
lens_blur,cxx_default_on_emitted_cpp,5eb72c8d,0,16,cxx_post_inc_to_post_dec,lens_blur.halide_generated.cpp,7550,109,generator_specific,-11,1,,,,test1_demo,0,0.217,cxx_post_inc_to_post_dec:/mnt/scratch1/ardi/dsl_mut/HM-armc/mutation/lowered-cpp/lens_blur/lens_blur.halide_generated.cpp:7550:109,0,1
lens_blur,cxx_default_on_emitted_cpp,5eb72c8d,0,16,cxx_sub_to_add,lens_blur.halide_generated.cpp,9746,35,generator_specific,-6,1,,,,test1_demo,0,0.222,cxx_sub_to_add:/mnt/scratch1/ardi/dsl_mut/HM-armc/mutation/lowered-cpp/lens_blur/lens_blur.halide_generated.cpp:9746:35,0,1
lens_blur,cxx_default_on_emitted_cpp,5eb72c8d,0,16,cxx_sub_to_add,lens_blur.halide_generated.cpp,5777,26,generator_specific,-6,1,,,,test1_demo,0,0.249,cxx_sub_to_add:/mnt/scratch1/ardi/dsl_mut/HM-armc/mutation/lowered-cpp/lens_blur/lens_blur.halide_generated.cpp:5777:26,0,1
lens_blur,cxx_default_on_emitted_cpp,5eb72c8d,0,16,cxx_add_to_sub,lens_blur.halide_generated.cpp,13707,26,generator_specific,-6,1,,,,test1_demo,0,0.908,cxx_add_to_sub:/mnt/scratch1/ardi/dsl_mut/HM-armc/mutation/lowered-cpp/lens_blur/lens_blur.halide_generated.cpp:13707:26,0,1
lens_blur,cxx_default_on_emitted_cpp,5eb72c8d,0,16,cxx_add_to_sub,lens_blur.halide_generated.cpp,6937,29,generator_specific,0,0,0,,,,0,12.412,cxx_add_to_sub:/mnt/scratch1/ardi/dsl_mut/HM-armc/mutation/lowered-cpp/lens_blur/lens_blur.halide_generated.cpp:6937:29,0,0
lens_blur,cxx_default_on_emitted_cpp,5eb72c8d,0,16,cxx_add_to_sub,lens_blur.halide_generated.cpp,6681,29,generator_specific,0,0,0,,,,0,12.402,cxx_add_to_sub:/mnt/scratch1/ardi/dsl_mut/HM-armc/mutation/lowered-cpp/lens_blur/lens_blur.halide_generated.cpp:6681:29,0,0
lens_blur,cxx_default_on_emitted_cpp,5eb72c8d,0,16,cxx_add_to_sub,lens_blur.halide_generated.cpp,5153,24,generator_specific,0,0,0,,,,0,12.447,cxx_add_to_sub:/mnt/scratch1/ardi/dsl_mut/HM-armc/mutation/lowered-cpp/lens_blur/lens_blur.halide_generated.cpp:5153:24,0,0
lens_blur,cxx_default_on_emitted_cpp,5eb72c8d,0,16,cxx_add_to_sub,lens_blur.halide_generated.cpp,11355,38,generator_specific,0,0,1,,,test2_golden,0,12.368,cxx_add_to_sub:/mnt/scratch1/ardi/dsl_mut/HM-armc/mutation/lowered-cpp/lens_blur/lens_blur.halide_generated.cpp:11355:38,0,0
lens_blur,cxx_default_on_emitted_cpp,5eb72c8d,0,16,cxx_add_to_sub,lens_blur.halide_generated.cpp,10864,38,generator_specific,0,0,0,,,,0,12.347,cxx_add_to_sub:/mnt/scratch1/ardi/dsl_mut/HM-armc/mutation/lowered-cpp/lens_blur/lens_blur.halide_generated.cpp:10864:38,0,0
lens_blur,cxx_default_on_emitted_cpp,5eb72c8d,0,16,cxx_add_to_sub,lens_blur.halide_generated.cpp,10162,35,generator_specific,0,0,0,,,,0,12.441,cxx_add_to_sub:/mnt/scratch1/ardi/dsl_mut/HM-armc/mutation/lowered-cpp/lens_blur/lens_blur.halide_generated.cpp:10162:35,0,0
lens_blur,cxx_default_on_emitted_cpp,5eb72c8d,0,16,cxx_add_to_sub,lens_blur.halide_generated.cpp,11039,37,generator_specific,0,0,0,,,,0,12.752,cxx_add_to_sub:/mnt/scratch1/ardi/dsl_mut/HM-armc/mutation/lowered-cpp/lens_blur/lens_blur.halide_generated.cpp:11039:37,0,0
lens_blur,cxx_default_on_emitted_cpp,5eb72c8d,0,16,cxx_add_to_sub,lens_blur.halide_generated.cpp,14388,28,generator_specific,0,0,0,,,,0,12.713,cxx_add_to_sub:/mnt/scratch1/ardi/dsl_mut/HM-armc/mutation/lowered-cpp/lens_blur/lens_blur.halide_generated.cpp:14388:28,0,0
lens_blur,cxx_default_on_emitted_cpp,5eb72c8d,0,16,cxx_add_to_sub,lens_blur.halide_generated.cpp,4074,25,generator_specific,0,0,0,,,,0,12.749,cxx_add_to_sub:/mnt/scratch1/ardi/dsl_mut/HM-armc/mutation/lowered-cpp/lens_blur/lens_blur.halide_generated.cpp:4074:25,0,0
lens_blur,cxx_default_on_emitted_cpp,5eb72c8d,0,16,cxx_add_to_sub,lens_blur.halide_generated.cpp,9093,34,generator_specific,0,0,0,,,,0,12.780,cxx_add_to_sub:/mnt/scratch1/ardi/dsl_mut/HM-armc/mutation/lowered-cpp/lens_blur/lens_blur.halide_generated.cpp:9093:34,0,0
lens_blur,cxx_default_on_emitted_cpp,5eb72c8d,0,16,cxx_le_to_lt,lens_blur.halide_generated.cpp,4040,19,generator_specific,0,0,0,,,,0,12.510,cxx_le_to_lt:/mnt/scratch1/ardi/dsl_mut/HM-armc/mutation/lowered-cpp/lens_blur/lens_blur.halide_generated.cpp:4040:19,0,0
lens_blur,cxx_default_on_emitted_cpp,5eb72c8d,0,16,cxx_sub_to_add,lens_blur.halide_generated.cpp,7921,32,generator_specific,0,0,0,,,,0,12.849,cxx_sub_to_add:/mnt/scratch1/ardi/dsl_mut/HM-armc/mutation/lowered-cpp/lens_blur/lens_blur.halide_generated.cpp:7921:32,0,0
lens_blur,cxx_default_on_emitted_cpp,5eb72c8d,0,16,cxx_add_to_sub,lens_blur.halide_generated.cpp,8063,32,generator_specific,0,0,0,,,,0,12.998,cxx_add_to_sub:/mnt/scratch1/ardi/dsl_mut/HM-armc/mutation/lowered-cpp/lens_blur/lens_blur.halide_generated.cpp:8063:32,0,0
lens_blur,cxx_default_on_emitted_cpp,5eb72c8d,0,16,cxx_add_to_sub,lens_blur.halide_generated.cpp,7216,28,generator_specific,0,0,0,,,,0,13.026,cxx_add_to_sub:/mnt/scratch1/ardi/dsl_mut/HM-armc/mutation/lowered-cpp/lens_blur/lens_blur.halide_generated.cpp:7216:28,0,0
lens_blur,cxx_default_on_emitted_cpp,5eb72c8d,0,16,cxx_lt_to_le,lens_blur.halide_generated.cpp,6307,79,generator_specific,0,0,0,,,,0,12.901,cxx_lt_to_le:/mnt/scratch1/ardi/dsl_mut/HM-armc/mutation/lowered-cpp/lens_blur/lens_blur.halide_generated.cpp:6307:79,0,0
lens_blur,cxx_default_on_emitted_cpp,5eb72c8d,0,16,cxx_add_to_sub,lens_blur.halide_generated.cpp,7983,34,generator_specific,0,0,0,,,,0,13.176,cxx_add_to_sub:/mnt/scratch1/ardi/dsl_mut/HM-armc/mutation/lowered-cpp/lens_blur/lens_blur.halide_generated.cpp:7983:34,0,0
lens_blur,cxx_default_on_emitted_cpp,5eb72c8d,0,16,cxx_add_to_sub,lens_blur.halide_generated.cpp,10543,38,generator_specific,0,0,0,,,,0,13.192,cxx_add_to_sub:/mnt/scratch1/ardi/dsl_mut/HM-armc/mutation/lowered-cpp/lens_blur/lens_blur.halide_generated.cpp:10543:38,0,0
lens_blur,cxx_default_on_emitted_cpp,5eb72c8d,0,16,cxx_add_to_sub,lens_blur.halide_generated.cpp,6655,28,generator_specific,0,0,0,,,,0,12.696,cxx_add_to_sub:/mnt/scratch1/ardi/dsl_mut/HM-armc/mutation/lowered-cpp/lens_blur/lens_blur.halide_generated.cpp:6655:28,0,0
lens_blur,cxx_default_on_emitted_cpp,5eb72c8d,0,16,cxx_add_to_sub,lens_blur.halide_generated.cpp,10506,37,generator_specific,0,0,1,,,test2_golden,0,12.567,cxx_add_to_sub:/mnt/scratch1/ardi/dsl_mut/HM-armc/mutation/lowered-cpp/lens_blur/lens_blur.halide_generated.cpp:10506:37,0,0
lens_blur,cxx_default_on_emitted_cpp,5eb72c8d,0,16,cxx_sub_to_add,lens_blur.halide_generated.cpp,7049,28,generator_specific,-6,1,,,,test1_demo,0,0.223,cxx_sub_to_add:/mnt/scratch1/ardi/dsl_mut/HM-armc/mutation/lowered-cpp/lens_blur/lens_blur.halide_generated.cpp:7049:28,0,1
lens_blur,cxx_default_on_emitted_cpp,5eb72c8d,0,16,cxx_add_to_sub,lens_blur.halide_generated.cpp,8411,33,generator_specific,0,0,0,,,,0,12.721,cxx_add_to_sub:/mnt/scratch1/ardi/dsl_mut/HM-armc/mutation/lowered-cpp/lens_blur/lens_blur.halide_generated.cpp:8411:33,0,0
lens_blur,cxx_default_on_emitted_cpp,5eb72c8d,0,16,cxx_sub_to_add,lens_blur.halide_generated.cpp,12667,24,generator_specific,0,0,0,,,,0,13.805,cxx_sub_to_add:/mnt/scratch1/ardi/dsl_mut/HM-armc/mutation/lowered-cpp/lens_blur/lens_blur.halide_generated.cpp:12667:24,0,0
lens_blur,cxx_default_on_emitted_cpp,5eb72c8d,0,16,cxx_add_to_sub,lens_blur.halide_generated.cpp,6876,32,generator_specific,0,0,0,,,,0,13.834,cxx_add_to_sub:/mnt/scratch1/ardi/dsl_mut/HM-armc/mutation/lowered-cpp/lens_blur/lens_blur.halide_generated.cpp:6876:32,0,0
lens_blur,cxx_default_on_emitted_cpp,5eb72c8d,0,16,cxx_sub_to_add,lens_blur.halide_generated.cpp,9782,35,generator_specific,0,0,0,,,,0,13.865,cxx_sub_to_add:/mnt/scratch1/ardi/dsl_mut/HM-armc/mutation/lowered-cpp/lens_blur/lens_blur.halide_generated.cpp:9782:35,0,0
lens_blur,cxx_default_on_emitted_cpp,5eb72c8d,0,16,cxx_le_to_gt,lens_blur.halide_generated.cpp,13225,22,generator_specific,-6,1,,,,test1_demo,0,0.023,cxx_le_to_gt:/mnt/scratch1/ardi/dsl_mut/HM-armc/mutation/lowered-cpp/lens_blur/lens_blur.halide_generated.cpp:13225:22,0,1
lens_blur,cxx_default_on_emitted_cpp,5eb72c8d,0,16,cxx_sub_to_add,lens_blur.halide_generated.cpp,11680,28,generator_specific,0,0,0,,,,0,13.918,cxx_sub_to_add:/mnt/scratch1/ardi/dsl_mut/HM-armc/mutation/lowered-cpp/lens_blur/lens_blur.halide_generated.cpp:11680:28,0,0
lens_blur,cxx_default_on_emitted_cpp,5eb72c8d,0,16,cxx_add_to_sub,lens_blur.halide_generated.cpp,3693,23,generator_specific,0,0,0,,,,0,13.922,cxx_add_to_sub:/mnt/scratch1/ardi/dsl_mut/HM-armc/mutation/lowered-cpp/lens_blur/lens_blur.halide_generated.cpp:3693:23,0,0
lens_blur,cxx_default_on_emitted_cpp,5eb72c8d,0,16,cxx_add_to_sub,lens_blur.halide_generated.cpp,7895,30,generator_specific,0,0,0,,,,0,13.959,cxx_add_to_sub:/mnt/scratch1/ardi/dsl_mut/HM-armc/mutation/lowered-cpp/lens_blur/lens_blur.halide_generated.cpp:7895:30,0,0
lens_blur,cxx_default_on_emitted_cpp,5eb72c8d,0,16,cxx_add_to_sub,lens_blur.halide_generated.cpp,6484,28,generator_specific,0,0,0,,,,0,14.009,cxx_add_to_sub:/mnt/scratch1/ardi/dsl_mut/HM-armc/mutation/lowered-cpp/lens_blur/lens_blur.halide_generated.cpp:6484:28,0,0
lens_blur,cxx_default_on_emitted_cpp,5eb72c8d,0,16,cxx_add_to_sub,lens_blur.halide_generated.cpp,4804,31,generator_specific,0,0,0,,,,0,14.026,cxx_add_to_sub:/mnt/scratch1/ardi/dsl_mut/HM-armc/mutation/lowered-cpp/lens_blur/lens_blur.halide_generated.cpp:4804:31,0,0
lens_blur,cxx_default_on_emitted_cpp,5eb72c8d,0,16,cxx_add_to_sub,lens_blur.halide_generated.cpp,9595,35,generator_specific,0,0,0,,,,0,14.046,cxx_add_to_sub:/mnt/scratch1/ardi/dsl_mut/HM-armc/mutation/lowered-cpp/lens_blur/lens_blur.halide_generated.cpp:9595:35,0,0
lens_blur,cxx_default_on_emitted_cpp,5eb72c8d,0,16,cxx_sub_to_add,lens_blur.halide_generated.cpp,11470,25,generator_specific,0,0,0,,,,0,14.042,cxx_sub_to_add:/mnt/scratch1/ardi/dsl_mut/HM-armc/mutation/lowered-cpp/lens_blur/lens_blur.halide_generated.cpp:11470:25,0,0
lens_blur,cxx_default_on_emitted_cpp,5eb72c8d,0,16,cxx_add_to_sub,lens_blur.halide_generated.cpp,8259,35,generator_specific,0,0,0,,,,0,14.060,cxx_add_to_sub:/mnt/scratch1/ardi/dsl_mut/HM-armc/mutation/lowered-cpp/lens_blur/lens_blur.halide_generated.cpp:8259:35,0,0
lens_blur,cxx_default_on_emitted_cpp,5eb72c8d,0,16,cxx_add_to_sub,lens_blur.halide_generated.cpp,3844,21,generator_specific,-11,1,,,,test1_demo,0,0.014,cxx_add_to_sub:/mnt/scratch1/ardi/dsl_mut/HM-armc/mutation/lowered-cpp/lens_blur/lens_blur.halide_generated.cpp:3844:21,0,1
lens_blur,cxx_default_on_emitted_cpp,5eb72c8d,0,16,cxx_replace_scalar_call,lens_blur.halide_generated.cpp,13385,19,generator_specific,0,0,0,,,,0,14.085,cxx_replace_scalar_call:/mnt/scratch1/ardi/dsl_mut/HM-armc/mutation/lowered-cpp/lens_blur/lens_blur.halide_generated.cpp:13385:19,0,0
lens_blur,cxx_default_on_emitted_cpp,5eb72c8d,0,16,cxx_replace_scalar_call,lens_blur.halide_generated.cpp,12446,18,generator_specific,0,0,0,,,,0,14.197,cxx_replace_scalar_call:/mnt/scratch1/ardi/dsl_mut/HM-armc/mutation/lowered-cpp/lens_blur/lens_blur.halide_generated.cpp:12446:18,0,0
lens_blur,cxx_default_on_emitted_cpp,5eb72c8d,0,16,cxx_add_to_sub,lens_blur.halide_generated.cpp,11709,31,generator_specific,-11,1,,,,test1_demo,0,0.389,cxx_add_to_sub:/mnt/scratch1/ardi/dsl_mut/HM-armc/mutation/lowered-cpp/lens_blur/lens_blur.halide_generated.cpp:11709:31,0,1
lens_blur,cxx_default_on_emitted_cpp,5eb72c8d,0,16,cxx_add_to_sub,lens_blur.halide_generated.cpp,13574,26,generator_specific,0,0,0,,,,0,14.289,cxx_add_to_sub:/mnt/scratch1/ardi/dsl_mut/HM-armc/mutation/lowered-cpp/lens_blur/lens_blur.halide_generated.cpp:13574:26,0,0
lens_blur,cxx_default_on_emitted_cpp,5eb72c8d,0,16,cxx_add_to_sub,lens_blur.halide_generated.cpp,7473,30,generator_specific,0,0,0,,,,0,14.294,cxx_add_to_sub:/mnt/scratch1/ardi/dsl_mut/HM-armc/mutation/lowered-cpp/lens_blur/lens_blur.halide_generated.cpp:7473:30,0,0
lens_blur,cxx_default_on_emitted_cpp,5eb72c8d,0,16,cxx_add_to_sub,lens_blur.halide_generated.cpp,10925,38,generator_specific,0,0,0,,,,0,14.289,cxx_add_to_sub:/mnt/scratch1/ardi/dsl_mut/HM-armc/mutation/lowered-cpp/lens_blur/lens_blur.halide_generated.cpp:10925:38,0,0
lens_blur,cxx_default_on_emitted_cpp,5eb72c8d,0,16,cxx_mul_to_div,lens_blur.halide_generated.cpp,8825,32,generator_specific,0,0,0,,,,0,14.340,cxx_mul_to_div:/mnt/scratch1/ardi/dsl_mut/HM-armc/mutation/lowered-cpp/lens_blur/lens_blur.halide_generated.cpp:8825:32,0,0
lens_blur,cxx_default_on_emitted_cpp,5eb72c8d,0,16,cxx_mul_to_div,lens_blur.halide_generated.cpp,5137,24,generator_specific,0,0,0,,,,0,14.395,cxx_mul_to_div:/mnt/scratch1/ardi/dsl_mut/HM-armc/mutation/lowered-cpp/lens_blur/lens_blur.halide_generated.cpp:5137:24,0,0
lens_blur,cxx_default_on_emitted_cpp,5eb72c8d,0,16,cxx_add_to_sub,lens_blur.halide_generated.cpp,11107,39,generator_specific,0,0,0,,,,0,14.455,cxx_add_to_sub:/mnt/scratch1/ardi/dsl_mut/HM-armc/mutation/lowered-cpp/lens_blur/lens_blur.halide_generated.cpp:11107:39,0,0
lens_blur,cxx_default_on_emitted_cpp,5eb72c8d,0,16,cxx_mul_to_div,lens_blur.halide_generated.cpp,10526,37,generator_specific,0,0,0,,,,0,14.504,cxx_mul_to_div:/mnt/scratch1/ardi/dsl_mut/HM-armc/mutation/lowered-cpp/lens_blur/lens_blur.halide_generated.cpp:10526:37,0,0
lens_blur,cxx_default_on_emitted_cpp,5eb72c8d,0,16,cxx_mul_to_div,lens_blur.halide_generated.cpp,11536,42,generator_specific,0,0,0,,,,0,14.516,cxx_mul_to_div:/mnt/scratch1/ardi/dsl_mut/HM-armc/mutation/lowered-cpp/lens_blur/lens_blur.halide_generated.cpp:11536:42,0,0
lens_blur,cxx_default_on_emitted_cpp,5eb72c8d,0,16,cxx_add_to_sub,lens_blur.halide_generated.cpp,9571,59,generator_specific,0,0,1,,,test2_golden,0,14.525,cxx_add_to_sub:/mnt/scratch1/ardi/dsl_mut/HM-armc/mutation/lowered-cpp/lens_blur/lens_blur.halide_generated.cpp:9571:59,0,0
lens_blur,cxx_default_on_emitted_cpp,5eb72c8d,0,16,cxx_add_to_sub,lens_blur.halide_generated.cpp,10247,35,generator_specific,0,0,0,,,,0,14.553,cxx_add_to_sub:/mnt/scratch1/ardi/dsl_mut/HM-armc/mutation/lowered-cpp/lens_blur/lens_blur.halide_generated.cpp:10247:35,0,0
lens_blur,cxx_default_on_emitted_cpp,5eb72c8d,0,16,cxx_add_to_sub,lens_blur.halide_generated.cpp,9379,35,generator_specific,0,0,1,,,test2_golden,0,14.620,cxx_add_to_sub:/mnt/scratch1/ardi/dsl_mut/HM-armc/mutation/lowered-cpp/lens_blur/lens_blur.halide_generated.cpp:9379:35,0,0
lens_blur,cxx_default_on_emitted_cpp,5eb72c8d,0,16,cxx_replace_scalar_call,lens_blur.halide_generated.cpp,3854,19,generator_specific,0,0,1,,,test2_golden,0,14.396,cxx_replace_scalar_call:/mnt/scratch1/ardi/dsl_mut/HM-armc/mutation/lowered-cpp/lens_blur/lens_blur.halide_generated.cpp:3854:19,0,0
lens_blur,cxx_default_on_emitted_cpp,5eb72c8d,0,16,cxx_add_to_sub,lens_blur.halide_generated.cpp,9586,35,generator_specific,0,0,0,,,,0,14.608,cxx_add_to_sub:/mnt/scratch1/ardi/dsl_mut/HM-armc/mutation/lowered-cpp/lens_blur/lens_blur.halide_generated.cpp:9586:35,0,0
lens_blur,cxx_default_on_emitted_cpp,5eb72c8d,0,16,cxx_sub_to_add,lens_blur.halide_generated.cpp,8176,31,generator_specific,-6,1,,,,test1_demo,0,0.368,cxx_sub_to_add:/mnt/scratch1/ardi/dsl_mut/HM-armc/mutation/lowered-cpp/lens_blur/lens_blur.halide_generated.cpp:8176:31,0,1
lens_blur,cxx_default_on_emitted_cpp,5eb72c8d,0,16,cxx_lt_to_ge,lens_blur.halide_generated.cpp,3686,46,generator_specific,0,0,1,,,test2_golden,0,14.454,cxx_lt_to_ge:/mnt/scratch1/ardi/dsl_mut/HM-armc/mutation/lowered-cpp/lens_blur/lens_blur.halide_generated.cpp:3686:46,0,0
lens_blur,cxx_default_on_emitted_cpp,5eb72c8d,0,16,cxx_add_to_sub,lens_blur.halide_generated.cpp,7599,33,generator_specific,0,0,0,,,,0,14.484,cxx_add_to_sub:/mnt/scratch1/ardi/dsl_mut/HM-armc/mutation/lowered-cpp/lens_blur/lens_blur.halide_generated.cpp:7599:33,0,0
lens_blur,cxx_default_on_emitted_cpp,5eb72c8d,0,16,cxx_add_to_sub,lens_blur.halide_generated.cpp,4437,28,generator_specific,-11,1,,,,test1_demo,0,0.025,cxx_add_to_sub:/mnt/scratch1/ardi/dsl_mut/HM-armc/mutation/lowered-cpp/lens_blur/lens_blur.halide_generated.cpp:4437:28,0,1
lens_blur,cxx_default_on_emitted_cpp,5eb72c8d,0,16,cxx_add_to_sub,lens_blur.halide_generated.cpp,13902,27,generator_specific,0,0,0,,,,0,14.768,cxx_add_to_sub:/mnt/scratch1/ardi/dsl_mut/HM-armc/mutation/lowered-cpp/lens_blur/lens_blur.halide_generated.cpp:13902:27,0,0
lens_blur,cxx_default_on_emitted_cpp,5eb72c8d,0,16,cxx_add_to_sub,lens_blur.halide_generated.cpp,6639,31,generator_specific,0,0,0,,,,0,14.784,cxx_add_to_sub:/mnt/scratch1/ardi/dsl_mut/HM-armc/mutation/lowered-cpp/lens_blur/lens_blur.halide_generated.cpp:6639:31,0,0
lens_blur,cxx_default_on_emitted_cpp,5eb72c8d,0,16,cxx_sub_to_add,lens_blur.halide_generated.cpp,7779,31,generator_specific,0,0,0,,,,0,14.784,cxx_sub_to_add:/mnt/scratch1/ardi/dsl_mut/HM-armc/mutation/lowered-cpp/lens_blur/lens_blur.halide_generated.cpp:7779:31,0,0
lens_blur,cxx_default_on_emitted_cpp,5eb72c8d,0,16,cxx_add_to_sub,lens_blur.halide_generated.cpp,9276,33,generator_specific,0,0,0,,,,0,14.860,cxx_add_to_sub:/mnt/scratch1/ardi/dsl_mut/HM-armc/mutation/lowered-cpp/lens_blur/lens_blur.halide_generated.cpp:9276:33,0,0
lens_blur,cxx_default_on_emitted_cpp,5eb72c8d,0,16,cxx_add_to_sub,lens_blur.halide_generated.cpp,6758,28,generator_specific,-6,1,,,,test1_demo,0,0.280,cxx_add_to_sub:/mnt/scratch1/ardi/dsl_mut/HM-armc/mutation/lowered-cpp/lens_blur/lens_blur.halide_generated.cpp:6758:28,0,1
lens_blur,cxx_default_on_emitted_cpp,5eb72c8d,0,16,cxx_mul_to_div,lens_blur.halide_generated.cpp,7606,30,generator_specific,0,0,0,,,,0,14.972,cxx_mul_to_div:/mnt/scratch1/ardi/dsl_mut/HM-armc/mutation/lowered-cpp/lens_blur/lens_blur.halide_generated.cpp:7606:30,0,0
lens_blur,cxx_default_on_emitted_cpp,5eb72c8d,0,16,cxx_lt_to_le,lens_blur.halide_generated.cpp,12065,42,generator_specific,0,0,0,,,,0,14.458,cxx_lt_to_le:/mnt/scratch1/ardi/dsl_mut/HM-armc/mutation/lowered-cpp/lens_blur/lens_blur.halide_generated.cpp:12065:42,0,0
lens_blur,cxx_default_on_emitted_cpp,5eb72c8d,0,16,cxx_remove_void_call,lens_blur.halide_generated.cpp,4692,7,generator_specific,0,0,0,,,,0,13.964,cxx_remove_void_call:/mnt/scratch1/ardi/dsl_mut/HM-armc/mutation/lowered-cpp/lens_blur/lens_blur.halide_generated.cpp:4692:7,0,0
lens_blur,cxx_default_on_emitted_cpp,5eb72c8d,0,16,cxx_add_to_sub,lens_blur.halide_generated.cpp,9975,37,generator_specific,0,0,1,,,test2_golden,0,13.856,cxx_add_to_sub:/mnt/scratch1/ardi/dsl_mut/HM-armc/mutation/lowered-cpp/lens_blur/lens_blur.halide_generated.cpp:9975:37,0,0
lens_blur,cxx_default_on_emitted_cpp,5eb72c8d,0,16,cxx_add_to_sub,lens_blur.halide_generated.cpp,8070,32,generator_specific,0,0,0,,,,0,14.428,cxx_add_to_sub:/mnt/scratch1/ardi/dsl_mut/HM-armc/mutation/lowered-cpp/lens_blur/lens_blur.halide_generated.cpp:8070:32,0,0
lens_blur,cxx_default_on_emitted_cpp,5eb72c8d,0,16,cxx_mul_to_div,lens_blur.halide_generated.cpp,4613,40,generator_specific,0,0,1,,,test2_golden,0,13.775,cxx_mul_to_div:/mnt/scratch1/ardi/dsl_mut/HM-armc/mutation/lowered-cpp/lens_blur/lens_blur.halide_generated.cpp:4613:40,0,0
lens_blur,cxx_default_on_emitted_cpp,5eb72c8d,0,16,cxx_add_to_sub,lens_blur.halide_generated.cpp,6435,28,generator_specific,0,0,0,,,,0,13.755,cxx_add_to_sub:/mnt/scratch1/ardi/dsl_mut/HM-armc/mutation/lowered-cpp/lens_blur/lens_blur.halide_generated.cpp:6435:28,0,0
lens_blur,cxx_default_on_emitted_cpp,5eb72c8d,0,16,cxx_mul_to_div,lens_blur.halide_generated.cpp,8922,34,generator_specific,0,0,0,,,,0,14.316,cxx_mul_to_div:/mnt/scratch1/ardi/dsl_mut/HM-armc/mutation/lowered-cpp/lens_blur/lens_blur.halide_generated.cpp:8922:34,0,0
lens_blur,cxx_default_on_emitted_cpp,5eb72c8d,0,16,cxx_sub_to_add,lens_blur.halide_generated.cpp,8931,34,generator_specific,0,0,0,,,,0,13.699,cxx_sub_to_add:/mnt/scratch1/ardi/dsl_mut/HM-armc/mutation/lowered-cpp/lens_blur/lens_blur.halide_generated.cpp:8931:34,0,0
lens_blur,cxx_default_on_emitted_cpp,5eb72c8d,0,16,cxx_ne_to_eq,lens_blur.halide_generated.cpp,13885,16,generator_specific,-6,1,,,,test1_demo,0,0.032,cxx_ne_to_eq:/mnt/scratch1/ardi/dsl_mut/HM-armc/mutation/lowered-cpp/lens_blur/lens_blur.halide_generated.cpp:13885:16,0,1
lens_blur,cxx_default_on_emitted_cpp,5eb72c8d,0,16,cxx_le_to_gt,lens_blur.halide_generated.cpp,12895,22,generator_specific,0,0,1,,,test2_golden,0,0.039,cxx_le_to_gt:/mnt/scratch1/ardi/dsl_mut/HM-armc/mutation/lowered-cpp/lens_blur/lens_blur.halide_generated.cpp:12895:22,0,0
lens_blur,cxx_default_on_emitted_cpp,5eb72c8d,0,16,cxx_gt_to_ge,lens_blur.halide_generated.cpp,6760,29,generator_specific,0,0,0,,,,0,14.366,cxx_gt_to_ge:/mnt/scratch1/ardi/dsl_mut/HM-armc/mutation/lowered-cpp/lens_blur/lens_blur.halide_generated.cpp:6760:29,0,0
lens_blur,cxx_default_on_emitted_cpp,5eb72c8d,0,16,cxx_div_to_mul,lens_blur.halide_generated.cpp,4625,29,generator_specific,0,0,0,,,,0,14.451,cxx_div_to_mul:/mnt/scratch1/ardi/dsl_mut/HM-armc/mutation/lowered-cpp/lens_blur/lens_blur.halide_generated.cpp:4625:29,0,0
lens_blur,cxx_default_on_emitted_cpp,5eb72c8d,0,16,cxx_mul_to_div,lens_blur.halide_generated.cpp,7471,30,generator_specific,0,0,0,,,,0,14.459,cxx_mul_to_div:/mnt/scratch1/ardi/dsl_mut/HM-armc/mutation/lowered-cpp/lens_blur/lens_blur.halide_generated.cpp:7471:30,0,0
lens_blur,cxx_default_on_emitted_cpp,5eb72c8d,0,16,cxx_add_to_sub,lens_blur.halide_generated.cpp,12861,26,generator_specific,0,0,0,,,,0,13.976,cxx_add_to_sub:/mnt/scratch1/ardi/dsl_mut/HM-armc/mutation/lowered-cpp/lens_blur/lens_blur.halide_generated.cpp:12861:26,0,0
lens_blur,cxx_default_on_emitted_cpp,5eb72c8d,0,16,cxx_sub_to_add,lens_blur.halide_generated.cpp,9327,34,generator_specific,0,0,0,,,,0,14.997,cxx_sub_to_add:/mnt/scratch1/ardi/dsl_mut/HM-armc/mutation/lowered-cpp/lens_blur/lens_blur.halide_generated.cpp:9327:34,0,0
lens_blur,cxx_default_on_emitted_cpp,5eb72c8d,0,16,cxx_add_to_sub,lens_blur.halide_generated.cpp,5852,28,generator_specific,0,0,0,,,,0,14.914,cxx_add_to_sub:/mnt/scratch1/ardi/dsl_mut/HM-armc/mutation/lowered-cpp/lens_blur/lens_blur.halide_generated.cpp:5852:28,0,0
lens_blur,cxx_default_on_emitted_cpp,5eb72c8d,0,16,cxx_replace_scalar_call,lens_blur.halide_generated.cpp,12510,18,generator_specific,0,0,0,,,,0,14.375,cxx_replace_scalar_call:/mnt/scratch1/ardi/dsl_mut/HM-armc/mutation/lowered-cpp/lens_blur/lens_blur.halide_generated.cpp:12510:18,0,0
lens_blur,cxx_default_on_emitted_cpp,5eb72c8d,0,16,cxx_add_to_sub,lens_blur.halide_generated.cpp,9468,36,generator_specific,0,0,1,,,test2_golden,0,14.306,cxx_add_to_sub:/mnt/scratch1/ardi/dsl_mut/HM-armc/mutation/lowered-cpp/lens_blur/lens_blur.halide_generated.cpp:9468:36,0,0
lens_blur,cxx_default_on_emitted_cpp,5eb72c8d,0,16,cxx_add_to_sub,lens_blur.halide_generated.cpp,13651,26,generator_specific,0,0,0,,,,0,14.743,cxx_add_to_sub:/mnt/scratch1/ardi/dsl_mut/HM-armc/mutation/lowered-cpp/lens_blur/lens_blur.halide_generated.cpp:13651:26,0,0
lens_blur,cxx_default_on_emitted_cpp,5eb72c8d,0,16,cxx_gt_to_ge,lens_blur.halide_generated.cpp,7740,31,generator_specific,0,0,0,,,,0,14.427,cxx_gt_to_ge:/mnt/scratch1/ardi/dsl_mut/HM-armc/mutation/lowered-cpp/lens_blur/lens_blur.halide_generated.cpp:7740:31,0,0
lens_blur,cxx_default_on_emitted_cpp,5eb72c8d,0,16,cxx_add_to_sub,lens_blur.halide_generated.cpp,12321,34,generator_specific,-11,1,,,,test1_demo,0,1.186,cxx_add_to_sub:/mnt/scratch1/ardi/dsl_mut/HM-armc/mutation/lowered-cpp/lens_blur/lens_blur.halide_generated.cpp:12321:34,0,1
lens_blur,cxx_default_on_emitted_cpp,5eb72c8d,0,16,cxx_mul_to_div,lens_blur.halide_generated.cpp,9553,35,generator_specific,0,0,1,,,test2_golden,0,14.219,cxx_mul_to_div:/mnt/scratch1/ardi/dsl_mut/HM-armc/mutation/lowered-cpp/lens_blur/lens_blur.halide_generated.cpp:9553:35,0,0
lens_blur,cxx_default_on_emitted_cpp,5eb72c8d,0,16,cxx_mul_to_div,lens_blur.halide_generated.cpp,7028,29,generator_specific,0,0,0,,,,0,14.509,cxx_mul_to_div:/mnt/scratch1/ardi/dsl_mut/HM-armc/mutation/lowered-cpp/lens_blur/lens_blur.halide_generated.cpp:7028:29,0,0
lens_blur,cxx_default_on_emitted_cpp,5eb72c8d,0,16,cxx_le_to_lt,lens_blur.halide_generated.cpp,13198,22,generator_specific,0,0,0,,,,0,13.685,cxx_le_to_lt:/mnt/scratch1/ardi/dsl_mut/HM-armc/mutation/lowered-cpp/lens_blur/lens_blur.halide_generated.cpp:13198:22,0,0
lens_blur,cxx_default_on_emitted_cpp,5eb72c8d,0,16,cxx_mul_to_div,lens_blur.halide_generated.cpp,11182,38,generator_specific,0,0,0,,,,0,13.845,cxx_mul_to_div:/mnt/scratch1/ardi/dsl_mut/HM-armc/mutation/lowered-cpp/lens_blur/lens_blur.halide_generated.cpp:11182:38,0,0
lens_blur,cxx_default_on_emitted_cpp,5eb72c8d,0,16,cxx_add_to_sub,lens_blur.halide_generated.cpp,9640,36,generator_specific,0,0,0,,,,0,14.024,cxx_add_to_sub:/mnt/scratch1/ardi/dsl_mut/HM-armc/mutation/lowered-cpp/lens_blur/lens_blur.halide_generated.cpp:9640:36,0,0
lens_blur,cxx_default_on_emitted_cpp,5eb72c8d,0,16,cxx_add_to_sub,lens_blur.halide_generated.cpp,11748,29,generator_specific,0,0,0,,,,0,13.810,cxx_add_to_sub:/mnt/scratch1/ardi/dsl_mut/HM-armc/mutation/lowered-cpp/lens_blur/lens_blur.halide_generated.cpp:11748:29,0,0
lens_blur,cxx_default_on_emitted_cpp,5eb72c8d,0,16,cxx_add_to_sub,lens_blur.halide_generated.cpp,5415,29,generator_specific,-11,1,,,,test1_demo,0,0.288,cxx_add_to_sub:/mnt/scratch1/ardi/dsl_mut/HM-armc/mutation/lowered-cpp/lens_blur/lens_blur.halide_generated.cpp:5415:29,0,1
lens_blur,cxx_default_on_emitted_cpp,5eb72c8d,0,16,cxx_mul_to_div,lens_blur.halide_generated.cpp,11238,38,generator_specific,0,0,1,,,test2_golden,0,13.786,cxx_mul_to_div:/mnt/scratch1/ardi/dsl_mut/HM-armc/mutation/lowered-cpp/lens_blur/lens_blur.halide_generated.cpp:11238:38,0,0
lens_blur,cxx_default_on_emitted_cpp,5eb72c8d,0,16,cxx_add_to_sub,lens_blur.halide_generated.cpp,7641,33,generator_specific,0,0,0,,,,0,14.197,cxx_add_to_sub:/mnt/scratch1/ardi/dsl_mut/HM-armc/mutation/lowered-cpp/lens_blur/lens_blur.halide_generated.cpp:7641:33,0,0
lens_blur,cxx_default_on_emitted_cpp,5eb72c8d,0,16,cxx_mul_to_div,lens_blur.halide_generated.cpp,4582,32,generator_specific,0,0,1,,,test2_golden,0,14.073,cxx_mul_to_div:/mnt/scratch1/ardi/dsl_mut/HM-armc/mutation/lowered-cpp/lens_blur/lens_blur.halide_generated.cpp:4582:32,0,0
lens_blur,cxx_default_on_emitted_cpp,5eb72c8d,0,16,cxx_add_to_sub,lens_blur.halide_generated.cpp,4807,27,generator_specific,0,0,1,,,test2_golden,0,13.886,cxx_add_to_sub:/mnt/scratch1/ardi/dsl_mut/HM-armc/mutation/lowered-cpp/lens_blur/lens_blur.halide_generated.cpp:4807:27,0,0
lens_blur,cxx_default_on_emitted_cpp,5eb72c8d,0,16,cxx_add_to_sub,lens_blur.halide_generated.cpp,7978,32,generator_specific,0,0,0,,,,0,14.176,cxx_add_to_sub:/mnt/scratch1/ardi/dsl_mut/HM-armc/mutation/lowered-cpp/lens_blur/lens_blur.halide_generated.cpp:7978:32,0,0
lens_blur,cxx_default_on_emitted_cpp,5eb72c8d,0,16,cxx_remove_void_call,lens_blur.halide_generated.cpp,4886,2,generator_specific,0,0,0,,,,0,14.327,cxx_remove_void_call:/mnt/scratch1/ardi/dsl_mut/HM-armc/mutation/lowered-cpp/lens_blur/lens_blur.halide_generated.cpp:4886:2,0,0
lens_blur,cxx_default_on_emitted_cpp,5eb72c8d,0,16,cxx_add_to_sub,lens_blur.halide_generated.cpp,7013,32,generator_specific,0,0,0,,,,0,13.960,cxx_add_to_sub:/mnt/scratch1/ardi/dsl_mut/HM-armc/mutation/lowered-cpp/lens_blur/lens_blur.halide_generated.cpp:7013:32,0,0
lens_blur,cxx_default_on_emitted_cpp,5eb72c8d,0,16,cxx_add_to_sub,lens_blur.halide_generated.cpp,9881,37,generator_specific,0,0,1,,,test2_golden,0,14.281,cxx_add_to_sub:/mnt/scratch1/ardi/dsl_mut/HM-armc/mutation/lowered-cpp/lens_blur/lens_blur.halide_generated.cpp:9881:37,0,0
lens_blur,cxx_default_on_emitted_cpp,5eb72c8d,0,16,cxx_add_to_sub,lens_blur.halide_generated.cpp,5410,26,generator_specific,0,0,1,,,test2_golden,0,14.310,cxx_add_to_sub:/mnt/scratch1/ardi/dsl_mut/HM-armc/mutation/lowered-cpp/lens_blur/lens_blur.halide_generated.cpp:5410:26,0,0
lens_blur,cxx_default_on_emitted_cpp,5eb72c8d,0,16,cxx_add_to_sub,lens_blur.halide_generated.cpp,6479,28,generator_specific,0,0,0,,,,0,13.931,cxx_add_to_sub:/mnt/scratch1/ardi/dsl_mut/HM-armc/mutation/lowered-cpp/lens_blur/lens_blur.halide_generated.cpp:6479:28,0,0
lens_blur,cxx_default_on_emitted_cpp,5eb72c8d,0,16,cxx_add_to_sub,lens_blur.halide_generated.cpp,7339,33,generator_specific,0,0,0,,,,0,13.926,cxx_add_to_sub:/mnt/scratch1/ardi/dsl_mut/HM-armc/mutation/lowered-cpp/lens_blur/lens_blur.halide_generated.cpp:7339:33,0,0
lens_blur,cxx_default_on_emitted_cpp,5eb72c8d,0,16,cxx_remove_void_call,lens_blur.halide_generated.cpp,4006,2,generator_specific,0,0,0,,,,0,14.394,cxx_remove_void_call:/mnt/scratch1/ardi/dsl_mut/HM-armc/mutation/lowered-cpp/lens_blur/lens_blur.halide_generated.cpp:4006:2,0,0
lens_blur,cxx_default_on_emitted_cpp,5eb72c8d,0,16,cxx_mul_to_div,lens_blur.halide_generated.cpp,12058,37,generator_specific,0,0,1,,,test2_golden,0,13.926,cxx_mul_to_div:/mnt/scratch1/ardi/dsl_mut/HM-armc/mutation/lowered-cpp/lens_blur/lens_blur.halide_generated.cpp:12058:37,0,0
lens_blur,cxx_default_on_emitted_cpp,5eb72c8d,0,16,cxx_sub_to_add,lens_blur.halide_generated.cpp,13855,26,generator_specific,0,0,0,,,,0,14.222,cxx_sub_to_add:/mnt/scratch1/ardi/dsl_mut/HM-armc/mutation/lowered-cpp/lens_blur/lens_blur.halide_generated.cpp:13855:26,0,0
lens_blur,cxx_default_on_emitted_cpp,5eb72c8d,0,16,cxx_mul_to_div,lens_blur.halide_generated.cpp,8980,34,generator_specific,0,0,0,,,,0,14.050,cxx_mul_to_div:/mnt/scratch1/ardi/dsl_mut/HM-armc/mutation/lowered-cpp/lens_blur/lens_blur.halide_generated.cpp:8980:34,0,0
lens_blur,cxx_default_on_emitted_cpp,5eb72c8d,0,16,cxx_sub_to_add,lens_blur.halide_generated.cpp,9364,35,generator_specific,0,0,0,,,,0,14.167,cxx_sub_to_add:/mnt/scratch1/ardi/dsl_mut/HM-armc/mutation/lowered-cpp/lens_blur/lens_blur.halide_generated.cpp:9364:35,0,0
lens_blur,cxx_default_on_emitted_cpp,5eb72c8d,0,16,cxx_replace_scalar_call,lens_blur.halide_generated.cpp,5111,17,generator_specific,0,0,0,,,,0,13.850,cxx_replace_scalar_call:/mnt/scratch1/ardi/dsl_mut/HM-armc/mutation/lowered-cpp/lens_blur/lens_blur.halide_generated.cpp:5111:17,0,0
lens_blur,cxx_default_on_emitted_cpp,5eb72c8d,0,16,cxx_sub_to_add,lens_blur.halide_generated.cpp,9768,35,generator_specific,0,0,0,,,,0,14.486,cxx_sub_to_add:/mnt/scratch1/ardi/dsl_mut/HM-armc/mutation/lowered-cpp/lens_blur/lens_blur.halide_generated.cpp:9768:35,0,0
lens_blur,cxx_default_on_emitted_cpp,5eb72c8d,0,16,cxx_add_to_sub,lens_blur.halide_generated.cpp,9065,35,generator_specific,0,0,0,,,,0,14.455,cxx_add_to_sub:/mnt/scratch1/ardi/dsl_mut/HM-armc/mutation/lowered-cpp/lens_blur/lens_blur.halide_generated.cpp:9065:35,0,0
lens_blur,cxx_default_on_emitted_cpp,5eb72c8d,0,16,cxx_add_to_sub,lens_blur.halide_generated.cpp,12277,34,generator_specific,0,0,1,,,test2_golden,0,14.437,cxx_add_to_sub:/mnt/scratch1/ardi/dsl_mut/HM-armc/mutation/lowered-cpp/lens_blur/lens_blur.halide_generated.cpp:12277:34,0,0
lens_blur,cxx_default_on_emitted_cpp,5eb72c8d,0,16,cxx_le_to_gt,lens_blur.halide_generated.cpp,12906,18,generator_specific,-6,1,,,,test1_demo,0,0.019,cxx_le_to_gt:/mnt/scratch1/ardi/dsl_mut/HM-armc/mutation/lowered-cpp/lens_blur/lens_blur.halide_generated.cpp:12906:18,0,1
lens_blur,cxx_default_on_emitted_cpp,5eb72c8d,0,16,cxx_add_to_sub,lens_blur.halide_generated.cpp,8581,35,generator_specific,0,0,0,,,,0,14.363,cxx_add_to_sub:/mnt/scratch1/ardi/dsl_mut/HM-armc/mutation/lowered-cpp/lens_blur/lens_blur.halide_generated.cpp:8581:35,0,0
lens_blur,cxx_default_on_emitted_cpp,5eb72c8d,0,16,cxx_add_to_sub,lens_blur.halide_generated.cpp,6038,27,generator_specific,0,0,0,,,,0,15.233,cxx_add_to_sub:/mnt/scratch1/ardi/dsl_mut/HM-armc/mutation/lowered-cpp/lens_blur/lens_blur.halide_generated.cpp:6038:27,0,0
lens_blur,cxx_default_on_emitted_cpp,5eb72c8d,0,16,cxx_mul_to_div,lens_blur.halide_generated.cpp,8732,42,generator_specific,0,0,0,,,,0,14.440,cxx_mul_to_div:/mnt/scratch1/ardi/dsl_mut/HM-armc/mutation/lowered-cpp/lens_blur/lens_blur.halide_generated.cpp:8732:42,0,0
lens_blur,cxx_default_on_emitted_cpp,5eb72c8d,0,16,cxx_replace_scalar_call,lens_blur.halide_generated.cpp,12701,18,generator_specific,0,0,0,,,,0,14.369,cxx_replace_scalar_call:/mnt/scratch1/ardi/dsl_mut/HM-armc/mutation/lowered-cpp/lens_blur/lens_blur.halide_generated.cpp:12701:18,0,0
lens_blur,cxx_default_on_emitted_cpp,5eb72c8d,0,16,cxx_lt_to_ge,lens_blur.halide_generated.cpp,8486,83,generator_specific,0,0,1,,,test2_golden,0,14.517,cxx_lt_to_ge:/mnt/scratch1/ardi/dsl_mut/HM-armc/mutation/lowered-cpp/lens_blur/lens_blur.halide_generated.cpp:8486:83,0,0
lens_blur,cxx_default_on_emitted_cpp,5eb72c8d,0,16,cxx_add_to_sub,lens_blur.halide_generated.cpp,6157,30,generator_specific,-11,1,,,,test1_demo,0,0.295,cxx_add_to_sub:/mnt/scratch1/ardi/dsl_mut/HM-armc/mutation/lowered-cpp/lens_blur/lens_blur.halide_generated.cpp:6157:30,0,1
lens_blur,cxx_default_on_emitted_cpp,5eb72c8d,0,16,cxx_add_to_sub,lens_blur.halide_generated.cpp,12607,24,generator_specific,0,0,0,,,,0,14.289,cxx_add_to_sub:/mnt/scratch1/ardi/dsl_mut/HM-armc/mutation/lowered-cpp/lens_blur/lens_blur.halide_generated.cpp:12607:24,0,0
lens_blur,cxx_default_on_emitted_cpp,5eb72c8d,0,16,cxx_add_to_sub,lens_blur.halide_generated.cpp,8852,32,generator_specific,0,0,0,,,,0,14.545,cxx_add_to_sub:/mnt/scratch1/ardi/dsl_mut/HM-armc/mutation/lowered-cpp/lens_blur/lens_blur.halide_generated.cpp:8852:32,0,0
lens_blur,cxx_default_on_emitted_cpp,5eb72c8d,0,16,cxx_mul_to_div,lens_blur.halide_generated.cpp,6543,28,generator_specific,0,0,0,,,,0,14.008,cxx_mul_to_div:/mnt/scratch1/ardi/dsl_mut/HM-armc/mutation/lowered-cpp/lens_blur/lens_blur.halide_generated.cpp:6543:28,0,0
lens_blur,cxx_default_on_emitted_cpp,5eb72c8d,0,16,cxx_add_to_sub,lens_blur.halide_generated.cpp,10221,35,generator_specific,0,0,0,,,,0,14.661,cxx_add_to_sub:/mnt/scratch1/ardi/dsl_mut/HM-armc/mutation/lowered-cpp/lens_blur/lens_blur.halide_generated.cpp:10221:35,0,0
lens_blur,cxx_default_on_emitted_cpp,5eb72c8d,0,16,cxx_replace_scalar_call,lens_blur.halide_generated.cpp,12420,18,generator_specific,0,0,0,,,,0,16.065,cxx_replace_scalar_call:/mnt/scratch1/ardi/dsl_mut/HM-armc/mutation/lowered-cpp/lens_blur/lens_blur.halide_generated.cpp:12420:18,0,0
lens_blur,cxx_default_on_emitted_cpp,5eb72c8d,0,16,cxx_replace_scalar_call,lens_blur.halide_generated.cpp,5154,18,generator_specific,0,0,0,,,,0,13.868,cxx_replace_scalar_call:/mnt/scratch1/ardi/dsl_mut/HM-armc/mutation/lowered-cpp/lens_blur/lens_blur.halide_generated.cpp:5154:18,0,0
lens_blur,cxx_default_on_emitted_cpp,5eb72c8d,0,16,cxx_add_to_sub,lens_blur.halide_generated.cpp,13928,27,generator_specific,0,0,0,,,,0,13.960,cxx_add_to_sub:/mnt/scratch1/ardi/dsl_mut/HM-armc/mutation/lowered-cpp/lens_blur/lens_blur.halide_generated.cpp:13928:27,0,0
lens_blur,cxx_default_on_emitted_cpp,5eb72c8d,0,16,cxx_replace_scalar_call,lens_blur.halide_generated.cpp,13327,20,generator_specific,0,0,0,,,,0,13.918,cxx_replace_scalar_call:/mnt/scratch1/ardi/dsl_mut/HM-armc/mutation/lowered-cpp/lens_blur/lens_blur.halide_generated.cpp:13327:20,0,0
lens_blur,cxx_default_on_emitted_cpp,5eb72c8d,0,16,cxx_add_to_sub,lens_blur.halide_generated.cpp,6935,30,generator_specific,0,0,0,,,,0,14.038,cxx_add_to_sub:/mnt/scratch1/ardi/dsl_mut/HM-armc/mutation/lowered-cpp/lens_blur/lens_blur.halide_generated.cpp:6935:30,0,0
lens_blur,cxx_default_on_emitted_cpp,5eb72c8d,0,16,cxx_add_to_sub,lens_blur.halide_generated.cpp,8769,31,generator_specific,0,0,0,,,,0,13.890,cxx_add_to_sub:/mnt/scratch1/ardi/dsl_mut/HM-armc/mutation/lowered-cpp/lens_blur/lens_blur.halide_generated.cpp:8769:31,0,0
lens_blur,cxx_default_on_emitted_cpp,5eb72c8d,0,16,cxx_add_to_sub,lens_blur.halide_generated.cpp,11574,28,generator_specific,0,0,1,,,test2_golden,0,14.283,cxx_add_to_sub:/mnt/scratch1/ardi/dsl_mut/HM-armc/mutation/lowered-cpp/lens_blur/lens_blur.halide_generated.cpp:11574:28,0,0
lens_blur,cxx_default_on_emitted_cpp,5eb72c8d,0,16,cxx_add_to_sub,lens_blur.halide_generated.cpp,9954,36,generator_specific,0,0,0,,,,0,14.295,cxx_add_to_sub:/mnt/scratch1/ardi/dsl_mut/HM-armc/mutation/lowered-cpp/lens_blur/lens_blur.halide_generated.cpp:9954:36,0,0
lens_blur,cxx_default_on_emitted_cpp,5eb72c8d,0,16,cxx_add_to_sub,lens_blur.halide_generated.cpp,10660,36,generator_specific,0,0,0,,,,0,14.308,cxx_add_to_sub:/mnt/scratch1/ardi/dsl_mut/HM-armc/mutation/lowered-cpp/lens_blur/lens_blur.halide_generated.cpp:10660:36,0,0
lens_blur,cxx_default_on_emitted_cpp,5eb72c8d,0,16,cxx_lt_to_le,lens_blur.halide_generated.cpp,4821,58,generator_specific,0,0,0,,,,0,14.715,cxx_lt_to_le:/mnt/scratch1/ardi/dsl_mut/HM-armc/mutation/lowered-cpp/lens_blur/lens_blur.halide_generated.cpp:4821:58,0,0
lens_blur,cxx_default_on_emitted_cpp,5eb72c8d,0,16,cxx_add_to_sub,lens_blur.halide_generated.cpp,9631,36,generator_specific,0,0,0,,,,0,14.132,cxx_add_to_sub:/mnt/scratch1/ardi/dsl_mut/HM-armc/mutation/lowered-cpp/lens_blur/lens_blur.halide_generated.cpp:9631:36,0,0
lens_blur,cxx_default_on_emitted_cpp,5eb72c8d,0,16,cxx_add_to_sub,lens_blur.halide_generated.cpp,12584,24,generator_specific,0,0,0,,,,0,14.091,cxx_add_to_sub:/mnt/scratch1/ardi/dsl_mut/HM-armc/mutation/lowered-cpp/lens_blur/lens_blur.halide_generated.cpp:12584:24,0,0
lens_blur,cxx_default_on_emitted_cpp,5eb72c8d,0,16,cxx_add_to_sub,lens_blur.halide_generated.cpp,8756,33,generator_specific,0,0,0,,,,0,14.268,cxx_add_to_sub:/mnt/scratch1/ardi/dsl_mut/HM-armc/mutation/lowered-cpp/lens_blur/lens_blur.halide_generated.cpp:8756:33,0,0
lens_blur,cxx_default_on_emitted_cpp,5eb72c8d,0,16,cxx_le_to_gt,lens_blur.halide_generated.cpp,12954,22,generator_specific,0,0,1,,,test2_golden,0,0.022,cxx_le_to_gt:/mnt/scratch1/ardi/dsl_mut/HM-armc/mutation/lowered-cpp/lens_blur/lens_blur.halide_generated.cpp:12954:22,0,0
lens_blur,cxx_default_on_emitted_cpp,5eb72c8d,0,16,cxx_add_to_sub,lens_blur.halide_generated.cpp,7443,33,generator_specific,0,0,0,,,,0,14.162,cxx_add_to_sub:/mnt/scratch1/ardi/dsl_mut/HM-armc/mutation/lowered-cpp/lens_blur/lens_blur.halide_generated.cpp:7443:33,0,0
lens_blur,cxx_default_on_emitted_cpp,5eb72c8d,0,16,cxx_replace_scalar_call,lens_blur.halide_generated.cpp,12503,18,generator_specific,0,0,0,,,,0,13.977,cxx_replace_scalar_call:/mnt/scratch1/ardi/dsl_mut/HM-armc/mutation/lowered-cpp/lens_blur/lens_blur.halide_generated.cpp:12503:18,0,0
lens_blur,cxx_default_on_emitted_cpp,5eb72c8d,0,16,cxx_add_to_sub,lens_blur.halide_generated.cpp,9442,36,generator_specific,0,0,1,,,test2_golden,0,13.867,cxx_add_to_sub:/mnt/scratch1/ardi/dsl_mut/HM-armc/mutation/lowered-cpp/lens_blur/lens_blur.halide_generated.cpp:9442:36,0,0
lens_blur,cxx_default_on_emitted_cpp,5eb72c8d,0,16,cxx_mul_to_div,lens_blur.halide_generated.cpp,9386,35,generator_specific,0,0,0,,,,0,14.135,cxx_mul_to_div:/mnt/scratch1/ardi/dsl_mut/HM-armc/mutation/lowered-cpp/lens_blur/lens_blur.halide_generated.cpp:9386:35,0,0
lens_blur,cxx_default_on_emitted_cpp,5eb72c8d,0,16,cxx_sub_to_add,lens_blur.halide_generated.cpp,13407,25,generator_specific,-6,1,,,,test1_demo,0,0.668,cxx_sub_to_add:/mnt/scratch1/ardi/dsl_mut/HM-armc/mutation/lowered-cpp/lens_blur/lens_blur.halide_generated.cpp:13407:25,0,1
lens_blur,cxx_default_on_emitted_cpp,5eb72c8d,0,16,cxx_add_to_sub,lens_blur.halide_generated.cpp,9133,35,generator_specific,0,0,0,,,,0,15.247,cxx_add_to_sub:/mnt/scratch1/ardi/dsl_mut/HM-armc/mutation/lowered-cpp/lens_blur/lens_blur.halide_generated.cpp:9133:35,0,0
lens_blur,cxx_default_on_emitted_cpp,5eb72c8d,0,16,cxx_add_to_sub,lens_blur.halide_generated.cpp,13448,26,generator_specific,0,0,1,,,test2_golden,0,15.378,cxx_add_to_sub:/mnt/scratch1/ardi/dsl_mut/HM-armc/mutation/lowered-cpp/lens_blur/lens_blur.halide_generated.cpp:13448:26,0,0
lens_blur,cxx_default_on_emitted_cpp,5eb72c8d,0,16,cxx_lt_to_ge,lens_blur.halide_generated.cpp,6443,86,generator_specific,0,0,1,,,test2_golden,0,14.971,cxx_lt_to_ge:/mnt/scratch1/ardi/dsl_mut/HM-armc/mutation/lowered-cpp/lens_blur/lens_blur.halide_generated.cpp:6443:86,0,0
lens_blur,cxx_default_on_emitted_cpp,5eb72c8d,0,16,cxx_add_to_sub,lens_blur.halide_generated.cpp,9141,34,generator_specific,0,0,0,,,,0,13.900,cxx_add_to_sub:/mnt/scratch1/ardi/dsl_mut/HM-armc/mutation/lowered-cpp/lens_blur/lens_blur.halide_generated.cpp:9141:34,0,0
lens_blur,cxx_default_on_emitted_cpp,5eb72c8d,0,16,cxx_add_to_sub,lens_blur.halide_generated.cpp,5827,51,generator_specific,0,0,0,,,,0,13.950,cxx_add_to_sub:/mnt/scratch1/ardi/dsl_mut/HM-armc/mutation/lowered-cpp/lens_blur/lens_blur.halide_generated.cpp:5827:51,0,0
lens_blur,cxx_default_on_emitted_cpp,5eb72c8d,0,16,cxx_sub_to_add,lens_blur.halide_generated.cpp,7404,30,generator_specific,0,0,1,,,test2_golden,0,13.770,cxx_sub_to_add:/mnt/scratch1/ardi/dsl_mut/HM-armc/mutation/lowered-cpp/lens_blur/lens_blur.halide_generated.cpp:7404:30,0,0
lens_blur,cxx_default_on_emitted_cpp,5eb72c8d,0,16,cxx_add_to_sub,lens_blur.halide_generated.cpp,10519,37,generator_specific,0,0,0,,,,0,13.848,cxx_add_to_sub:/mnt/scratch1/ardi/dsl_mut/HM-armc/mutation/lowered-cpp/lens_blur/lens_blur.halide_generated.cpp:10519:37,0,0
lens_blur,cxx_default_on_emitted_cpp,5eb72c8d,0,16,cxx_add_to_sub,lens_blur.halide_generated.cpp,6536,31,generator_specific,0,0,0,,,,0,13.824,cxx_add_to_sub:/mnt/scratch1/ardi/dsl_mut/HM-armc/mutation/lowered-cpp/lens_blur/lens_blur.halide_generated.cpp:6536:31,0,0
lens_blur,cxx_default_on_emitted_cpp,5eb72c8d,0,16,cxx_add_to_sub,lens_blur.halide_generated.cpp,7835,32,generator_specific,0,0,0,,,,0,13.900,cxx_add_to_sub:/mnt/scratch1/ardi/dsl_mut/HM-armc/mutation/lowered-cpp/lens_blur/lens_blur.halide_generated.cpp:7835:32,0,0
lens_blur,cxx_default_on_emitted_cpp,5eb72c8d,0,16,cxx_mul_to_div,lens_blur.halide_generated.cpp,10967,38,generator_specific,0,0,0,,,,0,14.369,cxx_mul_to_div:/mnt/scratch1/ardi/dsl_mut/HM-armc/mutation/lowered-cpp/lens_blur/lens_blur.halide_generated.cpp:10967:38,0,0
lens_blur,cxx_default_on_emitted_cpp,5eb72c8d,0,16,cxx_replace_scalar_call,lens_blur.halide_generated.cpp,5118,18,generator_specific,0,0,0,,,,0,14.420,cxx_replace_scalar_call:/mnt/scratch1/ardi/dsl_mut/HM-armc/mutation/lowered-cpp/lens_blur/lens_blur.halide_generated.cpp:5118:18,0,0
lens_blur,cxx_default_on_emitted_cpp,5eb72c8d,0,16,cxx_add_to_sub,lens_blur.halide_generated.cpp,4071,48,generator_specific,0,0,0,,,,0,14.036,cxx_add_to_sub:/mnt/scratch1/ardi/dsl_mut/HM-armc/mutation/lowered-cpp/lens_blur/lens_blur.halide_generated.cpp:4071:48,0,0
lens_blur,cxx_default_on_emitted_cpp,5eb72c8d,0,16,cxx_add_to_sub,lens_blur.halide_generated.cpp,10678,37,generator_specific,0,0,0,,,,0,14.213,cxx_add_to_sub:/mnt/scratch1/ardi/dsl_mut/HM-armc/mutation/lowered-cpp/lens_blur/lens_blur.halide_generated.cpp:10678:37,0,0
lens_blur,cxx_default_on_emitted_cpp,5eb72c8d,0,16,cxx_sub_to_add,lens_blur.halide_generated.cpp,8888,33,generator_specific,0,0,0,,,,0,14.176,cxx_sub_to_add:/mnt/scratch1/ardi/dsl_mut/HM-armc/mutation/lowered-cpp/lens_blur/lens_blur.halide_generated.cpp:8888:33,0,0
lens_blur,cxx_default_on_emitted_cpp,5eb72c8d,0,16,cxx_add_to_sub,lens_blur.halide_generated.cpp,13642,26,generator_specific,0,0,0,,,,0,13.923,cxx_add_to_sub:/mnt/scratch1/ardi/dsl_mut/HM-armc/mutation/lowered-cpp/lens_blur/lens_blur.halide_generated.cpp:13642:26,0,0
lens_blur,cxx_default_on_emitted_cpp,5eb72c8d,0,16,cxx_gt_to_le,lens_blur.halide_generated.cpp,10204,37,generator_specific,0,0,0,,,,0,13.865,cxx_gt_to_le:/mnt/scratch1/ardi/dsl_mut/HM-armc/mutation/lowered-cpp/lens_blur/lens_blur.halide_generated.cpp:10204:37,0,0
lens_blur,cxx_default_on_emitted_cpp,5eb72c8d,0,16,cxx_mul_to_div,lens_blur.halide_generated.cpp,11120,38,generator_specific,0,0,0,,,,0,14.477,cxx_mul_to_div:/mnt/scratch1/ardi/dsl_mut/HM-armc/mutation/lowered-cpp/lens_blur/lens_blur.halide_generated.cpp:11120:38,0,0
lens_blur,cxx_default_on_emitted_cpp,5eb72c8d,0,16,cxx_add_to_sub,lens_blur.halide_generated.cpp,10746,39,generator_specific,0,0,1,,,test2_golden,0,14.032,cxx_add_to_sub:/mnt/scratch1/ardi/dsl_mut/HM-armc/mutation/lowered-cpp/lens_blur/lens_blur.halide_generated.cpp:10746:39,0,0
lens_blur,cxx_default_on_emitted_cpp,5eb72c8d,0,16,cxx_mul_to_div,lens_blur.halide_generated.cpp,8845,70,generator_specific,-6,1,,,,test1_demo,0,0.278,cxx_mul_to_div:/mnt/scratch1/ardi/dsl_mut/HM-armc/mutation/lowered-cpp/lens_blur/lens_blur.halide_generated.cpp:8845:70,0,1
lens_blur,cxx_default_on_emitted_cpp,5eb72c8d,0,16,cxx_mul_to_div,lens_blur.halide_generated.cpp,13666,26,generator_specific,0,0,0,,,,0,14.404,cxx_mul_to_div:/mnt/scratch1/ardi/dsl_mut/HM-armc/mutation/lowered-cpp/lens_blur/lens_blur.halide_generated.cpp:13666:26,0,0
lens_blur,cxx_default_on_emitted_cpp,5eb72c8d,0,16,cxx_mul_to_div,lens_blur.halide_generated.cpp,9412,35,generator_specific,0,0,0,,,,0,14.764,cxx_mul_to_div:/mnt/scratch1/ardi/dsl_mut/HM-armc/mutation/lowered-cpp/lens_blur/lens_blur.halide_generated.cpp:9412:35,0,0
lens_blur,cxx_default_on_emitted_cpp,5eb72c8d,0,16,cxx_add_to_sub,lens_blur.halide_generated.cpp,5803,26,generator_specific,0,0,0,,,,0,13.874,cxx_add_to_sub:/mnt/scratch1/ardi/dsl_mut/HM-armc/mutation/lowered-cpp/lens_blur/lens_blur.halide_generated.cpp:5803:26,0,0
lens_blur,cxx_default_on_emitted_cpp,5eb72c8d,0,16,cxx_replace_scalar_call,lens_blur.halide_generated.cpp,12716,18,generator_specific,-6,1,,,,test1_demo,0,0.012,cxx_replace_scalar_call:/mnt/scratch1/ardi/dsl_mut/HM-armc/mutation/lowered-cpp/lens_blur/lens_blur.halide_generated.cpp:12716:18,0,1
lens_blur,cxx_default_on_emitted_cpp,5eb72c8d,0,16,cxx_mul_to_div,lens_blur.halide_generated.cpp,10006,36,generator_specific,0,0,0,,,,0,14.030,cxx_mul_to_div:/mnt/scratch1/ardi/dsl_mut/HM-armc/mutation/lowered-cpp/lens_blur/lens_blur.halide_generated.cpp:10006:36,0,0
lens_blur,cxx_default_on_emitted_cpp,5eb72c8d,0,16,cxx_add_to_sub,lens_blur.halide_generated.cpp,8323,33,generator_specific,0,0,0,,,,0,14.724,cxx_add_to_sub:/mnt/scratch1/ardi/dsl_mut/HM-armc/mutation/lowered-cpp/lens_blur/lens_blur.halide_generated.cpp:8323:33,0,0
lens_blur,cxx_default_on_emitted_cpp,5eb72c8d,0,16,cxx_add_to_sub,lens_blur.halide_generated.cpp,5353,26,generator_specific,0,0,0,,,,0,14.814,cxx_add_to_sub:/mnt/scratch1/ardi/dsl_mut/HM-armc/mutation/lowered-cpp/lens_blur/lens_blur.halide_generated.cpp:5353:26,0,0
lens_blur,cxx_default_on_emitted_cpp,5eb72c8d,0,16,cxx_sub_to_add,lens_blur.halide_generated.cpp,4268,24,generator_specific,0,0,0,,,,0,14.643,cxx_sub_to_add:/mnt/scratch1/ardi/dsl_mut/HM-armc/mutation/lowered-cpp/lens_blur/lens_blur.halide_generated.cpp:4268:24,0,0
lens_blur,cxx_default_on_emitted_cpp,5eb72c8d,0,16,cxx_mul_to_div,lens_blur.halide_generated.cpp,4682,33,generator_specific,0,0,0,,,,0,14.209,cxx_mul_to_div:/mnt/scratch1/ardi/dsl_mut/HM-armc/mutation/lowered-cpp/lens_blur/lens_blur.halide_generated.cpp:4682:33,0,0
lens_blur,cxx_default_on_emitted_cpp,5eb72c8d,0,16,cxx_add_to_sub,lens_blur.halide_generated.cpp,11095,39,generator_specific,0,0,0,,,,0,14.619,cxx_add_to_sub:/mnt/scratch1/ardi/dsl_mut/HM-armc/mutation/lowered-cpp/lens_blur/lens_blur.halide_generated.cpp:11095:39,0,0
lens_blur,cxx_default_on_emitted_cpp,5eb72c8d,0,16,cxx_sub_to_add,lens_blur.halide_generated.cpp,6442,28,generator_specific,0,0,0,,,,0,14.553,cxx_sub_to_add:/mnt/scratch1/ardi/dsl_mut/HM-armc/mutation/lowered-cpp/lens_blur/lens_blur.halide_generated.cpp:6442:28,0,0
lens_blur,cxx_default_on_emitted_cpp,5eb72c8d,0,16,cxx_mul_to_div,lens_blur.halide_generated.cpp,7350,30,generator_specific,0,0,0,,,,0,14.044,cxx_mul_to_div:/mnt/scratch1/ardi/dsl_mut/HM-armc/mutation/lowered-cpp/lens_blur/lens_blur.halide_generated.cpp:7350:30,0,0
lens_blur,cxx_default_on_emitted_cpp,5eb72c8d,0,16,cxx_mul_to_div,lens_blur.halide_generated.cpp,5929,27,generator_specific,0,0,0,,,,0,14.556,cxx_mul_to_div:/mnt/scratch1/ardi/dsl_mut/HM-armc/mutation/lowered-cpp/lens_blur/lens_blur.halide_generated.cpp:5929:27,0,0
lens_blur,cxx_default_on_emitted_cpp,5eb72c8d,0,16,cxx_add_to_sub,lens_blur.halide_generated.cpp,10521,38,generator_specific,0,0,0,,,,0,14.399,cxx_add_to_sub:/mnt/scratch1/ardi/dsl_mut/HM-armc/mutation/lowered-cpp/lens_blur/lens_blur.halide_generated.cpp:10521:38,0,0
lens_blur,cxx_default_on_emitted_cpp,5eb72c8d,0,16,cxx_add_to_sub,lens_blur.halide_generated.cpp,9491,36,generator_specific,0,0,0,,,,0,14.383,cxx_add_to_sub:/mnt/scratch1/ardi/dsl_mut/HM-armc/mutation/lowered-cpp/lens_blur/lens_blur.halide_generated.cpp:9491:36,0,0
lens_blur,cxx_default_on_emitted_cpp,5eb72c8d,0,16,cxx_add_to_sub,lens_blur.halide_generated.cpp,10782,39,generator_specific,0,0,1,,,test2_golden,0,14.559,cxx_add_to_sub:/mnt/scratch1/ardi/dsl_mut/HM-armc/mutation/lowered-cpp/lens_blur/lens_blur.halide_generated.cpp:10782:39,0,0
lens_blur,cxx_default_on_emitted_cpp,5eb72c8d,0,16,cxx_mul_to_div,lens_blur.halide_generated.cpp,12524,24,generator_specific,0,0,0,,,,0,14.990,cxx_mul_to_div:/mnt/scratch1/ardi/dsl_mut/HM-armc/mutation/lowered-cpp/lens_blur/lens_blur.halide_generated.cpp:12524:24,0,0
lens_blur,cxx_default_on_emitted_cpp,5eb72c8d,0,16,cxx_remove_void_call,lens_blur.halide_generated.cpp,12327,10,generator_specific,0,0,1,,,test2_golden,0,14.927,cxx_remove_void_call:/mnt/scratch1/ardi/dsl_mut/HM-armc/mutation/lowered-cpp/lens_blur/lens_blur.halide_generated.cpp:12327:10,0,0
lens_blur,cxx_default_on_emitted_cpp,5eb72c8d,0,16,cxx_add_to_sub,lens_blur.halide_generated.cpp,5503,29,generator_specific,-11,1,,,,test1_demo,0,0.254,cxx_add_to_sub:/mnt/scratch1/ardi/dsl_mut/HM-armc/mutation/lowered-cpp/lens_blur/lens_blur.halide_generated.cpp:5503:29,0,1
lens_blur,cxx_default_on_emitted_cpp,5eb72c8d,0,16,cxx_replace_scalar_call,lens_blur.halide_generated.cpp,12392,18,generator_specific,0,0,1,,,test2_golden,0,15.386,cxx_replace_scalar_call:/mnt/scratch1/ardi/dsl_mut/HM-armc/mutation/lowered-cpp/lens_blur/lens_blur.halide_generated.cpp:12392:18,0,0
lens_blur,cxx_default_on_emitted_cpp,5eb72c8d,0,16,cxx_mul_to_div,lens_blur.halide_generated.cpp,9629,35,generator_specific,0,0,0,,,,0,14.634,cxx_mul_to_div:/mnt/scratch1/ardi/dsl_mut/HM-armc/mutation/lowered-cpp/lens_blur/lens_blur.halide_generated.cpp:9629:35,0,0
lens_blur,cxx_default_on_emitted_cpp,5eb72c8d,0,16,cxx_sub_to_add,lens_blur.halide_generated.cpp,9839,36,generator_specific,-11,1,,,,test1_demo,0,0.269,cxx_sub_to_add:/mnt/scratch1/ardi/dsl_mut/HM-armc/mutation/lowered-cpp/lens_blur/lens_blur.halide_generated.cpp:9839:36,0,1
lens_blur,cxx_default_on_emitted_cpp,5eb72c8d,0,16,cxx_add_to_sub,lens_blur.halide_generated.cpp,13853,26,generator_specific,0,0,0,,,,0,14.217,cxx_add_to_sub:/mnt/scratch1/ardi/dsl_mut/HM-armc/mutation/lowered-cpp/lens_blur/lens_blur.halide_generated.cpp:13853:26,0,0
lens_blur,cxx_default_on_emitted_cpp,5eb72c8d,0,16,cxx_mul_to_div,lens_blur.halide_generated.cpp,4871,33,generator_specific,0,0,0,,,,0,13.910,cxx_mul_to_div:/mnt/scratch1/ardi/dsl_mut/HM-armc/mutation/lowered-cpp/lens_blur/lens_blur.halide_generated.cpp:4871:33,0,0
lens_blur,cxx_default_on_emitted_cpp,5eb72c8d,0,16,cxx_add_to_sub,lens_blur.halide_generated.cpp,10593,35,generator_specific,0,0,0,,,,0,14.274,cxx_add_to_sub:/mnt/scratch1/ardi/dsl_mut/HM-armc/mutation/lowered-cpp/lens_blur/lens_blur.halide_generated.cpp:10593:35,0,0
lens_blur,cxx_default_on_emitted_cpp,5eb72c8d,0,16,cxx_lt_to_ge,lens_blur.halide_generated.cpp,3250,30,boilerplate,-11,1,,,,test1_demo,0,0.272,cxx_lt_to_ge:/mnt/scratch1/ardi/dsl_mut/HM-armc/mutation/lowered-cpp/lens_blur/lens_blur.halide_generated.cpp:3250:30,0,1
lens_blur,cxx_default_on_emitted_cpp,5eb72c8d,0,16,cxx_sub_to_add,lens_blur.halide_generated.cpp,8033,31,generator_specific,0,0,0,,,,0,14.368,cxx_sub_to_add:/mnt/scratch1/ardi/dsl_mut/HM-armc/mutation/lowered-cpp/lens_blur/lens_blur.halide_generated.cpp:8033:31,0,0
lens_blur,cxx_default_on_emitted_cpp,5eb72c8d,0,16,cxx_mul_to_div,lens_blur.halide_generated.cpp,7214,28,generator_specific,0,0,0,,,,0,13.943,cxx_mul_to_div:/mnt/scratch1/ardi/dsl_mut/HM-armc/mutation/lowered-cpp/lens_blur/lens_blur.halide_generated.cpp:7214:28,0,0
lens_blur,cxx_default_on_emitted_cpp,5eb72c8d,0,16,cxx_replace_scalar_call,lens_blur.halide_generated.cpp,13194,20,generator_specific,0,0,0,,,,0,14.617,cxx_replace_scalar_call:/mnt/scratch1/ardi/dsl_mut/HM-armc/mutation/lowered-cpp/lens_blur/lens_blur.halide_generated.cpp:13194:20,0,0
lens_blur,cxx_default_on_emitted_cpp,5eb72c8d,0,16,cxx_add_to_sub,lens_blur.halide_generated.cpp,11001,38,generator_specific,0,0,0,,,,0,14.080,cxx_add_to_sub:/mnt/scratch1/ardi/dsl_mut/HM-armc/mutation/lowered-cpp/lens_blur/lens_blur.halide_generated.cpp:11001:38,0,0
lens_blur,cxx_default_on_emitted_cpp,5eb72c8d,0,16,cxx_sub_to_add,lens_blur.halide_generated.cpp,11047,38,generator_specific,0,0,0,,,,0,14.808,cxx_sub_to_add:/mnt/scratch1/ardi/dsl_mut/HM-armc/mutation/lowered-cpp/lens_blur/lens_blur.halide_generated.cpp:11047:38,0,0
lens_blur,cxx_default_on_emitted_cpp,5eb72c8d,0,16,cxx_sub_to_add,lens_blur.halide_generated.cpp,10294,37,generator_specific,-11,1,,,,test1_demo,0,0.223,cxx_sub_to_add:/mnt/scratch1/ardi/dsl_mut/HM-armc/mutation/lowered-cpp/lens_blur/lens_blur.halide_generated.cpp:10294:37,0,1
lens_blur,cxx_default_on_emitted_cpp,5eb72c8d,0,16,cxx_sub_to_add,lens_blur.halide_generated.cpp,4786,30,generator_specific,0,0,0,,,,0,14.245,cxx_sub_to_add:/mnt/scratch1/ardi/dsl_mut/HM-armc/mutation/lowered-cpp/lens_blur/lens_blur.halide_generated.cpp:4786:30,0,0
lens_blur,cxx_default_on_emitted_cpp,5eb72c8d,0,16,cxx_add_to_sub,lens_blur.halide_generated.cpp,3851,34,generator_specific,0,0,1,,,test2_golden,0,14.477,cxx_add_to_sub:/mnt/scratch1/ardi/dsl_mut/HM-armc/mutation/lowered-cpp/lens_blur/lens_blur.halide_generated.cpp:3851:34,0,0
lens_blur,cxx_default_on_emitted_cpp,5eb72c8d,0,16,cxx_add_to_sub,lens_blur.halide_generated.cpp,6398,28,generator_specific,0,0,0,,,,0,13.904,cxx_add_to_sub:/mnt/scratch1/ardi/dsl_mut/HM-armc/mutation/lowered-cpp/lens_blur/lens_blur.halide_generated.cpp:6398:28,0,0
lens_blur,cxx_default_on_emitted_cpp,5eb72c8d,0,16,cxx_add_to_sub,lens_blur.halide_generated.cpp,9498,35,generator_specific,0,0,0,,,,0,14.425,cxx_add_to_sub:/mnt/scratch1/ardi/dsl_mut/HM-armc/mutation/lowered-cpp/lens_blur/lens_blur.halide_generated.cpp:9498:35,0,0
lens_blur,cxx_default_on_emitted_cpp,5eb72c8d,0,16,cxx_mul_to_div,lens_blur.halide_generated.cpp,8458,32,generator_specific,0,0,0,,,,0,14.156,cxx_mul_to_div:/mnt/scratch1/ardi/dsl_mut/HM-armc/mutation/lowered-cpp/lens_blur/lens_blur.halide_generated.cpp:8458:32,0,0
lens_blur,cxx_default_on_emitted_cpp,5eb72c8d,0,16,cxx_add_to_sub,lens_blur.halide_generated.cpp,6968,29,generator_specific,0,0,0,,,,0,14.278,cxx_add_to_sub:/mnt/scratch1/ardi/dsl_mut/HM-armc/mutation/lowered-cpp/lens_blur/lens_blur.halide_generated.cpp:6968:29,0,0
lens_blur,cxx_default_on_emitted_cpp,5eb72c8d,0,16,cxx_add_to_sub,lens_blur.halide_generated.cpp,5170,23,generator_specific,0,0,0,,,,0,14.864,cxx_add_to_sub:/mnt/scratch1/ardi/dsl_mut/HM-armc/mutation/lowered-cpp/lens_blur/lens_blur.halide_generated.cpp:5170:23,0,0
lens_blur,cxx_default_on_emitted_cpp,5eb72c8d,0,16,cxx_add_to_sub,lens_blur.halide_generated.cpp,10450,37,generator_specific,0,0,0,,,,0,14.124,cxx_add_to_sub:/mnt/scratch1/ardi/dsl_mut/HM-armc/mutation/lowered-cpp/lens_blur/lens_blur.halide_generated.cpp:10450:37,0,0
lens_blur,cxx_default_on_emitted_cpp,5eb72c8d,0,16,cxx_replace_scalar_call,lens_blur.halide_generated.cpp,12751,15,generator_specific,0,0,0,,,,0,15.525,cxx_replace_scalar_call:/mnt/scratch1/ardi/dsl_mut/HM-armc/mutation/lowered-cpp/lens_blur/lens_blur.halide_generated.cpp:12751:15,0,0
lens_blur,cxx_default_on_emitted_cpp,5eb72c8d,0,16,cxx_sub_to_add,lens_blur.halide_generated.cpp,10159,35,generator_specific,0,0,0,,,,0,15.091,cxx_sub_to_add:/mnt/scratch1/ardi/dsl_mut/HM-armc/mutation/lowered-cpp/lens_blur/lens_blur.halide_generated.cpp:10159:35,0,0
lens_blur,cxx_default_on_emitted_cpp,5eb72c8d,0,16,cxx_replace_scalar_call,lens_blur.halide_generated.cpp,5271,18,generator_specific,0,0,0,,,,0,15.103,cxx_replace_scalar_call:/mnt/scratch1/ardi/dsl_mut/HM-armc/mutation/lowered-cpp/lens_blur/lens_blur.halide_generated.cpp:5271:18,0,0
lens_blur,cxx_default_on_emitted_cpp,5eb72c8d,0,16,cxx_sub_to_add,lens_blur.halide_generated.cpp,10011,36,generator_specific,0,0,0,,,,0,13.809,cxx_sub_to_add:/mnt/scratch1/ardi/dsl_mut/HM-armc/mutation/lowered-cpp/lens_blur/lens_blur.halide_generated.cpp:10011:36,0,0
lens_blur,cxx_default_on_emitted_cpp,5eb72c8d,0,16,cxx_mul_to_div,lens_blur.halide_generated.cpp,10600,36,generator_specific,0,0,0,,,,0,14.282,cxx_mul_to_div:/mnt/scratch1/ardi/dsl_mut/HM-armc/mutation/lowered-cpp/lens_blur/lens_blur.halide_generated.cpp:10600:36,0,0
lens_blur,cxx_default_on_emitted_cpp,5eb72c8d,0,16,cxx_gt_to_le,lens_blur.halide_generated.cpp,5784,27,generator_specific,0,0,0,,,,0,13.834,cxx_gt_to_le:/mnt/scratch1/ardi/dsl_mut/HM-armc/mutation/lowered-cpp/lens_blur/lens_blur.halide_generated.cpp:5784:27,0,0
lens_blur,cxx_default_on_emitted_cpp,5eb72c8d,0,16,cxx_add_to_sub,lens_blur.halide_generated.cpp,6339,29,generator_specific,0,0,0,,,,0,13.765,cxx_add_to_sub:/mnt/scratch1/ardi/dsl_mut/HM-armc/mutation/lowered-cpp/lens_blur/lens_blur.halide_generated.cpp:6339:29,0,0
lens_blur,cxx_default_on_emitted_cpp,5eb72c8d,0,16,cxx_add_to_sub,lens_blur.halide_generated.cpp,8740,34,generator_specific,0,0,0,,,,0,14.409,cxx_add_to_sub:/mnt/scratch1/ardi/dsl_mut/HM-armc/mutation/lowered-cpp/lens_blur/lens_blur.halide_generated.cpp:8740:34,0,0
lens_blur,cxx_default_on_emitted_cpp,5eb72c8d,0,16,cxx_add_to_sub,lens_blur.halide_generated.cpp,12566,24,generator_specific,0,0,0,,,,0,14.334,cxx_add_to_sub:/mnt/scratch1/ardi/dsl_mut/HM-armc/mutation/lowered-cpp/lens_blur/lens_blur.halide_generated.cpp:12566:24,0,0
lens_blur,cxx_default_on_emitted_cpp,5eb72c8d,0,16,cxx_sub_to_add,lens_blur.halide_generated.cpp,10318,38,generator_specific,0,0,0,,,,0,14.331,cxx_sub_to_add:/mnt/scratch1/ardi/dsl_mut/HM-armc/mutation/lowered-cpp/lens_blur/lens_blur.halide_generated.cpp:10318:38,0,0
lens_blur,cxx_default_on_emitted_cpp,5eb72c8d,0,16,cxx_add_to_sub,lens_blur.halide_generated.cpp,13718,26,generator_specific,0,0,0,,,,0,14.577,cxx_add_to_sub:/mnt/scratch1/ardi/dsl_mut/HM-armc/mutation/lowered-cpp/lens_blur/lens_blur.halide_generated.cpp:13718:26,0,0
lens_blur,cxx_default_on_emitted_cpp,5eb72c8d,0,16,cxx_add_to_sub,lens_blur.halide_generated.cpp,6580,74,generator_specific,0,0,0,,,,0,14.104,cxx_add_to_sub:/mnt/scratch1/ardi/dsl_mut/HM-armc/mutation/lowered-cpp/lens_blur/lens_blur.halide_generated.cpp:6580:74,0,0
lens_blur,cxx_default_on_emitted_cpp,5eb72c8d,0,16,cxx_lt_to_ge,lens_blur.halide_generated.cpp,5604,68,generator_specific,0,0,1,,,test2_golden,0,14.450,cxx_lt_to_ge:/mnt/scratch1/ardi/dsl_mut/HM-armc/mutation/lowered-cpp/lens_blur/lens_blur.halide_generated.cpp:5604:68,0,0
lens_blur,cxx_default_on_emitted_cpp,5eb72c8d,0,16,cxx_mul_to_div,lens_blur.halide_generated.cpp,14437,29,generator_specific,0,0,0,,,,0,14.084,cxx_mul_to_div:/mnt/scratch1/ardi/dsl_mut/HM-armc/mutation/lowered-cpp/lens_blur/lens_blur.halide_generated.cpp:14437:29,0,0
lens_blur,cxx_default_on_emitted_cpp,5eb72c8d,0,16,cxx_mul_to_div,lens_blur.halide_generated.cpp,9161,34,generator_specific,0,0,0,,,,0,14.295,cxx_mul_to_div:/mnt/scratch1/ardi/dsl_mut/HM-armc/mutation/lowered-cpp/lens_blur/lens_blur.halide_generated.cpp:9161:34,0,0
lens_blur,cxx_default_on_emitted_cpp,5eb72c8d,0,16,cxx_add_to_sub,lens_blur.halide_generated.cpp,7015,30,generator_specific,0,0,0,,,,0,14.381,cxx_add_to_sub:/mnt/scratch1/ardi/dsl_mut/HM-armc/mutation/lowered-cpp/lens_blur/lens_blur.halide_generated.cpp:7015:30,0,0
lens_blur,cxx_default_on_emitted_cpp,5eb72c8d,0,16,cxx_add_to_sub,lens_blur.halide_generated.cpp,9215,34,generator_specific,0,0,0,,,,0,14.750,cxx_add_to_sub:/mnt/scratch1/ardi/dsl_mut/HM-armc/mutation/lowered-cpp/lens_blur/lens_blur.halide_generated.cpp:9215:34,0,0
lens_blur,cxx_default_on_emitted_cpp,5eb72c8d,0,16,cxx_add_to_sub,lens_blur.halide_generated.cpp,10828,38,generator_specific,0,0,0,,,,0,13.739,cxx_add_to_sub:/mnt/scratch1/ardi/dsl_mut/HM-armc/mutation/lowered-cpp/lens_blur/lens_blur.halide_generated.cpp:10828:38,0,0
lens_blur,cxx_default_on_emitted_cpp,5eb72c8d,0,16,cxx_add_to_sub,lens_blur.halide_generated.cpp,4068,24,generator_specific,0,0,1,,,test2_golden,0,13.822,cxx_add_to_sub:/mnt/scratch1/ardi/dsl_mut/HM-armc/mutation/lowered-cpp/lens_blur/lens_blur.halide_generated.cpp:4068:24,0,0
lens_blur,cxx_default_on_emitted_cpp,5eb72c8d,0,16,cxx_mul_to_div,lens_blur.halide_generated.cpp,11015,37,generator_specific,-8,1,,,,test1_demo,0,0.276,cxx_mul_to_div:/mnt/scratch1/ardi/dsl_mut/HM-armc/mutation/lowered-cpp/lens_blur/lens_blur.halide_generated.cpp:11015:37,0,1
lens_blur,cxx_default_on_emitted_cpp,5eb72c8d,0,16,cxx_add_to_sub,lens_blur.halide_generated.cpp,3831,25,generator_specific,-11,1,,,,test1_demo,0,0.817,cxx_add_to_sub:/mnt/scratch1/ardi/dsl_mut/HM-armc/mutation/lowered-cpp/lens_blur/lens_blur.halide_generated.cpp:3831:25,0,1
lens_blur,cxx_default_on_emitted_cpp,5eb72c8d,0,16,cxx_sub_to_add,lens_blur.halide_generated.cpp,13464,26,generator_specific,0,0,0,,,,0,13.791,cxx_sub_to_add:/mnt/scratch1/ardi/dsl_mut/HM-armc/mutation/lowered-cpp/lens_blur/lens_blur.halide_generated.cpp:13464:26,0,0
lens_blur,cxx_default_on_emitted_cpp,5eb72c8d,0,16,cxx_post_inc_to_post_dec,lens_blur.halide_generated.cpp,12065,61,generator_specific,-11,1,,,,test1_demo,0,0.430,cxx_post_inc_to_post_dec:/mnt/scratch1/ardi/dsl_mut/HM-armc/mutation/lowered-cpp/lens_blur/lens_blur.halide_generated.cpp:12065:61,0,1
lens_blur,cxx_default_on_emitted_cpp,5eb72c8d,0,16,cxx_add_to_sub,lens_blur.halide_generated.cpp,9939,37,generator_specific,0,0,1,,,test2_golden,0,14.270,cxx_add_to_sub:/mnt/scratch1/ardi/dsl_mut/HM-armc/mutation/lowered-cpp/lens_blur/lens_blur.halide_generated.cpp:9939:37,0,0
lens_blur,cxx_default_on_emitted_cpp,5eb72c8d,0,16,cxx_lt_to_le,lens_blur.halide_generated.cpp,7550,72,generator_specific,0,0,0,,,,0,14.147,cxx_lt_to_le:/mnt/scratch1/ardi/dsl_mut/HM-armc/mutation/lowered-cpp/lens_blur/lens_blur.halide_generated.cpp:7550:72,0,0
lens_blur,cxx_default_on_emitted_cpp,5eb72c8d,0,16,cxx_mul_to_div,lens_blur.halide_generated.cpp,3782,24,generator_specific,0,0,1,,,test2_golden,0,14.724,cxx_mul_to_div:/mnt/scratch1/ardi/dsl_mut/HM-armc/mutation/lowered-cpp/lens_blur/lens_blur.halide_generated.cpp:3782:24,0,0
lens_blur,cxx_default_on_emitted_cpp,5eb72c8d,0,16,cxx_replace_scalar_call,lens_blur.halide_generated.cpp,3905,18,generator_specific,0,0,1,,,test2_golden,0,14.603,cxx_replace_scalar_call:/mnt/scratch1/ardi/dsl_mut/HM-armc/mutation/lowered-cpp/lens_blur/lens_blur.halide_generated.cpp:3905:18,0,0
lens_blur,cxx_default_on_emitted_cpp,5eb72c8d,0,16,cxx_add_to_sub,lens_blur.halide_generated.cpp,10705,38,generator_specific,0,0,1,,,test2_golden,0,14.180,cxx_add_to_sub:/mnt/scratch1/ardi/dsl_mut/HM-armc/mutation/lowered-cpp/lens_blur/lens_blur.halide_generated.cpp:10705:38,0,0
lens_blur,cxx_default_on_emitted_cpp,5eb72c8d,0,16,cxx_add_to_sub,lens_blur.halide_generated.cpp,12614,24,generator_specific,0,0,0,,,,0,14.442,cxx_add_to_sub:/mnt/scratch1/ardi/dsl_mut/HM-armc/mutation/lowered-cpp/lens_blur/lens_blur.halide_generated.cpp:12614:24,0,0
lens_blur,cxx_default_on_emitted_cpp,5eb72c8d,0,16,cxx_add_to_sub,lens_blur.halide_generated.cpp,5638,26,generator_specific,0,0,0,,,,0,14.016,cxx_add_to_sub:/mnt/scratch1/ardi/dsl_mut/HM-armc/mutation/lowered-cpp/lens_blur/lens_blur.halide_generated.cpp:5638:26,0,0
lens_blur,cxx_default_on_emitted_cpp,5eb72c8d,0,16,cxx_sub_to_add,lens_blur.halide_generated.cpp,10445,37,generator_specific,0,0,0,,,,0,14.386,cxx_sub_to_add:/mnt/scratch1/ardi/dsl_mut/HM-armc/mutation/lowered-cpp/lens_blur/lens_blur.halide_generated.cpp:10445:37,0,0
lens_blur,cxx_default_on_emitted_cpp,5eb72c8d,0,16,cxx_add_to_sub,lens_blur.halide_generated.cpp,7504,31,generator_specific,0,0,0,,,,0,13.849,cxx_add_to_sub:/mnt/scratch1/ardi/dsl_mut/HM-armc/mutation/lowered-cpp/lens_blur/lens_blur.halide_generated.cpp:7504:31,0,0
lens_blur,cxx_default_on_emitted_cpp,5eb72c8d,0,16,cxx_add_to_sub,lens_blur.halide_generated.cpp,6627,29,generator_specific,0,0,0,,,,0,13.764,cxx_add_to_sub:/mnt/scratch1/ardi/dsl_mut/HM-armc/mutation/lowered-cpp/lens_blur/lens_blur.halide_generated.cpp:6627:29,0,0
lens_blur,cxx_default_on_emitted_cpp,5eb72c8d,0,16,cxx_add_to_sub,lens_blur.halide_generated.cpp,7052,84,generator_specific,0,0,0,,,,0,15.138,cxx_add_to_sub:/mnt/scratch1/ardi/dsl_mut/HM-armc/mutation/lowered-cpp/lens_blur/lens_blur.halide_generated.cpp:7052:84,0,0
lens_blur,cxx_default_on_emitted_cpp,5eb72c8d,0,16,cxx_mul_to_div,lens_blur.halide_generated.cpp,6768,76,generator_specific,-6,1,,,,test1_demo,0,0.227,cxx_mul_to_div:/mnt/scratch1/ardi/dsl_mut/HM-armc/mutation/lowered-cpp/lens_blur/lens_blur.halide_generated.cpp:6768:76,0,1
lens_blur,cxx_default_on_emitted_cpp,5eb72c8d,0,16,cxx_add_to_sub,lens_blur.halide_generated.cpp,12027,86,generator_specific,0,0,1,,,test2_golden,0,14.671,cxx_add_to_sub:/mnt/scratch1/ardi/dsl_mut/HM-armc/mutation/lowered-cpp/lens_blur/lens_blur.halide_generated.cpp:12027:86,0,0
lens_blur,cxx_default_on_emitted_cpp,5eb72c8d,0,16,cxx_add_to_sub,lens_blur.halide_generated.cpp,5871,30,generator_specific,-11,1,,,,test1_demo,0,0.283,cxx_add_to_sub:/mnt/scratch1/ardi/dsl_mut/HM-armc/mutation/lowered-cpp/lens_blur/lens_blur.halide_generated.cpp:5871:30,0,1
lens_blur,cxx_default_on_emitted_cpp,5eb72c8d,0,16,cxx_mul_to_div,lens_blur.halide_generated.cpp,8758,33,generator_specific,0,0,0,,,,0,13.991,cxx_mul_to_div:/mnt/scratch1/ardi/dsl_mut/HM-armc/mutation/lowered-cpp/lens_blur/lens_blur.halide_generated.cpp:8758:33,0,0
lens_blur,cxx_default_on_emitted_cpp,5eb72c8d,0,16,cxx_post_inc_to_post_dec,lens_blur.halide_generated.cpp,11523,89,generator_specific,-11,1,,,,test1_demo,0,0.383,cxx_post_inc_to_post_dec:/mnt/scratch1/ardi/dsl_mut/HM-armc/mutation/lowered-cpp/lens_blur/lens_blur.halide_generated.cpp:11523:89,0,1
lens_blur,cxx_default_on_emitted_cpp,5eb72c8d,0,16,cxx_add_to_sub,lens_blur.halide_generated.cpp,5573,26,generator_specific,0,0,0,,,,0,14.544,cxx_add_to_sub:/mnt/scratch1/ardi/dsl_mut/HM-armc/mutation/lowered-cpp/lens_blur/lens_blur.halide_generated.cpp:5573:26,0,0
lens_blur,cxx_default_on_emitted_cpp,5eb72c8d,0,16,cxx_add_to_sub,lens_blur.halide_generated.cpp,14375,28,generator_specific,0,0,0,,,,0,15.099,cxx_add_to_sub:/mnt/scratch1/ardi/dsl_mut/HM-armc/mutation/lowered-cpp/lens_blur/lens_blur.halide_generated.cpp:14375:28,0,0
lens_blur,cxx_default_on_emitted_cpp,5eb72c8d,0,16,cxx_lt_to_le,lens_blur.halide_generated.cpp,6567,79,generator_specific,-6,1,,,,test1_demo,0,0.231,cxx_lt_to_le:/mnt/scratch1/ardi/dsl_mut/HM-armc/mutation/lowered-cpp/lens_blur/lens_blur.halide_generated.cpp:6567:79,0,1
lens_blur,cxx_default_on_emitted_cpp,5eb72c8d,0,16,cxx_add_to_sub,lens_blur.halide_generated.cpp,8097,31,generator_specific,0,0,0,,,,0,14.373,cxx_add_to_sub:/mnt/scratch1/ardi/dsl_mut/HM-armc/mutation/lowered-cpp/lens_blur/lens_blur.halide_generated.cpp:8097:31,0,0
lens_blur,cxx_default_on_emitted_cpp,5eb72c8d,0,16,cxx_mul_to_div,lens_blur.halide_generated.cpp,9526,35,generator_specific,0,0,0,,,,0,14.955,cxx_mul_to_div:/mnt/scratch1/ardi/dsl_mut/HM-armc/mutation/lowered-cpp/lens_blur/lens_blur.halide_generated.cpp:9526:35,0,0
lens_blur,cxx_default_on_emitted_cpp,5eb72c8d,0,16,cxx_replace_scalar_call,lens_blur.halide_generated.cpp,4699,22,generator_specific,0,0,0,,,,0,14.241,cxx_replace_scalar_call:/mnt/scratch1/ardi/dsl_mut/HM-armc/mutation/lowered-cpp/lens_blur/lens_blur.halide_generated.cpp:4699:22,0,0
lens_blur,cxx_default_on_emitted_cpp,5eb72c8d,0,16,cxx_sub_to_add,lens_blur.halide_generated.cpp,6785,28,generator_specific,0,0,0,,,,0,14.099,cxx_sub_to_add:/mnt/scratch1/ardi/dsl_mut/HM-armc/mutation/lowered-cpp/lens_blur/lens_blur.halide_generated.cpp:6785:28,0,0
lens_blur,cxx_default_on_emitted_cpp,5eb72c8d,0,16,cxx_replace_scalar_call,lens_blur.halide_generated.cpp,12889,20,generator_specific,0,0,0,,,,0,14.171,cxx_replace_scalar_call:/mnt/scratch1/ardi/dsl_mut/HM-armc/mutation/lowered-cpp/lens_blur/lens_blur.halide_generated.cpp:12889:20,0,0
lens_blur,cxx_default_on_emitted_cpp,5eb72c8d,0,16,cxx_sub_to_add,lens_blur.halide_generated.cpp,4131,30,generator_specific,0,0,0,,,,0,14.105,cxx_sub_to_add:/mnt/scratch1/ardi/dsl_mut/HM-armc/mutation/lowered-cpp/lens_blur/lens_blur.halide_generated.cpp:4131:30,0,0
lens_blur,cxx_default_on_emitted_cpp,5eb72c8d,0,16,cxx_add_to_sub,lens_blur.halide_generated.cpp,7496,31,generator_specific,0,0,0,,,,0,14.540,cxx_add_to_sub:/mnt/scratch1/ardi/dsl_mut/HM-armc/mutation/lowered-cpp/lens_blur/lens_blur.halide_generated.cpp:7496:31,0,0
lens_blur,cxx_default_on_emitted_cpp,5eb72c8d,0,16,cxx_sub_to_add,lens_blur.halide_generated.cpp,10714,38,generator_specific,-6,1,,,,test1_demo,0,0.304,cxx_sub_to_add:/mnt/scratch1/ardi/dsl_mut/HM-armc/mutation/lowered-cpp/lens_blur/lens_blur.halide_generated.cpp:10714:38,0,1
lens_blur,cxx_default_on_emitted_cpp,5eb72c8d,0,16,cxx_mul_to_div,lens_blur.halide_generated.cpp,5535,26,generator_specific,0,0,0,,,,0,14.529,cxx_mul_to_div:/mnt/scratch1/ardi/dsl_mut/HM-armc/mutation/lowered-cpp/lens_blur/lens_blur.halide_generated.cpp:5535:26,0,0
lens_blur,cxx_default_on_emitted_cpp,5eb72c8d,0,16,cxx_sub_to_add,lens_blur.halide_generated.cpp,3671,21,generator_specific,0,0,0,,,,0,14.052,cxx_sub_to_add:/mnt/scratch1/ardi/dsl_mut/HM-armc/mutation/lowered-cpp/lens_blur/lens_blur.halide_generated.cpp:3671:21,0,0
lens_blur,cxx_default_on_emitted_cpp,5eb72c8d,0,16,cxx_post_inc_to_post_dec,lens_blur.halide_generated.cpp,5956,130,generator_specific,-11,1,,,,test1_demo,0,0.446,cxx_post_inc_to_post_dec:/mnt/scratch1/ardi/dsl_mut/HM-armc/mutation/lowered-cpp/lens_blur/lens_blur.halide_generated.cpp:5956:130,0,1
lens_blur,cxx_default_on_emitted_cpp,5eb72c8d,0,16,cxx_add_to_sub,lens_blur.halide_generated.cpp,7506,33,generator_specific,0,0,0,,,,0,14.375,cxx_add_to_sub:/mnt/scratch1/ardi/dsl_mut/HM-armc/mutation/lowered-cpp/lens_blur/lens_blur.halide_generated.cpp:7506:33,0,0
lens_blur,cxx_default_on_emitted_cpp,5eb72c8d,0,16,cxx_sub_to_add,lens_blur.halide_generated.cpp,13393,25,generator_specific,0,0,0,,,,0,14.574,cxx_sub_to_add:/mnt/scratch1/ardi/dsl_mut/HM-armc/mutation/lowered-cpp/lens_blur/lens_blur.halide_generated.cpp:13393:25,0,0
lens_blur,cxx_default_on_emitted_cpp,5eb72c8d,0,16,cxx_mul_to_div,lens_blur.halide_generated.cpp,9114,34,generator_specific,0,0,0,,,,0,15.118,cxx_mul_to_div:/mnt/scratch1/ardi/dsl_mut/HM-armc/mutation/lowered-cpp/lens_blur/lens_blur.halide_generated.cpp:9114:34,0,0
lens_blur,cxx_default_on_emitted_cpp,5eb72c8d,0,16,cxx_add_to_sub,lens_blur.halide_generated.cpp,13911,27,generator_specific,0,0,0,,,,0,14.470,cxx_add_to_sub:/mnt/scratch1/ardi/dsl_mut/HM-armc/mutation/lowered-cpp/lens_blur/lens_blur.halide_generated.cpp:13911:27,0,0
lens_blur,cxx_default_on_emitted_cpp,5eb72c8d,0,16,cxx_mul_to_div,lens_blur.halide_generated.cpp,10923,38,generator_specific,0,0,0,,,,0,13.991,cxx_mul_to_div:/mnt/scratch1/ardi/dsl_mut/HM-armc/mutation/lowered-cpp/lens_blur/lens_blur.halide_generated.cpp:10923:38,0,0
lens_blur,cxx_default_on_emitted_cpp,5eb72c8d,0,16,cxx_mul_to_div,lens_blur.halide_generated.cpp,11481,25,generator_specific,-8,1,,,,test1_demo,0,0.413,cxx_mul_to_div:/mnt/scratch1/ardi/dsl_mut/HM-armc/mutation/lowered-cpp/lens_blur/lens_blur.halide_generated.cpp:11481:25,0,1
lens_blur,cxx_default_on_emitted_cpp,5eb72c8d,0,16,cxx_add_to_sub,lens_blur.halide_generated.cpp,8159,30,generator_specific,0,0,0,,,,0,13.919,cxx_add_to_sub:/mnt/scratch1/ardi/dsl_mut/HM-armc/mutation/lowered-cpp/lens_blur/lens_blur.halide_generated.cpp:8159:30,0,0
lens_blur,cxx_default_on_emitted_cpp,5eb72c8d,0,16,cxx_add_to_sub,lens_blur.halide_generated.cpp,7958,34,generator_specific,0,0,0,,,,0,14.575,cxx_add_to_sub:/mnt/scratch1/ardi/dsl_mut/HM-armc/mutation/lowered-cpp/lens_blur/lens_blur.halide_generated.cpp:7958:34,0,0
lens_blur,cxx_default_on_emitted_cpp,5eb72c8d,0,16,cxx_add_to_sub,lens_blur.halide_generated.cpp,13628,26,generator_specific,0,0,0,,,,0,14.602,cxx_add_to_sub:/mnt/scratch1/ardi/dsl_mut/HM-armc/mutation/lowered-cpp/lens_blur/lens_blur.halide_generated.cpp:13628:26,0,0
lens_blur,cxx_default_on_emitted_cpp,5eb72c8d,0,16,cxx_add_to_sub,lens_blur.halide_generated.cpp,3781,34,generator_specific,-11,1,,,,test1_demo,0,0.924,cxx_add_to_sub:/mnt/scratch1/ardi/dsl_mut/HM-armc/mutation/lowered-cpp/lens_blur/lens_blur.halide_generated.cpp:3781:34,0,1
lens_blur,cxx_default_on_emitted_cpp,5eb72c8d,0,16,cxx_sub_to_add,lens_blur.halide_generated.cpp,8357,32,generator_specific,-11,1,,,,test1_demo,0,0.250,cxx_sub_to_add:/mnt/scratch1/ardi/dsl_mut/HM-armc/mutation/lowered-cpp/lens_blur/lens_blur.halide_generated.cpp:8357:32,0,1
lens_blur,cxx_default_on_emitted_cpp,5eb72c8d,0,16,cxx_mul_to_div,lens_blur.halide_generated.cpp,11806,28,generator_specific,0,0,0,,,,0,14.569,cxx_mul_to_div:/mnt/scratch1/ardi/dsl_mut/HM-armc/mutation/lowered-cpp/lens_blur/lens_blur.halide_generated.cpp:11806:28,0,0
lens_blur,cxx_default_on_emitted_cpp,5eb72c8d,0,16,cxx_add_to_sub,lens_blur.halide_generated.cpp,12463,24,generator_specific,0,0,0,,,,0,14.399,cxx_add_to_sub:/mnt/scratch1/ardi/dsl_mut/HM-armc/mutation/lowered-cpp/lens_blur/lens_blur.halide_generated.cpp:12463:24,0,0
lens_blur,cxx_default_on_emitted_cpp,5eb72c8d,0,16,cxx_mul_to_div,lens_blur.halide_generated.cpp,12045,26,generator_specific,-8,1,,,,test1_demo,0,0.582,cxx_mul_to_div:/mnt/scratch1/ardi/dsl_mut/HM-armc/mutation/lowered-cpp/lens_blur/lens_blur.halide_generated.cpp:12045:26,0,1
lens_blur,cxx_default_on_emitted_cpp,5eb72c8d,0,16,cxx_add_to_sub,lens_blur.halide_generated.cpp,12661,24,generator_specific,0,0,0,,,,0,14.103,cxx_add_to_sub:/mnt/scratch1/ardi/dsl_mut/HM-armc/mutation/lowered-cpp/lens_blur/lens_blur.halide_generated.cpp:12661:24,0,0
lens_blur,cxx_default_on_emitted_cpp,5eb72c8d,0,16,cxx_gt_to_le,lens_blur.halide_generated.cpp,8671,21,generator_specific,-6,1,,,,test1_demo,0,0.313,cxx_gt_to_le:/mnt/scratch1/ardi/dsl_mut/HM-armc/mutation/lowered-cpp/lens_blur/lens_blur.halide_generated.cpp:8671:21,0,1
lens_blur,cxx_default_on_emitted_cpp,5eb72c8d,0,16,cxx_lt_to_ge,lens_blur.halide_generated.cpp,3847,47,generator_specific,0,0,1,,,test2_golden,0,14.750,cxx_lt_to_ge:/mnt/scratch1/ardi/dsl_mut/HM-armc/mutation/lowered-cpp/lens_blur/lens_blur.halide_generated.cpp:3847:47,0,0
lens_blur,cxx_default_on_emitted_cpp,5eb72c8d,0,16,cxx_add_to_sub,lens_blur.halide_generated.cpp,6604,31,generator_specific,0,0,0,,,,0,13.952,cxx_add_to_sub:/mnt/scratch1/ardi/dsl_mut/HM-armc/mutation/lowered-cpp/lens_blur/lens_blur.halide_generated.cpp:6604:31,0,0
lens_blur,cxx_default_on_emitted_cpp,5eb72c8d,0,16,cxx_mul_to_div,lens_blur.halide_generated.cpp,5886,27,generator_specific,0,0,0,,,,0,14.438,cxx_mul_to_div:/mnt/scratch1/ardi/dsl_mut/HM-armc/mutation/lowered-cpp/lens_blur/lens_blur.halide_generated.cpp:5886:27,0,0
lens_blur,cxx_default_on_emitted_cpp,5eb72c8d,0,16,cxx_add_to_sub,lens_blur.halide_generated.cpp,11673,28,generator_specific,0,0,0,,,,0,14.236,cxx_add_to_sub:/mnt/scratch1/ardi/dsl_mut/HM-armc/mutation/lowered-cpp/lens_blur/lens_blur.halide_generated.cpp:11673:28,0,0
lens_blur,cxx_default_on_emitted_cpp,5eb72c8d,0,16,cxx_add_to_sub,lens_blur.halide_generated.cpp,6415,31,generator_specific,0,0,0,,,,0,14.406,cxx_add_to_sub:/mnt/scratch1/ardi/dsl_mut/HM-armc/mutation/lowered-cpp/lens_blur/lens_blur.halide_generated.cpp:6415:31,0,0
lens_blur,cxx_default_on_emitted_cpp,5eb72c8d,0,16,cxx_add_to_sub,lens_blur.halide_generated.cpp,10143,34,generator_specific,0,0,0,,,,0,13.909,cxx_add_to_sub:/mnt/scratch1/ardi/dsl_mut/HM-armc/mutation/lowered-cpp/lens_blur/lens_blur.halide_generated.cpp:10143:34,0,0
lens_blur,cxx_default_on_emitted_cpp,5eb72c8d,0,16,cxx_replace_scalar_call,lens_blur.halide_generated.cpp,13370,28,generator_specific,0,0,0,,,,0,14.032,cxx_replace_scalar_call:/mnt/scratch1/ardi/dsl_mut/HM-armc/mutation/lowered-cpp/lens_blur/lens_blur.halide_generated.cpp:13370:28,0,0
lens_blur,cxx_default_on_emitted_cpp,5eb72c8d,0,16,cxx_mul_to_div,lens_blur.halide_generated.cpp,7861,31,generator_specific,0,0,0,,,,0,14.550,cxx_mul_to_div:/mnt/scratch1/ardi/dsl_mut/HM-armc/mutation/lowered-cpp/lens_blur/lens_blur.halide_generated.cpp:7861:31,0,0
lens_blur,cxx_default_on_emitted_cpp,5eb72c8d,0,16,cxx_add_to_sub,lens_blur.halide_generated.cpp,5696,26,generator_specific,0,0,0,,,,0,14.517,cxx_add_to_sub:/mnt/scratch1/ardi/dsl_mut/HM-armc/mutation/lowered-cpp/lens_blur/lens_blur.halide_generated.cpp:5696:26,0,0
lens_blur,cxx_default_on_emitted_cpp,5eb72c8d,0,16,cxx_remove_void_call,lens_blur.halide_generated.cpp,12271,10,generator_specific,0,0,1,,,test2_golden,0,14.254,cxx_remove_void_call:/mnt/scratch1/ardi/dsl_mut/HM-armc/mutation/lowered-cpp/lens_blur/lens_blur.halide_generated.cpp:12271:10,0,0
lens_blur,cxx_default_on_emitted_cpp,5eb72c8d,0,16,cxx_add_to_sub,lens_blur.halide_generated.cpp,6633,28,generator_specific,0,0,0,,,,0,14.458,cxx_add_to_sub:/mnt/scratch1/ardi/dsl_mut/HM-armc/mutation/lowered-cpp/lens_blur/lens_blur.halide_generated.cpp:6633:28,0,0
lens_blur,cxx_default_on_emitted_cpp,5eb72c8d,0,16,cxx_div_to_mul,lens_blur.halide_generated.cpp,11619,28,generator_specific,0,0,0,,,,0,14.275,cxx_div_to_mul:/mnt/scratch1/ardi/dsl_mut/HM-armc/mutation/lowered-cpp/lens_blur/lens_blur.halide_generated.cpp:11619:28,0,0
lens_blur,cxx_default_on_emitted_cpp,5eb72c8d,0,16,cxx_ne_to_eq,lens_blur.halide_generated.cpp,5792,27,generator_specific,-6,1,,,,test1_demo,0,0.221,cxx_ne_to_eq:/mnt/scratch1/ardi/dsl_mut/HM-armc/mutation/lowered-cpp/lens_blur/lens_blur.halide_generated.cpp:5792:27,0,1
lens_blur,cxx_default_on_emitted_cpp,5eb72c8d,0,16,cxx_add_to_sub,lens_blur.halide_generated.cpp,10312,38,generator_specific,0,0,0,,,,0,14.203,cxx_add_to_sub:/mnt/scratch1/ardi/dsl_mut/HM-armc/mutation/lowered-cpp/lens_blur/lens_blur.halide_generated.cpp:10312:38,0,0
lens_blur,cxx_default_on_emitted_cpp,5eb72c8d,0,16,cxx_sub_to_add,lens_blur.halide_generated.cpp,11239,37,generator_specific,0,0,0,,,,0,14.534,cxx_sub_to_add:/mnt/scratch1/ardi/dsl_mut/HM-armc/mutation/lowered-cpp/lens_blur/lens_blur.halide_generated.cpp:11239:37,0,0
lens_blur,cxx_default_on_emitted_cpp,5eb72c8d,0,16,cxx_add_to_sub,lens_blur.halide_generated.cpp,8325,35,generator_specific,0,0,0,,,,0,14.992,cxx_add_to_sub:/mnt/scratch1/ardi/dsl_mut/HM-armc/mutation/lowered-cpp/lens_blur/lens_blur.halide_generated.cpp:8325:35,0,0
lens_blur,cxx_default_on_emitted_cpp,5eb72c8d,0,16,cxx_mul_to_div,lens_blur.halide_generated.cpp,14225,28,generator_specific,0,0,0,,,,0,14.029,cxx_mul_to_div:/mnt/scratch1/ardi/dsl_mut/HM-armc/mutation/lowered-cpp/lens_blur/lens_blur.halide_generated.cpp:14225:28,0,0
lens_blur,cxx_default_on_emitted_cpp,5eb72c8d,0,16,cxx_replace_scalar_call,lens_blur.halide_generated.cpp,11667,43,generator_specific,0,0,0,,,,0,13.923,cxx_replace_scalar_call:/mnt/scratch1/ardi/dsl_mut/HM-armc/mutation/lowered-cpp/lens_blur/lens_blur.halide_generated.cpp:11667:43,0,0
lens_blur,cxx_default_on_emitted_cpp,5eb72c8d,0,16,cxx_mul_to_div,lens_blur.halide_generated.cpp,6058,27,generator_specific,0,0,0,,,,0,14.482,cxx_mul_to_div:/mnt/scratch1/ardi/dsl_mut/HM-armc/mutation/lowered-cpp/lens_blur/lens_blur.halide_generated.cpp:6058:27,0,0
lens_blur,cxx_default_on_emitted_cpp,5eb72c8d,0,16,cxx_add_to_sub,lens_blur.halide_generated.cpp,12711,24,generator_specific,0,0,0,,,,0,14.698,cxx_add_to_sub:/mnt/scratch1/ardi/dsl_mut/HM-armc/mutation/lowered-cpp/lens_blur/lens_blur.halide_generated.cpp:12711:24,0,0
lens_blur,cxx_default_on_emitted_cpp,5eb72c8d,0,16,cxx_le_to_lt,lens_blur.halide_generated.cpp,12957,22,generator_specific,0,0,1,,,test2_golden,0,0.021,cxx_le_to_lt:/mnt/scratch1/ardi/dsl_mut/HM-armc/mutation/lowered-cpp/lens_blur/lens_blur.halide_generated.cpp:12957:22,0,0
lens_blur,cxx_default_on_emitted_cpp,5eb72c8d,0,16,cxx_add_to_sub,lens_blur.halide_generated.cpp,8659,31,generator_specific,0,0,0,,,,0,15.041,cxx_add_to_sub:/mnt/scratch1/ardi/dsl_mut/HM-armc/mutation/lowered-cpp/lens_blur/lens_blur.halide_generated.cpp:8659:31,0,0
lens_blur,cxx_default_on_emitted_cpp,5eb72c8d,0,16,cxx_add_to_sub,lens_blur.halide_generated.cpp,8079,31,generator_specific,0,0,0,,,,0,14.081,cxx_add_to_sub:/mnt/scratch1/ardi/dsl_mut/HM-armc/mutation/lowered-cpp/lens_blur/lens_blur.halide_generated.cpp:8079:31,0,0
lens_blur,cxx_default_on_emitted_cpp,5eb72c8d,0,16,cxx_add_to_sub,lens_blur.halide_generated.cpp,11615,28,generator_specific,0,0,1,,,test2_golden,0,14.761,cxx_add_to_sub:/mnt/scratch1/ardi/dsl_mut/HM-armc/mutation/lowered-cpp/lens_blur/lens_blur.halide_generated.cpp:11615:28,0,0
lens_blur,cxx_default_on_emitted_cpp,5eb72c8d,0,16,cxx_add_to_sub,lens_blur.halide_generated.cpp,13431,26,generator_specific,0,0,1,,,test2_golden,0,14.077,cxx_add_to_sub:/mnt/scratch1/ardi/dsl_mut/HM-armc/mutation/lowered-cpp/lens_blur/lens_blur.halide_generated.cpp:13431:26,0,0
lens_blur,cxx_default_on_emitted_cpp,5eb72c8d,0,16,cxx_le_to_lt,lens_blur.halide_generated.cpp,13051,22,generator_specific,0,0,0,,,,0,14.245,cxx_le_to_lt:/mnt/scratch1/ardi/dsl_mut/HM-armc/mutation/lowered-cpp/lens_blur/lens_blur.halide_generated.cpp:13051:22,0,0
lens_blur,cxx_default_on_emitted_cpp,5eb72c8d,0,16,cxx_add_to_sub,lens_blur.halide_generated.cpp,6870,30,generator_specific,0,0,0,,,,0,14.652,cxx_add_to_sub:/mnt/scratch1/ardi/dsl_mut/HM-armc/mutation/lowered-cpp/lens_blur/lens_blur.halide_generated.cpp:6870:30,0,0
lens_blur,cxx_default_on_emitted_cpp,5eb72c8d,0,16,cxx_add_to_sub,lens_blur.halide_generated.cpp,10202,36,generator_specific,-6,1,,,,test1_demo,0,0.271,cxx_add_to_sub:/mnt/scratch1/ardi/dsl_mut/HM-armc/mutation/lowered-cpp/lens_blur/lens_blur.halide_generated.cpp:10202:36,0,1
lens_blur,cxx_default_on_emitted_cpp,5eb72c8d,0,16,cxx_sub_to_add,lens_blur.halide_generated.cpp,9099,34,generator_specific,0,0,0,,,,0,14.538,cxx_sub_to_add:/mnt/scratch1/ardi/dsl_mut/HM-armc/mutation/lowered-cpp/lens_blur/lens_blur.halide_generated.cpp:9099:34,0,0
lens_blur,cxx_default_on_emitted_cpp,5eb72c8d,0,16,cxx_sub_to_add,lens_blur.halide_generated.cpp,5274,24,generator_specific,-6,1,,,,test1_demo,0,0.239,cxx_sub_to_add:/mnt/scratch1/ardi/dsl_mut/HM-armc/mutation/lowered-cpp/lens_blur/lens_blur.halide_generated.cpp:5274:24,0,1
lens_blur,cxx_default_on_emitted_cpp,5eb72c8d,0,16,cxx_lt_to_ge,lens_blur.halide_generated.cpp,11032,57,generator_specific,0,0,1,,,test2_golden,0,14.833,cxx_lt_to_ge:/mnt/scratch1/ardi/dsl_mut/HM-armc/mutation/lowered-cpp/lens_blur/lens_blur.halide_generated.cpp:11032:57,0,0
lens_blur,cxx_default_on_emitted_cpp,5eb72c8d,0,16,cxx_add_to_sub,lens_blur.halide_generated.cpp,9206,34,generator_specific,0,0,0,,,,0,14.509,cxx_add_to_sub:/mnt/scratch1/ardi/dsl_mut/HM-armc/mutation/lowered-cpp/lens_blur/lens_blur.halide_generated.cpp:9206:34,0,0
lens_blur,cxx_default_on_emitted_cpp,5eb72c8d,0,16,cxx_post_inc_to_post_dec,lens_blur.halide_generated.cpp,3863,70,generator_specific,-11,1,,,,test1_demo,0,0.024,cxx_post_inc_to_post_dec:/mnt/scratch1/ardi/dsl_mut/HM-armc/mutation/lowered-cpp/lens_blur/lens_blur.halide_generated.cpp:3863:70,0,1
lens_blur,cxx_default_on_emitted_cpp,5eb72c8d,0,16,cxx_mul_to_div,lens_blur.halide_generated.cpp,7394,30,generator_specific,0,0,0,,,,0,14.666,cxx_mul_to_div:/mnt/scratch1/ardi/dsl_mut/HM-armc/mutation/lowered-cpp/lens_blur/lens_blur.halide_generated.cpp:7394:30,0,0
lens_blur,cxx_default_on_emitted_cpp,5eb72c8d,0,16,cxx_add_to_sub,lens_blur.halide_generated.cpp,5446,29,generator_specific,-11,1,,,,test1_demo,0,0.261,cxx_add_to_sub:/mnt/scratch1/ardi/dsl_mut/HM-armc/mutation/lowered-cpp/lens_blur/lens_blur.halide_generated.cpp:5446:29,0,1
lens_blur,cxx_default_on_emitted_cpp,5eb72c8d,0,16,cxx_add_to_sub,lens_blur.halide_generated.cpp,12086,32,generator_specific,0,0,1,,,test2_golden,0,14.505,cxx_add_to_sub:/mnt/scratch1/ardi/dsl_mut/HM-armc/mutation/lowered-cpp/lens_blur/lens_blur.halide_generated.cpp:12086:32,0,0
lens_blur,cxx_default_on_emitted_cpp,5eb72c8d,0,16,cxx_replace_scalar_call,lens_blur.halide_generated.cpp,5132,18,generator_specific,0,0,0,,,,0,14.756,cxx_replace_scalar_call:/mnt/scratch1/ardi/dsl_mut/HM-armc/mutation/lowered-cpp/lens_blur/lens_blur.halide_generated.cpp:5132:18,0,0
lens_blur,cxx_default_on_emitted_cpp,5eb72c8d,0,16,cxx_replace_scalar_call,lens_blur.halide_generated.cpp,13378,19,generator_specific,-11,1,,,,test1_demo,0,1.352,cxx_replace_scalar_call:/mnt/scratch1/ardi/dsl_mut/HM-armc/mutation/lowered-cpp/lens_blur/lens_blur.halide_generated.cpp:13378:19,0,1
lens_blur,cxx_default_on_emitted_cpp,5eb72c8d,0,16,cxx_add_to_sub,lens_blur.halide_generated.cpp,8587,33,generator_specific,0,0,0,,,,0,14.861,cxx_add_to_sub:/mnt/scratch1/ardi/dsl_mut/HM-armc/mutation/lowered-cpp/lens_blur/lens_blur.halide_generated.cpp:8587:33,0,0
lens_blur,cxx_default_on_emitted_cpp,5eb72c8d,0,16,cxx_sub_to_add,lens_blur.halide_generated.cpp,14529,29,generator_specific,0,0,0,,,,0,14.847,cxx_sub_to_add:/mnt/scratch1/ardi/dsl_mut/HM-armc/mutation/lowered-cpp/lens_blur/lens_blur.halide_generated.cpp:14529:29,0,0
lens_blur,cxx_default_on_emitted_cpp,5eb72c8d,0,16,cxx_add_to_sub,lens_blur.halide_generated.cpp,12942,26,generator_specific,0,0,0,,,,0,14.028,cxx_add_to_sub:/mnt/scratch1/ardi/dsl_mut/HM-armc/mutation/lowered-cpp/lens_blur/lens_blur.halide_generated.cpp:12942:26,0,0
lens_blur,cxx_default_on_emitted_cpp,5eb72c8d,0,16,cxx_add_to_sub,lens_blur.halide_generated.cpp,12054,26,generator_specific,-11,1,,,,test1_demo,0,1.157,cxx_add_to_sub:/mnt/scratch1/ardi/dsl_mut/HM-armc/mutation/lowered-cpp/lens_blur/lens_blur.halide_generated.cpp:12054:26,0,1
lens_blur,cxx_default_on_emitted_cpp,5eb72c8d,0,16,cxx_add_to_sub,lens_blur.halide_generated.cpp,3776,25,generator_specific,-11,1,,,,test1_demo,0,0.757,cxx_add_to_sub:/mnt/scratch1/ardi/dsl_mut/HM-armc/mutation/lowered-cpp/lens_blur/lens_blur.halide_generated.cpp:3776:25,0,1
lens_blur,cxx_default_on_emitted_cpp,5eb72c8d,0,16,cxx_add_to_sub,lens_blur.halide_generated.cpp,8035,31,generator_specific,0,0,0,,,,0,14.621,cxx_add_to_sub:/mnt/scratch1/ardi/dsl_mut/HM-armc/mutation/lowered-cpp/lens_blur/lens_blur.halide_generated.cpp:8035:31,0,0
lens_blur,cxx_default_on_emitted_cpp,5eb72c8d,0,16,cxx_mul_to_div,lens_blur.halide_generated.cpp,9967,36,generator_specific,0,0,0,,,,0,14.142,cxx_mul_to_div:/mnt/scratch1/ardi/dsl_mut/HM-armc/mutation/lowered-cpp/lens_blur/lens_blur.halide_generated.cpp:9967:36,0,0
lens_blur,cxx_default_on_emitted_cpp,5eb72c8d,0,16,cxx_add_to_sub,lens_blur.halide_generated.cpp,6724,27,generator_specific,0,0,0,,,,0,14.038,cxx_add_to_sub:/mnt/scratch1/ardi/dsl_mut/HM-armc/mutation/lowered-cpp/lens_blur/lens_blur.halide_generated.cpp:6724:27,0,0
lens_blur,cxx_default_on_emitted_cpp,5eb72c8d,0,16,cxx_add_to_sub,lens_blur.halide_generated.cpp,5857,30,generator_specific,-11,1,,,,test1_demo,0,0.362,cxx_add_to_sub:/mnt/scratch1/ardi/dsl_mut/HM-armc/mutation/lowered-cpp/lens_blur/lens_blur.halide_generated.cpp:5857:30,0,1
lens_blur,cxx_default_on_emitted_cpp,5eb72c8d,0,16,cxx_sub_to_add,lens_blur.halide_generated.cpp,8234,32,generator_specific,0,0,0,,,,0,13.771,cxx_sub_to_add:/mnt/scratch1/ardi/dsl_mut/HM-armc/mutation/lowered-cpp/lens_blur/lens_blur.halide_generated.cpp:8234:32,0,0
lens_blur,cxx_default_on_emitted_cpp,5eb72c8d,0,16,cxx_add_to_sub,lens_blur.halide_generated.cpp,4047,23,generator_specific,0,0,0,,,,0,15.353,cxx_add_to_sub:/mnt/scratch1/ardi/dsl_mut/HM-armc/mutation/lowered-cpp/lens_blur/lens_blur.halide_generated.cpp:4047:23,0,0
lens_blur,cxx_default_on_emitted_cpp,5eb72c8d,0,16,cxx_mul_to_div,lens_blur.halide_generated.cpp,4688,26,generator_specific,0,0,0,,,,0,14.544,cxx_mul_to_div:/mnt/scratch1/ardi/dsl_mut/HM-armc/mutation/lowered-cpp/lens_blur/lens_blur.halide_generated.cpp:4688:26,0,0
lens_blur,cxx_default_on_emitted_cpp,5eb72c8d,0,16,cxx_add_to_sub,lens_blur.halide_generated.cpp,12728,24,generator_specific,0,0,0,,,,0,14.216,cxx_add_to_sub:/mnt/scratch1/ardi/dsl_mut/HM-armc/mutation/lowered-cpp/lens_blur/lens_blur.halide_generated.cpp:12728:24,0,0
lens_blur,cxx_default_on_emitted_cpp,5eb72c8d,0,16,cxx_add_to_sub,lens_blur.halide_generated.cpp,5487,26,generator_specific,-11,1,,,,test1_demo,0,0.252,cxx_add_to_sub:/mnt/scratch1/ardi/dsl_mut/HM-armc/mutation/lowered-cpp/lens_blur/lens_blur.halide_generated.cpp:5487:26,0,1
lens_blur,cxx_default_on_emitted_cpp,5eb72c8d,0,16,cxx_sub_to_add,lens_blur.halide_generated.cpp,6300,27,generator_specific,0,0,0,,,,0,14.270,cxx_sub_to_add:/mnt/scratch1/ardi/dsl_mut/HM-armc/mutation/lowered-cpp/lens_blur/lens_blur.halide_generated.cpp:6300:27,0,0
lens_blur,cxx_default_on_emitted_cpp,5eb72c8d,0,16,cxx_add_to_sub,lens_blur.halide_generated.cpp,6345,31,generator_specific,0,0,0,,,,0,14.027,cxx_add_to_sub:/mnt/scratch1/ardi/dsl_mut/HM-armc/mutation/lowered-cpp/lens_blur/lens_blur.halide_generated.cpp:6345:31,0,0
lens_blur,cxx_default_on_emitted_cpp,5eb72c8d,0,16,cxx_add_to_sub,lens_blur.halide_generated.cpp,7438,31,generator_specific,0,0,0,,,,0,14.234,cxx_add_to_sub:/mnt/scratch1/ardi/dsl_mut/HM-armc/mutation/lowered-cpp/lens_blur/lens_blur.halide_generated.cpp:7438:31,0,0
lens_blur,cxx_default_on_emitted_cpp,5eb72c8d,0,16,cxx_lt_to_le,lens_blur.halide_generated.cpp,8937,54,generator_specific,0,0,0,,,,0,13.791,cxx_lt_to_le:/mnt/scratch1/ardi/dsl_mut/HM-armc/mutation/lowered-cpp/lens_blur/lens_blur.halide_generated.cpp:8937:54,0,0
lens_blur,cxx_default_on_emitted_cpp,5eb72c8d,0,16,cxx_add_to_sub,lens_blur.halide_generated.cpp,9226,32,generator_specific,0,0,0,,,,0,14.428,cxx_add_to_sub:/mnt/scratch1/ardi/dsl_mut/HM-armc/mutation/lowered-cpp/lens_blur/lens_blur.halide_generated.cpp:9226:32,0,0
lens_blur,cxx_default_on_emitted_cpp,5eb72c8d,0,16,cxx_mul_to_div,lens_blur.halide_generated.cpp,8943,35,generator_specific,0,0,0,,,,0,14.718,cxx_mul_to_div:/mnt/scratch1/ardi/dsl_mut/HM-armc/mutation/lowered-cpp/lens_blur/lens_blur.halide_generated.cpp:8943:35,0,0
lens_blur,cxx_default_on_emitted_cpp,5eb72c8d,0,16,cxx_add_to_sub,lens_blur.halide_generated.cpp,7972,34,generator_specific,0,0,0,,,,0,14.519,cxx_add_to_sub:/mnt/scratch1/ardi/dsl_mut/HM-armc/mutation/lowered-cpp/lens_blur/lens_blur.halide_generated.cpp:7972:34,0,0
lens_blur,cxx_default_on_emitted_cpp,5eb72c8d,0,16,cxx_eq_to_ne,lens_blur.halide_generated.cpp,9758,47,generator_specific,0,0,0,,,,0,14.515,cxx_eq_to_ne:/mnt/scratch1/ardi/dsl_mut/HM-armc/mutation/lowered-cpp/lens_blur/lens_blur.halide_generated.cpp:9758:47,0,0
lens_blur,cxx_default_on_emitted_cpp,5eb72c8d,0,16,cxx_add_to_sub,lens_blur.halide_generated.cpp,6816,30,generator_specific,0,0,0,,,,0,14.151,cxx_add_to_sub:/mnt/scratch1/ardi/dsl_mut/HM-armc/mutation/lowered-cpp/lens_blur/lens_blur.halide_generated.cpp:6816:30,0,0
lens_blur,cxx_default_on_emitted_cpp,5eb72c8d,0,16,cxx_mul_to_div,lens_blur.halide_generated.cpp,10539,37,generator_specific,0,0,0,,,,0,14.807,cxx_mul_to_div:/mnt/scratch1/ardi/dsl_mut/HM-armc/mutation/lowered-cpp/lens_blur/lens_blur.halide_generated.cpp:10539:37,0,0
lens_blur,cxx_default_on_emitted_cpp,5eb72c8d,0,16,cxx_add_to_sub,lens_blur.halide_generated.cpp,10838,39,generator_specific,0,0,0,,,,0,14.115,cxx_add_to_sub:/mnt/scratch1/ardi/dsl_mut/HM-armc/mutation/lowered-cpp/lens_blur/lens_blur.halide_generated.cpp:10838:39,0,0
lens_blur,cxx_default_on_emitted_cpp,5eb72c8d,0,16,cxx_sub_to_add,lens_blur.halide_generated.cpp,6428,28,generator_specific,0,0,0,,,,0,14.376,cxx_sub_to_add:/mnt/scratch1/ardi/dsl_mut/HM-armc/mutation/lowered-cpp/lens_blur/lens_blur.halide_generated.cpp:6428:28,0,0
lens_blur,cxx_default_on_emitted_cpp,5eb72c8d,0,16,cxx_add_to_sub,lens_blur.halide_generated.cpp,9638,35,generator_specific,0,0,0,,,,0,14.338,cxx_add_to_sub:/mnt/scratch1/ardi/dsl_mut/HM-armc/mutation/lowered-cpp/lens_blur/lens_blur.halide_generated.cpp:9638:35,0,0
lens_blur,cxx_default_on_emitted_cpp,5eb72c8d,0,16,cxx_replace_scalar_call,lens_blur.halide_generated.cpp,12679,18,generator_specific,0,0,0,,,,0,13.729,cxx_replace_scalar_call:/mnt/scratch1/ardi/dsl_mut/HM-armc/mutation/lowered-cpp/lens_blur/lens_blur.halide_generated.cpp:12679:18,0,0
lens_blur,cxx_default_on_emitted_cpp,5eb72c8d,0,16,cxx_sub_to_add,lens_blur.halide_generated.cpp,4144,30,generator_specific,0,0,0,,,,0,13.504,cxx_sub_to_add:/mnt/scratch1/ardi/dsl_mut/HM-armc/mutation/lowered-cpp/lens_blur/lens_blur.halide_generated.cpp:4144:30,0,0
lens_blur,cxx_default_on_emitted_cpp,5eb72c8d,0,16,cxx_add_to_sub,lens_blur.halide_generated.cpp,6595,29,generator_specific,0,0,0,,,,0,14.038,cxx_add_to_sub:/mnt/scratch1/ardi/dsl_mut/HM-armc/mutation/lowered-cpp/lens_blur/lens_blur.halide_generated.cpp:6595:29,0,0
lens_blur,cxx_default_on_emitted_cpp,5eb72c8d,0,16,cxx_sub_to_add,lens_blur.halide_generated.cpp,5070,22,generator_specific,0,0,0,,,,0,13.653,cxx_sub_to_add:/mnt/scratch1/ardi/dsl_mut/HM-armc/mutation/lowered-cpp/lens_blur/lens_blur.halide_generated.cpp:5070:22,0,0
lens_blur,cxx_default_on_emitted_cpp,5eb72c8d,0,16,cxx_sub_to_add,lens_blur.halide_generated.cpp,9408,36,generator_specific,0,0,0,,,,0,13.665,cxx_sub_to_add:/mnt/scratch1/ardi/dsl_mut/HM-armc/mutation/lowered-cpp/lens_blur/lens_blur.halide_generated.cpp:9408:36,0,0
lens_blur,cxx_default_on_emitted_cpp,5eb72c8d,0,16,cxx_sub_to_add,lens_blur.halide_generated.cpp,9535,35,generator_specific,0,0,1,,,test2_golden,0,13.833,cxx_sub_to_add:/mnt/scratch1/ardi/dsl_mut/HM-armc/mutation/lowered-cpp/lens_blur/lens_blur.halide_generated.cpp:9535:35,0,0
lens_blur,cxx_default_on_emitted_cpp,5eb72c8d,0,16,cxx_lt_to_le,lens_blur.halide_generated.cpp,4041,27,generator_specific,0,0,0,,,,0,13.860,cxx_lt_to_le:/mnt/scratch1/ardi/dsl_mut/HM-armc/mutation/lowered-cpp/lens_blur/lens_blur.halide_generated.cpp:4041:27,0,0
lens_blur,cxx_default_on_emitted_cpp,5eb72c8d,0,16,cxx_gt_to_ge,lens_blur.halide_generated.cpp,4290,16,generator_specific,0,0,0,,,,0,13.606,cxx_gt_to_ge:/mnt/scratch1/ardi/dsl_mut/HM-armc/mutation/lowered-cpp/lens_blur/lens_blur.halide_generated.cpp:4290:16,0,0
lens_blur,cxx_default_on_emitted_cpp,5eb72c8d,0,16,cxx_add_to_sub,lens_blur.halide_generated.cpp,5774,25,generator_specific,0,0,0,,,,0,13.682,cxx_add_to_sub:/mnt/scratch1/ardi/dsl_mut/HM-armc/mutation/lowered-cpp/lens_blur/lens_blur.halide_generated.cpp:5774:25,0,0
lens_blur,cxx_default_on_emitted_cpp,5eb72c8d,0,16,cxx_add_to_sub,lens_blur.halide_generated.cpp,5831,27,generator_specific,0,0,0,,,,0,14.112,cxx_add_to_sub:/mnt/scratch1/ardi/dsl_mut/HM-armc/mutation/lowered-cpp/lens_blur/lens_blur.halide_generated.cpp:5831:27,0,0
lens_blur,cxx_default_on_emitted_cpp,5eb72c8d,0,16,cxx_replace_scalar_call,lens_blur.halide_generated.cpp,5320,20,generator_specific,0,0,0,,,,0,13.404,cxx_replace_scalar_call:/mnt/scratch1/ardi/dsl_mut/HM-armc/mutation/lowered-cpp/lens_blur/lens_blur.halide_generated.cpp:5320:20,0,0
lens_blur,cxx_default_on_emitted_cpp,5eb72c8d,0,16,cxx_remove_void_call,lens_blur.halide_generated.cpp,12071,7,generator_specific,0,0,1,,,test2_golden,0,13.689,cxx_remove_void_call:/mnt/scratch1/ardi/dsl_mut/HM-armc/mutation/lowered-cpp/lens_blur/lens_blur.halide_generated.cpp:12071:7,0,0
lens_blur,cxx_default_on_emitted_cpp,5eb72c8d,0,16,cxx_add_to_sub,lens_blur.halide_generated.cpp,9962,37,generator_specific,0,0,1,,,test2_golden,0,14.403,cxx_add_to_sub:/mnt/scratch1/ardi/dsl_mut/HM-armc/mutation/lowered-cpp/lens_blur/lens_blur.halide_generated.cpp:9962:37,0,0
lens_blur,cxx_default_on_emitted_cpp,5eb72c8d,0,16,cxx_sub_to_add,lens_blur.halide_generated.cpp,4355,30,generator_specific,0,0,0,,,,0,13.482,cxx_sub_to_add:/mnt/scratch1/ardi/dsl_mut/HM-armc/mutation/lowered-cpp/lens_blur/lens_blur.halide_generated.cpp:4355:30,0,0
lens_blur,cxx_default_on_emitted_cpp,5eb72c8d,0,16,cxx_add_to_sub,lens_blur.halide_generated.cpp,4679,24,generator_specific,0,0,0,,,,0,14.083,cxx_add_to_sub:/mnt/scratch1/ardi/dsl_mut/HM-armc/mutation/lowered-cpp/lens_blur/lens_blur.halide_generated.cpp:4679:24,0,0
lens_blur,cxx_default_on_emitted_cpp,5eb72c8d,0,16,cxx_gt_to_ge,lens_blur.halide_generated.cpp,7739,31,generator_specific,0,0,0,,,,0,13.950,cxx_gt_to_ge:/mnt/scratch1/ardi/dsl_mut/HM-armc/mutation/lowered-cpp/lens_blur/lens_blur.halide_generated.cpp:7739:31,0,0
lens_blur,cxx_default_on_emitted_cpp,5eb72c8d,0,16,cxx_remove_void_call,lens_blur.halide_generated.cpp,12337,6,generator_specific,0,0,1,,,test2_golden,0,14.089,cxx_remove_void_call:/mnt/scratch1/ardi/dsl_mut/HM-armc/mutation/lowered-cpp/lens_blur/lens_blur.halide_generated.cpp:12337:6,0,0
lens_blur,cxx_default_on_emitted_cpp,5eb72c8d,0,16,cxx_add_to_sub,lens_blur.halide_generated.cpp,9507,36,generator_specific,0,0,1,,,test2_golden,0,13.670,cxx_add_to_sub:/mnt/scratch1/ardi/dsl_mut/HM-armc/mutation/lowered-cpp/lens_blur/lens_blur.halide_generated.cpp:9507:36,0,0
lens_blur,cxx_default_on_emitted_cpp,5eb72c8d,0,16,cxx_add_to_sub,lens_blur.halide_generated.cpp,6262,26,generator_specific,0,0,0,,,,0,14.209,cxx_add_to_sub:/mnt/scratch1/ardi/dsl_mut/HM-armc/mutation/lowered-cpp/lens_blur/lens_blur.halide_generated.cpp:6262:26,0,0
lens_blur,cxx_default_on_emitted_cpp,5eb72c8d,0,16,cxx_add_to_sub,lens_blur.halide_generated.cpp,13772,26,generator_specific,0,0,0,,,,0,14.004,cxx_add_to_sub:/mnt/scratch1/ardi/dsl_mut/HM-armc/mutation/lowered-cpp/lens_blur/lens_blur.halide_generated.cpp:13772:26,0,0
lens_blur,cxx_default_on_emitted_cpp,5eb72c8d,0,16,cxx_lt_to_le,lens_blur.halide_generated.cpp,5357,68,generator_specific,0,0,0,,,,0,14.090,cxx_lt_to_le:/mnt/scratch1/ardi/dsl_mut/HM-armc/mutation/lowered-cpp/lens_blur/lens_blur.halide_generated.cpp:5357:68,0,0
lens_blur,cxx_default_on_emitted_cpp,5eb72c8d,0,16,cxx_sub_to_add,lens_blur.halide_generated.cpp,9791,35,generator_specific,0,0,0,,,,0,14.249,cxx_sub_to_add:/mnt/scratch1/ardi/dsl_mut/HM-armc/mutation/lowered-cpp/lens_blur/lens_blur.halide_generated.cpp:9791:35,0,0
lens_blur,cxx_default_on_emitted_cpp,5eb72c8d,0,16,cxx_mul_to_div,lens_blur.halide_generated.cpp,5182,24,generator_specific,0,0,0,,,,0,14.183,cxx_mul_to_div:/mnt/scratch1/ardi/dsl_mut/HM-armc/mutation/lowered-cpp/lens_blur/lens_blur.halide_generated.cpp:5182:24,0,0
lens_blur,cxx_default_on_emitted_cpp,5eb72c8d,0,16,cxx_add_to_sub,lens_blur.halide_generated.cpp,5352,50,generator_specific,0,0,0,,,,0,14.150,cxx_add_to_sub:/mnt/scratch1/ardi/dsl_mut/HM-armc/mutation/lowered-cpp/lens_blur/lens_blur.halide_generated.cpp:5352:50,0,0
lens_blur,cxx_default_on_emitted_cpp,5eb72c8d,0,16,cxx_add_to_sub,lens_blur.halide_generated.cpp,4578,31,generator_specific,0,0,0,,,,0,13.463,cxx_add_to_sub:/mnt/scratch1/ardi/dsl_mut/HM-armc/mutation/lowered-cpp/lens_blur/lens_blur.halide_generated.cpp:4578:31,0,0
lens_blur,cxx_default_on_emitted_cpp,5eb72c8d,0,16,cxx_add_to_sub,lens_blur.halide_generated.cpp,6473,31,generator_specific,0,0,0,,,,0,13.815,cxx_add_to_sub:/mnt/scratch1/ardi/dsl_mut/HM-armc/mutation/lowered-cpp/lens_blur/lens_blur.halide_generated.cpp:6473:31,0,0
lens_blur,cxx_default_on_emitted_cpp,5eb72c8d,0,16,cxx_lt_to_le,lens_blur.halide_generated.cpp,3863,46,generator_specific,0,0,0,,,,0,13.911,cxx_lt_to_le:/mnt/scratch1/ardi/dsl_mut/HM-armc/mutation/lowered-cpp/lens_blur/lens_blur.halide_generated.cpp:3863:46,0,0
lens_blur,cxx_default_on_emitted_cpp,5eb72c8d,0,16,cxx_add_to_sub,lens_blur.halide_generated.cpp,11532,31,generator_specific,0,0,0,,,,0,14.026,cxx_add_to_sub:/mnt/scratch1/ardi/dsl_mut/HM-armc/mutation/lowered-cpp/lens_blur/lens_blur.halide_generated.cpp:11532:31,0,0
lens_blur,cxx_default_on_emitted_cpp,5eb72c8d,0,16,cxx_le_to_lt,lens_blur.halide_generated.cpp,13086,22,generator_specific,0,0,0,,,,0,13.751,cxx_le_to_lt:/mnt/scratch1/ardi/dsl_mut/HM-armc/mutation/lowered-cpp/lens_blur/lens_blur.halide_generated.cpp:13086:22,0,0
lens_blur,cxx_default_on_emitted_cpp,5eb72c8d,0,16,cxx_mul_to_div,lens_blur.halide_generated.cpp,5769,25,generator_specific,0,0,0,,,,0,13.558,cxx_mul_to_div:/mnt/scratch1/ardi/dsl_mut/HM-armc/mutation/lowered-cpp/lens_blur/lens_blur.halide_generated.cpp:5769:25,0,0
lens_blur,cxx_default_on_emitted_cpp,5eb72c8d,0,16,cxx_add_to_sub,lens_blur.halide_generated.cpp,11560,29,generator_specific,0,0,0,,,,0,13.982,cxx_add_to_sub:/mnt/scratch1/ardi/dsl_mut/HM-armc/mutation/lowered-cpp/lens_blur/lens_blur.halide_generated.cpp:11560:29,0,0
lens_blur,cxx_default_on_emitted_cpp,5eb72c8d,0,16,cxx_sub_to_add,lens_blur.halide_generated.cpp,7184,28,generator_specific,0,0,0,,,,0,13.796,cxx_sub_to_add:/mnt/scratch1/ardi/dsl_mut/HM-armc/mutation/lowered-cpp/lens_blur/lens_blur.halide_generated.cpp:7184:28,0,0
lens_blur,cxx_default_on_emitted_cpp,5eb72c8d,0,16,cxx_sub_to_add,lens_blur.halide_generated.cpp,4453,24,generator_specific,0,0,0,,,,0,13.765,cxx_sub_to_add:/mnt/scratch1/ardi/dsl_mut/HM-armc/mutation/lowered-cpp/lens_blur/lens_blur.halide_generated.cpp:4453:24,0,0
lens_blur,cxx_default_on_emitted_cpp,5eb72c8d,0,16,cxx_replace_scalar_call,lens_blur.halide_generated.cpp,5169,18,generator_specific,0,0,0,,,,0,13.003,cxx_replace_scalar_call:/mnt/scratch1/ardi/dsl_mut/HM-armc/mutation/lowered-cpp/lens_blur/lens_blur.halide_generated.cpp:5169:18,0,0
lens_blur,cxx_default_on_emitted_cpp,5eb72c8d,0,16,cxx_add_to_sub,lens_blur.halide_generated.cpp,14168,28,generator_specific,0,0,0,,,,0,12.586,cxx_add_to_sub:/mnt/scratch1/ardi/dsl_mut/HM-armc/mutation/lowered-cpp/lens_blur/lens_blur.halide_generated.cpp:14168:28,0,0
lens_blur,cxx_default_on_emitted_cpp,5eb72c8d,0,16,cxx_add_to_sub,lens_blur.halide_generated.cpp,10232,35,generator_specific,0,0,0,,,,0,12.937,cxx_add_to_sub:/mnt/scratch1/ardi/dsl_mut/HM-armc/mutation/lowered-cpp/lens_blur/lens_blur.halide_generated.cpp:10232:35,0,0
lens_blur,cxx_default_on_emitted_cpp,5eb72c8d,0,16,cxx_add_to_sub,lens_blur.halide_generated.cpp,6792,84,generator_specific,0,0,0,,,,0,12.847,cxx_add_to_sub:/mnt/scratch1/ardi/dsl_mut/HM-armc/mutation/lowered-cpp/lens_blur/lens_blur.halide_generated.cpp:6792:84,0,0
lens_blur,cxx_default_on_emitted_cpp,5eb72c8d,0,16,cxx_mul_to_div,lens_blur.halide_generated.cpp,9217,34,generator_specific,0,0,0,,,,0,13.398,cxx_mul_to_div:/mnt/scratch1/ardi/dsl_mut/HM-armc/mutation/lowered-cpp/lens_blur/lens_blur.halide_generated.cpp:9217:34,0,0
lens_blur,cxx_default_on_emitted_cpp,5eb72c8d,0,16,cxx_sub_to_add,lens_blur.halide_generated.cpp,12744,24,generator_specific,0,0,0,,,,0,12.810,cxx_sub_to_add:/mnt/scratch1/ardi/dsl_mut/HM-armc/mutation/lowered-cpp/lens_blur/lens_blur.halide_generated.cpp:12744:24,0,0
lens_blur,cxx_default_on_emitted_cpp,5eb72c8d,0,16,cxx_sub_to_add,lens_blur.halide_generated.cpp,5470,26,generator_specific,0,0,0,,,,0,13.262,cxx_sub_to_add:/mnt/scratch1/ardi/dsl_mut/HM-armc/mutation/lowered-cpp/lens_blur/lens_blur.halide_generated.cpp:5470:26,0,0
lens_blur,cxx_default_on_emitted_cpp,5eb72c8d,0,16,cxx_add_to_sub,lens_blur.halide_generated.cpp,6447,29,generator_specific,0,0,0,,,,0,13.088,cxx_add_to_sub:/mnt/scratch1/ardi/dsl_mut/HM-armc/mutation/lowered-cpp/lens_blur/lens_blur.halide_generated.cpp:6447:29,0,0
lens_blur,cxx_default_on_emitted_cpp,5eb72c8d,0,16,cxx_add_to_sub,lens_blur.halide_generated.cpp,9201,35,generator_specific,0,0,0,,,,0,12.787,cxx_add_to_sub:/mnt/scratch1/ardi/dsl_mut/HM-armc/mutation/lowered-cpp/lens_blur/lens_blur.halide_generated.cpp:9201:35,0,0
lens_blur,cxx_default_on_emitted_cpp,5eb72c8d,0,16,cxx_gt_to_ge,lens_blur.halide_generated.cpp,9294,35,generator_specific,0,0,0,,,,0,13.175,cxx_gt_to_ge:/mnt/scratch1/ardi/dsl_mut/HM-armc/mutation/lowered-cpp/lens_blur/lens_blur.halide_generated.cpp:9294:35,0,0
lens_blur,cxx_default_on_emitted_cpp,5eb72c8d,0,16,cxx_add_to_sub,lens_blur.halide_generated.cpp,3705,23,generator_specific,0,0,0,,,,0,13.120,cxx_add_to_sub:/mnt/scratch1/ardi/dsl_mut/HM-armc/mutation/lowered-cpp/lens_blur/lens_blur.halide_generated.cpp:3705:23,0,0
lens_blur,cxx_default_on_emitted_cpp,5eb72c8d,0,16,cxx_add_to_sub,lens_blur.halide_generated.cpp,6217,26,generator_specific,0,0,0,,,,0,12.508,cxx_add_to_sub:/mnt/scratch1/ardi/dsl_mut/HM-armc/mutation/lowered-cpp/lens_blur/lens_blur.halide_generated.cpp:6217:26,0,0
lens_blur,cxx_default_on_emitted_cpp,5eb72c8d,0,16,cxx_post_inc_to_post_dec,lens_blur.halide_generated.cpp,9116,80,generator_specific,-9,1,,,,test1_demo,1,90.770,cxx_post_inc_to_post_dec:/mnt/scratch1/ardi/dsl_mut/HM-armc/mutation/lowered-cpp/lens_blur/lens_blur.halide_generated.cpp:9116:80,0,0
lens_blur,cxx_default_on_emitted_cpp,5eb72c8d,1,16,cxx_le_to_lt,lens_blur.halide_generated.cpp,12912,22,generator_specific,0,0,1,,,test2_golden,0,0.024,cxx_le_to_lt:/mnt/scratch1/ardi/dsl_mut/HM-armc/mutation/lowered-cpp/lens_blur/lens_blur.halide_generated.cpp:12912:22,0,0
lens_blur,cxx_default_on_emitted_cpp,5eb72c8d,1,16,cxx_replace_scalar_call,lens_blur.halide_generated.cpp,12418,18,generator_specific,-6,1,,,,test1_demo,0,0.019,cxx_replace_scalar_call:/mnt/scratch1/ardi/dsl_mut/HM-armc/mutation/lowered-cpp/lens_blur/lens_blur.halide_generated.cpp:12418:18,0,1
lens_blur,cxx_default_on_emitted_cpp,5eb72c8d,1,16,cxx_add_to_sub,lens_blur.halide_generated.cpp,7243,29,generator_specific,-6,1,,,,test1_demo,0,0.227,cxx_add_to_sub:/mnt/scratch1/ardi/dsl_mut/HM-armc/mutation/lowered-cpp/lens_blur/lens_blur.halide_generated.cpp:7243:29,0,1
lens_blur,cxx_default_on_emitted_cpp,5eb72c8d,1,16,cxx_add_to_sub,lens_blur.halide_generated.cpp,8180,31,generator_specific,-6,1,,,,test1_demo,0,0.261,cxx_add_to_sub:/mnt/scratch1/ardi/dsl_mut/HM-armc/mutation/lowered-cpp/lens_blur/lens_blur.halide_generated.cpp:8180:31,0,1
lens_blur,cxx_default_on_emitted_cpp,5eb72c8d,1,16,cxx_add_to_sub,lens_blur.halide_generated.cpp,6550,29,generator_specific,-6,1,,,,test1_demo,0,0.237,cxx_add_to_sub:/mnt/scratch1/ardi/dsl_mut/HM-armc/mutation/lowered-cpp/lens_blur/lens_blur.halide_generated.cpp:6550:29,0,1
lens_blur,cxx_default_on_emitted_cpp,5eb72c8d,1,16,cxx_add_to_sub,lens_blur.halide_generated.cpp,5670,29,generator_specific,-11,1,,,,test1_demo,0,0.291,cxx_add_to_sub:/mnt/scratch1/ardi/dsl_mut/HM-armc/mutation/lowered-cpp/lens_blur/lens_blur.halide_generated.cpp:5670:29,0,1
lens_blur,cxx_default_on_emitted_cpp,5eb72c8d,1,16,cxx_gt_to_le,lens_blur.halide_generated.cpp,11999,72,generator_specific,-6,1,,,,test1_demo,0,0.585,cxx_gt_to_le:/mnt/scratch1/ardi/dsl_mut/HM-armc/mutation/lowered-cpp/lens_blur/lens_blur.halide_generated.cpp:11999:72,0,1
lens_blur,cxx_default_on_emitted_cpp,5eb72c8d,1,16,cxx_gt_to_le,lens_blur.halide_generated.cpp,14410,77,generator_specific,-6,1,,,,test1_demo,0,0.595,cxx_gt_to_le:/mnt/scratch1/ardi/dsl_mut/HM-armc/mutation/lowered-cpp/lens_blur/lens_blur.halide_generated.cpp:14410:77,0,1
lens_blur,cxx_default_on_emitted_cpp,5eb72c8d,1,16,cxx_mul_to_div,lens_blur.halide_generated.cpp,5350,26,generator_specific,-11,1,,,,test1_demo,0,0.266,cxx_mul_to_div:/mnt/scratch1/ardi/dsl_mut/HM-armc/mutation/lowered-cpp/lens_blur/lens_blur.halide_generated.cpp:5350:26,0,1
lens_blur,cxx_default_on_emitted_cpp,5eb72c8d,1,16,cxx_gt_to_le,lens_blur.halide_generated.cpp,13155,23,generator_specific,0,0,0,,,,0,17.154,cxx_gt_to_le:/mnt/scratch1/ardi/dsl_mut/HM-armc/mutation/lowered-cpp/lens_blur/lens_blur.halide_generated.cpp:13155:23,0,0
lens_blur,cxx_default_on_emitted_cpp,5eb72c8d,1,16,cxx_sub_to_add,lens_blur.halide_generated.cpp,8870,33,generator_specific,0,0,0,,,,0,17.418,cxx_sub_to_add:/mnt/scratch1/ardi/dsl_mut/HM-armc/mutation/lowered-cpp/lens_blur/lens_blur.halide_generated.cpp:8870:33,0,0
lens_blur,cxx_default_on_emitted_cpp,5eb72c8d,1,16,cxx_replace_scalar_call,lens_blur.halide_generated.cpp,12862,20,generator_specific,0,0,0,,,,0,17.452,cxx_replace_scalar_call:/mnt/scratch1/ardi/dsl_mut/HM-armc/mutation/lowered-cpp/lens_blur/lens_blur.halide_generated.cpp:12862:20,0,0
lens_blur,cxx_default_on_emitted_cpp,5eb72c8d,1,16,cxx_add_to_sub,lens_blur.halide_generated.cpp,11094,39,generator_specific,0,0,1,,,test2_golden,0,17.519,cxx_add_to_sub:/mnt/scratch1/ardi/dsl_mut/HM-armc/mutation/lowered-cpp/lens_blur/lens_blur.halide_generated.cpp:11094:39,0,0
lens_blur,cxx_default_on_emitted_cpp,5eb72c8d,1,16,cxx_add_to_sub,lens_blur.halide_generated.cpp,6667,31,generator_specific,0,0,0,,,,0,17.522,cxx_add_to_sub:/mnt/scratch1/ardi/dsl_mut/HM-armc/mutation/lowered-cpp/lens_blur/lens_blur.halide_generated.cpp:6667:31,0,0
lens_blur,cxx_default_on_emitted_cpp,5eb72c8d,1,16,cxx_sub_to_add,lens_blur.halide_generated.cpp,4523,30,generator_specific,0,0,0,,,,0,17.516,cxx_sub_to_add:/mnt/scratch1/ardi/dsl_mut/HM-armc/mutation/lowered-cpp/lens_blur/lens_blur.halide_generated.cpp:4523:30,0,0
lens_blur,cxx_default_on_emitted_cpp,5eb72c8d,1,16,cxx_mul_to_div,lens_blur.halide_generated.cpp,6674,28,generator_specific,0,0,0,,,,0,17.535,cxx_mul_to_div:/mnt/scratch1/ardi/dsl_mut/HM-armc/mutation/lowered-cpp/lens_blur/lens_blur.halide_generated.cpp:6674:28,0,0
lens_blur,cxx_default_on_emitted_cpp,5eb72c8d,1,16,cxx_add_to_sub,lens_blur.halide_generated.cpp,6500,28,generator_specific,0,0,0,,,,0,17.530,cxx_add_to_sub:/mnt/scratch1/ardi/dsl_mut/HM-armc/mutation/lowered-cpp/lens_blur/lens_blur.halide_generated.cpp:6500:28,0,0
lens_blur,cxx_default_on_emitted_cpp,5eb72c8d,1,16,cxx_mul_to_div,lens_blur.halide_generated.cpp,5829,27,generator_specific,0,0,0,,,,0,17.554,cxx_mul_to_div:/mnt/scratch1/ardi/dsl_mut/HM-armc/mutation/lowered-cpp/lens_blur/lens_blur.halide_generated.cpp:5829:27,0,0
lens_blur,cxx_default_on_emitted_cpp,5eb72c8d,1,16,cxx_mul_to_div,lens_blur.halide_generated.cpp,5235,24,generator_specific,0,0,0,,,,0,17.570,cxx_mul_to_div:/mnt/scratch1/ardi/dsl_mut/HM-armc/mutation/lowered-cpp/lens_blur/lens_blur.halide_generated.cpp:5235:24,0,0
lens_blur,cxx_default_on_emitted_cpp,5eb72c8d,1,16,cxx_mul_to_div,lens_blur.halide_generated.cpp,13591,26,generator_specific,0,0,0,,,,0,17.564,cxx_mul_to_div:/mnt/scratch1/ardi/dsl_mut/HM-armc/mutation/lowered-cpp/lens_blur/lens_blur.halide_generated.cpp:13591:26,0,0
lens_blur,cxx_default_on_emitted_cpp,5eb72c8d,1,16,cxx_mul_to_div,lens_blur.halide_generated.cpp,12325,31,generator_specific,0,0,1,,,test2_golden,0,17.589,cxx_mul_to_div:/mnt/scratch1/ardi/dsl_mut/HM-armc/mutation/lowered-cpp/lens_blur/lens_blur.halide_generated.cpp:12325:31,0,0
lens_blur,cxx_default_on_emitted_cpp,5eb72c8d,1,16,cxx_mul_to_div,lens_blur.halide_generated.cpp,10852,38,generator_specific,0,0,0,,,,0,17.598,cxx_mul_to_div:/mnt/scratch1/ardi/dsl_mut/HM-armc/mutation/lowered-cpp/lens_blur/lens_blur.halide_generated.cpp:10852:38,0,0
lens_blur,cxx_default_on_emitted_cpp,5eb72c8d,1,16,cxx_mul_to_div,lens_blur.halide_generated.cpp,7528,29,generator_specific,0,0,0,,,,0,17.577,cxx_mul_to_div:/mnt/scratch1/ardi/dsl_mut/HM-armc/mutation/lowered-cpp/lens_blur/lens_blur.halide_generated.cpp:7528:29,0,0
lens_blur,cxx_default_on_emitted_cpp,5eb72c8d,1,16,cxx_replace_scalar_call,lens_blur.halide_generated.cpp,12586,18,generator_specific,0,0,0,,,,0,17.610,cxx_replace_scalar_call:/mnt/scratch1/ardi/dsl_mut/HM-armc/mutation/lowered-cpp/lens_blur/lens_blur.halide_generated.cpp:12586:18,0,0
lens_blur,cxx_default_on_emitted_cpp,5eb72c8d,1,16,cxx_add_to_sub,lens_blur.halide_generated.cpp,5138,24,generator_specific,0,0,1,,,test2_golden,0,17.579,cxx_add_to_sub:/mnt/scratch1/ardi/dsl_mut/HM-armc/mutation/lowered-cpp/lens_blur/lens_blur.halide_generated.cpp:5138:24,0,0
lens_blur,cxx_default_on_emitted_cpp,5eb72c8d,1,16,cxx_mul_to_div,lens_blur.halide_generated.cpp,8785,32,generator_specific,0,0,0,,,,0,17.600,cxx_mul_to_div:/mnt/scratch1/ardi/dsl_mut/HM-armc/mutation/lowered-cpp/lens_blur/lens_blur.halide_generated.cpp:8785:32,0,0
lens_blur,cxx_default_on_emitted_cpp,5eb72c8d,1,16,cxx_lt_to_ge,lens_blur.halide_generated.cpp,10302,57,generator_specific,0,0,0,,,,0,17.563,cxx_lt_to_ge:/mnt/scratch1/ardi/dsl_mut/HM-armc/mutation/lowered-cpp/lens_blur/lens_blur.halide_generated.cpp:10302:57,0,0
lens_blur,cxx_default_on_emitted_cpp,5eb72c8d,1,16,cxx_lt_to_ge,lens_blur.halide_generated.cpp,6307,79,generator_specific,0,0,0,,,,0,16.712,cxx_lt_to_ge:/mnt/scratch1/ardi/dsl_mut/HM-armc/mutation/lowered-cpp/lens_blur/lens_blur.halide_generated.cpp:6307:79,0,0
lens_blur,cxx_default_on_emitted_cpp,5eb72c8d,1,16,cxx_add_to_sub,lens_blur.halide_generated.cpp,6170,27,generator_specific,0,0,0,,,,0,17.605,cxx_add_to_sub:/mnt/scratch1/ardi/dsl_mut/HM-armc/mutation/lowered-cpp/lens_blur/lens_blur.halide_generated.cpp:6170:27,0,0
lens_blur,cxx_default_on_emitted_cpp,5eb72c8d,1,16,cxx_add_to_sub,lens_blur.halide_generated.cpp,9353,58,generator_specific,0,0,1,,,test2_golden,0,17.584,cxx_add_to_sub:/mnt/scratch1/ardi/dsl_mut/HM-armc/mutation/lowered-cpp/lens_blur/lens_blur.halide_generated.cpp:9353:58,0,0
lens_blur,cxx_default_on_emitted_cpp,5eb72c8d,1,16,cxx_mul_to_div,lens_blur.halide_generated.cpp,5724,25,generator_specific,0,0,0,,,,0,17.600,cxx_mul_to_div:/mnt/scratch1/ardi/dsl_mut/HM-armc/mutation/lowered-cpp/lens_blur/lens_blur.halide_generated.cpp:5724:25,0,0
lens_blur,cxx_default_on_emitted_cpp,5eb72c8d,1,16,cxx_add_to_sub,lens_blur.halide_generated.cpp,9045,34,generator_specific,0,0,0,,,,0,17.578,cxx_add_to_sub:/mnt/scratch1/ardi/dsl_mut/HM-armc/mutation/lowered-cpp/lens_blur/lens_blur.halide_generated.cpp:9045:34,0,0
lens_blur,cxx_default_on_emitted_cpp,5eb72c8d,1,16,cxx_add_to_sub,lens_blur.halide_generated.cpp,8707,32,generator_specific,0,0,0,,,,0,17.627,cxx_add_to_sub:/mnt/scratch1/ardi/dsl_mut/HM-armc/mutation/lowered-cpp/lens_blur/lens_blur.halide_generated.cpp:8707:32,0,0
lens_blur,cxx_default_on_emitted_cpp,5eb72c8d,1,16,cxx_post_inc_to_post_dec,lens_blur.halide_generated.cpp,4635,62,generator_specific,-11,1,,,,test1_demo,0,0.027,cxx_post_inc_to_post_dec:/mnt/scratch1/ardi/dsl_mut/HM-armc/mutation/lowered-cpp/lens_blur/lens_blur.halide_generated.cpp:4635:62,0,1
lens_blur,cxx_default_on_emitted_cpp,5eb72c8d,1,16,cxx_mul_to_div,lens_blur.halide_generated.cpp,10206,64,generator_specific,0,0,0,,,,0,17.655,cxx_mul_to_div:/mnt/scratch1/ardi/dsl_mut/HM-armc/mutation/lowered-cpp/lens_blur/lens_blur.halide_generated.cpp:10206:64,0,0
lens_blur,cxx_default_on_emitted_cpp,5eb72c8d,1,16,cxx_gt_to_ge,lens_blur.halide_generated.cpp,14118,17,generator_specific,0,0,0,,,,0,17.387,cxx_gt_to_ge:/mnt/scratch1/ardi/dsl_mut/HM-armc/mutation/lowered-cpp/lens_blur/lens_blur.halide_generated.cpp:14118:17,0,0
lens_blur,cxx_default_on_emitted_cpp,5eb72c8d,1,16,cxx_gt_to_ge,lens_blur.halide_generated.cpp,13233,23,generator_specific,0,0,0,,,,0,17.713,cxx_gt_to_ge:/mnt/scratch1/ardi/dsl_mut/HM-armc/mutation/lowered-cpp/lens_blur/lens_blur.halide_generated.cpp:13233:23,0,0
lens_blur,cxx_default_on_emitted_cpp,5eb72c8d,1,16,cxx_add_to_sub,lens_blur.halide_generated.cpp,11590,29,generator_specific,0,0,0,,,,0,17.706,cxx_add_to_sub:/mnt/scratch1/ardi/dsl_mut/HM-armc/mutation/lowered-cpp/lens_blur/lens_blur.halide_generated.cpp:11590:29,0,0
lens_blur,cxx_default_on_emitted_cpp,5eb72c8d,1,16,cxx_add_to_sub,lens_blur.halide_generated.cpp,10118,37,generator_specific,0,0,0,,,,0,17.709,cxx_add_to_sub:/mnt/scratch1/ardi/dsl_mut/HM-armc/mutation/lowered-cpp/lens_blur/lens_blur.halide_generated.cpp:10118:37,0,0
lens_blur,cxx_default_on_emitted_cpp,5eb72c8d,1,16,cxx_add_to_sub,lens_blur.halide_generated.cpp,7001,32,generator_specific,0,0,0,,,,0,17.753,cxx_add_to_sub:/mnt/scratch1/ardi/dsl_mut/HM-armc/mutation/lowered-cpp/lens_blur/lens_blur.halide_generated.cpp:7001:32,0,0
lens_blur,cxx_default_on_emitted_cpp,5eb72c8d,1,16,cxx_add_to_sub,lens_blur.halide_generated.cpp,6407,31,generator_specific,0,0,0,,,,0,17.723,cxx_add_to_sub:/mnt/scratch1/ardi/dsl_mut/HM-armc/mutation/lowered-cpp/lens_blur/lens_blur.halide_generated.cpp:6407:31,0,0
lens_blur,cxx_default_on_emitted_cpp,5eb72c8d,1,16,cxx_add_to_sub,lens_blur.halide_generated.cpp,6385,29,generator_specific,0,0,0,,,,0,17.749,cxx_add_to_sub:/mnt/scratch1/ardi/dsl_mut/HM-armc/mutation/lowered-cpp/lens_blur/lens_blur.halide_generated.cpp:6385:29,0,0
lens_blur,cxx_default_on_emitted_cpp,5eb72c8d,1,16,cxx_add_to_sub,lens_blur.halide_generated.cpp,10558,37,generator_specific,0,0,1,,,test2_golden,0,17.758,cxx_add_to_sub:/mnt/scratch1/ardi/dsl_mut/HM-armc/mutation/lowered-cpp/lens_blur/lens_blur.halide_generated.cpp:10558:37,0,0
lens_blur,cxx_default_on_emitted_cpp,5eb72c8d,1,16,cxx_add_to_sub,lens_blur.halide_generated.cpp,9081,34,generator_specific,0,0,0,,,,0,17.540,cxx_add_to_sub:/mnt/scratch1/ardi/dsl_mut/HM-armc/mutation/lowered-cpp/lens_blur/lens_blur.halide_generated.cpp:9081:34,0,0
lens_blur,cxx_default_on_emitted_cpp,5eb72c8d,1,16,cxx_mul_to_div,lens_blur.halide_generated.cpp,11634,28,generator_specific,0,0,0,,,,0,17.806,cxx_mul_to_div:/mnt/scratch1/ardi/dsl_mut/HM-armc/mutation/lowered-cpp/lens_blur/lens_blur.halide_generated.cpp:11634:28,0,0
lens_blur,cxx_default_on_emitted_cpp,5eb72c8d,1,16,cxx_add_to_sub,lens_blur.halide_generated.cpp,7845,32,generator_specific,0,0,0,,,,0,17.850,cxx_add_to_sub:/mnt/scratch1/ardi/dsl_mut/HM-armc/mutation/lowered-cpp/lens_blur/lens_blur.halide_generated.cpp:7845:32,0,0
lens_blur,cxx_default_on_emitted_cpp,5eb72c8d,1,16,cxx_mul_to_div,lens_blur.halide_generated.cpp,12017,35,generator_specific,0,0,1,,,test2_golden,0,17.848,cxx_mul_to_div:/mnt/scratch1/ardi/dsl_mut/HM-armc/mutation/lowered-cpp/lens_blur/lens_blur.halide_generated.cpp:12017:35,0,0
lens_blur,cxx_default_on_emitted_cpp,5eb72c8d,1,16,cxx_mul_to_div,lens_blur.halide_generated.cpp,13046,25,generator_specific,0,0,0,,,,0,17.872,cxx_mul_to_div:/mnt/scratch1/ardi/dsl_mut/HM-armc/mutation/lowered-cpp/lens_blur/lens_blur.halide_generated.cpp:13046:25,0,0
lens_blur,cxx_default_on_emitted_cpp,5eb72c8d,1,16,cxx_add_to_sub,lens_blur.halide_generated.cpp,4244,45,generator_specific,0,0,0,,,,0,17.886,cxx_add_to_sub:/mnt/scratch1/ardi/dsl_mut/HM-armc/mutation/lowered-cpp/lens_blur/lens_blur.halide_generated.cpp:4244:45,0,0
lens_blur,cxx_default_on_emitted_cpp,5eb72c8d,1,16,cxx_remove_void_call,lens_blur.halide_generated.cpp,12037,6,generator_specific,0,0,1,,,test2_golden,0,17.903,cxx_remove_void_call:/mnt/scratch1/ardi/dsl_mut/HM-armc/mutation/lowered-cpp/lens_blur/lens_blur.halide_generated.cpp:12037:6,0,0
lens_blur,cxx_default_on_emitted_cpp,5eb72c8d,1,16,cxx_add_to_sub,lens_blur.halide_generated.cpp,7089,32,generator_specific,0,0,0,,,,0,17.690,cxx_add_to_sub:/mnt/scratch1/ardi/dsl_mut/HM-armc/mutation/lowered-cpp/lens_blur/lens_blur.halide_generated.cpp:7089:32,0,0
lens_blur,cxx_default_on_emitted_cpp,5eb72c8d,1,16,cxx_replace_scalar_call,lens_blur.halide_generated.cpp,12472,18,generator_specific,0,0,0,,,,0,17.923,cxx_replace_scalar_call:/mnt/scratch1/ardi/dsl_mut/HM-armc/mutation/lowered-cpp/lens_blur/lens_blur.halide_generated.cpp:12472:18,0,0
lens_blur,cxx_default_on_emitted_cpp,5eb72c8d,1,16,cxx_add_to_sub,lens_blur.halide_generated.cpp,3861,23,generator_specific,0,0,1,,,test2_golden,0,17.999,cxx_add_to_sub:/mnt/scratch1/ardi/dsl_mut/HM-armc/mutation/lowered-cpp/lens_blur/lens_blur.halide_generated.cpp:3861:23,0,0
lens_blur,cxx_default_on_emitted_cpp,5eb72c8d,1,16,cxx_replace_scalar_call,lens_blur.halide_generated.cpp,13212,20,generator_specific,0,0,0,,,,0,18.025,cxx_replace_scalar_call:/mnt/scratch1/ardi/dsl_mut/HM-armc/mutation/lowered-cpp/lens_blur/lens_blur.halide_generated.cpp:13212:20,0,0
lens_blur,cxx_default_on_emitted_cpp,5eb72c8d,1,16,cxx_replace_scalar_call,lens_blur.halide_generated.cpp,3868,20,generator_specific,0,0,1,,,test2_golden,0,18.014,cxx_replace_scalar_call:/mnt/scratch1/ardi/dsl_mut/HM-armc/mutation/lowered-cpp/lens_blur/lens_blur.halide_generated.cpp:3868:20,0,0
lens_blur,cxx_default_on_emitted_cpp,5eb72c8d,1,16,cxx_add_to_sub,lens_blur.halide_generated.cpp,6149,27,generator_specific,0,0,0,,,,0,18.026,cxx_add_to_sub:/mnt/scratch1/ardi/dsl_mut/HM-armc/mutation/lowered-cpp/lens_blur/lens_blur.halide_generated.cpp:6149:27,0,0
lens_blur,cxx_default_on_emitted_cpp,5eb72c8d,1,16,cxx_sub_to_add,lens_blur.halide_generated.cpp,13450,26,generator_specific,0,0,0,,,,0,17.504,cxx_sub_to_add:/mnt/scratch1/ardi/dsl_mut/HM-armc/mutation/lowered-cpp/lens_blur/lens_blur.halide_generated.cpp:13450:26,0,0
lens_blur,cxx_default_on_emitted_cpp,5eb72c8d,1,16,cxx_sub_to_add,lens_blur.halide_generated.cpp,9726,34,generator_specific,0,0,0,,,,0,18.059,cxx_sub_to_add:/mnt/scratch1/ardi/dsl_mut/HM-armc/mutation/lowered-cpp/lens_blur/lens_blur.halide_generated.cpp:9726:34,0,0
lens_blur,cxx_default_on_emitted_cpp,5eb72c8d,1,16,cxx_add_to_sub,lens_blur.halide_generated.cpp,8635,30,generator_specific,0,0,0,,,,0,18.116,cxx_add_to_sub:/mnt/scratch1/ardi/dsl_mut/HM-armc/mutation/lowered-cpp/lens_blur/lens_blur.halide_generated.cpp:8635:30,0,0
lens_blur,cxx_default_on_emitted_cpp,5eb72c8d,1,16,cxx_add_to_sub,lens_blur.halide_generated.cpp,11546,31,generator_specific,-11,1,,,,test1_demo,0,0.507,cxx_add_to_sub:/mnt/scratch1/ardi/dsl_mut/HM-armc/mutation/lowered-cpp/lens_blur/lens_blur.halide_generated.cpp:11546:31,0,1
lens_blur,cxx_default_on_emitted_cpp,5eb72c8d,1,16,cxx_eq_to_ne,lens_blur.halide_generated.cpp,4088,38,generator_specific,0,0,0,,,,0,17.871,cxx_eq_to_ne:/mnt/scratch1/ardi/dsl_mut/HM-armc/mutation/lowered-cpp/lens_blur/lens_blur.halide_generated.cpp:4088:38,0,0
lens_blur,cxx_default_on_emitted_cpp,5eb72c8d,1,16,cxx_add_to_sub,lens_blur.halide_generated.cpp,10941,39,generator_specific,0,0,0,,,,0,18.135,cxx_add_to_sub:/mnt/scratch1/ardi/dsl_mut/HM-armc/mutation/lowered-cpp/lens_blur/lens_blur.halide_generated.cpp:10941:39,0,0
lens_blur,cxx_default_on_emitted_cpp,5eb72c8d,1,16,cxx_add_to_sub,lens_blur.halide_generated.cpp,5667,29,generator_specific,-11,1,,,,test1_demo,0,0.340,cxx_add_to_sub:/mnt/scratch1/ardi/dsl_mut/HM-armc/mutation/lowered-cpp/lens_blur/lens_blur.halide_generated.cpp:5667:29,0,1
lens_blur,cxx_default_on_emitted_cpp,5eb72c8d,1,16,cxx_replace_scalar_call,lens_blur.halide_generated.cpp,12407,18,generator_specific,0,0,1,,,test2_golden,0,18.152,cxx_replace_scalar_call:/mnt/scratch1/ardi/dsl_mut/HM-armc/mutation/lowered-cpp/lens_blur/lens_blur.halide_generated.cpp:12407:18,0,0
lens_blur,cxx_default_on_emitted_cpp,5eb72c8d,1,16,cxx_add_to_sub,lens_blur.halide_generated.cpp,13799,26,generator_specific,0,0,0,,,,0,18.181,cxx_add_to_sub:/mnt/scratch1/ardi/dsl_mut/HM-armc/mutation/lowered-cpp/lens_blur/lens_blur.halide_generated.cpp:13799:26,0,0
lens_blur,cxx_default_on_emitted_cpp,5eb72c8d,1,16,cxx_add_to_sub,lens_blur.halide_generated.cpp,5848,28,generator_specific,0,0,0,,,,0,18.408,cxx_add_to_sub:/mnt/scratch1/ardi/dsl_mut/HM-armc/mutation/lowered-cpp/lens_blur/lens_blur.halide_generated.cpp:5848:28,0,0
lens_blur,cxx_default_on_emitted_cpp,5eb72c8d,1,16,cxx_add_to_sub,lens_blur.halide_generated.cpp,12283,34,generator_specific,-11,1,,,,test1_demo,0,1.483,cxx_add_to_sub:/mnt/scratch1/ardi/dsl_mut/HM-armc/mutation/lowered-cpp/lens_blur/lens_blur.halide_generated.cpp:12283:34,0,1
lens_blur,cxx_default_on_emitted_cpp,5eb72c8d,1,16,cxx_add_to_sub,lens_blur.halide_generated.cpp,12302,34,generator_specific,-11,1,,,,test1_demo,0,1.490,cxx_add_to_sub:/mnt/scratch1/ardi/dsl_mut/HM-armc/mutation/lowered-cpp/lens_blur/lens_blur.halide_generated.cpp:12302:34,0,1
lens_blur,cxx_default_on_emitted_cpp,5eb72c8d,1,16,cxx_remove_void_call,lens_blur.halide_generated.cpp,12252,10,generator_specific,0,0,1,,,test2_golden,0,17.331,cxx_remove_void_call:/mnt/scratch1/ardi/dsl_mut/HM-armc/mutation/lowered-cpp/lens_blur/lens_blur.halide_generated.cpp:12252:10,0,0
lens_blur,cxx_default_on_emitted_cpp,5eb72c8d,1,16,cxx_mul_to_div,lens_blur.halide_generated.cpp,10677,37,generator_specific,0,0,0,,,,0,17.514,cxx_mul_to_div:/mnt/scratch1/ardi/dsl_mut/HM-armc/mutation/lowered-cpp/lens_blur/lens_blur.halide_generated.cpp:10677:37,0,0
lens_blur,cxx_default_on_emitted_cpp,5eb72c8d,1,16,cxx_gt_to_ge,lens_blur.halide_generated.cpp,13878,73,generator_specific,0,0,0,,,,0,17.989,cxx_gt_to_ge:/mnt/scratch1/ardi/dsl_mut/HM-armc/mutation/lowered-cpp/lens_blur/lens_blur.halide_generated.cpp:13878:73,0,0
lens_blur,cxx_default_on_emitted_cpp,5eb72c8d,1,16,cxx_add_to_sub,lens_blur.halide_generated.cpp,6583,29,generator_specific,0,0,0,,,,0,17.633,cxx_add_to_sub:/mnt/scratch1/ardi/dsl_mut/HM-armc/mutation/lowered-cpp/lens_blur/lens_blur.halide_generated.cpp:6583:29,0,0
lens_blur,cxx_default_on_emitted_cpp,5eb72c8d,1,16,cxx_add_to_sub,lens_blur.halide_generated.cpp,6958,32,generator_specific,0,0,0,,,,0,17.807,cxx_add_to_sub:/mnt/scratch1/ardi/dsl_mut/HM-armc/mutation/lowered-cpp/lens_blur/lens_blur.halide_generated.cpp:6958:32,0,0
lens_blur,cxx_default_on_emitted_cpp,5eb72c8d,1,16,cxx_add_to_sub,lens_blur.halide_generated.cpp,3760,25,generator_specific,0,0,1,,,test2_golden,0,17.711,cxx_add_to_sub:/mnt/scratch1/ardi/dsl_mut/HM-armc/mutation/lowered-cpp/lens_blur/lens_blur.halide_generated.cpp:3760:25,0,0
lens_blur,cxx_default_on_emitted_cpp,5eb72c8d,1,16,cxx_mul_to_div,lens_blur.halide_generated.cpp,10742,38,generator_specific,0,0,0,,,,0,17.813,cxx_mul_to_div:/mnt/scratch1/ardi/dsl_mut/HM-armc/mutation/lowered-cpp/lens_blur/lens_blur.halide_generated.cpp:10742:38,0,0
lens_blur,cxx_default_on_emitted_cpp,5eb72c8d,1,16,cxx_add_to_sub,lens_blur.halide_generated.cpp,5949,51,generator_specific,0,0,0,,,,0,17.911,cxx_add_to_sub:/mnt/scratch1/ardi/dsl_mut/HM-armc/mutation/lowered-cpp/lens_blur/lens_blur.halide_generated.cpp:5949:51,0,0
lens_blur,cxx_default_on_emitted_cpp,5eb72c8d,1,16,cxx_add_to_sub,lens_blur.halide_generated.cpp,14094,27,generator_specific,0,0,0,,,,0,17.895,cxx_add_to_sub:/mnt/scratch1/ardi/dsl_mut/HM-armc/mutation/lowered-cpp/lens_blur/lens_blur.halide_generated.cpp:14094:27,0,0
lens_blur,cxx_default_on_emitted_cpp,5eb72c8d,1,16,cxx_add_to_sub,lens_blur.halide_generated.cpp,8826,32,generator_specific,0,0,0,,,,0,17.856,cxx_add_to_sub:/mnt/scratch1/ardi/dsl_mut/HM-armc/mutation/lowered-cpp/lens_blur/lens_blur.halide_generated.cpp:8826:32,0,0
lens_blur,cxx_default_on_emitted_cpp,5eb72c8d,1,16,cxx_add_to_sub,lens_blur.halide_generated.cpp,5710,24,generator_specific,0,0,0,,,,0,17.938,cxx_add_to_sub:/mnt/scratch1/ardi/dsl_mut/HM-armc/mutation/lowered-cpp/lens_blur/lens_blur.halide_generated.cpp:5710:24,0,0
lens_blur,cxx_default_on_emitted_cpp,5eb72c8d,1,16,cxx_mul_to_div,lens_blur.halide_generated.cpp,10706,38,generator_specific,0,0,0,,,,0,17.874,cxx_mul_to_div:/mnt/scratch1/ardi/dsl_mut/HM-armc/mutation/lowered-cpp/lens_blur/lens_blur.halide_generated.cpp:10706:38,0,0
lens_blur,cxx_default_on_emitted_cpp,5eb72c8d,1,16,cxx_sub_to_add,lens_blur.halide_generated.cpp,4747,30,generator_specific,0,0,0,,,,0,18.047,cxx_sub_to_add:/mnt/scratch1/ardi/dsl_mut/HM-armc/mutation/lowered-cpp/lens_blur/lens_blur.halide_generated.cpp:4747:30,0,0
lens_blur,cxx_default_on_emitted_cpp,5eb72c8d,1,16,cxx_lt_to_le,lens_blur.halide_generated.cpp,11491,45,generator_specific,0,0,0,,,,0,17.909,cxx_lt_to_le:/mnt/scratch1/ardi/dsl_mut/HM-armc/mutation/lowered-cpp/lens_blur/lens_blur.halide_generated.cpp:11491:45,0,0
lens_blur,cxx_default_on_emitted_cpp,5eb72c8d,1,16,cxx_sub_to_add,lens_blur.halide_generated.cpp,9387,35,generator_specific,0,0,0,,,,0,17.760,cxx_sub_to_add:/mnt/scratch1/ardi/dsl_mut/HM-armc/mutation/lowered-cpp/lens_blur/lens_blur.halide_generated.cpp:9387:35,0,0
lens_blur,cxx_default_on_emitted_cpp,5eb72c8d,1,16,cxx_add_to_sub,lens_blur.halide_generated.cpp,5107,22,generator_specific,0,0,0,,,,0,17.890,cxx_add_to_sub:/mnt/scratch1/ardi/dsl_mut/HM-armc/mutation/lowered-cpp/lens_blur/lens_blur.halide_generated.cpp:5107:22,0,0
lens_blur,cxx_default_on_emitted_cpp,5eb72c8d,1,16,cxx_add_to_sub,lens_blur.halide_generated.cpp,7617,33,generator_specific,0,0,0,,,,0,17.984,cxx_add_to_sub:/mnt/scratch1/ardi/dsl_mut/HM-armc/mutation/lowered-cpp/lens_blur/lens_blur.halide_generated.cpp:7617:33,0,0
lens_blur,cxx_default_on_emitted_cpp,5eb72c8d,1,16,cxx_mul_to_div,lens_blur.halide_generated.cpp,13630,26,generator_specific,0,0,0,,,,0,17.846,cxx_mul_to_div:/mnt/scratch1/ardi/dsl_mut/HM-armc/mutation/lowered-cpp/lens_blur/lens_blur.halide_generated.cpp:13630:26,0,0
lens_blur,cxx_default_on_emitted_cpp,5eb72c8d,1,16,cxx_add_to_sub,lens_blur.halide_generated.cpp,7030,29,generator_specific,0,0,0,,,,0,17.778,cxx_add_to_sub:/mnt/scratch1/ardi/dsl_mut/HM-armc/mutation/lowered-cpp/lens_blur/lens_blur.halide_generated.cpp:7030:29,0,0
lens_blur,cxx_default_on_emitted_cpp,5eb72c8d,1,16,cxx_mul_to_div,lens_blur.halide_generated.cpp,6019,27,generator_specific,0,0,0,,,,0,17.766,cxx_mul_to_div:/mnt/scratch1/ardi/dsl_mut/HM-armc/mutation/lowered-cpp/lens_blur/lens_blur.halide_generated.cpp:6019:27,0,0
lens_blur,cxx_default_on_emitted_cpp,5eb72c8d,1,16,cxx_sub_to_add,lens_blur.halide_generated.cpp,6070,26,generator_specific,0,0,0,,,,0,17.945,cxx_sub_to_add:/mnt/scratch1/ardi/dsl_mut/HM-armc/mutation/lowered-cpp/lens_blur/lens_blur.halide_generated.cpp:6070:26,0,0
lens_blur,cxx_default_on_emitted_cpp,5eb72c8d,1,16,cxx_post_inc_to_post_dec,lens_blur.halide_generated.cpp,6443,131,generator_specific,-11,1,,,,test1_demo,0,0.295,cxx_post_inc_to_post_dec:/mnt/scratch1/ardi/dsl_mut/HM-armc/mutation/lowered-cpp/lens_blur/lens_blur.halide_generated.cpp:6443:131,0,1
lens_blur,cxx_default_on_emitted_cpp,5eb72c8d,1,16,cxx_mul_to_div,lens_blur.halide_generated.cpp,10578,37,generator_specific,0,0,0,,,,0,17.554,cxx_mul_to_div:/mnt/scratch1/ardi/dsl_mut/HM-armc/mutation/lowered-cpp/lens_blur/lens_blur.halide_generated.cpp:10578:37,0,0
lens_blur,cxx_default_on_emitted_cpp,5eb72c8d,1,16,cxx_add_to_sub,lens_blur.halide_generated.cpp,11468,25,generator_specific,0,0,0,,,,0,18.042,cxx_add_to_sub:/mnt/scratch1/ardi/dsl_mut/HM-armc/mutation/lowered-cpp/lens_blur/lens_blur.halide_generated.cpp:11468:25,0,0
lens_blur,cxx_default_on_emitted_cpp,5eb72c8d,1,16,cxx_add_to_sub,lens_blur.halide_generated.cpp,8457,32,generator_specific,0,0,0,,,,0,18.100,cxx_add_to_sub:/mnt/scratch1/ardi/dsl_mut/HM-armc/mutation/lowered-cpp/lens_blur/lens_blur.halide_generated.cpp:8457:32,0,0
lens_blur,cxx_default_on_emitted_cpp,5eb72c8d,1,16,cxx_add_to_sub,lens_blur.halide_generated.cpp,6327,29,generator_specific,0,0,0,,,,0,17.836,cxx_add_to_sub:/mnt/scratch1/ardi/dsl_mut/HM-armc/mutation/lowered-cpp/lens_blur/lens_blur.halide_generated.cpp:6327:29,0,0
lens_blur,cxx_default_on_emitted_cpp,5eb72c8d,1,16,cxx_add_to_sub,lens_blur.halide_generated.cpp,7795,32,generator_specific,0,0,0,,,,0,17.821,cxx_add_to_sub:/mnt/scratch1/ardi/dsl_mut/HM-armc/mutation/lowered-cpp/lens_blur/lens_blur.halide_generated.cpp:7795:32,0,0
lens_blur,cxx_default_on_emitted_cpp,5eb72c8d,1,16,cxx_add_to_sub,lens_blur.halide_generated.cpp,6040,27,generator_specific,0,0,0,,,,0,18.098,cxx_add_to_sub:/mnt/scratch1/ardi/dsl_mut/HM-armc/mutation/lowered-cpp/lens_blur/lens_blur.halide_generated.cpp:6040:27,0,0
lens_blur,cxx_default_on_emitted_cpp,5eb72c8d,1,16,cxx_add_to_sub,lens_blur.halide_generated.cpp,6026,30,generator_specific,-11,1,,,,test1_demo,0,0.237,cxx_add_to_sub:/mnt/scratch1/ardi/dsl_mut/HM-armc/mutation/lowered-cpp/lens_blur/lens_blur.halide_generated.cpp:6026:30,0,1
lens_blur,cxx_default_on_emitted_cpp,5eb72c8d,1,16,cxx_replace_scalar_call,lens_blur.halide_generated.cpp,13238,20,generator_specific,0,0,0,,,,0,18.147,cxx_replace_scalar_call:/mnt/scratch1/ardi/dsl_mut/HM-armc/mutation/lowered-cpp/lens_blur/lens_blur.halide_generated.cpp:13238:20,0,0
lens_blur,cxx_default_on_emitted_cpp,5eb72c8d,1,16,cxx_add_to_sub,lens_blur.halide_generated.cpp,10725,39,generator_specific,-6,1,,,,test1_demo,0,0.244,cxx_add_to_sub:/mnt/scratch1/ardi/dsl_mut/HM-armc/mutation/lowered-cpp/lens_blur/lens_blur.halide_generated.cpp:10725:39,0,1
lens_blur,cxx_default_on_emitted_cpp,5eb72c8d,1,16,cxx_add_to_sub,lens_blur.halide_generated.cpp,8493,32,generator_specific,0,0,0,,,,0,17.987,cxx_add_to_sub:/mnt/scratch1/ardi/dsl_mut/HM-armc/mutation/lowered-cpp/lens_blur/lens_blur.halide_generated.cpp:8493:32,0,0
lens_blur,cxx_default_on_emitted_cpp,5eb72c8d,1,16,cxx_mul_to_div,lens_blur.halide_generated.cpp,7452,30,generator_specific,0,0,1,,,test2_golden,0,18.256,cxx_mul_to_div:/mnt/scratch1/ardi/dsl_mut/HM-armc/mutation/lowered-cpp/lens_blur/lens_blur.halide_generated.cpp:7452:30,0,0
lens_blur,cxx_default_on_emitted_cpp,5eb72c8d,1,16,cxx_sub_to_add,lens_blur.halide_generated.cpp,11241,37,generator_specific,0,0,0,,,,0,18.033,cxx_sub_to_add:/mnt/scratch1/ardi/dsl_mut/HM-armc/mutation/lowered-cpp/lens_blur/lens_blur.halide_generated.cpp:11241:37,0,0
lens_blur,cxx_default_on_emitted_cpp,5eb72c8d,1,16,cxx_add_to_sub,lens_blur.halide_generated.cpp,5473,26,generator_specific,-11,1,,,,test1_demo,0,0.288,cxx_add_to_sub:/mnt/scratch1/ardi/dsl_mut/HM-armc/mutation/lowered-cpp/lens_blur/lens_blur.halide_generated.cpp:5473:26,0,1
lens_blur,cxx_default_on_emitted_cpp,5eb72c8d,1,16,cxx_mul_to_div,lens_blur.halide_generated.cpp,14358,28,generator_specific,0,0,0,,,,0,17.737,cxx_mul_to_div:/mnt/scratch1/ardi/dsl_mut/HM-armc/mutation/lowered-cpp/lens_blur/lens_blur.halide_generated.cpp:14358:28,0,0
lens_blur,cxx_default_on_emitted_cpp,5eb72c8d,1,16,cxx_post_inc_to_post_dec,lens_blur.halide_generated.cpp,8360,135,generator_specific,-11,1,,,,test1_demo,0,0.311,cxx_post_inc_to_post_dec:/mnt/scratch1/ardi/dsl_mut/HM-armc/mutation/lowered-cpp/lens_blur/lens_blur.halide_generated.cpp:8360:135,0,1
lens_blur,cxx_default_on_emitted_cpp,5eb72c8d,1,16,cxx_add_to_sub,lens_blur.halide_generated.cpp,12899,26,generator_specific,0,0,0,,,,0,17.808,cxx_add_to_sub:/mnt/scratch1/ardi/dsl_mut/HM-armc/mutation/lowered-cpp/lens_blur/lens_blur.halide_generated.cpp:12899:26,0,0
lens_blur,cxx_default_on_emitted_cpp,5eb72c8d,1,16,cxx_post_inc_to_post_dec,lens_blur.halide_generated.cpp,9847,82,generator_specific,-11,1,,,,test1_demo,0,0.292,cxx_post_inc_to_post_dec:/mnt/scratch1/ardi/dsl_mut/HM-armc/mutation/lowered-cpp/lens_blur/lens_blur.halide_generated.cpp:9847:82,0,1
lens_blur,cxx_default_on_emitted_cpp,5eb72c8d,1,16,cxx_add_to_sub,lens_blur.halide_generated.cpp,9641,36,generator_specific,0,0,0,,,,0,17.975,cxx_add_to_sub:/mnt/scratch1/ardi/dsl_mut/HM-armc/mutation/lowered-cpp/lens_blur/lens_blur.halide_generated.cpp:9641:36,0,0
lens_blur,cxx_default_on_emitted_cpp,5eb72c8d,1,16,cxx_add_to_sub,lens_blur.halide_generated.cpp,9648,35,generator_specific,0,0,1,,,test2_golden,0,18.095,cxx_add_to_sub:/mnt/scratch1/ardi/dsl_mut/HM-armc/mutation/lowered-cpp/lens_blur/lens_blur.halide_generated.cpp:9648:35,0,0
lens_blur,cxx_default_on_emitted_cpp,5eb72c8d,1,16,cxx_add_to_sub,lens_blur.halide_generated.cpp,3858,23,generator_specific,0,0,1,,,test2_golden,0,17.866,cxx_add_to_sub:/mnt/scratch1/ardi/dsl_mut/HM-armc/mutation/lowered-cpp/lens_blur/lens_blur.halide_generated.cpp:3858:23,0,0
lens_blur,cxx_default_on_emitted_cpp,5eb72c8d,1,16,cxx_add_to_sub,lens_blur.halide_generated.cpp,9630,36,generator_specific,0,0,0,,,,0,18.034,cxx_add_to_sub:/mnt/scratch1/ardi/dsl_mut/HM-armc/mutation/lowered-cpp/lens_blur/lens_blur.halide_generated.cpp:9630:36,0,0
lens_blur,cxx_default_on_emitted_cpp,5eb72c8d,1,16,cxx_mul_to_div,lens_blur.halide_generated.cpp,4207,42,generator_specific,0,0,0,,,,0,17.751,cxx_mul_to_div:/mnt/scratch1/ardi/dsl_mut/HM-armc/mutation/lowered-cpp/lens_blur/lens_blur.halide_generated.cpp:4207:42,0,0
lens_blur,cxx_default_on_emitted_cpp,5eb72c8d,1,16,cxx_sub_to_add,lens_blur.halide_generated.cpp,5337,25,generator_specific,0,0,0,,,,0,17.820,cxx_sub_to_add:/mnt/scratch1/ardi/dsl_mut/HM-armc/mutation/lowered-cpp/lens_blur/lens_blur.halide_generated.cpp:5337:25,0,0
lens_blur,cxx_default_on_emitted_cpp,5eb72c8d,1,16,cxx_remove_void_call,lens_blur.halide_generated.cpp,12024,6,generator_specific,0,0,0,,,,0,18.093,cxx_remove_void_call:/mnt/scratch1/ardi/dsl_mut/HM-armc/mutation/lowered-cpp/lens_blur/lens_blur.halide_generated.cpp:12024:6,0,0
lens_blur,cxx_default_on_emitted_cpp,5eb72c8d,1,16,cxx_add_to_sub,lens_blur.halide_generated.cpp,10121,37,generator_specific,0,0,1,,,test2_golden,0,18.089,cxx_add_to_sub:/mnt/scratch1/ardi/dsl_mut/HM-armc/mutation/lowered-cpp/lens_blur/lens_blur.halide_generated.cpp:10121:37,0,0
lens_blur,cxx_default_on_emitted_cpp,5eb72c8d,1,16,cxx_mul_to_div,lens_blur.halide_generated.cpp,12565,24,generator_specific,0,0,0,,,,0,18.294,cxx_mul_to_div:/mnt/scratch1/ardi/dsl_mut/HM-armc/mutation/lowered-cpp/lens_blur/lens_blur.halide_generated.cpp:12565:24,0,0
lens_blur,cxx_default_on_emitted_cpp,5eb72c8d,1,16,cxx_add_to_sub,lens_blur.halide_generated.cpp,8101,32,generator_specific,0,0,0,,,,0,17.926,cxx_add_to_sub:/mnt/scratch1/ardi/dsl_mut/HM-armc/mutation/lowered-cpp/lens_blur/lens_blur.halide_generated.cpp:8101:32,0,0
lens_blur,cxx_default_on_emitted_cpp,5eb72c8d,1,16,cxx_replace_scalar_call,lens_blur.halide_generated.cpp,12551,18,generator_specific,0,0,0,,,,0,18.429,cxx_replace_scalar_call:/mnt/scratch1/ardi/dsl_mut/HM-armc/mutation/lowered-cpp/lens_blur/lens_blur.halide_generated.cpp:12551:18,0,0
lens_blur,cxx_default_on_emitted_cpp,5eb72c8d,1,16,cxx_post_inc_to_post_dec,lens_blur.halide_generated.cpp,3270,40,boilerplate,0,0,1,,,test2_golden,0,18.436,cxx_post_inc_to_post_dec:/mnt/scratch1/ardi/dsl_mut/HM-armc/mutation/lowered-cpp/lens_blur/lens_blur.halide_generated.cpp:3270:40,0,0
lens_blur,cxx_default_on_emitted_cpp,5eb72c8d,1,16,cxx_add_to_sub,lens_blur.halide_generated.cpp,9565,35,generator_specific,0,0,1,,,test2_golden,0,17.885,cxx_add_to_sub:/mnt/scratch1/ardi/dsl_mut/HM-armc/mutation/lowered-cpp/lens_blur/lens_blur.halide_generated.cpp:9565:35,0,0
lens_blur,cxx_default_on_emitted_cpp,5eb72c8d,1,16,cxx_add_to_sub,lens_blur.halide_generated.cpp,13768,26,generator_specific,0,0,0,,,,0,17.902,cxx_add_to_sub:/mnt/scratch1/ardi/dsl_mut/HM-armc/mutation/lowered-cpp/lens_blur/lens_blur.halide_generated.cpp:13768:26,0,0
lens_blur,cxx_default_on_emitted_cpp,5eb72c8d,1,16,cxx_sub_to_add,lens_blur.halide_generated.cpp,10249,36,generator_specific,0,0,0,,,,0,18.367,cxx_sub_to_add:/mnt/scratch1/ardi/dsl_mut/HM-armc/mutation/lowered-cpp/lens_blur/lens_blur.halide_generated.cpp:10249:36,0,0
lens_blur,cxx_default_on_emitted_cpp,5eb72c8d,1,16,cxx_add_to_sub,lens_blur.halide_generated.cpp,10568,38,generator_specific,0,0,0,,,,0,18.030,cxx_add_to_sub:/mnt/scratch1/ardi/dsl_mut/HM-armc/mutation/lowered-cpp/lens_blur/lens_blur.halide_generated.cpp:10568:38,0,0
lens_blur,cxx_default_on_emitted_cpp,5eb72c8d,1,16,cxx_add_to_sub,lens_blur.halide_generated.cpp,5997,27,generator_specific,0,0,0,,,,0,18.194,cxx_add_to_sub:/mnt/scratch1/ardi/dsl_mut/HM-armc/mutation/lowered-cpp/lens_blur/lens_blur.halide_generated.cpp:5997:27,0,0
lens_blur,cxx_default_on_emitted_cpp,5eb72c8d,1,16,cxx_replace_scalar_call,lens_blur.halide_generated.cpp,12674,18,generator_specific,0,0,0,,,,0,18.705,cxx_replace_scalar_call:/mnt/scratch1/ardi/dsl_mut/HM-armc/mutation/lowered-cpp/lens_blur/lens_blur.halide_generated.cpp:12674:18,0,0
lens_blur,cxx_default_on_emitted_cpp,5eb72c8d,1,16,cxx_add_to_sub,lens_blur.halide_generated.cpp,8522,35,generator_specific,0,0,0,,,,0,18.462,cxx_add_to_sub:/mnt/scratch1/ardi/dsl_mut/HM-armc/mutation/lowered-cpp/lens_blur/lens_blur.halide_generated.cpp:8522:35,0,0
lens_blur,cxx_default_on_emitted_cpp,5eb72c8d,1,16,cxx_mul_to_div,lens_blur.halide_generated.cpp,8464,32,generator_specific,0,0,0,,,,0,17.985,cxx_mul_to_div:/mnt/scratch1/ardi/dsl_mut/HM-armc/mutation/lowered-cpp/lens_blur/lens_blur.halide_generated.cpp:8464:32,0,0
lens_blur,cxx_default_on_emitted_cpp,5eb72c8d,1,16,cxx_add_to_sub,lens_blur.halide_generated.cpp,6041,28,generator_specific,0,0,0,,,,0,17.771,cxx_add_to_sub:/mnt/scratch1/ardi/dsl_mut/HM-armc/mutation/lowered-cpp/lens_blur/lens_blur.halide_generated.cpp:6041:28,0,0
lens_blur,cxx_default_on_emitted_cpp,5eb72c8d,1,16,cxx_sub_to_add,lens_blur.halide_generated.cpp,12442,24,generator_specific,0,0,1,,,test2_golden,0,16.836,cxx_sub_to_add:/mnt/scratch1/ardi/dsl_mut/HM-armc/mutation/lowered-cpp/lens_blur/lens_blur.halide_generated.cpp:12442:24,0,0
lens_blur,cxx_default_on_emitted_cpp,5eb72c8d,1,16,cxx_add_to_sub,lens_blur.halide_generated.cpp,9237,33,generator_specific,0,0,0,,,,0,17.371,cxx_add_to_sub:/mnt/scratch1/ardi/dsl_mut/HM-armc/mutation/lowered-cpp/lens_blur/lens_blur.halide_generated.cpp:9237:33,0,0
lens_blur,cxx_default_on_emitted_cpp,5eb72c8d,1,16,cxx_sub_to_add,lens_blur.halide_generated.cpp,13487,26,generator_specific,0,0,1,,,test2_golden,0,17.978,cxx_sub_to_add:/mnt/scratch1/ardi/dsl_mut/HM-armc/mutation/lowered-cpp/lens_blur/lens_blur.halide_generated.cpp:13487:26,0,0
lens_blur,cxx_default_on_emitted_cpp,5eb72c8d,1,16,cxx_mul_to_div,lens_blur.halide_generated.cpp,13217,25,generator_specific,0,0,0,,,,0,17.960,cxx_mul_to_div:/mnt/scratch1/ardi/dsl_mut/HM-armc/mutation/lowered-cpp/lens_blur/lens_blur.halide_generated.cpp:13217:25,0,0
lens_blur,cxx_default_on_emitted_cpp,5eb72c8d,1,16,cxx_gt_to_le,lens_blur.halide_generated.cpp,6275,28,generator_specific,0,0,0,,,,0,18.269,cxx_gt_to_le:/mnt/scratch1/ardi/dsl_mut/HM-armc/mutation/lowered-cpp/lens_blur/lens_blur.halide_generated.cpp:6275:28,0,0
lens_blur,cxx_default_on_emitted_cpp,5eb72c8d,1,16,cxx_add_to_sub,lens_blur.halide_generated.cpp,8738,34,generator_specific,0,0,0,,,,0,17.907,cxx_add_to_sub:/mnt/scratch1/ardi/dsl_mut/HM-armc/mutation/lowered-cpp/lens_blur/lens_blur.halide_generated.cpp:8738:34,0,0
lens_blur,cxx_default_on_emitted_cpp,5eb72c8d,1,16,cxx_add_to_sub,lens_blur.halide_generated.cpp,9876,36,generator_specific,0,0,0,,,,0,18.021,cxx_add_to_sub:/mnt/scratch1/ardi/dsl_mut/HM-armc/mutation/lowered-cpp/lens_blur/lens_blur.halide_generated.cpp:9876:36,0,0
lens_blur,cxx_default_on_emitted_cpp,5eb72c8d,1,16,cxx_add_to_sub,lens_blur.halide_generated.cpp,10481,61,generator_specific,0,0,0,,,,0,17.983,cxx_add_to_sub:/mnt/scratch1/ardi/dsl_mut/HM-armc/mutation/lowered-cpp/lens_blur/lens_blur.halide_generated.cpp:10481:61,0,0
lens_blur,cxx_default_on_emitted_cpp,5eb72c8d,1,16,cxx_mul_to_div,lens_blur.halide_generated.cpp,12613,24,generator_specific,0,0,0,,,,0,17.859,cxx_mul_to_div:/mnt/scratch1/ardi/dsl_mut/HM-armc/mutation/lowered-cpp/lens_blur/lens_blur.halide_generated.cpp:12613:24,0,0
lens_blur,cxx_default_on_emitted_cpp,5eb72c8d,1,16,cxx_mul_to_div,lens_blur.halide_generated.cpp,9025,34,generator_specific,0,0,0,,,,0,17.863,cxx_mul_to_div:/mnt/scratch1/ardi/dsl_mut/HM-armc/mutation/lowered-cpp/lens_blur/lens_blur.halide_generated.cpp:9025:34,0,0
lens_blur,cxx_default_on_emitted_cpp,5eb72c8d,1,16,cxx_mul_to_div,lens_blur.halide_generated.cpp,4235,29,generator_specific,0,0,0,,,,0,17.934,cxx_mul_to_div:/mnt/scratch1/ardi/dsl_mut/HM-armc/mutation/lowered-cpp/lens_blur/lens_blur.halide_generated.cpp:4235:29,0,0
lens_blur,cxx_default_on_emitted_cpp,5eb72c8d,1,16,cxx_add_to_sub,lens_blur.halide_generated.cpp,9594,35,generator_specific,0,0,0,,,,0,17.744,cxx_add_to_sub:/mnt/scratch1/ardi/dsl_mut/HM-armc/mutation/lowered-cpp/lens_blur/lens_blur.halide_generated.cpp:9594:35,0,0
lens_blur,cxx_default_on_emitted_cpp,5eb72c8d,1,16,cxx_add_to_sub,lens_blur.halide_generated.cpp,7140,29,generator_specific,0,0,0,,,,0,18.084,cxx_add_to_sub:/mnt/scratch1/ardi/dsl_mut/HM-armc/mutation/lowered-cpp/lens_blur/lens_blur.halide_generated.cpp:7140:29,0,0
lens_blur,cxx_default_on_emitted_cpp,5eb72c8d,1,16,cxx_lt_to_ge,lens_blur.halide_generated.cpp,8243,74,generator_specific,-11,1,,,,test1_demo,0,0.392,cxx_lt_to_ge:/mnt/scratch1/ardi/dsl_mut/HM-armc/mutation/lowered-cpp/lens_blur/lens_blur.halide_generated.cpp:8243:74,0,1
lens_blur,cxx_default_on_emitted_cpp,5eb72c8d,1,16,cxx_add_to_sub,lens_blur.halide_generated.cpp,4306,26,generator_specific,-11,1,,,,test1_demo,0,0.029,cxx_add_to_sub:/mnt/scratch1/ardi/dsl_mut/HM-armc/mutation/lowered-cpp/lens_blur/lens_blur.halide_generated.cpp:4306:26,0,1
lens_blur,cxx_default_on_emitted_cpp,5eb72c8d,1,16,cxx_add_to_sub,lens_blur.halide_generated.cpp,13786,26,generator_specific,0,0,0,,,,0,17.884,cxx_add_to_sub:/mnt/scratch1/ardi/dsl_mut/HM-armc/mutation/lowered-cpp/lens_blur/lens_blur.halide_generated.cpp:13786:26,0,0
lens_blur,cxx_default_on_emitted_cpp,5eb72c8d,1,16,cxx_sub_to_add,lens_blur.halide_generated.cpp,3679,22,generator_specific,0,0,1,,,test2_golden,0,17.995,cxx_sub_to_add:/mnt/scratch1/ardi/dsl_mut/HM-armc/mutation/lowered-cpp/lens_blur/lens_blur.halide_generated.cpp:3679:22,0,0
lens_blur,cxx_default_on_emitted_cpp,5eb72c8d,1,16,cxx_add_to_sub,lens_blur.halide_generated.cpp,5926,30,generator_specific,-11,1,,,,test1_demo,0,0.351,cxx_add_to_sub:/mnt/scratch1/ardi/dsl_mut/HM-armc/mutation/lowered-cpp/lens_blur/lens_blur.halide_generated.cpp:5926:30,0,1
lens_blur,cxx_default_on_emitted_cpp,5eb72c8d,1,16,cxx_lt_to_le,lens_blur.halide_generated.cpp,12015,46,generator_specific,0,0,0,,,,0,17.973,cxx_lt_to_le:/mnt/scratch1/ardi/dsl_mut/HM-armc/mutation/lowered-cpp/lens_blur/lens_blur.halide_generated.cpp:12015:46,0,0
lens_blur,cxx_default_on_emitted_cpp,5eb72c8d,1,16,cxx_sub_to_add,lens_blur.halide_generated.cpp,8728,33,generator_specific,0,0,0,,,,0,17.659,cxx_sub_to_add:/mnt/scratch1/ardi/dsl_mut/HM-armc/mutation/lowered-cpp/lens_blur/lens_blur.halide_generated.cpp:8728:33,0,0
lens_blur,cxx_default_on_emitted_cpp,5eb72c8d,1,16,cxx_sub_to_add,lens_blur.halide_generated.cpp,7305,31,generator_specific,0,0,0,,,,0,18.177,cxx_sub_to_add:/mnt/scratch1/ardi/dsl_mut/HM-armc/mutation/lowered-cpp/lens_blur/lens_blur.halide_generated.cpp:7305:31,0,0
lens_blur,cxx_default_on_emitted_cpp,5eb72c8d,1,16,cxx_mul_to_div,lens_blur.halide_generated.cpp,10874,38,generator_specific,0,0,0,,,,0,17.926,cxx_mul_to_div:/mnt/scratch1/ardi/dsl_mut/HM-armc/mutation/lowered-cpp/lens_blur/lens_blur.halide_generated.cpp:10874:38,0,0
lens_blur,cxx_default_on_emitted_cpp,5eb72c8d,1,16,cxx_lt_to_le,lens_blur.halide_generated.cpp,8898,53,generator_specific,0,0,0,,,,0,17.878,cxx_lt_to_le:/mnt/scratch1/ardi/dsl_mut/HM-armc/mutation/lowered-cpp/lens_blur/lens_blur.halide_generated.cpp:8898:53,0,0
lens_blur,cxx_default_on_emitted_cpp,5eb72c8d,1,16,cxx_add_to_sub,lens_blur.halide_generated.cpp,6736,27,generator_specific,0,0,0,,,,0,18.061,cxx_add_to_sub:/mnt/scratch1/ardi/dsl_mut/HM-armc/mutation/lowered-cpp/lens_blur/lens_blur.halide_generated.cpp:6736:27,0,0
lens_blur,cxx_default_on_emitted_cpp,5eb72c8d,1,16,cxx_add_to_sub,lens_blur.halide_generated.cpp,13438,26,generator_specific,0,0,0,,,,0,17.925,cxx_add_to_sub:/mnt/scratch1/ardi/dsl_mut/HM-armc/mutation/lowered-cpp/lens_blur/lens_blur.halide_generated.cpp:13438:26,0,0
lens_blur,cxx_default_on_emitted_cpp,5eb72c8d,1,16,cxx_sub_to_add,lens_blur.halide_generated.cpp,8020,29,generator_specific,0,0,0,,,,0,17.964,cxx_sub_to_add:/mnt/scratch1/ardi/dsl_mut/HM-armc/mutation/lowered-cpp/lens_blur/lens_blur.halide_generated.cpp:8020:29,0,0
lens_blur,cxx_default_on_emitted_cpp,5eb72c8d,1,16,cxx_add_to_sub,lens_blur.halide_generated.cpp,6359,28,generator_specific,0,0,0,,,,0,17.785,cxx_add_to_sub:/mnt/scratch1/ardi/dsl_mut/HM-armc/mutation/lowered-cpp/lens_blur/lens_blur.halide_generated.cpp:6359:28,0,0
lens_blur,cxx_default_on_emitted_cpp,5eb72c8d,1,16,cxx_add_to_sub,lens_blur.halide_generated.cpp,10168,34,generator_specific,0,0,0,,,,0,17.946,cxx_add_to_sub:/mnt/scratch1/ardi/dsl_mut/HM-armc/mutation/lowered-cpp/lens_blur/lens_blur.halide_generated.cpp:10168:34,0,0
lens_blur,cxx_default_on_emitted_cpp,5eb72c8d,1,16,cxx_replace_scalar_call,lens_blur.halide_generated.cpp,12417,15,generator_specific,0,0,0,,,,0,17.974,cxx_replace_scalar_call:/mnt/scratch1/ardi/dsl_mut/HM-armc/mutation/lowered-cpp/lens_blur/lens_blur.halide_generated.cpp:12417:15,0,0
lens_blur,cxx_default_on_emitted_cpp,5eb72c8d,1,16,cxx_mul_to_div,lens_blur.halide_generated.cpp,13810,26,generator_specific,0,0,0,,,,0,18.232,cxx_mul_to_div:/mnt/scratch1/ardi/dsl_mut/HM-armc/mutation/lowered-cpp/lens_blur/lens_blur.halide_generated.cpp:13810:26,0,0
lens_blur,cxx_default_on_emitted_cpp,5eb72c8d,1,16,cxx_replace_scalar_call,lens_blur.halide_generated.cpp,12649,18,generator_specific,0,0,0,,,,0,18.151,cxx_replace_scalar_call:/mnt/scratch1/ardi/dsl_mut/HM-armc/mutation/lowered-cpp/lens_blur/lens_blur.halide_generated.cpp:12649:18,0,0
lens_blur,cxx_default_on_emitted_cpp,5eb72c8d,1,16,cxx_add_to_sub,lens_blur.halide_generated.cpp,10418,38,generator_specific,0,0,0,,,,0,18.108,cxx_add_to_sub:/mnt/scratch1/ardi/dsl_mut/HM-armc/mutation/lowered-cpp/lens_blur/lens_blur.halide_generated.cpp:10418:38,0,0
lens_blur,cxx_default_on_emitted_cpp,5eb72c8d,1,16,cxx_sub_to_add,lens_blur.halide_generated.cpp,13905,27,generator_specific,0,0,0,,,,0,18.225,cxx_sub_to_add:/mnt/scratch1/ardi/dsl_mut/HM-armc/mutation/lowered-cpp/lens_blur/lens_blur.halide_generated.cpp:13905:27,0,0
lens_blur,cxx_default_on_emitted_cpp,5eb72c8d,1,16,cxx_mul_to_div,lens_blur.halide_generated.cpp,9913,36,generator_specific,0,0,0,,,,0,18.132,cxx_mul_to_div:/mnt/scratch1/ardi/dsl_mut/HM-armc/mutation/lowered-cpp/lens_blur/lens_blur.halide_generated.cpp:9913:36,0,0
lens_blur,cxx_default_on_emitted_cpp,5eb72c8d,1,16,cxx_replace_scalar_call,lens_blur.halide_generated.cpp,4481,22,generator_specific,0,0,0,,,,0,18.184,cxx_replace_scalar_call:/mnt/scratch1/ardi/dsl_mut/HM-armc/mutation/lowered-cpp/lens_blur/lens_blur.halide_generated.cpp:4481:22,0,0
lens_blur,cxx_default_on_emitted_cpp,5eb72c8d,1,16,cxx_eq_to_ne,lens_blur.halide_generated.cpp,5318,48,generator_specific,0,0,0,,,,0,18.266,cxx_eq_to_ne:/mnt/scratch1/ardi/dsl_mut/HM-armc/mutation/lowered-cpp/lens_blur/lens_blur.halide_generated.cpp:5318:48,0,0
lens_blur,cxx_default_on_emitted_cpp,5eb72c8d,1,16,cxx_add_to_sub,lens_blur.halide_generated.cpp,10258,36,generator_specific,0,0,0,,,,0,17.953,cxx_add_to_sub:/mnt/scratch1/ardi/dsl_mut/HM-armc/mutation/lowered-cpp/lens_blur/lens_blur.halide_generated.cpp:10258:36,0,0
lens_blur,cxx_default_on_emitted_cpp,5eb72c8d,1,16,cxx_le_to_lt,lens_blur.halide_generated.cpp,12974,22,generator_specific,0,0,1,,,test2_golden,0,0.053,cxx_le_to_lt:/mnt/scratch1/ardi/dsl_mut/HM-armc/mutation/lowered-cpp/lens_blur/lens_blur.halide_generated.cpp:12974:22,0,0
lens_blur,cxx_default_on_emitted_cpp,5eb72c8d,1,16,cxx_lt_to_le,lens_blur.halide_generated.cpp,9392,55,generator_specific,-6,1,,,,test1_demo,0,0.293,cxx_lt_to_le:/mnt/scratch1/ardi/dsl_mut/HM-armc/mutation/lowered-cpp/lens_blur/lens_blur.halide_generated.cpp:9392:55,0,1
lens_blur,cxx_default_on_emitted_cpp,5eb72c8d,1,16,cxx_sub_to_add,lens_blur.halide_generated.cpp,5969,28,generator_specific,0,0,0,,,,0,18.018,cxx_sub_to_add:/mnt/scratch1/ardi/dsl_mut/HM-armc/mutation/lowered-cpp/lens_blur/lens_blur.halide_generated.cpp:5969:28,0,0
lens_blur,cxx_default_on_emitted_cpp,5eb72c8d,1,16,cxx_add_to_sub,lens_blur.halide_generated.cpp,9985,37,generator_specific,-6,1,,,,test1_demo,0,0.351,cxx_add_to_sub:/mnt/scratch1/ardi/dsl_mut/HM-armc/mutation/lowered-cpp/lens_blur/lens_blur.halide_generated.cpp:9985:37,0,1
lens_blur,cxx_default_on_emitted_cpp,5eb72c8d,1,16,cxx_add_to_sub,lens_blur.halide_generated.cpp,11221,37,generator_specific,0,0,0,,,,0,18.093,cxx_add_to_sub:/mnt/scratch1/ardi/dsl_mut/HM-armc/mutation/lowered-cpp/lens_blur/lens_blur.halide_generated.cpp:11221:37,0,0
lens_blur,cxx_default_on_emitted_cpp,5eb72c8d,1,16,cxx_lt_to_le,lens_blur.halide_generated.cpp,6443,86,generator_specific,0,0,0,,,,0,18.080,cxx_lt_to_le:/mnt/scratch1/ardi/dsl_mut/HM-armc/mutation/lowered-cpp/lens_blur/lens_blur.halide_generated.cpp:6443:86,0,0
lens_blur,cxx_default_on_emitted_cpp,5eb72c8d,1,16,cxx_add_to_sub,lens_blur.halide_generated.cpp,8549,32,generator_specific,0,0,0,,,,0,17.922,cxx_add_to_sub:/mnt/scratch1/ardi/dsl_mut/HM-armc/mutation/lowered-cpp/lens_blur/lens_blur.halide_generated.cpp:8549:32,0,0
lens_blur,cxx_default_on_emitted_cpp,5eb72c8d,1,16,cxx_add_to_sub,lens_blur.halide_generated.cpp,8107,34,generator_specific,0,0,0,,,,0,18.036,cxx_add_to_sub:/mnt/scratch1/ardi/dsl_mut/HM-armc/mutation/lowered-cpp/lens_blur/lens_blur.halide_generated.cpp:8107:34,0,0
lens_blur,cxx_default_on_emitted_cpp,5eb72c8d,1,16,cxx_add_to_sub,lens_blur.halide_generated.cpp,9617,35,generator_specific,0,0,0,,,,0,18.162,cxx_add_to_sub:/mnt/scratch1/ardi/dsl_mut/HM-armc/mutation/lowered-cpp/lens_blur/lens_blur.halide_generated.cpp:9617:35,0,0
lens_blur,cxx_default_on_emitted_cpp,5eb72c8d,1,16,cxx_add_to_sub,lens_blur.halide_generated.cpp,8231,56,generator_specific,0,0,0,,,,0,18.586,cxx_add_to_sub:/mnt/scratch1/ardi/dsl_mut/HM-armc/mutation/lowered-cpp/lens_blur/lens_blur.halide_generated.cpp:8231:56,0,0
lens_blur,cxx_default_on_emitted_cpp,5eb72c8d,1,16,cxx_add_to_sub,lens_blur.halide_generated.cpp,5384,29,generator_specific,-11,1,,,,test1_demo,0,0.270,cxx_add_to_sub:/mnt/scratch1/ardi/dsl_mut/HM-armc/mutation/lowered-cpp/lens_blur/lens_blur.halide_generated.cpp:5384:29,0,1
lens_blur,cxx_default_on_emitted_cpp,5eb72c8d,1,16,cxx_replace_scalar_call,lens_blur.halide_generated.cpp,12372,19,generator_specific,0,0,0,,,,0,18.171,cxx_replace_scalar_call:/mnt/scratch1/ardi/dsl_mut/HM-armc/mutation/lowered-cpp/lens_blur/lens_blur.halide_generated.cpp:12372:19,0,0
lens_blur,cxx_default_on_emitted_cpp,5eb72c8d,1,16,cxx_replace_scalar_call,lens_blur.halide_generated.cpp,12722,18,generator_specific,0,0,0,,,,0,18.335,cxx_replace_scalar_call:/mnt/scratch1/ardi/dsl_mut/HM-armc/mutation/lowered-cpp/lens_blur/lens_blur.halide_generated.cpp:12722:18,0,0
lens_blur,cxx_default_on_emitted_cpp,5eb72c8d,1,16,cxx_add_to_sub,lens_blur.halide_generated.cpp,10991,38,generator_specific,0,0,0,,,,0,18.405,cxx_add_to_sub:/mnt/scratch1/ardi/dsl_mut/HM-armc/mutation/lowered-cpp/lens_blur/lens_blur.halide_generated.cpp:10991:38,0,0
lens_blur,cxx_default_on_emitted_cpp,5eb72c8d,1,16,cxx_replace_scalar_call,lens_blur.halide_generated.cpp,5173,18,generator_specific,0,0,0,,,,0,18.306,cxx_replace_scalar_call:/mnt/scratch1/ardi/dsl_mut/HM-armc/mutation/lowered-cpp/lens_blur/lens_blur.halide_generated.cpp:5173:18,0,0
lens_blur,cxx_default_on_emitted_cpp,5eb72c8d,1,16,cxx_add_to_sub,lens_blur.halide_generated.cpp,10732,39,generator_specific,0,0,0,,,,0,18.383,cxx_add_to_sub:/mnt/scratch1/ardi/dsl_mut/HM-armc/mutation/lowered-cpp/lens_blur/lens_blur.halide_generated.cpp:10732:39,0,0
lens_blur,cxx_default_on_emitted_cpp,5eb72c8d,1,16,cxx_add_to_sub,lens_blur.halide_generated.cpp,6174,30,generator_specific,-11,1,,,,test1_demo,0,0.260,cxx_add_to_sub:/mnt/scratch1/ardi/dsl_mut/HM-armc/mutation/lowered-cpp/lens_blur/lens_blur.halide_generated.cpp:6174:30,0,1
lens_blur,cxx_default_on_emitted_cpp,5eb72c8d,1,16,cxx_sub_to_add,lens_blur.halide_generated.cpp,13897,27,generator_specific,0,0,0,,,,0,18.512,cxx_sub_to_add:/mnt/scratch1/ardi/dsl_mut/HM-armc/mutation/lowered-cpp/lens_blur/lens_blur.halide_generated.cpp:13897:27,0,0
lens_blur,cxx_default_on_emitted_cpp,5eb72c8d,1,16,cxx_mul_to_div,lens_blur.halide_generated.cpp,11803,28,generator_specific,0,0,0,,,,0,18.723,cxx_mul_to_div:/mnt/scratch1/ardi/dsl_mut/HM-armc/mutation/lowered-cpp/lens_blur/lens_blur.halide_generated.cpp:11803:28,0,0
lens_blur,cxx_default_on_emitted_cpp,5eb72c8d,1,16,cxx_add_to_sub,lens_blur.halide_generated.cpp,10524,38,generator_specific,0,0,0,,,,0,18.084,cxx_add_to_sub:/mnt/scratch1/ardi/dsl_mut/HM-armc/mutation/lowered-cpp/lens_blur/lens_blur.halide_generated.cpp:10524:38,0,0
lens_blur,cxx_default_on_emitted_cpp,5eb72c8d,1,16,cxx_lt_to_le,lens_blur.halide_generated.cpp,11071,58,generator_specific,0,0,0,,,,0,18.553,cxx_lt_to_le:/mnt/scratch1/ardi/dsl_mut/HM-armc/mutation/lowered-cpp/lens_blur/lens_blur.halide_generated.cpp:11071:58,0,0
lens_blur,cxx_default_on_emitted_cpp,5eb72c8d,1,16,cxx_sub_to_add,lens_blur.halide_generated.cpp,8905,34,generator_specific,0,0,0,,,,0,17.962,cxx_sub_to_add:/mnt/scratch1/ardi/dsl_mut/HM-armc/mutation/lowered-cpp/lens_blur/lens_blur.halide_generated.cpp:8905:34,0,0
lens_blur,cxx_default_on_emitted_cpp,5eb72c8d,1,16,cxx_mul_to_div,lens_blur.halide_generated.cpp,10471,37,generator_specific,0,0,0,,,,0,17.915,cxx_mul_to_div:/mnt/scratch1/ardi/dsl_mut/HM-armc/mutation/lowered-cpp/lens_blur/lens_blur.halide_generated.cpp:10471:37,0,0
lens_blur,cxx_default_on_emitted_cpp,5eb72c8d,1,16,cxx_add_to_sub,lens_blur.halide_generated.cpp,9871,37,generator_specific,0,0,1,,,test2_golden,0,18.332,cxx_add_to_sub:/mnt/scratch1/ardi/dsl_mut/HM-armc/mutation/lowered-cpp/lens_blur/lens_blur.halide_generated.cpp:9871:37,0,0
lens_blur,cxx_default_on_emitted_cpp,5eb72c8d,1,16,cxx_sub_to_add,lens_blur.halide_generated.cpp,5466,26,generator_specific,0,0,0,,,,0,23.611,cxx_sub_to_add:/mnt/scratch1/ardi/dsl_mut/HM-armc/mutation/lowered-cpp/lens_blur/lens_blur.halide_generated.cpp:5466:26,0,0
lens_blur,cxx_default_on_emitted_cpp,5eb72c8d,1,16,cxx_sub_to_add,lens_blur.halide_generated.cpp,14138,28,generator_specific,0,0,0,,,,0,17.663,cxx_sub_to_add:/mnt/scratch1/ardi/dsl_mut/HM-armc/mutation/lowered-cpp/lens_blur/lens_blur.halide_generated.cpp:14138:28,0,0
lens_blur,cxx_default_on_emitted_cpp,5eb72c8d,1,16,cxx_add_to_sub,lens_blur.halide_generated.cpp,11087,39,generator_specific,0,0,0,,,,0,17.572,cxx_add_to_sub:/mnt/scratch1/ardi/dsl_mut/HM-armc/mutation/lowered-cpp/lens_blur/lens_blur.halide_generated.cpp:11087:39,0,0
lens_blur,cxx_default_on_emitted_cpp,5eb72c8d,1,16,cxx_mul_to_div,lens_blur.halide_generated.cpp,8554,32,generator_specific,0,0,0,,,,0,17.773,cxx_mul_to_div:/mnt/scratch1/ardi/dsl_mut/HM-armc/mutation/lowered-cpp/lens_blur/lens_blur.halide_generated.cpp:8554:32,0,0
lens_blur,cxx_default_on_emitted_cpp,5eb72c8d,1,16,cxx_gt_to_ge,lens_blur.halide_generated.cpp,11939,71,generator_specific,0,0,0,,,,0,17.422,cxx_gt_to_ge:/mnt/scratch1/ardi/dsl_mut/HM-armc/mutation/lowered-cpp/lens_blur/lens_blur.halide_generated.cpp:11939:71,0,0
lens_blur,cxx_default_on_emitted_cpp,5eb72c8d,1,16,cxx_add_to_sub,lens_blur.halide_generated.cpp,10683,61,generator_specific,0,0,0,,,,0,17.933,cxx_add_to_sub:/mnt/scratch1/ardi/dsl_mut/HM-armc/mutation/lowered-cpp/lens_blur/lens_blur.halide_generated.cpp:10683:61,0,0
lens_blur,cxx_default_on_emitted_cpp,5eb72c8d,1,16,cxx_mul_to_div,lens_blur.halide_generated.cpp,11762,28,generator_specific,0,0,0,,,,0,17.413,cxx_mul_to_div:/mnt/scratch1/ardi/dsl_mut/HM-armc/mutation/lowered-cpp/lens_blur/lens_blur.halide_generated.cpp:11762:28,0,0
lens_blur,cxx_default_on_emitted_cpp,5eb72c8d,1,16,cxx_add_to_sub,lens_blur.halide_generated.cpp,9955,36,generator_specific,0,0,1,,,test2_golden,0,17.746,cxx_add_to_sub:/mnt/scratch1/ardi/dsl_mut/HM-armc/mutation/lowered-cpp/lens_blur/lens_blur.halide_generated.cpp:9955:36,0,0
lens_blur,cxx_default_on_emitted_cpp,5eb72c8d,1,16,cxx_add_to_sub,lens_blur.halide_generated.cpp,3774,42,generator_specific,0,0,1,,,test2_golden,0,17.549,cxx_add_to_sub:/mnt/scratch1/ardi/dsl_mut/HM-armc/mutation/lowered-cpp/lens_blur/lens_blur.halide_generated.cpp:3774:42,0,0
lens_blur,cxx_default_on_emitted_cpp,5eb72c8d,1,16,cxx_mul_to_div,lens_blur.halide_generated.cpp,9602,35,generator_specific,0,0,0,,,,0,17.790,cxx_mul_to_div:/mnt/scratch1/ardi/dsl_mut/HM-armc/mutation/lowered-cpp/lens_blur/lens_blur.halide_generated.cpp:9602:35,0,0
lens_blur,cxx_default_on_emitted_cpp,5eb72c8d,1,16,cxx_add_to_sub,lens_blur.halide_generated.cpp,11185,38,generator_specific,0,0,1,,,test2_golden,0,17.723,cxx_add_to_sub:/mnt/scratch1/ardi/dsl_mut/HM-armc/mutation/lowered-cpp/lens_blur/lens_blur.halide_generated.cpp:11185:38,0,0
lens_blur,cxx_default_on_emitted_cpp,5eb72c8d,1,16,cxx_mul_to_div,lens_blur.halide_generated.cpp,8356,32,generator_specific,0,0,1,,,test2_golden,0,17.279,cxx_mul_to_div:/mnt/scratch1/ardi/dsl_mut/HM-armc/mutation/lowered-cpp/lens_blur/lens_blur.halide_generated.cpp:8356:32,0,0
lens_blur,cxx_default_on_emitted_cpp,5eb72c8d,1,16,cxx_sub_to_add,lens_blur.halide_generated.cpp,11026,36,generator_specific,0,0,1,,,test2_golden,0,17.599,cxx_sub_to_add:/mnt/scratch1/ardi/dsl_mut/HM-armc/mutation/lowered-cpp/lens_blur/lens_blur.halide_generated.cpp:11026:36,0,0
lens_blur,cxx_default_on_emitted_cpp,5eb72c8d,1,16,cxx_add_to_sub,lens_blur.halide_generated.cpp,14226,28,generator_specific,0,0,0,,,,0,17.607,cxx_add_to_sub:/mnt/scratch1/ardi/dsl_mut/HM-armc/mutation/lowered-cpp/lens_blur/lens_blur.halide_generated.cpp:14226:28,0,0
lens_blur,cxx_default_on_emitted_cpp,5eb72c8d,1,16,cxx_add_to_sub,lens_blur.halide_generated.cpp,14087,27,generator_specific,0,0,0,,,,0,17.907,cxx_add_to_sub:/mnt/scratch1/ardi/dsl_mut/HM-armc/mutation/lowered-cpp/lens_blur/lens_blur.halide_generated.cpp:14087:27,0,0
lens_blur,cxx_default_on_emitted_cpp,5eb72c8d,1,16,cxx_mul_to_div,lens_blur.halide_generated.cpp,8184,59,generator_specific,0,0,0,,,,0,17.479,cxx_mul_to_div:/mnt/scratch1/ardi/dsl_mut/HM-armc/mutation/lowered-cpp/lens_blur/lens_blur.halide_generated.cpp:8184:59,0,0
lens_blur,cxx_default_on_emitted_cpp,5eb72c8d,1,16,cxx_add_to_sub,lens_blur.halide_generated.cpp,10126,36,generator_specific,0,0,1,,,test2_golden,0,17.756,cxx_add_to_sub:/mnt/scratch1/ardi/dsl_mut/HM-armc/mutation/lowered-cpp/lens_blur/lens_blur.halide_generated.cpp:10126:36,0,0
lens_blur,cxx_default_on_emitted_cpp,5eb72c8d,1,16,cxx_add_to_sub,lens_blur.halide_generated.cpp,6864,29,generator_specific,0,0,1,,,test2_golden,0,17.594,cxx_add_to_sub:/mnt/scratch1/ardi/dsl_mut/HM-armc/mutation/lowered-cpp/lens_blur/lens_blur.halide_generated.cpp:6864:29,0,0
lens_blur,cxx_default_on_emitted_cpp,5eb72c8d,1,16,cxx_add_to_sub,lens_blur.halide_generated.cpp,12725,24,generator_specific,0,0,0,,,,0,17.696,cxx_add_to_sub:/mnt/scratch1/ardi/dsl_mut/HM-armc/mutation/lowered-cpp/lens_blur/lens_blur.halide_generated.cpp:12725:24,0,0
lens_blur,cxx_default_on_emitted_cpp,5eb72c8d,1,16,cxx_add_to_sub,lens_blur.halide_generated.cpp,9536,35,generator_specific,0,0,0,,,,0,17.798,cxx_add_to_sub:/mnt/scratch1/ardi/dsl_mut/HM-armc/mutation/lowered-cpp/lens_blur/lens_blur.halide_generated.cpp:9536:35,0,0
lens_blur,cxx_default_on_emitted_cpp,5eb72c8d,1,16,cxx_add_to_sub,lens_blur.halide_generated.cpp,7187,28,generator_specific,0,0,0,,,,0,17.706,cxx_add_to_sub:/mnt/scratch1/ardi/dsl_mut/HM-armc/mutation/lowered-cpp/lens_blur/lens_blur.halide_generated.cpp:7187:28,0,0
lens_blur,cxx_default_on_emitted_cpp,5eb72c8d,1,16,cxx_replace_scalar_call,lens_blur.halide_generated.cpp,12772,15,generator_specific,0,0,0,,,,0,17.877,cxx_replace_scalar_call:/mnt/scratch1/ardi/dsl_mut/HM-armc/mutation/lowered-cpp/lens_blur/lens_blur.halide_generated.cpp:12772:15,0,0
lens_blur,cxx_default_on_emitted_cpp,5eb72c8d,1,16,cxx_add_to_sub,lens_blur.halide_generated.cpp,10696,38,generator_specific,0,0,0,,,,0,17.516,cxx_add_to_sub:/mnt/scratch1/ardi/dsl_mut/HM-armc/mutation/lowered-cpp/lens_blur/lens_blur.halide_generated.cpp:10696:38,0,0
lens_blur,cxx_default_on_emitted_cpp,5eb72c8d,1,16,cxx_replace_scalar_call,lens_blur.halide_generated.cpp,190,12,boilerplate,-6,1,,,,test1_demo,0,0.019,cxx_replace_scalar_call:/mnt/scratch1/ardi/dsl_mut/HM-armc/mutation/lowered-cpp/lens_blur/lens_blur.halide_generated.cpp:190:12,0,1
lens_blur,cxx_default_on_emitted_cpp,5eb72c8d,1,16,cxx_mul_to_div,lens_blur.halide_generated.cpp,3793,25,generator_specific,0,0,1,,,test2_golden,0,17.548,cxx_mul_to_div:/mnt/scratch1/ardi/dsl_mut/HM-armc/mutation/lowered-cpp/lens_blur/lens_blur.halide_generated.cpp:3793:25,0,0
lens_blur,cxx_default_on_emitted_cpp,5eb72c8d,1,16,cxx_add_to_sub,lens_blur.halide_generated.cpp,8379,33,generator_specific,0,0,0,,,,0,17.688,cxx_add_to_sub:/mnt/scratch1/ardi/dsl_mut/HM-armc/mutation/lowered-cpp/lens_blur/lens_blur.halide_generated.cpp:8379:33,0,0
lens_blur,cxx_default_on_emitted_cpp,5eb72c8d,1,16,cxx_replace_scalar_call,lens_blur.halide_generated.cpp,5241,18,generator_specific,0,0,0,,,,0,17.554,cxx_replace_scalar_call:/mnt/scratch1/ardi/dsl_mut/HM-armc/mutation/lowered-cpp/lens_blur/lens_blur.halide_generated.cpp:5241:18,0,0
lens_blur,cxx_default_on_emitted_cpp,5eb72c8d,1,16,cxx_add_to_sub,lens_blur.halide_generated.cpp,8314,32,generator_specific,0,0,0,,,,0,17.896,cxx_add_to_sub:/mnt/scratch1/ardi/dsl_mut/HM-armc/mutation/lowered-cpp/lens_blur/lens_blur.halide_generated.cpp:8314:32,0,0
lens_blur,cxx_default_on_emitted_cpp,5eb72c8d,1,16,cxx_add_to_sub,lens_blur.halide_generated.cpp,6813,30,generator_specific,0,0,0,,,,0,18.394,cxx_add_to_sub:/mnt/scratch1/ardi/dsl_mut/HM-armc/mutation/lowered-cpp/lens_blur/lens_blur.halide_generated.cpp:6813:30,0,0
lens_blur,cxx_default_on_emitted_cpp,5eb72c8d,1,16,cxx_add_to_sub,lens_blur.halide_generated.cpp,10754,39,generator_specific,0,0,0,,,,0,17.676,cxx_add_to_sub:/mnt/scratch1/ardi/dsl_mut/HM-armc/mutation/lowered-cpp/lens_blur/lens_blur.halide_generated.cpp:10754:39,0,0
lens_blur,cxx_default_on_emitted_cpp,5eb72c8d,1,16,cxx_add_to_sub,lens_blur.halide_generated.cpp,12736,24,generator_specific,0,0,0,,,,0,18.332,cxx_add_to_sub:/mnt/scratch1/ardi/dsl_mut/HM-armc/mutation/lowered-cpp/lens_blur/lens_blur.halide_generated.cpp:12736:24,0,0
lens_blur,cxx_default_on_emitted_cpp,5eb72c8d,1,16,cxx_add_to_sub,lens_blur.halide_generated.cpp,12921,26,generator_specific,0,0,0,,,,0,17.634,cxx_add_to_sub:/mnt/scratch1/ardi/dsl_mut/HM-armc/mutation/lowered-cpp/lens_blur/lens_blur.halide_generated.cpp:12921:26,0,0
lens_blur,cxx_default_on_emitted_cpp,5eb72c8d,1,16,cxx_add_to_sub,lens_blur.halide_generated.cpp,6200,25,generator_specific,0,0,0,,,,0,17.584,cxx_add_to_sub:/mnt/scratch1/ardi/dsl_mut/HM-armc/mutation/lowered-cpp/lens_blur/lens_blur.halide_generated.cpp:6200:25,0,0
lens_blur,cxx_default_on_emitted_cpp,5eb72c8d,1,16,cxx_add_to_sub,lens_blur.halide_generated.cpp,8557,35,generator_specific,0,0,0,,,,0,17.529,cxx_add_to_sub:/mnt/scratch1/ardi/dsl_mut/HM-armc/mutation/lowered-cpp/lens_blur/lens_blur.halide_generated.cpp:8557:35,0,0
lens_blur,cxx_default_on_emitted_cpp,5eb72c8d,1,16,cxx_replace_scalar_call,lens_blur.halide_generated.cpp,12985,20,generator_specific,0,0,0,,,,0,18.050,cxx_replace_scalar_call:/mnt/scratch1/ardi/dsl_mut/HM-armc/mutation/lowered-cpp/lens_blur/lens_blur.halide_generated.cpp:12985:20,0,0
lens_blur,cxx_default_on_emitted_cpp,5eb72c8d,1,16,cxx_add_to_sub,lens_blur.halide_generated.cpp,9139,34,generator_specific,0,0,0,,,,0,17.575,cxx_add_to_sub:/mnt/scratch1/ardi/dsl_mut/HM-armc/mutation/lowered-cpp/lens_blur/lens_blur.halide_generated.cpp:9139:34,0,0
lens_blur,cxx_default_on_emitted_cpp,5eb72c8d,1,16,cxx_add_to_sub,lens_blur.halide_generated.cpp,11557,28,generator_specific,0,0,1,,,test2_golden,0,17.819,cxx_add_to_sub:/mnt/scratch1/ardi/dsl_mut/HM-armc/mutation/lowered-cpp/lens_blur/lens_blur.halide_generated.cpp:11557:28,0,0
lens_blur,cxx_default_on_emitted_cpp,5eb72c8d,1,16,cxx_mul_to_div,lens_blur.halide_generated.cpp,4723,32,generator_specific,0,0,0,,,,0,18.230,cxx_mul_to_div:/mnt/scratch1/ardi/dsl_mut/HM-armc/mutation/lowered-cpp/lens_blur/lens_blur.halide_generated.cpp:4723:32,0,0
lens_blur,cxx_default_on_emitted_cpp,5eb72c8d,1,16,cxx_add_to_sub,lens_blur.halide_generated.cpp,8555,33,generator_specific,0,0,0,,,,0,17.472,cxx_add_to_sub:/mnt/scratch1/ardi/dsl_mut/HM-armc/mutation/lowered-cpp/lens_blur/lens_blur.halide_generated.cpp:8555:33,0,0
lens_blur,cxx_default_on_emitted_cpp,5eb72c8d,1,16,cxx_mul_to_div,lens_blur.halide_generated.cpp,11356,38,generator_specific,0,0,0,,,,0,17.568,cxx_mul_to_div:/mnt/scratch1/ardi/dsl_mut/HM-armc/mutation/lowered-cpp/lens_blur/lens_blur.halide_generated.cpp:11356:38,0,0
lens_blur,cxx_default_on_emitted_cpp,5eb72c8d,1,16,cxx_add_to_sub,lens_blur.halide_generated.cpp,4065,24,generator_specific,0,0,1,,,test2_golden,0,17.908,cxx_add_to_sub:/mnt/scratch1/ardi/dsl_mut/HM-armc/mutation/lowered-cpp/lens_blur/lens_blur.halide_generated.cpp:4065:24,0,0
lens_blur,cxx_default_on_emitted_cpp,5eb72c8d,1,16,cxx_sub_to_add,lens_blur.halide_generated.cpp,9790,35,generator_specific,0,0,0,,,,0,17.680,cxx_sub_to_add:/mnt/scratch1/ardi/dsl_mut/HM-armc/mutation/lowered-cpp/lens_blur/lens_blur.halide_generated.cpp:9790:35,0,0
lens_blur,cxx_default_on_emitted_cpp,5eb72c8d,1,16,cxx_add_to_sub,lens_blur.halide_generated.cpp,7482,33,generator_specific,0,0,0,,,,0,17.757,cxx_add_to_sub:/mnt/scratch1/ardi/dsl_mut/HM-armc/mutation/lowered-cpp/lens_blur/lens_blur.halide_generated.cpp:7482:33,0,0
lens_blur,cxx_default_on_emitted_cpp,5eb72c8d,1,16,cxx_add_to_sub,lens_blur.halide_generated.cpp,6226,25,generator_specific,0,0,0,,,,0,17.924,cxx_add_to_sub:/mnt/scratch1/ardi/dsl_mut/HM-armc/mutation/lowered-cpp/lens_blur/lens_blur.halide_generated.cpp:6226:25,0,0
lens_blur,cxx_default_on_emitted_cpp,5eb72c8d,1,16,cxx_replace_scalar_call,lens_blur.halide_generated.cpp,12542,18,generator_specific,0,0,0,,,,0,17.832,cxx_replace_scalar_call:/mnt/scratch1/ardi/dsl_mut/HM-armc/mutation/lowered-cpp/lens_blur/lens_blur.halide_generated.cpp:12542:18,0,0
lens_blur,cxx_default_on_emitted_cpp,5eb72c8d,1,16,cxx_add_to_sub,lens_blur.halide_generated.cpp,9113,34,generator_specific,-11,1,,,,test1_demo,0,0.292,cxx_add_to_sub:/mnt/scratch1/ardi/dsl_mut/HM-armc/mutation/lowered-cpp/lens_blur/lens_blur.halide_generated.cpp:9113:34,0,1
lens_blur,cxx_default_on_emitted_cpp,5eb72c8d,1,16,cxx_replace_scalar_call,lens_blur.halide_generated.cpp,12490,18,generator_specific,0,0,0,,,,0,18.175,cxx_replace_scalar_call:/mnt/scratch1/ardi/dsl_mut/HM-armc/mutation/lowered-cpp/lens_blur/lens_blur.halide_generated.cpp:12490:18,0,0
lens_blur,cxx_default_on_emitted_cpp,5eb72c8d,1,16,cxx_mul_to_div,lens_blur.halide_generated.cpp,14124,65,generator_specific,-11,1,,,,test1_demo,0,0.258,cxx_mul_to_div:/mnt/scratch1/ardi/dsl_mut/HM-armc/mutation/lowered-cpp/lens_blur/lens_blur.halide_generated.cpp:14124:65,0,1
lens_blur,cxx_default_on_emitted_cpp,5eb72c8d,1,16,cxx_post_inc_to_post_dec,lens_blur.halide_generated.cpp,5474,129,generator_specific,-11,1,,,,test1_demo,0,0.313,cxx_post_inc_to_post_dec:/mnt/scratch1/ardi/dsl_mut/HM-armc/mutation/lowered-cpp/lens_blur/lens_blur.halide_generated.cpp:5474:129,0,1
lens_blur,cxx_default_on_emitted_cpp,5eb72c8d,1,16,cxx_sub_to_add,lens_blur.halide_generated.cpp,10612,36,generator_specific,0,0,0,,,,0,17.612,cxx_sub_to_add:/mnt/scratch1/ardi/dsl_mut/HM-armc/mutation/lowered-cpp/lens_blur/lens_blur.halide_generated.cpp:10612:36,0,0
lens_blur,cxx_default_on_emitted_cpp,5eb72c8d,1,16,cxx_remove_void_call,lens_blur.halide_generated.cpp,12788,3,generator_specific,0,0,0,,,,0,17.795,cxx_remove_void_call:/mnt/scratch1/ardi/dsl_mut/HM-armc/mutation/lowered-cpp/lens_blur/lens_blur.halide_generated.cpp:12788:3,0,0
lens_blur,cxx_default_on_emitted_cpp,5eb72c8d,1,16,cxx_add_to_sub,lens_blur.halide_generated.cpp,3788,23,generator_specific,0,0,1,,,test2_golden,0,17.681,cxx_add_to_sub:/mnt/scratch1/ardi/dsl_mut/HM-armc/mutation/lowered-cpp/lens_blur/lens_blur.halide_generated.cpp:3788:23,0,0
lens_blur,cxx_default_on_emitted_cpp,5eb72c8d,1,16,cxx_mul_to_div,lens_blur.halide_generated.cpp,9094,34,generator_specific,0,0,0,,,,0,18.030,cxx_mul_to_div:/mnt/scratch1/ardi/dsl_mut/HM-armc/mutation/lowered-cpp/lens_blur/lens_blur.halide_generated.cpp:9094:34,0,0
lens_blur,cxx_default_on_emitted_cpp,5eb72c8d,1,16,cxx_sub_to_add,lens_blur.halide_generated.cpp,5837,28,generator_specific,0,0,0,,,,0,17.977,cxx_sub_to_add:/mnt/scratch1/ardi/dsl_mut/HM-armc/mutation/lowered-cpp/lens_blur/lens_blur.halide_generated.cpp:5837:28,0,0
lens_blur,cxx_default_on_emitted_cpp,5eb72c8d,1,16,cxx_add_to_sub,lens_blur.halide_generated.cpp,8574,32,generator_specific,0,0,0,,,,0,17.555,cxx_add_to_sub:/mnt/scratch1/ardi/dsl_mut/HM-armc/mutation/lowered-cpp/lens_blur/lens_blur.halide_generated.cpp:8574:32,0,0
lens_blur,cxx_default_on_emitted_cpp,5eb72c8d,1,16,cxx_replace_scalar_call,lens_blur.halide_generated.cpp,5159,18,generator_specific,0,0,0,,,,0,18.218,cxx_replace_scalar_call:/mnt/scratch1/ardi/dsl_mut/HM-armc/mutation/lowered-cpp/lens_blur/lens_blur.halide_generated.cpp:5159:18,0,0
lens_blur,cxx_default_on_emitted_cpp,5eb72c8d,1,16,cxx_sub_to_add,lens_blur.halide_generated.cpp,10448,37,generator_specific,0,0,0,,,,0,17.877,cxx_sub_to_add:/mnt/scratch1/ardi/dsl_mut/HM-armc/mutation/lowered-cpp/lens_blur/lens_blur.halide_generated.cpp:10448:37,0,0
lens_blur,cxx_default_on_emitted_cpp,5eb72c8d,1,16,cxx_add_to_sub,lens_blur.halide_generated.cpp,8753,33,generator_specific,0,0,0,,,,0,17.789,cxx_add_to_sub:/mnt/scratch1/ardi/dsl_mut/HM-armc/mutation/lowered-cpp/lens_blur/lens_blur.halide_generated.cpp:8753:33,0,0
lens_blur,cxx_default_on_emitted_cpp,5eb72c8d,1,16,cxx_add_to_sub,lens_blur.halide_generated.cpp,14050,27,generator_specific,0,0,0,,,,0,18.180,cxx_add_to_sub:/mnt/scratch1/ardi/dsl_mut/HM-armc/mutation/lowered-cpp/lens_blur/lens_blur.halide_generated.cpp:14050:27,0,0
lens_blur,cxx_default_on_emitted_cpp,5eb72c8d,1,16,cxx_mul_to_div,lens_blur.halide_generated.cpp,6150,27,generator_specific,0,0,0,,,,0,17.822,cxx_mul_to_div:/mnt/scratch1/ardi/dsl_mut/HM-armc/mutation/lowered-cpp/lens_blur/lens_blur.halide_generated.cpp:6150:27,0,0
lens_blur,cxx_default_on_emitted_cpp,5eb72c8d,1,16,cxx_mul_to_div,lens_blur.halide_generated.cpp,4080,70,generator_specific,-6,1,,,,test1_demo,0,0.062,cxx_mul_to_div:/mnt/scratch1/ardi/dsl_mut/HM-armc/mutation/lowered-cpp/lens_blur/lens_blur.halide_generated.cpp:4080:70,0,1
lens_blur,cxx_default_on_emitted_cpp,5eb72c8d,1,16,cxx_mul_to_div,lens_blur.halide_generated.cpp,4863,33,generator_specific,0,0,0,,,,0,18.000,cxx_mul_to_div:/mnt/scratch1/ardi/dsl_mut/HM-armc/mutation/lowered-cpp/lens_blur/lens_blur.halide_generated.cpp:4863:33,0,0
lens_blur,cxx_default_on_emitted_cpp,5eb72c8d,1,16,cxx_add_to_sub,lens_blur.halide_generated.cpp,9162,34,generator_specific,0,0,0,,,,0,17.651,cxx_add_to_sub:/mnt/scratch1/ardi/dsl_mut/HM-armc/mutation/lowered-cpp/lens_blur/lens_blur.halide_generated.cpp:9162:34,0,0
lens_blur,cxx_default_on_emitted_cpp,5eb72c8d,1,16,cxx_add_to_sub,lens_blur.halide_generated.cpp,6245,26,generator_specific,0,0,0,,,,0,17.415,cxx_add_to_sub:/mnt/scratch1/ardi/dsl_mut/HM-armc/mutation/lowered-cpp/lens_blur/lens_blur.halide_generated.cpp:6245:26,0,0
lens_blur,cxx_default_on_emitted_cpp,5eb72c8d,1,16,cxx_add_to_sub,lens_blur.halide_generated.cpp,4635,45,generator_specific,0,0,0,,,,0,17.593,cxx_add_to_sub:/mnt/scratch1/ardi/dsl_mut/HM-armc/mutation/lowered-cpp/lens_blur/lens_blur.halide_generated.cpp:4635:45,0,0
lens_blur,cxx_default_on_emitted_cpp,5eb72c8d,1,16,cxx_add_to_sub,lens_blur.halide_generated.cpp,12589,24,generator_specific,0,0,0,,,,0,17.733,cxx_add_to_sub:/mnt/scratch1/ardi/dsl_mut/HM-armc/mutation/lowered-cpp/lens_blur/lens_blur.halide_generated.cpp:12589:24,0,0
lens_blur,cxx_default_on_emitted_cpp,5eb72c8d,1,16,cxx_add_to_sub,lens_blur.halide_generated.cpp,7426,31,generator_specific,0,0,1,,,test2_golden,0,17.608,cxx_add_to_sub:/mnt/scratch1/ardi/dsl_mut/HM-armc/mutation/lowered-cpp/lens_blur/lens_blur.halide_generated.cpp:7426:31,0,0
lens_blur,cxx_default_on_emitted_cpp,5eb72c8d,1,16,cxx_remove_void_call,lens_blur.halide_generated.cpp,10586,16,generator_specific,0,0,0,,,,0,17.618,cxx_remove_void_call:/mnt/scratch1/ardi/dsl_mut/HM-armc/mutation/lowered-cpp/lens_blur/lens_blur.halide_generated.cpp:10586:16,0,0
lens_blur,cxx_default_on_emitted_cpp,5eb72c8d,1,16,cxx_le_to_gt,lens_blur.halide_generated.cpp,12877,18,generator_specific,0,0,1,,,test2_golden,0,0.047,cxx_le_to_gt:/mnt/scratch1/ardi/dsl_mut/HM-armc/mutation/lowered-cpp/lens_blur/lens_blur.halide_generated.cpp:12877:18,0,0
lens_blur,cxx_default_on_emitted_cpp,5eb72c8d,1,16,cxx_add_to_sub,lens_blur.halide_generated.cpp,4330,27,generator_specific,-11,1,,,,test1_demo,0,0.026,cxx_add_to_sub:/mnt/scratch1/ardi/dsl_mut/HM-armc/mutation/lowered-cpp/lens_blur/lens_blur.halide_generated.cpp:4330:27,0,1
lens_blur,cxx_default_on_emitted_cpp,5eb72c8d,1,16,cxx_add_to_sub,lens_blur.halide_generated.cpp,6981,30,generator_specific,0,0,0,,,,0,17.709,cxx_add_to_sub:/mnt/scratch1/ardi/dsl_mut/HM-armc/mutation/lowered-cpp/lens_blur/lens_blur.halide_generated.cpp:6981:30,0,0
lens_blur,cxx_default_on_emitted_cpp,5eb72c8d,1,16,cxx_mul_to_div,lens_blur.halide_generated.cpp,9155,34,generator_specific,0,0,0,,,,0,17.781,cxx_mul_to_div:/mnt/scratch1/ardi/dsl_mut/HM-armc/mutation/lowered-cpp/lens_blur/lens_blur.halide_generated.cpp:9155:34,0,0
lens_blur,cxx_default_on_emitted_cpp,5eb72c8d,1,16,cxx_add_to_sub,lens_blur.halide_generated.cpp,13383,25,generator_specific,0,0,0,,,,0,17.882,cxx_add_to_sub:/mnt/scratch1/ardi/dsl_mut/HM-armc/mutation/lowered-cpp/lens_blur/lens_blur.halide_generated.cpp:13383:25,0,0
lens_blur,cxx_default_on_emitted_cpp,5eb72c8d,1,16,cxx_lt_to_ge,lens_blur.halide_generated.cpp,4712,40,generator_specific,0,0,0,,,,0,17.464,cxx_lt_to_ge:/mnt/scratch1/ardi/dsl_mut/HM-armc/mutation/lowered-cpp/lens_blur/lens_blur.halide_generated.cpp:4712:40,0,0
lens_blur,cxx_default_on_emitted_cpp,5eb72c8d,1,16,cxx_add_to_sub,lens_blur.halide_generated.cpp,8078,31,generator_specific,0,0,0,,,,0,17.425,cxx_add_to_sub:/mnt/scratch1/ardi/dsl_mut/HM-armc/mutation/lowered-cpp/lens_blur/lens_blur.halide_generated.cpp:8078:31,0,0
lens_blur,cxx_default_on_emitted_cpp,5eb72c8d,1,16,cxx_add_to_sub,lens_blur.halide_generated.cpp,7484,31,generator_specific,0,0,0,,,,0,17.692,cxx_add_to_sub:/mnt/scratch1/ardi/dsl_mut/HM-armc/mutation/lowered-cpp/lens_blur/lens_blur.halide_generated.cpp:7484:31,0,0
lens_blur,cxx_default_on_emitted_cpp,5eb72c8d,1,16,cxx_add_to_sub,lens_blur.halide_generated.cpp,11348,39,generator_specific,0,0,0,,,,0,17.762,cxx_add_to_sub:/mnt/scratch1/ardi/dsl_mut/HM-armc/mutation/lowered-cpp/lens_blur/lens_blur.halide_generated.cpp:11348:39,0,0
lens_blur,cxx_default_on_emitted_cpp,5eb72c8d,1,16,cxx_add_to_sub,lens_blur.halide_generated.cpp,9515,36,generator_specific,0,0,0,,,,0,17.728,cxx_add_to_sub:/mnt/scratch1/ardi/dsl_mut/HM-armc/mutation/lowered-cpp/lens_blur/lens_blur.halide_generated.cpp:9515:36,0,0
lens_blur,cxx_default_on_emitted_cpp,5eb72c8d,1,16,cxx_add_to_sub,lens_blur.halide_generated.cpp,11066,38,generator_specific,-11,1,,,,test1_demo,0,0.288,cxx_add_to_sub:/mnt/scratch1/ardi/dsl_mut/HM-armc/mutation/lowered-cpp/lens_blur/lens_blur.halide_generated.cpp:11066:38,0,1
lens_blur,cxx_default_on_emitted_cpp,5eb72c8d,1,16,cxx_mul_to_div,lens_blur.halide_generated.cpp,9488,35,generator_specific,0,0,0,,,,0,17.550,cxx_mul_to_div:/mnt/scratch1/ardi/dsl_mut/HM-armc/mutation/lowered-cpp/lens_blur/lens_blur.halide_generated.cpp:9488:35,0,0
lens_blur,cxx_default_on_emitted_cpp,5eb72c8d,1,16,cxx_mul_to_div,lens_blur.halide_generated.cpp,11743,29,generator_specific,0,0,0,,,,0,18.022,cxx_mul_to_div:/mnt/scratch1/ardi/dsl_mut/HM-armc/mutation/lowered-cpp/lens_blur/lens_blur.halide_generated.cpp:11743:29,0,0
lens_blur,cxx_default_on_emitted_cpp,5eb72c8d,1,16,cxx_add_to_sub,lens_blur.halide_generated.cpp,13394,25,generator_specific,0,0,0,,,,0,17.750,cxx_add_to_sub:/mnt/scratch1/ardi/dsl_mut/HM-armc/mutation/lowered-cpp/lens_blur/lens_blur.halide_generated.cpp:13394:25,0,0
lens_blur,cxx_default_on_emitted_cpp,5eb72c8d,1,16,cxx_mul_to_div,lens_blur.halide_generated.cpp,11271,38,generator_specific,0,0,0,,,,0,17.694,cxx_mul_to_div:/mnt/scratch1/ardi/dsl_mut/HM-armc/mutation/lowered-cpp/lens_blur/lens_blur.halide_generated.cpp:11271:38,0,0
lens_blur,cxx_default_on_emitted_cpp,5eb72c8d,1,16,cxx_add_to_sub,lens_blur.halide_generated.cpp,9325,33,generator_specific,0,0,0,,,,0,17.996,cxx_add_to_sub:/mnt/scratch1/ardi/dsl_mut/HM-armc/mutation/lowered-cpp/lens_blur/lens_blur.halide_generated.cpp:9325:33,0,0
lens_blur,cxx_default_on_emitted_cpp,5eb72c8d,1,16,cxx_mul_to_div,lens_blur.halide_generated.cpp,9838,36,generator_specific,0,0,0,,,,0,17.722,cxx_mul_to_div:/mnt/scratch1/ardi/dsl_mut/HM-armc/mutation/lowered-cpp/lens_blur/lens_blur.halide_generated.cpp:9838:36,0,0
lens_blur,cxx_default_on_emitted_cpp,5eb72c8d,1,16,cxx_replace_scalar_call,lens_blur.halide_generated.cpp,12754,19,generator_specific,0,0,0,,,,0,17.958,cxx_replace_scalar_call:/mnt/scratch1/ardi/dsl_mut/HM-armc/mutation/lowered-cpp/lens_blur/lens_blur.halide_generated.cpp:12754:19,0,0
lens_blur,cxx_default_on_emitted_cpp,5eb72c8d,1,16,cxx_mul_to_div,lens_blur.halide_generated.cpp,7778,31,generator_specific,0,0,0,,,,0,17.744,cxx_mul_to_div:/mnt/scratch1/ardi/dsl_mut/HM-armc/mutation/lowered-cpp/lens_blur/lens_blur.halide_generated.cpp:7778:31,0,0
lens_blur,cxx_default_on_emitted_cpp,5eb72c8d,1,16,cxx_add_to_sub,lens_blur.halide_generated.cpp,10271,37,generator_specific,0,0,0,,,,0,17.810,cxx_add_to_sub:/mnt/scratch1/ardi/dsl_mut/HM-armc/mutation/lowered-cpp/lens_blur/lens_blur.halide_generated.cpp:10271:37,0,0
lens_blur,cxx_default_on_emitted_cpp,5eb72c8d,1,16,cxx_add_to_sub,lens_blur.halide_generated.cpp,10033,37,generator_specific,0,0,0,,,,0,17.928,cxx_add_to_sub:/mnt/scratch1/ardi/dsl_mut/HM-armc/mutation/lowered-cpp/lens_blur/lens_blur.halide_generated.cpp:10033:37,0,0
lens_blur,cxx_default_on_emitted_cpp,5eb72c8d,1,16,cxx_add_to_sub,lens_blur.halide_generated.cpp,11317,39,generator_specific,0,0,0,,,,0,17.852,cxx_add_to_sub:/mnt/scratch1/ardi/dsl_mut/HM-armc/mutation/lowered-cpp/lens_blur/lens_blur.halide_generated.cpp:11317:39,0,0
lens_blur,cxx_default_on_emitted_cpp,5eb72c8d,1,16,cxx_add_to_sub,lens_blur.halide_generated.cpp,9499,35,generator_specific,0,0,0,,,,0,17.483,cxx_add_to_sub:/mnt/scratch1/ardi/dsl_mut/HM-armc/mutation/lowered-cpp/lens_blur/lens_blur.halide_generated.cpp:9499:35,0,0
lens_blur,cxx_default_on_emitted_cpp,5eb72c8d,1,16,cxx_add_to_sub,lens_blur.halide_generated.cpp,6514,29,generator_specific,0,0,0,,,,0,17.782,cxx_add_to_sub:/mnt/scratch1/ardi/dsl_mut/HM-armc/mutation/lowered-cpp/lens_blur/lens_blur.halide_generated.cpp:6514:29,0,0
lens_blur,cxx_default_on_emitted_cpp,5eb72c8d,1,16,cxx_replace_scalar_call,lens_blur.halide_generated.cpp,5252,18,generator_specific,0,0,0,,,,0,17.855,cxx_replace_scalar_call:/mnt/scratch1/ardi/dsl_mut/HM-armc/mutation/lowered-cpp/lens_blur/lens_blur.halide_generated.cpp:5252:18,0,0
lens_blur,cxx_default_on_emitted_cpp,5eb72c8d,1,16,cxx_mul_to_div,lens_blur.halide_generated.cpp,5279,24,generator_specific,0,0,0,,,,0,18.223,cxx_mul_to_div:/mnt/scratch1/ardi/dsl_mut/HM-armc/mutation/lowered-cpp/lens_blur/lens_blur.halide_generated.cpp:5279:24,0,0
lens_blur,cxx_default_on_emitted_cpp,5eb72c8d,1,16,cxx_replace_scalar_call,lens_blur.halide_generated.cpp,12731,18,generator_specific,0,0,0,,,,0,17.848,cxx_replace_scalar_call:/mnt/scratch1/ardi/dsl_mut/HM-armc/mutation/lowered-cpp/lens_blur/lens_blur.halide_generated.cpp:12731:18,0,0
lens_blur,cxx_default_on_emitted_cpp,5eb72c8d,1,16,cxx_add_to_sub,lens_blur.halide_generated.cpp,13724,26,generator_specific,0,0,0,,,,0,17.778,cxx_add_to_sub:/mnt/scratch1/ardi/dsl_mut/HM-armc/mutation/lowered-cpp/lens_blur/lens_blur.halide_generated.cpp:13724:26,0,0
lens_blur,cxx_default_on_emitted_cpp,5eb72c8d,1,16,cxx_mul_to_div,lens_blur.halide_generated.cpp,8598,32,generator_specific,0,0,0,,,,0,17.651,cxx_mul_to_div:/mnt/scratch1/ardi/dsl_mut/HM-armc/mutation/lowered-cpp/lens_blur/lens_blur.halide_generated.cpp:8598:32,0,0
lens_blur,cxx_default_on_emitted_cpp,5eb72c8d,1,16,cxx_add_to_sub,lens_blur.halide_generated.cpp,8932,34,generator_specific,-11,1,,,,test1_demo,0,0.249,cxx_add_to_sub:/mnt/scratch1/ardi/dsl_mut/HM-armc/mutation/lowered-cpp/lens_blur/lens_blur.halide_generated.cpp:8932:34,0,1
lens_blur,cxx_default_on_emitted_cpp,5eb72c8d,1,16,cxx_add_to_sub,lens_blur.halide_generated.cpp,9968,36,generator_specific,0,0,0,,,,0,18.083,cxx_add_to_sub:/mnt/scratch1/ardi/dsl_mut/HM-armc/mutation/lowered-cpp/lens_blur/lens_blur.halide_generated.cpp:9968:36,0,0
lens_blur,cxx_default_on_emitted_cpp,5eb72c8d,1,16,cxx_add_to_sub,lens_blur.halide_generated.cpp,5282,24,generator_specific,0,0,0,,,,0,17.841,cxx_add_to_sub:/mnt/scratch1/ardi/dsl_mut/HM-armc/mutation/lowered-cpp/lens_blur/lens_blur.halide_generated.cpp:5282:24,0,0
lens_blur,cxx_default_on_emitted_cpp,5eb72c8d,1,16,cxx_add_to_sub,lens_blur.halide_generated.cpp,13404,25,generator_specific,0,0,0,,,,0,17.716,cxx_add_to_sub:/mnt/scratch1/ardi/dsl_mut/HM-armc/mutation/lowered-cpp/lens_blur/lens_blur.halide_generated.cpp:13404:25,0,0
lens_blur,cxx_default_on_emitted_cpp,5eb72c8d,1,16,cxx_gt_to_le,lens_blur.halide_generated.cpp,4472,72,generator_specific,-6,1,,,,test1_demo,0,0.024,cxx_gt_to_le:/mnt/scratch1/ardi/dsl_mut/HM-armc/mutation/lowered-cpp/lens_blur/lens_blur.halide_generated.cpp:4472:72,0,1
lens_blur,cxx_default_on_emitted_cpp,5eb72c8d,1,16,cxx_add_to_sub,lens_blur.halide_generated.cpp,13711,26,generator_specific,0,0,0,,,,0,17.987,cxx_add_to_sub:/mnt/scratch1/ardi/dsl_mut/HM-armc/mutation/lowered-cpp/lens_blur/lens_blur.halide_generated.cpp:13711:26,0,0
lens_blur,cxx_default_on_emitted_cpp,5eb72c8d,1,16,cxx_add_to_sub,lens_blur.halide_generated.cpp,11752,29,generator_specific,0,0,0,,,,0,18.129,cxx_add_to_sub:/mnt/scratch1/ardi/dsl_mut/HM-armc/mutation/lowered-cpp/lens_blur/lens_blur.halide_generated.cpp:11752:29,0,0
lens_blur,cxx_default_on_emitted_cpp,5eb72c8d,1,16,cxx_le_to_gt,lens_blur.halide_generated.cpp,13346,18,generator_specific,-6,1,,,,test1_demo,0,0.021,cxx_le_to_gt:/mnt/scratch1/ardi/dsl_mut/HM-armc/mutation/lowered-cpp/lens_blur/lens_blur.halide_generated.cpp:13346:18,0,1
lens_blur,cxx_default_on_emitted_cpp,5eb72c8d,1,16,cxx_replace_scalar_call,lens_blur.halide_generated.cpp,12595,18,generator_specific,0,0,0,,,,0,18.165,cxx_replace_scalar_call:/mnt/scratch1/ardi/dsl_mut/HM-armc/mutation/lowered-cpp/lens_blur/lens_blur.halide_generated.cpp:12595:18,0,0
lens_blur,cxx_default_on_emitted_cpp,5eb72c8d,1,16,cxx_add_to_sub,lens_blur.halide_generated.cpp,8976,34,generator_specific,0,0,0,,,,0,18.171,cxx_add_to_sub:/mnt/scratch1/ardi/dsl_mut/HM-armc/mutation/lowered-cpp/lens_blur/lens_blur.halide_generated.cpp:8976:34,0,0
lens_blur,cxx_default_on_emitted_cpp,5eb72c8d,1,16,cxx_add_to_sub,lens_blur.halide_generated.cpp,7688,28,generator_specific,0,0,0,,,,0,18.104,cxx_add_to_sub:/mnt/scratch1/ardi/dsl_mut/HM-armc/mutation/lowered-cpp/lens_blur/lens_blur.halide_generated.cpp:7688:28,0,0
lens_blur,cxx_default_on_emitted_cpp,5eb72c8d,1,16,cxx_mul_to_div,lens_blur.halide_generated.cpp,10711,38,generator_specific,0,0,0,,,,0,18.504,cxx_mul_to_div:/mnt/scratch1/ardi/dsl_mut/HM-armc/mutation/lowered-cpp/lens_blur/lens_blur.halide_generated.cpp:10711:38,0,0
lens_blur,cxx_default_on_emitted_cpp,5eb72c8d,1,16,cxx_sub_to_add,lens_blur.halide_generated.cpp,8656,31,generator_specific,0,0,0,,,,0,18.732,cxx_sub_to_add:/mnt/scratch1/ardi/dsl_mut/HM-armc/mutation/lowered-cpp/lens_blur/lens_blur.halide_generated.cpp:8656:31,0,0
lens_blur,cxx_default_on_emitted_cpp,5eb72c8d,1,16,cxx_replace_scalar_call,lens_blur.halide_generated.cpp,12923,20,generator_specific,0,0,0,,,,0,18.351,cxx_replace_scalar_call:/mnt/scratch1/ardi/dsl_mut/HM-armc/mutation/lowered-cpp/lens_blur/lens_blur.halide_generated.cpp:12923:20,0,0
lens_blur,cxx_default_on_emitted_cpp,5eb72c8d,1,16,cxx_mul_to_div,lens_blur.halide_generated.cpp,6283,75,generator_specific,-6,1,,,,test1_demo,0,0.263,cxx_mul_to_div:/mnt/scratch1/ardi/dsl_mut/HM-armc/mutation/lowered-cpp/lens_blur/lens_blur.halide_generated.cpp:6283:75,0,1
lens_blur,cxx_default_on_emitted_cpp,5eb72c8d,1,16,cxx_sub_to_add,lens_blur.halide_generated.cpp,6794,29,generator_specific,0,0,0,,,,0,18.147,cxx_sub_to_add:/mnt/scratch1/ardi/dsl_mut/HM-armc/mutation/lowered-cpp/lens_blur/lens_blur.halide_generated.cpp:6794:29,0,0
lens_blur,cxx_default_on_emitted_cpp,5eb72c8d,1,16,cxx_add_to_sub,lens_blur.halide_generated.cpp,4373,31,generator_specific,0,0,0,,,,0,18.140,cxx_add_to_sub:/mnt/scratch1/ardi/dsl_mut/HM-armc/mutation/lowered-cpp/lens_blur/lens_blur.halide_generated.cpp:4373:31,0,0
lens_blur,cxx_default_on_emitted_cpp,5eb72c8d,1,16,cxx_mul_to_div,lens_blur.halide_generated.cpp,5995,27,generator_specific,0,0,0,,,,0,18.228,cxx_mul_to_div:/mnt/scratch1/ardi/dsl_mut/HM-armc/mutation/lowered-cpp/lens_blur/lens_blur.halide_generated.cpp:5995:27,0,0
lens_blur,cxx_default_on_emitted_cpp,5eb72c8d,1,16,cxx_add_to_sub,lens_blur.halide_generated.cpp,8505,32,generator_specific,0,0,0,,,,0,18.398,cxx_add_to_sub:/mnt/scratch1/ardi/dsl_mut/HM-armc/mutation/lowered-cpp/lens_blur/lens_blur.halide_generated.cpp:8505:32,0,0
lens_blur,cxx_default_on_emitted_cpp,5eb72c8d,1,16,cxx_add_to_sub,lens_blur.halide_generated.cpp,6868,32,generator_specific,0,0,0,,,,0,18.308,cxx_add_to_sub:/mnt/scratch1/ardi/dsl_mut/HM-armc/mutation/lowered-cpp/lens_blur/lens_blur.halide_generated.cpp:6868:32,0,0
lens_blur,cxx_default_on_emitted_cpp,5eb72c8d,1,16,cxx_remove_void_call,lens_blur.halide_generated.cpp,8763,12,generator_specific,0,0,0,,,,0,18.089,cxx_remove_void_call:/mnt/scratch1/ardi/dsl_mut/HM-armc/mutation/lowered-cpp/lens_blur/lens_blur.halide_generated.cpp:8763:12,0,0
lens_blur,cxx_default_on_emitted_cpp,5eb72c8d,1,16,cxx_add_to_sub,lens_blur.halide_generated.cpp,6008,30,generator_specific,-11,1,,,,test1_demo,0,0.295,cxx_add_to_sub:/mnt/scratch1/ardi/dsl_mut/HM-armc/mutation/lowered-cpp/lens_blur/lens_blur.halide_generated.cpp:6008:30,0,1
lens_blur,cxx_default_on_emitted_cpp,5eb72c8d,1,16,cxx_add_to_sub,lens_blur.halide_generated.cpp,9991,36,generator_specific,0,0,0,,,,0,18.093,cxx_add_to_sub:/mnt/scratch1/ardi/dsl_mut/HM-armc/mutation/lowered-cpp/lens_blur/lens_blur.halide_generated.cpp:9991:36,0,0
lens_blur,cxx_default_on_emitted_cpp,5eb72c8d,1,16,cxx_sub_to_add,lens_blur.halide_generated.cpp,13912,27,generator_specific,0,0,0,,,,0,17.095,cxx_sub_to_add:/mnt/scratch1/ardi/dsl_mut/HM-armc/mutation/lowered-cpp/lens_blur/lens_blur.halide_generated.cpp:13912:27,0,0
lens_blur,cxx_default_on_emitted_cpp,5eb72c8d,1,16,cxx_lt_to_ge,lens_blur.halide_generated.cpp,7065,71,generator_specific,0,0,0,,,,0,17.326,cxx_lt_to_ge:/mnt/scratch1/ardi/dsl_mut/HM-armc/mutation/lowered-cpp/lens_blur/lens_blur.halide_generated.cpp:7065:71,0,0
lens_blur,cxx_default_on_emitted_cpp,5eb72c8d,1,16,cxx_add_to_sub,lens_blur.halide_generated.cpp,10775,38,generator_specific,0,0,1,,,test2_golden,0,17.807,cxx_add_to_sub:/mnt/scratch1/ardi/dsl_mut/HM-armc/mutation/lowered-cpp/lens_blur/lens_blur.halide_generated.cpp:10775:38,0,0
lens_blur,cxx_default_on_emitted_cpp,5eb72c8d,1,16,cxx_add_to_sub,lens_blur.halide_generated.cpp,7916,31,generator_specific,0,0,0,,,,0,17.928,cxx_add_to_sub:/mnt/scratch1/ardi/dsl_mut/HM-armc/mutation/lowered-cpp/lens_blur/lens_blur.halide_generated.cpp:7916:31,0,0
lens_blur,cxx_default_on_emitted_cpp,5eb72c8d,1,16,cxx_add_to_sub,lens_blur.halide_generated.cpp,8799,31,generator_specific,0,0,0,,,,0,18.148,cxx_add_to_sub:/mnt/scratch1/ardi/dsl_mut/HM-armc/mutation/lowered-cpp/lens_blur/lens_blur.halide_generated.cpp:8799:31,0,0
lens_blur,cxx_default_on_emitted_cpp,5eb72c8d,1,16,cxx_mul_to_div,lens_blur.halide_generated.cpp,4362,31,generator_specific,0,0,0,,,,0,18.040,cxx_mul_to_div:/mnt/scratch1/ardi/dsl_mut/HM-armc/mutation/lowered-cpp/lens_blur/lens_blur.halide_generated.cpp:4362:31,0,0
lens_blur,cxx_default_on_emitted_cpp,5eb72c8d,1,16,cxx_mul_to_div,lens_blur.halide_generated.cpp,6261,26,generator_specific,0,0,0,,,,0,18.179,cxx_mul_to_div:/mnt/scratch1/ardi/dsl_mut/HM-armc/mutation/lowered-cpp/lens_blur/lens_blur.halide_generated.cpp:6261:26,0,0
lens_blur,cxx_default_on_emitted_cpp,5eb72c8d,1,16,cxx_gt_to_ge,lens_blur.halide_generated.cpp,9295,35,generator_specific,0,0,0,,,,0,17.801,cxx_gt_to_ge:/mnt/scratch1/ardi/dsl_mut/HM-armc/mutation/lowered-cpp/lens_blur/lens_blur.halide_generated.cpp:9295:35,0,0
lens_blur,cxx_default_on_emitted_cpp,5eb72c8d,1,16,cxx_lt_to_ge,lens_blur.halide_generated.cpp,8031,82,generator_specific,0,0,0,,,,0,18.418,cxx_lt_to_ge:/mnt/scratch1/ardi/dsl_mut/HM-armc/mutation/lowered-cpp/lens_blur/lens_blur.halide_generated.cpp:8031:82,0,0
lens_blur,cxx_default_on_emitted_cpp,5eb72c8d,1,16,cxx_mul_to_div,lens_blur.halide_generated.cpp,5677,26,generator_specific,0,0,0,,,,0,17.785,cxx_mul_to_div:/mnt/scratch1/ardi/dsl_mut/HM-armc/mutation/lowered-cpp/lens_blur/lens_blur.halide_generated.cpp:5677:26,0,0
lens_blur,cxx_default_on_emitted_cpp,5eb72c8d,1,16,cxx_add_to_sub,lens_blur.halide_generated.cpp,9200,35,generator_specific,0,0,0,,,,0,17.955,cxx_add_to_sub:/mnt/scratch1/ardi/dsl_mut/HM-armc/mutation/lowered-cpp/lens_blur/lens_blur.halide_generated.cpp:9200:35,0,0
lens_blur,cxx_default_on_emitted_cpp,5eb72c8d,1,16,cxx_sub_to_add,lens_blur.halide_generated.cpp,6927,29,generator_specific,0,0,0,,,,0,18.099,cxx_sub_to_add:/mnt/scratch1/ardi/dsl_mut/HM-armc/mutation/lowered-cpp/lens_blur/lens_blur.halide_generated.cpp:6927:29,0,0
lens_blur,cxx_default_on_emitted_cpp,5eb72c8d,1,16,cxx_mul_to_div,lens_blur.halide_generated.cpp,10054,36,generator_specific,0,0,0,,,,0,18.263,cxx_mul_to_div:/mnt/scratch1/ardi/dsl_mut/HM-armc/mutation/lowered-cpp/lens_blur/lens_blur.halide_generated.cpp:10054:36,0,0
lens_blur,cxx_default_on_emitted_cpp,5eb72c8d,1,16,cxx_sub_to_add,lens_blur.halide_generated.cpp,10010,36,generator_specific,0,0,0,,,,0,18.193,cxx_sub_to_add:/mnt/scratch1/ardi/dsl_mut/HM-armc/mutation/lowered-cpp/lens_blur/lens_blur.halide_generated.cpp:10010:36,0,0
lens_blur,cxx_default_on_emitted_cpp,5eb72c8d,1,16,cxx_sub_to_add,lens_blur.halide_generated.cpp,9271,33,generator_specific,0,0,0,,,,0,18.086,cxx_sub_to_add:/mnt/scratch1/ardi/dsl_mut/HM-armc/mutation/lowered-cpp/lens_blur/lens_blur.halide_generated.cpp:9271:33,0,0
lens_blur,cxx_default_on_emitted_cpp,5eb72c8d,1,16,cxx_sub_to_add,lens_blur.halide_generated.cpp,7759,30,generator_specific,0,0,0,,,,0,18.095,cxx_sub_to_add:/mnt/scratch1/ardi/dsl_mut/HM-armc/mutation/lowered-cpp/lens_blur/lens_blur.halide_generated.cpp:7759:30,0,0
lens_blur,cxx_default_on_emitted_cpp,5eb72c8d,1,16,cxx_add_to_sub,lens_blur.halide_generated.cpp,8080,32,generator_specific,0,0,0,,,,0,17.918,cxx_add_to_sub:/mnt/scratch1/ardi/dsl_mut/HM-armc/mutation/lowered-cpp/lens_blur/lens_blur.halide_generated.cpp:8080:32,0,0
lens_blur,cxx_default_on_emitted_cpp,5eb72c8d,1,16,cxx_sub_to_add,lens_blur.halide_generated.cpp,6780,28,generator_specific,0,0,0,,,,0,18.170,cxx_sub_to_add:/mnt/scratch1/ardi/dsl_mut/HM-armc/mutation/lowered-cpp/lens_blur/lens_blur.halide_generated.cpp:6780:28,0,0
lens_blur,cxx_default_on_emitted_cpp,5eb72c8d,1,16,cxx_add_to_sub,lens_blur.halide_generated.cpp,8114,34,generator_specific,0,0,0,,,,0,17.983,cxx_add_to_sub:/mnt/scratch1/ardi/dsl_mut/HM-armc/mutation/lowered-cpp/lens_blur/lens_blur.halide_generated.cpp:8114:34,0,0
lens_blur,cxx_default_on_emitted_cpp,5eb72c8d,1,16,cxx_remove_void_call,lens_blur.halide_generated.cpp,3836,5,generator_specific,0,0,1,,,test2_golden,0,18.317,cxx_remove_void_call:/mnt/scratch1/ardi/dsl_mut/HM-armc/mutation/lowered-cpp/lens_blur/lens_blur.halide_generated.cpp:3836:5,0,0
lens_blur,cxx_default_on_emitted_cpp,5eb72c8d,1,16,cxx_remove_void_call,lens_blur.halide_generated.cpp,3771,5,generator_specific,0,0,1,,,test2_golden,0,18.375,cxx_remove_void_call:/mnt/scratch1/ardi/dsl_mut/HM-armc/mutation/lowered-cpp/lens_blur/lens_blur.halide_generated.cpp:3771:5,0,0
lens_blur,cxx_default_on_emitted_cpp,5eb72c8d,1,16,cxx_add_to_sub,lens_blur.halide_generated.cpp,7605,30,generator_specific,0,0,0,,,,0,18.046,cxx_add_to_sub:/mnt/scratch1/ardi/dsl_mut/HM-armc/mutation/lowered-cpp/lens_blur/lens_blur.halide_generated.cpp:7605:30,0,0
lens_blur,cxx_default_on_emitted_cpp,5eb72c8d,1,16,cxx_add_to_sub,lens_blur.halide_generated.cpp,10341,37,generator_specific,0,0,0,,,,0,18.070,cxx_add_to_sub:/mnt/scratch1/ardi/dsl_mut/HM-armc/mutation/lowered-cpp/lens_blur/lens_blur.halide_generated.cpp:10341:37,0,0
lens_blur,cxx_default_on_emitted_cpp,5eb72c8d,1,16,cxx_add_to_sub,lens_blur.halide_generated.cpp,6983,32,generator_specific,0,0,0,,,,0,18.080,cxx_add_to_sub:/mnt/scratch1/ardi/dsl_mut/HM-armc/mutation/lowered-cpp/lens_blur/lens_blur.halide_generated.cpp:6983:32,0,0
lens_blur,cxx_default_on_emitted_cpp,5eb72c8d,1,16,cxx_add_to_sub,lens_blur.halide_generated.cpp,5863,27,generator_specific,0,0,0,,,,0,17.979,cxx_add_to_sub:/mnt/scratch1/ardi/dsl_mut/HM-armc/mutation/lowered-cpp/lens_blur/lens_blur.halide_generated.cpp:5863:27,0,0
lens_blur,cxx_default_on_emitted_cpp,5eb72c8d,1,16,cxx_add_to_sub,lens_blur.halide_generated.cpp,10840,39,generator_specific,0,0,1,,,test2_golden,0,18.045,cxx_add_to_sub:/mnt/scratch1/ardi/dsl_mut/HM-armc/mutation/lowered-cpp/lens_blur/lens_blur.halide_generated.cpp:10840:39,0,0
lens_blur,cxx_default_on_emitted_cpp,5eb72c8d,1,16,cxx_mul_to_div,lens_blur.halide_generated.cpp,9435,35,generator_specific,0,0,0,,,,0,18.155,cxx_mul_to_div:/mnt/scratch1/ardi/dsl_mut/HM-armc/mutation/lowered-cpp/lens_blur/lens_blur.halide_generated.cpp:9435:35,0,0
lens_blur,cxx_default_on_emitted_cpp,5eb72c8d,1,16,cxx_mul_to_div,lens_blur.halide_generated.cpp,8420,32,generator_specific,0,0,0,,,,0,18.085,cxx_mul_to_div:/mnt/scratch1/ardi/dsl_mut/HM-armc/mutation/lowered-cpp/lens_blur/lens_blur.halide_generated.cpp:8420:32,0,0
lens_blur,cxx_default_on_emitted_cpp,5eb72c8d,1,16,cxx_add_to_sub,lens_blur.halide_generated.cpp,6252,26,generator_specific,0,0,0,,,,0,17.966,cxx_add_to_sub:/mnt/scratch1/ardi/dsl_mut/HM-armc/mutation/lowered-cpp/lens_blur/lens_blur.halide_generated.cpp:6252:26,0,0
lens_blur,cxx_default_on_emitted_cpp,5eb72c8d,1,16,cxx_le_to_lt,lens_blur.halide_generated.cpp,13338,29,generator_specific,0,0,0,,,,0,18.128,cxx_le_to_lt:/mnt/scratch1/ardi/dsl_mut/HM-armc/mutation/lowered-cpp/lens_blur/lens_blur.halide_generated.cpp:13338:29,0,0
lens_blur,cxx_default_on_emitted_cpp,5eb72c8d,1,16,cxx_add_to_sub,lens_blur.halide_generated.cpp,4190,27,generator_specific,0,0,1,,,test2_golden,0,18.387,cxx_add_to_sub:/mnt/scratch1/ardi/dsl_mut/HM-armc/mutation/lowered-cpp/lens_blur/lens_blur.halide_generated.cpp:4190:27,0,0
lens_blur,cxx_default_on_emitted_cpp,5eb72c8d,1,16,cxx_sub_to_add,lens_blur.halide_generated.cpp,10694,38,generator_specific,0,0,0,,,,0,17.923,cxx_sub_to_add:/mnt/scratch1/ardi/dsl_mut/HM-armc/mutation/lowered-cpp/lens_blur/lens_blur.halide_generated.cpp:10694:38,0,0
lens_blur,cxx_default_on_emitted_cpp,5eb72c8d,1,16,cxx_add_to_sub,lens_blur.halide_generated.cpp,14434,29,generator_specific,0,0,0,,,,0,17.867,cxx_add_to_sub:/mnt/scratch1/ardi/dsl_mut/HM-armc/mutation/lowered-cpp/lens_blur/lens_blur.halide_generated.cpp:14434:29,0,0
lens_blur,cxx_default_on_emitted_cpp,5eb72c8d,1,16,cxx_add_to_sub,lens_blur.halide_generated.cpp,11127,38,generator_specific,0,0,1,,,test2_golden,0,18.147,cxx_add_to_sub:/mnt/scratch1/ardi/dsl_mut/HM-armc/mutation/lowered-cpp/lens_blur/lens_blur.halide_generated.cpp:11127:38,0,0
lens_blur,cxx_default_on_emitted_cpp,5eb72c8d,1,16,cxx_sub_to_add,lens_blur.halide_generated.cpp,14219,28,generator_specific,0,0,0,,,,0,18.052,cxx_sub_to_add:/mnt/scratch1/ardi/dsl_mut/HM-armc/mutation/lowered-cpp/lens_blur/lens_blur.halide_generated.cpp:14219:28,0,0
lens_blur,cxx_default_on_emitted_cpp,5eb72c8d,1,16,cxx_add_to_sub,lens_blur.halide_generated.cpp,8744,33,generator_specific,0,0,0,,,,0,18.464,cxx_add_to_sub:/mnt/scratch1/ardi/dsl_mut/HM-armc/mutation/lowered-cpp/lens_blur/lens_blur.halide_generated.cpp:8744:33,0,0
lens_blur,cxx_default_on_emitted_cpp,5eb72c8d,1,16,cxx_add_to_sub,lens_blur.halide_generated.cpp,11960,26,generator_specific,0,0,0,,,,0,17.818,cxx_add_to_sub:/mnt/scratch1/ardi/dsl_mut/HM-armc/mutation/lowered-cpp/lens_blur/lens_blur.halide_generated.cpp:11960:26,0,0
lens_blur,cxx_default_on_emitted_cpp,5eb72c8d,1,16,cxx_add_to_sub,lens_blur.halide_generated.cpp,14190,28,generator_specific,0,0,0,,,,0,18.232,cxx_add_to_sub:/mnt/scratch1/ardi/dsl_mut/HM-armc/mutation/lowered-cpp/lens_blur/lens_blur.halide_generated.cpp:14190:28,0,0
lens_blur,cxx_default_on_emitted_cpp,5eb72c8d,1,16,cxx_replace_scalar_call,lens_blur.halide_generated.cpp,5114,17,generator_specific,0,0,0,,,,0,18.560,cxx_replace_scalar_call:/mnt/scratch1/ardi/dsl_mut/HM-armc/mutation/lowered-cpp/lens_blur/lens_blur.halide_generated.cpp:5114:17,0,0
lens_blur,cxx_default_on_emitted_cpp,5eb72c8d,1,16,cxx_sub_to_add,lens_blur.halide_generated.cpp,8912,34,generator_specific,0,0,0,,,,0,17.869,cxx_sub_to_add:/mnt/scratch1/ardi/dsl_mut/HM-armc/mutation/lowered-cpp/lens_blur/lens_blur.halide_generated.cpp:8912:34,0,0
lens_blur,cxx_default_on_emitted_cpp,5eb72c8d,1,16,cxx_mul_to_div,lens_blur.halide_generated.cpp,10299,37,generator_specific,0,0,0,,,,0,18.063,cxx_mul_to_div:/mnt/scratch1/ardi/dsl_mut/HM-armc/mutation/lowered-cpp/lens_blur/lens_blur.halide_generated.cpp:10299:37,0,0
lens_blur,cxx_default_on_emitted_cpp,5eb72c8d,1,16,cxx_add_to_sub,lens_blur.halide_generated.cpp,9455,35,generator_specific,0,0,0,,,,0,17.853,cxx_add_to_sub:/mnt/scratch1/ardi/dsl_mut/HM-armc/mutation/lowered-cpp/lens_blur/lens_blur.halide_generated.cpp:9455:35,0,0
lens_blur,cxx_default_on_emitted_cpp,5eb72c8d,1,16,cxx_mul_to_div,lens_blur.halide_generated.cpp,8900,42,generator_specific,0,0,0,,,,0,18.278,cxx_mul_to_div:/mnt/scratch1/ardi/dsl_mut/HM-armc/mutation/lowered-cpp/lens_blur/lens_blur.halide_generated.cpp:8900:42,0,0
lens_blur,cxx_default_on_emitted_cpp,5eb72c8d,1,16,cxx_mul_to_div,lens_blur.halide_generated.cpp,5951,27,generator_specific,0,0,0,,,,0,17.702,cxx_mul_to_div:/mnt/scratch1/ardi/dsl_mut/HM-armc/mutation/lowered-cpp/lens_blur/lens_blur.halide_generated.cpp:5951:27,0,0
lens_blur,cxx_default_on_emitted_cpp,5eb72c8d,1,16,cxx_mul_to_div,lens_blur.halide_generated.cpp,9106,34,generator_specific,0,0,0,,,,0,18.023,cxx_mul_to_div:/mnt/scratch1/ardi/dsl_mut/HM-armc/mutation/lowered-cpp/lens_blur/lens_blur.halide_generated.cpp:9106:34,0,0
lens_blur,cxx_default_on_emitted_cpp,5eb72c8d,1,16,cxx_add_to_sub,lens_blur.halide_generated.cpp,10551,38,generator_specific,0,0,0,,,,0,17.850,cxx_add_to_sub:/mnt/scratch1/ardi/dsl_mut/HM-armc/mutation/lowered-cpp/lens_blur/lens_blur.halide_generated.cpp:10551:38,0,0
lens_blur,cxx_default_on_emitted_cpp,5eb72c8d,1,16,cxx_add_to_sub,lens_blur.halide_generated.cpp,5526,27,generator_specific,0,0,0,,,,0,17.891,cxx_add_to_sub:/mnt/scratch1/ardi/dsl_mut/HM-armc/mutation/lowered-cpp/lens_blur/lens_blur.halide_generated.cpp:5526:27,0,0
lens_blur,cxx_default_on_emitted_cpp,5eb72c8d,1,16,cxx_mul_to_div,lens_blur.halide_generated.cpp,4250,33,generator_specific,0,0,1,,,test2_golden,0,17.546,cxx_mul_to_div:/mnt/scratch1/ardi/dsl_mut/HM-armc/mutation/lowered-cpp/lens_blur/lens_blur.halide_generated.cpp:4250:33,0,0
lens_blur,cxx_default_on_emitted_cpp,5eb72c8d,1,16,cxx_add_to_sub,lens_blur.halide_generated.cpp,5765,24,generator_specific,0,0,0,,,,0,17.811,cxx_add_to_sub:/mnt/scratch1/ardi/dsl_mut/HM-armc/mutation/lowered-cpp/lens_blur/lens_blur.halide_generated.cpp:5765:24,0,0
lens_blur,cxx_default_on_emitted_cpp,5eb72c8d,1,16,cxx_add_to_sub,lens_blur.halide_generated.cpp,11112,38,generator_specific,0,0,0,,,,0,17.790,cxx_add_to_sub:/mnt/scratch1/ardi/dsl_mut/HM-armc/mutation/lowered-cpp/lens_blur/lens_blur.halide_generated.cpp:11112:38,0,0
lens_blur,cxx_default_on_emitted_cpp,5eb72c8d,1,16,cxx_add_to_sub,lens_blur.halide_generated.cpp,7760,29,generator_specific,0,0,0,,,,0,17.575,cxx_add_to_sub:/mnt/scratch1/ardi/dsl_mut/HM-armc/mutation/lowered-cpp/lens_blur/lens_blur.halide_generated.cpp:7760:29,0,0
lens_blur,cxx_default_on_emitted_cpp,5eb72c8d,1,16,cxx_add_to_sub,lens_blur.halide_generated.cpp,10059,37,generator_specific,0,0,0,,,,0,17.645,cxx_add_to_sub:/mnt/scratch1/ardi/dsl_mut/HM-armc/mutation/lowered-cpp/lens_blur/lens_blur.halide_generated.cpp:10059:37,0,0
lens_blur,cxx_default_on_emitted_cpp,5eb72c8d,1,16,cxx_add_to_sub,lens_blur.halide_generated.cpp,7027,29,generator_specific,0,0,0,,,,0,16.520,cxx_add_to_sub:/mnt/scratch1/ardi/dsl_mut/HM-armc/mutation/lowered-cpp/lens_blur/lens_blur.halide_generated.cpp:7027:29,0,0
lens_blur,cxx_default_on_emitted_cpp,5eb72c8d,1,16,cxx_remove_void_call,lens_blur.halide_generated.cpp,11898,2,generator_specific,0,0,0,,,,0,13.075,cxx_remove_void_call:/mnt/scratch1/ardi/dsl_mut/HM-armc/mutation/lowered-cpp/lens_blur/lens_blur.halide_generated.cpp:11898:2,0,0
lens_blur,cxx_default_on_emitted_cpp,5eb72c8d,1,16,cxx_eq_to_ne,lens_blur.halide_generated.cpp,14125,40,generator_specific,0,0,0,,,,0,13.115,cxx_eq_to_ne:/mnt/scratch1/ardi/dsl_mut/HM-armc/mutation/lowered-cpp/lens_blur/lens_blur.halide_generated.cpp:14125:40,0,0
lens_blur,cxx_default_on_emitted_cpp,5eb72c8d,1,16,cxx_add_to_sub,lens_blur.halide_generated.cpp,7611,31,generator_specific,0,0,0,,,,0,12.861,cxx_add_to_sub:/mnt/scratch1/ardi/dsl_mut/HM-armc/mutation/lowered-cpp/lens_blur/lens_blur.halide_generated.cpp:7611:31,0,0
lens_blur,cxx_default_on_emitted_cpp,5eb72c8d,1,16,cxx_lt_to_ge,lens_blur.halide_generated.cpp,10901,58,generator_specific,-9,1,,,,test1_demo,1,98.193,cxx_lt_to_ge:/mnt/scratch1/ardi/dsl_mut/HM-armc/mutation/lowered-cpp/lens_blur/lens_blur.halide_generated.cpp:10901:58,0,0
lens_blur,cxx_default_on_emitted_cpp,5eb72c8d,2,16,cxx_add_to_sub,lens_blur.halide_generated.cpp,4646,28,generator_specific,-11,1,,,,test1_demo,0,0.022,cxx_add_to_sub:/mnt/scratch1/ardi/dsl_mut/HM-armc/mutation/lowered-cpp/lens_blur/lens_blur.halide_generated.cpp:4646:28,0,1
lens_blur,cxx_default_on_emitted_cpp,5eb72c8d,2,16,cxx_add_to_sub,lens_blur.halide_generated.cpp,4251,28,generator_specific,-11,1,,,,test1_demo,0,0.027,cxx_add_to_sub:/mnt/scratch1/ardi/dsl_mut/HM-armc/mutation/lowered-cpp/lens_blur/lens_blur.halide_generated.cpp:4251:28,0,1
lens_blur,cxx_default_on_emitted_cpp,5eb72c8d,2,16,cxx_le_to_gt,lens_blur.halide_generated.cpp,12948,18,generator_specific,-6,1,,,,test1_demo,0,0.016,cxx_le_to_gt:/mnt/scratch1/ardi/dsl_mut/HM-armc/mutation/lowered-cpp/lens_blur/lens_blur.halide_generated.cpp:12948:18,0,1
lens_blur,cxx_default_on_emitted_cpp,5eb72c8d,2,16,cxx_add_to_sub,lens_blur.halide_generated.cpp,5968,28,generator_specific,-11,1,,,,test1_demo,0,0.243,cxx_add_to_sub:/mnt/scratch1/ardi/dsl_mut/HM-armc/mutation/lowered-cpp/lens_blur/lens_blur.halide_generated.cpp:5968:28,0,1
lens_blur,cxx_default_on_emitted_cpp,5eb72c8d,2,16,cxx_add_to_sub,lens_blur.halide_generated.cpp,5435,29,generator_specific,-11,1,,,,test1_demo,0,0.258,cxx_add_to_sub:/mnt/scratch1/ardi/dsl_mut/HM-armc/mutation/lowered-cpp/lens_blur/lens_blur.halide_generated.cpp:5435:29,0,1
lens_blur,cxx_default_on_emitted_cpp,5eb72c8d,2,16,cxx_gt_to_le,lens_blur.halide_generated.cpp,6277,16,generator_specific,-6,1,,,,test1_demo,0,0.254,cxx_gt_to_le:/mnt/scratch1/ardi/dsl_mut/HM-armc/mutation/lowered-cpp/lens_blur/lens_blur.halide_generated.cpp:6277:16,0,1
lens_blur,cxx_default_on_emitted_cpp,5eb72c8d,2,16,cxx_le_to_gt,lens_blur.halide_generated.cpp,14495,22,generator_specific,-6,1,,,,test1_demo,0,0.429,cxx_le_to_gt:/mnt/scratch1/ardi/dsl_mut/HM-armc/mutation/lowered-cpp/lens_blur/lens_blur.halide_generated.cpp:14495:22,0,1
lens_blur,cxx_default_on_emitted_cpp,5eb72c8d,2,16,cxx_sub_to_add,lens_blur.halide_generated.cpp,8928,34,generator_specific,-11,1,,,,test1_demo,0,0.400,cxx_sub_to_add:/mnt/scratch1/ardi/dsl_mut/HM-armc/mutation/lowered-cpp/lens_blur/lens_blur.halide_generated.cpp:8928:34,0,1
lens_blur,cxx_default_on_emitted_cpp,5eb72c8d,2,16,cxx_lt_to_le,lens_blur.halide_generated.cpp,4861,41,generator_specific,-11,1,,,,test1_demo,0,0.021,cxx_lt_to_le:/mnt/scratch1/ardi/dsl_mut/HM-armc/mutation/lowered-cpp/lens_blur/lens_blur.halide_generated.cpp:4861:41,0,1
lens_blur,cxx_default_on_emitted_cpp,5eb72c8d,2,16,cxx_sub_to_add,lens_blur.halide_generated.cpp,6790,28,generator_specific,-11,1,,,,test1_demo,0,0.281,cxx_sub_to_add:/mnt/scratch1/ardi/dsl_mut/HM-armc/mutation/lowered-cpp/lens_blur/lens_blur.halide_generated.cpp:6790:28,0,1
lens_blur,cxx_default_on_emitted_cpp,5eb72c8d,2,16,cxx_lt_to_ge,lens_blur.halide_generated.cpp,4489,40,generator_specific,0,0,0,,,,0,14.804,cxx_lt_to_ge:/mnt/scratch1/ardi/dsl_mut/HM-armc/mutation/lowered-cpp/lens_blur/lens_blur.halide_generated.cpp:4489:40,0,0
lens_blur,cxx_default_on_emitted_cpp,5eb72c8d,2,16,cxx_add_to_sub,lens_blur.halide_generated.cpp,4122,30,generator_specific,-11,1,,,,test1_demo,0,0.052,cxx_add_to_sub:/mnt/scratch1/ardi/dsl_mut/HM-armc/mutation/lowered-cpp/lens_blur/lens_blur.halide_generated.cpp:4122:30,0,1
lens_blur,cxx_default_on_emitted_cpp,5eb72c8d,2,16,cxx_add_to_sub,lens_blur.halide_generated.cpp,13917,27,generator_specific,0,0,0,,,,0,15.844,cxx_add_to_sub:/mnt/scratch1/ardi/dsl_mut/HM-armc/mutation/lowered-cpp/lens_blur/lens_blur.halide_generated.cpp:13917:27,0,0
lens_blur,cxx_default_on_emitted_cpp,5eb72c8d,2,16,cxx_add_to_sub,lens_blur.halide_generated.cpp,10960,39,generator_specific,0,0,0,,,,0,16.158,cxx_add_to_sub:/mnt/scratch1/ardi/dsl_mut/HM-armc/mutation/lowered-cpp/lens_blur/lens_blur.halide_generated.cpp:10960:39,0,0
lens_blur,cxx_default_on_emitted_cpp,5eb72c8d,2,16,cxx_add_to_sub,lens_blur.halide_generated.cpp,6420,28,generator_specific,0,0,0,,,,0,16.184,cxx_add_to_sub:/mnt/scratch1/ardi/dsl_mut/HM-armc/mutation/lowered-cpp/lens_blur/lens_blur.halide_generated.cpp:6420:28,0,0
lens_blur,cxx_default_on_emitted_cpp,5eb72c8d,2,16,cxx_add_to_sub,lens_blur.halide_generated.cpp,7158,29,generator_specific,0,0,0,,,,0,16.199,cxx_add_to_sub:/mnt/scratch1/ardi/dsl_mut/HM-armc/mutation/lowered-cpp/lens_blur/lens_blur.halide_generated.cpp:7158:29,0,0
lens_blur,cxx_default_on_emitted_cpp,5eb72c8d,2,16,cxx_add_to_sub,lens_blur.halide_generated.cpp,7914,32,generator_specific,0,0,0,,,,0,16.218,cxx_add_to_sub:/mnt/scratch1/ardi/dsl_mut/HM-armc/mutation/lowered-cpp/lens_blur/lens_blur.halide_generated.cpp:7914:32,0,0
lens_blur,cxx_default_on_emitted_cpp,5eb72c8d,2,16,cxx_add_to_sub,lens_blur.halide_generated.cpp,6328,29,generator_specific,0,0,0,,,,0,16.231,cxx_add_to_sub:/mnt/scratch1/ardi/dsl_mut/HM-armc/mutation/lowered-cpp/lens_blur/lens_blur.halide_generated.cpp:6328:29,0,0
lens_blur,cxx_default_on_emitted_cpp,5eb72c8d,2,16,cxx_add_to_sub,lens_blur.halide_generated.cpp,9391,35,generator_specific,0,0,0,,,,0,16.233,cxx_add_to_sub:/mnt/scratch1/ardi/dsl_mut/HM-armc/mutation/lowered-cpp/lens_blur/lens_blur.halide_generated.cpp:9391:35,0,0
lens_blur,cxx_default_on_emitted_cpp,5eb72c8d,2,16,cxx_sub_to_add,lens_blur.halide_generated.cpp,8496,32,generator_specific,0,0,0,,,,0,16.286,cxx_sub_to_add:/mnt/scratch1/ardi/dsl_mut/HM-armc/mutation/lowered-cpp/lens_blur/lens_blur.halide_generated.cpp:8496:32,0,0
lens_blur,cxx_default_on_emitted_cpp,5eb72c8d,2,16,cxx_add_to_sub,lens_blur.halide_generated.cpp,9516,36,generator_specific,0,0,0,,,,0,16.297,cxx_add_to_sub:/mnt/scratch1/ardi/dsl_mut/HM-armc/mutation/lowered-cpp/lens_blur/lens_blur.halide_generated.cpp:9516:36,0,0
lens_blur,cxx_default_on_emitted_cpp,5eb72c8d,2,16,cxx_mul_to_div,lens_blur.halide_generated.cpp,7247,57,generator_specific,0,0,0,,,,0,16.287,cxx_mul_to_div:/mnt/scratch1/ardi/dsl_mut/HM-armc/mutation/lowered-cpp/lens_blur/lens_blur.halide_generated.cpp:7247:57,0,0
lens_blur,cxx_default_on_emitted_cpp,5eb72c8d,2,16,cxx_add_to_sub,lens_blur.halide_generated.cpp,13741,26,generator_specific,0,0,0,,,,0,16.327,cxx_add_to_sub:/mnt/scratch1/ardi/dsl_mut/HM-armc/mutation/lowered-cpp/lens_blur/lens_blur.halide_generated.cpp:13741:26,0,0
lens_blur,cxx_default_on_emitted_cpp,5eb72c8d,2,16,cxx_mul_to_div,lens_blur.halide_generated.cpp,10564,37,generator_specific,0,0,0,,,,0,16.328,cxx_mul_to_div:/mnt/scratch1/ardi/dsl_mut/HM-armc/mutation/lowered-cpp/lens_blur/lens_blur.halide_generated.cpp:10564:37,0,0
lens_blur,cxx_default_on_emitted_cpp,5eb72c8d,2,16,cxx_add_to_sub,lens_blur.halide_generated.cpp,10164,35,generator_specific,0,0,0,,,,0,16.308,cxx_add_to_sub:/mnt/scratch1/ardi/dsl_mut/HM-armc/mutation/lowered-cpp/lens_blur/lens_blur.halide_generated.cpp:10164:35,0,0
lens_blur,cxx_default_on_emitted_cpp,5eb72c8d,2,16,cxx_mul_to_div,lens_blur.halide_generated.cpp,9296,62,generator_specific,0,0,0,,,,0,16.314,cxx_mul_to_div:/mnt/scratch1/ardi/dsl_mut/HM-armc/mutation/lowered-cpp/lens_blur/lens_blur.halide_generated.cpp:9296:62,0,0
lens_blur,cxx_default_on_emitted_cpp,5eb72c8d,2,16,cxx_add_to_sub,lens_blur.halide_generated.cpp,12461,24,generator_specific,0,0,0,,,,0,16.336,cxx_add_to_sub:/mnt/scratch1/ardi/dsl_mut/HM-armc/mutation/lowered-cpp/lens_blur/lens_blur.halide_generated.cpp:12461:24,0,0
lens_blur,cxx_default_on_emitted_cpp,5eb72c8d,2,16,cxx_add_to_sub,lens_blur.halide_generated.cpp,6659,31,generator_specific,0,0,0,,,,0,16.334,cxx_add_to_sub:/mnt/scratch1/ardi/dsl_mut/HM-armc/mutation/lowered-cpp/lens_blur/lens_blur.halide_generated.cpp:6659:31,0,0
lens_blur,cxx_default_on_emitted_cpp,5eb72c8d,2,16,cxx_add_to_sub,lens_blur.halide_generated.cpp,8872,32,generator_specific,0,0,0,,,,0,16.291,cxx_add_to_sub:/mnt/scratch1/ardi/dsl_mut/HM-armc/mutation/lowered-cpp/lens_blur/lens_blur.halide_generated.cpp:8872:32,0,0
lens_blur,cxx_default_on_emitted_cpp,5eb72c8d,2,16,cxx_add_to_sub,lens_blur.halide_generated.cpp,6251,26,generator_specific,0,0,0,,,,0,16.347,cxx_add_to_sub:/mnt/scratch1/ardi/dsl_mut/HM-armc/mutation/lowered-cpp/lens_blur/lens_blur.halide_generated.cpp:6251:26,0,0
lens_blur,cxx_default_on_emitted_cpp,5eb72c8d,2,16,cxx_add_to_sub,lens_blur.halide_generated.cpp,14180,28,generator_specific,0,0,0,,,,0,16.346,cxx_add_to_sub:/mnt/scratch1/ardi/dsl_mut/HM-armc/mutation/lowered-cpp/lens_blur/lens_blur.halide_generated.cpp:14180:28,0,0
lens_blur,cxx_default_on_emitted_cpp,5eb72c8d,2,16,cxx_remove_void_call,lens_blur.halide_generated.cpp,11941,4,generator_specific,0,0,0,,,,0,16.355,cxx_remove_void_call:/mnt/scratch1/ardi/dsl_mut/HM-armc/mutation/lowered-cpp/lens_blur/lens_blur.halide_generated.cpp:11941:4,0,0
lens_blur,cxx_default_on_emitted_cpp,5eb72c8d,2,16,cxx_mul_to_div,lens_blur.halide_generated.cpp,9458,35,generator_specific,0,0,0,,,,0,16.374,cxx_mul_to_div:/mnt/scratch1/ardi/dsl_mut/HM-armc/mutation/lowered-cpp/lens_blur/lens_blur.halide_generated.cpp:9458:35,0,0
lens_blur,cxx_default_on_emitted_cpp,5eb72c8d,2,16,cxx_add_to_sub,lens_blur.halide_generated.cpp,10973,39,generator_specific,0,0,0,,,,0,16.367,cxx_add_to_sub:/mnt/scratch1/ardi/dsl_mut/HM-armc/mutation/lowered-cpp/lens_blur/lens_blur.halide_generated.cpp:10973:39,0,0
lens_blur,cxx_default_on_emitted_cpp,5eb72c8d,2,16,cxx_mul_to_div,lens_blur.halide_generated.cpp,11721,28,generator_specific,0,0,0,,,,0,16.394,cxx_mul_to_div:/mnt/scratch1/ardi/dsl_mut/HM-armc/mutation/lowered-cpp/lens_blur/lens_blur.halide_generated.cpp:11721:28,0,0
lens_blur,cxx_default_on_emitted_cpp,5eb72c8d,2,16,cxx_mul_to_div,lens_blur.halide_generated.cpp,5716,25,generator_specific,0,0,0,,,,0,16.358,cxx_mul_to_div:/mnt/scratch1/ardi/dsl_mut/HM-armc/mutation/lowered-cpp/lens_blur/lens_blur.halide_generated.cpp:5716:25,0,0
lens_blur,cxx_default_on_emitted_cpp,5eb72c8d,2,16,cxx_add_to_sub,lens_blur.halide_generated.cpp,4448,33,generator_specific,-11,1,,,,test1_demo,0,0.039,cxx_add_to_sub:/mnt/scratch1/ardi/dsl_mut/HM-armc/mutation/lowered-cpp/lens_blur/lens_blur.halide_generated.cpp:4448:33,0,1
lens_blur,cxx_default_on_emitted_cpp,5eb72c8d,2,16,cxx_add_to_sub,lens_blur.halide_generated.cpp,5977,28,generator_specific,0,0,0,,,,0,16.366,cxx_add_to_sub:/mnt/scratch1/ardi/dsl_mut/HM-armc/mutation/lowered-cpp/lens_blur/lens_blur.halide_generated.cpp:5977:28,0,0
lens_blur,cxx_default_on_emitted_cpp,5eb72c8d,2,16,cxx_add_to_sub,lens_blur.halide_generated.cpp,5463,26,generator_specific,0,0,0,,,,0,16.420,cxx_add_to_sub:/mnt/scratch1/ardi/dsl_mut/HM-armc/mutation/lowered-cpp/lens_blur/lens_blur.halide_generated.cpp:5463:26,0,0
lens_blur,cxx_default_on_emitted_cpp,5eb72c8d,2,16,cxx_replace_scalar_call,lens_blur.halide_generated.cpp,12682,18,generator_specific,0,0,0,,,,0,16.422,cxx_replace_scalar_call:/mnt/scratch1/ardi/dsl_mut/HM-armc/mutation/lowered-cpp/lens_blur/lens_blur.halide_generated.cpp:12682:18,0,0
lens_blur,cxx_default_on_emitted_cpp,5eb72c8d,2,16,cxx_sub_to_add,lens_blur.halide_generated.cpp,8029,30,generator_specific,0,0,0,,,,0,16.393,cxx_sub_to_add:/mnt/scratch1/ardi/dsl_mut/HM-armc/mutation/lowered-cpp/lens_blur/lens_blur.halide_generated.cpp:8029:30,0,0
lens_blur,cxx_default_on_emitted_cpp,5eb72c8d,2,16,cxx_sub_to_add,lens_blur.halide_generated.cpp,10270,37,generator_specific,0,0,1,,,test2_golden,0,16.438,cxx_sub_to_add:/mnt/scratch1/ardi/dsl_mut/HM-armc/mutation/lowered-cpp/lens_blur/lens_blur.halide_generated.cpp:10270:37,0,0
lens_blur,cxx_default_on_emitted_cpp,5eb72c8d,2,16,cxx_add_to_sub,lens_blur.halide_generated.cpp,10978,38,generator_specific,0,0,0,,,,0,16.461,cxx_add_to_sub:/mnt/scratch1/ardi/dsl_mut/HM-armc/mutation/lowered-cpp/lens_blur/lens_blur.halide_generated.cpp:10978:38,0,0
lens_blur,cxx_default_on_emitted_cpp,5eb72c8d,2,16,cxx_gt_to_ge,lens_blur.halide_generated.cpp,10205,37,generator_specific,0,0,0,,,,0,16.500,cxx_gt_to_ge:/mnt/scratch1/ardi/dsl_mut/HM-armc/mutation/lowered-cpp/lens_blur/lens_blur.halide_generated.cpp:10205:37,0,0
lens_blur,cxx_default_on_emitted_cpp,5eb72c8d,2,16,cxx_add_to_sub,lens_blur.halide_generated.cpp,14229,28,generator_specific,0,0,0,,,,0,16.459,cxx_add_to_sub:/mnt/scratch1/ardi/dsl_mut/HM-armc/mutation/lowered-cpp/lens_blur/lens_blur.halide_generated.cpp:14229:28,0,0
lens_blur,cxx_default_on_emitted_cpp,5eb72c8d,2,16,cxx_sub_to_add,lens_blur.halide_generated.cpp,7767,30,generator_specific,0,0,0,,,,0,16.462,cxx_sub_to_add:/mnt/scratch1/ardi/dsl_mut/HM-armc/mutation/lowered-cpp/lens_blur/lens_blur.halide_generated.cpp:7767:30,0,0
lens_blur,cxx_default_on_emitted_cpp,5eb72c8d,2,16,cxx_mul_to_div,lens_blur.halide_generated.cpp,10212,73,generator_specific,-6,1,,,,test1_demo,0,0.269,cxx_mul_to_div:/mnt/scratch1/ardi/dsl_mut/HM-armc/mutation/lowered-cpp/lens_blur/lens_blur.halide_generated.cpp:10212:73,0,1
lens_blur,cxx_default_on_emitted_cpp,5eb72c8d,2,16,cxx_mul_to_div,lens_blur.halide_generated.cpp,10071,36,generator_specific,0,0,0,,,,0,16.563,cxx_mul_to_div:/mnt/scratch1/ardi/dsl_mut/HM-armc/mutation/lowered-cpp/lens_blur/lens_blur.halide_generated.cpp:10071:36,0,0
lens_blur,cxx_default_on_emitted_cpp,5eb72c8d,2,16,cxx_sub_to_add,lens_blur.halide_generated.cpp,13377,25,generator_specific,0,0,0,,,,0,16.558,cxx_sub_to_add:/mnt/scratch1/ardi/dsl_mut/HM-armc/mutation/lowered-cpp/lens_blur/lens_blur.halide_generated.cpp:13377:25,0,0
lens_blur,cxx_default_on_emitted_cpp,5eb72c8d,2,16,cxx_sub_to_add,lens_blur.halide_generated.cpp,12233,34,generator_specific,0,0,0,,,,0,16.562,cxx_sub_to_add:/mnt/scratch1/ardi/dsl_mut/HM-armc/mutation/lowered-cpp/lens_blur/lens_blur.halide_generated.cpp:12233:34,0,0
lens_blur,cxx_default_on_emitted_cpp,5eb72c8d,2,16,cxx_add_to_sub,lens_blur.halide_generated.cpp,10113,37,generator_specific,0,0,1,,,test2_golden,0,16.574,cxx_add_to_sub:/mnt/scratch1/ardi/dsl_mut/HM-armc/mutation/lowered-cpp/lens_blur/lens_blur.halide_generated.cpp:10113:37,0,0
lens_blur,cxx_default_on_emitted_cpp,5eb72c8d,2,16,cxx_mul_to_div,lens_blur.halide_generated.cpp,4690,54,generator_specific,0,0,0,,,,0,16.590,cxx_mul_to_div:/mnt/scratch1/ardi/dsl_mut/HM-armc/mutation/lowered-cpp/lens_blur/lens_blur.halide_generated.cpp:4690:54,0,0
lens_blur,cxx_default_on_emitted_cpp,5eb72c8d,2,16,cxx_add_to_sub,lens_blur.halide_generated.cpp,10298,37,generator_specific,-6,1,,,,test1_demo,0,0.263,cxx_add_to_sub:/mnt/scratch1/ardi/dsl_mut/HM-armc/mutation/lowered-cpp/lens_blur/lens_blur.halide_generated.cpp:10298:37,0,1
lens_blur,cxx_default_on_emitted_cpp,5eb72c8d,2,16,cxx_post_inc_to_post_dec,lens_blur.halide_generated.cpp,3387,40,boilerplate,0,0,1,,,test2_golden,0,16.604,cxx_post_inc_to_post_dec:/mnt/scratch1/ardi/dsl_mut/HM-armc/mutation/lowered-cpp/lens_blur/lens_blur.halide_generated.cpp:3387:40,0,0
lens_blur,cxx_default_on_emitted_cpp,5eb72c8d,2,16,cxx_sub_to_add,lens_blur.halide_generated.cpp,10737,39,generator_specific,0,0,0,,,,0,16.641,cxx_sub_to_add:/mnt/scratch1/ardi/dsl_mut/HM-armc/mutation/lowered-cpp/lens_blur/lens_blur.halide_generated.cpp:10737:39,0,0
lens_blur,cxx_default_on_emitted_cpp,5eb72c8d,2,16,cxx_sub_to_add,lens_blur.halide_generated.cpp,9797,35,generator_specific,0,0,0,,,,0,16.663,cxx_sub_to_add:/mnt/scratch1/ardi/dsl_mut/HM-armc/mutation/lowered-cpp/lens_blur/lens_blur.halide_generated.cpp:9797:35,0,0
lens_blur,cxx_default_on_emitted_cpp,5eb72c8d,2,16,cxx_post_inc_to_post_dec,lens_blur.halide_generated.cpp,7771,124,generator_specific,-11,1,,,,test1_demo,0,0.358,cxx_post_inc_to_post_dec:/mnt/scratch1/ardi/dsl_mut/HM-armc/mutation/lowered-cpp/lens_blur/lens_blur.halide_generated.cpp:7771:124,0,1
lens_blur,cxx_default_on_emitted_cpp,5eb72c8d,2,16,cxx_replace_scalar_call,lens_blur.halide_generated.cpp,12538,18,generator_specific,0,0,0,,,,0,16.358,cxx_replace_scalar_call:/mnt/scratch1/ardi/dsl_mut/HM-armc/mutation/lowered-cpp/lens_blur/lens_blur.halide_generated.cpp:12538:18,0,0
lens_blur,cxx_default_on_emitted_cpp,5eb72c8d,2,16,cxx_add_to_sub,lens_blur.halide_generated.cpp,10821,39,generator_specific,0,0,1,,,test2_golden,0,16.355,cxx_add_to_sub:/mnt/scratch1/ardi/dsl_mut/HM-armc/mutation/lowered-cpp/lens_blur/lens_blur.halide_generated.cpp:10821:39,0,0
lens_blur,cxx_default_on_emitted_cpp,5eb72c8d,2,16,cxx_mul_to_div,lens_blur.halide_generated.cpp,13152,26,generator_specific,0,0,0,,,,0,16.785,cxx_mul_to_div:/mnt/scratch1/ardi/dsl_mut/HM-armc/mutation/lowered-cpp/lens_blur/lens_blur.halide_generated.cpp:13152:26,0,0
lens_blur,cxx_default_on_emitted_cpp,5eb72c8d,2,16,cxx_mul_to_div,lens_blur.halide_generated.cpp,10436,37,generator_specific,0,0,0,,,,0,16.840,cxx_mul_to_div:/mnt/scratch1/ardi/dsl_mut/HM-armc/mutation/lowered-cpp/lens_blur/lens_blur.halide_generated.cpp:10436:37,0,0
lens_blur,cxx_default_on_emitted_cpp,5eb72c8d,2,16,cxx_sub_to_add,lens_blur.halide_generated.cpp,9101,34,generator_specific,0,0,0,,,,0,16.844,cxx_sub_to_add:/mnt/scratch1/ardi/dsl_mut/HM-armc/mutation/lowered-cpp/lens_blur/lens_blur.halide_generated.cpp:9101:34,0,0
lens_blur,cxx_default_on_emitted_cpp,5eb72c8d,2,16,cxx_gt_to_ge,lens_blur.halide_generated.cpp,8839,22,generator_specific,0,0,0,,,,0,16.941,cxx_gt_to_ge:/mnt/scratch1/ardi/dsl_mut/HM-armc/mutation/lowered-cpp/lens_blur/lens_blur.halide_generated.cpp:8839:22,0,0
lens_blur,cxx_default_on_emitted_cpp,5eb72c8d,2,16,cxx_add_to_sub,lens_blur.halide_generated.cpp,6496,29,generator_specific,0,0,0,,,,0,16.911,cxx_add_to_sub:/mnt/scratch1/ardi/dsl_mut/HM-armc/mutation/lowered-cpp/lens_blur/lens_blur.halide_generated.cpp:6496:29,0,0
lens_blur,cxx_default_on_emitted_cpp,5eb72c8d,2,16,cxx_mul_to_div,lens_blur.halide_generated.cpp,7327,30,generator_specific,0,0,0,,,,0,16.669,cxx_mul_to_div:/mnt/scratch1/ardi/dsl_mut/HM-armc/mutation/lowered-cpp/lens_blur/lens_blur.halide_generated.cpp:7327:30,0,0
lens_blur,cxx_default_on_emitted_cpp,5eb72c8d,2,16,cxx_sub_to_add,lens_blur.halide_generated.cpp,9080,34,generator_specific,0,0,1,,,test2_golden,0,16.838,cxx_sub_to_add:/mnt/scratch1/ardi/dsl_mut/HM-armc/mutation/lowered-cpp/lens_blur/lens_blur.halide_generated.cpp:9080:34,0,0
lens_blur,cxx_default_on_emitted_cpp,5eb72c8d,2,16,cxx_gt_to_le,lens_blur.halide_generated.cpp,7247,18,generator_specific,-6,1,,,,test1_demo,0,0.389,cxx_gt_to_le:/mnt/scratch1/ardi/dsl_mut/HM-armc/mutation/lowered-cpp/lens_blur/lens_blur.halide_generated.cpp:7247:18,0,1
lens_blur,cxx_default_on_emitted_cpp,5eb72c8d,2,16,cxx_mul_to_div,lens_blur.halide_generated.cpp,4079,26,generator_specific,0,0,0,,,,0,16.904,cxx_mul_to_div:/mnt/scratch1/ardi/dsl_mut/HM-armc/mutation/lowered-cpp/lens_blur/lens_blur.halide_generated.cpp:4079:26,0,0
lens_blur,cxx_default_on_emitted_cpp,5eb72c8d,2,16,cxx_add_to_sub,lens_blur.halide_generated.cpp,11322,38,generator_specific,0,0,0,,,,0,17.792,cxx_add_to_sub:/mnt/scratch1/ardi/dsl_mut/HM-armc/mutation/lowered-cpp/lens_blur/lens_blur.halide_generated.cpp:11322:38,0,0
lens_blur,cxx_default_on_emitted_cpp,5eb72c8d,2,16,cxx_replace_scalar_call,lens_blur.halide_generated.cpp,12408,18,generator_specific,0,0,1,,,test2_golden,0,18.630,cxx_replace_scalar_call:/mnt/scratch1/ardi/dsl_mut/HM-armc/mutation/lowered-cpp/lens_blur/lens_blur.halide_generated.cpp:12408:18,0,0
lens_blur,cxx_default_on_emitted_cpp,5eb72c8d,2,16,cxx_add_to_sub,lens_blur.halide_generated.cpp,14048,27,generator_specific,0,0,0,,,,0,16.658,cxx_add_to_sub:/mnt/scratch1/ardi/dsl_mut/HM-armc/mutation/lowered-cpp/lens_blur/lens_blur.halide_generated.cpp:14048:27,0,0
lens_blur,cxx_default_on_emitted_cpp,5eb72c8d,2,16,cxx_add_to_sub,lens_blur.halide_generated.cpp,5208,23,generator_specific,0,0,0,,,,0,16.349,cxx_add_to_sub:/mnt/scratch1/ardi/dsl_mut/HM-armc/mutation/lowered-cpp/lens_blur/lens_blur.halide_generated.cpp:5208:23,0,0
lens_blur,cxx_default_on_emitted_cpp,5eb72c8d,2,16,cxx_add_to_sub,lens_blur.halide_generated.cpp,4204,62,generator_specific,0,0,0,,,,0,16.094,cxx_add_to_sub:/mnt/scratch1/ardi/dsl_mut/HM-armc/mutation/lowered-cpp/lens_blur/lens_blur.halide_generated.cpp:4204:62,0,0
lens_blur,cxx_default_on_emitted_cpp,5eb72c8d,2,16,cxx_add_to_sub,lens_blur.halide_generated.cpp,8400,33,generator_specific,0,0,0,,,,0,16.297,cxx_add_to_sub:/mnt/scratch1/ardi/dsl_mut/HM-armc/mutation/lowered-cpp/lens_blur/lens_blur.halide_generated.cpp:8400:33,0,0
lens_blur,cxx_default_on_emitted_cpp,5eb72c8d,2,16,cxx_add_to_sub,lens_blur.halide_generated.cpp,5824,27,generator_specific,0,0,0,,,,0,16.486,cxx_add_to_sub:/mnt/scratch1/ardi/dsl_mut/HM-armc/mutation/lowered-cpp/lens_blur/lens_blur.halide_generated.cpp:5824:27,0,0
lens_blur,cxx_default_on_emitted_cpp,5eb72c8d,2,16,cxx_add_to_sub,lens_blur.halide_generated.cpp,9426,36,generator_specific,0,0,0,,,,0,16.354,cxx_add_to_sub:/mnt/scratch1/ardi/dsl_mut/HM-armc/mutation/lowered-cpp/lens_blur/lens_blur.halide_generated.cpp:9426:36,0,0
lens_blur,cxx_default_on_emitted_cpp,5eb72c8d,2,16,cxx_add_to_sub,lens_blur.halide_generated.cpp,7478,33,generator_specific,0,0,0,,,,0,16.363,cxx_add_to_sub:/mnt/scratch1/ardi/dsl_mut/HM-armc/mutation/lowered-cpp/lens_blur/lens_blur.halide_generated.cpp:7478:33,0,0
lens_blur,cxx_default_on_emitted_cpp,5eb72c8d,2,16,cxx_sub_to_add,lens_blur.halide_generated.cpp,6306,27,generator_specific,0,0,1,,,test2_golden,0,16.360,cxx_sub_to_add:/mnt/scratch1/ardi/dsl_mut/HM-armc/mutation/lowered-cpp/lens_blur/lens_blur.halide_generated.cpp:6306:27,0,0
lens_blur,cxx_default_on_emitted_cpp,5eb72c8d,2,16,cxx_add_to_sub,lens_blur.halide_generated.cpp,12498,24,generator_specific,0,0,0,,,,0,16.466,cxx_add_to_sub:/mnt/scratch1/ardi/dsl_mut/HM-armc/mutation/lowered-cpp/lens_blur/lens_blur.halide_generated.cpp:12498:24,0,0
lens_blur,cxx_default_on_emitted_cpp,5eb72c8d,2,16,cxx_add_to_sub,lens_blur.halide_generated.cpp,10423,37,generator_specific,0,0,0,,,,0,16.388,cxx_add_to_sub:/mnt/scratch1/ardi/dsl_mut/HM-armc/mutation/lowered-cpp/lens_blur/lens_blur.halide_generated.cpp:10423:37,0,0
lens_blur,cxx_default_on_emitted_cpp,5eb72c8d,2,16,cxx_eq_to_ne,lens_blur.halide_generated.cpp,2503,48,boilerplate,0,0,0,,,,0,16.386,cxx_eq_to_ne:/mnt/scratch1/ardi/dsl_mut/HM-armc/mutation/lowered-cpp/lens_blur/lens_blur.halide_generated.cpp:2503:48,0,0
lens_blur,cxx_default_on_emitted_cpp,5eb72c8d,2,16,cxx_sub_to_add,lens_blur.halide_generated.cpp,14535,31,generator_specific,0,0,0,,,,0,16.346,cxx_sub_to_add:/mnt/scratch1/ardi/dsl_mut/HM-armc/mutation/lowered-cpp/lens_blur/lens_blur.halide_generated.cpp:14535:31,0,0
lens_blur,cxx_default_on_emitted_cpp,5eb72c8d,2,16,cxx_mul_to_div,lens_blur.halide_generated.cpp,14205,28,generator_specific,0,0,0,,,,0,16.254,cxx_mul_to_div:/mnt/scratch1/ardi/dsl_mut/HM-armc/mutation/lowered-cpp/lens_blur/lens_blur.halide_generated.cpp:14205:28,0,0
lens_blur,cxx_default_on_emitted_cpp,5eb72c8d,2,16,cxx_add_to_sub,lens_blur.halide_generated.cpp,7418,31,generator_specific,-6,1,,,,test1_demo,0,0.363,cxx_add_to_sub:/mnt/scratch1/ardi/dsl_mut/HM-armc/mutation/lowered-cpp/lens_blur/lens_blur.halide_generated.cpp:7418:31,0,1
lens_blur,cxx_default_on_emitted_cpp,5eb72c8d,2,16,cxx_add_to_sub,lens_blur.halide_generated.cpp,10691,38,generator_specific,0,0,0,,,,0,16.439,cxx_add_to_sub:/mnt/scratch1/ardi/dsl_mut/HM-armc/mutation/lowered-cpp/lens_blur/lens_blur.halide_generated.cpp:10691:38,0,0
lens_blur,cxx_default_on_emitted_cpp,5eb72c8d,2,16,cxx_add_to_sub,lens_blur.halide_generated.cpp,6485,29,generator_specific,0,0,1,,,test2_golden,0,16.401,cxx_add_to_sub:/mnt/scratch1/ardi/dsl_mut/HM-armc/mutation/lowered-cpp/lens_blur/lens_blur.halide_generated.cpp:6485:29,0,0
lens_blur,cxx_default_on_emitted_cpp,5eb72c8d,2,16,cxx_replace_scalar_call,lens_blur.halide_generated.cpp,5192,18,generator_specific,0,0,0,,,,0,16.302,cxx_replace_scalar_call:/mnt/scratch1/ardi/dsl_mut/HM-armc/mutation/lowered-cpp/lens_blur/lens_blur.halide_generated.cpp:5192:18,0,0
lens_blur,cxx_default_on_emitted_cpp,5eb72c8d,2,16,cxx_replace_scalar_call,lens_blur.halide_generated.cpp,12883,20,generator_specific,0,0,0,,,,0,16.383,cxx_replace_scalar_call:/mnt/scratch1/ardi/dsl_mut/HM-armc/mutation/lowered-cpp/lens_blur/lens_blur.halide_generated.cpp:12883:20,0,0
lens_blur,cxx_default_on_emitted_cpp,5eb72c8d,2,16,cxx_mul_to_div,lens_blur.halide_generated.cpp,10281,37,generator_specific,0,0,0,,,,0,16.380,cxx_mul_to_div:/mnt/scratch1/ardi/dsl_mut/HM-armc/mutation/lowered-cpp/lens_blur/lens_blur.halide_generated.cpp:10281:37,0,0
lens_blur,cxx_default_on_emitted_cpp,5eb72c8d,2,16,cxx_mul_to_div,lens_blur.halide_generated.cpp,11346,38,generator_specific,0,0,0,,,,0,16.383,cxx_mul_to_div:/mnt/scratch1/ardi/dsl_mut/HM-armc/mutation/lowered-cpp/lens_blur/lens_blur.halide_generated.cpp:11346:38,0,0
lens_blur,cxx_default_on_emitted_cpp,5eb72c8d,2,16,cxx_add_to_sub,lens_blur.halide_generated.cpp,7662,29,generator_specific,0,0,0,,,,0,16.271,cxx_add_to_sub:/mnt/scratch1/ardi/dsl_mut/HM-armc/mutation/lowered-cpp/lens_blur/lens_blur.halide_generated.cpp:7662:29,0,0
lens_blur,cxx_default_on_emitted_cpp,5eb72c8d,2,16,cxx_replace_scalar_call,lens_blur.halide_generated.cpp,12563,18,generator_specific,0,0,0,,,,0,16.301,cxx_replace_scalar_call:/mnt/scratch1/ardi/dsl_mut/HM-armc/mutation/lowered-cpp/lens_blur/lens_blur.halide_generated.cpp:12563:18,0,0
lens_blur,cxx_default_on_emitted_cpp,5eb72c8d,2,16,cxx_lt_to_ge,lens_blur.halide_generated.cpp,3371,30,boilerplate,0,0,1,,,test2_golden,0,16.375,cxx_lt_to_ge:/mnt/scratch1/ardi/dsl_mut/HM-armc/mutation/lowered-cpp/lens_blur/lens_blur.halide_generated.cpp:3371:30,0,0
lens_blur,cxx_default_on_emitted_cpp,5eb72c8d,2,16,cxx_add_to_sub,lens_blur.halide_generated.cpp,7588,33,generator_specific,0,0,0,,,,0,16.506,cxx_add_to_sub:/mnt/scratch1/ardi/dsl_mut/HM-armc/mutation/lowered-cpp/lens_blur/lens_blur.halide_generated.cpp:7588:33,0,0
lens_blur,cxx_default_on_emitted_cpp,5eb72c8d,2,16,cxx_add_to_sub,lens_blur.halide_generated.cpp,5747,25,generator_specific,0,0,0,,,,0,16.296,cxx_add_to_sub:/mnt/scratch1/ardi/dsl_mut/HM-armc/mutation/lowered-cpp/lens_blur/lens_blur.halide_generated.cpp:5747:25,0,0
lens_blur,cxx_default_on_emitted_cpp,5eb72c8d,2,16,cxx_mul_to_div,lens_blur.halide_generated.cpp,4377,32,generator_specific,0,0,1,,,test2_golden,0,16.302,cxx_mul_to_div:/mnt/scratch1/ardi/dsl_mut/HM-armc/mutation/lowered-cpp/lens_blur/lens_blur.halide_generated.cpp:4377:32,0,0
lens_blur,cxx_default_on_emitted_cpp,5eb72c8d,2,16,cxx_sub_to_add,lens_blur.halide_generated.cpp,10873,38,generator_specific,0,0,0,,,,0,16.521,cxx_sub_to_add:/mnt/scratch1/ardi/dsl_mut/HM-armc/mutation/lowered-cpp/lens_blur/lens_blur.halide_generated.cpp:10873:38,0,0
lens_blur,cxx_default_on_emitted_cpp,5eb72c8d,2,16,cxx_add_to_sub,lens_blur.halide_generated.cpp,8543,35,generator_specific,0,0,0,,,,0,16.405,cxx_add_to_sub:/mnt/scratch1/ardi/dsl_mut/HM-armc/mutation/lowered-cpp/lens_blur/lens_blur.halide_generated.cpp:8543:35,0,0
lens_blur,cxx_default_on_emitted_cpp,5eb72c8d,2,16,cxx_add_to_sub,lens_blur.halide_generated.cpp,8595,32,generator_specific,0,0,0,,,,0,16.324,cxx_add_to_sub:/mnt/scratch1/ardi/dsl_mut/HM-armc/mutation/lowered-cpp/lens_blur/lens_blur.halide_generated.cpp:8595:32,0,0
lens_blur,cxx_default_on_emitted_cpp,5eb72c8d,2,16,cxx_add_to_sub,lens_blur.halide_generated.cpp,6900,32,generator_specific,0,0,0,,,,0,16.597,cxx_add_to_sub:/mnt/scratch1/ardi/dsl_mut/HM-armc/mutation/lowered-cpp/lens_blur/lens_blur.halide_generated.cpp:6900:32,0,0
lens_blur,cxx_default_on_emitted_cpp,5eb72c8d,2,16,cxx_mul_to_div,lens_blur.halide_generated.cpp,6549,28,generator_specific,0,0,0,,,,0,16.431,cxx_mul_to_div:/mnt/scratch1/ardi/dsl_mut/HM-armc/mutation/lowered-cpp/lens_blur/lens_blur.halide_generated.cpp:6549:28,0,0
lens_blur,cxx_default_on_emitted_cpp,5eb72c8d,2,16,cxx_sub_to_add,lens_blur.halide_generated.cpp,7288,30,generator_specific,0,0,0,,,,0,16.618,cxx_sub_to_add:/mnt/scratch1/ardi/dsl_mut/HM-armc/mutation/lowered-cpp/lens_blur/lens_blur.halide_generated.cpp:7288:30,0,0
lens_blur,cxx_default_on_emitted_cpp,5eb72c8d,2,16,cxx_add_to_sub,lens_blur.halide_generated.cpp,9973,37,generator_specific,0,0,0,,,,0,16.377,cxx_add_to_sub:/mnt/scratch1/ardi/dsl_mut/HM-armc/mutation/lowered-cpp/lens_blur/lens_blur.halide_generated.cpp:9973:37,0,0
lens_blur,cxx_default_on_emitted_cpp,5eb72c8d,2,16,cxx_add_to_sub,lens_blur.halide_generated.cpp,5394,29,generator_specific,-11,1,,,,test1_demo,0,0.382,cxx_add_to_sub:/mnt/scratch1/ardi/dsl_mut/HM-armc/mutation/lowered-cpp/lens_blur/lens_blur.halide_generated.cpp:5394:29,0,1
lens_blur,cxx_default_on_emitted_cpp,5eb72c8d,2,16,cxx_add_to_sub,lens_blur.halide_generated.cpp,8730,57,generator_specific,0,0,0,,,,0,16.361,cxx_add_to_sub:/mnt/scratch1/ardi/dsl_mut/HM-armc/mutation/lowered-cpp/lens_blur/lens_blur.halide_generated.cpp:8730:57,0,0
lens_blur,cxx_default_on_emitted_cpp,5eb72c8d,2,16,cxx_mul_to_div,lens_blur.halide_generated.cpp,10048,36,generator_specific,0,0,0,,,,0,16.619,cxx_mul_to_div:/mnt/scratch1/ardi/dsl_mut/HM-armc/mutation/lowered-cpp/lens_blur/lens_blur.halide_generated.cpp:10048:36,0,0
lens_blur,cxx_default_on_emitted_cpp,5eb72c8d,2,16,cxx_sub_to_add,lens_blur.halide_generated.cpp,11979,30,generator_specific,0,0,1,,,test2_golden,0,16.869,cxx_sub_to_add:/mnt/scratch1/ardi/dsl_mut/HM-armc/mutation/lowered-cpp/lens_blur/lens_blur.halide_generated.cpp:11979:30,0,0
lens_blur,cxx_default_on_emitted_cpp,5eb72c8d,2,16,cxx_post_inc_to_post_dec,lens_blur.halide_generated.cpp,3847,70,generator_specific,-11,1,,,,test1_demo,0,0.412,cxx_post_inc_to_post_dec:/mnt/scratch1/ardi/dsl_mut/HM-armc/mutation/lowered-cpp/lens_blur/lens_blur.halide_generated.cpp:3847:70,0,1
lens_blur,cxx_default_on_emitted_cpp,5eb72c8d,2,16,cxx_add_to_sub,lens_blur.halide_generated.cpp,9847,60,generator_specific,0,0,0,,,,0,16.204,cxx_add_to_sub:/mnt/scratch1/ardi/dsl_mut/HM-armc/mutation/lowered-cpp/lens_blur/lens_blur.halide_generated.cpp:9847:60,0,0
lens_blur,cxx_default_on_emitted_cpp,5eb72c8d,2,16,cxx_add_to_sub,lens_blur.halide_generated.cpp,12748,24,generator_specific,0,0,1,,,test2_golden,0,16.453,cxx_add_to_sub:/mnt/scratch1/ardi/dsl_mut/HM-armc/mutation/lowered-cpp/lens_blur/lens_blur.halide_generated.cpp:12748:24,0,0
lens_blur,cxx_default_on_emitted_cpp,5eb72c8d,2,16,cxx_add_to_sub,lens_blur.halide_generated.cpp,6191,27,generator_specific,0,0,0,,,,0,16.466,cxx_add_to_sub:/mnt/scratch1/ardi/dsl_mut/HM-armc/mutation/lowered-cpp/lens_blur/lens_blur.halide_generated.cpp:6191:27,0,0
lens_blur,cxx_default_on_emitted_cpp,5eb72c8d,2,16,cxx_add_to_sub,lens_blur.halide_generated.cpp,6525,28,generator_specific,0,0,0,,,,0,16.981,cxx_add_to_sub:/mnt/scratch1/ardi/dsl_mut/HM-armc/mutation/lowered-cpp/lens_blur/lens_blur.halide_generated.cpp:6525:28,0,0
lens_blur,cxx_default_on_emitted_cpp,5eb72c8d,2,16,cxx_sub_to_add,lens_blur.halide_generated.cpp,5822,27,generator_specific,0,0,0,,,,0,16.562,cxx_sub_to_add:/mnt/scratch1/ardi/dsl_mut/HM-armc/mutation/lowered-cpp/lens_blur/lens_blur.halide_generated.cpp:5822:27,0,0
lens_blur,cxx_default_on_emitted_cpp,5eb72c8d,2,16,cxx_gt_to_le,lens_blur.halide_generated.cpp,6762,17,generator_specific,-6,1,,,,test1_demo,0,0.409,cxx_gt_to_le:/mnt/scratch1/ardi/dsl_mut/HM-armc/mutation/lowered-cpp/lens_blur/lens_blur.halide_generated.cpp:6762:17,0,1
lens_blur,cxx_default_on_emitted_cpp,5eb72c8d,2,16,cxx_sub_to_add,lens_blur.halide_generated.cpp,4740,30,generator_specific,0,0,0,,,,0,16.126,cxx_sub_to_add:/mnt/scratch1/ardi/dsl_mut/HM-armc/mutation/lowered-cpp/lens_blur/lens_blur.halide_generated.cpp:4740:30,0,0
lens_blur,cxx_default_on_emitted_cpp,5eb72c8d,2,16,cxx_add_to_sub,lens_blur.halide_generated.cpp,9107,34,generator_specific,0,0,0,,,,0,16.475,cxx_add_to_sub:/mnt/scratch1/ardi/dsl_mut/HM-armc/mutation/lowered-cpp/lens_blur/lens_blur.halide_generated.cpp:9107:34,0,0
lens_blur,cxx_default_on_emitted_cpp,5eb72c8d,2,16,cxx_replace_scalar_call,lens_blur.halide_generated.cpp,5264,18,generator_specific,0,0,0,,,,0,16.299,cxx_replace_scalar_call:/mnt/scratch1/ardi/dsl_mut/HM-armc/mutation/lowered-cpp/lens_blur/lens_blur.halide_generated.cpp:5264:18,0,0
lens_blur,cxx_default_on_emitted_cpp,5eb72c8d,2,16,cxx_add_to_sub,lens_blur.halide_generated.cpp,9233,32,generator_specific,0,0,0,,,,0,16.441,cxx_add_to_sub:/mnt/scratch1/ardi/dsl_mut/HM-armc/mutation/lowered-cpp/lens_blur/lens_blur.halide_generated.cpp:9233:32,0,0
lens_blur,cxx_default_on_emitted_cpp,5eb72c8d,2,16,cxx_replace_scalar_call,lens_blur.halide_generated.cpp,5237,18,generator_specific,0,0,0,,,,0,16.501,cxx_replace_scalar_call:/mnt/scratch1/ardi/dsl_mut/HM-armc/mutation/lowered-cpp/lens_blur/lens_blur.halide_generated.cpp:5237:18,0,0
lens_blur,cxx_default_on_emitted_cpp,5eb72c8d,2,16,cxx_add_to_sub,lens_blur.halide_generated.cpp,11725,31,generator_specific,-11,1,,,,test1_demo,0,0.410,cxx_add_to_sub:/mnt/scratch1/ardi/dsl_mut/HM-armc/mutation/lowered-cpp/lens_blur/lens_blur.halide_generated.cpp:11725:31,0,1
lens_blur,cxx_default_on_emitted_cpp,5eb72c8d,2,16,cxx_add_to_sub,lens_blur.halide_generated.cpp,5868,27,generator_specific,0,0,0,,,,0,16.407,cxx_add_to_sub:/mnt/scratch1/ardi/dsl_mut/HM-armc/mutation/lowered-cpp/lens_blur/lens_blur.halide_generated.cpp:5868:27,0,0
lens_blur,cxx_default_on_emitted_cpp,5eb72c8d,2,16,cxx_add_to_sub,lens_blur.halide_generated.cpp,12059,27,generator_specific,0,0,0,,,,0,16.556,cxx_add_to_sub:/mnt/scratch1/ardi/dsl_mut/HM-armc/mutation/lowered-cpp/lens_blur/lens_blur.halide_generated.cpp:12059:27,0,0
lens_blur,cxx_default_on_emitted_cpp,5eb72c8d,2,16,cxx_gt_to_le,lens_blur.halide_generated.cpp,8670,33,generator_specific,0,0,0,,,,0,16.480,cxx_gt_to_le:/mnt/scratch1/ardi/dsl_mut/HM-armc/mutation/lowered-cpp/lens_blur/lens_blur.halide_generated.cpp:8670:33,0,0
lens_blur,cxx_default_on_emitted_cpp,5eb72c8d,2,16,cxx_add_to_sub,lens_blur.halide_generated.cpp,11255,62,generator_specific,0,0,0,,,,0,16.489,cxx_add_to_sub:/mnt/scratch1/ardi/dsl_mut/HM-armc/mutation/lowered-cpp/lens_blur/lens_blur.halide_generated.cpp:11255:62,0,0
lens_blur,cxx_default_on_emitted_cpp,5eb72c8d,2,16,cxx_add_to_sub,lens_blur.halide_generated.cpp,11711,29,generator_specific,-11,1,,,,test1_demo,0,0.398,cxx_add_to_sub:/mnt/scratch1/ardi/dsl_mut/HM-armc/mutation/lowered-cpp/lens_blur/lens_blur.halide_generated.cpp:11711:29,0,1
lens_blur,cxx_default_on_emitted_cpp,5eb72c8d,2,16,cxx_sub_to_add,lens_blur.halide_generated.cpp,11487,25,generator_specific,0,0,1,,,test2_golden,0,16.455,cxx_sub_to_add:/mnt/scratch1/ardi/dsl_mut/HM-armc/mutation/lowered-cpp/lens_blur/lens_blur.halide_generated.cpp:11487:25,0,0
lens_blur,cxx_default_on_emitted_cpp,5eb72c8d,2,16,cxx_add_to_sub,lens_blur.halide_generated.cpp,12284,34,generator_specific,-11,1,,,,test1_demo,0,1.397,cxx_add_to_sub:/mnt/scratch1/ardi/dsl_mut/HM-armc/mutation/lowered-cpp/lens_blur/lens_blur.halide_generated.cpp:12284:34,0,1
lens_blur,cxx_default_on_emitted_cpp,5eb72c8d,2,16,cxx_lt_to_ge,lens_blur.halide_generated.cpp,7537,81,generator_specific,0,0,0,,,,0,18.521,cxx_lt_to_ge:/mnt/scratch1/ardi/dsl_mut/HM-armc/mutation/lowered-cpp/lens_blur/lens_blur.halide_generated.cpp:7537:81,0,0
lens_blur,cxx_default_on_emitted_cpp,5eb72c8d,2,16,cxx_lt_to_ge,lens_blur.halide_generated.cpp,11255,58,generator_specific,0,0,0,,,,0,18.061,cxx_lt_to_ge:/mnt/scratch1/ardi/dsl_mut/HM-armc/mutation/lowered-cpp/lens_blur/lens_blur.halide_generated.cpp:11255:58,0,0
lens_blur,cxx_default_on_emitted_cpp,5eb72c8d,2,16,cxx_add_to_sub,lens_blur.halide_generated.cpp,7266,29,generator_specific,0,0,0,,,,0,17.258,cxx_add_to_sub:/mnt/scratch1/ardi/dsl_mut/HM-armc/mutation/lowered-cpp/lens_blur/lens_blur.halide_generated.cpp:7266:29,0,0
lens_blur,cxx_default_on_emitted_cpp,5eb72c8d,2,16,cxx_add_to_sub,lens_blur.halide_generated.cpp,5426,29,generator_specific,-11,1,,,,test1_demo,0,0.481,cxx_add_to_sub:/mnt/scratch1/ardi/dsl_mut/HM-armc/mutation/lowered-cpp/lens_blur/lens_blur.halide_generated.cpp:5426:29,0,1
lens_blur,cxx_default_on_emitted_cpp,5eb72c8d,2,16,cxx_add_to_sub,lens_blur.halide_generated.cpp,9713,33,generator_specific,0,0,0,,,,0,16.663,cxx_add_to_sub:/mnt/scratch1/ardi/dsl_mut/HM-armc/mutation/lowered-cpp/lens_blur/lens_blur.halide_generated.cpp:9713:33,0,0
lens_blur,cxx_default_on_emitted_cpp,5eb72c8d,2,16,cxx_lt_to_ge,lens_blur.halide_generated.cpp,11491,45,generator_specific,0,0,1,,,test2_golden,0,15.997,cxx_lt_to_ge:/mnt/scratch1/ardi/dsl_mut/HM-armc/mutation/lowered-cpp/lens_blur/lens_blur.halide_generated.cpp:11491:45,0,0
lens_blur,cxx_default_on_emitted_cpp,5eb72c8d,2,16,cxx_add_to_sub,lens_blur.halide_generated.cpp,14391,28,generator_specific,0,0,0,,,,0,16.832,cxx_add_to_sub:/mnt/scratch1/ardi/dsl_mut/HM-armc/mutation/lowered-cpp/lens_blur/lens_blur.halide_generated.cpp:14391:28,0,0
lens_blur,cxx_default_on_emitted_cpp,5eb72c8d,2,16,cxx_add_to_sub,lens_blur.halide_generated.cpp,11270,38,generator_specific,0,0,0,,,,0,16.360,cxx_add_to_sub:/mnt/scratch1/ardi/dsl_mut/HM-armc/mutation/lowered-cpp/lens_blur/lens_blur.halide_generated.cpp:11270:38,0,0
lens_blur,cxx_default_on_emitted_cpp,5eb72c8d,2,16,cxx_add_to_sub,lens_blur.halide_generated.cpp,9267,33,generator_specific,0,0,0,,,,0,16.417,cxx_add_to_sub:/mnt/scratch1/ardi/dsl_mut/HM-armc/mutation/lowered-cpp/lens_blur/lens_blur.halide_generated.cpp:9267:33,0,0
lens_blur,cxx_default_on_emitted_cpp,5eb72c8d,2,16,cxx_add_to_sub,lens_blur.halide_generated.cpp,4737,30,generator_specific,0,0,0,,,,0,16.425,cxx_add_to_sub:/mnt/scratch1/ardi/dsl_mut/HM-armc/mutation/lowered-cpp/lens_blur/lens_blur.halide_generated.cpp:4737:30,0,0
lens_blur,cxx_default_on_emitted_cpp,5eb72c8d,2,16,cxx_sub_to_add,lens_blur.halide_generated.cpp,9555,35,generator_specific,0,0,0,,,,0,16.418,cxx_sub_to_add:/mnt/scratch1/ardi/dsl_mut/HM-armc/mutation/lowered-cpp/lens_blur/lens_blur.halide_generated.cpp:9555:35,0,0
lens_blur,cxx_default_on_emitted_cpp,5eb72c8d,2,16,cxx_mul_to_div,lens_blur.halide_generated.cpp,10701,38,generator_specific,0,0,0,,,,0,16.403,cxx_mul_to_div:/mnt/scratch1/ardi/dsl_mut/HM-armc/mutation/lowered-cpp/lens_blur/lens_blur.halide_generated.cpp:10701:38,0,0
lens_blur,cxx_default_on_emitted_cpp,5eb72c8d,2,16,cxx_add_to_sub,lens_blur.halide_generated.cpp,6991,30,generator_specific,0,0,0,,,,0,16.529,cxx_add_to_sub:/mnt/scratch1/ardi/dsl_mut/HM-armc/mutation/lowered-cpp/lens_blur/lens_blur.halide_generated.cpp:6991:30,0,0
lens_blur,cxx_default_on_emitted_cpp,5eb72c8d,2,16,cxx_add_to_sub,lens_blur.halide_generated.cpp,4157,30,generator_specific,0,0,1,,,test2_golden,0,16.408,cxx_add_to_sub:/mnt/scratch1/ardi/dsl_mut/HM-armc/mutation/lowered-cpp/lens_blur/lens_blur.halide_generated.cpp:4157:30,0,0
lens_blur,cxx_default_on_emitted_cpp,5eb72c8d,2,16,cxx_sub_to_add,lens_blur.halide_generated.cpp,7427,31,generator_specific,0,0,0,,,,0,16.533,cxx_sub_to_add:/mnt/scratch1/ardi/dsl_mut/HM-armc/mutation/lowered-cpp/lens_blur/lens_blur.halide_generated.cpp:7427:31,0,0
lens_blur,cxx_default_on_emitted_cpp,5eb72c8d,2,16,cxx_remove_void_call,lens_blur.halide_generated.cpp,13414,5,generator_specific,0,0,0,,,,0,16.387,cxx_remove_void_call:/mnt/scratch1/ardi/dsl_mut/HM-armc/mutation/lowered-cpp/lens_blur/lens_blur.halide_generated.cpp:13414:5,0,0
lens_blur,cxx_default_on_emitted_cpp,5eb72c8d,2,16,cxx_add_to_sub,lens_blur.halide_generated.cpp,6246,26,generator_specific,0,0,0,,,,0,16.507,cxx_add_to_sub:/mnt/scratch1/ardi/dsl_mut/HM-armc/mutation/lowered-cpp/lens_blur/lens_blur.halide_generated.cpp:6246:26,0,0
lens_blur,cxx_default_on_emitted_cpp,5eb72c8d,2,16,cxx_mul_to_div,lens_blur.halide_generated.cpp,5429,26,generator_specific,0,0,0,,,,0,16.436,cxx_mul_to_div:/mnt/scratch1/ardi/dsl_mut/HM-armc/mutation/lowered-cpp/lens_blur/lens_blur.halide_generated.cpp:5429:26,0,0
lens_blur,cxx_default_on_emitted_cpp,5eb72c8d,2,16,cxx_sub_to_add,lens_blur.halide_generated.cpp,8706,32,generator_specific,0,0,0,,,,0,16.589,cxx_sub_to_add:/mnt/scratch1/ardi/dsl_mut/HM-armc/mutation/lowered-cpp/lens_blur/lens_blur.halide_generated.cpp:8706:32,0,0
lens_blur,cxx_default_on_emitted_cpp,5eb72c8d,2,16,cxx_add_to_sub,lens_blur.halide_generated.cpp,11061,38,generator_specific,0,0,0,,,,0,16.268,cxx_add_to_sub:/mnt/scratch1/ardi/dsl_mut/HM-armc/mutation/lowered-cpp/lens_blur/lens_blur.halide_generated.cpp:11061:38,0,0
lens_blur,cxx_default_on_emitted_cpp,5eb72c8d,2,16,cxx_add_to_sub,lens_blur.halide_generated.cpp,11521,28,generator_specific,0,0,0,,,,0,16.527,cxx_add_to_sub:/mnt/scratch1/ardi/dsl_mut/HM-armc/mutation/lowered-cpp/lens_blur/lens_blur.halide_generated.cpp:11521:28,0,0
lens_blur,cxx_default_on_emitted_cpp,5eb72c8d,2,16,cxx_add_to_sub,lens_blur.halide_generated.cpp,6587,28,generator_specific,0,0,0,,,,0,16.469,cxx_add_to_sub:/mnt/scratch1/ardi/dsl_mut/HM-armc/mutation/lowered-cpp/lens_blur/lens_blur.halide_generated.cpp:6587:28,0,0
lens_blur,cxx_default_on_emitted_cpp,5eb72c8d,2,16,cxx_gt_to_le,lens_blur.halide_generated.cpp,13412,15,generator_specific,-6,1,,,,test1_demo,0,0.017,cxx_gt_to_le:/mnt/scratch1/ardi/dsl_mut/HM-armc/mutation/lowered-cpp/lens_blur/lens_blur.halide_generated.cpp:13412:15,0,1
lens_blur,cxx_default_on_emitted_cpp,5eb72c8d,2,16,cxx_add_to_sub,lens_blur.halide_generated.cpp,6830,32,generator_specific,0,0,0,,,,0,16.338,cxx_add_to_sub:/mnt/scratch1/ardi/dsl_mut/HM-armc/mutation/lowered-cpp/lens_blur/lens_blur.halide_generated.cpp:6830:32,0,0
lens_blur,cxx_default_on_emitted_cpp,5eb72c8d,2,16,cxx_remove_void_call,lens_blur.halide_generated.cpp,12770,3,generator_specific,0,0,0,,,,0,16.639,cxx_remove_void_call:/mnt/scratch1/ardi/dsl_mut/HM-armc/mutation/lowered-cpp/lens_blur/lens_blur.halide_generated.cpp:12770:3,0,0
lens_blur,cxx_default_on_emitted_cpp,5eb72c8d,2,16,cxx_gt_to_ge,lens_blur.halide_generated.cpp,3358,25,boilerplate,0,0,0,,,,0,16.680,cxx_gt_to_ge:/mnt/scratch1/ardi/dsl_mut/HM-armc/mutation/lowered-cpp/lens_blur/lens_blur.halide_generated.cpp:3358:25,0,0
lens_blur,cxx_default_on_emitted_cpp,5eb72c8d,2,16,cxx_add_to_sub,lens_blur.halide_generated.cpp,10096,37,generator_specific,0,0,0,,,,0,16.537,cxx_add_to_sub:/mnt/scratch1/ardi/dsl_mut/HM-armc/mutation/lowered-cpp/lens_blur/lens_blur.halide_generated.cpp:10096:37,0,0
lens_blur,cxx_default_on_emitted_cpp,5eb72c8d,2,16,cxx_lt_to_le,lens_blur.halide_generated.cpp,10481,57,generator_specific,0,0,0,,,,0,16.465,cxx_lt_to_le:/mnt/scratch1/ardi/dsl_mut/HM-armc/mutation/lowered-cpp/lens_blur/lens_blur.halide_generated.cpp:10481:57,0,0
lens_blur,cxx_default_on_emitted_cpp,5eb72c8d,2,16,cxx_mul_to_div,lens_blur.halide_generated.cpp,6244,26,generator_specific,0,0,0,,,,0,16.173,cxx_mul_to_div:/mnt/scratch1/ardi/dsl_mut/HM-armc/mutation/lowered-cpp/lens_blur/lens_blur.halide_generated.cpp:6244:26,0,0
lens_blur,cxx_default_on_emitted_cpp,5eb72c8d,2,16,cxx_replace_scalar_call,lens_blur.halide_generated.cpp,12821,20,generator_specific,0,0,0,,,,0,16.528,cxx_replace_scalar_call:/mnt/scratch1/ardi/dsl_mut/HM-armc/mutation/lowered-cpp/lens_blur/lens_blur.halide_generated.cpp:12821:20,0,0
lens_blur,cxx_default_on_emitted_cpp,5eb72c8d,2,16,cxx_mul_to_div,lens_blur.halide_generated.cpp,8046,51,generator_specific,0,0,0,,,,0,16.450,cxx_mul_to_div:/mnt/scratch1/ardi/dsl_mut/HM-armc/mutation/lowered-cpp/lens_blur/lens_blur.halide_generated.cpp:8046:51,0,0
lens_blur,cxx_default_on_emitted_cpp,5eb72c8d,2,16,cxx_add_to_sub,lens_blur.halide_generated.cpp,10440,38,generator_specific,-6,1,,,,test1_demo,0,0.379,cxx_add_to_sub:/mnt/scratch1/ardi/dsl_mut/HM-armc/mutation/lowered-cpp/lens_blur/lens_blur.halide_generated.cpp:10440:38,0,1
lens_blur,cxx_default_on_emitted_cpp,5eb72c8d,2,16,cxx_add_to_sub,lens_blur.halide_generated.cpp,5367,27,generator_specific,-11,1,,,,test1_demo,0,0.295,cxx_add_to_sub:/mnt/scratch1/ardi/dsl_mut/HM-armc/mutation/lowered-cpp/lens_blur/lens_blur.halide_generated.cpp:5367:27,0,1
lens_blur,cxx_default_on_emitted_cpp,5eb72c8d,2,16,cxx_add_to_sub,lens_blur.halide_generated.cpp,9633,36,generator_specific,0,0,0,,,,0,16.362,cxx_add_to_sub:/mnt/scratch1/ardi/dsl_mut/HM-armc/mutation/lowered-cpp/lens_blur/lens_blur.halide_generated.cpp:9633:36,0,0
lens_blur,cxx_default_on_emitted_cpp,5eb72c8d,2,16,cxx_add_to_sub,lens_blur.halide_generated.cpp,8498,32,generator_specific,0,0,1,,,test2_golden,0,16.835,cxx_add_to_sub:/mnt/scratch1/ardi/dsl_mut/HM-armc/mutation/lowered-cpp/lens_blur/lens_blur.halide_generated.cpp:8498:32,0,0
lens_blur,cxx_default_on_emitted_cpp,5eb72c8d,2,16,cxx_add_to_sub,lens_blur.halide_generated.cpp,8390,33,generator_specific,0,0,0,,,,0,16.716,cxx_add_to_sub:/mnt/scratch1/ardi/dsl_mut/HM-armc/mutation/lowered-cpp/lens_blur/lens_blur.halide_generated.cpp:8390:33,0,0
lens_blur,cxx_default_on_emitted_cpp,5eb72c8d,2,16,cxx_add_to_sub,lens_blur.halide_generated.cpp,7112,30,generator_specific,0,0,0,,,,0,16.295,cxx_add_to_sub:/mnt/scratch1/ardi/dsl_mut/HM-armc/mutation/lowered-cpp/lens_blur/lens_blur.halide_generated.cpp:7112:30,0,0
lens_blur,cxx_default_on_emitted_cpp,5eb72c8d,2,16,cxx_ne_to_eq,lens_blur.halide_generated.cpp,1814,31,boilerplate,-6,1,,,,test1_demo,0,0.016,cxx_ne_to_eq:/mnt/scratch1/ardi/dsl_mut/HM-armc/mutation/lowered-cpp/lens_blur/lens_blur.halide_generated.cpp:1814:31,0,1
lens_blur,cxx_default_on_emitted_cpp,5eb72c8d,2,16,cxx_add_to_sub,lens_blur.halide_generated.cpp,8545,33,generator_specific,0,0,0,,,,0,16.325,cxx_add_to_sub:/mnt/scratch1/ardi/dsl_mut/HM-armc/mutation/lowered-cpp/lens_blur/lens_blur.halide_generated.cpp:8545:33,0,0
lens_blur,cxx_default_on_emitted_cpp,5eb72c8d,2,16,cxx_add_to_sub,lens_blur.halide_generated.cpp,13859,26,generator_specific,0,0,0,,,,0,16.631,cxx_add_to_sub:/mnt/scratch1/ardi/dsl_mut/HM-armc/mutation/lowered-cpp/lens_blur/lens_blur.halide_generated.cpp:13859:26,0,0
lens_blur,cxx_default_on_emitted_cpp,5eb72c8d,2,16,cxx_gt_to_le,lens_blur.halide_generated.cpp,10625,38,generator_specific,0,0,0,,,,0,16.585,cxx_gt_to_le:/mnt/scratch1/ardi/dsl_mut/HM-armc/mutation/lowered-cpp/lens_blur/lens_blur.halide_generated.cpp:10625:38,0,0
lens_blur,cxx_default_on_emitted_cpp,5eb72c8d,2,16,cxx_add_to_sub,lens_blur.halide_generated.cpp,8381,35,generator_specific,0,0,0,,,,0,16.519,cxx_add_to_sub:/mnt/scratch1/ardi/dsl_mut/HM-armc/mutation/lowered-cpp/lens_blur/lens_blur.halide_generated.cpp:8381:35,0,0
lens_blur,cxx_default_on_emitted_cpp,5eb72c8d,2,16,cxx_add_to_sub,lens_blur.halide_generated.cpp,7099,29,generator_specific,0,0,0,,,,0,16.929,cxx_add_to_sub:/mnt/scratch1/ardi/dsl_mut/HM-armc/mutation/lowered-cpp/lens_blur/lens_blur.halide_generated.cpp:7099:29,0,0
lens_blur,cxx_default_on_emitted_cpp,5eb72c8d,2,16,cxx_mul_to_div,lens_blur.halide_generated.cpp,11476,25,generator_specific,0,0,0,,,,0,17.115,cxx_mul_to_div:/mnt/scratch1/ardi/dsl_mut/HM-armc/mutation/lowered-cpp/lens_blur/lens_blur.halide_generated.cpp:11476:25,0,0
lens_blur,cxx_default_on_emitted_cpp,5eb72c8d,2,16,cxx_add_to_sub,lens_blur.halide_generated.cpp,10621,37,generator_specific,-6,1,,,,test1_demo,0,0.272,cxx_add_to_sub:/mnt/scratch1/ardi/dsl_mut/HM-armc/mutation/lowered-cpp/lens_blur/lens_blur.halide_generated.cpp:10621:37,0,1
lens_blur,cxx_default_on_emitted_cpp,5eb72c8d,2,16,cxx_mul_to_div,lens_blur.halide_generated.cpp,7738,30,generator_specific,-6,1,,,,test1_demo,0,0.372,cxx_mul_to_div:/mnt/scratch1/ardi/dsl_mut/HM-armc/mutation/lowered-cpp/lens_blur/lens_blur.halide_generated.cpp:7738:30,0,1
lens_blur,cxx_default_on_emitted_cpp,5eb72c8d,2,16,cxx_add_to_sub,lens_blur.halide_generated.cpp,11566,29,generator_specific,0,0,0,,,,0,16.680,cxx_add_to_sub:/mnt/scratch1/ardi/dsl_mut/HM-armc/mutation/lowered-cpp/lens_blur/lens_blur.halide_generated.cpp:11566:29,0,0
lens_blur,cxx_default_on_emitted_cpp,5eb72c8d,2,16,cxx_mul_to_div,lens_blur.halide_generated.cpp,13942,27,generator_specific,0,0,1,,,test2_golden,0,16.891,cxx_mul_to_div:/mnt/scratch1/ardi/dsl_mut/HM-armc/mutation/lowered-cpp/lens_blur/lens_blur.halide_generated.cpp:13942:27,0,0
lens_blur,cxx_default_on_emitted_cpp,5eb72c8d,2,16,cxx_post_inc_to_post_dec,lens_blur.halide_generated.cpp,8499,111,generator_specific,-11,1,,,,test1_demo,0,0.334,cxx_post_inc_to_post_dec:/mnt/scratch1/ardi/dsl_mut/HM-armc/mutation/lowered-cpp/lens_blur/lens_blur.halide_generated.cpp:8499:111,0,1
lens_blur,cxx_default_on_emitted_cpp,5eb72c8d,2,16,cxx_mul_to_div,lens_blur.halide_generated.cpp,6505,28,generator_specific,0,0,0,,,,0,16.496,cxx_mul_to_div:/mnt/scratch1/ardi/dsl_mut/HM-armc/mutation/lowered-cpp/lens_blur/lens_blur.halide_generated.cpp:6505:28,0,0
lens_blur,cxx_default_on_emitted_cpp,5eb72c8d,2,16,cxx_add_to_sub,lens_blur.halide_generated.cpp,10434,37,generator_specific,0,0,0,,,,0,16.731,cxx_add_to_sub:/mnt/scratch1/ardi/dsl_mut/HM-armc/mutation/lowered-cpp/lens_blur/lens_blur.halide_generated.cpp:10434:37,0,0
lens_blur,cxx_default_on_emitted_cpp,5eb72c8d,2,16,cxx_add_to_sub,lens_blur.halide_generated.cpp,9440,36,generator_specific,0,0,0,,,,0,16.741,cxx_add_to_sub:/mnt/scratch1/ardi/dsl_mut/HM-armc/mutation/lowered-cpp/lens_blur/lens_blur.halide_generated.cpp:9440:36,0,0
lens_blur,cxx_default_on_emitted_cpp,5eb72c8d,2,16,cxx_post_inc_to_post_dec,lens_blur.halide_generated.cpp,4430,62,generator_specific,-11,1,,,,test1_demo,0,0.050,cxx_post_inc_to_post_dec:/mnt/scratch1/ardi/dsl_mut/HM-armc/mutation/lowered-cpp/lens_blur/lens_blur.halide_generated.cpp:4430:62,0,1
lens_blur,cxx_default_on_emitted_cpp,5eb72c8d,2,16,cxx_add_to_sub,lens_blur.halide_generated.cpp,8343,33,generator_specific,0,0,0,,,,0,16.721,cxx_add_to_sub:/mnt/scratch1/ardi/dsl_mut/HM-armc/mutation/lowered-cpp/lens_blur/lens_blur.halide_generated.cpp:8343:33,0,0
lens_blur,cxx_default_on_emitted_cpp,5eb72c8d,2,16,cxx_post_inc_to_post_dec,lens_blur.halide_generated.cpp,11969,115,generator_specific,-11,1,,,,test1_demo,0,0.615,cxx_post_inc_to_post_dec:/mnt/scratch1/ardi/dsl_mut/HM-armc/mutation/lowered-cpp/lens_blur/lens_blur.halide_generated.cpp:11969:115,0,1
lens_blur,cxx_default_on_emitted_cpp,5eb72c8d,2,16,cxx_replace_scalar_call,lens_blur.halide_generated.cpp,12995,19,generator_specific,0,0,1,,,test2_golden,0,0.024,cxx_replace_scalar_call:/mnt/scratch1/ardi/dsl_mut/HM-armc/mutation/lowered-cpp/lens_blur/lens_blur.halide_generated.cpp:12995:19,0,0
lens_blur,cxx_default_on_emitted_cpp,5eb72c8d,2,16,cxx_add_to_sub,lens_blur.halide_generated.cpp,6043,30,generator_specific,-11,1,,,,test1_demo,0,0.258,cxx_add_to_sub:/mnt/scratch1/ardi/dsl_mut/HM-armc/mutation/lowered-cpp/lens_blur/lens_blur.halide_generated.cpp:6043:30,0,1
lens_blur,cxx_default_on_emitted_cpp,5eb72c8d,2,16,cxx_lt_to_ge,lens_blur.halide_generated.cpp,11686,58,generator_specific,0,0,0,,,,0,17.309,cxx_lt_to_ge:/mnt/scratch1/ardi/dsl_mut/HM-armc/mutation/lowered-cpp/lens_blur/lens_blur.halide_generated.cpp:11686:58,0,0
lens_blur,cxx_default_on_emitted_cpp,5eb72c8d,2,16,cxx_mul_to_div,lens_blur.halide_generated.cpp,14059,27,generator_specific,0,0,0,,,,0,17.167,cxx_mul_to_div:/mnt/scratch1/ardi/dsl_mut/HM-armc/mutation/lowered-cpp/lens_blur/lens_blur.halide_generated.cpp:14059:27,0,0
lens_blur,cxx_default_on_emitted_cpp,5eb72c8d,2,16,cxx_add_to_sub,lens_blur.halide_generated.cpp,8935,34,generator_specific,0,0,0,,,,0,16.562,cxx_add_to_sub:/mnt/scratch1/ardi/dsl_mut/HM-armc/mutation/lowered-cpp/lens_blur/lens_blur.halide_generated.cpp:8935:34,0,0
lens_blur,cxx_default_on_emitted_cpp,5eb72c8d,2,16,cxx_add_to_sub,lens_blur.halide_generated.cpp,8006,31,generator_specific,0,0,0,,,,0,17.547,cxx_add_to_sub:/mnt/scratch1/ardi/dsl_mut/HM-armc/mutation/lowered-cpp/lens_blur/lens_blur.halide_generated.cpp:8006:31,0,0
lens_blur,cxx_default_on_emitted_cpp,5eb72c8d,2,16,cxx_lt_to_ge,lens_blur.halide_generated.cpp,2530,27,boilerplate,0,0,0,,,,0,18.029,cxx_lt_to_ge:/mnt/scratch1/ardi/dsl_mut/HM-armc/mutation/lowered-cpp/lens_blur/lens_blur.halide_generated.cpp:2530:27,0,0
lens_blur,cxx_default_on_emitted_cpp,5eb72c8d,2,16,cxx_sub_to_add,lens_blur.halide_generated.cpp,5780,26,generator_specific,-6,1,,,,test1_demo,0,0.278,cxx_sub_to_add:/mnt/scratch1/ardi/dsl_mut/HM-armc/mutation/lowered-cpp/lens_blur/lens_blur.halide_generated.cpp:5780:26,0,1
lens_blur,cxx_default_on_emitted_cpp,5eb72c8d,2,16,cxx_add_to_sub,lens_blur.halide_generated.cpp,5676,26,generator_specific,0,0,0,,,,0,16.195,cxx_add_to_sub:/mnt/scratch1/ardi/dsl_mut/HM-armc/mutation/lowered-cpp/lens_blur/lens_blur.halide_generated.cpp:5676:26,0,0
lens_blur,cxx_default_on_emitted_cpp,5eb72c8d,2,16,cxx_post_inc_to_post_dec,lens_blur.halide_generated.cpp,7789,110,generator_specific,0,0,0,,,,0,18.015,cxx_post_inc_to_post_dec:/mnt/scratch1/ardi/dsl_mut/HM-armc/mutation/lowered-cpp/lens_blur/lens_blur.halide_generated.cpp:7789:110,0,0
lens_blur,cxx_default_on_emitted_cpp,5eb72c8d,2,16,cxx_mul_to_div,lens_blur.halide_generated.cpp,8915,34,generator_specific,0,0,0,,,,0,16.950,cxx_mul_to_div:/mnt/scratch1/ardi/dsl_mut/HM-armc/mutation/lowered-cpp/lens_blur/lens_blur.halide_generated.cpp:8915:34,0,0
lens_blur,cxx_default_on_emitted_cpp,5eb72c8d,2,16,cxx_mul_to_div,lens_blur.halide_generated.cpp,10260,36,generator_specific,0,0,0,,,,0,16.805,cxx_mul_to_div:/mnt/scratch1/ardi/dsl_mut/HM-armc/mutation/lowered-cpp/lens_blur/lens_blur.halide_generated.cpp:10260:36,0,0
lens_blur,cxx_default_on_emitted_cpp,5eb72c8d,2,16,cxx_lt_to_ge,lens_blur.halide_generated.cpp,10722,58,generator_specific,0,0,0,,,,0,17.890,cxx_lt_to_ge:/mnt/scratch1/ardi/dsl_mut/HM-armc/mutation/lowered-cpp/lens_blur/lens_blur.halide_generated.cpp:10722:58,0,0
lens_blur,cxx_default_on_emitted_cpp,5eb72c8d,2,16,cxx_mul_to_div,lens_blur.halide_generated.cpp,5590,25,generator_specific,-8,1,,,,test1_demo,0,0.293,cxx_mul_to_div:/mnt/scratch1/ardi/dsl_mut/HM-armc/mutation/lowered-cpp/lens_blur/lens_blur.halide_generated.cpp:5590:25,0,1
lens_blur,cxx_default_on_emitted_cpp,5eb72c8d,2,16,cxx_add_to_sub,lens_blur.halide_generated.cpp,8551,32,generator_specific,0,0,0,,,,0,16.837,cxx_add_to_sub:/mnt/scratch1/ardi/dsl_mut/HM-armc/mutation/lowered-cpp/lens_blur/lens_blur.halide_generated.cpp:8551:32,0,0
lens_blur,cxx_default_on_emitted_cpp,5eb72c8d,2,16,cxx_add_to_sub,lens_blur.halide_generated.cpp,10866,38,generator_specific,0,0,0,,,,0,16.864,cxx_add_to_sub:/mnt/scratch1/ardi/dsl_mut/HM-armc/mutation/lowered-cpp/lens_blur/lens_blur.halide_generated.cpp:10866:38,0,0
lens_blur,cxx_default_on_emitted_cpp,5eb72c8d,2,16,cxx_add_to_sub,lens_blur.halide_generated.cpp,7315,33,generator_specific,0,0,0,,,,0,16.406,cxx_add_to_sub:/mnt/scratch1/ardi/dsl_mut/HM-armc/mutation/lowered-cpp/lens_blur/lens_blur.halide_generated.cpp:7315:33,0,0
lens_blur,cxx_default_on_emitted_cpp,5eb72c8d,2,16,cxx_add_to_sub,lens_blur.halide_generated.cpp,10310,38,generator_specific,0,0,0,,,,0,16.325,cxx_add_to_sub:/mnt/scratch1/ardi/dsl_mut/HM-armc/mutation/lowered-cpp/lens_blur/lens_blur.halide_generated.cpp:10310:38,0,0
lens_blur,cxx_default_on_emitted_cpp,5eb72c8d,2,16,cxx_add_to_sub,lens_blur.halide_generated.cpp,6292,27,generator_specific,0,0,0,,,,0,16.431,cxx_add_to_sub:/mnt/scratch1/ardi/dsl_mut/HM-armc/mutation/lowered-cpp/lens_blur/lens_blur.halide_generated.cpp:6292:27,0,0
lens_blur,cxx_default_on_emitted_cpp,5eb72c8d,2,16,cxx_mul_to_div,lens_blur.halide_generated.cpp,9196,34,generator_specific,0,0,0,,,,0,16.271,cxx_mul_to_div:/mnt/scratch1/ardi/dsl_mut/HM-armc/mutation/lowered-cpp/lens_blur/lens_blur.halide_generated.cpp:9196:34,0,0
lens_blur,cxx_default_on_emitted_cpp,5eb72c8d,2,16,cxx_sub_to_add,lens_blur.halide_generated.cpp,7543,30,generator_specific,0,0,0,,,,0,16.376,cxx_sub_to_add:/mnt/scratch1/ardi/dsl_mut/HM-armc/mutation/lowered-cpp/lens_blur/lens_blur.halide_generated.cpp:7543:30,0,0
lens_blur,cxx_default_on_emitted_cpp,5eb72c8d,2,16,cxx_mul_to_div,lens_blur.halide_generated.cpp,11261,38,generator_specific,0,0,0,,,,0,16.462,cxx_mul_to_div:/mnt/scratch1/ardi/dsl_mut/HM-armc/mutation/lowered-cpp/lens_blur/lens_blur.halide_generated.cpp:11261:38,0,0
lens_blur,cxx_default_on_emitted_cpp,5eb72c8d,2,16,cxx_add_to_sub,lens_blur.halide_generated.cpp,7934,34,generator_specific,0,0,1,,,test2_golden,0,16.375,cxx_add_to_sub:/mnt/scratch1/ardi/dsl_mut/HM-armc/mutation/lowered-cpp/lens_blur/lens_blur.halide_generated.cpp:7934:34,0,0
lens_blur,cxx_default_on_emitted_cpp,5eb72c8d,2,16,cxx_add_to_sub,lens_blur.halide_generated.cpp,5907,27,generator_specific,0,0,0,,,,0,16.245,cxx_add_to_sub:/mnt/scratch1/ardi/dsl_mut/HM-armc/mutation/lowered-cpp/lens_blur/lens_blur.halide_generated.cpp:5907:27,0,0
lens_blur,cxx_default_on_emitted_cpp,5eb72c8d,2,16,cxx_add_to_sub,lens_blur.halide_generated.cpp,3862,23,generator_specific,0,0,1,,,test2_golden,0,16.398,cxx_add_to_sub:/mnt/scratch1/ardi/dsl_mut/HM-armc/mutation/lowered-cpp/lens_blur/lens_blur.halide_generated.cpp:3862:23,0,0
lens_blur,cxx_default_on_emitted_cpp,5eb72c8d,2,16,cxx_add_to_sub,lens_blur.halide_generated.cpp,3770,25,generator_specific,-11,1,,,,test1_demo,0,0.032,cxx_add_to_sub:/mnt/scratch1/ardi/dsl_mut/HM-armc/mutation/lowered-cpp/lens_blur/lens_blur.halide_generated.cpp:3770:25,0,1
lens_blur,cxx_default_on_emitted_cpp,5eb72c8d,2,16,cxx_add_to_sub,lens_blur.halide_generated.cpp,5658,26,generator_specific,0,0,0,,,,0,16.272,cxx_add_to_sub:/mnt/scratch1/ardi/dsl_mut/HM-armc/mutation/lowered-cpp/lens_blur/lens_blur.halide_generated.cpp:5658:26,0,0
lens_blur,cxx_default_on_emitted_cpp,5eb72c8d,2,16,cxx_add_to_sub,lens_blur.halide_generated.cpp,12605,24,generator_specific,0,0,0,,,,0,16.496,cxx_add_to_sub:/mnt/scratch1/ardi/dsl_mut/HM-armc/mutation/lowered-cpp/lens_blur/lens_blur.halide_generated.cpp:12605:24,0,0
lens_blur,cxx_default_on_emitted_cpp,5eb72c8d,2,16,cxx_sub_to_add,lens_blur.halide_generated.cpp,5945,27,generator_specific,0,0,0,,,,0,16.635,cxx_sub_to_add:/mnt/scratch1/ardi/dsl_mut/HM-armc/mutation/lowered-cpp/lens_blur/lens_blur.halide_generated.cpp:5945:27,0,0
lens_blur,cxx_default_on_emitted_cpp,5eb72c8d,2,16,cxx_add_to_sub,lens_blur.halide_generated.cpp,9068,34,generator_specific,0,0,0,,,,0,16.303,cxx_add_to_sub:/mnt/scratch1/ardi/dsl_mut/HM-armc/mutation/lowered-cpp/lens_blur/lens_blur.halide_generated.cpp:9068:34,0,0
lens_blur,cxx_default_on_emitted_cpp,5eb72c8d,2,16,cxx_add_to_sub,lens_blur.halide_generated.cpp,10426,38,generator_specific,0,0,0,,,,0,16.219,cxx_add_to_sub:/mnt/scratch1/ardi/dsl_mut/HM-armc/mutation/lowered-cpp/lens_blur/lens_blur.halide_generated.cpp:10426:38,0,0
lens_blur,cxx_default_on_emitted_cpp,5eb72c8d,2,16,cxx_mul_to_div,lens_blur.halide_generated.cpp,13619,26,generator_specific,0,0,0,,,,0,16.576,cxx_mul_to_div:/mnt/scratch1/ardi/dsl_mut/HM-armc/mutation/lowered-cpp/lens_blur/lens_blur.halide_generated.cpp:13619:26,0,0
lens_blur,cxx_default_on_emitted_cpp,5eb72c8d,2,16,cxx_sub_to_add,lens_blur.halide_generated.cpp,4097,26,generator_specific,0,0,0,,,,0,16.317,cxx_sub_to_add:/mnt/scratch1/ardi/dsl_mut/HM-armc/mutation/lowered-cpp/lens_blur/lens_blur.halide_generated.cpp:4097:26,0,0
lens_blur,cxx_default_on_emitted_cpp,5eb72c8d,2,16,cxx_mul_to_div,lens_blur.halide_generated.cpp,11699,42,generator_specific,0,0,0,,,,0,16.293,cxx_mul_to_div:/mnt/scratch1/ardi/dsl_mut/HM-armc/mutation/lowered-cpp/lens_blur/lens_blur.halide_generated.cpp:11699:42,0,0
lens_blur,cxx_default_on_emitted_cpp,5eb72c8d,2,16,cxx_sub_to_add,lens_blur.halide_generated.cpp,14064,27,generator_specific,0,0,0,,,,0,16.322,cxx_sub_to_add:/mnt/scratch1/ardi/dsl_mut/HM-armc/mutation/lowered-cpp/lens_blur/lens_blur.halide_generated.cpp:14064:27,0,0
lens_blur,cxx_default_on_emitted_cpp,5eb72c8d,2,16,cxx_add_to_sub,lens_blur.halide_generated.cpp,10579,37,generator_specific,0,0,0,,,,0,16.784,cxx_add_to_sub:/mnt/scratch1/ardi/dsl_mut/HM-armc/mutation/lowered-cpp/lens_blur/lens_blur.halide_generated.cpp:10579:37,0,0
lens_blur,cxx_default_on_emitted_cpp,5eb72c8d,2,16,cxx_add_to_sub,lens_blur.halide_generated.cpp,14501,30,generator_specific,0,0,0,,,,0,16.356,cxx_add_to_sub:/mnt/scratch1/ardi/dsl_mut/HM-armc/mutation/lowered-cpp/lens_blur/lens_blur.halide_generated.cpp:14501:30,0,0
lens_blur,cxx_default_on_emitted_cpp,5eb72c8d,2,16,cxx_add_to_sub,lens_blur.halide_generated.cpp,11728,29,generator_specific,-11,1,,,,test1_demo,0,0.433,cxx_add_to_sub:/mnt/scratch1/ardi/dsl_mut/HM-armc/mutation/lowered-cpp/lens_blur/lens_blur.halide_generated.cpp:11728:29,0,1
lens_blur,cxx_default_on_emitted_cpp,5eb72c8d,2,16,cxx_mul_to_div,lens_blur.halide_generated.cpp,10716,38,generator_specific,0,0,0,,,,0,16.767,cxx_mul_to_div:/mnt/scratch1/ardi/dsl_mut/HM-armc/mutation/lowered-cpp/lens_blur/lens_blur.halide_generated.cpp:10716:38,0,0
lens_blur,cxx_default_on_emitted_cpp,5eb72c8d,2,16,cxx_remove_void_call,lens_blur.halide_generated.cpp,3997,2,generator_specific,0,0,0,,,,0,16.296,cxx_remove_void_call:/mnt/scratch1/ardi/dsl_mut/HM-armc/mutation/lowered-cpp/lens_blur/lens_blur.halide_generated.cpp:3997:2,0,0
lens_blur,cxx_default_on_emitted_cpp,5eb72c8d,2,16,cxx_le_to_gt,lens_blur.halide_generated.cpp,13120,22,generator_specific,-6,1,,,,test1_demo,0,0.022,cxx_le_to_gt:/mnt/scratch1/ardi/dsl_mut/HM-armc/mutation/lowered-cpp/lens_blur/lens_blur.halide_generated.cpp:13120:22,0,1
lens_blur,cxx_default_on_emitted_cpp,5eb72c8d,2,16,cxx_add_to_sub,lens_blur.halide_generated.cpp,5549,29,generator_specific,-11,1,,,,test1_demo,0,0.303,cxx_add_to_sub:/mnt/scratch1/ardi/dsl_mut/HM-armc/mutation/lowered-cpp/lens_blur/lens_blur.halide_generated.cpp:5549:29,0,1
lens_blur,cxx_default_on_emitted_cpp,5eb72c8d,2,16,cxx_gt_to_le,lens_blur.halide_generated.cpp,5309,26,generator_specific,0,0,0,,,,0,16.336,cxx_gt_to_le:/mnt/scratch1/ardi/dsl_mut/HM-armc/mutation/lowered-cpp/lens_blur/lens_blur.halide_generated.cpp:5309:26,0,0
lens_blur,cxx_default_on_emitted_cpp,5eb72c8d,2,16,cxx_sub_to_add,lens_blur.halide_generated.cpp,13440,26,generator_specific,0,0,0,,,,0,16.413,cxx_sub_to_add:/mnt/scratch1/ardi/dsl_mut/HM-armc/mutation/lowered-cpp/lens_blur/lens_blur.halide_generated.cpp:13440:26,0,0
lens_blur,cxx_default_on_emitted_cpp,5eb72c8d,2,16,cxx_add_to_sub,lens_blur.halide_generated.cpp,10797,39,generator_specific,0,0,0,,,,0,16.556,cxx_add_to_sub:/mnt/scratch1/ardi/dsl_mut/HM-armc/mutation/lowered-cpp/lens_blur/lens_blur.halide_generated.cpp:10797:39,0,0
lens_blur,cxx_default_on_emitted_cpp,5eb72c8d,2,16,cxx_add_to_sub,lens_blur.halide_generated.cpp,10409,37,generator_specific,0,0,0,,,,0,16.768,cxx_add_to_sub:/mnt/scratch1/ardi/dsl_mut/HM-armc/mutation/lowered-cpp/lens_blur/lens_blur.halide_generated.cpp:10409:37,0,0
lens_blur,cxx_default_on_emitted_cpp,5eb72c8d,2,16,cxx_lt_to_le,lens_blur.halide_generated.cpp,4279,60,generator_specific,0,0,0,,,,0,16.888,cxx_lt_to_le:/mnt/scratch1/ardi/dsl_mut/HM-armc/mutation/lowered-cpp/lens_blur/lens_blur.halide_generated.cpp:4279:60,0,0
lens_blur,cxx_default_on_emitted_cpp,5eb72c8d,2,16,cxx_sub_to_add,lens_blur.halide_generated.cpp,10693,38,generator_specific,0,0,0,,,,0,17.031,cxx_sub_to_add:/mnt/scratch1/ardi/dsl_mut/HM-armc/mutation/lowered-cpp/lens_blur/lens_blur.halide_generated.cpp:10693:38,0,0
lens_blur,cxx_default_on_emitted_cpp,5eb72c8d,2,16,cxx_add_to_sub,lens_blur.halide_generated.cpp,6975,32,generator_specific,0,0,0,,,,0,16.332,cxx_add_to_sub:/mnt/scratch1/ardi/dsl_mut/HM-armc/mutation/lowered-cpp/lens_blur/lens_blur.halide_generated.cpp:6975:32,0,0
lens_blur,cxx_default_on_emitted_cpp,5eb72c8d,2,16,cxx_replace_scalar_call,lens_blur.halide_generated.cpp,13286,20,generator_specific,0,0,0,,,,0,16.323,cxx_replace_scalar_call:/mnt/scratch1/ardi/dsl_mut/HM-armc/mutation/lowered-cpp/lens_blur/lens_blur.halide_generated.cpp:13286:20,0,0
lens_blur,cxx_default_on_emitted_cpp,5eb72c8d,2,16,cxx_remove_void_call,lens_blur.halide_generated.cpp,11966,5,generator_specific,0,0,0,,,,0,17.032,cxx_remove_void_call:/mnt/scratch1/ardi/dsl_mut/HM-armc/mutation/lowered-cpp/lens_blur/lens_blur.halide_generated.cpp:11966:5,0,0
lens_blur,cxx_default_on_emitted_cpp,5eb72c8d,2,16,cxx_add_to_sub,lens_blur.halide_generated.cpp,8309,35,generator_specific,0,0,0,,,,0,16.252,cxx_add_to_sub:/mnt/scratch1/ardi/dsl_mut/HM-armc/mutation/lowered-cpp/lens_blur/lens_blur.halide_generated.cpp:8309:35,0,0
lens_blur,cxx_default_on_emitted_cpp,5eb72c8d,2,16,cxx_mul_to_div,lens_blur.halide_generated.cpp,7699,29,generator_specific,0,0,0,,,,0,16.805,cxx_mul_to_div:/mnt/scratch1/ardi/dsl_mut/HM-armc/mutation/lowered-cpp/lens_blur/lens_blur.halide_generated.cpp:7699:29,0,0
lens_blur,cxx_default_on_emitted_cpp,5eb72c8d,2,16,cxx_add_to_sub,lens_blur.halide_generated.cpp,10269,37,generator_specific,0,0,0,,,,0,16.401,cxx_add_to_sub:/mnt/scratch1/ardi/dsl_mut/HM-armc/mutation/lowered-cpp/lens_blur/lens_blur.halide_generated.cpp:10269:37,0,0
lens_blur,cxx_default_on_emitted_cpp,5eb72c8d,2,16,cxx_lt_to_le,lens_blur.halide_generated.cpp,8360,90,generator_specific,0,0,0,,,,0,16.224,cxx_lt_to_le:/mnt/scratch1/ardi/dsl_mut/HM-armc/mutation/lowered-cpp/lens_blur/lens_blur.halide_generated.cpp:8360:90,0,0
lens_blur,cxx_default_on_emitted_cpp,5eb72c8d,2,16,cxx_remove_void_call,lens_blur.halide_generated.cpp,4474,7,generator_specific,0,0,0,,,,0,16.780,cxx_remove_void_call:/mnt/scratch1/ardi/dsl_mut/HM-armc/mutation/lowered-cpp/lens_blur/lens_blur.halide_generated.cpp:4474:7,0,0
lens_blur,cxx_default_on_emitted_cpp,5eb72c8d,2,16,cxx_sub_to_add,lens_blur.halide_generated.cpp,10300,37,generator_specific,0,0,0,,,,0,16.673,cxx_sub_to_add:/mnt/scratch1/ardi/dsl_mut/HM-armc/mutation/lowered-cpp/lens_blur/lens_blur.halide_generated.cpp:10300:37,0,0
lens_blur,cxx_default_on_emitted_cpp,5eb72c8d,2,16,cxx_add_to_sub,lens_blur.halide_generated.cpp,13648,26,generator_specific,0,0,0,,,,0,16.886,cxx_add_to_sub:/mnt/scratch1/ardi/dsl_mut/HM-armc/mutation/lowered-cpp/lens_blur/lens_blur.halide_generated.cpp:13648:26,0,0
lens_blur,cxx_default_on_emitted_cpp,5eb72c8d,2,16,cxx_mul_to_div,lens_blur.halide_generated.cpp,3780,24,generator_specific,0,0,1,,,test2_golden,0,16.982,cxx_mul_to_div:/mnt/scratch1/ardi/dsl_mut/HM-armc/mutation/lowered-cpp/lens_blur/lens_blur.halide_generated.cpp:3780:24,0,0
lens_blur,cxx_default_on_emitted_cpp,5eb72c8d,2,16,cxx_add_to_sub,lens_blur.halide_generated.cpp,9086,34,generator_specific,0,0,0,,,,0,16.653,cxx_add_to_sub:/mnt/scratch1/ardi/dsl_mut/HM-armc/mutation/lowered-cpp/lens_blur/lens_blur.halide_generated.cpp:9086:34,0,0
lens_blur,cxx_default_on_emitted_cpp,5eb72c8d,2,16,cxx_le_to_lt,lens_blur.halide_generated.cpp,12877,18,generator_specific,0,0,1,,,test2_golden,0,0.048,cxx_le_to_lt:/mnt/scratch1/ardi/dsl_mut/HM-armc/mutation/lowered-cpp/lens_blur/lens_blur.halide_generated.cpp:12877:18,0,0
lens_blur,cxx_default_on_emitted_cpp,5eb72c8d,2,16,cxx_add_to_sub,lens_blur.halide_generated.cpp,12956,25,generator_specific,0,0,0,,,,0,16.412,cxx_add_to_sub:/mnt/scratch1/ardi/dsl_mut/HM-armc/mutation/lowered-cpp/lens_blur/lens_blur.halide_generated.cpp:12956:25,0,0
lens_blur,cxx_default_on_emitted_cpp,5eb72c8d,2,16,cxx_add_to_sub,lens_blur.halide_generated.cpp,11644,28,generator_specific,0,0,0,,,,0,16.368,cxx_add_to_sub:/mnt/scratch1/ardi/dsl_mut/HM-armc/mutation/lowered-cpp/lens_blur/lens_blur.halide_generated.cpp:11644:28,0,0
lens_blur,cxx_default_on_emitted_cpp,5eb72c8d,2,16,cxx_add_to_sub,lens_blur.halide_generated.cpp,5249,24,generator_specific,0,0,0,,,,0,16.854,cxx_add_to_sub:/mnt/scratch1/ardi/dsl_mut/HM-armc/mutation/lowered-cpp/lens_blur/lens_blur.halide_generated.cpp:5249:24,0,0
lens_blur,cxx_default_on_emitted_cpp,5eb72c8d,2,16,cxx_add_to_sub,lens_blur.halide_generated.cpp,8654,30,generator_specific,0,0,0,,,,0,16.417,cxx_add_to_sub:/mnt/scratch1/ardi/dsl_mut/HM-armc/mutation/lowered-cpp/lens_blur/lens_blur.halide_generated.cpp:8654:30,0,0
lens_blur,cxx_default_on_emitted_cpp,5eb72c8d,2,16,cxx_replace_scalar_call,lens_blur.halide_generated.cpp,13116,20,generator_specific,0,0,0,,,,0,16.610,cxx_replace_scalar_call:/mnt/scratch1/ardi/dsl_mut/HM-armc/mutation/lowered-cpp/lens_blur/lens_blur.halide_generated.cpp:13116:20,0,0
lens_blur,cxx_default_on_emitted_cpp,5eb72c8d,2,16,cxx_add_to_sub,lens_blur.halide_generated.cpp,11750,31,generator_specific,-11,1,,,,test1_demo,0,0.439,cxx_add_to_sub:/mnt/scratch1/ardi/dsl_mut/HM-armc/mutation/lowered-cpp/lens_blur/lens_blur.halide_generated.cpp:11750:31,0,1
lens_blur,cxx_default_on_emitted_cpp,5eb72c8d,2,16,cxx_add_to_sub,lens_blur.halide_generated.cpp,11245,38,generator_specific,-11,1,,,,test1_demo,0,0.298,cxx_add_to_sub:/mnt/scratch1/ardi/dsl_mut/HM-armc/mutation/lowered-cpp/lens_blur/lens_blur.halide_generated.cpp:11245:38,0,1
lens_blur,cxx_default_on_emitted_cpp,5eb72c8d,2,16,cxx_add_to_sub,lens_blur.halide_generated.cpp,7045,28,generator_specific,0,0,1,,,test2_golden,0,16.505,cxx_add_to_sub:/mnt/scratch1/ardi/dsl_mut/HM-armc/mutation/lowered-cpp/lens_blur/lens_blur.halide_generated.cpp:7045:28,0,0
lens_blur,cxx_default_on_emitted_cpp,5eb72c8d,2,16,cxx_le_to_lt,lens_blur.halide_generated.cpp,12886,18,generator_specific,0,0,0,,,,0,16.759,cxx_le_to_lt:/mnt/scratch1/ardi/dsl_mut/HM-armc/mutation/lowered-cpp/lens_blur/lens_blur.halide_generated.cpp:12886:18,0,0
lens_blur,cxx_default_on_emitted_cpp,5eb72c8d,2,16,cxx_mul_to_div,lens_blur.halide_generated.cpp,6376,28,generator_specific,0,0,0,,,,0,16.348,cxx_mul_to_div:/mnt/scratch1/ardi/dsl_mut/HM-armc/mutation/lowered-cpp/lens_blur/lens_blur.halide_generated.cpp:6376:28,0,0
lens_blur,cxx_default_on_emitted_cpp,5eb72c8d,2,16,cxx_gt_to_ge,lens_blur.halide_generated.cpp,9751,24,generator_specific,0,0,0,,,,0,16.444,cxx_gt_to_ge:/mnt/scratch1/ardi/dsl_mut/HM-armc/mutation/lowered-cpp/lens_blur/lens_blur.halide_generated.cpp:9751:24,0,0
lens_blur,cxx_default_on_emitted_cpp,5eb72c8d,2,16,cxx_add_to_sub,lens_blur.halide_generated.cpp,6002,28,generator_specific,0,0,0,,,,0,16.366,cxx_add_to_sub:/mnt/scratch1/ardi/dsl_mut/HM-armc/mutation/lowered-cpp/lens_blur/lens_blur.halide_generated.cpp:6002:28,0,0
lens_blur,cxx_default_on_emitted_cpp,5eb72c8d,2,16,cxx_mul_to_div,lens_blur.halide_generated.cpp,10950,38,generator_specific,0,0,0,,,,0,16.323,cxx_mul_to_div:/mnt/scratch1/ardi/dsl_mut/HM-armc/mutation/lowered-cpp/lens_blur/lens_blur.halide_generated.cpp:10950:38,0,0
lens_blur,cxx_default_on_emitted_cpp,5eb72c8d,2,16,cxx_add_to_sub,lens_blur.halide_generated.cpp,7064,29,generator_specific,0,0,0,,,,0,16.320,cxx_add_to_sub:/mnt/scratch1/ardi/dsl_mut/HM-armc/mutation/lowered-cpp/lens_blur/lens_blur.halide_generated.cpp:7064:29,0,0
lens_blur,cxx_default_on_emitted_cpp,5eb72c8d,2,16,cxx_add_to_sub,lens_blur.halide_generated.cpp,6323,28,generator_specific,0,0,0,,,,0,17.368,cxx_add_to_sub:/mnt/scratch1/ardi/dsl_mut/HM-armc/mutation/lowered-cpp/lens_blur/lens_blur.halide_generated.cpp:6323:28,0,0
lens_blur,cxx_default_on_emitted_cpp,5eb72c8d,2,16,cxx_replace_scalar_call,lens_blur.halide_generated.cpp,12390,18,generator_specific,0,0,1,,,test2_golden,0,9.555,cxx_replace_scalar_call:/mnt/scratch1/ardi/dsl_mut/HM-armc/mutation/lowered-cpp/lens_blur/lens_blur.halide_generated.cpp:12390:18,0,0
lens_blur,cxx_default_on_emitted_cpp,5eb72c8d,2,16,cxx_replace_scalar_call,lens_blur.halide_generated.cpp,5273,18,generator_specific,-6,1,,,,test1_demo,0,0.273,cxx_replace_scalar_call:/mnt/scratch1/ardi/dsl_mut/HM-armc/mutation/lowered-cpp/lens_blur/lens_blur.halide_generated.cpp:5273:18,0,1
lens_blur,cxx_default_on_emitted_cpp,5eb72c8d,2,16,cxx_mul_to_div,lens_blur.halide_generated.cpp,11210,38,generator_specific,0,0,0,,,,0,16.258,cxx_mul_to_div:/mnt/scratch1/ardi/dsl_mut/HM-armc/mutation/lowered-cpp/lens_blur/lens_blur.halide_generated.cpp:11210:38,0,0
lens_blur,cxx_default_on_emitted_cpp,5eb72c8d,2,16,cxx_replace_scalar_call,lens_blur.halide_generated.cpp,12646,18,generator_specific,0,0,0,,,,0,15.525,cxx_replace_scalar_call:/mnt/scratch1/ardi/dsl_mut/HM-armc/mutation/lowered-cpp/lens_blur/lens_blur.halide_generated.cpp:12646:18,0,0
lens_blur,cxx_default_on_emitted_cpp,5eb72c8d,2,16,cxx_lt_to_le,lens_blur.halide_generated.cpp,10683,57,generator_specific,0,0,0,,,,0,16.135,cxx_lt_to_le:/mnt/scratch1/ardi/dsl_mut/HM-armc/mutation/lowered-cpp/lens_blur/lens_blur.halide_generated.cpp:10683:57,0,0
lens_blur,cxx_default_on_emitted_cpp,5eb72c8d,2,16,cxx_add_to_sub,lens_blur.halide_generated.cpp,9562,35,generator_specific,0,0,0,,,,0,16.497,cxx_add_to_sub:/mnt/scratch1/ardi/dsl_mut/HM-armc/mutation/lowered-cpp/lens_blur/lens_blur.halide_generated.cpp:9562:35,0,0
lens_blur,cxx_default_on_emitted_cpp,5eb72c8d,2,16,cxx_replace_scalar_call,lens_blur.halide_generated.cpp,12620,18,generator_specific,0,0,0,,,,0,16.336,cxx_replace_scalar_call:/mnt/scratch1/ardi/dsl_mut/HM-armc/mutation/lowered-cpp/lens_blur/lens_blur.halide_generated.cpp:12620:18,0,0
lens_blur,cxx_default_on_emitted_cpp,5eb72c8d,2,16,cxx_replace_scalar_call,lens_blur.halide_generated.cpp,5104,17,generator_specific,0,0,0,,,,0,16.230,cxx_replace_scalar_call:/mnt/scratch1/ardi/dsl_mut/HM-armc/mutation/lowered-cpp/lens_blur/lens_blur.halide_generated.cpp:5104:17,0,0
lens_blur,cxx_default_on_emitted_cpp,5eb72c8d,2,16,cxx_sub_to_add,lens_blur.halide_generated.cpp,4151,30,generator_specific,0,0,0,,,,0,16.257,cxx_sub_to_add:/mnt/scratch1/ardi/dsl_mut/HM-armc/mutation/lowered-cpp/lens_blur/lens_blur.halide_generated.cpp:4151:30,0,0
lens_blur,cxx_default_on_emitted_cpp,5eb72c8d,2,16,cxx_le_to_gt,lens_blur.halide_generated.cpp,13069,22,generator_specific,-6,1,,,,test1_demo,0,0.024,cxx_le_to_gt:/mnt/scratch1/ardi/dsl_mut/HM-armc/mutation/lowered-cpp/lens_blur/lens_blur.halide_generated.cpp:13069:22,0,1
lens_blur,cxx_default_on_emitted_cpp,5eb72c8d,2,16,cxx_add_to_sub,lens_blur.halide_generated.cpp,10541,38,generator_specific,0,0,0,,,,0,16.331,cxx_add_to_sub:/mnt/scratch1/ardi/dsl_mut/HM-armc/mutation/lowered-cpp/lens_blur/lens_blur.halide_generated.cpp:10541:38,0,0
lens_blur,cxx_default_on_emitted_cpp,5eb72c8d,2,16,cxx_add_to_sub,lens_blur.halide_generated.cpp,5547,27,generator_specific,0,0,0,,,,0,16.208,cxx_add_to_sub:/mnt/scratch1/ardi/dsl_mut/HM-armc/mutation/lowered-cpp/lens_blur/lens_blur.halide_generated.cpp:5547:27,0,0
lens_blur,cxx_default_on_emitted_cpp,5eb72c8d,2,16,cxx_add_to_sub,lens_blur.halide_generated.cpp,13948,27,generator_specific,0,0,1,,,test2_golden,0,16.492,cxx_add_to_sub:/mnt/scratch1/ardi/dsl_mut/HM-armc/mutation/lowered-cpp/lens_blur/lens_blur.halide_generated.cpp:13948:27,0,0
lens_blur,cxx_default_on_emitted_cpp,5eb72c8d,2,16,cxx_add_to_sub,lens_blur.halide_generated.cpp,5553,26,generator_specific,0,0,0,,,,0,16.308,cxx_add_to_sub:/mnt/scratch1/ardi/dsl_mut/HM-armc/mutation/lowered-cpp/lens_blur/lens_blur.halide_generated.cpp:5553:26,0,0
lens_blur,cxx_default_on_emitted_cpp,5eb72c8d,2,16,cxx_add_to_sub,lens_blur.halide_generated.cpp,11295,39,generator_specific,0,0,0,,,,0,16.521,cxx_add_to_sub:/mnt/scratch1/ardi/dsl_mut/HM-armc/mutation/lowered-cpp/lens_blur/lens_blur.halide_generated.cpp:11295:39,0,0
lens_blur,cxx_default_on_emitted_cpp,5eb72c8d,2,16,cxx_mul_to_div,lens_blur.halide_generated.cpp,5197,24,generator_specific,0,0,0,,,,0,16.314,cxx_mul_to_div:/mnt/scratch1/ardi/dsl_mut/HM-armc/mutation/lowered-cpp/lens_blur/lens_blur.halide_generated.cpp:5197:24,0,0
lens_blur,cxx_default_on_emitted_cpp,5eb72c8d,2,16,cxx_add_to_sub,lens_blur.halide_generated.cpp,7788,31,generator_specific,0,0,0,,,,0,16.274,cxx_add_to_sub:/mnt/scratch1/ardi/dsl_mut/HM-armc/mutation/lowered-cpp/lens_blur/lens_blur.halide_generated.cpp:7788:31,0,0
lens_blur,cxx_default_on_emitted_cpp,5eb72c8d,2,16,cxx_sub_to_add,lens_blur.halide_generated.cpp,9998,36,generator_specific,0,0,0,,,,0,16.297,cxx_sub_to_add:/mnt/scratch1/ardi/dsl_mut/HM-armc/mutation/lowered-cpp/lens_blur/lens_blur.halide_generated.cpp:9998:36,0,0
lens_blur,cxx_default_on_emitted_cpp,5eb72c8d,2,16,cxx_add_to_sub,lens_blur.halide_generated.cpp,7179,28,generator_specific,0,0,0,,,,0,16.418,cxx_add_to_sub:/mnt/scratch1/ardi/dsl_mut/HM-armc/mutation/lowered-cpp/lens_blur/lens_blur.halide_generated.cpp:7179:28,0,0
lens_blur,cxx_default_on_emitted_cpp,5eb72c8d,2,16,cxx_sub_to_add,lens_blur.halide_generated.cpp,10292,37,generator_specific,0,0,0,,,,0,16.115,cxx_sub_to_add:/mnt/scratch1/ardi/dsl_mut/HM-armc/mutation/lowered-cpp/lens_blur/lens_blur.halide_generated.cpp:10292:37,0,0
lens_blur,cxx_default_on_emitted_cpp,5eb72c8d,2,16,cxx_mul_to_div,lens_blur.halide_generated.cpp,6314,28,generator_specific,0,0,0,,,,0,16.282,cxx_mul_to_div:/mnt/scratch1/ardi/dsl_mut/HM-armc/mutation/lowered-cpp/lens_blur/lens_blur.halide_generated.cpp:6314:28,0,0
lens_blur,cxx_default_on_emitted_cpp,5eb72c8d,2,16,cxx_add_to_sub,lens_blur.halide_generated.cpp,10671,36,generator_specific,0,0,0,,,,0,16.906,cxx_add_to_sub:/mnt/scratch1/ardi/dsl_mut/HM-armc/mutation/lowered-cpp/lens_blur/lens_blur.halide_generated.cpp:10671:36,0,0
lens_blur,cxx_default_on_emitted_cpp,5eb72c8d,2,16,cxx_remove_void_call,lens_blur.halide_generated.cpp,3820,5,generator_specific,0,0,1,,,test2_golden,0,17.039,cxx_remove_void_call:/mnt/scratch1/ardi/dsl_mut/HM-armc/mutation/lowered-cpp/lens_blur/lens_blur.halide_generated.cpp:3820:5,0,0
lens_blur,cxx_default_on_emitted_cpp,5eb72c8d,2,16,cxx_add_to_sub,lens_blur.halide_generated.cpp,13778,26,generator_specific,0,0,0,,,,0,16.208,cxx_add_to_sub:/mnt/scratch1/ardi/dsl_mut/HM-armc/mutation/lowered-cpp/lens_blur/lens_blur.halide_generated.cpp:13778:26,0,0
lens_blur,cxx_default_on_emitted_cpp,5eb72c8d,2,16,cxx_mul_to_div,lens_blur.halide_generated.cpp,7043,28,generator_specific,0,0,0,,,,0,16.453,cxx_mul_to_div:/mnt/scratch1/ardi/dsl_mut/HM-armc/mutation/lowered-cpp/lens_blur/lens_blur.halide_generated.cpp:7043:28,0,0
lens_blur,cxx_default_on_emitted_cpp,5eb72c8d,2,16,cxx_post_inc_to_post_dec,lens_blur.halide_generated.cpp,7295,109,generator_specific,-11,1,,,,test1_demo,0,0.419,cxx_post_inc_to_post_dec:/mnt/scratch1/ardi/dsl_mut/HM-armc/mutation/lowered-cpp/lens_blur/lens_blur.halide_generated.cpp:7295:109,0,1
lens_blur,cxx_default_on_emitted_cpp,5eb72c8d,2,16,cxx_remove_void_call,lens_blur.halide_generated.cpp,4000,2,generator_specific,0,0,0,,,,0,16.399,cxx_remove_void_call:/mnt/scratch1/ardi/dsl_mut/HM-armc/mutation/lowered-cpp/lens_blur/lens_blur.halide_generated.cpp:4000:2,0,0
lens_blur,cxx_default_on_emitted_cpp,5eb72c8d,2,16,cxx_mul_to_div,lens_blur.halide_generated.cpp,12467,24,generator_specific,0,0,0,,,,0,16.280,cxx_mul_to_div:/mnt/scratch1/ardi/dsl_mut/HM-armc/mutation/lowered-cpp/lens_blur/lens_blur.halide_generated.cpp:12467:24,0,0
lens_blur,cxx_default_on_emitted_cpp,5eb72c8d,2,16,cxx_replace_scalar_call,lens_blur.halide_generated.cpp,3833,18,generator_specific,0,0,1,,,test2_golden,0,16.274,cxx_replace_scalar_call:/mnt/scratch1/ardi/dsl_mut/HM-armc/mutation/lowered-cpp/lens_blur/lens_blur.halide_generated.cpp:3833:18,0,0
lens_blur,cxx_default_on_emitted_cpp,5eb72c8d,2,16,cxx_add_to_sub,lens_blur.halide_generated.cpp,6387,31,generator_specific,0,0,0,,,,0,16.599,cxx_add_to_sub:/mnt/scratch1/ardi/dsl_mut/HM-armc/mutation/lowered-cpp/lens_blur/lens_blur.halide_generated.cpp:6387:31,0,0
lens_blur,cxx_default_on_emitted_cpp,5eb72c8d,2,16,cxx_add_to_sub,lens_blur.halide_generated.cpp,7221,28,generator_specific,0,0,0,,,,0,16.271,cxx_add_to_sub:/mnt/scratch1/ardi/dsl_mut/HM-armc/mutation/lowered-cpp/lens_blur/lens_blur.halide_generated.cpp:7221:28,0,0
lens_blur,cxx_default_on_emitted_cpp,5eb72c8d,2,16,cxx_add_to_sub,lens_blur.halide_generated.cpp,7161,29,generator_specific,0,0,0,,,,0,16.550,cxx_add_to_sub:/mnt/scratch1/ardi/dsl_mut/HM-armc/mutation/lowered-cpp/lens_blur/lens_blur.halide_generated.cpp:7161:29,0,0
lens_blur,cxx_default_on_emitted_cpp,5eb72c8d,2,16,cxx_gt_to_le,lens_blur.halide_generated.cpp,7741,19,generator_specific,-6,1,,,,test1_demo,0,0.603,cxx_gt_to_le:/mnt/scratch1/ardi/dsl_mut/HM-armc/mutation/lowered-cpp/lens_blur/lens_blur.halide_generated.cpp:7741:19,0,1
lens_blur,cxx_default_on_emitted_cpp,5eb72c8d,2,16,cxx_mul_to_div,lens_blur.halide_generated.cpp,10454,37,generator_specific,0,0,0,,,,0,16.439,cxx_mul_to_div:/mnt/scratch1/ardi/dsl_mut/HM-armc/mutation/lowered-cpp/lens_blur/lens_blur.halide_generated.cpp:10454:37,0,0
lens_blur,cxx_default_on_emitted_cpp,5eb72c8d,2,16,cxx_add_to_sub,lens_blur.halide_generated.cpp,7373,33,generator_specific,0,0,0,,,,0,16.533,cxx_add_to_sub:/mnt/scratch1/ardi/dsl_mut/HM-armc/mutation/lowered-cpp/lens_blur/lens_blur.halide_generated.cpp:7373:33,0,0
lens_blur,cxx_default_on_emitted_cpp,5eb72c8d,2,16,cxx_add_to_sub,lens_blur.halide_generated.cpp,6369,31,generator_specific,0,0,0,,,,0,16.322,cxx_add_to_sub:/mnt/scratch1/ardi/dsl_mut/HM-armc/mutation/lowered-cpp/lens_blur/lens_blur.halide_generated.cpp:6369:31,0,0
lens_blur,cxx_default_on_emitted_cpp,5eb72c8d,2,16,cxx_sub_to_add,lens_blur.halide_generated.cpp,5465,26,generator_specific,0,0,0,,,,0,16.723,cxx_sub_to_add:/mnt/scratch1/ardi/dsl_mut/HM-armc/mutation/lowered-cpp/lens_blur/lens_blur.halide_generated.cpp:5465:26,0,0
lens_blur,cxx_default_on_emitted_cpp,5eb72c8d,2,16,cxx_sub_to_add,lens_blur.halide_generated.cpp,10443,37,generator_specific,-11,1,,,,test1_demo,0,0.468,cxx_sub_to_add:/mnt/scratch1/ardi/dsl_mut/HM-armc/mutation/lowered-cpp/lens_blur/lens_blur.halide_generated.cpp:10443:37,0,1
lens_blur,cxx_default_on_emitted_cpp,5eb72c8d,2,16,cxx_sub_to_add,lens_blur.halide_generated.cpp,11063,38,generator_specific,0,0,0,,,,0,16.789,cxx_sub_to_add:/mnt/scratch1/ardi/dsl_mut/HM-armc/mutation/lowered-cpp/lens_blur/lens_blur.halide_generated.cpp:11063:38,0,0
lens_blur,cxx_default_on_emitted_cpp,5eb72c8d,2,16,cxx_mul_to_div,lens_blur.halide_generated.cpp,10004,36,generator_specific,0,0,1,,,test2_golden,0,16.672,cxx_mul_to_div:/mnt/scratch1/ardi/dsl_mut/HM-armc/mutation/lowered-cpp/lens_blur/lens_blur.halide_generated.cpp:10004:36,0,0
lens_blur,cxx_default_on_emitted_cpp,5eb72c8d,2,16,cxx_add_to_sub,lens_blur.halide_generated.cpp,11626,28,generator_specific,0,0,0,,,,0,16.590,cxx_add_to_sub:/mnt/scratch1/ardi/dsl_mut/HM-armc/mutation/lowered-cpp/lens_blur/lens_blur.halide_generated.cpp:11626:28,0,0
lens_blur,cxx_default_on_emitted_cpp,5eb72c8d,2,16,cxx_add_to_sub,lens_blur.halide_generated.cpp,12520,24,generator_specific,0,0,0,,,,0,16.722,cxx_add_to_sub:/mnt/scratch1/ardi/dsl_mut/HM-armc/mutation/lowered-cpp/lens_blur/lens_blur.halide_generated.cpp:12520:24,0,0
lens_blur,cxx_default_on_emitted_cpp,5eb72c8d,2,16,cxx_mul_to_div,lens_blur.halide_generated.cpp,12597,24,generator_specific,0,0,0,,,,0,16.557,cxx_mul_to_div:/mnt/scratch1/ardi/dsl_mut/HM-armc/mutation/lowered-cpp/lens_blur/lens_blur.halide_generated.cpp:12597:24,0,0
lens_blur,cxx_default_on_emitted_cpp,5eb72c8d,2,16,cxx_add_to_sub,lens_blur.halide_generated.cpp,14360,28,generator_specific,0,0,0,,,,0,16.599,cxx_add_to_sub:/mnt/scratch1/ardi/dsl_mut/HM-armc/mutation/lowered-cpp/lens_blur/lens_blur.halide_generated.cpp:14360:28,0,0
lens_blur,cxx_default_on_emitted_cpp,5eb72c8d,2,16,cxx_add_to_sub,lens_blur.halide_generated.cpp,7871,34,generator_specific,0,0,0,,,,0,16.780,cxx_add_to_sub:/mnt/scratch1/ardi/dsl_mut/HM-armc/mutation/lowered-cpp/lens_blur/lens_blur.halide_generated.cpp:7871:34,0,0
lens_blur,cxx_default_on_emitted_cpp,5eb72c8d,2,16,cxx_add_to_sub,lens_blur.halide_generated.cpp,7964,31,generator_specific,0,0,0,,,,0,16.314,cxx_add_to_sub:/mnt/scratch1/ardi/dsl_mut/HM-armc/mutation/lowered-cpp/lens_blur/lens_blur.halide_generated.cpp:7964:31,0,0
lens_blur,cxx_default_on_emitted_cpp,5eb72c8d,2,16,cxx_add_to_sub,lens_blur.halide_generated.cpp,6091,73,generator_specific,0,0,0,,,,0,16.621,cxx_add_to_sub:/mnt/scratch1/ardi/dsl_mut/HM-armc/mutation/lowered-cpp/lens_blur/lens_blur.halide_generated.cpp:6091:73,0,0
lens_blur,cxx_default_on_emitted_cpp,5eb72c8d,2,16,cxx_add_to_sub,lens_blur.halide_generated.cpp,8667,32,generator_specific,-6,1,,,,test1_demo,0,0.298,cxx_add_to_sub:/mnt/scratch1/ardi/dsl_mut/HM-armc/mutation/lowered-cpp/lens_blur/lens_blur.halide_generated.cpp:8667:32,0,1
lens_blur,cxx_default_on_emitted_cpp,5eb72c8d,2,16,cxx_mul_to_div,lens_blur.halide_generated.cpp,4500,32,generator_specific,0,0,0,,,,0,16.652,cxx_mul_to_div:/mnt/scratch1/ardi/dsl_mut/HM-armc/mutation/lowered-cpp/lens_blur/lens_blur.halide_generated.cpp:4500:32,0,0
lens_blur,cxx_default_on_emitted_cpp,5eb72c8d,2,16,cxx_add_to_sub,lens_blur.halide_generated.cpp,6394,31,generator_specific,0,0,0,,,,0,16.403,cxx_add_to_sub:/mnt/scratch1/ardi/dsl_mut/HM-armc/mutation/lowered-cpp/lens_blur/lens_blur.halide_generated.cpp:6394:31,0,0
lens_blur,cxx_default_on_emitted_cpp,5eb72c8d,2,16,cxx_lt_to_le,lens_blur.halide_generated.cpp,5593,77,generator_specific,-6,1,,,,test1_demo,0,0.363,cxx_lt_to_le:/mnt/scratch1/ardi/dsl_mut/HM-armc/mutation/lowered-cpp/lens_blur/lens_blur.halide_generated.cpp:5593:77,0,1
lens_blur,cxx_default_on_emitted_cpp,5eb72c8d,2,16,cxx_gt_to_le,lens_blur.halide_generated.cpp,10206,82,generator_specific,-6,1,,,,test1_demo,0,0.293,cxx_gt_to_le:/mnt/scratch1/ardi/dsl_mut/HM-armc/mutation/lowered-cpp/lens_blur/lens_blur.halide_generated.cpp:10206:82,0,1
lens_blur,cxx_default_on_emitted_cpp,5eb72c8d,2,16,cxx_sub_to_add,lens_blur.halide_generated.cpp,11025,36,generator_specific,0,0,0,,,,0,17.351,cxx_sub_to_add:/mnt/scratch1/ardi/dsl_mut/HM-armc/mutation/lowered-cpp/lens_blur/lens_blur.halide_generated.cpp:11025:36,0,0
lens_blur,cxx_default_on_emitted_cpp,5eb72c8d,2,16,cxx_add_to_sub,lens_blur.halide_generated.cpp,5597,26,generator_specific,0,0,0,,,,0,17.127,cxx_add_to_sub:/mnt/scratch1/ardi/dsl_mut/HM-armc/mutation/lowered-cpp/lens_blur/lens_blur.halide_generated.cpp:5597:26,0,0
lens_blur,cxx_default_on_emitted_cpp,5eb72c8d,2,16,cxx_eq_to_ne,lens_blur.halide_generated.cpp,2503,22,boilerplate,-6,1,,,,test1_demo,0,0.968,cxx_eq_to_ne:/mnt/scratch1/ardi/dsl_mut/HM-armc/mutation/lowered-cpp/lens_blur/lens_blur.halide_generated.cpp:2503:22,0,1
lens_blur,cxx_default_on_emitted_cpp,5eb72c8d,2,16,cxx_mul_to_div,lens_blur.halide_generated.cpp,10057,36,generator_specific,0,0,0,,,,0,16.425,cxx_mul_to_div:/mnt/scratch1/ardi/dsl_mut/HM-armc/mutation/lowered-cpp/lens_blur/lens_blur.halide_generated.cpp:10057:36,0,0
lens_blur,cxx_default_on_emitted_cpp,5eb72c8d,2,16,cxx_mul_to_div,lens_blur.halide_generated.cpp,8571,32,generator_specific,0,0,0,,,,0,16.430,cxx_mul_to_div:/mnt/scratch1/ardi/dsl_mut/HM-armc/mutation/lowered-cpp/lens_blur/lens_blur.halide_generated.cpp:8571:32,0,0
lens_blur,cxx_default_on_emitted_cpp,5eb72c8d,2,16,cxx_replace_scalar_call,lens_blur.halide_generated.cpp,11936,19,generator_specific,-6,1,,,,test1_demo,0,0.847,cxx_replace_scalar_call:/mnt/scratch1/ardi/dsl_mut/HM-armc/mutation/lowered-cpp/lens_blur/lens_blur.halide_generated.cpp:11936:19,0,1
lens_blur,cxx_default_on_emitted_cpp,5eb72c8d,2,16,cxx_add_to_sub,lens_blur.halide_generated.cpp,10064,36,generator_specific,0,0,0,,,,0,16.471,cxx_add_to_sub:/mnt/scratch1/ardi/dsl_mut/HM-armc/mutation/lowered-cpp/lens_blur/lens_blur.halide_generated.cpp:10064:36,0,0
lens_blur,cxx_default_on_emitted_cpp,5eb72c8d,2,16,cxx_sub_to_add,lens_blur.halide_generated.cpp,9533,35,generator_specific,-11,1,,,,test1_demo,0,0.321,cxx_sub_to_add:/mnt/scratch1/ardi/dsl_mut/HM-armc/mutation/lowered-cpp/lens_blur/lens_blur.halide_generated.cpp:9533:35,0,1
lens_blur,cxx_default_on_emitted_cpp,5eb72c8d,2,16,cxx_mul_to_div,lens_blur.halide_generated.cpp,9380,35,generator_specific,0,0,0,,,,0,17.125,cxx_mul_to_div:/mnt/scratch1/ardi/dsl_mut/HM-armc/mutation/lowered-cpp/lens_blur/lens_blur.halide_generated.cpp:9380:35,0,0
lens_blur,cxx_default_on_emitted_cpp,5eb72c8d,2,16,cxx_add_to_sub,lens_blur.halide_generated.cpp,8238,32,generator_specific,0,0,0,,,,0,17.519,cxx_add_to_sub:/mnt/scratch1/ardi/dsl_mut/HM-armc/mutation/lowered-cpp/lens_blur/lens_blur.halide_generated.cpp:8238:32,0,0
lens_blur,cxx_default_on_emitted_cpp,5eb72c8d,2,16,cxx_replace_scalar_call,lens_blur.halide_generated.cpp,5181,18,generator_specific,0,0,0,,,,0,16.930,cxx_replace_scalar_call:/mnt/scratch1/ardi/dsl_mut/HM-armc/mutation/lowered-cpp/lens_blur/lens_blur.halide_generated.cpp:5181:18,0,0
lens_blur,cxx_default_on_emitted_cpp,5eb72c8d,2,16,cxx_add_to_sub,lens_blur.halide_generated.cpp,9854,37,generator_specific,0,0,0,,,,0,16.362,cxx_add_to_sub:/mnt/scratch1/ardi/dsl_mut/HM-armc/mutation/lowered-cpp/lens_blur/lens_blur.halide_generated.cpp:9854:37,0,0
lens_blur,cxx_default_on_emitted_cpp,5eb72c8d,2,16,cxx_mul_to_div,lens_blur.halide_generated.cpp,4689,70,generator_specific,-6,1,,,,test1_demo,0,0.050,cxx_mul_to_div:/mnt/scratch1/ardi/dsl_mut/HM-armc/mutation/lowered-cpp/lens_blur/lens_blur.halide_generated.cpp:4689:70,0,1
lens_blur,cxx_default_on_emitted_cpp,5eb72c8d,2,16,cxx_add_to_sub,lens_blur.halide_generated.cpp,11764,29,generator_specific,0,0,0,,,,0,16.670,cxx_add_to_sub:/mnt/scratch1/ardi/dsl_mut/HM-armc/mutation/lowered-cpp/lens_blur/lens_blur.halide_generated.cpp:11764:29,0,0
lens_blur,cxx_default_on_emitted_cpp,5eb72c8d,2,16,cxx_mul_to_div,lens_blur.halide_generated.cpp,13412,54,generator_specific,0,0,0,,,,0,16.622,cxx_mul_to_div:/mnt/scratch1/ardi/dsl_mut/HM-armc/mutation/lowered-cpp/lens_blur/lens_blur.halide_generated.cpp:13412:54,0,0
lens_blur,cxx_default_on_emitted_cpp,5eb72c8d,2,16,cxx_add_to_sub,lens_blur.halide_generated.cpp,6722,27,generator_specific,0,0,0,,,,0,16.500,cxx_add_to_sub:/mnt/scratch1/ardi/dsl_mut/HM-armc/mutation/lowered-cpp/lens_blur/lens_blur.halide_generated.cpp:6722:27,0,0
lens_blur,cxx_default_on_emitted_cpp,5eb72c8d,2,16,cxx_mul_to_div,lens_blur.halide_generated.cpp,10899,38,generator_specific,0,0,0,,,,0,16.466,cxx_mul_to_div:/mnt/scratch1/ardi/dsl_mut/HM-armc/mutation/lowered-cpp/lens_blur/lens_blur.halide_generated.cpp:10899:38,0,0
lens_blur,cxx_default_on_emitted_cpp,5eb72c8d,2,16,cxx_le_to_gt,lens_blur.halide_generated.cpp,12912,22,generator_specific,0,0,1,,,test2_golden,0,0.043,cxx_le_to_gt:/mnt/scratch1/ardi/dsl_mut/HM-armc/mutation/lowered-cpp/lens_blur/lens_blur.halide_generated.cpp:12912:22,0,0
lens_blur,cxx_default_on_emitted_cpp,5eb72c8d,2,16,cxx_add_to_sub,lens_blur.halide_generated.cpp,11080,39,generator_specific,0,0,0,,,,0,16.660,cxx_add_to_sub:/mnt/scratch1/ardi/dsl_mut/HM-armc/mutation/lowered-cpp/lens_blur/lens_blur.halide_generated.cpp:11080:39,0,0
lens_blur,cxx_default_on_emitted_cpp,5eb72c8d,2,16,cxx_sub_to_add,lens_blur.halide_generated.cpp,8476,30,generator_specific,0,0,1,,,test2_golden,0,16.560,cxx_sub_to_add:/mnt/scratch1/ardi/dsl_mut/HM-armc/mutation/lowered-cpp/lens_blur/lens_blur.halide_generated.cpp:8476:30,0,0
lens_blur,cxx_default_on_emitted_cpp,5eb72c8d,2,16,cxx_add_to_sub,lens_blur.halide_generated.cpp,5819,27,generator_specific,0,0,0,,,,0,16.476,cxx_add_to_sub:/mnt/scratch1/ardi/dsl_mut/HM-armc/mutation/lowered-cpp/lens_blur/lens_blur.halide_generated.cpp:5819:27,0,0
lens_blur,cxx_default_on_emitted_cpp,5eb72c8d,2,16,cxx_mul_to_div,lens_blur.halide_generated.cpp,8363,33,generator_specific,0,0,0,,,,0,16.562,cxx_mul_to_div:/mnt/scratch1/ardi/dsl_mut/HM-armc/mutation/lowered-cpp/lens_blur/lens_blur.halide_generated.cpp:8363:33,0,0
lens_blur,cxx_default_on_emitted_cpp,5eb72c8d,2,16,cxx_add_to_sub,lens_blur.halide_generated.cpp,8639,31,generator_specific,0,0,0,,,,0,16.597,cxx_add_to_sub:/mnt/scratch1/ardi/dsl_mut/HM-armc/mutation/lowered-cpp/lens_blur/lens_blur.halide_generated.cpp:8639:31,0,0
lens_blur,cxx_default_on_emitted_cpp,5eb72c8d,2,16,cxx_add_to_sub,lens_blur.halide_generated.cpp,8047,32,generator_specific,0,0,0,,,,0,16.516,cxx_add_to_sub:/mnt/scratch1/ardi/dsl_mut/HM-armc/mutation/lowered-cpp/lens_blur/lens_blur.halide_generated.cpp:8047:32,0,0
lens_blur,cxx_default_on_emitted_cpp,5eb72c8d,2,16,cxx_add_to_sub,lens_blur.halide_generated.cpp,10177,35,generator_specific,0,0,0,,,,0,17.384,cxx_add_to_sub:/mnt/scratch1/ardi/dsl_mut/HM-armc/mutation/lowered-cpp/lens_blur/lens_blur.halide_generated.cpp:10177:35,0,0
lens_blur,cxx_default_on_emitted_cpp,5eb72c8d,2,16,cxx_mul_to_div,lens_blur.halide_generated.cpp,14216,28,generator_specific,0,0,0,,,,0,16.590,cxx_mul_to_div:/mnt/scratch1/ardi/dsl_mut/HM-armc/mutation/lowered-cpp/lens_blur/lens_blur.halide_generated.cpp:14216:28,0,0
lens_blur,cxx_default_on_emitted_cpp,5eb72c8d,2,16,cxx_add_to_sub,lens_blur.halide_generated.cpp,7669,28,generator_specific,0,0,0,,,,0,16.802,cxx_add_to_sub:/mnt/scratch1/ardi/dsl_mut/HM-armc/mutation/lowered-cpp/lens_blur/lens_blur.halide_generated.cpp:7669:28,0,0
lens_blur,cxx_default_on_emitted_cpp,5eb72c8d,2,16,cxx_replace_scalar_call,lens_blur.halide_generated.cpp,4677,19,generator_specific,0,0,1,,,test2_golden,0,16.448,cxx_replace_scalar_call:/mnt/scratch1/ardi/dsl_mut/HM-armc/mutation/lowered-cpp/lens_blur/lens_blur.halide_generated.cpp:4677:19,0,0
lens_blur,cxx_default_on_emitted_cpp,5eb72c8d,2,16,cxx_mul_to_div,lens_blur.halide_generated.cpp,9057,34,generator_specific,0,0,0,,,,0,16.439,cxx_mul_to_div:/mnt/scratch1/ardi/dsl_mut/HM-armc/mutation/lowered-cpp/lens_blur/lens_blur.halide_generated.cpp:9057:34,0,0
lens_blur,cxx_default_on_emitted_cpp,5eb72c8d,2,16,cxx_replace_scalar_call,lens_blur.halide_generated.cpp,12655,18,generator_specific,0,0,0,,,,0,16.601,cxx_replace_scalar_call:/mnt/scratch1/ardi/dsl_mut/HM-armc/mutation/lowered-cpp/lens_blur/lens_blur.halide_generated.cpp:12655:18,0,0
lens_blur,cxx_default_on_emitted_cpp,5eb72c8d,2,16,cxx_add_to_sub,lens_blur.halide_generated.cpp,3740,22,generator_specific,0,0,1,,,test2_golden,0,16.504,cxx_add_to_sub:/mnt/scratch1/ardi/dsl_mut/HM-armc/mutation/lowered-cpp/lens_blur/lens_blur.halide_generated.cpp:3740:22,0,0
lens_blur,cxx_default_on_emitted_cpp,5eb72c8d,2,16,cxx_mul_to_div,lens_blur.halide_generated.cpp,11556,28,generator_specific,0,0,0,,,,0,16.530,cxx_mul_to_div:/mnt/scratch1/ardi/dsl_mut/HM-armc/mutation/lowered-cpp/lens_blur/lens_blur.halide_generated.cpp:11556:28,0,0
lens_blur,cxx_default_on_emitted_cpp,5eb72c8d,2,16,cxx_mul_to_div,lens_blur.halide_generated.cpp,13761,26,generator_specific,0,0,0,,,,0,17.090,cxx_mul_to_div:/mnt/scratch1/ardi/dsl_mut/HM-armc/mutation/lowered-cpp/lens_blur/lens_blur.halide_generated.cpp:13761:26,0,0
lens_blur,cxx_default_on_emitted_cpp,5eb72c8d,2,16,cxx_mul_to_div,lens_blur.halide_generated.cpp,7406,30,generator_specific,0,0,0,,,,0,16.602,cxx_mul_to_div:/mnt/scratch1/ardi/dsl_mut/HM-armc/mutation/lowered-cpp/lens_blur/lens_blur.halide_generated.cpp:7406:30,0,0
lens_blur,cxx_default_on_emitted_cpp,5eb72c8d,2,16,cxx_add_to_sub,lens_blur.halide_generated.cpp,11467,25,generator_specific,0,0,1,,,test2_golden,0,16.684,cxx_add_to_sub:/mnt/scratch1/ardi/dsl_mut/HM-armc/mutation/lowered-cpp/lens_blur/lens_blur.halide_generated.cpp:11467:25,0,0
lens_blur,cxx_default_on_emitted_cpp,5eb72c8d,2,16,cxx_add_to_sub,lens_blur.halide_generated.cpp,7571,33,generator_specific,0,0,0,,,,0,16.683,cxx_add_to_sub:/mnt/scratch1/ardi/dsl_mut/HM-armc/mutation/lowered-cpp/lens_blur/lens_blur.halide_generated.cpp:7571:33,0,0
lens_blur,cxx_default_on_emitted_cpp,5eb72c8d,2,16,cxx_add_to_sub,lens_blur.halide_generated.cpp,5307,25,generator_specific,-6,1,,,,test1_demo,0,0.255,cxx_add_to_sub:/mnt/scratch1/ardi/dsl_mut/HM-armc/mutation/lowered-cpp/lens_blur/lens_blur.halide_generated.cpp:5307:25,0,1
lens_blur,cxx_default_on_emitted_cpp,5eb72c8d,2,16,cxx_add_to_sub,lens_blur.halide_generated.cpp,6516,31,generator_specific,0,0,0,,,,0,16.660,cxx_add_to_sub:/mnt/scratch1/ardi/dsl_mut/HM-armc/mutation/lowered-cpp/lens_blur/lens_blur.halide_generated.cpp:6516:31,0,0
lens_blur,cxx_default_on_emitted_cpp,5eb72c8d,2,16,cxx_sub_to_add,lens_blur.halide_generated.cpp,14431,29,generator_specific,0,0,1,,,test2_golden,0,16.487,cxx_sub_to_add:/mnt/scratch1/ardi/dsl_mut/HM-armc/mutation/lowered-cpp/lens_blur/lens_blur.halide_generated.cpp:14431:29,0,0
lens_blur,cxx_default_on_emitted_cpp,5eb72c8d,2,16,cxx_add_to_sub,lens_blur.halide_generated.cpp,11953,25,generator_specific,0,0,1,,,test2_golden,0,16.614,cxx_add_to_sub:/mnt/scratch1/ardi/dsl_mut/HM-armc/mutation/lowered-cpp/lens_blur/lens_blur.halide_generated.cpp:11953:25,0,0
lens_blur,cxx_default_on_emitted_cpp,5eb72c8d,2,16,cxx_sub_to_add,lens_blur.halide_generated.cpp,7411,30,generator_specific,0,0,0,,,,0,16.508,cxx_sub_to_add:/mnt/scratch1/ardi/dsl_mut/HM-armc/mutation/lowered-cpp/lens_blur/lens_blur.halide_generated.cpp:7411:30,0,0
lens_blur,cxx_default_on_emitted_cpp,5eb72c8d,2,16,cxx_add_to_sub,lens_blur.halide_generated.cpp,11485,25,generator_specific,-11,1,,,,test1_demo,0,0.388,cxx_add_to_sub:/mnt/scratch1/ardi/dsl_mut/HM-armc/mutation/lowered-cpp/lens_blur/lens_blur.halide_generated.cpp:11485:25,0,1
lens_blur,cxx_default_on_emitted_cpp,5eb72c8d,2,16,cxx_mul_to_div,lens_blur.halide_generated.cpp,10304,46,generator_specific,0,0,0,,,,0,16.609,cxx_mul_to_div:/mnt/scratch1/ardi/dsl_mut/HM-armc/mutation/lowered-cpp/lens_blur/lens_blur.halide_generated.cpp:10304:46,0,0
lens_blur,cxx_default_on_emitted_cpp,5eb72c8d,2,16,cxx_add_to_sub,lens_blur.halide_generated.cpp,12093,32,generator_specific,0,0,1,,,test2_golden,0,17.057,cxx_add_to_sub:/mnt/scratch1/ardi/dsl_mut/HM-armc/mutation/lowered-cpp/lens_blur/lens_blur.halide_generated.cpp:12093:32,0,0
lens_blur,cxx_default_on_emitted_cpp,5eb72c8d,2,16,cxx_mul_to_div,lens_blur.halide_generated.cpp,6208,26,generator_specific,0,0,0,,,,0,16.539,cxx_mul_to_div:/mnt/scratch1/ardi/dsl_mut/HM-armc/mutation/lowered-cpp/lens_blur/lens_blur.halide_generated.cpp:6208:26,0,0
lens_blur,cxx_default_on_emitted_cpp,5eb72c8d,2,16,cxx_add_to_sub,lens_blur.halide_generated.cpp,7103,32,generator_specific,0,0,0,,,,0,16.708,cxx_add_to_sub:/mnt/scratch1/ardi/dsl_mut/HM-armc/mutation/lowered-cpp/lens_blur/lens_blur.halide_generated.cpp:7103:32,0,0
lens_blur,cxx_default_on_emitted_cpp,5eb72c8d,2,16,cxx_replace_scalar_call,lens_blur.halide_generated.cpp,12747,18,generator_specific,-6,1,,,,test1_demo,0,0.012,cxx_replace_scalar_call:/mnt/scratch1/ardi/dsl_mut/HM-armc/mutation/lowered-cpp/lens_blur/lens_blur.halide_generated.cpp:12747:18,0,1
lens_blur,cxx_default_on_emitted_cpp,5eb72c8d,2,16,cxx_add_to_sub,lens_blur.halide_generated.cpp,12152,32,generator_specific,0,0,1,,,test2_golden,0,17.352,cxx_add_to_sub:/mnt/scratch1/ardi/dsl_mut/HM-armc/mutation/lowered-cpp/lens_blur/lens_blur.halide_generated.cpp:12152:32,0,0
lens_blur,cxx_default_on_emitted_cpp,5eb72c8d,2,16,cxx_add_to_sub,lens_blur.halide_generated.cpp,5642,29,generator_specific,-11,1,,,,test1_demo,0,0.390,cxx_add_to_sub:/mnt/scratch1/ardi/dsl_mut/HM-armc/mutation/lowered-cpp/lens_blur/lens_blur.halide_generated.cpp:5642:29,0,1
lens_blur,cxx_default_on_emitted_cpp,5eb72c8d,2,16,cxx_lt_to_le,lens_blur.halide_generated.cpp,4220,53,generator_specific,0,0,0,,,,0,16.744,cxx_lt_to_le:/mnt/scratch1/ardi/dsl_mut/HM-armc/mutation/lowered-cpp/lens_blur/lens_blur.halide_generated.cpp:4220:53,0,0
lens_blur,cxx_default_on_emitted_cpp,5eb72c8d,2,16,cxx_add_to_sub,lens_blur.halide_generated.cpp,6675,28,generator_specific,0,0,0,,,,0,16.557,cxx_add_to_sub:/mnt/scratch1/ardi/dsl_mut/HM-armc/mutation/lowered-cpp/lens_blur/lens_blur.halide_generated.cpp:6675:28,0,0
lens_blur,cxx_default_on_emitted_cpp,5eb72c8d,2,16,cxx_add_to_sub,lens_blur.halide_generated.cpp,7387,30,generator_specific,0,0,0,,,,0,16.778,cxx_add_to_sub:/mnt/scratch1/ardi/dsl_mut/HM-armc/mutation/lowered-cpp/lens_blur/lens_blur.halide_generated.cpp:7387:30,0,0
lens_blur,cxx_default_on_emitted_cpp,5eb72c8d,2,16,cxx_mul_to_div,lens_blur.halide_generated.cpp,10487,37,generator_specific,0,0,0,,,,0,16.772,cxx_mul_to_div:/mnt/scratch1/ardi/dsl_mut/HM-armc/mutation/lowered-cpp/lens_blur/lens_blur.halide_generated.cpp:10487:37,0,0
lens_blur,cxx_default_on_emitted_cpp,5eb72c8d,2,16,cxx_add_to_sub,lens_blur.halide_generated.cpp,14355,28,generator_specific,0,0,0,,,,0,17.186,cxx_add_to_sub:/mnt/scratch1/ardi/dsl_mut/HM-armc/mutation/lowered-cpp/lens_blur/lens_blur.halide_generated.cpp:14355:28,0,0
lens_blur,cxx_default_on_emitted_cpp,5eb72c8d,2,16,cxx_add_to_sub,lens_blur.halide_generated.cpp,6014,27,generator_specific,0,0,0,,,,0,17.127,cxx_add_to_sub:/mnt/scratch1/ardi/dsl_mut/HM-armc/mutation/lowered-cpp/lens_blur/lens_blur.halide_generated.cpp:6014:27,0,0
lens_blur,cxx_default_on_emitted_cpp,5eb72c8d,2,16,cxx_sub_to_add,lens_blur.halide_generated.cpp,7062,29,generator_specific,0,0,0,,,,0,17.008,cxx_sub_to_add:/mnt/scratch1/ardi/dsl_mut/HM-armc/mutation/lowered-cpp/lens_blur/lens_blur.halide_generated.cpp:7062:29,0,0
lens_blur,cxx_default_on_emitted_cpp,5eb72c8d,2,16,cxx_sub_to_add,lens_blur.halide_generated.cpp,3737,22,generator_specific,0,0,1,,,test2_golden,0,16.596,cxx_sub_to_add:/mnt/scratch1/ardi/dsl_mut/HM-armc/mutation/lowered-cpp/lens_blur/lens_blur.halide_generated.cpp:3737:22,0,0
lens_blur,cxx_default_on_emitted_cpp,5eb72c8d,2,16,cxx_add_to_sub,lens_blur.halide_generated.cpp,10686,38,generator_specific,0,0,0,,,,0,17.036,cxx_add_to_sub:/mnt/scratch1/ardi/dsl_mut/HM-armc/mutation/lowered-cpp/lens_blur/lens_blur.halide_generated.cpp:10686:38,0,0
lens_blur,cxx_default_on_emitted_cpp,5eb72c8d,2,16,cxx_add_to_sub,lens_blur.halide_generated.cpp,10871,38,generator_specific,0,0,0,,,,0,16.593,cxx_add_to_sub:/mnt/scratch1/ardi/dsl_mut/HM-armc/mutation/lowered-cpp/lens_blur/lens_blur.halide_generated.cpp:10871:38,0,0
lens_blur,cxx_default_on_emitted_cpp,5eb72c8d,2,16,cxx_lt_to_ge,lens_blur.halide_generated.cpp,8499,74,generator_specific,0,0,0,,,,0,18.175,cxx_lt_to_ge:/mnt/scratch1/ardi/dsl_mut/HM-armc/mutation/lowered-cpp/lens_blur/lens_blur.halide_generated.cpp:8499:74,0,0
lens_blur,cxx_default_on_emitted_cpp,5eb72c8d,2,16,cxx_lt_to_ge,lens_blur.halide_generated.cpp,11523,58,generator_specific,0,0,0,,,,0,16.927,cxx_lt_to_ge:/mnt/scratch1/ardi/dsl_mut/HM-armc/mutation/lowered-cpp/lens_blur/lens_blur.halide_generated.cpp:11523:58,0,0
lens_blur,cxx_default_on_emitted_cpp,5eb72c8d,2,16,cxx_add_to_sub,lens_blur.halide_generated.cpp,9484,36,generator_specific,0,0,0,,,,0,17.084,cxx_add_to_sub:/mnt/scratch1/ardi/dsl_mut/HM-armc/mutation/lowered-cpp/lens_blur/lens_blur.halide_generated.cpp:9484:36,0,0
lens_blur,cxx_default_on_emitted_cpp,5eb72c8d,2,16,cxx_mul_to_div,lens_blur.halide_generated.cpp,6861,29,generator_specific,0,0,0,,,,0,16.648,cxx_mul_to_div:/mnt/scratch1/ardi/dsl_mut/HM-armc/mutation/lowered-cpp/lens_blur/lens_blur.halide_generated.cpp:6861:29,0,0
lens_blur,cxx_default_on_emitted_cpp,5eb72c8d,2,16,cxx_add_to_sub,lens_blur.halide_generated.cpp,5772,25,generator_specific,0,0,0,,,,0,16.600,cxx_add_to_sub:/mnt/scratch1/ardi/dsl_mut/HM-armc/mutation/lowered-cpp/lens_blur/lens_blur.halide_generated.cpp:5772:25,0,0
lens_blur,cxx_default_on_emitted_cpp,5eb72c8d,2,16,cxx_add_to_sub,lens_blur.halide_generated.cpp,10125,36,generator_specific,0,0,0,,,,0,16.642,cxx_add_to_sub:/mnt/scratch1/ardi/dsl_mut/HM-armc/mutation/lowered-cpp/lens_blur/lens_blur.halide_generated.cpp:10125:36,0,0
lens_blur,cxx_default_on_emitted_cpp,5eb72c8d,2,16,cxx_add_to_sub,lens_blur.halide_generated.cpp,6801,29,generator_specific,0,0,0,,,,0,17.395,cxx_add_to_sub:/mnt/scratch1/ardi/dsl_mut/HM-armc/mutation/lowered-cpp/lens_blur/lens_blur.halide_generated.cpp:6801:29,0,0
lens_blur,cxx_default_on_emitted_cpp,5eb72c8d,2,16,cxx_sub_to_add,lens_blur.halide_generated.cpp,11564,29,generator_specific,0,0,0,,,,0,17.082,cxx_sub_to_add:/mnt/scratch1/ardi/dsl_mut/HM-armc/mutation/lowered-cpp/lens_blur/lens_blur.halide_generated.cpp:11564:29,0,0
lens_blur,cxx_default_on_emitted_cpp,5eb72c8d,2,16,cxx_add_to_sub,lens_blur.halide_generated.cpp,4305,26,generator_specific,0,0,1,,,test2_golden,0,16.563,cxx_add_to_sub:/mnt/scratch1/ardi/dsl_mut/HM-armc/mutation/lowered-cpp/lens_blur/lens_blur.halide_generated.cpp:4305:26,0,0
lens_blur,cxx_default_on_emitted_cpp,5eb72c8d,2,16,cxx_gt_to_ge,lens_blur.halide_generated.cpp,5783,27,generator_specific,0,0,0,,,,0,16.816,cxx_gt_to_ge:/mnt/scratch1/ardi/dsl_mut/HM-armc/mutation/lowered-cpp/lens_blur/lens_blur.halide_generated.cpp:5783:27,0,0
lens_blur,cxx_default_on_emitted_cpp,5eb72c8d,2,16,cxx_add_to_sub,lens_blur.halide_generated.cpp,7232,28,generator_specific,0,0,0,,,,0,16.555,cxx_add_to_sub:/mnt/scratch1/ardi/dsl_mut/HM-armc/mutation/lowered-cpp/lens_blur/lens_blur.halide_generated.cpp:7232:28,0,0
lens_blur,cxx_default_on_emitted_cpp,5eb72c8d,2,16,cxx_lt_to_ge,lens_blur.halide_generated.cpp,6810,71,generator_specific,0,0,0,,,,0,17.904,cxx_lt_to_ge:/mnt/scratch1/ardi/dsl_mut/HM-armc/mutation/lowered-cpp/lens_blur/lens_blur.halide_generated.cpp:6810:71,0,0
lens_blur,cxx_default_on_emitted_cpp,5eb72c8d,2,16,cxx_add_to_sub,lens_blur.halide_generated.cpp,6224,26,generator_specific,0,0,0,,,,0,16.436,cxx_add_to_sub:/mnt/scratch1/ardi/dsl_mut/HM-armc/mutation/lowered-cpp/lens_blur/lens_blur.halide_generated.cpp:6224:26,0,0
lens_blur,cxx_default_on_emitted_cpp,5eb72c8d,2,16,cxx_sub_to_add,lens_blur.halide_generated.cpp,4542,30,generator_specific,0,0,0,,,,0,14.405,cxx_sub_to_add:/mnt/scratch1/ardi/dsl_mut/HM-armc/mutation/lowered-cpp/lens_blur/lens_blur.halide_generated.cpp:4542:30,0,0
lens_blur,cxx_default_on_emitted_cpp,5eb72c8d,2,16,cxx_add_to_sub,lens_blur.halide_generated.cpp,9489,35,generator_specific,0,0,0,,,,0,14.304,cxx_add_to_sub:/mnt/scratch1/ardi/dsl_mut/HM-armc/mutation/lowered-cpp/lens_blur/lens_blur.halide_generated.cpp:9489:35,0,0
lens_blur,cxx_default_on_emitted_cpp,5eb72c8d,2,16,cxx_mul_to_div,lens_blur.halide_generated.cpp,12508,24,generator_specific,0,0,0,,,,0,14.547,cxx_mul_to_div:/mnt/scratch1/ardi/dsl_mut/HM-armc/mutation/lowered-cpp/lens_blur/lens_blur.halide_generated.cpp:12508:24,0,0
lens_blur,cxx_default_on_emitted_cpp,5eb72c8d,2,16,cxx_add_to_sub,lens_blur.halide_generated.cpp,9063,35,generator_specific,0,0,0,,,,0,14.574,cxx_add_to_sub:/mnt/scratch1/ardi/dsl_mut/HM-armc/mutation/lowered-cpp/lens_blur/lens_blur.halide_generated.cpp:9063:35,0,0
lens_blur,cxx_default_on_emitted_cpp,5eb72c8d,2,16,cxx_replace_scalar_call,lens_blur.halide_generated.cpp,12574,18,generator_specific,0,0,0,,,,0,15.151,cxx_replace_scalar_call:/mnt/scratch1/ardi/dsl_mut/HM-armc/mutation/lowered-cpp/lens_blur/lens_blur.halide_generated.cpp:12574:18,0,0
lens_blur,cxx_default_on_emitted_cpp,5eb72c8d,2,16,cxx_add_to_sub,lens_blur.halide_generated.cpp,9869,37,generator_specific,0,0,0,,,,0,14.932,cxx_add_to_sub:/mnt/scratch1/ardi/dsl_mut/HM-armc/mutation/lowered-cpp/lens_blur/lens_blur.halide_generated.cpp:9869:37,0,0
lens_blur,cxx_default_on_emitted_cpp,5eb72c8d,2,16,cxx_add_to_sub,lens_blur.halide_generated.cpp,10753,39,generator_specific,0,0,0,,,,0,14.175,cxx_add_to_sub:/mnt/scratch1/ardi/dsl_mut/HM-armc/mutation/lowered-cpp/lens_blur/lens_blur.halide_generated.cpp:10753:39,0,0
lens_blur,cxx_default_on_emitted_cpp,5eb72c8d,2,16,cxx_add_to_sub,lens_blur.halide_generated.cpp,7371,31,generator_specific,0,0,0,,,,0,14.613,cxx_add_to_sub:/mnt/scratch1/ardi/dsl_mut/HM-armc/mutation/lowered-cpp/lens_blur/lens_blur.halide_generated.cpp:7371:31,0,0
lens_blur,cxx_default_on_emitted_cpp,5eb72c8d,2,16,cxx_add_to_sub,lens_blur.halide_generated.cpp,10085,37,generator_specific,0,0,0,,,,0,15.364,cxx_add_to_sub:/mnt/scratch1/ardi/dsl_mut/HM-armc/mutation/lowered-cpp/lens_blur/lens_blur.halide_generated.cpp:10085:37,0,0
lens_blur,cxx_default_on_emitted_cpp,5eb72c8d,2,16,cxx_replace_scalar_call,lens_blur.halide_generated.cpp,13031,20,generator_specific,0,0,0,,,,0,15.621,cxx_replace_scalar_call:/mnt/scratch1/ardi/dsl_mut/HM-armc/mutation/lowered-cpp/lens_blur/lens_blur.halide_generated.cpp:13031:20,0,0
lens_blur,cxx_default_on_emitted_cpp,5eb72c8d,2,16,cxx_add_to_sub,lens_blur.halide_generated.cpp,13622,26,generator_specific,0,0,0,,,,0,15.101,cxx_add_to_sub:/mnt/scratch1/ardi/dsl_mut/HM-armc/mutation/lowered-cpp/lens_blur/lens_blur.halide_generated.cpp:13622:26,0,0
lens_blur,cxx_default_on_emitted_cpp,5eb72c8d,2,16,cxx_remove_void_call,lens_blur.halide_generated.cpp,10861,17,generator_specific,0,0,0,,,,0,14.942,cxx_remove_void_call:/mnt/scratch1/ardi/dsl_mut/HM-armc/mutation/lowered-cpp/lens_blur/lens_blur.halide_generated.cpp:10861:17,0,0
lens_blur,cxx_default_on_emitted_cpp,5eb72c8d,2,16,cxx_sub_to_add,lens_blur.halide_generated.cpp,9815,36,generator_specific,0,0,0,,,,0,14.891,cxx_sub_to_add:/mnt/scratch1/ardi/dsl_mut/HM-armc/mutation/lowered-cpp/lens_blur/lens_blur.halide_generated.cpp:9815:36,0,0
lens_blur,cxx_default_on_emitted_cpp,5eb72c8d,2,16,cxx_mul_to_div,lens_blur.halide_generated.cpp,9071,34,generator_specific,0,0,0,,,,0,15.547,cxx_mul_to_div:/mnt/scratch1/ardi/dsl_mut/HM-armc/mutation/lowered-cpp/lens_blur/lens_blur.halide_generated.cpp:9071:34,0,0
lens_blur,cxx_default_on_emitted_cpp,5eb72c8d,2,16,cxx_sub_to_add,lens_blur.halide_generated.cpp,5294,24,generator_specific,0,0,0,,,,0,15.032,cxx_sub_to_add:/mnt/scratch1/ardi/dsl_mut/HM-armc/mutation/lowered-cpp/lens_blur/lens_blur.halide_generated.cpp:5294:24,0,0
lens_blur,cxx_default_on_emitted_cpp,5eb72c8d,2,16,cxx_add_to_sub,lens_blur.halide_generated.cpp,14162,28,generator_specific,0,0,0,,,,0,14.759,cxx_add_to_sub:/mnt/scratch1/ardi/dsl_mut/HM-armc/mutation/lowered-cpp/lens_blur/lens_blur.halide_generated.cpp:14162:28,0,0
lens_blur,cxx_default_on_emitted_cpp,5eb72c8d,2,16,cxx_mul_to_div,lens_blur.halide_generated.cpp,10123,36,generator_specific,0,0,0,,,,0,16.228,cxx_mul_to_div:/mnt/scratch1/ardi/dsl_mut/HM-armc/mutation/lowered-cpp/lens_blur/lens_blur.halide_generated.cpp:10123:36,0,0
lens_blur,cxx_default_on_emitted_cpp,5eb72c8d,2,16,cxx_mul_to_div,lens_blur.halide_generated.cpp,9035,34,generator_specific,0,0,0,,,,0,15.332,cxx_mul_to_div:/mnt/scratch1/ardi/dsl_mut/HM-armc/mutation/lowered-cpp/lens_blur/lens_blur.halide_generated.cpp:9035:34,0,0
lens_blur,cxx_default_on_emitted_cpp,5eb72c8d,2,16,cxx_gt_to_ge,lens_blur.halide_generated.cpp,9749,36,generator_specific,0,0,0,,,,0,16.058,cxx_gt_to_ge:/mnt/scratch1/ardi/dsl_mut/HM-armc/mutation/lowered-cpp/lens_blur/lens_blur.halide_generated.cpp:9749:36,0,0
lens_blur,cxx_default_on_emitted_cpp,5eb72c8d,2,16,cxx_replace_scalar_call,lens_blur.halide_generated.cpp,5211,18,generator_specific,0,0,0,,,,0,14.529,cxx_replace_scalar_call:/mnt/scratch1/ardi/dsl_mut/HM-armc/mutation/lowered-cpp/lens_blur/lens_blur.halide_generated.cpp:5211:18,0,0
lens_blur,cxx_default_on_emitted_cpp,5eb72c8d,2,16,cxx_mul_to_div,lens_blur.halide_generated.cpp,10520,37,generator_specific,0,0,0,,,,0,14.760,cxx_mul_to_div:/mnt/scratch1/ardi/dsl_mut/HM-armc/mutation/lowered-cpp/lens_blur/lens_blur.halide_generated.cpp:10520:37,0,0
lens_blur,cxx_default_on_emitted_cpp,5eb72c8d,2,16,cxx_mul_to_div,lens_blur.halide_generated.cpp,12130,30,generator_specific,0,0,1,,,test2_golden,0,15.123,cxx_mul_to_div:/mnt/scratch1/ardi/dsl_mut/HM-armc/mutation/lowered-cpp/lens_blur/lens_blur.halide_generated.cpp:12130:30,0,0
lens_blur,cxx_default_on_emitted_cpp,5eb72c8d,2,16,cxx_add_to_sub,lens_blur.halide_generated.cpp,7082,32,generator_specific,0,0,0,,,,0,15.405,cxx_add_to_sub:/mnt/scratch1/ardi/dsl_mut/HM-armc/mutation/lowered-cpp/lens_blur/lens_blur.halide_generated.cpp:7082:32,0,0
lens_blur,cxx_default_on_emitted_cpp,5eb72c8d,2,16,cxx_add_to_sub,lens_blur.halide_generated.cpp,6237,26,generator_specific,0,0,0,,,,0,14.853,cxx_add_to_sub:/mnt/scratch1/ardi/dsl_mut/HM-armc/mutation/lowered-cpp/lens_blur/lens_blur.halide_generated.cpp:6237:26,0,0
lens_blur,cxx_default_on_emitted_cpp,5eb72c8d,2,16,cxx_lt_to_le,lens_blur.halide_generated.cpp,5067,19,generator_specific,0,0,0,,,,0,14.689,cxx_lt_to_le:/mnt/scratch1/ardi/dsl_mut/HM-armc/mutation/lowered-cpp/lens_blur/lens_blur.halide_generated.cpp:5067:19,0,0
lens_blur,cxx_default_on_emitted_cpp,5eb72c8d,2,16,cxx_add_to_sub,lens_blur.halide_generated.cpp,12922,26,generator_specific,0,0,0,,,,0,15.010,cxx_add_to_sub:/mnt/scratch1/ardi/dsl_mut/HM-armc/mutation/lowered-cpp/lens_blur/lens_blur.halide_generated.cpp:12922:26,0,0
lens_blur,cxx_default_on_emitted_cpp,5eb72c8d,2,16,cxx_replace_scalar_call,lens_blur.halide_generated.cpp,12703,18,generator_specific,0,0,0,,,,0,14.723,cxx_replace_scalar_call:/mnt/scratch1/ardi/dsl_mut/HM-armc/mutation/lowered-cpp/lens_blur/lens_blur.halide_generated.cpp:12703:18,0,0
lens_blur,cxx_default_on_emitted_cpp,5eb72c8d,2,16,cxx_mul_to_div,lens_blur.halide_generated.cpp,4852,29,generator_specific,0,0,0,,,,0,15.832,cxx_mul_to_div:/mnt/scratch1/ardi/dsl_mut/HM-armc/mutation/lowered-cpp/lens_blur/lens_blur.halide_generated.cpp:4852:29,0,0
lens_blur,cxx_default_on_emitted_cpp,5eb72c8d,2,16,cxx_add_to_sub,lens_blur.halide_generated.cpp,7996,34,generator_specific,0,0,1,,,test2_golden,0,15.789,cxx_add_to_sub:/mnt/scratch1/ardi/dsl_mut/HM-armc/mutation/lowered-cpp/lens_blur/lens_blur.halide_generated.cpp:7996:34,0,0
lens_blur,cxx_default_on_emitted_cpp,5eb72c8d,2,16,cxx_add_to_sub,lens_blur.halide_generated.cpp,10073,36,generator_specific,0,0,0,,,,0,15.535,cxx_add_to_sub:/mnt/scratch1/ardi/dsl_mut/HM-armc/mutation/lowered-cpp/lens_blur/lens_blur.halide_generated.cpp:10073:36,0,0
lens_blur,cxx_default_on_emitted_cpp,5eb72c8d,2,16,cxx_add_to_sub,lens_blur.halide_generated.cpp,8714,33,generator_specific,0,0,0,,,,0,15.849,cxx_add_to_sub:/mnt/scratch1/ardi/dsl_mut/HM-armc/mutation/lowered-cpp/lens_blur/lens_blur.halide_generated.cpp:8714:33,0,0
lens_blur,cxx_default_on_emitted_cpp,5eb72c8d,2,16,cxx_add_to_sub,lens_blur.halide_generated.cpp,6892,32,generator_specific,0,0,0,,,,0,15.475,cxx_add_to_sub:/mnt/scratch1/ardi/dsl_mut/HM-armc/mutation/lowered-cpp/lens_blur/lens_blur.halide_generated.cpp:6892:32,0,0
lens_blur,cxx_default_on_emitted_cpp,5eb72c8d,2,16,cxx_add_to_sub,lens_blur.halide_generated.cpp,5708,24,generator_specific,0,0,0,,,,0,15.854,cxx_add_to_sub:/mnt/scratch1/ardi/dsl_mut/HM-armc/mutation/lowered-cpp/lens_blur/lens_blur.halide_generated.cpp:5708:24,0,0
lens_blur,cxx_default_on_emitted_cpp,5eb72c8d,2,16,cxx_sub_to_add,lens_blur.halide_generated.cpp,6085,27,generator_specific,0,0,0,,,,0,16.176,cxx_sub_to_add:/mnt/scratch1/ardi/dsl_mut/HM-armc/mutation/lowered-cpp/lens_blur/lens_blur.halide_generated.cpp:6085:27,0,0
lens_blur,cxx_default_on_emitted_cpp,5eb72c8d,2,16,cxx_replace_scalar_call,lens_blur.halide_generated.cpp,12422,18,generator_specific,0,0,1,,,test2_golden,0,15.559,cxx_replace_scalar_call:/mnt/scratch1/ardi/dsl_mut/HM-armc/mutation/lowered-cpp/lens_blur/lens_blur.halide_generated.cpp:12422:18,0,0
lens_blur,cxx_default_on_emitted_cpp,5eb72c8d,2,16,cxx_replace_scalar_call,lens_blur.halide_generated.cpp,5299,18,generator_specific,0,0,0,,,,0,15.667,cxx_replace_scalar_call:/mnt/scratch1/ardi/dsl_mut/HM-armc/mutation/lowered-cpp/lens_blur/lens_blur.halide_generated.cpp:5299:18,0,0
lens_blur,cxx_default_on_emitted_cpp,5eb72c8d,2,16,cxx_post_inc_to_post_dec,lens_blur.halide_generated.cpp,9571,81,generator_specific,-9,1,,,,test1_demo,1,98.625,cxx_post_inc_to_post_dec:/mnt/scratch1/ardi/dsl_mut/HM-armc/mutation/lowered-cpp/lens_blur/lens_blur.halide_generated.cpp:9571:81,0,0
lens_blur,cxx_default_on_emitted_cpp,5eb72c8d,3,16,cxx_le_to_gt,lens_blur.halide_generated.cpp,13129,22,generator_specific,-6,1,,,,test1_demo,0,0.014,cxx_le_to_gt:/mnt/scratch1/ardi/dsl_mut/HM-armc/mutation/lowered-cpp/lens_blur/lens_blur.halide_generated.cpp:13129:22,0,1
lens_blur,cxx_default_on_emitted_cpp,5eb72c8d,3,16,cxx_gt_to_le,lens_blur.halide_generated.cpp,4290,72,generator_specific,-6,1,,,,test1_demo,0,0.040,cxx_gt_to_le:/mnt/scratch1/ardi/dsl_mut/HM-armc/mutation/lowered-cpp/lens_blur/lens_blur.halide_generated.cpp:4290:72,0,1
lens_blur,cxx_default_on_emitted_cpp,5eb72c8d,3,16,cxx_mul_to_div,lens_blur.halide_generated.cpp,5308,25,generator_specific,-6,1,,,,test1_demo,0,0.234,cxx_mul_to_div:/mnt/scratch1/ardi/dsl_mut/HM-armc/mutation/lowered-cpp/lens_blur/lens_blur.halide_generated.cpp:5308:25,0,1
lens_blur,cxx_default_on_emitted_cpp,5eb72c8d,3,16,cxx_post_inc_to_post_dec,lens_blur.halide_generated.cpp,11071,84,generator_specific,-11,1,,,,test1_demo,0,0.235,cxx_post_inc_to_post_dec:/mnt/scratch1/ardi/dsl_mut/HM-armc/mutation/lowered-cpp/lens_blur/lens_blur.halide_generated.cpp:11071:84,0,1
lens_blur,cxx_default_on_emitted_cpp,5eb72c8d,3,16,cxx_sub_to_add,lens_blur.halide_generated.cpp,13706,26,generator_specific,-11,1,,,,test1_demo,0,0.226,cxx_sub_to_add:/mnt/scratch1/ardi/dsl_mut/HM-armc/mutation/lowered-cpp/lens_blur/lens_blur.halide_generated.cpp:13706:26,0,1
lens_blur,cxx_default_on_emitted_cpp,5eb72c8d,3,16,cxx_add_to_sub,lens_blur.halide_generated.cpp,6121,30,generator_specific,-11,1,,,,test1_demo,0,0.243,cxx_add_to_sub:/mnt/scratch1/ardi/dsl_mut/HM-armc/mutation/lowered-cpp/lens_blur/lens_blur.halide_generated.cpp:6121:30,0,1
lens_blur,cxx_default_on_emitted_cpp,5eb72c8d,3,16,cxx_add_to_sub,lens_blur.halide_generated.cpp,11248,38,generator_specific,-11,1,,,,test1_demo,0,0.269,cxx_add_to_sub:/mnt/scratch1/ardi/dsl_mut/HM-armc/mutation/lowered-cpp/lens_blur/lens_blur.halide_generated.cpp:11248:38,0,1
lens_blur,cxx_default_on_emitted_cpp,5eb72c8d,3,16,cxx_post_inc_to_post_dec,lens_blur.halide_generated.cpp,8708,78,generator_specific,-11,1,,,,test1_demo,0,0.248,cxx_post_inc_to_post_dec:/mnt/scratch1/ardi/dsl_mut/HM-armc/mutation/lowered-cpp/lens_blur/lens_blur.halide_generated.cpp:8708:78,0,1
lens_blur,cxx_default_on_emitted_cpp,5eb72c8d,3,16,cxx_add_to_sub,lens_blur.halide_generated.cpp,5687,29,generator_specific,-11,1,,,,test1_demo,0,0.261,cxx_add_to_sub:/mnt/scratch1/ardi/dsl_mut/HM-armc/mutation/lowered-cpp/lens_blur/lens_blur.halide_generated.cpp:5687:29,0,1
lens_blur,cxx_default_on_emitted_cpp,5eb72c8d,3,16,cxx_sub_to_add,lens_blur.halide_generated.cpp,5830,27,generator_specific,-11,1,,,,test1_demo,0,0.251,cxx_sub_to_add:/mnt/scratch1/ardi/dsl_mut/HM-armc/mutation/lowered-cpp/lens_blur/lens_blur.halide_generated.cpp:5830:27,0,1
lens_blur,cxx_default_on_emitted_cpp,5eb72c8d,3,16,cxx_sub_to_add,lens_blur.halide_generated.cpp,8179,31,generator_specific,-6,1,,,,test1_demo,0,0.248,cxx_sub_to_add:/mnt/scratch1/ardi/dsl_mut/HM-armc/mutation/lowered-cpp/lens_blur/lens_blur.halide_generated.cpp:8179:31,0,1
lens_blur,cxx_default_on_emitted_cpp,5eb72c8d,3,16,cxx_ne_to_eq,lens_blur.halide_generated.cpp,9303,24,generator_specific,-6,1,,,,test1_demo,0,0.246,cxx_ne_to_eq:/mnt/scratch1/ardi/dsl_mut/HM-armc/mutation/lowered-cpp/lens_blur/lens_blur.halide_generated.cpp:9303:24,0,1
lens_blur,cxx_default_on_emitted_cpp,5eb72c8d,3,16,cxx_gt_to_le,lens_blur.halide_generated.cpp,3358,25,boilerplate,-11,1,,,,test1_demo,0,0.619,cxx_gt_to_le:/mnt/scratch1/ardi/dsl_mut/HM-armc/mutation/lowered-cpp/lens_blur/lens_blur.halide_generated.cpp:3358:25,0,1
lens_blur,cxx_default_on_emitted_cpp,5eb72c8d,3,16,cxx_sub_to_add,lens_blur.halide_generated.cpp,9363,35,generator_specific,0,0,1,,,test2_golden,0,15.242,cxx_sub_to_add:/mnt/scratch1/ardi/dsl_mut/HM-armc/mutation/lowered-cpp/lens_blur/lens_blur.halide_generated.cpp:9363:35,0,0
lens_blur,cxx_default_on_emitted_cpp,5eb72c8d,3,16,cxx_mul_to_div,lens_blur.halide_generated.cpp,7623,30,generator_specific,0,0,0,,,,0,15.295,cxx_mul_to_div:/mnt/scratch1/ardi/dsl_mut/HM-armc/mutation/lowered-cpp/lens_blur/lens_blur.halide_generated.cpp:7623:30,0,0
lens_blur,cxx_default_on_emitted_cpp,5eb72c8d,3,16,cxx_add_to_sub,lens_blur.halide_generated.cpp,8896,33,generator_specific,0,0,0,,,,0,15.323,cxx_add_to_sub:/mnt/scratch1/ardi/dsl_mut/HM-armc/mutation/lowered-cpp/lens_blur/lens_blur.halide_generated.cpp:8896:33,0,0
lens_blur,cxx_default_on_emitted_cpp,5eb72c8d,3,16,cxx_mul_to_div,lens_blur.halide_generated.cpp,9587,35,generator_specific,0,0,0,,,,0,15.274,cxx_mul_to_div:/mnt/scratch1/ardi/dsl_mut/HM-armc/mutation/lowered-cpp/lens_blur/lens_blur.halide_generated.cpp:9587:35,0,0
lens_blur,cxx_default_on_emitted_cpp,5eb72c8d,3,16,cxx_add_to_sub,lens_blur.halide_generated.cpp,5093,22,generator_specific,0,0,0,,,,0,15.342,cxx_add_to_sub:/mnt/scratch1/ardi/dsl_mut/HM-armc/mutation/lowered-cpp/lens_blur/lens_blur.halide_generated.cpp:5093:22,0,0
lens_blur,cxx_default_on_emitted_cpp,5eb72c8d,3,16,cxx_sub_to_add,lens_blur.halide_generated.cpp,4767,30,generator_specific,0,0,0,,,,0,15.337,cxx_sub_to_add:/mnt/scratch1/ardi/dsl_mut/HM-armc/mutation/lowered-cpp/lens_blur/lens_blur.halide_generated.cpp:4767:30,0,0
lens_blur,cxx_default_on_emitted_cpp,5eb72c8d,3,16,cxx_gt_to_ge,lens_blur.halide_generated.cpp,13077,23,generator_specific,0,0,0,,,,0,15.333,cxx_gt_to_ge:/mnt/scratch1/ardi/dsl_mut/HM-armc/mutation/lowered-cpp/lens_blur/lens_blur.halide_generated.cpp:13077:23,0,0
lens_blur,cxx_default_on_emitted_cpp,5eb72c8d,3,16,cxx_sub_to_add,lens_blur.halide_generated.cpp,12714,24,generator_specific,0,0,0,,,,0,15.342,cxx_sub_to_add:/mnt/scratch1/ardi/dsl_mut/HM-armc/mutation/lowered-cpp/lens_blur/lens_blur.halide_generated.cpp:12714:24,0,0
lens_blur,cxx_default_on_emitted_cpp,5eb72c8d,3,16,cxx_sub_to_add,lens_blur.halide_generated.cpp,10666,37,generator_specific,0,0,0,,,,0,15.352,cxx_sub_to_add:/mnt/scratch1/ardi/dsl_mut/HM-armc/mutation/lowered-cpp/lens_blur/lens_blur.halide_generated.cpp:10666:37,0,0
lens_blur,cxx_default_on_emitted_cpp,5eb72c8d,3,16,cxx_add_to_sub,lens_blur.halide_generated.cpp,6716,27,generator_specific,0,0,0,,,,0,15.374,cxx_add_to_sub:/mnt/scratch1/ardi/dsl_mut/HM-armc/mutation/lowered-cpp/lens_blur/lens_blur.halide_generated.cpp:6716:27,0,0
lens_blur,cxx_default_on_emitted_cpp,5eb72c8d,3,16,cxx_add_to_sub,lens_blur.halide_generated.cpp,13586,26,generator_specific,0,0,0,,,,0,15.384,cxx_add_to_sub:/mnt/scratch1/ardi/dsl_mut/HM-armc/mutation/lowered-cpp/lens_blur/lens_blur.halide_generated.cpp:13586:26,0,0
lens_blur,cxx_default_on_emitted_cpp,5eb72c8d,3,16,cxx_gt_to_le,lens_blur.halide_generated.cpp,4081,72,generator_specific,-6,1,,,,test1_demo,0,0.051,cxx_gt_to_le:/mnt/scratch1/ardi/dsl_mut/HM-armc/mutation/lowered-cpp/lens_blur/lens_blur.halide_generated.cpp:4081:72,0,1
lens_blur,cxx_default_on_emitted_cpp,5eb72c8d,3,16,cxx_add_to_sub,lens_blur.halide_generated.cpp,9658,36,generator_specific,0,0,1,,,test2_golden,0,15.391,cxx_add_to_sub:/mnt/scratch1/ardi/dsl_mut/HM-armc/mutation/lowered-cpp/lens_blur/lens_blur.halide_generated.cpp:9658:36,0,0
lens_blur,cxx_default_on_emitted_cpp,5eb72c8d,3,16,cxx_replace_scalar_call,lens_blur.halide_generated.cpp,12478,18,generator_specific,0,0,0,,,,0,15.391,cxx_replace_scalar_call:/mnt/scratch1/ardi/dsl_mut/HM-armc/mutation/lowered-cpp/lens_blur/lens_blur.halide_generated.cpp:12478:18,0,0
lens_blur,cxx_default_on_emitted_cpp,5eb72c8d,3,16,cxx_add_to_sub,lens_blur.halide_generated.cpp,8486,87,generator_specific,0,0,1,,,test2_golden,0,15.418,cxx_add_to_sub:/mnt/scratch1/ardi/dsl_mut/HM-armc/mutation/lowered-cpp/lens_blur/lens_blur.halide_generated.cpp:8486:87,0,0
lens_blur,cxx_default_on_emitted_cpp,5eb72c8d,3,16,cxx_mul_to_div,lens_blur.halide_generated.cpp,5606,46,generator_specific,0,0,0,,,,0,15.434,cxx_mul_to_div:/mnt/scratch1/ardi/dsl_mut/HM-armc/mutation/lowered-cpp/lens_blur/lens_blur.halide_generated.cpp:5606:46,0,0
lens_blur,cxx_default_on_emitted_cpp,5eb72c8d,3,16,cxx_add_to_sub,lens_blur.halide_generated.cpp,11685,28,generator_specific,0,0,0,,,,0,15.424,cxx_add_to_sub:/mnt/scratch1/ardi/dsl_mut/HM-armc/mutation/lowered-cpp/lens_blur/lens_blur.halide_generated.cpp:11685:28,0,0
lens_blur,cxx_default_on_emitted_cpp,5eb72c8d,3,16,cxx_add_to_sub,lens_blur.halide_generated.cpp,5515,27,generator_specific,0,0,0,,,,0,15.424,cxx_add_to_sub:/mnt/scratch1/ardi/dsl_mut/HM-armc/mutation/lowered-cpp/lens_blur/lens_blur.halide_generated.cpp:5515:27,0,0
lens_blur,cxx_default_on_emitted_cpp,5eb72c8d,3,16,cxx_mul_to_div,lens_blur.halide_generated.cpp,9282,33,generator_specific,0,0,0,,,,0,15.455,cxx_mul_to_div:/mnt/scratch1/ardi/dsl_mut/HM-armc/mutation/lowered-cpp/lens_blur/lens_blur.halide_generated.cpp:9282:33,0,0
lens_blur,cxx_default_on_emitted_cpp,5eb72c8d,3,16,cxx_add_to_sub,lens_blur.halide_generated.cpp,10171,34,generator_specific,0,0,0,,,,0,15.480,cxx_add_to_sub:/mnt/scratch1/ardi/dsl_mut/HM-armc/mutation/lowered-cpp/lens_blur/lens_blur.halide_generated.cpp:10171:34,0,0
lens_blur,cxx_default_on_emitted_cpp,5eb72c8d,3,16,cxx_add_to_sub,lens_blur.halide_generated.cpp,11122,39,generator_specific,0,0,0,,,,0,15.436,cxx_add_to_sub:/mnt/scratch1/ardi/dsl_mut/HM-armc/mutation/lowered-cpp/lens_blur/lens_blur.halide_generated.cpp:11122:39,0,0
lens_blur,cxx_default_on_emitted_cpp,5eb72c8d,3,16,cxx_add_to_sub,lens_blur.halide_generated.cpp,13956,27,generator_specific,0,0,0,,,,0,15.442,cxx_add_to_sub:/mnt/scratch1/ardi/dsl_mut/HM-armc/mutation/lowered-cpp/lens_blur/lens_blur.halide_generated.cpp:13956:27,0,0
lens_blur,cxx_default_on_emitted_cpp,5eb72c8d,3,16,cxx_add_to_sub,lens_blur.halide_generated.cpp,9395,36,generator_specific,0,0,0,,,,0,15.473,cxx_add_to_sub:/mnt/scratch1/ardi/dsl_mut/HM-armc/mutation/lowered-cpp/lens_blur/lens_blur.halide_generated.cpp:9395:36,0,0
lens_blur,cxx_default_on_emitted_cpp,5eb72c8d,3,16,cxx_add_to_sub,lens_blur.halide_generated.cpp,7803,32,generator_specific,0,0,0,,,,0,15.496,cxx_add_to_sub:/mnt/scratch1/ardi/dsl_mut/HM-armc/mutation/lowered-cpp/lens_blur/lens_blur.halide_generated.cpp:7803:32,0,0
lens_blur,cxx_default_on_emitted_cpp,5eb72c8d,3,16,cxx_add_to_sub,lens_blur.halide_generated.cpp,7023,30,generator_specific,0,0,0,,,,0,15.295,cxx_add_to_sub:/mnt/scratch1/ardi/dsl_mut/HM-armc/mutation/lowered-cpp/lens_blur/lens_blur.halide_generated.cpp:7023:30,0,0
lens_blur,cxx_default_on_emitted_cpp,5eb72c8d,3,16,cxx_mul_to_div,lens_blur.halide_generated.cpp,13950,27,generator_specific,0,0,1,,,test2_golden,0,15.557,cxx_mul_to_div:/mnt/scratch1/ardi/dsl_mut/HM-armc/mutation/lowered-cpp/lens_blur/lens_blur.halide_generated.cpp:13950:27,0,0
lens_blur,cxx_default_on_emitted_cpp,5eb72c8d,3,16,cxx_replace_scalar_call,lens_blur.halide_generated.cpp,12625,18,generator_specific,0,0,0,,,,0,15.570,cxx_replace_scalar_call:/mnt/scratch1/ardi/dsl_mut/HM-armc/mutation/lowered-cpp/lens_blur/lens_blur.halide_generated.cpp:12625:18,0,0
lens_blur,cxx_default_on_emitted_cpp,5eb72c8d,3,16,cxx_add_to_sub,lens_blur.halide_generated.cpp,7203,27,generator_specific,0,0,0,,,,0,15.570,cxx_add_to_sub:/mnt/scratch1/ardi/dsl_mut/HM-armc/mutation/lowered-cpp/lens_blur/lens_blur.halide_generated.cpp:7203:27,0,0
lens_blur,cxx_default_on_emitted_cpp,5eb72c8d,3,16,cxx_add_to_sub,lens_blur.halide_generated.cpp,3742,23,generator_specific,0,0,1,,,test2_golden,0,15.591,cxx_add_to_sub:/mnt/scratch1/ardi/dsl_mut/HM-armc/mutation/lowered-cpp/lens_blur/lens_blur.halide_generated.cpp:3742:23,0,0
lens_blur,cxx_default_on_emitted_cpp,5eb72c8d,3,16,cxx_add_to_sub,lens_blur.halide_generated.cpp,5704,27,generator_specific,-11,1,,,,test1_demo,0,0.292,cxx_add_to_sub:/mnt/scratch1/ardi/dsl_mut/HM-armc/mutation/lowered-cpp/lens_blur/lens_blur.halide_generated.cpp:5704:27,0,1
lens_blur,cxx_default_on_emitted_cpp,5eb72c8d,3,16,cxx_mul_to_div,lens_blur.halide_generated.cpp,8182,77,generator_specific,0,0,0,,,,0,15.604,cxx_mul_to_div:/mnt/scratch1/ardi/dsl_mut/HM-armc/mutation/lowered-cpp/lens_blur/lens_blur.halide_generated.cpp:8182:77,0,0
lens_blur,cxx_default_on_emitted_cpp,5eb72c8d,3,16,cxx_add_to_sub,lens_blur.halide_generated.cpp,8568,35,generator_specific,0,0,0,,,,0,15.583,cxx_add_to_sub:/mnt/scratch1/ardi/dsl_mut/HM-armc/mutation/lowered-cpp/lens_blur/lens_blur.halide_generated.cpp:8568:35,0,0
lens_blur,cxx_default_on_emitted_cpp,5eb72c8d,3,16,cxx_mul_to_div,lens_blur.halide_generated.cpp,7844,31,generator_specific,0,0,0,,,,0,15.406,cxx_mul_to_div:/mnt/scratch1/ardi/dsl_mut/HM-armc/mutation/lowered-cpp/lens_blur/lens_blur.halide_generated.cpp:7844:31,0,0
lens_blur,cxx_default_on_emitted_cpp,5eb72c8d,3,16,cxx_mul_to_div,lens_blur.halide_generated.cpp,10547,37,generator_specific,0,0,0,,,,0,15.646,cxx_mul_to_div:/mnt/scratch1/ardi/dsl_mut/HM-armc/mutation/lowered-cpp/lens_blur/lens_blur.halide_generated.cpp:10547:37,0,0
lens_blur,cxx_default_on_emitted_cpp,5eb72c8d,3,16,cxx_add_to_sub,lens_blur.halide_generated.cpp,3753,25,generator_specific,0,0,1,,,test2_golden,0,15.707,cxx_add_to_sub:/mnt/scratch1/ardi/dsl_mut/HM-armc/mutation/lowered-cpp/lens_blur/lens_blur.halide_generated.cpp:3753:25,0,0
lens_blur,cxx_default_on_emitted_cpp,5eb72c8d,3,16,cxx_mul_to_div,lens_blur.halide_generated.cpp,10495,37,generator_specific,0,0,0,,,,0,15.681,cxx_mul_to_div:/mnt/scratch1/ardi/dsl_mut/HM-armc/mutation/lowered-cpp/lens_blur/lens_blur.halide_generated.cpp:10495:37,0,0
lens_blur,cxx_default_on_emitted_cpp,5eb72c8d,3,16,cxx_add_to_sub,lens_blur.halide_generated.cpp,9614,36,generator_specific,0,0,0,,,,0,15.669,cxx_add_to_sub:/mnt/scratch1/ardi/dsl_mut/HM-armc/mutation/lowered-cpp/lens_blur/lens_blur.halide_generated.cpp:9614:36,0,0
lens_blur,cxx_default_on_emitted_cpp,5eb72c8d,3,16,cxx_div_to_mul,lens_blur.halide_generated.cpp,4396,29,generator_specific,0,0,0,,,,0,15.686,cxx_div_to_mul:/mnt/scratch1/ardi/dsl_mut/HM-armc/mutation/lowered-cpp/lens_blur/lens_blur.halide_generated.cpp:4396:29,0,0
lens_blur,cxx_default_on_emitted_cpp,5eb72c8d,3,16,cxx_add_to_sub,lens_blur.halide_generated.cpp,6923,29,generator_specific,0,0,0,,,,0,15.706,cxx_add_to_sub:/mnt/scratch1/ardi/dsl_mut/HM-armc/mutation/lowered-cpp/lens_blur/lens_blur.halide_generated.cpp:6923:29,0,0
lens_blur,cxx_default_on_emitted_cpp,5eb72c8d,3,16,cxx_add_to_sub,lens_blur.halide_generated.cpp,10066,37,generator_specific,0,0,0,,,,0,15.496,cxx_add_to_sub:/mnt/scratch1/ardi/dsl_mut/HM-armc/mutation/lowered-cpp/lens_blur/lens_blur.halide_generated.cpp:10066:37,0,0
lens_blur,cxx_default_on_emitted_cpp,5eb72c8d,3,16,cxx_add_to_sub,lens_blur.halide_generated.cpp,11144,39,generator_specific,0,0,0,,,,0,15.716,cxx_add_to_sub:/mnt/scratch1/ardi/dsl_mut/HM-armc/mutation/lowered-cpp/lens_blur/lens_blur.halide_generated.cpp:11144:39,0,0
lens_blur,cxx_default_on_emitted_cpp,5eb72c8d,3,16,cxx_sub_to_add,lens_blur.halide_generated.cpp,6559,26,generator_specific,0,0,0,,,,0,15.738,cxx_sub_to_add:/mnt/scratch1/ardi/dsl_mut/HM-armc/mutation/lowered-cpp/lens_blur/lens_blur.halide_generated.cpp:6559:26,0,0
lens_blur,cxx_default_on_emitted_cpp,5eb72c8d,3,16,cxx_add_to_sub,lens_blur.halide_generated.cpp,5198,24,generator_specific,0,0,0,,,,0,15.669,cxx_add_to_sub:/mnt/scratch1/ardi/dsl_mut/HM-armc/mutation/lowered-cpp/lens_blur/lens_blur.halide_generated.cpp:5198:24,0,0
lens_blur,cxx_default_on_emitted_cpp,5eb72c8d,3,16,cxx_replace_scalar_call,lens_blur.halide_generated.cpp,12855,20,generator_specific,0,0,0,,,,0,15.755,cxx_replace_scalar_call:/mnt/scratch1/ardi/dsl_mut/HM-armc/mutation/lowered-cpp/lens_blur/lens_blur.halide_generated.cpp:12855:20,0,0
lens_blur,cxx_default_on_emitted_cpp,5eb72c8d,3,16,cxx_add_to_sub,lens_blur.halide_generated.cpp,9261,32,generator_specific,0,0,0,,,,0,15.775,cxx_add_to_sub:/mnt/scratch1/ardi/dsl_mut/HM-armc/mutation/lowered-cpp/lens_blur/lens_blur.halide_generated.cpp:9261:32,0,0
lens_blur,cxx_default_on_emitted_cpp,5eb72c8d,3,16,cxx_replace_scalar_call,lens_blur.halide_generated.cpp,12650,18,generator_specific,0,0,0,,,,0,15.798,cxx_replace_scalar_call:/mnt/scratch1/ardi/dsl_mut/HM-armc/mutation/lowered-cpp/lens_blur/lens_blur.halide_generated.cpp:12650:18,0,0
lens_blur,cxx_default_on_emitted_cpp,5eb72c8d,3,16,cxx_add_to_sub,lens_blur.halide_generated.cpp,5694,29,generator_specific,-11,1,,,,test1_demo,0,0.368,cxx_add_to_sub:/mnt/scratch1/ardi/dsl_mut/HM-armc/mutation/lowered-cpp/lens_blur/lens_blur.halide_generated.cpp:5694:29,0,1
lens_blur,cxx_default_on_emitted_cpp,5eb72c8d,3,16,cxx_add_to_sub,lens_blur.halide_generated.cpp,4821,62,generator_specific,0,0,0,,,,0,15.570,cxx_add_to_sub:/mnt/scratch1/ardi/dsl_mut/HM-armc/mutation/lowered-cpp/lens_blur/lens_blur.halide_generated.cpp:4821:62,0,0
lens_blur,cxx_default_on_emitted_cpp,5eb72c8d,3,16,cxx_add_to_sub,lens_blur.halide_generated.cpp,3786,23,generator_specific,0,0,1,,,test2_golden,0,15.575,cxx_add_to_sub:/mnt/scratch1/ardi/dsl_mut/HM-armc/mutation/lowered-cpp/lens_blur/lens_blur.halide_generated.cpp:3786:23,0,0
lens_blur,cxx_default_on_emitted_cpp,5eb72c8d,3,16,cxx_post_inc_to_post_dec,lens_blur.halide_generated.cpp,12027,125,generator_specific,-11,1,,,,test1_demo,0,0.449,cxx_post_inc_to_post_dec:/mnt/scratch1/ardi/dsl_mut/HM-armc/mutation/lowered-cpp/lens_blur/lens_blur.halide_generated.cpp:12027:125,0,1
lens_blur,cxx_default_on_emitted_cpp,5eb72c8d,3,16,cxx_add_to_sub,lens_blur.halide_generated.cpp,5883,30,generator_specific,-11,1,,,,test1_demo,0,0.238,cxx_add_to_sub:/mnt/scratch1/ardi/dsl_mut/HM-armc/mutation/lowered-cpp/lens_blur/lens_blur.halide_generated.cpp:5883:30,0,1
lens_blur,cxx_default_on_emitted_cpp,5eb72c8d,3,16,cxx_mul_to_div,lens_blur.halide_generated.cpp,10117,36,generator_specific,0,0,0,,,,0,15.591,cxx_mul_to_div:/mnt/scratch1/ardi/dsl_mut/HM-armc/mutation/lowered-cpp/lens_blur/lens_blur.halide_generated.cpp:10117:36,0,0
lens_blur,cxx_default_on_emitted_cpp,5eb72c8d,3,16,cxx_add_to_sub,lens_blur.halide_generated.cpp,11180,39,generator_specific,0,0,1,,,test2_golden,0,15.682,cxx_add_to_sub:/mnt/scratch1/ardi/dsl_mut/HM-armc/mutation/lowered-cpp/lens_blur/lens_blur.halide_generated.cpp:11180:39,0,0
lens_blur,cxx_default_on_emitted_cpp,5eb72c8d,3,16,cxx_add_to_sub,lens_blur.halide_generated.cpp,9900,36,generator_specific,0,0,0,,,,0,16.005,cxx_add_to_sub:/mnt/scratch1/ardi/dsl_mut/HM-armc/mutation/lowered-cpp/lens_blur/lens_blur.halide_generated.cpp:9900:36,0,0
lens_blur,cxx_default_on_emitted_cpp,5eb72c8d,3,16,cxx_add_to_sub,lens_blur.halide_generated.cpp,11562,31,generator_specific,-11,1,,,,test1_demo,0,0.385,cxx_add_to_sub:/mnt/scratch1/ardi/dsl_mut/HM-armc/mutation/lowered-cpp/lens_blur/lens_blur.halide_generated.cpp:11562:31,0,1
lens_blur,cxx_default_on_emitted_cpp,5eb72c8d,3,16,cxx_add_to_sub,lens_blur.halide_generated.cpp,5498,27,generator_specific,0,0,0,,,,0,15.851,cxx_add_to_sub:/mnt/scratch1/ardi/dsl_mut/HM-armc/mutation/lowered-cpp/lens_blur/lens_blur.halide_generated.cpp:5498:27,0,0
lens_blur,cxx_default_on_emitted_cpp,5eb72c8d,3,16,cxx_add_to_sub,lens_blur.halide_generated.cpp,6824,30,generator_specific,0,0,0,,,,0,16.110,cxx_add_to_sub:/mnt/scratch1/ardi/dsl_mut/HM-armc/mutation/lowered-cpp/lens_blur/lens_blur.halide_generated.cpp:6824:30,0,0
lens_blur,cxx_default_on_emitted_cpp,5eb72c8d,3,16,cxx_mul_to_div,lens_blur.halide_generated.cpp,8838,79,generator_specific,0,0,0,,,,0,15.947,cxx_mul_to_div:/mnt/scratch1/ardi/dsl_mut/HM-armc/mutation/lowered-cpp/lens_blur/lens_blur.halide_generated.cpp:8838:79,0,0
lens_blur,cxx_default_on_emitted_cpp,5eb72c8d,3,16,cxx_add_to_sub,lens_blur.halide_generated.cpp,6650,31,generator_specific,0,0,0,,,,0,15.369,cxx_add_to_sub:/mnt/scratch1/ardi/dsl_mut/HM-armc/mutation/lowered-cpp/lens_blur/lens_blur.halide_generated.cpp:6650:31,0,0
lens_blur,cxx_default_on_emitted_cpp,5eb72c8d,3,16,cxx_gt_to_ge,lens_blur.halide_generated.cpp,7247,18,generator_specific,0,0,0,,,,0,16.361,cxx_gt_to_ge:/mnt/scratch1/ardi/dsl_mut/HM-armc/mutation/lowered-cpp/lens_blur/lens_blur.halide_generated.cpp:7247:18,0,0
lens_blur,cxx_default_on_emitted_cpp,5eb72c8d,3,16,cxx_add_to_sub,lens_blur.halide_generated.cpp,12267,34,generator_specific,-11,1,,,,test1_demo,0,0.484,cxx_add_to_sub:/mnt/scratch1/ardi/dsl_mut/HM-armc/mutation/lowered-cpp/lens_blur/lens_blur.halide_generated.cpp:12267:34,0,1
lens_blur,cxx_default_on_emitted_cpp,5eb72c8d,3,16,cxx_add_to_sub,lens_blur.halide_generated.cpp,8165,29,generator_specific,-11,1,,,,test1_demo,0,0.377,cxx_add_to_sub:/mnt/scratch1/ardi/dsl_mut/HM-armc/mutation/lowered-cpp/lens_blur/lens_blur.halide_generated.cpp:8165:29,0,1
lens_blur,cxx_default_on_emitted_cpp,5eb72c8d,3,16,cxx_add_to_sub,lens_blur.halide_generated.cpp,4669,33,generator_specific,-11,1,,,,test1_demo,0,0.024,cxx_add_to_sub:/mnt/scratch1/ardi/dsl_mut/HM-armc/mutation/lowered-cpp/lens_blur/lens_blur.halide_generated.cpp:4669:33,0,1
lens_blur,cxx_default_on_emitted_cpp,5eb72c8d,3,16,cxx_replace_scalar_call,lens_blur.halide_generated.cpp,5261,18,generator_specific,0,0,0,,,,0,14.304,cxx_replace_scalar_call:/mnt/scratch1/ardi/dsl_mut/HM-armc/mutation/lowered-cpp/lens_blur/lens_blur.halide_generated.cpp:5261:18,0,0
lens_blur,cxx_default_on_emitted_cpp,5eb72c8d,3,16,cxx_eq_to_ne,lens_blur.halide_generated.cpp,13554,23,generator_specific,0,0,1,,,test2_golden,0,0.079,cxx_eq_to_ne:/mnt/scratch1/ardi/dsl_mut/HM-armc/mutation/lowered-cpp/lens_blur/lens_blur.halide_generated.cpp:13554:23,0,0
lens_blur,cxx_default_on_emitted_cpp,5eb72c8d,3,16,cxx_add_to_sub,lens_blur.halide_generated.cpp,7625,30,generator_specific,0,0,0,,,,0,15.220,cxx_add_to_sub:/mnt/scratch1/ardi/dsl_mut/HM-armc/mutation/lowered-cpp/lens_blur/lens_blur.halide_generated.cpp:7625:30,0,0
lens_blur,cxx_default_on_emitted_cpp,5eb72c8d,3,16,cxx_add_to_sub,lens_blur.halide_generated.cpp,10226,35,generator_specific,0,0,0,,,,0,15.325,cxx_add_to_sub:/mnt/scratch1/ardi/dsl_mut/HM-armc/mutation/lowered-cpp/lens_blur/lens_blur.halide_generated.cpp:10226:35,0,0
lens_blur,cxx_default_on_emitted_cpp,5eb72c8d,3,16,cxx_mul_to_div,lens_blur.halide_generated.cpp,13690,26,generator_specific,0,0,0,,,,0,15.415,cxx_mul_to_div:/mnt/scratch1/ardi/dsl_mut/HM-armc/mutation/lowered-cpp/lens_blur/lens_blur.halide_generated.cpp:13690:26,0,0
lens_blur,cxx_default_on_emitted_cpp,5eb72c8d,3,16,cxx_remove_void_call,lens_blur.halide_generated.cpp,11830,2,generator_specific,0,0,0,,,,0,15.328,cxx_remove_void_call:/mnt/scratch1/ardi/dsl_mut/HM-armc/mutation/lowered-cpp/lens_blur/lens_blur.halide_generated.cpp:11830:2,0,0
lens_blur,cxx_default_on_emitted_cpp,5eb72c8d,3,16,cxx_remove_void_call,lens_blur.halide_generated.cpp,6552,7,generator_specific,0,0,0,,,,0,15.288,cxx_remove_void_call:/mnt/scratch1/ardi/dsl_mut/HM-armc/mutation/lowered-cpp/lens_blur/lens_blur.halide_generated.cpp:6552:7,0,0
lens_blur,cxx_default_on_emitted_cpp,5eb72c8d,3,16,cxx_mul_to_div,lens_blur.halide_generated.cpp,5464,26,generator_specific,0,0,0,,,,0,15.351,cxx_mul_to_div:/mnt/scratch1/ardi/dsl_mut/HM-armc/mutation/lowered-cpp/lens_blur/lens_blur.halide_generated.cpp:5464:26,0,0
lens_blur,cxx_default_on_emitted_cpp,5eb72c8d,3,16,cxx_add_to_sub,lens_blur.halide_generated.cpp,5105,22,generator_specific,0,0,1,,,test2_golden,0,15.404,cxx_add_to_sub:/mnt/scratch1/ardi/dsl_mut/HM-armc/mutation/lowered-cpp/lens_blur/lens_blur.halide_generated.cpp:5105:22,0,0
lens_blur,cxx_default_on_emitted_cpp,5eb72c8d,3,16,cxx_replace_scalar_call,lens_blur.halide_generated.cpp,2508,22,boilerplate,-6,1,,,,test1_demo,0,0.024,cxx_replace_scalar_call:/mnt/scratch1/ardi/dsl_mut/HM-armc/mutation/lowered-cpp/lens_blur/lens_blur.halide_generated.cpp:2508:22,0,1
lens_blur,cxx_default_on_emitted_cpp,5eb72c8d,3,16,cxx_lt_to_ge,lens_blur.halide_generated.cpp,4611,53,generator_specific,0,0,1,,,test2_golden,0,15.367,cxx_lt_to_ge:/mnt/scratch1/ardi/dsl_mut/HM-armc/mutation/lowered-cpp/lens_blur/lens_blur.halide_generated.cpp:4611:53,0,0
lens_blur,cxx_default_on_emitted_cpp,5eb72c8d,3,16,cxx_add_to_sub,lens_blur.halide_generated.cpp,6652,28,generator_specific,0,0,0,,,,0,15.460,cxx_add_to_sub:/mnt/scratch1/ardi/dsl_mut/HM-armc/mutation/lowered-cpp/lens_blur/lens_blur.halide_generated.cpp:6652:28,0,0
lens_blur,cxx_default_on_emitted_cpp,5eb72c8d,3,16,cxx_replace_scalar_call,lens_blur.halide_generated.cpp,12965,20,generator_specific,0,0,0,,,,0,15.394,cxx_replace_scalar_call:/mnt/scratch1/ardi/dsl_mut/HM-armc/mutation/lowered-cpp/lens_blur/lens_blur.halide_generated.cpp:12965:20,0,0
lens_blur,cxx_default_on_emitted_cpp,5eb72c8d,3,16,cxx_replace_scalar_call,lens_blur.halide_generated.cpp,12548,18,generator_specific,0,0,0,,,,0,15.483,cxx_replace_scalar_call:/mnt/scratch1/ardi/dsl_mut/HM-armc/mutation/lowered-cpp/lens_blur/lens_blur.halide_generated.cpp:12548:18,0,0
lens_blur,cxx_default_on_emitted_cpp,5eb72c8d,3,16,cxx_add_to_sub,lens_blur.halide_generated.cpp,5899,28,generator_specific,0,0,0,,,,0,15.419,cxx_add_to_sub:/mnt/scratch1/ardi/dsl_mut/HM-armc/mutation/lowered-cpp/lens_blur/lens_blur.halide_generated.cpp:5899:28,0,0
lens_blur,cxx_default_on_emitted_cpp,5eb72c8d,3,16,cxx_remove_void_call,lens_blur.halide_generated.cpp,9463,14,generator_specific,0,0,0,,,,0,15.092,cxx_remove_void_call:/mnt/scratch1/ardi/dsl_mut/HM-armc/mutation/lowered-cpp/lens_blur/lens_blur.halide_generated.cpp:9463:14,0,0
lens_blur,cxx_default_on_emitted_cpp,5eb72c8d,3,16,cxx_add_to_sub,lens_blur.halide_generated.cpp,9392,59,generator_specific,0,0,0,,,,0,15.262,cxx_add_to_sub:/mnt/scratch1/ardi/dsl_mut/HM-armc/mutation/lowered-cpp/lens_blur/lens_blur.halide_generated.cpp:9392:59,0,0
lens_blur,cxx_default_on_emitted_cpp,5eb72c8d,3,16,cxx_mul_to_div,lens_blur.halide_generated.cpp,5572,26,generator_specific,0,0,0,,,,0,15.415,cxx_mul_to_div:/mnt/scratch1/ardi/dsl_mut/HM-armc/mutation/lowered-cpp/lens_blur/lens_blur.halide_generated.cpp:5572:26,0,0
lens_blur,cxx_default_on_emitted_cpp,5eb72c8d,3,16,cxx_replace_scalar_call,lens_blur.halide_generated.cpp,12522,18,generator_specific,0,0,0,,,,0,15.456,cxx_replace_scalar_call:/mnt/scratch1/ardi/dsl_mut/HM-armc/mutation/lowered-cpp/lens_blur/lens_blur.halide_generated.cpp:12522:18,0,0
lens_blur,cxx_default_on_emitted_cpp,5eb72c8d,3,16,cxx_mul_to_div,lens_blur.halide_generated.cpp,11093,38,generator_specific,0,0,0,,,,0,15.548,cxx_mul_to_div:/mnt/scratch1/ardi/dsl_mut/HM-armc/mutation/lowered-cpp/lens_blur/lens_blur.halide_generated.cpp:11093:38,0,0
lens_blur,cxx_default_on_emitted_cpp,5eb72c8d,3,16,cxx_add_to_sub,lens_blur.halide_generated.cpp,9816,36,generator_specific,0,0,0,,,,0,15.296,cxx_add_to_sub:/mnt/scratch1/ardi/dsl_mut/HM-armc/mutation/lowered-cpp/lens_blur/lens_blur.halide_generated.cpp:9816:36,0,0
lens_blur,cxx_default_on_emitted_cpp,5eb72c8d,3,16,cxx_add_to_sub,lens_blur.halide_generated.cpp,5448,26,generator_specific,0,0,0,,,,0,15.174,cxx_add_to_sub:/mnt/scratch1/ardi/dsl_mut/HM-armc/mutation/lowered-cpp/lens_blur/lens_blur.halide_generated.cpp:5448:26,0,0
lens_blur,cxx_default_on_emitted_cpp,5eb72c8d,3,16,cxx_add_to_sub,lens_blur.halide_generated.cpp,8127,34,generator_specific,0,0,0,,,,0,15.371,cxx_add_to_sub:/mnt/scratch1/ardi/dsl_mut/HM-armc/mutation/lowered-cpp/lens_blur/lens_blur.halide_generated.cpp:8127:34,0,0
lens_blur,cxx_default_on_emitted_cpp,5eb72c8d,3,16,cxx_mul_to_div,lens_blur.halide_generated.cpp,11760,28,generator_specific,0,0,0,,,,0,15.464,cxx_mul_to_div:/mnt/scratch1/ardi/dsl_mut/HM-armc/mutation/lowered-cpp/lens_blur/lens_blur.halide_generated.cpp:11760:28,0,0
lens_blur,cxx_default_on_emitted_cpp,5eb72c8d,3,16,cxx_add_to_sub,lens_blur.halide_generated.cpp,7639,31,generator_specific,0,0,0,,,,0,15.295,cxx_add_to_sub:/mnt/scratch1/ardi/dsl_mut/HM-armc/mutation/lowered-cpp/lens_blur/lens_blur.halide_generated.cpp:7639:31,0,0
lens_blur,cxx_default_on_emitted_cpp,5eb72c8d,3,16,cxx_lt_to_ge,lens_blur.halide_generated.cpp,7771,82,generator_specific,0,0,0,,,,0,15.304,cxx_lt_to_ge:/mnt/scratch1/ardi/dsl_mut/HM-armc/mutation/lowered-cpp/lens_blur/lens_blur.halide_generated.cpp:7771:82,0,0
lens_blur,cxx_default_on_emitted_cpp,5eb72c8d,3,16,cxx_add_to_sub,lens_blur.halide_generated.cpp,7842,31,generator_specific,0,0,0,,,,0,15.280,cxx_add_to_sub:/mnt/scratch1/ardi/dsl_mut/HM-armc/mutation/lowered-cpp/lens_blur/lens_blur.halide_generated.cpp:7842:31,0,0
lens_blur,cxx_default_on_emitted_cpp,5eb72c8d,3,16,cxx_add_to_sub,lens_blur.halide_generated.cpp,7960,32,generator_specific,0,0,0,,,,0,15.706,cxx_add_to_sub:/mnt/scratch1/ardi/dsl_mut/HM-armc/mutation/lowered-cpp/lens_blur/lens_blur.halide_generated.cpp:7960:32,0,0
lens_blur,cxx_default_on_emitted_cpp,5eb72c8d,3,16,cxx_sub_to_add,lens_blur.halide_generated.cpp,14363,28,generator_specific,0,0,0,,,,0,15.337,cxx_sub_to_add:/mnt/scratch1/ardi/dsl_mut/HM-armc/mutation/lowered-cpp/lens_blur/lens_blur.halide_generated.cpp:14363:28,0,0
lens_blur,cxx_default_on_emitted_cpp,5eb72c8d,3,16,cxx_mul_to_div,lens_blur.halide_generated.cpp,7246,75,generator_specific,0,0,0,,,,0,15.321,cxx_mul_to_div:/mnt/scratch1/ardi/dsl_mut/HM-armc/mutation/lowered-cpp/lens_blur/lens_blur.halide_generated.cpp:7246:75,0,0
lens_blur,cxx_default_on_emitted_cpp,5eb72c8d,3,16,cxx_add_to_sub,lens_blur.halide_generated.cpp,8859,32,generator_specific,0,0,0,,,,0,15.339,cxx_add_to_sub:/mnt/scratch1/ardi/dsl_mut/HM-armc/mutation/lowered-cpp/lens_blur/lens_blur.halide_generated.cpp:8859:32,0,0
lens_blur,cxx_default_on_emitted_cpp,5eb72c8d,3,16,cxx_add_to_sub,lens_blur.halide_generated.cpp,3816,27,generator_specific,0,0,1,,,test2_golden,0,15.328,cxx_add_to_sub:/mnt/scratch1/ardi/dsl_mut/HM-armc/mutation/lowered-cpp/lens_blur/lens_blur.halide_generated.cpp:3816:27,0,0
lens_blur,cxx_default_on_emitted_cpp,5eb72c8d,3,16,cxx_add_to_sub,lens_blur.halide_generated.cpp,13735,26,generator_specific,0,0,0,,,,0,15.527,cxx_add_to_sub:/mnt/scratch1/ardi/dsl_mut/HM-armc/mutation/lowered-cpp/lens_blur/lens_blur.halide_generated.cpp:13735:26,0,0
lens_blur,cxx_default_on_emitted_cpp,5eb72c8d,3,16,cxx_mul_to_div,lens_blur.halide_generated.cpp,11643,28,generator_specific,0,0,0,,,,0,15.542,cxx_mul_to_div:/mnt/scratch1/ardi/dsl_mut/HM-armc/mutation/lowered-cpp/lens_blur/lens_blur.halide_generated.cpp:11643:28,0,0
lens_blur,cxx_default_on_emitted_cpp,5eb72c8d,3,16,cxx_sub_to_add,lens_blur.halide_generated.cpp,6088,27,generator_specific,0,0,0,,,,0,15.293,cxx_sub_to_add:/mnt/scratch1/ardi/dsl_mut/HM-armc/mutation/lowered-cpp/lens_blur/lens_blur.halide_generated.cpp:6088:27,0,0
lens_blur,cxx_default_on_emitted_cpp,5eb72c8d,3,16,cxx_sub_to_add,lens_blur.halide_generated.cpp,9342,34,generator_specific,0,0,0,,,,0,15.279,cxx_sub_to_add:/mnt/scratch1/ardi/dsl_mut/HM-armc/mutation/lowered-cpp/lens_blur/lens_blur.halide_generated.cpp:9342:34,0,0
lens_blur,cxx_default_on_emitted_cpp,5eb72c8d,3,16,cxx_add_to_sub,lens_blur.halide_generated.cpp,8364,33,generator_specific,-11,1,,,,test1_demo,0,0.247,cxx_add_to_sub:/mnt/scratch1/ardi/dsl_mut/HM-armc/mutation/lowered-cpp/lens_blur/lens_blur.halide_generated.cpp:8364:33,0,1
lens_blur,cxx_default_on_emitted_cpp,5eb72c8d,3,16,cxx_add_to_sub,lens_blur.halide_generated.cpp,5176,24,generator_specific,0,0,0,,,,0,15.317,cxx_add_to_sub:/mnt/scratch1/ardi/dsl_mut/HM-armc/mutation/lowered-cpp/lens_blur/lens_blur.halide_generated.cpp:5176:24,0,0
lens_blur,cxx_default_on_emitted_cpp,5eb72c8d,3,16,cxx_sub_to_add,lens_blur.halide_generated.cpp,4267,24,generator_specific,0,0,0,,,,0,15.728,cxx_sub_to_add:/mnt/scratch1/ardi/dsl_mut/HM-armc/mutation/lowered-cpp/lens_blur/lens_blur.halide_generated.cpp:4267:24,0,0
lens_blur,cxx_default_on_emitted_cpp,5eb72c8d,3,16,cxx_sub_to_add,lens_blur.halide_generated.cpp,8497,32,generator_specific,0,0,0,,,,0,15.664,cxx_sub_to_add:/mnt/scratch1/ardi/dsl_mut/HM-armc/mutation/lowered-cpp/lens_blur/lens_blur.halide_generated.cpp:8497:32,0,0
lens_blur,cxx_default_on_emitted_cpp,5eb72c8d,3,16,cxx_add_to_sub,lens_blur.halide_generated.cpp,9947,37,generator_specific,0,0,0,,,,0,15.692,cxx_add_to_sub:/mnt/scratch1/ardi/dsl_mut/HM-armc/mutation/lowered-cpp/lens_blur/lens_blur.halide_generated.cpp:9947:37,0,0
lens_blur,cxx_default_on_emitted_cpp,5eb72c8d,3,16,cxx_add_to_sub,lens_blur.halide_generated.cpp,6074,26,generator_specific,0,0,0,,,,0,15.744,cxx_add_to_sub:/mnt/scratch1/ardi/dsl_mut/HM-armc/mutation/lowered-cpp/lens_blur/lens_blur.halide_generated.cpp:6074:26,0,0
lens_blur,cxx_default_on_emitted_cpp,5eb72c8d,3,16,cxx_add_to_sub,lens_blur.halide_generated.cpp,4441,28,generator_specific,-11,1,,,,test1_demo,0,0.034,cxx_add_to_sub:/mnt/scratch1/ardi/dsl_mut/HM-armc/mutation/lowered-cpp/lens_blur/lens_blur.halide_generated.cpp:4441:28,0,1
lens_blur,cxx_default_on_emitted_cpp,5eb72c8d,3,16,cxx_add_to_sub,lens_blur.halide_generated.cpp,6155,28,generator_specific,0,0,0,,,,0,15.472,cxx_add_to_sub:/mnt/scratch1/ardi/dsl_mut/HM-armc/mutation/lowered-cpp/lens_blur/lens_blur.halide_generated.cpp:6155:28,0,0
lens_blur,cxx_default_on_emitted_cpp,5eb72c8d,3,16,cxx_add_to_sub,lens_blur.halide_generated.cpp,8093,34,generator_specific,0,0,0,,,,0,16.019,cxx_add_to_sub:/mnt/scratch1/ardi/dsl_mut/HM-armc/mutation/lowered-cpp/lens_blur/lens_blur.halide_generated.cpp:8093:34,0,0
lens_blur,cxx_default_on_emitted_cpp,5eb72c8d,3,16,cxx_sub_to_add,lens_blur.halide_generated.cpp,7063,29,generator_specific,0,0,0,,,,0,15.819,cxx_sub_to_add:/mnt/scratch1/ardi/dsl_mut/HM-armc/mutation/lowered-cpp/lens_blur/lens_blur.halide_generated.cpp:7063:29,0,0
lens_blur,cxx_default_on_emitted_cpp,5eb72c8d,3,16,cxx_gt_to_ge,lens_blur.halide_generated.cpp,13876,28,generator_specific,0,0,0,,,,0,15.304,cxx_gt_to_ge:/mnt/scratch1/ardi/dsl_mut/HM-armc/mutation/lowered-cpp/lens_blur/lens_blur.halide_generated.cpp:13876:28,0,0
lens_blur,cxx_default_on_emitted_cpp,5eb72c8d,3,16,cxx_add_to_sub,lens_blur.halide_generated.cpp,11573,28,generator_specific,0,0,1,,,test2_golden,0,15.930,cxx_add_to_sub:/mnt/scratch1/ardi/dsl_mut/HM-armc/mutation/lowered-cpp/lens_blur/lens_blur.halide_generated.cpp:11573:28,0,0
lens_blur,cxx_default_on_emitted_cpp,5eb72c8d,3,16,cxx_add_to_sub,lens_blur.halide_generated.cpp,10462,37,generator_specific,0,0,1,,,test2_golden,0,15.915,cxx_add_to_sub:/mnt/scratch1/ardi/dsl_mut/HM-armc/mutation/lowered-cpp/lens_blur/lens_blur.halide_generated.cpp:10462:37,0,0
lens_blur,cxx_default_on_emitted_cpp,5eb72c8d,3,16,cxx_sub_to_add,lens_blur.halide_generated.cpp,4678,24,generator_specific,-11,1,,,,test1_demo,0,0.024,cxx_sub_to_add:/mnt/scratch1/ardi/dsl_mut/HM-armc/mutation/lowered-cpp/lens_blur/lens_blur.halide_generated.cpp:4678:24,0,1
lens_blur,cxx_default_on_emitted_cpp,5eb72c8d,3,16,cxx_add_to_sub,lens_blur.halide_generated.cpp,5873,28,generator_specific,0,0,0,,,,0,16.518,cxx_add_to_sub:/mnt/scratch1/ardi/dsl_mut/HM-armc/mutation/lowered-cpp/lens_blur/lens_blur.halide_generated.cpp:5873:28,0,0
lens_blur,cxx_default_on_emitted_cpp,5eb72c8d,3,16,cxx_mul_to_div,lens_blur.halide_generated.cpp,6882,29,generator_specific,0,0,0,,,,0,15.301,cxx_mul_to_div:/mnt/scratch1/ardi/dsl_mut/HM-armc/mutation/lowered-cpp/lens_blur/lens_blur.halide_generated.cpp:6882:29,0,0
lens_blur,cxx_default_on_emitted_cpp,5eb72c8d,3,16,cxx_add_to_sub,lens_blur.halide_generated.cpp,6749,27,generator_specific,0,0,0,,,,0,15.314,cxx_add_to_sub:/mnt/scratch1/ardi/dsl_mut/HM-armc/mutation/lowered-cpp/lens_blur/lens_blur.halide_generated.cpp:6749:27,0,0
lens_blur,cxx_default_on_emitted_cpp,5eb72c8d,3,16,cxx_add_to_sub,lens_blur.halide_generated.cpp,7294,30,generator_specific,0,0,0,,,,0,15.888,cxx_add_to_sub:/mnt/scratch1/ardi/dsl_mut/HM-armc/mutation/lowered-cpp/lens_blur/lens_blur.halide_generated.cpp:7294:30,0,0
lens_blur,cxx_default_on_emitted_cpp,5eb72c8d,3,16,cxx_add_to_sub,lens_blur.halide_generated.cpp,5936,28,generator_specific,-6,1,,,,test1_demo,0,0.287,cxx_add_to_sub:/mnt/scratch1/ardi/dsl_mut/HM-armc/mutation/lowered-cpp/lens_blur/lens_blur.halide_generated.cpp:5936:28,0,1
lens_blur,cxx_default_on_emitted_cpp,5eb72c8d,3,16,cxx_add_to_sub,lens_blur.halide_generated.cpp,8517,33,generator_specific,0,0,0,,,,0,16.182,cxx_add_to_sub:/mnt/scratch1/ardi/dsl_mut/HM-armc/mutation/lowered-cpp/lens_blur/lens_blur.halide_generated.cpp:8517:33,0,0
lens_blur,cxx_default_on_emitted_cpp,5eb72c8d,3,16,cxx_mul_to_div,lens_blur.halide_generated.cpp,5167,24,generator_specific,0,0,0,,,,0,16.568,cxx_mul_to_div:/mnt/scratch1/ardi/dsl_mut/HM-armc/mutation/lowered-cpp/lens_blur/lens_blur.halide_generated.cpp:5167:24,0,0
lens_blur,cxx_default_on_emitted_cpp,5eb72c8d,3,16,cxx_lt_to_le,lens_blur.halide_generated.cpp,6325,70,generator_specific,0,0,0,,,,0,16.580,cxx_lt_to_le:/mnt/scratch1/ardi/dsl_mut/HM-armc/mutation/lowered-cpp/lens_blur/lens_blur.halide_generated.cpp:6325:70,0,0
lens_blur,cxx_default_on_emitted_cpp,5eb72c8d,3,16,cxx_add_to_sub,lens_blur.halide_generated.cpp,5659,26,generator_specific,0,0,0,,,,0,16.613,cxx_add_to_sub:/mnt/scratch1/ardi/dsl_mut/HM-armc/mutation/lowered-cpp/lens_blur/lens_blur.halide_generated.cpp:5659:26,0,0
lens_blur,cxx_default_on_emitted_cpp,5eb72c8d,3,16,cxx_lt_to_le,lens_blur.halide_generated.cpp,11032,57,generator_specific,0,0,0,,,,0,17.198,cxx_lt_to_le:/mnt/scratch1/ardi/dsl_mut/HM-armc/mutation/lowered-cpp/lens_blur/lens_blur.halide_generated.cpp:11032:57,0,0
lens_blur,cxx_default_on_emitted_cpp,5eb72c8d,3,16,cxx_replace_scalar_call,lens_blur.halide_generated.cpp,11469,19,generator_specific,0,0,1,,,test2_golden,0,15.275,cxx_replace_scalar_call:/mnt/scratch1/ardi/dsl_mut/HM-armc/mutation/lowered-cpp/lens_blur/lens_blur.halide_generated.cpp:11469:19,0,0
lens_blur,cxx_default_on_emitted_cpp,5eb72c8d,3,16,cxx_add_to_sub,lens_blur.halide_generated.cpp,12657,24,generator_specific,0,0,0,,,,0,15.328,cxx_add_to_sub:/mnt/scratch1/ardi/dsl_mut/HM-armc/mutation/lowered-cpp/lens_blur/lens_blur.halide_generated.cpp:12657:24,0,0
lens_blur,cxx_default_on_emitted_cpp,5eb72c8d,3,16,cxx_mul_to_div,lens_blur.halide_generated.cpp,8918,34,generator_specific,0,0,0,,,,0,15.309,cxx_mul_to_div:/mnt/scratch1/ardi/dsl_mut/HM-armc/mutation/lowered-cpp/lens_blur/lens_blur.halide_generated.cpp:8918:34,0,0
lens_blur,cxx_default_on_emitted_cpp,5eb72c8d,3,16,cxx_add_to_sub,lens_blur.halide_generated.cpp,11293,38,generator_specific,0,0,0,,,,0,15.304,cxx_add_to_sub:/mnt/scratch1/ardi/dsl_mut/HM-armc/mutation/lowered-cpp/lens_blur/lens_blur.halide_generated.cpp:11293:38,0,0
lens_blur,cxx_default_on_emitted_cpp,5eb72c8d,3,16,cxx_mul_to_div,lens_blur.halide_generated.cpp,4282,25,generator_specific,0,0,1,,,test2_golden,0,15.348,cxx_mul_to_div:/mnt/scratch1/ardi/dsl_mut/HM-armc/mutation/lowered-cpp/lens_blur/lens_blur.halide_generated.cpp:4282:25,0,0
lens_blur,cxx_default_on_emitted_cpp,5eb72c8d,3,16,cxx_add_to_sub,lens_blur.halide_generated.cpp,14100,27,generator_specific,0,0,0,,,,0,15.323,cxx_add_to_sub:/mnt/scratch1/ardi/dsl_mut/HM-armc/mutation/lowered-cpp/lens_blur/lens_blur.halide_generated.cpp:14100:27,0,0
lens_blur,cxx_default_on_emitted_cpp,5eb72c8d,3,16,cxx_eq_to_ne,lens_blur.halide_generated.cpp,9303,46,generator_specific,0,0,0,,,,0,15.608,cxx_eq_to_ne:/mnt/scratch1/ardi/dsl_mut/HM-armc/mutation/lowered-cpp/lens_blur/lens_blur.halide_generated.cpp:9303:46,0,0
lens_blur,cxx_default_on_emitted_cpp,5eb72c8d,3,16,cxx_add_to_sub,lens_blur.halide_generated.cpp,13402,25,generator_specific,0,0,0,,,,0,15.329,cxx_add_to_sub:/mnt/scratch1/ardi/dsl_mut/HM-armc/mutation/lowered-cpp/lens_blur/lens_blur.halide_generated.cpp:13402:25,0,0
lens_blur,cxx_default_on_emitted_cpp,5eb72c8d,3,16,cxx_add_to_sub,lens_blur.halide_generated.cpp,7010,29,generator_specific,0,0,0,,,,0,15.446,cxx_add_to_sub:/mnt/scratch1/ardi/dsl_mut/HM-armc/mutation/lowered-cpp/lens_blur/lens_blur.halide_generated.cpp:7010:29,0,0
lens_blur,cxx_default_on_emitted_cpp,5eb72c8d,3,16,cxx_mul_to_div,lens_blur.halide_generated.cpp,9184,34,generator_specific,0,0,0,,,,0,15.401,cxx_mul_to_div:/mnt/scratch1/ardi/dsl_mut/HM-armc/mutation/lowered-cpp/lens_blur/lens_blur.halide_generated.cpp:9184:34,0,0
lens_blur,cxx_default_on_emitted_cpp,5eb72c8d,3,16,cxx_add_to_sub,lens_blur.halide_generated.cpp,8449,33,generator_specific,0,0,0,,,,0,15.668,cxx_add_to_sub:/mnt/scratch1/ardi/dsl_mut/HM-armc/mutation/lowered-cpp/lens_blur/lens_blur.halide_generated.cpp:8449:33,0,0
lens_blur,cxx_default_on_emitted_cpp,5eb72c8d,3,16,cxx_add_to_sub,lens_blur.halide_generated.cpp,10770,39,generator_specific,0,0,0,,,,0,15.416,cxx_add_to_sub:/mnt/scratch1/ardi/dsl_mut/HM-armc/mutation/lowered-cpp/lens_blur/lens_blur.halide_generated.cpp:10770:39,0,0
lens_blur,cxx_default_on_emitted_cpp,5eb72c8d,3,16,cxx_add_to_sub,lens_blur.halide_generated.cpp,9470,36,generator_specific,0,0,0,,,,0,15.465,cxx_add_to_sub:/mnt/scratch1/ardi/dsl_mut/HM-armc/mutation/lowered-cpp/lens_blur/lens_blur.halide_generated.cpp:9470:36,0,0
lens_blur,cxx_default_on_emitted_cpp,5eb72c8d,3,16,cxx_add_to_sub,lens_blur.halide_generated.cpp,12598,24,generator_specific,0,0,0,,,,0,15.455,cxx_add_to_sub:/mnt/scratch1/ardi/dsl_mut/HM-armc/mutation/lowered-cpp/lens_blur/lens_blur.halide_generated.cpp:12598:24,0,0
lens_blur,cxx_default_on_emitted_cpp,5eb72c8d,3,16,cxx_add_to_sub,lens_blur.halide_generated.cpp,8575,33,generator_specific,0,0,0,,,,0,15.478,cxx_add_to_sub:/mnt/scratch1/ardi/dsl_mut/HM-armc/mutation/lowered-cpp/lens_blur/lens_blur.halide_generated.cpp:8575:33,0,0
lens_blur,cxx_default_on_emitted_cpp,5eb72c8d,3,16,cxx_mul_to_div,lens_blur.halide_generated.cpp,4645,33,generator_specific,0,0,0,,,,0,15.596,cxx_mul_to_div:/mnt/scratch1/ardi/dsl_mut/HM-armc/mutation/lowered-cpp/lens_blur/lens_blur.halide_generated.cpp:4645:33,0,0
lens_blur,cxx_default_on_emitted_cpp,5eb72c8d,3,16,cxx_add_to_sub,lens_blur.halide_generated.cpp,5685,27,generator_specific,0,0,0,,,,0,15.401,cxx_add_to_sub:/mnt/scratch1/ardi/dsl_mut/HM-armc/mutation/lowered-cpp/lens_blur/lens_blur.halide_generated.cpp:5685:27,0,0
lens_blur,cxx_default_on_emitted_cpp,5eb72c8d,3,16,cxx_add_to_sub,lens_blur.halide_generated.cpp,5471,26,generator_specific,0,0,0,,,,0,15.442,cxx_add_to_sub:/mnt/scratch1/ardi/dsl_mut/HM-armc/mutation/lowered-cpp/lens_blur/lens_blur.halide_generated.cpp:5471:26,0,0
lens_blur,cxx_default_on_emitted_cpp,5eb72c8d,3,16,cxx_add_to_sub,lens_blur.halide_generated.cpp,7332,33,generator_specific,0,0,0,,,,0,15.488,cxx_add_to_sub:/mnt/scratch1/ardi/dsl_mut/HM-armc/mutation/lowered-cpp/lens_blur/lens_blur.halide_generated.cpp:7332:33,0,0
lens_blur,cxx_default_on_emitted_cpp,5eb72c8d,3,16,cxx_sub_to_add,lens_blur.halide_generated.cpp,12439,24,generator_specific,0,0,1,,,test2_golden,0,15.496,cxx_sub_to_add:/mnt/scratch1/ardi/dsl_mut/HM-armc/mutation/lowered-cpp/lens_blur/lens_blur.halide_generated.cpp:12439:24,0,0
lens_blur,cxx_default_on_emitted_cpp,5eb72c8d,3,16,cxx_add_to_sub,lens_blur.halide_generated.cpp,10401,38,generator_specific,0,0,0,,,,0,15.426,cxx_add_to_sub:/mnt/scratch1/ardi/dsl_mut/HM-armc/mutation/lowered-cpp/lens_blur/lens_blur.halide_generated.cpp:10401:38,0,0
lens_blur,cxx_default_on_emitted_cpp,5eb72c8d,3,16,cxx_mul_to_div,lens_blur.halide_generated.cpp,11493,34,generator_specific,0,0,1,,,test2_golden,0,15.376,cxx_mul_to_div:/mnt/scratch1/ardi/dsl_mut/HM-armc/mutation/lowered-cpp/lens_blur/lens_blur.halide_generated.cpp:11493:34,0,0
lens_blur,cxx_default_on_emitted_cpp,5eb72c8d,3,16,cxx_add_to_sub,lens_blur.halide_generated.cpp,8594,32,generator_specific,0,0,0,,,,0,15.527,cxx_add_to_sub:/mnt/scratch1/ardi/dsl_mut/HM-armc/mutation/lowered-cpp/lens_blur/lens_blur.halide_generated.cpp:8594:32,0,0
lens_blur,cxx_default_on_emitted_cpp,5eb72c8d,3,16,cxx_add_to_sub,lens_blur.halide_generated.cpp,9134,35,generator_specific,0,0,0,,,,0,15.572,cxx_add_to_sub:/mnt/scratch1/ardi/dsl_mut/HM-armc/mutation/lowered-cpp/lens_blur/lens_blur.halide_generated.cpp:9134:35,0,0
lens_blur,cxx_default_on_emitted_cpp,5eb72c8d,3,16,cxx_gt_to_le,lens_blur.halide_generated.cpp,13878,16,generator_specific,-6,1,,,,test1_demo,0,0.024,cxx_gt_to_le:/mnt/scratch1/ardi/dsl_mut/HM-armc/mutation/lowered-cpp/lens_blur/lens_blur.halide_generated.cpp:13878:16,0,1
lens_blur,cxx_default_on_emitted_cpp,5eb72c8d,3,16,cxx_lt_to_ge,lens_blur.halide_generated.cpp,4861,41,generator_specific,0,0,0,,,,0,15.550,cxx_lt_to_ge:/mnt/scratch1/ardi/dsl_mut/HM-armc/mutation/lowered-cpp/lens_blur/lens_blur.halide_generated.cpp:4861:41,0,0
lens_blur,cxx_default_on_emitted_cpp,5eb72c8d,3,16,cxx_sub_to_add,lens_blur.halide_generated.cpp,5722,25,generator_specific,0,0,0,,,,0,15.439,cxx_sub_to_add:/mnt/scratch1/ardi/dsl_mut/HM-armc/mutation/lowered-cpp/lens_blur/lens_blur.halide_generated.cpp:5722:25,0,0
lens_blur,cxx_default_on_emitted_cpp,5eb72c8d,3,16,cxx_mul_to_div,lens_blur.halide_generated.cpp,8592,32,generator_specific,0,0,0,,,,0,15.592,cxx_mul_to_div:/mnt/scratch1/ardi/dsl_mut/HM-armc/mutation/lowered-cpp/lens_blur/lens_blur.halide_generated.cpp:8592:32,0,0
lens_blur,cxx_default_on_emitted_cpp,5eb72c8d,3,16,cxx_sub_to_add,lens_blur.halide_generated.cpp,7276,29,generator_specific,0,0,0,,,,0,15.388,cxx_sub_to_add:/mnt/scratch1/ardi/dsl_mut/HM-armc/mutation/lowered-cpp/lens_blur/lens_blur.halide_generated.cpp:7276:29,0,0
lens_blur,cxx_default_on_emitted_cpp,5eb72c8d,3,16,cxx_add_to_sub,lens_blur.halide_generated.cpp,6483,28,generator_specific,0,0,0,,,,0,15.478,cxx_add_to_sub:/mnt/scratch1/ardi/dsl_mut/HM-armc/mutation/lowered-cpp/lens_blur/lens_blur.halide_generated.cpp:6483:28,0,0
lens_blur,cxx_default_on_emitted_cpp,5eb72c8d,3,16,cxx_sub_to_add,lens_blur.halide_generated.cpp,4055,23,generator_specific,-11,1,,,,test1_demo,0,0.054,cxx_sub_to_add:/mnt/scratch1/ardi/dsl_mut/HM-armc/mutation/lowered-cpp/lens_blur/lens_blur.halide_generated.cpp:4055:23,0,1
lens_blur,cxx_default_on_emitted_cpp,5eb72c8d,3,16,cxx_add_to_sub,lens_blur.halide_generated.cpp,9784,34,generator_specific,0,0,0,,,,0,15.724,cxx_add_to_sub:/mnt/scratch1/ardi/dsl_mut/HM-armc/mutation/lowered-cpp/lens_blur/lens_blur.halide_generated.cpp:9784:34,0,0
lens_blur,cxx_default_on_emitted_cpp,5eb72c8d,3,16,cxx_sub_to_add,lens_blur.halide_generated.cpp,5586,25,generator_specific,-11,1,,,,test1_demo,0,0.235,cxx_sub_to_add:/mnt/scratch1/ardi/dsl_mut/HM-armc/mutation/lowered-cpp/lens_blur/lens_blur.halide_generated.cpp:5586:25,0,1
lens_blur,cxx_default_on_emitted_cpp,5eb72c8d,3,16,cxx_add_to_sub,lens_blur.halide_generated.cpp,8098,31,generator_specific,0,0,0,,,,0,15.344,cxx_add_to_sub:/mnt/scratch1/ardi/dsl_mut/HM-armc/mutation/lowered-cpp/lens_blur/lens_blur.halide_generated.cpp:8098:31,0,0
lens_blur,cxx_default_on_emitted_cpp,5eb72c8d,3,16,cxx_add_to_sub,lens_blur.halide_generated.cpp,5301,24,generator_specific,0,0,0,,,,0,15.476,cxx_add_to_sub:/mnt/scratch1/ardi/dsl_mut/HM-armc/mutation/lowered-cpp/lens_blur/lens_blur.halide_generated.cpp:5301:24,0,0
lens_blur,cxx_default_on_emitted_cpp,5eb72c8d,3,16,cxx_add_to_sub,lens_blur.halide_generated.cpp,12459,24,generator_specific,0,0,0,,,,0,15.885,cxx_add_to_sub:/mnt/scratch1/ardi/dsl_mut/HM-armc/mutation/lowered-cpp/lens_blur/lens_blur.halide_generated.cpp:12459:24,0,0
lens_blur,cxx_default_on_emitted_cpp,5eb72c8d,3,16,cxx_lt_to_ge,lens_blur.halide_generated.cpp,4071,44,generator_specific,0,0,0,,,,0,15.717,cxx_lt_to_ge:/mnt/scratch1/ardi/dsl_mut/HM-armc/mutation/lowered-cpp/lens_blur/lens_blur.halide_generated.cpp:4071:44,0,0
lens_blur,cxx_default_on_emitted_cpp,5eb72c8d,3,16,cxx_add_to_sub,lens_blur.halide_generated.cpp,10102,36,generator_specific,0,0,0,,,,0,16.103,cxx_add_to_sub:/mnt/scratch1/ardi/dsl_mut/HM-armc/mutation/lowered-cpp/lens_blur/lens_blur.halide_generated.cpp:10102:36,0,0
lens_blur,cxx_default_on_emitted_cpp,5eb72c8d,3,16,cxx_add_to_sub,lens_blur.halide_generated.cpp,10939,38,generator_specific,0,0,0,,,,0,15.611,cxx_add_to_sub:/mnt/scratch1/ardi/dsl_mut/HM-armc/mutation/lowered-cpp/lens_blur/lens_blur.halide_generated.cpp:10939:38,0,0
lens_blur,cxx_default_on_emitted_cpp,5eb72c8d,3,16,cxx_sub_to_add,lens_blur.halide_generated.cpp,7285,30,generator_specific,0,0,0,,,,0,15.349,cxx_sub_to_add:/mnt/scratch1/ardi/dsl_mut/HM-armc/mutation/lowered-cpp/lens_blur/lens_blur.halide_generated.cpp:7285:30,0,0
lens_blur,cxx_default_on_emitted_cpp,5eb72c8d,3,16,cxx_add_to_sub,lens_blur.halide_generated.cpp,10936,39,generator_specific,0,0,0,,,,0,15.494,cxx_add_to_sub:/mnt/scratch1/ardi/dsl_mut/HM-armc/mutation/lowered-cpp/lens_blur/lens_blur.halide_generated.cpp:10936:39,0,0
lens_blur,cxx_default_on_emitted_cpp,5eb72c8d,3,16,cxx_add_to_sub,lens_blur.halide_generated.cpp,7643,30,generator_specific,0,0,0,,,,0,16.053,cxx_add_to_sub:/mnt/scratch1/ardi/dsl_mut/HM-armc/mutation/lowered-cpp/lens_blur/lens_blur.halide_generated.cpp:7643:30,0,0
lens_blur,cxx_default_on_emitted_cpp,5eb72c8d,3,16,cxx_add_to_sub,lens_blur.halide_generated.cpp,13726,26,generator_specific,0,0,0,,,,0,15.819,cxx_add_to_sub:/mnt/scratch1/ardi/dsl_mut/HM-armc/mutation/lowered-cpp/lens_blur/lens_blur.halide_generated.cpp:13726:26,0,0
lens_blur,cxx_default_on_emitted_cpp,5eb72c8d,3,16,cxx_add_to_sub,lens_blur.halide_generated.cpp,7124,32,generator_specific,0,0,0,,,,0,15.403,cxx_add_to_sub:/mnt/scratch1/ardi/dsl_mut/HM-armc/mutation/lowered-cpp/lens_blur/lens_blur.halide_generated.cpp:7124:32,0,0
lens_blur,cxx_default_on_emitted_cpp,5eb72c8d,3,16,cxx_mul_to_div,lens_blur.halide_generated.cpp,6256,26,generator_specific,0,0,0,,,,0,15.367,cxx_mul_to_div:/mnt/scratch1/ardi/dsl_mut/HM-armc/mutation/lowered-cpp/lens_blur/lens_blur.halide_generated.cpp:6256:26,0,0
lens_blur,cxx_default_on_emitted_cpp,5eb72c8d,3,16,cxx_add_to_sub,lens_blur.halide_generated.cpp,8443,35,generator_specific,0,0,0,,,,0,15.325,cxx_add_to_sub:/mnt/scratch1/ardi/dsl_mut/HM-armc/mutation/lowered-cpp/lens_blur/lens_blur.halide_generated.cpp:8443:35,0,0
lens_blur,cxx_default_on_emitted_cpp,5eb72c8d,3,16,cxx_mul_to_div,lens_blur.halide_generated.cpp,11174,38,generator_specific,0,0,0,,,,0,15.631,cxx_mul_to_div:/mnt/scratch1/ardi/dsl_mut/HM-armc/mutation/lowered-cpp/lens_blur/lens_blur.halide_generated.cpp:11174:38,0,0
lens_blur,cxx_default_on_emitted_cpp,5eb72c8d,3,16,cxx_lt_to_le,lens_blur.halide_generated.cpp,4390,58,generator_specific,0,0,0,,,,0,16.655,cxx_lt_to_le:/mnt/scratch1/ardi/dsl_mut/HM-armc/mutation/lowered-cpp/lens_blur/lens_blur.halide_generated.cpp:4390:58,0,0
lens_blur,cxx_default_on_emitted_cpp,5eb72c8d,3,16,cxx_add_to_sub,lens_blur.halide_generated.cpp,9058,34,generator_specific,0,0,0,,,,0,15.387,cxx_add_to_sub:/mnt/scratch1/ardi/dsl_mut/HM-armc/mutation/lowered-cpp/lens_blur/lens_blur.halide_generated.cpp:9058:34,0,0
lens_blur,cxx_default_on_emitted_cpp,5eb72c8d,3,16,cxx_mul_to_div,lens_blur.halide_generated.cpp,14409,29,generator_specific,-11,1,,,,test1_demo,0,0.421,cxx_mul_to_div:/mnt/scratch1/ardi/dsl_mut/HM-armc/mutation/lowered-cpp/lens_blur/lens_blur.halide_generated.cpp:14409:29,0,1
lens_blur,cxx_default_on_emitted_cpp,5eb72c8d,3,16,cxx_add_to_sub,lens_blur.halide_generated.cpp,10811,39,generator_specific,0,0,1,,,test2_golden,0,15.854,cxx_add_to_sub:/mnt/scratch1/ardi/dsl_mut/HM-armc/mutation/lowered-cpp/lens_blur/lens_blur.halide_generated.cpp:10811:39,0,0
lens_blur,cxx_default_on_emitted_cpp,5eb72c8d,3,16,cxx_sub_to_add,lens_blur.halide_generated.cpp,10317,38,generator_specific,0,0,0,,,,0,15.979,cxx_sub_to_add:/mnt/scratch1/ardi/dsl_mut/HM-armc/mutation/lowered-cpp/lens_blur/lens_blur.halide_generated.cpp:10317:38,0,0
lens_blur,cxx_default_on_emitted_cpp,5eb72c8d,3,16,cxx_add_to_sub,lens_blur.halide_generated.cpp,11203,39,generator_specific,0,0,1,,,test2_golden,0,16.363,cxx_add_to_sub:/mnt/scratch1/ardi/dsl_mut/HM-armc/mutation/lowered-cpp/lens_blur/lens_blur.halide_generated.cpp:11203:39,0,0
lens_blur,cxx_default_on_emitted_cpp,5eb72c8d,3,16,cxx_add_to_sub,lens_blur.halide_generated.cpp,4304,26,generator_specific,-11,1,,,,test1_demo,0,0.072,cxx_add_to_sub:/mnt/scratch1/ardi/dsl_mut/HM-armc/mutation/lowered-cpp/lens_blur/lens_blur.halide_generated.cpp:4304:26,0,1
lens_blur,cxx_default_on_emitted_cpp,5eb72c8d,3,16,cxx_replace_scalar_call,lens_blur.halide_generated.cpp,3853,19,generator_specific,0,0,1,,,test2_golden,0,15.493,cxx_replace_scalar_call:/mnt/scratch1/ardi/dsl_mut/HM-armc/mutation/lowered-cpp/lens_blur/lens_blur.halide_generated.cpp:3853:19,0,0
lens_blur,cxx_default_on_emitted_cpp,5eb72c8d,3,16,cxx_add_to_sub,lens_blur.halide_generated.cpp,13443,26,generator_specific,0,0,0,,,,0,15.906,cxx_add_to_sub:/mnt/scratch1/ardi/dsl_mut/HM-armc/mutation/lowered-cpp/lens_blur/lens_blur.halide_generated.cpp:13443:26,0,0
lens_blur,cxx_default_on_emitted_cpp,5eb72c8d,3,16,cxx_lt_to_le,lens_blur.halide_generated.cpp,4461,60,generator_specific,0,0,0,,,,0,17.351,cxx_lt_to_le:/mnt/scratch1/ardi/dsl_mut/HM-armc/mutation/lowered-cpp/lens_blur/lens_blur.halide_generated.cpp:4461:60,0,0
lens_blur,cxx_default_on_emitted_cpp,5eb72c8d,3,16,cxx_sub_to_add,lens_blur.halide_generated.cpp,7299,31,generator_specific,0,0,0,,,,0,15.630,cxx_sub_to_add:/mnt/scratch1/ardi/dsl_mut/HM-armc/mutation/lowered-cpp/lens_blur/lens_blur.halide_generated.cpp:7299:31,0,0
lens_blur,cxx_default_on_emitted_cpp,5eb72c8d,3,16,cxx_replace_scalar_call,lens_blur.halide_generated.cpp,13351,20,generator_specific,0,0,0,,,,0,16.054,cxx_replace_scalar_call:/mnt/scratch1/ardi/dsl_mut/HM-armc/mutation/lowered-cpp/lens_blur/lens_blur.halide_generated.cpp:13351:20,0,0
lens_blur,cxx_default_on_emitted_cpp,5eb72c8d,3,16,cxx_sub_to_add,lens_blur.halide_generated.cpp,4316,30,generator_specific,0,0,0,,,,0,15.671,cxx_sub_to_add:/mnt/scratch1/ardi/dsl_mut/HM-armc/mutation/lowered-cpp/lens_blur/lens_blur.halide_generated.cpp:4316:30,0,0
lens_blur,cxx_default_on_emitted_cpp,5eb72c8d,3,16,cxx_sub_to_add,lens_blur.halide_generated.cpp,9554,35,generator_specific,0,0,0,,,,0,15.401,cxx_sub_to_add:/mnt/scratch1/ardi/dsl_mut/HM-armc/mutation/lowered-cpp/lens_blur/lens_blur.halide_generated.cpp:9554:35,0,0
lens_blur,cxx_default_on_emitted_cpp,5eb72c8d,3,16,cxx_mul_to_div,lens_blur.halide_generated.cpp,10518,37,generator_specific,0,0,0,,,,0,15.461,cxx_mul_to_div:/mnt/scratch1/ardi/dsl_mut/HM-armc/mutation/lowered-cpp/lens_blur/lens_blur.halide_generated.cpp:10518:37,0,0
lens_blur,cxx_default_on_emitted_cpp,5eb72c8d,3,16,cxx_add_to_sub,lens_blur.halide_generated.cpp,10188,34,generator_specific,0,0,0,,,,0,15.433,cxx_add_to_sub:/mnt/scratch1/ardi/dsl_mut/HM-armc/mutation/lowered-cpp/lens_blur/lens_blur.halide_generated.cpp:10188:34,0,0
lens_blur,cxx_default_on_emitted_cpp,5eb72c8d,3,16,cxx_add_to_sub,lens_blur.halide_generated.cpp,11272,39,generator_specific,0,0,0,,,,0,15.273,cxx_add_to_sub:/mnt/scratch1/ardi/dsl_mut/HM-armc/mutation/lowered-cpp/lens_blur/lens_blur.halide_generated.cpp:11272:39,0,0
lens_blur,cxx_default_on_emitted_cpp,5eb72c8d,3,16,cxx_gt_to_ge,lens_blur.halide_generated.cpp,5309,26,generator_specific,0,0,0,,,,0,15.340,cxx_gt_to_ge:/mnt/scratch1/ardi/dsl_mut/HM-armc/mutation/lowered-cpp/lens_blur/lens_blur.halide_generated.cpp:5309:26,0,0
lens_blur,cxx_default_on_emitted_cpp,5eb72c8d,3,16,cxx_add_to_sub,lens_blur.halide_generated.cpp,10337,38,generator_specific,0,0,0,,,,0,15.530,cxx_add_to_sub:/mnt/scratch1/ardi/dsl_mut/HM-armc/mutation/lowered-cpp/lens_blur/lens_blur.halide_generated.cpp:10337:38,0,0
lens_blur,cxx_default_on_emitted_cpp,5eb72c8d,3,16,cxx_add_to_sub,lens_blur.halide_generated.cpp,12913,25,generator_specific,0,0,0,,,,0,15.578,cxx_add_to_sub:/mnt/scratch1/ardi/dsl_mut/HM-armc/mutation/lowered-cpp/lens_blur/lens_blur.halide_generated.cpp:12913:25,0,0
lens_blur,cxx_default_on_emitted_cpp,5eb72c8d,3,16,cxx_post_inc_to_post_dec,lens_blur.halide_generated.cpp,4680,68,generator_specific,-11,1,,,,test1_demo,0,0.025,cxx_post_inc_to_post_dec:/mnt/scratch1/ardi/dsl_mut/HM-armc/mutation/lowered-cpp/lens_blur/lens_blur.halide_generated.cpp:4680:68,0,1
lens_blur,cxx_default_on_emitted_cpp,5eb72c8d,3,16,cxx_mul_to_div,lens_blur.halide_generated.cpp,8925,34,generator_specific,0,0,0,,,,0,15.359,cxx_mul_to_div:/mnt/scratch1/ardi/dsl_mut/HM-armc/mutation/lowered-cpp/lens_blur/lens_blur.halide_generated.cpp:8925:34,0,0
lens_blur,cxx_default_on_emitted_cpp,5eb72c8d,3,16,cxx_replace_scalar_call,lens_blur.halide_generated.cpp,5258,18,generator_specific,0,0,0,,,,0,15.402,cxx_replace_scalar_call:/mnt/scratch1/ardi/dsl_mut/HM-armc/mutation/lowered-cpp/lens_blur/lens_blur.halide_generated.cpp:5258:18,0,0
lens_blur,cxx_default_on_emitted_cpp,5eb72c8d,3,16,cxx_mul_to_div,lens_blur.halide_generated.cpp,11048,38,generator_specific,0,0,0,,,,0,15.458,cxx_mul_to_div:/mnt/scratch1/ardi/dsl_mut/HM-armc/mutation/lowered-cpp/lens_blur/lens_blur.halide_generated.cpp:11048:38,0,0
lens_blur,cxx_default_on_emitted_cpp,5eb72c8d,3,16,cxx_add_to_sub,lens_blur.halide_generated.cpp,9185,35,generator_specific,0,0,0,,,,0,15.492,cxx_add_to_sub:/mnt/scratch1/ardi/dsl_mut/HM-armc/mutation/lowered-cpp/lens_blur/lens_blur.halide_generated.cpp:9185:35,0,0
lens_blur,cxx_default_on_emitted_cpp,5eb72c8d,3,16,cxx_add_to_sub,lens_blur.halide_generated.cpp,5517,29,generator_specific,-11,1,,,,test1_demo,0,0.278,cxx_add_to_sub:/mnt/scratch1/ardi/dsl_mut/HM-armc/mutation/lowered-cpp/lens_blur/lens_blur.halide_generated.cpp:5517:29,0,1
lens_blur,cxx_default_on_emitted_cpp,5eb72c8d,3,16,cxx_add_to_sub,lens_blur.halide_generated.cpp,10760,38,generator_specific,0,0,0,,,,0,15.397,cxx_add_to_sub:/mnt/scratch1/ardi/dsl_mut/HM-armc/mutation/lowered-cpp/lens_blur/lens_blur.halide_generated.cpp:10760:38,0,0
lens_blur,cxx_default_on_emitted_cpp,5eb72c8d,3,16,cxx_add_to_sub,lens_blur.halide_generated.cpp,11153,39,generator_specific,0,0,0,,,,0,15.412,cxx_add_to_sub:/mnt/scratch1/ardi/dsl_mut/HM-armc/mutation/lowered-cpp/lens_blur/lens_blur.halide_generated.cpp:11153:39,0,0
lens_blur,cxx_default_on_emitted_cpp,5eb72c8d,3,16,cxx_sub_to_add,lens_blur.halide_generated.cpp,4349,30,generator_specific,0,0,1,,,test2_golden,0,15.450,cxx_sub_to_add:/mnt/scratch1/ardi/dsl_mut/HM-armc/mutation/lowered-cpp/lens_blur/lens_blur.halide_generated.cpp:4349:30,0,0
lens_blur,cxx_default_on_emitted_cpp,5eb72c8d,3,16,cxx_add_to_sub,lens_blur.halide_generated.cpp,6060,27,generator_specific,0,0,0,,,,0,15.425,cxx_add_to_sub:/mnt/scratch1/ardi/dsl_mut/HM-armc/mutation/lowered-cpp/lens_blur/lens_blur.halide_generated.cpp:6060:27,0,0
lens_blur,cxx_default_on_emitted_cpp,5eb72c8d,3,16,cxx_add_to_sub,lens_blur.halide_generated.cpp,5238,23,generator_specific,0,0,0,,,,0,15.432,cxx_add_to_sub:/mnt/scratch1/ardi/dsl_mut/HM-armc/mutation/lowered-cpp/lens_blur/lens_blur.halide_generated.cpp:5238:23,0,0
lens_blur,cxx_default_on_emitted_cpp,5eb72c8d,3,16,cxx_mul_to_div,lens_blur.halide_generated.cpp,10784,38,generator_specific,0,0,0,,,,0,15.416,cxx_mul_to_div:/mnt/scratch1/ardi/dsl_mut/HM-armc/mutation/lowered-cpp/lens_blur/lens_blur.halide_generated.cpp:10784:38,0,0
lens_blur,cxx_default_on_emitted_cpp,5eb72c8d,3,16,cxx_replace_scalar_call,lens_blur.halide_generated.cpp,4676,19,generator_specific,0,0,1,,,test2_golden,0,15.469,cxx_replace_scalar_call:/mnt/scratch1/ardi/dsl_mut/HM-armc/mutation/lowered-cpp/lens_blur/lens_blur.halide_generated.cpp:4676:19,0,0
lens_blur,cxx_default_on_emitted_cpp,5eb72c8d,3,16,cxx_add_to_sub,lens_blur.halide_generated.cpp,12495,24,generator_specific,0,0,0,,,,0,15.329,cxx_add_to_sub:/mnt/scratch1/ardi/dsl_mut/HM-armc/mutation/lowered-cpp/lens_blur/lens_blur.halide_generated.cpp:12495:24,0,0
lens_blur,cxx_default_on_emitted_cpp,5eb72c8d,3,16,cxx_sub_to_add,lens_blur.halide_generated.cpp,5600,26,generator_specific,0,0,0,,,,0,15.627,cxx_sub_to_add:/mnt/scratch1/ardi/dsl_mut/HM-armc/mutation/lowered-cpp/lens_blur/lens_blur.halide_generated.cpp:5600:26,0,0
lens_blur,cxx_default_on_emitted_cpp,5eb72c8d,3,16,cxx_add_to_sub,lens_blur.halide_generated.cpp,7029,29,generator_specific,0,0,1,,,test2_golden,0,15.515,cxx_add_to_sub:/mnt/scratch1/ardi/dsl_mut/HM-armc/mutation/lowered-cpp/lens_blur/lens_blur.halide_generated.cpp:7029:29,0,0
lens_blur,cxx_default_on_emitted_cpp,5eb72c8d,3,16,cxx_remove_void_call,lens_blur.halide_generated.cpp,7522,9,generator_specific,0,0,0,,,,0,15.543,cxx_remove_void_call:/mnt/scratch1/ardi/dsl_mut/HM-armc/mutation/lowered-cpp/lens_blur/lens_blur.halide_generated.cpp:7522:9,0,0
lens_blur,cxx_default_on_emitted_cpp,5eb72c8d,3,16,cxx_add_to_sub,lens_blur.halide_generated.cpp,8700,31,generator_specific,0,0,0,,,,0,15.386,cxx_add_to_sub:/mnt/scratch1/ardi/dsl_mut/HM-armc/mutation/lowered-cpp/lens_blur/lens_blur.halide_generated.cpp:8700:31,0,0
lens_blur,cxx_default_on_emitted_cpp,5eb72c8d,3,16,cxx_add_to_sub,lens_blur.halide_generated.cpp,9191,34,generator_specific,0,0,0,,,,0,15.636,cxx_add_to_sub:/mnt/scratch1/ardi/dsl_mut/HM-armc/mutation/lowered-cpp/lens_blur/lens_blur.halide_generated.cpp:9191:34,0,0
lens_blur,cxx_default_on_emitted_cpp,5eb72c8d,3,16,cxx_sub_to_add,lens_blur.halide_generated.cpp,10243,36,generator_specific,0,0,0,,,,0,15.669,cxx_sub_to_add:/mnt/scratch1/ardi/dsl_mut/HM-armc/mutation/lowered-cpp/lens_blur/lens_blur.halide_generated.cpp:10243:36,0,0
lens_blur,cxx_default_on_emitted_cpp,5eb72c8d,3,16,cxx_replace_scalar_call,lens_blur.halide_generated.cpp,5135,18,generator_specific,0,0,0,,,,0,15.529,cxx_replace_scalar_call:/mnt/scratch1/ardi/dsl_mut/HM-armc/mutation/lowered-cpp/lens_blur/lens_blur.halide_generated.cpp:5135:18,0,0
lens_blur,cxx_default_on_emitted_cpp,5eb72c8d,3,16,cxx_replace_scalar_call,lens_blur.halide_generated.cpp,5214,18,generator_specific,0,0,0,,,,0,15.373,cxx_replace_scalar_call:/mnt/scratch1/ardi/dsl_mut/HM-armc/mutation/lowered-cpp/lens_blur/lens_blur.halide_generated.cpp:5214:18,0,0
lens_blur,cxx_default_on_emitted_cpp,5eb72c8d,3,16,cxx_add_to_sub,lens_blur.halide_generated.cpp,13861,26,generator_specific,0,0,0,,,,0,15.594,cxx_add_to_sub:/mnt/scratch1/ardi/dsl_mut/HM-armc/mutation/lowered-cpp/lens_blur/lens_blur.halide_generated.cpp:13861:26,0,0
lens_blur,cxx_default_on_emitted_cpp,5eb72c8d,3,16,cxx_add_to_sub,lens_blur.halide_generated.cpp,13909,27,generator_specific,0,0,0,,,,0,15.989,cxx_add_to_sub:/mnt/scratch1/ardi/dsl_mut/HM-armc/mutation/lowered-cpp/lens_blur/lens_blur.halide_generated.cpp:13909:27,0,0
lens_blur,cxx_default_on_emitted_cpp,5eb72c8d,3,16,cxx_replace_scalar_call,lens_blur.halide_generated.cpp,12412,18,generator_specific,0,0,1,,,test2_golden,0,15.784,cxx_replace_scalar_call:/mnt/scratch1/ardi/dsl_mut/HM-armc/mutation/lowered-cpp/lens_blur/lens_blur.halide_generated.cpp:12412:18,0,0
lens_blur,cxx_default_on_emitted_cpp,5eb72c8d,3,16,cxx_le_to_lt,lens_blur.halide_generated.cpp,13322,24,generator_specific,0,0,0,,,,0,15.438,cxx_le_to_lt:/mnt/scratch1/ardi/dsl_mut/HM-armc/mutation/lowered-cpp/lens_blur/lens_blur.halide_generated.cpp:13322:24,0,0
lens_blur,cxx_default_on_emitted_cpp,5eb72c8d,3,16,cxx_add_to_sub,lens_blur.halide_generated.cpp,4067,24,generator_specific,0,0,1,,,test2_golden,0,15.863,cxx_add_to_sub:/mnt/scratch1/ardi/dsl_mut/HM-armc/mutation/lowered-cpp/lens_blur/lens_blur.halide_generated.cpp:4067:24,0,0
lens_blur,cxx_default_on_emitted_cpp,5eb72c8d,3,16,cxx_add_to_sub,lens_blur.halide_generated.cpp,8261,33,generator_specific,0,0,0,,,,0,15.778,cxx_add_to_sub:/mnt/scratch1/ardi/dsl_mut/HM-armc/mutation/lowered-cpp/lens_blur/lens_blur.halide_generated.cpp:8261:33,0,0
lens_blur,cxx_default_on_emitted_cpp,5eb72c8d,3,16,cxx_add_to_sub,lens_blur.halide_generated.cpp,10295,37,generator_specific,0,0,0,,,,0,15.799,cxx_add_to_sub:/mnt/scratch1/ardi/dsl_mut/HM-armc/mutation/lowered-cpp/lens_blur/lens_blur.halide_generated.cpp:10295:37,0,0
lens_blur,cxx_default_on_emitted_cpp,5eb72c8d,3,16,cxx_add_to_sub,lens_blur.halide_generated.cpp,5955,27,generator_specific,0,0,0,,,,0,15.277,cxx_add_to_sub:/mnt/scratch1/ardi/dsl_mut/HM-armc/mutation/lowered-cpp/lens_blur/lens_blur.halide_generated.cpp:5955:27,0,0
lens_blur,cxx_default_on_emitted_cpp,5eb72c8d,3,16,cxx_add_to_sub,lens_blur.halide_generated.cpp,7126,30,generator_specific,0,0,0,,,,0,15.467,cxx_add_to_sub:/mnt/scratch1/ardi/dsl_mut/HM-armc/mutation/lowered-cpp/lens_blur/lens_blur.halide_generated.cpp:7126:30,0,0
lens_blur,cxx_default_on_emitted_cpp,5eb72c8d,3,16,cxx_sub_to_add,lens_blur.halide_generated.cpp,11228,38,generator_specific,0,0,0,,,,0,15.974,cxx_sub_to_add:/mnt/scratch1/ardi/dsl_mut/HM-armc/mutation/lowered-cpp/lens_blur/lens_blur.halide_generated.cpp:11228:38,0,0
lens_blur,cxx_default_on_emitted_cpp,5eb72c8d,3,16,cxx_add_to_sub,lens_blur.halide_generated.cpp,7160,29,generator_specific,0,0,0,,,,0,15.278,cxx_add_to_sub:/mnt/scratch1/ardi/dsl_mut/HM-armc/mutation/lowered-cpp/lens_blur/lens_blur.halide_generated.cpp:7160:29,0,0
lens_blur,cxx_default_on_emitted_cpp,5eb72c8d,3,16,cxx_add_to_sub,lens_blur.halide_generated.cpp,6065,28,generator_specific,-6,1,,,,test1_demo,0,0.242,cxx_add_to_sub:/mnt/scratch1/ardi/dsl_mut/HM-armc/mutation/lowered-cpp/lens_blur/lens_blur.halide_generated.cpp:6065:28,0,1
lens_blur,cxx_default_on_emitted_cpp,5eb72c8d,3,16,cxx_add_to_sub,lens_blur.halide_generated.cpp,5603,25,generator_specific,-11,1,,,,test1_demo,0,0.310,cxx_add_to_sub:/mnt/scratch1/ardi/dsl_mut/HM-armc/mutation/lowered-cpp/lens_blur/lens_blur.halide_generated.cpp:5603:25,0,1
lens_blur,cxx_default_on_emitted_cpp,5eb72c8d,3,16,cxx_replace_scalar_call,lens_blur.halide_generated.cpp,12395,18,generator_specific,-6,1,,,,test1_demo,0,0.019,cxx_replace_scalar_call:/mnt/scratch1/ardi/dsl_mut/HM-armc/mutation/lowered-cpp/lens_blur/lens_blur.halide_generated.cpp:12395:18,0,1
lens_blur,cxx_default_on_emitted_cpp,5eb72c8d,3,16,cxx_add_to_sub,lens_blur.halide_generated.cpp,6502,28,generator_specific,0,0,0,,,,0,15.601,cxx_add_to_sub:/mnt/scratch1/ardi/dsl_mut/HM-armc/mutation/lowered-cpp/lens_blur/lens_blur.halide_generated.cpp:6502:28,0,0
lens_blur,cxx_default_on_emitted_cpp,5eb72c8d,3,16,cxx_add_to_sub,lens_blur.halide_generated.cpp,11465,37,generator_specific,-11,1,,,,test1_demo,0,0.432,cxx_add_to_sub:/mnt/scratch1/ardi/dsl_mut/HM-armc/mutation/lowered-cpp/lens_blur/lens_blur.halide_generated.cpp:11465:37,0,1
lens_blur,cxx_default_on_emitted_cpp,5eb72c8d,3,16,cxx_mul_to_div,lens_blur.halide_generated.cpp,4180,31,generator_specific,0,0,0,,,,0,15.593,cxx_mul_to_div:/mnt/scratch1/ardi/dsl_mut/HM-armc/mutation/lowered-cpp/lens_blur/lens_blur.halide_generated.cpp:4180:31,0,0
lens_blur,cxx_default_on_emitted_cpp,5eb72c8d,3,16,cxx_add_to_sub,lens_blur.halide_generated.cpp,9766,34,generator_specific,0,0,0,,,,0,15.470,cxx_add_to_sub:/mnt/scratch1/ardi/dsl_mut/HM-armc/mutation/lowered-cpp/lens_blur/lens_blur.halide_generated.cpp:9766:34,0,0
lens_blur,cxx_default_on_emitted_cpp,5eb72c8d,3,16,cxx_gt_to_ge,lens_blur.halide_generated.cpp,6762,17,generator_specific,0,0,0,,,,0,16.020,cxx_gt_to_ge:/mnt/scratch1/ardi/dsl_mut/HM-armc/mutation/lowered-cpp/lens_blur/lens_blur.halide_generated.cpp:6762:17,0,0
lens_blur,cxx_default_on_emitted_cpp,5eb72c8d,3,16,cxx_replace_scalar_call,lens_blur.halide_generated.cpp,12694,18,generator_specific,0,0,0,,,,0,15.539,cxx_replace_scalar_call:/mnt/scratch1/ardi/dsl_mut/HM-armc/mutation/lowered-cpp/lens_blur/lens_blur.halide_generated.cpp:12694:18,0,0
lens_blur,cxx_default_on_emitted_cpp,5eb72c8d,3,16,cxx_replace_scalar_call,lens_blur.halide_generated.cpp,5276,18,generator_specific,0,0,0,,,,0,15.623,cxx_replace_scalar_call:/mnt/scratch1/ardi/dsl_mut/HM-armc/mutation/lowered-cpp/lens_blur/lens_blur.halide_generated.cpp:5276:18,0,0
lens_blur,cxx_default_on_emitted_cpp,5eb72c8d,3,16,cxx_sub_to_add,lens_blur.halide_generated.cpp,11027,37,generator_specific,-6,1,,,,test1_demo,0,1.249,cxx_sub_to_add:/mnt/scratch1/ardi/dsl_mut/HM-armc/mutation/lowered-cpp/lens_blur/lens_blur.halide_generated.cpp:11027:37,0,1
lens_blur,cxx_default_on_emitted_cpp,5eb72c8d,3,16,cxx_le_to_gt,lens_blur.halide_generated.cpp,13198,22,generator_specific,-6,1,,,,test1_demo,0,0.024,cxx_le_to_gt:/mnt/scratch1/ardi/dsl_mut/HM-armc/mutation/lowered-cpp/lens_blur/lens_blur.halide_generated.cpp:13198:22,0,1
lens_blur,cxx_default_on_emitted_cpp,5eb72c8d,3,16,cxx_add_to_sub,lens_blur.halide_generated.cpp,10994,39,generator_specific,0,0,0,,,,0,15.839,cxx_add_to_sub:/mnt/scratch1/ardi/dsl_mut/HM-armc/mutation/lowered-cpp/lens_blur/lens_blur.halide_generated.cpp:10994:39,0,0
lens_blur,cxx_default_on_emitted_cpp,5eb72c8d,3,16,cxx_add_to_sub,lens_blur.halide_generated.cpp,12671,24,generator_specific,0,0,0,,,,0,15.616,cxx_add_to_sub:/mnt/scratch1/ardi/dsl_mut/HM-armc/mutation/lowered-cpp/lens_blur/lens_blur.halide_generated.cpp:12671:24,0,0
lens_blur,cxx_default_on_emitted_cpp,5eb72c8d,3,16,cxx_add_to_sub,lens_blur.halide_generated.cpp,11589,29,generator_specific,0,0,0,,,,0,15.576,cxx_add_to_sub:/mnt/scratch1/ardi/dsl_mut/HM-armc/mutation/lowered-cpp/lens_blur/lens_blur.halide_generated.cpp:11589:29,0,0
lens_blur,cxx_default_on_emitted_cpp,5eb72c8d,3,16,cxx_add_to_sub,lens_blur.halide_generated.cpp,14192,28,generator_specific,0,0,0,,,,0,15.885,cxx_add_to_sub:/mnt/scratch1/ardi/dsl_mut/HM-armc/mutation/lowered-cpp/lens_blur/lens_blur.halide_generated.cpp:14192:28,0,0
lens_blur,cxx_default_on_emitted_cpp,5eb72c8d,3,16,cxx_sub_to_add,lens_blur.halide_generated.cpp,11517,28,generator_specific,0,0,0,,,,0,15.660,cxx_sub_to_add:/mnt/scratch1/ardi/dsl_mut/HM-armc/mutation/lowered-cpp/lens_blur/lens_blur.halide_generated.cpp:11517:28,0,0
lens_blur,cxx_default_on_emitted_cpp,5eb72c8d,3,16,cxx_add_to_sub,lens_blur.halide_generated.cpp,10837,39,generator_specific,0,0,1,,,test2_golden,0,15.556,cxx_add_to_sub:/mnt/scratch1/ardi/dsl_mut/HM-armc/mutation/lowered-cpp/lens_blur/lens_blur.halide_generated.cpp:10837:39,0,0
lens_blur,cxx_default_on_emitted_cpp,5eb72c8d,3,16,cxx_gt_to_le,lens_blur.halide_generated.cpp,6277,73,generator_specific,-6,1,,,,test1_demo,0,0.273,cxx_gt_to_le:/mnt/scratch1/ardi/dsl_mut/HM-armc/mutation/lowered-cpp/lens_blur/lens_blur.halide_generated.cpp:6277:73,0,1
lens_blur,cxx_default_on_emitted_cpp,5eb72c8d,3,16,cxx_mul_to_div,lens_blur.halide_generated.cpp,10308,38,generator_specific,0,0,0,,,,0,16.124,cxx_mul_to_div:/mnt/scratch1/ardi/dsl_mut/HM-armc/mutation/lowered-cpp/lens_blur/lens_blur.halide_generated.cpp:10308:38,0,0
lens_blur,cxx_default_on_emitted_cpp,5eb72c8d,3,16,cxx_replace_scalar_call,lens_blur.halide_generated.cpp,12434,18,generator_specific,0,0,0,,,,0,18.195,cxx_replace_scalar_call:/mnt/scratch1/ardi/dsl_mut/HM-armc/mutation/lowered-cpp/lens_blur/lens_blur.halide_generated.cpp:12434:18,0,0
lens_blur,cxx_default_on_emitted_cpp,5eb72c8d,3,16,cxx_add_to_sub,lens_blur.halide_generated.cpp,5534,26,generator_specific,0,0,0,,,,0,16.019,cxx_add_to_sub:/mnt/scratch1/ardi/dsl_mut/HM-armc/mutation/lowered-cpp/lens_blur/lens_blur.halide_generated.cpp:5534:26,0,0
lens_blur,cxx_default_on_emitted_cpp,5eb72c8d,3,16,cxx_add_to_sub,lens_blur.halide_generated.cpp,5596,26,generator_specific,0,0,0,,,,0,15.516,cxx_add_to_sub:/mnt/scratch1/ardi/dsl_mut/HM-armc/mutation/lowered-cpp/lens_blur/lens_blur.halide_generated.cpp:5596:26,0,0
lens_blur,cxx_default_on_emitted_cpp,5eb72c8d,3,16,cxx_add_to_sub,lens_blur.halide_generated.cpp,7368,30,generator_specific,0,0,0,,,,0,15.452,cxx_add_to_sub:/mnt/scratch1/ardi/dsl_mut/HM-armc/mutation/lowered-cpp/lens_blur/lens_blur.halide_generated.cpp:7368:30,0,0
lens_blur,cxx_default_on_emitted_cpp,5eb72c8d,3,16,cxx_sub_to_add,lens_blur.halide_generated.cpp,9862,37,generator_specific,0,0,0,,,,0,15.333,cxx_sub_to_add:/mnt/scratch1/ardi/dsl_mut/HM-armc/mutation/lowered-cpp/lens_blur/lens_blur.halide_generated.cpp:9862:37,0,0
lens_blur,cxx_default_on_emitted_cpp,5eb72c8d,3,16,cxx_le_to_lt,lens_blur.halide_generated.cpp,12968,18,generator_specific,0,0,0,,,,0,15.320,cxx_le_to_lt:/mnt/scratch1/ardi/dsl_mut/HM-armc/mutation/lowered-cpp/lens_blur/lens_blur.halide_generated.cpp:12968:18,0,0
lens_blur,cxx_default_on_emitted_cpp,5eb72c8d,3,16,cxx_add_to_sub,lens_blur.halide_generated.cpp,6625,31,generator_specific,0,0,0,,,,0,15.516,cxx_add_to_sub:/mnt/scratch1/ardi/dsl_mut/HM-armc/mutation/lowered-cpp/lens_blur/lens_blur.halide_generated.cpp:6625:31,0,0
lens_blur,cxx_default_on_emitted_cpp,5eb72c8d,3,16,cxx_mul_to_div,lens_blur.halide_generated.cpp,9662,35,generator_specific,0,0,0,,,,0,15.307,cxx_mul_to_div:/mnt/scratch1/ardi/dsl_mut/HM-armc/mutation/lowered-cpp/lens_blur/lens_blur.halide_generated.cpp:9662:35,0,0
lens_blur,cxx_default_on_emitted_cpp,5eb72c8d,3,16,cxx_add_to_sub,lens_blur.halide_generated.cpp,8004,34,generator_specific,0,0,0,,,,0,15.429,cxx_add_to_sub:/mnt/scratch1/ardi/dsl_mut/HM-armc/mutation/lowered-cpp/lens_blur/lens_blur.halide_generated.cpp:8004:34,0,0
lens_blur,cxx_default_on_emitted_cpp,5eb72c8d,3,16,cxx_replace_scalar_call,lens_blur.halide_generated.cpp,12742,18,generator_specific,0,0,0,,,,0,15.379,cxx_replace_scalar_call:/mnt/scratch1/ardi/dsl_mut/HM-armc/mutation/lowered-cpp/lens_blur/lens_blur.halide_generated.cpp:12742:18,0,0
lens_blur,cxx_default_on_emitted_cpp,5eb72c8d,3,16,cxx_add_to_sub,lens_blur.halide_generated.cpp,4265,33,generator_specific,-11,1,,,,test1_demo,0,0.047,cxx_add_to_sub:/mnt/scratch1/ardi/dsl_mut/HM-armc/mutation/lowered-cpp/lens_blur/lens_blur.halide_generated.cpp:4265:33,0,1
lens_blur,cxx_default_on_emitted_cpp,5eb72c8d,3,16,cxx_replace_scalar_call,lens_blur.halide_generated.cpp,12427,18,generator_specific,0,0,1,,,test2_golden,0,15.381,cxx_replace_scalar_call:/mnt/scratch1/ardi/dsl_mut/HM-armc/mutation/lowered-cpp/lens_blur/lens_blur.halide_generated.cpp:12427:18,0,0
lens_blur,cxx_default_on_emitted_cpp,5eb72c8d,3,16,cxx_mul_to_div,lens_blur.halide_generated.cpp,9011,35,generator_specific,0,0,0,,,,0,15.647,cxx_mul_to_div:/mnt/scratch1/ardi/dsl_mut/HM-armc/mutation/lowered-cpp/lens_blur/lens_blur.halide_generated.cpp:9011:35,0,0
lens_blur,cxx_default_on_emitted_cpp,5eb72c8d,3,16,cxx_sub_to_add,lens_blur.halide_generated.cpp,13188,26,generator_specific,0,0,0,,,,0,15.377,cxx_sub_to_add:/mnt/scratch1/ardi/dsl_mut/HM-armc/mutation/lowered-cpp/lens_blur/lens_blur.halide_generated.cpp:13188:26,0,0
lens_blur,cxx_default_on_emitted_cpp,5eb72c8d,3,16,cxx_mul_to_div,lens_blur.halide_generated.cpp,5589,24,generator_specific,0,0,0,,,,0,15.364,cxx_mul_to_div:/mnt/scratch1/ardi/dsl_mut/HM-armc/mutation/lowered-cpp/lens_blur/lens_blur.halide_generated.cpp:5589:24,0,0
lens_blur,cxx_default_on_emitted_cpp,5eb72c8d,3,16,cxx_sub_to_add,lens_blur.halide_generated.cpp,4853,29,generator_specific,0,0,0,,,,0,15.517,cxx_sub_to_add:/mnt/scratch1/ardi/dsl_mut/HM-armc/mutation/lowered-cpp/lens_blur/lens_blur.halide_generated.cpp:4853:29,0,0
lens_blur,cxx_default_on_emitted_cpp,5eb72c8d,3,16,cxx_add_to_sub,lens_blur.halide_generated.cpp,7569,31,generator_specific,0,0,0,,,,0,15.257,cxx_add_to_sub:/mnt/scratch1/ardi/dsl_mut/HM-armc/mutation/lowered-cpp/lens_blur/lens_blur.halide_generated.cpp:7569:31,0,0
lens_blur,cxx_default_on_emitted_cpp,5eb72c8d,3,16,cxx_add_to_sub,lens_blur.halide_generated.cpp,13667,26,generator_specific,0,0,0,,,,0,15.276,cxx_add_to_sub:/mnt/scratch1/ardi/dsl_mut/HM-armc/mutation/lowered-cpp/lens_blur/lens_blur.halide_generated.cpp:13667:26,0,0
lens_blur,cxx_default_on_emitted_cpp,5eb72c8d,3,16,cxx_add_to_sub,lens_blur.halide_generated.cpp,7361,33,generator_specific,0,0,0,,,,0,15.709,cxx_add_to_sub:/mnt/scratch1/ardi/dsl_mut/HM-armc/mutation/lowered-cpp/lens_blur/lens_blur.halide_generated.cpp:7361:33,0,0
lens_blur,cxx_default_on_emitted_cpp,5eb72c8d,3,16,cxx_mul_to_div,lens_blur.halide_generated.cpp,10883,38,generator_specific,0,0,0,,,,0,15.299,cxx_mul_to_div:/mnt/scratch1/ardi/dsl_mut/HM-armc/mutation/lowered-cpp/lens_blur/lens_blur.halide_generated.cpp:10883:38,0,0
lens_blur,cxx_default_on_emitted_cpp,5eb72c8d,3,16,cxx_add_to_sub,lens_blur.halide_generated.cpp,7805,34,generator_specific,0,0,0,,,,0,15.354,cxx_add_to_sub:/mnt/scratch1/ardi/dsl_mut/HM-armc/mutation/lowered-cpp/lens_blur/lens_blur.halide_generated.cpp:7805:34,0,0
lens_blur,cxx_default_on_emitted_cpp,5eb72c8d,3,16,cxx_replace_scalar_call,lens_blur.halide_generated.cpp,5207,18,generator_specific,0,0,0,,,,0,15.599,cxx_replace_scalar_call:/mnt/scratch1/ardi/dsl_mut/HM-armc/mutation/lowered-cpp/lens_blur/lens_blur.halide_generated.cpp:5207:18,0,0
lens_blur,cxx_default_on_emitted_cpp,5eb72c8d,3,16,cxx_add_to_sub,lens_blur.halide_generated.cpp,12482,24,generator_specific,0,0,0,,,,0,15.271,cxx_add_to_sub:/mnt/scratch1/ardi/dsl_mut/HM-armc/mutation/lowered-cpp/lens_blur/lens_blur.halide_generated.cpp:12482:24,0,0
lens_blur,cxx_default_on_emitted_cpp,5eb72c8d,3,16,cxx_add_to_sub,lens_blur.halide_generated.cpp,14081,27,generator_specific,0,0,0,,,,0,15.490,cxx_add_to_sub:/mnt/scratch1/ardi/dsl_mut/HM-armc/mutation/lowered-cpp/lens_blur/lens_blur.halide_generated.cpp:14081:27,0,0
lens_blur,cxx_default_on_emitted_cpp,5eb72c8d,3,16,cxx_sub_to_add,lens_blur.halide_generated.cpp,13097,25,generator_specific,0,0,0,,,,0,15.447,cxx_sub_to_add:/mnt/scratch1/ardi/dsl_mut/HM-armc/mutation/lowered-cpp/lens_blur/lens_blur.halide_generated.cpp:13097:25,0,0
lens_blur,cxx_default_on_emitted_cpp,5eb72c8d,3,16,cxx_add_to_sub,lens_blur.halide_generated.cpp,8010,31,generator_specific,0,0,0,,,,0,15.420,cxx_add_to_sub:/mnt/scratch1/ardi/dsl_mut/HM-armc/mutation/lowered-cpp/lens_blur/lens_blur.halide_generated.cpp:8010:31,0,0
lens_blur,cxx_default_on_emitted_cpp,5eb72c8d,3,16,cxx_add_to_sub,lens_blur.halide_generated.cpp,12680,24,generator_specific,0,0,0,,,,0,15.395,cxx_add_to_sub:/mnt/scratch1/ardi/dsl_mut/HM-armc/mutation/lowered-cpp/lens_blur/lens_blur.halide_generated.cpp:12680:24,0,0
lens_blur,cxx_default_on_emitted_cpp,5eb72c8d,3,16,cxx_le_to_lt,lens_blur.halide_generated.cpp,13207,22,generator_specific,0,0,0,,,,0,15.417,cxx_le_to_lt:/mnt/scratch1/ardi/dsl_mut/HM-armc/mutation/lowered-cpp/lens_blur/lens_blur.halide_generated.cpp:13207:22,0,0
lens_blur,cxx_default_on_emitted_cpp,5eb72c8d,3,16,cxx_add_to_sub,lens_blur.halide_generated.cpp,6597,31,generator_specific,0,0,0,,,,0,15.394,cxx_add_to_sub:/mnt/scratch1/ardi/dsl_mut/HM-armc/mutation/lowered-cpp/lens_blur/lens_blur.halide_generated.cpp:6597:31,0,0
lens_blur,cxx_default_on_emitted_cpp,5eb72c8d,3,16,cxx_add_to_sub,lens_blur.halide_generated.cpp,8121,32,generator_specific,0,0,0,,,,0,15.347,cxx_add_to_sub:/mnt/scratch1/ardi/dsl_mut/HM-armc/mutation/lowered-cpp/lens_blur/lens_blur.halide_generated.cpp:8121:32,0,0
lens_blur,cxx_default_on_emitted_cpp,5eb72c8d,3,16,cxx_mul_to_div,lens_blur.halide_generated.cpp,11801,28,generator_specific,0,0,0,,,,0,15.612,cxx_mul_to_div:/mnt/scratch1/ardi/dsl_mut/HM-armc/mutation/lowered-cpp/lens_blur/lens_blur.halide_generated.cpp:11801:28,0,0
lens_blur,cxx_default_on_emitted_cpp,5eb72c8d,3,16,cxx_mul_to_div,lens_blur.halide_generated.cpp,5948,27,generator_specific,0,0,0,,,,0,15.461,cxx_mul_to_div:/mnt/scratch1/ardi/dsl_mut/HM-armc/mutation/lowered-cpp/lens_blur/lens_blur.halide_generated.cpp:5948:27,0,0
lens_blur,cxx_default_on_emitted_cpp,5eb72c8d,3,16,cxx_add_to_sub,lens_blur.halide_generated.cpp,6634,28,generator_specific,0,0,0,,,,0,15.397,cxx_add_to_sub:/mnt/scratch1/ardi/dsl_mut/HM-armc/mutation/lowered-cpp/lens_blur/lens_blur.halide_generated.cpp:6634:28,0,0
lens_blur,cxx_default_on_emitted_cpp,5eb72c8d,3,16,cxx_mul_to_div,lens_blur.halide_generated.cpp,8658,31,generator_specific,0,0,0,,,,0,15.475,cxx_mul_to_div:/mnt/scratch1/ardi/dsl_mut/HM-armc/mutation/lowered-cpp/lens_blur/lens_blur.halide_generated.cpp:8658:31,0,0
lens_blur,cxx_default_on_emitted_cpp,5eb72c8d,3,16,cxx_mul_to_div,lens_blur.halide_generated.cpp,11057,38,generator_specific,0,0,0,,,,0,15.332,cxx_mul_to_div:/mnt/scratch1/ardi/dsl_mut/HM-armc/mutation/lowered-cpp/lens_blur/lens_blur.halide_generated.cpp:11057:38,0,0
lens_blur,cxx_default_on_emitted_cpp,5eb72c8d,3,16,cxx_add_to_sub,lens_blur.halide_generated.cpp,3798,24,generator_specific,0,0,1,,,test2_golden,0,15.563,cxx_add_to_sub:/mnt/scratch1/ardi/dsl_mut/HM-armc/mutation/lowered-cpp/lens_blur/lens_blur.halide_generated.cpp:3798:24,0,0
lens_blur,cxx_default_on_emitted_cpp,5eb72c8d,3,16,cxx_replace_scalar_call,lens_blur.halide_generated.cpp,5184,18,generator_specific,0,0,0,,,,0,15.189,cxx_replace_scalar_call:/mnt/scratch1/ardi/dsl_mut/HM-armc/mutation/lowered-cpp/lens_blur/lens_blur.halide_generated.cpp:5184:18,0,0
lens_blur,cxx_default_on_emitted_cpp,5eb72c8d,3,16,cxx_remove_void_call,lens_blur.halide_generated.cpp,6197,6,generator_specific,0,0,0,,,,0,15.552,cxx_remove_void_call:/mnt/scratch1/ardi/dsl_mut/HM-armc/mutation/lowered-cpp/lens_blur/lens_blur.halide_generated.cpp:6197:6,0,0
lens_blur,cxx_default_on_emitted_cpp,5eb72c8d,3,16,cxx_add_to_sub,lens_blur.halide_generated.cpp,8247,33,generator_specific,0,0,0,,,,0,15.636,cxx_add_to_sub:/mnt/scratch1/ardi/dsl_mut/HM-armc/mutation/lowered-cpp/lens_blur/lens_blur.halide_generated.cpp:8247:33,0,0
lens_blur,cxx_default_on_emitted_cpp,5eb72c8d,3,16,cxx_add_to_sub,lens_blur.halide_generated.cpp,9895,37,generator_specific,0,0,0,,,,0,15.449,cxx_add_to_sub:/mnt/scratch1/ardi/dsl_mut/HM-armc/mutation/lowered-cpp/lens_blur/lens_blur.halide_generated.cpp:9895:37,0,0
lens_blur,cxx_default_on_emitted_cpp,5eb72c8d,3,16,cxx_gt_to_le,lens_blur.halide_generated.cpp,7247,75,generator_specific,-6,1,,,,test1_demo,0,0.265,cxx_gt_to_le:/mnt/scratch1/ardi/dsl_mut/HM-armc/mutation/lowered-cpp/lens_blur/lens_blur.halide_generated.cpp:7247:75,0,1
lens_blur,cxx_default_on_emitted_cpp,5eb72c8d,3,16,cxx_mul_to_div,lens_blur.halide_generated.cpp,6522,28,generator_specific,0,0,0,,,,0,15.574,cxx_mul_to_div:/mnt/scratch1/ardi/dsl_mut/HM-armc/mutation/lowered-cpp/lens_blur/lens_blur.halide_generated.cpp:6522:28,0,0
lens_blur,cxx_default_on_emitted_cpp,5eb72c8d,3,16,cxx_mul_to_div,lens_blur.halide_generated.cpp,14161,28,generator_specific,0,0,0,,,,0,15.393,cxx_mul_to_div:/mnt/scratch1/ardi/dsl_mut/HM-armc/mutation/lowered-cpp/lens_blur/lens_blur.halide_generated.cpp:14161:28,0,0
lens_blur,cxx_default_on_emitted_cpp,5eb72c8d,3,16,cxx_add_to_sub,lens_blur.halide_generated.cpp,11214,39,generator_specific,-11,1,,,,test1_demo,0,0.305,cxx_add_to_sub:/mnt/scratch1/ardi/dsl_mut/HM-armc/mutation/lowered-cpp/lens_blur/lens_blur.halide_generated.cpp:11214:39,0,1
lens_blur,cxx_default_on_emitted_cpp,5eb72c8d,3,16,cxx_sub_to_add,lens_blur.halide_generated.cpp,7526,29,generator_specific,0,0,0,,,,0,15.440,cxx_sub_to_add:/mnt/scratch1/ardi/dsl_mut/HM-armc/mutation/lowered-cpp/lens_blur/lens_blur.halide_generated.cpp:7526:29,0,0
lens_blur,cxx_default_on_emitted_cpp,5eb72c8d,3,16,cxx_add_to_sub,lens_blur.halide_generated.cpp,11330,38,generator_specific,0,0,0,,,,0,15.604,cxx_add_to_sub:/mnt/scratch1/ardi/dsl_mut/HM-armc/mutation/lowered-cpp/lens_blur/lens_blur.halide_generated.cpp:11330:38,0,0
lens_blur,cxx_default_on_emitted_cpp,5eb72c8d,3,16,cxx_add_to_sub,lens_blur.halide_generated.cpp,10235,35,generator_specific,0,0,0,,,,0,15.889,cxx_add_to_sub:/mnt/scratch1/ardi/dsl_mut/HM-armc/mutation/lowered-cpp/lens_blur/lens_blur.halide_generated.cpp:10235:35,0,0
lens_blur,cxx_default_on_emitted_cpp,5eb72c8d,3,16,cxx_post_inc_to_post_dec,lens_blur.halide_generated.cpp,4611,79,generator_specific,-11,1,,,,test1_demo,0,0.047,cxx_post_inc_to_post_dec:/mnt/scratch1/ardi/dsl_mut/HM-armc/mutation/lowered-cpp/lens_blur/lens_blur.halide_generated.cpp:4611:79,0,1
lens_blur,cxx_default_on_emitted_cpp,5eb72c8d,3,16,cxx_add_to_sub,lens_blur.halide_generated.cpp,5741,24,generator_specific,0,0,0,,,,0,15.517,cxx_add_to_sub:/mnt/scratch1/ardi/dsl_mut/HM-armc/mutation/lowered-cpp/lens_blur/lens_blur.halide_generated.cpp:5741:24,0,0
lens_blur,cxx_default_on_emitted_cpp,5eb72c8d,3,16,cxx_add_to_sub,lens_blur.halide_generated.cpp,10026,60,generator_specific,0,0,0,,,,0,16.676,cxx_add_to_sub:/mnt/scratch1/ardi/dsl_mut/HM-armc/mutation/lowered-cpp/lens_blur/lens_blur.halide_generated.cpp:10026:60,0,0
lens_blur,cxx_default_on_emitted_cpp,5eb72c8d,3,16,cxx_add_to_sub,lens_blur.halide_generated.cpp,6839,29,generator_specific,0,0,0,,,,0,16.095,cxx_add_to_sub:/mnt/scratch1/ardi/dsl_mut/HM-armc/mutation/lowered-cpp/lens_blur/lens_blur.halide_generated.cpp:6839:29,0,0
lens_blur,cxx_default_on_emitted_cpp,5eb72c8d,3,16,cxx_mul_to_div,lens_blur.halide_generated.cpp,6903,29,generator_specific,0,0,0,,,,0,15.885,cxx_mul_to_div:/mnt/scratch1/ardi/dsl_mut/HM-armc/mutation/lowered-cpp/lens_blur/lens_blur.halide_generated.cpp:6903:29,0,0
lens_blur,cxx_default_on_emitted_cpp,5eb72c8d,3,16,cxx_add_to_sub,lens_blur.halide_generated.cpp,8002,32,generator_specific,0,0,0,,,,0,15.481,cxx_add_to_sub:/mnt/scratch1/ardi/dsl_mut/HM-armc/mutation/lowered-cpp/lens_blur/lens_blur.halide_generated.cpp:8002:32,0,0
lens_blur,cxx_default_on_emitted_cpp,5eb72c8d,3,16,cxx_add_to_sub,lens_blur.halide_generated.cpp,12693,24,generator_specific,0,0,0,,,,0,16.884,cxx_add_to_sub:/mnt/scratch1/ardi/dsl_mut/HM-armc/mutation/lowered-cpp/lens_blur/lens_blur.halide_generated.cpp:12693:24,0,0
lens_blur,cxx_default_on_emitted_cpp,5eb72c8d,3,16,cxx_post_inc_to_post_dec,lens_blur.halide_generated.cpp,9353,80,generator_specific,-11,1,,,,test1_demo,0,0.267,cxx_post_inc_to_post_dec:/mnt/scratch1/ardi/dsl_mut/HM-armc/mutation/lowered-cpp/lens_blur/lens_blur.halide_generated.cpp:9353:80,0,1
lens_blur,cxx_default_on_emitted_cpp,5eb72c8d,3,16,cxx_add_to_sub,lens_blur.halide_generated.cpp,8630,31,generator_specific,0,0,0,,,,0,15.734,cxx_add_to_sub:/mnt/scratch1/ardi/dsl_mut/HM-armc/mutation/lowered-cpp/lens_blur/lens_blur.halide_generated.cpp:8630:31,0,0
lens_blur,cxx_default_on_emitted_cpp,5eb72c8d,3,16,cxx_replace_scalar_call,lens_blur.halide_generated.cpp,12571,18,generator_specific,0,0,0,,,,0,16.342,cxx_replace_scalar_call:/mnt/scratch1/ardi/dsl_mut/HM-armc/mutation/lowered-cpp/lens_blur/lens_blur.halide_generated.cpp:12571:18,0,0
lens_blur,cxx_default_on_emitted_cpp,5eb72c8d,3,16,cxx_remove_void_call,lens_blur.halide_generated.cpp,3908,5,generator_specific,0,0,1,,,test2_golden,0,16.377,cxx_remove_void_call:/mnt/scratch1/ardi/dsl_mut/HM-armc/mutation/lowered-cpp/lens_blur/lens_blur.halide_generated.cpp:3908:5,0,0
lens_blur,cxx_default_on_emitted_cpp,5eb72c8d,3,16,cxx_sub_to_add,lens_blur.halide_generated.cpp,4666,23,generator_specific,-11,1,,,,test1_demo,0,0.038,cxx_sub_to_add:/mnt/scratch1/ardi/dsl_mut/HM-armc/mutation/lowered-cpp/lens_blur/lens_blur.halide_generated.cpp:4666:23,0,1
lens_blur,cxx_default_on_emitted_cpp,5eb72c8d,3,16,cxx_mul_to_div,lens_blur.halide_generated.cpp,10092,36,generator_specific,0,0,0,,,,0,15.661,cxx_mul_to_div:/mnt/scratch1/ardi/dsl_mut/HM-armc/mutation/lowered-cpp/lens_blur/lens_blur.halide_generated.cpp:10092:36,0,0
lens_blur,cxx_default_on_emitted_cpp,5eb72c8d,3,16,cxx_add_to_sub,lens_blur.halide_generated.cpp,13003,26,generator_specific,0,0,0,,,,0,16.041,cxx_add_to_sub:/mnt/scratch1/ardi/dsl_mut/HM-armc/mutation/lowered-cpp/lens_blur/lens_blur.halide_generated.cpp:13003:26,0,0
lens_blur,cxx_default_on_emitted_cpp,5eb72c8d,3,16,cxx_mul_to_div,lens_blur.halide_generated.cpp,7715,29,generator_specific,0,0,0,,,,0,16.241,cxx_mul_to_div:/mnt/scratch1/ardi/dsl_mut/HM-armc/mutation/lowered-cpp/lens_blur/lens_blur.halide_generated.cpp:7715:29,0,0
lens_blur,cxx_default_on_emitted_cpp,5eb72c8d,3,16,cxx_add_to_sub,lens_blur.halide_generated.cpp,4684,25,generator_specific,-6,1,,,,test1_demo,0,1.126,cxx_add_to_sub:/mnt/scratch1/ardi/dsl_mut/HM-armc/mutation/lowered-cpp/lens_blur/lens_blur.halide_generated.cpp:4684:25,0,1
lens_blur,cxx_default_on_emitted_cpp,5eb72c8d,3,16,cxx_add_to_sub,lens_blur.halide_generated.cpp,8202,30,generator_specific,0,0,0,,,,0,15.606,cxx_add_to_sub:/mnt/scratch1/ardi/dsl_mut/HM-armc/mutation/lowered-cpp/lens_blur/lens_blur.halide_generated.cpp:8202:30,0,0
lens_blur,cxx_default_on_emitted_cpp,5eb72c8d,3,16,cxx_remove_void_call,lens_blur.halide_generated.cpp,10441,16,generator_specific,0,0,0,,,,0,15.337,cxx_remove_void_call:/mnt/scratch1/ardi/dsl_mut/HM-armc/mutation/lowered-cpp/lens_blur/lens_blur.halide_generated.cpp:10441:16,0,0
lens_blur,cxx_default_on_emitted_cpp,5eb72c8d,3,16,cxx_gt_to_le,lens_blur.halide_generated.cpp,13064,22,generator_specific,-6,1,,,,test1_demo,0,0.018,cxx_gt_to_le:/mnt/scratch1/ardi/dsl_mut/HM-armc/mutation/lowered-cpp/lens_blur/lens_blur.halide_generated.cpp:13064:22,0,1
lens_blur,cxx_default_on_emitted_cpp,5eb72c8d,3,16,cxx_sub_to_add,lens_blur.halide_generated.cpp,13485,26,generator_specific,0,0,1,,,test2_golden,0,15.387,cxx_sub_to_add:/mnt/scratch1/ardi/dsl_mut/HM-armc/mutation/lowered-cpp/lens_blur/lens_blur.halide_generated.cpp:13485:26,0,0
lens_blur,cxx_default_on_emitted_cpp,5eb72c8d,3,16,cxx_add_to_sub,lens_blur.halide_generated.cpp,12975,25,generator_specific,0,0,0,,,,0,15.449,cxx_add_to_sub:/mnt/scratch1/ardi/dsl_mut/HM-armc/mutation/lowered-cpp/lens_blur/lens_blur.halide_generated.cpp:12975:25,0,0
lens_blur,cxx_default_on_emitted_cpp,5eb72c8d,3,16,cxx_add_to_sub,lens_blur.halide_generated.cpp,6730,27,generator_specific,0,0,0,,,,0,15.320,cxx_add_to_sub:/mnt/scratch1/ardi/dsl_mut/HM-armc/mutation/lowered-cpp/lens_blur/lens_blur.halide_generated.cpp:6730:27,0,0
lens_blur,cxx_default_on_emitted_cpp,5eb72c8d,3,16,cxx_mul_to_div,lens_blur.halide_generated.cpp,5242,24,generator_specific,0,0,0,,,,0,15.510,cxx_mul_to_div:/mnt/scratch1/ardi/dsl_mut/HM-armc/mutation/lowered-cpp/lens_blur/lens_blur.halide_generated.cpp:5242:24,0,0
lens_blur,cxx_default_on_emitted_cpp,5eb72c8d,3,16,cxx_add_to_sub,lens_blur.halide_generated.cpp,7909,59,generator_specific,0,0,0,,,,0,15.564,cxx_add_to_sub:/mnt/scratch1/ardi/dsl_mut/HM-armc/mutation/lowered-cpp/lens_blur/lens_blur.halide_generated.cpp:7909:59,0,0
lens_blur,cxx_default_on_emitted_cpp,5eb72c8d,3,16,cxx_sub_to_add,lens_blur.halide_generated.cpp,6945,30,generator_specific,0,0,0,,,,0,15.332,cxx_sub_to_add:/mnt/scratch1/ardi/dsl_mut/HM-armc/mutation/lowered-cpp/lens_blur/lens_blur.halide_generated.cpp:6945:30,0,0
lens_blur,cxx_default_on_emitted_cpp,5eb72c8d,3,16,cxx_add_to_sub,lens_blur.halide_generated.cpp,7318,33,generator_specific,0,0,0,,,,0,15.349,cxx_add_to_sub:/mnt/scratch1/ardi/dsl_mut/HM-armc/mutation/lowered-cpp/lens_blur/lens_blur.halide_generated.cpp:7318:33,0,0
lens_blur,cxx_default_on_emitted_cpp,5eb72c8d,3,16,cxx_add_to_sub,lens_blur.halide_generated.cpp,12745,24,generator_specific,0,0,0,,,,0,15.430,cxx_add_to_sub:/mnt/scratch1/ardi/dsl_mut/HM-armc/mutation/lowered-cpp/lens_blur/lens_blur.halide_generated.cpp:12745:24,0,0
lens_blur,cxx_default_on_emitted_cpp,5eb72c8d,3,16,cxx_add_to_sub,lens_blur.halide_generated.cpp,7816,34,generator_specific,0,0,0,,,,0,15.182,cxx_add_to_sub:/mnt/scratch1/ardi/dsl_mut/HM-armc/mutation/lowered-cpp/lens_blur/lens_blur.halide_generated.cpp:7816:34,0,0
lens_blur,cxx_default_on_emitted_cpp,5eb72c8d,3,16,cxx_add_to_sub,lens_blur.halide_generated.cpp,11729,29,generator_specific,0,0,0,,,,0,15.813,cxx_add_to_sub:/mnt/scratch1/ardi/dsl_mut/HM-armc/mutation/lowered-cpp/lens_blur/lens_blur.halide_generated.cpp:11729:29,0,0
lens_blur,cxx_default_on_emitted_cpp,5eb72c8d,3,16,cxx_sub_to_add,lens_blur.halide_generated.cpp,10464,37,generator_specific,0,0,0,,,,0,15.841,cxx_sub_to_add:/mnt/scratch1/ardi/dsl_mut/HM-armc/mutation/lowered-cpp/lens_blur/lens_blur.halide_generated.cpp:10464:37,0,0
lens_blur,cxx_default_on_emitted_cpp,5eb72c8d,3,16,cxx_add_to_sub,lens_blur.halide_generated.cpp,8821,31,generator_specific,0,0,0,,,,0,15.355,cxx_add_to_sub:/mnt/scratch1/ardi/dsl_mut/HM-armc/mutation/lowered-cpp/lens_blur/lens_blur.halide_generated.cpp:8821:31,0,0
lens_blur,cxx_default_on_emitted_cpp,5eb72c8d,3,16,cxx_remove_void_call,lens_blur.halide_generated.cpp,7167,8,generator_specific,0,0,0,,,,0,15.658,cxx_remove_void_call:/mnt/scratch1/ardi/dsl_mut/HM-armc/mutation/lowered-cpp/lens_blur/lens_blur.halide_generated.cpp:7167:8,0,0
lens_blur,cxx_default_on_emitted_cpp,5eb72c8d,3,16,cxx_add_to_sub,lens_blur.halide_generated.cpp,5958,55,generator_specific,0,0,0,,,,0,15.491,cxx_add_to_sub:/mnt/scratch1/ardi/dsl_mut/HM-armc/mutation/lowered-cpp/lens_blur/lens_blur.halide_generated.cpp:5958:55,0,0
lens_blur,cxx_default_on_emitted_cpp,5eb72c8d,3,16,cxx_mul_to_div,lens_blur.halide_generated.cpp,12207,34,generator_specific,0,0,1,,,test2_golden,0,15.333,cxx_mul_to_div:/mnt/scratch1/ardi/dsl_mut/HM-armc/mutation/lowered-cpp/lens_blur/lens_blur.halide_generated.cpp:12207:34,0,0
lens_blur,cxx_default_on_emitted_cpp,5eb72c8d,3,16,cxx_mul_to_div,lens_blur.halide_generated.cpp,10724,47,generator_specific,0,0,0,,,,0,15.456,cxx_mul_to_div:/mnt/scratch1/ardi/dsl_mut/HM-armc/mutation/lowered-cpp/lens_blur/lens_blur.halide_generated.cpp:10724:47,0,0
lens_blur,cxx_default_on_emitted_cpp,5eb72c8d,3,16,cxx_add_to_sub,lens_blur.halide_generated.cpp,9579,36,generator_specific,0,0,0,,,,0,15.266,cxx_add_to_sub:/mnt/scratch1/ardi/dsl_mut/HM-armc/mutation/lowered-cpp/lens_blur/lens_blur.halide_generated.cpp:9579:36,0,0
lens_blur,cxx_default_on_emitted_cpp,5eb72c8d,3,16,cxx_le_to_lt,lens_blur.halide_generated.cpp,12998,22,generator_specific,0,0,1,,,test2_golden,0,0.043,cxx_le_to_lt:/mnt/scratch1/ardi/dsl_mut/HM-armc/mutation/lowered-cpp/lens_blur/lens_blur.halide_generated.cpp:12998:22,0,0
lens_blur,cxx_default_on_emitted_cpp,5eb72c8d,3,16,cxx_add_to_sub,lens_blur.halide_generated.cpp,9289,34,generator_specific,-6,1,,,,test1_demo,0,0.250,cxx_add_to_sub:/mnt/scratch1/ardi/dsl_mut/HM-armc/mutation/lowered-cpp/lens_blur/lens_blur.halide_generated.cpp:9289:34,0,1
lens_blur,cxx_default_on_emitted_cpp,5eb72c8d,3,16,cxx_mul_to_div,lens_blur.halide_generated.cpp,10459,37,generator_specific,0,0,0,,,,0,15.566,cxx_mul_to_div:/mnt/scratch1/ardi/dsl_mut/HM-armc/mutation/lowered-cpp/lens_blur/lens_blur.halide_generated.cpp:10459:37,0,0
lens_blur,cxx_default_on_emitted_cpp,5eb72c8d,3,16,cxx_mul_to_div,lens_blur.halide_generated.cpp,11706,28,generator_specific,0,0,0,,,,0,15.683,cxx_mul_to_div:/mnt/scratch1/ardi/dsl_mut/HM-armc/mutation/lowered-cpp/lens_blur/lens_blur.halide_generated.cpp:11706:28,0,0
lens_blur,cxx_default_on_emitted_cpp,5eb72c8d,3,16,cxx_add_to_sub,lens_blur.halide_generated.cpp,14141,28,generator_specific,0,0,0,,,,0,15.303,cxx_add_to_sub:/mnt/scratch1/ardi/dsl_mut/HM-armc/mutation/lowered-cpp/lens_blur/lens_blur.halide_generated.cpp:14141:28,0,0
lens_blur,cxx_default_on_emitted_cpp,5eb72c8d,3,16,cxx_mul_to_div,lens_blur.halide_generated.cpp,9381,35,generator_specific,0,0,0,,,,0,15.657,cxx_mul_to_div:/mnt/scratch1/ardi/dsl_mut/HM-armc/mutation/lowered-cpp/lens_blur/lens_blur.halide_generated.cpp:9381:35,0,0
lens_blur,cxx_default_on_emitted_cpp,5eb72c8d,3,16,cxx_remove_void_call,lens_blur.halide_generated.cpp,6426,7,generator_specific,0,0,0,,,,0,15.231,cxx_remove_void_call:/mnt/scratch1/ardi/dsl_mut/HM-armc/mutation/lowered-cpp/lens_blur/lens_blur.halide_generated.cpp:6426:7,0,0
lens_blur,cxx_default_on_emitted_cpp,5eb72c8d,3,16,cxx_add_to_sub,lens_blur.halide_generated.cpp,11074,39,generator_specific,0,0,0,,,,0,15.437,cxx_add_to_sub:/mnt/scratch1/ardi/dsl_mut/HM-armc/mutation/lowered-cpp/lens_blur/lens_blur.halide_generated.cpp:11074:39,0,0
lens_blur,cxx_default_on_emitted_cpp,5eb72c8d,3,16,cxx_sub_to_add,lens_blur.halide_generated.cpp,13478,26,generator_specific,0,0,0,,,,0,15.300,cxx_sub_to_add:/mnt/scratch1/ardi/dsl_mut/HM-armc/mutation/lowered-cpp/lens_blur/lens_blur.halide_generated.cpp:13478:26,0,0
lens_blur,cxx_default_on_emitted_cpp,5eb72c8d,3,16,cxx_sub_to_add,lens_blur.halide_generated.cpp,4274,24,generator_specific,0,0,0,,,,0,15.295,cxx_sub_to_add:/mnt/scratch1/ardi/dsl_mut/HM-armc/mutation/lowered-cpp/lens_blur/lens_blur.halide_generated.cpp:4274:24,0,0
lens_blur,cxx_default_on_emitted_cpp,5eb72c8d,3,16,cxx_add_to_sub,lens_blur.halide_generated.cpp,13784,26,generator_specific,0,0,0,,,,0,15.366,cxx_add_to_sub:/mnt/scratch1/ardi/dsl_mut/HM-armc/mutation/lowered-cpp/lens_blur/lens_blur.halide_generated.cpp:13784:26,0,0
lens_blur,cxx_default_on_emitted_cpp,5eb72c8d,3,16,cxx_add_to_sub,lens_blur.halide_generated.cpp,6826,32,generator_specific,0,0,0,,,,0,15.587,cxx_add_to_sub:/mnt/scratch1/ardi/dsl_mut/HM-armc/mutation/lowered-cpp/lens_blur/lens_blur.halide_generated.cpp:6826:32,0,0
lens_blur,cxx_default_on_emitted_cpp,5eb72c8d,3,16,cxx_div_to_mul,lens_blur.halide_generated.cpp,12335,27,generator_specific,0,0,1,,,test2_golden,0,15.741,cxx_div_to_mul:/mnt/scratch1/ardi/dsl_mut/HM-armc/mutation/lowered-cpp/lens_blur/lens_blur.halide_generated.cpp:12335:27,0,0
lens_blur,cxx_default_on_emitted_cpp,5eb72c8d,3,16,cxx_replace_scalar_call,lens_blur.halide_generated.cpp,12643,18,generator_specific,0,0,0,,,,0,15.447,cxx_replace_scalar_call:/mnt/scratch1/ardi/dsl_mut/HM-armc/mutation/lowered-cpp/lens_blur/lens_blur.halide_generated.cpp:12643:18,0,0
lens_blur,cxx_default_on_emitted_cpp,5eb72c8d,3,16,cxx_sub_to_add,lens_blur.halide_generated.cpp,8019,30,generator_specific,0,0,0,,,,0,15.621,cxx_sub_to_add:/mnt/scratch1/ardi/dsl_mut/HM-armc/mutation/lowered-cpp/lens_blur/lens_blur.halide_generated.cpp:8019:30,0,0
lens_blur,cxx_default_on_emitted_cpp,5eb72c8d,3,16,cxx_add_to_sub,lens_blur.halide_generated.cpp,5625,29,generator_specific,-11,1,,,,test1_demo,0,0.371,cxx_add_to_sub:/mnt/scratch1/ardi/dsl_mut/HM-armc/mutation/lowered-cpp/lens_blur/lens_blur.halide_generated.cpp:5625:29,0,1
lens_blur,cxx_default_on_emitted_cpp,5eb72c8d,3,16,cxx_gt_to_ge,lens_blur.halide_generated.cpp,7245,30,generator_specific,0,0,0,,,,0,15.656,cxx_gt_to_ge:/mnt/scratch1/ardi/dsl_mut/HM-armc/mutation/lowered-cpp/lens_blur/lens_blur.halide_generated.cpp:7245:30,0,0
lens_blur,cxx_default_on_emitted_cpp,5eb72c8d,3,16,cxx_add_to_sub,lens_blur.halide_generated.cpp,3795,23,generator_specific,0,0,1,,,test2_golden,0,16.118,cxx_add_to_sub:/mnt/scratch1/ardi/dsl_mut/HM-armc/mutation/lowered-cpp/lens_blur/lens_blur.halide_generated.cpp:3795:23,0,0
lens_blur,cxx_default_on_emitted_cpp,5eb72c8d,3,16,cxx_add_to_sub,lens_blur.halide_generated.cpp,7943,31,generator_specific,0,0,0,,,,0,15.315,cxx_add_to_sub:/mnt/scratch1/ardi/dsl_mut/HM-armc/mutation/lowered-cpp/lens_blur/lens_blur.halide_generated.cpp:7943:31,0,0
lens_blur,cxx_default_on_emitted_cpp,5eb72c8d,3,16,cxx_replace_scalar_call,lens_blur.halide_generated.cpp,13298,20,generator_specific,0,0,0,,,,0,15.200,cxx_replace_scalar_call:/mnt/scratch1/ardi/dsl_mut/HM-armc/mutation/lowered-cpp/lens_blur/lens_blur.halide_generated.cpp:13298:20,0,0
lens_blur,cxx_default_on_emitted_cpp,5eb72c8d,3,16,cxx_add_to_sub,lens_blur.halide_generated.cpp,5142,23,generator_specific,0,0,0,,,,0,15.346,cxx_add_to_sub:/mnt/scratch1/ardi/dsl_mut/HM-armc/mutation/lowered-cpp/lens_blur/lens_blur.halide_generated.cpp:5142:23,0,0
lens_blur,cxx_default_on_emitted_cpp,5eb72c8d,3,16,cxx_add_to_sub,lens_blur.halide_generated.cpp,5946,27,generator_specific,0,0,0,,,,0,15.972,cxx_add_to_sub:/mnt/scratch1/ardi/dsl_mut/HM-armc/mutation/lowered-cpp/lens_blur/lens_blur.halide_generated.cpp:5946:27,0,0
lens_blur,cxx_default_on_emitted_cpp,5eb72c8d,3,16,cxx_add_to_sub,lens_blur.halide_generated.cpp,6233,25,generator_specific,0,0,0,,,,0,15.302,cxx_add_to_sub:/mnt/scratch1/ardi/dsl_mut/HM-armc/mutation/lowered-cpp/lens_blur/lens_blur.halide_generated.cpp:6233:25,0,0
lens_blur,cxx_default_on_emitted_cpp,5eb72c8d,3,16,cxx_add_to_sub,lens_blur.halide_generated.cpp,9258,32,generator_specific,0,0,0,,,,0,15.442,cxx_add_to_sub:/mnt/scratch1/ardi/dsl_mut/HM-armc/mutation/lowered-cpp/lens_blur/lens_blur.halide_generated.cpp:9258:32,0,0
lens_blur,cxx_default_on_emitted_cpp,5eb72c8d,3,16,cxx_mul_to_div,lens_blur.halide_generated.cpp,9207,34,generator_specific,0,0,0,,,,0,15.751,cxx_mul_to_div:/mnt/scratch1/ardi/dsl_mut/HM-armc/mutation/lowered-cpp/lens_blur/lens_blur.halide_generated.cpp:9207:34,0,0
lens_blur,cxx_default_on_emitted_cpp,5eb72c8d,3,16,cxx_mul_to_div,lens_blur.halide_generated.cpp,7665,29,generator_specific,0,0,0,,,,0,15.315,cxx_mul_to_div:/mnt/scratch1/ardi/dsl_mut/HM-armc/mutation/lowered-cpp/lens_blur/lens_blur.halide_generated.cpp:7665:29,0,0
lens_blur,cxx_default_on_emitted_cpp,5eb72c8d,3,16,cxx_replace_scalar_call,lens_blur.halide_generated.cpp,5101,17,generator_specific,0,0,0,,,,0,15.629,cxx_replace_scalar_call:/mnt/scratch1/ardi/dsl_mut/HM-armc/mutation/lowered-cpp/lens_blur/lens_blur.halide_generated.cpp:5101:17,0,0
lens_blur,cxx_default_on_emitted_cpp,5eb72c8d,3,16,cxx_add_to_sub,lens_blur.halide_generated.cpp,6094,28,generator_specific,0,0,0,,,,0,15.235,cxx_add_to_sub:/mnt/scratch1/ardi/dsl_mut/HM-armc/mutation/lowered-cpp/lens_blur/lens_blur.halide_generated.cpp:6094:28,0,0
lens_blur,cxx_default_on_emitted_cpp,5eb72c8d,3,16,cxx_add_to_sub,lens_blur.halide_generated.cpp,9830,36,generator_specific,0,0,1,,,test2_golden,0,15.417,cxx_add_to_sub:/mnt/scratch1/ardi/dsl_mut/HM-armc/mutation/lowered-cpp/lens_blur/lens_blur.halide_generated.cpp:9830:36,0,0
lens_blur,cxx_default_on_emitted_cpp,5eb72c8d,3,16,cxx_add_to_sub,lens_blur.halide_generated.cpp,7021,32,generator_specific,0,0,0,,,,0,15.785,cxx_add_to_sub:/mnt/scratch1/ardi/dsl_mut/HM-armc/mutation/lowered-cpp/lens_blur/lens_blur.halide_generated.cpp:7021:32,0,0
lens_blur,cxx_default_on_emitted_cpp,5eb72c8d,3,16,cxx_add_to_sub,lens_blur.halide_generated.cpp,7865,32,generator_specific,0,0,0,,,,0,15.193,cxx_add_to_sub:/mnt/scratch1/ardi/dsl_mut/HM-armc/mutation/lowered-cpp/lens_blur/lens_blur.halide_generated.cpp:7865:32,0,0
lens_blur,cxx_default_on_emitted_cpp,5eb72c8d,3,16,cxx_add_to_sub,lens_blur.halide_generated.cpp,9178,35,generator_specific,0,0,1,,,test2_golden,0,15.518,cxx_add_to_sub:/mnt/scratch1/ardi/dsl_mut/HM-armc/mutation/lowered-cpp/lens_blur/lens_blur.halide_generated.cpp:9178:35,0,0
lens_blur,cxx_default_on_emitted_cpp,5eb72c8d,3,16,cxx_add_to_sub,lens_blur.halide_generated.cpp,10088,37,generator_specific,0,0,1,,,test2_golden,0,15.843,cxx_add_to_sub:/mnt/scratch1/ardi/dsl_mut/HM-armc/mutation/lowered-cpp/lens_blur/lens_blur.halide_generated.cpp:10088:37,0,0
lens_blur,cxx_default_on_emitted_cpp,5eb72c8d,3,16,cxx_lt_to_le,lens_blur.halide_generated.cpp,3371,30,boilerplate,0,0,0,,,,0,17.258,cxx_lt_to_le:/mnt/scratch1/ardi/dsl_mut/HM-armc/mutation/lowered-cpp/lens_blur/lens_blur.halide_generated.cpp:3371:30,0,0
lens_blur,cxx_default_on_emitted_cpp,5eb72c8d,3,16,cxx_mul_to_div,lens_blur.halide_generated.cpp,13654,26,generator_specific,0,0,0,,,,0,15.322,cxx_mul_to_div:/mnt/scratch1/ardi/dsl_mut/HM-armc/mutation/lowered-cpp/lens_blur/lens_blur.halide_generated.cpp:13654:26,0,0
lens_blur,cxx_default_on_emitted_cpp,5eb72c8d,3,16,cxx_add_to_sub,lens_blur.halide_generated.cpp,13872,26,generator_specific,0,0,0,,,,0,15.526,cxx_add_to_sub:/mnt/scratch1/ardi/dsl_mut/HM-armc/mutation/lowered-cpp/lens_blur/lens_blur.halide_generated.cpp:13872:26,0,0
lens_blur,cxx_default_on_emitted_cpp,5eb72c8d,3,16,cxx_sub_to_add,lens_blur.halide_generated.cpp,5816,27,generator_specific,0,0,0,,,,0,14.810,cxx_sub_to_add:/mnt/scratch1/ardi/dsl_mut/HM-armc/mutation/lowered-cpp/lens_blur/lens_blur.halide_generated.cpp:5816:27,0,0
lens_blur,cxx_default_on_emitted_cpp,5eb72c8d,3,16,cxx_add_to_sub,lens_blur.halide_generated.cpp,5280,24,generator_specific,0,0,0,,,,0,15.515,cxx_add_to_sub:/mnt/scratch1/ardi/dsl_mut/HM-armc/mutation/lowered-cpp/lens_blur/lens_blur.halide_generated.cpp:5280:24,0,0
lens_blur,cxx_default_on_emitted_cpp,5eb72c8d,3,16,cxx_add_to_sub,lens_blur.halide_generated.cpp,12048,26,generator_specific,0,0,0,,,,0,12.896,cxx_add_to_sub:/mnt/scratch1/ardi/dsl_mut/HM-armc/mutation/lowered-cpp/lens_blur/lens_blur.halide_generated.cpp:12048:26,0,0
lens_blur,cxx_default_on_emitted_cpp,5eb72c8d,3,16,cxx_sub_to_add,lens_blur.halide_generated.cpp,12686,24,generator_specific,0,0,0,,,,0,12.607,cxx_sub_to_add:/mnt/scratch1/ardi/dsl_mut/HM-armc/mutation/lowered-cpp/lens_blur/lens_blur.halide_generated.cpp:12686:24,0,0
lens_blur,cxx_default_on_emitted_cpp,5eb72c8d,3,16,cxx_add_to_sub,lens_blur.halide_generated.cpp,6742,26,generator_specific,0,0,0,,,,0,12.657,cxx_add_to_sub:/mnt/scratch1/ardi/dsl_mut/HM-armc/mutation/lowered-cpp/lens_blur/lens_blur.halide_generated.cpp:6742:26,0,0
lens_blur,cxx_default_on_emitted_cpp,5eb72c8d,3,16,cxx_add_to_sub,lens_blur.halide_generated.cpp,10489,38,generator_specific,0,0,0,,,,0,12.525,cxx_add_to_sub:/mnt/scratch1/ardi/dsl_mut/HM-armc/mutation/lowered-cpp/lens_blur/lens_blur.halide_generated.cpp:10489:38,0,0
lens_blur,cxx_default_on_emitted_cpp,5eb72c8d,3,16,cxx_sub_to_add,lens_blur.halide_generated.cpp,14222,28,generator_specific,0,0,0,,,,0,12.668,cxx_sub_to_add:/mnt/scratch1/ardi/dsl_mut/HM-armc/mutation/lowered-cpp/lens_blur/lens_blur.halide_generated.cpp:14222:28,0,0
lens_blur,cxx_default_on_emitted_cpp,5eb72c8d,3,16,cxx_add_to_sub,lens_blur.halide_generated.cpp,4581,27,generator_specific,0,0,1,,,test2_golden,0,12.640,cxx_add_to_sub:/mnt/scratch1/ardi/dsl_mut/HM-armc/mutation/lowered-cpp/lens_blur/lens_blur.halide_generated.cpp:4581:27,0,0
lens_blur,cxx_default_on_emitted_cpp,5eb72c8d,3,16,cxx_mul_to_div,lens_blur.halide_generated.cpp,11286,38,generator_specific,0,0,0,,,,0,12.772,cxx_mul_to_div:/mnt/scratch1/ardi/dsl_mut/HM-armc/mutation/lowered-cpp/lens_blur/lens_blur.halide_generated.cpp:11286:38,0,0
lens_blur,cxx_default_on_emitted_cpp,5eb72c8d,3,16,cxx_add_to_sub,lens_blur.halide_generated.cpp,11222,38,generator_specific,0,0,0,,,,0,12.513,cxx_add_to_sub:/mnt/scratch1/ardi/dsl_mut/HM-armc/mutation/lowered-cpp/lens_blur/lens_blur.halide_generated.cpp:11222:38,0,0
lens_blur,cxx_default_on_emitted_cpp,5eb72c8d,3,16,cxx_add_to_sub,lens_blur.halide_generated.cpp,7341,31,generator_specific,0,0,0,,,,0,12.659,cxx_add_to_sub:/mnt/scratch1/ardi/dsl_mut/HM-armc/mutation/lowered-cpp/lens_blur/lens_blur.halide_generated.cpp:7341:31,0,0
lens_blur,cxx_default_on_emitted_cpp,5eb72c8d,3,16,cxx_add_to_sub,lens_blur.halide_generated.cpp,3684,22,generator_specific,0,0,1,,,test2_golden,0,12.802,cxx_add_to_sub:/mnt/scratch1/ardi/dsl_mut/HM-armc/mutation/lowered-cpp/lens_blur/lens_blur.halide_generated.cpp:3684:22,0,0
lens_blur,cxx_default_on_emitted_cpp,5eb72c8d,3,16,cxx_add_to_sub,lens_blur.halide_generated.cpp,8609,31,generator_specific,0,0,0,,,,0,12.438,cxx_add_to_sub:/mnt/scratch1/ardi/dsl_mut/HM-armc/mutation/lowered-cpp/lens_blur/lens_blur.halide_generated.cpp:8609:31,0,0
lens_blur,cxx_default_on_emitted_cpp,5eb72c8d,3,16,cxx_lt_to_ge,lens_blur.halide_generated.cpp,9571,55,generator_specific,0,0,1,,,test2_golden,0,12.898,cxx_lt_to_ge:/mnt/scratch1/ardi/dsl_mut/HM-armc/mutation/lowered-cpp/lens_blur/lens_blur.halide_generated.cpp:9571:55,0,0
lens_blur,cxx_default_on_emitted_cpp,5eb72c8d,3,16,cxx_remove_void_call,lens_blur.halide_generated.cpp,3715,5,generator_specific,0,0,1,,,test2_golden,0,12.668,cxx_remove_void_call:/mnt/scratch1/ardi/dsl_mut/HM-armc/mutation/lowered-cpp/lens_blur/lens_blur.halide_generated.cpp:3715:5,0,0
lens_blur,cxx_default_on_emitted_cpp,5eb72c8d,3,16,cxx_mul_to_div,lens_blur.halide_generated.cpp,12780,25,generator_specific,0,0,0,,,,0,12.547,cxx_mul_to_div:/mnt/scratch1/ardi/dsl_mut/HM-armc/mutation/lowered-cpp/lens_blur/lens_blur.halide_generated.cpp:12780:25,0,0
lens_blur,cxx_default_on_emitted_cpp,5eb72c8d,3,16,cxx_add_to_sub,lens_blur.halide_generated.cpp,6561,27,generator_specific,0,0,0,,,,0,12.733,cxx_add_to_sub:/mnt/scratch1/ardi/dsl_mut/HM-armc/mutation/lowered-cpp/lens_blur/lens_blur.halide_generated.cpp:6561:27,0,0
lens_blur,cxx_default_on_emitted_cpp,5eb72c8d,3,16,cxx_remove_void_call,lens_blur.halide_generated.cpp,285,13,boilerplate,0,0,0,,,,0,12.929,cxx_remove_void_call:/mnt/scratch1/ardi/dsl_mut/HM-armc/mutation/lowered-cpp/lens_blur/lens_blur.halide_generated.cpp:285:13,0,0
lens_blur,cxx_default_on_emitted_cpp,5eb72c8d,3,16,cxx_sub_to_add,lens_blur.halide_generated.cpp,4096,26,generator_specific,0,0,0,,,,0,12.676,cxx_sub_to_add:/mnt/scratch1/ardi/dsl_mut/HM-armc/mutation/lowered-cpp/lens_blur/lens_blur.halide_generated.cpp:4096:26,0,0
lens_blur,cxx_default_on_emitted_cpp,5eb72c8d,3,16,cxx_sub_to_add,lens_blur.halide_generated.cpp,8861,33,generator_specific,0,0,0,,,,0,12.709,cxx_sub_to_add:/mnt/scratch1/ardi/dsl_mut/HM-armc/mutation/lowered-cpp/lens_blur/lens_blur.halide_generated.cpp:8861:33,0,0
lens_blur,cxx_default_on_emitted_cpp,5eb72c8d,3,16,cxx_sub_to_add,lens_blur.halide_generated.cpp,8883,33,generator_specific,0,0,1,,,test2_golden,0,13.087,cxx_sub_to_add:/mnt/scratch1/ardi/dsl_mut/HM-armc/mutation/lowered-cpp/lens_blur/lens_blur.halide_generated.cpp:8883:33,0,0
lens_blur,cxx_default_on_emitted_cpp,5eb72c8d,3,16,cxx_gt_to_le,lens_blur.halide_generated.cpp,9749,36,generator_specific,0,0,0,,,,0,14.010,cxx_gt_to_le:/mnt/scratch1/ardi/dsl_mut/HM-armc/mutation/lowered-cpp/lens_blur/lens_blur.halide_generated.cpp:9749:36,0,0
