app,route,mutant_uid,op_id,file,line,column,target,ordinal_this_run,stage_compile,tce,stage_link,test1_demo,test2_golden,test2_written,test3_perf,killed_by,killed,resolved,resolution,exit_code,wall_seconds,perf_median,artifact_digest,note
resize,ast_emitted,64d5f1aebc953fea,cxx_rel_swap,resize_box_uint8_down.halide_generated.cpp,183,29,operator== -> operator>,m003_cxx_rel_swap_operator_gt,COMPILE_FAIL,,OK,NOT_RUN,NOT_RUN,NOT_RUN,NOT_RUN,,0,0,,,,,,"the compiler rejected the mutant -- a kill category only staged compilation produces, not a test kill"
resize,ast_emitted,d225f6d62a3761d8,cxx_rel_swap,resize_box_uint8_down.halide_generated.cpp,183,29,operator== -> operator<,m001_cxx_rel_swap_operator_lt,COMPILE_FAIL,,OK,NOT_RUN,NOT_RUN,NOT_RUN,NOT_RUN,,0,0,,,,,,"the compiler rejected the mutant -- a kill category only staged compilation produces, not a test kill"
resize,ast_emitted,009578ae20323400,cxx_rel_swap,resize_box_uint8_down.halide_generated.cpp,183,29,operator== -> operator!=,m005_cxx_rel_swap_operator_not_eq,COMPILE_FAIL,,OK,NOT_RUN,NOT_RUN,NOT_RUN,NOT_RUN,,0,0,,,,,,"the compiler rejected the mutant -- a kill category only staged compilation produces, not a test kill"
resize,ast_emitted,81ec580507002359,cxx_rel_swap,resize_box_uint8_down.halide_generated.cpp,183,29,operator== -> operator>=,m004_cxx_rel_swap_operator_gt_eq,OK,b7b5ea7b4ae88f3e,OK,NOT_RUN,NOT_RUN,NOT_RUN,NOT_RUN,,0,1,equivalent_tce,,,,,bit-identical machine code at -O2: no test can distinguish it
resize,ast_emitted,6c60c15b5e71aaf6,cxx_rel_swap,resize_box_uint8_down.halide_generated.cpp,196,14,operator!= -> operator>,m008_cxx_rel_swap_operator_gt,OK,b7b5ea7b4ae88f3e,OK,NOT_RUN,NOT_RUN,NOT_RUN,NOT_RUN,,0,1,equivalent_tce,,,,,bit-identical machine code at -O2: no test can distinguish it
resize,ast_emitted,281e684aede882f7,cxx_rel_swap,resize_box_uint8_down.halide_generated.cpp,196,14,operator!= -> operator>=,m009_cxx_rel_swap_operator_gt_eq,OK,b7b5ea7b4ae88f3e,OK,NOT_RUN,NOT_RUN,NOT_RUN,NOT_RUN,,0,1,equivalent_tce,,,,,bit-identical machine code at -O2: no test can distinguish it
resize,ast_emitted,75b72edcfe2abeb9,cxx_rel_swap,resize_box_uint8_down.halide_generated.cpp,196,14,operator!= -> operator<,m006_cxx_rel_swap_operator_lt,OK,b7b5ea7b4ae88f3e,OK,NOT_RUN,NOT_RUN,NOT_RUN,NOT_RUN,,0,1,equivalent_tce,,,,,bit-identical machine code at -O2: no test can distinguish it
resize,ast_emitted,8becff2659919b27,cxx_rel_swap,resize_box_uint8_down.halide_generated.cpp,183,29,operator== -> operator<=,m002_cxx_rel_swap_operator_lt_eq,OK,b7b5ea7b4ae88f3e,OK,NOT_RUN,NOT_RUN,NOT_RUN,NOT_RUN,,0,1,equivalent_tce,,,,,bit-identical machine code at -O2: no test can distinguish it
resize,ast_emitted,6de401d5eb35fcaf,cxx_rel_swap,resize_box_uint8_down.halide_generated.cpp,196,14,operator!= -> operator<=,m007_cxx_rel_swap_operator_lt_eq,OK,b7b5ea7b4ae88f3e,OK,NOT_RUN,NOT_RUN,NOT_RUN,NOT_RUN,,0,1,equivalent_tce,,,,,bit-identical machine code at -O2: no test can distinguish it
resize,ast_emitted,13b964466c8dab87,cxx_arith_swap,resize_box_uint8_down.halide_generated.cpp,199,16,operator- -> operator*,m012_cxx_arith_swap_operator_mul,OK,b7b5ea7b4ae88f3e,OK,NOT_RUN,NOT_RUN,NOT_RUN,NOT_RUN,,0,1,equivalent_tce,,,,,bit-identical machine code at -O2: no test can distinguish it
resize,ast_emitted,1b68217e66de9523,cxx_rel_swap,resize_box_uint8_down.halide_generated.cpp,196,14,operator!= -> operator==,m010_cxx_rel_swap_operator_eq_eq,OK,b7b5ea7b4ae88f3e,OK,NOT_RUN,NOT_RUN,NOT_RUN,NOT_RUN,,0,1,equivalent_tce,,,,,bit-identical machine code at -O2: no test can distinguish it
resize,ast_emitted,5b99f50f219de0bc,cxx_arith_swap,resize_box_uint8_down.halide_generated.cpp,199,16,operator- -> operator/,m013_cxx_arith_swap_operator_div,OK,b7b5ea7b4ae88f3e,OK,NOT_RUN,NOT_RUN,NOT_RUN,NOT_RUN,,0,1,equivalent_tce,,,,,bit-identical machine code at -O2: no test can distinguish it
resize,ast_emitted,ebf38962d244fdfa,cxx_arith_swap,resize_box_uint8_down.halide_generated.cpp,199,16,operator- -> operator+,m011_cxx_arith_swap_operator_add,OK,b7b5ea7b4ae88f3e,OK,NOT_RUN,NOT_RUN,NOT_RUN,NOT_RUN,,0,1,equivalent_tce,,,,,bit-identical machine code at -O2: no test can distinguish it
resize,ast_emitted,02b9676031f95df0,cxx_arith_swap,resize_box_uint8_down.halide_generated.cpp,230,29,operator- -> operator*,m015_cxx_arith_swap_operator_mul,OK,b7b5ea7b4ae88f3e,OK,NOT_RUN,NOT_RUN,NOT_RUN,NOT_RUN,,0,1,equivalent_tce,,,,,bit-identical machine code at -O2: no test can distinguish it
resize,ast_emitted,7a7b14c6707d55f9,cxx_arith_swap,resize_box_uint8_down.halide_generated.cpp,230,29,operator- -> operator+,m014_cxx_arith_swap_operator_add,OK,b7b5ea7b4ae88f3e,OK,NOT_RUN,NOT_RUN,NOT_RUN,NOT_RUN,,0,1,equivalent_tce,,,,,bit-identical machine code at -O2: no test can distinguish it
resize,ast_emitted,75987a8773d48b3d,cxx_arith_swap,resize_box_uint8_down.halide_generated.cpp,230,29,operator- -> operator/,m016_cxx_arith_swap_operator_div,OK,b7b5ea7b4ae88f3e,OK,NOT_RUN,NOT_RUN,NOT_RUN,NOT_RUN,,0,1,equivalent_tce,,,,,bit-identical machine code at -O2: no test can distinguish it
resize,ast_emitted,c4a1c06afde01a72,cxx_arith_swap,resize_box_uint8_down.halide_generated.cpp,230,25,operator* -> operator/,m019_cxx_arith_swap_operator_div,OK,b7b5ea7b4ae88f3e,OK,NOT_RUN,NOT_RUN,NOT_RUN,NOT_RUN,,0,1,equivalent_tce,,,,,bit-identical machine code at -O2: no test can distinguish it
resize,ast_emitted,90fd2139f4619537,cxx_rel_swap,resize_box_uint8_down.halide_generated.cpp,231,16,operator>= -> operator<=,m021_cxx_rel_swap_operator_lt_eq,OK,b7b5ea7b4ae88f3e,OK,NOT_RUN,NOT_RUN,NOT_RUN,NOT_RUN,,0,1,equivalent_tce,,,,,bit-identical machine code at -O2: no test can distinguish it
resize,ast_emitted,29f1c32312b02a41,cxx_arith_swap,resize_box_uint8_down.halide_generated.cpp,230,25,operator* -> operator+,m017_cxx_arith_swap_operator_add,OK,b7b5ea7b4ae88f3e,OK,NOT_RUN,NOT_RUN,NOT_RUN,NOT_RUN,,0,1,equivalent_tce,,,,,bit-identical machine code at -O2: no test can distinguish it
resize,ast_emitted,e0d7a9f49410b31b,cxx_arith_swap,resize_box_uint8_down.halide_generated.cpp,230,25,operator* -> operator-,m018_cxx_arith_swap_operator_sub,OK,b7b5ea7b4ae88f3e,OK,NOT_RUN,NOT_RUN,NOT_RUN,NOT_RUN,,0,1,equivalent_tce,,,,,bit-identical machine code at -O2: no test can distinguish it
resize,ast_emitted,4c891ffb3cd3bbaa,cxx_rel_swap,resize_box_uint8_down.halide_generated.cpp,231,16,operator>= -> operator<,m020_cxx_rel_swap_operator_lt,OK,b7b5ea7b4ae88f3e,OK,NOT_RUN,NOT_RUN,NOT_RUN,NOT_RUN,,0,1,equivalent_tce,,,,,bit-identical machine code at -O2: no test can distinguish it
resize,ast_emitted,5e35c44173a74712,cxx_rel_swap,resize_box_uint8_down.halide_generated.cpp,231,16,operator>= -> operator>,m022_cxx_rel_swap_operator_gt,OK,b7b5ea7b4ae88f3e,OK,NOT_RUN,NOT_RUN,NOT_RUN,NOT_RUN,,0,1,equivalent_tce,,,,,bit-identical machine code at -O2: no test can distinguish it
resize,ast_emitted,1976d249b5ce09de,cxx_rel_swap,resize_box_uint8_down.halide_generated.cpp,231,46,operator== -> operator<=,m026_cxx_rel_swap_operator_lt_eq,OK,b7b5ea7b4ae88f3e,OK,NOT_RUN,NOT_RUN,NOT_RUN,NOT_RUN,,0,1,equivalent_tce,,,,,bit-identical machine code at -O2: no test can distinguish it
resize,ast_emitted,5ba0f47d53265967,cxx_rel_swap,resize_box_uint8_down.halide_generated.cpp,231,16,operator>= -> operator==,m023_cxx_rel_swap_operator_eq_eq,OK,b7b5ea7b4ae88f3e,OK,NOT_RUN,NOT_RUN,NOT_RUN,NOT_RUN,,0,1,equivalent_tce,,,,,bit-identical machine code at -O2: no test can distinguish it
resize,ast_emitted,1412c3d9c782d49c,cxx_rel_swap,resize_box_uint8_down.halide_generated.cpp,231,46,operator== -> operator>,m027_cxx_rel_swap_operator_gt,OK,b7b5ea7b4ae88f3e,OK,NOT_RUN,NOT_RUN,NOT_RUN,NOT_RUN,,0,1,equivalent_tce,,,,,bit-identical machine code at -O2: no test can distinguish it
resize,ast_emitted,6ebf6bcf99972062,cxx_rel_swap,resize_box_uint8_down.halide_generated.cpp,231,16,operator>= -> operator!=,m024_cxx_rel_swap_operator_not_eq,OK,b7b5ea7b4ae88f3e,OK,NOT_RUN,NOT_RUN,NOT_RUN,NOT_RUN,,0,1,equivalent_tce,,,,,bit-identical machine code at -O2: no test can distinguish it
resize,ast_emitted,515234b39ec271b3,cxx_rel_swap,resize_box_uint8_down.halide_generated.cpp,231,46,operator== -> operator<,m025_cxx_rel_swap_operator_lt,OK,b7b5ea7b4ae88f3e,OK,NOT_RUN,NOT_RUN,NOT_RUN,NOT_RUN,,0,1,equivalent_tce,,,,,bit-identical machine code at -O2: no test can distinguish it
resize,ast_emitted,03e91de607a21786,cxx_rel_swap,resize_box_uint8_down.halide_generated.cpp,231,46,operator== -> operator>=,m028_cxx_rel_swap_operator_gt_eq,OK,b7b5ea7b4ae88f3e,OK,NOT_RUN,NOT_RUN,NOT_RUN,NOT_RUN,,0,1,equivalent_tce,,,,,bit-identical machine code at -O2: no test can distinguish it
resize,ast_emitted,96b99098a236597f,cxx_arith_swap,resize_box_uint8_down.halide_generated.cpp,241,36,operator* -> operator+,m030_cxx_arith_swap_operator_add,OK,b7b5ea7b4ae88f3e,OK,NOT_RUN,NOT_RUN,NOT_RUN,NOT_RUN,,0,1,equivalent_tce,,,,,bit-identical machine code at -O2: no test can distinguish it
resize,ast_emitted,84f725519fe3324c,cxx_arith_swap,resize_box_uint8_down.halide_generated.cpp,241,36,operator* -> operator-,m031_cxx_arith_swap_operator_sub,OK,b7b5ea7b4ae88f3e,OK,NOT_RUN,NOT_RUN,NOT_RUN,NOT_RUN,,0,1,equivalent_tce,,,,,bit-identical machine code at -O2: no test can distinguish it
resize,ast_emitted,82070dcfab1f273b,cxx_arith_swap,resize_box_uint8_down.halide_generated.cpp,241,36,operator* -> operator/,m032_cxx_arith_swap_operator_div,OK,b7b5ea7b4ae88f3e,OK,NOT_RUN,NOT_RUN,NOT_RUN,NOT_RUN,,0,1,equivalent_tce,,,,,bit-identical machine code at -O2: no test can distinguish it
resize,ast_emitted,d5407a982345c975,cxx_rel_swap,resize_box_uint8_down.halide_generated.cpp,243,16,operator< -> operator>,m034_cxx_rel_swap_operator_gt,OK,b7b5ea7b4ae88f3e,OK,NOT_RUN,NOT_RUN,NOT_RUN,NOT_RUN,,0,1,equivalent_tce,,,,,bit-identical machine code at -O2: no test can distinguish it
resize,ast_emitted,fd218b1b095182ae,cxx_rel_swap,resize_box_uint8_down.halide_generated.cpp,231,46,operator== -> operator!=,m029_cxx_rel_swap_operator_not_eq,OK,b7b5ea7b4ae88f3e,OK,NOT_RUN,NOT_RUN,NOT_RUN,NOT_RUN,,0,1,equivalent_tce,,,,,bit-identical machine code at -O2: no test can distinguish it
resize,ast_emitted,f1625290ba58a68d,cxx_rel_swap,resize_box_uint8_down.halide_generated.cpp,243,16,operator< -> operator<=,m033_cxx_rel_swap_operator_lt_eq,OK,b7b5ea7b4ae88f3e,OK,NOT_RUN,NOT_RUN,NOT_RUN,NOT_RUN,,0,1,equivalent_tce,,,,,bit-identical machine code at -O2: no test can distinguish it
resize,ast_emitted,574f025925ff8e27,cxx_rel_swap,resize_box_uint8_down.halide_generated.cpp,243,16,operator< -> operator>=,m035_cxx_rel_swap_operator_gt_eq,OK,b7b5ea7b4ae88f3e,OK,NOT_RUN,NOT_RUN,NOT_RUN,NOT_RUN,,0,1,equivalent_tce,,,,,bit-identical machine code at -O2: no test can distinguish it
resize,ast_emitted,1e3c336542d4ab0b,cxx_rel_swap,resize_box_uint8_down.halide_generated.cpp,243,16,operator< -> operator==,m036_cxx_rel_swap_operator_eq_eq,OK,b7b5ea7b4ae88f3e,OK,NOT_RUN,NOT_RUN,NOT_RUN,NOT_RUN,,0,1,equivalent_tce,,,,,bit-identical machine code at -O2: no test can distinguish it
resize,ast_emitted,5a9d9219a534fc76,cxx_rel_swap,resize_box_uint8_down.halide_generated.cpp,243,48,operator== -> operator<=,m039_cxx_rel_swap_operator_lt_eq,OK,b7b5ea7b4ae88f3e,OK,NOT_RUN,NOT_RUN,NOT_RUN,NOT_RUN,,0,1,equivalent_tce,,,,,bit-identical machine code at -O2: no test can distinguish it
resize,ast_emitted,775129ec28bebef2,cxx_rel_swap,resize_box_uint8_down.halide_generated.cpp,243,48,operator== -> operator>,m040_cxx_rel_swap_operator_gt,OK,b7b5ea7b4ae88f3e,OK,NOT_RUN,NOT_RUN,NOT_RUN,NOT_RUN,,0,1,equivalent_tce,,,,,bit-identical machine code at -O2: no test can distinguish it
resize,ast_emitted,d4f70eeedefc46eb,cxx_rel_swap,resize_box_uint8_down.halide_generated.cpp,243,16,operator< -> operator!=,m037_cxx_rel_swap_operator_not_eq,OK,b7b5ea7b4ae88f3e,OK,NOT_RUN,NOT_RUN,NOT_RUN,NOT_RUN,,0,1,equivalent_tce,,,,,bit-identical machine code at -O2: no test can distinguish it
resize,ast_emitted,c17a6b290f19462e,cxx_rel_swap,resize_box_uint8_down.halide_generated.cpp,243,48,operator== -> operator<,m038_cxx_rel_swap_operator_lt,OK,b7b5ea7b4ae88f3e,OK,NOT_RUN,NOT_RUN,NOT_RUN,NOT_RUN,,0,1,equivalent_tce,,,,,bit-identical machine code at -O2: no test can distinguish it
resize,ast_emitted,f1f0f4b217d4b07d,cxx_rel_swap,resize_box_uint8_down.halide_generated.cpp,243,48,operator== -> operator!=,m042_cxx_rel_swap_operator_not_eq,OK,b7b5ea7b4ae88f3e,OK,NOT_RUN,NOT_RUN,NOT_RUN,NOT_RUN,,0,1,equivalent_tce,,,,,bit-identical machine code at -O2: no test can distinguish it
resize,ast_emitted,94c4987bb382b930,cxx_rel_swap,resize_box_uint8_down.halide_generated.cpp,243,48,operator== -> operator>=,m041_cxx_rel_swap_operator_gt_eq,OK,b7b5ea7b4ae88f3e,OK,NOT_RUN,NOT_RUN,NOT_RUN,NOT_RUN,,0,1,equivalent_tce,,,,,bit-identical machine code at -O2: no test can distinguish it
resize,ast_emitted,dcaa68da474ec394,cxx_rel_swap,resize_box_uint8_down.halide_generated.cpp,252,15,operator> -> operator<=,m044_cxx_rel_swap_operator_lt_eq,OK,4adec17158b8abaa,OK,KILLED,KILLED,NOT_RUN,NOT_RUN,test1_demo;test2_golden,1,1,killed,-6,0.233,,<missing>,
resize,ast_emitted,7befe79fdcef79c7,cxx_rel_swap,resize_box_uint8_down.halide_generated.cpp,252,15,operator> -> operator<,m043_cxx_rel_swap_operator_lt,OK,ac60bb207ee1fc01,OK,KILLED,KILLED,NOT_RUN,NOT_RUN,test1_demo;test2_golden,1,1,killed,-6,0.290,,<missing>,
resize,ast_emitted,954b9415bcf16954,cxx_rel_swap,resize_box_uint8_down.halide_generated.cpp,252,15,operator> -> operator==,m046_cxx_rel_swap_operator_eq_eq,OK,e537ec7727e9bb2d,OK,KILLED,KILLED,NOT_RUN,NOT_RUN,test1_demo;test2_golden,1,1,killed,-6,0.166,,<missing>,
resize,ast_emitted,1364728dd23d87c8,cxx_rel_swap,resize_box_uint8_down.halide_generated.cpp,257,15,operator< -> operator>,m049_cxx_rel_swap_operator_gt,OK,e68cadf358f4fd1a,OK,KILLED,KILLED,NOT_RUN,NOT_RUN,test1_demo;test2_golden,1,1,killed,-6,0.217,,<missing>,
resize,ast_emitted,77805b72fbd46d75,cxx_rel_swap,resize_box_uint8_down.halide_generated.cpp,257,15,operator< -> operator<=,m048_cxx_rel_swap_operator_lt_eq,OK,d62b8c8df8b9cd3e,OK,SURVIVED,SURVIVED,NOT_RUN,NOT_RUN,,0,0,,0,1.052,,d1c42bdaf408029e,
resize,ast_emitted,e3818212852f1b0a,cxx_rel_swap,resize_box_uint8_down.halide_generated.cpp,252,15,operator> -> operator>=,m045_cxx_rel_swap_operator_gt_eq,OK,2a05536cb6ea04c0,OK,SURVIVED,SURVIVED,NOT_RUN,NOT_RUN,,0,0,,0,1.193,,d1c42bdaf408029e,
resize,ast_emitted,d3ebc8ed12a6d498,cxx_rel_swap,resize_box_uint8_down.halide_generated.cpp,252,15,operator> -> operator!=,m047_cxx_rel_swap_operator_not_eq,OK,9e51ee5620898d41,OK,SURVIVED,SURVIVED,NOT_RUN,NOT_RUN,,0,0,,0,1.018,,d1c42bdaf408029e,
resize,ast_emitted,18653d284c563c26,cxx_rel_swap,resize_box_uint8_down.halide_generated.cpp,257,15,operator< -> operator>=,m050_cxx_rel_swap_operator_gt_eq,OK,615c0eeb3f03ea1d,OK,KILLED,KILLED,NOT_RUN,NOT_RUN,test1_demo;test2_golden,1,1,killed,-6,0.323,,<missing>,
resize,ast_emitted,d8e424c7202ceda7,cxx_rel_swap,resize_box_uint8_down.halide_generated.cpp,810,25,operator== -> operator<=,m054_cxx_rel_swap_operator_lt_eq,OK,b7b5ea7b4ae88f3e,OK,NOT_RUN,NOT_RUN,NOT_RUN,NOT_RUN,,0,1,equivalent_tce,,,,,bit-identical machine code at -O2: no test can distinguish it
resize,ast_emitted,2506af9c40b39125,cxx_rel_swap,resize_box_uint8_down.halide_generated.cpp,810,25,operator== -> operator>,m055_cxx_rel_swap_operator_gt,OK,b7b5ea7b4ae88f3e,OK,NOT_RUN,NOT_RUN,NOT_RUN,NOT_RUN,,0,1,equivalent_tce,,,,,bit-identical machine code at -O2: no test can distinguish it
resize,ast_emitted,ec69bc55648099ee,cxx_rel_swap,resize_box_uint8_down.halide_generated.cpp,810,25,operator== -> operator<,m053_cxx_rel_swap_operator_lt,OK,b7b5ea7b4ae88f3e,OK,NOT_RUN,NOT_RUN,NOT_RUN,NOT_RUN,,0,1,equivalent_tce,,,,,bit-identical machine code at -O2: no test can distinguish it
resize,ast_emitted,61ecda96b75b10c8,cxx_rel_swap,resize_box_uint8_down.halide_generated.cpp,257,15,operator< -> operator==,m051_cxx_rel_swap_operator_eq_eq,OK,fbf3bfa40286447b,OK,KILLED,KILLED,NOT_RUN,NOT_RUN,test1_demo;test2_golden,1,1,killed,-6,0.405,,<missing>,
resize,ast_emitted,14f91a44087c5cec,cxx_rel_swap,resize_box_uint8_down.halide_generated.cpp,810,25,operator== -> operator>=,m056_cxx_rel_swap_operator_gt_eq,OK,b7b5ea7b4ae88f3e,OK,NOT_RUN,NOT_RUN,NOT_RUN,NOT_RUN,,0,1,equivalent_tce,,,,,bit-identical machine code at -O2: no test can distinguish it
resize,ast_emitted,a87cd44da8990bcf,cxx_rel_swap,resize_box_uint8_down.halide_generated.cpp,257,15,operator< -> operator!=,m052_cxx_rel_swap_operator_not_eq,OK,b3d624e3d839acb9,OK,KILLED,KILLED,NOT_RUN,NOT_RUN,test1_demo;test2_golden,1,1,killed,-6,0.324,,<missing>,
resize,ast_emitted,03a6da1d66df3b3f,cxx_rel_swap,resize_box_uint8_down.halide_generated.cpp,818,25,operator< -> operator>,m059_cxx_rel_swap_operator_gt,OK,b7b5ea7b4ae88f3e,OK,NOT_RUN,NOT_RUN,NOT_RUN,NOT_RUN,,0,1,equivalent_tce,,,,,bit-identical machine code at -O2: no test can distinguish it
resize,ast_emitted,23742bac2bcb0461,cxx_rel_swap,resize_box_uint8_down.halide_generated.cpp,810,25,operator== -> operator!=,m057_cxx_rel_swap_operator_not_eq,OK,b7b5ea7b4ae88f3e,OK,NOT_RUN,NOT_RUN,NOT_RUN,NOT_RUN,,0,1,equivalent_tce,,,,,bit-identical machine code at -O2: no test can distinguish it
resize,ast_emitted,4fb02e4379ac5593,cxx_rel_swap,resize_box_uint8_down.halide_generated.cpp,818,25,operator< -> operator<=,m058_cxx_rel_swap_operator_lt_eq,OK,b7b5ea7b4ae88f3e,OK,NOT_RUN,NOT_RUN,NOT_RUN,NOT_RUN,,0,1,equivalent_tce,,,,,bit-identical machine code at -O2: no test can distinguish it
resize,ast_emitted,2337fbdb6686152d,cxx_rel_swap,resize_box_uint8_down.halide_generated.cpp,818,25,operator< -> operator==,m061_cxx_rel_swap_operator_eq_eq,OK,b7b5ea7b4ae88f3e,OK,NOT_RUN,NOT_RUN,NOT_RUN,NOT_RUN,,0,1,equivalent_tce,,,,,bit-identical machine code at -O2: no test can distinguish it
resize,ast_emitted,298e31ea32cc07e4,cxx_rel_swap,resize_box_uint8_down.halide_generated.cpp,818,25,operator< -> operator>=,m060_cxx_rel_swap_operator_gt_eq,OK,b7b5ea7b4ae88f3e,OK,NOT_RUN,NOT_RUN,NOT_RUN,NOT_RUN,,0,1,equivalent_tce,,,,,bit-identical machine code at -O2: no test can distinguish it
resize,ast_emitted,c3f9173b2560617d,cxx_arith_swap,resize_box_uint8_down.halide_generated.cpp,823,27,operator/ -> operator-,m064_cxx_arith_swap_operator_sub,OK,b7b5ea7b4ae88f3e,OK,NOT_RUN,NOT_RUN,NOT_RUN,NOT_RUN,,0,1,equivalent_tce,,,,,bit-identical machine code at -O2: no test can distinguish it
resize,ast_emitted,edb26407ee3f1554,cxx_arith_swap,resize_box_uint8_down.halide_generated.cpp,823,27,operator/ -> operator+,m063_cxx_arith_swap_operator_add,OK,b7b5ea7b4ae88f3e,OK,NOT_RUN,NOT_RUN,NOT_RUN,NOT_RUN,,0,1,equivalent_tce,,,,,bit-identical machine code at -O2: no test can distinguish it
resize,ast_emitted,f2c9870b93d8b736,cxx_rel_swap,resize_box_uint8_down.halide_generated.cpp,818,25,operator< -> operator!=,m062_cxx_rel_swap_operator_not_eq,OK,b7b5ea7b4ae88f3e,OK,NOT_RUN,NOT_RUN,NOT_RUN,NOT_RUN,,0,1,equivalent_tce,,,,,bit-identical machine code at -O2: no test can distinguish it
resize,ast_emitted,14fbf94b42736e76,cxx_rel_swap,resize_box_uint8_down.halide_generated.cpp,839,37,operator== -> operator<,m069_cxx_rel_swap_operator_lt,COMPILE_FAIL,,OK,NOT_RUN,NOT_RUN,NOT_RUN,NOT_RUN,,0,0,,,,,,"the compiler rejected the mutant -- a kill category only staged compilation produces, not a test kill"
resize,ast_emitted,a33e290fb286dffc,cxx_arith_swap,resize_box_uint8_down.halide_generated.cpp,823,22,operator+ -> operator-,m066_cxx_arith_swap_operator_sub,OK,b7b5ea7b4ae88f3e,OK,NOT_RUN,NOT_RUN,NOT_RUN,NOT_RUN,,0,1,equivalent_tce,,,,,bit-identical machine code at -O2: no test can distinguish it
resize,ast_emitted,e39daf341d970fa1,cxx_arith_swap,resize_box_uint8_down.halide_generated.cpp,823,27,operator/ -> operator*,m065_cxx_arith_swap_operator_mul,OK,b7b5ea7b4ae88f3e,OK,NOT_RUN,NOT_RUN,NOT_RUN,NOT_RUN,,0,1,equivalent_tce,,,,,bit-identical machine code at -O2: no test can distinguish it
resize,ast_emitted,5ad630c2b1e23a3a,cxx_rel_swap,resize_box_uint8_down.halide_generated.cpp,839,37,operator== -> operator>,m071_cxx_rel_swap_operator_gt,COMPILE_FAIL,,OK,NOT_RUN,NOT_RUN,NOT_RUN,NOT_RUN,,0,0,,,,,,"the compiler rejected the mutant -- a kill category only staged compilation produces, not a test kill"
resize,ast_emitted,be1458e216dcfdda,cxx_arith_swap,resize_box_uint8_down.halide_generated.cpp,823,22,operator+ -> operator/,m068_cxx_arith_swap_operator_div,OK,b7b5ea7b4ae88f3e,OK,NOT_RUN,NOT_RUN,NOT_RUN,NOT_RUN,,0,1,equivalent_tce,,,,,bit-identical machine code at -O2: no test can distinguish it
resize,ast_emitted,80ec5d55da4f6985,cxx_rel_swap,resize_box_uint8_down.halide_generated.cpp,839,37,operator== -> operator!=,m073_cxx_rel_swap_operator_not_eq,COMPILE_FAIL,,OK,NOT_RUN,NOT_RUN,NOT_RUN,NOT_RUN,,0,0,,,,,,"the compiler rejected the mutant -- a kill category only staged compilation produces, not a test kill"
resize,ast_emitted,5d82f31cb5d247ef,cxx_rel_swap,resize_box_uint8_down.halide_generated.cpp,839,37,operator== -> operator>=,m072_cxx_rel_swap_operator_gt_eq,OK,b7b5ea7b4ae88f3e,OK,NOT_RUN,NOT_RUN,NOT_RUN,NOT_RUN,,0,1,equivalent_tce,,,,,bit-identical machine code at -O2: no test can distinguish it
resize,ast_emitted,a4056152a48b93d9,cxx_arith_swap,resize_box_uint8_down.halide_generated.cpp,823,22,operator+ -> operator*,m067_cxx_arith_swap_operator_mul,OK,b7b5ea7b4ae88f3e,OK,NOT_RUN,NOT_RUN,NOT_RUN,NOT_RUN,,0,1,equivalent_tce,,,,,bit-identical machine code at -O2: no test can distinguish it
resize,ast_emitted,b522ad546ed68167,cxx_arith_swap,resize_box_uint8_down.halide_generated.cpp,967,35,operator+ -> operator*,m075_cxx_arith_swap_operator_mul,COMPILE_FAIL,,OK,NOT_RUN,NOT_RUN,NOT_RUN,NOT_RUN,,0,0,,,,,,"the compiler rejected the mutant -- a kill category only staged compilation produces, not a test kill"
resize,ast_emitted,6d4c2c496a024fee,cxx_rel_swap,resize_box_uint8_down.halide_generated.cpp,839,37,operator== -> operator<=,m070_cxx_rel_swap_operator_lt_eq,OK,b7b5ea7b4ae88f3e,OK,NOT_RUN,NOT_RUN,NOT_RUN,NOT_RUN,,0,1,equivalent_tce,,,,,bit-identical machine code at -O2: no test can distinguish it
resize,ast_emitted,0d8ea15e7cb1068f,cxx_arith_swap,resize_box_uint8_down.halide_generated.cpp,971,29,operator+ -> operator*,m078_cxx_arith_swap_operator_mul,COMPILE_FAIL,,OK,NOT_RUN,NOT_RUN,NOT_RUN,NOT_RUN,,0,0,,,,,,"the compiler rejected the mutant -- a kill category only staged compilation produces, not a test kill"
resize,ast_emitted,9d1c17c83b393e9a,cxx_arith_swap,resize_box_uint8_down.halide_generated.cpp,967,35,operator+ -> operator-,m074_cxx_arith_swap_operator_sub,OK,b7b5ea7b4ae88f3e,OK,NOT_RUN,NOT_RUN,NOT_RUN,NOT_RUN,,0,1,equivalent_tce,,,,,bit-identical machine code at -O2: no test can distinguish it
resize,ast_emitted,9c8b8a09912d4581,cxx_arith_swap,resize_box_uint8_down.halide_generated.cpp,967,35,operator+ -> operator/,m076_cxx_arith_swap_operator_div,COMPILE_FAIL,,OK,NOT_RUN,NOT_RUN,NOT_RUN,NOT_RUN,,0,0,,,,,,"the compiler rejected the mutant -- a kill category only staged compilation produces, not a test kill"
resize,ast_emitted,6767a64c35ccb816,cxx_arith_swap,resize_box_uint8_down.halide_generated.cpp,971,29,operator+ -> operator/,m079_cxx_arith_swap_operator_div,COMPILE_FAIL,,OK,NOT_RUN,NOT_RUN,NOT_RUN,NOT_RUN,,0,0,,,,,,"the compiler rejected the mutant -- a kill category only staged compilation produces, not a test kill"
resize,ast_emitted,f2bf6abc94ad7c53,cxx_arith_swap,resize_box_uint8_down.halide_generated.cpp,978,45,operator+ -> operator/,m082_cxx_arith_swap_operator_div,COMPILE_FAIL,,OK,NOT_RUN,NOT_RUN,NOT_RUN,NOT_RUN,,0,0,,,,,,"the compiler rejected the mutant -- a kill category only staged compilation produces, not a test kill"
resize,ast_emitted,408b488f58605159,cxx_arith_swap,resize_box_uint8_down.halide_generated.cpp,978,45,operator+ -> operator*,m081_cxx_arith_swap_operator_mul,COMPILE_FAIL,,OK,NOT_RUN,NOT_RUN,NOT_RUN,NOT_RUN,,0,0,,,,,,"the compiler rejected the mutant -- a kill category only staged compilation produces, not a test kill"
resize,ast_emitted,1f72a1703c32a289,cxx_arith_swap,resize_box_uint8_down.halide_generated.cpp,978,45,operator+ -> operator-,m080_cxx_arith_swap_operator_sub,OK,b7b5ea7b4ae88f3e,OK,NOT_RUN,NOT_RUN,NOT_RUN,NOT_RUN,,0,1,equivalent_tce,,,,,bit-identical machine code at -O2: no test can distinguish it
resize,ast_emitted,6dc3acf463e93a07,cxx_arith_swap,resize_box_uint8_down.halide_generated.cpp,982,39,operator+ -> operator/,m085_cxx_arith_swap_operator_div,COMPILE_FAIL,,OK,NOT_RUN,NOT_RUN,NOT_RUN,NOT_RUN,,0,0,,,,,,"the compiler rejected the mutant -- a kill category only staged compilation produces, not a test kill"
resize,ast_emitted,cd353ee24729e887,cxx_arith_swap,resize_box_uint8_down.halide_generated.cpp,982,39,operator+ -> operator*,m084_cxx_arith_swap_operator_mul,COMPILE_FAIL,,OK,NOT_RUN,NOT_RUN,NOT_RUN,NOT_RUN,,0,0,,,,,,"the compiler rejected the mutant -- a kill category only staged compilation produces, not a test kill"
resize,ast_emitted,978f2e40a67c7cd3,cxx_arith_swap,resize_box_uint8_down.halide_generated.cpp,971,29,operator+ -> operator-,m077_cxx_arith_swap_operator_sub,OK,b7b5ea7b4ae88f3e,OK,NOT_RUN,NOT_RUN,NOT_RUN,NOT_RUN,,0,1,equivalent_tce,,,,,bit-identical machine code at -O2: no test can distinguish it
resize,ast_emitted,66c79571c1f7f0dd,cxx_arith_swap,resize_box_uint8_down.halide_generated.cpp,988,38,operator+ -> operator*,m087_cxx_arith_swap_operator_mul,COMPILE_FAIL,,OK,NOT_RUN,NOT_RUN,NOT_RUN,NOT_RUN,,0,0,,,,,,"the compiler rejected the mutant -- a kill category only staged compilation produces, not a test kill"
resize,ast_emitted,2016d32bc01c6bd6,cxx_arith_swap,resize_box_uint8_down.halide_generated.cpp,988,38,operator+ -> operator/,m088_cxx_arith_swap_operator_div,COMPILE_FAIL,,OK,NOT_RUN,NOT_RUN,NOT_RUN,NOT_RUN,,0,0,,,,,,"the compiler rejected the mutant -- a kill category only staged compilation produces, not a test kill"
resize,ast_emitted,6524d04ea89f113c,cxx_arith_swap,resize_box_uint8_down.halide_generated.cpp,982,39,operator+ -> operator-,m083_cxx_arith_swap_operator_sub,OK,b7b5ea7b4ae88f3e,OK,NOT_RUN,NOT_RUN,NOT_RUN,NOT_RUN,,0,1,equivalent_tce,,,,,bit-identical machine code at -O2: no test can distinguish it
resize,ast_emitted,b982a8432baec3aa,cxx_arith_swap,resize_box_uint8_down.halide_generated.cpp,988,38,operator+ -> operator-,m086_cxx_arith_swap_operator_sub,OK,b7b5ea7b4ae88f3e,OK,NOT_RUN,NOT_RUN,NOT_RUN,NOT_RUN,,0,1,equivalent_tce,,,,,bit-identical machine code at -O2: no test can distinguish it
resize,ast_emitted,286b61d1556f53c9,cxx_arith_swap,resize_box_uint8_down.halide_generated.cpp,988,51,operator* -> operator+,m089_cxx_arith_swap_operator_add,OK,b7b5ea7b4ae88f3e,OK,NOT_RUN,NOT_RUN,NOT_RUN,NOT_RUN,,0,1,equivalent_tce,,,,,bit-identical machine code at -O2: no test can distinguish it
resize,ast_emitted,caa12cc2ec7c1cb1,cxx_arith_swap,resize_box_uint8_down.halide_generated.cpp,992,32,operator+ -> operator*,m093_cxx_arith_swap_operator_mul,COMPILE_FAIL,,OK,NOT_RUN,NOT_RUN,NOT_RUN,NOT_RUN,,0,0,,,,,,"the compiler rejected the mutant -- a kill category only staged compilation produces, not a test kill"
resize,ast_emitted,36d7c316c25bf14f,cxx_arith_swap,resize_box_uint8_down.halide_generated.cpp,988,51,operator* -> operator/,m091_cxx_arith_swap_operator_div,OK,b7b5ea7b4ae88f3e,OK,NOT_RUN,NOT_RUN,NOT_RUN,NOT_RUN,,0,1,equivalent_tce,,,,,bit-identical machine code at -O2: no test can distinguish it
resize,ast_emitted,13ea759fab28aae2,cxx_arith_swap,resize_box_uint8_down.halide_generated.cpp,992,32,operator+ -> operator/,m094_cxx_arith_swap_operator_div,COMPILE_FAIL,,OK,NOT_RUN,NOT_RUN,NOT_RUN,NOT_RUN,,0,0,,,,,,"the compiler rejected the mutant -- a kill category only staged compilation produces, not a test kill"
resize,ast_emitted,b0329a05cd542342,cxx_arith_swap,resize_box_uint8_down.halide_generated.cpp,988,51,operator* -> operator-,m090_cxx_arith_swap_operator_sub,OK,b7b5ea7b4ae88f3e,OK,NOT_RUN,NOT_RUN,NOT_RUN,NOT_RUN,,0,1,equivalent_tce,,,,,bit-identical machine code at -O2: no test can distinguish it
resize,ast_emitted,0cf5120d481ea1c7,cxx_arith_swap,resize_box_uint8_down.halide_generated.cpp,992,32,operator+ -> operator-,m092_cxx_arith_swap_operator_sub,OK,b7b5ea7b4ae88f3e,OK,NOT_RUN,NOT_RUN,NOT_RUN,NOT_RUN,,0,1,equivalent_tce,,,,,bit-identical machine code at -O2: no test can distinguish it
resize,ast_emitted,03de57cf03057ff0,cxx_arith_swap,resize_box_uint8_down.halide_generated.cpp,992,45,operator* -> operator-,m096_cxx_arith_swap_operator_sub,OK,b7b5ea7b4ae88f3e,OK,NOT_RUN,NOT_RUN,NOT_RUN,NOT_RUN,,0,1,equivalent_tce,,,,,bit-identical machine code at -O2: no test can distinguish it
resize,ast_emitted,35378202ec2b42a3,cxx_arith_swap,resize_box_uint8_down.halide_generated.cpp,992,45,operator* -> operator+,m095_cxx_arith_swap_operator_add,OK,b7b5ea7b4ae88f3e,OK,NOT_RUN,NOT_RUN,NOT_RUN,NOT_RUN,,0,1,equivalent_tce,,,,,bit-identical machine code at -O2: no test can distinguish it
resize,ast_emitted,75c5fe8d65a45956,cxx_arith_swap,resize_box_uint8_down.halide_generated.cpp,992,45,operator* -> operator/,m097_cxx_arith_swap_operator_div,OK,b7b5ea7b4ae88f3e,OK,NOT_RUN,NOT_RUN,NOT_RUN,NOT_RUN,,0,1,equivalent_tce,,,,,bit-identical machine code at -O2: no test can distinguish it
resize,ast_emitted,0749131f28b2308b,cxx_rel_swap,resize_box_uint8_down.halide_generated.cpp,1753,21,operator== -> operator<,m098_cxx_rel_swap_operator_lt,OK,b7b5ea7b4ae88f3e,OK,NOT_RUN,NOT_RUN,NOT_RUN,NOT_RUN,,0,1,equivalent_tce,,,,,bit-identical machine code at -O2: no test can distinguish it
resize,ast_emitted,8a9effa2d50d78cc,cxx_rel_swap,resize_box_uint8_down.halide_generated.cpp,1753,21,operator== -> operator>,m100_cxx_rel_swap_operator_gt,OK,b7b5ea7b4ae88f3e,OK,NOT_RUN,NOT_RUN,NOT_RUN,NOT_RUN,,0,1,equivalent_tce,,,,,bit-identical machine code at -O2: no test can distinguish it
resize,ast_emitted,ade9d936029935bc,cxx_rel_swap,resize_box_uint8_down.halide_generated.cpp,1753,21,operator== -> operator!=,m102_cxx_rel_swap_operator_not_eq,OK,b7b5ea7b4ae88f3e,OK,NOT_RUN,NOT_RUN,NOT_RUN,NOT_RUN,,0,1,equivalent_tce,,,,,bit-identical machine code at -O2: no test can distinguish it
resize,ast_emitted,72926b1ddd8dff3c,cxx_rel_swap,resize_box_uint8_down.halide_generated.cpp,1753,21,operator== -> operator<=,m099_cxx_rel_swap_operator_lt_eq,OK,b7b5ea7b4ae88f3e,OK,NOT_RUN,NOT_RUN,NOT_RUN,NOT_RUN,,0,1,equivalent_tce,,,,,bit-identical machine code at -O2: no test can distinguish it
resize,ast_emitted,6111d53a75a80109,cxx_rel_swap,resize_box_uint8_down.halide_generated.cpp,1754,24,operator== -> operator<=,m104_cxx_rel_swap_operator_lt_eq,OK,b7b5ea7b4ae88f3e,OK,NOT_RUN,NOT_RUN,NOT_RUN,NOT_RUN,,0,1,equivalent_tce,,,,,bit-identical machine code at -O2: no test can distinguish it
resize,ast_emitted,56cf5b2ffed6c6ca,cxx_rel_swap,resize_box_uint8_down.halide_generated.cpp,1753,21,operator== -> operator>=,m101_cxx_rel_swap_operator_gt_eq,OK,b7b5ea7b4ae88f3e,OK,NOT_RUN,NOT_RUN,NOT_RUN,NOT_RUN,,0,1,equivalent_tce,,,,,bit-identical machine code at -O2: no test can distinguish it
resize,ast_emitted,d9046f5132c8253f,cxx_rel_swap,resize_box_uint8_down.halide_generated.cpp,1754,24,operator== -> operator>=,m106_cxx_rel_swap_operator_gt_eq,OK,b7b5ea7b4ae88f3e,OK,NOT_RUN,NOT_RUN,NOT_RUN,NOT_RUN,,0,1,equivalent_tce,,,,,bit-identical machine code at -O2: no test can distinguish it
resize,ast_emitted,afe383eefac87e45,cxx_rel_swap,resize_box_uint8_down.halide_generated.cpp,1754,24,operator== -> operator>,m105_cxx_rel_swap_operator_gt,OK,b7b5ea7b4ae88f3e,OK,NOT_RUN,NOT_RUN,NOT_RUN,NOT_RUN,,0,1,equivalent_tce,,,,,bit-identical machine code at -O2: no test can distinguish it
resize,ast_emitted,54d08dc8f5b3132a,cxx_rel_swap,resize_box_uint8_down.halide_generated.cpp,1754,24,operator== -> operator<,m103_cxx_rel_swap_operator_lt,OK,b7b5ea7b4ae88f3e,OK,NOT_RUN,NOT_RUN,NOT_RUN,NOT_RUN,,0,1,equivalent_tce,,,,,bit-identical machine code at -O2: no test can distinguish it
resize,ast_emitted,9670551d4d09be4d,cxx_rel_swap,resize_box_uint8_down.halide_generated.cpp,1755,24,operator== -> operator>=,m111_cxx_rel_swap_operator_gt_eq,OK,b7b5ea7b4ae88f3e,OK,NOT_RUN,NOT_RUN,NOT_RUN,NOT_RUN,,0,1,equivalent_tce,,,,,bit-identical machine code at -O2: no test can distinguish it
resize,ast_emitted,5b1970a6dcc40518,cxx_rel_swap,resize_box_uint8_down.halide_generated.cpp,1755,24,operator== -> operator<,m108_cxx_rel_swap_operator_lt,OK,b7b5ea7b4ae88f3e,OK,NOT_RUN,NOT_RUN,NOT_RUN,NOT_RUN,,0,1,equivalent_tce,,,,,bit-identical machine code at -O2: no test can distinguish it
resize,ast_emitted,7aec8f58e25eeb8c,cxx_rel_swap,resize_box_uint8_down.halide_generated.cpp,1754,24,operator== -> operator!=,m107_cxx_rel_swap_operator_not_eq,OK,b7b5ea7b4ae88f3e,OK,NOT_RUN,NOT_RUN,NOT_RUN,NOT_RUN,,0,1,equivalent_tce,,,,,bit-identical machine code at -O2: no test can distinguish it
resize,ast_emitted,8dc703f4e72eb5f9,cxx_rel_swap,resize_box_uint8_down.halide_generated.cpp,1755,24,operator== -> operator>,m110_cxx_rel_swap_operator_gt,OK,b7b5ea7b4ae88f3e,OK,NOT_RUN,NOT_RUN,NOT_RUN,NOT_RUN,,0,1,equivalent_tce,,,,,bit-identical machine code at -O2: no test can distinguish it
resize,ast_emitted,4ec9d1791bfea67b,cxx_rel_swap,resize_box_uint8_down.halide_generated.cpp,1755,24,operator== -> operator<=,m109_cxx_rel_swap_operator_lt_eq,OK,b7b5ea7b4ae88f3e,OK,NOT_RUN,NOT_RUN,NOT_RUN,NOT_RUN,,0,1,equivalent_tce,,,,,bit-identical machine code at -O2: no test can distinguish it
resize,ast_emitted,ab1935c9fffd605d,cxx_rel_swap,resize_box_uint8_down.halide_generated.cpp,1756,23,operator== -> operator<,m113_cxx_rel_swap_operator_lt,OK,b7b5ea7b4ae88f3e,OK,NOT_RUN,NOT_RUN,NOT_RUN,NOT_RUN,,0,1,equivalent_tce,,,,,bit-identical machine code at -O2: no test can distinguish it
resize,ast_emitted,93378c93a276f7cb,cxx_rel_swap,resize_box_uint8_down.halide_generated.cpp,1756,23,operator== -> operator<=,m114_cxx_rel_swap_operator_lt_eq,OK,b7b5ea7b4ae88f3e,OK,NOT_RUN,NOT_RUN,NOT_RUN,NOT_RUN,,0,1,equivalent_tce,,,,,bit-identical machine code at -O2: no test can distinguish it
resize,ast_emitted,971277ef26357cde,cxx_rel_swap,resize_box_uint8_down.halide_generated.cpp,1756,23,operator== -> operator>,m115_cxx_rel_swap_operator_gt,OK,b7b5ea7b4ae88f3e,OK,NOT_RUN,NOT_RUN,NOT_RUN,NOT_RUN,,0,1,equivalent_tce,,,,,bit-identical machine code at -O2: no test can distinguish it
resize,ast_emitted,a752edf4eb01023a,cxx_rel_swap,resize_box_uint8_down.halide_generated.cpp,1755,24,operator== -> operator!=,m112_cxx_rel_swap_operator_not_eq,OK,b7b5ea7b4ae88f3e,OK,NOT_RUN,NOT_RUN,NOT_RUN,NOT_RUN,,0,1,equivalent_tce,,,,,bit-identical machine code at -O2: no test can distinguish it
resize,ast_emitted,1e7a44a7f61b0411,cxx_rel_swap,resize_box_uint8_down.halide_generated.cpp,1756,23,operator== -> operator!=,m117_cxx_rel_swap_operator_not_eq,OK,b7b5ea7b4ae88f3e,OK,NOT_RUN,NOT_RUN,NOT_RUN,NOT_RUN,,0,1,equivalent_tce,,,,,bit-identical machine code at -O2: no test can distinguish it
resize,ast_emitted,271007e713274982,cxx_rel_swap,resize_box_uint8_down.halide_generated.cpp,1756,23,operator== -> operator>=,m116_cxx_rel_swap_operator_gt_eq,OK,b7b5ea7b4ae88f3e,OK,NOT_RUN,NOT_RUN,NOT_RUN,NOT_RUN,,0,1,equivalent_tce,,,,,bit-identical machine code at -O2: no test can distinguish it
resize,ast_emitted,3721d1217af07541,cxx_rel_swap,resize_box_uint8_down.halide_generated.cpp,1846,27,operator< -> operator<=,m123_cxx_rel_swap_operator_lt_eq,OK,b7b5ea7b4ae88f3e,OK,NOT_RUN,NOT_RUN,NOT_RUN,NOT_RUN,,0,1,equivalent_tce,,,,,bit-identical machine code at -O2: no test can distinguish it
resize,ast_emitted,57cf322adac6d07a,cxx_rel_swap,resize_box_uint8_down.halide_generated.cpp,1814,31,operator!= -> operator>,m120_cxx_rel_swap_operator_gt,OK,b7b5ea7b4ae88f3e,OK,NOT_RUN,NOT_RUN,NOT_RUN,NOT_RUN,,0,1,equivalent_tce,,,,,bit-identical machine code at -O2: no test can distinguish it
resize,ast_emitted,5f78dbbef269a0fc,cxx_rel_swap,resize_box_uint8_down.halide_generated.cpp,1814,31,operator!= -> operator<=,m119_cxx_rel_swap_operator_lt_eq,OK,61eefb022e0d8ea7,OK,KILLED,KILLED,NOT_RUN,NOT_RUN,test1_demo;test2_golden,1,1,killed,-6,0.290,,<missing>,
resize,ast_emitted,107ad20621b06a08,cxx_rel_swap,resize_box_uint8_down.halide_generated.cpp,1846,27,operator< -> operator>,m124_cxx_rel_swap_operator_gt,OK,b7b5ea7b4ae88f3e,OK,NOT_RUN,NOT_RUN,NOT_RUN,NOT_RUN,,0,1,equivalent_tce,,,,,bit-identical machine code at -O2: no test can distinguish it
resize,ast_emitted,c833f76e8fa2ac89,cxx_rel_swap,resize_box_uint8_down.halide_generated.cpp,1814,31,operator!= -> operator>=,m121_cxx_rel_swap_operator_gt_eq,OK,dc116a37b2ea7b86,OK,KILLED,KILLED,NOT_RUN,NOT_RUN,test1_demo;test2_golden,1,1,killed,-6,0.302,,<missing>,
resize,ast_emitted,4b7d72605c3f8007,cxx_rel_swap,resize_box_uint8_down.halide_generated.cpp,1814,31,operator!= -> operator==,m122_cxx_rel_swap_operator_eq_eq,OK,61eefb022e0d8ea7,OK,KILLED,KILLED,NOT_RUN,NOT_RUN,test1_demo;test2_golden,1,1,killed,-6,0.326,,<missing>,
resize,ast_emitted,e186e9e3a8f8473b,cxx_rel_swap,resize_box_uint8_down.halide_generated.cpp,1846,27,operator< -> operator==,m126_cxx_rel_swap_operator_eq_eq,OK,b7b5ea7b4ae88f3e,OK,NOT_RUN,NOT_RUN,NOT_RUN,NOT_RUN,,0,1,equivalent_tce,,,,,bit-identical machine code at -O2: no test can distinguish it
resize,ast_emitted,654f5458f82b935c,cxx_rel_swap,resize_box_uint8_down.halide_generated.cpp,1858,27,operator< -> operator>=,m130_cxx_rel_swap_operator_gt_eq,OK,b7b5ea7b4ae88f3e,OK,NOT_RUN,NOT_RUN,NOT_RUN,NOT_RUN,,0,1,equivalent_tce,,,,,bit-identical machine code at -O2: no test can distinguish it
resize,ast_emitted,a2e03437c71defe6,cxx_rel_swap,resize_box_uint8_down.halide_generated.cpp,1846,27,operator< -> operator!=,m127_cxx_rel_swap_operator_not_eq,OK,b7b5ea7b4ae88f3e,OK,NOT_RUN,NOT_RUN,NOT_RUN,NOT_RUN,,0,1,equivalent_tce,,,,,bit-identical machine code at -O2: no test can distinguish it
resize,ast_emitted,54ccd0993741d299,cxx_rel_swap,resize_box_uint8_down.halide_generated.cpp,1846,27,operator< -> operator>=,m125_cxx_rel_swap_operator_gt_eq,OK,b7b5ea7b4ae88f3e,OK,NOT_RUN,NOT_RUN,NOT_RUN,NOT_RUN,,0,1,equivalent_tce,,,,,bit-identical machine code at -O2: no test can distinguish it
resize,ast_emitted,096177e22844f027,cxx_rel_swap,resize_box_uint8_down.halide_generated.cpp,1814,31,operator!= -> operator<,m118_cxx_rel_swap_operator_lt,OK,e2076c8bd87d8ad2,OK,SURVIVED,SURVIVED,NOT_RUN,NOT_RUN,,0,0,,0,1.474,,d1c42bdaf408029e,
resize,ast_emitted,7a2bb7a0b7853cf2,cxx_rel_swap,resize_box_uint8_down.halide_generated.cpp,1858,27,operator< -> operator==,m131_cxx_rel_swap_operator_eq_eq,OK,b7b5ea7b4ae88f3e,OK,NOT_RUN,NOT_RUN,NOT_RUN,NOT_RUN,,0,1,equivalent_tce,,,,,bit-identical machine code at -O2: no test can distinguish it
resize,ast_emitted,14110ca64b6cf742,cxx_rel_swap,resize_box_uint8_down.halide_generated.cpp,1858,27,operator< -> operator<=,m128_cxx_rel_swap_operator_lt_eq,OK,b7b5ea7b4ae88f3e,OK,NOT_RUN,NOT_RUN,NOT_RUN,NOT_RUN,,0,1,equivalent_tce,,,,,bit-identical machine code at -O2: no test can distinguish it
resize,ast_emitted,668fa3b0c4755647,cxx_rel_swap,resize_box_uint8_down.halide_generated.cpp,1860,24,operator< -> operator>=,m135_cxx_rel_swap_operator_gt_eq,OK,b7b5ea7b4ae88f3e,OK,NOT_RUN,NOT_RUN,NOT_RUN,NOT_RUN,,0,1,equivalent_tce,,,,,bit-identical machine code at -O2: no test can distinguish it
resize,ast_emitted,b1d5a23abbc7cb35,cxx_rel_swap,resize_box_uint8_down.halide_generated.cpp,1858,27,operator< -> operator>,m129_cxx_rel_swap_operator_gt,OK,b7b5ea7b4ae88f3e,OK,NOT_RUN,NOT_RUN,NOT_RUN,NOT_RUN,,0,1,equivalent_tce,,,,,bit-identical machine code at -O2: no test can distinguish it
resize,ast_emitted,7780a04a663551a1,cxx_rel_swap,resize_box_uint8_down.halide_generated.cpp,1858,27,operator< -> operator!=,m132_cxx_rel_swap_operator_not_eq,OK,b7b5ea7b4ae88f3e,OK,NOT_RUN,NOT_RUN,NOT_RUN,NOT_RUN,,0,1,equivalent_tce,,,,,bit-identical machine code at -O2: no test can distinguish it
resize,ast_emitted,aeead84b8860e34e,cxx_rel_swap,resize_box_uint8_down.halide_generated.cpp,1860,24,operator< -> operator!=,m137_cxx_rel_swap_operator_not_eq,OK,b7b5ea7b4ae88f3e,OK,NOT_RUN,NOT_RUN,NOT_RUN,NOT_RUN,,0,1,equivalent_tce,,,,,bit-identical machine code at -O2: no test can distinguish it
resize,ast_emitted,c380e8cddaf1ed6d,cxx_rel_swap,resize_box_uint8_down.halide_generated.cpp,1860,24,operator< -> operator<=,m133_cxx_rel_swap_operator_lt_eq,OK,b7b5ea7b4ae88f3e,OK,NOT_RUN,NOT_RUN,NOT_RUN,NOT_RUN,,0,1,equivalent_tce,,,,,bit-identical machine code at -O2: no test can distinguish it
resize,ast_emitted,02d74c8600fd93dc,cxx_rel_swap,resize_box_uint8_down.halide_generated.cpp,1860,24,operator< -> operator>,m134_cxx_rel_swap_operator_gt,OK,b7b5ea7b4ae88f3e,OK,NOT_RUN,NOT_RUN,NOT_RUN,NOT_RUN,,0,1,equivalent_tce,,,,,bit-identical machine code at -O2: no test can distinguish it
resize,ast_emitted,4036f1696bba4c3e,cxx_arith_swap,resize_box_uint8_down.halide_generated.cpp,1861,33,operator* -> operator+,m138_cxx_arith_swap_operator_add,OK,b7b5ea7b4ae88f3e,OK,NOT_RUN,NOT_RUN,NOT_RUN,NOT_RUN,,0,1,equivalent_tce,,,,,bit-identical machine code at -O2: no test can distinguish it
resize,ast_emitted,fb73c855fee23b60,cxx_arith_swap,resize_box_uint8_down.halide_generated.cpp,1861,33,operator* -> operator-,m139_cxx_arith_swap_operator_sub,OK,b7b5ea7b4ae88f3e,OK,NOT_RUN,NOT_RUN,NOT_RUN,NOT_RUN,,0,1,equivalent_tce,,,,,bit-identical machine code at -O2: no test can distinguish it
resize,ast_emitted,4b91d4d074ac3111,cxx_rel_swap,resize_box_uint8_down.halide_generated.cpp,1860,24,operator< -> operator==,m136_cxx_rel_swap_operator_eq_eq,OK,b7b5ea7b4ae88f3e,OK,NOT_RUN,NOT_RUN,NOT_RUN,NOT_RUN,,0,1,equivalent_tce,,,,,bit-identical machine code at -O2: no test can distinguish it
resize,ast_emitted,c8f48ba91871e021,cxx_arith_swap,resize_box_uint8_down.halide_generated.cpp,1861,33,operator* -> operator/,m140_cxx_arith_swap_operator_div,OK,b7b5ea7b4ae88f3e,OK,NOT_RUN,NOT_RUN,NOT_RUN,NOT_RUN,,0,1,equivalent_tce,,,,,bit-identical machine code at -O2: no test can distinguish it
resize,ast_emitted,39e5f6b6b272aa89,cxx_arith_swap,resize_box_uint8_down.halide_generated.cpp,1861,61,operator- -> operator/,m143_cxx_arith_swap_operator_div,OK,b7b5ea7b4ae88f3e,OK,NOT_RUN,NOT_RUN,NOT_RUN,NOT_RUN,,0,1,equivalent_tce,,,,,bit-identical machine code at -O2: no test can distinguish it
resize,ast_emitted,48168cb0ff21bcbe,cxx_arith_swap,resize_box_uint8_down.halide_generated.cpp,1861,61,operator- -> operator+,m141_cxx_arith_swap_operator_add,OK,b7b5ea7b4ae88f3e,OK,NOT_RUN,NOT_RUN,NOT_RUN,NOT_RUN,,0,1,equivalent_tce,,,,,bit-identical machine code at -O2: no test can distinguish it
resize,ast_emitted,1b37191c23a9f827,cxx_rel_swap,resize_box_uint8_down.halide_generated.cpp,1872,27,operator< -> operator>=,m146_cxx_rel_swap_operator_gt_eq,OK,b7b5ea7b4ae88f3e,OK,NOT_RUN,NOT_RUN,NOT_RUN,NOT_RUN,,0,1,equivalent_tce,,,,,bit-identical machine code at -O2: no test can distinguish it
resize,ast_emitted,9e01b932d0f9521d,cxx_rel_swap,resize_box_uint8_down.halide_generated.cpp,1872,27,operator< -> operator<=,m144_cxx_rel_swap_operator_lt_eq,OK,b7b5ea7b4ae88f3e,OK,NOT_RUN,NOT_RUN,NOT_RUN,NOT_RUN,,0,1,equivalent_tce,,,,,bit-identical machine code at -O2: no test can distinguish it
resize,ast_emitted,18add4d972e41172,cxx_rel_swap,resize_box_uint8_down.halide_generated.cpp,1872,27,operator< -> operator>,m145_cxx_rel_swap_operator_gt,OK,b7b5ea7b4ae88f3e,OK,NOT_RUN,NOT_RUN,NOT_RUN,NOT_RUN,,0,1,equivalent_tce,,,,,bit-identical machine code at -O2: no test can distinguish it
resize,ast_emitted,1c47a17197cc328d,cxx_arith_swap,resize_box_uint8_down.halide_generated.cpp,1861,61,operator- -> operator*,m142_cxx_arith_swap_operator_mul,OK,b7b5ea7b4ae88f3e,OK,NOT_RUN,NOT_RUN,NOT_RUN,NOT_RUN,,0,1,equivalent_tce,,,,,bit-identical machine code at -O2: no test can distinguish it
resize,ast_emitted,49b26a2df7a454bc,cxx_rel_swap,resize_box_uint8_down.halide_generated.cpp,1872,27,operator< -> operator!=,m148_cxx_rel_swap_operator_not_eq,OK,b7b5ea7b4ae88f3e,OK,NOT_RUN,NOT_RUN,NOT_RUN,NOT_RUN,,0,1,equivalent_tce,,,,,bit-identical machine code at -O2: no test can distinguish it
resize,ast_emitted,f4188ee8f5a29ce3,cxx_rel_swap,resize_box_uint8_down.halide_generated.cpp,1874,24,operator> -> operator<,m149_cxx_rel_swap_operator_lt,OK,b7b5ea7b4ae88f3e,OK,NOT_RUN,NOT_RUN,NOT_RUN,NOT_RUN,,0,1,equivalent_tce,,,,,bit-identical machine code at -O2: no test can distinguish it
resize,ast_emitted,14d8a32083f510a8,cxx_rel_swap,resize_box_uint8_down.halide_generated.cpp,1872,27,operator< -> operator==,m147_cxx_rel_swap_operator_eq_eq,OK,b7b5ea7b4ae88f3e,OK,NOT_RUN,NOT_RUN,NOT_RUN,NOT_RUN,,0,1,equivalent_tce,,,,,bit-identical machine code at -O2: no test can distinguish it
resize,ast_emitted,78f0804af53d2da2,cxx_rel_swap,resize_box_uint8_down.halide_generated.cpp,1874,24,operator> -> operator!=,m153_cxx_rel_swap_operator_not_eq,OK,b7b5ea7b4ae88f3e,OK,NOT_RUN,NOT_RUN,NOT_RUN,NOT_RUN,,0,1,equivalent_tce,,,,,bit-identical machine code at -O2: no test can distinguish it
resize,ast_emitted,4374b3548fd6f29a,cxx_rel_swap,resize_box_uint8_down.halide_generated.cpp,1874,24,operator> -> operator<=,m150_cxx_rel_swap_operator_lt_eq,OK,b7b5ea7b4ae88f3e,OK,NOT_RUN,NOT_RUN,NOT_RUN,NOT_RUN,,0,1,equivalent_tce,,,,,bit-identical machine code at -O2: no test can distinguish it
resize,ast_emitted,c6f1de39cbe7bfcb,cxx_rel_swap,resize_box_uint8_down.halide_generated.cpp,1874,24,operator> -> operator>=,m151_cxx_rel_swap_operator_gt_eq,OK,b7b5ea7b4ae88f3e,OK,NOT_RUN,NOT_RUN,NOT_RUN,NOT_RUN,,0,1,equivalent_tce,,,,,bit-identical machine code at -O2: no test can distinguish it
resize,ast_emitted,7e3d2454bac431c7,cxx_arith_swap,resize_box_uint8_down.halide_generated.cpp,1875,33,operator* -> operator+,m154_cxx_arith_swap_operator_add,OK,b7b5ea7b4ae88f3e,OK,NOT_RUN,NOT_RUN,NOT_RUN,NOT_RUN,,0,1,equivalent_tce,,,,,bit-identical machine code at -O2: no test can distinguish it
resize,ast_emitted,8860e1c05c125fdc,cxx_rel_swap,resize_box_uint8_down.halide_generated.cpp,1874,24,operator> -> operator==,m152_cxx_rel_swap_operator_eq_eq,OK,b7b5ea7b4ae88f3e,OK,NOT_RUN,NOT_RUN,NOT_RUN,NOT_RUN,,0,1,equivalent_tce,,,,,bit-identical machine code at -O2: no test can distinguish it
resize,ast_emitted,8332848c28a800e1,cxx_arith_swap,resize_box_uint8_down.halide_generated.cpp,1875,33,operator* -> operator-,m155_cxx_arith_swap_operator_sub,OK,b7b5ea7b4ae88f3e,OK,NOT_RUN,NOT_RUN,NOT_RUN,NOT_RUN,,0,1,equivalent_tce,,,,,bit-identical machine code at -O2: no test can distinguish it
resize,ast_emitted,827013db0872d39f,cxx_arith_swap,resize_box_uint8_down.halide_generated.cpp,1875,61,operator- -> operator+,m157_cxx_arith_swap_operator_add,OK,b7b5ea7b4ae88f3e,OK,NOT_RUN,NOT_RUN,NOT_RUN,NOT_RUN,,0,1,equivalent_tce,,,,,bit-identical machine code at -O2: no test can distinguish it
resize,ast_emitted,f43b987f84266ec1,cxx_arith_swap,resize_box_uint8_down.halide_generated.cpp,1886,21,operator+ -> operator/,m162_cxx_arith_swap_operator_div,COMPILE_FAIL,,OK,NOT_RUN,NOT_RUN,NOT_RUN,NOT_RUN,,0,0,,,,,,"the compiler rejected the mutant -- a kill category only staged compilation produces, not a test kill"
resize,ast_emitted,53aee412169efa5f,cxx_arith_swap,resize_box_uint8_down.halide_generated.cpp,1886,21,operator+ -> operator*,m161_cxx_arith_swap_operator_mul,COMPILE_FAIL,,OK,NOT_RUN,NOT_RUN,NOT_RUN,NOT_RUN,,0,0,,,,,,"the compiler rejected the mutant -- a kill category only staged compilation produces, not a test kill"
resize,ast_emitted,003b9ef71f943b7f,cxx_arith_swap,resize_box_uint8_down.halide_generated.cpp,1875,61,operator- -> operator/,m159_cxx_arith_swap_operator_div,OK,b7b5ea7b4ae88f3e,OK,NOT_RUN,NOT_RUN,NOT_RUN,NOT_RUN,,0,1,equivalent_tce,,,,,bit-identical machine code at -O2: no test can distinguish it
resize,ast_emitted,8444d288941753ff,cxx_arith_swap,resize_box_uint8_down.halide_generated.cpp,1886,21,operator+ -> operator-,m160_cxx_arith_swap_operator_sub,OK,b7b5ea7b4ae88f3e,OK,NOT_RUN,NOT_RUN,NOT_RUN,NOT_RUN,,0,1,equivalent_tce,,,,,bit-identical machine code at -O2: no test can distinguish it
resize,ast_emitted,a8be06a37c20ba00,cxx_arith_swap,resize_box_uint8_down.halide_generated.cpp,1875,33,operator* -> operator/,m156_cxx_arith_swap_operator_div,OK,b7b5ea7b4ae88f3e,OK,NOT_RUN,NOT_RUN,NOT_RUN,NOT_RUN,,0,1,equivalent_tce,,,,,bit-identical machine code at -O2: no test can distinguish it
resize,ast_emitted,d492bbf23e687ee8,cxx_arith_swap,resize_box_uint8_down.halide_generated.cpp,1875,61,operator- -> operator*,m158_cxx_arith_swap_operator_mul,OK,b7b5ea7b4ae88f3e,OK,NOT_RUN,NOT_RUN,NOT_RUN,NOT_RUN,,0,1,equivalent_tce,,,,,bit-identical machine code at -O2: no test can distinguish it
resize,ast_emitted,5f587254762a7da5,cxx_arith_swap,resize_box_uint8_down.halide_generated.cpp,1892,21,operator+ -> operator/,m168_cxx_arith_swap_operator_div,COMPILE_FAIL,,OK,NOT_RUN,NOT_RUN,NOT_RUN,NOT_RUN,,0,0,,,,,,"the compiler rejected the mutant -- a kill category only staged compilation produces, not a test kill"
resize,ast_emitted,80ef9cbdf63ec61a,cxx_arith_swap,resize_box_uint8_down.halide_generated.cpp,1892,21,operator+ -> operator*,m167_cxx_arith_swap_operator_mul,COMPILE_FAIL,,OK,NOT_RUN,NOT_RUN,NOT_RUN,NOT_RUN,,0,0,,,,,,"the compiler rejected the mutant -- a kill category only staged compilation produces, not a test kill"
resize,ast_emitted,673f7bf398f8a0c9,cxx_arith_swap,resize_box_uint8_down.halide_generated.cpp,1886,38,operator* -> operator+,m163_cxx_arith_swap_operator_add,OK,b7b5ea7b4ae88f3e,OK,NOT_RUN,NOT_RUN,NOT_RUN,NOT_RUN,,0,1,equivalent_tce,,,,,bit-identical machine code at -O2: no test can distinguish it
resize,ast_emitted,55997fd399ef745d,cxx_arith_swap,resize_box_uint8_down.halide_generated.cpp,1886,38,operator* -> operator-,m164_cxx_arith_swap_operator_sub,OK,b7b5ea7b4ae88f3e,OK,NOT_RUN,NOT_RUN,NOT_RUN,NOT_RUN,,0,1,equivalent_tce,,,,,bit-identical machine code at -O2: no test can distinguish it
resize,ast_emitted,50e3076f133b9203,cxx_arith_swap,resize_box_uint8_down.halide_generated.cpp,1892,36,operator* -> operator-,m170_cxx_arith_swap_operator_sub,OK,b7b5ea7b4ae88f3e,OK,NOT_RUN,NOT_RUN,NOT_RUN,NOT_RUN,,0,1,equivalent_tce,,,,,bit-identical machine code at -O2: no test can distinguish it
resize,ast_emitted,a7bd9afbf27503b0,cxx_arith_swap,resize_box_uint8_down.halide_generated.cpp,1892,21,operator+ -> operator-,m166_cxx_arith_swap_operator_sub,OK,b7b5ea7b4ae88f3e,OK,NOT_RUN,NOT_RUN,NOT_RUN,NOT_RUN,,0,1,equivalent_tce,,,,,bit-identical machine code at -O2: no test can distinguish it
resize,ast_emitted,a3f6f1346bcf3fe7,cxx_arith_swap,resize_box_uint8_down.halide_generated.cpp,1892,36,operator* -> operator/,m171_cxx_arith_swap_operator_div,OK,b7b5ea7b4ae88f3e,OK,NOT_RUN,NOT_RUN,NOT_RUN,NOT_RUN,,0,1,equivalent_tce,,,,,bit-identical machine code at -O2: no test can distinguish it
resize,ast_emitted,b57fd9f501e9c35c,cxx_arith_swap,resize_box_uint8_down.halide_generated.cpp,1886,38,operator* -> operator/,m165_cxx_arith_swap_operator_div,OK,b7b5ea7b4ae88f3e,OK,NOT_RUN,NOT_RUN,NOT_RUN,NOT_RUN,,0,1,equivalent_tce,,,,,bit-identical machine code at -O2: no test can distinguish it
resize,ast_emitted,ca29b609c9f57e93,cxx_arith_swap,resize_box_uint8_down.halide_generated.cpp,1897,56,operator* -> operator+,m172_cxx_arith_swap_operator_add,OK,b7b5ea7b4ae88f3e,OK,NOT_RUN,NOT_RUN,NOT_RUN,NOT_RUN,,0,1,equivalent_tce,,,,,bit-identical machine code at -O2: no test can distinguish it
resize,ast_emitted,142358ea430b2a49,cxx_arith_swap,resize_box_uint8_down.halide_generated.cpp,1892,36,operator* -> operator+,m169_cxx_arith_swap_operator_add,OK,b7b5ea7b4ae88f3e,OK,NOT_RUN,NOT_RUN,NOT_RUN,NOT_RUN,,0,1,equivalent_tce,,,,,bit-identical machine code at -O2: no test can distinguish it
resize,ast_emitted,d890d6a5634487d0,cxx_arith_swap,resize_box_uint8_down.halide_generated.cpp,1897,56,operator* -> operator/,m174_cxx_arith_swap_operator_div,OK,b7b5ea7b4ae88f3e,OK,NOT_RUN,NOT_RUN,NOT_RUN,NOT_RUN,,0,1,equivalent_tce,,,,,bit-identical machine code at -O2: no test can distinguish it
resize,ast_emitted,7632fabf6886f048,cxx_arith_swap,resize_box_uint8_down.halide_generated.cpp,1897,56,operator* -> operator-,m173_cxx_arith_swap_operator_sub,OK,b7b5ea7b4ae88f3e,OK,NOT_RUN,NOT_RUN,NOT_RUN,NOT_RUN,,0,1,equivalent_tce,,,,,bit-identical machine code at -O2: no test can distinguish it
resize,ast_emitted,083b27873d51ad2e,cxx_arith_swap,resize_box_uint8_down.halide_generated.cpp,1897,38,operator- -> operator+,m175_cxx_arith_swap_operator_add,OK,b7b5ea7b4ae88f3e,OK,NOT_RUN,NOT_RUN,NOT_RUN,NOT_RUN,,0,1,equivalent_tce,,,,,bit-identical machine code at -O2: no test can distinguish it
resize,ast_emitted,3933332ca9be8e25,cxx_rel_swap,resize_box_uint8_down.halide_generated.cpp,1903,27,operator< -> operator>,m179_cxx_rel_swap_operator_gt,OK,b7b5ea7b4ae88f3e,OK,NOT_RUN,NOT_RUN,NOT_RUN,NOT_RUN,,0,1,equivalent_tce,,,,,bit-identical machine code at -O2: no test can distinguish it
resize,ast_emitted,3f13bcc31ac4da5a,cxx_arith_swap,resize_box_uint8_down.halide_generated.cpp,1897,38,operator- -> operator*,m176_cxx_arith_swap_operator_mul,OK,b7b5ea7b4ae88f3e,OK,NOT_RUN,NOT_RUN,NOT_RUN,NOT_RUN,,0,1,equivalent_tce,,,,,bit-identical machine code at -O2: no test can distinguish it
resize,ast_emitted,b573787d2e94356a,cxx_rel_swap,resize_box_uint8_down.halide_generated.cpp,1903,27,operator< -> operator==,m181_cxx_rel_swap_operator_eq_eq,OK,b7b5ea7b4ae88f3e,OK,NOT_RUN,NOT_RUN,NOT_RUN,NOT_RUN,,0,1,equivalent_tce,,,,,bit-identical machine code at -O2: no test can distinguish it
resize,ast_emitted,5067060f2d39831b,cxx_arith_swap,resize_box_uint8_down.halide_generated.cpp,1897,38,operator- -> operator/,m177_cxx_arith_swap_operator_div,OK,b7b5ea7b4ae88f3e,OK,NOT_RUN,NOT_RUN,NOT_RUN,NOT_RUN,,0,1,equivalent_tce,,,,,bit-identical machine code at -O2: no test can distinguish it
resize,ast_emitted,a8e44bb358dd9b84,cxx_rel_swap,resize_box_uint8_down.halide_generated.cpp,1903,27,operator< -> operator>=,m180_cxx_rel_swap_operator_gt_eq,OK,b7b5ea7b4ae88f3e,OK,NOT_RUN,NOT_RUN,NOT_RUN,NOT_RUN,,0,1,equivalent_tce,,,,,bit-identical machine code at -O2: no test can distinguish it
resize,ast_emitted,b755d5767b53e9c9,cxx_rel_swap,resize_box_uint8_down.halide_generated.cpp,1903,27,operator< -> operator<=,m178_cxx_rel_swap_operator_lt_eq,OK,b7b5ea7b4ae88f3e,OK,NOT_RUN,NOT_RUN,NOT_RUN,NOT_RUN,,0,1,equivalent_tce,,,,,bit-identical machine code at -O2: no test can distinguish it
resize,ast_emitted,af2c84c6ff0ea95c,cxx_rel_swap,resize_box_uint8_down.halide_generated.cpp,1903,27,operator< -> operator!=,m182_cxx_rel_swap_operator_not_eq,OK,b7b5ea7b4ae88f3e,OK,NOT_RUN,NOT_RUN,NOT_RUN,NOT_RUN,,0,1,equivalent_tce,,,,,bit-identical machine code at -O2: no test can distinguish it
resize,ast_emitted,63e2f4ee9489b88b,cxx_arith_swap,resize_box_uint8_down.halide_generated.cpp,1904,47,operator* -> operator/,m185_cxx_arith_swap_operator_div,OK,b7b5ea7b4ae88f3e,OK,NOT_RUN,NOT_RUN,NOT_RUN,NOT_RUN,,0,1,equivalent_tce,,,,,bit-identical machine code at -O2: no test can distinguish it
resize,ast_emitted,37633c66455c49c8,cxx_arith_swap,resize_box_uint8_down.halide_generated.cpp,1904,57,operator- -> operator+,m186_cxx_arith_swap_operator_add,OK,b7b5ea7b4ae88f3e,OK,NOT_RUN,NOT_RUN,NOT_RUN,NOT_RUN,,0,1,equivalent_tce,,,,,bit-identical machine code at -O2: no test can distinguish it
resize,ast_emitted,577f5408d0c0f935,cxx_arith_swap,resize_box_uint8_down.halide_generated.cpp,1904,47,operator* -> operator+,m183_cxx_arith_swap_operator_add,OK,b7b5ea7b4ae88f3e,OK,NOT_RUN,NOT_RUN,NOT_RUN,NOT_RUN,,0,1,equivalent_tce,,,,,bit-identical machine code at -O2: no test can distinguish it
resize,ast_emitted,fb67a152ab979523,cxx_arith_swap,resize_box_uint8_down.halide_generated.cpp,1906,21,operator+ -> operator/,m191_cxx_arith_swap_operator_div,COMPILE_FAIL,,OK,NOT_RUN,NOT_RUN,NOT_RUN,NOT_RUN,,0,0,,,,,,"the compiler rejected the mutant -- a kill category only staged compilation produces, not a test kill"
resize,ast_emitted,bd0ee732f42096d0,cxx_arith_swap,resize_box_uint8_down.halide_generated.cpp,1904,57,operator- -> operator*,m187_cxx_arith_swap_operator_mul,OK,b7b5ea7b4ae88f3e,OK,NOT_RUN,NOT_RUN,NOT_RUN,NOT_RUN,,0,1,equivalent_tce,,,,,bit-identical machine code at -O2: no test can distinguish it
resize,ast_emitted,ce80ed9869bc945d,cxx_arith_swap,resize_box_uint8_down.halide_generated.cpp,1906,21,operator+ -> operator*,m190_cxx_arith_swap_operator_mul,COMPILE_FAIL,,OK,NOT_RUN,NOT_RUN,NOT_RUN,NOT_RUN,,0,0,,,,,,"the compiler rejected the mutant -- a kill category only staged compilation produces, not a test kill"
resize,ast_emitted,9ea995c1fb475cca,cxx_arith_swap,resize_box_uint8_down.halide_generated.cpp,1904,47,operator* -> operator-,m184_cxx_arith_swap_operator_sub,OK,b7b5ea7b4ae88f3e,OK,NOT_RUN,NOT_RUN,NOT_RUN,NOT_RUN,,0,1,equivalent_tce,,,,,bit-identical machine code at -O2: no test can distinguish it
resize,ast_emitted,a2c24f6c54dbb869,cxx_arith_swap,resize_box_uint8_down.halide_generated.cpp,1904,57,operator- -> operator/,m188_cxx_arith_swap_operator_div,OK,b7b5ea7b4ae88f3e,OK,NOT_RUN,NOT_RUN,NOT_RUN,NOT_RUN,,0,1,equivalent_tce,,,,,bit-identical machine code at -O2: no test can distinguish it
resize,ast_emitted,470c3f6e32b34125,cxx_arith_swap,resize_box_uint8_down.halide_generated.cpp,1906,21,operator+ -> operator-,m189_cxx_arith_swap_operator_sub,OK,b7b5ea7b4ae88f3e,OK,NOT_RUN,NOT_RUN,NOT_RUN,NOT_RUN,,0,1,equivalent_tce,,,,,bit-identical machine code at -O2: no test can distinguish it
resize,ast_emitted,aa422dfda21ac255,cxx_rel_swap,resize_box_uint8_down.halide_generated.cpp,1924,21,operator== -> operator<,m195_cxx_rel_swap_operator_lt,COMPILE_FAIL,,OK,NOT_RUN,NOT_RUN,NOT_RUN,NOT_RUN,,0,0,,,,,,"the compiler rejected the mutant -- a kill category only staged compilation produces, not a test kill"
resize,ast_emitted,dca4770e4992773f,cxx_rel_swap,resize_box_uint8_down.halide_generated.cpp,1924,21,operator== -> operator>,m197_cxx_rel_swap_operator_gt,COMPILE_FAIL,,OK,NOT_RUN,NOT_RUN,NOT_RUN,NOT_RUN,,0,0,,,,,,"the compiler rejected the mutant -- a kill category only staged compilation produces, not a test kill"
resize,ast_emitted,b342327a3aa6d175,cxx_rel_swap,resize_box_uint8_down.halide_generated.cpp,1924,21,operator== -> operator<=,m196_cxx_rel_swap_operator_lt_eq,COMPILE_FAIL,,OK,NOT_RUN,NOT_RUN,NOT_RUN,NOT_RUN,,0,0,,,,,,"the compiler rejected the mutant -- a kill category only staged compilation produces, not a test kill"
resize,ast_emitted,47ea7015174cdd27,cxx_arith_swap,resize_box_uint8_down.halide_generated.cpp,1906,29,operator* -> operator+,m192_cxx_arith_swap_operator_add,OK,b7b5ea7b4ae88f3e,OK,NOT_RUN,NOT_RUN,NOT_RUN,NOT_RUN,,0,1,equivalent_tce,,,,,bit-identical machine code at -O2: no test can distinguish it
resize,ast_emitted,5ac6e38cb2dabb06,cxx_arith_swap,resize_box_uint8_down.halide_generated.cpp,1906,29,operator* -> operator-,m193_cxx_arith_swap_operator_sub,OK,b7b5ea7b4ae88f3e,OK,NOT_RUN,NOT_RUN,NOT_RUN,NOT_RUN,,0,1,equivalent_tce,,,,,bit-identical machine code at -O2: no test can distinguish it
resize,ast_emitted,fe0f9d183b049df6,cxx_arith_swap,resize_box_uint8_down.halide_generated.cpp,1906,29,operator* -> operator/,m194_cxx_arith_swap_operator_div,OK,b7b5ea7b4ae88f3e,OK,NOT_RUN,NOT_RUN,NOT_RUN,NOT_RUN,,0,1,equivalent_tce,,,,,bit-identical machine code at -O2: no test can distinguish it
resize,ast_emitted,a6677db0fe39cca5,cxx_rel_swap,resize_box_uint8_down.halide_generated.cpp,1924,21,operator== -> operator>=,m198_cxx_rel_swap_operator_gt_eq,COMPILE_FAIL,,OK,NOT_RUN,NOT_RUN,NOT_RUN,NOT_RUN,,0,0,,,,,,"the compiler rejected the mutant -- a kill category only staged compilation produces, not a test kill"
resize,ast_emitted,422f48dc709b54e3,cxx_rel_swap,resize_box_uint8_down.halide_generated.cpp,1924,42,operator== -> operator>,m202_cxx_rel_swap_operator_gt,OK,b7b5ea7b4ae88f3e,OK,NOT_RUN,NOT_RUN,NOT_RUN,NOT_RUN,,0,1,equivalent_tce,,,,,bit-identical machine code at -O2: no test can distinguish it
resize,ast_emitted,795e650281c368cc,cxx_rel_swap,resize_box_uint8_down.halide_generated.cpp,1924,42,operator== -> operator>=,m203_cxx_rel_swap_operator_gt_eq,OK,b7b5ea7b4ae88f3e,OK,NOT_RUN,NOT_RUN,NOT_RUN,NOT_RUN,,0,1,equivalent_tce,,,,,bit-identical machine code at -O2: no test can distinguish it
resize,ast_emitted,6f510422dd3fe3b6,cxx_rel_swap,resize_box_uint8_down.halide_generated.cpp,1924,21,operator== -> operator!=,m199_cxx_rel_swap_operator_not_eq,OK,b7b5ea7b4ae88f3e,OK,NOT_RUN,NOT_RUN,NOT_RUN,NOT_RUN,,0,1,equivalent_tce,,,,,bit-identical machine code at -O2: no test can distinguish it
resize,ast_emitted,813cf709b976580c,cxx_rel_swap,resize_box_uint8_down.halide_generated.cpp,1924,42,operator== -> operator<,m200_cxx_rel_swap_operator_lt,OK,b7b5ea7b4ae88f3e,OK,NOT_RUN,NOT_RUN,NOT_RUN,NOT_RUN,,0,1,equivalent_tce,,,,,bit-identical machine code at -O2: no test can distinguish it
resize,ast_emitted,b8424fde1ed8add3,cxx_rel_swap,resize_box_uint8_down.halide_generated.cpp,1924,42,operator== -> operator<=,m201_cxx_rel_swap_operator_lt_eq,OK,b7b5ea7b4ae88f3e,OK,NOT_RUN,NOT_RUN,NOT_RUN,NOT_RUN,,0,1,equivalent_tce,,,,,bit-identical machine code at -O2: no test can distinguish it
resize,ast_emitted,ca83495a7754a59e,cxx_arith_swap,resize_box_uint8_down.halide_generated.cpp,2461,49,operator- -> operator*,m206_cxx_arith_swap_operator_mul,OK,b7b5ea7b4ae88f3e,OK,NOT_RUN,NOT_RUN,NOT_RUN,NOT_RUN,,0,1,equivalent_tce,,,,,bit-identical machine code at -O2: no test can distinguish it
resize,ast_emitted,a2345d016a62dd53,cxx_rel_swap,resize_box_uint8_down.halide_generated.cpp,1924,42,operator== -> operator!=,m204_cxx_rel_swap_operator_not_eq,OK,b7b5ea7b4ae88f3e,OK,NOT_RUN,NOT_RUN,NOT_RUN,NOT_RUN,,0,1,equivalent_tce,,,,,bit-identical machine code at -O2: no test can distinguish it
resize,ast_emitted,cf3a214f5e964412,cxx_arith_swap,resize_box_uint8_down.halide_generated.cpp,2461,28,operator+ -> operator-,m208_cxx_arith_swap_operator_sub,OK,b7b5ea7b4ae88f3e,OK,NOT_RUN,NOT_RUN,NOT_RUN,NOT_RUN,,0,1,equivalent_tce,,,,,bit-identical machine code at -O2: no test can distinguish it
resize,ast_emitted,dbec911024217e71,cxx_rel_swap,resize_box_uint8_down.halide_generated.cpp,2503,22,operator== -> operator<,m211_cxx_rel_swap_operator_lt,COMPILE_FAIL,,OK,NOT_RUN,NOT_RUN,NOT_RUN,NOT_RUN,,0,0,,,,,,"the compiler rejected the mutant -- a kill category only staged compilation produces, not a test kill"
resize,ast_emitted,28b4be2941430c0e,cxx_arith_swap,resize_box_uint8_down.halide_generated.cpp,2461,49,operator- -> operator/,m207_cxx_arith_swap_operator_div,OK,b7b5ea7b4ae88f3e,OK,NOT_RUN,NOT_RUN,NOT_RUN,NOT_RUN,,0,1,equivalent_tce,,,,,bit-identical machine code at -O2: no test can distinguish it
resize,ast_emitted,c706e88f387766a2,cxx_arith_swap,resize_box_uint8_down.halide_generated.cpp,2461,28,operator+ -> operator*,m209_cxx_arith_swap_operator_mul,OK,b7b5ea7b4ae88f3e,OK,NOT_RUN,NOT_RUN,NOT_RUN,NOT_RUN,,0,1,equivalent_tce,,,,,bit-identical machine code at -O2: no test can distinguish it
resize,ast_emitted,1a91f211f02d3ca1,cxx_arith_swap,resize_box_uint8_down.halide_generated.cpp,2461,49,operator- -> operator+,m205_cxx_arith_swap_operator_add,OK,b7b5ea7b4ae88f3e,OK,NOT_RUN,NOT_RUN,NOT_RUN,NOT_RUN,,0,1,equivalent_tce,,,,,bit-identical machine code at -O2: no test can distinguish it
resize,ast_emitted,40e1d1ff6dc98c6f,cxx_rel_swap,resize_box_uint8_down.halide_generated.cpp,2503,22,operator== -> operator<=,m212_cxx_rel_swap_operator_lt_eq,COMPILE_FAIL,,OK,NOT_RUN,NOT_RUN,NOT_RUN,NOT_RUN,,0,0,,,,,,"the compiler rejected the mutant -- a kill category only staged compilation produces, not a test kill"
resize,ast_emitted,6539f5723593f5cd,cxx_rel_swap,resize_box_uint8_down.halide_generated.cpp,2503,22,operator== -> operator>,m213_cxx_rel_swap_operator_gt,COMPILE_FAIL,,OK,NOT_RUN,NOT_RUN,NOT_RUN,NOT_RUN,,0,0,,,,,,"the compiler rejected the mutant -- a kill category only staged compilation produces, not a test kill"
resize,ast_emitted,52d99d2755534bd7,cxx_rel_swap,resize_box_uint8_down.halide_generated.cpp,2503,22,operator== -> operator>=,m214_cxx_rel_swap_operator_gt_eq,COMPILE_FAIL,,OK,NOT_RUN,NOT_RUN,NOT_RUN,NOT_RUN,,0,0,,,,,,"the compiler rejected the mutant -- a kill category only staged compilation produces, not a test kill"
resize,ast_emitted,48944ee8d1b83213,cxx_arith_swap,resize_box_uint8_down.halide_generated.cpp,2461,28,operator+ -> operator/,m210_cxx_arith_swap_operator_div,OK,b7b5ea7b4ae88f3e,OK,NOT_RUN,NOT_RUN,NOT_RUN,NOT_RUN,,0,1,equivalent_tce,,,,,bit-identical machine code at -O2: no test can distinguish it
resize,ast_emitted,d992d47aca3a11a9,cxx_rel_swap,resize_box_uint8_down.halide_generated.cpp,2503,48,operator== -> operator<=,m217_cxx_rel_swap_operator_lt_eq,OK,b7b5ea7b4ae88f3e,OK,NOT_RUN,NOT_RUN,NOT_RUN,NOT_RUN,,0,1,equivalent_tce,,,,,bit-identical machine code at -O2: no test can distinguish it
resize,ast_emitted,caa18ccf7b30171d,cxx_rel_swap,resize_box_uint8_down.halide_generated.cpp,2503,22,operator== -> operator!=,m215_cxx_rel_swap_operator_not_eq,OK,c29a158e83e2939f,OK,KILLED,KILLED,NOT_RUN,NOT_RUN,test1_demo;test2_golden,1,1,killed,-11,0.512,,e3b0c44298fc1c14,
resize,ast_emitted,061c0f8d5cd239ff,cxx_rel_swap,resize_box_uint8_down.halide_generated.cpp,2503,48,operator== -> operator>,m218_cxx_rel_swap_operator_gt,OK,a7d22a85f9c8eed4,OK,SURVIVED,SURVIVED,NOT_RUN,NOT_RUN,,0,0,,0,1.584,,d1c42bdaf408029e,
resize,ast_emitted,4aebab2b8188f31e,cxx_rel_swap,resize_box_uint8_down.halide_generated.cpp,2503,48,operator== -> operator<,m216_cxx_rel_swap_operator_lt,OK,70279c96ddda6a35,OK,SURVIVED,SURVIVED,NOT_RUN,NOT_RUN,,0,0,,0,0.928,,d1c42bdaf408029e,
resize,ast_emitted,845a0fed2923a049,cxx_rel_swap,resize_box_uint8_down.halide_generated.cpp,2503,48,operator== -> operator>=,m219_cxx_rel_swap_operator_gt_eq,OK,4bcfd779c596726c,OK,SURVIVED,SURVIVED,NOT_RUN,NOT_RUN,,0,0,,0,1.419,,d1c42bdaf408029e,
resize,ast_emitted,169e4de4c404c7aa,cxx_rel_swap,resize_box_uint8_down.halide_generated.cpp,2503,48,operator== -> operator!=,m220_cxx_rel_swap_operator_not_eq,OK,a7d22a85f9c8eed4,OK,SURVIVED,SURVIVED,NOT_RUN,NOT_RUN,,0,0,,0,1.432,,d1c42bdaf408029e,
resize,ast_emitted,0e9baea53c491275,cxx_rel_swap,resize_box_uint8_down.halide_generated.cpp,2529,15,operator!= -> operator<=,m222_cxx_rel_swap_operator_lt_eq,OK,fd16101ed38edcb4,OK,SURVIVED,SURVIVED,NOT_RUN,NOT_RUN,,0,0,,0,1.581,,d1c42bdaf408029e,
resize,ast_emitted,4c7ddfb52395a173,cxx_rel_swap,resize_box_uint8_down.halide_generated.cpp,2530,27,operator< -> operator<=,m226_cxx_rel_swap_operator_lt_eq,OK,b7b5ea7b4ae88f3e,OK,NOT_RUN,NOT_RUN,NOT_RUN,NOT_RUN,,0,1,equivalent_tce,,,,,bit-identical machine code at -O2: no test can distinguish it
resize,ast_emitted,71e13eacf526065b,cxx_rel_swap,resize_box_uint8_down.halide_generated.cpp,2529,15,operator!= -> operator<,m221_cxx_rel_swap_operator_lt,OK,a8132b4f01375ee2,OK,SURVIVED,SURVIVED,NOT_RUN,NOT_RUN,,0,0,,0,1.785,,d1c42bdaf408029e,
resize,ast_emitted,b7fc5fa78670683b,cxx_rel_swap,resize_box_uint8_down.halide_generated.cpp,2529,15,operator!= -> operator>,m223_cxx_rel_swap_operator_gt,OK,fdbd4f876e38f873,OK,SURVIVED,SURVIVED,NOT_RUN,NOT_RUN,,0,0,,0,1.508,,d1c42bdaf408029e,
resize,ast_emitted,5d9672b28e3cbbee,cxx_rel_swap,resize_box_uint8_down.halide_generated.cpp,2529,15,operator!= -> operator>=,m224_cxx_rel_swap_operator_gt_eq,OK,cd3e368c90762545,OK,SURVIVED,SURVIVED,NOT_RUN,NOT_RUN,,0,0,,0,0.635,,d1c42bdaf408029e,
resize,ast_emitted,7d7a7ab3cf211885,cxx_rel_swap,resize_box_uint8_down.halide_generated.cpp,2529,15,operator!= -> operator==,m225_cxx_rel_swap_operator_eq_eq,OK,cfaf7be5c145616a,OK,SURVIVED,SURVIVED,NOT_RUN,NOT_RUN,,0,0,,0,0.665,,d1c42bdaf408029e,
resize,ast_emitted,8fede036855c475b,cxx_rel_swap,resize_box_uint8_down.halide_generated.cpp,2530,27,operator< -> operator!=,m230_cxx_rel_swap_operator_not_eq,OK,b7b5ea7b4ae88f3e,OK,NOT_RUN,NOT_RUN,NOT_RUN,NOT_RUN,,0,1,equivalent_tce,,,,,bit-identical machine code at -O2: no test can distinguish it
resize,ast_emitted,5e95efd45289e121,cxx_rel_swap,resize_box_uint8_down.halide_generated.cpp,2530,27,operator< -> operator>,m227_cxx_rel_swap_operator_gt,OK,f46695b89d4bab65,OK,SURVIVED,SURVIVED,NOT_RUN,NOT_RUN,,0,0,,0,1.156,,d1c42bdaf408029e,
resize,ast_emitted,2e96382ce335217b,cxx_rel_swap,resize_box_uint8_down.halide_generated.cpp,2549,23,operator< -> operator<=,m231_cxx_rel_swap_operator_lt_eq,OK,b7b5ea7b4ae88f3e,OK,NOT_RUN,NOT_RUN,NOT_RUN,NOT_RUN,,0,1,equivalent_tce,,,,,bit-identical machine code at -O2: no test can distinguish it
resize,ast_emitted,310720faca473e2b,cxx_rel_swap,resize_box_uint8_down.halide_generated.cpp,2530,27,operator< -> operator>=,m228_cxx_rel_swap_operator_gt_eq,OK,f46695b89d4bab65,OK,SURVIVED,SURVIVED,NOT_RUN,NOT_RUN,,0,0,,0,0.694,,d1c42bdaf408029e,
resize,ast_emitted,fdb2564b7dad6ec9,cxx_rel_swap,resize_box_uint8_down.halide_generated.cpp,2549,23,operator< -> operator>,m232_cxx_rel_swap_operator_gt,OK,b7b5ea7b4ae88f3e,OK,NOT_RUN,NOT_RUN,NOT_RUN,NOT_RUN,,0,1,equivalent_tce,,,,,bit-identical machine code at -O2: no test can distinguish it
resize,ast_emitted,e2d610ed94565c42,cxx_rel_swap,resize_box_uint8_down.halide_generated.cpp,2549,23,operator< -> operator>=,m233_cxx_rel_swap_operator_gt_eq,OK,b7b5ea7b4ae88f3e,OK,NOT_RUN,NOT_RUN,NOT_RUN,NOT_RUN,,0,1,equivalent_tce,,,,,bit-identical machine code at -O2: no test can distinguish it
resize,ast_emitted,8131c0f75fceda6a,cxx_rel_swap,resize_box_uint8_down.halide_generated.cpp,2530,27,operator< -> operator==,m229_cxx_rel_swap_operator_eq_eq,OK,f46695b89d4bab65,OK,SURVIVED,SURVIVED,NOT_RUN,NOT_RUN,,0,0,,0,1.354,,d1c42bdaf408029e,
resize,ast_emitted,998d447df75f5d49,cxx_rel_swap,resize_box_uint8_down.halide_generated.cpp,2549,23,operator< -> operator==,m234_cxx_rel_swap_operator_eq_eq,OK,b7b5ea7b4ae88f3e,OK,NOT_RUN,NOT_RUN,NOT_RUN,NOT_RUN,,0,1,equivalent_tce,,,,,bit-identical machine code at -O2: no test can distinguish it
resize,ast_emitted,b6f3ceccde76647a,cxx_rel_swap,resize_box_uint8_down.halide_generated.cpp,2549,23,operator< -> operator!=,m235_cxx_rel_swap_operator_not_eq,OK,b7b5ea7b4ae88f3e,OK,NOT_RUN,NOT_RUN,NOT_RUN,NOT_RUN,,0,1,equivalent_tce,,,,,bit-identical machine code at -O2: no test can distinguish it
resize,ast_emitted,dc574c861c17f30e,cxx_rel_swap,resize_box_uint8_down.halide_generated.cpp,2564,23,operator< -> operator>=,m238_cxx_rel_swap_operator_gt_eq,OK,b7b5ea7b4ae88f3e,OK,NOT_RUN,NOT_RUN,NOT_RUN,NOT_RUN,,0,1,equivalent_tce,,,,,bit-identical machine code at -O2: no test can distinguish it
resize,ast_emitted,2f355be1863224a8,cxx_rel_swap,resize_box_uint8_down.halide_generated.cpp,2564,23,operator< -> operator<=,m236_cxx_rel_swap_operator_lt_eq,OK,b7b5ea7b4ae88f3e,OK,NOT_RUN,NOT_RUN,NOT_RUN,NOT_RUN,,0,1,equivalent_tce,,,,,bit-identical machine code at -O2: no test can distinguish it
resize,ast_emitted,eb72761c253951c9,cxx_rel_swap,resize_box_uint8_down.halide_generated.cpp,2564,23,operator< -> operator>,m237_cxx_rel_swap_operator_gt,OK,b7b5ea7b4ae88f3e,OK,NOT_RUN,NOT_RUN,NOT_RUN,NOT_RUN,,0,1,equivalent_tce,,,,,bit-identical machine code at -O2: no test can distinguish it
resize,ast_emitted,a7af9b9ef0511295,cxx_arith_swap,resize_box_uint8_down.halide_generated.cpp,2568,46,operator* -> operator-,m242_cxx_arith_swap_operator_sub,OK,b7b5ea7b4ae88f3e,OK,NOT_RUN,NOT_RUN,NOT_RUN,NOT_RUN,,0,1,equivalent_tce,,,,,bit-identical machine code at -O2: no test can distinguish it
resize,ast_emitted,f61cc2435981c086,cxx_arith_swap,resize_box_uint8_down.halide_generated.cpp,2568,27,operator- -> operator+,m244_cxx_arith_swap_operator_add,OK,b7b5ea7b4ae88f3e,OK,NOT_RUN,NOT_RUN,NOT_RUN,NOT_RUN,,0,1,equivalent_tce,,,,,bit-identical machine code at -O2: no test can distinguish it
resize,ast_emitted,c5ae797acffe4728,cxx_rel_swap,resize_box_uint8_down.halide_generated.cpp,2564,23,operator< -> operator==,m239_cxx_rel_swap_operator_eq_eq,OK,b7b5ea7b4ae88f3e,OK,NOT_RUN,NOT_RUN,NOT_RUN,NOT_RUN,,0,1,equivalent_tce,,,,,bit-identical machine code at -O2: no test can distinguish it
resize,ast_emitted,607563f2cdaaffb8,cxx_rel_swap,resize_box_uint8_down.halide_generated.cpp,2564,23,operator< -> operator!=,m240_cxx_rel_swap_operator_not_eq,OK,b7b5ea7b4ae88f3e,OK,NOT_RUN,NOT_RUN,NOT_RUN,NOT_RUN,,0,1,equivalent_tce,,,,,bit-identical machine code at -O2: no test can distinguish it
resize,ast_emitted,dd2c9aff20a7d589,cxx_arith_swap,resize_box_uint8_down.halide_generated.cpp,2568,46,operator* -> operator/,m243_cxx_arith_swap_operator_div,OK,b7b5ea7b4ae88f3e,OK,NOT_RUN,NOT_RUN,NOT_RUN,NOT_RUN,,0,1,equivalent_tce,,,,,bit-identical machine code at -O2: no test can distinguish it
resize,ast_emitted,32e400056703609a,cxx_arith_swap,resize_box_uint8_down.halide_generated.cpp,2568,46,operator* -> operator+,m241_cxx_arith_swap_operator_add,OK,b7b5ea7b4ae88f3e,OK,NOT_RUN,NOT_RUN,NOT_RUN,NOT_RUN,,0,1,equivalent_tce,,,,,bit-identical machine code at -O2: no test can distinguish it
resize,ast_emitted,2437ea4dde56fe8d,cxx_arith_swap,resize_box_uint8_down.halide_generated.cpp,2568,27,operator- -> operator*,m245_cxx_arith_swap_operator_mul,OK,b7b5ea7b4ae88f3e,OK,NOT_RUN,NOT_RUN,NOT_RUN,NOT_RUN,,0,1,equivalent_tce,,,,,bit-identical machine code at -O2: no test can distinguish it
resize,ast_emitted,e7d2951136015361,cxx_arith_swap,resize_box_uint8_down.halide_generated.cpp,2568,27,operator- -> operator/,m246_cxx_arith_swap_operator_div,OK,b7b5ea7b4ae88f3e,OK,NOT_RUN,NOT_RUN,NOT_RUN,NOT_RUN,,0,1,equivalent_tce,,,,,bit-identical machine code at -O2: no test can distinguish it
resize,ast_emitted,70ac06df30f0abe1,cxx_arith_swap,resize_box_uint8_down.halide_generated.cpp,2571,29,operator* -> operator+,m247_cxx_arith_swap_operator_add,OK,b7b5ea7b4ae88f3e,OK,NOT_RUN,NOT_RUN,NOT_RUN,NOT_RUN,,0,1,equivalent_tce,,,,,bit-identical machine code at -O2: no test can distinguish it
resize,ast_emitted,b29037eaf3aa5a63,cxx_rel_swap,resize_box_uint8_down.halide_generated.cpp,2576,72,operator!= -> operator<=,m251_cxx_rel_swap_operator_lt_eq,OK,b7b5ea7b4ae88f3e,OK,NOT_RUN,NOT_RUN,NOT_RUN,NOT_RUN,,0,1,equivalent_tce,,,,,bit-identical machine code at -O2: no test can distinguish it
resize,ast_emitted,d713f1b7d9ca8a83,cxx_arith_swap,resize_box_uint8_down.halide_generated.cpp,2571,29,operator* -> operator/,m249_cxx_arith_swap_operator_div,OK,b7b5ea7b4ae88f3e,OK,NOT_RUN,NOT_RUN,NOT_RUN,NOT_RUN,,0,1,equivalent_tce,,,,,bit-identical machine code at -O2: no test can distinguish it
resize,ast_emitted,67aa188a38699847,cxx_arith_swap,resize_box_uint8_down.halide_generated.cpp,2571,29,operator* -> operator-,m248_cxx_arith_swap_operator_sub,OK,b7b5ea7b4ae88f3e,OK,NOT_RUN,NOT_RUN,NOT_RUN,NOT_RUN,,0,1,equivalent_tce,,,,,bit-identical machine code at -O2: no test can distinguish it
resize,ast_emitted,50f75958100f8ece,cxx_rel_swap,resize_box_uint8_down.halide_generated.cpp,2576,72,operator!= -> operator<,m250_cxx_rel_swap_operator_lt,OK,b7b5ea7b4ae88f3e,OK,NOT_RUN,NOT_RUN,NOT_RUN,NOT_RUN,,0,1,equivalent_tce,,,,,bit-identical machine code at -O2: no test can distinguish it
resize,ast_emitted,3ccb5b0e17a146df,cxx_rel_swap,resize_box_uint8_down.halide_generated.cpp,2576,72,operator!= -> operator==,m254_cxx_rel_swap_operator_eq_eq,OK,b7b5ea7b4ae88f3e,OK,NOT_RUN,NOT_RUN,NOT_RUN,NOT_RUN,,0,1,equivalent_tce,,,,,bit-identical machine code at -O2: no test can distinguish it
resize,ast_emitted,7a60b7160c3a03c0,cxx_rel_swap,resize_box_uint8_down.halide_generated.cpp,2606,28,operator!= -> operator<,m255_cxx_rel_swap_operator_lt,OK,b7b5ea7b4ae88f3e,OK,NOT_RUN,NOT_RUN,NOT_RUN,NOT_RUN,,0,1,equivalent_tce,,,,,bit-identical machine code at -O2: no test can distinguish it
resize,ast_emitted,c345f8281be4727f,cxx_rel_swap,resize_box_uint8_down.halide_generated.cpp,2576,72,operator!= -> operator>,m252_cxx_rel_swap_operator_gt,OK,b7b5ea7b4ae88f3e,OK,NOT_RUN,NOT_RUN,NOT_RUN,NOT_RUN,,0,1,equivalent_tce,,,,,bit-identical machine code at -O2: no test can distinguish it
resize,ast_emitted,8c2c6b24e4cf5308,cxx_rel_swap,resize_box_uint8_down.halide_generated.cpp,2576,72,operator!= -> operator>=,m253_cxx_rel_swap_operator_gt_eq,OK,b7b5ea7b4ae88f3e,OK,NOT_RUN,NOT_RUN,NOT_RUN,NOT_RUN,,0,1,equivalent_tce,,,,,bit-identical machine code at -O2: no test can distinguish it
resize,ast_emitted,622a2842fe3c34ea,cxx_rel_swap,resize_box_uint8_down.halide_generated.cpp,2606,28,operator!= -> operator<=,m256_cxx_rel_swap_operator_lt_eq,OK,b7b5ea7b4ae88f3e,OK,NOT_RUN,NOT_RUN,NOT_RUN,NOT_RUN,,0,1,equivalent_tce,,,,,bit-identical machine code at -O2: no test can distinguish it
resize,ast_emitted,40d8460adf925e3a,cxx_rel_swap,resize_box_uint8_down.halide_generated.cpp,2606,28,operator!= -> operator==,m259_cxx_rel_swap_operator_eq_eq,OK,b7b5ea7b4ae88f3e,OK,NOT_RUN,NOT_RUN,NOT_RUN,NOT_RUN,,0,1,equivalent_tce,,,,,bit-identical machine code at -O2: no test can distinguish it
resize,ast_emitted,b15501250d884879,cxx_rel_swap,resize_box_uint8_down.halide_generated.cpp,2611,24,operator!= -> operator<,m260_cxx_rel_swap_operator_lt,OK,b7b5ea7b4ae88f3e,OK,NOT_RUN,NOT_RUN,NOT_RUN,NOT_RUN,,0,1,equivalent_tce,,,,,bit-identical machine code at -O2: no test can distinguish it
resize,ast_emitted,6513aded966ef549,cxx_rel_swap,resize_box_uint8_down.halide_generated.cpp,2611,24,operator!= -> operator>,m262_cxx_rel_swap_operator_gt,OK,b7b5ea7b4ae88f3e,OK,NOT_RUN,NOT_RUN,NOT_RUN,NOT_RUN,,0,1,equivalent_tce,,,,,bit-identical machine code at -O2: no test can distinguish it
resize,ast_emitted,846d01e977f83fb5,cxx_rel_swap,resize_box_uint8_down.halide_generated.cpp,2606,28,operator!= -> operator>,m257_cxx_rel_swap_operator_gt,OK,b7b5ea7b4ae88f3e,OK,NOT_RUN,NOT_RUN,NOT_RUN,NOT_RUN,,0,1,equivalent_tce,,,,,bit-identical machine code at -O2: no test can distinguish it
resize,ast_emitted,02687e2558fc9948,cxx_rel_swap,resize_box_uint8_down.halide_generated.cpp,2606,28,operator!= -> operator>=,m258_cxx_rel_swap_operator_gt_eq,OK,b7b5ea7b4ae88f3e,OK,NOT_RUN,NOT_RUN,NOT_RUN,NOT_RUN,,0,1,equivalent_tce,,,,,bit-identical machine code at -O2: no test can distinguish it
resize,ast_emitted,03750d37391f2b78,cxx_rel_swap,resize_box_uint8_down.halide_generated.cpp,2611,24,operator!= -> operator<=,m261_cxx_rel_swap_operator_lt_eq,OK,b7b5ea7b4ae88f3e,OK,NOT_RUN,NOT_RUN,NOT_RUN,NOT_RUN,,0,1,equivalent_tce,,,,,bit-identical machine code at -O2: no test can distinguish it
resize,ast_emitted,57309ce0c955a9cd,cxx_rel_swap,resize_box_uint8_down.halide_generated.cpp,2620,24,operator!= -> operator<,m265_cxx_rel_swap_operator_lt,OK,b7b5ea7b4ae88f3e,OK,NOT_RUN,NOT_RUN,NOT_RUN,NOT_RUN,,0,1,equivalent_tce,,,,,bit-identical machine code at -O2: no test can distinguish it
resize,ast_emitted,f132e6fb7ce6c98a,cxx_rel_swap,resize_box_uint8_down.halide_generated.cpp,2611,24,operator!= -> operator==,m264_cxx_rel_swap_operator_eq_eq,OK,b7b5ea7b4ae88f3e,OK,NOT_RUN,NOT_RUN,NOT_RUN,NOT_RUN,,0,1,equivalent_tce,,,,,bit-identical machine code at -O2: no test can distinguish it
resize,ast_emitted,25b49667590b0362,cxx_rel_swap,resize_box_uint8_down.halide_generated.cpp,2611,24,operator!= -> operator>=,m263_cxx_rel_swap_operator_gt_eq,OK,b7b5ea7b4ae88f3e,OK,NOT_RUN,NOT_RUN,NOT_RUN,NOT_RUN,,0,1,equivalent_tce,,,,,bit-identical machine code at -O2: no test can distinguish it
resize,ast_emitted,f57171d317b97d2a,cxx_rel_swap,resize_box_uint8_down.halide_generated.cpp,2620,24,operator!= -> operator<=,m266_cxx_rel_swap_operator_lt_eq,OK,b7b5ea7b4ae88f3e,OK,NOT_RUN,NOT_RUN,NOT_RUN,NOT_RUN,,0,1,equivalent_tce,,,,,bit-identical machine code at -O2: no test can distinguish it
resize,ast_emitted,1f9ee004ea309be3,cxx_rel_swap,resize_box_uint8_down.halide_generated.cpp,2648,13,operator!= -> operator<,m270_cxx_rel_swap_operator_lt,COMPILE_FAIL,,OK,NOT_RUN,NOT_RUN,NOT_RUN,NOT_RUN,,0,0,,,,,,"the compiler rejected the mutant -- a kill category only staged compilation produces, not a test kill"
resize,ast_emitted,cfd4bea1327c5222,cxx_rel_swap,resize_box_uint8_down.halide_generated.cpp,2648,13,operator!= -> operator<=,m271_cxx_rel_swap_operator_lt_eq,COMPILE_FAIL,,OK,NOT_RUN,NOT_RUN,NOT_RUN,NOT_RUN,,0,0,,,,,,"the compiler rejected the mutant -- a kill category only staged compilation produces, not a test kill"
resize,ast_emitted,815a474d550064ec,cxx_rel_swap,resize_box_uint8_down.halide_generated.cpp,2620,24,operator!= -> operator==,m269_cxx_rel_swap_operator_eq_eq,OK,b7b5ea7b4ae88f3e,OK,NOT_RUN,NOT_RUN,NOT_RUN,NOT_RUN,,0,1,equivalent_tce,,,,,bit-identical machine code at -O2: no test can distinguish it
resize,ast_emitted,82a23d1f87f0cdf3,cxx_rel_swap,resize_box_uint8_down.halide_generated.cpp,2648,13,operator!= -> operator>=,m273_cxx_rel_swap_operator_gt_eq,COMPILE_FAIL,,OK,NOT_RUN,NOT_RUN,NOT_RUN,NOT_RUN,,0,0,,,,,,"the compiler rejected the mutant -- a kill category only staged compilation produces, not a test kill"
resize,ast_emitted,e5cf757d4137bf71,cxx_rel_swap,resize_box_uint8_down.halide_generated.cpp,2620,24,operator!= -> operator>,m267_cxx_rel_swap_operator_gt,OK,b7b5ea7b4ae88f3e,OK,NOT_RUN,NOT_RUN,NOT_RUN,NOT_RUN,,0,1,equivalent_tce,,,,,bit-identical machine code at -O2: no test can distinguish it
resize,ast_emitted,f8e33b498c861828,cxx_rel_swap,resize_box_uint8_down.halide_generated.cpp,2648,13,operator!= -> operator>,m272_cxx_rel_swap_operator_gt,COMPILE_FAIL,,OK,NOT_RUN,NOT_RUN,NOT_RUN,NOT_RUN,,0,0,,,,,,"the compiler rejected the mutant -- a kill category only staged compilation produces, not a test kill"
resize,ast_emitted,f686676e96ad7dea,cxx_rel_swap,resize_box_uint8_down.halide_generated.cpp,2620,24,operator!= -> operator>=,m268_cxx_rel_swap_operator_gt_eq,OK,b7b5ea7b4ae88f3e,OK,NOT_RUN,NOT_RUN,NOT_RUN,NOT_RUN,,0,1,equivalent_tce,,,,,bit-identical machine code at -O2: no test can distinguish it
resize,ast_emitted,75cf854c682b7c8d,cxx_rel_swap,resize_box_uint8_down.halide_generated.cpp,2728,30,operator< -> operator!=,m279_cxx_rel_swap_operator_not_eq,OK,b7b5ea7b4ae88f3e,OK,NOT_RUN,NOT_RUN,NOT_RUN,NOT_RUN,,0,1,equivalent_tce,,,,,bit-identical machine code at -O2: no test can distinguish it
resize,ast_emitted,13ad127567c2f0bf,cxx_rel_swap,resize_box_uint8_down.halide_generated.cpp,2648,13,operator!= -> operator==,m274_cxx_rel_swap_operator_eq_eq,OK,b7b5ea7b4ae88f3e,OK,NOT_RUN,NOT_RUN,NOT_RUN,NOT_RUN,,0,1,equivalent_tce,,,,,bit-identical machine code at -O2: no test can distinguish it
resize,ast_emitted,f70a46ceb8aea99f,cxx_rel_swap,resize_box_uint8_down.halide_generated.cpp,2728,30,operator< -> operator>,m276_cxx_rel_swap_operator_gt,OK,b7b5ea7b4ae88f3e,OK,NOT_RUN,NOT_RUN,NOT_RUN,NOT_RUN,,0,1,equivalent_tce,,,,,bit-identical machine code at -O2: no test can distinguish it
resize,ast_emitted,7409cecdcadc087f,cxx_rel_swap,resize_box_uint8_down.halide_generated.cpp,2728,30,operator< -> operator<=,m275_cxx_rel_swap_operator_lt_eq,OK,b7b5ea7b4ae88f3e,OK,NOT_RUN,NOT_RUN,NOT_RUN,NOT_RUN,,0,1,equivalent_tce,,,,,bit-identical machine code at -O2: no test can distinguish it
resize,ast_emitted,035c30be73cb0982,cxx_rel_swap,resize_box_uint8_down.halide_generated.cpp,2728,30,operator< -> operator==,m278_cxx_rel_swap_operator_eq_eq,OK,b7b5ea7b4ae88f3e,OK,NOT_RUN,NOT_RUN,NOT_RUN,NOT_RUN,,0,1,equivalent_tce,,,,,bit-identical machine code at -O2: no test can distinguish it
resize,ast_emitted,7b9fe176141f305d,cxx_rel_swap,resize_box_uint8_down.halide_generated.cpp,2728,30,operator< -> operator>=,m277_cxx_rel_swap_operator_gt_eq,OK,b7b5ea7b4ae88f3e,OK,NOT_RUN,NOT_RUN,NOT_RUN,NOT_RUN,,0,1,equivalent_tce,,,,,bit-identical machine code at -O2: no test can distinguish it
resize,ast_emitted,b9b53032b80ad5ca,cxx_rel_swap,resize_box_uint8_down.halide_generated.cpp,2736,30,operator< -> operator<=,m280_cxx_rel_swap_operator_lt_eq,OK,b7b5ea7b4ae88f3e,OK,NOT_RUN,NOT_RUN,NOT_RUN,NOT_RUN,,0,1,equivalent_tce,,,,,bit-identical machine code at -O2: no test can distinguish it
resize,ast_emitted,ea8ef071760452bf,cxx_rel_swap,resize_box_uint8_down.halide_generated.cpp,2736,30,operator< -> operator>=,m282_cxx_rel_swap_operator_gt_eq,OK,b7b5ea7b4ae88f3e,OK,NOT_RUN,NOT_RUN,NOT_RUN,NOT_RUN,,0,1,equivalent_tce,,,,,bit-identical machine code at -O2: no test can distinguish it
resize,ast_emitted,ed806c4a283ca5db,cxx_arith_swap,resize_box_uint8_down.halide_generated.cpp,2737,25,operator+ -> operator-,m285_cxx_arith_swap_operator_sub,OK,b7b5ea7b4ae88f3e,OK,NOT_RUN,NOT_RUN,NOT_RUN,NOT_RUN,,0,1,equivalent_tce,,,,,bit-identical machine code at -O2: no test can distinguish it
resize,ast_emitted,dc7dc0e1d7027d03,cxx_rel_swap,resize_box_uint8_down.halide_generated.cpp,2736,30,operator< -> operator!=,m284_cxx_rel_swap_operator_not_eq,OK,b7b5ea7b4ae88f3e,OK,NOT_RUN,NOT_RUN,NOT_RUN,NOT_RUN,,0,1,equivalent_tce,,,,,bit-identical machine code at -O2: no test can distinguish it
resize,ast_emitted,fc3c50311e49acb6,cxx_arith_swap,resize_box_uint8_down.halide_generated.cpp,2737,25,operator+ -> operator*,m286_cxx_arith_swap_operator_mul,OK,b7b5ea7b4ae88f3e,OK,NOT_RUN,NOT_RUN,NOT_RUN,NOT_RUN,,0,1,equivalent_tce,,,,,bit-identical machine code at -O2: no test can distinguish it
resize,ast_emitted,d5915d21c008e2c9,cxx_rel_swap,resize_box_uint8_down.halide_generated.cpp,2736,30,operator< -> operator>,m281_cxx_rel_swap_operator_gt,OK,b7b5ea7b4ae88f3e,OK,NOT_RUN,NOT_RUN,NOT_RUN,NOT_RUN,,0,1,equivalent_tce,,,,,bit-identical machine code at -O2: no test can distinguish it
resize,ast_emitted,1171341793fea362,cxx_arith_swap,resize_box_uint8_down.halide_generated.cpp,2737,25,operator+ -> operator/,m287_cxx_arith_swap_operator_div,OK,b7b5ea7b4ae88f3e,OK,NOT_RUN,NOT_RUN,NOT_RUN,NOT_RUN,,0,1,equivalent_tce,,,,,bit-identical machine code at -O2: no test can distinguish it
resize,ast_emitted,ce2bb03a9389dbe8,cxx_rel_swap,resize_box_uint8_down.halide_generated.cpp,2736,30,operator< -> operator==,m283_cxx_rel_swap_operator_eq_eq,OK,b7b5ea7b4ae88f3e,OK,NOT_RUN,NOT_RUN,NOT_RUN,NOT_RUN,,0,1,equivalent_tce,,,,,bit-identical machine code at -O2: no test can distinguish it
resize,ast_emitted,0d05648b415f348f,cxx_arith_swap,resize_box_uint8_down.halide_generated.cpp,2737,34,operator* -> operator+,m288_cxx_arith_swap_operator_add,OK,b7b5ea7b4ae88f3e,OK,NOT_RUN,NOT_RUN,NOT_RUN,NOT_RUN,,0,1,equivalent_tce,,,,,bit-identical machine code at -O2: no test can distinguish it
resize,ast_emitted,32d7e543a8163104,cxx_arith_swap,resize_box_uint8_down.halide_generated.cpp,2737,34,operator* -> operator/,m290_cxx_arith_swap_operator_div,OK,b7b5ea7b4ae88f3e,OK,NOT_RUN,NOT_RUN,NOT_RUN,NOT_RUN,,0,1,equivalent_tce,,,,,bit-identical machine code at -O2: no test can distinguish it
resize,ast_emitted,c68fb679947e5da7,cxx_arith_swap,resize_box_uint8_down.halide_generated.cpp,2744,53,operator+ -> operator*,m292_cxx_arith_swap_operator_mul,OK,b7b5ea7b4ae88f3e,OK,NOT_RUN,NOT_RUN,NOT_RUN,NOT_RUN,,0,1,equivalent_tce,,,,,bit-identical machine code at -O2: no test can distinguish it
resize,ast_emitted,060718acd6370a81,cxx_arith_swap,resize_box_uint8_down.halide_generated.cpp,2744,53,operator+ -> operator/,m293_cxx_arith_swap_operator_div,OK,b7b5ea7b4ae88f3e,OK,NOT_RUN,NOT_RUN,NOT_RUN,NOT_RUN,,0,1,equivalent_tce,,,,,bit-identical machine code at -O2: no test can distinguish it
resize,ast_emitted,a6f1012049265228,cxx_arith_swap,resize_box_uint8_down.halide_generated.cpp,2737,34,operator* -> operator-,m289_cxx_arith_swap_operator_sub,OK,b7b5ea7b4ae88f3e,OK,NOT_RUN,NOT_RUN,NOT_RUN,NOT_RUN,,0,1,equivalent_tce,,,,,bit-identical machine code at -O2: no test can distinguish it
resize,ast_emitted,a01312b8c1ec9868,cxx_arith_swap,resize_box_uint8_down.halide_generated.cpp,2744,53,operator+ -> operator-,m291_cxx_arith_swap_operator_sub,OK,b7b5ea7b4ae88f3e,OK,NOT_RUN,NOT_RUN,NOT_RUN,NOT_RUN,,0,1,equivalent_tce,,,,,bit-identical machine code at -O2: no test can distinguish it
resize,ast_emitted,c53423836309317b,cxx_arith_swap,resize_box_uint8_down.halide_generated.cpp,2744,84,operator* -> operator-,m295_cxx_arith_swap_operator_sub,OK,b7b5ea7b4ae88f3e,OK,NOT_RUN,NOT_RUN,NOT_RUN,NOT_RUN,,0,1,equivalent_tce,,,,,bit-identical machine code at -O2: no test can distinguish it
resize,ast_emitted,d0f64534db8a4c80,cxx_arith_swap,resize_box_uint8_down.halide_generated.cpp,2744,84,operator* -> operator/,m296_cxx_arith_swap_operator_div,OK,b7b5ea7b4ae88f3e,OK,NOT_RUN,NOT_RUN,NOT_RUN,NOT_RUN,,0,1,equivalent_tce,,,,,bit-identical machine code at -O2: no test can distinguish it
resize,ast_emitted,7580ccb7f162fa96,cxx_rel_swap,resize_box_uint8_down.halide_generated.cpp,2750,30,operator< -> operator<=,m297_cxx_rel_swap_operator_lt_eq,OK,b7b5ea7b4ae88f3e,OK,NOT_RUN,NOT_RUN,NOT_RUN,NOT_RUN,,0,1,equivalent_tce,,,,,bit-identical machine code at -O2: no test can distinguish it
resize,ast_emitted,ed9be611f23bd67e,cxx_arith_swap,resize_box_uint8_down.halide_generated.cpp,2744,84,operator* -> operator+,m294_cxx_arith_swap_operator_add,OK,b7b5ea7b4ae88f3e,OK,NOT_RUN,NOT_RUN,NOT_RUN,NOT_RUN,,0,1,equivalent_tce,,,,,bit-identical machine code at -O2: no test can distinguish it
resize,ast_emitted,4449969afcb7d3c5,cxx_rel_swap,resize_box_uint8_down.halide_generated.cpp,2750,30,operator< -> operator>,m298_cxx_rel_swap_operator_gt,OK,b7b5ea7b4ae88f3e,OK,NOT_RUN,NOT_RUN,NOT_RUN,NOT_RUN,,0,1,equivalent_tce,,,,,bit-identical machine code at -O2: no test can distinguish it
resize,ast_emitted,7f934d374211aeb5,cxx_rel_swap,resize_box_uint8_down.halide_generated.cpp,2750,30,operator< -> operator==,m300_cxx_rel_swap_operator_eq_eq,OK,b7b5ea7b4ae88f3e,OK,NOT_RUN,NOT_RUN,NOT_RUN,NOT_RUN,,0,1,equivalent_tce,,,,,bit-identical machine code at -O2: no test can distinguish it
resize,ast_emitted,d2e28ffaa4a66e0e,cxx_rel_swap,resize_box_uint8_down.halide_generated.cpp,2750,30,operator< -> operator!=,m301_cxx_rel_swap_operator_not_eq,OK,b7b5ea7b4ae88f3e,OK,NOT_RUN,NOT_RUN,NOT_RUN,NOT_RUN,,0,1,equivalent_tce,,,,,bit-identical machine code at -O2: no test can distinguish it
resize,ast_emitted,957234a0577f65d4,cxx_rel_swap,resize_box_uint8_down.halide_generated.cpp,2758,30,operator< -> operator<=,m302_cxx_rel_swap_operator_lt_eq,OK,b7b5ea7b4ae88f3e,OK,NOT_RUN,NOT_RUN,NOT_RUN,NOT_RUN,,0,1,equivalent_tce,,,,,bit-identical machine code at -O2: no test can distinguish it
resize,ast_emitted,ad422c3b07994ea2,cxx_rel_swap,resize_box_uint8_down.halide_generated.cpp,2758,30,operator< -> operator>,m303_cxx_rel_swap_operator_gt,OK,b7b5ea7b4ae88f3e,OK,NOT_RUN,NOT_RUN,NOT_RUN,NOT_RUN,,0,1,equivalent_tce,,,,,bit-identical machine code at -O2: no test can distinguish it
resize,ast_emitted,035ed7aaf4280636,cxx_rel_swap,resize_box_uint8_down.halide_generated.cpp,2750,30,operator< -> operator>=,m299_cxx_rel_swap_operator_gt_eq,OK,b7b5ea7b4ae88f3e,OK,NOT_RUN,NOT_RUN,NOT_RUN,NOT_RUN,,0,1,equivalent_tce,,,,,bit-identical machine code at -O2: no test can distinguish it
resize,ast_emitted,355b1a1f745cd881,cxx_rel_swap,resize_box_uint8_down.halide_generated.cpp,2758,30,operator< -> operator==,m305_cxx_rel_swap_operator_eq_eq,OK,b7b5ea7b4ae88f3e,OK,NOT_RUN,NOT_RUN,NOT_RUN,NOT_RUN,,0,1,equivalent_tce,,,,,bit-identical machine code at -O2: no test can distinguish it
resize,ast_emitted,b5c82053f835b0e0,cxx_rel_swap,resize_box_uint8_down.halide_generated.cpp,2758,30,operator< -> operator!=,m306_cxx_rel_swap_operator_not_eq,OK,b7b5ea7b4ae88f3e,OK,NOT_RUN,NOT_RUN,NOT_RUN,NOT_RUN,,0,1,equivalent_tce,,,,,bit-identical machine code at -O2: no test can distinguish it
resize,ast_emitted,2d2229d2f76f6e13,cxx_arith_swap,resize_box_uint8_down.halide_generated.cpp,2767,37,operator+ -> operator-,m307_cxx_arith_swap_operator_sub,OK,b7b5ea7b4ae88f3e,OK,NOT_RUN,NOT_RUN,NOT_RUN,NOT_RUN,,0,1,equivalent_tce,,,,,bit-identical machine code at -O2: no test can distinguish it
resize,ast_emitted,59ff00c24b838028,cxx_rel_swap,resize_box_uint8_down.halide_generated.cpp,2758,30,operator< -> operator>=,m304_cxx_rel_swap_operator_gt_eq,OK,b7b5ea7b4ae88f3e,OK,NOT_RUN,NOT_RUN,NOT_RUN,NOT_RUN,,0,1,equivalent_tce,,,,,bit-identical machine code at -O2: no test can distinguish it
resize,ast_emitted,09ca2c826108c6c3,cxx_arith_swap,resize_box_uint8_down.halide_generated.cpp,2767,37,operator+ -> operator/,m309_cxx_arith_swap_operator_div,OK,b7b5ea7b4ae88f3e,OK,NOT_RUN,NOT_RUN,NOT_RUN,NOT_RUN,,0,1,equivalent_tce,,,,,bit-identical machine code at -O2: no test can distinguish it
resize,ast_emitted,2a677a5a9d5ecbb9,cxx_arith_swap,resize_box_uint8_down.halide_generated.cpp,2767,37,operator+ -> operator*,m308_cxx_arith_swap_operator_mul,OK,b7b5ea7b4ae88f3e,OK,NOT_RUN,NOT_RUN,NOT_RUN,NOT_RUN,,0,1,equivalent_tce,,,,,bit-identical machine code at -O2: no test can distinguish it
resize,ast_emitted,e1d1f9f263e2e78e,cxx_arith_swap,resize_box_uint8_down.halide_generated.cpp,2767,78,operator* -> operator-,m311_cxx_arith_swap_operator_sub,OK,b7b5ea7b4ae88f3e,OK,NOT_RUN,NOT_RUN,NOT_RUN,NOT_RUN,,0,1,equivalent_tce,,,,,bit-identical machine code at -O2: no test can distinguish it
resize,ast_emitted,45d816fa19e795ae,cxx_arith_swap,resize_box_uint8_down.halide_generated.cpp,2767,78,operator* -> operator+,m310_cxx_arith_swap_operator_add,OK,b7b5ea7b4ae88f3e,OK,NOT_RUN,NOT_RUN,NOT_RUN,NOT_RUN,,0,1,equivalent_tce,,,,,bit-identical machine code at -O2: no test can distinguish it
resize,ast_emitted,4c4797f74065c1de,cxx_rel_swap,resize_box_uint8_down.halide_generated.cpp,2771,30,operator< -> operator<=,m313_cxx_rel_swap_operator_lt_eq,OK,b7b5ea7b4ae88f3e,OK,NOT_RUN,NOT_RUN,NOT_RUN,NOT_RUN,,0,1,equivalent_tce,,,,,bit-identical machine code at -O2: no test can distinguish it
resize,ast_emitted,9d30b4c5fa08c6eb,cxx_rel_swap,resize_box_uint8_down.halide_generated.cpp,2771,30,operator< -> operator>=,m315_cxx_rel_swap_operator_gt_eq,OK,b7b5ea7b4ae88f3e,OK,NOT_RUN,NOT_RUN,NOT_RUN,NOT_RUN,,0,1,equivalent_tce,,,,,bit-identical machine code at -O2: no test can distinguish it
resize,ast_emitted,a2abf47f43df7f4d,cxx_arith_swap,resize_box_uint8_down.halide_generated.cpp,2767,78,operator* -> operator/,m312_cxx_arith_swap_operator_div,OK,b7b5ea7b4ae88f3e,OK,NOT_RUN,NOT_RUN,NOT_RUN,NOT_RUN,,0,1,equivalent_tce,,,,,bit-identical machine code at -O2: no test can distinguish it
resize,ast_emitted,9126c27b4f9dac9c,cxx_rel_swap,resize_box_uint8_down.halide_generated.cpp,2771,30,operator< -> operator>,m314_cxx_rel_swap_operator_gt,OK,b7b5ea7b4ae88f3e,OK,NOT_RUN,NOT_RUN,NOT_RUN,NOT_RUN,,0,1,equivalent_tce,,,,,bit-identical machine code at -O2: no test can distinguish it
resize,ast_emitted,bcd8cb5ae711fc8b,cxx_rel_swap,resize_box_uint8_down.halide_generated.cpp,2777,30,operator< -> operator>,m319_cxx_rel_swap_operator_gt,OK,b7b5ea7b4ae88f3e,OK,NOT_RUN,NOT_RUN,NOT_RUN,NOT_RUN,,0,1,equivalent_tce,,,,,bit-identical machine code at -O2: no test can distinguish it
resize,ast_emitted,301fcb6991fb7029,cxx_rel_swap,resize_box_uint8_down.halide_generated.cpp,2777,30,operator< -> operator<=,m318_cxx_rel_swap_operator_lt_eq,OK,b7b5ea7b4ae88f3e,OK,NOT_RUN,NOT_RUN,NOT_RUN,NOT_RUN,,0,1,equivalent_tce,,,,,bit-identical machine code at -O2: no test can distinguish it
resize,ast_emitted,34f9b819596215b5,cxx_rel_swap,resize_box_uint8_down.halide_generated.cpp,2771,30,operator< -> operator!=,m317_cxx_rel_swap_operator_not_eq,OK,b7b5ea7b4ae88f3e,OK,NOT_RUN,NOT_RUN,NOT_RUN,NOT_RUN,,0,1,equivalent_tce,,,,,bit-identical machine code at -O2: no test can distinguish it
resize,ast_emitted,a43e3c17f2dfafa0,cxx_rel_swap,resize_box_uint8_down.halide_generated.cpp,2771,30,operator< -> operator==,m316_cxx_rel_swap_operator_eq_eq,OK,b7b5ea7b4ae88f3e,OK,NOT_RUN,NOT_RUN,NOT_RUN,NOT_RUN,,0,1,equivalent_tce,,,,,bit-identical machine code at -O2: no test can distinguish it
resize,ast_emitted,592dd7fa04cdc9dc,cxx_rel_swap,resize_box_uint8_down.halide_generated.cpp,2786,42,operator== -> operator<,m323_cxx_rel_swap_operator_lt,OK,b7b5ea7b4ae88f3e,OK,NOT_RUN,NOT_RUN,NOT_RUN,NOT_RUN,,0,1,equivalent_tce,,,,,bit-identical machine code at -O2: no test can distinguish it
resize,ast_emitted,9139f8a91e5c0dd5,cxx_rel_swap,resize_box_uint8_down.halide_generated.cpp,2777,30,operator< -> operator!=,m322_cxx_rel_swap_operator_not_eq,OK,b7b5ea7b4ae88f3e,OK,NOT_RUN,NOT_RUN,NOT_RUN,NOT_RUN,,0,1,equivalent_tce,,,,,bit-identical machine code at -O2: no test can distinguish it
resize,ast_emitted,a27b6ae33deced99,cxx_rel_swap,resize_box_uint8_down.halide_generated.cpp,2786,42,operator== -> operator<=,m324_cxx_rel_swap_operator_lt_eq,OK,b7b5ea7b4ae88f3e,OK,NOT_RUN,NOT_RUN,NOT_RUN,NOT_RUN,,0,1,equivalent_tce,,,,,bit-identical machine code at -O2: no test can distinguish it
resize,ast_emitted,e744992ccc1e2a13,cxx_rel_swap,resize_box_uint8_down.halide_generated.cpp,2777,30,operator< -> operator>=,m320_cxx_rel_swap_operator_gt_eq,OK,b7b5ea7b4ae88f3e,OK,NOT_RUN,NOT_RUN,NOT_RUN,NOT_RUN,,0,1,equivalent_tce,,,,,bit-identical machine code at -O2: no test can distinguish it
resize,ast_emitted,828f43a5dfc326ca,cxx_rel_swap,resize_box_uint8_down.halide_generated.cpp,2777,30,operator< -> operator==,m321_cxx_rel_swap_operator_eq_eq,OK,b7b5ea7b4ae88f3e,OK,NOT_RUN,NOT_RUN,NOT_RUN,NOT_RUN,,0,1,equivalent_tce,,,,,bit-identical machine code at -O2: no test can distinguish it
resize,ast_emitted,927c4acd36cd2491,cxx_rel_swap,resize_box_uint8_down.halide_generated.cpp,2786,42,operator== -> operator!=,m327_cxx_rel_swap_operator_not_eq,OK,b7b5ea7b4ae88f3e,OK,NOT_RUN,NOT_RUN,NOT_RUN,NOT_RUN,,0,1,equivalent_tce,,,,,bit-identical machine code at -O2: no test can distinguish it
resize,ast_emitted,0960541e4d136728,cxx_rel_swap,resize_box_uint8_down.halide_generated.cpp,2786,42,operator== -> operator>,m325_cxx_rel_swap_operator_gt,OK,b7b5ea7b4ae88f3e,OK,NOT_RUN,NOT_RUN,NOT_RUN,NOT_RUN,,0,1,equivalent_tce,,,,,bit-identical machine code at -O2: no test can distinguish it
resize,ast_emitted,c1393b6f24266086,cxx_rel_swap,resize_box_uint8_down.halide_generated.cpp,2786,42,operator== -> operator>=,m326_cxx_rel_swap_operator_gt_eq,OK,b7b5ea7b4ae88f3e,OK,NOT_RUN,NOT_RUN,NOT_RUN,NOT_RUN,,0,1,equivalent_tce,,,,,bit-identical machine code at -O2: no test can distinguish it
resize,ast_emitted,4c8b50844b945b14,cxx_rel_swap,resize_box_uint8_down.halide_generated.cpp,2800,30,operator< -> operator>,m329_cxx_rel_swap_operator_gt,OK,b7b5ea7b4ae88f3e,OK,NOT_RUN,NOT_RUN,NOT_RUN,NOT_RUN,,0,1,equivalent_tce,,,,,bit-identical machine code at -O2: no test can distinguish it
resize,ast_emitted,a525911faae4a6ac,cxx_rel_swap,resize_box_uint8_down.halide_generated.cpp,2800,30,operator< -> operator!=,m332_cxx_rel_swap_operator_not_eq,OK,b7b5ea7b4ae88f3e,OK,NOT_RUN,NOT_RUN,NOT_RUN,NOT_RUN,,0,1,equivalent_tce,,,,,bit-identical machine code at -O2: no test can distinguish it
resize,ast_emitted,594a87da6ec7c84f,cxx_rel_swap,resize_box_uint8_down.halide_generated.cpp,2800,30,operator< -> operator==,m331_cxx_rel_swap_operator_eq_eq,OK,b7b5ea7b4ae88f3e,OK,NOT_RUN,NOT_RUN,NOT_RUN,NOT_RUN,,0,1,equivalent_tce,,,,,bit-identical machine code at -O2: no test can distinguish it
resize,ast_emitted,4e89fc94f4ea67dd,cxx_rel_swap,resize_box_uint8_down.halide_generated.cpp,2800,30,operator< -> operator<=,m328_cxx_rel_swap_operator_lt_eq,OK,b7b5ea7b4ae88f3e,OK,NOT_RUN,NOT_RUN,NOT_RUN,NOT_RUN,,0,1,equivalent_tce,,,,,bit-identical machine code at -O2: no test can distinguish it
resize,ast_emitted,1739cb806ea4f34e,cxx_rel_swap,resize_box_uint8_down.halide_generated.cpp,2800,30,operator< -> operator>=,m330_cxx_rel_swap_operator_gt_eq,OK,b7b5ea7b4ae88f3e,OK,NOT_RUN,NOT_RUN,NOT_RUN,NOT_RUN,,0,1,equivalent_tce,,,,,bit-identical machine code at -O2: no test can distinguish it
resize,ast_emitted,efd36afeaf11b9c2,cxx_rel_swap,resize_box_uint8_down.halide_generated.cpp,2808,30,operator< -> operator==,m336_cxx_rel_swap_operator_eq_eq,OK,b7b5ea7b4ae88f3e,OK,NOT_RUN,NOT_RUN,NOT_RUN,NOT_RUN,,0,1,equivalent_tce,,,,,bit-identical machine code at -O2: no test can distinguish it
resize,ast_emitted,71d1a405129b98f8,cxx_rel_swap,resize_box_uint8_down.halide_generated.cpp,2808,30,operator< -> operator<=,m333_cxx_rel_swap_operator_lt_eq,OK,b7b5ea7b4ae88f3e,OK,NOT_RUN,NOT_RUN,NOT_RUN,NOT_RUN,,0,1,equivalent_tce,,,,,bit-identical machine code at -O2: no test can distinguish it
resize,ast_emitted,ca176e0e322b9d3e,cxx_rel_swap,resize_box_uint8_down.halide_generated.cpp,2808,30,operator< -> operator>,m334_cxx_rel_swap_operator_gt,OK,b7b5ea7b4ae88f3e,OK,NOT_RUN,NOT_RUN,NOT_RUN,NOT_RUN,,0,1,equivalent_tce,,,,,bit-identical machine code at -O2: no test can distinguish it
resize,ast_emitted,0035673dc0fe826e,cxx_rel_swap,resize_box_uint8_down.halide_generated.cpp,2816,30,operator< -> operator>,m339_cxx_rel_swap_operator_gt,OK,b7b5ea7b4ae88f3e,OK,NOT_RUN,NOT_RUN,NOT_RUN,NOT_RUN,,0,1,equivalent_tce,,,,,bit-identical machine code at -O2: no test can distinguish it
resize,ast_emitted,d9cc1d4f30f6ce2e,cxx_rel_swap,resize_box_uint8_down.halide_generated.cpp,2808,30,operator< -> operator!=,m337_cxx_rel_swap_operator_not_eq,OK,b7b5ea7b4ae88f3e,OK,NOT_RUN,NOT_RUN,NOT_RUN,NOT_RUN,,0,1,equivalent_tce,,,,,bit-identical machine code at -O2: no test can distinguish it
resize,ast_emitted,4e79a2e14040fe63,cxx_rel_swap,resize_box_uint8_down.halide_generated.cpp,2808,30,operator< -> operator>=,m335_cxx_rel_swap_operator_gt_eq,OK,b7b5ea7b4ae88f3e,OK,NOT_RUN,NOT_RUN,NOT_RUN,NOT_RUN,,0,1,equivalent_tce,,,,,bit-identical machine code at -O2: no test can distinguish it
resize,ast_emitted,31c237fb8acb1421,cxx_rel_swap,resize_box_uint8_down.halide_generated.cpp,2816,30,operator< -> operator>=,m340_cxx_rel_swap_operator_gt_eq,OK,b7b5ea7b4ae88f3e,OK,NOT_RUN,NOT_RUN,NOT_RUN,NOT_RUN,,0,1,equivalent_tce,,,,,bit-identical machine code at -O2: no test can distinguish it
resize,ast_emitted,795b6e66a444ba79,cxx_rel_swap,resize_box_uint8_down.halide_generated.cpp,2816,30,operator< -> operator<=,m338_cxx_rel_swap_operator_lt_eq,OK,b7b5ea7b4ae88f3e,OK,NOT_RUN,NOT_RUN,NOT_RUN,NOT_RUN,,0,1,equivalent_tce,,,,,bit-identical machine code at -O2: no test can distinguish it
resize,ast_emitted,91c9ce8fbc6670ae,cxx_rel_swap,resize_box_uint8_down.halide_generated.cpp,2816,30,operator< -> operator==,m341_cxx_rel_swap_operator_eq_eq,OK,b7b5ea7b4ae88f3e,OK,NOT_RUN,NOT_RUN,NOT_RUN,NOT_RUN,,0,1,equivalent_tce,,,,,bit-identical machine code at -O2: no test can distinguish it
resize,ast_emitted,619c586a88b78fd2,cxx_rel_swap,resize_box_uint8_down.halide_generated.cpp,2824,30,operator< -> operator>,m344_cxx_rel_swap_operator_gt,OK,b7b5ea7b4ae88f3e,OK,NOT_RUN,NOT_RUN,NOT_RUN,NOT_RUN,,0,1,equivalent_tce,,,,,bit-identical machine code at -O2: no test can distinguish it
resize,ast_emitted,ed2a28c382b8cf47,cxx_rel_swap,resize_box_uint8_down.halide_generated.cpp,2824,30,operator< -> operator>=,m345_cxx_rel_swap_operator_gt_eq,OK,b7b5ea7b4ae88f3e,OK,NOT_RUN,NOT_RUN,NOT_RUN,NOT_RUN,,0,1,equivalent_tce,,,,,bit-identical machine code at -O2: no test can distinguish it
resize,ast_emitted,32052aeb7c7a0c9c,cxx_rel_swap,resize_box_uint8_down.halide_generated.cpp,2816,30,operator< -> operator!=,m342_cxx_rel_swap_operator_not_eq,OK,b7b5ea7b4ae88f3e,OK,NOT_RUN,NOT_RUN,NOT_RUN,NOT_RUN,,0,1,equivalent_tce,,,,,bit-identical machine code at -O2: no test can distinguish it
resize,ast_emitted,03c5a3fdfe839939,cxx_rel_swap,resize_box_uint8_down.halide_generated.cpp,2824,30,operator< -> operator<=,m343_cxx_rel_swap_operator_lt_eq,OK,b7b5ea7b4ae88f3e,OK,NOT_RUN,NOT_RUN,NOT_RUN,NOT_RUN,,0,1,equivalent_tce,,,,,bit-identical machine code at -O2: no test can distinguish it
resize,ast_emitted,178b0f760f574ac4,cxx_rel_swap,resize_box_uint8_down.halide_generated.cpp,2824,30,operator< -> operator==,m346_cxx_rel_swap_operator_eq_eq,OK,b7b5ea7b4ae88f3e,OK,NOT_RUN,NOT_RUN,NOT_RUN,NOT_RUN,,0,1,equivalent_tce,,,,,bit-identical machine code at -O2: no test can distinguish it
resize,ast_emitted,321ad1e32c010347,cxx_rel_swap,resize_box_uint8_down.halide_generated.cpp,2824,30,operator< -> operator!=,m347_cxx_rel_swap_operator_not_eq,OK,b7b5ea7b4ae88f3e,OK,NOT_RUN,NOT_RUN,NOT_RUN,NOT_RUN,,0,1,equivalent_tce,,,,,bit-identical machine code at -O2: no test can distinguish it
resize,ast_emitted,d1c5d90e6b0bb33f,cxx_rel_swap,resize_box_uint8_down.halide_generated.cpp,2832,30,operator< -> operator>,m349_cxx_rel_swap_operator_gt,OK,b7b5ea7b4ae88f3e,OK,NOT_RUN,NOT_RUN,NOT_RUN,NOT_RUN,,0,1,equivalent_tce,,,,,bit-identical machine code at -O2: no test can distinguish it
resize,ast_emitted,6aafdb535ab4d474,cxx_rel_swap,resize_box_uint8_down.halide_generated.cpp,2832,30,operator< -> operator>=,m350_cxx_rel_swap_operator_gt_eq,OK,b7b5ea7b4ae88f3e,OK,NOT_RUN,NOT_RUN,NOT_RUN,NOT_RUN,,0,1,equivalent_tce,,,,,bit-identical machine code at -O2: no test can distinguish it
resize,ast_emitted,26ae6921a2c33027,cxx_rel_swap,resize_box_uint8_down.halide_generated.cpp,2832,30,operator< -> operator<=,m348_cxx_rel_swap_operator_lt_eq,OK,b7b5ea7b4ae88f3e,OK,NOT_RUN,NOT_RUN,NOT_RUN,NOT_RUN,,0,1,equivalent_tce,,,,,bit-identical machine code at -O2: no test can distinguish it
resize,ast_emitted,8be754992b85ec1a,cxx_rel_swap,resize_box_uint8_down.halide_generated.cpp,2832,30,operator< -> operator!=,m352_cxx_rel_swap_operator_not_eq,OK,b7b5ea7b4ae88f3e,OK,NOT_RUN,NOT_RUN,NOT_RUN,NOT_RUN,,0,1,equivalent_tce,,,,,bit-identical machine code at -O2: no test can distinguish it
resize,ast_emitted,f5ed651eb4cabfdf,cxx_rel_swap,resize_box_uint8_down.halide_generated.cpp,2840,30,operator< -> operator<=,m353_cxx_rel_swap_operator_lt_eq,OK,b7b5ea7b4ae88f3e,OK,NOT_RUN,NOT_RUN,NOT_RUN,NOT_RUN,,0,1,equivalent_tce,,,,,bit-identical machine code at -O2: no test can distinguish it
resize,ast_emitted,e267ee739205aee9,cxx_rel_swap,resize_box_uint8_down.halide_generated.cpp,2832,30,operator< -> operator==,m351_cxx_rel_swap_operator_eq_eq,OK,b7b5ea7b4ae88f3e,OK,NOT_RUN,NOT_RUN,NOT_RUN,NOT_RUN,,0,1,equivalent_tce,,,,,bit-identical machine code at -O2: no test can distinguish it
resize,ast_emitted,b380ed7c39f6d559,cxx_rel_swap,resize_box_uint8_down.halide_generated.cpp,2840,30,operator< -> operator>,m354_cxx_rel_swap_operator_gt,OK,b7b5ea7b4ae88f3e,OK,NOT_RUN,NOT_RUN,NOT_RUN,NOT_RUN,,0,1,equivalent_tce,,,,,bit-identical machine code at -O2: no test can distinguish it
resize,ast_emitted,41d18c3cccac3772,cxx_rel_swap,resize_box_uint8_down.halide_generated.cpp,2840,30,operator< -> operator==,m356_cxx_rel_swap_operator_eq_eq,OK,b7b5ea7b4ae88f3e,OK,NOT_RUN,NOT_RUN,NOT_RUN,NOT_RUN,,0,1,equivalent_tce,,,,,bit-identical machine code at -O2: no test can distinguish it
resize,ast_emitted,ddb2a6f81dac0f31,cxx_rel_swap,resize_box_uint8_down.halide_generated.cpp,2840,30,operator< -> operator!=,m357_cxx_rel_swap_operator_not_eq,OK,b7b5ea7b4ae88f3e,OK,NOT_RUN,NOT_RUN,NOT_RUN,NOT_RUN,,0,1,equivalent_tce,,,,,bit-identical machine code at -O2: no test can distinguish it
resize,ast_emitted,c747361d8f6a720d,cxx_rel_swap,resize_box_uint8_down.halide_generated.cpp,2848,30,operator< -> operator<=,m358_cxx_rel_swap_operator_lt_eq,OK,b7b5ea7b4ae88f3e,OK,NOT_RUN,NOT_RUN,NOT_RUN,NOT_RUN,,0,1,equivalent_tce,,,,,bit-identical machine code at -O2: no test can distinguish it
resize,ast_emitted,846f5d6d0ad592ed,cxx_rel_swap,resize_box_uint8_down.halide_generated.cpp,2840,30,operator< -> operator>=,m355_cxx_rel_swap_operator_gt_eq,OK,b7b5ea7b4ae88f3e,OK,NOT_RUN,NOT_RUN,NOT_RUN,NOT_RUN,,0,1,equivalent_tce,,,,,bit-identical machine code at -O2: no test can distinguish it
resize,ast_emitted,005efefcd681fcf8,cxx_rel_swap,resize_box_uint8_down.halide_generated.cpp,2848,30,operator< -> operator>,m359_cxx_rel_swap_operator_gt,OK,b7b5ea7b4ae88f3e,OK,NOT_RUN,NOT_RUN,NOT_RUN,NOT_RUN,,0,1,equivalent_tce,,,,,bit-identical machine code at -O2: no test can distinguish it
resize,ast_emitted,f50400025431d3da,cxx_rel_swap,resize_box_uint8_down.halide_generated.cpp,2848,30,operator< -> operator!=,m362_cxx_rel_swap_operator_not_eq,OK,b7b5ea7b4ae88f3e,OK,NOT_RUN,NOT_RUN,NOT_RUN,NOT_RUN,,0,1,equivalent_tce,,,,,bit-identical machine code at -O2: no test can distinguish it
resize,ast_emitted,ccd87248959074f5,cxx_rel_swap,resize_box_uint8_down.halide_generated.cpp,2849,25,operator< -> operator<=,m363_cxx_rel_swap_operator_lt_eq,OK,b7b5ea7b4ae88f3e,OK,NOT_RUN,NOT_RUN,NOT_RUN,NOT_RUN,,0,1,equivalent_tce,,,,,bit-identical machine code at -O2: no test can distinguish it
resize,ast_emitted,bb385d30c68e9c34,cxx_rel_swap,resize_box_uint8_down.halide_generated.cpp,2848,30,operator< -> operator==,m361_cxx_rel_swap_operator_eq_eq,OK,b7b5ea7b4ae88f3e,OK,NOT_RUN,NOT_RUN,NOT_RUN,NOT_RUN,,0,1,equivalent_tce,,,,,bit-identical machine code at -O2: no test can distinguish it
resize,ast_emitted,cdfef164dfe83032,cxx_rel_swap,resize_box_uint8_down.halide_generated.cpp,2848,30,operator< -> operator>=,m360_cxx_rel_swap_operator_gt_eq,OK,b7b5ea7b4ae88f3e,OK,NOT_RUN,NOT_RUN,NOT_RUN,NOT_RUN,,0,1,equivalent_tce,,,,,bit-identical machine code at -O2: no test can distinguish it
resize,ast_emitted,e2ae9a946f3841f9,cxx_rel_swap,resize_box_uint8_down.halide_generated.cpp,2849,25,operator< -> operator>,m364_cxx_rel_swap_operator_gt,OK,b7b5ea7b4ae88f3e,OK,NOT_RUN,NOT_RUN,NOT_RUN,NOT_RUN,,0,1,equivalent_tce,,,,,bit-identical machine code at -O2: no test can distinguish it
resize,ast_emitted,5a8c8f5b921a0897,cxx_rel_swap,resize_box_uint8_down.halide_generated.cpp,2849,25,operator< -> operator==,m366_cxx_rel_swap_operator_eq_eq,OK,b7b5ea7b4ae88f3e,OK,NOT_RUN,NOT_RUN,NOT_RUN,NOT_RUN,,0,1,equivalent_tce,,,,,bit-identical machine code at -O2: no test can distinguish it
resize,ast_emitted,9662a2cbfe44d7e5,cxx_rel_swap,resize_box_uint8_down.halide_generated.cpp,2849,25,operator< -> operator!=,m367_cxx_rel_swap_operator_not_eq,OK,b7b5ea7b4ae88f3e,OK,NOT_RUN,NOT_RUN,NOT_RUN,NOT_RUN,,0,1,equivalent_tce,,,,,bit-identical machine code at -O2: no test can distinguish it
resize,ast_emitted,a48e34cd473f4d38,cxx_rel_swap,resize_box_uint8_down.halide_generated.cpp,2849,25,operator< -> operator>=,m365_cxx_rel_swap_operator_gt_eq,OK,b7b5ea7b4ae88f3e,OK,NOT_RUN,NOT_RUN,NOT_RUN,NOT_RUN,,0,1,equivalent_tce,,,,,bit-identical machine code at -O2: no test can distinguish it
resize,ast_emitted,2e44e910231324b5,cxx_rel_swap,resize_box_uint8_down.halide_generated.cpp,2856,30,operator< -> operator>=,m370_cxx_rel_swap_operator_gt_eq,OK,b7b5ea7b4ae88f3e,OK,NOT_RUN,NOT_RUN,NOT_RUN,NOT_RUN,,0,1,equivalent_tce,,,,,bit-identical machine code at -O2: no test can distinguish it
resize,ast_emitted,d1756765ab4b5ce2,cxx_rel_swap,resize_box_uint8_down.halide_generated.cpp,2856,30,operator< -> operator>,m369_cxx_rel_swap_operator_gt,OK,b7b5ea7b4ae88f3e,OK,NOT_RUN,NOT_RUN,NOT_RUN,NOT_RUN,,0,1,equivalent_tce,,,,,bit-identical machine code at -O2: no test can distinguish it
resize,ast_emitted,ee6257b8e931db8c,cxx_rel_swap,resize_box_uint8_down.halide_generated.cpp,2856,30,operator< -> operator<=,m368_cxx_rel_swap_operator_lt_eq,OK,b7b5ea7b4ae88f3e,OK,NOT_RUN,NOT_RUN,NOT_RUN,NOT_RUN,,0,1,equivalent_tce,,,,,bit-identical machine code at -O2: no test can distinguish it
resize,ast_emitted,1bb808c7da5fb7e8,cxx_rel_swap,resize_box_uint8_down.halide_generated.cpp,2856,30,operator< -> operator==,m371_cxx_rel_swap_operator_eq_eq,OK,b7b5ea7b4ae88f3e,OK,NOT_RUN,NOT_RUN,NOT_RUN,NOT_RUN,,0,1,equivalent_tce,,,,,bit-identical machine code at -O2: no test can distinguish it
resize,ast_emitted,19607ffe80363f27,cxx_rel_swap,resize_box_uint8_down.halide_generated.cpp,2857,25,operator<= -> operator<,m373_cxx_rel_swap_operator_lt,OK,b7b5ea7b4ae88f3e,OK,NOT_RUN,NOT_RUN,NOT_RUN,NOT_RUN,,0,1,equivalent_tce,,,,,bit-identical machine code at -O2: no test can distinguish it
resize,ast_emitted,5befbac17cf4a1cb,cxx_rel_swap,resize_box_uint8_down.halide_generated.cpp,2856,30,operator< -> operator!=,m372_cxx_rel_swap_operator_not_eq,OK,b7b5ea7b4ae88f3e,OK,NOT_RUN,NOT_RUN,NOT_RUN,NOT_RUN,,0,1,equivalent_tce,,,,,bit-identical machine code at -O2: no test can distinguish it
resize,ast_emitted,5bca9f838bb36c73,cxx_rel_swap,resize_box_uint8_down.halide_generated.cpp,2857,25,operator<= -> operator>,m374_cxx_rel_swap_operator_gt,OK,b7b5ea7b4ae88f3e,OK,NOT_RUN,NOT_RUN,NOT_RUN,NOT_RUN,,0,1,equivalent_tce,,,,,bit-identical machine code at -O2: no test can distinguish it
resize,ast_emitted,3be8f4f7113aef1b,cxx_rel_swap,resize_box_uint8_down.halide_generated.cpp,2857,25,operator<= -> operator==,m376_cxx_rel_swap_operator_eq_eq,OK,b7b5ea7b4ae88f3e,OK,NOT_RUN,NOT_RUN,NOT_RUN,NOT_RUN,,0,1,equivalent_tce,,,,,bit-identical machine code at -O2: no test can distinguish it
resize,ast_emitted,e8f95abaded2967e,cxx_rel_swap,resize_box_uint8_down.halide_generated.cpp,2864,30,operator< -> operator<=,m378_cxx_rel_swap_operator_lt_eq,OK,b7b5ea7b4ae88f3e,OK,NOT_RUN,NOT_RUN,NOT_RUN,NOT_RUN,,0,1,equivalent_tce,,,,,bit-identical machine code at -O2: no test can distinguish it
resize,ast_emitted,52f75778c6f574a9,cxx_rel_swap,resize_box_uint8_down.halide_generated.cpp,2857,25,operator<= -> operator!=,m377_cxx_rel_swap_operator_not_eq,OK,b7b5ea7b4ae88f3e,OK,NOT_RUN,NOT_RUN,NOT_RUN,NOT_RUN,,0,1,equivalent_tce,,,,,bit-identical machine code at -O2: no test can distinguish it
resize,ast_emitted,db089b7c9f488459,cxx_rel_swap,resize_box_uint8_down.halide_generated.cpp,2857,25,operator<= -> operator>=,m375_cxx_rel_swap_operator_gt_eq,OK,b7b5ea7b4ae88f3e,OK,NOT_RUN,NOT_RUN,NOT_RUN,NOT_RUN,,0,1,equivalent_tce,,,,,bit-identical machine code at -O2: no test can distinguish it
resize,ast_emitted,bc23ccfc82dd5b01,cxx_rel_swap,resize_box_uint8_down.halide_generated.cpp,2864,30,operator< -> operator>=,m380_cxx_rel_swap_operator_gt_eq,OK,b7b5ea7b4ae88f3e,OK,NOT_RUN,NOT_RUN,NOT_RUN,NOT_RUN,,0,1,equivalent_tce,,,,,bit-identical machine code at -O2: no test can distinguish it
resize,ast_emitted,3d2a738ee60cdbc4,cxx_rel_swap,resize_box_uint8_down.halide_generated.cpp,2864,30,operator< -> operator>,m379_cxx_rel_swap_operator_gt,OK,b7b5ea7b4ae88f3e,OK,NOT_RUN,NOT_RUN,NOT_RUN,NOT_RUN,,0,1,equivalent_tce,,,,,bit-identical machine code at -O2: no test can distinguish it
resize,ast_emitted,d889aba65af4cd24,cxx_rel_swap,resize_box_uint8_down.halide_generated.cpp,2864,30,operator< -> operator!=,m382_cxx_rel_swap_operator_not_eq,OK,b7b5ea7b4ae88f3e,OK,NOT_RUN,NOT_RUN,NOT_RUN,NOT_RUN,,0,1,equivalent_tce,,,,,bit-identical machine code at -O2: no test can distinguish it
resize,ast_emitted,11757a1f246ef28f,cxx_rel_swap,resize_box_uint8_down.halide_generated.cpp,2865,25,operator> -> operator<,m383_cxx_rel_swap_operator_lt,OK,b7b5ea7b4ae88f3e,OK,NOT_RUN,NOT_RUN,NOT_RUN,NOT_RUN,,0,1,equivalent_tce,,,,,bit-identical machine code at -O2: no test can distinguish it
resize,ast_emitted,8e9a1ebae5f5040f,cxx_rel_swap,resize_box_uint8_down.halide_generated.cpp,2865,25,operator> -> operator<=,m384_cxx_rel_swap_operator_lt_eq,OK,b7b5ea7b4ae88f3e,OK,NOT_RUN,NOT_RUN,NOT_RUN,NOT_RUN,,0,1,equivalent_tce,,,,,bit-identical machine code at -O2: no test can distinguish it
resize,ast_emitted,661d6a8d61b86d26,cxx_rel_swap,resize_box_uint8_down.halide_generated.cpp,2865,25,operator> -> operator>=,m385_cxx_rel_swap_operator_gt_eq,OK,b7b5ea7b4ae88f3e,OK,NOT_RUN,NOT_RUN,NOT_RUN,NOT_RUN,,0,1,equivalent_tce,,,,,bit-identical machine code at -O2: no test can distinguish it
resize,ast_emitted,c73ab22a7443e773,cxx_rel_swap,resize_box_uint8_down.halide_generated.cpp,2864,30,operator< -> operator==,m381_cxx_rel_swap_operator_eq_eq,OK,b7b5ea7b4ae88f3e,OK,NOT_RUN,NOT_RUN,NOT_RUN,NOT_RUN,,0,1,equivalent_tce,,,,,bit-identical machine code at -O2: no test can distinguish it
resize,ast_emitted,f4402414501ba55f,cxx_rel_swap,resize_box_uint8_down.halide_generated.cpp,2865,25,operator> -> operator!=,m387_cxx_rel_swap_operator_not_eq,OK,b7b5ea7b4ae88f3e,OK,NOT_RUN,NOT_RUN,NOT_RUN,NOT_RUN,,0,1,equivalent_tce,,,,,bit-identical machine code at -O2: no test can distinguish it
resize,ast_emitted,b1c1411dcc7a32d3,cxx_rel_swap,resize_box_uint8_down.halide_generated.cpp,2872,30,operator< -> operator>=,m390_cxx_rel_swap_operator_gt_eq,OK,b7b5ea7b4ae88f3e,OK,NOT_RUN,NOT_RUN,NOT_RUN,NOT_RUN,,0,1,equivalent_tce,,,,,bit-identical machine code at -O2: no test can distinguish it
resize,ast_emitted,2ab9639556f0535a,cxx_rel_swap,resize_box_uint8_down.halide_generated.cpp,2865,25,operator> -> operator==,m386_cxx_rel_swap_operator_eq_eq,OK,b7b5ea7b4ae88f3e,OK,NOT_RUN,NOT_RUN,NOT_RUN,NOT_RUN,,0,1,equivalent_tce,,,,,bit-identical machine code at -O2: no test can distinguish it
resize,ast_emitted,f85ff8a1da2ccf53,cxx_rel_swap,resize_box_uint8_down.halide_generated.cpp,2872,30,operator< -> operator!=,m392_cxx_rel_swap_operator_not_eq,OK,b7b5ea7b4ae88f3e,OK,NOT_RUN,NOT_RUN,NOT_RUN,NOT_RUN,,0,1,equivalent_tce,,,,,bit-identical machine code at -O2: no test can distinguish it
resize,ast_emitted,1569b4b189bb5055,cxx_rel_swap,resize_box_uint8_down.halide_generated.cpp,2873,25,operator>= -> operator<,m393_cxx_rel_swap_operator_lt,OK,b7b5ea7b4ae88f3e,OK,NOT_RUN,NOT_RUN,NOT_RUN,NOT_RUN,,0,1,equivalent_tce,,,,,bit-identical machine code at -O2: no test can distinguish it
resize,ast_emitted,db14583e83bc34f4,cxx_rel_swap,resize_box_uint8_down.halide_generated.cpp,2872,30,operator< -> operator<=,m388_cxx_rel_swap_operator_lt_eq,OK,b7b5ea7b4ae88f3e,OK,NOT_RUN,NOT_RUN,NOT_RUN,NOT_RUN,,0,1,equivalent_tce,,,,,bit-identical machine code at -O2: no test can distinguish it
resize,ast_emitted,d55582f92217be21,cxx_rel_swap,resize_box_uint8_down.halide_generated.cpp,2872,30,operator< -> operator>,m389_cxx_rel_swap_operator_gt,OK,b7b5ea7b4ae88f3e,OK,NOT_RUN,NOT_RUN,NOT_RUN,NOT_RUN,,0,1,equivalent_tce,,,,,bit-identical machine code at -O2: no test can distinguish it
resize,ast_emitted,9b68efc39bd4e309,cxx_rel_swap,resize_box_uint8_down.halide_generated.cpp,2873,25,operator>= -> operator>,m395_cxx_rel_swap_operator_gt,OK,b7b5ea7b4ae88f3e,OK,NOT_RUN,NOT_RUN,NOT_RUN,NOT_RUN,,0,1,equivalent_tce,,,,,bit-identical machine code at -O2: no test can distinguish it
resize,ast_emitted,2080e75890aebd40,cxx_rel_swap,resize_box_uint8_down.halide_generated.cpp,2872,30,operator< -> operator==,m391_cxx_rel_swap_operator_eq_eq,OK,b7b5ea7b4ae88f3e,OK,NOT_RUN,NOT_RUN,NOT_RUN,NOT_RUN,,0,1,equivalent_tce,,,,,bit-identical machine code at -O2: no test can distinguish it
resize,ast_emitted,552e25f821e6a50c,cxx_rel_swap,resize_box_uint8_down.halide_generated.cpp,2873,25,operator>= -> operator==,m396_cxx_rel_swap_operator_eq_eq,OK,b7b5ea7b4ae88f3e,OK,NOT_RUN,NOT_RUN,NOT_RUN,NOT_RUN,,0,1,equivalent_tce,,,,,bit-identical machine code at -O2: no test can distinguish it
resize,ast_emitted,eea2ec6751096d6c,cxx_rel_swap,resize_box_uint8_down.halide_generated.cpp,2873,25,operator>= -> operator!=,m397_cxx_rel_swap_operator_not_eq,OK,b7b5ea7b4ae88f3e,OK,NOT_RUN,NOT_RUN,NOT_RUN,NOT_RUN,,0,1,equivalent_tce,,,,,bit-identical machine code at -O2: no test can distinguish it
resize,ast_emitted,d1a6d24cafcbc587,cxx_rel_swap,resize_box_uint8_down.halide_generated.cpp,2880,30,operator< -> operator>,m399_cxx_rel_swap_operator_gt,OK,b7b5ea7b4ae88f3e,OK,NOT_RUN,NOT_RUN,NOT_RUN,NOT_RUN,,0,1,equivalent_tce,,,,,bit-identical machine code at -O2: no test can distinguish it
resize,ast_emitted,639bec5209a6c507,cxx_rel_swap,resize_box_uint8_down.halide_generated.cpp,2880,30,operator< -> operator<=,m398_cxx_rel_swap_operator_lt_eq,OK,b7b5ea7b4ae88f3e,OK,NOT_RUN,NOT_RUN,NOT_RUN,NOT_RUN,,0,1,equivalent_tce,,,,,bit-identical machine code at -O2: no test can distinguish it
resize,ast_emitted,cbf3fb493ed79de4,cxx_rel_swap,resize_box_uint8_down.halide_generated.cpp,2873,25,operator>= -> operator<=,m394_cxx_rel_swap_operator_lt_eq,OK,b7b5ea7b4ae88f3e,OK,NOT_RUN,NOT_RUN,NOT_RUN,NOT_RUN,,0,1,equivalent_tce,,,,,bit-identical machine code at -O2: no test can distinguish it
resize,ast_emitted,6466b0b089875943,cxx_rel_swap,resize_box_uint8_down.halide_generated.cpp,2880,30,operator< -> operator==,m401_cxx_rel_swap_operator_eq_eq,OK,b7b5ea7b4ae88f3e,OK,NOT_RUN,NOT_RUN,NOT_RUN,NOT_RUN,,0,1,equivalent_tce,,,,,bit-identical machine code at -O2: no test can distinguish it
resize,ast_emitted,128975be50ee484b,cxx_rel_swap,resize_box_uint8_down.halide_generated.cpp,2880,30,operator< -> operator>=,m400_cxx_rel_swap_operator_gt_eq,OK,b7b5ea7b4ae88f3e,OK,NOT_RUN,NOT_RUN,NOT_RUN,NOT_RUN,,0,1,equivalent_tce,,,,,bit-identical machine code at -O2: no test can distinguish it
resize,ast_emitted,8265a2306c00a669,cxx_rel_swap,resize_box_uint8_down.halide_generated.cpp,2881,25,operator== -> operator>,m405_cxx_rel_swap_operator_gt,OK,b7b5ea7b4ae88f3e,OK,NOT_RUN,NOT_RUN,NOT_RUN,NOT_RUN,,0,1,equivalent_tce,,,,,bit-identical machine code at -O2: no test can distinguish it
resize,ast_emitted,1731db3e55bff892,cxx_rel_swap,resize_box_uint8_down.halide_generated.cpp,2880,30,operator< -> operator!=,m402_cxx_rel_swap_operator_not_eq,OK,b7b5ea7b4ae88f3e,OK,NOT_RUN,NOT_RUN,NOT_RUN,NOT_RUN,,0,1,equivalent_tce,,,,,bit-identical machine code at -O2: no test can distinguish it
resize,ast_emitted,15e58a78e4e7e656,cxx_rel_swap,resize_box_uint8_down.halide_generated.cpp,2881,25,operator== -> operator>=,m406_cxx_rel_swap_operator_gt_eq,OK,b7b5ea7b4ae88f3e,OK,NOT_RUN,NOT_RUN,NOT_RUN,NOT_RUN,,0,1,equivalent_tce,,,,,bit-identical machine code at -O2: no test can distinguish it
resize,ast_emitted,315da0fefbaac503,cxx_rel_swap,resize_box_uint8_down.halide_generated.cpp,2881,25,operator== -> operator<=,m404_cxx_rel_swap_operator_lt_eq,OK,b7b5ea7b4ae88f3e,OK,NOT_RUN,NOT_RUN,NOT_RUN,NOT_RUN,,0,1,equivalent_tce,,,,,bit-identical machine code at -O2: no test can distinguish it
resize,ast_emitted,f714232172d99424,cxx_rel_swap,resize_box_uint8_down.halide_generated.cpp,2881,25,operator== -> operator<,m403_cxx_rel_swap_operator_lt,OK,b7b5ea7b4ae88f3e,OK,NOT_RUN,NOT_RUN,NOT_RUN,NOT_RUN,,0,1,equivalent_tce,,,,,bit-identical machine code at -O2: no test can distinguish it
resize,ast_emitted,946ab550a557cdc9,cxx_rel_swap,resize_box_uint8_down.halide_generated.cpp,2888,30,operator< -> operator>=,m410_cxx_rel_swap_operator_gt_eq,OK,b7b5ea7b4ae88f3e,OK,NOT_RUN,NOT_RUN,NOT_RUN,NOT_RUN,,0,1,equivalent_tce,,,,,bit-identical machine code at -O2: no test can distinguish it
resize,ast_emitted,ff4b08460c03cc57,cxx_rel_swap,resize_box_uint8_down.halide_generated.cpp,2881,25,operator== -> operator!=,m407_cxx_rel_swap_operator_not_eq,OK,b7b5ea7b4ae88f3e,OK,NOT_RUN,NOT_RUN,NOT_RUN,NOT_RUN,,0,1,equivalent_tce,,,,,bit-identical machine code at -O2: no test can distinguish it
resize,ast_emitted,61c0409fbc330df6,cxx_rel_swap,resize_box_uint8_down.halide_generated.cpp,2888,30,operator< -> operator!=,m412_cxx_rel_swap_operator_not_eq,OK,b7b5ea7b4ae88f3e,OK,NOT_RUN,NOT_RUN,NOT_RUN,NOT_RUN,,0,1,equivalent_tce,,,,,bit-identical machine code at -O2: no test can distinguish it
resize,ast_emitted,39c583c3aed3df52,cxx_rel_swap,resize_box_uint8_down.halide_generated.cpp,2888,30,operator< -> operator>,m409_cxx_rel_swap_operator_gt,OK,b7b5ea7b4ae88f3e,OK,NOT_RUN,NOT_RUN,NOT_RUN,NOT_RUN,,0,1,equivalent_tce,,,,,bit-identical machine code at -O2: no test can distinguish it
resize,ast_emitted,d6ec51558319feb9,cxx_rel_swap,resize_box_uint8_down.halide_generated.cpp,2888,30,operator< -> operator<=,m408_cxx_rel_swap_operator_lt_eq,OK,b7b5ea7b4ae88f3e,OK,NOT_RUN,NOT_RUN,NOT_RUN,NOT_RUN,,0,1,equivalent_tce,,,,,bit-identical machine code at -O2: no test can distinguish it
resize,ast_emitted,9a002d02f83b7977,cxx_rel_swap,resize_box_uint8_down.halide_generated.cpp,2889,25,operator!= -> operator<,m413_cxx_rel_swap_operator_lt,OK,b7b5ea7b4ae88f3e,OK,NOT_RUN,NOT_RUN,NOT_RUN,NOT_RUN,,0,1,equivalent_tce,,,,,bit-identical machine code at -O2: no test can distinguish it
resize,ast_emitted,1197500c31b5fa24,cxx_rel_swap,resize_box_uint8_down.halide_generated.cpp,2888,30,operator< -> operator==,m411_cxx_rel_swap_operator_eq_eq,OK,b7b5ea7b4ae88f3e,OK,NOT_RUN,NOT_RUN,NOT_RUN,NOT_RUN,,0,1,equivalent_tce,,,,,bit-identical machine code at -O2: no test can distinguish it
resize,ast_emitted,f1308cc884681555,cxx_rel_swap,resize_box_uint8_down.halide_generated.cpp,2889,25,operator!= -> operator<=,m414_cxx_rel_swap_operator_lt_eq,OK,b7b5ea7b4ae88f3e,OK,NOT_RUN,NOT_RUN,NOT_RUN,NOT_RUN,,0,1,equivalent_tce,,,,,bit-identical machine code at -O2: no test can distinguish it
resize,ast_emitted,9b8d3b3a5539eadb,cxx_rel_swap,resize_box_uint8_down.halide_generated.cpp,2898,26,operator< -> operator>,m419_cxx_rel_swap_operator_gt,OK,b7b5ea7b4ae88f3e,OK,NOT_RUN,NOT_RUN,NOT_RUN,NOT_RUN,,0,1,equivalent_tce,,,,,bit-identical machine code at -O2: no test can distinguish it
resize,ast_emitted,be10e22fd037e0bc,cxx_rel_swap,resize_box_uint8_down.halide_generated.cpp,2889,25,operator!= -> operator>,m415_cxx_rel_swap_operator_gt,OK,b7b5ea7b4ae88f3e,OK,NOT_RUN,NOT_RUN,NOT_RUN,NOT_RUN,,0,1,equivalent_tce,,,,,bit-identical machine code at -O2: no test can distinguish it
resize,ast_emitted,563b7c59890c2145,cxx_rel_swap,resize_box_uint8_down.halide_generated.cpp,2898,26,operator< -> operator<=,m418_cxx_rel_swap_operator_lt_eq,OK,b7b5ea7b4ae88f3e,OK,NOT_RUN,NOT_RUN,NOT_RUN,NOT_RUN,,0,1,equivalent_tce,,,,,bit-identical machine code at -O2: no test can distinguish it
resize,ast_emitted,e1dcccd891889413,cxx_rel_swap,resize_box_uint8_down.halide_generated.cpp,2889,25,operator!= -> operator>=,m416_cxx_rel_swap_operator_gt_eq,OK,b7b5ea7b4ae88f3e,OK,NOT_RUN,NOT_RUN,NOT_RUN,NOT_RUN,,0,1,equivalent_tce,,,,,bit-identical machine code at -O2: no test can distinguish it
resize,ast_emitted,56b126524bda47bd,cxx_rel_swap,resize_box_uint8_down.halide_generated.cpp,2889,25,operator!= -> operator==,m417_cxx_rel_swap_operator_eq_eq,OK,b7b5ea7b4ae88f3e,OK,NOT_RUN,NOT_RUN,NOT_RUN,NOT_RUN,,0,1,equivalent_tce,,,,,bit-identical machine code at -O2: no test can distinguish it
resize,ast_emitted,2fb38196b779228e,cxx_rel_swap,resize_box_uint8_down.halide_generated.cpp,2898,26,operator< -> operator==,m421_cxx_rel_swap_operator_eq_eq,OK,b7b5ea7b4ae88f3e,OK,NOT_RUN,NOT_RUN,NOT_RUN,NOT_RUN,,0,1,equivalent_tce,,,,,bit-identical machine code at -O2: no test can distinguish it
resize,ast_emitted,7cdb74cb64dbc211,cxx_rel_swap,resize_box_uint8_down.halide_generated.cpp,2907,26,operator< -> operator<=,m423_cxx_rel_swap_operator_lt_eq,OK,b7b5ea7b4ae88f3e,OK,NOT_RUN,NOT_RUN,NOT_RUN,NOT_RUN,,0,1,equivalent_tce,,,,,bit-identical machine code at -O2: no test can distinguish it
resize,ast_emitted,5db383512b8cb98d,cxx_rel_swap,resize_box_uint8_down.halide_generated.cpp,2898,26,operator< -> operator>=,m420_cxx_rel_swap_operator_gt_eq,OK,b7b5ea7b4ae88f3e,OK,NOT_RUN,NOT_RUN,NOT_RUN,NOT_RUN,,0,1,equivalent_tce,,,,,bit-identical machine code at -O2: no test can distinguish it
resize,ast_emitted,e0be360004499673,cxx_rel_swap,resize_box_uint8_down.halide_generated.cpp,2907,26,operator< -> operator>,m424_cxx_rel_swap_operator_gt,OK,b7b5ea7b4ae88f3e,OK,NOT_RUN,NOT_RUN,NOT_RUN,NOT_RUN,,0,1,equivalent_tce,,,,,bit-identical machine code at -O2: no test can distinguish it
resize,ast_emitted,242e706c8345ce33,cxx_rel_swap,resize_box_uint8_down.halide_generated.cpp,2907,26,operator< -> operator>=,m425_cxx_rel_swap_operator_gt_eq,OK,b7b5ea7b4ae88f3e,OK,NOT_RUN,NOT_RUN,NOT_RUN,NOT_RUN,,0,1,equivalent_tce,,,,,bit-identical machine code at -O2: no test can distinguish it
resize,ast_emitted,113bb9124be3a26f,cxx_rel_swap,resize_box_uint8_down.halide_generated.cpp,2898,26,operator< -> operator!=,m422_cxx_rel_swap_operator_not_eq,OK,b7b5ea7b4ae88f3e,OK,NOT_RUN,NOT_RUN,NOT_RUN,NOT_RUN,,0,1,equivalent_tce,,,,,bit-identical machine code at -O2: no test can distinguish it
resize,ast_emitted,0bf034706d0b077f,cxx_rel_swap,resize_box_uint8_down.halide_generated.cpp,2907,26,operator< -> operator==,m426_cxx_rel_swap_operator_eq_eq,OK,b7b5ea7b4ae88f3e,OK,NOT_RUN,NOT_RUN,NOT_RUN,NOT_RUN,,0,1,equivalent_tce,,,,,bit-identical machine code at -O2: no test can distinguish it
resize,ast_emitted,45d4b8264dcdec6c,cxx_rel_swap,resize_box_uint8_down.halide_generated.cpp,2916,26,operator< -> operator<=,m428_cxx_rel_swap_operator_lt_eq,OK,b7b5ea7b4ae88f3e,OK,NOT_RUN,NOT_RUN,NOT_RUN,NOT_RUN,,0,1,equivalent_tce,,,,,bit-identical machine code at -O2: no test can distinguish it
resize,ast_emitted,d4e788337eeac745,cxx_rel_swap,resize_box_uint8_down.halide_generated.cpp,2916,26,operator< -> operator!=,m432_cxx_rel_swap_operator_not_eq,OK,b7b5ea7b4ae88f3e,OK,NOT_RUN,NOT_RUN,NOT_RUN,NOT_RUN,,0,1,equivalent_tce,,,,,bit-identical machine code at -O2: no test can distinguish it
resize,ast_emitted,7f61ccb3a8170cf9,cxx_rel_swap,resize_box_uint8_down.halide_generated.cpp,2916,26,operator< -> operator==,m431_cxx_rel_swap_operator_eq_eq,OK,b7b5ea7b4ae88f3e,OK,NOT_RUN,NOT_RUN,NOT_RUN,NOT_RUN,,0,1,equivalent_tce,,,,,bit-identical machine code at -O2: no test can distinguish it
resize,ast_emitted,649a83c3211fe21f,cxx_rel_swap,resize_box_uint8_down.halide_generated.cpp,2925,26,operator< -> operator<=,m433_cxx_rel_swap_operator_lt_eq,OK,b7b5ea7b4ae88f3e,OK,NOT_RUN,NOT_RUN,NOT_RUN,NOT_RUN,,0,1,equivalent_tce,,,,,bit-identical machine code at -O2: no test can distinguish it
resize,ast_emitted,d9c54af029d91fb2,cxx_rel_swap,resize_box_uint8_down.halide_generated.cpp,2907,26,operator< -> operator!=,m427_cxx_rel_swap_operator_not_eq,OK,b7b5ea7b4ae88f3e,OK,NOT_RUN,NOT_RUN,NOT_RUN,NOT_RUN,,0,1,equivalent_tce,,,,,bit-identical machine code at -O2: no test can distinguish it
resize,ast_emitted,65120f37f395c5c8,cxx_rel_swap,resize_box_uint8_down.halide_generated.cpp,2916,26,operator< -> operator>,m429_cxx_rel_swap_operator_gt,OK,b7b5ea7b4ae88f3e,OK,NOT_RUN,NOT_RUN,NOT_RUN,NOT_RUN,,0,1,equivalent_tce,,,,,bit-identical machine code at -O2: no test can distinguish it
resize,ast_emitted,82f80ae86c820fd8,cxx_rel_swap,resize_box_uint8_down.halide_generated.cpp,2916,26,operator< -> operator>=,m430_cxx_rel_swap_operator_gt_eq,OK,b7b5ea7b4ae88f3e,OK,NOT_RUN,NOT_RUN,NOT_RUN,NOT_RUN,,0,1,equivalent_tce,,,,,bit-identical machine code at -O2: no test can distinguish it
resize,ast_emitted,faca195c98162991,cxx_rel_swap,resize_box_uint8_down.halide_generated.cpp,2925,26,operator< -> operator>=,m435_cxx_rel_swap_operator_gt_eq,OK,b7b5ea7b4ae88f3e,OK,NOT_RUN,NOT_RUN,NOT_RUN,NOT_RUN,,0,1,equivalent_tce,,,,,bit-identical machine code at -O2: no test can distinguish it
resize,ast_emitted,fa3ca6d6dbe76fe4,cxx_rel_swap,resize_box_uint8_down.halide_generated.cpp,2925,26,operator< -> operator!=,m437_cxx_rel_swap_operator_not_eq,OK,b7b5ea7b4ae88f3e,OK,NOT_RUN,NOT_RUN,NOT_RUN,NOT_RUN,,0,1,equivalent_tce,,,,,bit-identical machine code at -O2: no test can distinguish it
resize,ast_emitted,fa4d4949c1423b19,cxx_rel_swap,resize_box_uint8_down.halide_generated.cpp,2934,26,operator< -> operator>,m439_cxx_rel_swap_operator_gt,OK,b7b5ea7b4ae88f3e,OK,NOT_RUN,NOT_RUN,NOT_RUN,NOT_RUN,,0,1,equivalent_tce,,,,,bit-identical machine code at -O2: no test can distinguish it
resize,ast_emitted,1b28e4542ab5411d,cxx_rel_swap,resize_box_uint8_down.halide_generated.cpp,2925,26,operator< -> operator>,m434_cxx_rel_swap_operator_gt,OK,b7b5ea7b4ae88f3e,OK,NOT_RUN,NOT_RUN,NOT_RUN,NOT_RUN,,0,1,equivalent_tce,,,,,bit-identical machine code at -O2: no test can distinguish it
resize,ast_emitted,856106647dae33d3,cxx_rel_swap,resize_box_uint8_down.halide_generated.cpp,2934,26,operator< -> operator==,m441_cxx_rel_swap_operator_eq_eq,OK,b7b5ea7b4ae88f3e,OK,NOT_RUN,NOT_RUN,NOT_RUN,NOT_RUN,,0,1,equivalent_tce,,,,,bit-identical machine code at -O2: no test can distinguish it
resize,ast_emitted,18c039943f90392a,cxx_rel_swap,resize_box_uint8_down.halide_generated.cpp,2925,26,operator< -> operator==,m436_cxx_rel_swap_operator_eq_eq,OK,b7b5ea7b4ae88f3e,OK,NOT_RUN,NOT_RUN,NOT_RUN,NOT_RUN,,0,1,equivalent_tce,,,,,bit-identical machine code at -O2: no test can distinguish it
resize,ast_emitted,76c48c46e0e9e29e,cxx_rel_swap,resize_box_uint8_down.halide_generated.cpp,2934,26,operator< -> operator<=,m438_cxx_rel_swap_operator_lt_eq,OK,b7b5ea7b4ae88f3e,OK,NOT_RUN,NOT_RUN,NOT_RUN,NOT_RUN,,0,1,equivalent_tce,,,,,bit-identical machine code at -O2: no test can distinguish it
resize,ast_emitted,dcae18cd06d84180,cxx_rel_swap,resize_box_uint8_down.halide_generated.cpp,2934,26,operator< -> operator!=,m442_cxx_rel_swap_operator_not_eq,OK,b7b5ea7b4ae88f3e,OK,NOT_RUN,NOT_RUN,NOT_RUN,NOT_RUN,,0,1,equivalent_tce,,,,,bit-identical machine code at -O2: no test can distinguish it
resize,ast_emitted,1fadf883fde3718c,cxx_rel_swap,resize_box_uint8_down.halide_generated.cpp,2934,26,operator< -> operator>=,m440_cxx_rel_swap_operator_gt_eq,OK,b7b5ea7b4ae88f3e,OK,NOT_RUN,NOT_RUN,NOT_RUN,NOT_RUN,,0,1,equivalent_tce,,,,,bit-identical machine code at -O2: no test can distinguish it
resize,ast_emitted,a209d13e7b29162d,cxx_rel_swap,resize_box_uint8_down.halide_generated.cpp,2943,26,operator< -> operator>,m444_cxx_rel_swap_operator_gt,OK,b7b5ea7b4ae88f3e,OK,NOT_RUN,NOT_RUN,NOT_RUN,NOT_RUN,,0,1,equivalent_tce,,,,,bit-identical machine code at -O2: no test can distinguish it
resize,ast_emitted,7b17ceb0f6050e0b,cxx_rel_swap,resize_box_uint8_down.halide_generated.cpp,2943,26,operator< -> operator!=,m447_cxx_rel_swap_operator_not_eq,OK,b7b5ea7b4ae88f3e,OK,NOT_RUN,NOT_RUN,NOT_RUN,NOT_RUN,,0,1,equivalent_tce,,,,,bit-identical machine code at -O2: no test can distinguish it
resize,ast_emitted,7ea6e82558cad60c,cxx_rel_swap,resize_box_uint8_down.halide_generated.cpp,2943,26,operator< -> operator>=,m445_cxx_rel_swap_operator_gt_eq,OK,b7b5ea7b4ae88f3e,OK,NOT_RUN,NOT_RUN,NOT_RUN,NOT_RUN,,0,1,equivalent_tce,,,,,bit-identical machine code at -O2: no test can distinguish it
resize,ast_emitted,8b98c59a085a6e06,cxx_rel_swap,resize_box_uint8_down.halide_generated.cpp,2943,26,operator< -> operator<=,m443_cxx_rel_swap_operator_lt_eq,OK,b7b5ea7b4ae88f3e,OK,NOT_RUN,NOT_RUN,NOT_RUN,NOT_RUN,,0,1,equivalent_tce,,,,,bit-identical machine code at -O2: no test can distinguish it
resize,ast_emitted,115ddc46e2cd2180,cxx_rel_swap,resize_box_uint8_down.halide_generated.cpp,2943,26,operator< -> operator==,m446_cxx_rel_swap_operator_eq_eq,OK,b7b5ea7b4ae88f3e,OK,NOT_RUN,NOT_RUN,NOT_RUN,NOT_RUN,,0,1,equivalent_tce,,,,,bit-identical machine code at -O2: no test can distinguish it
resize,ast_emitted,5c4ffe49340016fd,cxx_rel_swap,resize_box_uint8_down.halide_generated.cpp,2952,26,operator< -> operator>=,m450_cxx_rel_swap_operator_gt_eq,OK,b7b5ea7b4ae88f3e,OK,NOT_RUN,NOT_RUN,NOT_RUN,NOT_RUN,,0,1,equivalent_tce,,,,,bit-identical machine code at -O2: no test can distinguish it
resize,ast_emitted,4859e72098650312,cxx_rel_swap,resize_box_uint8_down.halide_generated.cpp,2952,26,operator< -> operator<=,m448_cxx_rel_swap_operator_lt_eq,OK,b7b5ea7b4ae88f3e,OK,NOT_RUN,NOT_RUN,NOT_RUN,NOT_RUN,,0,1,equivalent_tce,,,,,bit-identical machine code at -O2: no test can distinguish it
resize,ast_emitted,2f701d95a12b30aa,cxx_rel_swap,resize_box_uint8_down.halide_generated.cpp,2961,26,operator< -> operator<=,m453_cxx_rel_swap_operator_lt_eq,OK,b7b5ea7b4ae88f3e,OK,NOT_RUN,NOT_RUN,NOT_RUN,NOT_RUN,,0,1,equivalent_tce,,,,,bit-identical machine code at -O2: no test can distinguish it
resize,ast_emitted,cab2d441d3dca094,cxx_rel_swap,resize_box_uint8_down.halide_generated.cpp,2952,26,operator< -> operator>,m449_cxx_rel_swap_operator_gt,OK,b7b5ea7b4ae88f3e,OK,NOT_RUN,NOT_RUN,NOT_RUN,NOT_RUN,,0,1,equivalent_tce,,,,,bit-identical machine code at -O2: no test can distinguish it
resize,ast_emitted,470d8d5160c480c5,cxx_rel_swap,resize_box_uint8_down.halide_generated.cpp,2952,26,operator< -> operator!=,m452_cxx_rel_swap_operator_not_eq,OK,b7b5ea7b4ae88f3e,OK,NOT_RUN,NOT_RUN,NOT_RUN,NOT_RUN,,0,1,equivalent_tce,,,,,bit-identical machine code at -O2: no test can distinguish it
resize,ast_emitted,c6f90c5b1413cecd,cxx_rel_swap,resize_box_uint8_down.halide_generated.cpp,2952,26,operator< -> operator==,m451_cxx_rel_swap_operator_eq_eq,OK,b7b5ea7b4ae88f3e,OK,NOT_RUN,NOT_RUN,NOT_RUN,NOT_RUN,,0,1,equivalent_tce,,,,,bit-identical machine code at -O2: no test can distinguish it
resize,ast_emitted,57370e7e60ac0c0e,cxx_rel_swap,resize_box_uint8_down.halide_generated.cpp,2961,26,operator< -> operator==,m456_cxx_rel_swap_operator_eq_eq,OK,b7b5ea7b4ae88f3e,OK,NOT_RUN,NOT_RUN,NOT_RUN,NOT_RUN,,0,1,equivalent_tce,,,,,bit-identical machine code at -O2: no test can distinguish it
resize,ast_emitted,c109a135c347c594,cxx_rel_swap,resize_box_uint8_down.halide_generated.cpp,2961,26,operator< -> operator>,m454_cxx_rel_swap_operator_gt,OK,b7b5ea7b4ae88f3e,OK,NOT_RUN,NOT_RUN,NOT_RUN,NOT_RUN,,0,1,equivalent_tce,,,,,bit-identical machine code at -O2: no test can distinguish it
resize,ast_emitted,c6e925b695333be1,cxx_rel_swap,resize_box_uint8_down.halide_generated.cpp,2961,26,operator< -> operator!=,m457_cxx_rel_swap_operator_not_eq,OK,b7b5ea7b4ae88f3e,OK,NOT_RUN,NOT_RUN,NOT_RUN,NOT_RUN,,0,1,equivalent_tce,,,,,bit-identical machine code at -O2: no test can distinguish it
resize,ast_emitted,bb1f850d804989d5,cxx_rel_swap,resize_box_uint8_down.halide_generated.cpp,2961,26,operator< -> operator>=,m455_cxx_rel_swap_operator_gt_eq,OK,b7b5ea7b4ae88f3e,OK,NOT_RUN,NOT_RUN,NOT_RUN,NOT_RUN,,0,1,equivalent_tce,,,,,bit-identical machine code at -O2: no test can distinguish it
resize,ast_emitted,dd345bf81988a09f,cxx_rel_swap,resize_box_uint8_down.halide_generated.cpp,2970,26,operator< -> operator==,m461_cxx_rel_swap_operator_eq_eq,OK,b7b5ea7b4ae88f3e,OK,NOT_RUN,NOT_RUN,NOT_RUN,NOT_RUN,,0,1,equivalent_tce,,,,,bit-identical machine code at -O2: no test can distinguish it
resize,ast_emitted,9b8fef2fe9b55e41,cxx_rel_swap,resize_box_uint8_down.halide_generated.cpp,2970,26,operator< -> operator>=,m460_cxx_rel_swap_operator_gt_eq,OK,b7b5ea7b4ae88f3e,OK,NOT_RUN,NOT_RUN,NOT_RUN,NOT_RUN,,0,1,equivalent_tce,,,,,bit-identical machine code at -O2: no test can distinguish it
resize,ast_emitted,0d2afe5702a5b005,cxx_rel_swap,resize_box_uint8_down.halide_generated.cpp,2970,26,operator< -> operator<=,m458_cxx_rel_swap_operator_lt_eq,OK,b7b5ea7b4ae88f3e,OK,NOT_RUN,NOT_RUN,NOT_RUN,NOT_RUN,,0,1,equivalent_tce,,,,,bit-identical machine code at -O2: no test can distinguish it
resize,ast_emitted,c33f41da515b6241,cxx_rel_swap,resize_box_uint8_down.halide_generated.cpp,2970,26,operator< -> operator>,m459_cxx_rel_swap_operator_gt,OK,b7b5ea7b4ae88f3e,OK,NOT_RUN,NOT_RUN,NOT_RUN,NOT_RUN,,0,1,equivalent_tce,,,,,bit-identical machine code at -O2: no test can distinguish it
resize,ast_emitted,97463593088a72d3,cxx_rel_swap,resize_box_uint8_down.halide_generated.cpp,2979,26,operator< -> operator>,m464_cxx_rel_swap_operator_gt,OK,b7b5ea7b4ae88f3e,OK,NOT_RUN,NOT_RUN,NOT_RUN,NOT_RUN,,0,1,equivalent_tce,,,,,bit-identical machine code at -O2: no test can distinguish it
resize,ast_emitted,b930ad744a7a93cb,cxx_rel_swap,resize_box_uint8_down.halide_generated.cpp,2979,26,operator< -> operator<=,m463_cxx_rel_swap_operator_lt_eq,OK,b7b5ea7b4ae88f3e,OK,NOT_RUN,NOT_RUN,NOT_RUN,NOT_RUN,,0,1,equivalent_tce,,,,,bit-identical machine code at -O2: no test can distinguish it
resize,ast_emitted,5aec23e7724b7aba,cxx_rel_swap,resize_box_uint8_down.halide_generated.cpp,2970,26,operator< -> operator!=,m462_cxx_rel_swap_operator_not_eq,OK,b7b5ea7b4ae88f3e,OK,NOT_RUN,NOT_RUN,NOT_RUN,NOT_RUN,,0,1,equivalent_tce,,,,,bit-identical machine code at -O2: no test can distinguish it
resize,ast_emitted,4fe4ec47fd688940,cxx_rel_swap,resize_box_uint8_down.halide_generated.cpp,2979,26,operator< -> operator>=,m465_cxx_rel_swap_operator_gt_eq,OK,b7b5ea7b4ae88f3e,OK,NOT_RUN,NOT_RUN,NOT_RUN,NOT_RUN,,0,1,equivalent_tce,,,,,bit-identical machine code at -O2: no test can distinguish it
resize,ast_emitted,a2316e422404eaae,cxx_rel_swap,resize_box_uint8_down.halide_generated.cpp,2988,26,operator< -> operator>=,m470_cxx_rel_swap_operator_gt_eq,OK,b7b5ea7b4ae88f3e,OK,NOT_RUN,NOT_RUN,NOT_RUN,NOT_RUN,,0,1,equivalent_tce,,,,,bit-identical machine code at -O2: no test can distinguish it
resize,ast_emitted,637b0d99b019a675,cxx_rel_swap,resize_box_uint8_down.halide_generated.cpp,2988,26,operator< -> operator>,m469_cxx_rel_swap_operator_gt,OK,b7b5ea7b4ae88f3e,OK,NOT_RUN,NOT_RUN,NOT_RUN,NOT_RUN,,0,1,equivalent_tce,,,,,bit-identical machine code at -O2: no test can distinguish it
resize,ast_emitted,258f5417371efa5d,cxx_rel_swap,resize_box_uint8_down.halide_generated.cpp,2979,26,operator< -> operator==,m466_cxx_rel_swap_operator_eq_eq,OK,b7b5ea7b4ae88f3e,OK,NOT_RUN,NOT_RUN,NOT_RUN,NOT_RUN,,0,1,equivalent_tce,,,,,bit-identical machine code at -O2: no test can distinguish it
resize,ast_emitted,3b60601ac0472fe4,cxx_rel_swap,resize_box_uint8_down.halide_generated.cpp,2979,26,operator< -> operator!=,m467_cxx_rel_swap_operator_not_eq,OK,b7b5ea7b4ae88f3e,OK,NOT_RUN,NOT_RUN,NOT_RUN,NOT_RUN,,0,1,equivalent_tce,,,,,bit-identical machine code at -O2: no test can distinguish it
resize,ast_emitted,333f0c7dd128c8e6,cxx_rel_swap,resize_box_uint8_down.halide_generated.cpp,2988,26,operator< -> operator<=,m468_cxx_rel_swap_operator_lt_eq,OK,b7b5ea7b4ae88f3e,OK,NOT_RUN,NOT_RUN,NOT_RUN,NOT_RUN,,0,1,equivalent_tce,,,,,bit-identical machine code at -O2: no test can distinguish it
resize,ast_emitted,068706a320d47dda,cxx_rel_swap,resize_box_uint8_down.halide_generated.cpp,2997,26,operator< -> operator<=,m473_cxx_rel_swap_operator_lt_eq,OK,b7b5ea7b4ae88f3e,OK,NOT_RUN,NOT_RUN,NOT_RUN,NOT_RUN,,0,1,equivalent_tce,,,,,bit-identical machine code at -O2: no test can distinguish it
resize,ast_emitted,75f028a73d02f325,cxx_rel_swap,resize_box_uint8_down.halide_generated.cpp,2997,26,operator< -> operator>,m474_cxx_rel_swap_operator_gt,OK,b7b5ea7b4ae88f3e,OK,NOT_RUN,NOT_RUN,NOT_RUN,NOT_RUN,,0,1,equivalent_tce,,,,,bit-identical machine code at -O2: no test can distinguish it
resize,ast_emitted,9fa1f66969ff15d2,cxx_rel_swap,resize_box_uint8_down.halide_generated.cpp,2988,26,operator< -> operator==,m471_cxx_rel_swap_operator_eq_eq,OK,b7b5ea7b4ae88f3e,OK,NOT_RUN,NOT_RUN,NOT_RUN,NOT_RUN,,0,1,equivalent_tce,,,,,bit-identical machine code at -O2: no test can distinguish it
resize,ast_emitted,69e874781f1458f5,cxx_rel_swap,resize_box_uint8_down.halide_generated.cpp,2988,26,operator< -> operator!=,m472_cxx_rel_swap_operator_not_eq,OK,b7b5ea7b4ae88f3e,OK,NOT_RUN,NOT_RUN,NOT_RUN,NOT_RUN,,0,1,equivalent_tce,,,,,bit-identical machine code at -O2: no test can distinguish it
resize,ast_emitted,1ed46289b88c2914,cxx_rel_swap,resize_box_uint8_down.halide_generated.cpp,2997,26,operator< -> operator!=,m477_cxx_rel_swap_operator_not_eq,OK,b7b5ea7b4ae88f3e,OK,NOT_RUN,NOT_RUN,NOT_RUN,NOT_RUN,,0,1,equivalent_tce,,,,,bit-identical machine code at -O2: no test can distinguish it
resize,ast_emitted,ffedbbd2fdb0d935,cxx_rel_swap,resize_box_uint8_down.halide_generated.cpp,2997,26,operator< -> operator==,m476_cxx_rel_swap_operator_eq_eq,OK,b7b5ea7b4ae88f3e,OK,NOT_RUN,NOT_RUN,NOT_RUN,NOT_RUN,,0,1,equivalent_tce,,,,,bit-identical machine code at -O2: no test can distinguish it
resize,ast_emitted,2fdd37d4d331c2d0,cxx_rel_swap,resize_box_uint8_down.halide_generated.cpp,2997,26,operator< -> operator>=,m475_cxx_rel_swap_operator_gt_eq,OK,b7b5ea7b4ae88f3e,OK,NOT_RUN,NOT_RUN,NOT_RUN,NOT_RUN,,0,1,equivalent_tce,,,,,bit-identical machine code at -O2: no test can distinguish it
resize,ast_emitted,c8755003b3625c34,cxx_rel_swap,resize_box_uint8_down.halide_generated.cpp,3006,26,operator< -> operator<=,m478_cxx_rel_swap_operator_lt_eq,OK,b7b5ea7b4ae88f3e,OK,NOT_RUN,NOT_RUN,NOT_RUN,NOT_RUN,,0,1,equivalent_tce,,,,,bit-identical machine code at -O2: no test can distinguish it
resize,ast_emitted,2d58f3cbc3959c42,cxx_rel_swap,resize_box_uint8_down.halide_generated.cpp,3006,26,operator< -> operator!=,m482_cxx_rel_swap_operator_not_eq,OK,b7b5ea7b4ae88f3e,OK,NOT_RUN,NOT_RUN,NOT_RUN,NOT_RUN,,0,1,equivalent_tce,,,,,bit-identical machine code at -O2: no test can distinguish it
resize,ast_emitted,556054dda2050076,cxx_rel_swap,resize_box_uint8_down.halide_generated.cpp,3015,26,operator< -> operator<=,m483_cxx_rel_swap_operator_lt_eq,OK,b7b5ea7b4ae88f3e,OK,NOT_RUN,NOT_RUN,NOT_RUN,NOT_RUN,,0,1,equivalent_tce,,,,,bit-identical machine code at -O2: no test can distinguish it
resize,ast_emitted,dc36347b0f517ffa,cxx_rel_swap,resize_box_uint8_down.halide_generated.cpp,3006,26,operator< -> operator>,m479_cxx_rel_swap_operator_gt,OK,b7b5ea7b4ae88f3e,OK,NOT_RUN,NOT_RUN,NOT_RUN,NOT_RUN,,0,1,equivalent_tce,,,,,bit-identical machine code at -O2: no test can distinguish it
resize,ast_emitted,3b9d905d4d5f202e,cxx_rel_swap,resize_box_uint8_down.halide_generated.cpp,3006,26,operator< -> operator>=,m480_cxx_rel_swap_operator_gt_eq,OK,b7b5ea7b4ae88f3e,OK,NOT_RUN,NOT_RUN,NOT_RUN,NOT_RUN,,0,1,equivalent_tce,,,,,bit-identical machine code at -O2: no test can distinguish it
resize,ast_emitted,b93745f1dff1f4dc,cxx_rel_swap,resize_box_uint8_down.halide_generated.cpp,3015,26,operator< -> operator>,m484_cxx_rel_swap_operator_gt,OK,b7b5ea7b4ae88f3e,OK,NOT_RUN,NOT_RUN,NOT_RUN,NOT_RUN,,0,1,equivalent_tce,,,,,bit-identical machine code at -O2: no test can distinguish it
resize,ast_emitted,80b78959ef190450,cxx_rel_swap,resize_box_uint8_down.halide_generated.cpp,3006,26,operator< -> operator==,m481_cxx_rel_swap_operator_eq_eq,OK,b7b5ea7b4ae88f3e,OK,NOT_RUN,NOT_RUN,NOT_RUN,NOT_RUN,,0,1,equivalent_tce,,,,,bit-identical machine code at -O2: no test can distinguish it
resize,ast_emitted,5437285bc3017b10,cxx_rel_swap,resize_box_uint8_down.halide_generated.cpp,3015,26,operator< -> operator!=,m487_cxx_rel_swap_operator_not_eq,OK,b7b5ea7b4ae88f3e,OK,NOT_RUN,NOT_RUN,NOT_RUN,NOT_RUN,,0,1,equivalent_tce,,,,,bit-identical machine code at -O2: no test can distinguish it
resize,ast_emitted,a0c985dba8e082f3,cxx_rel_swap,resize_box_uint8_down.halide_generated.cpp,3015,26,operator< -> operator==,m486_cxx_rel_swap_operator_eq_eq,OK,b7b5ea7b4ae88f3e,OK,NOT_RUN,NOT_RUN,NOT_RUN,NOT_RUN,,0,1,equivalent_tce,,,,,bit-identical machine code at -O2: no test can distinguish it
resize,ast_emitted,34c654adaa118dee,cxx_rel_swap,resize_box_uint8_down.halide_generated.cpp,3024,26,operator< -> operator>,m489_cxx_rel_swap_operator_gt,OK,b7b5ea7b4ae88f3e,OK,NOT_RUN,NOT_RUN,NOT_RUN,NOT_RUN,,0,1,equivalent_tce,,,,,bit-identical machine code at -O2: no test can distinguish it
resize,ast_emitted,c171c05b50adbe9c,cxx_rel_swap,resize_box_uint8_down.halide_generated.cpp,3024,26,operator< -> operator>=,m490_cxx_rel_swap_operator_gt_eq,OK,b7b5ea7b4ae88f3e,OK,NOT_RUN,NOT_RUN,NOT_RUN,NOT_RUN,,0,1,equivalent_tce,,,,,bit-identical machine code at -O2: no test can distinguish it
resize,ast_emitted,69aa4e5627c9f7d5,cxx_rel_swap,resize_box_uint8_down.halide_generated.cpp,3015,26,operator< -> operator>=,m485_cxx_rel_swap_operator_gt_eq,OK,b7b5ea7b4ae88f3e,OK,NOT_RUN,NOT_RUN,NOT_RUN,NOT_RUN,,0,1,equivalent_tce,,,,,bit-identical machine code at -O2: no test can distinguish it
resize,ast_emitted,b1e00951b0e9c429,cxx_rel_swap,resize_box_uint8_down.halide_generated.cpp,3024,26,operator< -> operator<=,m488_cxx_rel_swap_operator_lt_eq,OK,b7b5ea7b4ae88f3e,OK,NOT_RUN,NOT_RUN,NOT_RUN,NOT_RUN,,0,1,equivalent_tce,,,,,bit-identical machine code at -O2: no test can distinguish it
resize,ast_emitted,33816594edc499bc,cxx_rel_swap,resize_box_uint8_down.halide_generated.cpp,3024,26,operator< -> operator==,m491_cxx_rel_swap_operator_eq_eq,OK,b7b5ea7b4ae88f3e,OK,NOT_RUN,NOT_RUN,NOT_RUN,NOT_RUN,,0,1,equivalent_tce,,,,,bit-identical machine code at -O2: no test can distinguish it
resize,ast_emitted,a94e06eed9feec3f,cxx_rel_swap,resize_box_uint8_down.halide_generated.cpp,3024,26,operator< -> operator!=,m492_cxx_rel_swap_operator_not_eq,OK,b7b5ea7b4ae88f3e,OK,NOT_RUN,NOT_RUN,NOT_RUN,NOT_RUN,,0,1,equivalent_tce,,,,,bit-identical machine code at -O2: no test can distinguish it
resize,ast_emitted,4ffbe152f7c91053,cxx_rel_swap,resize_box_uint8_down.halide_generated.cpp,3033,26,operator< -> operator>,m494_cxx_rel_swap_operator_gt,OK,b7b5ea7b4ae88f3e,OK,NOT_RUN,NOT_RUN,NOT_RUN,NOT_RUN,,0,1,equivalent_tce,,,,,bit-identical machine code at -O2: no test can distinguish it
resize,ast_emitted,01dda0b1a273ba63,cxx_rel_swap,resize_box_uint8_down.halide_generated.cpp,3033,26,operator< -> operator<=,m493_cxx_rel_swap_operator_lt_eq,OK,b7b5ea7b4ae88f3e,OK,NOT_RUN,NOT_RUN,NOT_RUN,NOT_RUN,,0,1,equivalent_tce,,,,,bit-identical machine code at -O2: no test can distinguish it
resize,ast_emitted,95d49dd89113d641,cxx_rel_swap,resize_box_uint8_down.halide_generated.cpp,3033,26,operator< -> operator!=,m497_cxx_rel_swap_operator_not_eq,OK,b7b5ea7b4ae88f3e,OK,NOT_RUN,NOT_RUN,NOT_RUN,NOT_RUN,,0,1,equivalent_tce,,,,,bit-identical machine code at -O2: no test can distinguish it
resize,ast_emitted,dc484779462302df,cxx_rel_swap,resize_box_uint8_down.halide_generated.cpp,3042,26,operator< -> operator>,m499_cxx_rel_swap_operator_gt,OK,b7b5ea7b4ae88f3e,OK,NOT_RUN,NOT_RUN,NOT_RUN,NOT_RUN,,0,1,equivalent_tce,,,,,bit-identical machine code at -O2: no test can distinguish it
resize,ast_emitted,aba4679c5f0536f9,cxx_rel_swap,resize_box_uint8_down.halide_generated.cpp,3042,26,operator< -> operator>=,m500_cxx_rel_swap_operator_gt_eq,OK,b7b5ea7b4ae88f3e,OK,NOT_RUN,NOT_RUN,NOT_RUN,NOT_RUN,,0,1,equivalent_tce,,,,,bit-identical machine code at -O2: no test can distinguish it
resize,ast_emitted,8846d78f7576f8e3,cxx_rel_swap,resize_box_uint8_down.halide_generated.cpp,3033,26,operator< -> operator>=,m495_cxx_rel_swap_operator_gt_eq,OK,b7b5ea7b4ae88f3e,OK,NOT_RUN,NOT_RUN,NOT_RUN,NOT_RUN,,0,1,equivalent_tce,,,,,bit-identical machine code at -O2: no test can distinguish it
resize,ast_emitted,ed3d4f778481bdde,cxx_rel_swap,resize_box_uint8_down.halide_generated.cpp,3033,26,operator< -> operator==,m496_cxx_rel_swap_operator_eq_eq,OK,b7b5ea7b4ae88f3e,OK,NOT_RUN,NOT_RUN,NOT_RUN,NOT_RUN,,0,1,equivalent_tce,,,,,bit-identical machine code at -O2: no test can distinguish it
resize,ast_emitted,a119ba1709b53334,cxx_rel_swap,resize_box_uint8_down.halide_generated.cpp,3042,26,operator< -> operator!=,m502_cxx_rel_swap_operator_not_eq,OK,b7b5ea7b4ae88f3e,OK,NOT_RUN,NOT_RUN,NOT_RUN,NOT_RUN,,0,1,equivalent_tce,,,,,bit-identical machine code at -O2: no test can distinguish it
resize,ast_emitted,a9f57a02b7453c86,cxx_rel_swap,resize_box_uint8_down.halide_generated.cpp,3042,26,operator< -> operator<=,m498_cxx_rel_swap_operator_lt_eq,OK,b7b5ea7b4ae88f3e,OK,NOT_RUN,NOT_RUN,NOT_RUN,NOT_RUN,,0,1,equivalent_tce,,,,,bit-identical machine code at -O2: no test can distinguish it
resize,ast_emitted,15aaf083fa2af1c2,cxx_rel_swap,resize_box_uint8_down.halide_generated.cpp,3051,26,operator< -> operator>=,m505_cxx_rel_swap_operator_gt_eq,OK,b7b5ea7b4ae88f3e,OK,NOT_RUN,NOT_RUN,NOT_RUN,NOT_RUN,,0,1,equivalent_tce,,,,,bit-identical machine code at -O2: no test can distinguish it
resize,ast_emitted,574464af9d30133a,cxx_rel_swap,resize_box_uint8_down.halide_generated.cpp,3051,26,operator< -> operator<=,m503_cxx_rel_swap_operator_lt_eq,OK,b7b5ea7b4ae88f3e,OK,NOT_RUN,NOT_RUN,NOT_RUN,NOT_RUN,,0,1,equivalent_tce,,,,,bit-identical machine code at -O2: no test can distinguish it
resize,ast_emitted,30751bf054eb902c,cxx_rel_swap,resize_box_uint8_down.halide_generated.cpp,3042,26,operator< -> operator==,m501_cxx_rel_swap_operator_eq_eq,OK,b7b5ea7b4ae88f3e,OK,NOT_RUN,NOT_RUN,NOT_RUN,NOT_RUN,,0,1,equivalent_tce,,,,,bit-identical machine code at -O2: no test can distinguish it
resize,ast_emitted,545974ad274fed66,cxx_rel_swap,resize_box_uint8_down.halide_generated.cpp,3051,26,operator< -> operator>,m504_cxx_rel_swap_operator_gt,OK,b7b5ea7b4ae88f3e,OK,NOT_RUN,NOT_RUN,NOT_RUN,NOT_RUN,,0,1,equivalent_tce,,,,,bit-identical machine code at -O2: no test can distinguish it
resize,ast_emitted,3a088c60866f814c,cxx_rel_swap,resize_box_uint8_down.halide_generated.cpp,3051,26,operator< -> operator!=,m507_cxx_rel_swap_operator_not_eq,OK,b7b5ea7b4ae88f3e,OK,NOT_RUN,NOT_RUN,NOT_RUN,NOT_RUN,,0,1,equivalent_tce,,,,,bit-identical machine code at -O2: no test can distinguish it
resize,ast_emitted,8cb3687588d6859a,cxx_rel_swap,resize_box_uint8_down.halide_generated.cpp,3060,26,operator< -> operator<=,m508_cxx_rel_swap_operator_lt_eq,OK,b7b5ea7b4ae88f3e,OK,NOT_RUN,NOT_RUN,NOT_RUN,NOT_RUN,,0,1,equivalent_tce,,,,,bit-identical machine code at -O2: no test can distinguish it
resize,ast_emitted,aa280c275c1a7c93,cxx_rel_swap,resize_box_uint8_down.halide_generated.cpp,3051,26,operator< -> operator==,m506_cxx_rel_swap_operator_eq_eq,OK,b7b5ea7b4ae88f3e,OK,NOT_RUN,NOT_RUN,NOT_RUN,NOT_RUN,,0,1,equivalent_tce,,,,,bit-identical machine code at -O2: no test can distinguish it
resize,ast_emitted,0946b17dba8d879e,cxx_rel_swap,resize_box_uint8_down.halide_generated.cpp,3060,26,operator< -> operator>,m509_cxx_rel_swap_operator_gt,OK,b7b5ea7b4ae88f3e,OK,NOT_RUN,NOT_RUN,NOT_RUN,NOT_RUN,,0,1,equivalent_tce,,,,,bit-identical machine code at -O2: no test can distinguish it
resize,ast_emitted,9bd01ba03dd8cfd6,cxx_rel_swap,resize_box_uint8_down.halide_generated.cpp,3069,26,operator< -> operator<=,m513_cxx_rel_swap_operator_lt_eq,OK,b7b5ea7b4ae88f3e,OK,NOT_RUN,NOT_RUN,NOT_RUN,NOT_RUN,,0,1,equivalent_tce,,,,,bit-identical machine code at -O2: no test can distinguish it
resize,ast_emitted,77c6b6318eeb7901,cxx_rel_swap,resize_box_uint8_down.halide_generated.cpp,3060,26,operator< -> operator>=,m510_cxx_rel_swap_operator_gt_eq,OK,b7b5ea7b4ae88f3e,OK,NOT_RUN,NOT_RUN,NOT_RUN,NOT_RUN,,0,1,equivalent_tce,,,,,bit-identical machine code at -O2: no test can distinguish it
resize,ast_emitted,534e33db6c7de85b,cxx_rel_swap,resize_box_uint8_down.halide_generated.cpp,3060,26,operator< -> operator==,m511_cxx_rel_swap_operator_eq_eq,OK,b7b5ea7b4ae88f3e,OK,NOT_RUN,NOT_RUN,NOT_RUN,NOT_RUN,,0,1,equivalent_tce,,,,,bit-identical machine code at -O2: no test can distinguish it
resize,ast_emitted,0170b1ed45378622,cxx_rel_swap,resize_box_uint8_down.halide_generated.cpp,3060,26,operator< -> operator!=,m512_cxx_rel_swap_operator_not_eq,OK,b7b5ea7b4ae88f3e,OK,NOT_RUN,NOT_RUN,NOT_RUN,NOT_RUN,,0,1,equivalent_tce,,,,,bit-identical machine code at -O2: no test can distinguish it
resize,ast_emitted,39535fe60c51fb33,cxx_rel_swap,resize_box_uint8_down.halide_generated.cpp,3069,26,operator< -> operator>,m514_cxx_rel_swap_operator_gt,OK,b7b5ea7b4ae88f3e,OK,NOT_RUN,NOT_RUN,NOT_RUN,NOT_RUN,,0,1,equivalent_tce,,,,,bit-identical machine code at -O2: no test can distinguish it
resize,ast_emitted,ea33519ed2b6a019,cxx_rel_swap,resize_box_uint8_down.halide_generated.cpp,3069,26,operator< -> operator>=,m515_cxx_rel_swap_operator_gt_eq,OK,b7b5ea7b4ae88f3e,OK,NOT_RUN,NOT_RUN,NOT_RUN,NOT_RUN,,0,1,equivalent_tce,,,,,bit-identical machine code at -O2: no test can distinguish it
resize,ast_emitted,f40d3729258ca57c,cxx_rel_swap,resize_box_uint8_down.halide_generated.cpp,3069,26,operator< -> operator==,m516_cxx_rel_swap_operator_eq_eq,OK,b7b5ea7b4ae88f3e,OK,NOT_RUN,NOT_RUN,NOT_RUN,NOT_RUN,,0,1,equivalent_tce,,,,,bit-identical machine code at -O2: no test can distinguish it
resize,ast_emitted,9d958480aab127a0,cxx_rel_swap,resize_box_uint8_down.halide_generated.cpp,3069,26,operator< -> operator!=,m517_cxx_rel_swap_operator_not_eq,OK,b7b5ea7b4ae88f3e,OK,NOT_RUN,NOT_RUN,NOT_RUN,NOT_RUN,,0,1,equivalent_tce,,,,,bit-identical machine code at -O2: no test can distinguish it
resize,ast_emitted,dc55574df9520bcb,cxx_rel_swap,resize_box_uint8_down.halide_generated.cpp,3078,26,operator< -> operator>=,m520_cxx_rel_swap_operator_gt_eq,OK,b7b5ea7b4ae88f3e,OK,NOT_RUN,NOT_RUN,NOT_RUN,NOT_RUN,,0,1,equivalent_tce,,,,,bit-identical machine code at -O2: no test can distinguish it
resize,ast_emitted,0780ba787cf10d9f,cxx_rel_swap,resize_box_uint8_down.halide_generated.cpp,3078,26,operator< -> operator==,m521_cxx_rel_swap_operator_eq_eq,OK,b7b5ea7b4ae88f3e,OK,NOT_RUN,NOT_RUN,NOT_RUN,NOT_RUN,,0,1,equivalent_tce,,,,,bit-identical machine code at -O2: no test can distinguish it
resize,ast_emitted,cdb57930c12d32c3,cxx_rel_swap,resize_box_uint8_down.halide_generated.cpp,3078,26,operator< -> operator!=,m522_cxx_rel_swap_operator_not_eq,OK,b7b5ea7b4ae88f3e,OK,NOT_RUN,NOT_RUN,NOT_RUN,NOT_RUN,,0,1,equivalent_tce,,,,,bit-identical machine code at -O2: no test can distinguish it
resize,ast_emitted,4c36ec8490125146,cxx_rel_swap,resize_box_uint8_down.halide_generated.cpp,3087,26,operator< -> operator<=,m523_cxx_rel_swap_operator_lt_eq,OK,b7b5ea7b4ae88f3e,OK,NOT_RUN,NOT_RUN,NOT_RUN,NOT_RUN,,0,1,equivalent_tce,,,,,bit-identical machine code at -O2: no test can distinguish it
resize,ast_emitted,8fa3cd34c2d1f657,cxx_rel_swap,resize_box_uint8_down.halide_generated.cpp,3078,26,operator< -> operator<=,m518_cxx_rel_swap_operator_lt_eq,OK,b7b5ea7b4ae88f3e,OK,NOT_RUN,NOT_RUN,NOT_RUN,NOT_RUN,,0,1,equivalent_tce,,,,,bit-identical machine code at -O2: no test can distinguish it
resize,ast_emitted,b0b1baaebe2f0593,cxx_rel_swap,resize_box_uint8_down.halide_generated.cpp,3078,26,operator< -> operator>,m519_cxx_rel_swap_operator_gt,OK,b7b5ea7b4ae88f3e,OK,NOT_RUN,NOT_RUN,NOT_RUN,NOT_RUN,,0,1,equivalent_tce,,,,,bit-identical machine code at -O2: no test can distinguish it
resize,ast_emitted,73be43c5b3fa9960,cxx_rel_swap,resize_box_uint8_down.halide_generated.cpp,3087,26,operator< -> operator>,m524_cxx_rel_swap_operator_gt,OK,b7b5ea7b4ae88f3e,OK,NOT_RUN,NOT_RUN,NOT_RUN,NOT_RUN,,0,1,equivalent_tce,,,,,bit-identical machine code at -O2: no test can distinguish it
resize,ast_emitted,c6fb72c03ec80014,cxx_rel_swap,resize_box_uint8_down.halide_generated.cpp,3087,26,operator< -> operator>=,m525_cxx_rel_swap_operator_gt_eq,OK,b7b5ea7b4ae88f3e,OK,NOT_RUN,NOT_RUN,NOT_RUN,NOT_RUN,,0,1,equivalent_tce,,,,,bit-identical machine code at -O2: no test can distinguish it
resize,ast_emitted,231dfd9e4d4ea76e,cxx_rel_swap,resize_box_uint8_down.halide_generated.cpp,3087,26,operator< -> operator!=,m527_cxx_rel_swap_operator_not_eq,OK,b7b5ea7b4ae88f3e,OK,NOT_RUN,NOT_RUN,NOT_RUN,NOT_RUN,,0,1,equivalent_tce,,,,,bit-identical machine code at -O2: no test can distinguish it
resize,ast_emitted,7948c2d7d28d8cb8,cxx_rel_swap,resize_box_uint8_down.halide_generated.cpp,3096,26,operator< -> operator<=,m528_cxx_rel_swap_operator_lt_eq,OK,b7b5ea7b4ae88f3e,OK,NOT_RUN,NOT_RUN,NOT_RUN,NOT_RUN,,0,1,equivalent_tce,,,,,bit-identical machine code at -O2: no test can distinguish it
resize,ast_emitted,b912960c2aca924a,cxx_rel_swap,resize_box_uint8_down.halide_generated.cpp,3096,26,operator< -> operator==,m531_cxx_rel_swap_operator_eq_eq,OK,b7b5ea7b4ae88f3e,OK,NOT_RUN,NOT_RUN,NOT_RUN,NOT_RUN,,0,1,equivalent_tce,,,,,bit-identical machine code at -O2: no test can distinguish it
resize,ast_emitted,a545c2b58d735ffd,cxx_rel_swap,resize_box_uint8_down.halide_generated.cpp,3087,26,operator< -> operator==,m526_cxx_rel_swap_operator_eq_eq,OK,b7b5ea7b4ae88f3e,OK,NOT_RUN,NOT_RUN,NOT_RUN,NOT_RUN,,0,1,equivalent_tce,,,,,bit-identical machine code at -O2: no test can distinguish it
resize,ast_emitted,43264f940cea3f52,cxx_rel_swap,resize_box_uint8_down.halide_generated.cpp,3105,26,operator< -> operator<=,m533_cxx_rel_swap_operator_lt_eq,OK,b7b5ea7b4ae88f3e,OK,NOT_RUN,NOT_RUN,NOT_RUN,NOT_RUN,,0,1,equivalent_tce,,,,,bit-identical machine code at -O2: no test can distinguish it
resize,ast_emitted,375ee4b3fd257d22,cxx_rel_swap,resize_box_uint8_down.halide_generated.cpp,3096,26,operator< -> operator>,m529_cxx_rel_swap_operator_gt,OK,b7b5ea7b4ae88f3e,OK,NOT_RUN,NOT_RUN,NOT_RUN,NOT_RUN,,0,1,equivalent_tce,,,,,bit-identical machine code at -O2: no test can distinguish it
resize,ast_emitted,b0431e42afc82422,cxx_rel_swap,resize_box_uint8_down.halide_generated.cpp,3096,26,operator< -> operator!=,m532_cxx_rel_swap_operator_not_eq,OK,b7b5ea7b4ae88f3e,OK,NOT_RUN,NOT_RUN,NOT_RUN,NOT_RUN,,0,1,equivalent_tce,,,,,bit-identical machine code at -O2: no test can distinguish it
resize,ast_emitted,ae2a6894da397389,cxx_rel_swap,resize_box_uint8_down.halide_generated.cpp,3096,26,operator< -> operator>=,m530_cxx_rel_swap_operator_gt_eq,OK,b7b5ea7b4ae88f3e,OK,NOT_RUN,NOT_RUN,NOT_RUN,NOT_RUN,,0,1,equivalent_tce,,,,,bit-identical machine code at -O2: no test can distinguish it
resize,ast_emitted,4ed263b488cfe1be,cxx_rel_swap,resize_box_uint8_down.halide_generated.cpp,3105,26,operator< -> operator>,m534_cxx_rel_swap_operator_gt,OK,b7b5ea7b4ae88f3e,OK,NOT_RUN,NOT_RUN,NOT_RUN,NOT_RUN,,0,1,equivalent_tce,,,,,bit-identical machine code at -O2: no test can distinguish it
resize,ast_emitted,9999e1d4b34c9382,cxx_rel_swap,resize_box_uint8_down.halide_generated.cpp,3105,26,operator< -> operator>=,m535_cxx_rel_swap_operator_gt_eq,OK,b7b5ea7b4ae88f3e,OK,NOT_RUN,NOT_RUN,NOT_RUN,NOT_RUN,,0,1,equivalent_tce,,,,,bit-identical machine code at -O2: no test can distinguish it
resize,ast_emitted,a7acc61afc02f596,cxx_rel_swap,resize_box_uint8_down.halide_generated.cpp,3105,26,operator< -> operator==,m536_cxx_rel_swap_operator_eq_eq,OK,b7b5ea7b4ae88f3e,OK,NOT_RUN,NOT_RUN,NOT_RUN,NOT_RUN,,0,1,equivalent_tce,,,,,bit-identical machine code at -O2: no test can distinguish it
resize,ast_emitted,a5c6b4e3b600ab4c,cxx_rel_swap,resize_box_uint8_down.halide_generated.cpp,3105,26,operator< -> operator!=,m537_cxx_rel_swap_operator_not_eq,OK,b7b5ea7b4ae88f3e,OK,NOT_RUN,NOT_RUN,NOT_RUN,NOT_RUN,,0,1,equivalent_tce,,,,,bit-identical machine code at -O2: no test can distinguish it
resize,ast_emitted,82273277318dc9ef,cxx_rel_swap,resize_box_uint8_down.halide_generated.cpp,3114,26,operator< -> operator!=,m542_cxx_rel_swap_operator_not_eq,OK,b7b5ea7b4ae88f3e,OK,NOT_RUN,NOT_RUN,NOT_RUN,NOT_RUN,,0,1,equivalent_tce,,,,,bit-identical machine code at -O2: no test can distinguish it
resize,ast_emitted,36fa27d24b8ffc24,cxx_rel_swap,resize_box_uint8_down.halide_generated.cpp,3114,26,operator< -> operator>=,m540_cxx_rel_swap_operator_gt_eq,OK,b7b5ea7b4ae88f3e,OK,NOT_RUN,NOT_RUN,NOT_RUN,NOT_RUN,,0,1,equivalent_tce,,,,,bit-identical machine code at -O2: no test can distinguish it
resize,ast_emitted,06cd4429d717d4b1,cxx_rel_swap,resize_box_uint8_down.halide_generated.cpp,3114,26,operator< -> operator>,m539_cxx_rel_swap_operator_gt,OK,b7b5ea7b4ae88f3e,OK,NOT_RUN,NOT_RUN,NOT_RUN,NOT_RUN,,0,1,equivalent_tce,,,,,bit-identical machine code at -O2: no test can distinguish it
resize,ast_emitted,b936fdeb1b05eee5,cxx_rel_swap,resize_box_uint8_down.halide_generated.cpp,3114,26,operator< -> operator<=,m538_cxx_rel_swap_operator_lt_eq,OK,b7b5ea7b4ae88f3e,OK,NOT_RUN,NOT_RUN,NOT_RUN,NOT_RUN,,0,1,equivalent_tce,,,,,bit-identical machine code at -O2: no test can distinguish it
resize,ast_emitted,8b016f32065c7600,cxx_rel_swap,resize_box_uint8_down.halide_generated.cpp,3114,26,operator< -> operator==,m541_cxx_rel_swap_operator_eq_eq,OK,b7b5ea7b4ae88f3e,OK,NOT_RUN,NOT_RUN,NOT_RUN,NOT_RUN,,0,1,equivalent_tce,,,,,bit-identical machine code at -O2: no test can distinguish it
resize,ast_emitted,887643d083dc6a17,cxx_rel_swap,resize_box_uint8_down.halide_generated.cpp,3123,26,operator< -> operator<=,m543_cxx_rel_swap_operator_lt_eq,OK,b7b5ea7b4ae88f3e,OK,NOT_RUN,NOT_RUN,NOT_RUN,NOT_RUN,,0,1,equivalent_tce,,,,,bit-identical machine code at -O2: no test can distinguish it
resize,ast_emitted,a77b684d281be932,cxx_rel_swap,resize_box_uint8_down.halide_generated.cpp,3123,26,operator< -> operator>,m544_cxx_rel_swap_operator_gt,OK,b7b5ea7b4ae88f3e,OK,NOT_RUN,NOT_RUN,NOT_RUN,NOT_RUN,,0,1,equivalent_tce,,,,,bit-identical machine code at -O2: no test can distinguish it
resize,ast_emitted,03112e650997fde0,cxx_rel_swap,resize_box_uint8_down.halide_generated.cpp,3123,26,operator< -> operator>=,m545_cxx_rel_swap_operator_gt_eq,OK,b7b5ea7b4ae88f3e,OK,NOT_RUN,NOT_RUN,NOT_RUN,NOT_RUN,,0,1,equivalent_tce,,,,,bit-identical machine code at -O2: no test can distinguish it
resize,ast_emitted,5c6f785f607f6ece,cxx_rel_swap,resize_box_uint8_down.halide_generated.cpp,3132,26,operator< -> operator>=,m550_cxx_rel_swap_operator_gt_eq,OK,b7b5ea7b4ae88f3e,OK,NOT_RUN,NOT_RUN,NOT_RUN,NOT_RUN,,0,1,equivalent_tce,,,,,bit-identical machine code at -O2: no test can distinguish it
resize,ast_emitted,61554d07f82bd50a,cxx_rel_swap,resize_box_uint8_down.halide_generated.cpp,3123,26,operator< -> operator==,m546_cxx_rel_swap_operator_eq_eq,OK,b7b5ea7b4ae88f3e,OK,NOT_RUN,NOT_RUN,NOT_RUN,NOT_RUN,,0,1,equivalent_tce,,,,,bit-identical machine code at -O2: no test can distinguish it
resize,ast_emitted,7665603bfbd72602,cxx_rel_swap,resize_box_uint8_down.halide_generated.cpp,3123,26,operator< -> operator!=,m547_cxx_rel_swap_operator_not_eq,OK,b7b5ea7b4ae88f3e,OK,NOT_RUN,NOT_RUN,NOT_RUN,NOT_RUN,,0,1,equivalent_tce,,,,,bit-identical machine code at -O2: no test can distinguish it
resize,ast_emitted,c049ca10680d3484,cxx_rel_swap,resize_box_uint8_down.halide_generated.cpp,3132,26,operator< -> operator<=,m548_cxx_rel_swap_operator_lt_eq,OK,b7b5ea7b4ae88f3e,OK,NOT_RUN,NOT_RUN,NOT_RUN,NOT_RUN,,0,1,equivalent_tce,,,,,bit-identical machine code at -O2: no test can distinguish it
resize,ast_emitted,59a49469a3f8a680,cxx_rel_swap,resize_box_uint8_down.halide_generated.cpp,3132,26,operator< -> operator>,m549_cxx_rel_swap_operator_gt,OK,b7b5ea7b4ae88f3e,OK,NOT_RUN,NOT_RUN,NOT_RUN,NOT_RUN,,0,1,equivalent_tce,,,,,bit-identical machine code at -O2: no test can distinguish it
resize,ast_emitted,d3614e53a1fd141f,cxx_rel_swap,resize_box_uint8_down.halide_generated.cpp,3132,26,operator< -> operator!=,m552_cxx_rel_swap_operator_not_eq,OK,b7b5ea7b4ae88f3e,OK,NOT_RUN,NOT_RUN,NOT_RUN,NOT_RUN,,0,1,equivalent_tce,,,,,bit-identical machine code at -O2: no test can distinguish it
resize,ast_emitted,b9e57686da928bb4,cxx_rel_swap,resize_box_uint8_down.halide_generated.cpp,3141,26,operator< -> operator>,m554_cxx_rel_swap_operator_gt,OK,b7b5ea7b4ae88f3e,OK,NOT_RUN,NOT_RUN,NOT_RUN,NOT_RUN,,0,1,equivalent_tce,,,,,bit-identical machine code at -O2: no test can distinguish it
resize,ast_emitted,4b4d181bd87e8c80,cxx_rel_swap,resize_box_uint8_down.halide_generated.cpp,3141,26,operator< -> operator==,m556_cxx_rel_swap_operator_eq_eq,OK,b7b5ea7b4ae88f3e,OK,NOT_RUN,NOT_RUN,NOT_RUN,NOT_RUN,,0,1,equivalent_tce,,,,,bit-identical machine code at -O2: no test can distinguish it
resize,ast_emitted,ca44dc0586e27955,cxx_rel_swap,resize_box_uint8_down.halide_generated.cpp,3132,26,operator< -> operator==,m551_cxx_rel_swap_operator_eq_eq,OK,b7b5ea7b4ae88f3e,OK,NOT_RUN,NOT_RUN,NOT_RUN,NOT_RUN,,0,1,equivalent_tce,,,,,bit-identical machine code at -O2: no test can distinguish it
resize,ast_emitted,05431b2f877e1ff6,cxx_rel_swap,resize_box_uint8_down.halide_generated.cpp,3141,26,operator< -> operator<=,m553_cxx_rel_swap_operator_lt_eq,OK,b7b5ea7b4ae88f3e,OK,NOT_RUN,NOT_RUN,NOT_RUN,NOT_RUN,,0,1,equivalent_tce,,,,,bit-identical machine code at -O2: no test can distinguish it
resize,ast_emitted,9e7cc5818d3f3513,cxx_rel_swap,resize_box_uint8_down.halide_generated.cpp,3141,26,operator< -> operator!=,m557_cxx_rel_swap_operator_not_eq,OK,b7b5ea7b4ae88f3e,OK,NOT_RUN,NOT_RUN,NOT_RUN,NOT_RUN,,0,1,equivalent_tce,,,,,bit-identical machine code at -O2: no test can distinguish it
resize,ast_emitted,7eee64cdce3f85e1,cxx_rel_swap,resize_box_uint8_down.halide_generated.cpp,3150,26,operator< -> operator<=,m558_cxx_rel_swap_operator_lt_eq,OK,b7b5ea7b4ae88f3e,OK,NOT_RUN,NOT_RUN,NOT_RUN,NOT_RUN,,0,1,equivalent_tce,,,,,bit-identical machine code at -O2: no test can distinguish it
resize,ast_emitted,648ca6c90e3b4550,cxx_rel_swap,resize_box_uint8_down.halide_generated.cpp,3141,26,operator< -> operator>=,m555_cxx_rel_swap_operator_gt_eq,OK,b7b5ea7b4ae88f3e,OK,NOT_RUN,NOT_RUN,NOT_RUN,NOT_RUN,,0,1,equivalent_tce,,,,,bit-identical machine code at -O2: no test can distinguish it
resize,ast_emitted,300772a816dacc73,cxx_rel_swap,resize_box_uint8_down.halide_generated.cpp,3150,26,operator< -> operator>,m559_cxx_rel_swap_operator_gt,OK,b7b5ea7b4ae88f3e,OK,NOT_RUN,NOT_RUN,NOT_RUN,NOT_RUN,,0,1,equivalent_tce,,,,,bit-identical machine code at -O2: no test can distinguish it
resize,ast_emitted,5bf8f59aa56109a0,cxx_rel_swap,resize_box_uint8_down.halide_generated.cpp,3150,26,operator< -> operator>=,m560_cxx_rel_swap_operator_gt_eq,OK,b7b5ea7b4ae88f3e,OK,NOT_RUN,NOT_RUN,NOT_RUN,NOT_RUN,,0,1,equivalent_tce,,,,,bit-identical machine code at -O2: no test can distinguish it
resize,ast_emitted,3b3efd42e59ae8ec,cxx_rel_swap,resize_box_uint8_down.halide_generated.cpp,3159,26,operator< -> operator<=,m563_cxx_rel_swap_operator_lt_eq,OK,b7b5ea7b4ae88f3e,OK,NOT_RUN,NOT_RUN,NOT_RUN,NOT_RUN,,0,1,equivalent_tce,,,,,bit-identical machine code at -O2: no test can distinguish it
resize,ast_emitted,ca7e8d85921942a4,cxx_rel_swap,resize_box_uint8_down.halide_generated.cpp,3159,26,operator< -> operator>,m564_cxx_rel_swap_operator_gt,OK,b7b5ea7b4ae88f3e,OK,NOT_RUN,NOT_RUN,NOT_RUN,NOT_RUN,,0,1,equivalent_tce,,,,,bit-identical machine code at -O2: no test can distinguish it
resize,ast_emitted,dc3642c56823ce74,cxx_rel_swap,resize_box_uint8_down.halide_generated.cpp,3159,26,operator< -> operator==,m566_cxx_rel_swap_operator_eq_eq,OK,b7b5ea7b4ae88f3e,OK,NOT_RUN,NOT_RUN,NOT_RUN,NOT_RUN,,0,1,equivalent_tce,,,,,bit-identical machine code at -O2: no test can distinguish it
resize,ast_emitted,f19115fe038523fd,cxx_rel_swap,resize_box_uint8_down.halide_generated.cpp,3150,26,operator< -> operator==,m561_cxx_rel_swap_operator_eq_eq,OK,b7b5ea7b4ae88f3e,OK,NOT_RUN,NOT_RUN,NOT_RUN,NOT_RUN,,0,1,equivalent_tce,,,,,bit-identical machine code at -O2: no test can distinguish it
resize,ast_emitted,e67eebca35934b1f,cxx_rel_swap,resize_box_uint8_down.halide_generated.cpp,3150,26,operator< -> operator!=,m562_cxx_rel_swap_operator_not_eq,OK,b7b5ea7b4ae88f3e,OK,NOT_RUN,NOT_RUN,NOT_RUN,NOT_RUN,,0,1,equivalent_tce,,,,,bit-identical machine code at -O2: no test can distinguish it
resize,ast_emitted,937ee6502fd63478,cxx_rel_swap,resize_box_uint8_down.halide_generated.cpp,3159,26,operator< -> operator>=,m565_cxx_rel_swap_operator_gt_eq,OK,b7b5ea7b4ae88f3e,OK,NOT_RUN,NOT_RUN,NOT_RUN,NOT_RUN,,0,1,equivalent_tce,,,,,bit-identical machine code at -O2: no test can distinguish it
resize,ast_emitted,dcbb18b76d8cc97d,cxx_rel_swap,resize_box_uint8_down.halide_generated.cpp,3159,26,operator< -> operator!=,m567_cxx_rel_swap_operator_not_eq,OK,b7b5ea7b4ae88f3e,OK,NOT_RUN,NOT_RUN,NOT_RUN,NOT_RUN,,0,1,equivalent_tce,,,,,bit-identical machine code at -O2: no test can distinguish it
resize,ast_emitted,67d23e2e1531c8c7,cxx_rel_swap,resize_box_uint8_down.halide_generated.cpp,3168,26,operator< -> operator>,m569_cxx_rel_swap_operator_gt,OK,b7b5ea7b4ae88f3e,OK,NOT_RUN,NOT_RUN,NOT_RUN,NOT_RUN,,0,1,equivalent_tce,,,,,bit-identical machine code at -O2: no test can distinguish it
resize,ast_emitted,bea06b52856648e8,cxx_rel_swap,resize_box_uint8_down.halide_generated.cpp,3168,26,operator< -> operator==,m571_cxx_rel_swap_operator_eq_eq,OK,b7b5ea7b4ae88f3e,OK,NOT_RUN,NOT_RUN,NOT_RUN,NOT_RUN,,0,1,equivalent_tce,,,,,bit-identical machine code at -O2: no test can distinguish it
resize,ast_emitted,04fe6015fca1227d,cxx_rel_swap,resize_box_uint8_down.halide_generated.cpp,3168,26,operator< -> operator<=,m568_cxx_rel_swap_operator_lt_eq,OK,b7b5ea7b4ae88f3e,OK,NOT_RUN,NOT_RUN,NOT_RUN,NOT_RUN,,0,1,equivalent_tce,,,,,bit-identical machine code at -O2: no test can distinguish it
resize,ast_emitted,adbc43c183944e2e,cxx_rel_swap,resize_box_uint8_down.halide_generated.cpp,3177,26,operator< -> operator<=,m573_cxx_rel_swap_operator_lt_eq,OK,b7b5ea7b4ae88f3e,OK,NOT_RUN,NOT_RUN,NOT_RUN,NOT_RUN,,0,1,equivalent_tce,,,,,bit-identical machine code at -O2: no test can distinguish it
resize,ast_emitted,6a1abcc3166f9aec,cxx_rel_swap,resize_box_uint8_down.halide_generated.cpp,3168,26,operator< -> operator>=,m570_cxx_rel_swap_operator_gt_eq,OK,b7b5ea7b4ae88f3e,OK,NOT_RUN,NOT_RUN,NOT_RUN,NOT_RUN,,0,1,equivalent_tce,,,,,bit-identical machine code at -O2: no test can distinguish it
resize,ast_emitted,5d4651b3188bd858,cxx_rel_swap,resize_box_uint8_down.halide_generated.cpp,3168,26,operator< -> operator!=,m572_cxx_rel_swap_operator_not_eq,OK,b7b5ea7b4ae88f3e,OK,NOT_RUN,NOT_RUN,NOT_RUN,NOT_RUN,,0,1,equivalent_tce,,,,,bit-identical machine code at -O2: no test can distinguish it
resize,ast_emitted,68e6a6333632b699,cxx_rel_swap,resize_box_uint8_down.halide_generated.cpp,3177,26,operator< -> operator>=,m575_cxx_rel_swap_operator_gt_eq,OK,b7b5ea7b4ae88f3e,OK,NOT_RUN,NOT_RUN,NOT_RUN,NOT_RUN,,0,1,equivalent_tce,,,,,bit-identical machine code at -O2: no test can distinguish it
resize,ast_emitted,497c2836f0ad16ac,cxx_rel_swap,resize_box_uint8_down.halide_generated.cpp,3177,26,operator< -> operator>,m574_cxx_rel_swap_operator_gt,OK,b7b5ea7b4ae88f3e,OK,NOT_RUN,NOT_RUN,NOT_RUN,NOT_RUN,,0,1,equivalent_tce,,,,,bit-identical machine code at -O2: no test can distinguish it
resize,ast_emitted,c08d16e7fa07e275,cxx_rel_swap,resize_box_uint8_down.halide_generated.cpp,3177,26,operator< -> operator!=,m577_cxx_rel_swap_operator_not_eq,OK,b7b5ea7b4ae88f3e,OK,NOT_RUN,NOT_RUN,NOT_RUN,NOT_RUN,,0,1,equivalent_tce,,,,,bit-identical machine code at -O2: no test can distinguish it
resize,ast_emitted,3e7c18e610a873f9,cxx_rel_swap,resize_box_uint8_down.halide_generated.cpp,3177,26,operator< -> operator==,m576_cxx_rel_swap_operator_eq_eq,OK,b7b5ea7b4ae88f3e,OK,NOT_RUN,NOT_RUN,NOT_RUN,NOT_RUN,,0,1,equivalent_tce,,,,,bit-identical machine code at -O2: no test can distinguish it
resize,ast_emitted,7cbfa91113881a75,cxx_rel_swap,resize_box_uint8_down.halide_generated.cpp,3250,30,operator< -> operator!=,m582_cxx_rel_swap_operator_not_eq,OK,b7b5ea7b4ae88f3e,OK,NOT_RUN,NOT_RUN,NOT_RUN,NOT_RUN,,0,1,equivalent_tce,,,,,bit-identical machine code at -O2: no test can distinguish it
resize,ast_emitted,1cdb8dc0187d26a8,cxx_rel_swap,resize_box_uint8_down.halide_generated.cpp,3250,30,operator< -> operator<=,m578_cxx_rel_swap_operator_lt_eq,OK,3bfb4e015990759f,OK,SURVIVED,KILLED,NOT_RUN,NOT_RUN,test2_golden,1,1,killed,0,0.361,,b80caffb3097f3ea,
resize,ast_emitted,c0ef3b0cc12d09d1,cxx_arith_swap,resize_box_uint8_down.halide_generated.cpp,3264,78,operator* -> operator-,m584_cxx_arith_swap_operator_sub,OK,b7b5ea7b4ae88f3e,OK,NOT_RUN,NOT_RUN,NOT_RUN,NOT_RUN,,0,1,equivalent_tce,,,,,bit-identical machine code at -O2: no test can distinguish it
resize,ast_emitted,92497b66b049abc8,cxx_rel_swap,resize_box_uint8_down.halide_generated.cpp,3250,30,operator< -> operator>,m579_cxx_rel_swap_operator_gt,OK,fc6513bc44748f76,OK,SURVIVED,SURVIVED,NOT_RUN,NOT_RUN,,0,0,,0,1.737,,d1c42bdaf408029e,
resize,ast_emitted,a89caa601f706a68,cxx_rel_swap,resize_box_uint8_down.halide_generated.cpp,3250,30,operator< -> operator>=,m580_cxx_rel_swap_operator_gt_eq,OK,fc6513bc44748f76,OK,SURVIVED,SURVIVED,NOT_RUN,NOT_RUN,,0,0,,0,0.937,,d1c42bdaf408029e,
resize,ast_emitted,6ae394e77e4f3aca,cxx_arith_swap,resize_box_uint8_down.halide_generated.cpp,3264,78,operator* -> operator+,m583_cxx_arith_swap_operator_add,OK,9f7220a45d4b7106,OK,SURVIVED,KILLED,NOT_RUN,NOT_RUN,test2_golden,1,1,killed,0,0.594,,d70a3923024d7281,
resize,ast_emitted,ba0297fa0b27ee93,cxx_rel_swap,resize_box_uint8_down.halide_generated.cpp,3250,30,operator< -> operator==,m581_cxx_rel_swap_operator_eq_eq,OK,fc6513bc44748f76,OK,SURVIVED,SURVIVED,NOT_RUN,NOT_RUN,,0,0,,0,1.505,,d1c42bdaf408029e,
resize,ast_emitted,825336cb3bfdef72,cxx_arith_swap,resize_box_uint8_down.halide_generated.cpp,3264,78,operator* -> operator/,m585_cxx_arith_swap_operator_div,OK,f866dc0f82e7f153,OK,SURVIVED,KILLED,NOT_RUN,NOT_RUN,test2_golden,1,1,killed,0,0.459,,f7a9fcc31b021ea7,
resize,ast_emitted,106959d6bd1992e5,cxx_rel_swap,resize_box_uint8_down.halide_generated.cpp,3270,30,operator< -> operator!=,m590_cxx_rel_swap_operator_not_eq,OK,b7b5ea7b4ae88f3e,OK,NOT_RUN,NOT_RUN,NOT_RUN,NOT_RUN,,0,1,equivalent_tce,,,,,bit-identical machine code at -O2: no test can distinguish it
resize,ast_emitted,c0924915f9473652,cxx_rel_swap,resize_box_uint8_down.halide_generated.cpp,3278,30,operator< -> operator<=,m591_cxx_rel_swap_operator_lt_eq,OK,b7b5ea7b4ae88f3e,OK,NOT_RUN,NOT_RUN,NOT_RUN,NOT_RUN,,0,1,equivalent_tce,,,,,bit-identical machine code at -O2: no test can distinguish it
resize,ast_emitted,cda67a52f1965e04,cxx_rel_swap,resize_box_uint8_down.halide_generated.cpp,3270,30,operator< -> operator==,m589_cxx_rel_swap_operator_eq_eq,OK,668b50458afe6800,OK,SURVIVED,KILLED,NOT_RUN,NOT_RUN,test2_golden,1,1,killed,0,0.557,,f7a9fcc31b021ea7,
resize,ast_emitted,8ce28b7d21f6508a,cxx_rel_swap,resize_box_uint8_down.halide_generated.cpp,3270,30,operator< -> operator>,m587_cxx_rel_swap_operator_gt,OK,668b50458afe6800,OK,SURVIVED,KILLED,NOT_RUN,NOT_RUN,test2_golden,1,1,killed,0,0.470,,f7a9fcc31b021ea7,
resize,ast_emitted,24dad7ad29a616dc,cxx_rel_swap,resize_box_uint8_down.halide_generated.cpp,3270,30,operator< -> operator>=,m588_cxx_rel_swap_operator_gt_eq,OK,668b50458afe6800,OK,SURVIVED,KILLED,NOT_RUN,NOT_RUN,test2_golden,1,1,killed,0,0.471,,f7a9fcc31b021ea7,
resize,ast_emitted,95d2ebd6dfacae10,cxx_rel_swap,resize_box_uint8_down.halide_generated.cpp,3278,30,operator< -> operator>,m592_cxx_rel_swap_operator_gt,OK,b7b5ea7b4ae88f3e,OK,NOT_RUN,NOT_RUN,NOT_RUN,NOT_RUN,,0,1,equivalent_tce,,,,,bit-identical machine code at -O2: no test can distinguish it
resize,ast_emitted,1c8158ec5e162ec6,cxx_rel_swap,resize_box_uint8_down.halide_generated.cpp,3278,30,operator< -> operator==,m594_cxx_rel_swap_operator_eq_eq,OK,b7b5ea7b4ae88f3e,OK,NOT_RUN,NOT_RUN,NOT_RUN,NOT_RUN,,0,1,equivalent_tce,,,,,bit-identical machine code at -O2: no test can distinguish it
resize,ast_emitted,a225d4f2f7e3d51f,cxx_rel_swap,resize_box_uint8_down.halide_generated.cpp,3278,30,operator< -> operator>=,m593_cxx_rel_swap_operator_gt_eq,OK,b7b5ea7b4ae88f3e,OK,NOT_RUN,NOT_RUN,NOT_RUN,NOT_RUN,,0,1,equivalent_tce,,,,,bit-identical machine code at -O2: no test can distinguish it
resize,ast_emitted,cb87c64e736cd06e,cxx_rel_swap,resize_box_uint8_down.halide_generated.cpp,3270,30,operator< -> operator<=,m586_cxx_rel_swap_operator_lt_eq,OK,2f439f9c2f8f6e45,OK,SURVIVED,SURVIVED,NOT_RUN,NOT_RUN,,0,0,,0,1.414,,d1c42bdaf408029e,
resize,ast_emitted,b0f7263135a4f388,cxx_rel_swap,resize_box_uint8_down.halide_generated.cpp,3278,30,operator< -> operator!=,m595_cxx_rel_swap_operator_not_eq,OK,b7b5ea7b4ae88f3e,OK,NOT_RUN,NOT_RUN,NOT_RUN,NOT_RUN,,0,1,equivalent_tce,,,,,bit-identical machine code at -O2: no test can distinguish it
resize,ast_emitted,55a7cf0287726fdd,cxx_arith_swap,resize_box_uint8_down.halide_generated.cpp,3292,72,operator* -> operator-,m597_cxx_arith_swap_operator_sub,OK,b7b5ea7b4ae88f3e,OK,NOT_RUN,NOT_RUN,NOT_RUN,NOT_RUN,,0,1,equivalent_tce,,,,,bit-identical machine code at -O2: no test can distinguish it
resize,ast_emitted,10d93dbf0c9cb606,cxx_arith_swap,resize_box_uint8_down.halide_generated.cpp,3292,72,operator* -> operator/,m598_cxx_arith_swap_operator_div,OK,a97f9f4eb8c6bdb8,OK,SURVIVED,KILLED,NOT_RUN,NOT_RUN,test2_golden,1,1,killed,0,0.402,,b3cbffd4ff0f1b24,
resize,ast_emitted,6b2b8b772ac23080,cxx_arith_swap,resize_box_uint8_down.halide_generated.cpp,3292,72,operator* -> operator+,m596_cxx_arith_swap_operator_add,OK,9748aa13fce86a4f,OK,SURVIVED,KILLED,NOT_RUN,NOT_RUN,test2_golden,1,1,killed,0,0.566,,c3ee07f9f94524b7,
resize,ast_emitted,f2c5bd72dfdeca25,cxx_rel_swap,resize_box_uint8_down.halide_generated.cpp,3296,30,operator< -> operator!=,m603_cxx_rel_swap_operator_not_eq,OK,b7b5ea7b4ae88f3e,OK,NOT_RUN,NOT_RUN,NOT_RUN,NOT_RUN,,0,1,equivalent_tce,,,,,bit-identical machine code at -O2: no test can distinguish it
resize,ast_emitted,f0d0f67a8a34d47c,cxx_rel_swap,resize_box_uint8_down.halide_generated.cpp,3302,30,operator< -> operator<=,m604_cxx_rel_swap_operator_lt_eq,OK,b7b5ea7b4ae88f3e,OK,NOT_RUN,NOT_RUN,NOT_RUN,NOT_RUN,,0,1,equivalent_tce,,,,,bit-identical machine code at -O2: no test can distinguish it
resize,ast_emitted,bdb420ad5ce73081,cxx_rel_swap,resize_box_uint8_down.halide_generated.cpp,3302,30,operator< -> operator>,m605_cxx_rel_swap_operator_gt,OK,b7b5ea7b4ae88f3e,OK,NOT_RUN,NOT_RUN,NOT_RUN,NOT_RUN,,0,1,equivalent_tce,,,,,bit-identical machine code at -O2: no test can distinguish it
resize,ast_emitted,950a775c5af55aba,cxx_rel_swap,resize_box_uint8_down.halide_generated.cpp,3296,30,operator< -> operator<=,m599_cxx_rel_swap_operator_lt_eq,OK,bcc4306ba8485713,OK,SURVIVED,SURVIVED,NOT_RUN,NOT_RUN,,0,0,,0,1.326,,d1c42bdaf408029e,
resize,ast_emitted,ffdd43909c7e8e49,cxx_rel_swap,resize_box_uint8_down.halide_generated.cpp,3296,30,operator< -> operator>=,m601_cxx_rel_swap_operator_gt_eq,OK,72284a60e6677c9e,OK,SURVIVED,SURVIVED,NOT_RUN,NOT_RUN,,0,0,,0,1.383,,d1c42bdaf408029e,
resize,ast_emitted,e3031645b88a7e0c,cxx_rel_swap,resize_box_uint8_down.halide_generated.cpp,3296,30,operator< -> operator>,m600_cxx_rel_swap_operator_gt,OK,72284a60e6677c9e,OK,SURVIVED,SURVIVED,NOT_RUN,NOT_RUN,,0,0,,0,0.852,,d1c42bdaf408029e,
resize,ast_emitted,40baaf589268cce6,cxx_rel_swap,resize_box_uint8_down.halide_generated.cpp,3311,42,operator== -> operator<,m609_cxx_rel_swap_operator_lt,COMPILE_FAIL,,OK,NOT_RUN,NOT_RUN,NOT_RUN,NOT_RUN,,0,0,,,,,,"the compiler rejected the mutant -- a kill category only staged compilation produces, not a test kill"
resize,ast_emitted,f1cae6dd9cabfcef,cxx_rel_swap,resize_box_uint8_down.halide_generated.cpp,3302,30,operator< -> operator>=,m606_cxx_rel_swap_operator_gt_eq,OK,b7b5ea7b4ae88f3e,OK,NOT_RUN,NOT_RUN,NOT_RUN,NOT_RUN,,0,1,equivalent_tce,,,,,bit-identical machine code at -O2: no test can distinguish it
resize,ast_emitted,2c80e275f2fc571c,cxx_rel_swap,resize_box_uint8_down.halide_generated.cpp,3302,30,operator< -> operator!=,m608_cxx_rel_swap_operator_not_eq,OK,b7b5ea7b4ae88f3e,OK,NOT_RUN,NOT_RUN,NOT_RUN,NOT_RUN,,0,1,equivalent_tce,,,,,bit-identical machine code at -O2: no test can distinguish it
resize,ast_emitted,1c8b2768be2d0dc5,cxx_rel_swap,resize_box_uint8_down.halide_generated.cpp,3311,42,operator== -> operator>,m611_cxx_rel_swap_operator_gt,COMPILE_FAIL,,OK,NOT_RUN,NOT_RUN,NOT_RUN,NOT_RUN,,0,0,,,,,,"the compiler rejected the mutant -- a kill category only staged compilation produces, not a test kill"
resize,ast_emitted,3ac9ad07a90419a1,cxx_rel_swap,resize_box_uint8_down.halide_generated.cpp,3302,30,operator< -> operator==,m607_cxx_rel_swap_operator_eq_eq,OK,b7b5ea7b4ae88f3e,OK,NOT_RUN,NOT_RUN,NOT_RUN,NOT_RUN,,0,1,equivalent_tce,,,,,bit-identical machine code at -O2: no test can distinguish it
resize,ast_emitted,844c185943d4ff3c,cxx_rel_swap,resize_box_uint8_down.halide_generated.cpp,3296,30,operator< -> operator==,m602_cxx_rel_swap_operator_eq_eq,OK,72284a60e6677c9e,OK,SURVIVED,SURVIVED,NOT_RUN,NOT_RUN,,0,0,,0,1.389,,d1c42bdaf408029e,
resize,ast_emitted,7cfa4632fb6ebdef,cxx_rel_swap,resize_box_uint8_down.halide_generated.cpp,3311,42,operator== -> operator!=,m613_cxx_rel_swap_operator_not_eq,COMPILE_FAIL,,OK,NOT_RUN,NOT_RUN,NOT_RUN,NOT_RUN,,0,0,,,,,,"the compiler rejected the mutant -- a kill category only staged compilation produces, not a test kill"
resize,ast_emitted,5b72256cc957148b,cxx_rel_swap,resize_box_uint8_down.halide_generated.cpp,3311,42,operator== -> operator<=,m610_cxx_rel_swap_operator_lt_eq,OK,b7b5ea7b4ae88f3e,OK,NOT_RUN,NOT_RUN,NOT_RUN,NOT_RUN,,0,1,equivalent_tce,,,,,bit-identical machine code at -O2: no test can distinguish it
resize,ast_emitted,140121b6fdbc5e5f,cxx_rel_swap,resize_box_uint8_down.halide_generated.cpp,3344,30,operator< -> operator>,m615_cxx_rel_swap_operator_gt,OK,b7b5ea7b4ae88f3e,OK,NOT_RUN,NOT_RUN,NOT_RUN,NOT_RUN,,0,1,equivalent_tce,,,,,bit-identical machine code at -O2: no test can distinguish it
resize,ast_emitted,5d06fe4e612e2b5a,cxx_rel_swap,resize_box_uint8_down.halide_generated.cpp,3344,30,operator< -> operator>=,m616_cxx_rel_swap_operator_gt_eq,OK,b7b5ea7b4ae88f3e,OK,NOT_RUN,NOT_RUN,NOT_RUN,NOT_RUN,,0,1,equivalent_tce,,,,,bit-identical machine code at -O2: no test can distinguish it
resize,ast_emitted,2c5a512a4866cf7a,cxx_rel_swap,resize_box_uint8_down.halide_generated.cpp,3311,42,operator== -> operator>=,m612_cxx_rel_swap_operator_gt_eq,OK,b7b5ea7b4ae88f3e,OK,NOT_RUN,NOT_RUN,NOT_RUN,NOT_RUN,,0,1,equivalent_tce,,,,,bit-identical machine code at -O2: no test can distinguish it
resize,ast_emitted,032303858de8058a,cxx_rel_swap,resize_box_uint8_down.halide_generated.cpp,3344,30,operator< -> operator==,m617_cxx_rel_swap_operator_eq_eq,OK,b7b5ea7b4ae88f3e,OK,NOT_RUN,NOT_RUN,NOT_RUN,NOT_RUN,,0,1,equivalent_tce,,,,,bit-identical machine code at -O2: no test can distinguish it
resize,ast_emitted,4bf869d8702056c9,cxx_rel_swap,resize_box_uint8_down.halide_generated.cpp,3344,30,operator< -> operator!=,m618_cxx_rel_swap_operator_not_eq,OK,b7b5ea7b4ae88f3e,OK,NOT_RUN,NOT_RUN,NOT_RUN,NOT_RUN,,0,1,equivalent_tce,,,,,bit-identical machine code at -O2: no test can distinguish it
resize,ast_emitted,ee4f4ad23f3ac12b,cxx_rel_swap,resize_box_uint8_down.halide_generated.cpp,3344,30,operator< -> operator<=,m614_cxx_rel_swap_operator_lt_eq,OK,b7b5ea7b4ae88f3e,OK,NOT_RUN,NOT_RUN,NOT_RUN,NOT_RUN,,0,1,equivalent_tce,,,,,bit-identical machine code at -O2: no test can distinguish it
resize,ast_emitted,72d67665447a8c09,cxx_rel_swap,resize_box_uint8_down.halide_generated.cpp,3357,30,operator< -> operator>,m620_cxx_rel_swap_operator_gt,OK,06aa26c8cecc323e,OK,SURVIVED,KILLED,NOT_RUN,NOT_RUN,test2_golden,1,1,killed,0,0.182,,b3cbffd4ff0f1b24,
resize,ast_emitted,860ef5f0de58831d,cxx_rel_swap,resize_box_uint8_down.halide_generated.cpp,3357,30,operator< -> operator!=,m623_cxx_rel_swap_operator_not_eq,OK,b7b5ea7b4ae88f3e,OK,NOT_RUN,NOT_RUN,NOT_RUN,NOT_RUN,,0,1,equivalent_tce,,,,,bit-identical machine code at -O2: no test can distinguish it
resize,ast_emitted,876f1b750f01d847,cxx_rel_swap,resize_box_uint8_down.halide_generated.cpp,3357,30,operator< -> operator==,m622_cxx_rel_swap_operator_eq_eq,OK,06aa26c8cecc323e,OK,SURVIVED,KILLED,NOT_RUN,NOT_RUN,test2_golden,1,1,killed,0,0.393,,b3cbffd4ff0f1b24,
resize,ast_emitted,5ffd9ed17ad77273,cxx_rel_swap,resize_box_uint8_down.halide_generated.cpp,3357,30,operator< -> operator>=,m621_cxx_rel_swap_operator_gt_eq,OK,06aa26c8cecc323e,OK,SURVIVED,KILLED,NOT_RUN,NOT_RUN,test2_golden,1,1,killed,0,0.361,,b3cbffd4ff0f1b24,
resize,ast_emitted,865e6cc0f98de734,cxx_rel_swap,resize_box_uint8_down.halide_generated.cpp,3357,30,operator< -> operator<=,m619_cxx_rel_swap_operator_lt_eq,OK,86869deefd4be5ad,OK,SURVIVED,KILLED,NOT_RUN,NOT_RUN,test2_golden,1,1,killed,0,0.594,,7609da8d8fbdac3d,
resize,ast_emitted,2d08eb1dd66a8465,cxx_rel_swap,resize_box_uint8_down.halide_generated.cpp,3358,25,operator> -> operator<=,m625_cxx_rel_swap_operator_lt_eq,OK,7158acb4551af2cb,OK,SURVIVED,KILLED,NOT_RUN,NOT_RUN,test2_golden,1,1,killed,0,0.692,,b3cbffd4ff0f1b24,
resize,ast_emitted,0252a64f6422574f,cxx_rel_swap,resize_box_uint8_down.halide_generated.cpp,3358,25,operator> -> operator<,m624_cxx_rel_swap_operator_lt,OK,849bea0d6409e4e2,OK,SURVIVED,KILLED,NOT_RUN,NOT_RUN,test2_golden,1,1,killed,0,0.578,,b3cbffd4ff0f1b24,
resize,ast_emitted,c5bf9c4bd0e310b9,cxx_rel_swap,resize_box_uint8_down.halide_generated.cpp,3371,30,operator< -> operator<=,m629_cxx_rel_swap_operator_lt_eq,OK,e8e63d25ad8ac780,OK,SURVIVED,KILLED,NOT_RUN,NOT_RUN,test2_golden,1,1,killed,0,0.717,,c92ed10c2f4c5c70,
resize,ast_emitted,fbfc9cd11ecf5d3b,cxx_rel_swap,resize_box_uint8_down.halide_generated.cpp,3371,30,operator< -> operator>,m630_cxx_rel_swap_operator_gt,OK,ea4e75361d8333e9,OK,SURVIVED,KILLED,NOT_RUN,NOT_RUN,test2_golden,1,1,killed,0,0.435,,b3cbffd4ff0f1b24,
resize,ast_emitted,340a075304022db6,cxx_rel_swap,resize_box_uint8_down.halide_generated.cpp,3358,25,operator> -> operator==,m627_cxx_rel_swap_operator_eq_eq,OK,b75bb283bf22a97e,OK,SURVIVED,KILLED,NOT_RUN,NOT_RUN,test2_golden,1,1,killed,0,0.322,,b3cbffd4ff0f1b24,
resize,ast_emitted,f69e941464186c95,cxx_rel_swap,resize_box_uint8_down.halide_generated.cpp,3371,30,operator< -> operator>=,m631_cxx_rel_swap_operator_gt_eq,OK,ea4e75361d8333e9,OK,SURVIVED,KILLED,NOT_RUN,NOT_RUN,test2_golden,1,1,killed,0,0.442,,b3cbffd4ff0f1b24,
resize,ast_emitted,0c15ea425b42a420,cxx_rel_swap,resize_box_uint8_down.halide_generated.cpp,3358,25,operator> -> operator!=,m628_cxx_rel_swap_operator_not_eq,OK,0cbed2b05757ec77,OK,SURVIVED,SURVIVED,NOT_RUN,NOT_RUN,,0,0,,0,0.756,,d1c42bdaf408029e,
resize,ast_emitted,8054a6881cdff926,cxx_rel_swap,resize_box_uint8_down.halide_generated.cpp,3371,30,operator< -> operator!=,m633_cxx_rel_swap_operator_not_eq,OK,b7b5ea7b4ae88f3e,OK,NOT_RUN,NOT_RUN,NOT_RUN,NOT_RUN,,0,1,equivalent_tce,,,,,bit-identical machine code at -O2: no test can distinguish it
resize,ast_emitted,c62ab398016801d6,cxx_rel_swap,resize_box_uint8_down.halide_generated.cpp,3358,25,operator> -> operator>=,m626_cxx_rel_swap_operator_gt_eq,OK,5c8124a8ddfa05cf,OK,SURVIVED,SURVIVED,NOT_RUN,NOT_RUN,,0,0,,0,0.980,,d1c42bdaf408029e,
resize,ast_emitted,52499069743add59,cxx_rel_swap,resize_box_uint8_down.halide_generated.cpp,3372,25,operator< -> operator>,m635_cxx_rel_swap_operator_gt,OK,3f1b702b9c90d93f,OK,SURVIVED,KILLED,NOT_RUN,NOT_RUN,test2_golden,1,1,killed,0,0.319,,f7a9fcc31b021ea7,
resize,ast_emitted,f8b11ffe11acb480,cxx_rel_swap,resize_box_uint8_down.halide_generated.cpp,3371,30,operator< -> operator==,m632_cxx_rel_swap_operator_eq_eq,OK,ea4e75361d8333e9,OK,SURVIVED,KILLED,NOT_RUN,NOT_RUN,test2_golden,1,1,killed,0,0.411,,b3cbffd4ff0f1b24,
resize,ast_emitted,e7fd25f6d3e33658,cxx_rel_swap,resize_box_uint8_down.halide_generated.cpp,3372,25,operator< -> operator>=,m636_cxx_rel_swap_operator_gt_eq,OK,2375a4d94d48e3b0,OK,SURVIVED,KILLED,NOT_RUN,NOT_RUN,test2_golden,1,1,killed,0,0.684,,f7a9fcc31b021ea7,
resize,ast_emitted,16e5088bb5a46b77,cxx_rel_swap,resize_box_uint8_down.halide_generated.cpp,3372,25,operator< -> operator==,m637_cxx_rel_swap_operator_eq_eq,OK,aa39cd5579071762,OK,SURVIVED,KILLED,NOT_RUN,NOT_RUN,test2_golden,1,1,killed,0,0.311,,f7a9fcc31b021ea7,
resize,ast_emitted,e2f91772b2d2e8b6,cxx_rel_swap,resize_box_uint8_down.halide_generated.cpp,3372,25,operator< -> operator!=,m638_cxx_rel_swap_operator_not_eq,OK,f34ca6b1a7dcd8bb,OK,SURVIVED,SURVIVED,NOT_RUN,NOT_RUN,,0,0,,0,1.070,,d1c42bdaf408029e,
resize,ast_emitted,7de1825e6d318aee,cxx_rel_swap,resize_box_uint8_down.halide_generated.cpp,3372,25,operator< -> operator<=,m634_cxx_rel_swap_operator_lt_eq,OK,5f0051a5d5efbaf4,OK,SURVIVED,SURVIVED,NOT_RUN,NOT_RUN,,0,0,,0,1.607,,d1c42bdaf408029e,
resize,ast_emitted,8513b377d0a6e235,cxx_rel_swap,resize_box_uint8_down.halide_generated.cpp,3387,30,operator< -> operator<=,m639_cxx_rel_swap_operator_lt_eq,OK,5b194080d73ddaa1,OK,SURVIVED,KILLED,NOT_RUN,NOT_RUN,test2_golden,1,1,killed,0,0.780,,10af6a8a9e8c954d,
resize,ast_emitted,55f77143289d96ea,cxx_rel_swap,resize_box_uint8_down.halide_generated.cpp,3387,30,operator< -> operator!=,m643_cxx_rel_swap_operator_not_eq,OK,b7b5ea7b4ae88f3e,OK,NOT_RUN,NOT_RUN,NOT_RUN,NOT_RUN,,0,1,equivalent_tce,,,,,bit-identical machine code at -O2: no test can distinguish it
resize,ast_emitted,e91973ecba35f101,cxx_rel_swap,resize_box_uint8_down.halide_generated.cpp,3387,30,operator< -> operator>,m640_cxx_rel_swap_operator_gt,OK,5b194080d73ddaa1,OK,SURVIVED,KILLED,NOT_RUN,NOT_RUN,test2_golden,1,1,killed,0,0.656,,34f4e1d9b6b4b287,
resize,ast_emitted,d8eeee3d7333033a,cxx_rel_swap,resize_box_uint8_down.halide_generated.cpp,3387,30,operator< -> operator>=,m641_cxx_rel_swap_operator_gt_eq,OK,5b194080d73ddaa1,OK,SURVIVED,KILLED,NOT_RUN,NOT_RUN,test2_golden,1,1,killed,0,0.773,,b0bbe9a07843e2d2,
resize,ast_emitted,eb9ba35174a631df,cxx_rel_swap,resize_box_uint8_down.halide_generated.cpp,3387,30,operator< -> operator==,m642_cxx_rel_swap_operator_eq_eq,OK,5b194080d73ddaa1,OK,SURVIVED,KILLED,NOT_RUN,NOT_RUN,test2_golden,1,1,killed,0,0.883,,8c96ddf2ad724de2,
resize,ast_emitted,69b08860b56903db,cxx_rel_swap,resize_box_uint8_down.halide_generated.cpp,3409,44,operator< -> operator>,m645_cxx_rel_swap_operator_gt,OK,0eb8498c33493015,OK,SURVIVED,KILLED,NOT_RUN,NOT_RUN,test2_golden,1,1,killed,0,0.665,,f7a9fcc31b021ea7,
resize,ast_emitted,32da30a8c503e1f7,cxx_rel_swap,resize_box_uint8_down.halide_generated.cpp,3409,44,operator< -> operator>=,m646_cxx_rel_swap_operator_gt_eq,OK,e0fb6ccfea9c0cb5,OK,SURVIVED,KILLED,NOT_RUN,NOT_RUN,test2_golden,1,1,killed,0,0.663,,f7a9fcc31b021ea7,
resize,ast_emitted,b7141da306f7321e,cxx_rel_swap,resize_box_uint8_down.halide_generated.cpp,3409,44,operator< -> operator<=,m644_cxx_rel_swap_operator_lt_eq,OK,d2d7558cfa18a9d4,OK,SURVIVED,SURVIVED,NOT_RUN,NOT_RUN,,0,0,,0,1.330,,d1c42bdaf408029e,
resize,ast_emitted,e7c410bf19d51b3c,cxx_rel_swap,resize_box_uint8_down.halide_generated.cpp,3415,44,operator<= -> operator<,m649_cxx_rel_swap_operator_lt,OK,b7b5ea7b4ae88f3e,OK,NOT_RUN,NOT_RUN,NOT_RUN,NOT_RUN,,0,1,equivalent_tce,,,,,bit-identical machine code at -O2: no test can distinguish it
resize,ast_emitted,3691b1a002b754c6,cxx_rel_swap,resize_box_uint8_down.halide_generated.cpp,3409,44,operator< -> operator!=,m648_cxx_rel_swap_operator_not_eq,OK,2581213c863ec277,OK,SURVIVED,KILLED,NOT_RUN,NOT_RUN,test2_golden,1,1,killed,0,0.719,,f7a9fcc31b021ea7,
resize,ast_emitted,a2b49157655d4b7f,cxx_rel_swap,resize_box_uint8_down.halide_generated.cpp,3415,44,operator<= -> operator>,m650_cxx_rel_swap_operator_gt,OK,b7b5ea7b4ae88f3e,OK,NOT_RUN,NOT_RUN,NOT_RUN,NOT_RUN,,0,1,equivalent_tce,,,,,bit-identical machine code at -O2: no test can distinguish it
resize,ast_emitted,1db9dea3fe0c8e02,cxx_rel_swap,resize_box_uint8_down.halide_generated.cpp,3415,44,operator<= -> operator>=,m651_cxx_rel_swap_operator_gt_eq,OK,b7b5ea7b4ae88f3e,OK,NOT_RUN,NOT_RUN,NOT_RUN,NOT_RUN,,0,1,equivalent_tce,,,,,bit-identical machine code at -O2: no test can distinguish it
resize,ast_emitted,47f213356f257901,cxx_rel_swap,resize_box_uint8_down.halide_generated.cpp,3409,44,operator< -> operator==,m647_cxx_rel_swap_operator_eq_eq,OK,dcfe993dd2f072e0,OK,SURVIVED,SURVIVED,NOT_RUN,NOT_RUN,,0,0,,0,0.644,,d1c42bdaf408029e,
resize,ast_emitted,5593e1eca6eb8657,cxx_rel_swap,resize_box_uint8_down.halide_generated.cpp,3415,44,operator<= -> operator==,m652_cxx_rel_swap_operator_eq_eq,OK,b7b5ea7b4ae88f3e,OK,NOT_RUN,NOT_RUN,NOT_RUN,NOT_RUN,,0,1,equivalent_tce,,,,,bit-identical machine code at -O2: no test can distinguish it
resize,ast_emitted,7d1a6503e021a8fe,cxx_rel_swap,resize_box_uint8_down.halide_generated.cpp,3415,44,operator<= -> operator!=,m653_cxx_rel_swap_operator_not_eq,OK,b7b5ea7b4ae88f3e,OK,NOT_RUN,NOT_RUN,NOT_RUN,NOT_RUN,,0,1,equivalent_tce,,,,,bit-identical machine code at -O2: no test can distinguish it
resize,ast_emitted,96fd0c01fcc26757,cxx_rel_swap,resize_box_uint8_down.halide_generated.cpp,3421,44,operator> -> operator<,m654_cxx_rel_swap_operator_lt,OK,91a0e16384666faa,OK,SURVIVED,SURVIVED,NOT_RUN,NOT_RUN,,0,0,,0,0.677,,d1c42bdaf408029e,
resize,ast_emitted,845867b5d464e93c,cxx_rel_swap,resize_box_uint8_down.halide_generated.cpp,3421,44,operator> -> operator<=,m655_cxx_rel_swap_operator_lt_eq,OK,fb311d15a81b8db2,OK,SURVIVED,SURVIVED,NOT_RUN,NOT_RUN,,0,0,,0,0.677,,d1c42bdaf408029e,
resize,ast_emitted,4be9ec355d08f469,cxx_rel_swap,resize_box_uint8_down.halide_generated.cpp,3427,44,operator>= -> operator<,m659_cxx_rel_swap_operator_lt,OK,b7b5ea7b4ae88f3e,OK,NOT_RUN,NOT_RUN,NOT_RUN,NOT_RUN,,0,1,equivalent_tce,,,,,bit-identical machine code at -O2: no test can distinguish it
resize,ast_emitted,6ca2ea5231f9c78f,cxx_rel_swap,resize_box_uint8_down.halide_generated.cpp,3427,44,operator>= -> operator<=,m660_cxx_rel_swap_operator_lt_eq,OK,b7b5ea7b4ae88f3e,OK,NOT_RUN,NOT_RUN,NOT_RUN,NOT_RUN,,0,1,equivalent_tce,,,,,bit-identical machine code at -O2: no test can distinguish it
resize,ast_emitted,d704971f014d7331,cxx_rel_swap,resize_box_uint8_down.halide_generated.cpp,3421,44,operator> -> operator>=,m656_cxx_rel_swap_operator_gt_eq,OK,a6e589803661c4df,OK,SURVIVED,SURVIVED,NOT_RUN,NOT_RUN,,0,0,,0,1.492,,d1c42bdaf408029e,
resize,ast_emitted,2a1dfb422bdac377,cxx_rel_swap,resize_box_uint8_down.halide_generated.cpp,3421,44,operator> -> operator==,m657_cxx_rel_swap_operator_eq_eq,OK,9226e1d9dd9d4d6c,OK,SURVIVED,SURVIVED,NOT_RUN,NOT_RUN,,0,0,,0,0.688,,d1c42bdaf408029e,
resize,ast_emitted,ef570e4e3e584080,cxx_rel_swap,resize_box_uint8_down.halide_generated.cpp,3433,44,operator== -> operator<,m664_cxx_rel_swap_operator_lt,OK,b7b5ea7b4ae88f3e,OK,NOT_RUN,NOT_RUN,NOT_RUN,NOT_RUN,,0,1,equivalent_tce,,,,,bit-identical machine code at -O2: no test can distinguish it
resize,ast_emitted,809221ed927c4064,cxx_rel_swap,resize_box_uint8_down.halide_generated.cpp,3427,44,operator>= -> operator==,m662_cxx_rel_swap_operator_eq_eq,OK,b7b5ea7b4ae88f3e,OK,NOT_RUN,NOT_RUN,NOT_RUN,NOT_RUN,,0,1,equivalent_tce,,,,,bit-identical machine code at -O2: no test can distinguish it
resize,ast_emitted,bd318314e9323605,cxx_rel_swap,resize_box_uint8_down.halide_generated.cpp,3427,44,operator>= -> operator>,m661_cxx_rel_swap_operator_gt,OK,b7b5ea7b4ae88f3e,OK,NOT_RUN,NOT_RUN,NOT_RUN,NOT_RUN,,0,1,equivalent_tce,,,,,bit-identical machine code at -O2: no test can distinguish it
resize,ast_emitted,65c04cccaa35e064,cxx_rel_swap,resize_box_uint8_down.halide_generated.cpp,3421,44,operator> -> operator!=,m658_cxx_rel_swap_operator_not_eq,OK,c5a7acd1ba5c87de,OK,SURVIVED,SURVIVED,NOT_RUN,NOT_RUN,,0,0,,0,1.572,,d1c42bdaf408029e,
resize,ast_emitted,062a571a3cbec04b,cxx_rel_swap,resize_box_uint8_down.halide_generated.cpp,3427,44,operator>= -> operator!=,m663_cxx_rel_swap_operator_not_eq,OK,b7b5ea7b4ae88f3e,OK,NOT_RUN,NOT_RUN,NOT_RUN,NOT_RUN,,0,1,equivalent_tce,,,,,bit-identical machine code at -O2: no test can distinguish it
resize,ast_emitted,9a42541c4305d43c,cxx_rel_swap,resize_box_uint8_down.halide_generated.cpp,3433,44,operator== -> operator>=,m667_cxx_rel_swap_operator_gt_eq,OK,b7b5ea7b4ae88f3e,OK,NOT_RUN,NOT_RUN,NOT_RUN,NOT_RUN,,0,1,equivalent_tce,,,,,bit-identical machine code at -O2: no test can distinguish it
resize,ast_emitted,e90db7a67924909a,cxx_rel_swap,resize_box_uint8_down.halide_generated.cpp,3433,44,operator== -> operator>,m666_cxx_rel_swap_operator_gt,OK,b7b5ea7b4ae88f3e,OK,NOT_RUN,NOT_RUN,NOT_RUN,NOT_RUN,,0,1,equivalent_tce,,,,,bit-identical machine code at -O2: no test can distinguish it
resize,ast_emitted,667db05cb76f8983,cxx_rel_swap,resize_box_uint8_down.halide_generated.cpp,3433,44,operator== -> operator!=,m668_cxx_rel_swap_operator_not_eq,OK,b7b5ea7b4ae88f3e,OK,NOT_RUN,NOT_RUN,NOT_RUN,NOT_RUN,,0,1,equivalent_tce,,,,,bit-identical machine code at -O2: no test can distinguish it
resize,ast_emitted,a52ce653ac11aa3e,cxx_rel_swap,resize_box_uint8_down.halide_generated.cpp,3433,44,operator== -> operator<=,m665_cxx_rel_swap_operator_lt_eq,OK,b7b5ea7b4ae88f3e,OK,NOT_RUN,NOT_RUN,NOT_RUN,NOT_RUN,,0,1,equivalent_tce,,,,,bit-identical machine code at -O2: no test can distinguish it
resize,ast_emitted,b767c127156fff1f,cxx_rel_swap,resize_box_uint8_down.halide_generated.cpp,3439,44,operator!= -> operator<=,m670_cxx_rel_swap_operator_lt_eq,OK,b7b5ea7b4ae88f3e,OK,NOT_RUN,NOT_RUN,NOT_RUN,NOT_RUN,,0,1,equivalent_tce,,,,,bit-identical machine code at -O2: no test can distinguish it
resize,ast_emitted,de0ed7245790067a,cxx_rel_swap,resize_box_uint8_down.halide_generated.cpp,3439,44,operator!= -> operator<,m669_cxx_rel_swap_operator_lt,OK,b7b5ea7b4ae88f3e,OK,NOT_RUN,NOT_RUN,NOT_RUN,NOT_RUN,,0,1,equivalent_tce,,,,,bit-identical machine code at -O2: no test can distinguish it
resize,ast_emitted,849994d5b3b7981e,cxx_rel_swap,resize_box_uint8_down.halide_generated.cpp,3439,44,operator!= -> operator>,m671_cxx_rel_swap_operator_gt,OK,b7b5ea7b4ae88f3e,OK,NOT_RUN,NOT_RUN,NOT_RUN,NOT_RUN,,0,1,equivalent_tce,,,,,bit-identical machine code at -O2: no test can distinguish it
resize,ast_emitted,0277d6bc41112703,cxx_rel_swap,resize_box_uint8_down.halide_generated.cpp,3439,44,operator!= -> operator>=,m672_cxx_rel_swap_operator_gt_eq,OK,b7b5ea7b4ae88f3e,OK,NOT_RUN,NOT_RUN,NOT_RUN,NOT_RUN,,0,1,equivalent_tce,,,,,bit-identical machine code at -O2: no test can distinguish it
resize,ast_emitted,5e9bc321fcd9a6e0,cxx_rel_swap,resize_box_uint8_down.halide_generated.cpp,3439,44,operator!= -> operator==,m673_cxx_rel_swap_operator_eq_eq,OK,b7b5ea7b4ae88f3e,OK,NOT_RUN,NOT_RUN,NOT_RUN,NOT_RUN,,0,1,equivalent_tce,,,,,bit-identical machine code at -O2: no test can distinguish it
resize,ast_emitted,cdd611d59997e5b2,cxx_arith_swap,resize_box_uint8_down.halide_generated.cpp,3719,33,operator* -> operator/,m676_cxx_arith_swap_operator_div,OK,166cf6fa976e5ea5,OK,SURVIVED,KILLED,NOT_RUN,NOT_RUN,test2_golden,1,1,killed,0,0.706,,a56e23c959bb9ce7,
resize,ast_emitted,7d627cfd685cc6ae,cxx_arith_swap,resize_box_uint8_down.halide_generated.cpp,3720,20,operator+ -> operator*,m678_cxx_arith_swap_operator_mul,OK,c1518fee02af8e5e,OK,SURVIVED,KILLED,NOT_RUN,NOT_RUN,test2_golden,1,1,killed,0,0.686,,b3cbffd4ff0f1b24,
resize,ast_emitted,76baa4823a3568cd,cxx_arith_swap,resize_box_uint8_down.halide_generated.cpp,3719,33,operator* -> operator-,m675_cxx_arith_swap_operator_sub,OK,985083d72fd53bb8,OK,KILLED,KILLED,NOT_RUN,NOT_RUN,test1_demo;test2_golden,1,1,killed,-11,0.348,,e3b0c44298fc1c14,
resize,ast_emitted,243192198c630e93,cxx_arith_swap,resize_box_uint8_down.halide_generated.cpp,3720,20,operator+ -> operator/,m679_cxx_arith_swap_operator_div,OK,2bce30334a55269e,OK,SURVIVED,KILLED,NOT_RUN,NOT_RUN,test2_golden,1,1,killed,0,0.323,,8c260d11008b1325,
resize,ast_emitted,776ddcc1f240036b,cxx_arith_swap,resize_box_uint8_down.halide_generated.cpp,3719,33,operator* -> operator+,m674_cxx_arith_swap_operator_add,OK,eb80766e9d66e664,OK,SURVIVED,KILLED,NOT_RUN,NOT_RUN,test2_golden,1,1,killed,0,0.794,,8cc30500386276ce,
resize,ast_emitted,d19d796f88b362b7,cxx_arith_swap,resize_box_uint8_down.halide_generated.cpp,3720,20,operator+ -> operator-,m677_cxx_arith_swap_operator_sub,OK,b323a51dcebd1278,OK,SURVIVED,SURVIVED,NOT_RUN,NOT_RUN,,0,0,,0,1.362,,d1c42bdaf408029e,
resize,ast_emitted,79bf89fc485139d1,cxx_rel_swap,resize_box_uint8_down.halide_generated.cpp,3725,12,operator> -> operator<=,m684_cxx_rel_swap_operator_lt_eq,OK,a759a0ed423f7b35,OK,KILLED,KILLED,NOT_RUN,NOT_RUN,test1_demo;test2_golden,1,1,killed,-6,0.266,,<missing>,
resize,ast_emitted,3857ff4dd33dec7a,cxx_arith_swap,resize_box_uint8_down.halide_generated.cpp,3724,21,operator* -> operator+,m680_cxx_arith_swap_operator_add,OK,611d060868c8f06c,OK,SURVIVED,SURVIVED,NOT_RUN,NOT_RUN,,0,0,,0,1.193,,d1c42bdaf408029e,
resize,ast_emitted,6269694b85eeaccd,cxx_rel_swap,resize_box_uint8_down.halide_generated.cpp,3725,12,operator> -> operator<,m683_cxx_rel_swap_operator_lt,OK,a759a0ed423f7b35,OK,KILLED,KILLED,NOT_RUN,NOT_RUN,test1_demo;test2_golden,1,1,killed,-6,0.394,,<missing>,
resize,ast_emitted,ff7584bbac81d403,cxx_rel_swap,resize_box_uint8_down.halide_generated.cpp,3725,12,operator> -> operator>=,m685_cxx_rel_swap_operator_gt_eq,OK,b7b5ea7b4ae88f3e,OK,NOT_RUN,NOT_RUN,NOT_RUN,NOT_RUN,,0,1,equivalent_tce,,,,,bit-identical machine code at -O2: no test can distinguish it
resize,ast_emitted,763881f73f42d7e5,cxx_arith_swap,resize_box_uint8_down.halide_generated.cpp,3724,21,operator* -> operator/,m682_cxx_arith_swap_operator_div,OK,72bba61141ab566d,OK,SURVIVED,SURVIVED,NOT_RUN,NOT_RUN,,0,0,,0,0.745,,d1c42bdaf408029e,
resize,ast_emitted,e5876c213062f598,cxx_arith_swap,resize_box_uint8_down.halide_generated.cpp,3724,21,operator* -> operator-,m681_cxx_arith_swap_operator_sub,OK,abf20ea60559a1d8,OK,SURVIVED,SURVIVED,NOT_RUN,NOT_RUN,,0,0,,0,1.450,,d1c42bdaf408029e,
resize,ast_emitted,733d6fd5536378d5,cxx_rel_swap,resize_box_uint8_down.halide_generated.cpp,3725,12,operator> -> operator!=,m687_cxx_rel_swap_operator_not_eq,OK,a759a0ed423f7b35,OK,KILLED,KILLED,NOT_RUN,NOT_RUN,test1_demo;test2_golden,1,1,killed,-6,0.310,,<missing>,
resize,ast_emitted,a9f49bcb1c500f29,cxx_arith_swap,resize_box_uint8_down.halide_generated.cpp,3725,34,operator- -> operator*,m689_cxx_arith_swap_operator_mul,OK,c525e8e36dbd0f8c,OK,SURVIVED,SURVIVED,NOT_RUN,NOT_RUN,,0,0,,0,0.676,,d1c42bdaf408029e,
resize,ast_emitted,5787c4bb39b7db74,cxx_rel_swap,resize_box_uint8_down.halide_generated.cpp,3725,12,operator> -> operator==,m686_cxx_rel_swap_operator_eq_eq,OK,757b20a8bde4c9fa,OK,SURVIVED,SURVIVED,NOT_RUN,NOT_RUN,,0,0,,0,1.364,,d1c42bdaf408029e,
resize,ast_emitted,402774e7576c72e1,cxx_arith_swap,resize_box_uint8_down.halide_generated.cpp,3725,34,operator- -> operator+,m688_cxx_arith_swap_operator_add,OK,c525e8e36dbd0f8c,OK,SURVIVED,SURVIVED,NOT_RUN,NOT_RUN,,0,0,,0,0.692,,d1c42bdaf408029e,
resize,ast_emitted,91ba30bcb54fb1d8,cxx_rel_swap,resize_box_uint8_down.halide_generated.cpp,3725,67,operator> -> operator<,m691_cxx_rel_swap_operator_lt,OK,37c657cfd34f2694,OK,KILLED,KILLED,NOT_RUN,NOT_RUN,test1_demo;test2_golden,1,1,killed,-6,0.356,,<missing>,
resize,ast_emitted,889bda392baa5f50,cxx_rel_swap,resize_box_uint8_down.halide_generated.cpp,3725,67,operator> -> operator<=,m692_cxx_rel_swap_operator_lt_eq,OK,3f40886562c14f2b,OK,KILLED,KILLED,NOT_RUN,NOT_RUN,test1_demo;test2_golden,1,1,killed,-6,0.262,,<missing>,
resize,ast_emitted,8f10651752e110a4,cxx_arith_swap,resize_box_uint8_down.halide_generated.cpp,3725,34,operator- -> operator/,m690_cxx_arith_swap_operator_div,OK,c525e8e36dbd0f8c,OK,SURVIVED,SURVIVED,NOT_RUN,NOT_RUN,,0,0,,0,0.809,,d1c42bdaf408029e,
resize,ast_emitted,a143fb22fecaef8b,cxx_rel_swap,resize_box_uint8_down.halide_generated.cpp,3725,67,operator> -> operator!=,m695_cxx_rel_swap_operator_not_eq,OK,a759a0ed423f7b35,OK,KILLED,KILLED,NOT_RUN,NOT_RUN,test1_demo;test2_golden,1,1,killed,-6,0.267,,<missing>,
resize,ast_emitted,3bd1d91c741497dc,cxx_rel_swap,resize_box_uint8_down.halide_generated.cpp,3725,67,operator> -> operator==,m694_cxx_rel_swap_operator_eq_eq,OK,8b526a14c93d2632,OK,SURVIVED,SURVIVED,NOT_RUN,NOT_RUN,,0,0,,0,1.470,,d1c42bdaf408029e,
resize,ast_emitted,08fb0f28487ad45c,cxx_rel_swap,resize_box_uint8_down.halide_generated.cpp,3725,67,operator> -> operator>=,m693_cxx_rel_swap_operator_gt_eq,OK,230ed17e824b34c0,OK,SURVIVED,SURVIVED,NOT_RUN,NOT_RUN,,0,0,,0,1.882,,d1c42bdaf408029e,
resize,ast_emitted,1221e3dfd0a0ae7d,cxx_arith_swap,resize_box_uint8_down.halide_generated.cpp,3725,49,operator* -> operator-,m697_cxx_arith_swap_operator_sub,OK,bc75ae8f26d35581,OK,SURVIVED,SURVIVED,NOT_RUN,NOT_RUN,,0,0,,0,0.897,,d1c42bdaf408029e,
resize,ast_emitted,9644d8812db8b910,cxx_arith_swap,resize_box_uint8_down.halide_generated.cpp,3725,49,operator* -> operator+,m696_cxx_arith_swap_operator_add,OK,9f3f14c01eaf76f1,OK,SURVIVED,SURVIVED,NOT_RUN,NOT_RUN,,0,0,,0,1.503,,d1c42bdaf408029e,
resize,ast_emitted,c2c5d2589fc8008b,cxx_arith_swap,resize_box_uint8_down.halide_generated.cpp,3725,89,operator- -> operator+,m699_cxx_arith_swap_operator_add,OK,960a141719f53aac,OK,SURVIVED,SURVIVED,NOT_RUN,NOT_RUN,,0,0,,0,1.373,,d1c42bdaf408029e,
resize,ast_emitted,cd222b5c18877f92,cxx_arith_swap,resize_box_uint8_down.halide_generated.cpp,3725,49,operator* -> operator/,m698_cxx_arith_swap_operator_div,OK,e38baf9c8e3d121c,OK,SURVIVED,SURVIVED,NOT_RUN,NOT_RUN,,0,0,,0,1.709,,d1c42bdaf408029e,
resize,ast_emitted,5fbbcff9fe12f9e4,cxx_arith_swap,resize_box_uint8_down.halide_generated.cpp,3731,61,operator* -> operator-,m703_cxx_arith_swap_operator_sub,OK,5cdc089af86c4c40,OK,KILLED,KILLED,NOT_RUN,NOT_RUN,test1_demo;test2_golden,1,1,killed,-6,0.262,,<missing>,
resize,ast_emitted,c0a3a4db501f6cbb,cxx_rel_swap,resize_box_uint8_down.halide_generated.cpp,3732,14,operator!= -> operator<,m705_cxx_rel_swap_operator_lt,COMPILE_FAIL,,OK,NOT_RUN,NOT_RUN,NOT_RUN,NOT_RUN,,0,0,,,,,,"the compiler rejected the mutant -- a kill category only staged compilation produces, not a test kill"
resize,ast_emitted,d76ac9e1e1cdcc97,cxx_rel_swap,resize_box_uint8_down.halide_generated.cpp,3732,14,operator!= -> operator<=,m706_cxx_rel_swap_operator_lt_eq,COMPILE_FAIL,,OK,NOT_RUN,NOT_RUN,NOT_RUN,NOT_RUN,,0,0,,,,,,"the compiler rejected the mutant -- a kill category only staged compilation produces, not a test kill"
resize,ast_emitted,1823c0f514a7dfe4,cxx_arith_swap,resize_box_uint8_down.halide_generated.cpp,3725,89,operator- -> operator*,m700_cxx_arith_swap_operator_mul,OK,e9d776dd4f9fa3b9,OK,SURVIVED,SURVIVED,NOT_RUN,NOT_RUN,,0,0,,0,1.336,,d1c42bdaf408029e,
resize,ast_emitted,ee9e30c57e7b59af,cxx_rel_swap,resize_box_uint8_down.halide_generated.cpp,3732,14,operator!= -> operator>,m707_cxx_rel_swap_operator_gt,COMPILE_FAIL,,OK,NOT_RUN,NOT_RUN,NOT_RUN,NOT_RUN,,0,0,,,,,,"the compiler rejected the mutant -- a kill category only staged compilation produces, not a test kill"
resize,ast_emitted,97c4c0fcf57f30ef,cxx_arith_swap,resize_box_uint8_down.halide_generated.cpp,3731,61,operator* -> operator+,m702_cxx_arith_swap_operator_add,OK,aba82c5990566f30,OK,SURVIVED,SURVIVED,NOT_RUN,NOT_RUN,,0,0,,0,1.634,,d1c42bdaf408029e,
resize,ast_emitted,06c89983353973e9,cxx_rel_swap,resize_box_uint8_down.halide_generated.cpp,3732,14,operator!= -> operator>=,m708_cxx_rel_swap_operator_gt_eq,COMPILE_FAIL,,OK,NOT_RUN,NOT_RUN,NOT_RUN,NOT_RUN,,0,0,,,,,,"the compiler rejected the mutant -- a kill category only staged compilation produces, not a test kill"
resize,ast_emitted,0f8277bea1d0b660,cxx_arith_swap,resize_box_uint8_down.halide_generated.cpp,3725,89,operator- -> operator/,m701_cxx_arith_swap_operator_div,OK,e9d776dd4f9fa3b9,OK,SURVIVED,SURVIVED,NOT_RUN,NOT_RUN,,0,0,,0,0.901,,d1c42bdaf408029e,
resize,ast_emitted,34020baafc0b0c4a,cxx_arith_swap,resize_box_uint8_down.halide_generated.cpp,3731,61,operator* -> operator/,m704_cxx_arith_swap_operator_div,OK,f92887ec1350645b,OK,KILLED,KILLED,NOT_RUN,NOT_RUN,test1_demo;test2_golden,1,1,killed,-6,0.277,,<missing>,
resize,ast_emitted,2aebcbea68eb8a4b,cxx_rel_swap,resize_box_uint8_down.halide_generated.cpp,3732,14,operator!= -> operator==,m709_cxx_rel_swap_operator_eq_eq,OK,3d443a61eb52e449,OK,KILLED,KILLED,NOT_RUN,NOT_RUN,test1_demo;test2_golden,1,1,killed,-6,0.403,,<missing>,
resize,ast_emitted,fecc4e39c3065d25,cxx_rel_swap,resize_box_uint8_down.halide_generated.cpp,3732,34,operator== -> operator<=,m711_cxx_rel_swap_operator_lt_eq,OK,ad14493d2c766033,OK,SURVIVED,SURVIVED,NOT_RUN,NOT_RUN,,0,0,,0,0.800,,d1c42bdaf408029e,
resize,ast_emitted,3e4e1554707ab3ab,cxx_rel_swap,resize_box_uint8_down.halide_generated.cpp,3732,34,operator== -> operator>,m712_cxx_rel_swap_operator_gt,OK,fa89d772d4953238,OK,SURVIVED,SURVIVED,NOT_RUN,NOT_RUN,,0,0,,0,1.015,,d1c42bdaf408029e,
resize,ast_emitted,4060cffdd0d06935,cxx_rel_swap,resize_box_uint8_down.halide_generated.cpp,3732,34,operator== -> operator<,m710_cxx_rel_swap_operator_lt,OK,a822c7e04c5c95b6,OK,SURVIVED,SURVIVED,NOT_RUN,NOT_RUN,,0,0,,0,0.669,,d1c42bdaf408029e,
resize,ast_emitted,99c86d94d9bb9a69,cxx_rel_swap,resize_box_uint8_down.halide_generated.cpp,3732,34,operator== -> operator>=,m713_cxx_rel_swap_operator_gt_eq,OK,208474e5152ce416,OK,SURVIVED,SURVIVED,NOT_RUN,NOT_RUN,,0,0,,0,1.128,,d1c42bdaf408029e,
resize,ast_emitted,fdb7f62160763264,cxx_arith_swap,resize_box_uint8_down.halide_generated.cpp,3740,22,operator* -> operator+,m715_cxx_arith_swap_operator_add,OK,6d7a44b447dedfdc,OK,SURVIVED,SURVIVED,NOT_RUN,NOT_RUN,,0,0,,0,1.143,,d1c42bdaf408029e,
resize,ast_emitted,14129ea24b57fcee,cxx_rel_swap,resize_box_uint8_down.halide_generated.cpp,3732,34,operator== -> operator!=,m714_cxx_rel_swap_operator_not_eq,OK,12bdeec92222a41a,OK,SURVIVED,SURVIVED,NOT_RUN,NOT_RUN,,0,0,,0,1.444,,d1c42bdaf408029e,
resize,ast_emitted,8504fa1a7a440a04,cxx_rel_swap,resize_box_uint8_down.halide_generated.cpp,3741,13,operator> -> operator<,m718_cxx_rel_swap_operator_lt,OK,c0faf67fd625a318,OK,KILLED,KILLED,NOT_RUN,NOT_RUN,test1_demo;test2_golden,1,1,killed,-6,0.157,,<missing>,
resize,ast_emitted,0b9e4d484ef37a84,cxx_rel_swap,resize_box_uint8_down.halide_generated.cpp,3741,13,operator> -> operator>=,m720_cxx_rel_swap_operator_gt_eq,OK,b7b5ea7b4ae88f3e,OK,NOT_RUN,NOT_RUN,NOT_RUN,NOT_RUN,,0,1,equivalent_tce,,,,,bit-identical machine code at -O2: no test can distinguish it
resize,ast_emitted,c83f91b677cb2ef3,cxx_rel_swap,resize_box_uint8_down.halide_generated.cpp,3741,13,operator> -> operator<=,m719_cxx_rel_swap_operator_lt_eq,OK,c0faf67fd625a318,OK,KILLED,KILLED,NOT_RUN,NOT_RUN,test1_demo;test2_golden,1,1,killed,-6,0.285,,<missing>,
resize,ast_emitted,534a4dba7f569cea,cxx_rel_swap,resize_box_uint8_down.halide_generated.cpp,3741,13,operator> -> operator==,m721_cxx_rel_swap_operator_eq_eq,OK,b7b5ea7b4ae88f3e,OK,NOT_RUN,NOT_RUN,NOT_RUN,NOT_RUN,,0,1,equivalent_tce,,,,,bit-identical machine code at -O2: no test can distinguish it
resize,ast_emitted,46ff8d1b33d530df,cxx_arith_swap,resize_box_uint8_down.halide_generated.cpp,3740,22,operator* -> operator/,m717_cxx_arith_swap_operator_div,OK,05e614f01e2b0c92,OK,SURVIVED,SURVIVED,NOT_RUN,NOT_RUN,,0,0,,0,1.562,,d1c42bdaf408029e,
resize,ast_emitted,52213de9567d22f4,cxx_arith_swap,resize_box_uint8_down.halide_generated.cpp,3741,35,operator- -> operator*,m724_cxx_arith_swap_operator_mul,OK,b7b5ea7b4ae88f3e,OK,NOT_RUN,NOT_RUN,NOT_RUN,NOT_RUN,,0,1,equivalent_tce,,,,,bit-identical machine code at -O2: no test can distinguish it
resize,ast_emitted,fa00237c05e2b55c,cxx_arith_swap,resize_box_uint8_down.halide_generated.cpp,3740,22,operator* -> operator-,m716_cxx_arith_swap_operator_sub,OK,ea92acb3e25f226f,OK,SURVIVED,SURVIVED,NOT_RUN,NOT_RUN,,0,0,,0,1.146,,d1c42bdaf408029e,
resize,ast_emitted,9cfa095c53071cf2,cxx_arith_swap,resize_box_uint8_down.halide_generated.cpp,3741,35,operator- -> operator/,m725_cxx_arith_swap_operator_div,OK,b7b5ea7b4ae88f3e,OK,NOT_RUN,NOT_RUN,NOT_RUN,NOT_RUN,,0,1,equivalent_tce,,,,,bit-identical machine code at -O2: no test can distinguish it
resize,ast_emitted,c917912c08cd4eff,cxx_arith_swap,resize_box_uint8_down.halide_generated.cpp,3741,35,operator- -> operator+,m723_cxx_arith_swap_operator_add,OK,b7b5ea7b4ae88f3e,OK,NOT_RUN,NOT_RUN,NOT_RUN,NOT_RUN,,0,1,equivalent_tce,,,,,bit-identical machine code at -O2: no test can distinguish it
resize,ast_emitted,4d80280921952836,cxx_rel_swap,resize_box_uint8_down.halide_generated.cpp,3741,13,operator> -> operator!=,m722_cxx_rel_swap_operator_not_eq,OK,c0faf67fd625a318,OK,KILLED,KILLED,NOT_RUN,NOT_RUN,test1_demo;test2_golden,1,1,killed,-6,0.289,,<missing>,
resize,ast_emitted,5fa64245750400d0,cxx_rel_swap,resize_box_uint8_down.halide_generated.cpp,3741,68,operator> -> operator<=,m727_cxx_rel_swap_operator_lt_eq,OK,c0faf67fd625a318,OK,KILLED,KILLED,NOT_RUN,NOT_RUN,test1_demo;test2_golden,1,1,killed,-6,0.335,,<missing>,
resize,ast_emitted,2463eff54ba4ad98,cxx_rel_swap,resize_box_uint8_down.halide_generated.cpp,3741,68,operator> -> operator==,m729_cxx_rel_swap_operator_eq_eq,OK,b7b5ea7b4ae88f3e,OK,NOT_RUN,NOT_RUN,NOT_RUN,NOT_RUN,,0,1,equivalent_tce,,,,,bit-identical machine code at -O2: no test can distinguish it
resize,ast_emitted,6831c3f5b79870fa,cxx_rel_swap,resize_box_uint8_down.halide_generated.cpp,3741,68,operator> -> operator<,m726_cxx_rel_swap_operator_lt,OK,2482a369bc33ac34,OK,KILLED,KILLED,NOT_RUN,NOT_RUN,test1_demo;test2_golden,1,1,killed,-6,0.133,,<missing>,
resize,ast_emitted,15ab5e60b06e4b69,cxx_rel_swap,resize_box_uint8_down.halide_generated.cpp,3741,68,operator> -> operator!=,m730_cxx_rel_swap_operator_not_eq,OK,c0faf67fd625a318,OK,KILLED,KILLED,NOT_RUN,NOT_RUN,test1_demo;test2_golden,1,1,killed,-6,0.280,,<missing>,
resize,ast_emitted,a7649b8fef89a726,cxx_arith_swap,resize_box_uint8_down.halide_generated.cpp,3741,90,operator- -> operator*,m735_cxx_arith_swap_operator_mul,OK,b7b5ea7b4ae88f3e,OK,NOT_RUN,NOT_RUN,NOT_RUN,NOT_RUN,,0,1,equivalent_tce,,,,,bit-identical machine code at -O2: no test can distinguish it
resize,ast_emitted,c7465d34cfcf901c,cxx_arith_swap,resize_box_uint8_down.halide_generated.cpp,3741,90,operator- -> operator+,m734_cxx_arith_swap_operator_add,OK,b7b5ea7b4ae88f3e,OK,NOT_RUN,NOT_RUN,NOT_RUN,NOT_RUN,,0,1,equivalent_tce,,,,,bit-identical machine code at -O2: no test can distinguish it
resize,ast_emitted,baf5586157491bc9,cxx_rel_swap,resize_box_uint8_down.halide_generated.cpp,3741,68,operator> -> operator>=,m728_cxx_rel_swap_operator_gt_eq,OK,0320125e0cf70fa7,OK,SURVIVED,SURVIVED,NOT_RUN,NOT_RUN,,0,0,,0,1.562,,d1c42bdaf408029e,
resize,ast_emitted,969e909ff3f9b854,cxx_arith_swap,resize_box_uint8_down.halide_generated.cpp,3741,50,operator* -> operator+,m731_cxx_arith_swap_operator_add,OK,527d7b3330020778,OK,SURVIVED,SURVIVED,NOT_RUN,NOT_RUN,,0,0,,0,1.531,,d1c42bdaf408029e,
resize,ast_emitted,007fecc577f9afa0,cxx_arith_swap,resize_box_uint8_down.halide_generated.cpp,3741,90,operator- -> operator/,m736_cxx_arith_swap_operator_div,OK,b7b5ea7b4ae88f3e,OK,NOT_RUN,NOT_RUN,NOT_RUN,NOT_RUN,,0,1,equivalent_tce,,,,,bit-identical machine code at -O2: no test can distinguish it
resize,ast_emitted,35de7bbf260f3b4d,cxx_arith_swap,resize_box_uint8_down.halide_generated.cpp,3741,50,operator* -> operator/,m733_cxx_arith_swap_operator_div,OK,2c9d04ec2c611e84,OK,SURVIVED,SURVIVED,NOT_RUN,NOT_RUN,,0,0,,0,1.527,,d1c42bdaf408029e,
resize,ast_emitted,301a53db35d8267c,cxx_arith_swap,resize_box_uint8_down.halide_generated.cpp,3741,50,operator* -> operator-,m732_cxx_arith_swap_operator_sub,OK,34a235c0caba5bd9,OK,SURVIVED,SURVIVED,NOT_RUN,NOT_RUN,,0,0,,0,0.627,,d1c42bdaf408029e,
resize,ast_emitted,d15d045ab7381f09,cxx_rel_swap,resize_box_uint8_down.halide_generated.cpp,3748,15,operator!= -> operator<,m740_cxx_rel_swap_operator_lt,COMPILE_FAIL,,OK,NOT_RUN,NOT_RUN,NOT_RUN,NOT_RUN,,0,0,,,,,,"the compiler rejected the mutant -- a kill category only staged compilation produces, not a test kill"
resize,ast_emitted,fab95410e56bbd57,cxx_rel_swap,resize_box_uint8_down.halide_generated.cpp,3748,15,operator!= -> operator>=,m743_cxx_rel_swap_operator_gt_eq,COMPILE_FAIL,,OK,NOT_RUN,NOT_RUN,NOT_RUN,NOT_RUN,,0,0,,,,,,"the compiler rejected the mutant -- a kill category only staged compilation produces, not a test kill"
resize,ast_emitted,3acda44a6a251fb0,cxx_arith_swap,resize_box_uint8_down.halide_generated.cpp,3747,62,operator* -> operator/,m739_cxx_arith_swap_operator_div,OK,1f8454886e238de3,OK,KILLED,KILLED,NOT_RUN,NOT_RUN,test1_demo;test2_golden,1,1,killed,-6,0.393,,<missing>,
resize,ast_emitted,3022354b88b327db,cxx_rel_swap,resize_box_uint8_down.halide_generated.cpp,3748,15,operator!= -> operator<=,m741_cxx_rel_swap_operator_lt_eq,COMPILE_FAIL,,OK,NOT_RUN,NOT_RUN,NOT_RUN,NOT_RUN,,0,0,,,,,,"the compiler rejected the mutant -- a kill category only staged compilation produces, not a test kill"
resize,ast_emitted,c5674f23cad88749,cxx_rel_swap,resize_box_uint8_down.halide_generated.cpp,3748,15,operator!= -> operator>,m742_cxx_rel_swap_operator_gt,COMPILE_FAIL,,OK,NOT_RUN,NOT_RUN,NOT_RUN,NOT_RUN,,0,0,,,,,,"the compiler rejected the mutant -- a kill category only staged compilation produces, not a test kill"
resize,ast_emitted,32a7e313dba52ef2,cxx_arith_swap,resize_box_uint8_down.halide_generated.cpp,3747,62,operator* -> operator-,m738_cxx_arith_swap_operator_sub,OK,f110bc07ff22b84f,OK,KILLED,KILLED,NOT_RUN,NOT_RUN,test1_demo;test2_golden,1,1,killed,-6,0.316,,<missing>,
resize,ast_emitted,96e4faa9993c6b11,cxx_rel_swap,resize_box_uint8_down.halide_generated.cpp,3748,15,operator!= -> operator==,m744_cxx_rel_swap_operator_eq_eq,OK,7166407973ae78e5,OK,KILLED,KILLED,NOT_RUN,NOT_RUN,test1_demo;test2_golden,1,1,killed,-6,0.187,,<missing>,
resize,ast_emitted,d816e70fc17d25fb,cxx_arith_swap,resize_box_uint8_down.halide_generated.cpp,3747,62,operator* -> operator+,m737_cxx_arith_swap_operator_add,OK,3c9b3f66923d56a8,OK,SURVIVED,SURVIVED,NOT_RUN,NOT_RUN,,0,0,,0,1.035,,d1c42bdaf408029e,
resize,ast_emitted,9d1a80cbacede01c,cxx_rel_swap,resize_box_uint8_down.halide_generated.cpp,3748,35,operator== -> operator<=,m746_cxx_rel_swap_operator_lt_eq,OK,81bcb3cc480e4d83,OK,SURVIVED,SURVIVED,NOT_RUN,NOT_RUN,,0,0,,0,0.908,,d1c42bdaf408029e,
resize,ast_emitted,447fc857410407af,cxx_rel_swap,resize_box_uint8_down.halide_generated.cpp,3748,35,operator== -> operator<,m745_cxx_rel_swap_operator_lt,OK,4f305e243f5fb932,OK,SURVIVED,SURVIVED,NOT_RUN,NOT_RUN,,0,0,,0,0.697,,d1c42bdaf408029e,
resize,ast_emitted,2d06d6ff57e4bbc2,cxx_rel_swap,resize_box_uint8_down.halide_generated.cpp,3748,35,operator== -> operator>=,m748_cxx_rel_swap_operator_gt_eq,OK,e90be82794756a5a,OK,SURVIVED,SURVIVED,NOT_RUN,NOT_RUN,,0,0,,0,0.702,,d1c42bdaf408029e,
resize,ast_emitted,63a261258af3ac6d,cxx_arith_swap,resize_box_uint8_down.halide_generated.cpp,3756,22,operator+ -> operator-,m750_cxx_arith_swap_operator_sub,OK,ef0e15b4e0adb273,OK,SURVIVED,KILLED,NOT_RUN,NOT_RUN,test2_golden,1,1,killed,0,0.608,,6ecc593fda4833a6,
resize,ast_emitted,f4f03fe2201e888d,cxx_rel_swap,resize_box_uint8_down.halide_generated.cpp,3748,35,operator== -> operator>,m747_cxx_rel_swap_operator_gt,OK,86e81b23c2e31865,OK,SURVIVED,SURVIVED,NOT_RUN,NOT_RUN,,0,0,,0,1.507,,d1c42bdaf408029e,
resize,ast_emitted,2f00f66fa3212356,cxx_rel_swap,resize_box_uint8_down.halide_generated.cpp,3748,35,operator== -> operator!=,m749_cxx_rel_swap_operator_not_eq,OK,17e9334644c96f74,OK,SURVIVED,SURVIVED,NOT_RUN,NOT_RUN,,0,0,,0,1.363,,d1c42bdaf408029e,
resize,ast_emitted,8c7bec62869095d4,cxx_arith_swap,resize_box_uint8_down.halide_generated.cpp,3756,22,operator+ -> operator/,m752_cxx_arith_swap_operator_div,OK,a03ad1325e7202db,OK,KILLED,KILLED,NOT_RUN,NOT_RUN,test1_demo;test2_golden,1,1,killed,-8,0.280,,<missing>,
resize,ast_emitted,fa20b1672757f23d,cxx_arith_swap,resize_box_uint8_down.halide_generated.cpp,3756,22,operator+ -> operator*,m751_cxx_arith_swap_operator_mul,OK,e4e5a8354e7cb726,OK,SURVIVED,SURVIVED,NOT_RUN,NOT_RUN,,0,0,,0,1.247,,d1c42bdaf408029e,
resize,ast_emitted,6abcb26afa58c48a,cxx_rel_swap,resize_box_uint8_down.halide_generated.cpp,3757,38,operator< -> operator<=,m753_cxx_rel_swap_operator_lt_eq,OK,f1bac69d35385a31,OK,KILLED,KILLED,NOT_RUN,NOT_RUN,test1_demo;test2_golden,1,1,killed,-6,0.375,,<missing>,
resize,ast_emitted,fcf005eb9bad4549,cxx_rel_swap,resize_box_uint8_down.halide_generated.cpp,3757,38,operator< -> operator>,m754_cxx_rel_swap_operator_gt,OK,64fcfa85c772cba9,OK,SURVIVED,KILLED,NOT_RUN,NOT_RUN,test2_golden,1,1,killed,0,0.939,,ba4c4ecc70ab8f98,
resize,ast_emitted,faae8175b978d827,cxx_rel_swap,resize_box_uint8_down.halide_generated.cpp,3757,38,operator< -> operator==,m756_cxx_rel_swap_operator_eq_eq,OK,22ba97425a4306d1,OK,SURVIVED,KILLED,NOT_RUN,NOT_RUN,test2_golden,1,1,killed,0,0.791,,e8d4ff6d9694f30f,
resize,ast_emitted,5858e1bbcdd3e536,cxx_rel_swap,resize_box_uint8_down.halide_generated.cpp,3757,38,operator< -> operator>=,m755_cxx_rel_swap_operator_gt_eq,OK,2addd68f93a16373,OK,SURVIVED,KILLED,NOT_RUN,NOT_RUN,test2_golden,1,1,killed,0,0.642,,7093b37f8cfbe023,
resize,ast_emitted,4be5cb0cb0389023,cxx_rel_swap,resize_box_uint8_down.halide_generated.cpp,3757,38,operator< -> operator!=,m757_cxx_rel_swap_operator_not_eq,OK,db8d138610841f78,OK,SURVIVED,SURVIVED,NOT_RUN,NOT_RUN,,0,0,,0,1.421,,d1c42bdaf408029e,
resize,ast_emitted,3db31df44ab37cd9,cxx_arith_swap,resize_box_uint8_down.halide_generated.cpp,3757,42,operator+ -> operator-,m758_cxx_arith_swap_operator_sub,OK,0622395eae1a9b28,OK,SURVIVED,KILLED,NOT_RUN,NOT_RUN,test2_golden,1,1,killed,0,1.164,,be66f2276b113611,
resize,ast_emitted,041956c2cf56d5ab,cxx_arith_swap,resize_box_uint8_down.halide_generated.cpp,3757,42,operator+ -> operator*,m759_cxx_arith_swap_operator_mul,OK,264ec7e158d9fb07,OK,SURVIVED,KILLED,NOT_RUN,NOT_RUN,test2_golden,1,1,killed,0,1.003,,1faee29e7c4c10e8,
resize,ast_emitted,2ebee98aa2f6bd2c,cxx_arith_swap,resize_box_uint8_down.halide_generated.cpp,3757,42,operator+ -> operator/,m760_cxx_arith_swap_operator_div,OK,264ec7e158d9fb07,OK,SURVIVED,KILLED,NOT_RUN,NOT_RUN,test2_golden,1,1,killed,0,1.204,,17b946a1be1181bf,
resize,ast_emitted,ddaac95d398b53ba,cxx_arith_swap,resize_box_uint8_down.halide_generated.cpp,3763,22,operator+ -> operator/,m763_cxx_arith_swap_operator_div,OK,71b5465e874a9b2b,OK,SURVIVED,KILLED,NOT_RUN,NOT_RUN,test2_golden,1,1,killed,0,0.577,,264b1f524be7a93e,
resize,ast_emitted,e36fd74965793c3a,cxx_arith_swap,resize_box_uint8_down.halide_generated.cpp,3763,22,operator+ -> operator-,m761_cxx_arith_swap_operator_sub,OK,bead146da9ea2eb9,OK,SURVIVED,KILLED,NOT_RUN,NOT_RUN,test2_golden,1,1,killed,0,0.667,,79f87877b744ebef,
resize,ast_emitted,e7ad49ebbb44d007,cxx_arith_swap,resize_box_uint8_down.halide_generated.cpp,3765,22,operator* -> operator+,m764_cxx_arith_swap_operator_add,OK,be3436ea2cc8ed61,OK,SURVIVED,SURVIVED,NOT_RUN,NOT_RUN,,0,0,,0,0.667,,d1c42bdaf408029e,
resize,ast_emitted,f75506cfd14ed151,cxx_arith_swap,resize_box_uint8_down.halide_generated.cpp,3763,22,operator+ -> operator*,m762_cxx_arith_swap_operator_mul,OK,c0bcef99d8230a86,OK,SURVIVED,KILLED,NOT_RUN,NOT_RUN,test2_golden,1,1,killed,0,1.434,,8ec19eb4e31b599f,
resize,ast_emitted,3dbd231632b2b9c2,cxx_arith_swap,resize_box_uint8_down.halide_generated.cpp,3765,22,operator* -> operator/,m766_cxx_arith_swap_operator_div,OK,f24d6ec5c8bfda3c,OK,SURVIVED,KILLED,NOT_RUN,NOT_RUN,test2_golden,1,1,killed,0,1.710,,8ec19eb4e31b599f,
resize,ast_emitted,5ee7fdc1d12c26a3,cxx_arith_swap,resize_box_uint8_down.halide_generated.cpp,3765,22,operator* -> operator-,m765_cxx_arith_swap_operator_sub,OK,3d8be5016169965b,OK,SURVIVED,KILLED,NOT_RUN,NOT_RUN,test2_golden,1,1,killed,0,1.504,,77535cfc1551c192,
resize,ast_emitted,b91b9019c936a867,cxx_arith_swap,resize_box_uint8_down.halide_generated.cpp,3774,21,operator- -> operator*,m768_cxx_arith_swap_operator_mul,OK,a4770c6798dae74d,OK,SURVIVED,KILLED,NOT_RUN,NOT_RUN,test2_golden,1,1,killed,0,1.260,,056ad73a46e53b01,
resize,ast_emitted,08d3e0330a3f445e,cxx_arith_swap,resize_box_uint8_down.halide_generated.cpp,3777,21,operator* -> operator+,m770_cxx_arith_swap_operator_add,OK,6509cdfaecdbcf64,OK,SURVIVED,KILLED,NOT_RUN,NOT_RUN,test2_golden,1,1,killed,0,0.593,,fae78e6cf3ba9624,
resize,ast_emitted,64bb7b7366ecdcb0,cxx_arith_swap,resize_box_uint8_down.halide_generated.cpp,3774,21,operator- -> operator+,m767_cxx_arith_swap_operator_add,OK,d8f4a243877885a6,OK,SURVIVED,KILLED,NOT_RUN,NOT_RUN,test2_golden,1,1,killed,0,1.614,,90146d056385bc3e,
resize,ast_emitted,fe634a3c8ce8f9a0,cxx_arith_swap,resize_box_uint8_down.halide_generated.cpp,3774,21,operator- -> operator/,m769_cxx_arith_swap_operator_div,OK,ff53f51e4b9aa3e6,OK,SURVIVED,KILLED,NOT_RUN,NOT_RUN,test2_golden,1,1,killed,0,0.730,,2f661e2b71fa1546,
resize,ast_emitted,b58f88e26efceda9,cxx_arith_swap,resize_box_uint8_down.halide_generated.cpp,3777,21,operator* -> operator-,m771_cxx_arith_swap_operator_sub,OK,a3cc3ed1165abe59,OK,SURVIVED,KILLED,NOT_RUN,NOT_RUN,test2_golden,1,1,killed,0,0.793,,34dfbdbe7c5b7e2e,
resize,ast_emitted,56b026bd17050fc6,cxx_arith_swap,resize_box_uint8_down.halide_generated.cpp,3777,21,operator* -> operator/,m772_cxx_arith_swap_operator_div,OK,b89c0c46f005657d,OK,SURVIVED,KILLED,NOT_RUN,NOT_RUN,test2_golden,1,1,killed,0,0.775,,749b4131927e5e71,
resize,ast_emitted,f840779d1372f855,cxx_arith_swap,resize_box_uint8_down.halide_generated.cpp,3779,21,operator- -> operator+,m773_cxx_arith_swap_operator_add,OK,945360e09218e5b2,OK,SURVIVED,KILLED,NOT_RUN,NOT_RUN,test2_golden,1,1,killed,0,0.871,,37d5e56d4f84ea92,
resize,ast_emitted,72a98855afa3a99f,cxx_arith_swap,resize_box_uint8_down.halide_generated.cpp,3785,21,operator- -> operator*,m777_cxx_arith_swap_operator_mul,OK,e8184602e9dddcf1,OK,SURVIVED,KILLED,NOT_RUN,NOT_RUN,test2_golden,1,1,killed,0,0.839,,79617a0a7ddcbcd6,
resize,ast_emitted,ed4f1b31e37c61c9,cxx_arith_swap,resize_box_uint8_down.halide_generated.cpp,3785,21,operator- -> operator/,m778_cxx_arith_swap_operator_div,OK,cf00cfc67b149224,OK,SURVIVED,KILLED,NOT_RUN,NOT_RUN,test2_golden,1,1,killed,0,0.602,,1e4d6abc1be11ec0,
resize,ast_emitted,57f9c3c4a81a7340,cxx_arith_swap,resize_box_uint8_down.halide_generated.cpp,3785,21,operator- -> operator+,m776_cxx_arith_swap_operator_add,OK,d8f4a243877885a6,OK,SURVIVED,KILLED,NOT_RUN,NOT_RUN,test2_golden,1,1,killed,0,1.403,,2f27bfea70f9b3e3,
resize,ast_emitted,8f51568474d5b3da,cxx_arith_swap,resize_box_uint8_down.halide_generated.cpp,3779,21,operator- -> operator*,m774_cxx_arith_swap_operator_mul,OK,40c7c1a1217e5d39,OK,SURVIVED,KILLED,NOT_RUN,NOT_RUN,test2_golden,1,1,killed,0,1.464,,90146d056385bc3e,
resize,ast_emitted,0d723efa64419573,cxx_arith_swap,resize_box_uint8_down.halide_generated.cpp,3779,21,operator- -> operator/,m775_cxx_arith_swap_operator_div,OK,ec96bd9300c360a6,OK,SURVIVED,KILLED,NOT_RUN,NOT_RUN,test2_golden,1,1,killed,0,1.283,,90146d056385bc3e,
resize,ast_emitted,9d7fae7127e8d97a,cxx_arith_swap,resize_box_uint8_down.halide_generated.cpp,3787,21,operator- -> operator+,m779_cxx_arith_swap_operator_add,OK,e80202f1657b63c6,OK,SURVIVED,KILLED,NOT_RUN,NOT_RUN,test2_golden,1,1,killed,0,1.324,,1e4d6abc1be11ec0,
resize,ast_emitted,abe93af74bedf83a,cxx_arith_swap,resize_box_uint8_down.halide_generated.cpp,3787,21,operator- -> operator/,m781_cxx_arith_swap_operator_div,OK,2ca71c34c52d0940,OK,SURVIVED,KILLED,NOT_RUN,NOT_RUN,test2_golden,1,1,killed,0,1.618,,2f27bfea70f9b3e3,
resize,ast_emitted,accb22ed4b757901,cxx_arith_swap,resize_box_uint8_down.halide_generated.cpp,3793,21,operator- -> operator*,m783_cxx_arith_swap_operator_mul,OK,089c682c77dd557f,OK,SURVIVED,KILLED,NOT_RUN,NOT_RUN,test2_golden,1,1,killed,0,0.983,,09e1d9e93c469302,
resize,ast_emitted,0e7083c0cc7b7a89,cxx_arith_swap,resize_box_uint8_down.halide_generated.cpp,3787,21,operator- -> operator*,m780_cxx_arith_swap_operator_mul,OK,7a6145b8fba34647,OK,SURVIVED,KILLED,NOT_RUN,NOT_RUN,test2_golden,1,1,killed,0,1.358,,2f27bfea70f9b3e3,
resize,ast_emitted,d257df4d2fd3f5d5,cxx_arith_swap,resize_box_uint8_down.halide_generated.cpp,3793,21,operator- -> operator/,m784_cxx_arith_swap_operator_div,OK,f495151a1b0ba4ef,OK,SURVIVED,KILLED,NOT_RUN,NOT_RUN,test2_golden,1,1,killed,0,0.812,,09e1d9e93c469302,
resize,ast_emitted,b419e1625deb5506,cxx_arith_swap,resize_box_uint8_down.halide_generated.cpp,3793,21,operator- -> operator+,m782_cxx_arith_swap_operator_add,OK,d8f4a243877885a6,OK,SURVIVED,KILLED,NOT_RUN,NOT_RUN,test2_golden,1,1,killed,0,1.341,,d041aec100cc6995,
resize,ast_emitted,fb1c11b1618799e6,cxx_arith_swap,resize_box_uint8_down.halide_generated.cpp,3795,21,operator- -> operator+,m785_cxx_arith_swap_operator_add,OK,f9bc477c570a8c4e,OK,SURVIVED,KILLED,NOT_RUN,NOT_RUN,test2_golden,1,1,killed,0,1.042,,09e1d9e93c469302,
resize,ast_emitted,17f6553d4016a3ae,cxx_arith_swap,resize_box_uint8_down.halide_generated.cpp,3795,21,operator- -> operator*,m786_cxx_arith_swap_operator_mul,OK,15ee3b4a1702776e,OK,SURVIVED,KILLED,NOT_RUN,NOT_RUN,test2_golden,1,1,killed,0,1.448,,d041aec100cc6995,
resize,ast_emitted,4f812453405abab5,cxx_arith_swap,resize_box_uint8_down.halide_generated.cpp,3801,21,operator- -> operator+,m788_cxx_arith_swap_operator_add,OK,d8f4a243877885a6,OK,SURVIVED,KILLED,NOT_RUN,NOT_RUN,test2_golden,1,1,killed,0,1.655,,0e21dddfb51bcf73,
resize,ast_emitted,bf336aa775db7466,cxx_arith_swap,resize_box_uint8_down.halide_generated.cpp,3795,21,operator- -> operator/,m787_cxx_arith_swap_operator_div,OK,13676ba61646feeb,OK,SURVIVED,KILLED,NOT_RUN,NOT_RUN,test2_golden,1,1,killed,0,1.360,,d041aec100cc6995,
resize,ast_emitted,a16e36b6b746629f,cxx_arith_swap,resize_box_uint8_down.halide_generated.cpp,3801,21,operator- -> operator/,m790_cxx_arith_swap_operator_div,OK,923bbf99dce07c0a,OK,SURVIVED,KILLED,NOT_RUN,NOT_RUN,test2_golden,1,1,killed,0,1.312,,9bc59ec7c45be1a8,
resize,ast_emitted,94e48d137afb7ebf,cxx_arith_swap,resize_box_uint8_down.halide_generated.cpp,3801,21,operator- -> operator*,m789_cxx_arith_swap_operator_mul,OK,69d53d73b1757a7a,OK,SURVIVED,KILLED,NOT_RUN,NOT_RUN,test2_golden,1,1,killed,0,1.377,,9bc59ec7c45be1a8,
resize,ast_emitted,2e55df0062030e50,cxx_arith_swap,resize_box_uint8_down.halide_generated.cpp,3803,21,operator- -> operator+,m791_cxx_arith_swap_operator_add,OK,7ec598677e99c51d,OK,SURVIVED,KILLED,NOT_RUN,NOT_RUN,test2_golden,1,1,killed,0,1.236,,9bc59ec7c45be1a8,
resize,ast_emitted,adda8a3391f19166,cxx_arith_swap,resize_box_uint8_down.halide_generated.cpp,3803,21,operator- -> operator*,m792_cxx_arith_swap_operator_mul,OK,73c8a2bf7f5e7fa6,OK,SURVIVED,KILLED,NOT_RUN,NOT_RUN,test2_golden,1,1,killed,0,1.346,,0e21dddfb51bcf73,
resize,ast_emitted,ba82eae3a5af0f8a,cxx_arith_swap,resize_box_uint8_down.halide_generated.cpp,3809,21,operator- -> operator*,m795_cxx_arith_swap_operator_mul,OK,d0413e0ffb32bdeb,OK,SURVIVED,KILLED,NOT_RUN,NOT_RUN,test2_golden,1,1,killed,0,0.958,,f0c0769b61c49629,
resize,ast_emitted,646a4711d9bc6f07,cxx_arith_swap,resize_box_uint8_down.halide_generated.cpp,3809,21,operator- -> operator+,m794_cxx_arith_swap_operator_add,OK,d8f4a243877885a6,OK,SURVIVED,KILLED,NOT_RUN,NOT_RUN,test2_golden,1,1,killed,0,1.467,,01c7aee1176ca666,
resize,ast_emitted,178cc6b02c0ab3ff,cxx_arith_swap,resize_box_uint8_down.halide_generated.cpp,3803,21,operator- -> operator/,m793_cxx_arith_swap_operator_div,OK,9a920e236151bec0,OK,SURVIVED,KILLED,NOT_RUN,NOT_RUN,test2_golden,1,1,killed,0,1.737,,0e21dddfb51bcf73,
resize,ast_emitted,a7f1e43b8868021b,cxx_arith_swap,resize_box_uint8_down.halide_generated.cpp,3809,21,operator- -> operator/,m796_cxx_arith_swap_operator_div,OK,442fbd7cb8b84b32,OK,SURVIVED,KILLED,NOT_RUN,NOT_RUN,test2_golden,1,1,killed,0,1.101,,f0c0769b61c49629,
resize,ast_emitted,84c6281bfb648bc8,cxx_arith_swap,resize_box_uint8_down.halide_generated.cpp,3811,21,operator- -> operator+,m797_cxx_arith_swap_operator_add,OK,5ed0ac0c91766352,OK,SURVIVED,KILLED,NOT_RUN,NOT_RUN,test2_golden,1,1,killed,0,0.607,,f0c0769b61c49629,
resize,ast_emitted,b264c564ffa1523c,cxx_arith_swap,resize_box_uint8_down.halide_generated.cpp,3811,21,operator- -> operator*,m798_cxx_arith_swap_operator_mul,OK,cc54f1e3394af0b8,OK,SURVIVED,KILLED,NOT_RUN,NOT_RUN,test2_golden,1,1,killed,0,1.519,,01c7aee1176ca666,
resize,ast_emitted,0dc4a53c2ece3207,cxx_arith_swap,resize_box_uint8_down.halide_generated.cpp,3817,21,operator- -> operator+,m800_cxx_arith_swap_operator_add,OK,d8f4a243877885a6,OK,SURVIVED,KILLED,NOT_RUN,NOT_RUN,test2_golden,1,1,killed,0,1.649,,6721fd0beff70cd2,
resize,ast_emitted,c94c8aed739591ee,cxx_arith_swap,resize_box_uint8_down.halide_generated.cpp,3811,21,operator- -> operator/,m799_cxx_arith_swap_operator_div,OK,7a28f52e9e2c0ecc,OK,SURVIVED,KILLED,NOT_RUN,NOT_RUN,test2_golden,1,1,killed,0,1.425,,01c7aee1176ca666,
resize,ast_emitted,511b0252ed2c05fb,cxx_arith_swap,resize_box_uint8_down.halide_generated.cpp,3817,21,operator- -> operator*,m801_cxx_arith_swap_operator_mul,OK,c9837adeeae13ee3,OK,SURVIVED,KILLED,NOT_RUN,NOT_RUN,test2_golden,1,1,killed,0,1.213,,623f82cf98dd9300,
resize,ast_emitted,bf5a646cf7be5dcc,cxx_arith_swap,resize_box_uint8_down.halide_generated.cpp,3819,22,operator- -> operator+,m803_cxx_arith_swap_operator_add,OK,64eaa6e17e145e15,OK,SURVIVED,KILLED,NOT_RUN,NOT_RUN,test2_golden,1,1,killed,0,1.357,,623f82cf98dd9300,
resize,ast_emitted,ddadd4749884e80c,cxx_arith_swap,resize_box_uint8_down.halide_generated.cpp,3817,21,operator- -> operator/,m802_cxx_arith_swap_operator_div,OK,e3a5e0d92584dd71,OK,SURVIVED,KILLED,NOT_RUN,NOT_RUN,test2_golden,1,1,killed,0,1.283,,623f82cf98dd9300,
resize,ast_emitted,db0a67215d0f2bd6,cxx_arith_swap,resize_box_uint8_down.halide_generated.cpp,3819,22,operator- -> operator/,m805_cxx_arith_swap_operator_div,OK,2658f78ab8006be9,OK,SURVIVED,KILLED,NOT_RUN,NOT_RUN,test2_golden,1,1,killed,0,1.385,,6721fd0beff70cd2,
resize,ast_emitted,c34453a07048e163,cxx_arith_swap,resize_box_uint8_down.halide_generated.cpp,3819,22,operator- -> operator*,m804_cxx_arith_swap_operator_mul,OK,77fe85a14134c3fa,OK,SURVIVED,KILLED,NOT_RUN,NOT_RUN,test2_golden,1,1,killed,0,1.414,,6721fd0beff70cd2,
resize,ast_emitted,d37289134ed7a62c,cxx_arith_swap,resize_box_uint8_down.halide_generated.cpp,3825,23,operator- -> operator+,m806_cxx_arith_swap_operator_add,OK,d8f4a243877885a6,OK,SURVIVED,KILLED,NOT_RUN,NOT_RUN,test2_golden,1,1,killed,0,1.403,,4ffe0bc975d359ab,
resize,ast_emitted,ebdd51b314b36041,cxx_arith_swap,resize_box_uint8_down.halide_generated.cpp,3825,23,operator- -> operator*,m807_cxx_arith_swap_operator_mul,OK,d4ab503f71613c8b,OK,SURVIVED,KILLED,NOT_RUN,NOT_RUN,test2_golden,1,1,killed,0,1.041,,8820dc3edeb1448a,
resize,ast_emitted,5d4b9afb151f0370,cxx_arith_swap,resize_box_uint8_down.halide_generated.cpp,3825,23,operator- -> operator/,m808_cxx_arith_swap_operator_div,OK,8a2c0208ee924a65,OK,SURVIVED,KILLED,NOT_RUN,NOT_RUN,test2_golden,1,1,killed,0,1.379,,8820dc3edeb1448a,
resize,ast_emitted,6ae187a6cc25f52f,cxx_arith_swap,resize_box_uint8_down.halide_generated.cpp,3827,23,operator- -> operator+,m809_cxx_arith_swap_operator_add,OK,dbfa9712b5bb0d52,OK,SURVIVED,KILLED,NOT_RUN,NOT_RUN,test2_golden,1,1,killed,0,1.394,,8820dc3edeb1448a,
resize,ast_emitted,a00613db7785fe5a,cxx_arith_swap,resize_box_uint8_down.halide_generated.cpp,3827,23,operator- -> operator/,m811_cxx_arith_swap_operator_div,OK,21b66f582a39c62a,OK,SURVIVED,KILLED,NOT_RUN,NOT_RUN,test2_golden,1,1,killed,0,0.618,,4ffe0bc975d359ab,
resize,ast_emitted,2c4bf302d60f36b3,cxx_arith_swap,resize_box_uint8_down.halide_generated.cpp,3827,23,operator- -> operator*,m810_cxx_arith_swap_operator_mul,OK,0d99a46e387c574d,OK,SURVIVED,KILLED,NOT_RUN,NOT_RUN,test2_golden,1,1,killed,0,1.088,,4ffe0bc975d359ab,
resize,ast_emitted,a02babe004682ffe,cxx_arith_swap,resize_box_uint8_down.halide_generated.cpp,3833,23,operator- -> operator+,m812_cxx_arith_swap_operator_add,OK,d8f4a243877885a6,OK,SURVIVED,KILLED,NOT_RUN,NOT_RUN,test2_golden,1,1,killed,0,1.393,,e5bf0f99345095a4,
resize,ast_emitted,4477163f7db84e40,cxx_arith_swap,resize_box_uint8_down.halide_generated.cpp,3833,23,operator- -> operator/,m814_cxx_arith_swap_operator_div,OK,362ef0a29e049aa7,OK,SURVIVED,KILLED,NOT_RUN,NOT_RUN,test2_golden,1,1,killed,0,1.243,,6e486aede7c5608b,
resize,ast_emitted,1ee7ba41d6c7aad8,cxx_arith_swap,resize_box_uint8_down.halide_generated.cpp,3833,23,operator- -> operator*,m813_cxx_arith_swap_operator_mul,OK,7fd5b7f1000d1c31,OK,SURVIVED,KILLED,NOT_RUN,NOT_RUN,test2_golden,1,1,killed,0,1.049,,fd1abb9f52c1e7d7,
resize,ast_emitted,4974afe7be9759c0,cxx_arith_swap,resize_box_uint8_down.halide_generated.cpp,3835,23,operator- -> operator*,m816_cxx_arith_swap_operator_mul,OK,92003c037f248742,OK,SURVIVED,KILLED,NOT_RUN,NOT_RUN,test2_golden,1,1,killed,0,1.390,,e5bf0f99345095a4,
resize,ast_emitted,c617cc05f0e7522e,cxx_arith_swap,resize_box_uint8_down.halide_generated.cpp,3835,23,operator- -> operator+,m815_cxx_arith_swap_operator_add,OK,767530f0a29d3e8b,OK,SURVIVED,KILLED,NOT_RUN,NOT_RUN,test2_golden,1,1,killed,0,1.682,,6e486aede7c5608b,
resize,ast_emitted,86a4c621fcb1a6ad,cxx_arith_swap,resize_box_uint8_down.halide_generated.cpp,3847,27,operator+ -> operator/,m820_cxx_arith_swap_operator_div,OK,291d16a8743561e7,OK,KILLED,KILLED,NOT_RUN,NOT_RUN,test1_demo;test2_golden,1,1,killed,-8,0.262,,<missing>,
resize,ast_emitted,e6148b8904bba0c7,cxx_arith_swap,resize_box_uint8_down.halide_generated.cpp,3847,27,operator+ -> operator-,m818_cxx_arith_swap_operator_sub,OK,e0d47327f9f418db,OK,SURVIVED,SURVIVED,NOT_RUN,NOT_RUN,,0,0,,0,0.685,,d1c42bdaf408029e,
resize,ast_emitted,c0e3cfc5032e606b,cxx_arith_swap,resize_box_uint8_down.halide_generated.cpp,3835,23,operator- -> operator/,m817_cxx_arith_swap_operator_div,OK,5c6cfc0183b1bc83,OK,SURVIVED,KILLED,NOT_RUN,NOT_RUN,test2_golden,1,1,killed,0,1.215,,e5bf0f99345095a4,
resize,ast_emitted,8f414f9a4d1ceab2,cxx_arith_swap,resize_box_uint8_down.halide_generated.cpp,3847,27,operator+ -> operator*,m819_cxx_arith_swap_operator_mul,OK,8cc411bdd2d8727a,OK,SURVIVED,SURVIVED,NOT_RUN,NOT_RUN,,0,0,,0,0.803,,d1c42bdaf408029e,
resize,ast_emitted,1f30fecb96be92af,cxx_arith_swap,resize_box_uint8_down.halide_generated.cpp,3849,24,operator- -> operator+,m821_cxx_arith_swap_operator_add,OK,0f1053a04ad1b6a9,OK,SURVIVED,KILLED,NOT_RUN,NOT_RUN,test2_golden,1,1,killed,0,1.212,,241bd7d17ea3d57e,
resize,ast_emitted,30c850a7f002b3e0,cxx_arith_swap,resize_box_uint8_down.halide_generated.cpp,3849,24,operator- -> operator*,m822_cxx_arith_swap_operator_mul,OK,ddbf5ff3711e4e99,OK,SURVIVED,KILLED,NOT_RUN,NOT_RUN,test2_golden,1,1,killed,0,1.439,,241bd7d17ea3d57e,
resize,ast_emitted,d30a28840fe8b45b,cxx_arith_swap,resize_box_uint8_down.halide_generated.cpp,3849,24,operator- -> operator/,m823_cxx_arith_swap_operator_div,OK,39a154deccebf4f9,OK,SURVIVED,KILLED,NOT_RUN,NOT_RUN,test2_golden,1,1,killed,0,1.171,,241bd7d17ea3d57e,
resize,ast_emitted,555409cc8a158d55,cxx_arith_swap,resize_box_uint8_down.halide_generated.cpp,3850,24,operator+ -> operator-,m824_cxx_arith_swap_operator_sub,OK,399226848dc96e8b,OK,SURVIVED,SURVIVED,NOT_RUN,NOT_RUN,,0,0,,0,1.819,,d1c42bdaf408029e,
resize,ast_emitted,765fe5218b27c09e,cxx_arith_swap,resize_box_uint8_down.halide_generated.cpp,3850,24,operator+ -> operator*,m825_cxx_arith_swap_operator_mul,OK,212862d3f5b68eba,OK,SURVIVED,SURVIVED,NOT_RUN,NOT_RUN,,0,0,,0,1.088,,d1c42bdaf408029e,
resize,ast_emitted,470118a106e91b9a,cxx_arith_swap,resize_box_uint8_down.halide_generated.cpp,3852,24,operator* -> operator+,m827_cxx_arith_swap_operator_add,OK,843379352a092b1a,OK,SURVIVED,KILLED,NOT_RUN,NOT_RUN,test2_golden,1,1,killed,0,0.893,,241bd7d17ea3d57e,
resize,ast_emitted,62b3e4f400aad7a0,cxx_arith_swap,resize_box_uint8_down.halide_generated.cpp,3850,24,operator+ -> operator/,m826_cxx_arith_swap_operator_div,OK,dd92766c29a3f529,OK,SURVIVED,SURVIVED,NOT_RUN,NOT_RUN,,0,0,,0,1.675,,d1c42bdaf408029e,
resize,ast_emitted,477a719e98f13a66,cxx_arith_swap,resize_box_uint8_down.halide_generated.cpp,3852,24,operator* -> operator-,m828_cxx_arith_swap_operator_sub,OK,e845f1cb00230a60,OK,SURVIVED,SURVIVED,NOT_RUN,NOT_RUN,,0,0,,0,1.456,,d1c42bdaf408029e,
resize,ast_emitted,4c52c06b6b58aedb,cxx_arith_swap,resize_box_uint8_down.halide_generated.cpp,3852,24,operator* -> operator/,m829_cxx_arith_swap_operator_div,OK,e49f3bfba29b0a45,OK,SURVIVED,KILLED,NOT_RUN,NOT_RUN,test2_golden,1,1,killed,0,1.191,,241bd7d17ea3d57e,
resize,ast_emitted,60cb4adeda7a9eb2,cxx_arith_swap,resize_box_uint8_down.halide_generated.cpp,3867,27,operator+ -> operator/,m832_cxx_arith_swap_operator_div,OK,020662c835a8681b,OK,KILLED,KILLED,NOT_RUN,NOT_RUN,test1_demo;test2_golden,1,1,killed,-8,0.396,,<missing>,
resize,ast_emitted,66fa6073668b7a3f,cxx_arith_swap,resize_box_uint8_down.halide_generated.cpp,3867,27,operator+ -> operator-,m830_cxx_arith_swap_operator_sub,OK,de986e1d12c25515,OK,SURVIVED,SURVIVED,NOT_RUN,NOT_RUN,,0,0,,0,0.697,,d1c42bdaf408029e,
resize,ast_emitted,7e014732c9bf1efa,cxx_arith_swap,resize_box_uint8_down.halide_generated.cpp,3867,27,operator+ -> operator*,m831_cxx_arith_swap_operator_mul,OK,cdb5c678ac3f7738,OK,SURVIVED,KILLED,NOT_RUN,NOT_RUN,test2_golden,1,1,killed,0,1.382,,3a8e10944237a110,
resize,ast_emitted,247f252772c84ef4,cxx_arith_swap,resize_box_uint8_down.halide_generated.cpp,3869,24,operator- -> operator+,m833_cxx_arith_swap_operator_add,OK,dc3fe494fac7458e,OK,SURVIVED,SURVIVED,NOT_RUN,NOT_RUN,,0,0,,0,0.842,,d1c42bdaf408029e,
resize,ast_emitted,ec66b2915901ac42,cxx_arith_swap,resize_box_uint8_down.halide_generated.cpp,3869,24,operator- -> operator/,m835_cxx_arith_swap_operator_div,OK,c2c25623cd00442d,OK,SURVIVED,SURVIVED,NOT_RUN,NOT_RUN,,0,0,,0,1.431,,d1c42bdaf408029e,
resize,ast_emitted,89b0bcda2d07989b,cxx_arith_swap,resize_box_uint8_down.halide_generated.cpp,3870,24,operator+ -> operator/,m838_cxx_arith_swap_operator_div,OK,cea531e4b5f672c7,OK,SURVIVED,KILLED,NOT_RUN,NOT_RUN,test2_golden,1,1,killed,0,0.888,,7665af759eb31934,
resize,ast_emitted,58e4e51b954d662c,cxx_arith_swap,resize_box_uint8_down.halide_generated.cpp,3869,24,operator- -> operator*,m834_cxx_arith_swap_operator_mul,OK,139d1842906c86d5,OK,SURVIVED,SURVIVED,NOT_RUN,NOT_RUN,,0,0,,0,1.463,,d1c42bdaf408029e,
resize,ast_emitted,05d7d50f227cbba2,cxx_arith_swap,resize_box_uint8_down.halide_generated.cpp,3870,24,operator+ -> operator-,m836_cxx_arith_swap_operator_sub,OK,2802fcfc6450f194,OK,SURVIVED,KILLED,NOT_RUN,NOT_RUN,test2_golden,1,1,killed,0,0.877,,7665af759eb31934,
resize,ast_emitted,03bb27160c66915d,cxx_arith_swap,resize_box_uint8_down.halide_generated.cpp,3870,24,operator+ -> operator*,m837_cxx_arith_swap_operator_mul,OK,13014c33c78a3d03,OK,SURVIVED,SURVIVED,NOT_RUN,NOT_RUN,,0,0,,0,0.806,,d1c42bdaf408029e,
resize,ast_emitted,60bd5a977694cc62,cxx_arith_swap,resize_box_uint8_down.halide_generated.cpp,3871,24,operator* -> operator+,m839_cxx_arith_swap_operator_add,OK,35e6a16a580a713c,OK,SURVIVED,SURVIVED,NOT_RUN,NOT_RUN,,0,0,,0,1.356,,d1c42bdaf408029e,
resize,ast_emitted,cf044a2bbfa80536,cxx_arith_swap,resize_box_uint8_down.halide_generated.cpp,3871,24,operator* -> operator/,m841_cxx_arith_swap_operator_div,OK,8049da7a423fb25c,OK,SURVIVED,KILLED,NOT_RUN,NOT_RUN,test2_golden,1,1,killed,0,0.791,,7665af759eb31934,
resize,ast_emitted,559eab5fa152647c,cxx_arith_swap,resize_box_uint8_down.halide_generated.cpp,3872,23,operator- -> operator*,m843_cxx_arith_swap_operator_mul,OK,18625d49a44c3e7d,OK,SURVIVED,SURVIVED,NOT_RUN,NOT_RUN,,0,0,,0,0.775,,d1c42bdaf408029e,
resize,ast_emitted,3816b815cf75f5db,cxx_arith_swap,resize_box_uint8_down.halide_generated.cpp,3871,24,operator* -> operator-,m840_cxx_arith_swap_operator_sub,OK,b6579c46cfb57b50,OK,SURVIVED,KILLED,NOT_RUN,NOT_RUN,test2_golden,1,1,killed,0,1.364,,7665af759eb31934,
resize,ast_emitted,32ff8ec9eab650b5,cxx_arith_swap,resize_box_uint8_down.halide_generated.cpp,3872,23,operator- -> operator+,m842_cxx_arith_swap_operator_add,OK,a041e14e72421157,OK,SURVIVED,SURVIVED,NOT_RUN,NOT_RUN,,0,0,,0,1.269,,d1c42bdaf408029e,
resize,ast_emitted,a22997ec32af549c,cxx_arith_swap,resize_box_uint8_down.halide_generated.cpp,3872,23,operator- -> operator/,m844_cxx_arith_swap_operator_div,OK,a2289e84b7e862a9,OK,SURVIVED,SURVIVED,NOT_RUN,NOT_RUN,,0,0,,0,1.556,,d1c42bdaf408029e,
resize,ast_emitted,2b11a0e88e81e1d2,cxx_arith_swap,resize_box_uint8_down.halide_generated.cpp,3887,27,operator+ -> operator-,m845_cxx_arith_swap_operator_sub,OK,224eaf5ab4d448ce,OK,SURVIVED,SURVIVED,NOT_RUN,NOT_RUN,,0,0,,0,0.770,,d1c42bdaf408029e,
resize,ast_emitted,738f94fd3ffd4762,cxx_arith_swap,resize_box_uint8_down.halide_generated.cpp,3887,27,operator+ -> operator/,m847_cxx_arith_swap_operator_div,OK,164fc83bbf65a008,OK,KILLED,KILLED,NOT_RUN,NOT_RUN,test1_demo;test2_golden,1,1,killed,-8,0.134,,<missing>,
resize,ast_emitted,0d1a35a23dd5c576,cxx_arith_swap,resize_box_uint8_down.halide_generated.cpp,3889,24,operator- -> operator+,m848_cxx_arith_swap_operator_add,OK,c729cc870460055e,OK,SURVIVED,SURVIVED,NOT_RUN,NOT_RUN,,0,0,,0,0.695,,d1c42bdaf408029e,
resize,ast_emitted,05b02839fac44b15,cxx_arith_swap,resize_box_uint8_down.halide_generated.cpp,3887,27,operator+ -> operator*,m846_cxx_arith_swap_operator_mul,OK,a57424959f8583e8,OK,SURVIVED,SURVIVED,NOT_RUN,NOT_RUN,,0,0,,0,1.461,,d1c42bdaf408029e,
resize,ast_emitted,3ff070cf17b9de99,cxx_arith_swap,resize_box_uint8_down.halide_generated.cpp,3889,24,operator- -> operator/,m850_cxx_arith_swap_operator_div,OK,b26dc319559f0c23,OK,SURVIVED,SURVIVED,NOT_RUN,NOT_RUN,,0,0,,0,1.117,,d1c42bdaf408029e,
resize,ast_emitted,f55e2ccb2050c8e6,cxx_arith_swap,resize_box_uint8_down.halide_generated.cpp,3889,24,operator- -> operator*,m849_cxx_arith_swap_operator_mul,OK,31db262e126b557a,OK,SURVIVED,SURVIVED,NOT_RUN,NOT_RUN,,0,0,,0,1.467,,d1c42bdaf408029e,
resize,ast_emitted,20fde1cd1f247c59,cxx_arith_swap,resize_box_uint8_down.halide_generated.cpp,3890,24,operator+ -> operator*,m852_cxx_arith_swap_operator_mul,OK,a4ef31178daddc07,OK,SURVIVED,SURVIVED,NOT_RUN,NOT_RUN,,0,0,,0,0.667,,d1c42bdaf408029e,
resize,ast_emitted,f236f0ec114fb5b5,cxx_arith_swap,resize_box_uint8_down.halide_generated.cpp,3890,24,operator+ -> operator-,m851_cxx_arith_swap_operator_sub,OK,da349438059cb86d,OK,SURVIVED,SURVIVED,NOT_RUN,NOT_RUN,,0,0,,0,1.576,,d1c42bdaf408029e,
resize,ast_emitted,c44dd9502a19860b,cxx_arith_swap,resize_box_uint8_down.halide_generated.cpp,3890,24,operator+ -> operator/,m853_cxx_arith_swap_operator_div,OK,80660b46c2da6c04,OK,SURVIVED,SURVIVED,NOT_RUN,NOT_RUN,,0,0,,0,1.387,,d1c42bdaf408029e,
resize,ast_emitted,314ac5c99220cb35,cxx_arith_swap,resize_box_uint8_down.halide_generated.cpp,3897,30,operator* -> operator-,m858_cxx_arith_swap_operator_sub,OK,0af4699d87fe5132,OK,KILLED,KILLED,NOT_RUN,NOT_RUN,test1_demo;test2_golden,1,1,killed,-11,0.259,,<missing>,
resize,ast_emitted,a4ea850a98d8d391,cxx_arith_swap,resize_box_uint8_down.halide_generated.cpp,3897,30,operator* -> operator+,m857_cxx_arith_swap_operator_add,OK,fa0f38d1c73ae5ae,OK,SURVIVED,KILLED,NOT_RUN,NOT_RUN,test2_golden,1,1,killed,0,0.679,,1923a9822c98efae,
resize,ast_emitted,80b3cfb79ec00630,cxx_arith_swap,resize_box_uint8_down.halide_generated.cpp,3891,24,operator* -> operator-,m855_cxx_arith_swap_operator_sub,OK,fd48828b6f5c7100,OK,SURVIVED,SURVIVED,NOT_RUN,NOT_RUN,,0,0,,0,1.168,,d1c42bdaf408029e,
resize,ast_emitted,497a2c79814ea73f,cxx_arith_swap,resize_box_uint8_down.halide_generated.cpp,3891,24,operator* -> operator+,m854_cxx_arith_swap_operator_add,OK,1302524de0838c1d,OK,SURVIVED,SURVIVED,NOT_RUN,NOT_RUN,,0,0,,0,1.354,,d1c42bdaf408029e,
resize,ast_emitted,cbc61b7308eddd35,cxx_arith_swap,resize_box_uint8_down.halide_generated.cpp,3891,24,operator* -> operator/,m856_cxx_arith_swap_operator_div,OK,592665f34419dd61,OK,SURVIVED,SURVIVED,NOT_RUN,NOT_RUN,,0,0,,0,0.831,,d1c42bdaf408029e,
resize,ast_emitted,58737518b43ff42f,cxx_arith_swap,resize_box_uint8_down.halide_generated.cpp,3897,30,operator* -> operator/,m859_cxx_arith_swap_operator_div,OK,fcc77ca4dca205a6,OK,SURVIVED,KILLED,NOT_RUN,NOT_RUN,test2_golden,1,1,killed,0,0.746,,096e7dedbbd93048,
resize,ast_emitted,bcc2f8b408a3a49b,cxx_rel_swap,resize_box_uint8_down.halide_generated.cpp,3910,68,operator< -> operator>,m861_cxx_rel_swap_operator_gt,OK,672c471fff15a7b0,OK,SURVIVED,KILLED,NOT_RUN,NOT_RUN,test2_golden,1,1,killed,0,0.663,,f7a9fcc31b021ea7,
resize,ast_emitted,6c54fe92493a0c83,cxx_rel_swap,resize_box_uint8_down.halide_generated.cpp,3910,68,operator< -> operator<=,m860_cxx_rel_swap_operator_lt_eq,OK,e00cd29edc20bfbc,OK,SURVIVED,KILLED,NOT_RUN,NOT_RUN,test2_golden,1,1,killed,0,1.363,,c3f713bc84c16f48,
resize,ast_emitted,2ecedef928e19bbc,cxx_rel_swap,resize_box_uint8_down.halide_generated.cpp,3910,68,operator< -> operator==,m863_cxx_rel_swap_operator_eq_eq,OK,ae527ecaa70e0e85,OK,SURVIVED,KILLED,NOT_RUN,NOT_RUN,test2_golden,1,1,killed,0,0.526,,f7a9fcc31b021ea7,
resize,ast_emitted,3962dafef47c8cb2,cxx_rel_swap,resize_box_uint8_down.halide_generated.cpp,3910,68,operator< -> operator>=,m862_cxx_rel_swap_operator_gt_eq,OK,67a5413b2d4ae303,OK,SURVIVED,KILLED,NOT_RUN,NOT_RUN,test2_golden,1,1,killed,0,0.802,,f7a9fcc31b021ea7,
resize,ast_emitted,58b89c392da78608,cxx_arith_swap,resize_box_uint8_down.halide_generated.cpp,3910,72,operator+ -> operator-,m865_cxx_arith_swap_operator_sub,OK,ff031da40e674a41,OK,SURVIVED,KILLED,NOT_RUN,NOT_RUN,test2_golden,1,1,killed,0,0.716,,f7a9fcc31b021ea7,
resize,ast_emitted,e10f4c6f5763e210,cxx_arith_swap,resize_box_uint8_down.halide_generated.cpp,3910,72,operator+ -> operator*,m866_cxx_arith_swap_operator_mul,OK,a325b6a70f9a7cb7,OK,SURVIVED,KILLED,NOT_RUN,NOT_RUN,test2_golden,1,1,killed,0,0.648,,f7a9fcc31b021ea7,
resize,ast_emitted,570d6b88fe6e5927,cxx_rel_swap,resize_box_uint8_down.halide_generated.cpp,3910,68,operator< -> operator!=,m864_cxx_rel_swap_operator_not_eq,OK,ccc12971d319b7ec,OK,SURVIVED,SURVIVED,NOT_RUN,NOT_RUN,,0,0,,0,1.192,,d1c42bdaf408029e,
resize,ast_emitted,284fa2e07e826da2,cxx_arith_swap,resize_box_uint8_down.halide_generated.cpp,3913,46,operator* -> operator-,m869_cxx_arith_swap_operator_sub,OK,903d438e16f6556c,OK,SURVIVED,KILLED,NOT_RUN,NOT_RUN,test2_golden,1,1,killed,0,0.422,,64004a2227b7a043,
resize,ast_emitted,bcdaa022b778f979,cxx_arith_swap,resize_box_uint8_down.halide_generated.cpp,3910,72,operator+ -> operator/,m867_cxx_arith_swap_operator_div,OK,a325b6a70f9a7cb7,OK,SURVIVED,KILLED,NOT_RUN,NOT_RUN,test2_golden,1,1,killed,0,0.699,,f7a9fcc31b021ea7,
resize,ast_emitted,c2aa16b06e6b0efb,cxx_arith_swap,resize_box_uint8_down.halide_generated.cpp,3913,46,operator* -> operator+,m868_cxx_arith_swap_operator_add,OK,bcea00463e113af8,OK,SURVIVED,KILLED,NOT_RUN,NOT_RUN,test2_golden,1,1,killed,0,0.701,,e563e7f90bb9e247,
resize,ast_emitted,69d608a5e44a52bd,cxx_arith_swap,resize_box_uint8_down.halide_generated.cpp,3915,26,operator+ -> operator/,m873_cxx_arith_swap_operator_div,OK,7311a88510386812,OK,SURVIVED,KILLED,NOT_RUN,NOT_RUN,test2_golden,1,1,killed,0,0.278,,f7a9fcc31b021ea7,
resize,ast_emitted,c1939caf436cec01,cxx_arith_swap,resize_box_uint8_down.halide_generated.cpp,3915,26,operator+ -> operator*,m872_cxx_arith_swap_operator_mul,OK,6421a6c6b5b9fb5e,OK,SURVIVED,KILLED,NOT_RUN,NOT_RUN,test2_golden,1,1,killed,0,0.276,,f7a9fcc31b021ea7,
resize,ast_emitted,6c55f8b3ed8fbef9,cxx_arith_swap,resize_box_uint8_down.halide_generated.cpp,3915,26,operator+ -> operator-,m871_cxx_arith_swap_operator_sub,OK,260096d5321e1e0e,OK,SURVIVED,KILLED,NOT_RUN,NOT_RUN,test2_golden,1,1,killed,0,0.679,,b3cbffd4ff0f1b24,
resize,ast_emitted,ae362dcffe000c63,cxx_arith_swap,resize_box_uint8_down.halide_generated.cpp,3913,46,operator* -> operator/,m870_cxx_arith_swap_operator_div,OK,349609d97a2ac992,OK,SURVIVED,SURVIVED,NOT_RUN,NOT_RUN,,0,0,,0,0.626,,d1c42bdaf408029e,
resize,ast_emitted,df42f882edeb9148,cxx_rel_swap,resize_box_uint8_down.halide_generated.cpp,3924,39,operator< -> operator>,m875_cxx_rel_swap_operator_gt,OK,00d4fcbd503b9438,OK,SURVIVED,KILLED,NOT_RUN,NOT_RUN,test2_golden,1,1,killed,0,0.679,,1cbde9c78bb5c8f6,
resize,ast_emitted,89cf3d5fb24704f8,cxx_rel_swap,resize_box_uint8_down.halide_generated.cpp,3924,39,operator< -> operator<=,m874_cxx_rel_swap_operator_lt_eq,OK,4579ef54da69e548,OK,SURVIVED,SURVIVED,NOT_RUN,NOT_RUN,,0,0,,0,0.645,,d1c42bdaf408029e,
resize,ast_emitted,e8c3b23c8d67782f,cxx_rel_swap,resize_box_uint8_down.halide_generated.cpp,3924,39,operator< -> operator>=,m876_cxx_rel_swap_operator_gt_eq,OK,eb7779670d07a61a,OK,SURVIVED,KILLED,NOT_RUN,NOT_RUN,test2_golden,1,1,killed,0,1.163,,384a44555ba9ac0b,
resize,ast_emitted,6acbf4cfad024a1f,cxx_arith_swap,resize_box_uint8_down.halide_generated.cpp,3924,43,operator+ -> operator-,m879_cxx_arith_swap_operator_sub,OK,9d1f7ccc51d6a96b,OK,SURVIVED,KILLED,NOT_RUN,NOT_RUN,test2_golden,1,1,killed,0,0.887,,f03504198bd3b5d1,
resize,ast_emitted,b970f08bc209b8e9,cxx_rel_swap,resize_box_uint8_down.halide_generated.cpp,3924,39,operator< -> operator!=,m878_cxx_rel_swap_operator_not_eq,OK,2bc65f78161aba6a,OK,SURVIVED,SURVIVED,NOT_RUN,NOT_RUN,,0,0,,0,0.742,,d1c42bdaf408029e,
resize,ast_emitted,2c0132928fbcd53a,cxx_rel_swap,resize_box_uint8_down.halide_generated.cpp,3924,39,operator< -> operator==,m877_cxx_rel_swap_operator_eq_eq,OK,4cdc9b9f3b9367d5,OK,SURVIVED,KILLED,NOT_RUN,NOT_RUN,test2_golden,1,1,killed,0,1.199,,f11b8380781aa62c,
resize,ast_emitted,7d4f683e13b75f06,cxx_arith_swap,resize_box_uint8_down.halide_generated.cpp,3924,43,operator+ -> operator/,m881_cxx_arith_swap_operator_div,OK,2f6a6e60a37a7ff8,OK,SURVIVED,KILLED,NOT_RUN,NOT_RUN,test2_golden,1,1,killed,0,0.830,,7e026723cd65d242,
resize,ast_emitted,3f6317f46c6478d0,cxx_arith_swap,resize_box_uint8_down.halide_generated.cpp,3924,43,operator+ -> operator*,m880_cxx_arith_swap_operator_mul,OK,2f6a6e60a37a7ff8,OK,SURVIVED,KILLED,NOT_RUN,NOT_RUN,test2_golden,1,1,killed,0,1.011,,47e48b835a20ac22,
resize,ast_emitted,6b32e709b85cd4ce,cxx_arith_swap,resize_box_uint8_down.halide_generated.cpp,3926,31,operator* -> operator-,m883_cxx_arith_swap_operator_sub,OK,fec0422cccb9a21e,OK,KILLED,KILLED,NOT_RUN,NOT_RUN,test1_demo;test2_golden,1,1,killed,-11,0.173,,<missing>,
resize,ast_emitted,1f3f3f57282f6914,cxx_arith_swap,resize_box_uint8_down.halide_generated.cpp,3926,31,operator* -> operator+,m882_cxx_arith_swap_operator_add,OK,65847ddfa743e916,OK,SURVIVED,KILLED,NOT_RUN,NOT_RUN,test2_golden,1,1,killed,0,0.603,,2d73bcc9c297c88e,
resize,ast_emitted,6f2c2b26cc17cf0c,cxx_arith_swap,resize_box_uint8_down.halide_generated.cpp,3929,25,operator/ -> operator-,m886_cxx_arith_swap_operator_sub,OK,d90c6777e7562e02,OK,SURVIVED,KILLED,NOT_RUN,NOT_RUN,test2_golden,1,1,killed,0,0.310,,b3cbffd4ff0f1b24,
resize,ast_emitted,1f1c7a935986449c,cxx_arith_swap,resize_box_uint8_down.halide_generated.cpp,3926,31,operator* -> operator/,m884_cxx_arith_swap_operator_div,OK,1fd583833ae8e060,OK,SURVIVED,KILLED,NOT_RUN,NOT_RUN,test2_golden,1,1,killed,0,0.733,,2f1567378a24f277,
resize,ast_emitted,44adec364bd285c1,cxx_arith_swap,resize_box_uint8_down.halide_generated.cpp,3929,25,operator/ -> operator+,m885_cxx_arith_swap_operator_add,OK,40b151b2a97c3fff,OK,SURVIVED,KILLED,NOT_RUN,NOT_RUN,test2_golden,1,1,killed,0,1.235,,ab2e544347b6add6,
resize,ast_emitted,7d132b9c0fa6bf41,cxx_arith_swap,resize_box_uint8_down.halide_generated.cpp,3937,24,operator* -> operator+,m888_cxx_arith_swap_operator_add,OK,28378f402ca6562b,OK,KILLED,KILLED,NOT_RUN,NOT_RUN,test1_demo;test2_golden,1,1,killed,-6,0.135,,<missing>,
resize,ast_emitted,5f6b1c01669de052,cxx_arith_swap,resize_box_uint8_down.halide_generated.cpp,3937,24,operator* -> operator-,m889_cxx_arith_swap_operator_sub,OK,62583853ce8fca9a,OK,KILLED,KILLED,NOT_RUN,NOT_RUN,test1_demo;test2_golden,1,1,killed,-6,0.226,,<missing>,
resize,ast_emitted,8b340074d97a3be7,cxx_arith_swap,resize_box_uint8_down.halide_generated.cpp,3937,24,operator* -> operator/,m890_cxx_arith_swap_operator_div,OK,38d9c9acc0a7bb12,OK,KILLED,KILLED,NOT_RUN,NOT_RUN,test1_demo;test2_golden,1,1,killed,-11,0.239,,<missing>,
resize,ast_emitted,60416c3f9c7c7778,cxx_rel_swap,resize_box_uint8_down.halide_generated.cpp,3938,25,operator> -> operator<,m891_cxx_rel_swap_operator_lt,OK,b7b5ea7b4ae88f3e,OK,NOT_RUN,NOT_RUN,NOT_RUN,NOT_RUN,,0,1,equivalent_tce,,,,,bit-identical machine code at -O2: no test can distinguish it
resize,ast_emitted,f8210f30e25d4297,cxx_rel_swap,resize_box_uint8_down.halide_generated.cpp,3938,25,operator> -> operator>=,m893_cxx_rel_swap_operator_gt_eq,OK,b7b5ea7b4ae88f3e,OK,NOT_RUN,NOT_RUN,NOT_RUN,NOT_RUN,,0,1,equivalent_tce,,,,,bit-identical machine code at -O2: no test can distinguish it
resize,ast_emitted,28df6e8a087510ee,cxx_rel_swap,resize_box_uint8_down.halide_generated.cpp,3938,25,operator> -> operator==,m894_cxx_rel_swap_operator_eq_eq,OK,b7b5ea7b4ae88f3e,OK,NOT_RUN,NOT_RUN,NOT_RUN,NOT_RUN,,0,1,equivalent_tce,,,,,bit-identical machine code at -O2: no test can distinguish it
resize,ast_emitted,36ae95a374dd0994,cxx_arith_swap,resize_box_uint8_down.halide_generated.cpp,3929,25,operator/ -> operator*,m887_cxx_arith_swap_operator_mul,OK,48865a79809cdcbb,OK,SURVIVED,KILLED,NOT_RUN,NOT_RUN,test2_golden,1,1,killed,0,0.712,,3dfb267b75827fe1,
resize,ast_emitted,1ae6436808283189,cxx_rel_swap,resize_box_uint8_down.halide_generated.cpp,3938,25,operator> -> operator<=,m892_cxx_rel_swap_operator_lt_eq,OK,b7b5ea7b4ae88f3e,OK,NOT_RUN,NOT_RUN,NOT_RUN,NOT_RUN,,0,1,equivalent_tce,,,,,bit-identical machine code at -O2: no test can distinguish it
resize,ast_emitted,61b7d7b934b22b43,cxx_rel_swap,resize_box_uint8_down.halide_generated.cpp,3938,25,operator> -> operator!=,m895_cxx_rel_swap_operator_not_eq,OK,b7b5ea7b4ae88f3e,OK,NOT_RUN,NOT_RUN,NOT_RUN,NOT_RUN,,0,1,equivalent_tce,,,,,bit-identical machine code at -O2: no test can distinguish it
resize,ast_emitted,cc319975e301094e,cxx_arith_swap,resize_box_uint8_down.halide_generated.cpp,3938,47,operator- -> operator+,m896_cxx_arith_swap_operator_add,OK,b7b5ea7b4ae88f3e,OK,NOT_RUN,NOT_RUN,NOT_RUN,NOT_RUN,,0,1,equivalent_tce,,,,,bit-identical machine code at -O2: no test can distinguish it
resize,ast_emitted,11f9df85de1a585f,cxx_arith_swap,resize_box_uint8_down.halide_generated.cpp,3938,47,operator- -> operator/,m898_cxx_arith_swap_operator_div,OK,b7b5ea7b4ae88f3e,OK,NOT_RUN,NOT_RUN,NOT_RUN,NOT_RUN,,0,1,equivalent_tce,,,,,bit-identical machine code at -O2: no test can distinguish it
resize,ast_emitted,0bd4523990b854a5,cxx_arith_swap,resize_box_uint8_down.halide_generated.cpp,3938,47,operator- -> operator*,m897_cxx_arith_swap_operator_mul,OK,b7b5ea7b4ae88f3e,OK,NOT_RUN,NOT_RUN,NOT_RUN,NOT_RUN,,0,1,equivalent_tce,,,,,bit-identical machine code at -O2: no test can distinguish it
resize,ast_emitted,d74d4707042a164a,cxx_rel_swap,resize_box_uint8_down.halide_generated.cpp,3939,14,operator> -> operator>=,m904_cxx_rel_swap_operator_gt_eq,OK,b7b5ea7b4ae88f3e,OK,NOT_RUN,NOT_RUN,NOT_RUN,NOT_RUN,,0,1,equivalent_tce,,,,,bit-identical machine code at -O2: no test can distinguish it
resize,ast_emitted,324083eddc4f2258,cxx_rel_swap,resize_box_uint8_down.halide_generated.cpp,3939,14,operator> -> operator<,m902_cxx_rel_swap_operator_lt,OK,90b86b2e12aac65c,OK,KILLED,KILLED,NOT_RUN,NOT_RUN,test1_demo;test2_golden,1,1,killed,-6,0.130,,<missing>,
resize,ast_emitted,444b848245eec936,cxx_rel_swap,resize_box_uint8_down.halide_generated.cpp,3939,14,operator> -> operator<=,m903_cxx_rel_swap_operator_lt_eq,OK,90b86b2e12aac65c,OK,KILLED,KILLED,NOT_RUN,NOT_RUN,test1_demo;test2_golden,1,1,killed,-6,0.383,,<missing>,
resize,ast_emitted,c09f590ce36e66a9,cxx_arith_swap,resize_box_uint8_down.halide_generated.cpp,3938,68,operator* -> operator/,m901_cxx_arith_swap_operator_div,OK,b7b5ea7b4ae88f3e,OK,NOT_RUN,NOT_RUN,NOT_RUN,NOT_RUN,,0,1,equivalent_tce,,,,,bit-identical machine code at -O2: no test can distinguish it
resize,ast_emitted,9c59c7000e149935,cxx_arith_swap,resize_box_uint8_down.halide_generated.cpp,3938,68,operator* -> operator-,m900_cxx_arith_swap_operator_sub,OK,b1ed6a17c5c26122,OK,SURVIVED,SURVIVED,NOT_RUN,NOT_RUN,,0,0,,0,1.328,,d1c42bdaf408029e,
resize,ast_emitted,056ad834ce96833a,cxx_rel_swap,resize_box_uint8_down.halide_generated.cpp,3939,14,operator> -> operator!=,m906_cxx_rel_swap_operator_not_eq,OK,90b86b2e12aac65c,OK,KILLED,KILLED,NOT_RUN,NOT_RUN,test1_demo;test2_golden,1,1,killed,-6,0.381,,<missing>,
resize,ast_emitted,24bfe43199acf3e0,cxx_arith_swap,resize_box_uint8_down.halide_generated.cpp,3938,68,operator* -> operator+,m899_cxx_arith_swap_operator_add,OK,f4fdaa45c09bc0e6,OK,SURVIVED,SURVIVED,NOT_RUN,NOT_RUN,,0,0,,0,1.596,,d1c42bdaf408029e,
resize,ast_emitted,d6ae9d955436f3d7,cxx_arith_swap,resize_box_uint8_down.halide_generated.cpp,3939,36,operator- -> operator*,m908_cxx_arith_swap_operator_mul,OK,5bec2f0e33664322,OK,SURVIVED,SURVIVED,NOT_RUN,NOT_RUN,,0,0,,0,1.517,,d1c42bdaf408029e,
resize,ast_emitted,a8a26373b80844cd,cxx_rel_swap,resize_box_uint8_down.halide_generated.cpp,3939,70,operator> -> operator<,m910_cxx_rel_swap_operator_lt,OK,820d88a6df569092,OK,KILLED,KILLED,NOT_RUN,NOT_RUN,test1_demo;test2_golden,1,1,killed,-6,0.372,,<missing>,
resize,ast_emitted,ce851bcb7435048b,cxx_rel_swap,resize_box_uint8_down.halide_generated.cpp,3939,14,operator> -> operator==,m905_cxx_rel_swap_operator_eq_eq,OK,db30ade333b24d2d,OK,SURVIVED,SURVIVED,NOT_RUN,NOT_RUN,,0,0,,0,1.909,,d1c42bdaf408029e,
resize,ast_emitted,8f5616d9bc5996bb,cxx_rel_swap,resize_box_uint8_down.halide_generated.cpp,3939,70,operator> -> operator<=,m911_cxx_rel_swap_operator_lt_eq,OK,b103ac8280c78d30,OK,KILLED,KILLED,NOT_RUN,NOT_RUN,test1_demo;test2_golden,1,1,killed,-6,0.278,,<missing>,
resize,ast_emitted,e80da1dd13a99530,cxx_arith_swap,resize_box_uint8_down.halide_generated.cpp,3939,36,operator- -> operator+,m907_cxx_arith_swap_operator_add,OK,5bec2f0e33664322,OK,SURVIVED,SURVIVED,NOT_RUN,NOT_RUN,,0,0,,0,1.302,,d1c42bdaf408029e,
resize,ast_emitted,a55835742178006d,cxx_arith_swap,resize_box_uint8_down.halide_generated.cpp,3939,36,operator- -> operator/,m909_cxx_arith_swap_operator_div,OK,5bec2f0e33664322,OK,SURVIVED,SURVIVED,NOT_RUN,NOT_RUN,,0,0,,0,0.694,,d1c42bdaf408029e,
resize,ast_emitted,14166142baa3b702,cxx_rel_swap,resize_box_uint8_down.halide_generated.cpp,3939,70,operator> -> operator!=,m914_cxx_rel_swap_operator_not_eq,OK,90b86b2e12aac65c,OK,KILLED,KILLED,NOT_RUN,NOT_RUN,test1_demo;test2_golden,1,1,killed,-6,0.261,,<missing>,
resize,ast_emitted,38c867a266cb6fc3,cxx_rel_swap,resize_box_uint8_down.halide_generated.cpp,3939,70,operator> -> operator>=,m912_cxx_rel_swap_operator_gt_eq,OK,d64dcf4c893c7975,OK,SURVIVED,SURVIVED,NOT_RUN,NOT_RUN,,0,0,,0,0.759,,d1c42bdaf408029e,
resize,ast_emitted,01b3abfd9af50b5a,cxx_rel_swap,resize_box_uint8_down.halide_generated.cpp,3939,70,operator> -> operator==,m913_cxx_rel_swap_operator_eq_eq,OK,c136bb666a5a8a48,OK,SURVIVED,SURVIVED,NOT_RUN,NOT_RUN,,0,0,,0,1.462,,d1c42bdaf408029e,
resize,ast_emitted,3490b4581590b3b7,cxx_arith_swap,resize_box_uint8_down.halide_generated.cpp,3939,52,operator* -> operator+,m915_cxx_arith_swap_operator_add,OK,e3bdb7abe4af8b79,OK,SURVIVED,SURVIVED,NOT_RUN,NOT_RUN,,0,0,,0,1.378,,d1c42bdaf408029e,
resize,ast_emitted,45dad051370b1a37,cxx_arith_swap,resize_box_uint8_down.halide_generated.cpp,3939,52,operator* -> operator-,m916_cxx_arith_swap_operator_sub,OK,225b9170c8d451a8,OK,SURVIVED,SURVIVED,NOT_RUN,NOT_RUN,,0,0,,0,1.735,,d1c42bdaf408029e,
resize,ast_emitted,4071b50c516d7148,cxx_arith_swap,resize_box_uint8_down.halide_generated.cpp,3939,52,operator* -> operator/,m917_cxx_arith_swap_operator_div,OK,4374a8958f7f9438,OK,SURVIVED,SURVIVED,NOT_RUN,NOT_RUN,,0,0,,0,0.789,,d1c42bdaf408029e,
resize,ast_emitted,fd51268b46c40d0c,cxx_arith_swap,resize_box_uint8_down.halide_generated.cpp,3939,92,operator- -> operator+,m918_cxx_arith_swap_operator_add,OK,4f7db4d9fdb84dd7,OK,SURVIVED,SURVIVED,NOT_RUN,NOT_RUN,,0,0,,0,1.799,,d1c42bdaf408029e,
resize,ast_emitted,6faa56a2d2eac0e3,cxx_arith_swap,resize_box_uint8_down.halide_generated.cpp,3939,92,operator- -> operator/,m920_cxx_arith_swap_operator_div,OK,59ac25866eaa2755,OK,SURVIVED,SURVIVED,NOT_RUN,NOT_RUN,,0,0,,0,0.880,,d1c42bdaf408029e,
resize,ast_emitted,7839ceea856f1d55,cxx_arith_swap,resize_box_uint8_down.halide_generated.cpp,3945,62,operator* -> operator+,m921_cxx_arith_swap_operator_add,OK,42c05237e618cdfc,OK,KILLED,KILLED,NOT_RUN,NOT_RUN,test1_demo;test2_golden,1,1,killed,-6,0.346,,<missing>,
resize,ast_emitted,a0a65d4727d5607f,cxx_arith_swap,resize_box_uint8_down.halide_generated.cpp,3939,92,operator- -> operator*,m919_cxx_arith_swap_operator_mul,OK,59ac25866eaa2755,OK,SURVIVED,SURVIVED,NOT_RUN,NOT_RUN,,0,0,,0,1.440,,d1c42bdaf408029e,
resize,ast_emitted,c303bcb1c386ef8e,cxx_rel_swap,resize_box_uint8_down.halide_generated.cpp,3946,15,operator!= -> operator<,m924_cxx_rel_swap_operator_lt,COMPILE_FAIL,,OK,NOT_RUN,NOT_RUN,NOT_RUN,NOT_RUN,,0,0,,,,,,"the compiler rejected the mutant -- a kill category only staged compilation produces, not a test kill"
resize,ast_emitted,9dae39c25b545339,cxx_rel_swap,resize_box_uint8_down.halide_generated.cpp,3946,15,operator!= -> operator<=,m925_cxx_rel_swap_operator_lt_eq,COMPILE_FAIL,,OK,NOT_RUN,NOT_RUN,NOT_RUN,NOT_RUN,,0,0,,,,,,"the compiler rejected the mutant -- a kill category only staged compilation produces, not a test kill"
resize,ast_emitted,d80f6f78e7e94fa6,cxx_arith_swap,resize_box_uint8_down.halide_generated.cpp,3945,62,operator* -> operator-,m922_cxx_arith_swap_operator_sub,OK,131511875661bd79,OK,KILLED,KILLED,NOT_RUN,NOT_RUN,test1_demo;test2_golden,1,1,killed,-6,0.202,,<missing>,
resize,ast_emitted,4c87fd52e9c31427,cxx_rel_swap,resize_box_uint8_down.halide_generated.cpp,3946,15,operator!= -> operator>,m926_cxx_rel_swap_operator_gt,COMPILE_FAIL,,OK,NOT_RUN,NOT_RUN,NOT_RUN,NOT_RUN,,0,0,,,,,,"the compiler rejected the mutant -- a kill category only staged compilation produces, not a test kill"
resize,ast_emitted,84ac48247bd14655,cxx_arith_swap,resize_box_uint8_down.halide_generated.cpp,3945,62,operator* -> operator/,m923_cxx_arith_swap_operator_div,OK,a69a16a00e61c2b8,OK,KILLED,KILLED,NOT_RUN,NOT_RUN,test1_demo;test2_golden,1,1,killed,-11,0.134,,<missing>,
resize,ast_emitted,01e0f43d48335f4b,cxx_rel_swap,resize_box_uint8_down.halide_generated.cpp,3946,15,operator!= -> operator>=,m927_cxx_rel_swap_operator_gt_eq,COMPILE_FAIL,,OK,NOT_RUN,NOT_RUN,NOT_RUN,NOT_RUN,,0,0,,,,,,"the compiler rejected the mutant -- a kill category only staged compilation produces, not a test kill"
resize,ast_emitted,9381a0cfd88f9ef6,cxx_rel_swap,resize_box_uint8_down.halide_generated.cpp,3946,15,operator!= -> operator==,m928_cxx_rel_swap_operator_eq_eq,OK,9c1ebf2bed03f795,OK,KILLED,KILLED,NOT_RUN,NOT_RUN,test1_demo;test2_golden,1,1,killed,-6,0.263,,<missing>,
resize,ast_emitted,8a1f0c2248f51e63,cxx_rel_swap,resize_box_uint8_down.halide_generated.cpp,3946,36,operator== -> operator<,m929_cxx_rel_swap_operator_lt,OK,b8d04bf7480f560f,OK,SURVIVED,SURVIVED,NOT_RUN,NOT_RUN,,0,0,,0,1.417,,d1c42bdaf408029e,
resize,ast_emitted,cbb3c179a819137d,cxx_rel_swap,resize_box_uint8_down.halide_generated.cpp,3946,36,operator== -> operator>,m931_cxx_rel_swap_operator_gt,OK,7c32cb592bd868cc,OK,SURVIVED,SURVIVED,NOT_RUN,NOT_RUN,,0,0,,0,1.590,,d1c42bdaf408029e,
resize,ast_emitted,a3335573bb7c70bf,cxx_rel_swap,resize_box_uint8_down.halide_generated.cpp,3946,36,operator== -> operator<=,m930_cxx_rel_swap_operator_lt_eq,OK,e4d05c54bb7c35c9,OK,SURVIVED,SURVIVED,NOT_RUN,NOT_RUN,,0,0,,0,0.774,,d1c42bdaf408029e,
resize,ast_emitted,b2024194c68b0b04,cxx_arith_swap,resize_box_uint8_down.halide_generated.cpp,3954,23,operator+ -> operator-,m934_cxx_arith_swap_operator_sub,OK,32458c94077a554d,OK,SURVIVED,KILLED,NOT_RUN,NOT_RUN,test2_golden,1,1,killed,0,0.754,,c968efd976e80c74,
resize,ast_emitted,c0722e760fbee560,cxx_rel_swap,resize_box_uint8_down.halide_generated.cpp,3946,36,operator== -> operator!=,m933_cxx_rel_swap_operator_not_eq,OK,d8f4f601ca8630df,OK,SURVIVED,SURVIVED,NOT_RUN,NOT_RUN,,0,0,,0,1.614,,d1c42bdaf408029e,
resize,ast_emitted,4177a04a6f938123,cxx_rel_swap,resize_box_uint8_down.halide_generated.cpp,3946,36,operator== -> operator>=,m932_cxx_rel_swap_operator_gt_eq,OK,66f4fa4e6d41647f,OK,SURVIVED,SURVIVED,NOT_RUN,NOT_RUN,,0,0,,0,1.569,,d1c42bdaf408029e,
resize,ast_emitted,ecd8c497ef596b74,cxx_arith_swap,resize_box_uint8_down.halide_generated.cpp,3954,23,operator+ -> operator/,m936_cxx_arith_swap_operator_div,OK,3ce0d14321c688f8,OK,KILLED,KILLED,NOT_RUN,NOT_RUN,test1_demo;test2_golden,1,1,killed,-8,0.263,,<missing>,
resize,ast_emitted,5c493f3768d3f226,cxx_rel_swap,resize_box_uint8_down.halide_generated.cpp,3955,54,operator< -> operator>=,m939_cxx_rel_swap_operator_gt_eq,OK,9f6f676910557de5,OK,SURVIVED,KILLED,NOT_RUN,NOT_RUN,test2_golden,1,1,killed,0,0.535,,76adf8c613b4b57c,
resize,ast_emitted,b4d37bb2d382d7c6,cxx_arith_swap,resize_box_uint8_down.halide_generated.cpp,3954,23,operator+ -> operator*,m935_cxx_arith_swap_operator_mul,OK,107c71bf1a40900b,OK,SURVIVED,KILLED,NOT_RUN,NOT_RUN,test2_golden,1,1,killed,0,0.575,,b555d7e835bd0887,
resize,ast_emitted,dd26cb87bc434dde,cxx_rel_swap,resize_box_uint8_down.halide_generated.cpp,3955,54,operator< -> operator!=,m941_cxx_rel_swap_operator_not_eq,OK,b7b5ea7b4ae88f3e,OK,NOT_RUN,NOT_RUN,NOT_RUN,NOT_RUN,,0,1,equivalent_tce,,,,,bit-identical machine code at -O2: no test can distinguish it
resize,ast_emitted,a1425f8dc62d7072,cxx_rel_swap,resize_box_uint8_down.halide_generated.cpp,3955,54,operator< -> operator<=,m937_cxx_rel_swap_operator_lt_eq,OK,74bdcfe2cc3fcb91,OK,KILLED,KILLED,NOT_RUN,NOT_RUN,test1_demo;test2_golden,1,1,killed,-6,0.358,,<missing>,
resize,ast_emitted,5c95ed20bbfd9f8b,cxx_rel_swap,resize_box_uint8_down.halide_generated.cpp,3955,54,operator< -> operator>,m938_cxx_rel_swap_operator_gt,OK,9f6f676910557de5,OK,SURVIVED,KILLED,NOT_RUN,NOT_RUN,test2_golden,1,1,killed,0,0.746,,5acee8074c2b6d9c,
resize,ast_emitted,ad6851f08c43bc5b,cxx_rel_swap,resize_box_uint8_down.halide_generated.cpp,3955,54,operator< -> operator==,m940_cxx_rel_swap_operator_eq_eq,OK,9f6f676910557de5,OK,SURVIVED,KILLED,NOT_RUN,NOT_RUN,test2_golden,1,1,killed,0,0.876,,83b337197e2e2f78,
resize,ast_emitted,2e9f3df4ad8eb3ee,cxx_arith_swap,resize_box_uint8_down.halide_generated.cpp,3955,58,operator+ -> operator*,m943_cxx_arith_swap_operator_mul,OK,9f6f676910557de5,OK,SURVIVED,KILLED,NOT_RUN,NOT_RUN,test2_golden,1,1,killed,0,0.942,,4c9e8be7d5b7395d,
resize,ast_emitted,5a9804edcb1b85ce,cxx_arith_swap,resize_box_uint8_down.halide_generated.cpp,3955,58,operator+ -> operator/,m944_cxx_arith_swap_operator_div,OK,9f6f676910557de5,OK,SURVIVED,KILLED,NOT_RUN,NOT_RUN,test2_golden,1,1,killed,0,0.367,,914198610a7b0ba2,
resize,ast_emitted,c3f25a2ee0b578c8,cxx_arith_swap,resize_box_uint8_down.halide_generated.cpp,3957,38,operator+ -> operator-,m945_cxx_arith_swap_operator_sub,OK,7374b08b4f43fd4a,OK,SURVIVED,KILLED,NOT_RUN,NOT_RUN,test2_golden,1,1,killed,0,0.734,,c968efd976e80c74,
resize,ast_emitted,67ba910fdc857b01,cxx_arith_swap,resize_box_uint8_down.halide_generated.cpp,3955,58,operator+ -> operator-,m942_cxx_arith_swap_operator_sub,OK,9f6f676910557de5,OK,SURVIVED,KILLED,NOT_RUN,NOT_RUN,test2_golden,1,1,killed,0,0.585,,828bc498ae768eac,
resize,ast_emitted,c4e839cd52c58a6d,cxx_arith_swap,resize_box_uint8_down.halide_generated.cpp,3957,38,operator+ -> operator/,m947_cxx_arith_swap_operator_div,OK,604c08fb8d326ca1,OK,KILLED,KILLED,NOT_RUN,NOT_RUN,test1_demo;test2_golden,1,1,killed,-8,0.271,,<missing>,
resize,ast_emitted,8fd08cb705c99067,cxx_arith_swap,resize_box_uint8_down.halide_generated.cpp,3957,38,operator+ -> operator*,m946_cxx_arith_swap_operator_mul,OK,17fa32a217434404,OK,SURVIVED,KILLED,NOT_RUN,NOT_RUN,test2_golden,1,1,killed,0,0.429,,a851a5e123b1165e,
resize,ast_emitted,1badc439d05b01a1,cxx_arith_swap,resize_box_uint8_down.halide_generated.cpp,3960,38,operator* -> operator-,m949_cxx_arith_swap_operator_sub,OK,8673242bb7a65b47,OK,KILLED,KILLED,NOT_RUN,NOT_RUN,test1_demo;test2_golden,1,1,killed,-11,0.281,,<missing>,
resize,ast_emitted,364f62409369c1ba,cxx_arith_swap,resize_box_uint8_down.halide_generated.cpp,3960,38,operator* -> operator+,m948_cxx_arith_swap_operator_add,OK,4da0ca8ff93fe3e6,OK,SURVIVED,KILLED,NOT_RUN,NOT_RUN,test2_golden,1,1,killed,0,0.767,,5da7e210594d5913,
resize,ast_emitted,c527e0f95c62dd96,cxx_arith_swap,resize_box_uint8_down.halide_generated.cpp,3961,25,operator- -> operator/,m953_cxx_arith_swap_operator_div,OK,36ebab98890b8192,OK,KILLED,KILLED,NOT_RUN,NOT_RUN,test1_demo;test2_golden,1,1,killed,-8,0.174,,<missing>,
resize,ast_emitted,88caf723a0b1a5a8,cxx_arith_swap,resize_box_uint8_down.halide_generated.cpp,3960,38,operator* -> operator/,m950_cxx_arith_swap_operator_div,OK,894a99ebd559367e,OK,SURVIVED,KILLED,NOT_RUN,NOT_RUN,test2_golden,1,1,killed,0,0.377,,4ceeb970c2f91078,
resize,ast_emitted,baa01ed9cb320f95,cxx_arith_swap,resize_box_uint8_down.halide_generated.cpp,3961,25,operator- -> operator*,m952_cxx_arith_swap_operator_mul,OK,d35436f9d1fc49f4,OK,SURVIVED,KILLED,NOT_RUN,NOT_RUN,test2_golden,1,1,killed,0,0.405,,b2448466b43d7577,
resize,ast_emitted,a3d20466598df92c,cxx_arith_swap,resize_box_uint8_down.halide_generated.cpp,3961,25,operator- -> operator+,m951_cxx_arith_swap_operator_add,OK,50c5fd102ead89a9,OK,SURVIVED,SURVIVED,NOT_RUN,NOT_RUN,,0,0,,0,1.008,,d1c42bdaf408029e,
resize,ast_emitted,4cc5fe18a1b54649,cxx_rel_swap,resize_box_uint8_down.halide_generated.cpp,3962,45,operator< -> operator>=,m956_cxx_rel_swap_operator_gt_eq,OK,537a07d6b78e52d1,OK,SURVIVED,KILLED,NOT_RUN,NOT_RUN,test2_golden,1,1,killed,0,0.738,,f9172565bdd664d0,
resize,ast_emitted,d0e5439bd1732b75,cxx_rel_swap,resize_box_uint8_down.halide_generated.cpp,3962,45,operator< -> operator>,m955_cxx_rel_swap_operator_gt,OK,2f3a15154ec71c56,OK,SURVIVED,KILLED,NOT_RUN,NOT_RUN,test2_golden,1,1,killed,0,0.898,,9faf6ddd65c6959f,
resize,ast_emitted,231f4054574f757c,cxx_rel_swap,resize_box_uint8_down.halide_generated.cpp,3962,45,operator< -> operator==,m957_cxx_rel_swap_operator_eq_eq,OK,c62a3984b2d39ce4,OK,SURVIVED,KILLED,NOT_RUN,NOT_RUN,test2_golden,1,1,killed,0,0.802,,c2e769bcb07bc33e,
resize,ast_emitted,1d2aaf3c71033d67,cxx_rel_swap,resize_box_uint8_down.halide_generated.cpp,3962,45,operator< -> operator!=,m958_cxx_rel_swap_operator_not_eq,OK,05d5b845be7ffde9,OK,SURVIVED,SURVIVED,NOT_RUN,NOT_RUN,,0,0,,0,0.683,,d1c42bdaf408029e,
resize,ast_emitted,4f6cec01157c00e3,cxx_rel_swap,resize_box_uint8_down.halide_generated.cpp,3962,45,operator< -> operator<=,m954_cxx_rel_swap_operator_lt_eq,OK,251647491e00ca8b,OK,SURVIVED,SURVIVED,NOT_RUN,NOT_RUN,,0,0,,0,1.502,,d1c42bdaf408029e,
resize,ast_emitted,05327a444d345928,cxx_arith_swap,resize_box_uint8_down.halide_generated.cpp,3962,49,operator+ -> operator-,m959_cxx_arith_swap_operator_sub,OK,22bdba88acd20590,OK,SURVIVED,KILLED,NOT_RUN,NOT_RUN,test2_golden,1,1,killed,0,0.736,,b1c43b069b32c37b,
resize,ast_emitted,e183356472135693,cxx_arith_swap,resize_box_uint8_down.halide_generated.cpp,3964,34,operator* -> operator+,m962_cxx_arith_swap_operator_add,OK,632c9bdbb73c288c,OK,SURVIVED,KILLED,NOT_RUN,NOT_RUN,test2_golden,1,1,killed,0,0.662,,5b017e93db3131de,
resize,ast_emitted,904bdd590ad70906,cxx_arith_swap,resize_box_uint8_down.halide_generated.cpp,3962,49,operator+ -> operator/,m961_cxx_arith_swap_operator_div,OK,9f6f676910557de5,OK,SURVIVED,KILLED,NOT_RUN,NOT_RUN,test2_golden,1,1,killed,0,0.360,,8fb219a3e4481c68,
resize,ast_emitted,f84dfcef9e3cebba,cxx_arith_swap,resize_box_uint8_down.halide_generated.cpp,3962,49,operator+ -> operator*,m960_cxx_arith_swap_operator_mul,OK,9f6f676910557de5,OK,SURVIVED,KILLED,NOT_RUN,NOT_RUN,test2_golden,1,1,killed,0,0.736,,5e82b339db6159ca,
resize,ast_emitted,fc852e46325ab7cb,cxx_arith_swap,resize_box_uint8_down.halide_generated.cpp,3964,34,operator* -> operator-,m963_cxx_arith_swap_operator_sub,OK,7f49c2785bdfa7bd,OK,KILLED,KILLED,NOT_RUN,NOT_RUN,test1_demo;test2_golden,1,1,killed,-11,0.327,,<missing>,
resize,ast_emitted,7573dc4523a14145,cxx_arith_swap,resize_box_uint8_down.halide_generated.cpp,3964,34,operator* -> operator/,m964_cxx_arith_swap_operator_div,OK,52231e63932f7b0e,OK,SURVIVED,KILLED,NOT_RUN,NOT_RUN,test2_golden,1,1,killed,0,0.979,,d7a7ded81fa4b70c,
resize,ast_emitted,4f04669820936898,cxx_arith_swap,resize_box_uint8_down.halide_generated.cpp,3965,26,operator+ -> operator-,m965_cxx_arith_swap_operator_sub,OK,bb2894714c3e2766,OK,SURVIVED,SURVIVED,NOT_RUN,NOT_RUN,,0,0,,0,0.929,,d1c42bdaf408029e,
resize,ast_emitted,40856c4d6ecfb1f9,cxx_arith_swap,resize_box_uint8_down.halide_generated.cpp,3965,26,operator+ -> operator*,m966_cxx_arith_swap_operator_mul,OK,f26a3d2a91df437c,OK,SURVIVED,KILLED,NOT_RUN,NOT_RUN,test2_golden,1,1,killed,0,0.502,,fff725bd88990cde,
resize,ast_emitted,fa4ded37bd0fb692,cxx_arith_swap,resize_box_uint8_down.halide_generated.cpp,3966,25,operator+ -> operator*,m969_cxx_arith_swap_operator_mul,OK,850723450e38ae6b,OK,KILLED,KILLED,NOT_RUN,NOT_RUN,test1_demo;test2_golden,1,1,killed,-11,0.288,,<missing>,
resize,ast_emitted,e7ee9d188190a894,cxx_arith_swap,resize_box_uint8_down.halide_generated.cpp,3965,26,operator+ -> operator/,m967_cxx_arith_swap_operator_div,OK,bbdef7f9ec955b2d,OK,KILLED,KILLED,NOT_RUN,NOT_RUN,test1_demo;test2_golden,1,1,killed,-8,0.314,,<missing>,
resize,ast_emitted,d9b2b2c948a4671e,cxx_arith_swap,resize_box_uint8_down.halide_generated.cpp,3966,25,operator+ -> operator/,m970_cxx_arith_swap_operator_div,OK,798dc521e973facf,OK,KILLED,KILLED,NOT_RUN,NOT_RUN,test1_demo;test2_golden,1,1,killed,-11,0.767,,c27c2e071d3a4467,
resize,ast_emitted,aa9457761d1bae36,cxx_arith_swap,resize_box_uint8_down.halide_generated.cpp,3974,27,operator+ -> operator*,m972_cxx_arith_swap_operator_mul,OK,0692128230e68066,OK,KILLED,KILLED,NOT_RUN,NOT_RUN,test1_demo;test2_golden,1,1,killed,-11,0.199,,<missing>,
resize,ast_emitted,c337a10be7573e74,cxx_arith_swap,resize_box_uint8_down.halide_generated.cpp,3966,25,operator+ -> operator-,m968_cxx_arith_swap_operator_sub,OK,5c64f5aef90dea00,OK,SURVIVED,SURVIVED,NOT_RUN,NOT_RUN,,0,0,,0,1.388,,d1c42bdaf408029e,
resize,ast_emitted,7fde225fdce0ebb2,cxx_arith_swap,resize_box_uint8_down.halide_generated.cpp,3974,27,operator+ -> operator/,m973_cxx_arith_swap_operator_div,OK,ef51ef89fc04e2ff,OK,KILLED,KILLED,NOT_RUN,NOT_RUN,test1_demo;test2_golden,1,1,killed,-8,0.289,,<missing>,
resize,ast_emitted,859391353fd62570,cxx_arith_swap,resize_box_uint8_down.halide_generated.cpp,3974,27,operator+ -> operator-,m971_cxx_arith_swap_operator_sub,OK,c8011aa6add8c41d,OK,SURVIVED,KILLED,NOT_RUN,NOT_RUN,test2_golden,1,1,killed,0,1.340,,6229b9b142dc78cc,
resize,ast_emitted,fb3528424cbc150e,cxx_rel_swap,resize_box_uint8_down.halide_generated.cpp,3975,63,operator< -> operator>,m975_cxx_rel_swap_operator_gt,OK,6f55d62b4001a765,OK,SURVIVED,KILLED,NOT_RUN,NOT_RUN,test2_golden,1,1,killed,0,0.568,,b3cbffd4ff0f1b24,
resize,ast_emitted,fd6267562027657e,cxx_rel_swap,resize_box_uint8_down.halide_generated.cpp,3975,63,operator< -> operator<=,m974_cxx_rel_swap_operator_lt_eq,OK,3fee26a046bd3006,OK,SURVIVED,KILLED,NOT_RUN,NOT_RUN,test2_golden,1,1,killed,0,1.133,,b602d2159f248ae1,
resize,ast_emitted,29c7c14e416e57c2,cxx_rel_swap,resize_box_uint8_down.halide_generated.cpp,3975,63,operator< -> operator==,m977_cxx_rel_swap_operator_eq_eq,OK,fd3e1917ac050481,OK,SURVIVED,KILLED,NOT_RUN,NOT_RUN,test2_golden,1,1,killed,0,0.655,,b3cbffd4ff0f1b24,
resize,ast_emitted,4cd2d802ead813f1,cxx_rel_swap,resize_box_uint8_down.halide_generated.cpp,3975,63,operator< -> operator>=,m976_cxx_rel_swap_operator_gt_eq,OK,a7597d1034cef10e,OK,SURVIVED,KILLED,NOT_RUN,NOT_RUN,test2_golden,1,1,killed,0,0.749,,b3cbffd4ff0f1b24,
resize,ast_emitted,42fc36473872eab1,cxx_arith_swap,resize_box_uint8_down.halide_generated.cpp,3975,67,operator+ -> operator-,m979_cxx_arith_swap_operator_sub,OK,adeaa1c51efdb7c1,OK,SURVIVED,KILLED,NOT_RUN,NOT_RUN,test2_golden,1,1,killed,0,0.767,,b3cbffd4ff0f1b24,
resize,ast_emitted,9c60e356d13f53a8,cxx_rel_swap,resize_box_uint8_down.halide_generated.cpp,3975,63,operator< -> operator!=,m978_cxx_rel_swap_operator_not_eq,OK,f9cc80c626f417b2,OK,SURVIVED,SURVIVED,NOT_RUN,NOT_RUN,,0,0,,0,1.479,,d1c42bdaf408029e,
resize,ast_emitted,b176579160e1910c,cxx_arith_swap,resize_box_uint8_down.halide_generated.cpp,3975,67,operator+ -> operator/,m981_cxx_arith_swap_operator_div,OK,84d52924280a6371,OK,SURVIVED,KILLED,NOT_RUN,NOT_RUN,test2_golden,1,1,killed,0,0.855,,b3cbffd4ff0f1b24,
resize,ast_emitted,61c0059c02e8b1c7,cxx_arith_swap,resize_box_uint8_down.halide_generated.cpp,3975,67,operator+ -> operator*,m980_cxx_arith_swap_operator_mul,OK,84d52924280a6371,OK,SURVIVED,KILLED,NOT_RUN,NOT_RUN,test2_golden,1,1,killed,0,0.844,,b3cbffd4ff0f1b24,
resize,ast_emitted,31a789c72d1b1cc2,cxx_arith_swap,resize_box_uint8_down.halide_generated.cpp,3981,26,operator+ -> operator*,m983_cxx_arith_swap_operator_mul,OK,3843205c78ba72ae,OK,SURVIVED,KILLED,NOT_RUN,NOT_RUN,test2_golden,1,1,killed,0,0.635,,a54b5ffce0734a7d,
resize,ast_emitted,3d8ccc24a51bfee9,cxx_arith_swap,resize_box_uint8_down.halide_generated.cpp,3981,26,operator+ -> operator/,m984_cxx_arith_swap_operator_div,OK,033f5c295e732118,OK,SURVIVED,KILLED,NOT_RUN,NOT_RUN,test2_golden,1,1,killed,0,0.626,,554c807f9da2a7fd,
resize,ast_emitted,2e87d88d41a9c4ba,cxx_arith_swap,resize_box_uint8_down.halide_generated.cpp,3981,26,operator+ -> operator-,m982_cxx_arith_swap_operator_sub,OK,5e36040d831fc712,OK,SURVIVED,KILLED,NOT_RUN,NOT_RUN,test2_golden,1,1,killed,0,1.554,,5b27ab41bdebd083,
resize,ast_emitted,43887f2669604a44,cxx_arith_swap,resize_box_uint8_down.halide_generated.cpp,3983,26,operator* -> operator+,m985_cxx_arith_swap_operator_add,OK,44c88a10fdbb90ad,OK,SURVIVED,KILLED,NOT_RUN,NOT_RUN,test2_golden,1,1,killed,0,1.548,,6e1b81d69a5e6704,
resize,ast_emitted,877674596d955a5f,cxx_arith_swap,resize_box_uint8_down.halide_generated.cpp,3983,26,operator* -> operator-,m986_cxx_arith_swap_operator_sub,OK,50fba53c7aff3dc3,OK,SURVIVED,KILLED,NOT_RUN,NOT_RUN,test2_golden,1,1,killed,0,1.128,,3de456be717fab20,
resize,ast_emitted,0725fb849f31f423,cxx_arith_swap,resize_box_uint8_down.halide_generated.cpp,3983,26,operator* -> operator/,m987_cxx_arith_swap_operator_div,OK,8edfcc42fdd62e68,OK,SURVIVED,KILLED,NOT_RUN,NOT_RUN,test2_golden,1,1,killed,0,0.465,,4082742c5aefe28a,
resize,ast_emitted,154835f52f39784d,cxx_arith_swap,resize_box_uint8_down.halide_generated.cpp,3985,26,operator- -> operator+,m988_cxx_arith_swap_operator_add,OK,5e36040d831fc712,OK,SURVIVED,KILLED,NOT_RUN,NOT_RUN,test2_golden,1,1,killed,0,0.772,,269af25d7749d8db,
resize,ast_emitted,e2eefef2379fd31f,cxx_arith_swap,resize_box_uint8_down.halide_generated.cpp,3985,26,operator- -> operator*,m989_cxx_arith_swap_operator_mul,OK,119c1e4445dd5c10,OK,SURVIVED,KILLED,NOT_RUN,NOT_RUN,test2_golden,1,1,killed,0,0.787,,dc59b92d8e57368a,
resize,ast_emitted,96f7bb73ed7baf7b,cxx_arith_swap,resize_box_uint8_down.halide_generated.cpp,3985,26,operator- -> operator/,m990_cxx_arith_swap_operator_div,OK,ee3330a24cffde5d,OK,SURVIVED,KILLED,NOT_RUN,NOT_RUN,test2_golden,1,1,killed,0,1.136,,ab4ba31a692359a2,
resize,ast_emitted,17a2a6198ae0ae68,cxx_arith_swap,resize_box_uint8_down.halide_generated.cpp,3987,26,operator* -> operator+,m991_cxx_arith_swap_operator_add,OK,62f50f9c9d128750,OK,SURVIVED,KILLED,NOT_RUN,NOT_RUN,test2_golden,1,1,killed,0,1.643,,5b27ab41bdebd083,
resize,ast_emitted,c33da44b899d03e5,cxx_arith_swap,resize_box_uint8_down.halide_generated.cpp,3987,26,operator* -> operator-,m992_cxx_arith_swap_operator_sub,OK,b03f99e65e8474f6,OK,SURVIVED,KILLED,NOT_RUN,NOT_RUN,test2_golden,1,1,killed,0,1.402,,882754ec94d5b605,
resize,ast_emitted,9c617755a5aadf21,cxx_arith_swap,resize_box_uint8_down.halide_generated.cpp,3987,26,operator* -> operator/,m993_cxx_arith_swap_operator_div,OK,8ac22af1fb64aa6e,OK,SURVIVED,KILLED,NOT_RUN,NOT_RUN,test2_golden,1,1,killed,0,1.309,,269af25d7749d8db,
resize,ast_emitted,4c9dfd67fad43b32,cxx_arith_swap,resize_box_uint8_down.halide_generated.cpp,3989,26,operator- -> operator+,m994_cxx_arith_swap_operator_add,OK,bc1d08fd51a0e6a7,OK,SURVIVED,KILLED,NOT_RUN,NOT_RUN,test2_golden,1,1,killed,0,0.694,,882754ec94d5b605,
resize,ast_emitted,fd4c62322b8c7c51,cxx_arith_swap,resize_box_uint8_down.halide_generated.cpp,3996,28,operator+ -> operator/,m999_cxx_arith_swap_operator_div,OK,4d63ae4c90e04081,OK,KILLED,KILLED,NOT_RUN,NOT_RUN,test1_demo;test2_golden,1,1,killed,-8,0.283,,<missing>,
resize,ast_emitted,6cddd1dfe91c1595,cxx_arith_swap,resize_box_uint8_down.halide_generated.cpp,3996,28,operator+ -> operator-,m997_cxx_arith_swap_operator_sub,OK,e2c10115cd876487,OK,SURVIVED,KILLED,NOT_RUN,NOT_RUN,test2_golden,1,1,killed,0,1.172,,359eab2b29728c5a,
resize,ast_emitted,7faba19f8b1e9f1c,cxx_arith_swap,resize_box_uint8_down.halide_generated.cpp,3989,26,operator- -> operator*,m995_cxx_arith_swap_operator_mul,OK,d89774a28baefd4a,OK,SURVIVED,KILLED,NOT_RUN,NOT_RUN,test2_golden,1,1,killed,0,1.443,,269af25d7749d8db,
resize,ast_emitted,486813919a891c96,cxx_arith_swap,resize_box_uint8_down.halide_generated.cpp,3996,28,operator+ -> operator*,m998_cxx_arith_swap_operator_mul,OK,9dc89b7f9e6b15f0,OK,SURVIVED,KILLED,NOT_RUN,NOT_RUN,test2_golden,1,1,killed,0,1.022,,99585a4ad2f624b7,
resize,ast_emitted,9a83951bcc7adfd9,cxx_arith_swap,resize_box_uint8_down.halide_generated.cpp,3997,28,operator* -> operator+,m1000_cxx_arith_swap_operator_add,OK,dc2420c76ce99b56,OK,SURVIVED,KILLED,NOT_RUN,NOT_RUN,test2_golden,1,1,killed,0,0.649,,bb3ddc4ea693b046,
resize,ast_emitted,96b15b025d987eaa,cxx_arith_swap,resize_box_uint8_down.halide_generated.cpp,3989,26,operator- -> operator/,m996_cxx_arith_swap_operator_div,OK,38c2135d72a01cb5,OK,SURVIVED,KILLED,NOT_RUN,NOT_RUN,test2_golden,1,1,killed,0,1.390,,269af25d7749d8db,
resize,ast_emitted,c8cb3802817f85d9,cxx_arith_swap,resize_box_uint8_down.halide_generated.cpp,3998,28,operator+ -> operator*,m1004_cxx_arith_swap_operator_mul,OK,9e3fa8dba6935631,OK,KILLED,KILLED,NOT_RUN,NOT_RUN,test1_demo;test2_golden,1,1,killed,-11,0.309,,<missing>,
resize,ast_emitted,8386c16f741b2899,cxx_arith_swap,resize_box_uint8_down.halide_generated.cpp,3997,28,operator* -> operator/,m1002_cxx_arith_swap_operator_div,OK,3dc942159e885d86,OK,SURVIVED,KILLED,NOT_RUN,NOT_RUN,test2_golden,1,1,killed,0,0.572,,10287c4effcb7e8c,
resize,ast_emitted,35d32bf4d29aaa92,cxx_arith_swap,resize_box_uint8_down.halide_generated.cpp,3998,28,operator+ -> operator/,m1005_cxx_arith_swap_operator_div,OK,4fad56a832d8599a,OK,KILLED,KILLED,NOT_RUN,NOT_RUN,test1_demo;test2_golden,1,1,killed,-8,0.391,,<missing>,
resize,ast_emitted,1c7db82ed863dc10,cxx_arith_swap,resize_box_uint8_down.halide_generated.cpp,3997,28,operator* -> operator-,m1001_cxx_arith_swap_operator_sub,OK,629849a44c4b02e3,OK,SURVIVED,KILLED,NOT_RUN,NOT_RUN,test2_golden,1,1,killed,0,0.717,,8c1deb1c8b570959,
resize,ast_emitted,a2abf279ad9350f6,cxx_arith_swap,resize_box_uint8_down.halide_generated.cpp,3998,28,operator+ -> operator-,m1003_cxx_arith_swap_operator_sub,OK,1e46501f935218d8,OK,SURVIVED,KILLED,NOT_RUN,NOT_RUN,test2_golden,1,1,killed,0,0.894,,fb4f395f87f4a2f1,
resize,ast_emitted,f99575ce03448caa,cxx_arith_swap,resize_box_uint8_down.halide_generated.cpp,4001,44,operator* -> operator+,m1006_cxx_arith_swap_operator_add,OK,f2bce34796a65780,OK,SURVIVED,KILLED,NOT_RUN,NOT_RUN,test2_golden,1,1,killed,0,0.729,,5fc33d5b1b4e53c8,
resize,ast_emitted,79a7ca26a3a19b57,cxx_arith_swap,resize_box_uint8_down.halide_generated.cpp,4001,44,operator* -> operator-,m1007_cxx_arith_swap_operator_sub,OK,a3d52c29085a6bc8,OK,SURVIVED,KILLED,NOT_RUN,NOT_RUN,test2_golden,1,1,killed,0,0.713,,00ce4301773fc390,
resize,ast_emitted,b6399e5d44a49462,cxx_arith_swap,resize_box_uint8_down.halide_generated.cpp,4002,28,operator+ -> operator/,m1011_cxx_arith_swap_operator_div,OK,42a46f20df839265,OK,KILLED,KILLED,NOT_RUN,NOT_RUN,test1_demo;test2_golden,1,1,killed,-8,0.322,,<missing>,
resize,ast_emitted,cce344e9365f780f,cxx_arith_swap,resize_box_uint8_down.halide_generated.cpp,4001,44,operator* -> operator/,m1008_cxx_arith_swap_operator_div,OK,3ad1d7e449c31291,OK,SURVIVED,SURVIVED,NOT_RUN,NOT_RUN,,0,0,,0,1.402,,d1c42bdaf408029e,
resize,ast_emitted,092077d99980913f,cxx_arith_swap,resize_box_uint8_down.halide_generated.cpp,4002,28,operator+ -> operator-,m1009_cxx_arith_swap_operator_sub,OK,fc8d487727b0e8ec,OK,SURVIVED,KILLED,NOT_RUN,NOT_RUN,test2_golden,1,1,killed,0,1.242,,e90dbd1cf2306a2a,
resize,ast_emitted,93d648dcb10e4c44,cxx_arith_swap,resize_box_uint8_down.halide_generated.cpp,4002,28,operator+ -> operator*,m1010_cxx_arith_swap_operator_mul,OK,af05f1c162faea66,OK,SURVIVED,KILLED,NOT_RUN,NOT_RUN,test2_golden,1,1,killed,0,1.374,,e603bb3f67027ff5,
resize,ast_emitted,6a3c0983a5eff0cf,cxx_arith_swap,resize_box_uint8_down.halide_generated.cpp,4005,27,operator* -> operator+,m1012_cxx_arith_swap_operator_add,OK,3cae75bad0becb7b,OK,SURVIVED,KILLED,NOT_RUN,NOT_RUN,test2_golden,1,1,killed,0,1.257,,4ac42bd0c595027f,
resize,ast_emitted,4807e3920a9f77d0,cxx_arith_swap,resize_box_uint8_down.halide_generated.cpp,4005,27,operator* -> operator-,m1013_cxx_arith_swap_operator_sub,OK,c5088ec5156a65b4,OK,SURVIVED,KILLED,NOT_RUN,NOT_RUN,test2_golden,1,1,killed,0,1.112,,2507844408399686,
resize,ast_emitted,ce21f9ec89016859,cxx_arith_swap,resize_box_uint8_down.halide_generated.cpp,4006,27,operator+ -> operator*,m1016_cxx_arith_swap_operator_mul,OK,b47c02e5644708b5,OK,SURVIVED,KILLED,NOT_RUN,NOT_RUN,test2_golden,1,1,killed,0,0.679,,b3cbffd4ff0f1b24,
resize,ast_emitted,b98dfdf8be9d39aa,cxx_arith_swap,resize_box_uint8_down.halide_generated.cpp,4006,27,operator+ -> operator/,m1017_cxx_arith_swap_operator_div,OK,80c5605d220ae763,OK,SURVIVED,KILLED,NOT_RUN,NOT_RUN,test2_golden,1,1,killed,0,0.784,,b3cbffd4ff0f1b24,
resize,ast_emitted,5256ca149545184b,cxx_arith_swap,resize_box_uint8_down.halide_generated.cpp,4011,27,operator+ -> operator-,m1018_cxx_arith_swap_operator_sub,OK,2d771fda5573b0f0,OK,KILLED,KILLED,NOT_RUN,NOT_RUN,test1_demo;test2_golden,1,1,killed,-11,0.344,,<missing>,
resize,ast_emitted,0973eb4aa46be9a7,cxx_arith_swap,resize_box_uint8_down.halide_generated.cpp,4005,27,operator* -> operator/,m1014_cxx_arith_swap_operator_div,OK,ec3f58dfc3271b28,OK,SURVIVED,KILLED,NOT_RUN,NOT_RUN,test2_golden,1,1,killed,0,1.099,,3dfb267b75827fe1,
resize,ast_emitted,df83f82dbac50a1b,cxx_arith_swap,resize_box_uint8_down.halide_generated.cpp,4006,27,operator+ -> operator-,m1015_cxx_arith_swap_operator_sub,OK,b0f30ea946755f91,OK,SURVIVED,KILLED,NOT_RUN,NOT_RUN,test2_golden,1,1,killed,0,0.660,,b3cbffd4ff0f1b24,
resize,ast_emitted,20b89b2ba46ad280,cxx_arith_swap,resize_box_uint8_down.halide_generated.cpp,4011,27,operator+ -> operator*,m1019_cxx_arith_swap_operator_mul,OK,6fb5e40454358538,OK,KILLED,KILLED,NOT_RUN,NOT_RUN,test1_demo;test2_golden,1,1,killed,-11,0.306,,<missing>,
resize,ast_emitted,86a0d4a0ed6b7944,cxx_arith_swap,resize_box_uint8_down.halide_generated.cpp,4018,23,operator+ -> operator/,m1023_cxx_arith_swap_operator_div,OK,7f85fbdef41e21f5,OK,KILLED,KILLED,NOT_RUN,NOT_RUN,test1_demo;test2_golden,1,1,killed,-8,0.263,,<missing>,
resize,ast_emitted,255db12ad8319be2,cxx_arith_swap,resize_box_uint8_down.halide_generated.cpp,4011,27,operator+ -> operator/,m1020_cxx_arith_swap_operator_div,OK,5666b741e1673146,OK,KILLED,KILLED,NOT_RUN,NOT_RUN,test1_demo;test2_golden,1,1,killed,-8,0.201,,<missing>,
resize,ast_emitted,ff0f4d50407cde96,cxx_rel_swap,resize_box_uint8_down.halide_generated.cpp,4019,52,operator< -> operator>,m1025_cxx_rel_swap_operator_gt,OK,bae1c3f3f812d587,OK,SURVIVED,KILLED,NOT_RUN,NOT_RUN,test2_golden,1,1,killed,0,0.444,,b3cbffd4ff0f1b24,
resize,ast_emitted,ef0577d6a41a6fe2,cxx_arith_swap,resize_box_uint8_down.halide_generated.cpp,4018,23,operator+ -> operator*,m1022_cxx_arith_swap_operator_mul,OK,a8769a181a80c5b3,OK,SURVIVED,KILLED,NOT_RUN,NOT_RUN,test2_golden,1,1,killed,0,0.652,,17614e6549cfa108,
resize,ast_emitted,bf8f2448dc7db2dc,cxx_rel_swap,resize_box_uint8_down.halide_generated.cpp,4019,52,operator< -> operator==,m1027_cxx_rel_swap_operator_eq_eq,OK,7334ad87bbc7f5ce,OK,SURVIVED,KILLED,NOT_RUN,NOT_RUN,test2_golden,1,1,killed,0,0.387,,b3cbffd4ff0f1b24,
resize,ast_emitted,894981503b867855,cxx_rel_swap,resize_box_uint8_down.halide_generated.cpp,4019,52,operator< -> operator<=,m1024_cxx_rel_swap_operator_lt_eq,OK,dc4d8b721c8c72bf,OK,SURVIVED,SURVIVED,NOT_RUN,NOT_RUN,,0,0,,0,1.570,,d1c42bdaf408029e,
resize,ast_emitted,fea2d009c7c123e4,cxx_rel_swap,resize_box_uint8_down.halide_generated.cpp,4019,52,operator< -> operator>=,m1026_cxx_rel_swap_operator_gt_eq,OK,56c3e2a61098b512,OK,SURVIVED,KILLED,NOT_RUN,NOT_RUN,test2_golden,1,1,killed,0,0.409,,b3cbffd4ff0f1b24,
resize,ast_emitted,c7bcb61a59109ae3,cxx_arith_swap,resize_box_uint8_down.halide_generated.cpp,4019,56,operator+ -> operator-,m1029_cxx_arith_swap_operator_sub,OK,a192a611cc8a34ee,OK,SURVIVED,KILLED,NOT_RUN,NOT_RUN,test2_golden,1,1,killed,0,0.389,,b3cbffd4ff0f1b24,
resize,ast_emitted,1e1db87a076343c2,cxx_rel_swap,resize_box_uint8_down.halide_generated.cpp,4019,52,operator< -> operator!=,m1028_cxx_rel_swap_operator_not_eq,OK,173870ad710bf989,OK,SURVIVED,SURVIVED,NOT_RUN,NOT_RUN,,0,0,,0,1.047,,d1c42bdaf408029e,
resize,ast_emitted,d774e72f158ca87f,cxx_arith_swap,resize_box_uint8_down.halide_generated.cpp,4019,56,operator+ -> operator/,m1031_cxx_arith_swap_operator_div,OK,dc6dd0a7ebbb2bc4,OK,SURVIVED,KILLED,NOT_RUN,NOT_RUN,test2_golden,1,1,killed,0,0.476,,b3cbffd4ff0f1b24,
resize,ast_emitted,d07d0abdb016b4a7,cxx_arith_swap,resize_box_uint8_down.halide_generated.cpp,4019,56,operator+ -> operator*,m1030_cxx_arith_swap_operator_mul,OK,dc6dd0a7ebbb2bc4,OK,SURVIVED,KILLED,NOT_RUN,NOT_RUN,test2_golden,1,1,killed,0,0.377,,b3cbffd4ff0f1b24,
resize,ast_emitted,7d71ff60a3d09285,cxx_arith_swap,resize_box_uint8_down.halide_generated.cpp,4021,37,operator* -> operator-,m1033_cxx_arith_swap_operator_sub,OK,88c9f206cabba49c,OK,SURVIVED,KILLED,NOT_RUN,NOT_RUN,test2_golden,1,1,killed,0,0.592,,a25cce343148f5b4,
resize,ast_emitted,9635d0429194f100,cxx_arith_swap,resize_box_uint8_down.halide_generated.cpp,4021,37,operator* -> operator+,m1032_cxx_arith_swap_operator_add,OK,c51c410a951c034a,OK,SURVIVED,KILLED,NOT_RUN,NOT_RUN,test2_golden,1,1,killed,0,0.408,,ef6eed1907dfecef,
resize,ast_emitted,c73f2981d96c4616,cxx_arith_swap,resize_box_uint8_down.halide_generated.cpp,4021,37,operator* -> operator/,m1034_cxx_arith_swap_operator_div,OK,c9184f9357968f49,OK,SURVIVED,KILLED,NOT_RUN,NOT_RUN,test2_golden,1,1,killed,0,0.318,,a8a773d5c237e2f6,
resize,ast_emitted,dc417c584ada5a00,cxx_arith_swap,resize_box_uint8_down.halide_generated.cpp,4022,23,operator+ -> operator*,m1036_cxx_arith_swap_operator_mul,OK,c705666ea56baf80,OK,KILLED,KILLED,NOT_RUN,NOT_RUN,test1_demo;test2_golden,1,1,killed,-11,0.259,,<missing>,
resize,ast_emitted,7cc4dacedd473bd8,cxx_arith_swap,resize_box_uint8_down.halide_generated.cpp,4022,23,operator+ -> operator-,m1035_cxx_arith_swap_operator_sub,OK,6a0797a48a6a7f0a,OK,SURVIVED,SURVIVED,NOT_RUN,NOT_RUN,,0,0,,0,0.627,,d1c42bdaf408029e,
resize,ast_emitted,e7b5285ec923e525,cxx_arith_swap,resize_box_uint8_down.halide_generated.cpp,4024,25,operator+ -> operator*,m1039_cxx_arith_swap_operator_mul,OK,59571a5754802333,OK,KILLED,KILLED,NOT_RUN,NOT_RUN,test1_demo;test2_golden,1,1,killed,-11,0.385,,<missing>,
resize,ast_emitted,c3cccae0e363ccfc,cxx_arith_swap,resize_box_uint8_down.halide_generated.cpp,4024,25,operator+ -> operator-,m1038_cxx_arith_swap_operator_sub,OK,02464313a48b0d5a,OK,KILLED,KILLED,NOT_RUN,NOT_RUN,test1_demo;test2_golden,1,1,killed,-11,0.382,,<missing>,
resize,ast_emitted,657fb20b3189dfad,cxx_arith_swap,resize_box_uint8_down.halide_generated.cpp,4024,25,operator+ -> operator/,m1040_cxx_arith_swap_operator_div,OK,b5ef6dbae06497be,OK,KILLED,KILLED,NOT_RUN,NOT_RUN,test1_demo;test2_golden,1,1,killed,-8,0.260,,<missing>,
resize,ast_emitted,ed16ae2645f23e62,cxx_arith_swap,resize_box_uint8_down.halide_generated.cpp,4022,23,operator+ -> operator/,m1037_cxx_arith_swap_operator_div,OK,2fb7857429694fa1,OK,SURVIVED,KILLED,NOT_RUN,NOT_RUN,test2_golden,1,1,killed,0,0.678,,28b3296b755187ea,
resize,ast_emitted,03e98460d30fe9df,cxx_arith_swap,resize_box_uint8_down.halide_generated.cpp,4025,24,operator+ -> operator-,m1041_cxx_arith_swap_operator_sub,OK,54f250828c3f9b1f,OK,SURVIVED,KILLED,NOT_RUN,NOT_RUN,test2_golden,1,1,killed,0,0.692,,df3ec2e5106e3489,
resize,ast_emitted,85c8b1c1a5fdb5d8,cxx_arith_swap,resize_box_uint8_down.halide_generated.cpp,4025,24,operator+ -> operator/,m1043_cxx_arith_swap_operator_div,OK,e06aad10523bd9c3,OK,KILLED,KILLED,NOT_RUN,NOT_RUN,test1_demo;test2_golden,1,1,killed,-8,0.309,,<missing>,
resize,ast_emitted,79d57c0a70e9e14a,cxx_arith_swap,resize_box_uint8_down.halide_generated.cpp,4025,24,operator+ -> operator*,m1042_cxx_arith_swap_operator_mul,OK,1141a6f24f1059ae,OK,SURVIVED,KILLED,NOT_RUN,NOT_RUN,test2_golden,1,1,killed,0,0.813,,c87fa9d72842a1ae,
resize,ast_emitted,fec52618c6ab2374,cxx_rel_swap,resize_box_uint8_down.halide_generated.cpp,4026,55,operator< -> operator>,m1045_cxx_rel_swap_operator_gt,OK,dc6dd0a7ebbb2bc4,OK,SURVIVED,KILLED,NOT_RUN,NOT_RUN,test2_golden,1,1,killed,0,0.357,,b3cbffd4ff0f1b24,
resize,ast_emitted,5d90a0c30dff3807,cxx_rel_swap,resize_box_uint8_down.halide_generated.cpp,4026,55,operator< -> operator>=,m1046_cxx_rel_swap_operator_gt_eq,OK,dc6dd0a7ebbb2bc4,OK,SURVIVED,KILLED,NOT_RUN,NOT_RUN,test2_golden,1,1,killed,0,0.358,,b3cbffd4ff0f1b24,
resize,ast_emitted,3b29f81ffdcff545,cxx_rel_swap,resize_box_uint8_down.halide_generated.cpp,4026,55,operator< -> operator!=,m1048_cxx_rel_swap_operator_not_eq,OK,b7b5ea7b4ae88f3e,OK,NOT_RUN,NOT_RUN,NOT_RUN,NOT_RUN,,0,1,equivalent_tce,,,,,bit-identical machine code at -O2: no test can distinguish it
resize,ast_emitted,4029275509c09ea7,cxx_rel_swap,resize_box_uint8_down.halide_generated.cpp,4026,55,operator< -> operator==,m1047_cxx_rel_swap_operator_eq_eq,OK,dc6dd0a7ebbb2bc4,OK,SURVIVED,KILLED,NOT_RUN,NOT_RUN,test2_golden,1,1,killed,0,0.339,,b3cbffd4ff0f1b24,
resize,ast_emitted,9dd1b2913cb31be0,cxx_rel_swap,resize_box_uint8_down.halide_generated.cpp,4026,55,operator< -> operator<=,m1044_cxx_rel_swap_operator_lt_eq,OK,6dbfe9d6fd87047b,OK,SURVIVED,KILLED,NOT_RUN,NOT_RUN,test2_golden,1,1,killed,0,1.412,,59a6ece4e9957be4,
resize,ast_emitted,1b8bfb9d4da7cdc8,cxx_arith_swap,resize_box_uint8_down.halide_generated.cpp,4026,59,operator+ -> operator-,m1049_cxx_arith_swap_operator_sub,OK,dc6dd0a7ebbb2bc4,OK,SURVIVED,KILLED,NOT_RUN,NOT_RUN,test2_golden,1,1,killed,0,0.542,,b3cbffd4ff0f1b24,
resize,ast_emitted,71d9828bca2c3e98,cxx_arith_swap,resize_box_uint8_down.halide_generated.cpp,4026,59,operator+ -> operator*,m1050_cxx_arith_swap_operator_mul,OK,dc6dd0a7ebbb2bc4,OK,SURVIVED,KILLED,NOT_RUN,NOT_RUN,test2_golden,1,1,killed,0,0.360,,b3cbffd4ff0f1b24,
resize,ast_emitted,77dd9514fbe0d610,cxx_arith_swap,resize_box_uint8_down.halide_generated.cpp,4026,59,operator+ -> operator/,m1051_cxx_arith_swap_operator_div,OK,dc6dd0a7ebbb2bc4,OK,SURVIVED,KILLED,NOT_RUN,NOT_RUN,test2_golden,1,1,killed,0,0.385,,b3cbffd4ff0f1b24,
resize,ast_emitted,8cc6b55ceb0235b1,cxx_arith_swap,resize_box_uint8_down.halide_generated.cpp,4037,41,operator* -> operator-,m1053_cxx_arith_swap_operator_sub,OK,af931c694427c5ab,OK,KILLED,KILLED,NOT_RUN,NOT_RUN,test1_demo;test2_golden,1,1,killed,-11,0.262,,<missing>,
resize,ast_emitted,9393f41c566ebb91,cxx_arith_swap,resize_box_uint8_down.halide_generated.cpp,4037,41,operator* -> operator+,m1052_cxx_arith_swap_operator_add,OK,df0fa57463c6bc88,OK,SURVIVED,KILLED,NOT_RUN,NOT_RUN,test2_golden,1,1,killed,0,0.495,,184ff3ef4a99e4e8,
resize,ast_emitted,a52c41eb4b6e9f48,cxx_arith_swap,resize_box_uint8_down.halide_generated.cpp,4037,41,operator* -> operator/,m1054_cxx_arith_swap_operator_div,OK,c07bdb578af53506,OK,SURVIVED,KILLED,NOT_RUN,NOT_RUN,test2_golden,1,1,killed,0,0.664,,2f7a94e574005138,
resize,ast_emitted,5435318d5452f5cb,cxx_arith_swap,resize_box_uint8_down.halide_generated.cpp,4038,28,operator- -> operator*,m1056_cxx_arith_swap_operator_mul,OK,7727275d200b4d4a,OK,SURVIVED,KILLED,NOT_RUN,NOT_RUN,test2_golden,1,1,killed,0,0.414,,2f7a94e574005138,
resize,ast_emitted,89011bce2d387ec7,cxx_arith_swap,resize_box_uint8_down.halide_generated.cpp,4038,28,operator- -> operator/,m1057_cxx_arith_swap_operator_div,OK,1228a6c5670db645,OK,KILLED,KILLED,NOT_RUN,NOT_RUN,test1_demo;test2_golden,1,1,killed,-8,0.279,,<missing>,
resize,ast_emitted,2d91bb73dba8e78f,cxx_arith_swap,resize_box_uint8_down.halide_generated.cpp,4038,28,operator- -> operator+,m1055_cxx_arith_swap_operator_add,OK,564ebfc69abf5da8,OK,SURVIVED,SURVIVED,NOT_RUN,NOT_RUN,,0,0,,0,1.514,,d1c42bdaf408029e,
resize,ast_emitted,cddc4d7d53b44486,cxx_rel_swap,resize_box_uint8_down.halide_generated.cpp,4039,64,operator< -> operator<=,m1058_cxx_rel_swap_operator_lt_eq,OK,59f08c05b01455b8,OK,SURVIVED,KILLED,NOT_RUN,NOT_RUN,test2_golden,1,1,killed,0,0.555,,f2456b4d71a52f5f,
resize,ast_emitted,850d13b539629fc7,cxx_rel_swap,resize_box_uint8_down.halide_generated.cpp,4039,64,operator< -> operator>=,m1060_cxx_rel_swap_operator_gt_eq,OK,f68fc9a32ee525c1,OK,SURVIVED,KILLED,NOT_RUN,NOT_RUN,test2_golden,1,1,killed,0,0.259,,b3cbffd4ff0f1b24,
resize,ast_emitted,e02d0b027f70957b,cxx_rel_swap,resize_box_uint8_down.halide_generated.cpp,4039,64,operator< -> operator>,m1059_cxx_rel_swap_operator_gt,OK,31095284824d44bc,OK,SURVIVED,KILLED,NOT_RUN,NOT_RUN,test2_golden,1,1,killed,0,0.465,,b3cbffd4ff0f1b24,
resize,ast_emitted,790075d18bb25294,cxx_rel_swap,resize_box_uint8_down.halide_generated.cpp,4039,64,operator< -> operator==,m1061_cxx_rel_swap_operator_eq_eq,OK,7d3880d69d585ac9,OK,SURVIVED,KILLED,NOT_RUN,NOT_RUN,test2_golden,1,1,killed,0,0.488,,b3cbffd4ff0f1b24,
resize,ast_emitted,9346f60b351690dc,cxx_arith_swap,resize_box_uint8_down.halide_generated.cpp,4039,68,operator+ -> operator*,m1064_cxx_arith_swap_operator_mul,OK,d2fd6b501571e7b0,OK,SURVIVED,KILLED,NOT_RUN,NOT_RUN,test2_golden,1,1,killed,0,0.459,,b3cbffd4ff0f1b24,
resize,ast_emitted,b263344f14aee115,cxx_arith_swap,resize_box_uint8_down.halide_generated.cpp,4039,68,operator+ -> operator-,m1063_cxx_arith_swap_operator_sub,OK,31e33ec725024ef0,OK,SURVIVED,KILLED,NOT_RUN,NOT_RUN,test2_golden,1,1,killed,0,0.531,,b3cbffd4ff0f1b24,
resize,ast_emitted,59608badba3d9f6d,cxx_rel_swap,resize_box_uint8_down.halide_generated.cpp,4039,64,operator< -> operator!=,m1062_cxx_rel_swap_operator_not_eq,OK,91926b4318227ba5,OK,SURVIVED,SURVIVED,NOT_RUN,NOT_RUN,,0,0,,0,0.750,,d1c42bdaf408029e,
resize,ast_emitted,86602de7ea2e1ce9,cxx_arith_swap,resize_box_uint8_down.halide_generated.cpp,4039,68,operator+ -> operator/,m1065_cxx_arith_swap_operator_div,OK,d2fd6b501571e7b0,OK,SURVIVED,KILLED,NOT_RUN,NOT_RUN,test2_golden,1,1,killed,0,0.454,,b3cbffd4ff0f1b24,
resize,ast_emitted,45d738d775eca985,cxx_arith_swap,resize_box_uint8_down.halide_generated.cpp,4045,27,operator* -> operator+,m1066_cxx_arith_swap_operator_add,OK,1b7b9e6103c6ee4e,OK,SURVIVED,KILLED,NOT_RUN,NOT_RUN,test2_golden,1,1,killed,0,0.626,,a6977efaab95f8e0,
resize,ast_emitted,1063ab2fe209ffff,cxx_arith_swap,resize_box_uint8_down.halide_generated.cpp,4046,29,operator+ -> operator*,m1070_cxx_arith_swap_operator_mul,OK,7969f4da1a4d0b7a,OK,KILLED,KILLED,NOT_RUN,NOT_RUN,test1_demo;test2_golden,1,1,killed,-11,0.336,,<missing>,
resize,ast_emitted,85385b76a5fc5f4a,cxx_arith_swap,resize_box_uint8_down.halide_generated.cpp,4045,27,operator* -> operator/,m1068_cxx_arith_swap_operator_div,OK,7944bdb312146952,OK,KILLED,KILLED,NOT_RUN,NOT_RUN,test1_demo;test2_golden,1,1,killed,-8,0.143,,<missing>,
resize,ast_emitted,cb8507b7b7564d77,cxx_arith_swap,resize_box_uint8_down.halide_generated.cpp,4046,29,operator+ -> operator/,m1071_cxx_arith_swap_operator_div,OK,ead2a89568431ed2,OK,KILLED,KILLED,NOT_RUN,NOT_RUN,test1_demo;test2_golden,1,1,killed,-8,0.265,,<missing>,
resize,ast_emitted,a62cdab4b5b0c7c7,cxx_arith_swap,resize_box_uint8_down.halide_generated.cpp,4046,29,operator+ -> operator-,m1069_cxx_arith_swap_operator_sub,OK,beba8c4ca77394af,OK,SURVIVED,KILLED,NOT_RUN,NOT_RUN,test2_golden,1,1,killed,0,1.009,,6417793130e22e74,
resize,ast_emitted,b1fe48f5ecdb70e5,cxx_arith_swap,resize_box_uint8_down.halide_generated.cpp,4045,27,operator* -> operator-,m1067_cxx_arith_swap_operator_sub,OK,db3fc88ac6dd8b1d,OK,SURVIVED,SURVIVED,NOT_RUN,NOT_RUN,,0,0,,0,1.450,,d1c42bdaf408029e,
resize,ast_emitted,e6f17fded71ae121,cxx_arith_swap,resize_box_uint8_down.halide_generated.cpp,4018,23,operator+ -> operator-,m1021_cxx_arith_swap_operator_sub,OK,af883b43deed666b,OK,KILLED,NOT_RUN,NOT_RUN,NOT_RUN,test1_demo,1,1,killed,,30.035,,,run timeout
resize,ast_emitted,05b15deea6567ba9,cxx_arith_swap,resize_box_uint8_down.halide_generated.cpp,4051,27,operator+ -> operator-,m1072_cxx_arith_swap_operator_sub,OK,910d3969e4ac8574,OK,SURVIVED,KILLED,NOT_RUN,NOT_RUN,test2_golden,1,1,killed,0,1.473,,1a632079d430bdc9,
resize,ast_emitted,98d6a2eed03f217b,cxx_arith_swap,resize_box_uint8_down.halide_generated.cpp,4051,27,operator+ -> operator/,m1074_cxx_arith_swap_operator_div,OK,5e014dea8fcec5e9,OK,SURVIVED,KILLED,NOT_RUN,NOT_RUN,test2_golden,1,1,killed,0,1.514,,07fd3db93f70aba8,
resize,ast_emitted,9e8c39f4b85532ab,cxx_arith_swap,resize_box_uint8_down.halide_generated.cpp,4053,27,operator* -> operator+,m1075_cxx_arith_swap_operator_add,OK,0d790dcb1e415cfb,OK,SURVIVED,KILLED,NOT_RUN,NOT_RUN,test2_golden,1,1,killed,0,0.610,,55a5795f88c7d488,
resize,ast_emitted,7168c8839dbabf63,cxx_arith_swap,resize_box_uint8_down.halide_generated.cpp,4051,27,operator+ -> operator*,m1073_cxx_arith_swap_operator_mul,OK,fe5ad85db26e7856,OK,SURVIVED,KILLED,NOT_RUN,NOT_RUN,test2_golden,1,1,killed,0,1.341,,88020ed0bd2bad00,
resize,ast_emitted,8563accbf6a46767,cxx_arith_swap,resize_box_uint8_down.halide_generated.cpp,4053,27,operator* -> operator-,m1076_cxx_arith_swap_operator_sub,OK,9568cc64e0ecf968,OK,SURVIVED,KILLED,NOT_RUN,NOT_RUN,test2_golden,1,1,killed,0,1.511,,67137e0ad6148f03,
resize,ast_emitted,87b6ae4bdf45acf8,cxx_arith_swap,resize_box_uint8_down.halide_generated.cpp,4053,27,operator* -> operator/,m1077_cxx_arith_swap_operator_div,OK,037e313db32ba66b,OK,SURVIVED,KILLED,NOT_RUN,NOT_RUN,test2_golden,1,1,killed,0,1.592,,9e1a2f85f0d1b48a,
resize,ast_emitted,0e0ac85927c71956,cxx_arith_swap,resize_box_uint8_down.halide_generated.cpp,4055,27,operator- -> operator+,m1078_cxx_arith_swap_operator_add,OK,9b54e957a6d4ff9d,OK,SURVIVED,KILLED,NOT_RUN,NOT_RUN,test2_golden,1,1,killed,0,1.625,,0bec5dc2405f85fe,
resize,ast_emitted,c61fa68e742645ed,cxx_arith_swap,resize_box_uint8_down.halide_generated.cpp,4055,27,operator- -> operator*,m1079_cxx_arith_swap_operator_mul,OK,2c9d58ebea064c95,OK,SURVIVED,KILLED,NOT_RUN,NOT_RUN,test2_golden,1,1,killed,0,1.464,,03d69dec9e605dce,
resize,ast_emitted,4254d31b53c00b65,cxx_arith_swap,resize_box_uint8_down.halide_generated.cpp,4055,27,operator- -> operator/,m1080_cxx_arith_swap_operator_div,OK,ed1073146c8ca076,OK,SURVIVED,KILLED,NOT_RUN,NOT_RUN,test2_golden,1,1,killed,0,1.747,,ddf857ab76a2d211,
resize,ast_emitted,26d0ff844945f08f,cxx_arith_swap,resize_box_uint8_down.halide_generated.cpp,4057,27,operator* -> operator-,m1082_cxx_arith_swap_operator_sub,OK,029f7386e99ae55d,OK,SURVIVED,KILLED,NOT_RUN,NOT_RUN,test2_golden,1,1,killed,0,1.738,,64e52a1904722b1b,
resize,ast_emitted,16c3dd453c19f6c5,cxx_arith_swap,resize_box_uint8_down.halide_generated.cpp,4057,27,operator* -> operator+,m1081_cxx_arith_swap_operator_add,OK,d52d56626d48911f,OK,SURVIVED,KILLED,NOT_RUN,NOT_RUN,test2_golden,1,1,killed,0,1.624,,a7d0fbce92256946,
resize,ast_emitted,8d655a013a3b1cbd,cxx_arith_swap,resize_box_uint8_down.halide_generated.cpp,4057,27,operator* -> operator/,m1083_cxx_arith_swap_operator_div,OK,768f12b143b103fc,OK,SURVIVED,KILLED,NOT_RUN,NOT_RUN,test2_golden,1,1,killed,0,1.633,,cef924afcf8185fe,
resize,ast_emitted,fd303811741815c3,cxx_arith_swap,resize_box_uint8_down.halide_generated.cpp,4063,29,operator+ -> operator-,m1087_cxx_arith_swap_operator_sub,OK,b7b5ea7b4ae88f3e,OK,NOT_RUN,NOT_RUN,NOT_RUN,NOT_RUN,,0,1,equivalent_tce,,,,,bit-identical machine code at -O2: no test can distinguish it
resize,ast_emitted,0a86690fb5a36f3b,cxx_arith_swap,resize_box_uint8_down.halide_generated.cpp,4059,27,operator- -> operator+,m1084_cxx_arith_swap_operator_add,OK,47d872a1ad44e9f7,OK,SURVIVED,KILLED,NOT_RUN,NOT_RUN,test2_golden,1,1,killed,0,0.974,,57f46fb4d9796fac,
resize,ast_emitted,bbbd6e2a893496f6,cxx_arith_swap,resize_box_uint8_down.halide_generated.cpp,4059,27,operator- -> operator*,m1085_cxx_arith_swap_operator_mul,OK,b6db85b9dfa20ac1,OK,SURVIVED,KILLED,NOT_RUN,NOT_RUN,test2_golden,1,1,killed,0,0.685,,0bec5dc2405f85fe,
resize,ast_emitted,5d6c97a055a06034,cxx_arith_swap,resize_box_uint8_down.halide_generated.cpp,4059,27,operator- -> operator/,m1086_cxx_arith_swap_operator_div,OK,6a2475b87b234510,OK,SURVIVED,KILLED,NOT_RUN,NOT_RUN,test2_golden,1,1,killed,0,1.473,,0bec5dc2405f85fe,
resize,ast_emitted,48ae2d43ee66da5d,cxx_arith_swap,resize_box_uint8_down.halide_generated.cpp,4063,29,operator+ -> operator*,m1088_cxx_arith_swap_operator_mul,OK,f3ae888a465c8fc1,OK,SURVIVED,KILLED,NOT_RUN,NOT_RUN,test2_golden,1,1,killed,0,1.430,,b54fa90f4da08b86,
resize,ast_emitted,1c2ea196f44799a5,cxx_arith_swap,resize_box_uint8_down.halide_generated.cpp,4063,29,operator+ -> operator/,m1089_cxx_arith_swap_operator_div,OK,f3ae888a465c8fc1,OK,SURVIVED,KILLED,NOT_RUN,NOT_RUN,test2_golden,1,1,killed,0,0.667,,b54fa90f4da08b86,
resize,ast_emitted,e5ebb2b60b91341c,cxx_arith_swap,resize_box_uint8_down.halide_generated.cpp,4066,27,operator+ -> operator*,m1091_cxx_arith_swap_operator_mul,OK,aa8214518d2f1145,OK,SURVIVED,KILLED,NOT_RUN,NOT_RUN,test2_golden,1,1,killed,0,1.584,,f882061c19aa9133,
resize,ast_emitted,9678a9b58c488ee3,cxx_arith_swap,resize_box_uint8_down.halide_generated.cpp,4066,27,operator+ -> operator-,m1090_cxx_arith_swap_operator_sub,OK,910d3969e4ac8574,OK,SURVIVED,KILLED,NOT_RUN,NOT_RUN,test2_golden,1,1,killed,0,1.469,,b54fa90f4da08b86,
resize,ast_emitted,f5c0c44bbbcfc5f4,cxx_arith_swap,resize_box_uint8_down.halide_generated.cpp,4066,27,operator+ -> operator/,m1092_cxx_arith_swap_operator_div,OK,48b1cc9556bb7372,OK,SURVIVED,KILLED,NOT_RUN,NOT_RUN,test2_golden,1,1,killed,0,1.406,,2d0fd072096a0dc0,
resize,ast_emitted,80c9cb83851f43fa,cxx_arith_swap,resize_box_uint8_down.halide_generated.cpp,4068,27,operator* -> operator+,m1093_cxx_arith_swap_operator_add,OK,af26155948e4c6a2,OK,SURVIVED,KILLED,NOT_RUN,NOT_RUN,test2_golden,1,1,killed,0,1.812,,0bc228db7bf16004,
resize,ast_emitted,d49921bae2bc02be,cxx_arith_swap,resize_box_uint8_down.halide_generated.cpp,4068,27,operator* -> operator-,m1094_cxx_arith_swap_operator_sub,OK,ca54138f0d354f8b,OK,SURVIVED,KILLED,NOT_RUN,NOT_RUN,test2_golden,1,1,killed,0,1.289,,92a2fb9c638f47ae,
resize,ast_emitted,9f34fc38f4e7707d,cxx_arith_swap,resize_box_uint8_down.halide_generated.cpp,4068,27,operator* -> operator/,m1095_cxx_arith_swap_operator_div,OK,0463bfdb4b2aba4c,OK,SURVIVED,KILLED,NOT_RUN,NOT_RUN,test2_golden,1,1,killed,0,0.670,,932330587d670580,
resize,ast_emitted,7805f855327daa16,cxx_arith_swap,resize_box_uint8_down.halide_generated.cpp,4070,27,operator- -> operator+,m1096_cxx_arith_swap_operator_add,OK,9b54e957a6d4ff9d,OK,SURVIVED,KILLED,NOT_RUN,NOT_RUN,test2_golden,1,1,killed,0,1.618,,8cdeffedcf6ea15a,
resize,ast_emitted,441de7eae4cdb0d0,cxx_arith_swap,resize_box_uint8_down.halide_generated.cpp,4070,27,operator- -> operator/,m1098_cxx_arith_swap_operator_div,OK,e1292c20c62bf386,OK,SURVIVED,KILLED,NOT_RUN,NOT_RUN,test2_golden,1,1,killed,0,1.666,,7563f41353d4055f,
resize,ast_emitted,258babe8f8a9f6c9,cxx_arith_swap,resize_box_uint8_down.halide_generated.cpp,4070,27,operator- -> operator*,m1097_cxx_arith_swap_operator_mul,OK,3f063ab04fac88d4,OK,SURVIVED,KILLED,NOT_RUN,NOT_RUN,test2_golden,1,1,killed,0,1.442,,e198371a292e1e0f,
resize,ast_emitted,574a4c13a46b5e3e,cxx_arith_swap,resize_box_uint8_down.halide_generated.cpp,4076,29,operator+ -> operator-,m1102_cxx_arith_swap_operator_sub,OK,b7b5ea7b4ae88f3e,OK,NOT_RUN,NOT_RUN,NOT_RUN,NOT_RUN,,0,1,equivalent_tce,,,,,bit-identical machine code at -O2: no test can distinguish it
resize,ast_emitted,ca9a340e53222407,cxx_arith_swap,resize_box_uint8_down.halide_generated.cpp,4072,27,operator- -> operator+,m1099_cxx_arith_swap_operator_add,OK,59eb70d6ce981471,OK,SURVIVED,KILLED,NOT_RUN,NOT_RUN,test2_golden,1,1,killed,0,1.014,,20712719e90cc394,
resize,ast_emitted,b8f61d681bce8cbd,cxx_arith_swap,resize_box_uint8_down.halide_generated.cpp,4072,27,operator- -> operator*,m1100_cxx_arith_swap_operator_mul,OK,18d530ac2c22a2e5,OK,SURVIVED,KILLED,NOT_RUN,NOT_RUN,test2_golden,1,1,killed,0,1.031,,8cdeffedcf6ea15a,
resize,ast_emitted,362419bbf660f575,cxx_arith_swap,resize_box_uint8_down.halide_generated.cpp,4072,27,operator- -> operator/,m1101_cxx_arith_swap_operator_div,OK,640ed2554fe281be,OK,SURVIVED,KILLED,NOT_RUN,NOT_RUN,test2_golden,1,1,killed,0,1.690,,8cdeffedcf6ea15a,
resize,ast_emitted,77c60db94e62f02f,cxx_arith_swap,resize_box_uint8_down.halide_generated.cpp,4076,29,operator+ -> operator/,m1104_cxx_arith_swap_operator_div,OK,7871e62b5bdd7c47,OK,SURVIVED,KILLED,NOT_RUN,NOT_RUN,test2_golden,1,1,killed,0,1.578,,9642a7de3d9a1fc6,
resize,ast_emitted,d21485dda9af2c55,cxx_arith_swap,resize_box_uint8_down.halide_generated.cpp,4076,29,operator+ -> operator*,m1103_cxx_arith_swap_operator_mul,OK,f582fcccf0121c3a,OK,SURVIVED,KILLED,NOT_RUN,NOT_RUN,test2_golden,1,1,killed,0,0.667,,933200284297e9dd,
resize,ast_emitted,ac79458715494079,cxx_arith_swap,resize_box_uint8_down.halide_generated.cpp,4079,27,operator+ -> operator-,m1105_cxx_arith_swap_operator_sub,OK,910d3969e4ac8574,OK,SURVIVED,KILLED,NOT_RUN,NOT_RUN,test2_golden,1,1,killed,0,1.771,,b373441309e7c905,
resize,ast_emitted,73c9b57721a99dba,cxx_arith_swap,resize_box_uint8_down.halide_generated.cpp,4079,27,operator+ -> operator*,m1106_cxx_arith_swap_operator_mul,OK,19f9933b942851f2,OK,SURVIVED,KILLED,NOT_RUN,NOT_RUN,test2_golden,1,1,killed,0,0.650,,69afb768bb6838cf,
resize,ast_emitted,fd3ad833f49be4a2,cxx_arith_swap,resize_box_uint8_down.halide_generated.cpp,4081,27,operator* -> operator/,m1110_cxx_arith_swap_operator_div,OK,f1b1a9bea6250a1f,OK,SURVIVED,KILLED,NOT_RUN,NOT_RUN,test2_golden,1,1,killed,0,0.668,,848479060c38385e,
resize,ast_emitted,ed5086c69b05e3d9,cxx_arith_swap,resize_box_uint8_down.halide_generated.cpp,4079,27,operator+ -> operator/,m1107_cxx_arith_swap_operator_div,OK,fea241ff3a6b84c6,OK,SURVIVED,KILLED,NOT_RUN,NOT_RUN,test2_golden,1,1,killed,0,1.496,,306f177bf4557f91,
resize,ast_emitted,9742879fbcc0c24d,cxx_arith_swap,resize_box_uint8_down.halide_generated.cpp,4081,27,operator* -> operator+,m1108_cxx_arith_swap_operator_add,OK,8085c9620ac9804d,OK,SURVIVED,KILLED,NOT_RUN,NOT_RUN,test2_golden,1,1,killed,0,1.457,,b10beabd6d95bbe7,
resize,ast_emitted,75f4b20c22dde6ee,cxx_arith_swap,resize_box_uint8_down.halide_generated.cpp,4081,27,operator* -> operator-,m1109_cxx_arith_swap_operator_sub,OK,86994afad29ec5de,OK,SURVIVED,KILLED,NOT_RUN,NOT_RUN,test2_golden,1,1,killed,0,1.406,,823eaa1b84d60856,
resize,ast_emitted,4e823fc9f7a0a151,cxx_arith_swap,resize_box_uint8_down.halide_generated.cpp,4083,27,operator- -> operator+,m1111_cxx_arith_swap_operator_add,OK,9b54e957a6d4ff9d,OK,SURVIVED,KILLED,NOT_RUN,NOT_RUN,test2_golden,1,1,killed,0,1.528,,14308dcbf2c8fc14,
resize,ast_emitted,e06630a36589f476,cxx_arith_swap,resize_box_uint8_down.halide_generated.cpp,4089,29,operator+ -> operator-,m1117_cxx_arith_swap_operator_sub,OK,b7b5ea7b4ae88f3e,OK,NOT_RUN,NOT_RUN,NOT_RUN,NOT_RUN,,0,1,equivalent_tce,,,,,bit-identical machine code at -O2: no test can distinguish it
resize,ast_emitted,b827c7880534fd7b,cxx_arith_swap,resize_box_uint8_down.halide_generated.cpp,4083,27,operator- -> operator*,m1112_cxx_arith_swap_operator_mul,OK,1a5900581e3a51b9,OK,SURVIVED,KILLED,NOT_RUN,NOT_RUN,test2_golden,1,1,killed,0,0.922,,2eca979500838c46,
resize,ast_emitted,52d68015978307f7,cxx_arith_swap,resize_box_uint8_down.halide_generated.cpp,4083,27,operator- -> operator/,m1113_cxx_arith_swap_operator_div,OK,374a0d160946cfed,OK,SURVIVED,KILLED,NOT_RUN,NOT_RUN,test2_golden,1,1,killed,0,0.668,,e7c0ed678db0bb1b,
resize,ast_emitted,7090e0241e9b6940,cxx_arith_swap,resize_box_uint8_down.halide_generated.cpp,4085,27,operator- -> operator+,m1114_cxx_arith_swap_operator_add,OK,0afca17112b646a6,OK,SURVIVED,KILLED,NOT_RUN,NOT_RUN,test2_golden,1,1,killed,0,0.870,,73f02f4d9e590963,
resize,ast_emitted,2ab273fa9cf180c9,cxx_arith_swap,resize_box_uint8_down.halide_generated.cpp,4085,27,operator- -> operator*,m1115_cxx_arith_swap_operator_mul,OK,cde7e39fab8cc5ab,OK,SURVIVED,KILLED,NOT_RUN,NOT_RUN,test2_golden,1,1,killed,0,1.273,,14308dcbf2c8fc14,
resize,ast_emitted,cec9e0cec4259d3b,cxx_arith_swap,resize_box_uint8_down.halide_generated.cpp,4085,27,operator- -> operator/,m1116_cxx_arith_swap_operator_div,OK,7a561bf6d957c696,OK,SURVIVED,KILLED,NOT_RUN,NOT_RUN,test2_golden,1,1,killed,0,0.991,,14308dcbf2c8fc14,
resize,ast_emitted,0cf93409cae57cae,cxx_arith_swap,resize_box_uint8_down.halide_generated.cpp,4092,27,operator+ -> operator-,m1120_cxx_arith_swap_operator_sub,OK,910d3969e4ac8574,OK,SURVIVED,KILLED,NOT_RUN,NOT_RUN,test2_golden,1,1,killed,0,0.834,,ea6eaa25dbe21b9e,
resize,ast_emitted,e955a571def0612d,cxx_arith_swap,resize_box_uint8_down.halide_generated.cpp,4089,29,operator+ -> operator/,m1119_cxx_arith_swap_operator_div,OK,50acba158132299f,OK,SURVIVED,KILLED,NOT_RUN,NOT_RUN,test2_golden,1,1,killed,0,0.664,,b2b53685c5df76be,
resize,ast_emitted,17307d9110ebeb19,cxx_arith_swap,resize_box_uint8_down.halide_generated.cpp,4089,29,operator+ -> operator*,m1118_cxx_arith_swap_operator_mul,OK,a25336d003a41ef0,OK,SURVIVED,KILLED,NOT_RUN,NOT_RUN,test2_golden,1,1,killed,0,0.677,,a6b7a76f318318a1,
resize,ast_emitted,7d66bf3766c3aa58,cxx_arith_swap,resize_box_uint8_down.halide_generated.cpp,4092,27,operator+ -> operator*,m1121_cxx_arith_swap_operator_mul,OK,2007abb7f3834e28,OK,SURVIVED,KILLED,NOT_RUN,NOT_RUN,test2_golden,1,1,killed,0,1.343,,524dc0aa243d42a7,
resize,ast_emitted,90dfb25e4213d46d,cxx_arith_swap,resize_box_uint8_down.halide_generated.cpp,4092,27,operator+ -> operator/,m1122_cxx_arith_swap_operator_div,OK,49fa9261978890a5,OK,SURVIVED,KILLED,NOT_RUN,NOT_RUN,test2_golden,1,1,killed,0,1.368,,9ea529a4b4ded949,
resize,ast_emitted,9272ace15982ac6f,cxx_arith_swap,resize_box_uint8_down.halide_generated.cpp,4094,27,operator* -> operator+,m1123_cxx_arith_swap_operator_add,OK,c7f0389efb9a454d,OK,SURVIVED,KILLED,NOT_RUN,NOT_RUN,test2_golden,1,1,killed,0,0.806,,90e1eccc31dffa1b,
resize,ast_emitted,2bd889a29daffc06,cxx_arith_swap,resize_box_uint8_down.halide_generated.cpp,4096,27,operator- -> operator+,m1126_cxx_arith_swap_operator_add,OK,9b54e957a6d4ff9d,OK,SURVIVED,KILLED,NOT_RUN,NOT_RUN,test2_golden,1,1,killed,0,0.696,,3f3b5357b763efa1,
resize,ast_emitted,f012cf50b8fdafbf,cxx_arith_swap,resize_box_uint8_down.halide_generated.cpp,4094,27,operator* -> operator/,m1125_cxx_arith_swap_operator_div,OK,94ad3717c5d69c65,OK,SURVIVED,KILLED,NOT_RUN,NOT_RUN,test2_golden,1,1,killed,0,1.489,,1fcd3e6be5687666,
resize,ast_emitted,398da94636463bdf,cxx_arith_swap,resize_box_uint8_down.halide_generated.cpp,4096,27,operator- -> operator*,m1127_cxx_arith_swap_operator_mul,OK,54ab7470668c73c2,OK,SURVIVED,KILLED,NOT_RUN,NOT_RUN,test2_golden,1,1,killed,0,0.911,,585629e3934ca00f,
resize,ast_emitted,24617e31be1c3107,cxx_arith_swap,resize_box_uint8_down.halide_generated.cpp,4094,27,operator* -> operator-,m1124_cxx_arith_swap_operator_sub,OK,94a9712d295587fc,OK,SURVIVED,KILLED,NOT_RUN,NOT_RUN,test2_golden,1,1,killed,0,1.420,,5756fd98a35ef182,
resize,ast_emitted,e13f958abfb81345,cxx_arith_swap,resize_box_uint8_down.halide_generated.cpp,4102,29,operator+ -> operator-,m1132_cxx_arith_swap_operator_sub,OK,b7b5ea7b4ae88f3e,OK,NOT_RUN,NOT_RUN,NOT_RUN,NOT_RUN,,0,1,equivalent_tce,,,,,bit-identical machine code at -O2: no test can distinguish it
resize,ast_emitted,73cdaf66c9398e16,cxx_arith_swap,resize_box_uint8_down.halide_generated.cpp,4096,27,operator- -> operator/,m1128_cxx_arith_swap_operator_div,OK,342d37b00a1f75db,OK,SURVIVED,KILLED,NOT_RUN,NOT_RUN,test2_golden,1,1,killed,0,0.826,,e091a93a76c75ca2,
resize,ast_emitted,fd8b1ffd9bee58c4,cxx_arith_swap,resize_box_uint8_down.halide_generated.cpp,4098,27,operator- -> operator+,m1129_cxx_arith_swap_operator_add,OK,d3a38be1ee9beb18,OK,SURVIVED,KILLED,NOT_RUN,NOT_RUN,test2_golden,1,1,killed,0,1.670,,b0a58df494eec876,
resize,ast_emitted,f107f39ac5ae014f,cxx_arith_swap,resize_box_uint8_down.halide_generated.cpp,4098,27,operator- -> operator/,m1131_cxx_arith_swap_operator_div,OK,05ba24290b677aef,OK,SURVIVED,KILLED,NOT_RUN,NOT_RUN,test2_golden,1,1,killed,0,1.144,,3f3b5357b763efa1,
resize,ast_emitted,cecf25b7123fc286,cxx_arith_swap,resize_box_uint8_down.halide_generated.cpp,4098,27,operator- -> operator*,m1130_cxx_arith_swap_operator_mul,OK,131a96996b6d6228,OK,SURVIVED,KILLED,NOT_RUN,NOT_RUN,test2_golden,1,1,killed,0,0.817,,3f3b5357b763efa1,
resize,ast_emitted,6dd55fd583ee8c76,cxx_arith_swap,resize_box_uint8_down.halide_generated.cpp,4102,29,operator+ -> operator*,m1133_cxx_arith_swap_operator_mul,OK,053c9f0ea301f1e1,OK,SURVIVED,KILLED,NOT_RUN,NOT_RUN,test2_golden,1,1,killed,0,1.368,,c2563723a264d571,
resize,ast_emitted,585e8fd8da1eb2cc,cxx_arith_swap,resize_box_uint8_down.halide_generated.cpp,4102,29,operator+ -> operator/,m1134_cxx_arith_swap_operator_div,OK,50d13a084bf10db3,OK,SURVIVED,KILLED,NOT_RUN,NOT_RUN,test2_golden,1,1,killed,0,1.769,,4edfeb9ce09ff02a,
resize,ast_emitted,802a1de3f132f8a9,cxx_arith_swap,resize_box_uint8_down.halide_generated.cpp,4105,27,operator+ -> operator-,m1135_cxx_arith_swap_operator_sub,OK,a5cd1edbc6976dc0,OK,SURVIVED,KILLED,NOT_RUN,NOT_RUN,test2_golden,1,1,killed,0,0.779,,61c514bb4a775234,
resize,ast_emitted,cb96b8ec937e807a,cxx_arith_swap,resize_box_uint8_down.halide_generated.cpp,4105,27,operator+ -> operator*,m1136_cxx_arith_swap_operator_mul,OK,041e2d7cd1e1a95f,OK,SURVIVED,KILLED,NOT_RUN,NOT_RUN,test2_golden,1,1,killed,0,1.661,,45a83cd0989bf481,
resize,ast_emitted,e5d7713ef72c7be4,cxx_arith_swap,resize_box_uint8_down.halide_generated.cpp,4105,27,operator+ -> operator/,m1137_cxx_arith_swap_operator_div,OK,a25646ad4b4cbd70,OK,SURVIVED,KILLED,NOT_RUN,NOT_RUN,test2_golden,1,1,killed,0,1.467,,b9e6565e9db94976,
resize,ast_emitted,b3e62432db0e31cd,cxx_arith_swap,resize_box_uint8_down.halide_generated.cpp,4107,27,operator* -> operator+,m1138_cxx_arith_swap_operator_add,OK,66b2cfc44524e8f1,OK,SURVIVED,KILLED,NOT_RUN,NOT_RUN,test2_golden,1,1,killed,0,1.365,,cd8f7088e9cf5976,
resize,ast_emitted,170787cee9ee7481,cxx_arith_swap,resize_box_uint8_down.halide_generated.cpp,4107,27,operator* -> operator-,m1139_cxx_arith_swap_operator_sub,OK,87940212510733ec,OK,SURVIVED,KILLED,NOT_RUN,NOT_RUN,test2_golden,1,1,killed,0,0.940,,da7ee9d9a9da98f8,
resize,ast_emitted,231ee9abc3bf6f94,cxx_arith_swap,resize_box_uint8_down.halide_generated.cpp,4107,27,operator* -> operator/,m1140_cxx_arith_swap_operator_div,OK,a26ff5500a0e5317,OK,SURVIVED,KILLED,NOT_RUN,NOT_RUN,test2_golden,1,1,killed,0,0.677,,406e64ed669fd6ec,
resize,ast_emitted,4bbdd19fee88f4e2,cxx_arith_swap,resize_box_uint8_down.halide_generated.cpp,4109,27,operator- -> operator+,m1141_cxx_arith_swap_operator_add,OK,070529695f79245b,OK,SURVIVED,KILLED,NOT_RUN,NOT_RUN,test2_golden,1,1,killed,0,1.793,,68cce5997c39adf7,
resize,ast_emitted,036ddc6cb522ccbf,cxx_arith_swap,resize_box_uint8_down.halide_generated.cpp,4109,27,operator- -> operator*,m1142_cxx_arith_swap_operator_mul,OK,42d2d80d3e26fb85,OK,SURVIVED,KILLED,NOT_RUN,NOT_RUN,test2_golden,1,1,killed,0,1.226,,d0af4d32824155b6,
resize,ast_emitted,b40f1f41ade9c880,cxx_arith_swap,resize_box_uint8_down.halide_generated.cpp,4115,29,operator+ -> operator-,m1147_cxx_arith_swap_operator_sub,OK,b7b5ea7b4ae88f3e,OK,NOT_RUN,NOT_RUN,NOT_RUN,NOT_RUN,,0,1,equivalent_tce,,,,,bit-identical machine code at -O2: no test can distinguish it
resize,ast_emitted,d702b7a725d7ad07,cxx_arith_swap,resize_box_uint8_down.halide_generated.cpp,4109,27,operator- -> operator/,m1143_cxx_arith_swap_operator_div,OK,d176b4b87959c773,OK,SURVIVED,KILLED,NOT_RUN,NOT_RUN,test2_golden,1,1,killed,0,0.935,,f24347b2aed86b42,
resize,ast_emitted,6431a75b1cc0063b,cxx_arith_swap,resize_box_uint8_down.halide_generated.cpp,4111,27,operator- -> operator*,m1145_cxx_arith_swap_operator_mul,OK,f249551ab3faea2e,OK,SURVIVED,KILLED,NOT_RUN,NOT_RUN,test2_golden,1,1,killed,0,1.612,,68cce5997c39adf7,
resize,ast_emitted,d653339778a49380,cxx_arith_swap,resize_box_uint8_down.halide_generated.cpp,4111,27,operator- -> operator+,m1144_cxx_arith_swap_operator_add,OK,651041bcb1317b79,OK,SURVIVED,KILLED,NOT_RUN,NOT_RUN,test2_golden,1,1,killed,0,1.357,,4f4300cc1abccec1,
resize,ast_emitted,6caee2673f5b11b4,cxx_arith_swap,resize_box_uint8_down.halide_generated.cpp,4111,27,operator- -> operator/,m1146_cxx_arith_swap_operator_div,OK,b40330be5824c024,OK,SURVIVED,KILLED,NOT_RUN,NOT_RUN,test2_golden,1,1,killed,0,1.443,,68cce5997c39adf7,
resize,ast_emitted,aad84266cb0d59f1,cxx_arith_swap,resize_box_uint8_down.halide_generated.cpp,4115,29,operator+ -> operator*,m1148_cxx_arith_swap_operator_mul,OK,e99b95f05bd98cf5,OK,SURVIVED,KILLED,NOT_RUN,NOT_RUN,test2_golden,1,1,killed,0,0.659,,88ab91fb7f418e4b,
resize,ast_emitted,f7fa595aca6e0ac9,cxx_arith_swap,resize_box_uint8_down.halide_generated.cpp,4118,27,operator+ -> operator-,m1150_cxx_arith_swap_operator_sub,OK,a5cd1edbc6976dc0,OK,SURVIVED,KILLED,NOT_RUN,NOT_RUN,test2_golden,1,1,killed,0,0.855,,4da3faead6a317d5,
resize,ast_emitted,d0004c70614d742b,cxx_arith_swap,resize_box_uint8_down.halide_generated.cpp,4115,29,operator+ -> operator/,m1149_cxx_arith_swap_operator_div,OK,d2e83818869420bd,OK,SURVIVED,KILLED,NOT_RUN,NOT_RUN,test2_golden,1,1,killed,0,1.453,,fed128d04ad2f4f3,
resize,ast_emitted,276f91df9ccbbd06,cxx_arith_swap,resize_box_uint8_down.halide_generated.cpp,4118,27,operator+ -> operator/,m1152_cxx_arith_swap_operator_div,OK,87aa0c45e8b0a4f4,OK,SURVIVED,KILLED,NOT_RUN,NOT_RUN,test2_golden,1,1,killed,0,0.668,,eeb55e080707bca9,
resize,ast_emitted,13b5883fdec9437d,cxx_arith_swap,resize_box_uint8_down.halide_generated.cpp,4120,27,operator* -> operator+,m1153_cxx_arith_swap_operator_add,OK,d51ebf86f260715c,OK,SURVIVED,KILLED,NOT_RUN,NOT_RUN,test2_golden,1,1,killed,0,1.471,,484d50fcea6e4f52,
resize,ast_emitted,4ab7fb7ec8979aa5,cxx_arith_swap,resize_box_uint8_down.halide_generated.cpp,4118,27,operator+ -> operator*,m1151_cxx_arith_swap_operator_mul,OK,ec1fb2887161a47b,OK,SURVIVED,KILLED,NOT_RUN,NOT_RUN,test2_golden,1,1,killed,0,0.670,,a17da3eba3a3e566,
resize,ast_emitted,d6961d5ade5c1dcc,cxx_arith_swap,resize_box_uint8_down.halide_generated.cpp,4120,27,operator* -> operator-,m1154_cxx_arith_swap_operator_sub,OK,efd9584ac9426618,OK,SURVIVED,KILLED,NOT_RUN,NOT_RUN,test2_golden,1,1,killed,0,0.672,,2f23bde9cb2821e5,
resize,ast_emitted,80aba932486b9ef3,cxx_arith_swap,resize_box_uint8_down.halide_generated.cpp,4122,27,operator- -> operator*,m1157_cxx_arith_swap_operator_mul,OK,2a943ab87052951b,OK,SURVIVED,KILLED,NOT_RUN,NOT_RUN,test2_golden,1,1,killed,0,0.681,,76edc46ffd134482,
resize,ast_emitted,1354cf37be67efed,cxx_arith_swap,resize_box_uint8_down.halide_generated.cpp,4120,27,operator* -> operator/,m1155_cxx_arith_swap_operator_div,OK,24d0013bae6df37e,OK,SURVIVED,KILLED,NOT_RUN,NOT_RUN,test2_golden,1,1,killed,0,1.358,,465d4087d39a7214,
resize,ast_emitted,ee8a20c17f81e11f,cxx_arith_swap,resize_box_uint8_down.halide_generated.cpp,4122,27,operator- -> operator+,m1156_cxx_arith_swap_operator_add,OK,070529695f79245b,OK,SURVIVED,KILLED,NOT_RUN,NOT_RUN,test2_golden,1,1,killed,0,1.305,,2f8d4c460b63bc14,
resize,ast_emitted,dfd9a2317ff613e8,cxx_arith_swap,resize_box_uint8_down.halide_generated.cpp,4122,27,operator- -> operator/,m1158_cxx_arith_swap_operator_div,OK,0625c34305fc49b4,OK,SURVIVED,KILLED,NOT_RUN,NOT_RUN,test2_golden,1,1,killed,0,0.664,,35d8edd3f995211c,
resize,ast_emitted,21d69bd3d2726e36,cxx_arith_swap,resize_box_uint8_down.halide_generated.cpp,4128,29,operator+ -> operator-,m1162_cxx_arith_swap_operator_sub,OK,b7b5ea7b4ae88f3e,OK,NOT_RUN,NOT_RUN,NOT_RUN,NOT_RUN,,0,1,equivalent_tce,,,,,bit-identical machine code at -O2: no test can distinguish it
resize,ast_emitted,3c92f03723465f4f,cxx_arith_swap,resize_box_uint8_down.halide_generated.cpp,4124,27,operator- -> operator+,m1159_cxx_arith_swap_operator_add,OK,eeb208aed663095c,OK,SURVIVED,KILLED,NOT_RUN,NOT_RUN,test2_golden,1,1,killed,0,0.666,,e8e81c8f9f51eff1,
resize,ast_emitted,8a9f34f8603c6603,cxx_arith_swap,resize_box_uint8_down.halide_generated.cpp,4124,27,operator- -> operator*,m1160_cxx_arith_swap_operator_mul,OK,10bf6741764ec24d,OK,SURVIVED,KILLED,NOT_RUN,NOT_RUN,test2_golden,1,1,killed,0,0.689,,2f8d4c460b63bc14,
resize,ast_emitted,edf7cb38b4f80551,cxx_arith_swap,resize_box_uint8_down.halide_generated.cpp,4124,27,operator- -> operator/,m1161_cxx_arith_swap_operator_div,OK,73b3c7e415002899,OK,SURVIVED,KILLED,NOT_RUN,NOT_RUN,test2_golden,1,1,killed,0,1.381,,2f8d4c460b63bc14,
resize,ast_emitted,4ff64c01e8d011b1,cxx_arith_swap,resize_box_uint8_down.halide_generated.cpp,4128,29,operator+ -> operator*,m1163_cxx_arith_swap_operator_mul,OK,b1cf63e8d66c280a,OK,SURVIVED,KILLED,NOT_RUN,NOT_RUN,test2_golden,1,1,killed,0,1.025,,fed56c6cc6c60ea1,
resize,ast_emitted,cea450a7fedd3c42,cxx_arith_swap,resize_box_uint8_down.halide_generated.cpp,4128,29,operator+ -> operator/,m1164_cxx_arith_swap_operator_div,OK,36745eacc391e910,OK,SURVIVED,KILLED,NOT_RUN,NOT_RUN,test2_golden,1,1,killed,0,1.327,,b6b998728d3ba4eb,
resize,ast_emitted,3095edb916aabe7f,cxx_arith_swap,resize_box_uint8_down.halide_generated.cpp,4133,27,operator* -> operator+,m1168_cxx_arith_swap_operator_add,OK,897115585360886f,OK,SURVIVED,KILLED,NOT_RUN,NOT_RUN,test2_golden,1,1,killed,0,1.564,,48b246f235ca8a19,
resize,ast_emitted,01311035cd9d8662,cxx_arith_swap,resize_box_uint8_down.halide_generated.cpp,4131,27,operator+ -> operator-,m1165_cxx_arith_swap_operator_sub,OK,a5cd1edbc6976dc0,OK,SURVIVED,KILLED,NOT_RUN,NOT_RUN,test2_golden,1,1,killed,0,1.675,,d4b42c008ff051e1,
resize,ast_emitted,10b5a5b61eb62213,cxx_arith_swap,resize_box_uint8_down.halide_generated.cpp,4131,27,operator+ -> operator*,m1166_cxx_arith_swap_operator_mul,OK,15d3a1222934cf3b,OK,SURVIVED,KILLED,NOT_RUN,NOT_RUN,test2_golden,1,1,killed,0,1.425,,b70a355d2af22fad,
resize,ast_emitted,1d60324b2ed9d265,cxx_arith_swap,resize_box_uint8_down.halide_generated.cpp,4131,27,operator+ -> operator/,m1167_cxx_arith_swap_operator_div,OK,7d6b6b8d94b3f3d4,OK,SURVIVED,KILLED,NOT_RUN,NOT_RUN,test2_golden,1,1,killed,0,0.614,,f8545042120436dc,
resize,ast_emitted,e86d0a6feb146957,cxx_arith_swap,resize_box_uint8_down.halide_generated.cpp,4133,27,operator* -> operator-,m1169_cxx_arith_swap_operator_sub,OK,3b68d4e653c60525,OK,SURVIVED,KILLED,NOT_RUN,NOT_RUN,test2_golden,1,1,killed,0,1.562,,6e4a2606787d3436,
resize,ast_emitted,0ace7876294c6227,cxx_arith_swap,resize_box_uint8_down.halide_generated.cpp,4135,27,operator- -> operator+,m1171_cxx_arith_swap_operator_add,OK,070529695f79245b,OK,SURVIVED,KILLED,NOT_RUN,NOT_RUN,test2_golden,1,1,killed,0,1.384,,3361447918d19944,
resize,ast_emitted,c6f3f6006d40fe6e,cxx_arith_swap,resize_box_uint8_down.halide_generated.cpp,4135,27,operator- -> operator*,m1172_cxx_arith_swap_operator_mul,OK,978c9c5a0b9eb714,OK,SURVIVED,KILLED,NOT_RUN,NOT_RUN,test2_golden,1,1,killed,0,0.929,,0120f7f9e233f18a,
resize,ast_emitted,c8212bb36834c4ca,cxx_arith_swap,resize_box_uint8_down.halide_generated.cpp,4133,27,operator* -> operator/,m1170_cxx_arith_swap_operator_div,OK,c15486e14dae361e,OK,SURVIVED,KILLED,NOT_RUN,NOT_RUN,test2_golden,1,1,killed,0,1.615,,2e3755848c672703,
resize,ast_emitted,36bf31bc262383bc,cxx_arith_swap,resize_box_uint8_down.halide_generated.cpp,4135,27,operator- -> operator/,m1173_cxx_arith_swap_operator_div,OK,5d587c89a07bf39e,OK,SURVIVED,KILLED,NOT_RUN,NOT_RUN,test2_golden,1,1,killed,0,1.481,,85feefbcc52e9090,
resize,ast_emitted,64008a7791d5efdf,cxx_arith_swap,resize_box_uint8_down.halide_generated.cpp,4141,29,operator+ -> operator-,m1177_cxx_arith_swap_operator_sub,OK,b7b5ea7b4ae88f3e,OK,NOT_RUN,NOT_RUN,NOT_RUN,NOT_RUN,,0,1,equivalent_tce,,,,,bit-identical machine code at -O2: no test can distinguish it
resize,ast_emitted,1203fdebf4768b8b,cxx_arith_swap,resize_box_uint8_down.halide_generated.cpp,4137,27,operator- -> operator+,m1174_cxx_arith_swap_operator_add,OK,b30cfdbc1c031bd2,OK,SURVIVED,KILLED,NOT_RUN,NOT_RUN,test2_golden,1,1,killed,0,1.427,,0b22c14d30a56e48,
resize,ast_emitted,7eb9eff2863b7122,cxx_arith_swap,resize_box_uint8_down.halide_generated.cpp,4137,27,operator- -> operator*,m1175_cxx_arith_swap_operator_mul,OK,e473c6250ec9afdd,OK,SURVIVED,KILLED,NOT_RUN,NOT_RUN,test2_golden,1,1,killed,0,0.849,,3361447918d19944,
resize,ast_emitted,48546a506349b085,cxx_arith_swap,resize_box_uint8_down.halide_generated.cpp,4137,27,operator- -> operator/,m1176_cxx_arith_swap_operator_div,OK,324e2258bebeaccb,OK,SURVIVED,KILLED,NOT_RUN,NOT_RUN,test2_golden,1,1,killed,0,1.343,,3361447918d19944,
resize,ast_emitted,930f65a891a57fec,cxx_arith_swap,resize_box_uint8_down.halide_generated.cpp,4141,29,operator+ -> operator*,m1178_cxx_arith_swap_operator_mul,OK,339d152b71204f52,OK,SURVIVED,KILLED,NOT_RUN,NOT_RUN,test2_golden,1,1,killed,0,0.677,,070b8254d7212a48,
resize,ast_emitted,237f6a727d96ab42,cxx_arith_swap,resize_box_uint8_down.halide_generated.cpp,4141,29,operator+ -> operator/,m1179_cxx_arith_swap_operator_div,OK,9be2d806a536926f,OK,SURVIVED,KILLED,NOT_RUN,NOT_RUN,test2_golden,1,1,killed,0,1.674,,f102f66864e68337,
resize,ast_emitted,2128ecffcfcc8c54,cxx_arith_swap,resize_box_uint8_down.halide_generated.cpp,4144,27,operator+ -> operator-,m1180_cxx_arith_swap_operator_sub,OK,a5cd1edbc6976dc0,OK,SURVIVED,KILLED,NOT_RUN,NOT_RUN,test2_golden,1,1,killed,0,1.716,,49d0f499f8beb7ff,
resize,ast_emitted,01a177f43c8fa8c0,cxx_arith_swap,resize_box_uint8_down.halide_generated.cpp,4144,27,operator+ -> operator*,m1181_cxx_arith_swap_operator_mul,OK,c8d66fe1a072f9ea,OK,SURVIVED,KILLED,NOT_RUN,NOT_RUN,test2_golden,1,1,killed,0,0.890,,69bd8ac61a6c7669,
resize,ast_emitted,c354388bccb1cef1,cxx_arith_swap,resize_box_uint8_down.halide_generated.cpp,4144,27,operator+ -> operator/,m1182_cxx_arith_swap_operator_div,OK,8ff0202fdc268b00,OK,SURVIVED,KILLED,NOT_RUN,NOT_RUN,test2_golden,1,1,killed,0,1.460,,953d1ad9589fbf9c,
resize,ast_emitted,9ca449f9bf0f473c,cxx_arith_swap,resize_box_uint8_down.halide_generated.cpp,4146,27,operator* -> operator-,m1184_cxx_arith_swap_operator_sub,OK,72a18f91e281e43f,OK,SURVIVED,KILLED,NOT_RUN,NOT_RUN,test2_golden,1,1,killed,0,1.617,,ceff55a460e7aa0e,
resize,ast_emitted,be43b13b5f76ad76,cxx_arith_swap,resize_box_uint8_down.halide_generated.cpp,4146,27,operator* -> operator+,m1183_cxx_arith_swap_operator_add,OK,3bcc6b78db6d78e5,OK,SURVIVED,KILLED,NOT_RUN,NOT_RUN,test2_golden,1,1,killed,0,1.084,,36db2d5037f53598,
resize,ast_emitted,62f61eef46712cea,cxx_arith_swap,resize_box_uint8_down.halide_generated.cpp,4148,27,operator- -> operator+,m1186_cxx_arith_swap_operator_add,OK,070529695f79245b,OK,SURVIVED,KILLED,NOT_RUN,NOT_RUN,test2_golden,1,1,killed,0,1.516,,d6a998f7976d015c,
resize,ast_emitted,9a131677efa0d27c,cxx_arith_swap,resize_box_uint8_down.halide_generated.cpp,4146,27,operator* -> operator/,m1185_cxx_arith_swap_operator_div,OK,a6b0977ac48a47db,OK,SURVIVED,KILLED,NOT_RUN,NOT_RUN,test2_golden,1,1,killed,0,1.707,,c1f50b55c04ac8fd,
resize,ast_emitted,a7d115f18f344718,cxx_arith_swap,resize_box_uint8_down.halide_generated.cpp,4148,27,operator- -> operator*,m1187_cxx_arith_swap_operator_mul,OK,79442251486aa93d,OK,SURVIVED,KILLED,NOT_RUN,NOT_RUN,test2_golden,1,1,killed,0,1.473,,372f38e2995d723e,
resize,ast_emitted,a05c952a82e1ddef,cxx_arith_swap,resize_box_uint8_down.halide_generated.cpp,4148,27,operator- -> operator/,m1188_cxx_arith_swap_operator_div,OK,e7d4812dca74c460,OK,SURVIVED,KILLED,NOT_RUN,NOT_RUN,test2_golden,1,1,killed,0,1.780,,3cc1241acc620733,
resize,ast_emitted,bb14baf03260a4ff,cxx_arith_swap,resize_box_uint8_down.halide_generated.cpp,4154,29,operator+ -> operator-,m1192_cxx_arith_swap_operator_sub,OK,b7b5ea7b4ae88f3e,OK,NOT_RUN,NOT_RUN,NOT_RUN,NOT_RUN,,0,1,equivalent_tce,,,,,bit-identical machine code at -O2: no test can distinguish it
resize,ast_emitted,d6424b99780c9b28,cxx_arith_swap,resize_box_uint8_down.halide_generated.cpp,4150,27,operator- -> operator*,m1190_cxx_arith_swap_operator_mul,OK,f5a90bfd7f4353c1,OK,SURVIVED,KILLED,NOT_RUN,NOT_RUN,test2_golden,1,1,killed,0,0.768,,d6a998f7976d015c,
resize,ast_emitted,cfd7672b4ad25ced,cxx_arith_swap,resize_box_uint8_down.halide_generated.cpp,4150,27,operator- -> operator+,m1189_cxx_arith_swap_operator_add,OK,a2f050b357386041,OK,SURVIVED,KILLED,NOT_RUN,NOT_RUN,test2_golden,1,1,killed,0,1.192,,a5878945a6f00e3e,
resize,ast_emitted,b4d72b4790ae64d8,cxx_arith_swap,resize_box_uint8_down.halide_generated.cpp,4150,27,operator- -> operator/,m1191_cxx_arith_swap_operator_div,OK,9ae8d4415d5ac773,OK,SURVIVED,KILLED,NOT_RUN,NOT_RUN,test2_golden,1,1,killed,0,0.772,,d6a998f7976d015c,
resize,ast_emitted,5b92b9f701eec503,cxx_arith_swap,resize_box_uint8_down.halide_generated.cpp,4154,29,operator+ -> operator/,m1194_cxx_arith_swap_operator_div,OK,ea8339eb55db56d7,OK,SURVIVED,KILLED,NOT_RUN,NOT_RUN,test2_golden,1,1,killed,0,1.013,,5af287928f49e40f,
resize,ast_emitted,11965e8061341f48,cxx_arith_swap,resize_box_uint8_down.halide_generated.cpp,4154,29,operator+ -> operator*,m1193_cxx_arith_swap_operator_mul,OK,fafeb134790452eb,OK,SURVIVED,KILLED,NOT_RUN,NOT_RUN,test2_golden,1,1,killed,0,1.466,,e1d5024eb8d4d581,
resize,ast_emitted,7b2464e9b077ff53,cxx_arith_swap,resize_box_uint8_down.halide_generated.cpp,4157,27,operator+ -> operator-,m1195_cxx_arith_swap_operator_sub,OK,cee899ace727e6df,OK,SURVIVED,KILLED,NOT_RUN,NOT_RUN,test2_golden,1,1,killed,0,1.259,,e4dfe257854ecb80,
resize,ast_emitted,11e8b3e19d1a476e,cxx_arith_swap,resize_box_uint8_down.halide_generated.cpp,4157,27,operator+ -> operator*,m1196_cxx_arith_swap_operator_mul,OK,472b8d6285429c3f,OK,SURVIVED,KILLED,NOT_RUN,NOT_RUN,test2_golden,1,1,killed,0,1.532,,29a4f8e2b51a80da,
resize,ast_emitted,73f2ec0c85b43b4c,cxx_arith_swap,resize_box_uint8_down.halide_generated.cpp,4157,27,operator+ -> operator/,m1197_cxx_arith_swap_operator_div,OK,0598438085587af9,OK,SURVIVED,KILLED,NOT_RUN,NOT_RUN,test2_golden,1,1,killed,0,1.470,,333f9997cf17ebca,
resize,ast_emitted,05d9d22d57f3d7ee,cxx_arith_swap,resize_box_uint8_down.halide_generated.cpp,4159,27,operator* -> operator/,m1200_cxx_arith_swap_operator_div,OK,e75e6f6525bc0d5c,OK,SURVIVED,KILLED,NOT_RUN,NOT_RUN,test2_golden,1,1,killed,0,1.007,,1e945d75facea88a,
resize,ast_emitted,934d6f166dcec177,cxx_arith_swap,resize_box_uint8_down.halide_generated.cpp,4159,27,operator* -> operator+,m1198_cxx_arith_swap_operator_add,OK,91638ed8bbaaaf02,OK,SURVIVED,KILLED,NOT_RUN,NOT_RUN,test2_golden,1,1,killed,0,1.418,,e27fbba4c1335271,
resize,ast_emitted,fa3f1a50ee7fb51c,cxx_arith_swap,resize_box_uint8_down.halide_generated.cpp,4159,27,operator* -> operator-,m1199_cxx_arith_swap_operator_sub,OK,69f792d4bd905238,OK,SURVIVED,KILLED,NOT_RUN,NOT_RUN,test2_golden,1,1,killed,0,1.184,,66f9ec325ce35871,
resize,ast_emitted,552d6edc4d93079d,cxx_arith_swap,resize_box_uint8_down.halide_generated.cpp,4161,27,operator- -> operator+,m1201_cxx_arith_swap_operator_add,OK,0d0f0ad3a1d821b1,OK,SURVIVED,KILLED,NOT_RUN,NOT_RUN,test2_golden,1,1,killed,0,0.885,,d389c45e868da725,
resize,ast_emitted,31289110ce82a379,cxx_arith_swap,resize_box_uint8_down.halide_generated.cpp,4161,27,operator- -> operator*,m1202_cxx_arith_swap_operator_mul,OK,8008f8f8354df133,OK,SURVIVED,KILLED,NOT_RUN,NOT_RUN,test2_golden,1,1,killed,0,1.085,,d5fd9c9f1665032d,
resize,ast_emitted,f14df82b65d211a5,cxx_arith_swap,resize_box_uint8_down.halide_generated.cpp,4163,27,operator- -> operator*,m1205_cxx_arith_swap_operator_mul,OK,3ac58cdaa70f020a,OK,SURVIVED,KILLED,NOT_RUN,NOT_RUN,test2_golden,1,1,killed,0,0.675,,d389c45e868da725,
resize,ast_emitted,e230d7e94d85c14e,cxx_arith_swap,resize_box_uint8_down.halide_generated.cpp,4167,29,operator+ -> operator-,m1207_cxx_arith_swap_operator_sub,OK,b7b5ea7b4ae88f3e,OK,NOT_RUN,NOT_RUN,NOT_RUN,NOT_RUN,,0,1,equivalent_tce,,,,,bit-identical machine code at -O2: no test can distinguish it
resize,ast_emitted,b5c345fc1abb2e54,cxx_arith_swap,resize_box_uint8_down.halide_generated.cpp,4161,27,operator- -> operator/,m1203_cxx_arith_swap_operator_div,OK,552b04f918e7316f,OK,SURVIVED,KILLED,NOT_RUN,NOT_RUN,test2_golden,1,1,killed,0,0.652,,3b9247524be95d0b,
resize,ast_emitted,d69960fa70b2f155,cxx_arith_swap,resize_box_uint8_down.halide_generated.cpp,4163,27,operator- -> operator/,m1206_cxx_arith_swap_operator_div,OK,a7258a6039aeaa26,OK,SURVIVED,KILLED,NOT_RUN,NOT_RUN,test2_golden,1,1,killed,0,1.434,,d389c45e868da725,
resize,ast_emitted,a07800651bb0fb52,cxx_arith_swap,resize_box_uint8_down.halide_generated.cpp,4163,27,operator- -> operator+,m1204_cxx_arith_swap_operator_add,OK,cd3a42359958901c,OK,SURVIVED,KILLED,NOT_RUN,NOT_RUN,test2_golden,1,1,killed,0,1.391,,e1c80d638bfa2298,
resize,ast_emitted,caaba51d6596cad2,cxx_arith_swap,resize_box_uint8_down.halide_generated.cpp,4167,29,operator+ -> operator/,m1209_cxx_arith_swap_operator_div,OK,21eb4f9a6d4483f6,OK,SURVIVED,KILLED,NOT_RUN,NOT_RUN,test2_golden,1,1,killed,0,1.568,,9a74e61c0248899f,
resize,ast_emitted,61e21e51d6c35edc,cxx_arith_swap,resize_box_uint8_down.halide_generated.cpp,4167,29,operator+ -> operator*,m1208_cxx_arith_swap_operator_mul,OK,dc7a0b7eb5407550,OK,SURVIVED,KILLED,NOT_RUN,NOT_RUN,test2_golden,1,1,killed,0,1.362,,4a98ecabf556e1d9,
resize,ast_emitted,ca47c50c228d09ae,cxx_arith_swap,resize_box_uint8_down.halide_generated.cpp,4170,27,operator+ -> operator*,m1211_cxx_arith_swap_operator_mul,OK,ef04bca43b19bc21,OK,SURVIVED,KILLED,NOT_RUN,NOT_RUN,test2_golden,1,1,killed,0,1.125,,c15879a4c0f12256,
resize,ast_emitted,87a92bc4541e51fb,cxx_arith_swap,resize_box_uint8_down.halide_generated.cpp,4170,27,operator+ -> operator/,m1212_cxx_arith_swap_operator_div,OK,f0b7d4eba84b97ed,OK,SURVIVED,KILLED,NOT_RUN,NOT_RUN,test2_golden,1,1,killed,0,1.561,,371a1fac3debf9a2,
resize,ast_emitted,5e62249bc588c1a8,cxx_arith_swap,resize_box_uint8_down.halide_generated.cpp,4170,27,operator+ -> operator-,m1210_cxx_arith_swap_operator_sub,OK,cee899ace727e6df,OK,SURVIVED,KILLED,NOT_RUN,NOT_RUN,test2_golden,1,1,killed,0,1.529,,1fa9e7b1ab76bced,
resize,ast_emitted,7eb94d9254f0f4b8,cxx_arith_swap,resize_box_uint8_down.halide_generated.cpp,4172,27,operator* -> operator+,m1213_cxx_arith_swap_operator_add,OK,5f6fba281bc6a767,OK,SURVIVED,KILLED,NOT_RUN,NOT_RUN,test2_golden,1,1,killed,0,0.612,,485dcd760d13c81d,
resize,ast_emitted,5b58f6f4f5f5afa0,cxx_arith_swap,resize_box_uint8_down.halide_generated.cpp,4172,27,operator* -> operator/,m1215_cxx_arith_swap_operator_div,OK,f08941ab5e936501,OK,SURVIVED,KILLED,NOT_RUN,NOT_RUN,test2_golden,1,1,killed,0,1.584,,bcf4c041d3a3abf4,
resize,ast_emitted,e84782866e01ac77,cxx_arith_swap,resize_box_uint8_down.halide_generated.cpp,4172,27,operator* -> operator-,m1214_cxx_arith_swap_operator_sub,OK,88dd2ff5c74944dc,OK,SURVIVED,KILLED,NOT_RUN,NOT_RUN,test2_golden,1,1,killed,0,1.580,,101d2b943c2bec8f,
resize,ast_emitted,e4b25bcbf8d03d4a,cxx_arith_swap,resize_box_uint8_down.halide_generated.cpp,4174,27,operator- -> operator*,m1217_cxx_arith_swap_operator_mul,OK,de6ad7811d80aeae,OK,SURVIVED,KILLED,NOT_RUN,NOT_RUN,test2_golden,1,1,killed,0,0.906,,369f42b1c369108a,
resize,ast_emitted,d69979efda337b32,cxx_arith_swap,resize_box_uint8_down.halide_generated.cpp,4174,27,operator- -> operator+,m1216_cxx_arith_swap_operator_add,OK,0d0f0ad3a1d821b1,OK,SURVIVED,KILLED,NOT_RUN,NOT_RUN,test2_golden,1,1,killed,0,1.502,,2933171d4dc5103b,
resize,ast_emitted,3da7e03fd30c4511,cxx_arith_swap,resize_box_uint8_down.halide_generated.cpp,4174,27,operator- -> operator/,m1218_cxx_arith_swap_operator_div,OK,20ee9873f613d02e,OK,SURVIVED,KILLED,NOT_RUN,NOT_RUN,test2_golden,1,1,killed,0,1.622,,047d1fd9ef334168,
resize,ast_emitted,da3a5370551362c8,cxx_arith_swap,resize_box_uint8_down.halide_generated.cpp,4176,27,operator- -> operator+,m1219_cxx_arith_swap_operator_add,OK,21d50703de772ddb,OK,SURVIVED,KILLED,NOT_RUN,NOT_RUN,test2_golden,1,1,killed,0,1.537,,b4d0e73268e530f1,
resize,ast_emitted,b7763adf56a170c1,cxx_arith_swap,resize_box_uint8_down.halide_generated.cpp,4176,27,operator- -> operator/,m1221_cxx_arith_swap_operator_div,OK,8c42628ee6aa3d65,OK,SURVIVED,KILLED,NOT_RUN,NOT_RUN,test2_golden,1,1,killed,0,0.724,,2933171d4dc5103b,
resize,ast_emitted,0a3ea3acb6fd1a7a,cxx_arith_swap,resize_box_uint8_down.halide_generated.cpp,4180,29,operator+ -> operator-,m1222_cxx_arith_swap_operator_sub,OK,b7b5ea7b4ae88f3e,OK,NOT_RUN,NOT_RUN,NOT_RUN,NOT_RUN,,0,1,equivalent_tce,,,,,bit-identical machine code at -O2: no test can distinguish it
resize,ast_emitted,b9e5240a1eef6d48,cxx_arith_swap,resize_box_uint8_down.halide_generated.cpp,4176,27,operator- -> operator*,m1220_cxx_arith_swap_operator_mul,OK,cadae199a20eaefd,OK,SURVIVED,KILLED,NOT_RUN,NOT_RUN,test2_golden,1,1,killed,0,1.820,,2933171d4dc5103b,
resize,ast_emitted,f3c1e60bfe7d2bfa,cxx_arith_swap,resize_box_uint8_down.halide_generated.cpp,4180,29,operator+ -> operator*,m1223_cxx_arith_swap_operator_mul,OK,2276f9fb7811248e,OK,SURVIVED,KILLED,NOT_RUN,NOT_RUN,test2_golden,1,1,killed,0,0.682,,70252b5b58ec0711,
resize,ast_emitted,ea1bbe767f23a5d4,cxx_arith_swap,resize_box_uint8_down.halide_generated.cpp,4180,29,operator+ -> operator/,m1224_cxx_arith_swap_operator_div,OK,b8730c7c8028bf24,OK,SURVIVED,KILLED,NOT_RUN,NOT_RUN,test2_golden,1,1,killed,0,0.786,,2b5679a5c79e493d,
resize,ast_emitted,3490a720de4f889c,cxx_arith_swap,resize_box_uint8_down.halide_generated.cpp,4183,27,operator+ -> operator*,m1226_cxx_arith_swap_operator_mul,OK,7a4ade180b8fbf4d,OK,SURVIVED,KILLED,NOT_RUN,NOT_RUN,test2_golden,1,1,killed,0,0.905,,d58dfe5c16dae16e,
resize,ast_emitted,378528e7a4d9050f,cxx_arith_swap,resize_box_uint8_down.halide_generated.cpp,4183,27,operator+ -> operator/,m1227_cxx_arith_swap_operator_div,OK,68d66362de7734fa,OK,SURVIVED,KILLED,NOT_RUN,NOT_RUN,test2_golden,1,1,killed,0,1.418,,6dc93e141f309bc5,
resize,ast_emitted,59d34edc6c3752c8,cxx_arith_swap,resize_box_uint8_down.halide_generated.cpp,4183,27,operator+ -> operator-,m1225_cxx_arith_swap_operator_sub,OK,cee899ace727e6df,OK,SURVIVED,KILLED,NOT_RUN,NOT_RUN,test2_golden,1,1,killed,0,1.887,,cf788f255463d859,
resize,ast_emitted,7d911a0f62524d2a,cxx_arith_swap,resize_box_uint8_down.halide_generated.cpp,4185,27,operator* -> operator+,m1228_cxx_arith_swap_operator_add,OK,3b260f9a232484b1,OK,SURVIVED,KILLED,NOT_RUN,NOT_RUN,test2_golden,1,1,killed,0,1.460,,0dae0de2725783b9,
resize,ast_emitted,6e37f205759f503b,cxx_arith_swap,resize_box_uint8_down.halide_generated.cpp,4185,27,operator* -> operator-,m1229_cxx_arith_swap_operator_sub,OK,c5f6c01de365d6c0,OK,SURVIVED,KILLED,NOT_RUN,NOT_RUN,test2_golden,1,1,killed,0,1.397,,9dd79f934873653a,
resize,ast_emitted,8ff148da8c16f3cd,cxx_arith_swap,resize_box_uint8_down.halide_generated.cpp,4185,27,operator* -> operator/,m1230_cxx_arith_swap_operator_div,OK,ad2f2fd7e9a59824,OK,SURVIVED,KILLED,NOT_RUN,NOT_RUN,test2_golden,1,1,killed,0,1.834,,697082ee6515185f,
resize,ast_emitted,7cdbc129c3f729bd,cxx_arith_swap,resize_box_uint8_down.halide_generated.cpp,4187,27,operator- -> operator*,m1232_cxx_arith_swap_operator_mul,OK,562e45040b31622f,OK,SURVIVED,KILLED,NOT_RUN,NOT_RUN,test2_golden,1,1,killed,0,1.314,,3e4c17b84e206a32,
resize,ast_emitted,8cd9eabf95092c6c,cxx_arith_swap,resize_box_uint8_down.halide_generated.cpp,4187,27,operator- -> operator+,m1231_cxx_arith_swap_operator_add,OK,0d0f0ad3a1d821b1,OK,SURVIVED,KILLED,NOT_RUN,NOT_RUN,test2_golden,1,1,killed,0,1.736,,b74989aef592fa0f,
resize,ast_emitted,e58d6a8493f5ff07,cxx_arith_swap,resize_box_uint8_down.halide_generated.cpp,4187,27,operator- -> operator/,m1233_cxx_arith_swap_operator_div,OK,6e3fa8c5aa924ee6,OK,SURVIVED,KILLED,NOT_RUN,NOT_RUN,test2_golden,1,1,killed,0,1.661,,9ed62568930a5a1a,
resize,ast_emitted,9912f5e542c5b5c2,cxx_arith_swap,resize_box_uint8_down.halide_generated.cpp,4189,27,operator- -> operator+,m1234_cxx_arith_swap_operator_add,OK,2d355d44b2333fbb,OK,SURVIVED,KILLED,NOT_RUN,NOT_RUN,test2_golden,1,1,killed,0,1.066,,dc119d4eb0fdcdf4,
resize,ast_emitted,38b526b0c762c298,cxx_arith_swap,resize_box_uint8_down.halide_generated.cpp,4193,29,operator+ -> operator-,m1237_cxx_arith_swap_operator_sub,OK,b7b5ea7b4ae88f3e,OK,NOT_RUN,NOT_RUN,NOT_RUN,NOT_RUN,,0,1,equivalent_tce,,,,,bit-identical machine code at -O2: no test can distinguish it
resize,ast_emitted,0e0b0a7ef0e6b7b1,cxx_arith_swap,resize_box_uint8_down.halide_generated.cpp,4189,27,operator- -> operator*,m1235_cxx_arith_swap_operator_mul,OK,236905e421251f1a,OK,SURVIVED,KILLED,NOT_RUN,NOT_RUN,test2_golden,1,1,killed,0,1.353,,b74989aef592fa0f,
resize,ast_emitted,750bb2162aa6bf5a,cxx_arith_swap,resize_box_uint8_down.halide_generated.cpp,4193,29,operator+ -> operator*,m1238_cxx_arith_swap_operator_mul,OK,7851800feceaeca2,OK,SURVIVED,KILLED,NOT_RUN,NOT_RUN,test2_golden,1,1,killed,0,1.016,,685db0f348368714,
resize,ast_emitted,2bfa9c5cd197d411,cxx_arith_swap,resize_box_uint8_down.halide_generated.cpp,4193,29,operator+ -> operator/,m1239_cxx_arith_swap_operator_div,OK,eb83c8e21b5585af,OK,SURVIVED,KILLED,NOT_RUN,NOT_RUN,test2_golden,1,1,killed,0,1.753,,4e6e969be3f37814,
resize,ast_emitted,777d9d0606f994c3,cxx_arith_swap,resize_box_uint8_down.halide_generated.cpp,4189,27,operator- -> operator/,m1236_cxx_arith_swap_operator_div,OK,6c522604a954af33,OK,SURVIVED,KILLED,NOT_RUN,NOT_RUN,test2_golden,1,1,killed,0,1.659,,b74989aef592fa0f,
resize,ast_emitted,bbc520d16e23361b,cxx_arith_swap,resize_box_uint8_down.halide_generated.cpp,4196,27,operator+ -> operator*,m1241_cxx_arith_swap_operator_mul,OK,b3942b86b4fcf58e,OK,SURVIVED,KILLED,NOT_RUN,NOT_RUN,test2_golden,1,1,killed,0,1.378,,65f767ca2dd98930,
resize,ast_emitted,1a365ccd4a59f0b1,cxx_arith_swap,resize_box_uint8_down.halide_generated.cpp,4196,27,operator+ -> operator-,m1240_cxx_arith_swap_operator_sub,OK,cee899ace727e6df,OK,SURVIVED,KILLED,NOT_RUN,NOT_RUN,test2_golden,1,1,killed,0,1.296,,c21ffcac72243822,
resize,ast_emitted,bcc68ed5680d3599,cxx_arith_swap,resize_box_uint8_down.halide_generated.cpp,4198,27,operator* -> operator+,m1243_cxx_arith_swap_operator_add,OK,54bbee1a64827577,OK,SURVIVED,KILLED,NOT_RUN,NOT_RUN,test2_golden,1,1,killed,0,1.321,,e2a0d7f1c57fec5a,
resize,ast_emitted,0228923a9b5d8330,cxx_arith_swap,resize_box_uint8_down.halide_generated.cpp,4196,27,operator+ -> operator/,m1242_cxx_arith_swap_operator_div,OK,045ff7927452a01d,OK,SURVIVED,KILLED,NOT_RUN,NOT_RUN,test2_golden,1,1,killed,0,0.681,,4841909efe7f0557,
resize,ast_emitted,3096f92fac3a30a0,cxx_arith_swap,resize_box_uint8_down.halide_generated.cpp,4198,27,operator* -> operator-,m1244_cxx_arith_swap_operator_sub,OK,d2986e5ea5684e09,OK,SURVIVED,KILLED,NOT_RUN,NOT_RUN,test2_golden,1,1,killed,0,0.843,,b3939956a26528a6,
resize,ast_emitted,a557dd1550d2f258,cxx_arith_swap,resize_box_uint8_down.halide_generated.cpp,4198,27,operator* -> operator/,m1245_cxx_arith_swap_operator_div,OK,7e53ae89fb832793,OK,SURVIVED,KILLED,NOT_RUN,NOT_RUN,test2_golden,1,1,killed,0,1.461,,9889af068cb7edef,
resize,ast_emitted,fb4b273f2a6c0202,cxx_arith_swap,resize_box_uint8_down.halide_generated.cpp,4200,27,operator- -> operator*,m1247_cxx_arith_swap_operator_mul,OK,656671ed83e09b9b,OK,SURVIVED,KILLED,NOT_RUN,NOT_RUN,test2_golden,1,1,killed,0,1.387,,ee68f394b4baeb39,
resize,ast_emitted,bc25df715e65f517,cxx_arith_swap,resize_box_uint8_down.halide_generated.cpp,4200,27,operator- -> operator+,m1246_cxx_arith_swap_operator_add,OK,0d0f0ad3a1d821b1,OK,SURVIVED,KILLED,NOT_RUN,NOT_RUN,test2_golden,1,1,killed,0,1.372,,ea969bc620386221,
resize,ast_emitted,fdc0b5974003f7b1,cxx_arith_swap,resize_box_uint8_down.halide_generated.cpp,4206,29,operator+ -> operator-,m1252_cxx_arith_swap_operator_sub,OK,b7b5ea7b4ae88f3e,OK,NOT_RUN,NOT_RUN,NOT_RUN,NOT_RUN,,0,1,equivalent_tce,,,,,bit-identical machine code at -O2: no test can distinguish it
resize,ast_emitted,29646758474fe4d4,cxx_arith_swap,resize_box_uint8_down.halide_generated.cpp,4202,27,operator- -> operator+,m1249_cxx_arith_swap_operator_add,OK,8d824548e4dce5af,OK,SURVIVED,KILLED,NOT_RUN,NOT_RUN,test2_golden,1,1,killed,0,1.395,,f373f4fd12d7f205,
resize,ast_emitted,8d6a6f3720fa258d,cxx_arith_swap,resize_box_uint8_down.halide_generated.cpp,4200,27,operator- -> operator/,m1248_cxx_arith_swap_operator_div,OK,9ac7f261e6fea657,OK,SURVIVED,KILLED,NOT_RUN,NOT_RUN,test2_golden,1,1,killed,0,1.508,,2201be2595e6cdee,
resize,ast_emitted,6e3150cf20ec12ab,cxx_arith_swap,resize_box_uint8_down.halide_generated.cpp,4202,27,operator- -> operator/,m1251_cxx_arith_swap_operator_div,OK,0ea716716c93bdd0,OK,SURVIVED,KILLED,NOT_RUN,NOT_RUN,test2_golden,1,1,killed,0,1.252,,ea969bc620386221,
resize,ast_emitted,8d831afe7e1da44d,cxx_arith_swap,resize_box_uint8_down.halide_generated.cpp,4202,27,operator- -> operator*,m1250_cxx_arith_swap_operator_mul,OK,615c0feb29089685,OK,SURVIVED,KILLED,NOT_RUN,NOT_RUN,test2_golden,1,1,killed,0,1.348,,ea969bc620386221,
resize,ast_emitted,8fd75e3cbc0107ac,cxx_arith_swap,resize_box_uint8_down.halide_generated.cpp,4206,29,operator+ -> operator*,m1253_cxx_arith_swap_operator_mul,OK,da9b6bfe468818a3,OK,SURVIVED,KILLED,NOT_RUN,NOT_RUN,test2_golden,1,1,killed,0,1.346,,ad2824a020677cd0,
resize,ast_emitted,cda87c7baa661aae,cxx_arith_swap,resize_box_uint8_down.halide_generated.cpp,4206,29,operator+ -> operator/,m1254_cxx_arith_swap_operator_div,OK,3c1f9bdda57e54bc,OK,SURVIVED,KILLED,NOT_RUN,NOT_RUN,test2_golden,1,1,killed,0,1.434,,aa8bca5bdb508ebf,
resize,ast_emitted,cc1f91caa043b64b,cxx_arith_swap,resize_box_uint8_down.halide_generated.cpp,4209,27,operator+ -> operator-,m1255_cxx_arith_swap_operator_sub,OK,4706542aff9cb18b,OK,SURVIVED,KILLED,NOT_RUN,NOT_RUN,test2_golden,1,1,killed,0,1.014,,3a773076ab988cef,
resize,ast_emitted,72bc185d2d5725c0,cxx_arith_swap,resize_box_uint8_down.halide_generated.cpp,4209,27,operator+ -> operator/,m1257_cxx_arith_swap_operator_div,OK,18ce6498646662d9,OK,SURVIVED,KILLED,NOT_RUN,NOT_RUN,test2_golden,1,1,killed,0,0.624,,e11b8d7d55bc62bb,
resize,ast_emitted,ca4b9a2b941e55a3,cxx_arith_swap,resize_box_uint8_down.halide_generated.cpp,4211,27,operator* -> operator+,m1258_cxx_arith_swap_operator_add,OK,f031c054f0e0ef2d,OK,SURVIVED,KILLED,NOT_RUN,NOT_RUN,test2_golden,1,1,killed,0,1.635,,4d326a6f9b47ee18,
resize,ast_emitted,892169f64a9f97c9,cxx_arith_swap,resize_box_uint8_down.halide_generated.cpp,4209,27,operator+ -> operator*,m1256_cxx_arith_swap_operator_mul,OK,1036f85d8b99b7aa,OK,SURVIVED,KILLED,NOT_RUN,NOT_RUN,test2_golden,1,1,killed,0,1.077,,868da8b58355033a,
resize,ast_emitted,fdeb82ba042ef1f3,cxx_arith_swap,resize_box_uint8_down.halide_generated.cpp,4211,27,operator* -> operator-,m1259_cxx_arith_swap_operator_sub,OK,a4bb166206d582fb,OK,SURVIVED,KILLED,NOT_RUN,NOT_RUN,test2_golden,1,1,killed,0,1.056,,a94d08dc8608f6c5,
resize,ast_emitted,f43fa7e38ac0938d,cxx_arith_swap,resize_box_uint8_down.halide_generated.cpp,4213,27,operator- -> operator*,m1262_cxx_arith_swap_operator_mul,OK,3bbe69b934c1c9fb,OK,SURVIVED,KILLED,NOT_RUN,NOT_RUN,test2_golden,1,1,killed,0,1.417,,38be04144724353c,
resize,ast_emitted,a06329e2baaf7ee4,cxx_arith_swap,resize_box_uint8_down.halide_generated.cpp,4211,27,operator* -> operator/,m1260_cxx_arith_swap_operator_div,OK,b5d330d12a7fe91c,OK,SURVIVED,KILLED,NOT_RUN,NOT_RUN,test2_golden,1,1,killed,0,0.653,,2d3634e649332483,
resize,ast_emitted,cf96ae0d47dfd744,cxx_arith_swap,resize_box_uint8_down.halide_generated.cpp,4213,27,operator- -> operator+,m1261_cxx_arith_swap_operator_add,OK,d7f6ec346b0aa513,OK,SURVIVED,KILLED,NOT_RUN,NOT_RUN,test2_golden,1,1,killed,0,0.696,,23a8b5aa7b852265,
resize,ast_emitted,66dd3b7754801878,cxx_arith_swap,resize_box_uint8_down.halide_generated.cpp,4213,27,operator- -> operator/,m1263_cxx_arith_swap_operator_div,OK,5d8aeeb2753ea450,OK,SURVIVED,KILLED,NOT_RUN,NOT_RUN,test2_golden,1,1,killed,0,0.664,,87bfec41035596fa,
resize,ast_emitted,0fc07300f405f39c,cxx_arith_swap,resize_box_uint8_down.halide_generated.cpp,4215,27,operator- -> operator+,m1264_cxx_arith_swap_operator_add,OK,b0001fbab2350bda,OK,SURVIVED,KILLED,NOT_RUN,NOT_RUN,test2_golden,1,1,killed,0,1.518,,963bb449bfcbbe14,
resize,ast_emitted,fea0fdb3e75758be,cxx_arith_swap,resize_box_uint8_down.halide_generated.cpp,4215,27,operator- -> operator*,m1265_cxx_arith_swap_operator_mul,OK,34e08edf4763d451,OK,SURVIVED,KILLED,NOT_RUN,NOT_RUN,test2_golden,1,1,killed,0,0.684,,23a8b5aa7b852265,
resize,ast_emitted,8e680753d50446e5,cxx_arith_swap,resize_box_uint8_down.halide_generated.cpp,4219,29,operator+ -> operator-,m1267_cxx_arith_swap_operator_sub,OK,1ca7f717be22aacd,OK,SURVIVED,KILLED,NOT_RUN,NOT_RUN,test2_golden,1,1,killed,0,0.733,,abd6b55357130a56,
resize,ast_emitted,c08d6526d8dcc268,cxx_arith_swap,resize_box_uint8_down.halide_generated.cpp,4215,27,operator- -> operator/,m1266_cxx_arith_swap_operator_div,OK,9bb7ded62f28e520,OK,SURVIVED,KILLED,NOT_RUN,NOT_RUN,test2_golden,1,1,killed,0,1.581,,23a8b5aa7b852265,
resize,ast_emitted,3c6e26ea3aaafe31,cxx_arith_swap,resize_box_uint8_down.halide_generated.cpp,4219,29,operator+ -> operator*,m1268_cxx_arith_swap_operator_mul,OK,89c6d6264de1fdf2,OK,SURVIVED,KILLED,NOT_RUN,NOT_RUN,test2_golden,1,1,killed,0,1.385,,95f7cac8edbc6021,
resize,ast_emitted,eccb0f26849440b7,cxx_arith_swap,resize_box_uint8_down.halide_generated.cpp,4219,29,operator+ -> operator/,m1269_cxx_arith_swap_operator_div,OK,876e59e2f44b5b9e,OK,SURVIVED,KILLED,NOT_RUN,NOT_RUN,test2_golden,1,1,killed,0,1.471,,20a78d01f2c34706,
resize,ast_emitted,49412d7defd9a5f3,cxx_arith_swap,resize_box_uint8_down.halide_generated.cpp,4222,27,operator+ -> operator*,m1271_cxx_arith_swap_operator_mul,OK,787b744ed0f963cc,OK,SURVIVED,KILLED,NOT_RUN,NOT_RUN,test2_golden,1,1,killed,0,0.608,,01defcf49294d150,
resize,ast_emitted,c3b92624875a48a6,cxx_arith_swap,resize_box_uint8_down.halide_generated.cpp,4222,27,operator+ -> operator-,m1270_cxx_arith_swap_operator_sub,OK,4706542aff9cb18b,OK,SURVIVED,KILLED,NOT_RUN,NOT_RUN,test2_golden,1,1,killed,0,1.590,,c79ddde31fee858a,
resize,ast_emitted,62ee9f59d5d1e144,cxx_arith_swap,resize_box_uint8_down.halide_generated.cpp,4224,27,operator* -> operator-,m1274_cxx_arith_swap_operator_sub,OK,744e6a5c1bc40f74,OK,SURVIVED,KILLED,NOT_RUN,NOT_RUN,test2_golden,1,1,killed,0,0.770,,8d24384eedb754db,
resize,ast_emitted,f3786c13043f130d,cxx_arith_swap,resize_box_uint8_down.halide_generated.cpp,4222,27,operator+ -> operator/,m1272_cxx_arith_swap_operator_div,OK,489cb9bb36b0e3f1,OK,SURVIVED,KILLED,NOT_RUN,NOT_RUN,test2_golden,1,1,killed,0,0.829,,d196d08993d8a039,
resize,ast_emitted,26d2c0e6a60c5632,cxx_arith_swap,resize_box_uint8_down.halide_generated.cpp,4226,27,operator- -> operator+,m1276_cxx_arith_swap_operator_add,OK,d7f6ec346b0aa513,OK,SURVIVED,KILLED,NOT_RUN,NOT_RUN,test2_golden,1,1,killed,0,1.157,,1ec99f6a85c4a6af,
resize,ast_emitted,1711362f61b57928,cxx_arith_swap,resize_box_uint8_down.halide_generated.cpp,4226,27,operator- -> operator*,m1277_cxx_arith_swap_operator_mul,OK,ad8dc80ef94a5fe8,OK,SURVIVED,KILLED,NOT_RUN,NOT_RUN,test2_golden,1,1,killed,0,0.609,,60599266919ebab7,
resize,ast_emitted,a0a983736a1249b1,cxx_arith_swap,resize_box_uint8_down.halide_generated.cpp,4224,27,operator* -> operator/,m1275_cxx_arith_swap_operator_div,OK,8808df7628dc5c82,OK,SURVIVED,KILLED,NOT_RUN,NOT_RUN,test2_golden,1,1,killed,0,1.310,,7867dc3caf2860c5,
resize,ast_emitted,11254b19ef0f278a,cxx_arith_swap,resize_box_uint8_down.halide_generated.cpp,4224,27,operator* -> operator+,m1273_cxx_arith_swap_operator_add,OK,1d57304c32e4cb70,OK,SURVIVED,KILLED,NOT_RUN,NOT_RUN,test2_golden,1,1,killed,0,1.151,,ecdd9b09bdaac86a,
resize,ast_emitted,257af108326f2541,cxx_arith_swap,resize_box_uint8_down.halide_generated.cpp,4228,27,operator- -> operator+,m1279_cxx_arith_swap_operator_add,OK,d7c74afcdca5e515,OK,SURVIVED,KILLED,NOT_RUN,NOT_RUN,test2_golden,1,1,killed,0,0.625,,977c81929519d73c,
resize,ast_emitted,571abaee88335c6f,cxx_arith_swap,resize_box_uint8_down.halide_generated.cpp,4232,29,operator+ -> operator-,m1282_cxx_arith_swap_operator_sub,OK,b7b5ea7b4ae88f3e,OK,NOT_RUN,NOT_RUN,NOT_RUN,NOT_RUN,,0,1,equivalent_tce,,,,,bit-identical machine code at -O2: no test can distinguish it
resize,ast_emitted,f5c94b375fc6492f,cxx_arith_swap,resize_box_uint8_down.halide_generated.cpp,4226,27,operator- -> operator/,m1278_cxx_arith_swap_operator_div,OK,d248c983376467e4,OK,SURVIVED,KILLED,NOT_RUN,NOT_RUN,test2_golden,1,1,killed,0,0.805,,bc05ee958249362c,
resize,ast_emitted,1b682e4808ee0237,cxx_arith_swap,resize_box_uint8_down.halide_generated.cpp,4228,27,operator- -> operator/,m1281_cxx_arith_swap_operator_div,OK,c46501c588fbbbde,OK,SURVIVED,KILLED,NOT_RUN,NOT_RUN,test2_golden,1,1,killed,0,0.820,,1ec99f6a85c4a6af,
resize,ast_emitted,eeee6d457f643b47,cxx_arith_swap,resize_box_uint8_down.halide_generated.cpp,4228,27,operator- -> operator*,m1280_cxx_arith_swap_operator_mul,OK,d7efbbf9bebe0cf8,OK,SURVIVED,KILLED,NOT_RUN,NOT_RUN,test2_golden,1,1,killed,0,1.311,,1ec99f6a85c4a6af,
resize,ast_emitted,ed1dd74dfc7d43fd,cxx_arith_swap,resize_box_uint8_down.halide_generated.cpp,4232,29,operator+ -> operator*,m1283_cxx_arith_swap_operator_mul,OK,658f44685e4fbd46,OK,SURVIVED,KILLED,NOT_RUN,NOT_RUN,test2_golden,1,1,killed,0,0.658,,37913d691438979e,
resize,ast_emitted,545f45fa0c34759d,cxx_arith_swap,resize_box_uint8_down.halide_generated.cpp,4235,27,operator+ -> operator-,m1285_cxx_arith_swap_operator_sub,OK,4706542aff9cb18b,OK,SURVIVED,KILLED,NOT_RUN,NOT_RUN,test2_golden,1,1,killed,0,0.689,,f0be9c11b85909d6,
resize,ast_emitted,679af6310ce8645d,cxx_arith_swap,resize_box_uint8_down.halide_generated.cpp,4232,29,operator+ -> operator/,m1284_cxx_arith_swap_operator_div,OK,87ca110137409b93,OK,SURVIVED,KILLED,NOT_RUN,NOT_RUN,test2_golden,1,1,killed,0,0.611,,842151c11cd24492,
resize,ast_emitted,b0884718052b90fc,cxx_arith_swap,resize_box_uint8_down.halide_generated.cpp,4235,27,operator+ -> operator*,m1286_cxx_arith_swap_operator_mul,OK,3021bb203e3d1b49,OK,SURVIVED,KILLED,NOT_RUN,NOT_RUN,test2_golden,1,1,killed,0,0.645,,9ac4fc1ebfa6ea14,
resize,ast_emitted,d44d9522b665e431,cxx_arith_swap,resize_box_uint8_down.halide_generated.cpp,4235,27,operator+ -> operator/,m1287_cxx_arith_swap_operator_div,OK,895a813e8f7f2e16,OK,SURVIVED,KILLED,NOT_RUN,NOT_RUN,test2_golden,1,1,killed,0,0.649,,ddb8a86e22273744,
resize,ast_emitted,cadb92e6005f2215,cxx_arith_swap,resize_box_uint8_down.halide_generated.cpp,4237,27,operator* -> operator+,m1288_cxx_arith_swap_operator_add,OK,8e36fbeb12578b8d,OK,SURVIVED,KILLED,NOT_RUN,NOT_RUN,test2_golden,1,1,killed,0,0.650,,5a7eebb6aa6cb31d,
resize,ast_emitted,e49a582df97fdf13,cxx_arith_swap,resize_box_uint8_down.halide_generated.cpp,4237,27,operator* -> operator/,m1290_cxx_arith_swap_operator_div,OK,f8c1aafc144cd775,OK,SURVIVED,KILLED,NOT_RUN,NOT_RUN,test2_golden,1,1,killed,0,0.609,,9c006905cfd5969f,
resize,ast_emitted,0ac2bf0518eaeb40,cxx_arith_swap,resize_box_uint8_down.halide_generated.cpp,4237,27,operator* -> operator-,m1289_cxx_arith_swap_operator_sub,OK,cabd8c93dab8a984,OK,SURVIVED,KILLED,NOT_RUN,NOT_RUN,test2_golden,1,1,killed,0,1.217,,5447e6d039a60014,
resize,ast_emitted,c8707c057c496aae,cxx_arith_swap,resize_box_uint8_down.halide_generated.cpp,4239,27,operator- -> operator*,m1292_cxx_arith_swap_operator_mul,OK,63bb747a180e0839,OK,SURVIVED,KILLED,NOT_RUN,NOT_RUN,test2_golden,1,1,killed,0,0.609,,8fa7f82127d7ecfb,
resize,ast_emitted,41b97950037f8023,cxx_arith_swap,resize_box_uint8_down.halide_generated.cpp,4239,27,operator- -> operator/,m1293_cxx_arith_swap_operator_div,OK,389811237dbedb2f,OK,SURVIVED,KILLED,NOT_RUN,NOT_RUN,test2_golden,1,1,killed,0,0.653,,68b7f44f44415068,
resize,ast_emitted,e1b2cbc3e5a1b30b,cxx_arith_swap,resize_box_uint8_down.halide_generated.cpp,4241,27,operator- -> operator+,m1294_cxx_arith_swap_operator_add,OK,0f1486aa30f481d3,OK,SURVIVED,KILLED,NOT_RUN,NOT_RUN,test2_golden,1,1,killed,0,0.624,,75d5f2e1e33cbb6d,
resize,ast_emitted,6b8855baaddaa5f6,cxx_arith_swap,resize_box_uint8_down.halide_generated.cpp,4241,27,operator- -> operator*,m1295_cxx_arith_swap_operator_mul,OK,9baf455e4eaa9e5a,OK,SURVIVED,KILLED,NOT_RUN,NOT_RUN,test2_golden,1,1,killed,0,0.626,,209e9f246c7b85fa,
resize,ast_emitted,999ec695aaf7a4f1,cxx_arith_swap,resize_box_uint8_down.halide_generated.cpp,4239,27,operator- -> operator+,m1291_cxx_arith_swap_operator_add,OK,d7f6ec346b0aa513,OK,SURVIVED,KILLED,NOT_RUN,NOT_RUN,test2_golden,1,1,killed,0,1.296,,209e9f246c7b85fa,
resize,ast_emitted,97495bbf6c059650,cxx_arith_swap,resize_box_uint8_down.halide_generated.cpp,4245,29,operator+ -> operator-,m1297_cxx_arith_swap_operator_sub,OK,b7b5ea7b4ae88f3e,OK,NOT_RUN,NOT_RUN,NOT_RUN,NOT_RUN,,0,1,equivalent_tce,,,,,bit-identical machine code at -O2: no test can distinguish it
resize,ast_emitted,7e60d815ade06c93,cxx_arith_swap,resize_box_uint8_down.halide_generated.cpp,4241,27,operator- -> operator/,m1296_cxx_arith_swap_operator_div,OK,199369db617d99cb,OK,SURVIVED,KILLED,NOT_RUN,NOT_RUN,test2_golden,1,1,killed,0,0.623,,209e9f246c7b85fa,
resize,ast_emitted,e566fb1a93beb9a2,cxx_arith_swap,resize_box_uint8_down.halide_generated.cpp,4245,29,operator+ -> operator*,m1298_cxx_arith_swap_operator_mul,OK,0551dc2909f3cb5a,OK,SURVIVED,KILLED,NOT_RUN,NOT_RUN,test2_golden,1,1,killed,0,0.608,,6725e63e074bd766,
resize,ast_emitted,95f246938bb13d96,cxx_arith_swap,resize_box_uint8_down.halide_generated.cpp,4248,27,operator+ -> operator-,m1300_cxx_arith_swap_operator_sub,OK,4706542aff9cb18b,OK,SURVIVED,KILLED,NOT_RUN,NOT_RUN,test2_golden,1,1,killed,0,0.625,,6e329945419e1af4,
resize,ast_emitted,9ba8090a2e5880cb,cxx_arith_swap,resize_box_uint8_down.halide_generated.cpp,4248,27,operator+ -> operator*,m1301_cxx_arith_swap_operator_mul,OK,438e7db4294c1d13,OK,SURVIVED,KILLED,NOT_RUN,NOT_RUN,test2_golden,1,1,killed,0,0.653,,583f8f21b333f336,
resize,ast_emitted,a4b47489462824db,cxx_arith_swap,resize_box_uint8_down.halide_generated.cpp,4245,29,operator+ -> operator/,m1299_cxx_arith_swap_operator_div,OK,65537a30e714b686,OK,SURVIVED,KILLED,NOT_RUN,NOT_RUN,test2_golden,1,1,killed,0,0.612,,c76c63b30c78df47,
resize,ast_emitted,64916e729f68004f,cxx_arith_swap,resize_box_uint8_down.halide_generated.cpp,4250,27,operator* -> operator+,m1303_cxx_arith_swap_operator_add,OK,58e175dcf5266de7,OK,SURVIVED,KILLED,NOT_RUN,NOT_RUN,test2_golden,1,1,killed,0,0.770,,5b114cee4df8ec51,
resize,ast_emitted,4776db179f8fc67e,cxx_arith_swap,resize_box_uint8_down.halide_generated.cpp,4250,27,operator* -> operator-,m1304_cxx_arith_swap_operator_sub,OK,4a7f3acb7651b395,OK,SURVIVED,KILLED,NOT_RUN,NOT_RUN,test2_golden,1,1,killed,0,0.610,,80dafb462a22f2e9,
resize,ast_emitted,1abc3516be629ef0,cxx_arith_swap,resize_box_uint8_down.halide_generated.cpp,4250,27,operator* -> operator/,m1305_cxx_arith_swap_operator_div,OK,1f4ab77e1247772a,OK,SURVIVED,KILLED,NOT_RUN,NOT_RUN,test2_golden,1,1,killed,0,0.726,,2baa38b1426105f9,
resize,ast_emitted,fa0c9cb80a76c70c,cxx_arith_swap,resize_box_uint8_down.halide_generated.cpp,4248,27,operator+ -> operator/,m1302_cxx_arith_swap_operator_div,OK,287f14f8e62f86e2,OK,SURVIVED,KILLED,NOT_RUN,NOT_RUN,test2_golden,1,1,killed,0,1.188,,9e4e2d88d14f245b,
resize,ast_emitted,be5bbd87f952aff4,cxx_arith_swap,resize_box_uint8_down.halide_generated.cpp,4252,27,operator- -> operator+,m1306_cxx_arith_swap_operator_add,OK,d7f6ec346b0aa513,OK,SURVIVED,KILLED,NOT_RUN,NOT_RUN,test2_golden,1,1,killed,0,0.626,,868251fc7d0c79ce,
resize,ast_emitted,99c3ff41f4989063,cxx_arith_swap,resize_box_uint8_down.halide_generated.cpp,4254,27,operator- -> operator+,m1309_cxx_arith_swap_operator_add,OK,b05c2c99d6bcbb4c,OK,SURVIVED,KILLED,NOT_RUN,NOT_RUN,test2_golden,1,1,killed,0,0.627,,f2e8be4bfb22a86a,
resize,ast_emitted,99437e1330079aeb,cxx_arith_swap,resize_box_uint8_down.halide_generated.cpp,4252,27,operator- -> operator*,m1307_cxx_arith_swap_operator_mul,OK,fdf3acdba2c56b9c,OK,SURVIVED,KILLED,NOT_RUN,NOT_RUN,test2_golden,1,1,killed,0,1.206,,ce9b1df3028f4372,
resize,ast_emitted,a919ab7f69f410ce,cxx_arith_swap,resize_box_uint8_down.halide_generated.cpp,4258,29,operator+ -> operator-,m1312_cxx_arith_swap_operator_sub,OK,b7b5ea7b4ae88f3e,OK,NOT_RUN,NOT_RUN,NOT_RUN,NOT_RUN,,0,1,equivalent_tce,,,,,bit-identical machine code at -O2: no test can distinguish it
resize,ast_emitted,0015c4923c39b18a,cxx_arith_swap,resize_box_uint8_down.halide_generated.cpp,4254,27,operator- -> operator/,m1311_cxx_arith_swap_operator_div,OK,85e5f55045f6e52c,OK,SURVIVED,KILLED,NOT_RUN,NOT_RUN,test2_golden,1,1,killed,0,0.824,,868251fc7d0c79ce,
resize,ast_emitted,d214b6f81c240818,cxx_arith_swap,resize_box_uint8_down.halide_generated.cpp,4252,27,operator- -> operator/,m1308_cxx_arith_swap_operator_div,OK,d6190d5daf729319,OK,SURVIVED,KILLED,NOT_RUN,NOT_RUN,test2_golden,1,1,killed,0,1.218,,59cea826204e668c,
resize,ast_emitted,42aae18790d972f6,cxx_arith_swap,resize_box_uint8_down.halide_generated.cpp,4254,27,operator- -> operator*,m1310_cxx_arith_swap_operator_mul,OK,11a16079f29dd99a,OK,SURVIVED,KILLED,NOT_RUN,NOT_RUN,test2_golden,1,1,killed,0,1.206,,868251fc7d0c79ce,
resize,ast_emitted,0a2e69d2499c1369,cxx_arith_swap,resize_box_uint8_down.halide_generated.cpp,4258,29,operator+ -> operator*,m1313_cxx_arith_swap_operator_mul,OK,a7a12f0dd3a483d9,OK,SURVIVED,KILLED,NOT_RUN,NOT_RUN,test2_golden,1,1,killed,0,1.192,,1f9b053ca19d62f7,
resize,ast_emitted,c055375e569153ca,cxx_arith_swap,resize_box_uint8_down.halide_generated.cpp,4261,27,operator+ -> operator*,m1316_cxx_arith_swap_operator_mul,OK,d8d1fc5c5397e38f,OK,SURVIVED,KILLED,NOT_RUN,NOT_RUN,test2_golden,1,1,killed,0,0.669,,41c56458e58ea837,
resize,ast_emitted,bc2513078a066825,cxx_arith_swap,resize_box_uint8_down.halide_generated.cpp,4261,27,operator+ -> operator/,m1317_cxx_arith_swap_operator_div,OK,d324ac5ae59b9b3f,OK,SURVIVED,KILLED,NOT_RUN,NOT_RUN,test2_golden,1,1,killed,0,0.652,,359a8490b5196d11,
resize,ast_emitted,dd6fa5fa522af351,cxx_arith_swap,resize_box_uint8_down.halide_generated.cpp,4263,27,operator* -> operator+,m1318_cxx_arith_swap_operator_add,OK,a933f3f77d8671a5,OK,SURVIVED,KILLED,NOT_RUN,NOT_RUN,test2_golden,1,1,killed,0,0.663,,5467935b74d34072,
resize,ast_emitted,82455a10550c5017,cxx_arith_swap,resize_box_uint8_down.halide_generated.cpp,4258,29,operator+ -> operator/,m1314_cxx_arith_swap_operator_div,OK,ea17cbe369cdf47d,OK,SURVIVED,KILLED,NOT_RUN,NOT_RUN,test2_golden,1,1,killed,0,0.764,,592951c31f90f2f9,
resize,ast_emitted,c1862225fdcc0947,cxx_arith_swap,resize_box_uint8_down.halide_generated.cpp,4261,27,operator+ -> operator-,m1315_cxx_arith_swap_operator_sub,OK,f79da567b7a974ec,OK,SURVIVED,KILLED,NOT_RUN,NOT_RUN,test2_golden,1,1,killed,0,1.377,,f16bd75c5a428921,
resize,ast_emitted,e93e758651522ba2,cxx_arith_swap,resize_box_uint8_down.halide_generated.cpp,4265,27,operator- -> operator*,m1322_cxx_arith_swap_operator_mul,OK,35c2e7b3469acb66,OK,SURVIVED,KILLED,NOT_RUN,NOT_RUN,test2_golden,1,1,killed,0,0.610,,fb6cb10216ab170a,
resize,ast_emitted,9563d55ac0615354,cxx_arith_swap,resize_box_uint8_down.halide_generated.cpp,4263,27,operator* -> operator-,m1319_cxx_arith_swap_operator_sub,OK,473e7ac9d689595b,OK,SURVIVED,KILLED,NOT_RUN,NOT_RUN,test2_golden,1,1,killed,0,0.823,,3b306eae590e9a95,
resize,ast_emitted,48d5af1ed15b8f54,cxx_arith_swap,resize_box_uint8_down.halide_generated.cpp,4263,27,operator* -> operator/,m1320_cxx_arith_swap_operator_div,OK,96d8aa726c35b0e2,OK,SURVIVED,KILLED,NOT_RUN,NOT_RUN,test2_golden,1,1,killed,0,1.271,,f54b9c27c940cb78,
resize,ast_emitted,81895df231f9a5fc,cxx_arith_swap,resize_box_uint8_down.halide_generated.cpp,4265,27,operator- -> operator+,m1321_cxx_arith_swap_operator_add,OK,5b5da91bf4fe1c1b,OK,SURVIVED,KILLED,NOT_RUN,NOT_RUN,test2_golden,1,1,killed,0,1.186,,4c240cda9199f059,
resize,ast_emitted,d643e627de6417e2,cxx_arith_swap,resize_box_uint8_down.halide_generated.cpp,4265,27,operator- -> operator/,m1323_cxx_arith_swap_operator_div,OK,a228e30f31cb6114,OK,SURVIVED,KILLED,NOT_RUN,NOT_RUN,test2_golden,1,1,killed,0,0.664,,2ecfe6bda226b9df,
resize,ast_emitted,2f0cd20ea55a4617,cxx_arith_swap,resize_box_uint8_down.halide_generated.cpp,4267,27,operator- -> operator+,m1324_cxx_arith_swap_operator_add,OK,6ed6e636f58bcfd2,OK,SURVIVED,KILLED,NOT_RUN,NOT_RUN,test2_golden,1,1,killed,0,0.699,,2a2d6e7f5696ea6c,
resize,ast_emitted,f773a7ef21b6fa4d,cxx_arith_swap,resize_box_uint8_down.halide_generated.cpp,4271,29,operator+ -> operator-,m1327_cxx_arith_swap_operator_sub,OK,b7b5ea7b4ae88f3e,OK,NOT_RUN,NOT_RUN,NOT_RUN,NOT_RUN,,0,1,equivalent_tce,,,,,bit-identical machine code at -O2: no test can distinguish it
resize,ast_emitted,ec064589e02dc747,cxx_arith_swap,resize_box_uint8_down.halide_generated.cpp,4267,27,operator- -> operator*,m1325_cxx_arith_swap_operator_mul,OK,78d53868749a5173,OK,SURVIVED,KILLED,NOT_RUN,NOT_RUN,test2_golden,1,1,killed,0,0.626,,4c240cda9199f059,
resize,ast_emitted,28b01b912653c54d,cxx_arith_swap,resize_box_uint8_down.halide_generated.cpp,4267,27,operator- -> operator/,m1326_cxx_arith_swap_operator_div,OK,0f4083109de6d9bc,OK,SURVIVED,KILLED,NOT_RUN,NOT_RUN,test2_golden,1,1,killed,0,0.626,,4c240cda9199f059,
resize,ast_emitted,dbaa992473648109,cxx_arith_swap,resize_box_uint8_down.halide_generated.cpp,4271,29,operator+ -> operator*,m1328_cxx_arith_swap_operator_mul,OK,c259716d2253e295,OK,SURVIVED,KILLED,NOT_RUN,NOT_RUN,test2_golden,1,1,killed,0,0.783,,bd078ebdf8592703,
resize,ast_emitted,e9e045900be42919,cxx_arith_swap,resize_box_uint8_down.halide_generated.cpp,4271,29,operator+ -> operator/,m1329_cxx_arith_swap_operator_div,OK,9633c78d348026a0,OK,SURVIVED,KILLED,NOT_RUN,NOT_RUN,test2_golden,1,1,killed,0,0.656,,81267d5961833a64,
resize,ast_emitted,7e5585fe6577cce8,cxx_arith_swap,resize_box_uint8_down.halide_generated.cpp,4274,27,operator+ -> operator/,m1332_cxx_arith_swap_operator_div,OK,25306589423b722e,OK,SURVIVED,KILLED,NOT_RUN,NOT_RUN,test2_golden,1,1,killed,0,0.606,,e921adbd940dcc87,
resize,ast_emitted,2d248d498d041b28,cxx_arith_swap,resize_box_uint8_down.halide_generated.cpp,4274,27,operator+ -> operator*,m1331_cxx_arith_swap_operator_mul,OK,a00e0ee44af5123e,OK,SURVIVED,KILLED,NOT_RUN,NOT_RUN,test2_golden,1,1,killed,0,0.654,,b8f3b450de688648,
resize,ast_emitted,b2edccbced8e708e,cxx_arith_swap,resize_box_uint8_down.halide_generated.cpp,4274,27,operator+ -> operator-,m1330_cxx_arith_swap_operator_sub,OK,f79da567b7a974ec,OK,SURVIVED,KILLED,NOT_RUN,NOT_RUN,test2_golden,1,1,killed,0,1.292,,ec9ab49a1d26975e,
resize,ast_emitted,cb0163a09dc040be,cxx_arith_swap,resize_box_uint8_down.halide_generated.cpp,4276,27,operator* -> operator+,m1333_cxx_arith_swap_operator_add,OK,6a5bc443f87b23e8,OK,SURVIVED,KILLED,NOT_RUN,NOT_RUN,test2_golden,1,1,killed,0,0.975,,08de9a05cb155144,
resize,ast_emitted,24b7241cc490c425,cxx_arith_swap,resize_box_uint8_down.halide_generated.cpp,4276,27,operator* -> operator/,m1335_cxx_arith_swap_operator_div,OK,bf9ed0c300834e6d,OK,SURVIVED,KILLED,NOT_RUN,NOT_RUN,test2_golden,1,1,killed,0,0.611,,74d34f007bbfc742,
resize,ast_emitted,29dcf1e3301b0ec4,cxx_arith_swap,resize_box_uint8_down.halide_generated.cpp,4278,27,operator- -> operator/,m1338_cxx_arith_swap_operator_div,OK,85a2b64d897e2518,OK,SURVIVED,KILLED,NOT_RUN,NOT_RUN,test2_golden,1,1,killed,0,0.607,,aad2342578f798aa,
resize,ast_emitted,4f4c2eb1ffcf9c2b,cxx_arith_swap,resize_box_uint8_down.halide_generated.cpp,4276,27,operator* -> operator-,m1334_cxx_arith_swap_operator_sub,OK,b8f293bf77d3c2f0,OK,SURVIVED,KILLED,NOT_RUN,NOT_RUN,test2_golden,1,1,killed,0,1.243,,e1cfd1528f50e6b8,
resize,ast_emitted,dc0299cb9bbb5c2e,cxx_arith_swap,resize_box_uint8_down.halide_generated.cpp,4278,27,operator- -> operator*,m1337_cxx_arith_swap_operator_mul,OK,edcc8230a9dc1356,OK,SURVIVED,KILLED,NOT_RUN,NOT_RUN,test2_golden,1,1,killed,0,0.607,,de1a399d766ef0d0,
resize,ast_emitted,7599a6bd2ef7febe,cxx_arith_swap,resize_box_uint8_down.halide_generated.cpp,4284,29,operator+ -> operator-,m1342_cxx_arith_swap_operator_sub,OK,b7b5ea7b4ae88f3e,OK,NOT_RUN,NOT_RUN,NOT_RUN,NOT_RUN,,0,1,equivalent_tce,,,,,bit-identical machine code at -O2: no test can distinguish it
resize,ast_emitted,dea3d7fde9f099ad,cxx_arith_swap,resize_box_uint8_down.halide_generated.cpp,4280,27,operator- -> operator+,m1339_cxx_arith_swap_operator_add,OK,9f6eedc0182a14e2,OK,SURVIVED,KILLED,NOT_RUN,NOT_RUN,test2_golden,1,1,killed,0,0.625,,9d650239f1b94fd6,
resize,ast_emitted,50b03af0d4716336,cxx_arith_swap,resize_box_uint8_down.halide_generated.cpp,4278,27,operator- -> operator+,m1336_cxx_arith_swap_operator_add,OK,5b5da91bf4fe1c1b,OK,SURVIVED,KILLED,NOT_RUN,NOT_RUN,test2_golden,1,1,killed,0,1.189,,21af6fa9dfe82b0d,
resize,ast_emitted,cc8d85ab77167337,cxx_arith_swap,resize_box_uint8_down.halide_generated.cpp,4284,29,operator+ -> operator*,m1343_cxx_arith_swap_operator_mul,OK,5775eacbb1bdfdb0,OK,SURVIVED,KILLED,NOT_RUN,NOT_RUN,test2_golden,1,1,killed,0,0.655,,82486954d3d9e68c,
resize,ast_emitted,60c5b1205db70a5b,cxx_arith_swap,resize_box_uint8_down.halide_generated.cpp,4280,27,operator- -> operator*,m1340_cxx_arith_swap_operator_mul,OK,7e97ca4d0e254ef9,OK,SURVIVED,KILLED,NOT_RUN,NOT_RUN,test2_golden,1,1,killed,0,1.051,,21af6fa9dfe82b0d,
resize,ast_emitted,06d09b79e5c052b3,cxx_arith_swap,resize_box_uint8_down.halide_generated.cpp,4280,27,operator- -> operator/,m1341_cxx_arith_swap_operator_div,OK,aed4300d11668a84,OK,SURVIVED,KILLED,NOT_RUN,NOT_RUN,test2_golden,1,1,killed,0,1.010,,21af6fa9dfe82b0d,
resize,ast_emitted,2696956760fd371c,cxx_arith_swap,resize_box_uint8_down.halide_generated.cpp,4284,29,operator+ -> operator/,m1344_cxx_arith_swap_operator_div,OK,096869dcb3e52e64,OK,SURVIVED,KILLED,NOT_RUN,NOT_RUN,test2_golden,1,1,killed,0,1.436,,7b12f99c87ca1740,
resize,ast_emitted,98da220f60922ee3,cxx_arith_swap,resize_box_uint8_down.halide_generated.cpp,4287,27,operator+ -> operator-,m1345_cxx_arith_swap_operator_sub,OK,f79da567b7a974ec,OK,SURVIVED,KILLED,NOT_RUN,NOT_RUN,test2_golden,1,1,killed,0,0.730,,7bd067fafae7b475,
resize,ast_emitted,792e81abedddb609,cxx_arith_swap,resize_box_uint8_down.halide_generated.cpp,4287,27,operator+ -> operator/,m1347_cxx_arith_swap_operator_div,OK,d1ef273bbcab8b98,OK,SURVIVED,KILLED,NOT_RUN,NOT_RUN,test2_golden,1,1,killed,0,1.523,,9d6b87c5165558c0,
resize,ast_emitted,9bd84b5e18cee0eb,cxx_arith_swap,resize_box_uint8_down.halide_generated.cpp,4287,27,operator+ -> operator*,m1346_cxx_arith_swap_operator_mul,OK,1b0ff8aafdacbbe5,OK,SURVIVED,KILLED,NOT_RUN,NOT_RUN,test2_golden,1,1,killed,0,1.112,,1b0888a3e67799d0,
resize,ast_emitted,f5ae0dd3b5b2cb68,cxx_arith_swap,resize_box_uint8_down.halide_generated.cpp,4289,27,operator* -> operator+,m1348_cxx_arith_swap_operator_add,OK,a9a7814e57488bbf,OK,SURVIVED,KILLED,NOT_RUN,NOT_RUN,test2_golden,1,1,killed,0,0.711,,41465a5fda647f6b,
resize,ast_emitted,2bf6030f19aa8858,cxx_arith_swap,resize_box_uint8_down.halide_generated.cpp,4289,27,operator* -> operator/,m1350_cxx_arith_swap_operator_div,OK,172f1431166c3d3d,OK,SURVIVED,KILLED,NOT_RUN,NOT_RUN,test2_golden,1,1,killed,0,0.744,,115dba76815b9dfc,
resize,ast_emitted,87719a70fb30a394,cxx_arith_swap,resize_box_uint8_down.halide_generated.cpp,4289,27,operator* -> operator-,m1349_cxx_arith_swap_operator_sub,OK,d3ee6ffa630beacc,OK,SURVIVED,KILLED,NOT_RUN,NOT_RUN,test2_golden,1,1,killed,0,0.709,,51a0a2b11a142aa9,
resize,ast_emitted,dc0a552c1d9f60fa,cxx_arith_swap,resize_box_uint8_down.halide_generated.cpp,4291,27,operator- -> operator+,m1351_cxx_arith_swap_operator_add,OK,5b5da91bf4fe1c1b,OK,SURVIVED,KILLED,NOT_RUN,NOT_RUN,test2_golden,1,1,killed,0,0.649,,bd52897bf96ab018,
resize,ast_emitted,c8f0ab85284fb0db,cxx_arith_swap,resize_box_uint8_down.halide_generated.cpp,4291,27,operator- -> operator*,m1352_cxx_arith_swap_operator_mul,OK,75ea94ef001ebdd7,OK,SURVIVED,KILLED,NOT_RUN,NOT_RUN,test2_golden,1,1,killed,0,0.775,,fbfcc146eb71a684,
resize,ast_emitted,dacf59216bc2f0b1,cxx_arith_swap,resize_box_uint8_down.halide_generated.cpp,4291,27,operator- -> operator/,m1353_cxx_arith_swap_operator_div,OK,2c108c893c21a9d6,OK,SURVIVED,KILLED,NOT_RUN,NOT_RUN,test2_golden,1,1,killed,0,0.678,,c7ab1d03af7266a5,
resize,ast_emitted,4c8a1376d1417916,cxx_arith_swap,resize_box_uint8_down.halide_generated.cpp,4297,29,operator+ -> operator-,m1357_cxx_arith_swap_operator_sub,OK,b7b5ea7b4ae88f3e,OK,NOT_RUN,NOT_RUN,NOT_RUN,NOT_RUN,,0,1,equivalent_tce,,,,,bit-identical machine code at -O2: no test can distinguish it
resize,ast_emitted,9442305197c9ce1e,cxx_arith_swap,resize_box_uint8_down.halide_generated.cpp,4293,27,operator- -> operator+,m1354_cxx_arith_swap_operator_add,OK,192d8e516d193b45,OK,SURVIVED,KILLED,NOT_RUN,NOT_RUN,test2_golden,1,1,killed,0,0.764,,75138a585cf28b66,
resize,ast_emitted,d4a51c481764d417,cxx_arith_swap,resize_box_uint8_down.halide_generated.cpp,4293,27,operator- -> operator*,m1355_cxx_arith_swap_operator_mul,OK,c8454cf09a0b7bea,OK,SURVIVED,KILLED,NOT_RUN,NOT_RUN,test2_golden,1,1,killed,0,0.626,,bd52897bf96ab018,
resize,ast_emitted,9c2b0e878cb68889,cxx_arith_swap,resize_box_uint8_down.halide_generated.cpp,4297,29,operator+ -> operator/,m1359_cxx_arith_swap_operator_div,OK,441b1bb4a57c4f3c,OK,SURVIVED,KILLED,NOT_RUN,NOT_RUN,test2_golden,1,1,killed,0,0.612,,6345d47bc4d14500,
resize,ast_emitted,94f4192c0750449f,cxx_arith_swap,resize_box_uint8_down.halide_generated.cpp,4293,27,operator- -> operator/,m1356_cxx_arith_swap_operator_div,OK,7183685d5e271f65,OK,SURVIVED,KILLED,NOT_RUN,NOT_RUN,test2_golden,1,1,killed,0,0.805,,bd52897bf96ab018,
resize,ast_emitted,ddb81b8d79c669cf,cxx_arith_swap,resize_box_uint8_down.halide_generated.cpp,4300,27,operator+ -> operator-,m1360_cxx_arith_swap_operator_sub,OK,f79da567b7a974ec,OK,SURVIVED,KILLED,NOT_RUN,NOT_RUN,test2_golden,1,1,killed,0,0.702,,6260a66c3dbd7a67,
resize,ast_emitted,85d70a40d73a5fec,cxx_arith_swap,resize_box_uint8_down.halide_generated.cpp,4300,27,operator+ -> operator/,m1362_cxx_arith_swap_operator_div,OK,cde66e8b370536d5,OK,SURVIVED,KILLED,NOT_RUN,NOT_RUN,test2_golden,1,1,killed,0,0.609,,be42b0cd695d055b,
resize,ast_emitted,cace7b803372c834,cxx_arith_swap,resize_box_uint8_down.halide_generated.cpp,4302,27,operator* -> operator+,m1363_cxx_arith_swap_operator_add,OK,a68234a197913eb3,OK,SURVIVED,KILLED,NOT_RUN,NOT_RUN,test2_golden,1,1,killed,0,1.012,,6ae095597973c42d,
resize,ast_emitted,0f6e326946721166,cxx_arith_swap,resize_box_uint8_down.halide_generated.cpp,4300,27,operator+ -> operator*,m1361_cxx_arith_swap_operator_mul,OK,8aeb4c6605729be2,OK,SURVIVED,KILLED,NOT_RUN,NOT_RUN,test2_golden,1,1,killed,0,1.822,,8a82ccfe8fd74e2a,
resize,ast_emitted,cc268417f02fddf9,cxx_arith_swap,resize_box_uint8_down.halide_generated.cpp,4297,29,operator+ -> operator*,m1358_cxx_arith_swap_operator_mul,OK,d6a8ef801a6b8528,OK,SURVIVED,KILLED,NOT_RUN,NOT_RUN,test2_golden,1,1,killed,0,1.744,,4e5a3de6a5e60b0f,
resize,ast_emitted,93ed8d4b4100140a,cxx_arith_swap,resize_box_uint8_down.halide_generated.cpp,4302,27,operator* -> operator/,m1365_cxx_arith_swap_operator_div,OK,dd2c3cd48d2a8cbe,OK,SURVIVED,KILLED,NOT_RUN,NOT_RUN,test2_golden,1,1,killed,0,0.631,,67ea8462b98c3b3f,
resize,ast_emitted,cd285896c8062866,cxx_arith_swap,resize_box_uint8_down.halide_generated.cpp,4302,27,operator* -> operator-,m1364_cxx_arith_swap_operator_sub,OK,22533f47d87e4ee1,OK,SURVIVED,KILLED,NOT_RUN,NOT_RUN,test2_golden,1,1,killed,0,1.675,,90716874ce523330,
resize,ast_emitted,52307cf5a93eb7b9,cxx_arith_swap,resize_box_uint8_down.halide_generated.cpp,4304,27,operator- -> operator+,m1366_cxx_arith_swap_operator_add,OK,5b5da91bf4fe1c1b,OK,SURVIVED,KILLED,NOT_RUN,NOT_RUN,test2_golden,1,1,killed,0,1.770,,a1453363889e06ca,
resize,ast_emitted,e4445fb616aacf25,cxx_arith_swap,resize_box_uint8_down.halide_generated.cpp,4304,27,operator- -> operator*,m1367_cxx_arith_swap_operator_mul,OK,352bc5924a48efc2,OK,SURVIVED,KILLED,NOT_RUN,NOT_RUN,test2_golden,1,1,killed,0,0.679,,350b14122a8ff95d,
resize,ast_emitted,3360cde184fde87f,cxx_arith_swap,resize_box_uint8_down.halide_generated.cpp,4310,29,operator+ -> operator-,m1372_cxx_arith_swap_operator_sub,OK,b7b5ea7b4ae88f3e,OK,NOT_RUN,NOT_RUN,NOT_RUN,NOT_RUN,,0,1,equivalent_tce,,,,,bit-identical machine code at -O2: no test can distinguish it
resize,ast_emitted,94eeaa07549efc5b,cxx_arith_swap,resize_box_uint8_down.halide_generated.cpp,4304,27,operator- -> operator/,m1368_cxx_arith_swap_operator_div,OK,679ee21678712eb2,OK,SURVIVED,KILLED,NOT_RUN,NOT_RUN,test2_golden,1,1,killed,0,0.904,,e2a4cf32ebf07764,
resize,ast_emitted,359967cd03a294ae,cxx_arith_swap,resize_box_uint8_down.halide_generated.cpp,4306,27,operator- -> operator*,m1370_cxx_arith_swap_operator_mul,OK,27532d5904bbe7c5,OK,SURVIVED,KILLED,NOT_RUN,NOT_RUN,test2_golden,1,1,killed,0,1.599,,a1453363889e06ca,
resize,ast_emitted,aa7f56486b585970,cxx_arith_swap,resize_box_uint8_down.halide_generated.cpp,4306,27,operator- -> operator+,m1369_cxx_arith_swap_operator_add,OK,ad657bcc05240603,OK,SURVIVED,KILLED,NOT_RUN,NOT_RUN,test2_golden,1,1,killed,0,2.008,,78c060a6a21f8a43,
resize,ast_emitted,4d5c5a8f0b34b4d6,cxx_arith_swap,resize_box_uint8_down.halide_generated.cpp,4310,29,operator+ -> operator*,m1373_cxx_arith_swap_operator_mul,OK,db3f2e677e0c9ceb,OK,SURVIVED,KILLED,NOT_RUN,NOT_RUN,test2_golden,1,1,killed,0,0.672,,17758c9d9fee5d6f,
resize,ast_emitted,a263821926ff0541,cxx_arith_swap,resize_box_uint8_down.halide_generated.cpp,4306,27,operator- -> operator/,m1371_cxx_arith_swap_operator_div,OK,df3e565c8d17a14c,OK,SURVIVED,KILLED,NOT_RUN,NOT_RUN,test2_golden,1,1,killed,0,1.435,,a1453363889e06ca,
resize,ast_emitted,66233d699235e0c1,cxx_arith_swap,resize_box_uint8_down.halide_generated.cpp,4310,29,operator+ -> operator/,m1374_cxx_arith_swap_operator_div,OK,65b217fa7e29a0dc,OK,SURVIVED,KILLED,NOT_RUN,NOT_RUN,test2_golden,1,1,killed,0,0.845,,410881a784867d85,
resize,ast_emitted,02af4d8a2b7e6b44,cxx_arith_swap,resize_box_uint8_down.halide_generated.cpp,4313,27,operator+ -> operator-,m1375_cxx_arith_swap_operator_sub,OK,f13a445ef3101097,OK,SURVIVED,KILLED,NOT_RUN,NOT_RUN,test2_golden,1,1,killed,0,0.676,,0fc20736ac2b3a4e,
resize,ast_emitted,823ac7ce64f3f24b,cxx_arith_swap,resize_box_uint8_down.halide_generated.cpp,4313,27,operator+ -> operator*,m1376_cxx_arith_swap_operator_mul,OK,80c5930a6024d6c6,OK,SURVIVED,KILLED,NOT_RUN,NOT_RUN,test2_golden,1,1,killed,0,0.822,,569e8cf3d4a313cb,
resize,ast_emitted,33ec3f30fba3a279,cxx_arith_swap,resize_box_uint8_down.halide_generated.cpp,4313,27,operator+ -> operator/,m1377_cxx_arith_swap_operator_div,OK,a37e264ec4645713,OK,SURVIVED,KILLED,NOT_RUN,NOT_RUN,test2_golden,1,1,killed,0,0.626,,094be696b0f19c8f,
resize,ast_emitted,3747ea5004db31e4,cxx_arith_swap,resize_box_uint8_down.halide_generated.cpp,4315,27,operator* -> operator+,m1378_cxx_arith_swap_operator_add,OK,9604325a636e204c,OK,SURVIVED,KILLED,NOT_RUN,NOT_RUN,test2_golden,1,1,killed,0,0.674,,6d42faf16a537e3a,
resize,ast_emitted,4b35d14e09492d23,cxx_arith_swap,resize_box_uint8_down.halide_generated.cpp,4317,27,operator- -> operator+,m1381_cxx_arith_swap_operator_add,OK,5879967e35644556,OK,SURVIVED,KILLED,NOT_RUN,NOT_RUN,test2_golden,1,1,killed,0,0.627,,8ec6ab2eaf3c3712,
resize,ast_emitted,4ace80ace93636fa,cxx_arith_swap,resize_box_uint8_down.halide_generated.cpp,4315,27,operator* -> operator-,m1379_cxx_arith_swap_operator_sub,OK,e3c4250c6386b3eb,OK,SURVIVED,KILLED,NOT_RUN,NOT_RUN,test2_golden,1,1,killed,0,0.795,,9decd3e28876aafc,
resize,ast_emitted,698150eade761585,cxx_arith_swap,resize_box_uint8_down.halide_generated.cpp,4317,27,operator- -> operator/,m1383_cxx_arith_swap_operator_div,OK,ef87f704ba2727ef,OK,SURVIVED,KILLED,NOT_RUN,NOT_RUN,test2_golden,1,1,killed,0,0.607,,312721e3a3a4a995,
resize,ast_emitted,867259a99e0f871f,cxx_arith_swap,resize_box_uint8_down.halide_generated.cpp,4315,27,operator* -> operator/,m1380_cxx_arith_swap_operator_div,OK,4eb09b2d68a9c6da,OK,SURVIVED,KILLED,NOT_RUN,NOT_RUN,test2_golden,1,1,killed,0,1.340,,e64c9cdc6a747fff,
resize,ast_emitted,7a569feaf70a30b3,cxx_arith_swap,resize_box_uint8_down.halide_generated.cpp,4317,27,operator- -> operator*,m1382_cxx_arith_swap_operator_mul,OK,37c0407607c79fa0,OK,SURVIVED,KILLED,NOT_RUN,NOT_RUN,test2_golden,1,1,killed,0,1.684,,4d49844020208611,
resize,ast_emitted,90c30d23f70f7007,cxx_arith_swap,resize_box_uint8_down.halide_generated.cpp,4319,27,operator- -> operator*,m1385_cxx_arith_swap_operator_mul,OK,a77e1f5a0ae6c694,OK,SURVIVED,KILLED,NOT_RUN,NOT_RUN,test2_golden,1,1,killed,0,0.625,,8ec6ab2eaf3c3712,
resize,ast_emitted,a3f32c65076178be,cxx_arith_swap,resize_box_uint8_down.halide_generated.cpp,4319,27,operator- -> operator/,m1386_cxx_arith_swap_operator_div,OK,d742ad37cdecf840,OK,SURVIVED,KILLED,NOT_RUN,NOT_RUN,test2_golden,1,1,killed,0,0.625,,8ec6ab2eaf3c3712,
resize,ast_emitted,8be26e65f7289111,cxx_arith_swap,resize_box_uint8_down.halide_generated.cpp,4323,29,operator+ -> operator-,m1387_cxx_arith_swap_operator_sub,OK,b7b5ea7b4ae88f3e,OK,NOT_RUN,NOT_RUN,NOT_RUN,NOT_RUN,,0,1,equivalent_tce,,,,,bit-identical machine code at -O2: no test can distinguish it
resize,ast_emitted,a9a05e9be5546dfe,cxx_arith_swap,resize_box_uint8_down.halide_generated.cpp,4323,29,operator+ -> operator*,m1388_cxx_arith_swap_operator_mul,OK,c014062deb892860,OK,SURVIVED,KILLED,NOT_RUN,NOT_RUN,test2_golden,1,1,killed,0,0.802,,01551aeea9b90993,
resize,ast_emitted,1038c776779dfb30,cxx_arith_swap,resize_box_uint8_down.halide_generated.cpp,4319,27,operator- -> operator+,m1384_cxx_arith_swap_operator_add,OK,ff83cb123c76ebc4,OK,SURVIVED,KILLED,NOT_RUN,NOT_RUN,test2_golden,1,1,killed,0,0.689,,a5e666d04a08f449,
resize,ast_emitted,49883bdbaddd6f6f,cxx_arith_swap,resize_box_uint8_down.halide_generated.cpp,4323,29,operator+ -> operator/,m1389_cxx_arith_swap_operator_div,OK,a4be2ee06aed14c5,OK,SURVIVED,KILLED,NOT_RUN,NOT_RUN,test2_golden,1,1,killed,0,1.063,,9b6e588ca52ac9a5,
resize,ast_emitted,7ad73c6a6796683c,cxx_arith_swap,resize_box_uint8_down.halide_generated.cpp,4326,27,operator+ -> operator/,m1392_cxx_arith_swap_operator_div,OK,dbf449ecf19841dd,OK,SURVIVED,KILLED,NOT_RUN,NOT_RUN,test2_golden,1,1,killed,0,0.618,,45bb80ee9297998b,
resize,ast_emitted,0c37e03c3d46c494,cxx_arith_swap,resize_box_uint8_down.halide_generated.cpp,4326,27,operator+ -> operator-,m1390_cxx_arith_swap_operator_sub,OK,f13a445ef3101097,OK,SURVIVED,KILLED,NOT_RUN,NOT_RUN,test2_golden,1,1,killed,0,0.627,,9dcced2845a69ae9,
resize,ast_emitted,b709ecfefde247f8,cxx_arith_swap,resize_box_uint8_down.halide_generated.cpp,4326,27,operator+ -> operator*,m1391_cxx_arith_swap_operator_mul,OK,e989bb32054dbeb3,OK,SURVIVED,KILLED,NOT_RUN,NOT_RUN,test2_golden,1,1,killed,0,0.609,,535b4f668cfdfb52,
resize,ast_emitted,307a26ea033f3449,cxx_arith_swap,resize_box_uint8_down.halide_generated.cpp,4328,27,operator* -> operator+,m1393_cxx_arith_swap_operator_add,OK,6e67a6f4e9d72b11,OK,SURVIVED,KILLED,NOT_RUN,NOT_RUN,test2_golden,1,1,killed,0,0.610,,f0cae6b5a1ec866e,
resize,ast_emitted,50f4b3b862eb5690,cxx_arith_swap,resize_box_uint8_down.halide_generated.cpp,4328,27,operator* -> operator/,m1395_cxx_arith_swap_operator_div,OK,e97b7f3da77bf631,OK,SURVIVED,KILLED,NOT_RUN,NOT_RUN,test2_golden,1,1,killed,0,0.674,,5c3eab7daeaf29f0,
resize,ast_emitted,3461b98c4e5a3a98,cxx_arith_swap,resize_box_uint8_down.halide_generated.cpp,4330,27,operator- -> operator+,m1396_cxx_arith_swap_operator_add,OK,5879967e35644556,OK,SURVIVED,KILLED,NOT_RUN,NOT_RUN,test2_golden,1,1,killed,0,0.692,,688e01ec62cde99b,
resize,ast_emitted,8507ed3c0f941e68,cxx_arith_swap,resize_box_uint8_down.halide_generated.cpp,4330,27,operator- -> operator*,m1397_cxx_arith_swap_operator_mul,OK,3fea3525f1d7504b,OK,SURVIVED,KILLED,NOT_RUN,NOT_RUN,test2_golden,1,1,killed,0,0.712,,451bfecd0d9dc8a1,
resize,ast_emitted,63254961f3020997,cxx_arith_swap,resize_box_uint8_down.halide_generated.cpp,4332,27,operator- -> operator+,m1399_cxx_arith_swap_operator_add,OK,c9df70fb98e8e7f0,OK,SURVIVED,KILLED,NOT_RUN,NOT_RUN,test2_golden,1,1,killed,0,0.723,,296657ee46a6187b,
resize,ast_emitted,359bc6728ad2456c,cxx_arith_swap,resize_box_uint8_down.halide_generated.cpp,4328,27,operator* -> operator-,m1394_cxx_arith_swap_operator_sub,OK,c42f227613d32dcf,OK,SURVIVED,KILLED,NOT_RUN,NOT_RUN,test2_golden,1,1,killed,0,0.912,,1a8f2f8a4648b28e,
resize,ast_emitted,e08787ecc50761d4,cxx_arith_swap,resize_box_uint8_down.halide_generated.cpp,4336,29,operator+ -> operator-,m1402_cxx_arith_swap_operator_sub,OK,b7b5ea7b4ae88f3e,OK,NOT_RUN,NOT_RUN,NOT_RUN,NOT_RUN,,0,1,equivalent_tce,,,,,bit-identical machine code at -O2: no test can distinguish it
resize,ast_emitted,049574b6d02420ea,cxx_arith_swap,resize_box_uint8_down.halide_generated.cpp,4330,27,operator- -> operator/,m1398_cxx_arith_swap_operator_div,OK,fe68631ca76ebcf2,OK,SURVIVED,KILLED,NOT_RUN,NOT_RUN,test2_golden,1,1,killed,0,0.904,,c6aff51dbc2d6000,
resize,ast_emitted,19e3e64d1ec75054,cxx_arith_swap,resize_box_uint8_down.halide_generated.cpp,4332,27,operator- -> operator*,m1400_cxx_arith_swap_operator_mul,OK,f646fe7a68e51160,OK,SURVIVED,KILLED,NOT_RUN,NOT_RUN,test2_golden,1,1,killed,0,0.953,,688e01ec62cde99b,
resize,ast_emitted,32f46141c58b1c23,cxx_arith_swap,resize_box_uint8_down.halide_generated.cpp,4332,27,operator- -> operator/,m1401_cxx_arith_swap_operator_div,OK,7c7e0d95c0c09bf6,OK,SURVIVED,KILLED,NOT_RUN,NOT_RUN,test2_golden,1,1,killed,0,1.513,,688e01ec62cde99b,
resize,ast_emitted,a302cb11cbf2c6d2,cxx_arith_swap,resize_box_uint8_down.halide_generated.cpp,4336,29,operator+ -> operator/,m1404_cxx_arith_swap_operator_div,OK,cd6b14817e9e6d6d,OK,SURVIVED,KILLED,NOT_RUN,NOT_RUN,test2_golden,1,1,killed,0,0.612,,d13e6dfa72792b19,
resize,ast_emitted,7611bbc2f3dd713d,cxx_arith_swap,resize_box_uint8_down.halide_generated.cpp,4339,27,operator+ -> operator-,m1405_cxx_arith_swap_operator_sub,OK,f13a445ef3101097,OK,SURVIVED,KILLED,NOT_RUN,NOT_RUN,test2_golden,1,1,killed,0,1.506,,3f8c423aa6076304,
resize,ast_emitted,c7d2ea0f6865d923,cxx_arith_swap,resize_box_uint8_down.halide_generated.cpp,4336,29,operator+ -> operator*,m1403_cxx_arith_swap_operator_mul,OK,e6cfb003c9ebdb53,OK,SURVIVED,KILLED,NOT_RUN,NOT_RUN,test2_golden,1,1,killed,0,0.607,,23fee77baed0b4fe,
resize,ast_emitted,ffdc16db87ed6a5c,cxx_arith_swap,resize_box_uint8_down.halide_generated.cpp,4339,27,operator+ -> operator/,m1407_cxx_arith_swap_operator_div,OK,99822570d2eb6f0d,OK,SURVIVED,KILLED,NOT_RUN,NOT_RUN,test2_golden,1,1,killed,0,0.786,,d6cc6301c15efa05,
resize,ast_emitted,13d00825cbc7eaf0,cxx_arith_swap,resize_box_uint8_down.halide_generated.cpp,4341,27,operator* -> operator+,m1408_cxx_arith_swap_operator_add,OK,4d54aed86eda0e54,OK,SURVIVED,KILLED,NOT_RUN,NOT_RUN,test2_golden,1,1,killed,0,1.198,,f15649896e99db70,
resize,ast_emitted,e44ef844b00fe4e7,cxx_arith_swap,resize_box_uint8_down.halide_generated.cpp,4343,27,operator- -> operator+,m1411_cxx_arith_swap_operator_add,OK,5879967e35644556,OK,SURVIVED,KILLED,NOT_RUN,NOT_RUN,test2_golden,1,1,killed,0,0.673,,bb51e3bfd5002c10,
resize,ast_emitted,f16196209c9994be,cxx_arith_swap,resize_box_uint8_down.halide_generated.cpp,4339,27,operator+ -> operator*,m1406_cxx_arith_swap_operator_mul,OK,f233424060fbf95d,OK,SURVIVED,KILLED,NOT_RUN,NOT_RUN,test2_golden,1,1,killed,0,1.074,,585d02169745501f,
resize,ast_emitted,2327a972cf7d8e2e,cxx_arith_swap,resize_box_uint8_down.halide_generated.cpp,4341,27,operator* -> operator-,m1409_cxx_arith_swap_operator_sub,OK,4003b4cb297da2ba,OK,SURVIVED,KILLED,NOT_RUN,NOT_RUN,test2_golden,1,1,killed,0,1.384,,50fd17e8baafb8e0,
resize,ast_emitted,c13d75c58996a187,cxx_arith_swap,resize_box_uint8_down.halide_generated.cpp,4341,27,operator* -> operator/,m1410_cxx_arith_swap_operator_div,OK,989a21ab4d778f1e,OK,SURVIVED,KILLED,NOT_RUN,NOT_RUN,test2_golden,1,1,killed,0,1.735,,dd3ec354fa49f937,
resize,ast_emitted,be1b6e6823df4d26,cxx_arith_swap,resize_box_uint8_down.halide_generated.cpp,4343,27,operator- -> operator*,m1412_cxx_arith_swap_operator_mul,OK,3e212580ffb4ec2a,OK,SURVIVED,KILLED,NOT_RUN,NOT_RUN,test2_golden,1,1,killed,0,0.626,,2af104f4ea18a870,
resize,ast_emitted,f3988459088216c5,cxx_arith_swap,resize_box_uint8_down.halide_generated.cpp,4345,27,operator- -> operator+,m1414_cxx_arith_swap_operator_add,OK,8ba2ac4e7416db74,OK,SURVIVED,KILLED,NOT_RUN,NOT_RUN,test2_golden,1,1,killed,0,0.929,,2c18956f7de1f810,
resize,ast_emitted,8eb9a83d5aa8bbb7,cxx_arith_swap,resize_box_uint8_down.halide_generated.cpp,4343,27,operator- -> operator/,m1413_cxx_arith_swap_operator_div,OK,6e9ffea13300d79e,OK,SURVIVED,KILLED,NOT_RUN,NOT_RUN,test2_golden,1,1,killed,0,0.786,,dd7ad5c4ccd0033f,
resize,ast_emitted,969404258828d75f,cxx_arith_swap,resize_box_uint8_down.halide_generated.cpp,4345,27,operator- -> operator*,m1415_cxx_arith_swap_operator_mul,OK,fad923bcc44dbf8b,OK,SURVIVED,KILLED,NOT_RUN,NOT_RUN,test2_golden,1,1,killed,0,0.808,,bb51e3bfd5002c10,
resize,ast_emitted,6b58462f6f0452dd,cxx_arith_swap,resize_box_uint8_down.halide_generated.cpp,4349,29,operator+ -> operator-,m1417_cxx_arith_swap_operator_sub,OK,b7b5ea7b4ae88f3e,OK,NOT_RUN,NOT_RUN,NOT_RUN,NOT_RUN,,0,1,equivalent_tce,,,,,bit-identical machine code at -O2: no test can distinguish it
resize,ast_emitted,b54f4ffa809e3343,cxx_arith_swap,resize_box_uint8_down.halide_generated.cpp,4345,27,operator- -> operator/,m1416_cxx_arith_swap_operator_div,OK,311cd2dea2dfa676,OK,SURVIVED,KILLED,NOT_RUN,NOT_RUN,test2_golden,1,1,killed,0,0.766,,bb51e3bfd5002c10,
resize,ast_emitted,f45f127dacd533f5,cxx_arith_swap,resize_box_uint8_down.halide_generated.cpp,4349,29,operator+ -> operator/,m1419_cxx_arith_swap_operator_div,OK,522aa6bbf0349176,OK,SURVIVED,KILLED,NOT_RUN,NOT_RUN,test2_golden,1,1,killed,0,0.614,,a5db01d59e74b614,
resize,ast_emitted,f22855fc840acb43,cxx_arith_swap,resize_box_uint8_down.halide_generated.cpp,4352,27,operator+ -> operator/,m1422_cxx_arith_swap_operator_div,OK,5514aeb23e41a10e,OK,SURVIVED,KILLED,NOT_RUN,NOT_RUN,test2_golden,1,1,killed,0,0.690,,b34da749d3432773,
resize,ast_emitted,a970a1985f19d1ec,cxx_arith_swap,resize_box_uint8_down.halide_generated.cpp,4349,29,operator+ -> operator*,m1418_cxx_arith_swap_operator_mul,OK,918deae7eb99eada,OK,SURVIVED,KILLED,NOT_RUN,NOT_RUN,test2_golden,1,1,killed,0,1.819,,fe1e2e7649418992,
resize,ast_emitted,3cb49dee12689a21,cxx_arith_swap,resize_box_uint8_down.halide_generated.cpp,4354,27,operator* -> operator+,m1423_cxx_arith_swap_operator_add,OK,18f3fac749c0acc6,OK,SURVIVED,KILLED,NOT_RUN,NOT_RUN,test2_golden,1,1,killed,0,0.610,,042f2770b0bdb5e4,
resize,ast_emitted,58acaa185cd6e7a6,cxx_arith_swap,resize_box_uint8_down.halide_generated.cpp,4352,27,operator+ -> operator*,m1421_cxx_arith_swap_operator_mul,OK,3ad13d8f524cb1aa,OK,SURVIVED,KILLED,NOT_RUN,NOT_RUN,test2_golden,1,1,killed,0,1.539,,1d0a9ee59d680c44,
resize,ast_emitted,d85c649d8b7c5d18,cxx_arith_swap,resize_box_uint8_down.halide_generated.cpp,4354,27,operator* -> operator-,m1424_cxx_arith_swap_operator_sub,OK,8cf20c3fe218e332,OK,SURVIVED,KILLED,NOT_RUN,NOT_RUN,test2_golden,1,1,killed,0,1.310,,018d589acd9bfab2,
resize,ast_emitted,e3d85e26e3e788b5,cxx_arith_swap,resize_box_uint8_down.halide_generated.cpp,4352,27,operator+ -> operator-,m1420_cxx_arith_swap_operator_sub,OK,f13a445ef3101097,OK,SURVIVED,KILLED,NOT_RUN,NOT_RUN,test2_golden,1,1,killed,0,1.705,,10c71f4959195f9d,
resize,ast_emitted,d98b98aebda760f6,cxx_arith_swap,resize_box_uint8_down.halide_generated.cpp,4354,27,operator* -> operator/,m1425_cxx_arith_swap_operator_div,OK,f5ce06a4ecf0f0d5,OK,SURVIVED,KILLED,NOT_RUN,NOT_RUN,test2_golden,1,1,killed,0,1.661,,8f2da548d971e9c6,
resize,ast_emitted,46ff418cb5e759bd,cxx_arith_swap,resize_box_uint8_down.halide_generated.cpp,4356,27,operator- -> operator*,m1427_cxx_arith_swap_operator_mul,OK,ee18abf19b52e1f0,OK,SURVIVED,KILLED,NOT_RUN,NOT_RUN,test2_golden,1,1,killed,0,0.614,,219ca6f2222234ce,
resize,ast_emitted,40c0d2f547081740,cxx_arith_swap,resize_box_uint8_down.halide_generated.cpp,4356,27,operator- -> operator+,m1426_cxx_arith_swap_operator_add,OK,5879967e35644556,OK,SURVIVED,KILLED,NOT_RUN,NOT_RUN,test2_golden,1,1,killed,0,1.244,,7306c29996bd38bd,
resize,ast_emitted,18efce42697ecf81,cxx_arith_swap,resize_box_uint8_down.halide_generated.cpp,4356,27,operator- -> operator/,m1428_cxx_arith_swap_operator_div,OK,1a52c30b0c48f3e7,OK,SURVIVED,KILLED,NOT_RUN,NOT_RUN,test2_golden,1,1,killed,0,1.688,,e24c9e828b6a1c68,
resize,ast_emitted,7a323478bfe4673f,cxx_arith_swap,resize_box_uint8_down.halide_generated.cpp,4362,29,operator+ -> operator-,m1432_cxx_arith_swap_operator_sub,OK,b7b5ea7b4ae88f3e,OK,NOT_RUN,NOT_RUN,NOT_RUN,NOT_RUN,,0,1,equivalent_tce,,,,,bit-identical machine code at -O2: no test can distinguish it
resize,ast_emitted,d8527bce7f5c290a,cxx_arith_swap,resize_box_uint8_down.halide_generated.cpp,4358,27,operator- -> operator+,m1429_cxx_arith_swap_operator_add,OK,b0933c41aa1641e5,OK,SURVIVED,KILLED,NOT_RUN,NOT_RUN,test2_golden,1,1,killed,0,1.136,,761f67609bf52961,
resize,ast_emitted,e27ad597bffe2ecd,cxx_arith_swap,resize_box_uint8_down.halide_generated.cpp,4358,27,operator- -> operator*,m1430_cxx_arith_swap_operator_mul,OK,2fa23391d45db190,OK,SURVIVED,KILLED,NOT_RUN,NOT_RUN,test2_golden,1,1,killed,0,0.853,,7306c29996bd38bd,
resize,ast_emitted,997f8929e436d51f,cxx_arith_swap,resize_box_uint8_down.halide_generated.cpp,4358,27,operator- -> operator/,m1431_cxx_arith_swap_operator_div,OK,1d187252e234a6ee,OK,SURVIVED,KILLED,NOT_RUN,NOT_RUN,test2_golden,1,1,killed,0,0.692,,7306c29996bd38bd,
resize,ast_emitted,78ef0f3a0a5a1c55,cxx_arith_swap,resize_box_uint8_down.halide_generated.cpp,4362,29,operator+ -> operator*,m1433_cxx_arith_swap_operator_mul,OK,a3379f99081db747,OK,SURVIVED,KILLED,NOT_RUN,NOT_RUN,test2_golden,1,1,killed,0,0.665,,17e4863bfe3a6c97,
resize,ast_emitted,cb248eab5aefd73b,cxx_arith_swap,resize_box_uint8_down.halide_generated.cpp,4362,29,operator+ -> operator/,m1434_cxx_arith_swap_operator_div,OK,bb38eaa7d2db1ef8,OK,SURVIVED,KILLED,NOT_RUN,NOT_RUN,test2_golden,1,1,killed,0,0.612,,0b93fae29ad68dee,
resize,ast_emitted,899c107bd06eb998,cxx_arith_swap,resize_box_uint8_down.halide_generated.cpp,4365,27,operator+ -> operator/,m1437_cxx_arith_swap_operator_div,OK,c916488d127d03c9,OK,SURVIVED,KILLED,NOT_RUN,NOT_RUN,test2_golden,1,1,killed,0,0.607,,1790f0247dc5d5bb,
resize,ast_emitted,df2f89ac9eed15e8,cxx_arith_swap,resize_box_uint8_down.halide_generated.cpp,4367,27,operator* -> operator+,m1438_cxx_arith_swap_operator_add,OK,e28295d3ad56c3b6,OK,SURVIVED,KILLED,NOT_RUN,NOT_RUN,test2_golden,1,1,killed,0,0.608,,5bd553261fcfb032,
resize,ast_emitted,d59e93f785d8e0a6,cxx_arith_swap,resize_box_uint8_down.halide_generated.cpp,4365,27,operator+ -> operator-,m1435_cxx_arith_swap_operator_sub,OK,b425c17f0c887ab6,OK,SURVIVED,KILLED,NOT_RUN,NOT_RUN,test2_golden,1,1,killed,0,1.686,,ed6530c9239234e8,
resize,ast_emitted,8c306b5e296689a4,cxx_arith_swap,resize_box_uint8_down.halide_generated.cpp,4365,27,operator+ -> operator*,m1436_cxx_arith_swap_operator_mul,OK,f421781700f0e8e6,OK,SURVIVED,KILLED,NOT_RUN,NOT_RUN,test2_golden,1,1,killed,0,1.661,,ebaa17de1f208c20,
resize,ast_emitted,d8754eed104b275e,cxx_arith_swap,resize_box_uint8_down.halide_generated.cpp,4367,27,operator* -> operator-,m1439_cxx_arith_swap_operator_sub,OK,5b6b985bdcf3c1c2,OK,SURVIVED,KILLED,NOT_RUN,NOT_RUN,test2_golden,1,1,killed,0,0.865,,dc0e4a0a07555b1a,
resize,ast_emitted,8e5ad874aecb5506,cxx_arith_swap,resize_box_uint8_down.halide_generated.cpp,4367,27,operator* -> operator/,m1440_cxx_arith_swap_operator_div,OK,0c064cf9ffc4dc26,OK,SURVIVED,KILLED,NOT_RUN,NOT_RUN,test2_golden,1,1,killed,0,0.658,,4b02ab57fa392e69,
resize,ast_emitted,31274fd3f26dc666,cxx_arith_swap,resize_box_uint8_down.halide_generated.cpp,4369,27,operator- -> operator/,m1443_cxx_arith_swap_operator_div,OK,58e5dd13ddc6c208,OK,SURVIVED,KILLED,NOT_RUN,NOT_RUN,test2_golden,1,1,killed,0,0.609,,2b8c855d2c651a8b,
resize,ast_emitted,63800c14449f2174,cxx_arith_swap,resize_box_uint8_down.halide_generated.cpp,4369,27,operator- -> operator+,m1441_cxx_arith_swap_operator_add,OK,4861705aaf0337e8,OK,SURVIVED,KILLED,NOT_RUN,NOT_RUN,test2_golden,1,1,killed,0,0.627,,14f1e9b94d05701e,
resize,ast_emitted,905641d450255b07,cxx_arith_swap,resize_box_uint8_down.halide_generated.cpp,4369,27,operator- -> operator*,m1442_cxx_arith_swap_operator_mul,OK,f6991d1b78d4e876,OK,SURVIVED,KILLED,NOT_RUN,NOT_RUN,test2_golden,1,1,killed,0,1.272,,9149fb9fde786596,
resize,ast_emitted,b32f851653070356,cxx_arith_swap,resize_box_uint8_down.halide_generated.cpp,4371,27,operator- -> operator+,m1444_cxx_arith_swap_operator_add,OK,f868e3ea97036dc1,OK,SURVIVED,KILLED,NOT_RUN,NOT_RUN,test2_golden,1,1,killed,0,0.673,,232947a23b14ddbe,
resize,ast_emitted,fd1c0909c41729e5,cxx_arith_swap,resize_box_uint8_down.halide_generated.cpp,4375,29,operator+ -> operator-,m1447_cxx_arith_swap_operator_sub,OK,b7b5ea7b4ae88f3e,OK,NOT_RUN,NOT_RUN,NOT_RUN,NOT_RUN,,0,1,equivalent_tce,,,,,bit-identical machine code at -O2: no test can distinguish it
resize,ast_emitted,784b33c1fd0fda23,cxx_arith_swap,resize_box_uint8_down.halide_generated.cpp,4371,27,operator- -> operator*,m1445_cxx_arith_swap_operator_mul,OK,2e404817e4e1feb8,OK,SURVIVED,KILLED,NOT_RUN,NOT_RUN,test2_golden,1,1,killed,0,0.627,,14f1e9b94d05701e,
resize,ast_emitted,4942f906527380d3,cxx_arith_swap,resize_box_uint8_down.halide_generated.cpp,4371,27,operator- -> operator/,m1446_cxx_arith_swap_operator_div,OK,26ff5f9adfa60f64,OK,SURVIVED,KILLED,NOT_RUN,NOT_RUN,test2_golden,1,1,killed,0,0.665,,14f1e9b94d05701e,
resize,ast_emitted,db0b5e4aeac348f7,cxx_arith_swap,resize_box_uint8_down.halide_generated.cpp,4378,27,operator+ -> operator*,m1451_cxx_arith_swap_operator_mul,OK,e9d6da8285ed703c,OK,SURVIVED,KILLED,NOT_RUN,NOT_RUN,test2_golden,1,1,killed,0,0.611,,79d3aeeba111d642,
resize,ast_emitted,a8e62db5ff1b052f,cxx_arith_swap,resize_box_uint8_down.halide_generated.cpp,4378,27,operator+ -> operator/,m1452_cxx_arith_swap_operator_div,OK,295087f2a22f580e,OK,SURVIVED,KILLED,NOT_RUN,NOT_RUN,test2_golden,1,1,killed,0,0.608,,23e2c7bbf86f6250,
resize,ast_emitted,11c5459e2697d509,cxx_arith_swap,resize_box_uint8_down.halide_generated.cpp,4380,27,operator* -> operator+,m1453_cxx_arith_swap_operator_add,OK,16c77d261c9961cf,OK,SURVIVED,KILLED,NOT_RUN,NOT_RUN,test2_golden,1,1,killed,0,0.658,,6ac3237bc4cdb183,
resize,ast_emitted,153f63bdcf24e650,cxx_arith_swap,resize_box_uint8_down.halide_generated.cpp,4375,29,operator+ -> operator*,m1448_cxx_arith_swap_operator_mul,OK,2a78a3f278470c90,OK,SURVIVED,KILLED,NOT_RUN,NOT_RUN,test2_golden,1,1,killed,0,1.263,,3929272c1f8c47df,
resize,ast_emitted,fb2d1ce2a3c41536,cxx_arith_swap,resize_box_uint8_down.halide_generated.cpp,4375,29,operator+ -> operator/,m1449_cxx_arith_swap_operator_div,OK,f5f796ea42572621,OK,SURVIVED,KILLED,NOT_RUN,NOT_RUN,test2_golden,1,1,killed,0,1.372,,289ccfb0983c1267,
resize,ast_emitted,b17cd41b047b6d44,cxx_arith_swap,resize_box_uint8_down.halide_generated.cpp,4378,27,operator+ -> operator-,m1450_cxx_arith_swap_operator_sub,OK,b425c17f0c887ab6,OK,SURVIVED,KILLED,NOT_RUN,NOT_RUN,test2_golden,1,1,killed,0,1.279,,0b9e00ee2bafe0ad,
resize,ast_emitted,8fcb5f9111092993,cxx_arith_swap,resize_box_uint8_down.halide_generated.cpp,4380,27,operator* -> operator-,m1454_cxx_arith_swap_operator_sub,OK,c47985cf263c294d,OK,SURVIVED,KILLED,NOT_RUN,NOT_RUN,test2_golden,1,1,killed,0,0.610,,6c97c22fd941f5cd,
resize,ast_emitted,fb0caae5cc849cd3,cxx_arith_swap,resize_box_uint8_down.halide_generated.cpp,4382,27,operator- -> operator+,m1456_cxx_arith_swap_operator_add,OK,4861705aaf0337e8,OK,SURVIVED,KILLED,NOT_RUN,NOT_RUN,test2_golden,1,1,killed,0,0.625,,5a97c37e9cfaabc1,
resize,ast_emitted,2ed79322068acbcd,cxx_arith_swap,resize_box_uint8_down.halide_generated.cpp,4380,27,operator* -> operator/,m1455_cxx_arith_swap_operator_div,OK,49a049e7691e3b86,OK,SURVIVED,KILLED,NOT_RUN,NOT_RUN,test2_golden,1,1,killed,0,0.612,,973908e570c42fad,
resize,ast_emitted,70639889a6c1278f,cxx_arith_swap,resize_box_uint8_down.halide_generated.cpp,4382,27,operator- -> operator/,m1458_cxx_arith_swap_operator_div,OK,a9575587c1241575,OK,SURVIVED,KILLED,NOT_RUN,NOT_RUN,test2_golden,1,1,killed,0,0.606,,966452b457acc2ff,
resize,ast_emitted,172f9de8be4f2a02,cxx_arith_swap,resize_box_uint8_down.halide_generated.cpp,4388,29,operator+ -> operator-,m1462_cxx_arith_swap_operator_sub,OK,b7b5ea7b4ae88f3e,OK,NOT_RUN,NOT_RUN,NOT_RUN,NOT_RUN,,0,1,equivalent_tce,,,,,bit-identical machine code at -O2: no test can distinguish it
resize,ast_emitted,898826a478585535,cxx_arith_swap,resize_box_uint8_down.halide_generated.cpp,4384,27,operator- -> operator*,m1460_cxx_arith_swap_operator_mul,OK,e716309784981ab7,OK,SURVIVED,KILLED,NOT_RUN,NOT_RUN,test2_golden,1,1,killed,0,0.625,,5a97c37e9cfaabc1,
resize,ast_emitted,e691aee8d3ccae06,cxx_arith_swap,resize_box_uint8_down.halide_generated.cpp,4382,27,operator- -> operator*,m1457_cxx_arith_swap_operator_mul,OK,a8dd48090bc2098f,OK,SURVIVED,KILLED,NOT_RUN,NOT_RUN,test2_golden,1,1,killed,0,1.275,,045f9ff0a65b7c57,
resize,ast_emitted,559056d273ea106d,cxx_arith_swap,resize_box_uint8_down.halide_generated.cpp,4384,27,operator- -> operator+,m1459_cxx_arith_swap_operator_add,OK,1933bbf2ac4e991a,OK,SURVIVED,KILLED,NOT_RUN,NOT_RUN,test2_golden,1,1,killed,0,1.322,,0a98f3e046a6551a,
resize,ast_emitted,db3e9479d2b131c5,cxx_arith_swap,resize_box_uint8_down.halide_generated.cpp,4388,29,operator+ -> operator*,m1463_cxx_arith_swap_operator_mul,OK,3728dc6c49340fe0,OK,SURVIVED,KILLED,NOT_RUN,NOT_RUN,test2_golden,1,1,killed,0,0.610,,d31762815175c1df,
resize,ast_emitted,101aa9a0df369bb9,cxx_arith_swap,resize_box_uint8_down.halide_generated.cpp,4384,27,operator- -> operator/,m1461_cxx_arith_swap_operator_div,OK,c3a1213c31582be3,OK,SURVIVED,KILLED,NOT_RUN,NOT_RUN,test2_golden,1,1,killed,0,1.405,,5a97c37e9cfaabc1,
resize,ast_emitted,c72c8f4e2eff6872,cxx_arith_swap,resize_box_uint8_down.halide_generated.cpp,4388,29,operator+ -> operator/,m1464_cxx_arith_swap_operator_div,OK,88af798cc98107d7,OK,SURVIVED,KILLED,NOT_RUN,NOT_RUN,test2_golden,1,1,killed,0,0.612,,1bfb6a6db8519fe7,
resize,ast_emitted,11f6c7bb00293c83,cxx_arith_swap,resize_box_uint8_down.halide_generated.cpp,4391,27,operator+ -> operator-,m1465_cxx_arith_swap_operator_sub,OK,b425c17f0c887ab6,OK,SURVIVED,KILLED,NOT_RUN,NOT_RUN,test2_golden,1,1,killed,0,0.669,,09217acbdb812ffd,
resize,ast_emitted,571bb9ff7130c874,cxx_arith_swap,resize_box_uint8_down.halide_generated.cpp,4391,27,operator+ -> operator*,m1466_cxx_arith_swap_operator_mul,OK,738081c41f64bdcc,OK,SURVIVED,KILLED,NOT_RUN,NOT_RUN,test2_golden,1,1,killed,0,0.611,,38020528d5a3149f,
resize,ast_emitted,16d73a7754b45441,cxx_arith_swap,resize_box_uint8_down.halide_generated.cpp,4391,27,operator+ -> operator/,m1467_cxx_arith_swap_operator_div,OK,5c23cef736739f94,OK,SURVIVED,KILLED,NOT_RUN,NOT_RUN,test2_golden,1,1,killed,0,0.608,,35bd08eb400e8e1e,
resize,ast_emitted,5c8355170961c127,cxx_arith_swap,resize_box_uint8_down.halide_generated.cpp,4393,27,operator* -> operator+,m1468_cxx_arith_swap_operator_add,OK,ca75bb91dc079dbb,OK,SURVIVED,KILLED,NOT_RUN,NOT_RUN,test2_golden,1,1,killed,0,1.332,,42cfc519e83945cb,
resize,ast_emitted,dfe8b568ae960ba9,cxx_arith_swap,resize_box_uint8_down.halide_generated.cpp,4395,27,operator- -> operator+,m1471_cxx_arith_swap_operator_add,OK,4861705aaf0337e8,OK,SURVIVED,KILLED,NOT_RUN,NOT_RUN,test2_golden,1,1,killed,0,0.623,,506a9ba989f67e33,
resize,ast_emitted,25570db6ddbada3a,cxx_arith_swap,resize_box_uint8_down.halide_generated.cpp,4393,27,operator* -> operator-,m1469_cxx_arith_swap_operator_sub,OK,cbae9494d56f08d5,OK,SURVIVED,KILLED,NOT_RUN,NOT_RUN,test2_golden,1,1,killed,0,0.609,,c42eea0bdcdd4e41,
resize,ast_emitted,5e994a6d84fd72c0,cxx_arith_swap,resize_box_uint8_down.halide_generated.cpp,4395,27,operator- -> operator*,m1472_cxx_arith_swap_operator_mul,OK,f386ebd3d6ab310c,OK,SURVIVED,KILLED,NOT_RUN,NOT_RUN,test2_golden,1,1,killed,0,0.609,,b121ed32b85cada9,
resize,ast_emitted,6a2246a88a4cc340,cxx_arith_swap,resize_box_uint8_down.halide_generated.cpp,4393,27,operator* -> operator/,m1470_cxx_arith_swap_operator_div,OK,1c46fa700c7b426d,OK,SURVIVED,KILLED,NOT_RUN,NOT_RUN,test2_golden,1,1,killed,0,1.213,,12c61bfb8d54883b,
resize,ast_emitted,3999ddb3b9ab2b0d,cxx_arith_swap,resize_box_uint8_down.halide_generated.cpp,4401,29,operator+ -> operator-,m1477_cxx_arith_swap_operator_sub,OK,b7b5ea7b4ae88f3e,OK,NOT_RUN,NOT_RUN,NOT_RUN,NOT_RUN,,0,1,equivalent_tce,,,,,bit-identical machine code at -O2: no test can distinguish it
resize,ast_emitted,ac0f834c2c57fc75,cxx_arith_swap,resize_box_uint8_down.halide_generated.cpp,4397,27,operator- -> operator*,m1475_cxx_arith_swap_operator_mul,OK,9b256879c9929a4d,OK,SURVIVED,KILLED,NOT_RUN,NOT_RUN,test2_golden,1,1,killed,0,0.626,,506a9ba989f67e33,
resize,ast_emitted,abee76c38cc4fc18,cxx_arith_swap,resize_box_uint8_down.halide_generated.cpp,4397,27,operator- -> operator+,m1474_cxx_arith_swap_operator_add,OK,2d2d1d4489bba0ab,OK,SURVIVED,KILLED,NOT_RUN,NOT_RUN,test2_golden,1,1,killed,0,0.672,,4e08bf90a409dbdb,
resize,ast_emitted,c12adb8dcb1d386a,cxx_arith_swap,resize_box_uint8_down.halide_generated.cpp,4397,27,operator- -> operator/,m1476_cxx_arith_swap_operator_div,OK,36078578c50355b6,OK,SURVIVED,KILLED,NOT_RUN,NOT_RUN,test2_golden,1,1,killed,0,1.013,,506a9ba989f67e33,
resize,ast_emitted,59a94244ef3b76b9,cxx_arith_swap,resize_box_uint8_down.halide_generated.cpp,4395,27,operator- -> operator/,m1473_cxx_arith_swap_operator_div,OK,692a36234261f89b,OK,SURVIVED,KILLED,NOT_RUN,NOT_RUN,test2_golden,1,1,killed,0,0.617,,72b20d40945fc089,
resize,ast_emitted,47b29b9e8f0e8fbf,cxx_arith_swap,resize_box_uint8_down.halide_generated.cpp,4401,29,operator+ -> operator*,m1478_cxx_arith_swap_operator_mul,OK,cc3ef5dfe12a6669,OK,SURVIVED,KILLED,NOT_RUN,NOT_RUN,test2_golden,1,1,killed,0,1.291,,39f6eae013bf8649,
resize,ast_emitted,43fbd49a0b43ca05,cxx_arith_swap,resize_box_uint8_down.halide_generated.cpp,4404,27,operator+ -> operator-,m1480_cxx_arith_swap_operator_sub,OK,b425c17f0c887ab6,OK,SURVIVED,KILLED,NOT_RUN,NOT_RUN,test2_golden,1,1,killed,0,0.625,,6cfd2253cc2035fe,
resize,ast_emitted,1baa1dfb60171e34,cxx_arith_swap,resize_box_uint8_down.halide_generated.cpp,4404,27,operator+ -> operator*,m1481_cxx_arith_swap_operator_mul,OK,f77f00d2108fa837,OK,SURVIVED,KILLED,NOT_RUN,NOT_RUN,test2_golden,1,1,killed,0,0.612,,a8899c9da3921c75,
resize,ast_emitted,3eef11c4ca44ad65,cxx_arith_swap,resize_box_uint8_down.halide_generated.cpp,4401,29,operator+ -> operator/,m1479_cxx_arith_swap_operator_div,OK,d002c84bfc193685,OK,SURVIVED,KILLED,NOT_RUN,NOT_RUN,test2_golden,1,1,killed,0,1.314,,e5982de4992fb5ae,
resize,ast_emitted,1c63334e5ad65f6c,cxx_arith_swap,resize_box_uint8_down.halide_generated.cpp,4404,27,operator+ -> operator/,m1482_cxx_arith_swap_operator_div,OK,63b1f1f598c91912,OK,SURVIVED,KILLED,NOT_RUN,NOT_RUN,test2_golden,1,1,killed,0,1.012,,730109859e541ee1,
resize,ast_emitted,f994cca2b5a31dfa,cxx_arith_swap,resize_box_uint8_down.halide_generated.cpp,4406,27,operator* -> operator+,m1483_cxx_arith_swap_operator_add,OK,f2eaeeda5383714e,OK,SURVIVED,KILLED,NOT_RUN,NOT_RUN,test2_golden,1,1,killed,0,1.072,,594bb746ef62a633,
resize,ast_emitted,71cf29875d0a6992,cxx_arith_swap,resize_box_uint8_down.halide_generated.cpp,4406,27,operator* -> operator/,m1485_cxx_arith_swap_operator_div,OK,836c78985215a477,OK,SURVIVED,KILLED,NOT_RUN,NOT_RUN,test2_golden,1,1,killed,0,0.910,,997a6ccfcea7cff5,
resize,ast_emitted,d378e1e6dc739cf2,cxx_arith_swap,resize_box_uint8_down.halide_generated.cpp,4406,27,operator* -> operator-,m1484_cxx_arith_swap_operator_sub,OK,40f2f905799f6c87,OK,SURVIVED,KILLED,NOT_RUN,NOT_RUN,test2_golden,1,1,killed,0,0.609,,5fd0410086de8637,
resize,ast_emitted,5e789c7689f51b7b,cxx_arith_swap,resize_box_uint8_down.halide_generated.cpp,4408,27,operator- -> operator/,m1488_cxx_arith_swap_operator_div,OK,fbdf1a013e247e94,OK,SURVIVED,KILLED,NOT_RUN,NOT_RUN,test2_golden,1,1,killed,0,0.608,,9a45d8d184ca4cd2,
resize,ast_emitted,1e6832728dc84c82,cxx_arith_swap,resize_box_uint8_down.halide_generated.cpp,4408,27,operator- -> operator*,m1487_cxx_arith_swap_operator_mul,OK,20e85688f9ab219e,OK,SURVIVED,KILLED,NOT_RUN,NOT_RUN,test2_golden,1,1,killed,0,1.349,,e074188e993b9470,
resize,ast_emitted,80a568e282bc062d,cxx_arith_swap,resize_box_uint8_down.halide_generated.cpp,4408,27,operator- -> operator+,m1486_cxx_arith_swap_operator_add,OK,4861705aaf0337e8,OK,SURVIVED,KILLED,NOT_RUN,NOT_RUN,test2_golden,1,1,killed,0,0.628,,9b4643d550e30df6,
resize,ast_emitted,0b8700a068f5c4a0,cxx_arith_swap,resize_box_uint8_down.halide_generated.cpp,4414,29,operator+ -> operator-,m1492_cxx_arith_swap_operator_sub,OK,b7b5ea7b4ae88f3e,OK,NOT_RUN,NOT_RUN,NOT_RUN,NOT_RUN,,0,1,equivalent_tce,,,,,bit-identical machine code at -O2: no test can distinguish it
resize,ast_emitted,ec68c1c7ae29ce27,cxx_arith_swap,resize_box_uint8_down.halide_generated.cpp,4410,27,operator- -> operator/,m1491_cxx_arith_swap_operator_div,OK,d99147088874ce0c,OK,SURVIVED,KILLED,NOT_RUN,NOT_RUN,test2_golden,1,1,killed,0,0.625,,9b4643d550e30df6,
resize,ast_emitted,1605de6c35103d99,cxx_arith_swap,resize_box_uint8_down.halide_generated.cpp,4410,27,operator- -> operator+,m1489_cxx_arith_swap_operator_add,OK,1362d1c9ceeae0e9,OK,SURVIVED,KILLED,NOT_RUN,NOT_RUN,test2_golden,1,1,killed,0,0.821,,6f5df7cecd38d44f,
resize,ast_emitted,1bf0b3ccdd720f03,cxx_arith_swap,resize_box_uint8_down.halide_generated.cpp,4410,27,operator- -> operator*,m1490_cxx_arith_swap_operator_mul,OK,6ef740da68bc6d9d,OK,SURVIVED,KILLED,NOT_RUN,NOT_RUN,test2_golden,1,1,killed,0,1.095,,9b4643d550e30df6,
resize,ast_emitted,59263e478bfe512c,cxx_arith_swap,resize_box_uint8_down.halide_generated.cpp,4414,29,operator+ -> operator*,m1493_cxx_arith_swap_operator_mul,OK,7c3db47501839ad5,OK,SURVIVED,KILLED,NOT_RUN,NOT_RUN,test2_golden,1,1,killed,0,0.710,,45680f11c21ef572,
resize,ast_emitted,bdf4600a4ae8a2b0,cxx_arith_swap,resize_box_uint8_down.halide_generated.cpp,4417,27,operator+ -> operator-,m1495_cxx_arith_swap_operator_sub,OK,e130254fafe4be38,OK,SURVIVED,KILLED,NOT_RUN,NOT_RUN,test2_golden,1,1,killed,0,0.626,,83f94016d0bb4d40,
resize,ast_emitted,3ff252cf065fa3bd,cxx_arith_swap,resize_box_uint8_down.halide_generated.cpp,4417,27,operator+ -> operator*,m1496_cxx_arith_swap_operator_mul,OK,d459b2c4e923a7a1,OK,SURVIVED,KILLED,NOT_RUN,NOT_RUN,test2_golden,1,1,killed,0,0.624,,83a666c3763e4110,
resize,ast_emitted,91eb2480f205e272,cxx_arith_swap,resize_box_uint8_down.halide_generated.cpp,4414,29,operator+ -> operator/,m1494_cxx_arith_swap_operator_div,OK,ece230d428e11941,OK,SURVIVED,KILLED,NOT_RUN,NOT_RUN,test2_golden,1,1,killed,0,1.239,,0aff5875ef023d5e,
resize,ast_emitted,53265c0252f6cd87,cxx_arith_swap,resize_box_uint8_down.halide_generated.cpp,4419,27,operator* -> operator+,m1498_cxx_arith_swap_operator_add,OK,a318a30a27600d05,OK,SURVIVED,KILLED,NOT_RUN,NOT_RUN,test2_golden,1,1,killed,0,0.612,,10a3b315a71d8d5e,
resize,ast_emitted,3cbde932765e9f31,cxx_arith_swap,resize_box_uint8_down.halide_generated.cpp,4417,27,operator+ -> operator/,m1497_cxx_arith_swap_operator_div,OK,343f0d3016b9e0a4,OK,SURVIVED,KILLED,NOT_RUN,NOT_RUN,test2_golden,1,1,killed,0,1.272,,6bc4a81734d49560,
resize,ast_emitted,74c124fcd4453d21,cxx_arith_swap,resize_box_uint8_down.halide_generated.cpp,4419,27,operator* -> operator-,m1499_cxx_arith_swap_operator_sub,OK,841b6077b68ab8af,OK,SURVIVED,KILLED,NOT_RUN,NOT_RUN,test2_golden,1,1,killed,0,1.261,,11c46d74826198c9,
resize,ast_emitted,18095e0e1c1e04f1,cxx_arith_swap,resize_box_uint8_down.halide_generated.cpp,4421,27,operator- -> operator/,m1503_cxx_arith_swap_operator_div,OK,7556e37c5f993256,OK,SURVIVED,KILLED,NOT_RUN,NOT_RUN,test2_golden,1,1,killed,0,0.609,,d5c2a60a706b6954,
resize,ast_emitted,17ec45ff7c42c995,cxx_arith_swap,resize_box_uint8_down.halide_generated.cpp,4421,27,operator- -> operator+,m1501_cxx_arith_swap_operator_add,OK,5687dc294526e7c0,OK,SURVIVED,KILLED,NOT_RUN,NOT_RUN,test2_golden,1,1,killed,0,0.626,,4eaac61134acceec,
resize,ast_emitted,782302d74f6679e2,cxx_arith_swap,resize_box_uint8_down.halide_generated.cpp,4421,27,operator- -> operator*,m1502_cxx_arith_swap_operator_mul,OK,12d918d91198c1b0,OK,SURVIVED,KILLED,NOT_RUN,NOT_RUN,test2_golden,1,1,killed,0,1.184,,affd371ce1627103,
resize,ast_emitted,c50d891aed6f32d3,cxx_arith_swap,resize_box_uint8_down.halide_generated.cpp,4419,27,operator* -> operator/,m1500_cxx_arith_swap_operator_div,OK,41522ed955ef8062,OK,SURVIVED,KILLED,NOT_RUN,NOT_RUN,test2_golden,1,1,killed,0,1.318,,278168a95ef089b4,
resize,ast_emitted,2a4904504e19c3ad,cxx_arith_swap,resize_box_uint8_down.halide_generated.cpp,4423,27,operator- -> operator+,m1504_cxx_arith_swap_operator_add,OK,302271d1326643da,OK,SURVIVED,KILLED,NOT_RUN,NOT_RUN,test2_golden,1,1,killed,0,0.625,,3fc2cc5ca1216569,
resize,ast_emitted,a709b1ce969c230c,cxx_arith_swap,resize_box_uint8_down.halide_generated.cpp,4427,29,operator+ -> operator-,m1507_cxx_arith_swap_operator_sub,OK,b7b5ea7b4ae88f3e,OK,NOT_RUN,NOT_RUN,NOT_RUN,NOT_RUN,,0,1,equivalent_tce,,,,,bit-identical machine code at -O2: no test can distinguish it
resize,ast_emitted,c2e8570d99351619,cxx_arith_swap,resize_box_uint8_down.halide_generated.cpp,4423,27,operator- -> operator*,m1505_cxx_arith_swap_operator_mul,OK,a3f57040c29d1d41,OK,SURVIVED,KILLED,NOT_RUN,NOT_RUN,test2_golden,1,1,killed,0,0.671,,4eaac61134acceec,
resize,ast_emitted,9103be419bb349d2,cxx_arith_swap,resize_box_uint8_down.halide_generated.cpp,4427,29,operator+ -> operator*,m1508_cxx_arith_swap_operator_mul,OK,3193cd44a92fddae,OK,SURVIVED,KILLED,NOT_RUN,NOT_RUN,test2_golden,1,1,killed,0,0.609,,91c0046adeb5e0aa,
resize,ast_emitted,85c0a222fedd1a4f,cxx_arith_swap,resize_box_uint8_down.halide_generated.cpp,4427,29,operator+ -> operator/,m1509_cxx_arith_swap_operator_div,OK,bef0cc10f17d495f,OK,SURVIVED,KILLED,NOT_RUN,NOT_RUN,test2_golden,1,1,killed,0,0.656,,5f32384e1b9abe86,
resize,ast_emitted,957a7dd3d80ff446,cxx_arith_swap,resize_box_uint8_down.halide_generated.cpp,4423,27,operator- -> operator/,m1506_cxx_arith_swap_operator_div,OK,41bf3d8d314293aa,OK,SURVIVED,KILLED,NOT_RUN,NOT_RUN,test2_golden,1,1,killed,0,0.669,,4eaac61134acceec,
resize,ast_emitted,32c07e964b751d69,cxx_arith_swap,resize_box_uint8_down.halide_generated.cpp,4430,27,operator+ -> operator-,m1510_cxx_arith_swap_operator_sub,OK,e130254fafe4be38,OK,SURVIVED,KILLED,NOT_RUN,NOT_RUN,test2_golden,1,1,killed,0,0.625,,5e920a896f295d79,
resize,ast_emitted,584061a7580c5b8d,cxx_arith_swap,resize_box_uint8_down.halide_generated.cpp,4430,27,operator+ -> operator/,m1512_cxx_arith_swap_operator_div,OK,21c5194042e87649,OK,SURVIVED,KILLED,NOT_RUN,NOT_RUN,test2_golden,1,1,killed,0,0.664,,cf4e58f8baed739e,
resize,ast_emitted,ba686b1722957248,cxx_arith_swap,resize_box_uint8_down.halide_generated.cpp,4432,27,operator* -> operator+,m1513_cxx_arith_swap_operator_add,OK,1dffbe7cdbf0d097,OK,SURVIVED,KILLED,NOT_RUN,NOT_RUN,test2_golden,1,1,killed,0,0.649,,2e36afb2756831d0,
resize,ast_emitted,68c698e57d45983c,cxx_arith_swap,resize_box_uint8_down.halide_generated.cpp,4430,27,operator+ -> operator*,m1511_cxx_arith_swap_operator_mul,OK,9922b9f5d348b718,OK,SURVIVED,KILLED,NOT_RUN,NOT_RUN,test2_golden,1,1,killed,0,1.153,,3b093e66ee1fd395,
resize,ast_emitted,1e0e2c02ab31fa61,cxx_arith_swap,resize_box_uint8_down.halide_generated.cpp,4432,27,operator* -> operator/,m1515_cxx_arith_swap_operator_div,OK,189f2ff6a144dd81,OK,SURVIVED,KILLED,NOT_RUN,NOT_RUN,test2_golden,1,1,killed,0,1.069,,1a80a9cc3ebb6252,
resize,ast_emitted,a50502f83f3eb3d8,cxx_arith_swap,resize_box_uint8_down.halide_generated.cpp,4432,27,operator* -> operator-,m1514_cxx_arith_swap_operator_sub,OK,c6e0cb2ca96d2c29,OK,SURVIVED,KILLED,NOT_RUN,NOT_RUN,test2_golden,1,1,killed,0,0.616,,3d55ba7b093861d6,
resize,ast_emitted,d6d9dcb0092b05bc,cxx_arith_swap,resize_box_uint8_down.halide_generated.cpp,4434,27,operator- -> operator+,m1516_cxx_arith_swap_operator_add,OK,5687dc294526e7c0,OK,SURVIVED,KILLED,NOT_RUN,NOT_RUN,test2_golden,1,1,killed,0,0.637,,0cc1f2cb2e1a97a3,
resize,ast_emitted,d1ef30b068cadc93,cxx_arith_swap,resize_box_uint8_down.halide_generated.cpp,4434,27,operator- -> operator*,m1517_cxx_arith_swap_operator_mul,OK,60276eb76f601a12,OK,SURVIVED,KILLED,NOT_RUN,NOT_RUN,test2_golden,1,1,killed,0,0.724,,717b7ad1fca64044,
resize,ast_emitted,10fbc9d59102326f,cxx_arith_swap,resize_box_uint8_down.halide_generated.cpp,4434,27,operator- -> operator/,m1518_cxx_arith_swap_operator_div,OK,3cc1e950cd741e89,OK,SURVIVED,KILLED,NOT_RUN,NOT_RUN,test2_golden,1,1,killed,0,0.793,,4c09fef9dc79e792,
resize,ast_emitted,530ef864faebe668,cxx_arith_swap,resize_box_uint8_down.halide_generated.cpp,4440,29,operator+ -> operator-,m1522_cxx_arith_swap_operator_sub,OK,b7b5ea7b4ae88f3e,OK,NOT_RUN,NOT_RUN,NOT_RUN,NOT_RUN,,0,1,equivalent_tce,,,,,bit-identical machine code at -O2: no test can distinguish it
resize,ast_emitted,559c8bc9f7efb4da,cxx_arith_swap,resize_box_uint8_down.halide_generated.cpp,4436,27,operator- -> operator*,m1520_cxx_arith_swap_operator_mul,OK,6995b9174c48a435,OK,SURVIVED,KILLED,NOT_RUN,NOT_RUN,test2_golden,1,1,killed,0,0.626,,0cc1f2cb2e1a97a3,
resize,ast_emitted,377480e0992898c3,cxx_arith_swap,resize_box_uint8_down.halide_generated.cpp,4436,27,operator- -> operator+,m1519_cxx_arith_swap_operator_add,OK,c969d222c98b5705,OK,SURVIVED,KILLED,NOT_RUN,NOT_RUN,test2_golden,1,1,killed,0,1.130,,13e3a81b52756878,
resize,ast_emitted,cc105fb837059cef,cxx_arith_swap,resize_box_uint8_down.halide_generated.cpp,4440,29,operator+ -> operator*,m1523_cxx_arith_swap_operator_mul,OK,4a64a991d3389fc1,OK,SURVIVED,KILLED,NOT_RUN,NOT_RUN,test2_golden,1,1,killed,0,1.216,,55554bd0c955ddd5,
resize,ast_emitted,72ddb355f297769f,cxx_arith_swap,resize_box_uint8_down.halide_generated.cpp,4440,29,operator+ -> operator/,m1524_cxx_arith_swap_operator_div,OK,7f55a212dd7bd5b9,OK,SURVIVED,KILLED,NOT_RUN,NOT_RUN,test2_golden,1,1,killed,0,1.169,,4d4266d8f8ce3b9c,
resize,ast_emitted,076af022963c41b5,cxx_arith_swap,resize_box_uint8_down.halide_generated.cpp,4443,27,operator+ -> operator-,m1525_cxx_arith_swap_operator_sub,OK,e130254fafe4be38,OK,SURVIVED,KILLED,NOT_RUN,NOT_RUN,test2_golden,1,1,killed,0,0.628,,00f0f43417387a72,
resize,ast_emitted,44ae24ce552fc693,cxx_arith_swap,resize_box_uint8_down.halide_generated.cpp,4436,27,operator- -> operator/,m1521_cxx_arith_swap_operator_div,OK,4197ddf93b365614,OK,SURVIVED,KILLED,NOT_RUN,NOT_RUN,test2_golden,1,1,killed,0,1.213,,0cc1f2cb2e1a97a3,
resize,ast_emitted,03f9a135b8373024,cxx_arith_swap,resize_box_uint8_down.halide_generated.cpp,4443,27,operator+ -> operator/,m1527_cxx_arith_swap_operator_div,OK,a44813d7962df69f,OK,SURVIVED,KILLED,NOT_RUN,NOT_RUN,test2_golden,1,1,killed,0,0.607,,c3b6b6d68444f534,
resize,ast_emitted,fc278c84fa383fc6,cxx_arith_swap,resize_box_uint8_down.halide_generated.cpp,4443,27,operator+ -> operator*,m1526_cxx_arith_swap_operator_mul,OK,469bf30da629a57b,OK,SURVIVED,KILLED,NOT_RUN,NOT_RUN,test2_golden,1,1,killed,0,0.662,,b9867d683673127c,
resize,ast_emitted,006625a42aad0000,cxx_arith_swap,resize_box_uint8_down.halide_generated.cpp,4445,27,operator* -> operator/,m1530_cxx_arith_swap_operator_div,OK,2fbbda9015c88c26,OK,SURVIVED,KILLED,NOT_RUN,NOT_RUN,test2_golden,1,1,killed,0,0.794,,02edb8336d3270b1,
resize,ast_emitted,9cd9131cb537d1b0,cxx_arith_swap,resize_box_uint8_down.halide_generated.cpp,4447,27,operator- -> operator+,m1531_cxx_arith_swap_operator_add,OK,5687dc294526e7c0,OK,SURVIVED,KILLED,NOT_RUN,NOT_RUN,test2_golden,1,1,killed,0,0.669,,c27a3910255965ff,
resize,ast_emitted,e0baff3fb81c4f97,cxx_arith_swap,resize_box_uint8_down.halide_generated.cpp,4445,27,operator* -> operator-,m1529_cxx_arith_swap_operator_sub,OK,4d8e9f125b21d211,OK,SURVIVED,KILLED,NOT_RUN,NOT_RUN,test2_golden,1,1,killed,0,0.928,,c406e2e4e4e72e82,
resize,ast_emitted,ef94e74a49684c51,cxx_arith_swap,resize_box_uint8_down.halide_generated.cpp,4445,27,operator* -> operator+,m1528_cxx_arith_swap_operator_add,OK,c06f04c99c0914c2,OK,SURVIVED,KILLED,NOT_RUN,NOT_RUN,test2_golden,1,1,killed,0,0.905,,c95b8ea6d1ccdfb5,
resize,ast_emitted,ebfc172604988f6a,cxx_arith_swap,resize_box_uint8_down.halide_generated.cpp,4447,27,operator- -> operator/,m1533_cxx_arith_swap_operator_div,OK,8a13a9f4092a89fc,OK,SURVIVED,KILLED,NOT_RUN,NOT_RUN,test2_golden,1,1,killed,0,0.820,,a30468e65f8898b6,
resize,ast_emitted,7a164d448249755f,cxx_arith_swap,resize_box_uint8_down.halide_generated.cpp,4447,27,operator- -> operator*,m1532_cxx_arith_swap_operator_mul,OK,0c19ae5a85c35765,OK,SURVIVED,KILLED,NOT_RUN,NOT_RUN,test2_golden,1,1,killed,0,0.801,,0987007ce6f5ba96,
resize,ast_emitted,1f65af1963698ecf,cxx_arith_swap,resize_box_uint8_down.halide_generated.cpp,4449,27,operator- -> operator*,m1535_cxx_arith_swap_operator_mul,OK,aef803b7dde01164,OK,SURVIVED,KILLED,NOT_RUN,NOT_RUN,test2_golden,1,1,killed,0,0.626,,c27a3910255965ff,
resize,ast_emitted,a5fd31db7fad10f2,cxx_arith_swap,resize_box_uint8_down.halide_generated.cpp,4449,27,operator- -> operator+,m1534_cxx_arith_swap_operator_add,OK,51534a76fa3ebbb1,OK,SURVIVED,KILLED,NOT_RUN,NOT_RUN,test2_golden,1,1,killed,0,1.081,,7ae9e8238467cce1,
resize,ast_emitted,4d36c4672201ab9a,cxx_arith_swap,resize_box_uint8_down.halide_generated.cpp,4453,29,operator+ -> operator-,m1537_cxx_arith_swap_operator_sub,OK,b7b5ea7b4ae88f3e,OK,NOT_RUN,NOT_RUN,NOT_RUN,NOT_RUN,,0,1,equivalent_tce,,,,,bit-identical machine code at -O2: no test can distinguish it
resize,ast_emitted,82e087dfa85e211f,cxx_arith_swap,resize_box_uint8_down.halide_generated.cpp,4453,29,operator+ -> operator*,m1538_cxx_arith_swap_operator_mul,OK,c35ca7896dda4563,OK,SURVIVED,KILLED,NOT_RUN,NOT_RUN,test2_golden,1,1,killed,0,0.647,,769d94a8ca3a0f12,
resize,ast_emitted,1b0c77485b3fc282,cxx_arith_swap,resize_box_uint8_down.halide_generated.cpp,4449,27,operator- -> operator/,m1536_cxx_arith_swap_operator_div,OK,34b447884d816e67,OK,SURVIVED,KILLED,NOT_RUN,NOT_RUN,test2_golden,1,1,killed,0,0.797,,c27a3910255965ff,
resize,ast_emitted,0f927c4bcd7a748d,cxx_arith_swap,resize_box_uint8_down.halide_generated.cpp,4453,29,operator+ -> operator/,m1539_cxx_arith_swap_operator_div,OK,81cebf18fa11aa77,OK,SURVIVED,KILLED,NOT_RUN,NOT_RUN,test2_golden,1,1,killed,0,0.693,,3b24265fc2c51d66,
resize,ast_emitted,49a89385a0605cf9,cxx_arith_swap,resize_box_uint8_down.halide_generated.cpp,4456,27,operator+ -> operator-,m1540_cxx_arith_swap_operator_sub,OK,e130254fafe4be38,OK,SURVIVED,KILLED,NOT_RUN,NOT_RUN,test2_golden,1,1,killed,0,0.624,,fc754e666c32c82d,
resize,ast_emitted,cb406ea4f0bd6ea7,cxx_arith_swap,resize_box_uint8_down.halide_generated.cpp,4456,27,operator+ -> operator*,m1541_cxx_arith_swap_operator_mul,OK,fbf07dc3ef3c0bd9,OK,SURVIVED,KILLED,NOT_RUN,NOT_RUN,test2_golden,1,1,killed,0,0.851,,336060a5b88d19c3,
resize,ast_emitted,a033217651cd261f,cxx_arith_swap,resize_box_uint8_down.halide_generated.cpp,4456,27,operator+ -> operator/,m1542_cxx_arith_swap_operator_div,OK,867d7940a769c0d4,OK,SURVIVED,KILLED,NOT_RUN,NOT_RUN,test2_golden,1,1,killed,0,1.270,,44cdeecbb668c1e9,
resize,ast_emitted,8515fe451331dd66,cxx_arith_swap,resize_box_uint8_down.halide_generated.cpp,4458,27,operator* -> operator+,m1543_cxx_arith_swap_operator_add,OK,b21b86257b3fcd7a,OK,SURVIVED,KILLED,NOT_RUN,NOT_RUN,test2_golden,1,1,killed,0,1.211,,18090a564cd8df40,
resize,ast_emitted,49c3910fe3cdc6fd,cxx_arith_swap,resize_box_uint8_down.halide_generated.cpp,4458,27,operator* -> operator-,m1544_cxx_arith_swap_operator_sub,OK,64fce0d5a81ac1da,OK,SURVIVED,KILLED,NOT_RUN,NOT_RUN,test2_golden,1,1,killed,0,1.170,,a21dc8b739fffddc,
resize,ast_emitted,9b3525e5eec71664,cxx_arith_swap,resize_box_uint8_down.halide_generated.cpp,4460,27,operator- -> operator*,m1547_cxx_arith_swap_operator_mul,OK,8780672bbdb1c178,OK,SURVIVED,KILLED,NOT_RUN,NOT_RUN,test2_golden,1,1,killed,0,0.610,,cd4eb79bc183d1c9,
resize,ast_emitted,69cf7d7271392178,cxx_arith_swap,resize_box_uint8_down.halide_generated.cpp,4458,27,operator* -> operator/,m1545_cxx_arith_swap_operator_div,OK,eba4478744b2b7a4,OK,SURVIVED,KILLED,NOT_RUN,NOT_RUN,test2_golden,1,1,killed,0,1.304,,8802d160e1030d36,
resize,ast_emitted,b7f27097bd52aa33,cxx_arith_swap,resize_box_uint8_down.halide_generated.cpp,4460,27,operator- -> operator+,m1546_cxx_arith_swap_operator_add,OK,5687dc294526e7c0,OK,SURVIVED,KILLED,NOT_RUN,NOT_RUN,test2_golden,1,1,killed,0,1.193,,fb1ad03531a93474,
resize,ast_emitted,8e6dc1949bdaf8db,cxx_arith_swap,resize_box_uint8_down.halide_generated.cpp,4462,27,operator- -> operator+,m1549_cxx_arith_swap_operator_add,OK,d6bc95c9052604a7,OK,SURVIVED,KILLED,NOT_RUN,NOT_RUN,test2_golden,1,1,killed,0,0.624,,76b9586c4f21708b,
resize,ast_emitted,cbc9312efd5885ba,cxx_arith_swap,resize_box_uint8_down.halide_generated.cpp,4460,27,operator- -> operator/,m1548_cxx_arith_swap_operator_div,OK,3bdecfd0c79fc982,OK,SURVIVED,KILLED,NOT_RUN,NOT_RUN,test2_golden,1,1,killed,0,0.611,,2a444aeaf3484589,
resize,ast_emitted,41a082b3751f3f97,cxx_arith_swap,resize_box_uint8_down.halide_generated.cpp,4473,45,operator+ -> operator-,m1552_cxx_arith_swap_operator_sub,OK,a8be554d551ff188,OK,KILLED,KILLED,NOT_RUN,NOT_RUN,test1_demo;test2_golden,1,1,killed,-11,0.131,,<missing>,
resize,ast_emitted,af549421dcc683ba,cxx_arith_swap,resize_box_uint8_down.halide_generated.cpp,4473,45,operator+ -> operator/,m1554_cxx_arith_swap_operator_div,OK,77a75176cb69d087,OK,KILLED,KILLED,NOT_RUN,NOT_RUN,test1_demo;test2_golden,1,1,killed,-8,0.130,,<missing>,
resize,ast_emitted,126372bd0ea2b1b4,cxx_arith_swap,resize_box_uint8_down.halide_generated.cpp,4462,27,operator- -> operator*,m1550_cxx_arith_swap_operator_mul,OK,d1a7e594c3e914dc,OK,SURVIVED,KILLED,NOT_RUN,NOT_RUN,test2_golden,1,1,killed,0,0.872,,fb1ad03531a93474,
resize,ast_emitted,eb37e6b22a1ecb76,cxx_arith_swap,resize_box_uint8_down.halide_generated.cpp,4475,32,operator+ -> operator-,m1555_cxx_arith_swap_operator_sub,OK,b77b99def75bf044,OK,KILLED,KILLED,NOT_RUN,NOT_RUN,test1_demo;test2_golden,1,1,killed,-11,0.130,,<missing>,
resize,ast_emitted,1f9a00eac46c7920,cxx_arith_swap,resize_box_uint8_down.halide_generated.cpp,4473,45,operator+ -> operator*,m1553_cxx_arith_swap_operator_mul,OK,973e181445a01a17,OK,SURVIVED,KILLED,NOT_RUN,NOT_RUN,test2_golden,1,1,killed,0,1.259,,e632fcd335a26ac4,
resize,ast_emitted,a23786c3d6d5fb02,cxx_arith_swap,resize_box_uint8_down.halide_generated.cpp,4475,32,operator+ -> operator*,m1556_cxx_arith_swap_operator_mul,OK,36b440ac534d452c,OK,KILLED,KILLED,NOT_RUN,NOT_RUN,test1_demo;test2_golden,1,1,killed,-11,0.133,,<missing>,
resize,ast_emitted,1b48667c3854dd3a,cxx_arith_swap,resize_box_uint8_down.halide_generated.cpp,4475,32,operator+ -> operator/,m1557_cxx_arith_swap_operator_div,OK,507f0b6e0efaa6c3,OK,KILLED,KILLED,NOT_RUN,NOT_RUN,test1_demo;test2_golden,1,1,killed,-8,0.244,,<missing>,
resize,ast_emitted,3eae2c5cf71e8c5c,cxx_arith_swap,resize_box_uint8_down.halide_generated.cpp,4462,27,operator- -> operator/,m1551_cxx_arith_swap_operator_div,OK,9e96d0d9c508bcb7,OK,SURVIVED,KILLED,NOT_RUN,NOT_RUN,test2_golden,1,1,killed,0,1.194,,fb1ad03531a93474,
resize,ast_emitted,75e0678baa8b4a14,cxx_arith_swap,resize_box_uint8_down.halide_generated.cpp,4477,29,operator* -> operator+,m1558_cxx_arith_swap_operator_add,OK,d1eca64c4865bc72,OK,SURVIVED,KILLED,NOT_RUN,NOT_RUN,test2_golden,1,1,killed,0,0.487,,4ac42bd0c595027f,
resize,ast_emitted,72f58ec6ff20cdf4,cxx_arith_swap,resize_box_uint8_down.halide_generated.cpp,4477,29,operator* -> operator-,m1559_cxx_arith_swap_operator_sub,OK,ff648eb3e273e7da,OK,SURVIVED,KILLED,NOT_RUN,NOT_RUN,test2_golden,1,1,killed,0,0.572,,b3cbffd4ff0f1b24,
resize,ast_emitted,446350188c025515,cxx_arith_swap,resize_box_uint8_down.halide_generated.cpp,4478,29,operator+ -> operator/,m1563_cxx_arith_swap_operator_div,OK,8ea94a05d71db98a,OK,SURVIVED,KILLED,NOT_RUN,NOT_RUN,test2_golden,1,1,killed,0,0.281,,b3cbffd4ff0f1b24,
resize,ast_emitted,780ce386c1faf03d,cxx_arith_swap,resize_box_uint8_down.halide_generated.cpp,4478,29,operator+ -> operator*,m1562_cxx_arith_swap_operator_mul,OK,eb986a168389adf1,OK,SURVIVED,KILLED,NOT_RUN,NOT_RUN,test2_golden,1,1,killed,0,0.280,,b3cbffd4ff0f1b24,
resize,ast_emitted,04a50a3857fa29c5,cxx_arith_swap,resize_box_uint8_down.halide_generated.cpp,4477,29,operator* -> operator/,m1560_cxx_arith_swap_operator_div,OK,687de34854fed376,OK,SURVIVED,KILLED,NOT_RUN,NOT_RUN,test2_golden,1,1,killed,0,0.609,,a7355fd02e526557,
resize,ast_emitted,62f5d07cffce2355,cxx_arith_swap,resize_box_uint8_down.halide_generated.cpp,4478,29,operator+ -> operator-,m1561_cxx_arith_swap_operator_sub,OK,f91c1d67b35ea18e,OK,SURVIVED,KILLED,NOT_RUN,NOT_RUN,test2_golden,1,1,killed,0,0.281,,b3cbffd4ff0f1b24,
resize,ast_emitted,1e20afc6cfc34b4b,cxx_arith_swap,resize_box_uint8_down.halide_generated.cpp,4495,40,operator+ -> operator/,m1566_cxx_arith_swap_operator_div,OK,0a8185c5e1a3cf82,OK,KILLED,KILLED,NOT_RUN,NOT_RUN,test1_demo;test2_golden,1,1,killed,-8,0.397,,<missing>,
resize,ast_emitted,63558c983d63a7bc,cxx_arith_swap,resize_box_uint8_down.halide_generated.cpp,4495,40,operator+ -> operator*,m1565_cxx_arith_swap_operator_mul,OK,03cc43bf53e6ca5f,OK,SURVIVED,KILLED,NOT_RUN,NOT_RUN,test2_golden,1,1,killed,0,0.834,,d3c2bba227f32804,
resize,ast_emitted,0fd79196977a7851,cxx_arith_swap,resize_box_uint8_down.halide_generated.cpp,4496,27,operator* -> operator+,m1567_cxx_arith_swap_operator_add,OK,b079fed160414912,OK,SURVIVED,KILLED,NOT_RUN,NOT_RUN,test2_golden,1,1,killed,0,0.960,,cfc44d0b95f26e14,
resize,ast_emitted,c2374ade7077f9f7,cxx_arith_swap,resize_box_uint8_down.halide_generated.cpp,4496,27,operator* -> operator-,m1568_cxx_arith_swap_operator_sub,OK,a8cfc3a92140dde2,OK,KILLED,KILLED,NOT_RUN,NOT_RUN,test1_demo;test2_golden,1,1,killed,-11,0.449,,<missing>,
resize,ast_emitted,2b2f1845663fd030,cxx_arith_swap,resize_box_uint8_down.halide_generated.cpp,4497,27,operator+ -> operator*,m1571_cxx_arith_swap_operator_mul,OK,94ded5ba2ca361dd,OK,KILLED,KILLED,NOT_RUN,NOT_RUN,test1_demo;test2_golden,1,1,killed,-11,0.133,,<missing>,
resize,ast_emitted,13435dd46f51d83c,cxx_arith_swap,resize_box_uint8_down.halide_generated.cpp,4497,27,operator+ -> operator/,m1572_cxx_arith_swap_operator_div,OK,885aea76a7e24d30,OK,KILLED,KILLED,NOT_RUN,NOT_RUN,test1_demo;test2_golden,1,1,killed,-8,0.131,,<missing>,
resize,ast_emitted,a6b6bff2bd90219b,cxx_arith_swap,resize_box_uint8_down.halide_generated.cpp,4497,27,operator+ -> operator-,m1570_cxx_arith_swap_operator_sub,OK,7e42642a3f4d66fb,OK,KILLED,KILLED,NOT_RUN,NOT_RUN,test1_demo;test2_golden,1,1,killed,-11,0.603,,<missing>,
resize,ast_emitted,e8836ad7a254b80f,cxx_arith_swap,resize_box_uint8_down.halide_generated.cpp,4496,27,operator* -> operator/,m1569_cxx_arith_swap_operator_div,OK,f9fce61c17e9f975,OK,SURVIVED,KILLED,NOT_RUN,NOT_RUN,test2_golden,1,1,killed,0,0.825,,f6c180e88630580e,
resize,ast_emitted,a473746f0159eae6,cxx_arith_swap,resize_box_uint8_down.halide_generated.cpp,4606,34,operator* -> operator/,m1575_cxx_arith_swap_operator_div,OK,2849fba2e065ed89,OK,SURVIVED,SURVIVED,NOT_RUN,NOT_RUN,,0,0,,0,1.435,,d1c42bdaf408029e,
resize,ast_emitted,88cc6cd1df952d27,cxx_arith_swap,resize_box_uint8_down.halide_generated.cpp,4606,34,operator* -> operator+,m1573_cxx_arith_swap_operator_add,OK,9cf49c44992dba7a,OK,SURVIVED,SURVIVED,NOT_RUN,NOT_RUN,,0,0,,0,0.628,,d1c42bdaf408029e,
resize,ast_emitted,dd16d5763c211655,cxx_arith_swap,resize_box_uint8_down.halide_generated.cpp,4606,34,operator* -> operator-,m1574_cxx_arith_swap_operator_sub,OK,61ae6e560b0b660b,OK,SURVIVED,SURVIVED,NOT_RUN,NOT_RUN,,0,0,,0,0.626,,d1c42bdaf408029e,
