app,route,mutant_uid,op_id,file,line,column,target,ordinal_this_run,stage_compile,tce,stage_link,test1_demo,test2_golden,test2_written,test3_perf,killed_by,killed,resolved,resolution,exit_code,wall_seconds,perf_median,artifact_digest,note
wavelet,ast_emitted,1db4b76c88824608,cxx_rel_swap,haar_x.halide_generated.cpp,183,29,operator== -> operator>,m003_cxx_rel_swap_operator_gt,COMPILE_FAIL,,OK,NOT_RUN,NOT_RUN,NOT_RUN,NOT_RUN,,0,0,,,,,,"the compiler rejected the mutant -- a kill category only staged compilation produces, not a test kill"
wavelet,ast_emitted,0007d80856f78ea1,cxx_rel_swap,haar_x.halide_generated.cpp,183,29,operator== -> operator<,m001_cxx_rel_swap_operator_lt,COMPILE_FAIL,,OK,NOT_RUN,NOT_RUN,NOT_RUN,NOT_RUN,,0,0,,,,,,"the compiler rejected the mutant -- a kill category only staged compilation produces, not a test kill"
wavelet,ast_emitted,e27a417b3d5334bb,cxx_rel_swap,haar_x.halide_generated.cpp,183,29,operator== -> operator!=,m005_cxx_rel_swap_operator_not_eq,COMPILE_FAIL,,OK,NOT_RUN,NOT_RUN,NOT_RUN,NOT_RUN,,0,0,,,,,,"the compiler rejected the mutant -- a kill category only staged compilation produces, not a test kill"
wavelet,ast_emitted,16071e039bc89c5d,cxx_rel_swap,haar_x.halide_generated.cpp,183,29,operator== -> operator<=,m002_cxx_rel_swap_operator_lt_eq,OK,b7ba2cf0fe3e4fcb,OK,NOT_RUN,NOT_RUN,NOT_RUN,NOT_RUN,,0,1,equivalent_tce,,,,,bit-identical machine code at -O2: no test can distinguish it
wavelet,ast_emitted,d0f73d75f6e3035c,cxx_rel_swap,haar_x.halide_generated.cpp,196,14,operator!= -> operator<=,m007_cxx_rel_swap_operator_lt_eq,OK,b7ba2cf0fe3e4fcb,OK,NOT_RUN,NOT_RUN,NOT_RUN,NOT_RUN,,0,1,equivalent_tce,,,,,bit-identical machine code at -O2: no test can distinguish it
wavelet,ast_emitted,d4a6f5ad480f37ae,cxx_rel_swap,haar_x.halide_generated.cpp,196,14,operator!= -> operator<,m006_cxx_rel_swap_operator_lt,OK,b7ba2cf0fe3e4fcb,OK,NOT_RUN,NOT_RUN,NOT_RUN,NOT_RUN,,0,1,equivalent_tce,,,,,bit-identical machine code at -O2: no test can distinguish it
wavelet,ast_emitted,584016fd19f16d02,cxx_rel_swap,haar_x.halide_generated.cpp,183,29,operator== -> operator>=,m004_cxx_rel_swap_operator_gt_eq,OK,b7ba2cf0fe3e4fcb,OK,NOT_RUN,NOT_RUN,NOT_RUN,NOT_RUN,,0,1,equivalent_tce,,,,,bit-identical machine code at -O2: no test can distinguish it
wavelet,ast_emitted,11dc2bd7a46b25fb,cxx_rel_swap,haar_x.halide_generated.cpp,196,14,operator!= -> operator>,m008_cxx_rel_swap_operator_gt,OK,b7ba2cf0fe3e4fcb,OK,NOT_RUN,NOT_RUN,NOT_RUN,NOT_RUN,,0,1,equivalent_tce,,,,,bit-identical machine code at -O2: no test can distinguish it
wavelet,ast_emitted,6af1ca5812ae4610,cxx_arith_swap,haar_x.halide_generated.cpp,199,16,operator- -> operator+,m011_cxx_arith_swap_operator_add,OK,b7ba2cf0fe3e4fcb,OK,NOT_RUN,NOT_RUN,NOT_RUN,NOT_RUN,,0,1,equivalent_tce,,,,,bit-identical machine code at -O2: no test can distinguish it
wavelet,ast_emitted,6a8e6dd1551257c2,cxx_rel_swap,haar_x.halide_generated.cpp,196,14,operator!= -> operator==,m010_cxx_rel_swap_operator_eq_eq,OK,b7ba2cf0fe3e4fcb,OK,NOT_RUN,NOT_RUN,NOT_RUN,NOT_RUN,,0,1,equivalent_tce,,,,,bit-identical machine code at -O2: no test can distinguish it
wavelet,ast_emitted,533dfe774df763a1,cxx_arith_swap,haar_x.halide_generated.cpp,230,29,operator- -> operator+,m014_cxx_arith_swap_operator_add,OK,b7ba2cf0fe3e4fcb,OK,NOT_RUN,NOT_RUN,NOT_RUN,NOT_RUN,,0,1,equivalent_tce,,,,,bit-identical machine code at -O2: no test can distinguish it
wavelet,ast_emitted,2677fce373abddf9,cxx_rel_swap,haar_x.halide_generated.cpp,196,14,operator!= -> operator>=,m009_cxx_rel_swap_operator_gt_eq,OK,b7ba2cf0fe3e4fcb,OK,NOT_RUN,NOT_RUN,NOT_RUN,NOT_RUN,,0,1,equivalent_tce,,,,,bit-identical machine code at -O2: no test can distinguish it
wavelet,ast_emitted,e4f097c927cb6237,cxx_arith_swap,haar_x.halide_generated.cpp,199,16,operator- -> operator*,m012_cxx_arith_swap_operator_mul,OK,b7ba2cf0fe3e4fcb,OK,NOT_RUN,NOT_RUN,NOT_RUN,NOT_RUN,,0,1,equivalent_tce,,,,,bit-identical machine code at -O2: no test can distinguish it
wavelet,ast_emitted,a504ca5aad403cd6,cxx_arith_swap,haar_x.halide_generated.cpp,230,29,operator- -> operator*,m015_cxx_arith_swap_operator_mul,OK,b7ba2cf0fe3e4fcb,OK,NOT_RUN,NOT_RUN,NOT_RUN,NOT_RUN,,0,1,equivalent_tce,,,,,bit-identical machine code at -O2: no test can distinguish it
wavelet,ast_emitted,2f352e4f88d62cc5,cxx_arith_swap,haar_x.halide_generated.cpp,199,16,operator- -> operator/,m013_cxx_arith_swap_operator_div,OK,b7ba2cf0fe3e4fcb,OK,NOT_RUN,NOT_RUN,NOT_RUN,NOT_RUN,,0,1,equivalent_tce,,,,,bit-identical machine code at -O2: no test can distinguish it
wavelet,ast_emitted,a97124982421b67c,cxx_arith_swap,haar_x.halide_generated.cpp,230,25,operator* -> operator/,m019_cxx_arith_swap_operator_div,OK,b7ba2cf0fe3e4fcb,OK,NOT_RUN,NOT_RUN,NOT_RUN,NOT_RUN,,0,1,equivalent_tce,,,,,bit-identical machine code at -O2: no test can distinguish it
wavelet,ast_emitted,81f759f6907b7a78,cxx_arith_swap,haar_x.halide_generated.cpp,230,29,operator- -> operator/,m016_cxx_arith_swap_operator_div,OK,b7ba2cf0fe3e4fcb,OK,NOT_RUN,NOT_RUN,NOT_RUN,NOT_RUN,,0,1,equivalent_tce,,,,,bit-identical machine code at -O2: no test can distinguish it
wavelet,ast_emitted,c3b201f8e57554a8,cxx_rel_swap,haar_x.halide_generated.cpp,231,16,operator>= -> operator>,m022_cxx_rel_swap_operator_gt,OK,b7ba2cf0fe3e4fcb,OK,NOT_RUN,NOT_RUN,NOT_RUN,NOT_RUN,,0,1,equivalent_tce,,,,,bit-identical machine code at -O2: no test can distinguish it
wavelet,ast_emitted,3ad32bf35d9729e6,cxx_arith_swap,haar_x.halide_generated.cpp,230,25,operator* -> operator+,m017_cxx_arith_swap_operator_add,OK,b7ba2cf0fe3e4fcb,OK,NOT_RUN,NOT_RUN,NOT_RUN,NOT_RUN,,0,1,equivalent_tce,,,,,bit-identical machine code at -O2: no test can distinguish it
wavelet,ast_emitted,c087422b030c2f77,cxx_arith_swap,haar_x.halide_generated.cpp,230,25,operator* -> operator-,m018_cxx_arith_swap_operator_sub,OK,b7ba2cf0fe3e4fcb,OK,NOT_RUN,NOT_RUN,NOT_RUN,NOT_RUN,,0,1,equivalent_tce,,,,,bit-identical machine code at -O2: no test can distinguish it
wavelet,ast_emitted,ecd2616ddfe77483,cxx_rel_swap,haar_x.halide_generated.cpp,231,16,operator>= -> operator!=,m024_cxx_rel_swap_operator_not_eq,OK,b7ba2cf0fe3e4fcb,OK,NOT_RUN,NOT_RUN,NOT_RUN,NOT_RUN,,0,1,equivalent_tce,,,,,bit-identical machine code at -O2: no test can distinguish it
wavelet,ast_emitted,570c02044cf2df13,cxx_rel_swap,haar_x.halide_generated.cpp,231,16,operator>= -> operator==,m023_cxx_rel_swap_operator_eq_eq,OK,b7ba2cf0fe3e4fcb,OK,NOT_RUN,NOT_RUN,NOT_RUN,NOT_RUN,,0,1,equivalent_tce,,,,,bit-identical machine code at -O2: no test can distinguish it
wavelet,ast_emitted,daea56c3cec829f0,cxx_rel_swap,haar_x.halide_generated.cpp,231,16,operator>= -> operator<=,m021_cxx_rel_swap_operator_lt_eq,OK,b7ba2cf0fe3e4fcb,OK,NOT_RUN,NOT_RUN,NOT_RUN,NOT_RUN,,0,1,equivalent_tce,,,,,bit-identical machine code at -O2: no test can distinguish it
wavelet,ast_emitted,5d009196d073c9eb,cxx_rel_swap,haar_x.halide_generated.cpp,231,16,operator>= -> operator<,m020_cxx_rel_swap_operator_lt,OK,b7ba2cf0fe3e4fcb,OK,NOT_RUN,NOT_RUN,NOT_RUN,NOT_RUN,,0,1,equivalent_tce,,,,,bit-identical machine code at -O2: no test can distinguish it
wavelet,ast_emitted,ed5970c54c0c95df,cxx_rel_swap,haar_x.halide_generated.cpp,231,46,operator== -> operator>,m027_cxx_rel_swap_operator_gt,OK,b7ba2cf0fe3e4fcb,OK,NOT_RUN,NOT_RUN,NOT_RUN,NOT_RUN,,0,1,equivalent_tce,,,,,bit-identical machine code at -O2: no test can distinguish it
wavelet,ast_emitted,cb3c2864fc1f27c0,cxx_rel_swap,haar_x.halide_generated.cpp,231,46,operator== -> operator>=,m028_cxx_rel_swap_operator_gt_eq,OK,b7ba2cf0fe3e4fcb,OK,NOT_RUN,NOT_RUN,NOT_RUN,NOT_RUN,,0,1,equivalent_tce,,,,,bit-identical machine code at -O2: no test can distinguish it
wavelet,ast_emitted,578c48082434ec02,cxx_rel_swap,haar_x.halide_generated.cpp,231,46,operator== -> operator<,m025_cxx_rel_swap_operator_lt,OK,b7ba2cf0fe3e4fcb,OK,NOT_RUN,NOT_RUN,NOT_RUN,NOT_RUN,,0,1,equivalent_tce,,,,,bit-identical machine code at -O2: no test can distinguish it
wavelet,ast_emitted,34319930543e63ea,cxx_rel_swap,haar_x.halide_generated.cpp,231,46,operator== -> operator<=,m026_cxx_rel_swap_operator_lt_eq,OK,b7ba2cf0fe3e4fcb,OK,NOT_RUN,NOT_RUN,NOT_RUN,NOT_RUN,,0,1,equivalent_tce,,,,,bit-identical machine code at -O2: no test can distinguish it
wavelet,ast_emitted,edce53eb4ed2a772,cxx_arith_swap,haar_x.halide_generated.cpp,241,36,operator* -> operator-,m031_cxx_arith_swap_operator_sub,OK,b7ba2cf0fe3e4fcb,OK,NOT_RUN,NOT_RUN,NOT_RUN,NOT_RUN,,0,1,equivalent_tce,,,,,bit-identical machine code at -O2: no test can distinguish it
wavelet,ast_emitted,b45f64091554832b,cxx_arith_swap,haar_x.halide_generated.cpp,241,36,operator* -> operator/,m032_cxx_arith_swap_operator_div,OK,b7ba2cf0fe3e4fcb,OK,NOT_RUN,NOT_RUN,NOT_RUN,NOT_RUN,,0,1,equivalent_tce,,,,,bit-identical machine code at -O2: no test can distinguish it
wavelet,ast_emitted,c3d0bd6461ebbdea,cxx_rel_swap,haar_x.halide_generated.cpp,231,46,operator== -> operator!=,m029_cxx_rel_swap_operator_not_eq,OK,b7ba2cf0fe3e4fcb,OK,NOT_RUN,NOT_RUN,NOT_RUN,NOT_RUN,,0,1,equivalent_tce,,,,,bit-identical machine code at -O2: no test can distinguish it
wavelet,ast_emitted,fe718ef8dd9e4f96,cxx_arith_swap,haar_x.halide_generated.cpp,241,36,operator* -> operator+,m030_cxx_arith_swap_operator_add,OK,b7ba2cf0fe3e4fcb,OK,NOT_RUN,NOT_RUN,NOT_RUN,NOT_RUN,,0,1,equivalent_tce,,,,,bit-identical machine code at -O2: no test can distinguish it
wavelet,ast_emitted,81f858fc8f0c2a99,cxx_rel_swap,haar_x.halide_generated.cpp,243,16,operator< -> operator<=,m033_cxx_rel_swap_operator_lt_eq,OK,b7ba2cf0fe3e4fcb,OK,NOT_RUN,NOT_RUN,NOT_RUN,NOT_RUN,,0,1,equivalent_tce,,,,,bit-identical machine code at -O2: no test can distinguish it
wavelet,ast_emitted,02c903cee10d4198,cxx_rel_swap,haar_x.halide_generated.cpp,243,16,operator< -> operator>,m034_cxx_rel_swap_operator_gt,OK,b7ba2cf0fe3e4fcb,OK,NOT_RUN,NOT_RUN,NOT_RUN,NOT_RUN,,0,1,equivalent_tce,,,,,bit-identical machine code at -O2: no test can distinguish it
wavelet,ast_emitted,a766f134ffffacbf,cxx_rel_swap,haar_x.halide_generated.cpp,243,48,operator== -> operator<=,m039_cxx_rel_swap_operator_lt_eq,OK,b7ba2cf0fe3e4fcb,OK,NOT_RUN,NOT_RUN,NOT_RUN,NOT_RUN,,0,1,equivalent_tce,,,,,bit-identical machine code at -O2: no test can distinguish it
wavelet,ast_emitted,10313152be5d0217,cxx_rel_swap,haar_x.halide_generated.cpp,243,16,operator< -> operator>=,m035_cxx_rel_swap_operator_gt_eq,OK,b7ba2cf0fe3e4fcb,OK,NOT_RUN,NOT_RUN,NOT_RUN,NOT_RUN,,0,1,equivalent_tce,,,,,bit-identical machine code at -O2: no test can distinguish it
wavelet,ast_emitted,e07be5c41b8907ae,cxx_rel_swap,haar_x.halide_generated.cpp,243,16,operator< -> operator!=,m037_cxx_rel_swap_operator_not_eq,OK,b7ba2cf0fe3e4fcb,OK,NOT_RUN,NOT_RUN,NOT_RUN,NOT_RUN,,0,1,equivalent_tce,,,,,bit-identical machine code at -O2: no test can distinguish it
wavelet,ast_emitted,5a4088c22271b4fd,cxx_rel_swap,haar_x.halide_generated.cpp,243,16,operator< -> operator==,m036_cxx_rel_swap_operator_eq_eq,OK,b7ba2cf0fe3e4fcb,OK,NOT_RUN,NOT_RUN,NOT_RUN,NOT_RUN,,0,1,equivalent_tce,,,,,bit-identical machine code at -O2: no test can distinguish it
wavelet,ast_emitted,648d77e60de0f0b1,cxx_rel_swap,haar_x.halide_generated.cpp,243,48,operator== -> operator>=,m041_cxx_rel_swap_operator_gt_eq,OK,b7ba2cf0fe3e4fcb,OK,NOT_RUN,NOT_RUN,NOT_RUN,NOT_RUN,,0,1,equivalent_tce,,,,,bit-identical machine code at -O2: no test can distinguish it
wavelet,ast_emitted,4fcb8f767ea52647,cxx_rel_swap,haar_x.halide_generated.cpp,243,48,operator== -> operator<,m038_cxx_rel_swap_operator_lt,OK,b7ba2cf0fe3e4fcb,OK,NOT_RUN,NOT_RUN,NOT_RUN,NOT_RUN,,0,1,equivalent_tce,,,,,bit-identical machine code at -O2: no test can distinguish it
wavelet,ast_emitted,e56c2849d393fcf0,cxx_rel_swap,haar_x.halide_generated.cpp,243,48,operator== -> operator>,m040_cxx_rel_swap_operator_gt,OK,b7ba2cf0fe3e4fcb,OK,NOT_RUN,NOT_RUN,NOT_RUN,NOT_RUN,,0,1,equivalent_tce,,,,,bit-identical machine code at -O2: no test can distinguish it
wavelet,ast_emitted,5da7c8b494a973cc,cxx_rel_swap,haar_x.halide_generated.cpp,243,48,operator== -> operator!=,m042_cxx_rel_swap_operator_not_eq,OK,b7ba2cf0fe3e4fcb,OK,NOT_RUN,NOT_RUN,NOT_RUN,NOT_RUN,,0,1,equivalent_tce,,,,,bit-identical machine code at -O2: no test can distinguish it
wavelet,ast_emitted,7a77a440713bac4e,cxx_rel_swap,haar_x.halide_generated.cpp,252,15,operator> -> operator<,m043_cxx_rel_swap_operator_lt,OK,ac71bc137339bf10,OK,SURVIVED,KILLED,NOT_RUN,NOT_RUN,test2_golden,1,1,killed,0,0.512,,b3225f03ee4efa2a,
wavelet,ast_emitted,323c7964f61b284b,cxx_rel_swap,haar_x.halide_generated.cpp,252,15,operator> -> operator<=,m044_cxx_rel_swap_operator_lt_eq,OK,3b0f5c2a53744dd2,OK,SURVIVED,KILLED,NOT_RUN,NOT_RUN,test2_golden,1,1,killed,0,0.456,,b3225f03ee4efa2a,
wavelet,ast_emitted,58b64ceb886273b2,cxx_rel_swap,haar_x.halide_generated.cpp,252,15,operator> -> operator==,m046_cxx_rel_swap_operator_eq_eq,OK,4a111cde1afc4905,OK,SURVIVED,KILLED,NOT_RUN,NOT_RUN,test2_golden,1,1,killed,0,0.263,,b3225f03ee4efa2a,
wavelet,ast_emitted,1dbf407309642155,cxx_rel_swap,haar_x.halide_generated.cpp,252,15,operator> -> operator!=,m047_cxx_rel_swap_operator_not_eq,OK,8b7fff63e40d860a,OK,SURVIVED,SURVIVED,NOT_RUN,NOT_RUN,,0,0,,0,1.025,,f12ad6f2a1736a40,
wavelet,ast_emitted,c82d2d5b4abf741c,cxx_rel_swap,haar_x.halide_generated.cpp,257,15,operator< -> operator>,m049_cxx_rel_swap_operator_gt,OK,c9adbfc169aa52eb,OK,SURVIVED,KILLED,NOT_RUN,NOT_RUN,test2_golden,1,1,killed,0,0.431,,337187475953335f,
wavelet,ast_emitted,b3a713c60b0ceb0d,cxx_rel_swap,haar_x.halide_generated.cpp,257,15,operator< -> operator>=,m050_cxx_rel_swap_operator_gt_eq,OK,1f2fda4616110223,OK,SURVIVED,KILLED,NOT_RUN,NOT_RUN,test2_golden,1,1,killed,0,0.445,,337187475953335f,
wavelet,ast_emitted,95d313b1a1625b59,cxx_rel_swap,haar_x.halide_generated.cpp,252,15,operator> -> operator>=,m045_cxx_rel_swap_operator_gt_eq,OK,cadba2034a2e9407,OK,SURVIVED,SURVIVED,NOT_RUN,NOT_RUN,,0,0,,0,1.454,,f12ad6f2a1736a40,
wavelet,ast_emitted,379beace8d0d14d6,cxx_rel_swap,haar_x.halide_generated.cpp,810,25,operator== -> operator<=,m054_cxx_rel_swap_operator_lt_eq,OK,b7ba2cf0fe3e4fcb,OK,NOT_RUN,NOT_RUN,NOT_RUN,NOT_RUN,,0,1,equivalent_tce,,,,,bit-identical machine code at -O2: no test can distinguish it
wavelet,ast_emitted,675a681ea404c3a7,cxx_rel_swap,haar_x.halide_generated.cpp,257,15,operator< -> operator==,m051_cxx_rel_swap_operator_eq_eq,OK,50aa9c48f53c270c,OK,SURVIVED,KILLED,NOT_RUN,NOT_RUN,test2_golden,1,1,killed,0,0.548,,2fe382cc9e63f7e1,
wavelet,ast_emitted,f44e3c94b1955ed8,cxx_rel_swap,haar_x.halide_generated.cpp,810,25,operator== -> operator>,m055_cxx_rel_swap_operator_gt,OK,b7ba2cf0fe3e4fcb,OK,NOT_RUN,NOT_RUN,NOT_RUN,NOT_RUN,,0,1,equivalent_tce,,,,,bit-identical machine code at -O2: no test can distinguish it
wavelet,ast_emitted,61574d0809eb4aa2,cxx_rel_swap,haar_x.halide_generated.cpp,810,25,operator== -> operator<,m053_cxx_rel_swap_operator_lt,OK,b7ba2cf0fe3e4fcb,OK,NOT_RUN,NOT_RUN,NOT_RUN,NOT_RUN,,0,1,equivalent_tce,,,,,bit-identical machine code at -O2: no test can distinguish it
wavelet,ast_emitted,a11ee2e9fc615aff,cxx_rel_swap,haar_x.halide_generated.cpp,810,25,operator== -> operator>=,m056_cxx_rel_swap_operator_gt_eq,OK,b7ba2cf0fe3e4fcb,OK,NOT_RUN,NOT_RUN,NOT_RUN,NOT_RUN,,0,1,equivalent_tce,,,,,bit-identical machine code at -O2: no test can distinguish it
wavelet,ast_emitted,4a87a18d2f66bd9b,cxx_rel_swap,haar_x.halide_generated.cpp,818,25,operator< -> operator<=,m058_cxx_rel_swap_operator_lt_eq,OK,b7ba2cf0fe3e4fcb,OK,NOT_RUN,NOT_RUN,NOT_RUN,NOT_RUN,,0,1,equivalent_tce,,,,,bit-identical machine code at -O2: no test can distinguish it
wavelet,ast_emitted,9f5972d0833cb5d9,cxx_rel_swap,haar_x.halide_generated.cpp,257,15,operator< -> operator!=,m052_cxx_rel_swap_operator_not_eq,OK,988ed9b346e56ec7,OK,SURVIVED,KILLED,NOT_RUN,NOT_RUN,test2_golden,1,1,killed,0,0.496,,d07c8412dcd621be,
wavelet,ast_emitted,f448d948aa62759d,cxx_rel_swap,haar_x.halide_generated.cpp,257,15,operator< -> operator<=,m048_cxx_rel_swap_operator_lt_eq,OK,f8d7820d7797a2e7,OK,SURVIVED,SURVIVED,NOT_RUN,NOT_RUN,,0,0,,0,1.933,,f12ad6f2a1736a40,
wavelet,ast_emitted,f42fb09b1bdee5d0,cxx_rel_swap,haar_x.halide_generated.cpp,810,25,operator== -> operator!=,m057_cxx_rel_swap_operator_not_eq,OK,b7ba2cf0fe3e4fcb,OK,NOT_RUN,NOT_RUN,NOT_RUN,NOT_RUN,,0,1,equivalent_tce,,,,,bit-identical machine code at -O2: no test can distinguish it
wavelet,ast_emitted,62fabb33c67358c3,cxx_rel_swap,haar_x.halide_generated.cpp,818,25,operator< -> operator!=,m062_cxx_rel_swap_operator_not_eq,OK,b7ba2cf0fe3e4fcb,OK,NOT_RUN,NOT_RUN,NOT_RUN,NOT_RUN,,0,1,equivalent_tce,,,,,bit-identical machine code at -O2: no test can distinguish it
wavelet,ast_emitted,547f9aad734515aa,cxx_arith_swap,haar_x.halide_generated.cpp,823,27,operator/ -> operator+,m063_cxx_arith_swap_operator_add,OK,b7ba2cf0fe3e4fcb,OK,NOT_RUN,NOT_RUN,NOT_RUN,NOT_RUN,,0,1,equivalent_tce,,,,,bit-identical machine code at -O2: no test can distinguish it
wavelet,ast_emitted,9d4015f5b4da3555,cxx_rel_swap,haar_x.halide_generated.cpp,818,25,operator< -> operator==,m061_cxx_rel_swap_operator_eq_eq,OK,b7ba2cf0fe3e4fcb,OK,NOT_RUN,NOT_RUN,NOT_RUN,NOT_RUN,,0,1,equivalent_tce,,,,,bit-identical machine code at -O2: no test can distinguish it
wavelet,ast_emitted,58cdb74feec1c37f,cxx_rel_swap,haar_x.halide_generated.cpp,818,25,operator< -> operator>,m059_cxx_rel_swap_operator_gt,OK,b7ba2cf0fe3e4fcb,OK,NOT_RUN,NOT_RUN,NOT_RUN,NOT_RUN,,0,1,equivalent_tce,,,,,bit-identical machine code at -O2: no test can distinguish it
wavelet,ast_emitted,24a8a21453f11e06,cxx_rel_swap,haar_x.halide_generated.cpp,818,25,operator< -> operator>=,m060_cxx_rel_swap_operator_gt_eq,OK,b7ba2cf0fe3e4fcb,OK,NOT_RUN,NOT_RUN,NOT_RUN,NOT_RUN,,0,1,equivalent_tce,,,,,bit-identical machine code at -O2: no test can distinguish it
wavelet,ast_emitted,8cc89fc326567874,cxx_arith_swap,haar_x.halide_generated.cpp,823,27,operator/ -> operator-,m064_cxx_arith_swap_operator_sub,OK,b7ba2cf0fe3e4fcb,OK,NOT_RUN,NOT_RUN,NOT_RUN,NOT_RUN,,0,1,equivalent_tce,,,,,bit-identical machine code at -O2: no test can distinguish it
wavelet,ast_emitted,fa05618ecbf15eda,cxx_rel_swap,haar_x.halide_generated.cpp,839,37,operator== -> operator<,m069_cxx_rel_swap_operator_lt,COMPILE_FAIL,,OK,NOT_RUN,NOT_RUN,NOT_RUN,NOT_RUN,,0,0,,,,,,"the compiler rejected the mutant -- a kill category only staged compilation produces, not a test kill"
wavelet,ast_emitted,af143c7594f9789f,cxx_arith_swap,haar_x.halide_generated.cpp,823,22,operator+ -> operator*,m067_cxx_arith_swap_operator_mul,OK,b7ba2cf0fe3e4fcb,OK,NOT_RUN,NOT_RUN,NOT_RUN,NOT_RUN,,0,1,equivalent_tce,,,,,bit-identical machine code at -O2: no test can distinguish it
wavelet,ast_emitted,fc1b488a0cb444a4,cxx_arith_swap,haar_x.halide_generated.cpp,823,22,operator+ -> operator-,m066_cxx_arith_swap_operator_sub,OK,b7ba2cf0fe3e4fcb,OK,NOT_RUN,NOT_RUN,NOT_RUN,NOT_RUN,,0,1,equivalent_tce,,,,,bit-identical machine code at -O2: no test can distinguish it
wavelet,ast_emitted,b9431952eb351e79,cxx_arith_swap,haar_x.halide_generated.cpp,823,27,operator/ -> operator*,m065_cxx_arith_swap_operator_mul,OK,b7ba2cf0fe3e4fcb,OK,NOT_RUN,NOT_RUN,NOT_RUN,NOT_RUN,,0,1,equivalent_tce,,,,,bit-identical machine code at -O2: no test can distinguish it
wavelet,ast_emitted,e87858ff2b173b72,cxx_arith_swap,haar_x.halide_generated.cpp,823,22,operator+ -> operator/,m068_cxx_arith_swap_operator_div,OK,b7ba2cf0fe3e4fcb,OK,NOT_RUN,NOT_RUN,NOT_RUN,NOT_RUN,,0,1,equivalent_tce,,,,,bit-identical machine code at -O2: no test can distinguish it
wavelet,ast_emitted,ae693dc801cba679,cxx_rel_swap,haar_x.halide_generated.cpp,839,37,operator== -> operator>=,m072_cxx_rel_swap_operator_gt_eq,OK,b7ba2cf0fe3e4fcb,OK,NOT_RUN,NOT_RUN,NOT_RUN,NOT_RUN,,0,1,equivalent_tce,,,,,bit-identical machine code at -O2: no test can distinguish it
wavelet,ast_emitted,76fba46ff787e226,cxx_rel_swap,haar_x.halide_generated.cpp,839,37,operator== -> operator>,m071_cxx_rel_swap_operator_gt,COMPILE_FAIL,,OK,NOT_RUN,NOT_RUN,NOT_RUN,NOT_RUN,,0,0,,,,,,"the compiler rejected the mutant -- a kill category only staged compilation produces, not a test kill"
wavelet,ast_emitted,b7c0fbc780470698,cxx_arith_swap,haar_x.halide_generated.cpp,967,35,operator+ -> operator*,m075_cxx_arith_swap_operator_mul,COMPILE_FAIL,,OK,NOT_RUN,NOT_RUN,NOT_RUN,NOT_RUN,,0,0,,,,,,"the compiler rejected the mutant -- a kill category only staged compilation produces, not a test kill"
wavelet,ast_emitted,32b727b33d450aab,cxx_rel_swap,haar_x.halide_generated.cpp,839,37,operator== -> operator!=,m073_cxx_rel_swap_operator_not_eq,COMPILE_FAIL,,OK,NOT_RUN,NOT_RUN,NOT_RUN,NOT_RUN,,0,0,,,,,,"the compiler rejected the mutant -- a kill category only staged compilation produces, not a test kill"
wavelet,ast_emitted,652109c9efaf4d9e,cxx_arith_swap,haar_x.halide_generated.cpp,971,29,operator+ -> operator*,m078_cxx_arith_swap_operator_mul,COMPILE_FAIL,,OK,NOT_RUN,NOT_RUN,NOT_RUN,NOT_RUN,,0,0,,,,,,"the compiler rejected the mutant -- a kill category only staged compilation produces, not a test kill"
wavelet,ast_emitted,436c6f9d573f19cf,cxx_arith_swap,haar_x.halide_generated.cpp,967,35,operator+ -> operator/,m076_cxx_arith_swap_operator_div,COMPILE_FAIL,,OK,NOT_RUN,NOT_RUN,NOT_RUN,NOT_RUN,,0,0,,,,,,"the compiler rejected the mutant -- a kill category only staged compilation produces, not a test kill"
wavelet,ast_emitted,f57da45804e5e938,cxx_rel_swap,haar_x.halide_generated.cpp,839,37,operator== -> operator<=,m070_cxx_rel_swap_operator_lt_eq,OK,b7ba2cf0fe3e4fcb,OK,NOT_RUN,NOT_RUN,NOT_RUN,NOT_RUN,,0,1,equivalent_tce,,,,,bit-identical machine code at -O2: no test can distinguish it
wavelet,ast_emitted,8a71438a05d985b5,cxx_arith_swap,haar_x.halide_generated.cpp,967,35,operator+ -> operator-,m074_cxx_arith_swap_operator_sub,OK,b7ba2cf0fe3e4fcb,OK,NOT_RUN,NOT_RUN,NOT_RUN,NOT_RUN,,0,1,equivalent_tce,,,,,bit-identical machine code at -O2: no test can distinguish it
wavelet,ast_emitted,666117eef2d954e8,cxx_arith_swap,haar_x.halide_generated.cpp,971,29,operator+ -> operator/,m079_cxx_arith_swap_operator_div,COMPILE_FAIL,,OK,NOT_RUN,NOT_RUN,NOT_RUN,NOT_RUN,,0,0,,,,,,"the compiler rejected the mutant -- a kill category only staged compilation produces, not a test kill"
wavelet,ast_emitted,36b4ae113f7e4750,cxx_arith_swap,haar_x.halide_generated.cpp,978,45,operator+ -> operator*,m081_cxx_arith_swap_operator_mul,COMPILE_FAIL,,OK,NOT_RUN,NOT_RUN,NOT_RUN,NOT_RUN,,0,0,,,,,,"the compiler rejected the mutant -- a kill category only staged compilation produces, not a test kill"
wavelet,ast_emitted,d6c72987f00b814c,cxx_arith_swap,haar_x.halide_generated.cpp,978,45,operator+ -> operator/,m082_cxx_arith_swap_operator_div,COMPILE_FAIL,,OK,NOT_RUN,NOT_RUN,NOT_RUN,NOT_RUN,,0,0,,,,,,"the compiler rejected the mutant -- a kill category only staged compilation produces, not a test kill"
wavelet,ast_emitted,94f37ad3291de857,cxx_arith_swap,haar_x.halide_generated.cpp,971,29,operator+ -> operator-,m077_cxx_arith_swap_operator_sub,OK,b7ba2cf0fe3e4fcb,OK,NOT_RUN,NOT_RUN,NOT_RUN,NOT_RUN,,0,1,equivalent_tce,,,,,bit-identical machine code at -O2: no test can distinguish it
wavelet,ast_emitted,60c464fa9c70a800,cxx_arith_swap,haar_x.halide_generated.cpp,982,39,operator+ -> operator/,m085_cxx_arith_swap_operator_div,COMPILE_FAIL,,OK,NOT_RUN,NOT_RUN,NOT_RUN,NOT_RUN,,0,0,,,,,,"the compiler rejected the mutant -- a kill category only staged compilation produces, not a test kill"
wavelet,ast_emitted,8f073f6a52305a1f,cxx_arith_swap,haar_x.halide_generated.cpp,982,39,operator+ -> operator*,m084_cxx_arith_swap_operator_mul,COMPILE_FAIL,,OK,NOT_RUN,NOT_RUN,NOT_RUN,NOT_RUN,,0,0,,,,,,"the compiler rejected the mutant -- a kill category only staged compilation produces, not a test kill"
wavelet,ast_emitted,dba19a1f908ac2b0,cxx_arith_swap,haar_x.halide_generated.cpp,988,38,operator+ -> operator*,m087_cxx_arith_swap_operator_mul,COMPILE_FAIL,,OK,NOT_RUN,NOT_RUN,NOT_RUN,NOT_RUN,,0,0,,,,,,"the compiler rejected the mutant -- a kill category only staged compilation produces, not a test kill"
wavelet,ast_emitted,2599a44d3efc6284,cxx_arith_swap,haar_x.halide_generated.cpp,978,45,operator+ -> operator-,m080_cxx_arith_swap_operator_sub,OK,b7ba2cf0fe3e4fcb,OK,NOT_RUN,NOT_RUN,NOT_RUN,NOT_RUN,,0,1,equivalent_tce,,,,,bit-identical machine code at -O2: no test can distinguish it
wavelet,ast_emitted,40cf79824620c2ba,cxx_arith_swap,haar_x.halide_generated.cpp,982,39,operator+ -> operator-,m083_cxx_arith_swap_operator_sub,OK,b7ba2cf0fe3e4fcb,OK,NOT_RUN,NOT_RUN,NOT_RUN,NOT_RUN,,0,1,equivalent_tce,,,,,bit-identical machine code at -O2: no test can distinguish it
wavelet,ast_emitted,f0aeb0688f1ffbd2,cxx_arith_swap,haar_x.halide_generated.cpp,988,38,operator+ -> operator-,m086_cxx_arith_swap_operator_sub,OK,b7ba2cf0fe3e4fcb,OK,NOT_RUN,NOT_RUN,NOT_RUN,NOT_RUN,,0,1,equivalent_tce,,,,,bit-identical machine code at -O2: no test can distinguish it
wavelet,ast_emitted,3852f9aac459c198,cxx_arith_swap,haar_x.halide_generated.cpp,988,38,operator+ -> operator/,m088_cxx_arith_swap_operator_div,COMPILE_FAIL,,OK,NOT_RUN,NOT_RUN,NOT_RUN,NOT_RUN,,0,0,,,,,,"the compiler rejected the mutant -- a kill category only staged compilation produces, not a test kill"
wavelet,ast_emitted,3fec4629f1dbced0,cxx_arith_swap,haar_x.halide_generated.cpp,988,51,operator* -> operator+,m089_cxx_arith_swap_operator_add,OK,b7ba2cf0fe3e4fcb,OK,NOT_RUN,NOT_RUN,NOT_RUN,NOT_RUN,,0,1,equivalent_tce,,,,,bit-identical machine code at -O2: no test can distinguish it
wavelet,ast_emitted,86e9e1d0577cdcff,cxx_arith_swap,haar_x.halide_generated.cpp,988,51,operator* -> operator/,m091_cxx_arith_swap_operator_div,OK,b7ba2cf0fe3e4fcb,OK,NOT_RUN,NOT_RUN,NOT_RUN,NOT_RUN,,0,1,equivalent_tce,,,,,bit-identical machine code at -O2: no test can distinguish it
wavelet,ast_emitted,90345dad37b26d1d,cxx_arith_swap,haar_x.halide_generated.cpp,992,32,operator+ -> operator-,m092_cxx_arith_swap_operator_sub,OK,b7ba2cf0fe3e4fcb,OK,NOT_RUN,NOT_RUN,NOT_RUN,NOT_RUN,,0,1,equivalent_tce,,,,,bit-identical machine code at -O2: no test can distinguish it
wavelet,ast_emitted,79fd188b02a26a3d,cxx_arith_swap,haar_x.halide_generated.cpp,992,32,operator+ -> operator/,m094_cxx_arith_swap_operator_div,COMPILE_FAIL,,OK,NOT_RUN,NOT_RUN,NOT_RUN,NOT_RUN,,0,0,,,,,,"the compiler rejected the mutant -- a kill category only staged compilation produces, not a test kill"
wavelet,ast_emitted,b96488b2411ad112,cxx_arith_swap,haar_x.halide_generated.cpp,992,32,operator+ -> operator*,m093_cxx_arith_swap_operator_mul,COMPILE_FAIL,,OK,NOT_RUN,NOT_RUN,NOT_RUN,NOT_RUN,,0,0,,,,,,"the compiler rejected the mutant -- a kill category only staged compilation produces, not a test kill"
wavelet,ast_emitted,17791231cd0ec8eb,cxx_arith_swap,haar_x.halide_generated.cpp,988,51,operator* -> operator-,m090_cxx_arith_swap_operator_sub,OK,b7ba2cf0fe3e4fcb,OK,NOT_RUN,NOT_RUN,NOT_RUN,NOT_RUN,,0,1,equivalent_tce,,,,,bit-identical machine code at -O2: no test can distinguish it
wavelet,ast_emitted,41d91285bb02e922,cxx_arith_swap,haar_x.halide_generated.cpp,992,45,operator* -> operator-,m096_cxx_arith_swap_operator_sub,OK,b7ba2cf0fe3e4fcb,OK,NOT_RUN,NOT_RUN,NOT_RUN,NOT_RUN,,0,1,equivalent_tce,,,,,bit-identical machine code at -O2: no test can distinguish it
wavelet,ast_emitted,103bd04ac8a889b8,cxx_arith_swap,haar_x.halide_generated.cpp,992,45,operator* -> operator+,m095_cxx_arith_swap_operator_add,OK,b7ba2cf0fe3e4fcb,OK,NOT_RUN,NOT_RUN,NOT_RUN,NOT_RUN,,0,1,equivalent_tce,,,,,bit-identical machine code at -O2: no test can distinguish it
wavelet,ast_emitted,625be37d06bf1e09,cxx_arith_swap,haar_x.halide_generated.cpp,992,45,operator* -> operator/,m097_cxx_arith_swap_operator_div,OK,b7ba2cf0fe3e4fcb,OK,NOT_RUN,NOT_RUN,NOT_RUN,NOT_RUN,,0,1,equivalent_tce,,,,,bit-identical machine code at -O2: no test can distinguish it
wavelet,ast_emitted,c2f9dfeb997719f3,cxx_rel_swap,haar_x.halide_generated.cpp,1753,21,operator== -> operator<=,m099_cxx_rel_swap_operator_lt_eq,OK,b7ba2cf0fe3e4fcb,OK,NOT_RUN,NOT_RUN,NOT_RUN,NOT_RUN,,0,1,equivalent_tce,,,,,bit-identical machine code at -O2: no test can distinguish it
wavelet,ast_emitted,ad4e987c0d4c4e4d,cxx_rel_swap,haar_x.halide_generated.cpp,1753,21,operator== -> operator>,m100_cxx_rel_swap_operator_gt,OK,b7ba2cf0fe3e4fcb,OK,NOT_RUN,NOT_RUN,NOT_RUN,NOT_RUN,,0,1,equivalent_tce,,,,,bit-identical machine code at -O2: no test can distinguish it
wavelet,ast_emitted,6fce7cde25cc2a54,cxx_rel_swap,haar_x.halide_generated.cpp,1753,21,operator== -> operator<,m098_cxx_rel_swap_operator_lt,OK,b7ba2cf0fe3e4fcb,OK,NOT_RUN,NOT_RUN,NOT_RUN,NOT_RUN,,0,1,equivalent_tce,,,,,bit-identical machine code at -O2: no test can distinguish it
wavelet,ast_emitted,3e6d110af9eb6006,cxx_rel_swap,haar_x.halide_generated.cpp,1754,24,operator== -> operator<=,m104_cxx_rel_swap_operator_lt_eq,OK,b7ba2cf0fe3e4fcb,OK,NOT_RUN,NOT_RUN,NOT_RUN,NOT_RUN,,0,1,equivalent_tce,,,,,bit-identical machine code at -O2: no test can distinguish it
wavelet,ast_emitted,c893cfca2bad0304,cxx_rel_swap,haar_x.halide_generated.cpp,1753,21,operator== -> operator>=,m101_cxx_rel_swap_operator_gt_eq,OK,b7ba2cf0fe3e4fcb,OK,NOT_RUN,NOT_RUN,NOT_RUN,NOT_RUN,,0,1,equivalent_tce,,,,,bit-identical machine code at -O2: no test can distinguish it
wavelet,ast_emitted,67873eddc49ba8e6,cxx_rel_swap,haar_x.halide_generated.cpp,1754,24,operator== -> operator<,m103_cxx_rel_swap_operator_lt,OK,b7ba2cf0fe3e4fcb,OK,NOT_RUN,NOT_RUN,NOT_RUN,NOT_RUN,,0,1,equivalent_tce,,,,,bit-identical machine code at -O2: no test can distinguish it
wavelet,ast_emitted,90d029ea890bc335,cxx_rel_swap,haar_x.halide_generated.cpp,1754,24,operator== -> operator>,m105_cxx_rel_swap_operator_gt,OK,b7ba2cf0fe3e4fcb,OK,NOT_RUN,NOT_RUN,NOT_RUN,NOT_RUN,,0,1,equivalent_tce,,,,,bit-identical machine code at -O2: no test can distinguish it
wavelet,ast_emitted,f5ec85935b3a3be0,cxx_rel_swap,haar_x.halide_generated.cpp,1753,21,operator== -> operator!=,m102_cxx_rel_swap_operator_not_eq,OK,b7ba2cf0fe3e4fcb,OK,NOT_RUN,NOT_RUN,NOT_RUN,NOT_RUN,,0,1,equivalent_tce,,,,,bit-identical machine code at -O2: no test can distinguish it
wavelet,ast_emitted,0491025d967139fa,cxx_rel_swap,haar_x.halide_generated.cpp,1754,24,operator== -> operator!=,m107_cxx_rel_swap_operator_not_eq,OK,b7ba2cf0fe3e4fcb,OK,NOT_RUN,NOT_RUN,NOT_RUN,NOT_RUN,,0,1,equivalent_tce,,,,,bit-identical machine code at -O2: no test can distinguish it
wavelet,ast_emitted,f91e1d0c12e767a4,cxx_rel_swap,haar_x.halide_generated.cpp,1755,24,operator== -> operator<=,m109_cxx_rel_swap_operator_lt_eq,OK,b7ba2cf0fe3e4fcb,OK,NOT_RUN,NOT_RUN,NOT_RUN,NOT_RUN,,0,1,equivalent_tce,,,,,bit-identical machine code at -O2: no test can distinguish it
wavelet,ast_emitted,1a4ff286e5026c6c,cxx_rel_swap,haar_x.halide_generated.cpp,1755,24,operator== -> operator<,m108_cxx_rel_swap_operator_lt,OK,b7ba2cf0fe3e4fcb,OK,NOT_RUN,NOT_RUN,NOT_RUN,NOT_RUN,,0,1,equivalent_tce,,,,,bit-identical machine code at -O2: no test can distinguish it
wavelet,ast_emitted,e1cec499e00eb7c2,cxx_rel_swap,haar_x.halide_generated.cpp,1755,24,operator== -> operator>,m110_cxx_rel_swap_operator_gt,OK,b7ba2cf0fe3e4fcb,OK,NOT_RUN,NOT_RUN,NOT_RUN,NOT_RUN,,0,1,equivalent_tce,,,,,bit-identical machine code at -O2: no test can distinguish it
wavelet,ast_emitted,ad6f4cb7316e4169,cxx_rel_swap,haar_x.halide_generated.cpp,1754,24,operator== -> operator>=,m106_cxx_rel_swap_operator_gt_eq,OK,b7ba2cf0fe3e4fcb,OK,NOT_RUN,NOT_RUN,NOT_RUN,NOT_RUN,,0,1,equivalent_tce,,,,,bit-identical machine code at -O2: no test can distinguish it
wavelet,ast_emitted,60c60f450dc764e5,cxx_rel_swap,haar_x.halide_generated.cpp,1755,24,operator== -> operator>=,m111_cxx_rel_swap_operator_gt_eq,OK,b7ba2cf0fe3e4fcb,OK,NOT_RUN,NOT_RUN,NOT_RUN,NOT_RUN,,0,1,equivalent_tce,,,,,bit-identical machine code at -O2: no test can distinguish it
wavelet,ast_emitted,7956286c1a7dab20,cxx_rel_swap,haar_x.halide_generated.cpp,1755,24,operator== -> operator!=,m112_cxx_rel_swap_operator_not_eq,OK,b7ba2cf0fe3e4fcb,OK,NOT_RUN,NOT_RUN,NOT_RUN,NOT_RUN,,0,1,equivalent_tce,,,,,bit-identical machine code at -O2: no test can distinguish it
wavelet,ast_emitted,b869148e21e44a60,cxx_rel_swap,haar_x.halide_generated.cpp,1756,23,operator== -> operator<=,m114_cxx_rel_swap_operator_lt_eq,OK,b7ba2cf0fe3e4fcb,OK,NOT_RUN,NOT_RUN,NOT_RUN,NOT_RUN,,0,1,equivalent_tce,,,,,bit-identical machine code at -O2: no test can distinguish it
wavelet,ast_emitted,081979ba22b7b465,cxx_rel_swap,haar_x.halide_generated.cpp,1756,23,operator== -> operator>,m115_cxx_rel_swap_operator_gt,OK,b7ba2cf0fe3e4fcb,OK,NOT_RUN,NOT_RUN,NOT_RUN,NOT_RUN,,0,1,equivalent_tce,,,,,bit-identical machine code at -O2: no test can distinguish it
wavelet,ast_emitted,45677616d726040e,cxx_rel_swap,haar_x.halide_generated.cpp,1756,23,operator== -> operator<,m113_cxx_rel_swap_operator_lt,OK,b7ba2cf0fe3e4fcb,OK,NOT_RUN,NOT_RUN,NOT_RUN,NOT_RUN,,0,1,equivalent_tce,,,,,bit-identical machine code at -O2: no test can distinguish it
wavelet,ast_emitted,fdabea0fa5940ad8,cxx_rel_swap,haar_x.halide_generated.cpp,1756,23,operator== -> operator>=,m116_cxx_rel_swap_operator_gt_eq,OK,b7ba2cf0fe3e4fcb,OK,NOT_RUN,NOT_RUN,NOT_RUN,NOT_RUN,,0,1,equivalent_tce,,,,,bit-identical machine code at -O2: no test can distinguish it
wavelet,ast_emitted,66c72099df313353,cxx_rel_swap,haar_x.halide_generated.cpp,1756,23,operator== -> operator!=,m117_cxx_rel_swap_operator_not_eq,OK,b7ba2cf0fe3e4fcb,OK,NOT_RUN,NOT_RUN,NOT_RUN,NOT_RUN,,0,1,equivalent_tce,,,,,bit-identical machine code at -O2: no test can distinguish it
wavelet,ast_emitted,079dc1f01b2181dc,cxx_rel_swap,haar_x.halide_generated.cpp,1814,31,operator!= -> operator>=,m121_cxx_rel_swap_operator_gt_eq,OK,cc266c85a1233fe9,OK,KILLED,NOT_RUN,NOT_RUN,NOT_RUN,test1_demo,1,1,killed,-6,0.061,,<missing>,"golden driver exited -6, wrote no artifact -- test1 kill only"
wavelet,ast_emitted,3528c0d1fd16adde,cxx_rel_swap,haar_x.halide_generated.cpp,1846,27,operator< -> operator<=,m123_cxx_rel_swap_operator_lt_eq,OK,b7ba2cf0fe3e4fcb,OK,NOT_RUN,NOT_RUN,NOT_RUN,NOT_RUN,,0,1,equivalent_tce,,,,,bit-identical machine code at -O2: no test can distinguish it
wavelet,ast_emitted,3b3035d570ecdc9b,cxx_rel_swap,haar_x.halide_generated.cpp,1814,31,operator!= -> operator<=,m119_cxx_rel_swap_operator_lt_eq,OK,f0823a0a8cb973c0,OK,KILLED,NOT_RUN,NOT_RUN,NOT_RUN,test1_demo,1,1,killed,-6,0.134,,<missing>,"golden driver exited -6, wrote no artifact -- test1 kill only"
wavelet,ast_emitted,276ffc90a025f6c9,cxx_rel_swap,haar_x.halide_generated.cpp,1814,31,operator!= -> operator>,m120_cxx_rel_swap_operator_gt,OK,b7ba2cf0fe3e4fcb,OK,NOT_RUN,NOT_RUN,NOT_RUN,NOT_RUN,,0,1,equivalent_tce,,,,,bit-identical machine code at -O2: no test can distinguish it
wavelet,ast_emitted,6f8f2d9deba79532,cxx_rel_swap,haar_x.halide_generated.cpp,1814,31,operator!= -> operator==,m122_cxx_rel_swap_operator_eq_eq,OK,f0823a0a8cb973c0,OK,KILLED,NOT_RUN,NOT_RUN,NOT_RUN,test1_demo,1,1,killed,-6,0.172,,<missing>,"golden driver exited -6, wrote no artifact -- test1 kill only"
wavelet,ast_emitted,5d316c631857dfc6,cxx_rel_swap,haar_x.halide_generated.cpp,1846,27,operator< -> operator==,m126_cxx_rel_swap_operator_eq_eq,OK,b7ba2cf0fe3e4fcb,OK,NOT_RUN,NOT_RUN,NOT_RUN,NOT_RUN,,0,1,equivalent_tce,,,,,bit-identical machine code at -O2: no test can distinguish it
wavelet,ast_emitted,0629628d9a14ae1b,cxx_rel_swap,haar_x.halide_generated.cpp,1846,27,operator< -> operator!=,m127_cxx_rel_swap_operator_not_eq,OK,b7ba2cf0fe3e4fcb,OK,NOT_RUN,NOT_RUN,NOT_RUN,NOT_RUN,,0,1,equivalent_tce,,,,,bit-identical machine code at -O2: no test can distinguish it
wavelet,ast_emitted,2adc97cbef37046c,cxx_rel_swap,haar_x.halide_generated.cpp,1846,27,operator< -> operator>,m124_cxx_rel_swap_operator_gt,OK,b7ba2cf0fe3e4fcb,OK,NOT_RUN,NOT_RUN,NOT_RUN,NOT_RUN,,0,1,equivalent_tce,,,,,bit-identical machine code at -O2: no test can distinguish it
wavelet,ast_emitted,dd821145f194895b,cxx_rel_swap,haar_x.halide_generated.cpp,1846,27,operator< -> operator>=,m125_cxx_rel_swap_operator_gt_eq,OK,b7ba2cf0fe3e4fcb,OK,NOT_RUN,NOT_RUN,NOT_RUN,NOT_RUN,,0,1,equivalent_tce,,,,,bit-identical machine code at -O2: no test can distinguish it
wavelet,ast_emitted,20044d4b2d66f6ca,cxx_rel_swap,haar_x.halide_generated.cpp,1858,27,operator< -> operator<=,m128_cxx_rel_swap_operator_lt_eq,OK,b7ba2cf0fe3e4fcb,OK,NOT_RUN,NOT_RUN,NOT_RUN,NOT_RUN,,0,1,equivalent_tce,,,,,bit-identical machine code at -O2: no test can distinguish it
wavelet,ast_emitted,e451c03a4c5d06a0,cxx_rel_swap,haar_x.halide_generated.cpp,1858,27,operator< -> operator!=,m132_cxx_rel_swap_operator_not_eq,OK,b7ba2cf0fe3e4fcb,OK,NOT_RUN,NOT_RUN,NOT_RUN,NOT_RUN,,0,1,equivalent_tce,,,,,bit-identical machine code at -O2: no test can distinguish it
wavelet,ast_emitted,590812cafadfd0fb,cxx_rel_swap,haar_x.halide_generated.cpp,1858,27,operator< -> operator==,m131_cxx_rel_swap_operator_eq_eq,OK,b7ba2cf0fe3e4fcb,OK,NOT_RUN,NOT_RUN,NOT_RUN,NOT_RUN,,0,1,equivalent_tce,,,,,bit-identical machine code at -O2: no test can distinguish it
wavelet,ast_emitted,bbd5ac4cd8fce3f3,cxx_rel_swap,haar_x.halide_generated.cpp,1858,27,operator< -> operator>,m129_cxx_rel_swap_operator_gt,OK,b7ba2cf0fe3e4fcb,OK,NOT_RUN,NOT_RUN,NOT_RUN,NOT_RUN,,0,1,equivalent_tce,,,,,bit-identical machine code at -O2: no test can distinguish it
wavelet,ast_emitted,ca1bd35c0a9632e1,cxx_rel_swap,haar_x.halide_generated.cpp,1860,24,operator< -> operator<=,m133_cxx_rel_swap_operator_lt_eq,OK,b7ba2cf0fe3e4fcb,OK,NOT_RUN,NOT_RUN,NOT_RUN,NOT_RUN,,0,1,equivalent_tce,,,,,bit-identical machine code at -O2: no test can distinguish it
wavelet,ast_emitted,893c34ef3e4c9946,cxx_rel_swap,haar_x.halide_generated.cpp,1858,27,operator< -> operator>=,m130_cxx_rel_swap_operator_gt_eq,OK,b7ba2cf0fe3e4fcb,OK,NOT_RUN,NOT_RUN,NOT_RUN,NOT_RUN,,0,1,equivalent_tce,,,,,bit-identical machine code at -O2: no test can distinguish it
wavelet,ast_emitted,cc21fbb8440b0ae4,cxx_rel_swap,haar_x.halide_generated.cpp,1860,24,operator< -> operator>=,m135_cxx_rel_swap_operator_gt_eq,OK,b7ba2cf0fe3e4fcb,OK,NOT_RUN,NOT_RUN,NOT_RUN,NOT_RUN,,0,1,equivalent_tce,,,,,bit-identical machine code at -O2: no test can distinguish it
wavelet,ast_emitted,0c1dd66b762a6d92,cxx_rel_swap,haar_x.halide_generated.cpp,1860,24,operator< -> operator>,m134_cxx_rel_swap_operator_gt,OK,b7ba2cf0fe3e4fcb,OK,NOT_RUN,NOT_RUN,NOT_RUN,NOT_RUN,,0,1,equivalent_tce,,,,,bit-identical machine code at -O2: no test can distinguish it
wavelet,ast_emitted,be106f2d34c33301,cxx_rel_swap,haar_x.halide_generated.cpp,1814,31,operator!= -> operator<,m118_cxx_rel_swap_operator_lt,OK,7bb09b572bee030c,OK,SURVIVED,SURVIVED,NOT_RUN,NOT_RUN,,0,0,,0,0.841,,f12ad6f2a1736a40,
wavelet,ast_emitted,55669ea908c479c7,cxx_arith_swap,haar_x.halide_generated.cpp,1861,33,operator* -> operator-,m139_cxx_arith_swap_operator_sub,OK,b7ba2cf0fe3e4fcb,OK,NOT_RUN,NOT_RUN,NOT_RUN,NOT_RUN,,0,1,equivalent_tce,,,,,bit-identical machine code at -O2: no test can distinguish it
wavelet,ast_emitted,08b26fc749c0e8dc,cxx_rel_swap,haar_x.halide_generated.cpp,1860,24,operator< -> operator==,m136_cxx_rel_swap_operator_eq_eq,OK,b7ba2cf0fe3e4fcb,OK,NOT_RUN,NOT_RUN,NOT_RUN,NOT_RUN,,0,1,equivalent_tce,,,,,bit-identical machine code at -O2: no test can distinguish it
wavelet,ast_emitted,ced5d1117e42f180,cxx_arith_swap,haar_x.halide_generated.cpp,1861,33,operator* -> operator+,m138_cxx_arith_swap_operator_add,OK,b7ba2cf0fe3e4fcb,OK,NOT_RUN,NOT_RUN,NOT_RUN,NOT_RUN,,0,1,equivalent_tce,,,,,bit-identical machine code at -O2: no test can distinguish it
wavelet,ast_emitted,24cecd9e0960b781,cxx_rel_swap,haar_x.halide_generated.cpp,1860,24,operator< -> operator!=,m137_cxx_rel_swap_operator_not_eq,OK,b7ba2cf0fe3e4fcb,OK,NOT_RUN,NOT_RUN,NOT_RUN,NOT_RUN,,0,1,equivalent_tce,,,,,bit-identical machine code at -O2: no test can distinguish it
wavelet,ast_emitted,01bcb9dec1ec3d30,cxx_arith_swap,haar_x.halide_generated.cpp,1861,33,operator* -> operator/,m140_cxx_arith_swap_operator_div,OK,b7ba2cf0fe3e4fcb,OK,NOT_RUN,NOT_RUN,NOT_RUN,NOT_RUN,,0,1,equivalent_tce,,,,,bit-identical machine code at -O2: no test can distinguish it
wavelet,ast_emitted,35f9aea795887d03,cxx_arith_swap,haar_x.halide_generated.cpp,1861,61,operator- -> operator/,m143_cxx_arith_swap_operator_div,OK,b7ba2cf0fe3e4fcb,OK,NOT_RUN,NOT_RUN,NOT_RUN,NOT_RUN,,0,1,equivalent_tce,,,,,bit-identical machine code at -O2: no test can distinguish it
wavelet,ast_emitted,c8c787e5be07571e,cxx_arith_swap,haar_x.halide_generated.cpp,1861,61,operator- -> operator*,m142_cxx_arith_swap_operator_mul,OK,b7ba2cf0fe3e4fcb,OK,NOT_RUN,NOT_RUN,NOT_RUN,NOT_RUN,,0,1,equivalent_tce,,,,,bit-identical machine code at -O2: no test can distinguish it
wavelet,ast_emitted,1a95e5a70f42278c,cxx_arith_swap,haar_x.halide_generated.cpp,1861,61,operator- -> operator+,m141_cxx_arith_swap_operator_add,OK,b7ba2cf0fe3e4fcb,OK,NOT_RUN,NOT_RUN,NOT_RUN,NOT_RUN,,0,1,equivalent_tce,,,,,bit-identical machine code at -O2: no test can distinguish it
wavelet,ast_emitted,17913f9f0e79b15b,cxx_rel_swap,haar_x.halide_generated.cpp,1872,27,operator< -> operator<=,m144_cxx_rel_swap_operator_lt_eq,OK,b7ba2cf0fe3e4fcb,OK,NOT_RUN,NOT_RUN,NOT_RUN,NOT_RUN,,0,1,equivalent_tce,,,,,bit-identical machine code at -O2: no test can distinguish it
wavelet,ast_emitted,83f3136499203e36,cxx_rel_swap,haar_x.halide_generated.cpp,1872,27,operator< -> operator>,m145_cxx_rel_swap_operator_gt,OK,b7ba2cf0fe3e4fcb,OK,NOT_RUN,NOT_RUN,NOT_RUN,NOT_RUN,,0,1,equivalent_tce,,,,,bit-identical machine code at -O2: no test can distinguish it
wavelet,ast_emitted,897a4e192c57fc47,cxx_rel_swap,haar_x.halide_generated.cpp,1872,27,operator< -> operator>=,m146_cxx_rel_swap_operator_gt_eq,OK,b7ba2cf0fe3e4fcb,OK,NOT_RUN,NOT_RUN,NOT_RUN,NOT_RUN,,0,1,equivalent_tce,,,,,bit-identical machine code at -O2: no test can distinguish it
wavelet,ast_emitted,62e5acd73b633f7d,cxx_rel_swap,haar_x.halide_generated.cpp,1872,27,operator< -> operator!=,m148_cxx_rel_swap_operator_not_eq,OK,b7ba2cf0fe3e4fcb,OK,NOT_RUN,NOT_RUN,NOT_RUN,NOT_RUN,,0,1,equivalent_tce,,,,,bit-identical machine code at -O2: no test can distinguish it
wavelet,ast_emitted,d9bf0a59c2204e61,cxx_rel_swap,haar_x.halide_generated.cpp,1872,27,operator< -> operator==,m147_cxx_rel_swap_operator_eq_eq,OK,b7ba2cf0fe3e4fcb,OK,NOT_RUN,NOT_RUN,NOT_RUN,NOT_RUN,,0,1,equivalent_tce,,,,,bit-identical machine code at -O2: no test can distinguish it
wavelet,ast_emitted,899d180218540318,cxx_rel_swap,haar_x.halide_generated.cpp,1874,24,operator> -> operator<=,m150_cxx_rel_swap_operator_lt_eq,OK,b7ba2cf0fe3e4fcb,OK,NOT_RUN,NOT_RUN,NOT_RUN,NOT_RUN,,0,1,equivalent_tce,,,,,bit-identical machine code at -O2: no test can distinguish it
wavelet,ast_emitted,b7ba5f707ef67ba8,cxx_rel_swap,haar_x.halide_generated.cpp,1874,24,operator> -> operator<,m149_cxx_rel_swap_operator_lt,OK,b7ba2cf0fe3e4fcb,OK,NOT_RUN,NOT_RUN,NOT_RUN,NOT_RUN,,0,1,equivalent_tce,,,,,bit-identical machine code at -O2: no test can distinguish it
wavelet,ast_emitted,0e9fa8adb3115faf,cxx_arith_swap,haar_x.halide_generated.cpp,1875,33,operator* -> operator+,m154_cxx_arith_swap_operator_add,OK,b7ba2cf0fe3e4fcb,OK,NOT_RUN,NOT_RUN,NOT_RUN,NOT_RUN,,0,1,equivalent_tce,,,,,bit-identical machine code at -O2: no test can distinguish it
wavelet,ast_emitted,2bd178942be91d57,cxx_rel_swap,haar_x.halide_generated.cpp,1874,24,operator> -> operator==,m152_cxx_rel_swap_operator_eq_eq,OK,b7ba2cf0fe3e4fcb,OK,NOT_RUN,NOT_RUN,NOT_RUN,NOT_RUN,,0,1,equivalent_tce,,,,,bit-identical machine code at -O2: no test can distinguish it
wavelet,ast_emitted,bc4d920aa66e558b,cxx_rel_swap,haar_x.halide_generated.cpp,1874,24,operator> -> operator!=,m153_cxx_rel_swap_operator_not_eq,OK,b7ba2cf0fe3e4fcb,OK,NOT_RUN,NOT_RUN,NOT_RUN,NOT_RUN,,0,1,equivalent_tce,,,,,bit-identical machine code at -O2: no test can distinguish it
wavelet,ast_emitted,4959b48dc68a8b68,cxx_arith_swap,haar_x.halide_generated.cpp,1875,33,operator* -> operator-,m155_cxx_arith_swap_operator_sub,OK,b7ba2cf0fe3e4fcb,OK,NOT_RUN,NOT_RUN,NOT_RUN,NOT_RUN,,0,1,equivalent_tce,,,,,bit-identical machine code at -O2: no test can distinguish it
wavelet,ast_emitted,b6db2d6bd010df19,cxx_rel_swap,haar_x.halide_generated.cpp,1874,24,operator> -> operator>=,m151_cxx_rel_swap_operator_gt_eq,OK,b7ba2cf0fe3e4fcb,OK,NOT_RUN,NOT_RUN,NOT_RUN,NOT_RUN,,0,1,equivalent_tce,,,,,bit-identical machine code at -O2: no test can distinguish it
wavelet,ast_emitted,15aafe515e201434,cxx_arith_swap,haar_x.halide_generated.cpp,1875,33,operator* -> operator/,m156_cxx_arith_swap_operator_div,OK,b7ba2cf0fe3e4fcb,OK,NOT_RUN,NOT_RUN,NOT_RUN,NOT_RUN,,0,1,equivalent_tce,,,,,bit-identical machine code at -O2: no test can distinguish it
wavelet,ast_emitted,369f75c1130d042a,cxx_arith_swap,haar_x.halide_generated.cpp,1875,61,operator- -> operator+,m157_cxx_arith_swap_operator_add,OK,b7ba2cf0fe3e4fcb,OK,NOT_RUN,NOT_RUN,NOT_RUN,NOT_RUN,,0,1,equivalent_tce,,,,,bit-identical machine code at -O2: no test can distinguish it
wavelet,ast_emitted,47f6adfcd8e35483,cxx_arith_swap,haar_x.halide_generated.cpp,1875,61,operator- -> operator/,m159_cxx_arith_swap_operator_div,OK,b7ba2cf0fe3e4fcb,OK,NOT_RUN,NOT_RUN,NOT_RUN,NOT_RUN,,0,1,equivalent_tce,,,,,bit-identical machine code at -O2: no test can distinguish it
wavelet,ast_emitted,2917f71396e2f782,cxx_arith_swap,haar_x.halide_generated.cpp,1886,21,operator+ -> operator-,m160_cxx_arith_swap_operator_sub,OK,b7ba2cf0fe3e4fcb,OK,NOT_RUN,NOT_RUN,NOT_RUN,NOT_RUN,,0,1,equivalent_tce,,,,,bit-identical machine code at -O2: no test can distinguish it
wavelet,ast_emitted,0bee4dffb6e91cb8,cxx_arith_swap,haar_x.halide_generated.cpp,1886,21,operator+ -> operator*,m161_cxx_arith_swap_operator_mul,COMPILE_FAIL,,OK,NOT_RUN,NOT_RUN,NOT_RUN,NOT_RUN,,0,0,,,,,,"the compiler rejected the mutant -- a kill category only staged compilation produces, not a test kill"
wavelet,ast_emitted,927fb3f6edaca700,cxx_arith_swap,haar_x.halide_generated.cpp,1886,21,operator+ -> operator/,m162_cxx_arith_swap_operator_div,COMPILE_FAIL,,OK,NOT_RUN,NOT_RUN,NOT_RUN,NOT_RUN,,0,0,,,,,,"the compiler rejected the mutant -- a kill category only staged compilation produces, not a test kill"
wavelet,ast_emitted,c6e68a849cedc2f0,cxx_arith_swap,haar_x.halide_generated.cpp,1886,38,operator* -> operator+,m163_cxx_arith_swap_operator_add,OK,b7ba2cf0fe3e4fcb,OK,NOT_RUN,NOT_RUN,NOT_RUN,NOT_RUN,,0,1,equivalent_tce,,,,,bit-identical machine code at -O2: no test can distinguish it
wavelet,ast_emitted,39bf9ebdd1ab2ca8,cxx_arith_swap,haar_x.halide_generated.cpp,1875,61,operator- -> operator*,m158_cxx_arith_swap_operator_mul,OK,b7ba2cf0fe3e4fcb,OK,NOT_RUN,NOT_RUN,NOT_RUN,NOT_RUN,,0,1,equivalent_tce,,,,,bit-identical machine code at -O2: no test can distinguish it
wavelet,ast_emitted,21424d4d403097c9,cxx_arith_swap,haar_x.halide_generated.cpp,1892,21,operator+ -> operator/,m168_cxx_arith_swap_operator_div,COMPILE_FAIL,,OK,NOT_RUN,NOT_RUN,NOT_RUN,NOT_RUN,,0,0,,,,,,"the compiler rejected the mutant -- a kill category only staged compilation produces, not a test kill"
wavelet,ast_emitted,4f52e38bf8da73bd,cxx_arith_swap,haar_x.halide_generated.cpp,1886,38,operator* -> operator-,m164_cxx_arith_swap_operator_sub,OK,b7ba2cf0fe3e4fcb,OK,NOT_RUN,NOT_RUN,NOT_RUN,NOT_RUN,,0,1,equivalent_tce,,,,,bit-identical machine code at -O2: no test can distinguish it
wavelet,ast_emitted,180c4675471d4cf8,cxx_arith_swap,haar_x.halide_generated.cpp,1886,38,operator* -> operator/,m165_cxx_arith_swap_operator_div,OK,b7ba2cf0fe3e4fcb,OK,NOT_RUN,NOT_RUN,NOT_RUN,NOT_RUN,,0,1,equivalent_tce,,,,,bit-identical machine code at -O2: no test can distinguish it
wavelet,ast_emitted,21c59e971a625c2f,cxx_arith_swap,haar_x.halide_generated.cpp,1892,21,operator+ -> operator*,m167_cxx_arith_swap_operator_mul,COMPILE_FAIL,,OK,NOT_RUN,NOT_RUN,NOT_RUN,NOT_RUN,,0,0,,,,,,"the compiler rejected the mutant -- a kill category only staged compilation produces, not a test kill"
wavelet,ast_emitted,2db70a26b5ed5ccb,cxx_arith_swap,haar_x.halide_generated.cpp,1897,56,operator* -> operator-,m173_cxx_arith_swap_operator_sub,OK,b7ba2cf0fe3e4fcb,OK,NOT_RUN,NOT_RUN,NOT_RUN,NOT_RUN,,0,1,equivalent_tce,,,,,bit-identical machine code at -O2: no test can distinguish it
wavelet,ast_emitted,ae262355c3028ed3,cxx_arith_swap,haar_x.halide_generated.cpp,1892,21,operator+ -> operator-,m166_cxx_arith_swap_operator_sub,OK,b7ba2cf0fe3e4fcb,OK,NOT_RUN,NOT_RUN,NOT_RUN,NOT_RUN,,0,1,equivalent_tce,,,,,bit-identical machine code at -O2: no test can distinguish it
wavelet,ast_emitted,dbcf5ee378e1921c,cxx_arith_swap,haar_x.halide_generated.cpp,1892,36,operator* -> operator+,m169_cxx_arith_swap_operator_add,OK,b7ba2cf0fe3e4fcb,OK,NOT_RUN,NOT_RUN,NOT_RUN,NOT_RUN,,0,1,equivalent_tce,,,,,bit-identical machine code at -O2: no test can distinguish it
wavelet,ast_emitted,efedf6c05169651e,cxx_arith_swap,haar_x.halide_generated.cpp,1892,36,operator* -> operator/,m171_cxx_arith_swap_operator_div,OK,b7ba2cf0fe3e4fcb,OK,NOT_RUN,NOT_RUN,NOT_RUN,NOT_RUN,,0,1,equivalent_tce,,,,,bit-identical machine code at -O2: no test can distinguish it
wavelet,ast_emitted,3bc47aadbd8e6f28,cxx_arith_swap,haar_x.halide_generated.cpp,1897,56,operator* -> operator+,m172_cxx_arith_swap_operator_add,OK,b7ba2cf0fe3e4fcb,OK,NOT_RUN,NOT_RUN,NOT_RUN,NOT_RUN,,0,1,equivalent_tce,,,,,bit-identical machine code at -O2: no test can distinguish it
wavelet,ast_emitted,43bd40fcc2856d15,cxx_arith_swap,haar_x.halide_generated.cpp,1897,56,operator* -> operator/,m174_cxx_arith_swap_operator_div,OK,b7ba2cf0fe3e4fcb,OK,NOT_RUN,NOT_RUN,NOT_RUN,NOT_RUN,,0,1,equivalent_tce,,,,,bit-identical machine code at -O2: no test can distinguish it
wavelet,ast_emitted,495f64bc5cbfcfc9,cxx_arith_swap,haar_x.halide_generated.cpp,1892,36,operator* -> operator-,m170_cxx_arith_swap_operator_sub,OK,b7ba2cf0fe3e4fcb,OK,NOT_RUN,NOT_RUN,NOT_RUN,NOT_RUN,,0,1,equivalent_tce,,,,,bit-identical machine code at -O2: no test can distinguish it
wavelet,ast_emitted,6c50168408820611,cxx_rel_swap,haar_x.halide_generated.cpp,1903,27,operator< -> operator>,m179_cxx_rel_swap_operator_gt,OK,b7ba2cf0fe3e4fcb,OK,NOT_RUN,NOT_RUN,NOT_RUN,NOT_RUN,,0,1,equivalent_tce,,,,,bit-identical machine code at -O2: no test can distinguish it
wavelet,ast_emitted,738ac964da988ea7,cxx_arith_swap,haar_x.halide_generated.cpp,1897,38,operator- -> operator+,m175_cxx_arith_swap_operator_add,OK,b7ba2cf0fe3e4fcb,OK,NOT_RUN,NOT_RUN,NOT_RUN,NOT_RUN,,0,1,equivalent_tce,,,,,bit-identical machine code at -O2: no test can distinguish it
wavelet,ast_emitted,6c15d29c57ba7a09,cxx_arith_swap,haar_x.halide_generated.cpp,1897,38,operator- -> operator/,m177_cxx_arith_swap_operator_div,OK,b7ba2cf0fe3e4fcb,OK,NOT_RUN,NOT_RUN,NOT_RUN,NOT_RUN,,0,1,equivalent_tce,,,,,bit-identical machine code at -O2: no test can distinguish it
wavelet,ast_emitted,7b585cbf28b343a5,cxx_arith_swap,haar_x.halide_generated.cpp,1897,38,operator- -> operator*,m176_cxx_arith_swap_operator_mul,OK,b7ba2cf0fe3e4fcb,OK,NOT_RUN,NOT_RUN,NOT_RUN,NOT_RUN,,0,1,equivalent_tce,,,,,bit-identical machine code at -O2: no test can distinguish it
wavelet,ast_emitted,4aacc75ff716f36b,cxx_rel_swap,haar_x.halide_generated.cpp,1903,27,operator< -> operator<=,m178_cxx_rel_swap_operator_lt_eq,OK,b7ba2cf0fe3e4fcb,OK,NOT_RUN,NOT_RUN,NOT_RUN,NOT_RUN,,0,1,equivalent_tce,,,,,bit-identical machine code at -O2: no test can distinguish it
wavelet,ast_emitted,f34d5032e3cc1adf,cxx_rel_swap,haar_x.halide_generated.cpp,1903,27,operator< -> operator!=,m182_cxx_rel_swap_operator_not_eq,OK,b7ba2cf0fe3e4fcb,OK,NOT_RUN,NOT_RUN,NOT_RUN,NOT_RUN,,0,1,equivalent_tce,,,,,bit-identical machine code at -O2: no test can distinguish it
wavelet,ast_emitted,2d2d1333d333a8ad,cxx_arith_swap,haar_x.halide_generated.cpp,1904,47,operator* -> operator+,m183_cxx_arith_swap_operator_add,OK,b7ba2cf0fe3e4fcb,OK,NOT_RUN,NOT_RUN,NOT_RUN,NOT_RUN,,0,1,equivalent_tce,,,,,bit-identical machine code at -O2: no test can distinguish it
wavelet,ast_emitted,94539e7829182ad7,cxx_rel_swap,haar_x.halide_generated.cpp,1903,27,operator< -> operator>=,m180_cxx_rel_swap_operator_gt_eq,OK,b7ba2cf0fe3e4fcb,OK,NOT_RUN,NOT_RUN,NOT_RUN,NOT_RUN,,0,1,equivalent_tce,,,,,bit-identical machine code at -O2: no test can distinguish it
wavelet,ast_emitted,3f1f11b60796ee02,cxx_arith_swap,haar_x.halide_generated.cpp,1904,47,operator* -> operator-,m184_cxx_arith_swap_operator_sub,OK,b7ba2cf0fe3e4fcb,OK,NOT_RUN,NOT_RUN,NOT_RUN,NOT_RUN,,0,1,equivalent_tce,,,,,bit-identical machine code at -O2: no test can distinguish it
wavelet,ast_emitted,b2776c1616e0952f,cxx_rel_swap,haar_x.halide_generated.cpp,1903,27,operator< -> operator==,m181_cxx_rel_swap_operator_eq_eq,OK,b7ba2cf0fe3e4fcb,OK,NOT_RUN,NOT_RUN,NOT_RUN,NOT_RUN,,0,1,equivalent_tce,,,,,bit-identical machine code at -O2: no test can distinguish it
wavelet,ast_emitted,4837a8a9345da56b,cxx_arith_swap,haar_x.halide_generated.cpp,1904,57,operator- -> operator+,m186_cxx_arith_swap_operator_add,OK,b7ba2cf0fe3e4fcb,OK,NOT_RUN,NOT_RUN,NOT_RUN,NOT_RUN,,0,1,equivalent_tce,,,,,bit-identical machine code at -O2: no test can distinguish it
wavelet,ast_emitted,47d7d14aba1c7429,cxx_arith_swap,haar_x.halide_generated.cpp,1904,47,operator* -> operator/,m185_cxx_arith_swap_operator_div,OK,b7ba2cf0fe3e4fcb,OK,NOT_RUN,NOT_RUN,NOT_RUN,NOT_RUN,,0,1,equivalent_tce,,,,,bit-identical machine code at -O2: no test can distinguish it
wavelet,ast_emitted,541824a942632053,cxx_arith_swap,haar_x.halide_generated.cpp,1906,21,operator+ -> operator*,m190_cxx_arith_swap_operator_mul,COMPILE_FAIL,,OK,NOT_RUN,NOT_RUN,NOT_RUN,NOT_RUN,,0,0,,,,,,"the compiler rejected the mutant -- a kill category only staged compilation produces, not a test kill"
wavelet,ast_emitted,3d2f3d34dfdb2c2e,cxx_arith_swap,haar_x.halide_generated.cpp,1904,57,operator- -> operator/,m188_cxx_arith_swap_operator_div,OK,b7ba2cf0fe3e4fcb,OK,NOT_RUN,NOT_RUN,NOT_RUN,NOT_RUN,,0,1,equivalent_tce,,,,,bit-identical machine code at -O2: no test can distinguish it
wavelet,ast_emitted,3deaf697068e6c95,cxx_arith_swap,haar_x.halide_generated.cpp,1906,21,operator+ -> operator/,m191_cxx_arith_swap_operator_div,COMPILE_FAIL,,OK,NOT_RUN,NOT_RUN,NOT_RUN,NOT_RUN,,0,0,,,,,,"the compiler rejected the mutant -- a kill category only staged compilation produces, not a test kill"
wavelet,ast_emitted,3a25a572537f578f,cxx_arith_swap,haar_x.halide_generated.cpp,1904,57,operator- -> operator*,m187_cxx_arith_swap_operator_mul,OK,b7ba2cf0fe3e4fcb,OK,NOT_RUN,NOT_RUN,NOT_RUN,NOT_RUN,,0,1,equivalent_tce,,,,,bit-identical machine code at -O2: no test can distinguish it
wavelet,ast_emitted,89f167af8c99e455,cxx_arith_swap,haar_x.halide_generated.cpp,1906,29,operator* -> operator-,m193_cxx_arith_swap_operator_sub,OK,b7ba2cf0fe3e4fcb,OK,NOT_RUN,NOT_RUN,NOT_RUN,NOT_RUN,,0,1,equivalent_tce,,,,,bit-identical machine code at -O2: no test can distinguish it
wavelet,ast_emitted,be2dea3adf29c680,cxx_arith_swap,haar_x.halide_generated.cpp,1906,21,operator+ -> operator-,m189_cxx_arith_swap_operator_sub,OK,b7ba2cf0fe3e4fcb,OK,NOT_RUN,NOT_RUN,NOT_RUN,NOT_RUN,,0,1,equivalent_tce,,,,,bit-identical machine code at -O2: no test can distinguish it
wavelet,ast_emitted,c220425aa533c23d,cxx_rel_swap,haar_x.halide_generated.cpp,1924,21,operator== -> operator>,m197_cxx_rel_swap_operator_gt,COMPILE_FAIL,,OK,NOT_RUN,NOT_RUN,NOT_RUN,NOT_RUN,,0,0,,,,,,"the compiler rejected the mutant -- a kill category only staged compilation produces, not a test kill"
wavelet,ast_emitted,1b2fdc414619d5ec,cxx_arith_swap,haar_x.halide_generated.cpp,1906,29,operator* -> operator+,m192_cxx_arith_swap_operator_add,OK,b7ba2cf0fe3e4fcb,OK,NOT_RUN,NOT_RUN,NOT_RUN,NOT_RUN,,0,1,equivalent_tce,,,,,bit-identical machine code at -O2: no test can distinguish it
wavelet,ast_emitted,e72123de51b7463d,cxx_rel_swap,haar_x.halide_generated.cpp,1924,21,operator== -> operator<,m195_cxx_rel_swap_operator_lt,COMPILE_FAIL,,OK,NOT_RUN,NOT_RUN,NOT_RUN,NOT_RUN,,0,0,,,,,,"the compiler rejected the mutant -- a kill category only staged compilation produces, not a test kill"
wavelet,ast_emitted,445af134d38a02c5,cxx_rel_swap,haar_x.halide_generated.cpp,1924,21,operator== -> operator<=,m196_cxx_rel_swap_operator_lt_eq,COMPILE_FAIL,,OK,NOT_RUN,NOT_RUN,NOT_RUN,NOT_RUN,,0,0,,,,,,"the compiler rejected the mutant -- a kill category only staged compilation produces, not a test kill"
wavelet,ast_emitted,3cc0090bc96e1e03,cxx_arith_swap,haar_x.halide_generated.cpp,1906,29,operator* -> operator/,m194_cxx_arith_swap_operator_div,OK,b7ba2cf0fe3e4fcb,OK,NOT_RUN,NOT_RUN,NOT_RUN,NOT_RUN,,0,1,equivalent_tce,,,,,bit-identical machine code at -O2: no test can distinguish it
wavelet,ast_emitted,f5c2aca5f67d7ddf,cxx_rel_swap,haar_x.halide_generated.cpp,1924,42,operator== -> operator<,m200_cxx_rel_swap_operator_lt,OK,b7ba2cf0fe3e4fcb,OK,NOT_RUN,NOT_RUN,NOT_RUN,NOT_RUN,,0,1,equivalent_tce,,,,,bit-identical machine code at -O2: no test can distinguish it
wavelet,ast_emitted,87bb2793ed0b7847,cxx_rel_swap,haar_x.halide_generated.cpp,1924,21,operator== -> operator!=,m199_cxx_rel_swap_operator_not_eq,OK,b7ba2cf0fe3e4fcb,OK,NOT_RUN,NOT_RUN,NOT_RUN,NOT_RUN,,0,1,equivalent_tce,,,,,bit-identical machine code at -O2: no test can distinguish it
wavelet,ast_emitted,e36d35865bbcb87c,cxx_rel_swap,haar_x.halide_generated.cpp,1924,21,operator== -> operator>=,m198_cxx_rel_swap_operator_gt_eq,COMPILE_FAIL,,OK,NOT_RUN,NOT_RUN,NOT_RUN,NOT_RUN,,0,0,,,,,,"the compiler rejected the mutant -- a kill category only staged compilation produces, not a test kill"
wavelet,ast_emitted,32a2a0d1a9dec1eb,cxx_rel_swap,haar_x.halide_generated.cpp,1924,42,operator== -> operator<=,m201_cxx_rel_swap_operator_lt_eq,OK,b7ba2cf0fe3e4fcb,OK,NOT_RUN,NOT_RUN,NOT_RUN,NOT_RUN,,0,1,equivalent_tce,,,,,bit-identical machine code at -O2: no test can distinguish it
wavelet,ast_emitted,50a483042f825057,cxx_rel_swap,haar_x.halide_generated.cpp,1924,42,operator== -> operator>=,m203_cxx_rel_swap_operator_gt_eq,OK,b7ba2cf0fe3e4fcb,OK,NOT_RUN,NOT_RUN,NOT_RUN,NOT_RUN,,0,1,equivalent_tce,,,,,bit-identical machine code at -O2: no test can distinguish it
wavelet,ast_emitted,05ae21bd9c1419e2,cxx_rel_swap,haar_x.halide_generated.cpp,1924,42,operator== -> operator!=,m204_cxx_rel_swap_operator_not_eq,OK,b7ba2cf0fe3e4fcb,OK,NOT_RUN,NOT_RUN,NOT_RUN,NOT_RUN,,0,1,equivalent_tce,,,,,bit-identical machine code at -O2: no test can distinguish it
wavelet,ast_emitted,f772b6bfdda3ba6c,cxx_arith_swap,haar_x.halide_generated.cpp,2461,49,operator- -> operator+,m205_cxx_arith_swap_operator_add,OK,b7ba2cf0fe3e4fcb,OK,NOT_RUN,NOT_RUN,NOT_RUN,NOT_RUN,,0,1,equivalent_tce,,,,,bit-identical machine code at -O2: no test can distinguish it
wavelet,ast_emitted,391c81e289696e4e,cxx_rel_swap,haar_x.halide_generated.cpp,1924,42,operator== -> operator>,m202_cxx_rel_swap_operator_gt,OK,b7ba2cf0fe3e4fcb,OK,NOT_RUN,NOT_RUN,NOT_RUN,NOT_RUN,,0,1,equivalent_tce,,,,,bit-identical machine code at -O2: no test can distinguish it
wavelet,ast_emitted,a4a1cfe257b8dd46,cxx_arith_swap,haar_x.halide_generated.cpp,2461,28,operator+ -> operator/,m210_cxx_arith_swap_operator_div,OK,b7ba2cf0fe3e4fcb,OK,NOT_RUN,NOT_RUN,NOT_RUN,NOT_RUN,,0,1,equivalent_tce,,,,,bit-identical machine code at -O2: no test can distinguish it
wavelet,ast_emitted,5b628eb01342efb9,cxx_arith_swap,haar_x.halide_generated.cpp,2461,49,operator- -> operator*,m206_cxx_arith_swap_operator_mul,OK,b7ba2cf0fe3e4fcb,OK,NOT_RUN,NOT_RUN,NOT_RUN,NOT_RUN,,0,1,equivalent_tce,,,,,bit-identical machine code at -O2: no test can distinguish it
wavelet,ast_emitted,74302f03875355a8,cxx_rel_swap,haar_x.halide_generated.cpp,2503,22,operator== -> operator<=,m212_cxx_rel_swap_operator_lt_eq,COMPILE_FAIL,,OK,NOT_RUN,NOT_RUN,NOT_RUN,NOT_RUN,,0,0,,,,,,"the compiler rejected the mutant -- a kill category only staged compilation produces, not a test kill"
wavelet,ast_emitted,4ea72e03a3e469da,cxx_rel_swap,haar_x.halide_generated.cpp,2503,22,operator== -> operator<,m211_cxx_rel_swap_operator_lt,COMPILE_FAIL,,OK,NOT_RUN,NOT_RUN,NOT_RUN,NOT_RUN,,0,0,,,,,,"the compiler rejected the mutant -- a kill category only staged compilation produces, not a test kill"
wavelet,ast_emitted,681dde0cd91554b9,cxx_arith_swap,haar_x.halide_generated.cpp,2461,28,operator+ -> operator*,m209_cxx_arith_swap_operator_mul,OK,b7ba2cf0fe3e4fcb,OK,NOT_RUN,NOT_RUN,NOT_RUN,NOT_RUN,,0,1,equivalent_tce,,,,,bit-identical machine code at -O2: no test can distinguish it
wavelet,ast_emitted,18a6f651c1b43381,cxx_rel_swap,haar_x.halide_generated.cpp,2503,22,operator== -> operator>=,m214_cxx_rel_swap_operator_gt_eq,COMPILE_FAIL,,OK,NOT_RUN,NOT_RUN,NOT_RUN,NOT_RUN,,0,0,,,,,,"the compiler rejected the mutant -- a kill category only staged compilation produces, not a test kill"
wavelet,ast_emitted,525f1138ad997908,cxx_rel_swap,haar_x.halide_generated.cpp,2503,22,operator== -> operator>,m213_cxx_rel_swap_operator_gt,COMPILE_FAIL,,OK,NOT_RUN,NOT_RUN,NOT_RUN,NOT_RUN,,0,0,,,,,,"the compiler rejected the mutant -- a kill category only staged compilation produces, not a test kill"
wavelet,ast_emitted,73680f05cb620caf,cxx_arith_swap,haar_x.halide_generated.cpp,2461,49,operator- -> operator/,m207_cxx_arith_swap_operator_div,OK,b7ba2cf0fe3e4fcb,OK,NOT_RUN,NOT_RUN,NOT_RUN,NOT_RUN,,0,1,equivalent_tce,,,,,bit-identical machine code at -O2: no test can distinguish it
wavelet,ast_emitted,ae12e538d946b988,cxx_arith_swap,haar_x.halide_generated.cpp,2461,28,operator+ -> operator-,m208_cxx_arith_swap_operator_sub,OK,b7ba2cf0fe3e4fcb,OK,NOT_RUN,NOT_RUN,NOT_RUN,NOT_RUN,,0,1,equivalent_tce,,,,,bit-identical machine code at -O2: no test can distinguish it
wavelet,ast_emitted,e0dd4587fffa86a1,cxx_rel_swap,haar_x.halide_generated.cpp,2503,48,operator== -> operator<=,m217_cxx_rel_swap_operator_lt_eq,OK,b7ba2cf0fe3e4fcb,OK,NOT_RUN,NOT_RUN,NOT_RUN,NOT_RUN,,0,1,equivalent_tce,,,,,bit-identical machine code at -O2: no test can distinguish it
wavelet,ast_emitted,bcfaf98b29f1d910,cxx_rel_swap,haar_x.halide_generated.cpp,2503,22,operator== -> operator!=,m215_cxx_rel_swap_operator_not_eq,OK,00f81238cfab8d2b,OK,KILLED,NOT_RUN,NOT_RUN,NOT_RUN,test1_demo,1,1,killed,-11,0.080,,<missing>,"golden driver exited -11, wrote no artifact -- test1 kill only"
wavelet,ast_emitted,398cc27837a0cf7b,cxx_rel_swap,haar_x.halide_generated.cpp,2503,48,operator== -> operator!=,m220_cxx_rel_swap_operator_not_eq,OK,64fdfbe05607d55d,OK,SURVIVED,SURVIVED,NOT_RUN,NOT_RUN,,0,0,,0,0.843,,f12ad6f2a1736a40,
wavelet,ast_emitted,c7e161f83bbb0b4b,cxx_rel_swap,haar_x.halide_generated.cpp,2503,48,operator== -> operator>,m218_cxx_rel_swap_operator_gt,OK,64fdfbe05607d55d,OK,SURVIVED,SURVIVED,NOT_RUN,NOT_RUN,,0,0,,0,1.034,,f12ad6f2a1736a40,
wavelet,ast_emitted,ea435fb9448f0717,cxx_rel_swap,haar_x.halide_generated.cpp,2503,48,operator== -> operator>=,m219_cxx_rel_swap_operator_gt_eq,OK,a8c5e58b862ed580,OK,SURVIVED,SURVIVED,NOT_RUN,NOT_RUN,,0,0,,0,1.027,,f12ad6f2a1736a40,
wavelet,ast_emitted,f3349f1b750b6c3f,cxx_rel_swap,haar_x.halide_generated.cpp,2503,48,operator== -> operator<,m216_cxx_rel_swap_operator_lt,OK,c83247d7c1d54334,OK,SURVIVED,SURVIVED,NOT_RUN,NOT_RUN,,0,0,,0,0.909,,f12ad6f2a1736a40,
wavelet,ast_emitted,086986d473ba33d7,cxx_rel_swap,haar_x.halide_generated.cpp,2529,15,operator!= -> operator<=,m222_cxx_rel_swap_operator_lt_eq,OK,d52885b6444d30bb,OK,SURVIVED,SURVIVED,NOT_RUN,NOT_RUN,,0,0,,0,0.926,,f12ad6f2a1736a40,
wavelet,ast_emitted,b1998550e8ab47eb,cxx_rel_swap,haar_x.halide_generated.cpp,2529,15,operator!= -> operator<,m221_cxx_rel_swap_operator_lt,OK,e49d5d5d679b49eb,OK,SURVIVED,SURVIVED,NOT_RUN,NOT_RUN,,0,0,,0,1.071,,f12ad6f2a1736a40,
wavelet,ast_emitted,5d9fdc4157b805a5,cxx_rel_swap,haar_x.halide_generated.cpp,2529,15,operator!= -> operator>,m223_cxx_rel_swap_operator_gt,OK,d891ab74e843f6c0,OK,SURVIVED,SURVIVED,NOT_RUN,NOT_RUN,,0,0,,0,0.838,,f12ad6f2a1736a40,
wavelet,ast_emitted,587f923de179916c,cxx_rel_swap,haar_x.halide_generated.cpp,2529,15,operator!= -> operator==,m225_cxx_rel_swap_operator_eq_eq,OK,b419c6a39903373d,OK,SURVIVED,SURVIVED,NOT_RUN,NOT_RUN,,0,0,,0,1.268,,f12ad6f2a1736a40,
wavelet,ast_emitted,2c5ac44a72358249,cxx_rel_swap,haar_x.halide_generated.cpp,2530,27,operator< -> operator!=,m230_cxx_rel_swap_operator_not_eq,OK,b7ba2cf0fe3e4fcb,OK,NOT_RUN,NOT_RUN,NOT_RUN,NOT_RUN,,0,1,equivalent_tce,,,,,bit-identical machine code at -O2: no test can distinguish it
wavelet,ast_emitted,821dbb1460426f41,cxx_rel_swap,haar_x.halide_generated.cpp,2529,15,operator!= -> operator>=,m224_cxx_rel_swap_operator_gt_eq,OK,438e57a875ee8b24,OK,SURVIVED,SURVIVED,NOT_RUN,NOT_RUN,,0,0,,0,1.440,,f12ad6f2a1736a40,
wavelet,ast_emitted,f231eaf82df84843,cxx_rel_swap,haar_x.halide_generated.cpp,2549,23,operator< -> operator<=,m231_cxx_rel_swap_operator_lt_eq,OK,b7ba2cf0fe3e4fcb,OK,NOT_RUN,NOT_RUN,NOT_RUN,NOT_RUN,,0,1,equivalent_tce,,,,,bit-identical machine code at -O2: no test can distinguish it
wavelet,ast_emitted,175782fe009bcd05,cxx_rel_swap,haar_x.halide_generated.cpp,2530,27,operator< -> operator<=,m226_cxx_rel_swap_operator_lt_eq,OK,3f254a311b47765f,OK,SURVIVED,SURVIVED,NOT_RUN,NOT_RUN,,0,0,,0,1.601,,f12ad6f2a1736a40,
wavelet,ast_emitted,c12b2868c5dace4d,cxx_rel_swap,haar_x.halide_generated.cpp,2549,23,operator< -> operator>,m232_cxx_rel_swap_operator_gt,OK,b7ba2cf0fe3e4fcb,OK,NOT_RUN,NOT_RUN,NOT_RUN,NOT_RUN,,0,1,equivalent_tce,,,,,bit-identical machine code at -O2: no test can distinguish it
wavelet,ast_emitted,f8bb92e27b0fe024,cxx_rel_swap,haar_x.halide_generated.cpp,2549,23,operator< -> operator>=,m233_cxx_rel_swap_operator_gt_eq,OK,b7ba2cf0fe3e4fcb,OK,NOT_RUN,NOT_RUN,NOT_RUN,NOT_RUN,,0,1,equivalent_tce,,,,,bit-identical machine code at -O2: no test can distinguish it
wavelet,ast_emitted,9ece7de1030453d0,cxx_rel_swap,haar_x.halide_generated.cpp,2530,27,operator< -> operator>=,m228_cxx_rel_swap_operator_gt_eq,OK,5d1eaa4c431f10b4,OK,SURVIVED,SURVIVED,NOT_RUN,NOT_RUN,,0,0,,0,0.836,,f12ad6f2a1736a40,
wavelet,ast_emitted,04c55dafaf922a06,cxx_rel_swap,haar_x.halide_generated.cpp,2530,27,operator< -> operator>,m227_cxx_rel_swap_operator_gt,OK,5d1eaa4c431f10b4,OK,SURVIVED,SURVIVED,NOT_RUN,NOT_RUN,,0,0,,0,1.813,,f12ad6f2a1736a40,
wavelet,ast_emitted,0e94d9626624a37b,cxx_rel_swap,haar_x.halide_generated.cpp,2564,23,operator< -> operator>,m237_cxx_rel_swap_operator_gt,OK,b7ba2cf0fe3e4fcb,OK,NOT_RUN,NOT_RUN,NOT_RUN,NOT_RUN,,0,1,equivalent_tce,,,,,bit-identical machine code at -O2: no test can distinguish it
wavelet,ast_emitted,884bea0c34af1027,cxx_rel_swap,haar_x.halide_generated.cpp,2530,27,operator< -> operator==,m229_cxx_rel_swap_operator_eq_eq,OK,5d1eaa4c431f10b4,OK,SURVIVED,SURVIVED,NOT_RUN,NOT_RUN,,0,0,,0,0.836,,f12ad6f2a1736a40,
wavelet,ast_emitted,2aa551702d9c7011,cxx_rel_swap,haar_x.halide_generated.cpp,2549,23,operator< -> operator==,m234_cxx_rel_swap_operator_eq_eq,OK,b7ba2cf0fe3e4fcb,OK,NOT_RUN,NOT_RUN,NOT_RUN,NOT_RUN,,0,1,equivalent_tce,,,,,bit-identical machine code at -O2: no test can distinguish it
wavelet,ast_emitted,746c75e413d3e22a,cxx_rel_swap,haar_x.halide_generated.cpp,2564,23,operator< -> operator<=,m236_cxx_rel_swap_operator_lt_eq,OK,b7ba2cf0fe3e4fcb,OK,NOT_RUN,NOT_RUN,NOT_RUN,NOT_RUN,,0,1,equivalent_tce,,,,,bit-identical machine code at -O2: no test can distinguish it
wavelet,ast_emitted,b4ccbeca5fd97dc7,cxx_rel_swap,haar_x.halide_generated.cpp,2564,23,operator< -> operator>=,m238_cxx_rel_swap_operator_gt_eq,OK,b7ba2cf0fe3e4fcb,OK,NOT_RUN,NOT_RUN,NOT_RUN,NOT_RUN,,0,1,equivalent_tce,,,,,bit-identical machine code at -O2: no test can distinguish it
wavelet,ast_emitted,8bdff2a6902fde52,cxx_rel_swap,haar_x.halide_generated.cpp,2549,23,operator< -> operator!=,m235_cxx_rel_swap_operator_not_eq,OK,b7ba2cf0fe3e4fcb,OK,NOT_RUN,NOT_RUN,NOT_RUN,NOT_RUN,,0,1,equivalent_tce,,,,,bit-identical machine code at -O2: no test can distinguish it
wavelet,ast_emitted,0d91bcca2ffb300c,cxx_rel_swap,haar_x.halide_generated.cpp,2564,23,operator< -> operator==,m239_cxx_rel_swap_operator_eq_eq,OK,b7ba2cf0fe3e4fcb,OK,NOT_RUN,NOT_RUN,NOT_RUN,NOT_RUN,,0,1,equivalent_tce,,,,,bit-identical machine code at -O2: no test can distinguish it
wavelet,ast_emitted,e6b23dcc3a46b6d5,cxx_arith_swap,haar_x.halide_generated.cpp,2568,27,operator- -> operator+,m244_cxx_arith_swap_operator_add,OK,b7ba2cf0fe3e4fcb,OK,NOT_RUN,NOT_RUN,NOT_RUN,NOT_RUN,,0,1,equivalent_tce,,,,,bit-identical machine code at -O2: no test can distinguish it
wavelet,ast_emitted,600aa75a379a03f0,cxx_arith_swap,haar_x.halide_generated.cpp,2568,46,operator* -> operator/,m243_cxx_arith_swap_operator_div,OK,b7ba2cf0fe3e4fcb,OK,NOT_RUN,NOT_RUN,NOT_RUN,NOT_RUN,,0,1,equivalent_tce,,,,,bit-identical machine code at -O2: no test can distinguish it
wavelet,ast_emitted,c322b8f24f5718c6,cxx_arith_swap,haar_x.halide_generated.cpp,2568,46,operator* -> operator+,m241_cxx_arith_swap_operator_add,OK,b7ba2cf0fe3e4fcb,OK,NOT_RUN,NOT_RUN,NOT_RUN,NOT_RUN,,0,1,equivalent_tce,,,,,bit-identical machine code at -O2: no test can distinguish it
wavelet,ast_emitted,dbfe07b1b4f8f679,cxx_arith_swap,haar_x.halide_generated.cpp,2568,46,operator* -> operator-,m242_cxx_arith_swap_operator_sub,OK,b7ba2cf0fe3e4fcb,OK,NOT_RUN,NOT_RUN,NOT_RUN,NOT_RUN,,0,1,equivalent_tce,,,,,bit-identical machine code at -O2: no test can distinguish it
wavelet,ast_emitted,3f4f8dc96536ce58,cxx_rel_swap,haar_x.halide_generated.cpp,2564,23,operator< -> operator!=,m240_cxx_rel_swap_operator_not_eq,OK,b7ba2cf0fe3e4fcb,OK,NOT_RUN,NOT_RUN,NOT_RUN,NOT_RUN,,0,1,equivalent_tce,,,,,bit-identical machine code at -O2: no test can distinguish it
wavelet,ast_emitted,9315c29ee445c854,cxx_arith_swap,haar_x.halide_generated.cpp,2568,27,operator- -> operator*,m245_cxx_arith_swap_operator_mul,OK,b7ba2cf0fe3e4fcb,OK,NOT_RUN,NOT_RUN,NOT_RUN,NOT_RUN,,0,1,equivalent_tce,,,,,bit-identical machine code at -O2: no test can distinguish it
wavelet,ast_emitted,3b38c715ddb12bef,cxx_arith_swap,haar_x.halide_generated.cpp,2571,29,operator* -> operator+,m247_cxx_arith_swap_operator_add,OK,b7ba2cf0fe3e4fcb,OK,NOT_RUN,NOT_RUN,NOT_RUN,NOT_RUN,,0,1,equivalent_tce,,,,,bit-identical machine code at -O2: no test can distinguish it
wavelet,ast_emitted,0656d21eb37d398c,cxx_arith_swap,haar_x.halide_generated.cpp,2571,29,operator* -> operator-,m248_cxx_arith_swap_operator_sub,OK,b7ba2cf0fe3e4fcb,OK,NOT_RUN,NOT_RUN,NOT_RUN,NOT_RUN,,0,1,equivalent_tce,,,,,bit-identical machine code at -O2: no test can distinguish it
wavelet,ast_emitted,a2a9158f07b22105,cxx_rel_swap,haar_x.halide_generated.cpp,2576,72,operator!= -> operator<,m250_cxx_rel_swap_operator_lt,OK,b7ba2cf0fe3e4fcb,OK,NOT_RUN,NOT_RUN,NOT_RUN,NOT_RUN,,0,1,equivalent_tce,,,,,bit-identical machine code at -O2: no test can distinguish it
wavelet,ast_emitted,650230f99efeeeb1,cxx_arith_swap,haar_x.halide_generated.cpp,2571,29,operator* -> operator/,m249_cxx_arith_swap_operator_div,OK,b7ba2cf0fe3e4fcb,OK,NOT_RUN,NOT_RUN,NOT_RUN,NOT_RUN,,0,1,equivalent_tce,,,,,bit-identical machine code at -O2: no test can distinguish it
wavelet,ast_emitted,b20c944edae591a2,cxx_arith_swap,haar_x.halide_generated.cpp,2568,27,operator- -> operator/,m246_cxx_arith_swap_operator_div,OK,b7ba2cf0fe3e4fcb,OK,NOT_RUN,NOT_RUN,NOT_RUN,NOT_RUN,,0,1,equivalent_tce,,,,,bit-identical machine code at -O2: no test can distinguish it
wavelet,ast_emitted,09cc0dfc122b8f79,cxx_rel_swap,haar_x.halide_generated.cpp,2576,72,operator!= -> operator>=,m253_cxx_rel_swap_operator_gt_eq,OK,b7ba2cf0fe3e4fcb,OK,NOT_RUN,NOT_RUN,NOT_RUN,NOT_RUN,,0,1,equivalent_tce,,,,,bit-identical machine code at -O2: no test can distinguish it
wavelet,ast_emitted,87f1e88952b814f5,cxx_rel_swap,haar_x.halide_generated.cpp,2576,72,operator!= -> operator==,m254_cxx_rel_swap_operator_eq_eq,OK,b7ba2cf0fe3e4fcb,OK,NOT_RUN,NOT_RUN,NOT_RUN,NOT_RUN,,0,1,equivalent_tce,,,,,bit-identical machine code at -O2: no test can distinguish it
wavelet,ast_emitted,9b6537cf93a34cdc,cxx_rel_swap,haar_x.halide_generated.cpp,2576,72,operator!= -> operator>,m252_cxx_rel_swap_operator_gt,OK,b7ba2cf0fe3e4fcb,OK,NOT_RUN,NOT_RUN,NOT_RUN,NOT_RUN,,0,1,equivalent_tce,,,,,bit-identical machine code at -O2: no test can distinguish it
wavelet,ast_emitted,75a0106129f43cf9,cxx_rel_swap,haar_x.halide_generated.cpp,2576,72,operator!= -> operator<=,m251_cxx_rel_swap_operator_lt_eq,OK,b7ba2cf0fe3e4fcb,OK,NOT_RUN,NOT_RUN,NOT_RUN,NOT_RUN,,0,1,equivalent_tce,,,,,bit-identical machine code at -O2: no test can distinguish it
wavelet,ast_emitted,3927d4a38be4aece,cxx_rel_swap,haar_x.halide_generated.cpp,2606,28,operator!= -> operator<=,m256_cxx_rel_swap_operator_lt_eq,OK,b7ba2cf0fe3e4fcb,OK,NOT_RUN,NOT_RUN,NOT_RUN,NOT_RUN,,0,1,equivalent_tce,,,,,bit-identical machine code at -O2: no test can distinguish it
wavelet,ast_emitted,2a8f0eacb4a663bc,cxx_rel_swap,haar_x.halide_generated.cpp,2606,28,operator!= -> operator>=,m258_cxx_rel_swap_operator_gt_eq,OK,b7ba2cf0fe3e4fcb,OK,NOT_RUN,NOT_RUN,NOT_RUN,NOT_RUN,,0,1,equivalent_tce,,,,,bit-identical machine code at -O2: no test can distinguish it
wavelet,ast_emitted,0dd5a3e1f76a3c35,cxx_rel_swap,haar_x.halide_generated.cpp,2606,28,operator!= -> operator<,m255_cxx_rel_swap_operator_lt,OK,b7ba2cf0fe3e4fcb,OK,NOT_RUN,NOT_RUN,NOT_RUN,NOT_RUN,,0,1,equivalent_tce,,,,,bit-identical machine code at -O2: no test can distinguish it
wavelet,ast_emitted,dd47ead2114b1572,cxx_rel_swap,haar_x.halide_generated.cpp,2611,24,operator!= -> operator<,m260_cxx_rel_swap_operator_lt,OK,b7ba2cf0fe3e4fcb,OK,NOT_RUN,NOT_RUN,NOT_RUN,NOT_RUN,,0,1,equivalent_tce,,,,,bit-identical machine code at -O2: no test can distinguish it
wavelet,ast_emitted,de8f2c4df96c8a83,cxx_rel_swap,haar_x.halide_generated.cpp,2611,24,operator!= -> operator<=,m261_cxx_rel_swap_operator_lt_eq,OK,b7ba2cf0fe3e4fcb,OK,NOT_RUN,NOT_RUN,NOT_RUN,NOT_RUN,,0,1,equivalent_tce,,,,,bit-identical machine code at -O2: no test can distinguish it
wavelet,ast_emitted,afc033ded1618144,cxx_rel_swap,haar_x.halide_generated.cpp,2606,28,operator!= -> operator>,m257_cxx_rel_swap_operator_gt,OK,b7ba2cf0fe3e4fcb,OK,NOT_RUN,NOT_RUN,NOT_RUN,NOT_RUN,,0,1,equivalent_tce,,,,,bit-identical machine code at -O2: no test can distinguish it
wavelet,ast_emitted,901a6554ce63cd32,cxx_rel_swap,haar_x.halide_generated.cpp,2611,24,operator!= -> operator>,m262_cxx_rel_swap_operator_gt,OK,b7ba2cf0fe3e4fcb,OK,NOT_RUN,NOT_RUN,NOT_RUN,NOT_RUN,,0,1,equivalent_tce,,,,,bit-identical machine code at -O2: no test can distinguish it
wavelet,ast_emitted,55a703f741845c34,cxx_rel_swap,haar_x.halide_generated.cpp,2606,28,operator!= -> operator==,m259_cxx_rel_swap_operator_eq_eq,OK,b7ba2cf0fe3e4fcb,OK,NOT_RUN,NOT_RUN,NOT_RUN,NOT_RUN,,0,1,equivalent_tce,,,,,bit-identical machine code at -O2: no test can distinguish it
wavelet,ast_emitted,f8e0ca02152f77a6,cxx_rel_swap,haar_x.halide_generated.cpp,2611,24,operator!= -> operator>=,m263_cxx_rel_swap_operator_gt_eq,OK,b7ba2cf0fe3e4fcb,OK,NOT_RUN,NOT_RUN,NOT_RUN,NOT_RUN,,0,1,equivalent_tce,,,,,bit-identical machine code at -O2: no test can distinguish it
wavelet,ast_emitted,e9a7a674568fbdd6,cxx_rel_swap,haar_x.halide_generated.cpp,2620,24,operator!= -> operator<,m265_cxx_rel_swap_operator_lt,OK,b7ba2cf0fe3e4fcb,OK,NOT_RUN,NOT_RUN,NOT_RUN,NOT_RUN,,0,1,equivalent_tce,,,,,bit-identical machine code at -O2: no test can distinguish it
wavelet,ast_emitted,9c7b13568f47e606,cxx_rel_swap,haar_x.halide_generated.cpp,2620,24,operator!= -> operator>=,m268_cxx_rel_swap_operator_gt_eq,OK,b7ba2cf0fe3e4fcb,OK,NOT_RUN,NOT_RUN,NOT_RUN,NOT_RUN,,0,1,equivalent_tce,,,,,bit-identical machine code at -O2: no test can distinguish it
wavelet,ast_emitted,dc4e228395627942,cxx_rel_swap,haar_x.halide_generated.cpp,2611,24,operator!= -> operator==,m264_cxx_rel_swap_operator_eq_eq,OK,b7ba2cf0fe3e4fcb,OK,NOT_RUN,NOT_RUN,NOT_RUN,NOT_RUN,,0,1,equivalent_tce,,,,,bit-identical machine code at -O2: no test can distinguish it
wavelet,ast_emitted,df5831a14415fc02,cxx_rel_swap,haar_x.halide_generated.cpp,2648,13,operator!= -> operator<,m270_cxx_rel_swap_operator_lt,COMPILE_FAIL,,OK,NOT_RUN,NOT_RUN,NOT_RUN,NOT_RUN,,0,0,,,,,,"the compiler rejected the mutant -- a kill category only staged compilation produces, not a test kill"
wavelet,ast_emitted,a212ccaeb4488473,cxx_rel_swap,haar_x.halide_generated.cpp,2620,24,operator!= -> operator<=,m266_cxx_rel_swap_operator_lt_eq,OK,b7ba2cf0fe3e4fcb,OK,NOT_RUN,NOT_RUN,NOT_RUN,NOT_RUN,,0,1,equivalent_tce,,,,,bit-identical machine code at -O2: no test can distinguish it
wavelet,ast_emitted,b05bca6c3275afac,cxx_rel_swap,haar_x.halide_generated.cpp,2648,13,operator!= -> operator<=,m271_cxx_rel_swap_operator_lt_eq,COMPILE_FAIL,,OK,NOT_RUN,NOT_RUN,NOT_RUN,NOT_RUN,,0,0,,,,,,"the compiler rejected the mutant -- a kill category only staged compilation produces, not a test kill"
wavelet,ast_emitted,9f10893607a51708,cxx_rel_swap,haar_x.halide_generated.cpp,2620,24,operator!= -> operator>,m267_cxx_rel_swap_operator_gt,OK,b7ba2cf0fe3e4fcb,OK,NOT_RUN,NOT_RUN,NOT_RUN,NOT_RUN,,0,1,equivalent_tce,,,,,bit-identical machine code at -O2: no test can distinguish it
wavelet,ast_emitted,6eecea27767bada9,cxx_rel_swap,haar_x.halide_generated.cpp,2648,13,operator!= -> operator>,m272_cxx_rel_swap_operator_gt,COMPILE_FAIL,,OK,NOT_RUN,NOT_RUN,NOT_RUN,NOT_RUN,,0,0,,,,,,"the compiler rejected the mutant -- a kill category only staged compilation produces, not a test kill"
wavelet,ast_emitted,9199e06f2750ee34,cxx_rel_swap,haar_x.halide_generated.cpp,2620,24,operator!= -> operator==,m269_cxx_rel_swap_operator_eq_eq,OK,b7ba2cf0fe3e4fcb,OK,NOT_RUN,NOT_RUN,NOT_RUN,NOT_RUN,,0,1,equivalent_tce,,,,,bit-identical machine code at -O2: no test can distinguish it
wavelet,ast_emitted,4664c75e992c2135,cxx_rel_swap,haar_x.halide_generated.cpp,2648,13,operator!= -> operator>=,m273_cxx_rel_swap_operator_gt_eq,COMPILE_FAIL,,OK,NOT_RUN,NOT_RUN,NOT_RUN,NOT_RUN,,0,0,,,,,,"the compiler rejected the mutant -- a kill category only staged compilation produces, not a test kill"
wavelet,ast_emitted,2f920ad3eafe1a36,cxx_rel_swap,haar_x.halide_generated.cpp,2648,13,operator!= -> operator==,m274_cxx_rel_swap_operator_eq_eq,OK,b7ba2cf0fe3e4fcb,OK,NOT_RUN,NOT_RUN,NOT_RUN,NOT_RUN,,0,1,equivalent_tce,,,,,bit-identical machine code at -O2: no test can distinguish it
wavelet,ast_emitted,d8cc0af587f4ad1d,cxx_rel_swap,haar_x.halide_generated.cpp,2689,15,operator!= -> operator>,m277_cxx_rel_swap_operator_gt,OK,b7ba2cf0fe3e4fcb,OK,NOT_RUN,NOT_RUN,NOT_RUN,NOT_RUN,,0,1,equivalent_tce,,,,,bit-identical machine code at -O2: no test can distinguish it
wavelet,ast_emitted,ba9f4c39001bf890,cxx_rel_swap,haar_x.halide_generated.cpp,2689,15,operator!= -> operator<=,m276_cxx_rel_swap_operator_lt_eq,OK,323250a2110ffccb,OK,KILLED,NOT_RUN,NOT_RUN,NOT_RUN,test1_demo,1,1,killed,-6,0.103,,<missing>,"golden driver exited -6, wrote no artifact -- test1 kill only"
wavelet,ast_emitted,6da9e7782a54f470,cxx_rel_swap,haar_x.halide_generated.cpp,2689,15,operator!= -> operator<,m275_cxx_rel_swap_operator_lt,OK,97392f254ff7de34,OK,KILLED,NOT_RUN,NOT_RUN,NOT_RUN,test1_demo,1,1,killed,-6,0.124,,<missing>,"golden driver exited -6, wrote no artifact -- test1 kill only"
wavelet,ast_emitted,4e5eaf73ac71de26,cxx_rel_swap,haar_x.halide_generated.cpp,2697,15,operator!= -> operator>,m282_cxx_rel_swap_operator_gt,OK,b7ba2cf0fe3e4fcb,OK,NOT_RUN,NOT_RUN,NOT_RUN,NOT_RUN,,0,1,equivalent_tce,,,,,bit-identical machine code at -O2: no test can distinguish it
wavelet,ast_emitted,fa26758f3adad340,cxx_rel_swap,haar_x.halide_generated.cpp,2689,15,operator!= -> operator==,m279_cxx_rel_swap_operator_eq_eq,OK,323250a2110ffccb,OK,KILLED,NOT_RUN,NOT_RUN,NOT_RUN,test1_demo,1,1,killed,-6,0.139,,<missing>,"golden driver exited -6, wrote no artifact -- test1 kill only"
wavelet,ast_emitted,8b89a4e416f678ea,cxx_rel_swap,haar_x.halide_generated.cpp,2697,15,operator!= -> operator<,m280_cxx_rel_swap_operator_lt,OK,dd9108afc6fd8b87,OK,KILLED,NOT_RUN,NOT_RUN,NOT_RUN,test1_demo,1,1,killed,-6,0.142,,<missing>,"golden driver exited -6, wrote no artifact -- test1 kill only"
wavelet,ast_emitted,e6d381277b3e3d2a,cxx_rel_swap,haar_x.halide_generated.cpp,2697,15,operator!= -> operator<=,m281_cxx_rel_swap_operator_lt_eq,OK,3a8a3d170b10841b,OK,KILLED,NOT_RUN,NOT_RUN,NOT_RUN,test1_demo,1,1,killed,-6,0.177,,<missing>,"golden driver exited -6, wrote no artifact -- test1 kill only"
wavelet,ast_emitted,bc3179d1b0a77a5a,cxx_rel_swap,haar_x.halide_generated.cpp,2697,15,operator!= -> operator==,m284_cxx_rel_swap_operator_eq_eq,OK,3a8a3d170b10841b,OK,KILLED,NOT_RUN,NOT_RUN,NOT_RUN,test1_demo,1,1,killed,-6,0.133,,<missing>,"golden driver exited -6, wrote no artifact -- test1 kill only"
wavelet,ast_emitted,2910286784378fd2,cxx_arith_swap,haar_x.halide_generated.cpp,2730,20,operator+ -> operator/,m287_cxx_arith_swap_operator_div,OK,fd3feddf4140d394,OK,KILLED,NOT_RUN,NOT_RUN,NOT_RUN,test1_demo,1,1,killed,-8,0.188,,<missing>,"golden driver exited -8, wrote no artifact -- test1 kill only"
wavelet,ast_emitted,dd789bde0277e966,cxx_rel_swap,haar_x.halide_generated.cpp,2689,15,operator!= -> operator>=,m278_cxx_rel_swap_operator_gt_eq,OK,f669bbb8b0051f87,OK,SURVIVED,SURVIVED,NOT_RUN,NOT_RUN,,0,0,,0,1.124,,f12ad6f2a1736a40,
wavelet,ast_emitted,68a45e02d461f1e7,cxx_rel_swap,haar_x.halide_generated.cpp,2697,15,operator!= -> operator>=,m283_cxx_rel_swap_operator_gt_eq,OK,79cac492cb1ea6b9,OK,SURVIVED,SURVIVED,NOT_RUN,NOT_RUN,,0,0,,0,1.030,,f12ad6f2a1736a40,
wavelet,ast_emitted,2c886d5e3857f5c0,cxx_arith_swap,haar_x.halide_generated.cpp,2731,20,operator+ -> operator-,m288_cxx_arith_swap_operator_sub,OK,0894d3b5ef5fb061,OK,SURVIVED,SURVIVED,NOT_RUN,NOT_RUN,,0,0,,0,1.037,,f12ad6f2a1736a40,
wavelet,ast_emitted,92c74594b1032091,cxx_arith_swap,haar_x.halide_generated.cpp,2730,20,operator+ -> operator-,m285_cxx_arith_swap_operator_sub,OK,56ebf11e2608ad23,OK,SURVIVED,SURVIVED,NOT_RUN,NOT_RUN,,0,0,,0,1.698,,f12ad6f2a1736a40,
wavelet,ast_emitted,4c3699444827995c,cxx_arith_swap,haar_x.halide_generated.cpp,2731,20,operator+ -> operator/,m290_cxx_arith_swap_operator_div,OK,061b5e9b112a145e,OK,KILLED,NOT_RUN,NOT_RUN,NOT_RUN,test1_demo,1,1,killed,-8,0.134,,<missing>,"golden driver exited -8, wrote no artifact -- test1 kill only"
wavelet,ast_emitted,bd75745c412a429c,cxx_arith_swap,haar_x.halide_generated.cpp,2732,20,operator* -> operator+,m291_cxx_arith_swap_operator_add,OK,51f5ddbe5a0129c4,OK,SURVIVED,SURVIVED,NOT_RUN,NOT_RUN,,0,0,,0,0.836,,f12ad6f2a1736a40,
wavelet,ast_emitted,5be9ce5e10a3a02b,cxx_arith_swap,haar_x.halide_generated.cpp,2730,20,operator+ -> operator*,m286_cxx_arith_swap_operator_mul,OK,b677ef8f5b1f3143,OK,SURVIVED,SURVIVED,NOT_RUN,NOT_RUN,,0,0,,0,2.011,,f12ad6f2a1736a40,
wavelet,ast_emitted,3bb299eb7ec6b6f1,cxx_arith_swap,haar_x.halide_generated.cpp,2731,20,operator+ -> operator*,m289_cxx_arith_swap_operator_mul,OK,14ecb7f1572996cd,OK,SURVIVED,SURVIVED,NOT_RUN,NOT_RUN,,0,0,,0,1.878,,f12ad6f2a1736a40,
wavelet,ast_emitted,be48bac93ac1b535,cxx_arith_swap,haar_x.halide_generated.cpp,2732,20,operator* -> operator-,m292_cxx_arith_swap_operator_sub,OK,1318083ab40f5f76,OK,SURVIVED,SURVIVED,NOT_RUN,NOT_RUN,,0,0,,0,1.905,,f12ad6f2a1736a40,
wavelet,ast_emitted,af022a346e372a3c,cxx_arith_swap,haar_x.halide_generated.cpp,2733,20,operator+ -> operator-,m294_cxx_arith_swap_operator_sub,OK,3a0a8f093a788669,OK,SURVIVED,SURVIVED,NOT_RUN,NOT_RUN,,0,0,,0,1.464,,f12ad6f2a1736a40,
wavelet,ast_emitted,1e7d143c36141916,cxx_arith_swap,haar_x.halide_generated.cpp,2733,20,operator+ -> operator*,m295_cxx_arith_swap_operator_mul,OK,0946b842d1dcd7f1,OK,SURVIVED,SURVIVED,NOT_RUN,NOT_RUN,,0,0,,0,1.860,,f12ad6f2a1736a40,
wavelet,ast_emitted,bf3b286d52c36b81,cxx_arith_swap,haar_x.halide_generated.cpp,2733,20,operator+ -> operator/,m296_cxx_arith_swap_operator_div,OK,0946b842d1dcd7f1,OK,SURVIVED,SURVIVED,NOT_RUN,NOT_RUN,,0,0,,0,1.056,,f12ad6f2a1736a40,
wavelet,ast_emitted,be735dfa150e0790,cxx_arith_swap,haar_x.halide_generated.cpp,2738,20,operator+ -> operator-,m300_cxx_arith_swap_operator_sub,OK,9869eaf3d0aeeed5,OK,KILLED,NOT_RUN,NOT_RUN,NOT_RUN,test1_demo,1,1,killed,-6,0.124,,<missing>,"golden driver exited -6, wrote no artifact -- test1 kill only"
wavelet,ast_emitted,1109ba9c8516fc30,cxx_arith_swap,haar_x.halide_generated.cpp,2732,20,operator* -> operator/,m293_cxx_arith_swap_operator_div,OK,374260c91bb094e9,OK,SURVIVED,SURVIVED,NOT_RUN,NOT_RUN,,0,0,,0,2.343,,f12ad6f2a1736a40,
wavelet,ast_emitted,de18a472564328ef,cxx_arith_swap,haar_x.halide_generated.cpp,2736,20,operator+ -> operator*,m298_cxx_arith_swap_operator_mul,OK,185de9bca4bab75a,OK,SURVIVED,SURVIVED,NOT_RUN,NOT_RUN,,0,0,,0,0.835,,f12ad6f2a1736a40,
wavelet,ast_emitted,90c470eefd7e94e7,cxx_arith_swap,haar_x.halide_generated.cpp,2736,20,operator+ -> operator-,m297_cxx_arith_swap_operator_sub,OK,5b40f5c86a3f2224,OK,SURVIVED,SURVIVED,NOT_RUN,NOT_RUN,,0,0,,0,2.247,,f12ad6f2a1736a40,
wavelet,ast_emitted,e733853ce6a16148,cxx_arith_swap,haar_x.halide_generated.cpp,2738,20,operator+ -> operator*,m301_cxx_arith_swap_operator_mul,OK,66cbd7f40a8a10e8,OK,SURVIVED,SURVIVED,NOT_RUN,NOT_RUN,,0,0,,0,0.839,,f12ad6f2a1736a40,
wavelet,ast_emitted,6e9957eb20819845,cxx_arith_swap,haar_x.halide_generated.cpp,2738,20,operator+ -> operator/,m302_cxx_arith_swap_operator_div,OK,322c8e1754b43230,OK,SURVIVED,SURVIVED,NOT_RUN,NOT_RUN,,0,0,,0,1.528,,f12ad6f2a1736a40,
wavelet,ast_emitted,c273390ecd8b8915,cxx_arith_swap,haar_x.halide_generated.cpp,2740,20,operator* -> operator-,m304_cxx_arith_swap_operator_sub,OK,b6a8da6d13ea82ff,OK,SURVIVED,SURVIVED,NOT_RUN,NOT_RUN,,0,0,,0,1.684,,f12ad6f2a1736a40,
wavelet,ast_emitted,94265f810146d07e,cxx_arith_swap,haar_x.halide_generated.cpp,2736,20,operator+ -> operator/,m299_cxx_arith_swap_operator_div,OK,185de9bca4bab75a,OK,SURVIVED,SURVIVED,NOT_RUN,NOT_RUN,,0,0,,0,1.891,,f12ad6f2a1736a40,
wavelet,ast_emitted,b2f8558239fa4364,cxx_arith_swap,haar_x.halide_generated.cpp,2740,20,operator* -> operator+,m303_cxx_arith_swap_operator_add,OK,a88de8bf053de27e,OK,SURVIVED,SURVIVED,NOT_RUN,NOT_RUN,,0,0,,0,2.489,,f12ad6f2a1736a40,
wavelet,ast_emitted,179652d95aa8aceb,cxx_arith_swap,haar_x.halide_generated.cpp,2740,20,operator* -> operator/,m305_cxx_arith_swap_operator_div,OK,7df24bdf152cce0a,OK,SURVIVED,SURVIVED,NOT_RUN,NOT_RUN,,0,0,,0,0.840,,f12ad6f2a1736a40,
wavelet,ast_emitted,9dc2d706a32c31da,cxx_arith_swap,haar_x.halide_generated.cpp,2741,20,operator+ -> operator-,m306_cxx_arith_swap_operator_sub,OK,69518b47e946a8be,OK,SURVIVED,SURVIVED,NOT_RUN,NOT_RUN,,0,0,,0,0.840,,f12ad6f2a1736a40,
wavelet,ast_emitted,c3533ce096a7d1a5,cxx_arith_swap,haar_x.halide_generated.cpp,2743,20,operator+ -> operator-,m309_cxx_arith_swap_operator_sub,OK,552d0d4efaeed365,OK,SURVIVED,SURVIVED,NOT_RUN,NOT_RUN,,0,0,,0,1.400,,f12ad6f2a1736a40,
wavelet,ast_emitted,4a5b20038277977c,cxx_arith_swap,haar_x.halide_generated.cpp,2741,20,operator+ -> operator*,m307_cxx_arith_swap_operator_mul,OK,afeada717b677a08,OK,SURVIVED,SURVIVED,NOT_RUN,NOT_RUN,,0,0,,0,1.148,,f12ad6f2a1736a40,
wavelet,ast_emitted,dbd8eca0f4253c10,cxx_arith_swap,haar_x.halide_generated.cpp,2741,20,operator+ -> operator/,m308_cxx_arith_swap_operator_div,OK,f440e82e028031f2,OK,SURVIVED,SURVIVED,NOT_RUN,NOT_RUN,,0,0,,0,2.005,,f12ad6f2a1736a40,
wavelet,ast_emitted,168921b8f8ba7673,cxx_arith_swap,haar_x.halide_generated.cpp,2743,20,operator+ -> operator*,m310_cxx_arith_swap_operator_mul,OK,67aa9d669872438b,OK,SURVIVED,SURVIVED,NOT_RUN,NOT_RUN,,0,0,,0,2.491,,f12ad6f2a1736a40,
wavelet,ast_emitted,25f44f8da879fa62,cxx_arith_swap,haar_x.halide_generated.cpp,2746,20,operator- -> operator/,m314_cxx_arith_swap_operator_div,OK,ee3dc689e8411616,OK,KILLED,NOT_RUN,NOT_RUN,NOT_RUN,test1_demo,1,1,killed,-8,0.185,,<missing>,"golden driver exited -8, wrote no artifact -- test1 kill only"
wavelet,ast_emitted,d960cc945a4d819b,cxx_arith_swap,haar_x.halide_generated.cpp,2746,20,operator- -> operator+,m312_cxx_arith_swap_operator_add,OK,8bc4bd2358886293,OK,SURVIVED,SURVIVED,NOT_RUN,NOT_RUN,,0,0,,0,1.676,,f12ad6f2a1736a40,
wavelet,ast_emitted,23bed0e1735fb665,cxx_arith_swap,haar_x.halide_generated.cpp,2746,20,operator- -> operator*,m313_cxx_arith_swap_operator_mul,OK,ac65a1b1c6e88f5d,OK,SURVIVED,SURVIVED,NOT_RUN,NOT_RUN,,0,0,,0,0.839,,f12ad6f2a1736a40,
wavelet,ast_emitted,2af6d65654246452,cxx_arith_swap,haar_x.halide_generated.cpp,2743,20,operator+ -> operator/,m311_cxx_arith_swap_operator_div,OK,67aa9d669872438b,OK,SURVIVED,SURVIVED,NOT_RUN,NOT_RUN,,0,0,,0,2.499,,f12ad6f2a1736a40,
wavelet,ast_emitted,4f95c507716b0500,cxx_arith_swap,haar_x.halide_generated.cpp,2747,20,operator+ -> operator/,m317_cxx_arith_swap_operator_div,OK,908e9986a04d359e,OK,KILLED,NOT_RUN,NOT_RUN,NOT_RUN,test1_demo,1,1,killed,-8,0.063,,<missing>,"golden driver exited -8, wrote no artifact -- test1 kill only"
wavelet,ast_emitted,25c6345dce7475f1,cxx_arith_swap,haar_x.halide_generated.cpp,2748,20,operator+ -> operator/,m320_cxx_arith_swap_operator_div,OK,001e19fb74532eef,OK,KILLED,NOT_RUN,NOT_RUN,NOT_RUN,test1_demo,1,1,killed,-8,0.125,,<missing>,"golden driver exited -8, wrote no artifact -- test1 kill only"
wavelet,ast_emitted,12bb064437437a5c,cxx_arith_swap,haar_x.halide_generated.cpp,2748,20,operator+ -> operator-,m318_cxx_arith_swap_operator_sub,OK,f2aae4e9b8750b87,OK,SURVIVED,SURVIVED,NOT_RUN,NOT_RUN,,0,0,,0,0.845,,f12ad6f2a1736a40,
wavelet,ast_emitted,567e24cbb3303f63,cxx_arith_swap,haar_x.halide_generated.cpp,2747,20,operator+ -> operator-,m315_cxx_arith_swap_operator_sub,OK,845aa1fae534467b,OK,SURVIVED,SURVIVED,NOT_RUN,NOT_RUN,,0,0,,0,0.846,,f12ad6f2a1736a40,
wavelet,ast_emitted,45520185bb957d38,cxx_arith_swap,haar_x.halide_generated.cpp,2747,20,operator+ -> operator*,m316_cxx_arith_swap_operator_mul,OK,d8759760f565f8a6,OK,SURVIVED,SURVIVED,NOT_RUN,NOT_RUN,,0,0,,0,1.151,,f12ad6f2a1736a40,
wavelet,ast_emitted,6aa7994c24bb1ce7,cxx_arith_swap,haar_x.halide_generated.cpp,2748,20,operator+ -> operator*,m319_cxx_arith_swap_operator_mul,OK,35c9c2979dfb5a6a,OK,SURVIVED,SURVIVED,NOT_RUN,NOT_RUN,,0,0,,0,1.839,,f12ad6f2a1736a40,
wavelet,ast_emitted,ed62726b279d9778,cxx_arith_swap,haar_x.halide_generated.cpp,2750,20,operator+ -> operator-,m321_cxx_arith_swap_operator_sub,OK,d88a6196613f8434,OK,SURVIVED,SURVIVED,NOT_RUN,NOT_RUN,,0,0,,0,0.846,,f12ad6f2a1736a40,
wavelet,ast_emitted,69fe0dd78f852863,cxx_arith_swap,haar_x.halide_generated.cpp,2750,20,operator+ -> operator*,m322_cxx_arith_swap_operator_mul,OK,44b53adabf8e9712,OK,SURVIVED,SURVIVED,NOT_RUN,NOT_RUN,,0,0,,0,1.103,,f12ad6f2a1736a40,
wavelet,ast_emitted,a1f9040571f36f81,cxx_arith_swap,haar_x.halide_generated.cpp,2752,20,operator+ -> operator*,m325_cxx_arith_swap_operator_mul,OK,fb3dca5441bc4b8d,OK,SURVIVED,SURVIVED,NOT_RUN,NOT_RUN,,0,0,,0,1.105,,f12ad6f2a1736a40,
wavelet,ast_emitted,13546254878490c2,cxx_arith_swap,haar_x.halide_generated.cpp,2752,20,operator+ -> operator-,m324_cxx_arith_swap_operator_sub,OK,dfb1177425fa50b6,OK,SURVIVED,SURVIVED,NOT_RUN,NOT_RUN,,0,0,,0,0.835,,f12ad6f2a1736a40,
wavelet,ast_emitted,1378fae813f10699,cxx_arith_swap,haar_x.halide_generated.cpp,2755,20,operator- -> operator/,m329_cxx_arith_swap_operator_div,OK,41db65c851a9251d,OK,KILLED,NOT_RUN,NOT_RUN,NOT_RUN,test1_demo,1,1,killed,-8,0.061,,<missing>,"golden driver exited -8, wrote no artifact -- test1 kill only"
wavelet,ast_emitted,e849d1d59291b61c,cxx_arith_swap,haar_x.halide_generated.cpp,2750,20,operator+ -> operator/,m323_cxx_arith_swap_operator_div,OK,44b53adabf8e9712,OK,SURVIVED,SURVIVED,NOT_RUN,NOT_RUN,,0,0,,0,1.825,,f12ad6f2a1736a40,
wavelet,ast_emitted,3d25e671d4d8c8be,cxx_arith_swap,haar_x.halide_generated.cpp,2755,20,operator- -> operator+,m327_cxx_arith_swap_operator_add,OK,72c1377799612af5,OK,SURVIVED,SURVIVED,NOT_RUN,NOT_RUN,,0,0,,0,1.739,,f12ad6f2a1736a40,
wavelet,ast_emitted,8426dfbb7501ce0e,cxx_arith_swap,haar_x.halide_generated.cpp,2752,20,operator+ -> operator/,m326_cxx_arith_swap_operator_div,OK,fb3dca5441bc4b8d,OK,SURVIVED,SURVIVED,NOT_RUN,NOT_RUN,,0,0,,0,1.189,,f12ad6f2a1736a40,
wavelet,ast_emitted,7d00c69222c09372,cxx_arith_swap,haar_x.halide_generated.cpp,2755,20,operator- -> operator*,m328_cxx_arith_swap_operator_mul,OK,6f6552988d3f0911,OK,SURVIVED,SURVIVED,NOT_RUN,NOT_RUN,,0,0,,0,2.500,,f12ad6f2a1736a40,
wavelet,ast_emitted,a16e3974789e61e1,cxx_arith_swap,haar_x.halide_generated.cpp,2763,21,operator+ -> operator/,m332_cxx_arith_swap_operator_div,OK,66e680e8018811c7,OK,SURVIVED,SURVIVED,NOT_RUN,NOT_RUN,,0,0,,0,1.143,,f12ad6f2a1736a40,
wavelet,ast_emitted,42780de65a70e3da,cxx_arith_swap,haar_x.halide_generated.cpp,2763,21,operator+ -> operator*,m331_cxx_arith_swap_operator_mul,OK,66e680e8018811c7,OK,SURVIVED,SURVIVED,NOT_RUN,NOT_RUN,,0,0,,0,1.953,,f12ad6f2a1736a40,
wavelet,ast_emitted,a382393a2e4afbdb,cxx_arith_swap,haar_x.halide_generated.cpp,2763,21,operator+ -> operator-,m330_cxx_arith_swap_operator_sub,OK,a3a5c41dd3d667b7,OK,SURVIVED,SURVIVED,NOT_RUN,NOT_RUN,,0,0,,0,1.942,,f12ad6f2a1736a40,
wavelet,ast_emitted,e0e8818a235e2649,cxx_arith_swap,haar_x.halide_generated.cpp,2780,21,operator+ -> operator-,m333_cxx_arith_swap_operator_sub,OK,99bd3d0e6fe45a12,OK,SURVIVED,SURVIVED,NOT_RUN,NOT_RUN,,0,0,,0,0.835,,f12ad6f2a1736a40,
wavelet,ast_emitted,3ad672cb2f7f917d,cxx_arith_swap,haar_x.halide_generated.cpp,2781,21,operator+ -> operator*,m337_cxx_arith_swap_operator_mul,OK,02e25ba3c9b59710,OK,SURVIVED,SURVIVED,NOT_RUN,NOT_RUN,,0,0,,0,0.838,,f12ad6f2a1736a40,
wavelet,ast_emitted,cac986f7e473001e,cxx_arith_swap,haar_x.halide_generated.cpp,2780,21,operator+ -> operator*,m334_cxx_arith_swap_operator_mul,OK,af632151be3675c2,OK,SURVIVED,SURVIVED,NOT_RUN,NOT_RUN,,0,0,,0,1.432,,f12ad6f2a1736a40,
wavelet,ast_emitted,37c82ad2876843f6,cxx_arith_swap,haar_x.halide_generated.cpp,2781,21,operator+ -> operator/,m338_cxx_arith_swap_operator_div,OK,25296297b2088399,OK,SURVIVED,SURVIVED,NOT_RUN,NOT_RUN,,0,0,,0,1.077,,f12ad6f2a1736a40,
wavelet,ast_emitted,5d2faa899ad38e18,cxx_arith_swap,haar_x.halide_generated.cpp,2780,21,operator+ -> operator/,m335_cxx_arith_swap_operator_div,OK,9621721c84575075,OK,SURVIVED,SURVIVED,NOT_RUN,NOT_RUN,,0,0,,0,1.076,,f12ad6f2a1736a40,
wavelet,ast_emitted,c5532fb3e55bdf31,cxx_arith_swap,haar_x.halide_generated.cpp,2781,21,operator+ -> operator-,m336_cxx_arith_swap_operator_sub,OK,9f3a567d15a9950c,OK,SURVIVED,SURVIVED,NOT_RUN,NOT_RUN,,0,0,,0,0.939,,f12ad6f2a1736a40,
wavelet,ast_emitted,8964d3d4b50aba97,cxx_rel_swap,haar_x.halide_generated.cpp,2800,18,operator== -> operator<,m342_cxx_rel_swap_operator_lt,OK,8c470bd3728e47f7,OK,KILLED,NOT_RUN,NOT_RUN,NOT_RUN,test1_demo,1,1,killed,-6,0.142,,<missing>,"golden driver exited -6, wrote no artifact -- test1 kill only"
wavelet,ast_emitted,0d95beedc8141b63,cxx_rel_swap,haar_x.halide_generated.cpp,2800,18,operator== -> operator>,m344_cxx_rel_swap_operator_gt,OK,9b754ecf796e973e,OK,KILLED,NOT_RUN,NOT_RUN,NOT_RUN,test1_demo,1,1,killed,-6,0.174,,<missing>,"golden driver exited -6, wrote no artifact -- test1 kill only"
wavelet,ast_emitted,06c36c279d90b722,cxx_arith_swap,haar_x.halide_generated.cpp,2783,21,operator* -> operator-,m340_cxx_arith_swap_operator_sub,OK,baa5154511de5297,OK,SURVIVED,SURVIVED,NOT_RUN,NOT_RUN,,0,0,,0,0.834,,f12ad6f2a1736a40,
wavelet,ast_emitted,c780bfd93ea92f72,cxx_arith_swap,haar_x.halide_generated.cpp,2783,21,operator* -> operator/,m341_cxx_arith_swap_operator_div,OK,b0169a2783a5fcfa,OK,SURVIVED,SURVIVED,NOT_RUN,NOT_RUN,,0,0,,0,0.840,,f12ad6f2a1736a40,
wavelet,ast_emitted,3ba45942eb87e2d2,cxx_arith_swap,haar_x.halide_generated.cpp,2783,21,operator* -> operator+,m339_cxx_arith_swap_operator_add,OK,25e00b2e57a03f82,OK,SURVIVED,SURVIVED,NOT_RUN,NOT_RUN,,0,0,,0,2.214,,f12ad6f2a1736a40,
wavelet,ast_emitted,7284f13baf61dda4,cxx_rel_swap,haar_x.halide_generated.cpp,2800,18,operator== -> operator!=,m346_cxx_rel_swap_operator_not_eq,OK,0649a327b2f3c41e,OK,KILLED,NOT_RUN,NOT_RUN,NOT_RUN,test1_demo,1,1,killed,-6,0.124,,<missing>,"golden driver exited -6, wrote no artifact -- test1 kill only"
wavelet,ast_emitted,d16359c0303c2ab8,cxx_rel_swap,haar_x.halide_generated.cpp,2800,18,operator== -> operator>=,m345_cxx_rel_swap_operator_gt_eq,OK,d71d5c07cea5427c,OK,SURVIVED,SURVIVED,NOT_RUN,NOT_RUN,,0,0,,0,0.836,,f12ad6f2a1736a40,
wavelet,ast_emitted,26ef02a93b4a0d6d,cxx_rel_swap,haar_x.halide_generated.cpp,2807,18,operator== -> operator<,m347_cxx_rel_swap_operator_lt,OK,f2cc1dc904f43dc9,OK,KILLED,NOT_RUN,NOT_RUN,NOT_RUN,test1_demo,1,1,killed,-6,0.125,,<missing>,"golden driver exited -6, wrote no artifact -- test1 kill only"
wavelet,ast_emitted,bb38e78212ef8738,cxx_rel_swap,haar_x.halide_generated.cpp,2807,18,operator== -> operator>,m349_cxx_rel_swap_operator_gt,OK,2e5fba37a38f7582,OK,KILLED,NOT_RUN,NOT_RUN,NOT_RUN,test1_demo,1,1,killed,-6,0.190,,<missing>,"golden driver exited -6, wrote no artifact -- test1 kill only"
wavelet,ast_emitted,8106ba4968436740,cxx_rel_swap,haar_x.halide_generated.cpp,2800,18,operator== -> operator<=,m343_cxx_rel_swap_operator_lt_eq,OK,a74e424301893f02,OK,SURVIVED,SURVIVED,NOT_RUN,NOT_RUN,,0,0,,0,1.655,,f12ad6f2a1736a40,
wavelet,ast_emitted,08aaa3b55ee78f72,cxx_rel_swap,haar_x.halide_generated.cpp,2814,18,operator== -> operator<,m352_cxx_rel_swap_operator_lt,OK,28ae49b7ceee4af4,OK,KILLED,NOT_RUN,NOT_RUN,NOT_RUN,test1_demo,1,1,killed,-6,0.124,,<missing>,"golden driver exited -6, wrote no artifact -- test1 kill only"
wavelet,ast_emitted,42dfd2662d70662a,cxx_rel_swap,haar_x.halide_generated.cpp,2814,18,operator== -> operator>,m354_cxx_rel_swap_operator_gt,OK,568f40604d6df3b0,OK,KILLED,NOT_RUN,NOT_RUN,NOT_RUN,test1_demo,1,1,killed,-6,0.135,,<missing>,"golden driver exited -6, wrote no artifact -- test1 kill only"
wavelet,ast_emitted,a8ba909418f91180,cxx_rel_swap,haar_x.halide_generated.cpp,2807,18,operator== -> operator!=,m351_cxx_rel_swap_operator_not_eq,OK,9223dc87c2266d05,OK,KILLED,NOT_RUN,NOT_RUN,NOT_RUN,test1_demo,1,1,killed,-6,0.190,,<missing>,"golden driver exited -6, wrote no artifact -- test1 kill only"
wavelet,ast_emitted,095896bf9702a4f9,cxx_rel_swap,haar_x.halide_generated.cpp,2807,18,operator== -> operator<=,m348_cxx_rel_swap_operator_lt_eq,OK,b1a9962aab576ad9,OK,SURVIVED,SURVIVED,NOT_RUN,NOT_RUN,,0,0,,0,1.298,,f12ad6f2a1736a40,
wavelet,ast_emitted,abb8c6ed913555b4,cxx_rel_swap,haar_x.halide_generated.cpp,2821,18,operator== -> operator<,m357_cxx_rel_swap_operator_lt,OK,a8739d1f0a979ebe,OK,KILLED,NOT_RUN,NOT_RUN,NOT_RUN,test1_demo,1,1,killed,-6,0.061,,<missing>,"golden driver exited -6, wrote no artifact -- test1 kill only"
wavelet,ast_emitted,e1ec02865c5a3ff8,cxx_rel_swap,haar_x.halide_generated.cpp,2814,18,operator== -> operator!=,m356_cxx_rel_swap_operator_not_eq,OK,953ff7066262f9e0,OK,KILLED,NOT_RUN,NOT_RUN,NOT_RUN,test1_demo,1,1,killed,-6,0.184,,<missing>,"golden driver exited -6, wrote no artifact -- test1 kill only"
wavelet,ast_emitted,a9997700e0ca3e82,cxx_rel_swap,haar_x.halide_generated.cpp,2807,18,operator== -> operator>=,m350_cxx_rel_swap_operator_gt_eq,OK,16618a25478b6eaf,OK,SURVIVED,SURVIVED,NOT_RUN,NOT_RUN,,0,0,,0,1.224,,f12ad6f2a1736a40,
wavelet,ast_emitted,842e5dc38ba96388,cxx_rel_swap,haar_x.halide_generated.cpp,2821,18,operator== -> operator>,m359_cxx_rel_swap_operator_gt,OK,d5e630b208ec4499,OK,KILLED,NOT_RUN,NOT_RUN,NOT_RUN,test1_demo,1,1,killed,-6,0.123,,<missing>,"golden driver exited -6, wrote no artifact -- test1 kill only"
wavelet,ast_emitted,34f72e71cd3a960e,cxx_rel_swap,haar_x.halide_generated.cpp,2814,18,operator== -> operator<=,m353_cxx_rel_swap_operator_lt_eq,OK,3675490179fb62d2,OK,SURVIVED,SURVIVED,NOT_RUN,NOT_RUN,,0,0,,0,1.006,,f12ad6f2a1736a40,
wavelet,ast_emitted,17d5d463f003943a,cxx_rel_swap,haar_x.halide_generated.cpp,2821,18,operator== -> operator!=,m361_cxx_rel_swap_operator_not_eq,OK,256cc6960513df8a,OK,KILLED,NOT_RUN,NOT_RUN,NOT_RUN,test1_demo,1,1,killed,-6,0.122,,<missing>,"golden driver exited -6, wrote no artifact -- test1 kill only"
wavelet,ast_emitted,bb93da73d7aaab16,cxx_rel_swap,haar_x.halide_generated.cpp,2814,18,operator== -> operator>=,m355_cxx_rel_swap_operator_gt_eq,OK,644ae909e89ad84e,OK,SURVIVED,SURVIVED,NOT_RUN,NOT_RUN,,0,0,,0,1.810,,f12ad6f2a1736a40,
wavelet,ast_emitted,24b7d67e0db46b46,cxx_rel_swap,haar_x.halide_generated.cpp,2827,18,operator<= -> operator<,m362_cxx_rel_swap_operator_lt,OK,ecbbd1fb90158322,OK,KILLED,NOT_RUN,NOT_RUN,NOT_RUN,test1_demo,1,1,killed,1,0.123,,<missing>,"golden driver exited 1, wrote no artifact -- test1 kill only"
wavelet,ast_emitted,02b78d28801a1f23,cxx_rel_swap,haar_x.halide_generated.cpp,2827,18,operator<= -> operator>,m363_cxx_rel_swap_operator_gt,OK,1821ac01fa25e397,OK,KILLED,NOT_RUN,NOT_RUN,NOT_RUN,test1_demo,1,1,killed,1,0.121,,<missing>,"golden driver exited 1, wrote no artifact -- test1 kill only"
wavelet,ast_emitted,21c23f01eda043ec,cxx_rel_swap,haar_x.halide_generated.cpp,2821,18,operator== -> operator<=,m358_cxx_rel_swap_operator_lt_eq,OK,270e3c0f85780785,OK,SURVIVED,SURVIVED,NOT_RUN,NOT_RUN,,0,0,,0,0.836,,f12ad6f2a1736a40,
wavelet,ast_emitted,faa0ecb7435afb4a,cxx_rel_swap,haar_x.halide_generated.cpp,2827,18,operator<= -> operator!=,m366_cxx_rel_swap_operator_not_eq,OK,ecbbd1fb90158322,OK,KILLED,NOT_RUN,NOT_RUN,NOT_RUN,test1_demo,1,1,killed,1,0.060,,<missing>,"golden driver exited 1, wrote no artifact -- test1 kill only"
wavelet,ast_emitted,abb80d60b086501a,cxx_rel_swap,haar_x.halide_generated.cpp,2821,18,operator== -> operator>=,m360_cxx_rel_swap_operator_gt_eq,OK,bdcc3ec32caa37cd,OK,SURVIVED,SURVIVED,NOT_RUN,NOT_RUN,,0,0,,0,1.481,,f12ad6f2a1736a40,
wavelet,ast_emitted,32206ac09ae04d65,cxx_arith_swap,haar_x.halide_generated.cpp,2828,21,operator+ -> operator/,m369_cxx_arith_swap_operator_div,OK,8eb162510c1e4e04,OK,KILLED,NOT_RUN,NOT_RUN,NOT_RUN,test1_demo,1,1,killed,-8,0.061,,<missing>,"golden driver exited -8, wrote no artifact -- test1 kill only"
wavelet,ast_emitted,35f9ad371a83c4ee,cxx_rel_swap,haar_x.halide_generated.cpp,2827,18,operator<= -> operator==,m365_cxx_rel_swap_operator_eq_eq,OK,ccbb7e8a87428c3a,OK,SURVIVED,SURVIVED,NOT_RUN,NOT_RUN,,0,0,,0,0.839,,f12ad6f2a1736a40,
wavelet,ast_emitted,f281aea21408c256,cxx_rel_swap,haar_x.halide_generated.cpp,2827,18,operator<= -> operator>=,m364_cxx_rel_swap_operator_gt_eq,OK,ccbb7e8a87428c3a,OK,SURVIVED,SURVIVED,NOT_RUN,NOT_RUN,,0,0,,0,0.839,,f12ad6f2a1736a40,
wavelet,ast_emitted,12911d92f357d79a,cxx_arith_swap,haar_x.halide_generated.cpp,2828,21,operator+ -> operator*,m368_cxx_arith_swap_operator_mul,OK,fc474bb1de07992c,OK,SURVIVED,SURVIVED,NOT_RUN,NOT_RUN,,0,0,,0,1.509,,f12ad6f2a1736a40,
wavelet,ast_emitted,76c4f8af7d11fa28,cxx_arith_swap,haar_x.halide_generated.cpp,2829,21,operator+ -> operator*,m371_cxx_arith_swap_operator_mul,OK,d0b9e6f05179ae28,OK,SURVIVED,SURVIVED,NOT_RUN,NOT_RUN,,0,0,,0,0.837,,f12ad6f2a1736a40,
wavelet,ast_emitted,de5f35fd66d68e98,cxx_arith_swap,haar_x.halide_generated.cpp,2828,21,operator+ -> operator-,m367_cxx_arith_swap_operator_sub,OK,c523b92608ad914c,OK,SURVIVED,SURVIVED,NOT_RUN,NOT_RUN,,0,0,,0,1.333,,f12ad6f2a1736a40,
wavelet,ast_emitted,f6ccecb9e224a60f,cxx_rel_swap,haar_x.halide_generated.cpp,2831,18,operator<= -> operator<,m376_cxx_rel_swap_operator_lt,OK,98f27a932018fedb,OK,KILLED,NOT_RUN,NOT_RUN,NOT_RUN,test1_demo,1,1,killed,1,0.060,,<missing>,"golden driver exited 1, wrote no artifact -- test1 kill only"
wavelet,ast_emitted,7ebd74f7a1efa54b,cxx_arith_swap,haar_x.halide_generated.cpp,2829,21,operator+ -> operator/,m372_cxx_arith_swap_operator_div,OK,d0b9e6f05179ae28,OK,SURVIVED,SURVIVED,NOT_RUN,NOT_RUN,,0,0,,0,0.836,,f12ad6f2a1736a40,
wavelet,ast_emitted,0452ec9e09967aab,cxx_arith_swap,haar_x.halide_generated.cpp,2830,21,operator+ -> operator-,m373_cxx_arith_swap_operator_sub,OK,c8a5aeadfecbce9a,OK,SURVIVED,SURVIVED,NOT_RUN,NOT_RUN,,0,0,,0,0.832,,f12ad6f2a1736a40,
wavelet,ast_emitted,58b06d952f082363,cxx_arith_swap,haar_x.halide_generated.cpp,2830,21,operator+ -> operator*,m374_cxx_arith_swap_operator_mul,OK,fcf602e88633e37f,OK,KILLED,NOT_RUN,NOT_RUN,NOT_RUN,test1_demo,1,1,killed,1,0.121,,<missing>,"golden driver exited 1, wrote no artifact -- test1 kill only"
wavelet,ast_emitted,8755f07959994a80,cxx_rel_swap,haar_x.halide_generated.cpp,2831,18,operator<= -> operator>,m377_cxx_rel_swap_operator_gt,OK,48b775132e3583b0,OK,KILLED,NOT_RUN,NOT_RUN,NOT_RUN,test1_demo,1,1,killed,1,0.061,,<missing>,"golden driver exited 1, wrote no artifact -- test1 kill only"
wavelet,ast_emitted,dc5aed4e18dad76e,cxx_arith_swap,haar_x.halide_generated.cpp,2830,21,operator+ -> operator/,m375_cxx_arith_swap_operator_div,OK,a43baf7afd36a267,OK,KILLED,NOT_RUN,NOT_RUN,NOT_RUN,test1_demo,1,1,killed,-8,0.140,,<missing>,"golden driver exited -8, wrote no artifact -- test1 kill only"
wavelet,ast_emitted,df32336e334c9d12,cxx_rel_swap,haar_x.halide_generated.cpp,2831,18,operator<= -> operator!=,m380_cxx_rel_swap_operator_not_eq,OK,1d6c3ba89320e495,OK,KILLED,NOT_RUN,NOT_RUN,NOT_RUN,test1_demo,1,1,killed,1,0.061,,<missing>,"golden driver exited 1, wrote no artifact -- test1 kill only"
wavelet,ast_emitted,642f4a0851e84678,cxx_arith_swap,haar_x.halide_generated.cpp,2829,21,operator+ -> operator-,m370_cxx_arith_swap_operator_sub,OK,95d9bf3fdf3c2dd6,OK,SURVIVED,SURVIVED,NOT_RUN,NOT_RUN,,0,0,,0,1.795,,f12ad6f2a1736a40,
wavelet,ast_emitted,47e71fdedd316117,cxx_rel_swap,haar_x.halide_generated.cpp,2831,18,operator<= -> operator>=,m378_cxx_rel_swap_operator_gt_eq,OK,6b8d22c0f1a1e996,OK,SURVIVED,SURVIVED,NOT_RUN,NOT_RUN,,0,0,,0,0.836,,f12ad6f2a1736a40,
wavelet,ast_emitted,3732cbae8bc3ee60,cxx_rel_swap,haar_x.halide_generated.cpp,2831,18,operator<= -> operator==,m379_cxx_rel_swap_operator_eq_eq,OK,99de43064813f9a0,OK,SURVIVED,SURVIVED,NOT_RUN,NOT_RUN,,0,0,,0,0.833,,f12ad6f2a1736a40,
wavelet,ast_emitted,56a92ccbefd4522a,cxx_arith_swap,haar_x.halide_generated.cpp,2835,23,operator+ -> operator/,m383_cxx_arith_swap_operator_div,OK,050dfa0a1eb0554c,OK,SURVIVED,SURVIVED,NOT_RUN,NOT_RUN,,0,0,,0,0.834,,f12ad6f2a1736a40,
wavelet,ast_emitted,0bec5d278d8b47fb,cxx_arith_swap,haar_x.halide_generated.cpp,2835,23,operator+ -> operator-,m381_cxx_arith_swap_operator_sub,OK,5517cbf35aa82aa3,OK,SURVIVED,SURVIVED,NOT_RUN,NOT_RUN,,0,0,,0,1.512,,f12ad6f2a1736a40,
wavelet,ast_emitted,77b1ccd166a817af,cxx_arith_swap,haar_x.halide_generated.cpp,2836,23,operator+ -> operator*,m385_cxx_arith_swap_operator_mul,OK,35341cefc6b5578d,OK,SURVIVED,SURVIVED,NOT_RUN,NOT_RUN,,0,0,,0,0.836,,f12ad6f2a1736a40,
wavelet,ast_emitted,9e4712ae3acc8faa,cxx_arith_swap,haar_x.halide_generated.cpp,2836,23,operator+ -> operator/,m386_cxx_arith_swap_operator_div,OK,07fccf0228dbe438,OK,SURVIVED,SURVIVED,NOT_RUN,NOT_RUN,,0,0,,0,0.838,,f12ad6f2a1736a40,
wavelet,ast_emitted,ec48ec460fb759f7,cxx_arith_swap,haar_x.halide_generated.cpp,2835,23,operator+ -> operator*,m382_cxx_arith_swap_operator_mul,OK,e3c4a1f99e3048e3,OK,SURVIVED,SURVIVED,NOT_RUN,NOT_RUN,,0,0,,0,1.853,,f12ad6f2a1736a40,
wavelet,ast_emitted,a2b00813a02abb3f,cxx_rel_swap,haar_x.halide_generated.cpp,2841,17,operator<= -> operator>,m391_cxx_rel_swap_operator_gt,OK,f8ffbc4b36bd07aa,OK,KILLED,NOT_RUN,NOT_RUN,NOT_RUN,test1_demo,1,1,killed,-6,0.061,,<missing>,"golden driver exited -6, wrote no artifact -- test1 kill only"
wavelet,ast_emitted,ce7afb5570ce6c29,cxx_rel_swap,haar_x.halide_generated.cpp,2841,17,operator<= -> operator>=,m392_cxx_rel_swap_operator_gt_eq,OK,582bfe3388b26b40,OK,KILLED,NOT_RUN,NOT_RUN,NOT_RUN,test1_demo,1,1,killed,-6,0.060,,<missing>,"golden driver exited -6, wrote no artifact -- test1 kill only"
wavelet,ast_emitted,0ee6d04b93354daa,cxx_arith_swap,haar_x.halide_generated.cpp,2836,23,operator+ -> operator-,m384_cxx_arith_swap_operator_sub,OK,60c9d437bb986298,OK,SURVIVED,SURVIVED,NOT_RUN,NOT_RUN,,0,0,,0,1.690,,f12ad6f2a1736a40,
wavelet,ast_emitted,037030f496bf6952,cxx_arith_swap,haar_x.halide_generated.cpp,2837,24,operator+ -> operator*,m388_cxx_arith_swap_operator_mul,OK,a1459e2cc9e3d95c,OK,SURVIVED,SURVIVED,NOT_RUN,NOT_RUN,,0,0,,0,0.835,,f12ad6f2a1736a40,
wavelet,ast_emitted,3772d8f8a01f8b6d,cxx_rel_swap,haar_x.halide_generated.cpp,2841,17,operator<= -> operator==,m393_cxx_rel_swap_operator_eq_eq,OK,47b457b9bc2d866f,OK,KILLED,NOT_RUN,NOT_RUN,NOT_RUN,test1_demo,1,1,killed,-6,0.061,,<missing>,"golden driver exited -6, wrote no artifact -- test1 kill only"
wavelet,ast_emitted,64eb421a5879e628,cxx_arith_swap,haar_x.halide_generated.cpp,2837,24,operator+ -> operator/,m389_cxx_arith_swap_operator_div,OK,a1459e2cc9e3d95c,OK,SURVIVED,SURVIVED,NOT_RUN,NOT_RUN,,0,0,,0,0.837,,f12ad6f2a1736a40,
wavelet,ast_emitted,33ea079ba6da23d3,cxx_arith_swap,haar_x.halide_generated.cpp,2837,24,operator+ -> operator-,m387_cxx_arith_swap_operator_sub,OK,a733fc79259f5b3a,OK,SURVIVED,SURVIVED,NOT_RUN,NOT_RUN,,0,0,,0,1.923,,f12ad6f2a1736a40,
wavelet,ast_emitted,0a4b1d96fd427a7d,cxx_rel_swap,haar_x.halide_generated.cpp,2847,19,operator<= -> operator<,m395_cxx_rel_swap_operator_lt,OK,a1224ca3728cc2b6,OK,KILLED,NOT_RUN,NOT_RUN,NOT_RUN,test1_demo,1,1,killed,1,0.061,,<missing>,"golden driver exited 1, wrote no artifact -- test1 kill only"
wavelet,ast_emitted,5285f22179786981,cxx_rel_swap,haar_x.halide_generated.cpp,2847,19,operator<= -> operator>,m396_cxx_rel_swap_operator_gt,OK,bc1a6f760a08f01e,OK,KILLED,NOT_RUN,NOT_RUN,NOT_RUN,test1_demo,1,1,killed,1,0.063,,<missing>,"golden driver exited 1, wrote no artifact -- test1 kill only"
wavelet,ast_emitted,5504fde9e76458b0,cxx_rel_swap,haar_x.halide_generated.cpp,2841,17,operator<= -> operator<,m390_cxx_rel_swap_operator_lt,OK,bb00e65fd44d6d04,OK,SURVIVED,SURVIVED,NOT_RUN,NOT_RUN,,0,0,,0,0.833,,f12ad6f2a1736a40,
wavelet,ast_emitted,d67052b36a1a9c64,cxx_rel_swap,haar_x.halide_generated.cpp,2847,19,operator<= -> operator!=,m399_cxx_rel_swap_operator_not_eq,OK,a1224ca3728cc2b6,OK,KILLED,NOT_RUN,NOT_RUN,NOT_RUN,test1_demo,1,1,killed,1,0.123,,<missing>,"golden driver exited 1, wrote no artifact -- test1 kill only"
wavelet,ast_emitted,b664782e2cdeb63b,cxx_rel_swap,haar_x.halide_generated.cpp,2847,19,operator<= -> operator>=,m397_cxx_rel_swap_operator_gt_eq,OK,ef057f13c8445c5b,OK,SURVIVED,SURVIVED,NOT_RUN,NOT_RUN,,0,0,,0,0.834,,f12ad6f2a1736a40,
wavelet,ast_emitted,9be5fa3de234950a,cxx_rel_swap,haar_x.halide_generated.cpp,2841,17,operator<= -> operator!=,m394_cxx_rel_swap_operator_not_eq,OK,341042244a593f6f,OK,SURVIVED,SURVIVED,NOT_RUN,NOT_RUN,,0,0,,0,1.077,,f12ad6f2a1736a40,
wavelet,ast_emitted,145c3e83017c0537,cxx_rel_swap,haar_x.halide_generated.cpp,2847,19,operator<= -> operator==,m398_cxx_rel_swap_operator_eq_eq,OK,ef057f13c8445c5b,OK,SURVIVED,SURVIVED,NOT_RUN,NOT_RUN,,0,0,,0,0.839,,f12ad6f2a1736a40,
wavelet,ast_emitted,c57be5b1dc08c87e,cxx_arith_swap,haar_x.halide_generated.cpp,2848,22,operator+ -> operator/,m402_cxx_arith_swap_operator_div,OK,7de7de251ba61c67,OK,KILLED,NOT_RUN,NOT_RUN,NOT_RUN,test1_demo,1,1,killed,-8,0.123,,<missing>,"golden driver exited -8, wrote no artifact -- test1 kill only"
wavelet,ast_emitted,5c9fa8f864fc722f,cxx_arith_swap,haar_x.halide_generated.cpp,2849,22,operator+ -> operator/,m405_cxx_arith_swap_operator_div,OK,1a6a325cbc64e585,OK,KILLED,NOT_RUN,NOT_RUN,NOT_RUN,test1_demo,1,1,killed,-8,0.061,,<missing>,"golden driver exited -8, wrote no artifact -- test1 kill only"
wavelet,ast_emitted,c95757362c58993a,cxx_arith_swap,haar_x.halide_generated.cpp,2849,22,operator+ -> operator*,m404_cxx_arith_swap_operator_mul,OK,41e5ca15e4834d6c,OK,KILLED,NOT_RUN,NOT_RUN,NOT_RUN,test1_demo,1,1,killed,1,0.060,,<missing>,"golden driver exited 1, wrote no artifact -- test1 kill only"
wavelet,ast_emitted,5b3409f103fa89ef,cxx_arith_swap,haar_x.halide_generated.cpp,2848,22,operator+ -> operator-,m400_cxx_arith_swap_operator_sub,OK,6b7ce0224ada98ae,OK,SURVIVED,SURVIVED,NOT_RUN,NOT_RUN,,0,0,,0,1.328,,f12ad6f2a1736a40,
wavelet,ast_emitted,d1fcdefceb45d504,cxx_rel_swap,haar_x.halide_generated.cpp,2850,20,operator<= -> operator>,m407_cxx_rel_swap_operator_gt,OK,1782812ec235f258,OK,KILLED,NOT_RUN,NOT_RUN,NOT_RUN,test1_demo,1,1,killed,1,0.060,,<missing>,"golden driver exited 1, wrote no artifact -- test1 kill only"
wavelet,ast_emitted,d58bd6863a9e797d,cxx_rel_swap,haar_x.halide_generated.cpp,2850,20,operator<= -> operator<,m406_cxx_rel_swap_operator_lt,OK,16fa903611c47c58,OK,KILLED,NOT_RUN,NOT_RUN,NOT_RUN,test1_demo,1,1,killed,1,0.061,,<missing>,"golden driver exited 1, wrote no artifact -- test1 kill only"
wavelet,ast_emitted,0bcfae7fb3d0499e,cxx_rel_swap,haar_x.halide_generated.cpp,2850,20,operator<= -> operator!=,m410_cxx_rel_swap_operator_not_eq,OK,6d235d90b718ccfa,OK,KILLED,NOT_RUN,NOT_RUN,NOT_RUN,test1_demo,1,1,killed,1,0.061,,<missing>,"golden driver exited 1, wrote no artifact -- test1 kill only"
wavelet,ast_emitted,6529b3ebef6ac03e,cxx_arith_swap,haar_x.halide_generated.cpp,2849,22,operator+ -> operator-,m403_cxx_arith_swap_operator_sub,OK,5a5b73f07f16be31,OK,SURVIVED,SURVIVED,NOT_RUN,NOT_RUN,,0,0,,0,0.833,,f12ad6f2a1736a40,
wavelet,ast_emitted,9b66b32476895a49,cxx_rel_swap,haar_x.halide_generated.cpp,2850,20,operator<= -> operator==,m409_cxx_rel_swap_operator_eq_eq,OK,d515bbc81ba12d43,OK,SURVIVED,SURVIVED,NOT_RUN,NOT_RUN,,0,0,,0,0.832,,f12ad6f2a1736a40,
wavelet,ast_emitted,1558958eccc2cc1b,cxx_arith_swap,haar_x.halide_generated.cpp,2848,22,operator+ -> operator*,m401_cxx_arith_swap_operator_mul,OK,82fdb14727346534,OK,SURVIVED,SURVIVED,NOT_RUN,NOT_RUN,,0,0,,0,1.676,,f12ad6f2a1736a40,
wavelet,ast_emitted,a9acf6956ebeffe4,cxx_rel_swap,haar_x.halide_generated.cpp,2850,20,operator<= -> operator>=,m408_cxx_rel_swap_operator_gt_eq,OK,247813c360b6aba6,OK,SURVIVED,SURVIVED,NOT_RUN,NOT_RUN,,0,0,,0,1.560,,f12ad6f2a1736a40,
wavelet,ast_emitted,470b1cb97e9099bb,cxx_arith_swap,haar_x.halide_generated.cpp,2854,23,operator+ -> operator-,m411_cxx_arith_swap_operator_sub,OK,9d94698570480758,OK,SURVIVED,SURVIVED,NOT_RUN,NOT_RUN,,0,0,,0,0.842,,f12ad6f2a1736a40,
wavelet,ast_emitted,5b3e04d58772bfe6,cxx_arith_swap,haar_x.halide_generated.cpp,2855,24,operator+ -> operator-,m414_cxx_arith_swap_operator_sub,OK,99e3f9b1fc316739,OK,SURVIVED,SURVIVED,NOT_RUN,NOT_RUN,,0,0,,0,0.851,,f12ad6f2a1736a40,
wavelet,ast_emitted,92e6dd45724850d2,cxx_arith_swap,haar_x.halide_generated.cpp,2855,24,operator+ -> operator/,m416_cxx_arith_swap_operator_div,OK,eb6a31a383284e4c,OK,SURVIVED,SURVIVED,NOT_RUN,NOT_RUN,,0,0,,0,0.835,,f12ad6f2a1736a40,
wavelet,ast_emitted,c4bfa59302c73ad8,cxx_arith_swap,haar_x.halide_generated.cpp,2856,23,operator+ -> operator-,m417_cxx_arith_swap_operator_sub,OK,30fb95fb63c717fb,OK,SURVIVED,SURVIVED,NOT_RUN,NOT_RUN,,0,0,,0,0.838,,f12ad6f2a1736a40,
wavelet,ast_emitted,942b39612fa931df,cxx_arith_swap,haar_x.halide_generated.cpp,2854,23,operator+ -> operator/,m413_cxx_arith_swap_operator_div,OK,fd999115d32e96e5,OK,SURVIVED,SURVIVED,NOT_RUN,NOT_RUN,,0,0,,0,1.739,,f12ad6f2a1736a40,
wavelet,ast_emitted,f4ecd00fb2c89d97,cxx_arith_swap,haar_x.halide_generated.cpp,2854,23,operator+ -> operator*,m412_cxx_arith_swap_operator_mul,OK,48b3e54ec9e757a8,OK,SURVIVED,SURVIVED,NOT_RUN,NOT_RUN,,0,0,,0,1.736,,f12ad6f2a1736a40,
wavelet,ast_emitted,3e5e9b366ad8d202,cxx_arith_swap,haar_x.halide_generated.cpp,2855,24,operator+ -> operator*,m415_cxx_arith_swap_operator_mul,OK,eb6a31a383284e4c,OK,SURVIVED,SURVIVED,NOT_RUN,NOT_RUN,,0,0,,0,1.642,,f12ad6f2a1736a40,
wavelet,ast_emitted,ccec053754760c87,cxx_arith_swap,haar_x.halide_generated.cpp,2856,23,operator+ -> operator*,m418_cxx_arith_swap_operator_mul,OK,8e50d0e0915eb722,OK,SURVIVED,SURVIVED,NOT_RUN,NOT_RUN,,0,0,,0,0.840,,f12ad6f2a1736a40,
wavelet,ast_emitted,90a3138fb727cdd1,cxx_arith_swap,haar_x.halide_generated.cpp,2857,24,operator+ -> operator/,m422_cxx_arith_swap_operator_div,OK,79e4b4a37052fba1,OK,SURVIVED,SURVIVED,NOT_RUN,NOT_RUN,,0,0,,0,0.840,,f12ad6f2a1736a40,
wavelet,ast_emitted,cfbb5b8d68762102,cxx_arith_swap,haar_x.halide_generated.cpp,2857,24,operator+ -> operator-,m420_cxx_arith_swap_operator_sub,OK,348b5566e9baafb9,OK,SURVIVED,SURVIVED,NOT_RUN,NOT_RUN,,0,0,,0,0.834,,f12ad6f2a1736a40,
wavelet,ast_emitted,c2f7b796bc528102,cxx_rel_swap,haar_x.halide_generated.cpp,2861,17,operator<= -> operator>,m424_cxx_rel_swap_operator_gt,OK,ee3dd2100a99fbbb,OK,KILLED,NOT_RUN,NOT_RUN,NOT_RUN,test1_demo,1,1,killed,-6,0.063,,<missing>,"golden driver exited -6, wrote no artifact -- test1 kill only"
wavelet,ast_emitted,28eb689a58eb03a1,cxx_arith_swap,haar_x.halide_generated.cpp,2857,24,operator+ -> operator*,m421_cxx_arith_swap_operator_mul,OK,79e4b4a37052fba1,OK,SURVIVED,SURVIVED,NOT_RUN,NOT_RUN,,0,0,,0,0.833,,f12ad6f2a1736a40,
wavelet,ast_emitted,8a75931c090e7dde,cxx_rel_swap,haar_x.halide_generated.cpp,2861,17,operator<= -> operator>=,m425_cxx_rel_swap_operator_gt_eq,OK,e7de81052aada857,OK,KILLED,NOT_RUN,NOT_RUN,NOT_RUN,test1_demo,1,1,killed,-6,0.061,,<missing>,"golden driver exited -6, wrote no artifact -- test1 kill only"
wavelet,ast_emitted,59f4e67ed266ee9c,cxx_rel_swap,haar_x.halide_generated.cpp,2861,17,operator<= -> operator==,m426_cxx_rel_swap_operator_eq_eq,OK,726dbf1084b2f5ed,OK,KILLED,NOT_RUN,NOT_RUN,NOT_RUN,test1_demo,1,1,killed,-6,0.060,,<missing>,"golden driver exited -6, wrote no artifact -- test1 kill only"
wavelet,ast_emitted,831dc657dcbfbd12,cxx_arith_swap,haar_x.halide_generated.cpp,2856,23,operator+ -> operator/,m419_cxx_arith_swap_operator_div,OK,b6f1b5dceb6a6aae,OK,SURVIVED,SURVIVED,NOT_RUN,NOT_RUN,,0,0,,0,1.779,,f12ad6f2a1736a40,
wavelet,ast_emitted,0078189a640044b9,cxx_rel_swap,haar_x.halide_generated.cpp,2861,17,operator<= -> operator<,m423_cxx_rel_swap_operator_lt,OK,9b269ffec21292ef,OK,SURVIVED,SURVIVED,NOT_RUN,NOT_RUN,,0,0,,0,0.833,,f12ad6f2a1736a40,
wavelet,ast_emitted,f7de4e5aceac9cd0,cxx_rel_swap,haar_x.halide_generated.cpp,2867,17,operator<= -> operator>,m429_cxx_rel_swap_operator_gt,OK,bde89b00a76d1658,OK,KILLED,NOT_RUN,NOT_RUN,NOT_RUN,test1_demo,1,1,killed,-6,0.144,,<missing>,"golden driver exited -6, wrote no artifact -- test1 kill only"
wavelet,ast_emitted,5ffaddca45eb4807,cxx_rel_swap,haar_x.halide_generated.cpp,2867,17,operator<= -> operator>=,m430_cxx_rel_swap_operator_gt_eq,OK,341638225e4cbe44,OK,KILLED,NOT_RUN,NOT_RUN,NOT_RUN,test1_demo,1,1,killed,-6,0.121,,<missing>,"golden driver exited -6, wrote no artifact -- test1 kill only"
wavelet,ast_emitted,4a053ffb512afb95,cxx_rel_swap,haar_x.halide_generated.cpp,2867,17,operator<= -> operator==,m431_cxx_rel_swap_operator_eq_eq,OK,515c0e4ad271e0a4,OK,KILLED,NOT_RUN,NOT_RUN,NOT_RUN,test1_demo,1,1,killed,-6,0.060,,<missing>,"golden driver exited -6, wrote no artifact -- test1 kill only"
wavelet,ast_emitted,8054973ef946cfd8,cxx_rel_swap,haar_x.halide_generated.cpp,2873,17,operator<= -> operator>=,m435_cxx_rel_swap_operator_gt_eq,OK,6ecafe3ad40f0792,OK,KILLED,NOT_RUN,NOT_RUN,NOT_RUN,test1_demo,1,1,killed,-6,0.061,,<missing>,"golden driver exited -6, wrote no artifact -- test1 kill only"
wavelet,ast_emitted,f091b4f236272f08,cxx_rel_swap,haar_x.halide_generated.cpp,2861,17,operator<= -> operator!=,m427_cxx_rel_swap_operator_not_eq,OK,53ecf6471b8c98f8,OK,SURVIVED,SURVIVED,NOT_RUN,NOT_RUN,,0,0,,0,0.839,,f12ad6f2a1736a40,
wavelet,ast_emitted,e2dd19efcb9de84d,cxx_rel_swap,haar_x.halide_generated.cpp,2873,17,operator<= -> operator>,m434_cxx_rel_swap_operator_gt,OK,4c5e896ed6d08dec,OK,KILLED,NOT_RUN,NOT_RUN,NOT_RUN,test1_demo,1,1,killed,-6,0.123,,<missing>,"golden driver exited -6, wrote no artifact -- test1 kill only"
wavelet,ast_emitted,3515e0a7f10e424c,cxx_rel_swap,haar_x.halide_generated.cpp,2873,17,operator<= -> operator==,m436_cxx_rel_swap_operator_eq_eq,OK,9544cf23fa0c5b82,OK,KILLED,NOT_RUN,NOT_RUN,NOT_RUN,test1_demo,1,1,killed,-6,0.061,,<missing>,"golden driver exited -6, wrote no artifact -- test1 kill only"
wavelet,ast_emitted,866f31a150f4c924,cxx_rel_swap,haar_x.halide_generated.cpp,2867,17,operator<= -> operator!=,m432_cxx_rel_swap_operator_not_eq,OK,e1c14cfa470c3c8d,OK,SURVIVED,SURVIVED,NOT_RUN,NOT_RUN,,0,0,,0,0.834,,f12ad6f2a1736a40,
wavelet,ast_emitted,365484b6a4a18a96,cxx_rel_swap,haar_x.halide_generated.cpp,2867,17,operator<= -> operator<,m428_cxx_rel_swap_operator_lt,OK,606e1fd144ce4e28,OK,SURVIVED,SURVIVED,NOT_RUN,NOT_RUN,,0,0,,0,1.792,,f12ad6f2a1736a40,
wavelet,ast_emitted,d6ced681b9902677,cxx_rel_swap,haar_x.halide_generated.cpp,2879,17,operator<= -> operator<,m438_cxx_rel_swap_operator_lt,OK,c4abddba1134243b,OK,KILLED,NOT_RUN,NOT_RUN,NOT_RUN,test1_demo,1,1,killed,1,0.121,,<missing>,"golden driver exited 1, wrote no artifact -- test1 kill only"
wavelet,ast_emitted,c544bb2ad3fbdbf7,cxx_rel_swap,haar_x.halide_generated.cpp,2879,17,operator<= -> operator>,m439_cxx_rel_swap_operator_gt,OK,eeefdda680610c78,OK,KILLED,NOT_RUN,NOT_RUN,NOT_RUN,test1_demo,1,1,killed,1,0.125,,<missing>,"golden driver exited 1, wrote no artifact -- test1 kill only"
wavelet,ast_emitted,b9d892ef3d4bc680,cxx_rel_swap,haar_x.halide_generated.cpp,2873,17,operator<= -> operator<,m433_cxx_rel_swap_operator_lt,OK,68fd13187afc7d63,OK,SURVIVED,SURVIVED,NOT_RUN,NOT_RUN,,0,0,,0,0.844,,f12ad6f2a1736a40,
wavelet,ast_emitted,390f796fc552decc,cxx_rel_swap,haar_x.halide_generated.cpp,2873,17,operator<= -> operator!=,m437_cxx_rel_swap_operator_not_eq,OK,4cedd5e63e4abfef,OK,SURVIVED,SURVIVED,NOT_RUN,NOT_RUN,,0,0,,0,0.833,,f12ad6f2a1736a40,
wavelet,ast_emitted,515cc7f3e346788b,cxx_rel_swap,haar_x.halide_generated.cpp,2879,17,operator<= -> operator>=,m440_cxx_rel_swap_operator_gt_eq,OK,b3230c0c61a8dd14,OK,SURVIVED,SURVIVED,NOT_RUN,NOT_RUN,,0,0,,0,0.835,,f12ad6f2a1736a40,
wavelet,ast_emitted,07711ee3629b1df6,cxx_rel_swap,haar_x.halide_generated.cpp,2879,17,operator<= -> operator!=,m442_cxx_rel_swap_operator_not_eq,OK,a5d4dab50587e7cb,OK,KILLED,NOT_RUN,NOT_RUN,NOT_RUN,test1_demo,1,1,killed,1,0.123,,<missing>,"golden driver exited 1, wrote no artifact -- test1 kill only"
wavelet,ast_emitted,50acf46c108b820e,cxx_rel_swap,haar_x.halide_generated.cpp,2879,17,operator<= -> operator==,m441_cxx_rel_swap_operator_eq_eq,OK,1802e2eed2811074,OK,SURVIVED,SURVIVED,NOT_RUN,NOT_RUN,,0,0,,0,0.837,,f12ad6f2a1736a40,
wavelet,ast_emitted,06f3c3fb94b1792d,cxx_arith_swap,haar_x.halide_generated.cpp,2882,23,operator+ -> operator*,m444_cxx_arith_swap_operator_mul,OK,2293d5575e97a070,OK,SURVIVED,SURVIVED,NOT_RUN,NOT_RUN,,0,0,,0,0.839,,f12ad6f2a1736a40,
wavelet,ast_emitted,9594a1776fc04760,cxx_arith_swap,haar_x.halide_generated.cpp,2882,23,operator+ -> operator-,m443_cxx_arith_swap_operator_sub,OK,59423d5f863e10e1,OK,SURVIVED,SURVIVED,NOT_RUN,NOT_RUN,,0,0,,0,0.838,,f12ad6f2a1736a40,
wavelet,ast_emitted,d9b904a13caf6827,cxx_arith_swap,haar_x.halide_generated.cpp,2884,24,operator+ -> operator-,m446_cxx_arith_swap_operator_sub,OK,4fec9961057f5266,OK,SURVIVED,SURVIVED,NOT_RUN,NOT_RUN,,0,0,,0,0.834,,f12ad6f2a1736a40,
wavelet,ast_emitted,d826a48e4f566dc9,cxx_arith_swap,haar_x.halide_generated.cpp,2882,23,operator+ -> operator/,m445_cxx_arith_swap_operator_div,OK,c85be76d65670429,OK,SURVIVED,SURVIVED,NOT_RUN,NOT_RUN,,0,0,,0,1.853,,f12ad6f2a1736a40,
wavelet,ast_emitted,928fbfac0bb39745,cxx_arith_swap,haar_x.halide_generated.cpp,2885,24,operator+ -> operator-,m449_cxx_arith_swap_operator_sub,OK,5cb20045386585ed,OK,SURVIVED,SURVIVED,NOT_RUN,NOT_RUN,,0,0,,0,0.836,,f12ad6f2a1736a40,
wavelet,ast_emitted,a843b8c20283e353,cxx_arith_swap,haar_x.halide_generated.cpp,2884,24,operator+ -> operator/,m448_cxx_arith_swap_operator_div,OK,05907cfb10f1d474,OK,SURVIVED,SURVIVED,NOT_RUN,NOT_RUN,,0,0,,0,1.223,,f12ad6f2a1736a40,
wavelet,ast_emitted,cfa6acd1eff9907f,cxx_arith_swap,haar_x.halide_generated.cpp,2884,24,operator+ -> operator*,m447_cxx_arith_swap_operator_mul,OK,0e732f44730c33bb,OK,SURVIVED,SURVIVED,NOT_RUN,NOT_RUN,,0,0,,0,1.784,,f12ad6f2a1736a40,
wavelet,ast_emitted,a2ccbc7902920da1,cxx_arith_swap,haar_x.halide_generated.cpp,2885,24,operator+ -> operator*,m450_cxx_arith_swap_operator_mul,OK,1e65b1c1624c45ec,OK,SURVIVED,SURVIVED,NOT_RUN,NOT_RUN,,0,0,,0,0.839,,f12ad6f2a1736a40,
wavelet,ast_emitted,a09edca2e42d896c,cxx_rel_swap,haar_x.halide_generated.cpp,2890,19,operator== -> operator<,m455_cxx_rel_swap_operator_lt,OK,798e7c73e6729949,OK,KILLED,NOT_RUN,NOT_RUN,NOT_RUN,test1_demo,1,1,killed,-6,0.065,,<missing>,"golden driver exited -6, wrote no artifact -- test1 kill only"
wavelet,ast_emitted,dbc224307d3829fe,cxx_arith_swap,haar_x.halide_generated.cpp,2885,24,operator+ -> operator/,m451_cxx_arith_swap_operator_div,OK,f3943a65ecb167df,OK,SURVIVED,SURVIVED,NOT_RUN,NOT_RUN,,0,0,,0,0.834,,f12ad6f2a1736a40,
wavelet,ast_emitted,fa64490c51fc975b,cxx_rel_swap,haar_x.halide_generated.cpp,2890,19,operator== -> operator>,m457_cxx_rel_swap_operator_gt,OK,10d59a14deb22a0d,OK,KILLED,NOT_RUN,NOT_RUN,NOT_RUN,test1_demo,1,1,killed,-6,0.061,,<missing>,"golden driver exited -6, wrote no artifact -- test1 kill only"
wavelet,ast_emitted,f594ed31b4b4a455,cxx_arith_swap,haar_x.halide_generated.cpp,2886,24,operator+ -> operator*,m453_cxx_arith_swap_operator_mul,OK,8bbda4ac0124c197,OK,SURVIVED,SURVIVED,NOT_RUN,NOT_RUN,,0,0,,0,1.268,,f12ad6f2a1736a40,
wavelet,ast_emitted,9b77f30e3b2b45a4,cxx_rel_swap,haar_x.halide_generated.cpp,2890,19,operator== -> operator!=,m459_cxx_rel_swap_operator_not_eq,OK,958075bfef2c4202,OK,KILLED,NOT_RUN,NOT_RUN,NOT_RUN,test1_demo,1,1,killed,-6,0.060,,<missing>,"golden driver exited -6, wrote no artifact -- test1 kill only"
wavelet,ast_emitted,ac1709fbd33b216d,cxx_arith_swap,haar_x.halide_generated.cpp,2886,24,operator+ -> operator-,m452_cxx_arith_swap_operator_sub,OK,0c0bb6c22deff62d,OK,SURVIVED,SURVIVED,NOT_RUN,NOT_RUN,,0,0,,0,1.269,,f12ad6f2a1736a40,
wavelet,ast_emitted,0dfd968a45f65abf,cxx_arith_swap,haar_x.halide_generated.cpp,2886,24,operator+ -> operator/,m454_cxx_arith_swap_operator_div,OK,8bbda4ac0124c197,OK,SURVIVED,SURVIVED,NOT_RUN,NOT_RUN,,0,0,,0,0.840,,f12ad6f2a1736a40,
wavelet,ast_emitted,b9516aa13683a26d,cxx_rel_swap,haar_x.halide_generated.cpp,2896,19,operator== -> operator<,m460_cxx_rel_swap_operator_lt,OK,430a30e253b5099a,OK,KILLED,NOT_RUN,NOT_RUN,NOT_RUN,test1_demo,1,1,killed,-6,0.061,,<missing>,"golden driver exited -6, wrote no artifact -- test1 kill only"
wavelet,ast_emitted,019d1c9fc76fa9ac,cxx_rel_swap,haar_x.halide_generated.cpp,2896,19,operator== -> operator>,m462_cxx_rel_swap_operator_gt,OK,94bd4b7ff59c2c2c,OK,KILLED,NOT_RUN,NOT_RUN,NOT_RUN,test1_demo,1,1,killed,-6,0.061,,<missing>,"golden driver exited -6, wrote no artifact -- test1 kill only"
wavelet,ast_emitted,81003503d42f9f57,cxx_rel_swap,haar_x.halide_generated.cpp,2890,19,operator== -> operator>=,m458_cxx_rel_swap_operator_gt_eq,OK,fc1393ad10de18be,OK,SURVIVED,SURVIVED,NOT_RUN,NOT_RUN,,0,0,,0,0.841,,f12ad6f2a1736a40,
wavelet,ast_emitted,b9c6110d1e494ba3,cxx_rel_swap,haar_x.halide_generated.cpp,2896,19,operator== -> operator!=,m464_cxx_rel_swap_operator_not_eq,OK,4ec61dd381b1c2d5,OK,KILLED,NOT_RUN,NOT_RUN,NOT_RUN,test1_demo,1,1,killed,-6,0.061,,<missing>,"golden driver exited -6, wrote no artifact -- test1 kill only"
wavelet,ast_emitted,f62608ed208a9e4c,cxx_rel_swap,haar_x.halide_generated.cpp,2890,19,operator== -> operator<=,m456_cxx_rel_swap_operator_lt_eq,OK,16467dab7798dd2a,OK,SURVIVED,SURVIVED,NOT_RUN,NOT_RUN,,0,0,,0,1.806,,f12ad6f2a1736a40,
wavelet,ast_emitted,37e00dfb1d4f3c47,cxx_rel_swap,haar_x.halide_generated.cpp,2896,19,operator== -> operator<=,m461_cxx_rel_swap_operator_lt_eq,OK,d79ba9fa44cb547e,OK,SURVIVED,SURVIVED,NOT_RUN,NOT_RUN,,0,0,,0,0.842,,f12ad6f2a1736a40,
wavelet,ast_emitted,5985630567e43358,cxx_rel_swap,haar_x.halide_generated.cpp,2896,19,operator== -> operator>=,m463_cxx_rel_swap_operator_gt_eq,OK,92219b6c8596d47b,OK,SURVIVED,SURVIVED,NOT_RUN,NOT_RUN,,0,0,,0,0.838,,f12ad6f2a1736a40,
wavelet,ast_emitted,7f780d1dc56a2c4f,cxx_arith_swap,haar_x.halide_generated.cpp,2904,23,operator* -> operator/,m467_cxx_arith_swap_operator_div,OK,e091bdc85e788914,OK,SURVIVED,SURVIVED,NOT_RUN,NOT_RUN,,0,0,,0,0.834,,f12ad6f2a1736a40,
wavelet,ast_emitted,ad4e4ff0f953e50b,cxx_arith_swap,haar_x.halide_generated.cpp,2904,23,operator* -> operator-,m466_cxx_arith_swap_operator_sub,OK,e091bdc85e788914,OK,SURVIVED,SURVIVED,NOT_RUN,NOT_RUN,,0,0,,0,1.540,,f12ad6f2a1736a40,
wavelet,ast_emitted,6df8573ad1bf97b7,cxx_arith_swap,haar_x.halide_generated.cpp,2904,23,operator* -> operator+,m465_cxx_arith_swap_operator_add,OK,ac8a5f28cd178636,OK,SURVIVED,SURVIVED,NOT_RUN,NOT_RUN,,0,0,,0,1.728,,f12ad6f2a1736a40,
wavelet,ast_emitted,4b8d4c9fe40f24bb,cxx_arith_swap,haar_x.halide_generated.cpp,2907,23,operator* -> operator-,m469_cxx_arith_swap_operator_sub,OK,6a322f8a682f3c9e,OK,SURVIVED,SURVIVED,NOT_RUN,NOT_RUN,,0,0,,0,0.837,,f12ad6f2a1736a40,
wavelet,ast_emitted,b3d80486ed10f9d1,cxx_arith_swap,haar_x.halide_generated.cpp,2907,23,operator* -> operator+,m468_cxx_arith_swap_operator_add,OK,4d0557585ebfd247,OK,SURVIVED,SURVIVED,NOT_RUN,NOT_RUN,,0,0,,0,1.839,,f12ad6f2a1736a40,
wavelet,ast_emitted,3e7c5c37440bf071,cxx_arith_swap,haar_x.halide_generated.cpp,2907,23,operator* -> operator/,m470_cxx_arith_swap_operator_div,OK,d31c9e161cc8100a,OK,SURVIVED,SURVIVED,NOT_RUN,NOT_RUN,,0,0,,0,0.839,,f12ad6f2a1736a40,
wavelet,ast_emitted,64b03f9c9c0c2196,cxx_rel_swap,haar_x.halide_generated.cpp,2912,20,operator<= -> operator>,m475_cxx_rel_swap_operator_gt,OK,b617f04781021fbf,OK,KILLED,NOT_RUN,NOT_RUN,NOT_RUN,test1_demo,1,1,killed,-6,0.061,,<missing>,"golden driver exited -6, wrote no artifact -- test1 kill only"
wavelet,ast_emitted,d1a4cf7762bbdd4f,cxx_rel_swap,haar_x.halide_generated.cpp,2912,20,operator<= -> operator>=,m476_cxx_rel_swap_operator_gt_eq,OK,5269a446cd17e9f1,OK,KILLED,NOT_RUN,NOT_RUN,NOT_RUN,test1_demo,1,1,killed,-6,0.061,,<missing>,"golden driver exited -6, wrote no artifact -- test1 kill only"
wavelet,ast_emitted,de24ba384fb07018,cxx_arith_swap,haar_x.halide_generated.cpp,2909,23,operator* -> operator+,m471_cxx_arith_swap_operator_add,OK,0c494b6167ae5ac0,OK,SURVIVED,SURVIVED,NOT_RUN,NOT_RUN,,0,0,,0,0.843,,f12ad6f2a1736a40,
wavelet,ast_emitted,310b029e60d39208,cxx_rel_swap,haar_x.halide_generated.cpp,2912,20,operator<= -> operator<,m474_cxx_rel_swap_operator_lt,OK,0bc375fae2d10178,OK,SURVIVED,SURVIVED,NOT_RUN,NOT_RUN,,0,0,,0,0.835,,f12ad6f2a1736a40,
wavelet,ast_emitted,74c02d51651f434c,cxx_arith_swap,haar_x.halide_generated.cpp,2909,23,operator* -> operator/,m473_cxx_arith_swap_operator_div,OK,f941783a476de33d,OK,SURVIVED,SURVIVED,NOT_RUN,NOT_RUN,,0,0,,0,1.268,,f12ad6f2a1736a40,
wavelet,ast_emitted,427fb8595f303c95,cxx_rel_swap,haar_x.halide_generated.cpp,2912,20,operator<= -> operator==,m477_cxx_rel_swap_operator_eq_eq,OK,365c7b8f81cb2783,OK,KILLED,NOT_RUN,NOT_RUN,NOT_RUN,test1_demo,1,1,killed,-6,0.123,,<missing>,"golden driver exited -6, wrote no artifact -- test1 kill only"
wavelet,ast_emitted,038a73c974876a89,cxx_arith_swap,haar_x.halide_generated.cpp,2909,23,operator* -> operator-,m472_cxx_arith_swap_operator_sub,OK,a7ccd83d2d2b533b,OK,SURVIVED,SURVIVED,NOT_RUN,NOT_RUN,,0,0,,0,1.895,,f12ad6f2a1736a40,
wavelet,ast_emitted,9c48adcaa4fbfbb6,cxx_rel_swap,haar_x.halide_generated.cpp,2912,20,operator<= -> operator!=,m478_cxx_rel_swap_operator_not_eq,OK,c3f940cb694611c3,OK,SURVIVED,SURVIVED,NOT_RUN,NOT_RUN,,0,0,,0,0.835,,f12ad6f2a1736a40,
wavelet,ast_emitted,e4102d17698bedb3,cxx_arith_swap,haar_x.halide_generated.cpp,2922,23,operator* -> operator+,m479_cxx_arith_swap_operator_add,OK,9da448130f5fcf31,OK,SURVIVED,SURVIVED,NOT_RUN,NOT_RUN,,0,0,,0,0.837,,f12ad6f2a1736a40,
wavelet,ast_emitted,c764bb98a2c10b67,cxx_arith_swap,haar_x.halide_generated.cpp,2922,23,operator* -> operator-,m480_cxx_arith_swap_operator_sub,OK,372fa7f5b4041369,OK,SURVIVED,SURVIVED,NOT_RUN,NOT_RUN,,0,0,,0,0.838,,f12ad6f2a1736a40,
wavelet,ast_emitted,f9eb6122f861409d,cxx_arith_swap,haar_x.halide_generated.cpp,2922,23,operator* -> operator/,m481_cxx_arith_swap_operator_div,OK,e2a162e9a6b6cd0e,OK,SURVIVED,SURVIVED,NOT_RUN,NOT_RUN,,0,0,,0,1.552,,f12ad6f2a1736a40,
wavelet,ast_emitted,80b699b0526ae464,cxx_rel_swap,haar_x.halide_generated.cpp,2925,20,operator> -> operator<=,m486_cxx_rel_swap_operator_lt_eq,OK,f22cc988e61b5aee,OK,KILLED,NOT_RUN,NOT_RUN,NOT_RUN,test1_demo,1,1,killed,-6,0.122,,<missing>,"golden driver exited -6, wrote no artifact -- test1 kill only"
wavelet,ast_emitted,0bfb3b0ad2f80abe,cxx_rel_swap,haar_x.halide_generated.cpp,2925,20,operator> -> operator<,m485_cxx_rel_swap_operator_lt,OK,f22cc988e61b5aee,OK,KILLED,NOT_RUN,NOT_RUN,NOT_RUN,test1_demo,1,1,killed,-6,0.125,,<missing>,"golden driver exited -6, wrote no artifact -- test1 kill only"
wavelet,ast_emitted,2d5ea9c3e9b2910b,cxx_rel_swap,haar_x.halide_generated.cpp,2925,20,operator> -> operator>=,m487_cxx_rel_swap_operator_gt_eq,OK,b7ba2cf0fe3e4fcb,OK,NOT_RUN,NOT_RUN,NOT_RUN,NOT_RUN,,0,1,equivalent_tce,,,,,bit-identical machine code at -O2: no test can distinguish it
wavelet,ast_emitted,8e4bad166df7a4a8,cxx_arith_swap,haar_x.halide_generated.cpp,2924,23,operator- -> operator+,m482_cxx_arith_swap_operator_add,OK,a09cc10ac2518452,OK,SURVIVED,SURVIVED,NOT_RUN,NOT_RUN,,0,0,,0,1.811,,f12ad6f2a1736a40,
wavelet,ast_emitted,4f12563e3238e314,cxx_arith_swap,haar_x.halide_generated.cpp,2924,23,operator- -> operator/,m484_cxx_arith_swap_operator_div,OK,f29ea28d650fdda9,OK,SURVIVED,SURVIVED,NOT_RUN,NOT_RUN,,0,0,,0,0.924,,f12ad6f2a1736a40,
wavelet,ast_emitted,ddcd9a84910d79d6,cxx_rel_swap,haar_x.halide_generated.cpp,2925,20,operator> -> operator==,m488_cxx_rel_swap_operator_eq_eq,OK,18cef9a1fdf4fae3,OK,KILLED,NOT_RUN,NOT_RUN,NOT_RUN,test1_demo,1,1,killed,-6,0.065,,<missing>,"golden driver exited -6, wrote no artifact -- test1 kill only"
wavelet,ast_emitted,69566e93ad668e9c,cxx_arith_swap,haar_x.halide_generated.cpp,2924,23,operator- -> operator*,m483_cxx_arith_swap_operator_mul,OK,f29ea28d650fdda9,OK,SURVIVED,SURVIVED,NOT_RUN,NOT_RUN,,0,0,,0,1.208,,f12ad6f2a1736a40,
wavelet,ast_emitted,3c603b9336bd5413,cxx_rel_swap,haar_x.halide_generated.cpp,2930,20,operator<= -> operator>,m491_cxx_rel_swap_operator_gt,OK,cf45c2fb60bb7596,OK,KILLED,NOT_RUN,NOT_RUN,NOT_RUN,test1_demo,1,1,killed,-6,0.123,,<missing>,"golden driver exited -6, wrote no artifact -- test1 kill only"
wavelet,ast_emitted,361abb146a4dd88b,cxx_rel_swap,haar_x.halide_generated.cpp,2930,20,operator<= -> operator>=,m492_cxx_rel_swap_operator_gt_eq,OK,01f1a0dce0bdcbf0,OK,KILLED,NOT_RUN,NOT_RUN,NOT_RUN,test1_demo,1,1,killed,-6,0.158,,<missing>,"golden driver exited -6, wrote no artifact -- test1 kill only"
wavelet,ast_emitted,ca419dad04a101ac,cxx_rel_swap,haar_x.halide_generated.cpp,2930,20,operator<= -> operator==,m493_cxx_rel_swap_operator_eq_eq,OK,03d6ac6e52d038a7,OK,KILLED,NOT_RUN,NOT_RUN,NOT_RUN,test1_demo,1,1,killed,-6,0.139,,<missing>,"golden driver exited -6, wrote no artifact -- test1 kill only"
wavelet,ast_emitted,f808f5c1b486b004,cxx_rel_swap,haar_x.halide_generated.cpp,2925,20,operator> -> operator!=,m489_cxx_rel_swap_operator_not_eq,OK,a09cc10ac2518452,OK,SURVIVED,SURVIVED,NOT_RUN,NOT_RUN,,0,0,,0,0.866,,f12ad6f2a1736a40,
wavelet,ast_emitted,b7bae1a0b14e9a25,cxx_rel_swap,haar_x.halide_generated.cpp,2930,20,operator<= -> operator!=,m494_cxx_rel_swap_operator_not_eq,OK,0123dbe4bc045eaa,OK,SURVIVED,SURVIVED,NOT_RUN,NOT_RUN,,0,0,,0,0.835,,f12ad6f2a1736a40,
wavelet,ast_emitted,cd178fb70c9914df,cxx_rel_swap,haar_x.halide_generated.cpp,2930,20,operator<= -> operator<,m490_cxx_rel_swap_operator_lt,OK,3303af4b09e2f230,OK,SURVIVED,SURVIVED,NOT_RUN,NOT_RUN,,0,0,,0,0.836,,f12ad6f2a1736a40,
wavelet,ast_emitted,c1b4ea2b01f97f0e,cxx_arith_swap,haar_x.halide_generated.cpp,2935,24,operator* -> operator/,m497_cxx_arith_swap_operator_div,OK,9870306b787aceb4,OK,SURVIVED,SURVIVED,NOT_RUN,NOT_RUN,,0,0,,0,0.834,,f12ad6f2a1736a40,
wavelet,ast_emitted,babfdfc793e6f2a9,cxx_arith_swap,haar_x.halide_generated.cpp,2937,24,operator- -> operator+,m498_cxx_arith_swap_operator_add,OK,3d2acc7620f73680,OK,SURVIVED,SURVIVED,NOT_RUN,NOT_RUN,,0,0,,0,0.833,,f12ad6f2a1736a40,
wavelet,ast_emitted,89d9ab2093fb3b1d,cxx_arith_swap,haar_x.halide_generated.cpp,2935,24,operator* -> operator+,m495_cxx_arith_swap_operator_add,OK,41cc16c9b0ff7c98,OK,SURVIVED,SURVIVED,NOT_RUN,NOT_RUN,,0,0,,0,1.857,,f12ad6f2a1736a40,
wavelet,ast_emitted,52a033785850fd99,cxx_rel_swap,haar_x.halide_generated.cpp,2938,21,operator> -> operator>=,m503_cxx_rel_swap_operator_gt_eq,OK,b7ba2cf0fe3e4fcb,OK,NOT_RUN,NOT_RUN,NOT_RUN,NOT_RUN,,0,1,equivalent_tce,,,,,bit-identical machine code at -O2: no test can distinguish it
wavelet,ast_emitted,9035c0be35549420,cxx_arith_swap,haar_x.halide_generated.cpp,2937,24,operator- -> operator*,m499_cxx_arith_swap_operator_mul,OK,3e0e2db36984aa0d,OK,SURVIVED,SURVIVED,NOT_RUN,NOT_RUN,,0,0,,0,0.833,,f12ad6f2a1736a40,
wavelet,ast_emitted,94e2e07523d3fb2a,cxx_arith_swap,haar_x.halide_generated.cpp,2935,24,operator* -> operator-,m496_cxx_arith_swap_operator_sub,OK,615c991cd57f799c,OK,SURVIVED,SURVIVED,NOT_RUN,NOT_RUN,,0,0,,0,1.880,,f12ad6f2a1736a40,
wavelet,ast_emitted,69b8794280e2ee86,cxx_arith_swap,haar_x.halide_generated.cpp,2937,24,operator- -> operator/,m500_cxx_arith_swap_operator_div,OK,3e0e2db36984aa0d,OK,SURVIVED,SURVIVED,NOT_RUN,NOT_RUN,,0,0,,0,1.386,,f12ad6f2a1736a40,
wavelet,ast_emitted,fa64acd2337988e2,cxx_rel_swap,haar_x.halide_generated.cpp,2938,21,operator> -> operator<=,m502_cxx_rel_swap_operator_lt_eq,OK,a88c3a3d864b20a7,OK,SURVIVED,SURVIVED,NOT_RUN,NOT_RUN,,0,0,,0,0.835,,f12ad6f2a1736a40,
wavelet,ast_emitted,a6dc9fc1f1a1dba1,cxx_rel_swap,haar_x.halide_generated.cpp,2947,20,operator<= -> operator>=,m508_cxx_rel_swap_operator_gt_eq,OK,773cc5b1b7393d8d,OK,KILLED,NOT_RUN,NOT_RUN,NOT_RUN,test1_demo,1,1,killed,-6,0.060,,<missing>,"golden driver exited -6, wrote no artifact -- test1 kill only"
wavelet,ast_emitted,6f10c303381bb254,cxx_rel_swap,haar_x.halide_generated.cpp,2938,21,operator> -> operator!=,m505_cxx_rel_swap_operator_not_eq,OK,3d2acc7620f73680,OK,SURVIVED,SURVIVED,NOT_RUN,NOT_RUN,,0,0,,0,0.840,,f12ad6f2a1736a40,
wavelet,ast_emitted,2668ff434eff55ae,cxx_rel_swap,haar_x.halide_generated.cpp,2947,20,operator<= -> operator>,m507_cxx_rel_swap_operator_gt,OK,12f860aa716f3ec7,OK,KILLED,NOT_RUN,NOT_RUN,NOT_RUN,test1_demo,1,1,killed,-6,0.061,,<missing>,"golden driver exited -6, wrote no artifact -- test1 kill only"
wavelet,ast_emitted,885c246eafb6e78d,cxx_rel_swap,haar_x.halide_generated.cpp,2938,21,operator> -> operator==,m504_cxx_rel_swap_operator_eq_eq,OK,2f123fad3d0c2e34,OK,SURVIVED,SURVIVED,NOT_RUN,NOT_RUN,,0,0,,0,0.867,,f12ad6f2a1736a40,
wavelet,ast_emitted,cb97bb6ed869b632,cxx_rel_swap,haar_x.halide_generated.cpp,2938,21,operator> -> operator<,m501_cxx_rel_swap_operator_lt,OK,a88c3a3d864b20a7,OK,SURVIVED,SURVIVED,NOT_RUN,NOT_RUN,,0,0,,0,1.885,,f12ad6f2a1736a40,
wavelet,ast_emitted,f4ed1cc2941abef7,cxx_rel_swap,haar_x.halide_generated.cpp,2947,20,operator<= -> operator==,m509_cxx_rel_swap_operator_eq_eq,OK,606aebcfd95d5510,OK,KILLED,NOT_RUN,NOT_RUN,NOT_RUN,test1_demo,1,1,killed,-6,0.138,,<missing>,"golden driver exited -6, wrote no artifact -- test1 kill only"
wavelet,ast_emitted,fa00e5c88de70aab,cxx_rel_swap,haar_x.halide_generated.cpp,2956,20,operator<= -> operator>,m512_cxx_rel_swap_operator_gt,OK,94a63a662d57f496,OK,KILLED,NOT_RUN,NOT_RUN,NOT_RUN,test1_demo,1,1,killed,-6,0.061,,<missing>,"golden driver exited -6, wrote no artifact -- test1 kill only"
wavelet,ast_emitted,3c4cad743d0c7690,cxx_rel_swap,haar_x.halide_generated.cpp,2947,20,operator<= -> operator<,m506_cxx_rel_swap_operator_lt,OK,4dba34f93b660563,OK,SURVIVED,SURVIVED,NOT_RUN,NOT_RUN,,0,0,,0,1.372,,f12ad6f2a1736a40,
wavelet,ast_emitted,7d3e99a9f8d99a88,cxx_rel_swap,haar_x.halide_generated.cpp,2956,20,operator<= -> operator>=,m513_cxx_rel_swap_operator_gt_eq,OK,59ce53dead859cd4,OK,KILLED,NOT_RUN,NOT_RUN,NOT_RUN,test1_demo,1,1,killed,-6,0.061,,<missing>,"golden driver exited -6, wrote no artifact -- test1 kill only"
wavelet,ast_emitted,122fe1a1f3986a0e,cxx_rel_swap,haar_x.halide_generated.cpp,2956,20,operator<= -> operator==,m514_cxx_rel_swap_operator_eq_eq,OK,ca9de76bc2e1e8f7,OK,KILLED,NOT_RUN,NOT_RUN,NOT_RUN,test1_demo,1,1,killed,-6,0.065,,<missing>,"golden driver exited -6, wrote no artifact -- test1 kill only"
wavelet,ast_emitted,89a47c61c4c16c76,cxx_rel_swap,haar_x.halide_generated.cpp,2956,20,operator<= -> operator!=,m515_cxx_rel_swap_operator_not_eq,OK,2b8c0774c128e80b,OK,SURVIVED,SURVIVED,NOT_RUN,NOT_RUN,,0,0,,0,0.835,,f12ad6f2a1736a40,
wavelet,ast_emitted,f68fe0d6617a88e6,cxx_rel_swap,haar_x.halide_generated.cpp,2947,20,operator<= -> operator!=,m510_cxx_rel_swap_operator_not_eq,OK,17695f0f7602d3bd,OK,SURVIVED,SURVIVED,NOT_RUN,NOT_RUN,,0,0,,0,1.810,,f12ad6f2a1736a40,
wavelet,ast_emitted,eaf84f3a16842138,cxx_arith_swap,haar_x.halide_generated.cpp,2966,23,operator* -> operator/,m518_cxx_arith_swap_operator_div,OK,715e340832b55ee4,OK,SURVIVED,SURVIVED,NOT_RUN,NOT_RUN,,0,0,,0,0.838,,f12ad6f2a1736a40,
wavelet,ast_emitted,9ee54e51b9e4894c,cxx_arith_swap,haar_x.halide_generated.cpp,2966,23,operator* -> operator+,m516_cxx_arith_swap_operator_add,OK,37db4a96b2f37632,OK,SURVIVED,SURVIVED,NOT_RUN,NOT_RUN,,0,0,,0,1.513,,f12ad6f2a1736a40,
wavelet,ast_emitted,e594a3fef8f7e73d,cxx_rel_swap,haar_x.halide_generated.cpp,2956,20,operator<= -> operator<,m511_cxx_rel_swap_operator_lt,OK,0a73f95964de7493,OK,SURVIVED,SURVIVED,NOT_RUN,NOT_RUN,,0,0,,0,1.896,,f12ad6f2a1736a40,
wavelet,ast_emitted,f64fbbbb03111755,cxx_arith_swap,haar_x.halide_generated.cpp,2966,23,operator* -> operator-,m517_cxx_arith_swap_operator_sub,OK,49d8c7e62e3b1133,OK,SURVIVED,SURVIVED,NOT_RUN,NOT_RUN,,0,0,,0,1.390,,f12ad6f2a1736a40,
wavelet,ast_emitted,48f376a5bb748db0,cxx_arith_swap,haar_x.halide_generated.cpp,2968,23,operator- -> operator*,m520_cxx_arith_swap_operator_mul,OK,1699ce9e9458b5dd,OK,SURVIVED,SURVIVED,NOT_RUN,NOT_RUN,,0,0,,0,0.835,,f12ad6f2a1736a40,
wavelet,ast_emitted,43e9c2261abfd666,cxx_rel_swap,haar_x.halide_generated.cpp,2969,20,operator> -> operator<,m522_cxx_rel_swap_operator_lt,OK,47b9d761e27602b2,OK,KILLED,NOT_RUN,NOT_RUN,NOT_RUN,test1_demo,1,1,killed,-6,0.060,,<missing>,"golden driver exited -6, wrote no artifact -- test1 kill only"
wavelet,ast_emitted,950183cd1db9081c,cxx_rel_swap,haar_x.halide_generated.cpp,2969,20,operator> -> operator<=,m523_cxx_rel_swap_operator_lt_eq,OK,47b9d761e27602b2,OK,KILLED,NOT_RUN,NOT_RUN,NOT_RUN,test1_demo,1,1,killed,-6,0.061,,<missing>,"golden driver exited -6, wrote no artifact -- test1 kill only"
wavelet,ast_emitted,ed9430e99d0e89b8,cxx_rel_swap,haar_x.halide_generated.cpp,2969,20,operator> -> operator>=,m524_cxx_rel_swap_operator_gt_eq,OK,b7ba2cf0fe3e4fcb,OK,NOT_RUN,NOT_RUN,NOT_RUN,NOT_RUN,,0,1,equivalent_tce,,,,,bit-identical machine code at -O2: no test can distinguish it
wavelet,ast_emitted,9a46563a11b54abf,cxx_arith_swap,haar_x.halide_generated.cpp,2968,23,operator- -> operator/,m521_cxx_arith_swap_operator_div,OK,1699ce9e9458b5dd,OK,SURVIVED,SURVIVED,NOT_RUN,NOT_RUN,,0,0,,0,0.848,,f12ad6f2a1736a40,
wavelet,ast_emitted,287732a5436a2f08,cxx_arith_swap,haar_x.halide_generated.cpp,2968,23,operator- -> operator+,m519_cxx_arith_swap_operator_add,OK,daecbf288a3295bf,OK,SURVIVED,SURVIVED,NOT_RUN,NOT_RUN,,0,0,,0,0.834,,f12ad6f2a1736a40,
wavelet,ast_emitted,6c9ec934e5278044,cxx_rel_swap,haar_x.halide_generated.cpp,2969,20,operator> -> operator==,m525_cxx_rel_swap_operator_eq_eq,OK,dd85669682ff50b6,OK,KILLED,NOT_RUN,NOT_RUN,NOT_RUN,test1_demo,1,1,killed,-6,0.122,,<missing>,"golden driver exited -6, wrote no artifact -- test1 kill only"
wavelet,ast_emitted,4e9745798a903f78,cxx_rel_swap,haar_x.halide_generated.cpp,2974,20,operator<= -> operator>,m528_cxx_rel_swap_operator_gt,OK,36281ab4185456d7,OK,KILLED,NOT_RUN,NOT_RUN,NOT_RUN,test1_demo,1,1,killed,-6,0.061,,<missing>,"golden driver exited -6, wrote no artifact -- test1 kill only"
wavelet,ast_emitted,176ee32d55cfc379,cxx_rel_swap,haar_x.halide_generated.cpp,2974,20,operator<= -> operator>=,m529_cxx_rel_swap_operator_gt_eq,OK,f99af07bf496314b,OK,KILLED,NOT_RUN,NOT_RUN,NOT_RUN,test1_demo,1,1,killed,-6,0.206,,<missing>,"golden driver exited -6, wrote no artifact -- test1 kill only"
wavelet,ast_emitted,70bfd7526afe3e8c,cxx_rel_swap,haar_x.halide_generated.cpp,2974,20,operator<= -> operator==,m530_cxx_rel_swap_operator_eq_eq,OK,1869f681c5465126,OK,KILLED,NOT_RUN,NOT_RUN,NOT_RUN,test1_demo,1,1,killed,-6,0.145,,<missing>,"golden driver exited -6, wrote no artifact -- test1 kill only"
wavelet,ast_emitted,a87f6db5091668ca,cxx_rel_swap,haar_x.halide_generated.cpp,2969,20,operator> -> operator!=,m526_cxx_rel_swap_operator_not_eq,OK,daecbf288a3295bf,OK,SURVIVED,SURVIVED,NOT_RUN,NOT_RUN,,0,0,,0,0.970,,f12ad6f2a1736a40,
wavelet,ast_emitted,4a6bdba0da35980a,cxx_rel_swap,haar_x.halide_generated.cpp,2974,20,operator<= -> operator<,m527_cxx_rel_swap_operator_lt,OK,eaeac9738ad83a7e,OK,SURVIVED,SURVIVED,NOT_RUN,NOT_RUN,,0,0,,0,0.840,,f12ad6f2a1736a40,
wavelet,ast_emitted,76f629de2fdc0329,cxx_rel_swap,haar_x.halide_generated.cpp,2974,20,operator<= -> operator!=,m531_cxx_rel_swap_operator_not_eq,OK,16d0979a0ef8efd6,OK,SURVIVED,SURVIVED,NOT_RUN,NOT_RUN,,0,0,,0,0.889,,f12ad6f2a1736a40,
wavelet,ast_emitted,fbcc3e9b2cc6becd,cxx_arith_swap,haar_x.halide_generated.cpp,2979,24,operator* -> operator-,m533_cxx_arith_swap_operator_sub,OK,8cd022671216f916,OK,SURVIVED,SURVIVED,NOT_RUN,NOT_RUN,,0,0,,0,0.833,,f12ad6f2a1736a40,
wavelet,ast_emitted,d094324ef82cf4de,cxx_arith_swap,haar_x.halide_generated.cpp,2981,24,operator- -> operator+,m535_cxx_arith_swap_operator_add,OK,0e4baeba97db3ccd,OK,SURVIVED,SURVIVED,NOT_RUN,NOT_RUN,,0,0,,0,1.026,,f12ad6f2a1736a40,
wavelet,ast_emitted,70e473ef4d1c9877,cxx_arith_swap,haar_x.halide_generated.cpp,2979,24,operator* -> operator/,m534_cxx_arith_swap_operator_div,OK,c0442854c3067c29,OK,SURVIVED,SURVIVED,NOT_RUN,NOT_RUN,,0,0,,0,1.986,,f12ad6f2a1736a40,
wavelet,ast_emitted,09fab7cfb3f00340,cxx_arith_swap,haar_x.halide_generated.cpp,2979,24,operator* -> operator+,m532_cxx_arith_swap_operator_add,OK,a996d597b0518640,OK,SURVIVED,SURVIVED,NOT_RUN,NOT_RUN,,0,0,,0,1.783,,f12ad6f2a1736a40,
wavelet,ast_emitted,06c697143524ab1b,cxx_arith_swap,haar_x.halide_generated.cpp,2981,24,operator- -> operator/,m537_cxx_arith_swap_operator_div,OK,540f4a64330ea861,OK,SURVIVED,SURVIVED,NOT_RUN,NOT_RUN,,0,0,,0,0.845,,f12ad6f2a1736a40,
wavelet,ast_emitted,d840cb415cda8dea,cxx_rel_swap,haar_x.halide_generated.cpp,2982,21,operator> -> operator>=,m540_cxx_rel_swap_operator_gt_eq,OK,b7ba2cf0fe3e4fcb,OK,NOT_RUN,NOT_RUN,NOT_RUN,NOT_RUN,,0,1,equivalent_tce,,,,,bit-identical machine code at -O2: no test can distinguish it
wavelet,ast_emitted,3cc475730f6b1afc,cxx_arith_swap,haar_x.halide_generated.cpp,2981,24,operator- -> operator*,m536_cxx_arith_swap_operator_mul,OK,540f4a64330ea861,OK,SURVIVED,SURVIVED,NOT_RUN,NOT_RUN,,0,0,,0,1.862,,f12ad6f2a1736a40,
wavelet,ast_emitted,683395fc42abf61e,cxx_rel_swap,haar_x.halide_generated.cpp,2982,21,operator> -> operator<,m538_cxx_rel_swap_operator_lt,OK,73649646b7390348,OK,SURVIVED,SURVIVED,NOT_RUN,NOT_RUN,,0,0,,0,0.836,,f12ad6f2a1736a40,
wavelet,ast_emitted,96e4540fcbec5511,cxx_rel_swap,haar_x.halide_generated.cpp,2991,20,operator<= -> operator>,m544_cxx_rel_swap_operator_gt,OK,a8177faa98df2876,OK,KILLED,NOT_RUN,NOT_RUN,NOT_RUN,test1_demo,1,1,killed,-6,0.122,,<missing>,"golden driver exited -6, wrote no artifact -- test1 kill only"
wavelet,ast_emitted,a7279098185704c7,cxx_rel_swap,haar_x.halide_generated.cpp,2982,21,operator> -> operator==,m541_cxx_rel_swap_operator_eq_eq,OK,f66c9edd563ff649,OK,SURVIVED,SURVIVED,NOT_RUN,NOT_RUN,,0,0,,0,0.833,,f12ad6f2a1736a40,
wavelet,ast_emitted,a35774cca7984ac3,cxx_rel_swap,haar_x.halide_generated.cpp,2991,20,operator<= -> operator==,m546_cxx_rel_swap_operator_eq_eq,OK,f409b7b1915665e5,OK,KILLED,NOT_RUN,NOT_RUN,NOT_RUN,test1_demo,1,1,killed,-6,0.189,,<missing>,"golden driver exited -6, wrote no artifact -- test1 kill only"
wavelet,ast_emitted,6d83218d211418ef,cxx_rel_swap,haar_x.halide_generated.cpp,2991,20,operator<= -> operator>=,m545_cxx_rel_swap_operator_gt_eq,OK,ea0e6a4accf87a67,OK,KILLED,NOT_RUN,NOT_RUN,NOT_RUN,test1_demo,1,1,killed,-6,0.182,,<missing>,"golden driver exited -6, wrote no artifact -- test1 kill only"
wavelet,ast_emitted,275e8e26bacb43d8,cxx_rel_swap,haar_x.halide_generated.cpp,2991,20,operator<= -> operator<,m543_cxx_rel_swap_operator_lt,OK,cc069d49c565ae08,OK,SURVIVED,SURVIVED,NOT_RUN,NOT_RUN,,0,0,,0,1.249,,f12ad6f2a1736a40,
wavelet,ast_emitted,719debb0e3e99da9,cxx_rel_swap,haar_x.halide_generated.cpp,2982,21,operator> -> operator!=,m542_cxx_rel_swap_operator_not_eq,OK,0e4baeba97db3ccd,OK,SURVIVED,SURVIVED,NOT_RUN,NOT_RUN,,0,0,,0,0.908,,f12ad6f2a1736a40,
wavelet,ast_emitted,395a99348a82e1ab,cxx_rel_swap,haar_x.halide_generated.cpp,2982,21,operator> -> operator<=,m539_cxx_rel_swap_operator_lt_eq,OK,73649646b7390348,OK,SURVIVED,SURVIVED,NOT_RUN,NOT_RUN,,0,0,,0,1.945,,f12ad6f2a1736a40,
wavelet,ast_emitted,44f6603adf66c4fa,cxx_arith_swap,haar_x.halide_generated.cpp,3000,23,operator* -> operator/,m550_cxx_arith_swap_operator_div,OK,9c028464ca58c603,OK,SURVIVED,SURVIVED,NOT_RUN,NOT_RUN,,0,0,,0,1.115,,f12ad6f2a1736a40,
wavelet,ast_emitted,f419cf489972eb69,cxx_rel_swap,haar_x.halide_generated.cpp,2991,20,operator<= -> operator!=,m547_cxx_rel_swap_operator_not_eq,OK,8dd2de9f36baaa16,OK,SURVIVED,SURVIVED,NOT_RUN,NOT_RUN,,0,0,,0,1.892,,f12ad6f2a1736a40,
wavelet,ast_emitted,6774396e31396154,cxx_arith_swap,haar_x.halide_generated.cpp,3000,23,operator* -> operator-,m549_cxx_arith_swap_operator_sub,OK,b3de122363b00c34,OK,SURVIVED,SURVIVED,NOT_RUN,NOT_RUN,,0,0,,0,0.839,,f12ad6f2a1736a40,
wavelet,ast_emitted,5211a76488a9c8a1,cxx_arith_swap,haar_x.halide_generated.cpp,3002,23,operator- -> operator+,m551_cxx_arith_swap_operator_add,OK,89ebc9a6794df2dd,OK,SURVIVED,SURVIVED,NOT_RUN,NOT_RUN,,0,0,,0,0.848,,f12ad6f2a1736a40,
wavelet,ast_emitted,c1834504b42a1f7f,cxx_arith_swap,haar_x.halide_generated.cpp,3000,23,operator* -> operator+,m548_cxx_arith_swap_operator_add,OK,3a1af504a0e5295a,OK,SURVIVED,SURVIVED,NOT_RUN,NOT_RUN,,0,0,,0,2.051,,f12ad6f2a1736a40,
wavelet,ast_emitted,c714920a5db28a9c,cxx_rel_swap,haar_x.halide_generated.cpp,3003,20,operator> -> operator>=,m556_cxx_rel_swap_operator_gt_eq,OK,b7ba2cf0fe3e4fcb,OK,NOT_RUN,NOT_RUN,NOT_RUN,NOT_RUN,,0,1,equivalent_tce,,,,,bit-identical machine code at -O2: no test can distinguish it
wavelet,ast_emitted,83a4be1ec332c46b,cxx_rel_swap,haar_x.halide_generated.cpp,3003,20,operator> -> operator<=,m555_cxx_rel_swap_operator_lt_eq,OK,cf6ffebd3fda3253,OK,KILLED,NOT_RUN,NOT_RUN,NOT_RUN,test1_demo,1,1,killed,-6,0.060,,<missing>,"golden driver exited -6, wrote no artifact -- test1 kill only"
wavelet,ast_emitted,cc5bc4251fbb36e2,cxx_rel_swap,haar_x.halide_generated.cpp,3003,20,operator> -> operator<,m554_cxx_rel_swap_operator_lt,OK,cf6ffebd3fda3253,OK,KILLED,NOT_RUN,NOT_RUN,NOT_RUN,test1_demo,1,1,killed,-6,0.121,,<missing>,"golden driver exited -6, wrote no artifact -- test1 kill only"
wavelet,ast_emitted,792fcdd23ed9da66,cxx_arith_swap,haar_x.halide_generated.cpp,3002,23,operator- -> operator/,m553_cxx_arith_swap_operator_div,OK,00187c877a805a4e,OK,SURVIVED,SURVIVED,NOT_RUN,NOT_RUN,,0,0,,0,1.052,,f12ad6f2a1736a40,
wavelet,ast_emitted,c3358fc4dbf1750e,cxx_arith_swap,haar_x.halide_generated.cpp,3002,23,operator- -> operator*,m552_cxx_arith_swap_operator_mul,OK,00187c877a805a4e,OK,SURVIVED,SURVIVED,NOT_RUN,NOT_RUN,,0,0,,0,2.181,,f12ad6f2a1736a40,
wavelet,ast_emitted,d373cded3e220a59,cxx_rel_swap,haar_x.halide_generated.cpp,3003,20,operator> -> operator==,m557_cxx_rel_swap_operator_eq_eq,OK,88438952b1690470,OK,KILLED,NOT_RUN,NOT_RUN,NOT_RUN,test1_demo,1,1,killed,-6,0.156,,<missing>,"golden driver exited -6, wrote no artifact -- test1 kill only"
wavelet,ast_emitted,01369a65423b859d,cxx_rel_swap,haar_x.halide_generated.cpp,3008,20,operator<= -> operator>,m560_cxx_rel_swap_operator_gt,OK,007ef97a5375b239,OK,KILLED,NOT_RUN,NOT_RUN,NOT_RUN,test1_demo,1,1,killed,-6,0.181,,<missing>,"golden driver exited -6, wrote no artifact -- test1 kill only"
wavelet,ast_emitted,23956a9fb5cef75e,cxx_rel_swap,haar_x.halide_generated.cpp,3008,20,operator<= -> operator==,m562_cxx_rel_swap_operator_eq_eq,OK,aacf85a7255be6b2,OK,KILLED,NOT_RUN,NOT_RUN,NOT_RUN,test1_demo,1,1,killed,-6,0.148,,<missing>,"golden driver exited -6, wrote no artifact -- test1 kill only"
wavelet,ast_emitted,c0f06dbf4f52ca86,cxx_rel_swap,haar_x.halide_generated.cpp,3003,20,operator> -> operator!=,m558_cxx_rel_swap_operator_not_eq,OK,89ebc9a6794df2dd,OK,SURVIVED,SURVIVED,NOT_RUN,NOT_RUN,,0,0,,0,0.850,,f12ad6f2a1736a40,
wavelet,ast_emitted,c4866d7d6f7194c3,cxx_rel_swap,haar_x.halide_generated.cpp,3008,20,operator<= -> operator>=,m561_cxx_rel_swap_operator_gt_eq,OK,f187d3e3205342ac,OK,KILLED,NOT_RUN,NOT_RUN,NOT_RUN,test1_demo,1,1,killed,-6,0.121,,<missing>,"golden driver exited -6, wrote no artifact -- test1 kill only"
wavelet,ast_emitted,8ef938423d4a698b,cxx_rel_swap,haar_x.halide_generated.cpp,3008,20,operator<= -> operator!=,m563_cxx_rel_swap_operator_not_eq,OK,1305645bf288bc25,OK,SURVIVED,SURVIVED,NOT_RUN,NOT_RUN,,0,0,,0,0.834,,f12ad6f2a1736a40,
wavelet,ast_emitted,f584b284fa84235f,cxx_rel_swap,haar_x.halide_generated.cpp,3008,20,operator<= -> operator<,m559_cxx_rel_swap_operator_lt,OK,900dd7c0f1d9a2a6,OK,SURVIVED,SURVIVED,NOT_RUN,NOT_RUN,,0,0,,0,1.617,,f12ad6f2a1736a40,
wavelet,ast_emitted,bd07829f7a0c1cd1,cxx_arith_swap,haar_x.halide_generated.cpp,3013,24,operator* -> operator+,m564_cxx_arith_swap_operator_add,OK,56377662a081bd2c,OK,SURVIVED,SURVIVED,NOT_RUN,NOT_RUN,,0,0,,0,0.834,,f12ad6f2a1736a40,
wavelet,ast_emitted,8849b9eb53727834,cxx_arith_swap,haar_x.halide_generated.cpp,3013,24,operator* -> operator-,m565_cxx_arith_swap_operator_sub,OK,a2a2cbcb92e387c0,OK,SURVIVED,SURVIVED,NOT_RUN,NOT_RUN,,0,0,,0,0.840,,f12ad6f2a1736a40,
wavelet,ast_emitted,9889a743008e1a77,cxx_arith_swap,haar_x.halide_generated.cpp,3015,24,operator- -> operator+,m567_cxx_arith_swap_operator_add,OK,dbed2a4b3fbbcca7,OK,SURVIVED,SURVIVED,NOT_RUN,NOT_RUN,,0,0,,0,1.158,,f12ad6f2a1736a40,
wavelet,ast_emitted,170688dd88fcac21,cxx_rel_swap,haar_x.halide_generated.cpp,3016,21,operator> -> operator>=,m572_cxx_rel_swap_operator_gt_eq,OK,b7ba2cf0fe3e4fcb,OK,NOT_RUN,NOT_RUN,NOT_RUN,NOT_RUN,,0,1,equivalent_tce,,,,,bit-identical machine code at -O2: no test can distinguish it
wavelet,ast_emitted,6d82001e31c70862,cxx_rel_swap,haar_x.halide_generated.cpp,3016,21,operator> -> operator<,m570_cxx_rel_swap_operator_lt,OK,a102ca01f6d89564,OK,SURVIVED,SURVIVED,NOT_RUN,NOT_RUN,,0,0,,0,0.835,,f12ad6f2a1736a40,
wavelet,ast_emitted,6613abc41f5ae39b,cxx_arith_swap,haar_x.halide_generated.cpp,3013,24,operator* -> operator/,m566_cxx_arith_swap_operator_div,OK,be9ba1da498cd9e4,OK,SURVIVED,SURVIVED,NOT_RUN,NOT_RUN,,0,0,,0,1.937,,f12ad6f2a1736a40,
wavelet,ast_emitted,0d2b30eb8a59fde0,cxx_arith_swap,haar_x.halide_generated.cpp,3015,24,operator- -> operator/,m569_cxx_arith_swap_operator_div,OK,a95df2748d95da24,OK,SURVIVED,SURVIVED,NOT_RUN,NOT_RUN,,0,0,,0,2.090,,f12ad6f2a1736a40,
wavelet,ast_emitted,61437378b30a0b39,cxx_rel_swap,haar_x.halide_generated.cpp,3016,21,operator> -> operator<=,m571_cxx_rel_swap_operator_lt_eq,OK,a102ca01f6d89564,OK,SURVIVED,SURVIVED,NOT_RUN,NOT_RUN,,0,0,,0,0.875,,f12ad6f2a1736a40,
wavelet,ast_emitted,c799c892fffafbee,cxx_rel_swap,haar_x.halide_generated.cpp,3016,21,operator> -> operator==,m573_cxx_rel_swap_operator_eq_eq,OK,91d8096e2ed07077,OK,SURVIVED,SURVIVED,NOT_RUN,NOT_RUN,,0,0,,0,0.839,,f12ad6f2a1736a40,
wavelet,ast_emitted,44fd8c8c8a30bd96,cxx_arith_swap,haar_x.halide_generated.cpp,3015,24,operator- -> operator*,m568_cxx_arith_swap_operator_mul,OK,a95df2748d95da24,OK,SURVIVED,SURVIVED,NOT_RUN,NOT_RUN,,0,0,,0,2.266,,f12ad6f2a1736a40,
wavelet,ast_emitted,6f6f13fca63bf1eb,cxx_rel_swap,haar_x.halide_generated.cpp,3025,20,operator<= -> operator>=,m577_cxx_rel_swap_operator_gt_eq,OK,8058080a2e166ac7,OK,KILLED,NOT_RUN,NOT_RUN,NOT_RUN,test1_demo,1,1,killed,-6,0.061,,<missing>,"golden driver exited -6, wrote no artifact -- test1 kill only"
wavelet,ast_emitted,cbbd66f36512649c,cxx_rel_swap,haar_x.halide_generated.cpp,3025,20,operator<= -> operator==,m578_cxx_rel_swap_operator_eq_eq,OK,42a6a80723aa71cb,OK,KILLED,NOT_RUN,NOT_RUN,NOT_RUN,test1_demo,1,1,killed,-6,0.061,,<missing>,"golden driver exited -6, wrote no artifact -- test1 kill only"
wavelet,ast_emitted,ea7ccc702c7f26aa,cxx_rel_swap,haar_x.halide_generated.cpp,3025,20,operator<= -> operator>,m576_cxx_rel_swap_operator_gt,OK,853224211f72636c,OK,KILLED,NOT_RUN,NOT_RUN,NOT_RUN,test1_demo,1,1,killed,-6,0.068,,<missing>,"golden driver exited -6, wrote no artifact -- test1 kill only"
wavelet,ast_emitted,2e5a2d8789fe1dbd,cxx_rel_swap,haar_x.halide_generated.cpp,3045,19,operator!= -> operator<,m580_cxx_rel_swap_operator_lt,OK,16ad7986d93868c1,OK,KILLED,NOT_RUN,NOT_RUN,NOT_RUN,test1_demo,1,1,killed,-6,0.156,,<missing>,"golden driver exited -6, wrote no artifact -- test1 kill only"
wavelet,ast_emitted,1bb9f665b6a91d4b,cxx_rel_swap,haar_x.halide_generated.cpp,3016,21,operator> -> operator!=,m574_cxx_rel_swap_operator_not_eq,OK,dbed2a4b3fbbcca7,OK,SURVIVED,SURVIVED,NOT_RUN,NOT_RUN,,0,0,,0,2.031,,f12ad6f2a1736a40,
wavelet,ast_emitted,1c76d8fbb1ee2416,cxx_rel_swap,haar_x.halide_generated.cpp,3025,20,operator<= -> operator<,m575_cxx_rel_swap_operator_lt,OK,398fd11ec75edb7f,OK,SURVIVED,SURVIVED,NOT_RUN,NOT_RUN,,0,0,,0,1.621,,f12ad6f2a1736a40,
wavelet,ast_emitted,d30b9d32c2e472a8,cxx_rel_swap,haar_x.halide_generated.cpp,3045,19,operator!= -> operator>,m582_cxx_rel_swap_operator_gt,OK,b7ba2cf0fe3e4fcb,OK,NOT_RUN,NOT_RUN,NOT_RUN,NOT_RUN,,0,1,equivalent_tce,,,,,bit-identical machine code at -O2: no test can distinguish it
wavelet,ast_emitted,2ee107d45dc5694f,cxx_rel_swap,haar_x.halide_generated.cpp,3045,19,operator!= -> operator<=,m581_cxx_rel_swap_operator_lt_eq,OK,ca798f36ec6b08ea,OK,KILLED,NOT_RUN,NOT_RUN,NOT_RUN,test1_demo,1,1,killed,-6,0.148,,<missing>,"golden driver exited -6, wrote no artifact -- test1 kill only"
wavelet,ast_emitted,2878f471bd4bfceb,cxx_rel_swap,haar_x.halide_generated.cpp,3045,19,operator!= -> operator==,m584_cxx_rel_swap_operator_eq_eq,OK,ca798f36ec6b08ea,OK,KILLED,NOT_RUN,NOT_RUN,NOT_RUN,test1_demo,1,1,killed,-6,0.133,,<missing>,"golden driver exited -6, wrote no artifact -- test1 kill only"
wavelet,ast_emitted,96c4463ad9ecb210,cxx_rel_swap,haar_x.halide_generated.cpp,3052,20,operator!= -> operator<,m585_cxx_rel_swap_operator_lt,OK,0ba6b8c0076f6196,OK,KILLED,NOT_RUN,NOT_RUN,NOT_RUN,test1_demo,1,1,killed,-6,0.066,,<missing>,"golden driver exited -6, wrote no artifact -- test1 kill only"
wavelet,ast_emitted,57194cfd2f52ac60,cxx_rel_swap,haar_x.halide_generated.cpp,3052,20,operator!= -> operator>,m587_cxx_rel_swap_operator_gt,OK,b7ba2cf0fe3e4fcb,OK,NOT_RUN,NOT_RUN,NOT_RUN,NOT_RUN,,0,1,equivalent_tce,,,,,bit-identical machine code at -O2: no test can distinguish it
wavelet,ast_emitted,67cde0d0f4f59591,cxx_rel_swap,haar_x.halide_generated.cpp,3025,20,operator<= -> operator!=,m579_cxx_rel_swap_operator_not_eq,OK,3330c295eb3803c8,OK,SURVIVED,SURVIVED,NOT_RUN,NOT_RUN,,0,0,,0,1.383,,f12ad6f2a1736a40,
wavelet,ast_emitted,64ab2be7fc961fad,cxx_rel_swap,haar_x.halide_generated.cpp,3052,20,operator!= -> operator<=,m586_cxx_rel_swap_operator_lt_eq,OK,105f686aa098063b,OK,KILLED,NOT_RUN,NOT_RUN,NOT_RUN,test1_demo,1,1,killed,-6,0.169,,<missing>,"golden driver exited -6, wrote no artifact -- test1 kill only"
wavelet,ast_emitted,73344424e5fcbb30,cxx_arith_swap,haar_x.halide_generated.cpp,3059,22,operator+ -> operator/,m592_cxx_arith_swap_operator_div,OK,b990ca995320c74b,OK,KILLED,NOT_RUN,NOT_RUN,NOT_RUN,test1_demo,1,1,killed,-8,0.185,,<missing>,"golden driver exited -8, wrote no artifact -- test1 kill only"
wavelet,ast_emitted,27d9a3d033974907,cxx_rel_swap,haar_x.halide_generated.cpp,3052,20,operator!= -> operator==,m589_cxx_rel_swap_operator_eq_eq,OK,105f686aa098063b,OK,KILLED,NOT_RUN,NOT_RUN,NOT_RUN,test1_demo,1,1,killed,-6,0.140,,<missing>,"golden driver exited -6, wrote no artifact -- test1 kill only"
wavelet,ast_emitted,3b31902eaa296690,cxx_rel_swap,haar_x.halide_generated.cpp,3045,19,operator!= -> operator>=,m583_cxx_rel_swap_operator_gt_eq,OK,652974d1f95c0192,OK,SURVIVED,SURVIVED,NOT_RUN,NOT_RUN,,0,0,,0,0.840,,f12ad6f2a1736a40,
wavelet,ast_emitted,e241eb4796ad00f6,cxx_arith_swap,haar_x.halide_generated.cpp,3059,22,operator+ -> operator*,m591_cxx_arith_swap_operator_mul,OK,aff354f630ae8472,OK,SURVIVED,KILLED,NOT_RUN,NOT_RUN,test2_golden,1,1,killed,0,0.511,,3202be98d20e527c,
wavelet,ast_emitted,bbc10dbf16467983,cxx_rel_swap,haar_x.halide_generated.cpp,3052,20,operator!= -> operator>=,m588_cxx_rel_swap_operator_gt_eq,OK,dd7302b5fac921b5,OK,SURVIVED,SURVIVED,NOT_RUN,NOT_RUN,,0,0,,0,1.126,,f12ad6f2a1736a40,
wavelet,ast_emitted,8b1290f8f5d5c9f2,cxx_arith_swap,haar_x.halide_generated.cpp,3060,22,operator+ -> operator/,m595_cxx_arith_swap_operator_div,OK,c5e4772c5cbad0f6,OK,KILLED,NOT_RUN,NOT_RUN,NOT_RUN,test1_demo,1,1,killed,-8,0.140,,<missing>,"golden driver exited -8, wrote no artifact -- test1 kill only"
wavelet,ast_emitted,4b305c4d841f1d07,cxx_arith_swap,haar_x.halide_generated.cpp,3059,22,operator+ -> operator-,m590_cxx_arith_swap_operator_sub,OK,8360436257192b4c,OK,SURVIVED,SURVIVED,NOT_RUN,NOT_RUN,,0,0,,0,1.244,,f12ad6f2a1736a40,
wavelet,ast_emitted,c25c54a42f9a012d,cxx_arith_swap,haar_x.halide_generated.cpp,3061,22,operator+ -> operator/,m598_cxx_arith_swap_operator_div,OK,7436b2ca80f5982e,OK,KILLED,NOT_RUN,NOT_RUN,NOT_RUN,test1_demo,1,1,killed,-8,0.061,,<missing>,"golden driver exited -8, wrote no artifact -- test1 kill only"
wavelet,ast_emitted,9781045556e5f785,cxx_arith_swap,haar_x.halide_generated.cpp,3060,22,operator+ -> operator*,m594_cxx_arith_swap_operator_mul,OK,2d31cbbb69dd7229,OK,SURVIVED,KILLED,NOT_RUN,NOT_RUN,test2_golden,1,1,killed,0,0.450,,95a25d4edb64fbd8,
wavelet,ast_emitted,d000c5ee678cd66e,cxx_arith_swap,haar_x.halide_generated.cpp,3061,22,operator+ -> operator*,m597_cxx_arith_swap_operator_mul,OK,775eace35634e701,OK,SURVIVED,KILLED,NOT_RUN,NOT_RUN,test2_golden,1,1,killed,0,0.556,,95a25d4edb64fbd8,
wavelet,ast_emitted,bba4c346ea6f3cbb,cxx_arith_swap,haar_x.halide_generated.cpp,3060,22,operator+ -> operator-,m593_cxx_arith_swap_operator_sub,OK,d2475e918e0c377a,OK,SURVIVED,SURVIVED,NOT_RUN,NOT_RUN,,0,0,,0,1.175,,f12ad6f2a1736a40,
wavelet,ast_emitted,0bb4483d6a2b59cc,cxx_arith_swap,haar_x.halide_generated.cpp,3062,22,operator* -> operator+,m599_cxx_arith_swap_operator_add,OK,30a5e35569c7d164,OK,KILLED,NOT_RUN,NOT_RUN,NOT_RUN,test1_demo,1,1,killed,-11,0.133,,<missing>,"golden driver exited -11, wrote no artifact -- test1 kill only"
wavelet,ast_emitted,5977a02653bf63f9,cxx_arith_swap,haar_x.halide_generated.cpp,3061,22,operator+ -> operator-,m596_cxx_arith_swap_operator_sub,OK,92d6c800cd0d748d,OK,SURVIVED,SURVIVED,NOT_RUN,NOT_RUN,,0,0,,0,0.938,,f12ad6f2a1736a40,
wavelet,ast_emitted,79fd73396d0dcc05,cxx_arith_swap,haar_x.halide_generated.cpp,3063,22,operator* -> operator+,m602_cxx_arith_swap_operator_add,OK,43896f8b33882deb,OK,KILLED,NOT_RUN,NOT_RUN,NOT_RUN,test1_demo,1,1,killed,-11,0.125,,<missing>,"golden driver exited -11, wrote no artifact -- test1 kill only"
wavelet,ast_emitted,2daaf2f11dbee351,cxx_arith_swap,haar_x.halide_generated.cpp,3062,22,operator* -> operator-,m600_cxx_arith_swap_operator_sub,OK,d8469bab46d123be,OK,SURVIVED,KILLED,NOT_RUN,NOT_RUN,test2_golden,1,1,killed,0,0.711,,ac6a6efba0d704bd,
wavelet,ast_emitted,1bf7de293839f6fc,cxx_arith_swap,haar_x.halide_generated.cpp,3062,22,operator* -> operator/,m601_cxx_arith_swap_operator_div,OK,f6b5153e3411a104,OK,SURVIVED,SURVIVED,NOT_RUN,NOT_RUN,,0,0,,0,0.842,,f12ad6f2a1736a40,
wavelet,ast_emitted,d1ea6c8878dacc24,cxx_arith_swap,haar_x.halide_generated.cpp,3063,22,operator* -> operator/,m604_cxx_arith_swap_operator_div,OK,395665c8ec83c5bf,OK,SURVIVED,SURVIVED,NOT_RUN,NOT_RUN,,0,0,,0,0.974,,f12ad6f2a1736a40,
wavelet,ast_emitted,31b482065d52a103,cxx_arith_swap,haar_x.halide_generated.cpp,3063,22,operator* -> operator-,m603_cxx_arith_swap_operator_sub,OK,0f700569af05bc76,OK,SURVIVED,KILLED,NOT_RUN,NOT_RUN,test2_golden,1,1,killed,0,1.055,,2b80bf8b4fc4e42b,
wavelet,ast_emitted,1b49e08ee97b3639,cxx_arith_swap,haar_x.halide_generated.cpp,3068,23,operator+ -> operator/,m607_cxx_arith_swap_operator_div,OK,b4ee27bd133c5454,OK,KILLED,NOT_RUN,NOT_RUN,NOT_RUN,test1_demo,1,1,killed,-8,0.083,,<missing>,"golden driver exited -8, wrote no artifact -- test1 kill only"
wavelet,ast_emitted,40e7b0e008950f67,cxx_arith_swap,haar_x.halide_generated.cpp,3068,23,operator+ -> operator-,m605_cxx_arith_swap_operator_sub,OK,9367a3b2705461fd,OK,SURVIVED,SURVIVED,NOT_RUN,NOT_RUN,,0,0,,0,1.523,,f12ad6f2a1736a40,
wavelet,ast_emitted,0b5d6f2dd0f83ac8,cxx_arith_swap,haar_x.halide_generated.cpp,3077,22,operator+ -> operator-,m611_cxx_arith_swap_operator_sub,OK,ce434746ac5c1e2a,OK,SURVIVED,KILLED,NOT_RUN,NOT_RUN,test2_golden,1,1,killed,0,0.508,,95a25d4edb64fbd8,
wavelet,ast_emitted,cca2ef93833d8c47,cxx_arith_swap,haar_x.halide_generated.cpp,3068,23,operator+ -> operator*,m606_cxx_arith_swap_operator_mul,OK,7cad35a314d1d2c5,OK,SURVIVED,SURVIVED,NOT_RUN,NOT_RUN,,0,0,,0,1.917,,f12ad6f2a1736a40,
wavelet,ast_emitted,5e90ed5e00d39ed9,cxx_arith_swap,haar_x.halide_generated.cpp,3072,22,operator+ -> operator/,m610_cxx_arith_swap_operator_div,OK,c7a888ede13db920,OK,SURVIVED,SURVIVED,NOT_RUN,NOT_RUN,,0,0,,0,0.911,,f12ad6f2a1736a40,
wavelet,ast_emitted,c2f7fc2b18971f17,cxx_arith_swap,haar_x.halide_generated.cpp,3072,22,operator+ -> operator-,m608_cxx_arith_swap_operator_sub,OK,8ab174dea5c95685,OK,SURVIVED,SURVIVED,NOT_RUN,NOT_RUN,,0,0,,0,2.294,,f12ad6f2a1736a40,
wavelet,ast_emitted,5ba40801c6bc6a09,cxx_arith_swap,haar_x.halide_generated.cpp,3072,22,operator+ -> operator*,m609_cxx_arith_swap_operator_mul,OK,c7a888ede13db920,OK,SURVIVED,SURVIVED,NOT_RUN,NOT_RUN,,0,0,,0,1.868,,f12ad6f2a1736a40,
wavelet,ast_emitted,b31e26e70573ca6b,cxx_arith_swap,haar_x.halide_generated.cpp,3077,22,operator+ -> operator/,m613_cxx_arith_swap_operator_div,OK,e9605f499d38e7f6,OK,SURVIVED,SURVIVED,NOT_RUN,NOT_RUN,,0,0,,0,0.835,,f12ad6f2a1736a40,
wavelet,ast_emitted,6dfc04c1067f3930,cxx_arith_swap,haar_x.halide_generated.cpp,3077,22,operator+ -> operator*,m612_cxx_arith_swap_operator_mul,OK,e9605f499d38e7f6,OK,SURVIVED,SURVIVED,NOT_RUN,NOT_RUN,,0,0,,0,0.835,,f12ad6f2a1736a40,
wavelet,ast_emitted,8530266780ca292a,cxx_arith_swap,haar_x.halide_generated.cpp,3079,23,operator+ -> operator/,m616_cxx_arith_swap_operator_div,OK,9b412b328e397043,OK,KILLED,NOT_RUN,NOT_RUN,NOT_RUN,test1_demo,1,1,killed,-8,0.124,,<missing>,"golden driver exited -8, wrote no artifact -- test1 kill only"
wavelet,ast_emitted,67deffe7ba27ce1e,cxx_arith_swap,haar_x.halide_generated.cpp,3079,23,operator+ -> operator-,m614_cxx_arith_swap_operator_sub,OK,fd396ab888e352f9,OK,SURVIVED,SURVIVED,NOT_RUN,NOT_RUN,,0,0,,0,0.837,,f12ad6f2a1736a40,
wavelet,ast_emitted,e1ecf83dc6b85587,cxx_arith_swap,haar_x.halide_generated.cpp,3081,22,operator* -> operator-,m621_cxx_arith_swap_operator_sub,OK,006885a7bc620381,OK,KILLED,NOT_RUN,NOT_RUN,NOT_RUN,test1_demo,1,1,killed,-11,0.136,,<missing>,"golden driver exited -11, wrote no artifact -- test1 kill only"
wavelet,ast_emitted,5681c2d800f1221c,cxx_arith_swap,haar_x.halide_generated.cpp,3079,23,operator+ -> operator*,m615_cxx_arith_swap_operator_mul,OK,15bdd2f403fb9a2b,OK,SURVIVED,SURVIVED,NOT_RUN,NOT_RUN,,0,0,,0,1.560,,f12ad6f2a1736a40,
wavelet,ast_emitted,764d1f4b1a55580a,cxx_arith_swap,haar_x.halide_generated.cpp,3080,20,operator- -> operator*,m618_cxx_arith_swap_operator_mul,OK,5370816c094e6f10,OK,SURVIVED,SURVIVED,NOT_RUN,NOT_RUN,,0,0,,0,1.527,,f12ad6f2a1736a40,
wavelet,ast_emitted,a7f5815f86173d2e,cxx_arith_swap,haar_x.halide_generated.cpp,3080,20,operator- -> operator/,m619_cxx_arith_swap_operator_div,OK,5370816c094e6f10,OK,SURVIVED,SURVIVED,NOT_RUN,NOT_RUN,,0,0,,0,0.834,,f12ad6f2a1736a40,
wavelet,ast_emitted,54bd246c0d387dcd,cxx_arith_swap,haar_x.halide_generated.cpp,3080,20,operator- -> operator+,m617_cxx_arith_swap_operator_add,OK,a8b03c64c3b446e3,OK,SURVIVED,SURVIVED,NOT_RUN,NOT_RUN,,0,0,,0,1.693,,f12ad6f2a1736a40,
wavelet,ast_emitted,8b624d0286cd0cf7,cxx_arith_swap,haar_x.halide_generated.cpp,3081,22,operator* -> operator+,m620_cxx_arith_swap_operator_add,OK,e6ebdd59714627b8,OK,SURVIVED,KILLED,NOT_RUN,NOT_RUN,test2_golden,1,1,killed,0,0.836,,147293bdf3b9e1ad,
wavelet,ast_emitted,d39672a40f2eb76b,cxx_arith_swap,haar_x.halide_generated.cpp,3082,23,operator+ -> operator/,m625_cxx_arith_swap_operator_div,OK,727139ad277c4920,OK,KILLED,NOT_RUN,NOT_RUN,NOT_RUN,test1_demo,1,1,killed,-8,0.123,,<missing>,"golden driver exited -8, wrote no artifact -- test1 kill only"
wavelet,ast_emitted,b590510c31a19f15,cxx_arith_swap,haar_x.halide_generated.cpp,3081,22,operator* -> operator/,m622_cxx_arith_swap_operator_div,OK,bf8d80b1d893de9c,OK,SURVIVED,SURVIVED,NOT_RUN,NOT_RUN,,0,0,,0,1.002,,f12ad6f2a1736a40,
wavelet,ast_emitted,9f2f2d5225161393,cxx_arith_swap,haar_x.halide_generated.cpp,3082,23,operator+ -> operator*,m624_cxx_arith_swap_operator_mul,OK,843cf1e3419e39ab,OK,SURVIVED,SURVIVED,NOT_RUN,NOT_RUN,,0,0,,0,0.900,,f12ad6f2a1736a40,
wavelet,ast_emitted,dcd553f571706ac6,cxx_arith_swap,haar_x.halide_generated.cpp,3083,22,operator+ -> operator/,m628_cxx_arith_swap_operator_div,OK,af97a62d59933f65,OK,KILLED,NOT_RUN,NOT_RUN,NOT_RUN,test1_demo,1,1,killed,-8,0.123,,<missing>,"golden driver exited -8, wrote no artifact -- test1 kill only"
wavelet,ast_emitted,b83b90e45869a101,cxx_arith_swap,haar_x.halide_generated.cpp,3082,23,operator+ -> operator-,m623_cxx_arith_swap_operator_sub,OK,98b7ab9f11727c9d,OK,SURVIVED,SURVIVED,NOT_RUN,NOT_RUN,,0,0,,0,0.842,,f12ad6f2a1736a40,
wavelet,ast_emitted,be5f843a268e029f,cxx_arith_swap,haar_x.halide_generated.cpp,3083,22,operator+ -> operator-,m626_cxx_arith_swap_operator_sub,OK,b3a43734183415fa,OK,SURVIVED,SURVIVED,NOT_RUN,NOT_RUN,,0,0,,0,0.842,,f12ad6f2a1736a40,
wavelet,ast_emitted,933737edfa095ea2,cxx_rel_swap,haar_x.halide_generated.cpp,3084,41,operator< -> operator==,m632_cxx_rel_swap_operator_eq_eq,OK,66274f341a00ee1d,OK,SURVIVED,KILLED,NOT_RUN,NOT_RUN,test2_golden,1,1,killed,0,0.199,,95a25d4edb64fbd8,
wavelet,ast_emitted,e718374204344bae,cxx_rel_swap,haar_x.halide_generated.cpp,3084,41,operator< -> operator>=,m631_cxx_rel_swap_operator_gt_eq,OK,66274f341a00ee1d,OK,SURVIVED,KILLED,NOT_RUN,NOT_RUN,test2_golden,1,1,killed,0,0.418,,95a25d4edb64fbd8,
wavelet,ast_emitted,8543284e6f719023,cxx_arith_swap,haar_x.halide_generated.cpp,3083,22,operator+ -> operator*,m627_cxx_arith_swap_operator_mul,OK,d4b3dc0fbce9301f,OK,SURVIVED,SURVIVED,NOT_RUN,NOT_RUN,,0,0,,0,1.070,,f12ad6f2a1736a40,
wavelet,ast_emitted,1876a668c48ea02f,cxx_rel_swap,haar_x.halide_generated.cpp,3084,41,operator< -> operator>,m630_cxx_rel_swap_operator_gt,OK,66274f341a00ee1d,OK,SURVIVED,KILLED,NOT_RUN,NOT_RUN,test2_golden,1,1,killed,0,0.476,,95a25d4edb64fbd8,
wavelet,ast_emitted,5976f3d3e6c457ec,cxx_arith_swap,haar_x.halide_generated.cpp,3084,45,operator+ -> operator*,m635_cxx_arith_swap_operator_mul,OK,66274f341a00ee1d,OK,SURVIVED,KILLED,NOT_RUN,NOT_RUN,test2_golden,1,1,killed,0,0.419,,95a25d4edb64fbd8,
wavelet,ast_emitted,4a56a8c5a827c0dd,cxx_rel_swap,haar_x.halide_generated.cpp,3084,41,operator< -> operator<=,m629_cxx_rel_swap_operator_lt_eq,OK,6233c1786294c276,OK,SURVIVED,SURVIVED,NOT_RUN,NOT_RUN,,0,0,,0,1.065,,f12ad6f2a1736a40,
wavelet,ast_emitted,48affd97588804b7,cxx_arith_swap,haar_x.halide_generated.cpp,3084,45,operator+ -> operator-,m634_cxx_arith_swap_operator_sub,OK,66274f341a00ee1d,OK,SURVIVED,KILLED,NOT_RUN,NOT_RUN,test2_golden,1,1,killed,0,0.514,,95a25d4edb64fbd8,
wavelet,ast_emitted,361ffda7087c7e93,cxx_arith_swap,haar_x.halide_generated.cpp,3084,45,operator+ -> operator/,m636_cxx_arith_swap_operator_div,OK,66274f341a00ee1d,OK,SURVIVED,KILLED,NOT_RUN,NOT_RUN,test2_golden,1,1,killed,0,0.198,,95a25d4edb64fbd8,
wavelet,ast_emitted,62f63f320d7b1756,cxx_arith_swap,haar_x.halide_generated.cpp,3086,31,operator* -> operator-,m638_cxx_arith_swap_operator_sub,OK,a0b0c4d3adc0687a,OK,KILLED,NOT_RUN,NOT_RUN,NOT_RUN,test1_demo,1,1,killed,-11,0.143,,<missing>,"golden driver exited -11, wrote no artifact -- test1 kill only"
wavelet,ast_emitted,a726670ad2eb2878,cxx_rel_swap,haar_x.halide_generated.cpp,3084,41,operator< -> operator!=,m633_cxx_rel_swap_operator_not_eq,OK,76f109d595a88b2b,OK,SURVIVED,SURVIVED,NOT_RUN,NOT_RUN,,0,0,,0,1.043,,f12ad6f2a1736a40,
wavelet,ast_emitted,8cac63bfd4eadd1f,cxx_arith_swap,haar_x.halide_generated.cpp,3086,31,operator* -> operator+,m637_cxx_arith_swap_operator_add,OK,e2fceecc0ce60dbe,OK,SURVIVED,SURVIVED,NOT_RUN,NOT_RUN,,0,0,,0,0.841,,f12ad6f2a1736a40,
wavelet,ast_emitted,d16566e052261434,cxx_arith_swap,haar_x.halide_generated.cpp,3087,23,operator+ -> operator*,m641_cxx_arith_swap_operator_mul,OK,8a0bb759030fe0ff,OK,KILLED,NOT_RUN,NOT_RUN,NOT_RUN,test1_demo,1,1,killed,-11,0.165,,<missing>,"golden driver exited -11, wrote no artifact -- test1 kill only"
wavelet,ast_emitted,ef00a93403e0d817,cxx_arith_swap,haar_x.halide_generated.cpp,3087,23,operator+ -> operator/,m642_cxx_arith_swap_operator_div,OK,e6302f136d9f7885,OK,KILLED,NOT_RUN,NOT_RUN,NOT_RUN,test1_demo,1,1,killed,-11,0.061,,<missing>,"golden driver exited -11, wrote no artifact -- test1 kill only"
wavelet,ast_emitted,b25237a2e29c812a,cxx_arith_swap,haar_x.halide_generated.cpp,3089,24,operator- -> operator/,m645_cxx_arith_swap_operator_div,OK,385b04c46efcedb1,OK,KILLED,NOT_RUN,NOT_RUN,NOT_RUN,test1_demo,1,1,killed,-8,0.130,,<missing>,"golden driver exited -8, wrote no artifact -- test1 kill only"
wavelet,ast_emitted,f51958f1e5a7adb3,cxx_arith_swap,haar_x.halide_generated.cpp,3086,31,operator* -> operator/,m639_cxx_arith_swap_operator_div,OK,4ab185a787e789da,OK,SURVIVED,SURVIVED,NOT_RUN,NOT_RUN,,0,0,,0,0.837,,f12ad6f2a1736a40,
wavelet,ast_emitted,02777aeb3258715e,cxx_arith_swap,haar_x.halide_generated.cpp,3087,23,operator+ -> operator-,m640_cxx_arith_swap_operator_sub,OK,e896abb49597b8b7,OK,SURVIVED,SURVIVED,NOT_RUN,NOT_RUN,,0,0,,0,1.274,,f12ad6f2a1736a40,
wavelet,ast_emitted,fb2013a64fefd2b8,cxx_arith_swap,haar_x.halide_generated.cpp,3090,23,operator+ -> operator/,m648_cxx_arith_swap_operator_div,OK,116278fa8f5915af,OK,KILLED,NOT_RUN,NOT_RUN,NOT_RUN,test1_demo,1,1,killed,-8,0.134,,<missing>,"golden driver exited -8, wrote no artifact -- test1 kill only"
wavelet,ast_emitted,9ddbf35b7a3128fd,cxx_arith_swap,haar_x.halide_generated.cpp,3089,24,operator- -> operator+,m643_cxx_arith_swap_operator_add,OK,98822be2a7ca7d28,OK,SURVIVED,SURVIVED,NOT_RUN,NOT_RUN,,0,0,,0,0.943,,f12ad6f2a1736a40,
wavelet,ast_emitted,36f8002960532226,cxx_arith_swap,haar_x.halide_generated.cpp,3090,23,operator+ -> operator-,m646_cxx_arith_swap_operator_sub,OK,6d86cba36c571073,OK,SURVIVED,SURVIVED,NOT_RUN,NOT_RUN,,0,0,,0,1.141,,f12ad6f2a1736a40,
wavelet,ast_emitted,ebaeb67070eef9b0,cxx_rel_swap,haar_x.halide_generated.cpp,3091,54,operator< -> operator>=,m651_cxx_rel_swap_operator_gt_eq,OK,dacdcb5cff65828b,OK,KILLED,NOT_RUN,NOT_RUN,NOT_RUN,test1_demo,1,1,killed,-11,0.188,,<missing>,"golden driver exited -11, wrote no artifact -- test1 kill only"
wavelet,ast_emitted,b8a376d664c61736,cxx_arith_swap,haar_x.halide_generated.cpp,3089,24,operator- -> operator*,m644_cxx_arith_swap_operator_mul,OK,f4bf84ff124f0c4d,OK,SURVIVED,SURVIVED,NOT_RUN,NOT_RUN,,0,0,,0,1.879,,f12ad6f2a1736a40,
wavelet,ast_emitted,40dc9b7dd4aa92bb,cxx_rel_swap,haar_x.halide_generated.cpp,3091,54,operator< -> operator>,m650_cxx_rel_swap_operator_gt,OK,5acc1619b22cd084,OK,SURVIVED,SURVIVED,NOT_RUN,NOT_RUN,,0,0,,0,0.835,,f12ad6f2a1736a40,
wavelet,ast_emitted,b0b0e576012dd401,cxx_arith_swap,haar_x.halide_generated.cpp,3090,23,operator+ -> operator*,m647_cxx_arith_swap_operator_mul,OK,0bbf2deb8551cd30,OK,SURVIVED,SURVIVED,NOT_RUN,NOT_RUN,,0,0,,0,1.261,,f12ad6f2a1736a40,
wavelet,ast_emitted,e8dd61244d111265,cxx_rel_swap,haar_x.halide_generated.cpp,3091,54,operator< -> operator<=,m649_cxx_rel_swap_operator_lt_eq,OK,9524327d86f84e1e,OK,SURVIVED,SURVIVED,NOT_RUN,NOT_RUN,,0,0,,0,1.919,,f12ad6f2a1736a40,
wavelet,ast_emitted,0c74335035aaf88c,cxx_arith_swap,haar_x.halide_generated.cpp,3091,58,operator+ -> operator*,m655_cxx_arith_swap_operator_mul,OK,fce7c058fc6cb044,OK,SURVIVED,SURVIVED,NOT_RUN,NOT_RUN,,0,0,,0,0.834,,f12ad6f2a1736a40,
wavelet,ast_emitted,4f63aca1aee6a37c,cxx_arith_swap,haar_x.halide_generated.cpp,3091,58,operator+ -> operator/,m656_cxx_arith_swap_operator_div,OK,fce7c058fc6cb044,OK,SURVIVED,SURVIVED,NOT_RUN,NOT_RUN,,0,0,,0,0.844,,f12ad6f2a1736a40,
wavelet,ast_emitted,ddd36afb9ab3a625,cxx_rel_swap,haar_x.halide_generated.cpp,3091,54,operator< -> operator!=,m653_cxx_rel_swap_operator_not_eq,OK,ad08b7b9412d174f,OK,SURVIVED,SURVIVED,NOT_RUN,NOT_RUN,,0,0,,0,1.622,,f12ad6f2a1736a40,
wavelet,ast_emitted,12b3790d594e4b38,cxx_arith_swap,haar_x.halide_generated.cpp,3091,58,operator+ -> operator-,m654_cxx_arith_swap_operator_sub,OK,9eaa72ce8ac7a006,OK,SURVIVED,SURVIVED,NOT_RUN,NOT_RUN,,0,0,,0,1.026,,f12ad6f2a1736a40,
wavelet,ast_emitted,7659928c12f5a9d5,cxx_rel_swap,haar_x.halide_generated.cpp,3091,54,operator< -> operator==,m652_cxx_rel_swap_operator_eq_eq,OK,d97e7cfd04c037f1,OK,SURVIVED,SURVIVED,NOT_RUN,NOT_RUN,,0,0,,0,1.633,,f12ad6f2a1736a40,
wavelet,ast_emitted,9adf004829ae245c,cxx_arith_swap,haar_x.halide_generated.cpp,3093,24,operator+ -> operator-,m657_cxx_arith_swap_operator_sub,OK,d77ff0ba58d2b6c8,OK,SURVIVED,SURVIVED,NOT_RUN,NOT_RUN,,0,0,,0,0.855,,f12ad6f2a1736a40,
wavelet,ast_emitted,973f10515d921d3c,cxx_arith_swap,haar_x.halide_generated.cpp,3093,24,operator+ -> operator*,m658_cxx_arith_swap_operator_mul,OK,4c45e88514923a61,OK,SURVIVED,SURVIVED,NOT_RUN,NOT_RUN,,0,0,,0,0.835,,f12ad6f2a1736a40,
wavelet,ast_emitted,5a4105fa745accc8,cxx_arith_swap,haar_x.halide_generated.cpp,3094,25,operator+ -> operator-,m660_cxx_arith_swap_operator_sub,OK,6b7e65713a471eb1,OK,SURVIVED,SURVIVED,NOT_RUN,NOT_RUN,,0,0,,0,0.845,,f12ad6f2a1736a40,
wavelet,ast_emitted,d67d0e135e32c96b,cxx_arith_swap,haar_x.halide_generated.cpp,3097,24,operator* -> operator+,m663_cxx_arith_swap_operator_add,OK,4213a00eb9a8dc2b,OK,SURVIVED,SURVIVED,NOT_RUN,NOT_RUN,,0,0,,0,0.942,,f12ad6f2a1736a40,
wavelet,ast_emitted,0689321a62f78881,cxx_arith_swap,haar_x.halide_generated.cpp,3093,24,operator+ -> operator/,m659_cxx_arith_swap_operator_div,OK,d4b0562259c390cb,OK,SURVIVED,SURVIVED,NOT_RUN,NOT_RUN,,0,0,,0,1.507,,f12ad6f2a1736a40,
wavelet,ast_emitted,dc2a03be977ee55c,cxx_arith_swap,haar_x.halide_generated.cpp,3094,25,operator+ -> operator/,m662_cxx_arith_swap_operator_div,OK,d7e9e22fb6800e8e,OK,SURVIVED,SURVIVED,NOT_RUN,NOT_RUN,,0,0,,0,0.846,,f12ad6f2a1736a40,
wavelet,ast_emitted,5bfd44e3cbded7e5,cxx_arith_swap,haar_x.halide_generated.cpp,3094,25,operator+ -> operator*,m661_cxx_arith_swap_operator_mul,OK,d7e9e22fb6800e8e,OK,SURVIVED,SURVIVED,NOT_RUN,NOT_RUN,,0,0,,0,1.524,,f12ad6f2a1736a40,
wavelet,ast_emitted,a6a79b5948df3446,cxx_arith_swap,haar_x.halide_generated.cpp,3097,24,operator* -> operator-,m664_cxx_arith_swap_operator_sub,OK,9785f9d1367848c6,OK,SURVIVED,SURVIVED,NOT_RUN,NOT_RUN,,0,0,,0,1.397,,f12ad6f2a1736a40,
wavelet,ast_emitted,1294c85705973990,cxx_arith_swap,haar_x.halide_generated.cpp,3099,25,operator+ -> operator*,m670_cxx_arith_swap_operator_mul,OK,83df131d7720169b,OK,SURVIVED,SURVIVED,NOT_RUN,NOT_RUN,,0,0,,0,0.877,,f12ad6f2a1736a40,
wavelet,ast_emitted,88543b540ed00591,cxx_arith_swap,haar_x.halide_generated.cpp,3097,24,operator* -> operator/,m665_cxx_arith_swap_operator_div,OK,00b158f2907b3e63,OK,SURVIVED,SURVIVED,NOT_RUN,NOT_RUN,,0,0,,0,1.827,,f12ad6f2a1736a40,
wavelet,ast_emitted,a9bd7494fb9bb659,cxx_arith_swap,haar_x.halide_generated.cpp,3098,24,operator* -> operator/,m668_cxx_arith_swap_operator_div,OK,e64c2734f9a97389,OK,SURVIVED,SURVIVED,NOT_RUN,NOT_RUN,,0,0,,0,1.098,,f12ad6f2a1736a40,
wavelet,ast_emitted,c7915e1134a03b8a,cxx_arith_swap,haar_x.halide_generated.cpp,3098,24,operator* -> operator-,m667_cxx_arith_swap_operator_sub,OK,e8d8a61213099623,OK,SURVIVED,SURVIVED,NOT_RUN,NOT_RUN,,0,0,,0,1.413,,f12ad6f2a1736a40,
wavelet,ast_emitted,a1003b345b8cc4b2,cxx_arith_swap,haar_x.halide_generated.cpp,3098,24,operator* -> operator+,m666_cxx_arith_swap_operator_add,OK,7301c8d4a88f7d7e,OK,SURVIVED,SURVIVED,NOT_RUN,NOT_RUN,,0,0,,0,1.540,,f12ad6f2a1736a40,
wavelet,ast_emitted,531e82b818d2b733,cxx_arith_swap,haar_x.halide_generated.cpp,3099,25,operator+ -> operator-,m669_cxx_arith_swap_operator_sub,OK,86803a69659145e0,OK,SURVIVED,SURVIVED,NOT_RUN,NOT_RUN,,0,0,,0,1.066,,f12ad6f2a1736a40,
wavelet,ast_emitted,d1fcef96e0cca09b,cxx_arith_swap,haar_x.halide_generated.cpp,3100,25,operator+ -> operator/,m674_cxx_arith_swap_operator_div,OK,df3ebe6400931fdc,OK,SURVIVED,SURVIVED,NOT_RUN,NOT_RUN,,0,0,,0,0.835,,f12ad6f2a1736a40,
wavelet,ast_emitted,448f8266ba57890b,cxx_rel_swap,haar_x.halide_generated.cpp,3101,55,operator< -> operator<=,m675_cxx_rel_swap_operator_lt_eq,OK,4c581e8e9ca3635c,OK,SURVIVED,SURVIVED,NOT_RUN,NOT_RUN,,0,0,,0,0.833,,f12ad6f2a1736a40,
wavelet,ast_emitted,cab8c5626cda9623,cxx_arith_swap,haar_x.halide_generated.cpp,3100,25,operator+ -> operator*,m673_cxx_arith_swap_operator_mul,OK,36b09b4fad069cd1,OK,SURVIVED,SURVIVED,NOT_RUN,NOT_RUN,,0,0,,0,1.006,,f12ad6f2a1736a40,
wavelet,ast_emitted,5977d6474021ac1f,cxx_arith_swap,haar_x.halide_generated.cpp,3099,25,operator+ -> operator/,m671_cxx_arith_swap_operator_div,OK,f9cef6ecb14fd82f,OK,SURVIVED,SURVIVED,NOT_RUN,NOT_RUN,,0,0,,0,1.811,,f12ad6f2a1736a40,
wavelet,ast_emitted,fa1f4ec936704b5d,cxx_arith_swap,haar_x.halide_generated.cpp,3100,25,operator+ -> operator-,m672_cxx_arith_swap_operator_sub,OK,17c89297810e4252,OK,SURVIVED,SURVIVED,NOT_RUN,NOT_RUN,,0,0,,0,2.144,,f12ad6f2a1736a40,
wavelet,ast_emitted,96a0339c0179bfe2,cxx_rel_swap,haar_x.halide_generated.cpp,3101,55,operator< -> operator!=,m679_cxx_rel_swap_operator_not_eq,OK,b7ba2cf0fe3e4fcb,OK,NOT_RUN,NOT_RUN,NOT_RUN,NOT_RUN,,0,1,equivalent_tce,,,,,bit-identical machine code at -O2: no test can distinguish it
wavelet,ast_emitted,ac1a1762f5f45125,cxx_rel_swap,haar_x.halide_generated.cpp,3101,55,operator< -> operator>,m676_cxx_rel_swap_operator_gt,OK,56c5089faf82a73f,OK,SURVIVED,SURVIVED,NOT_RUN,NOT_RUN,,0,0,,0,1.915,,f12ad6f2a1736a40,
wavelet,ast_emitted,6d54d865a9dbbf55,cxx_rel_swap,haar_x.halide_generated.cpp,3101,55,operator< -> operator>=,m677_cxx_rel_swap_operator_gt_eq,OK,89a8b55882644c99,OK,SURVIVED,SURVIVED,NOT_RUN,NOT_RUN,,0,0,,0,1.354,,f12ad6f2a1736a40,
wavelet,ast_emitted,a45eb7d6602f3d7c,cxx_arith_swap,haar_x.halide_generated.cpp,3101,59,operator+ -> operator-,m680_cxx_arith_swap_operator_sub,OK,56c5089faf82a73f,OK,SURVIVED,SURVIVED,NOT_RUN,NOT_RUN,,0,0,,0,0.833,,f12ad6f2a1736a40,
wavelet,ast_emitted,62076d8a1b97a031,cxx_arith_swap,haar_x.halide_generated.cpp,3101,59,operator+ -> operator/,m682_cxx_arith_swap_operator_div,OK,56c5089faf82a73f,OK,SURVIVED,SURVIVED,NOT_RUN,NOT_RUN,,0,0,,0,1.040,,f12ad6f2a1736a40,
wavelet,ast_emitted,4e5b0e66cc5bc41d,cxx_rel_swap,haar_x.halide_generated.cpp,3101,55,operator< -> operator==,m678_cxx_rel_swap_operator_eq_eq,OK,d0df5fd421439f11,OK,SURVIVED,SURVIVED,NOT_RUN,NOT_RUN,,0,0,,0,1.027,,f12ad6f2a1736a40,
wavelet,ast_emitted,244780b46acd202a,cxx_arith_swap,haar_x.halide_generated.cpp,3101,59,operator+ -> operator*,m681_cxx_arith_swap_operator_mul,OK,56c5089faf82a73f,OK,SURVIVED,SURVIVED,NOT_RUN,NOT_RUN,,0,0,,0,0.846,,f12ad6f2a1736a40,
wavelet,ast_emitted,586c8052d4d3b80d,cxx_arith_swap,haar_x.halide_generated.cpp,3103,25,operator+ -> operator-,m683_cxx_arith_swap_operator_sub,OK,47ce51ba8b1b89b9,OK,SURVIVED,SURVIVED,NOT_RUN,NOT_RUN,,0,0,,0,1.902,,f12ad6f2a1736a40,
wavelet,ast_emitted,e2264711e6a806cc,cxx_arith_swap,haar_x.halide_generated.cpp,3103,25,operator+ -> operator*,m684_cxx_arith_swap_operator_mul,OK,fb3d5e49e2a3796d,OK,SURVIVED,SURVIVED,NOT_RUN,NOT_RUN,,0,0,,0,0.835,,f12ad6f2a1736a40,
wavelet,ast_emitted,3f416927e23d5c9b,cxx_arith_swap,haar_x.halide_generated.cpp,3103,25,operator+ -> operator/,m685_cxx_arith_swap_operator_div,OK,c44807f51983653b,OK,SURVIVED,SURVIVED,NOT_RUN,NOT_RUN,,0,0,,0,1.325,,f12ad6f2a1736a40,
wavelet,ast_emitted,8eb3e670240852af,cxx_arith_swap,haar_x.halide_generated.cpp,3104,26,operator* -> operator+,m686_cxx_arith_swap_operator_add,OK,ff71f964819eaa26,OK,SURVIVED,SURVIVED,NOT_RUN,NOT_RUN,,0,0,,0,1.163,,f12ad6f2a1736a40,
wavelet,ast_emitted,984d953ecff62759,cxx_arith_swap,haar_x.halide_generated.cpp,3104,26,operator* -> operator-,m687_cxx_arith_swap_operator_sub,OK,50df3871753a64ff,OK,SURVIVED,SURVIVED,NOT_RUN,NOT_RUN,,0,0,,0,0.839,,f12ad6f2a1736a40,
wavelet,ast_emitted,dc9f916a862747b9,cxx_arith_swap,haar_x.halide_generated.cpp,3104,26,operator* -> operator/,m688_cxx_arith_swap_operator_div,OK,4fd78c8eb2c9087c,OK,SURVIVED,SURVIVED,NOT_RUN,NOT_RUN,,0,0,,0,0.835,,f12ad6f2a1736a40,
wavelet,ast_emitted,cc6a6b323f979d07,cxx_arith_swap,haar_x.halide_generated.cpp,3105,26,operator+ -> operator*,m690_cxx_arith_swap_operator_mul,OK,a42354ff90b79cd1,OK,SURVIVED,SURVIVED,NOT_RUN,NOT_RUN,,0,0,,0,0.839,,f12ad6f2a1736a40,
wavelet,ast_emitted,de8d9f5e2f1cbf3a,cxx_arith_swap,haar_x.halide_generated.cpp,3108,25,operator* -> operator+,m692_cxx_arith_swap_operator_add,OK,1d8ddcd7eba73065,OK,SURVIVED,SURVIVED,NOT_RUN,NOT_RUN,,0,0,,0,0.842,,f12ad6f2a1736a40,
wavelet,ast_emitted,e82de596bfae4cb6,cxx_arith_swap,haar_x.halide_generated.cpp,3105,26,operator+ -> operator/,m691_cxx_arith_swap_operator_div,OK,a42354ff90b79cd1,OK,SURVIVED,SURVIVED,NOT_RUN,NOT_RUN,,0,0,,0,0.833,,f12ad6f2a1736a40,
wavelet,ast_emitted,cf1c147241726e2e,cxx_arith_swap,haar_x.halide_generated.cpp,3105,26,operator+ -> operator-,m689_cxx_arith_swap_operator_sub,OK,dc65e95430ba38c2,OK,SURVIVED,SURVIVED,NOT_RUN,NOT_RUN,,0,0,,0,1.929,,f12ad6f2a1736a40,
wavelet,ast_emitted,8d579dff4188d65f,cxx_arith_swap,haar_x.halide_generated.cpp,3108,25,operator* -> operator-,m693_cxx_arith_swap_operator_sub,OK,587cdc6fed88183b,OK,SURVIVED,SURVIVED,NOT_RUN,NOT_RUN,,0,0,,0,1.654,,f12ad6f2a1736a40,
wavelet,ast_emitted,2e4a53600bd57806,cxx_arith_swap,haar_x.halide_generated.cpp,3108,25,operator* -> operator/,m694_cxx_arith_swap_operator_div,OK,7677592402103d57,OK,SURVIVED,SURVIVED,NOT_RUN,NOT_RUN,,0,0,,0,0.833,,f12ad6f2a1736a40,
wavelet,ast_emitted,8d087b31e5a05f3d,cxx_arith_swap,haar_x.halide_generated.cpp,3109,26,operator- -> operator+,m695_cxx_arith_swap_operator_add,OK,dbc5f9d34834732f,OK,SURVIVED,SURVIVED,NOT_RUN,NOT_RUN,,0,0,,0,0.939,,f12ad6f2a1736a40,
wavelet,ast_emitted,103207fca9e08f8b,cxx_arith_swap,haar_x.halide_generated.cpp,3109,26,operator- -> operator/,m697_cxx_arith_swap_operator_div,OK,ff70f97a12614a4a,OK,SURVIVED,SURVIVED,NOT_RUN,NOT_RUN,,0,0,,0,2.201,,f12ad6f2a1736a40,
wavelet,ast_emitted,3c6786c5834386d8,cxx_arith_swap,haar_x.halide_generated.cpp,3109,26,operator- -> operator*,m696_cxx_arith_swap_operator_mul,OK,8a15efc6d939374d,OK,SURVIVED,SURVIVED,NOT_RUN,NOT_RUN,,0,0,,0,2.274,,f12ad6f2a1736a40,
wavelet,ast_emitted,19f89aa04ebc2de8,cxx_arith_swap,haar_x.halide_generated.cpp,3110,26,operator+ -> operator-,m698_cxx_arith_swap_operator_sub,OK,ce9c9760a05918a7,OK,SURVIVED,SURVIVED,NOT_RUN,NOT_RUN,,0,0,,0,1.349,,f12ad6f2a1736a40,
wavelet,ast_emitted,ffe271aed1f2b360,cxx_arith_swap,haar_x.halide_generated.cpp,3112,26,operator+ -> operator-,m701_cxx_arith_swap_operator_sub,OK,9bd5f0e99c25d362,OK,SURVIVED,SURVIVED,NOT_RUN,NOT_RUN,,0,0,,0,0.839,,f12ad6f2a1736a40,
wavelet,ast_emitted,bd866318cba511a1,cxx_arith_swap,haar_x.halide_generated.cpp,3110,26,operator+ -> operator*,m699_cxx_arith_swap_operator_mul,OK,4375ebfdf23dae19,OK,SURVIVED,SURVIVED,NOT_RUN,NOT_RUN,,0,0,,0,1.837,,f12ad6f2a1736a40,
wavelet,ast_emitted,628ae7378af8439f,cxx_arith_swap,haar_x.halide_generated.cpp,3110,26,operator+ -> operator/,m700_cxx_arith_swap_operator_div,OK,640b2354e0d83c62,OK,SURVIVED,SURVIVED,NOT_RUN,NOT_RUN,,0,0,,0,1.874,,f12ad6f2a1736a40,
wavelet,ast_emitted,219430a90423ea79,cxx_arith_swap,haar_x.halide_generated.cpp,3112,26,operator+ -> operator*,m702_cxx_arith_swap_operator_mul,OK,9a452caaa147a8c7,OK,SURVIVED,SURVIVED,NOT_RUN,NOT_RUN,,0,0,,0,0.838,,f12ad6f2a1736a40,
wavelet,ast_emitted,e2b72d8ab25ccfb3,cxx_arith_swap,haar_x.halide_generated.cpp,3112,26,operator+ -> operator/,m703_cxx_arith_swap_operator_div,OK,32a3032ae2e30d93,OK,SURVIVED,SURVIVED,NOT_RUN,NOT_RUN,,0,0,,0,1.814,,f12ad6f2a1736a40,
wavelet,ast_emitted,9e0d249cc3da5ab6,cxx_arith_swap,haar_x.halide_generated.cpp,3114,26,operator+ -> operator*,m705_cxx_arith_swap_operator_mul,OK,f54450897c8dff13,OK,SURVIVED,SURVIVED,NOT_RUN,NOT_RUN,,0,0,,0,0.836,,f12ad6f2a1736a40,
wavelet,ast_emitted,ce1feb4966489f79,cxx_arith_swap,haar_x.halide_generated.cpp,3114,26,operator+ -> operator/,m706_cxx_arith_swap_operator_div,OK,f54450897c8dff13,OK,SURVIVED,SURVIVED,NOT_RUN,NOT_RUN,,0,0,,0,0.841,,f12ad6f2a1736a40,
wavelet,ast_emitted,838df8c15f2ec477,cxx_arith_swap,haar_x.halide_generated.cpp,3114,26,operator+ -> operator-,m704_cxx_arith_swap_operator_sub,OK,242c412293b6a069,OK,SURVIVED,SURVIVED,NOT_RUN,NOT_RUN,,0,0,,0,1.974,,f12ad6f2a1736a40,
wavelet,ast_emitted,9ed4f3ea1abb854a,cxx_arith_swap,haar_x.halide_generated.cpp,3116,26,operator+ -> operator-,m707_cxx_arith_swap_operator_sub,OK,84dc6d4355bcd80c,OK,SURVIVED,SURVIVED,NOT_RUN,NOT_RUN,,0,0,,0,1.809,,f12ad6f2a1736a40,
wavelet,ast_emitted,db805bb454a19bc5,cxx_arith_swap,haar_x.halide_generated.cpp,3118,24,operator+ -> operator-,m710_cxx_arith_swap_operator_sub,OK,15cdfe2b53e55a55,OK,SURVIVED,SURVIVED,NOT_RUN,NOT_RUN,,0,0,,0,0.837,,f12ad6f2a1736a40,
wavelet,ast_emitted,4c823e037ebbfb2c,cxx_arith_swap,haar_x.halide_generated.cpp,3116,26,operator+ -> operator*,m708_cxx_arith_swap_operator_mul,OK,20a17f39edbb2452,OK,SURVIVED,SURVIVED,NOT_RUN,NOT_RUN,,0,0,,0,0.838,,f12ad6f2a1736a40,
wavelet,ast_emitted,b93ec690b6c521bc,cxx_arith_swap,haar_x.halide_generated.cpp,3116,26,operator+ -> operator/,m709_cxx_arith_swap_operator_div,OK,6351715920c7a6a7,OK,SURVIVED,SURVIVED,NOT_RUN,NOT_RUN,,0,0,,0,0.833,,f12ad6f2a1736a40,
wavelet,ast_emitted,7cb54c5ea0a5a793,cxx_rel_swap,haar_x.halide_generated.cpp,3120,23,operator== -> operator<,m716_cxx_rel_swap_operator_lt,OK,b7ba2cf0fe3e4fcb,OK,NOT_RUN,NOT_RUN,NOT_RUN,NOT_RUN,,0,1,equivalent_tce,,,,,bit-identical machine code at -O2: no test can distinguish it
wavelet,ast_emitted,249a3a26cbc1a6b9,cxx_rel_swap,haar_x.halide_generated.cpp,3120,23,operator== -> operator<=,m717_cxx_rel_swap_operator_lt_eq,OK,b7ba2cf0fe3e4fcb,OK,NOT_RUN,NOT_RUN,NOT_RUN,NOT_RUN,,0,1,equivalent_tce,,,,,bit-identical machine code at -O2: no test can distinguish it
wavelet,ast_emitted,76ea3ecbbc724f81,cxx_arith_swap,haar_x.halide_generated.cpp,3118,24,operator+ -> operator*,m711_cxx_arith_swap_operator_mul,OK,4c0c9caf5db63ae6,OK,SURVIVED,SURVIVED,NOT_RUN,NOT_RUN,,0,0,,0,1.930,,f12ad6f2a1736a40,
wavelet,ast_emitted,6912224afb13fe65,cxx_rel_swap,haar_x.halide_generated.cpp,3120,23,operator== -> operator>,m718_cxx_rel_swap_operator_gt,OK,b7ba2cf0fe3e4fcb,OK,NOT_RUN,NOT_RUN,NOT_RUN,NOT_RUN,,0,1,equivalent_tce,,,,,bit-identical machine code at -O2: no test can distinguish it
wavelet,ast_emitted,d248e6da039a2403,cxx_arith_swap,haar_x.halide_generated.cpp,3119,24,operator- -> operator/,m715_cxx_arith_swap_operator_div,OK,af7bc65c57828610,OK,SURVIVED,SURVIVED,NOT_RUN,NOT_RUN,,0,0,,0,0.836,,f12ad6f2a1736a40,
wavelet,ast_emitted,07c00ea7ab709d2e,cxx_arith_swap,haar_x.halide_generated.cpp,3118,24,operator+ -> operator/,m712_cxx_arith_swap_operator_div,OK,b11d1fe5e4d4c0f3,OK,SURVIVED,SURVIVED,NOT_RUN,NOT_RUN,,0,0,,0,1.909,,f12ad6f2a1736a40,
wavelet,ast_emitted,93332d1433276570,cxx_arith_swap,haar_x.halide_generated.cpp,3119,24,operator- -> operator+,m713_cxx_arith_swap_operator_add,OK,cc9a8167ad473e73,OK,SURVIVED,SURVIVED,NOT_RUN,NOT_RUN,,0,0,,0,0.930,,f12ad6f2a1736a40,
wavelet,ast_emitted,46a87b7c3d385299,cxx_rel_swap,haar_x.halide_generated.cpp,3120,23,operator== -> operator>=,m719_cxx_rel_swap_operator_gt_eq,OK,b7ba2cf0fe3e4fcb,OK,NOT_RUN,NOT_RUN,NOT_RUN,NOT_RUN,,0,1,equivalent_tce,,,,,bit-identical machine code at -O2: no test can distinguish it
wavelet,ast_emitted,6193cc465579ad46,cxx_rel_swap,haar_x.halide_generated.cpp,3120,23,operator== -> operator!=,m720_cxx_rel_swap_operator_not_eq,OK,b7ba2cf0fe3e4fcb,OK,NOT_RUN,NOT_RUN,NOT_RUN,NOT_RUN,,0,1,equivalent_tce,,,,,bit-identical machine code at -O2: no test can distinguish it
wavelet,ast_emitted,2ba0771e40b83ba6,cxx_arith_swap,haar_x.halide_generated.cpp,3119,24,operator- -> operator*,m714_cxx_arith_swap_operator_mul,OK,8483e2522f928d36,OK,SURVIVED,SURVIVED,NOT_RUN,NOT_RUN,,0,0,,0,0.901,,f12ad6f2a1736a40,
wavelet,ast_emitted,8ac5c8173ea60493,cxx_rel_swap,haar_x.halide_generated.cpp,3122,23,operator== -> operator!=,m725_cxx_rel_swap_operator_not_eq,OK,f624e264bc8b0f86,OK,SURVIVED,SURVIVED,NOT_RUN,NOT_RUN,,0,0,,0,0.834,,f12ad6f2a1736a40,
wavelet,ast_emitted,c4b974605d0be226,cxx_rel_swap,haar_x.halide_generated.cpp,3122,23,operator== -> operator<=,m722_cxx_rel_swap_operator_lt_eq,OK,77a4d54d2a9c38a1,OK,SURVIVED,SURVIVED,NOT_RUN,NOT_RUN,,0,0,,0,1.273,,f12ad6f2a1736a40,
wavelet,ast_emitted,6537292ce854968f,cxx_rel_swap,haar_x.halide_generated.cpp,3122,23,operator== -> operator<,m721_cxx_rel_swap_operator_lt,OK,1943cfcdd55135fd,OK,SURVIVED,SURVIVED,NOT_RUN,NOT_RUN,,0,0,,0,0.834,,f12ad6f2a1736a40,
wavelet,ast_emitted,d1e80ac86a6812e8,cxx_rel_swap,haar_x.halide_generated.cpp,3122,23,operator== -> operator>,m723_cxx_rel_swap_operator_gt,OK,fff32e1e833e6abc,OK,SURVIVED,SURVIVED,NOT_RUN,NOT_RUN,,0,0,,0,1.884,,f12ad6f2a1736a40,
wavelet,ast_emitted,54b54f636ba5eb19,cxx_rel_swap,haar_x.halide_generated.cpp,3122,23,operator== -> operator>=,m724_cxx_rel_swap_operator_gt_eq,OK,eecaeb593401c4e4,OK,SURVIVED,SURVIVED,NOT_RUN,NOT_RUN,,0,0,,0,1.051,,f12ad6f2a1736a40,
wavelet,ast_emitted,ee8e8265fedd07e3,cxx_arith_swap,haar_x.halide_generated.cpp,3126,24,operator* -> operator+,m726_cxx_arith_swap_operator_add,OK,e0e45a4eda840b5a,OK,SURVIVED,SURVIVED,NOT_RUN,NOT_RUN,,0,0,,0,1.560,,f12ad6f2a1736a40,
wavelet,ast_emitted,86eb36b86f833518,cxx_arith_swap,haar_x.halide_generated.cpp,3126,24,operator* -> operator-,m727_cxx_arith_swap_operator_sub,OK,44f274ec9b1143e2,OK,SURVIVED,SURVIVED,NOT_RUN,NOT_RUN,,0,0,,0,0.909,,f12ad6f2a1736a40,
wavelet,ast_emitted,1ce3969c9f629b11,cxx_arith_swap,haar_x.halide_generated.cpp,3127,39,operator+ -> operator*,m730_cxx_arith_swap_operator_mul,OK,424bb80a9982dadb,OK,SURVIVED,SURVIVED,NOT_RUN,NOT_RUN,,0,0,,0,0.844,,f12ad6f2a1736a40,
wavelet,ast_emitted,1464066372d7ff34,cxx_arith_swap,haar_x.halide_generated.cpp,3127,39,operator+ -> operator-,m729_cxx_arith_swap_operator_sub,OK,435640762abc2fa0,OK,SURVIVED,SURVIVED,NOT_RUN,NOT_RUN,,0,0,,0,1.741,,f12ad6f2a1736a40,
wavelet,ast_emitted,522d40c07d8312e6,cxx_arith_swap,haar_x.halide_generated.cpp,3126,24,operator* -> operator/,m728_cxx_arith_swap_operator_div,OK,46dae1a73d431f35,OK,SURVIVED,SURVIVED,NOT_RUN,NOT_RUN,,0,0,,0,1.813,,f12ad6f2a1736a40,
wavelet,ast_emitted,60680ca75e39d188,cxx_arith_swap,haar_x.halide_generated.cpp,3127,39,operator+ -> operator/,m731_cxx_arith_swap_operator_div,OK,ec6d37b931369e93,OK,SURVIVED,SURVIVED,NOT_RUN,NOT_RUN,,0,0,,0,1.343,,f12ad6f2a1736a40,
wavelet,ast_emitted,c2385907ce490364,cxx_arith_swap,haar_x.halide_generated.cpp,3131,24,operator- -> operator/,m734_cxx_arith_swap_operator_div,OK,e3a3d954a5bd7fe7,OK,KILLED,NOT_RUN,NOT_RUN,NOT_RUN,test1_demo,1,1,killed,-8,0.163,,<missing>,"golden driver exited -8, wrote no artifact -- test1 kill only"
wavelet,ast_emitted,69fc31baadb4801a,cxx_arith_swap,haar_x.halide_generated.cpp,3132,24,operator- -> operator/,m737_cxx_arith_swap_operator_div,OK,83a13e1d65a7f606,OK,KILLED,NOT_RUN,NOT_RUN,NOT_RUN,test1_demo,1,1,killed,-8,0.123,,<missing>,"golden driver exited -8, wrote no artifact -- test1 kill only"
wavelet,ast_emitted,d5dc9fa40933ff89,cxx_arith_swap,haar_x.halide_generated.cpp,3131,24,operator- -> operator*,m733_cxx_arith_swap_operator_mul,OK,0f4832ce6e5c7fb1,OK,SURVIVED,SURVIVED,NOT_RUN,NOT_RUN,,0,0,,0,1.188,,f12ad6f2a1736a40,
wavelet,ast_emitted,d0351adeaa518aa4,cxx_arith_swap,haar_x.halide_generated.cpp,3131,24,operator- -> operator+,m732_cxx_arith_swap_operator_add,OK,e391cb10bb585b32,OK,SURVIVED,SURVIVED,NOT_RUN,NOT_RUN,,0,0,,0,0.843,,f12ad6f2a1736a40,
wavelet,ast_emitted,e4eff5b527fca1b5,cxx_arith_swap,haar_x.halide_generated.cpp,3132,24,operator- -> operator*,m736_cxx_arith_swap_operator_mul,OK,35c1dcb918ff4d85,OK,SURVIVED,SURVIVED,NOT_RUN,NOT_RUN,,0,0,,0,0.836,,f12ad6f2a1736a40,
wavelet,ast_emitted,4f77e2d00f9a7c73,cxx_arith_swap,haar_x.halide_generated.cpp,3132,24,operator- -> operator+,m735_cxx_arith_swap_operator_add,OK,7e87b13ebf92893d,OK,SURVIVED,SURVIVED,NOT_RUN,NOT_RUN,,0,0,,0,1.240,,f12ad6f2a1736a40,
wavelet,ast_emitted,ede4a3d134c0ccf3,cxx_arith_swap,haar_x.halide_generated.cpp,3133,24,operator- -> operator/,m740_cxx_arith_swap_operator_div,OK,2be2dc1f31fcfda4,OK,KILLED,NOT_RUN,NOT_RUN,NOT_RUN,test1_demo,1,1,killed,-8,0.061,,<missing>,"golden driver exited -8, wrote no artifact -- test1 kill only"
wavelet,ast_emitted,e133499b18628c89,cxx_arith_swap,haar_x.halide_generated.cpp,3133,24,operator- -> operator+,m738_cxx_arith_swap_operator_add,OK,85aabd2500cfab43,OK,SURVIVED,SURVIVED,NOT_RUN,NOT_RUN,,0,0,,0,1.119,,f12ad6f2a1736a40,
wavelet,ast_emitted,6682d6f7da49e3b5,cxx_arith_swap,haar_x.halide_generated.cpp,3133,24,operator- -> operator*,m739_cxx_arith_swap_operator_mul,OK,cbbd3646a1234025,OK,SURVIVED,SURVIVED,NOT_RUN,NOT_RUN,,0,0,,0,1.062,,f12ad6f2a1736a40,
wavelet,ast_emitted,120b49025487c7d8,cxx_arith_swap,haar_x.halide_generated.cpp,3134,24,operator- -> operator/,m743_cxx_arith_swap_operator_div,OK,54baef1084c24cff,OK,KILLED,NOT_RUN,NOT_RUN,NOT_RUN,test1_demo,1,1,killed,-8,0.157,,<missing>,"golden driver exited -8, wrote no artifact -- test1 kill only"
wavelet,ast_emitted,ed2a61d6e2ba2b78,cxx_arith_swap,haar_x.halide_generated.cpp,3134,24,operator- -> operator+,m741_cxx_arith_swap_operator_add,OK,75ddc7f13797f7a4,OK,SURVIVED,SURVIVED,NOT_RUN,NOT_RUN,,0,0,,0,1.294,,f12ad6f2a1736a40,
wavelet,ast_emitted,243fda234ba48b4e,cxx_arith_swap,haar_x.halide_generated.cpp,3135,24,operator- -> operator/,m746_cxx_arith_swap_operator_div,OK,39943d7ff1a9efa5,OK,KILLED,NOT_RUN,NOT_RUN,NOT_RUN,test1_demo,1,1,killed,-8,0.063,,<missing>,"golden driver exited -8, wrote no artifact -- test1 kill only"
wavelet,ast_emitted,74df08e0eae569c5,cxx_arith_swap,haar_x.halide_generated.cpp,3135,24,operator- -> operator+,m744_cxx_arith_swap_operator_add,OK,6cdbe55e8ab7f5a2,OK,SURVIVED,SURVIVED,NOT_RUN,NOT_RUN,,0,0,,0,1.345,,f12ad6f2a1736a40,
wavelet,ast_emitted,10133d66c7216da2,cxx_arith_swap,haar_x.halide_generated.cpp,3136,24,operator- -> operator/,m749_cxx_arith_swap_operator_div,OK,62c8bdee0f36c40c,OK,KILLED,NOT_RUN,NOT_RUN,NOT_RUN,test1_demo,1,1,killed,-8,0.184,,<missing>,"golden driver exited -8, wrote no artifact -- test1 kill only"
wavelet,ast_emitted,ada197f097e0742a,cxx_arith_swap,haar_x.halide_generated.cpp,3135,24,operator- -> operator*,m745_cxx_arith_swap_operator_mul,OK,bbce33a818dbd2e2,OK,SURVIVED,SURVIVED,NOT_RUN,NOT_RUN,,0,0,,0,0.833,,f12ad6f2a1736a40,
wavelet,ast_emitted,ff2b3c581d68e1c5,cxx_arith_swap,haar_x.halide_generated.cpp,3134,24,operator- -> operator*,m742_cxx_arith_swap_operator_mul,OK,3bed3d7475621c64,OK,SURVIVED,SURVIVED,NOT_RUN,NOT_RUN,,0,0,,0,1.366,,f12ad6f2a1736a40,
wavelet,ast_emitted,c1937fc7a6f96ea4,cxx_arith_swap,haar_x.halide_generated.cpp,3136,24,operator- -> operator+,m747_cxx_arith_swap_operator_add,OK,cac0307d2226e863,OK,SURVIVED,SURVIVED,NOT_RUN,NOT_RUN,,0,0,,0,1.036,,f12ad6f2a1736a40,
wavelet,ast_emitted,75b77b1f9b4e130d,cxx_arith_swap,haar_x.halide_generated.cpp,3136,24,operator- -> operator*,m748_cxx_arith_swap_operator_mul,OK,f636d4c96d148fe6,OK,SURVIVED,SURVIVED,NOT_RUN,NOT_RUN,,0,0,,0,1.523,,f12ad6f2a1736a40,
wavelet,ast_emitted,11f286a65152cc3c,cxx_arith_swap,haar_x.halide_generated.cpp,3137,24,operator- -> operator+,m750_cxx_arith_swap_operator_add,OK,120c0818db7deddf,OK,SURVIVED,SURVIVED,NOT_RUN,NOT_RUN,,0,0,,0,0.846,,f12ad6f2a1736a40,
wavelet,ast_emitted,63bc4cfa4aa01a10,cxx_arith_swap,haar_x.halide_generated.cpp,3138,24,operator- -> operator*,m754_cxx_arith_swap_operator_mul,OK,a9320c8defd54f2f,OK,SURVIVED,KILLED,NOT_RUN,NOT_RUN,test2_golden,1,1,killed,0,0.695,,ed373ea714dcdd76,
wavelet,ast_emitted,f9f5280608a2e028,cxx_arith_swap,haar_x.halide_generated.cpp,3138,24,operator- -> operator+,m753_cxx_arith_swap_operator_add,OK,f49402305c6bc445,OK,SURVIVED,SURVIVED,NOT_RUN,NOT_RUN,,0,0,,0,0.835,,f12ad6f2a1736a40,
wavelet,ast_emitted,bbb8991e1a703215,cxx_arith_swap,haar_x.halide_generated.cpp,3137,24,operator- -> operator/,m752_cxx_arith_swap_operator_div,OK,516d6a291dd2fad4,OK,SURVIVED,SURVIVED,NOT_RUN,NOT_RUN,,0,0,,0,0.918,,f12ad6f2a1736a40,
wavelet,ast_emitted,f16647d238e1622e,cxx_arith_swap,haar_x.halide_generated.cpp,3138,24,operator- -> operator/,m755_cxx_arith_swap_operator_div,OK,a889eb85a9f7de32,OK,KILLED,NOT_RUN,NOT_RUN,NOT_RUN,test1_demo,1,1,killed,-8,0.124,,<missing>,"golden driver exited -8, wrote no artifact -- test1 kill only"
wavelet,ast_emitted,f83b5a96c916c01c,cxx_arith_swap,haar_x.halide_generated.cpp,3139,23,operator+ -> operator/,m758_cxx_arith_swap_operator_div,OK,846c58cf05b91dcd,OK,KILLED,NOT_RUN,NOT_RUN,NOT_RUN,test1_demo,1,1,killed,-8,0.063,,<missing>,"golden driver exited -8, wrote no artifact -- test1 kill only"
wavelet,ast_emitted,cd1936b5fe1f22e1,cxx_rel_swap,haar_x.halide_generated.cpp,3140,54,operator< -> operator<=,m759_cxx_rel_swap_operator_lt_eq,OK,4616365396eaec32,OK,KILLED,NOT_RUN,NOT_RUN,NOT_RUN,test1_demo,1,1,killed,-11,0.150,,<missing>,"golden driver exited -11, wrote no artifact -- test1 kill only"
wavelet,ast_emitted,f25c670f6984ed15,cxx_arith_swap,haar_x.halide_generated.cpp,3139,23,operator+ -> operator-,m756_cxx_arith_swap_operator_sub,OK,e98c30b50119d093,OK,SURVIVED,SURVIVED,NOT_RUN,NOT_RUN,,0,0,,0,0.837,,f12ad6f2a1736a40,
wavelet,ast_emitted,bac504e3ad74f096,cxx_rel_swap,haar_x.halide_generated.cpp,3140,54,operator< -> operator>,m760_cxx_rel_swap_operator_gt,OK,f86d334812adcfdc,OK,SURVIVED,KILLED,NOT_RUN,NOT_RUN,test2_golden,1,1,killed,0,0.467,,ed373ea714dcdd76,
wavelet,ast_emitted,6a8d73878968e493,cxx_rel_swap,haar_x.halide_generated.cpp,3140,54,operator< -> operator>=,m761_cxx_rel_swap_operator_gt_eq,OK,7a2546bb72d72456,OK,SURVIVED,KILLED,NOT_RUN,NOT_RUN,test2_golden,1,1,killed,0,0.546,,ed373ea714dcdd76,
wavelet,ast_emitted,a7872b24b0b706bf,cxx_rel_swap,haar_x.halide_generated.cpp,3140,54,operator< -> operator==,m762_cxx_rel_swap_operator_eq_eq,OK,0f9bc262ebcc7c21,OK,SURVIVED,KILLED,NOT_RUN,NOT_RUN,test2_golden,1,1,killed,0,0.578,,ed373ea714dcdd76,
wavelet,ast_emitted,ccfc6f49506dfab2,cxx_rel_swap,haar_x.halide_generated.cpp,3140,54,operator< -> operator!=,m763_cxx_rel_swap_operator_not_eq,OK,85e41a4d53cb889c,OK,SURVIVED,SURVIVED,NOT_RUN,NOT_RUN,,0,0,,0,0.837,,f12ad6f2a1736a40,
wavelet,ast_emitted,7b220c1e484e2049,cxx_arith_swap,haar_x.halide_generated.cpp,3139,23,operator+ -> operator*,m757_cxx_arith_swap_operator_mul,OK,c5044b561dd5587a,OK,SURVIVED,SURVIVED,NOT_RUN,NOT_RUN,,0,0,,0,1.720,,f12ad6f2a1736a40,
wavelet,ast_emitted,483e26e60dc0fb79,cxx_arith_swap,haar_x.halide_generated.cpp,3137,24,operator- -> operator*,m751_cxx_arith_swap_operator_mul,OK,bbc824e95542c389,OK,SURVIVED,SURVIVED,NOT_RUN,NOT_RUN,,0,0,,0,3.992,,f12ad6f2a1736a40,
wavelet,ast_emitted,c0f05238aaf50052,cxx_arith_swap,haar_x.halide_generated.cpp,3140,58,operator+ -> operator-,m764_cxx_arith_swap_operator_sub,OK,81f99f02d7c6b4d6,OK,SURVIVED,KILLED,NOT_RUN,NOT_RUN,test2_golden,1,1,killed,0,0.679,,ed373ea714dcdd76,
wavelet,ast_emitted,841e319cf325957a,cxx_arith_swap,haar_x.halide_generated.cpp,3140,58,operator+ -> operator/,m766_cxx_arith_swap_operator_div,OK,5139c297755335ea,OK,SURVIVED,KILLED,NOT_RUN,NOT_RUN,test2_golden,1,1,killed,0,0.703,,ed373ea714dcdd76,
wavelet,ast_emitted,1a44b5a2879630ba,cxx_arith_swap,haar_x.halide_generated.cpp,3142,38,operator+ -> operator/,m769_cxx_arith_swap_operator_div,OK,f00a46d55b7cd3c7,OK,KILLED,NOT_RUN,NOT_RUN,NOT_RUN,test1_demo,1,1,killed,-8,0.088,,<missing>,"golden driver exited -8, wrote no artifact -- test1 kill only"
wavelet,ast_emitted,a5a996aab402fb03,cxx_arith_swap,haar_x.halide_generated.cpp,3140,58,operator+ -> operator*,m765_cxx_arith_swap_operator_mul,OK,5139c297755335ea,OK,SURVIVED,KILLED,NOT_RUN,NOT_RUN,test2_golden,1,1,killed,0,0.718,,ed373ea714dcdd76,
wavelet,ast_emitted,9e4b8b8e8ac413e6,cxx_arith_swap,haar_x.halide_generated.cpp,3142,38,operator+ -> operator-,m767_cxx_arith_swap_operator_sub,OK,f673b93455dd03f4,OK,SURVIVED,SURVIVED,NOT_RUN,NOT_RUN,,0,0,,0,0.915,,f12ad6f2a1736a40,
wavelet,ast_emitted,1163fe7bf95b2fdf,cxx_arith_swap,haar_x.halide_generated.cpp,3143,24,operator* -> operator/,m772_cxx_arith_swap_operator_div,OK,70bf6d98e3b246c2,OK,KILLED,NOT_RUN,NOT_RUN,NOT_RUN,test1_demo,1,1,killed,-8,0.135,,<missing>,"golden driver exited -8, wrote no artifact -- test1 kill only"
wavelet,ast_emitted,9c488f09162fc43d,cxx_arith_swap,haar_x.halide_generated.cpp,3142,38,operator+ -> operator*,m768_cxx_arith_swap_operator_mul,OK,170bfe5ea072b494,OK,SURVIVED,SURVIVED,NOT_RUN,NOT_RUN,,0,0,,0,1.318,,f12ad6f2a1736a40,
wavelet,ast_emitted,468c008dc77e6620,cxx_arith_swap,haar_x.halide_generated.cpp,3143,24,operator* -> operator+,m770_cxx_arith_swap_operator_add,OK,71731ee18b2ba64d,OK,SURVIVED,SURVIVED,NOT_RUN,NOT_RUN,,0,0,,0,2.179,,f12ad6f2a1736a40,
wavelet,ast_emitted,f007d33c8026b12e,cxx_arith_swap,haar_x.halide_generated.cpp,3144,25,operator- -> operator/,m775_cxx_arith_swap_operator_div,OK,93ea6f318d4afe82,OK,KILLED,NOT_RUN,NOT_RUN,NOT_RUN,test1_demo,1,1,killed,-8,0.161,,<missing>,"golden driver exited -8, wrote no artifact -- test1 kill only"
wavelet,ast_emitted,5aa581982ec45896,cxx_arith_swap,haar_x.halide_generated.cpp,3144,25,operator- -> operator+,m773_cxx_arith_swap_operator_add,OK,5e1a985d0b8d19ad,OK,SURVIVED,SURVIVED,NOT_RUN,NOT_RUN,,0,0,,0,1.284,,f12ad6f2a1736a40,
wavelet,ast_emitted,d6d0bf53a814905d,cxx_arith_swap,haar_x.halide_generated.cpp,3143,24,operator* -> operator-,m771_cxx_arith_swap_operator_sub,OK,83f3983c1d4f9489,OK,SURVIVED,SURVIVED,NOT_RUN,NOT_RUN,,0,0,,0,1.399,,f12ad6f2a1736a40,
wavelet,ast_emitted,144f57be2ea98168,cxx_arith_swap,haar_x.halide_generated.cpp,3144,25,operator- -> operator*,m774_cxx_arith_swap_operator_mul,OK,8561a5e05f30f9a6,OK,SURVIVED,SURVIVED,NOT_RUN,NOT_RUN,,0,0,,0,0.892,,f12ad6f2a1736a40,
wavelet,ast_emitted,227c0c71079f3f51,cxx_arith_swap,haar_x.halide_generated.cpp,3145,25,operator- -> operator/,m778_cxx_arith_swap_operator_div,OK,b906547bcef2c690,OK,KILLED,NOT_RUN,NOT_RUN,NOT_RUN,test1_demo,1,1,killed,-8,0.160,,<missing>,"golden driver exited -8, wrote no artifact -- test1 kill only"
wavelet,ast_emitted,9beda357fb9281d9,cxx_arith_swap,haar_x.halide_generated.cpp,3145,25,operator- -> operator+,m776_cxx_arith_swap_operator_add,OK,af239b6c1e359cc4,OK,SURVIVED,SURVIVED,NOT_RUN,NOT_RUN,,0,0,,0,1.915,,f12ad6f2a1736a40,
wavelet,ast_emitted,054c62cbb96704e7,cxx_arith_swap,haar_x.halide_generated.cpp,3146,24,operator* -> operator+,m779_cxx_arith_swap_operator_add,OK,81062778a8f7a915,OK,SURVIVED,SURVIVED,NOT_RUN,NOT_RUN,,0,0,,0,1.071,,f12ad6f2a1736a40,
wavelet,ast_emitted,1590769b9b3fc49d,cxx_arith_swap,haar_x.halide_generated.cpp,3145,25,operator- -> operator*,m777_cxx_arith_swap_operator_mul,OK,d1253539fdf27b48,OK,SURVIVED,SURVIVED,NOT_RUN,NOT_RUN,,0,0,,0,2.044,,f12ad6f2a1736a40,
wavelet,ast_emitted,88bd58f1e13a950e,cxx_arith_swap,haar_x.halide_generated.cpp,3147,24,operator* -> operator+,m782_cxx_arith_swap_operator_add,OK,ecbb5a9b4016600b,OK,SURVIVED,SURVIVED,NOT_RUN,NOT_RUN,,0,0,,0,1.099,,f12ad6f2a1736a40,
wavelet,ast_emitted,1bf40dced98ff970,cxx_arith_swap,haar_x.halide_generated.cpp,3146,24,operator* -> operator-,m780_cxx_arith_swap_operator_sub,OK,9bfe9e36ae925fdb,OK,SURVIVED,SURVIVED,NOT_RUN,NOT_RUN,,0,0,,0,0.839,,f12ad6f2a1736a40,
wavelet,ast_emitted,c11482a2f2f2be86,cxx_arith_swap,haar_x.halide_generated.cpp,3146,24,operator* -> operator/,m781_cxx_arith_swap_operator_div,OK,caf4105c17a6d2d4,OK,SURVIVED,SURVIVED,NOT_RUN,NOT_RUN,,0,0,,0,1.113,,f12ad6f2a1736a40,
wavelet,ast_emitted,02686889eb9e3c7a,cxx_arith_swap,haar_x.halide_generated.cpp,3148,25,operator+ -> operator/,m787_cxx_arith_swap_operator_div,OK,cc2eb645ed8bc101,OK,KILLED,NOT_RUN,NOT_RUN,NOT_RUN,test1_demo,1,1,killed,-8,0.143,,<missing>,"golden driver exited -8, wrote no artifact -- test1 kill only"
wavelet,ast_emitted,aa33f8489e14bd6d,cxx_arith_swap,haar_x.halide_generated.cpp,3147,24,operator* -> operator/,m784_cxx_arith_swap_operator_div,OK,66802b2adf6dd024,OK,KILLED,NOT_RUN,NOT_RUN,NOT_RUN,test1_demo,1,1,killed,-8,0.121,,<missing>,"golden driver exited -8, wrote no artifact -- test1 kill only"
wavelet,ast_emitted,c1f9ab6267a667d5,cxx_arith_swap,haar_x.halide_generated.cpp,3148,25,operator+ -> operator-,m785_cxx_arith_swap_operator_sub,OK,0949ca01b1b5cc94,OK,SURVIVED,SURVIVED,NOT_RUN,NOT_RUN,,0,0,,0,0.841,,f12ad6f2a1736a40,
wavelet,ast_emitted,caa295e0c287f476,cxx_arith_swap,haar_x.halide_generated.cpp,3147,24,operator* -> operator-,m783_cxx_arith_swap_operator_sub,OK,6175b9792a530351,OK,SURVIVED,SURVIVED,NOT_RUN,NOT_RUN,,0,0,,0,1.792,,f12ad6f2a1736a40,
wavelet,ast_emitted,d19c2851903dfc6a,cxx_arith_swap,haar_x.halide_generated.cpp,3149,25,operator+ -> operator-,m788_cxx_arith_swap_operator_sub,OK,b63dee4bd132e231,OK,SURVIVED,SURVIVED,NOT_RUN,NOT_RUN,,0,0,,0,0.935,,f12ad6f2a1736a40,
wavelet,ast_emitted,c5d9f4527388cc80,cxx_arith_swap,haar_x.halide_generated.cpp,3148,25,operator+ -> operator*,m786_cxx_arith_swap_operator_mul,OK,af393256c90957e2,OK,SURVIVED,SURVIVED,NOT_RUN,NOT_RUN,,0,0,,0,0.835,,f12ad6f2a1736a40,
wavelet,ast_emitted,f18ef074222f0d7c,cxx_arith_swap,haar_x.halide_generated.cpp,3149,25,operator+ -> operator*,m789_cxx_arith_swap_operator_mul,OK,57ff6f7632fb6d0f,OK,SURVIVED,SURVIVED,NOT_RUN,NOT_RUN,,0,0,,0,0.934,,f12ad6f2a1736a40,
wavelet,ast_emitted,c62a2c75196165c6,cxx_arith_swap,haar_x.halide_generated.cpp,3149,25,operator+ -> operator/,m790_cxx_arith_swap_operator_div,OK,389c2cb36dc2ad4b,OK,SURVIVED,SURVIVED,NOT_RUN,NOT_RUN,,0,0,,0,0.835,,f12ad6f2a1736a40,
wavelet,ast_emitted,9b0c79681600138b,cxx_rel_swap,haar_x.halide_generated.cpp,3150,55,operator< -> operator>=,m793_cxx_rel_swap_operator_gt_eq,OK,8131569e5e95c9c1,OK,KILLED,NOT_RUN,NOT_RUN,NOT_RUN,test1_demo,1,1,killed,-11,0.177,,<missing>,"golden driver exited -11, wrote no artifact -- test1 kill only"
wavelet,ast_emitted,6aec7b758285d158,cxx_rel_swap,haar_x.halide_generated.cpp,3150,55,operator< -> operator<=,m791_cxx_rel_swap_operator_lt_eq,OK,f4c788f78c9b0818,OK,SURVIVED,SURVIVED,NOT_RUN,NOT_RUN,,0,0,,0,0.836,,f12ad6f2a1736a40,
wavelet,ast_emitted,53574d61c4c73fd2,cxx_rel_swap,haar_x.halide_generated.cpp,3150,55,operator< -> operator>,m792_cxx_rel_swap_operator_gt,OK,86e44ae3f7a11244,OK,SURVIVED,SURVIVED,NOT_RUN,NOT_RUN,,0,0,,0,0.839,,f12ad6f2a1736a40,
wavelet,ast_emitted,6182939f9d39a1ee,cxx_arith_swap,haar_x.halide_generated.cpp,3150,59,operator+ -> operator-,m796_cxx_arith_swap_operator_sub,OK,5c89b78bc2fce8ec,OK,SURVIVED,SURVIVED,NOT_RUN,NOT_RUN,,0,0,,0,1.101,,f12ad6f2a1736a40,
wavelet,ast_emitted,c447d5c368fa8cf9,cxx_arith_swap,haar_x.halide_generated.cpp,3152,25,operator+ -> operator-,m799_cxx_arith_swap_operator_sub,OK,595ec011cf1c104f,OK,SURVIVED,SURVIVED,NOT_RUN,NOT_RUN,,0,0,,0,0.834,,f12ad6f2a1736a40,
wavelet,ast_emitted,1ede046bbb627b77,cxx_rel_swap,haar_x.halide_generated.cpp,3150,55,operator< -> operator==,m794_cxx_rel_swap_operator_eq_eq,OK,9344dc1378b37128,OK,SURVIVED,SURVIVED,NOT_RUN,NOT_RUN,,0,0,,0,1.963,,f12ad6f2a1736a40,
wavelet,ast_emitted,2d85806a1b25864d,cxx_rel_swap,haar_x.halide_generated.cpp,3150,55,operator< -> operator!=,m795_cxx_rel_swap_operator_not_eq,OK,c257029fbf3020fd,OK,SURVIVED,SURVIVED,NOT_RUN,NOT_RUN,,0,0,,0,1.762,,f12ad6f2a1736a40,
wavelet,ast_emitted,66b6d1ceefa68fc0,cxx_arith_swap,haar_x.halide_generated.cpp,3150,59,operator+ -> operator*,m797_cxx_arith_swap_operator_mul,OK,0beb1e7b432a59a7,OK,SURVIVED,SURVIVED,NOT_RUN,NOT_RUN,,0,0,,0,1.453,,f12ad6f2a1736a40,
wavelet,ast_emitted,d7565a22e92d2da2,cxx_arith_swap,haar_x.halide_generated.cpp,3150,59,operator+ -> operator/,m798_cxx_arith_swap_operator_div,OK,0beb1e7b432a59a7,OK,SURVIVED,SURVIVED,NOT_RUN,NOT_RUN,,0,0,,0,1.884,,f12ad6f2a1736a40,
wavelet,ast_emitted,43b72e081da0b2b3,cxx_arith_swap,haar_x.halide_generated.cpp,3153,26,operator* -> operator-,m803_cxx_arith_swap_operator_sub,OK,7c074ba4567d0170,OK,SURVIVED,SURVIVED,NOT_RUN,NOT_RUN,,0,0,,0,0.838,,f12ad6f2a1736a40,
wavelet,ast_emitted,3e763ce68940d4d0,cxx_arith_swap,haar_x.halide_generated.cpp,3153,26,operator* -> operator+,m802_cxx_arith_swap_operator_add,OK,d48fc8ae8ba94883,OK,SURVIVED,SURVIVED,NOT_RUN,NOT_RUN,,0,0,,0,0.844,,f12ad6f2a1736a40,
wavelet,ast_emitted,52a664a28e94df9e,cxx_arith_swap,haar_x.halide_generated.cpp,3152,25,operator+ -> operator/,m801_cxx_arith_swap_operator_div,OK,257b1340ecb7d4f7,OK,SURVIVED,SURVIVED,NOT_RUN,NOT_RUN,,0,0,,0,1.136,,f12ad6f2a1736a40,
wavelet,ast_emitted,57b2eb923f9bd2df,cxx_arith_swap,haar_x.halide_generated.cpp,3152,25,operator+ -> operator*,m800_cxx_arith_swap_operator_mul,OK,d4a881b899eb0ae0,OK,SURVIVED,SURVIVED,NOT_RUN,NOT_RUN,,0,0,,0,1.669,,f12ad6f2a1736a40,
wavelet,ast_emitted,198bcb58d684ffe5,cxx_arith_swap,haar_x.halide_generated.cpp,3153,26,operator* -> operator/,m804_cxx_arith_swap_operator_div,OK,9b1f9b6cf804f7eb,OK,SURVIVED,SURVIVED,NOT_RUN,NOT_RUN,,0,0,,0,0.840,,f12ad6f2a1736a40,
wavelet,ast_emitted,79c45a5bae91c91a,cxx_arith_swap,haar_x.halide_generated.cpp,3157,26,operator+ -> operator-,m808_cxx_arith_swap_operator_sub,OK,03544ad018bf54c4,OK,SURVIVED,SURVIVED,NOT_RUN,NOT_RUN,,0,0,,0,0.841,,f12ad6f2a1736a40,
wavelet,ast_emitted,2a8de493cc358647,cxx_arith_swap,haar_x.halide_generated.cpp,3154,26,operator+ -> operator*,m806_cxx_arith_swap_operator_mul,OK,636c280502d4a92c,OK,SURVIVED,SURVIVED,NOT_RUN,NOT_RUN,,0,0,,0,0.836,,f12ad6f2a1736a40,
wavelet,ast_emitted,9fd6a54c262f445a,cxx_arith_swap,haar_x.halide_generated.cpp,3157,26,operator+ -> operator*,m809_cxx_arith_swap_operator_mul,OK,8b3f7eb33aae0a6a,OK,SURVIVED,SURVIVED,NOT_RUN,NOT_RUN,,0,0,,0,1.144,,f12ad6f2a1736a40,
wavelet,ast_emitted,04c1deed223bac76,cxx_arith_swap,haar_x.halide_generated.cpp,3154,26,operator+ -> operator-,m805_cxx_arith_swap_operator_sub,OK,14e6c50ef7c8afb9,OK,SURVIVED,SURVIVED,NOT_RUN,NOT_RUN,,0,0,,0,1.354,,f12ad6f2a1736a40,
wavelet,ast_emitted,9a3b0ee967e38f96,cxx_arith_swap,haar_x.halide_generated.cpp,3154,26,operator+ -> operator/,m807_cxx_arith_swap_operator_div,OK,636c280502d4a92c,OK,SURVIVED,SURVIVED,NOT_RUN,NOT_RUN,,0,0,,0,2.007,,f12ad6f2a1736a40,
wavelet,ast_emitted,24eecf73b30dc547,cxx_arith_swap,haar_x.halide_generated.cpp,3157,26,operator+ -> operator/,m810_cxx_arith_swap_operator_div,OK,e9a6482b25227373,OK,SURVIVED,SURVIVED,NOT_RUN,NOT_RUN,,0,0,,0,1.760,,f12ad6f2a1736a40,
wavelet,ast_emitted,36ad61ee892b429c,cxx_arith_swap,haar_x.halide_generated.cpp,3159,26,operator+ -> operator/,m813_cxx_arith_swap_operator_div,OK,bf5225e45aafb2b9,OK,SURVIVED,SURVIVED,NOT_RUN,NOT_RUN,,0,0,,0,0.853,,f12ad6f2a1736a40,
wavelet,ast_emitted,f5030bf548840046,cxx_arith_swap,haar_x.halide_generated.cpp,3159,26,operator+ -> operator*,m812_cxx_arith_swap_operator_mul,OK,ad408bf7a5ced045,OK,SURVIVED,SURVIVED,NOT_RUN,NOT_RUN,,0,0,,0,0.917,,f12ad6f2a1736a40,
wavelet,ast_emitted,b80293274d38b3c5,cxx_arith_swap,haar_x.halide_generated.cpp,3159,26,operator+ -> operator-,m811_cxx_arith_swap_operator_sub,OK,4f1bd0a00ea683ce,OK,SURVIVED,SURVIVED,NOT_RUN,NOT_RUN,,0,0,,0,1.348,,f12ad6f2a1736a40,
wavelet,ast_emitted,3301760bf5c47842,cxx_arith_swap,haar_x.halide_generated.cpp,3161,26,operator+ -> operator-,m814_cxx_arith_swap_operator_sub,OK,9fcc99809b6adfd3,OK,SURVIVED,SURVIVED,NOT_RUN,NOT_RUN,,0,0,,0,1.281,,f12ad6f2a1736a40,
wavelet,ast_emitted,a65b11d8863c3ee9,cxx_arith_swap,haar_x.halide_generated.cpp,3161,26,operator+ -> operator/,m816_cxx_arith_swap_operator_div,OK,6d92f659ea943d7c,OK,SURVIVED,SURVIVED,NOT_RUN,NOT_RUN,,0,0,,0,0.833,,f12ad6f2a1736a40,
wavelet,ast_emitted,5bcc93f3f6d2676c,cxx_arith_swap,haar_x.halide_generated.cpp,3161,26,operator+ -> operator*,m815_cxx_arith_swap_operator_mul,OK,6d92f659ea943d7c,OK,SURVIVED,SURVIVED,NOT_RUN,NOT_RUN,,0,0,,0,1.009,,f12ad6f2a1736a40,
wavelet,ast_emitted,551b249db2829526,cxx_arith_swap,haar_x.halide_generated.cpp,3163,26,operator+ -> operator*,m818_cxx_arith_swap_operator_mul,OK,563d3872f4b4e621,OK,SURVIVED,SURVIVED,NOT_RUN,NOT_RUN,,0,0,,0,1.090,,f12ad6f2a1736a40,
wavelet,ast_emitted,a736ea9fb6b43bbc,cxx_arith_swap,haar_x.halide_generated.cpp,3163,26,operator+ -> operator/,m819_cxx_arith_swap_operator_div,OK,190149d21811e72d,OK,SURVIVED,SURVIVED,NOT_RUN,NOT_RUN,,0,0,,0,0.833,,f12ad6f2a1736a40,
wavelet,ast_emitted,89ea648c6f1a97c0,cxx_arith_swap,haar_x.halide_generated.cpp,3163,26,operator+ -> operator-,m817_cxx_arith_swap_operator_sub,OK,11bce8b6b4992b24,OK,SURVIVED,SURVIVED,NOT_RUN,NOT_RUN,,0,0,,0,1.545,,f12ad6f2a1736a40,
wavelet,ast_emitted,503e0602990e04e3,cxx_arith_swap,haar_x.halide_generated.cpp,3165,24,operator+ -> operator-,m820_cxx_arith_swap_operator_sub,OK,c1fa19a71a69f575,OK,SURVIVED,SURVIVED,NOT_RUN,NOT_RUN,,0,0,,0,1.085,,f12ad6f2a1736a40,
wavelet,ast_emitted,5d1d01a9e6f0d270,cxx_arith_swap,haar_x.halide_generated.cpp,3165,24,operator+ -> operator*,m821_cxx_arith_swap_operator_mul,OK,b158a5b0deb30193,OK,SURVIVED,SURVIVED,NOT_RUN,NOT_RUN,,0,0,,0,1.852,,f12ad6f2a1736a40,
wavelet,ast_emitted,652b405564d15849,cxx_rel_swap,haar_x.halide_generated.cpp,3167,23,operator== -> operator<=,m827_cxx_rel_swap_operator_lt_eq,OK,b7ba2cf0fe3e4fcb,OK,NOT_RUN,NOT_RUN,NOT_RUN,NOT_RUN,,0,1,equivalent_tce,,,,,bit-identical machine code at -O2: no test can distinguish it
wavelet,ast_emitted,93a645bb50774340,cxx_arith_swap,haar_x.halide_generated.cpp,3166,24,operator- -> operator+,m823_cxx_arith_swap_operator_add,OK,634862673da0914e,OK,SURVIVED,SURVIVED,NOT_RUN,NOT_RUN,,0,0,,0,0.849,,f12ad6f2a1736a40,
wavelet,ast_emitted,5c287f921bf530b1,cxx_rel_swap,haar_x.halide_generated.cpp,3167,23,operator== -> operator>,m828_cxx_rel_swap_operator_gt,OK,b7ba2cf0fe3e4fcb,OK,NOT_RUN,NOT_RUN,NOT_RUN,NOT_RUN,,0,1,equivalent_tce,,,,,bit-identical machine code at -O2: no test can distinguish it
wavelet,ast_emitted,09ddaf75ff2ff1f4,cxx_arith_swap,haar_x.halide_generated.cpp,3165,24,operator+ -> operator/,m822_cxx_arith_swap_operator_div,OK,3e7285182b89f8f5,OK,SURVIVED,SURVIVED,NOT_RUN,NOT_RUN,,0,0,,0,1.781,,f12ad6f2a1736a40,
wavelet,ast_emitted,950f5619752124a4,cxx_rel_swap,haar_x.halide_generated.cpp,3167,23,operator== -> operator<,m826_cxx_rel_swap_operator_lt,OK,b7ba2cf0fe3e4fcb,OK,NOT_RUN,NOT_RUN,NOT_RUN,NOT_RUN,,0,1,equivalent_tce,,,,,bit-identical machine code at -O2: no test can distinguish it
wavelet,ast_emitted,ee18b81ac971b432,cxx_rel_swap,haar_x.halide_generated.cpp,3167,23,operator== -> operator>=,m829_cxx_rel_swap_operator_gt_eq,OK,b7ba2cf0fe3e4fcb,OK,NOT_RUN,NOT_RUN,NOT_RUN,NOT_RUN,,0,1,equivalent_tce,,,,,bit-identical machine code at -O2: no test can distinguish it
wavelet,ast_emitted,efd3e0797f62b57b,cxx_rel_swap,haar_x.halide_generated.cpp,3167,23,operator== -> operator!=,m830_cxx_rel_swap_operator_not_eq,OK,b7ba2cf0fe3e4fcb,OK,NOT_RUN,NOT_RUN,NOT_RUN,NOT_RUN,,0,1,equivalent_tce,,,,,bit-identical machine code at -O2: no test can distinguish it
wavelet,ast_emitted,0877d3ddbe0fd2be,cxx_arith_swap,haar_x.halide_generated.cpp,3166,24,operator- -> operator/,m825_cxx_arith_swap_operator_div,OK,f520994b2c63eeee,OK,SURVIVED,SURVIVED,NOT_RUN,NOT_RUN,,0,0,,0,1.135,,f12ad6f2a1736a40,
wavelet,ast_emitted,89c0e44c81ea11c7,cxx_arith_swap,haar_x.halide_generated.cpp,3166,24,operator- -> operator*,m824_cxx_arith_swap_operator_mul,OK,b0c78e95d3e3dcdf,OK,SURVIVED,SURVIVED,NOT_RUN,NOT_RUN,,0,0,,0,1.380,,f12ad6f2a1736a40,
wavelet,ast_emitted,3d39b6fba7111a21,cxx_rel_swap,haar_x.halide_generated.cpp,3169,23,operator== -> operator<,m831_cxx_rel_swap_operator_lt,OK,82944f6991290f35,OK,SURVIVED,SURVIVED,NOT_RUN,NOT_RUN,,0,0,,0,1.108,,f12ad6f2a1736a40,
wavelet,ast_emitted,8d527e6e29728851,cxx_rel_swap,haar_x.halide_generated.cpp,3169,23,operator== -> operator>,m833_cxx_rel_swap_operator_gt,OK,13d52c64cee265ee,OK,SURVIVED,SURVIVED,NOT_RUN,NOT_RUN,,0,0,,0,1.267,,f12ad6f2a1736a40,
wavelet,ast_emitted,50682a8c7f7cab53,cxx_rel_swap,haar_x.halide_generated.cpp,3169,23,operator== -> operator>=,m834_cxx_rel_swap_operator_gt_eq,OK,981d4adb825f693f,OK,SURVIVED,SURVIVED,NOT_RUN,NOT_RUN,,0,0,,0,0.832,,f12ad6f2a1736a40,
wavelet,ast_emitted,b4c24e3bcaf3c85d,cxx_rel_swap,haar_x.halide_generated.cpp,3169,23,operator== -> operator<=,m832_cxx_rel_swap_operator_lt_eq,OK,fd100d2ffc666bec,OK,SURVIVED,SURVIVED,NOT_RUN,NOT_RUN,,0,0,,0,1.835,,f12ad6f2a1736a40,
wavelet,ast_emitted,00d8066c6fba7982,cxx_arith_swap,haar_x.halide_generated.cpp,3173,24,operator* -> operator+,m836_cxx_arith_swap_operator_add,OK,7f3a4b981b327cb8,OK,SURVIVED,SURVIVED,NOT_RUN,NOT_RUN,,0,0,,0,0.843,,f12ad6f2a1736a40,
wavelet,ast_emitted,f7b0f654359209c9,cxx_arith_swap,haar_x.halide_generated.cpp,3173,24,operator* -> operator/,m838_cxx_arith_swap_operator_div,OK,f6143d0c65a4a95b,OK,SURVIVED,SURVIVED,NOT_RUN,NOT_RUN,,0,0,,0,0.838,,f12ad6f2a1736a40,
wavelet,ast_emitted,868158611a0bbe72,cxx_arith_swap,haar_x.halide_generated.cpp,3174,39,operator+ -> operator-,m839_cxx_arith_swap_operator_sub,OK,32afd9a0d803ec17,OK,SURVIVED,SURVIVED,NOT_RUN,NOT_RUN,,0,0,,0,0.844,,f12ad6f2a1736a40,
wavelet,ast_emitted,9873cf796fc8987a,cxx_rel_swap,haar_x.halide_generated.cpp,3169,23,operator== -> operator!=,m835_cxx_rel_swap_operator_not_eq,OK,a48b09471a1dade1,OK,SURVIVED,SURVIVED,NOT_RUN,NOT_RUN,,0,0,,0,1.482,,f12ad6f2a1736a40,
wavelet,ast_emitted,95e5daefe5b4fac9,cxx_arith_swap,haar_x.halide_generated.cpp,3177,38,operator+ -> operator*,m843_cxx_arith_swap_operator_mul,OK,4834dad6372c3645,OK,SURVIVED,KILLED,NOT_RUN,NOT_RUN,test2_golden,1,1,killed,0,0.427,,ab18acb2ea9c8c5c,
wavelet,ast_emitted,bdbc6d3e30011098,cxx_arith_swap,haar_x.halide_generated.cpp,3173,24,operator* -> operator-,m837_cxx_arith_swap_operator_sub,OK,f844dbd0b7f28089,OK,SURVIVED,SURVIVED,NOT_RUN,NOT_RUN,,0,0,,0,1.810,,f12ad6f2a1736a40,
wavelet,ast_emitted,b094fbacf177a4ab,cxx_arith_swap,haar_x.halide_generated.cpp,3177,38,operator+ -> operator/,m844_cxx_arith_swap_operator_div,OK,418e05da48c0f10e,OK,KILLED,NOT_RUN,NOT_RUN,NOT_RUN,test1_demo,1,1,killed,-8,0.061,,<missing>,"golden driver exited -8, wrote no artifact -- test1 kill only"
wavelet,ast_emitted,ebb3fe4c855f5d41,cxx_arith_swap,haar_x.halide_generated.cpp,3174,39,operator+ -> operator*,m840_cxx_arith_swap_operator_mul,OK,0055fd27e231989e,OK,SURVIVED,SURVIVED,NOT_RUN,NOT_RUN,,0,0,,0,1.901,,f12ad6f2a1736a40,
wavelet,ast_emitted,1d666eacdd578bd2,cxx_arith_swap,haar_x.halide_generated.cpp,3174,39,operator+ -> operator/,m841_cxx_arith_swap_operator_div,OK,8bb01391e8c58d34,OK,SURVIVED,SURVIVED,NOT_RUN,NOT_RUN,,0,0,,0,0.923,,f12ad6f2a1736a40,
wavelet,ast_emitted,dd663fc29dfdf574,cxx_arith_swap,haar_x.halide_generated.cpp,3178,24,operator* -> operator/,m847_cxx_arith_swap_operator_div,OK,21244ef0e2481067,OK,KILLED,NOT_RUN,NOT_RUN,NOT_RUN,test1_demo,1,1,killed,-8,0.127,,<missing>,"golden driver exited -8, wrote no artifact -- test1 kill only"
wavelet,ast_emitted,01b95d01602404ab,cxx_arith_swap,haar_x.halide_generated.cpp,3177,38,operator+ -> operator-,m842_cxx_arith_swap_operator_sub,OK,614d5a718354ade7,OK,SURVIVED,SURVIVED,NOT_RUN,NOT_RUN,,0,0,,0,1.071,,f12ad6f2a1736a40,
wavelet,ast_emitted,e3f60509bae0b369,cxx_arith_swap,haar_x.halide_generated.cpp,3178,24,operator* -> operator+,m845_cxx_arith_swap_operator_add,OK,1054e89e3e20331c,OK,SURVIVED,KILLED,NOT_RUN,NOT_RUN,test2_golden,1,1,killed,0,0.709,,bfa50f94a829b66c,
wavelet,ast_emitted,edbd13fa8a4302ce,cxx_arith_swap,haar_x.halide_generated.cpp,3178,24,operator* -> operator-,m846_cxx_arith_swap_operator_sub,OK,9320a283c3f8f83e,OK,SURVIVED,KILLED,NOT_RUN,NOT_RUN,test2_golden,1,1,killed,0,1.154,,fb798f1081e21364,
wavelet,ast_emitted,05f060486b5026ff,cxx_arith_swap,haar_x.halide_generated.cpp,3179,25,operator- -> operator/,m850_cxx_arith_swap_operator_div,OK,5bc0459a8a772eda,OK,KILLED,NOT_RUN,NOT_RUN,NOT_RUN,test1_demo,1,1,killed,-8,0.122,,<missing>,"golden driver exited -8, wrote no artifact -- test1 kill only"
wavelet,ast_emitted,eae1604da5a55bfe,cxx_arith_swap,haar_x.halide_generated.cpp,3179,25,operator- -> operator*,m849_cxx_arith_swap_operator_mul,OK,e8b6be8f6d6b7650,OK,SURVIVED,KILLED,NOT_RUN,NOT_RUN,test2_golden,1,1,killed,0,0.428,,e149a0c07b8f7a81,
wavelet,ast_emitted,e367405a5900a5ea,cxx_arith_swap,haar_x.halide_generated.cpp,3180,25,operator- -> operator/,m853_cxx_arith_swap_operator_div,OK,01217091b798a846,OK,KILLED,NOT_RUN,NOT_RUN,NOT_RUN,test1_demo,1,1,killed,-8,0.153,,<missing>,"golden driver exited -8, wrote no artifact -- test1 kill only"
wavelet,ast_emitted,efe3b77abb1ac038,cxx_arith_swap,haar_x.halide_generated.cpp,3179,25,operator- -> operator+,m848_cxx_arith_swap_operator_add,OK,262200eaa1667351,OK,SURVIVED,SURVIVED,NOT_RUN,NOT_RUN,,0,0,,0,1.820,,f12ad6f2a1736a40,
wavelet,ast_emitted,8bb9f83ff4ae43ec,cxx_arith_swap,haar_x.halide_generated.cpp,3181,24,operator* -> operator+,m854_cxx_arith_swap_operator_add,OK,98110b5b47aebec6,OK,SURVIVED,KILLED,NOT_RUN,NOT_RUN,test2_golden,1,1,killed,0,0.421,,f9ce9fa78b7e4c55,
wavelet,ast_emitted,413ba591a70e6ff8,cxx_arith_swap,haar_x.halide_generated.cpp,3181,24,operator* -> operator-,m855_cxx_arith_swap_operator_sub,OK,682e41ff86959aa8,OK,KILLED,NOT_RUN,NOT_RUN,NOT_RUN,test1_demo,1,1,killed,-11,0.185,,<missing>,"golden driver exited -11, wrote no artifact -- test1 kill only"
wavelet,ast_emitted,de7e1ccd3005fe8e,cxx_arith_swap,haar_x.halide_generated.cpp,3180,25,operator- -> operator*,m852_cxx_arith_swap_operator_mul,OK,73de671cb817f0da,OK,SURVIVED,KILLED,NOT_RUN,NOT_RUN,test2_golden,1,1,killed,0,0.668,,ed373ea714dcdd76,
wavelet,ast_emitted,d8c1269efb274761,cxx_arith_swap,haar_x.halide_generated.cpp,3181,24,operator* -> operator/,m856_cxx_arith_swap_operator_div,OK,c0677d1d04fbc819,OK,KILLED,NOT_RUN,NOT_RUN,NOT_RUN,test1_demo,1,1,killed,-8,0.121,,<missing>,"golden driver exited -8, wrote no artifact -- test1 kill only"
wavelet,ast_emitted,b673741c1f246cbf,cxx_arith_swap,haar_x.halide_generated.cpp,3182,24,operator* -> operator/,m859_cxx_arith_swap_operator_div,OK,e00d65db0589c024,OK,KILLED,NOT_RUN,NOT_RUN,NOT_RUN,test1_demo,1,1,killed,-8,0.062,,<missing>,"golden driver exited -8, wrote no artifact -- test1 kill only"
wavelet,ast_emitted,ce8e04271dedaad5,cxx_arith_swap,haar_x.halide_generated.cpp,3180,25,operator- -> operator+,m851_cxx_arith_swap_operator_add,OK,aedfe1c63e9e3e03,OK,SURVIVED,SURVIVED,NOT_RUN,NOT_RUN,,0,0,,0,1.908,,f12ad6f2a1736a40,
wavelet,ast_emitted,f9dbed490c6de664,cxx_arith_swap,haar_x.halide_generated.cpp,3182,24,operator* -> operator+,m857_cxx_arith_swap_operator_add,OK,161cbee0ce9914c9,OK,SURVIVED,KILLED,NOT_RUN,NOT_RUN,test2_golden,1,1,killed,0,0.570,,ed373ea714dcdd76,
wavelet,ast_emitted,c977870686e49145,cxx_arith_swap,haar_x.halide_generated.cpp,3182,24,operator* -> operator-,m858_cxx_arith_swap_operator_sub,OK,b83cf668081b5cb5,OK,SURVIVED,KILLED,NOT_RUN,NOT_RUN,test2_golden,1,1,killed,0,0.569,,ed373ea714dcdd76,
wavelet,ast_emitted,2792422f739f981d,cxx_arith_swap,haar_x.halide_generated.cpp,3183,25,operator+ -> operator-,m860_cxx_arith_swap_operator_sub,OK,6673d321effc497c,OK,SURVIVED,SURVIVED,NOT_RUN,NOT_RUN,,0,0,,0,0.859,,f12ad6f2a1736a40,
wavelet,ast_emitted,ef081e84437a7306,cxx_arith_swap,haar_x.halide_generated.cpp,3183,25,operator+ -> operator/,m862_cxx_arith_swap_operator_div,OK,a7ae914afecbefad,OK,KILLED,NOT_RUN,NOT_RUN,NOT_RUN,test1_demo,1,1,killed,-8,0.189,,<missing>,"golden driver exited -8, wrote no artifact -- test1 kill only"
wavelet,ast_emitted,915fc8e8c71b5e4b,cxx_arith_swap,haar_x.halide_generated.cpp,3184,25,operator+ -> operator*,m864_cxx_arith_swap_operator_mul,OK,bc98b02721ebd939,OK,SURVIVED,KILLED,NOT_RUN,NOT_RUN,test2_golden,1,1,killed,0,0.426,,a96a60e334865bb4,
wavelet,ast_emitted,4532f70b318f3955,cxx_arith_swap,haar_x.halide_generated.cpp,3183,25,operator+ -> operator*,m861_cxx_arith_swap_operator_mul,OK,492f965afdb6c06f,OK,SURVIVED,SURVIVED,NOT_RUN,NOT_RUN,,0,0,,0,0.839,,f12ad6f2a1736a40,
wavelet,ast_emitted,cf0a6c1b8fa26241,cxx_arith_swap,haar_x.halide_generated.cpp,3184,25,operator+ -> operator/,m865_cxx_arith_swap_operator_div,OK,fd3aa97609cbb9c2,OK,KILLED,NOT_RUN,NOT_RUN,NOT_RUN,test1_demo,1,1,killed,-8,0.063,,<missing>,"golden driver exited -8, wrote no artifact -- test1 kill only"
wavelet,ast_emitted,898aa8d89f7f1b52,cxx_rel_swap,haar_x.halide_generated.cpp,3185,55,operator< -> operator>=,m868_cxx_rel_swap_operator_gt_eq,OK,e41ab49b90745d16,OK,SURVIVED,KILLED,NOT_RUN,NOT_RUN,test2_golden,1,1,killed,0,0.524,,ed373ea714dcdd76,
wavelet,ast_emitted,111237143368647a,cxx_arith_swap,haar_x.halide_generated.cpp,3184,25,operator+ -> operator-,m863_cxx_arith_swap_operator_sub,OK,510d464b87916c3f,OK,SURVIVED,SURVIVED,NOT_RUN,NOT_RUN,,0,0,,0,1.463,,f12ad6f2a1736a40,
wavelet,ast_emitted,55123d5efb94d45a,cxx_rel_swap,haar_x.halide_generated.cpp,3185,55,operator< -> operator==,m869_cxx_rel_swap_operator_eq_eq,OK,1c108fb458b6c356,OK,SURVIVED,KILLED,NOT_RUN,NOT_RUN,test2_golden,1,1,killed,0,0.895,,ed373ea714dcdd76,
wavelet,ast_emitted,0cc4cc830071308c,cxx_rel_swap,haar_x.halide_generated.cpp,3185,55,operator< -> operator<=,m866_cxx_rel_swap_operator_lt_eq,OK,3dfbb2d7b1e1c8c2,OK,SURVIVED,SURVIVED,NOT_RUN,NOT_RUN,,0,0,,0,0.840,,f12ad6f2a1736a40,
wavelet,ast_emitted,cbea9a1791bb0f69,cxx_rel_swap,haar_x.halide_generated.cpp,3185,55,operator< -> operator>,m867_cxx_rel_swap_operator_gt,OK,bbada147385c5d5f,OK,SURVIVED,KILLED,NOT_RUN,NOT_RUN,test2_golden,1,1,killed,0,0.884,,ed373ea714dcdd76,
wavelet,ast_emitted,fd97b512a5dcb50d,cxx_arith_swap,haar_x.halide_generated.cpp,3185,59,operator+ -> operator-,m871_cxx_arith_swap_operator_sub,OK,fae3fe36a9c7a729,OK,SURVIVED,KILLED,NOT_RUN,NOT_RUN,test2_golden,1,1,killed,0,0.419,,ed373ea714dcdd76,
wavelet,ast_emitted,0835caec3fe0798e,cxx_arith_swap,haar_x.halide_generated.cpp,3185,59,operator+ -> operator*,m872_cxx_arith_swap_operator_mul,OK,b003dcbc696f6b92,OK,SURVIVED,KILLED,NOT_RUN,NOT_RUN,test2_golden,1,1,killed,0,0.421,,ed373ea714dcdd76,
wavelet,ast_emitted,8972e5adc7566837,cxx_arith_swap,haar_x.halide_generated.cpp,3187,39,operator+ -> operator/,m876_cxx_arith_swap_operator_div,OK,a49d50ee5365a524,OK,KILLED,NOT_RUN,NOT_RUN,NOT_RUN,test1_demo,1,1,killed,-8,0.061,,<missing>,"golden driver exited -8, wrote no artifact -- test1 kill only"
wavelet,ast_emitted,c4f58861aec1d924,cxx_arith_swap,haar_x.halide_generated.cpp,3187,39,operator+ -> operator*,m875_cxx_arith_swap_operator_mul,OK,14eca9ae97e91cb1,OK,SURVIVED,KILLED,NOT_RUN,NOT_RUN,test2_golden,1,1,killed,0,0.477,,b104e1a4da198cfb,
wavelet,ast_emitted,5c61c87c0308896b,cxx_rel_swap,haar_x.halide_generated.cpp,3185,55,operator< -> operator!=,m870_cxx_rel_swap_operator_not_eq,OK,dab0cf4031b490d1,OK,SURVIVED,SURVIVED,NOT_RUN,NOT_RUN,,0,0,,0,1.378,,f12ad6f2a1736a40,
wavelet,ast_emitted,508be041ae64c831,cxx_arith_swap,haar_x.halide_generated.cpp,3185,59,operator+ -> operator/,m873_cxx_arith_swap_operator_div,OK,b003dcbc696f6b92,OK,SURVIVED,KILLED,NOT_RUN,NOT_RUN,test2_golden,1,1,killed,0,0.988,,ed373ea714dcdd76,
wavelet,ast_emitted,8cf815896f8da268,cxx_arith_swap,haar_x.halide_generated.cpp,3187,39,operator+ -> operator-,m874_cxx_arith_swap_operator_sub,OK,be071773ddd57919,OK,SURVIVED,SURVIVED,NOT_RUN,NOT_RUN,,0,0,,0,1.188,,f12ad6f2a1736a40,
wavelet,ast_emitted,793c3dc059450c2b,cxx_arith_swap,haar_x.halide_generated.cpp,3189,26,operator+ -> operator-,m880_cxx_arith_swap_operator_sub,OK,15b28d0c0f19e59b,OK,SURVIVED,KILLED,NOT_RUN,NOT_RUN,test2_golden,1,1,killed,0,0.430,,ab18acb2ea9c8c5c,
wavelet,ast_emitted,7547948cbdbf5040,cxx_arith_swap,haar_x.halide_generated.cpp,3188,26,operator* -> operator+,m877_cxx_arith_swap_operator_add,OK,a6a22f032f834c8a,OK,SURVIVED,KILLED,NOT_RUN,NOT_RUN,test2_golden,1,1,killed,0,0.936,,d5a4498c7778f263,
wavelet,ast_emitted,5efc944954c3431a,cxx_arith_swap,haar_x.halide_generated.cpp,3189,26,operator+ -> operator*,m881_cxx_arith_swap_operator_mul,OK,a490b9e461fdc8e6,OK,KILLED,NOT_RUN,NOT_RUN,NOT_RUN,test1_demo,1,1,killed,-11,0.171,,<missing>,"golden driver exited -11, wrote no artifact -- test1 kill only"
wavelet,ast_emitted,659e09d66d72bbb0,cxx_arith_swap,haar_x.halide_generated.cpp,3188,26,operator* -> operator-,m878_cxx_arith_swap_operator_sub,OK,e3149688b754ba1f,OK,SURVIVED,KILLED,NOT_RUN,NOT_RUN,test2_golden,1,1,killed,0,1.296,,e5c4816857590bc9,
wavelet,ast_emitted,017e96f2f227cfd0,cxx_arith_swap,haar_x.halide_generated.cpp,3189,26,operator+ -> operator/,m882_cxx_arith_swap_operator_div,OK,8ed68061e0fc6cb3,OK,KILLED,NOT_RUN,NOT_RUN,NOT_RUN,test1_demo,1,1,killed,-8,0.061,,<missing>,"golden driver exited -8, wrote no artifact -- test1 kill only"
wavelet,ast_emitted,a43c234e74d88d3b,cxx_arith_swap,haar_x.halide_generated.cpp,3188,26,operator* -> operator/,m879_cxx_arith_swap_operator_div,OK,6c581341349a0b43,OK,SURVIVED,KILLED,NOT_RUN,NOT_RUN,test2_golden,1,1,killed,0,1.492,,8f53e13a099c660a,
wavelet,ast_emitted,d0e4e818b557772d,cxx_arith_swap,haar_x.halide_generated.cpp,3191,26,operator+ -> operator/,m885_cxx_arith_swap_operator_div,OK,5d326c7af24fe33e,OK,SURVIVED,KILLED,NOT_RUN,NOT_RUN,test2_golden,1,1,killed,0,0.724,,e4d3050cb6bcbfdf,
wavelet,ast_emitted,dc0011dd7c23d6c9,cxx_arith_swap,haar_x.halide_generated.cpp,3191,26,operator+ -> operator-,m883_cxx_arith_swap_operator_sub,OK,43275c230d317f5c,OK,SURVIVED,KILLED,NOT_RUN,NOT_RUN,test2_golden,1,1,killed,0,0.961,,e2a998a5b157b52b,
wavelet,ast_emitted,fb97fcd5963256f4,cxx_arith_swap,haar_x.halide_generated.cpp,3191,26,operator+ -> operator*,m884_cxx_arith_swap_operator_mul,OK,5d326c7af24fe33e,OK,SURVIVED,KILLED,NOT_RUN,NOT_RUN,test2_golden,1,1,killed,0,1.148,,e4d3050cb6bcbfdf,
wavelet,ast_emitted,5995f08c881bb6dc,cxx_arith_swap,haar_x.halide_generated.cpp,3193,24,operator+ -> operator/,m888_cxx_arith_swap_operator_div,OK,f09adc82a7ec5ffd,OK,SURVIVED,KILLED,NOT_RUN,NOT_RUN,test2_golden,1,1,killed,0,1.179,,03040acc9425060f,
wavelet,ast_emitted,470f487cfa8e298f,cxx_arith_swap,haar_x.halide_generated.cpp,3193,24,operator+ -> operator*,m887_cxx_arith_swap_operator_mul,OK,bcf6a4b0696c6909,OK,SURVIVED,KILLED,NOT_RUN,NOT_RUN,test2_golden,1,1,killed,0,0.727,,c99f5e160776e199,
wavelet,ast_emitted,b256ed9660737f61,cxx_arith_swap,haar_x.halide_generated.cpp,3193,24,operator+ -> operator-,m886_cxx_arith_swap_operator_sub,OK,384c6234eefb10f5,OK,SURVIVED,KILLED,NOT_RUN,NOT_RUN,test2_golden,1,1,killed,0,1.043,,146e53f52f55426b,
wavelet,ast_emitted,8f799e9fe6df994e,cxx_rel_swap,haar_x.halide_generated.cpp,3195,23,operator== -> operator<,m892_cxx_rel_swap_operator_lt,OK,b7ba2cf0fe3e4fcb,OK,NOT_RUN,NOT_RUN,NOT_RUN,NOT_RUN,,0,1,equivalent_tce,,,,,bit-identical machine code at -O2: no test can distinguish it
wavelet,ast_emitted,7a592c88bbde1320,cxx_rel_swap,haar_x.halide_generated.cpp,3195,23,operator== -> operator<=,m893_cxx_rel_swap_operator_lt_eq,OK,b7ba2cf0fe3e4fcb,OK,NOT_RUN,NOT_RUN,NOT_RUN,NOT_RUN,,0,1,equivalent_tce,,,,,bit-identical machine code at -O2: no test can distinguish it
wavelet,ast_emitted,aa85711e12cb4781,cxx_rel_swap,haar_x.halide_generated.cpp,3195,23,operator== -> operator>,m894_cxx_rel_swap_operator_gt,OK,b7ba2cf0fe3e4fcb,OK,NOT_RUN,NOT_RUN,NOT_RUN,NOT_RUN,,0,1,equivalent_tce,,,,,bit-identical machine code at -O2: no test can distinguish it
wavelet,ast_emitted,8e0e30f949c7d3e4,cxx_rel_swap,haar_x.halide_generated.cpp,3195,23,operator== -> operator>=,m895_cxx_rel_swap_operator_gt_eq,OK,b7ba2cf0fe3e4fcb,OK,NOT_RUN,NOT_RUN,NOT_RUN,NOT_RUN,,0,1,equivalent_tce,,,,,bit-identical machine code at -O2: no test can distinguish it
wavelet,ast_emitted,cf35fb3d90ac2a43,cxx_arith_swap,haar_x.halide_generated.cpp,3194,24,operator- -> operator*,m890_cxx_arith_swap_operator_mul,OK,3588528741e44039,OK,SURVIVED,SURVIVED,NOT_RUN,NOT_RUN,,0,0,,0,0.840,,f12ad6f2a1736a40,
wavelet,ast_emitted,f0438c7f7328b81f,cxx_rel_swap,haar_x.halide_generated.cpp,3195,23,operator== -> operator!=,m896_cxx_rel_swap_operator_not_eq,OK,b7ba2cf0fe3e4fcb,OK,NOT_RUN,NOT_RUN,NOT_RUN,NOT_RUN,,0,1,equivalent_tce,,,,,bit-identical machine code at -O2: no test can distinguish it
wavelet,ast_emitted,ca5c6a31ee9e2b1f,cxx_arith_swap,haar_x.halide_generated.cpp,3194,24,operator- -> operator+,m889_cxx_arith_swap_operator_add,OK,b0552ec0dc8ed297,OK,SURVIVED,SURVIVED,NOT_RUN,NOT_RUN,,0,0,,0,1.155,,f12ad6f2a1736a40,
wavelet,ast_emitted,1b7b58547af5d5d0,cxx_arith_swap,haar_x.halide_generated.cpp,3194,24,operator- -> operator/,m891_cxx_arith_swap_operator_div,OK,205566b680f07321,OK,SURVIVED,SURVIVED,NOT_RUN,NOT_RUN,,0,0,,0,1.295,,f12ad6f2a1736a40,
wavelet,ast_emitted,6d0f006e669f97c6,cxx_rel_swap,haar_x.halide_generated.cpp,3197,23,operator== -> operator<,m897_cxx_rel_swap_operator_lt,OK,e875fe23fdd0d0e4,OK,SURVIVED,KILLED,NOT_RUN,NOT_RUN,test2_golden,1,1,killed,0,1.077,,146e53f52f55426b,
wavelet,ast_emitted,2ee841e11696edab,cxx_rel_swap,haar_x.halide_generated.cpp,3197,23,operator== -> operator>,m899_cxx_rel_swap_operator_gt,OK,08eaf27d7a060e1c,OK,SURVIVED,KILLED,NOT_RUN,NOT_RUN,test2_golden,1,1,killed,0,1.679,,146e53f52f55426b,
wavelet,ast_emitted,56057aaac7d1beee,cxx_rel_swap,haar_x.halide_generated.cpp,3197,23,operator== -> operator<=,m898_cxx_rel_swap_operator_lt_eq,OK,773d94006f6ae60d,OK,SURVIVED,SURVIVED,NOT_RUN,NOT_RUN,,0,0,,0,0.833,,f12ad6f2a1736a40,
wavelet,ast_emitted,c2002fd989ab3513,cxx_rel_swap,haar_x.halide_generated.cpp,3197,23,operator== -> operator>=,m900_cxx_rel_swap_operator_gt_eq,OK,71fc84fa6194c3f4,OK,SURVIVED,SURVIVED,NOT_RUN,NOT_RUN,,0,0,,0,1.424,,f12ad6f2a1736a40,
wavelet,ast_emitted,32c449aa9fab410f,cxx_rel_swap,haar_x.halide_generated.cpp,3197,23,operator== -> operator!=,m901_cxx_rel_swap_operator_not_eq,OK,39e87da08dd55d78,OK,SURVIVED,KILLED,NOT_RUN,NOT_RUN,test2_golden,1,1,killed,0,0.967,,146e53f52f55426b,
wavelet,ast_emitted,a0e15c1433f01416,cxx_arith_swap,haar_x.halide_generated.cpp,3201,24,operator* -> operator+,m902_cxx_arith_swap_operator_add,OK,3c68a67cd752c7a1,OK,SURVIVED,KILLED,NOT_RUN,NOT_RUN,test2_golden,1,1,killed,0,0.638,,9d0b85cb809084af,
wavelet,ast_emitted,c8a3ddd375e040fb,cxx_arith_swap,haar_x.halide_generated.cpp,3202,39,operator+ -> operator*,m906_cxx_arith_swap_operator_mul,OK,65c088449fcd39da,OK,KILLED,NOT_RUN,NOT_RUN,NOT_RUN,test1_demo,1,1,killed,-11,0.178,,<missing>,"golden driver exited -11, wrote no artifact -- test1 kill only"
wavelet,ast_emitted,818f0698509a584a,cxx_arith_swap,haar_x.halide_generated.cpp,3202,39,operator+ -> operator-,m905_cxx_arith_swap_operator_sub,OK,cf150224f3da9292,OK,KILLED,NOT_RUN,NOT_RUN,NOT_RUN,test1_demo,1,1,killed,-11,0.123,,<missing>,"golden driver exited -11, wrote no artifact -- test1 kill only"
wavelet,ast_emitted,1be7007d3527d681,cxx_arith_swap,haar_x.halide_generated.cpp,3202,39,operator+ -> operator/,m907_cxx_arith_swap_operator_div,OK,a2658c291a8612f6,OK,KILLED,NOT_RUN,NOT_RUN,NOT_RUN,test1_demo,1,1,killed,-8,0.122,,<missing>,"golden driver exited -8, wrote no artifact -- test1 kill only"
wavelet,ast_emitted,80c1fb21f7f2d5d3,cxx_arith_swap,haar_x.halide_generated.cpp,3201,24,operator* -> operator-,m903_cxx_arith_swap_operator_sub,OK,40bbd4a98bd4a3da,OK,SURVIVED,KILLED,NOT_RUN,NOT_RUN,test2_golden,1,1,killed,0,0.712,,d87c728108239314,
wavelet,ast_emitted,082a8aa0a8e46d88,cxx_arith_swap,haar_x.halide_generated.cpp,3205,38,operator+ -> operator/,m910_cxx_arith_swap_operator_div,OK,d6dd9dccc2435459,OK,KILLED,NOT_RUN,NOT_RUN,NOT_RUN,test1_demo,1,1,killed,-8,0.122,,<missing>,"golden driver exited -8, wrote no artifact -- test1 kill only"
wavelet,ast_emitted,efd67e123e18dd7e,cxx_arith_swap,haar_x.halide_generated.cpp,3201,24,operator* -> operator/,m904_cxx_arith_swap_operator_div,OK,9f1253507f82c6dc,OK,SURVIVED,KILLED,NOT_RUN,NOT_RUN,test2_golden,1,1,killed,0,0.879,,29eaa536a5e83556,
wavelet,ast_emitted,8f2925f5a3d9d30b,cxx_arith_swap,haar_x.halide_generated.cpp,3206,24,operator* -> operator/,m913_cxx_arith_swap_operator_div,OK,fd330b4d7c8b5190,OK,KILLED,NOT_RUN,NOT_RUN,NOT_RUN,test1_demo,1,1,killed,-8,0.178,,<missing>,"golden driver exited -8, wrote no artifact -- test1 kill only"
wavelet,ast_emitted,979067edae4ea1af,cxx_arith_swap,haar_x.halide_generated.cpp,3206,24,operator* -> operator-,m912_cxx_arith_swap_operator_sub,OK,1e93b6c7214bd57a,OK,SURVIVED,SURVIVED,NOT_RUN,NOT_RUN,,0,0,,0,0.849,,f12ad6f2a1736a40,
wavelet,ast_emitted,2146c77f1f763c01,cxx_arith_swap,haar_x.halide_generated.cpp,3205,38,operator+ -> operator*,m909_cxx_arith_swap_operator_mul,OK,60599d6a0ef29304,OK,SURVIVED,SURVIVED,NOT_RUN,NOT_RUN,,0,0,,0,0.834,,f12ad6f2a1736a40,
wavelet,ast_emitted,2d020965e413ad11,cxx_arith_swap,haar_x.halide_generated.cpp,3206,24,operator* -> operator+,m911_cxx_arith_swap_operator_add,OK,21a516231e85e1b0,OK,SURVIVED,SURVIVED,NOT_RUN,NOT_RUN,,0,0,,0,1.316,,f12ad6f2a1736a40,
wavelet,ast_emitted,d206f22cad61f3a3,cxx_arith_swap,haar_x.halide_generated.cpp,3205,38,operator+ -> operator-,m908_cxx_arith_swap_operator_sub,OK,1dfa591a804b4948,OK,SURVIVED,SURVIVED,NOT_RUN,NOT_RUN,,0,0,,0,1.367,,f12ad6f2a1736a40,
wavelet,ast_emitted,9e87ca0b563326bc,cxx_arith_swap,haar_x.halide_generated.cpp,3207,25,operator- -> operator/,m916_cxx_arith_swap_operator_div,OK,da758223698c107e,OK,KILLED,NOT_RUN,NOT_RUN,NOT_RUN,test1_demo,1,1,killed,-8,0.157,,<missing>,"golden driver exited -8, wrote no artifact -- test1 kill only"
wavelet,ast_emitted,963ff8a3acf3eaa0,cxx_arith_swap,haar_x.halide_generated.cpp,3207,25,operator- -> operator+,m914_cxx_arith_swap_operator_add,OK,461087edff508378,OK,SURVIVED,SURVIVED,NOT_RUN,NOT_RUN,,0,0,,0,1.955,,f12ad6f2a1736a40,
wavelet,ast_emitted,430f4a12093ed82a,cxx_arith_swap,haar_x.halide_generated.cpp,3208,24,operator* -> operator-,m918_cxx_arith_swap_operator_sub,OK,a1066026ab8904b6,OK,SURVIVED,SURVIVED,NOT_RUN,NOT_RUN,,0,0,,0,1.555,,f12ad6f2a1736a40,
wavelet,ast_emitted,8fb1f94efa0be04b,cxx_arith_swap,haar_x.halide_generated.cpp,3207,25,operator- -> operator*,m915_cxx_arith_swap_operator_mul,OK,d44fcb5a90f0ee43,OK,SURVIVED,SURVIVED,NOT_RUN,NOT_RUN,,0,0,,0,0.848,,f12ad6f2a1736a40,
wavelet,ast_emitted,6d3f94d2cea6309d,cxx_arith_swap,haar_x.halide_generated.cpp,3208,24,operator* -> operator+,m917_cxx_arith_swap_operator_add,OK,9c4310999c8539f7,OK,SURVIVED,SURVIVED,NOT_RUN,NOT_RUN,,0,0,,0,2.044,,f12ad6f2a1736a40,
wavelet,ast_emitted,83e06c7962c0a2b2,cxx_arith_swap,haar_x.halide_generated.cpp,3209,24,operator* -> operator/,m922_cxx_arith_swap_operator_div,OK,7a58b9b1fcb4f357,OK,KILLED,NOT_RUN,NOT_RUN,NOT_RUN,test1_demo,1,1,killed,-8,0.126,,<missing>,"golden driver exited -8, wrote no artifact -- test1 kill only"
wavelet,ast_emitted,e1e09798a0effbb4,cxx_arith_swap,haar_x.halide_generated.cpp,3208,24,operator* -> operator/,m919_cxx_arith_swap_operator_div,OK,74d85b9f85e92073,OK,SURVIVED,SURVIVED,NOT_RUN,NOT_RUN,,0,0,,0,1.091,,f12ad6f2a1736a40,
wavelet,ast_emitted,de4687b6b3681680,cxx_arith_swap,haar_x.halide_generated.cpp,3209,24,operator* -> operator+,m920_cxx_arith_swap_operator_add,OK,6eeda27cfb024aa4,OK,SURVIVED,SURVIVED,NOT_RUN,NOT_RUN,,0,0,,0,0.847,,f12ad6f2a1736a40,
wavelet,ast_emitted,80c0566685912eab,cxx_arith_swap,haar_x.halide_generated.cpp,3209,24,operator* -> operator-,m921_cxx_arith_swap_operator_sub,OK,73e640be7a665f57,OK,SURVIVED,SURVIVED,NOT_RUN,NOT_RUN,,0,0,,0,0.860,,f12ad6f2a1736a40,
wavelet,ast_emitted,606fbc90d8c04904,cxx_arith_swap,haar_x.halide_generated.cpp,3210,25,operator+ -> operator-,m923_cxx_arith_swap_operator_sub,OK,1a2885cb0fd22481,OK,SURVIVED,SURVIVED,NOT_RUN,NOT_RUN,,0,0,,0,0.840,,f12ad6f2a1736a40,
wavelet,ast_emitted,826c47c79e6c872c,cxx_arith_swap,haar_x.halide_generated.cpp,3210,25,operator+ -> operator*,m924_cxx_arith_swap_operator_mul,OK,869bbf296ce0bfc8,OK,SURVIVED,SURVIVED,NOT_RUN,NOT_RUN,,0,0,,0,1.345,,f12ad6f2a1736a40,
wavelet,ast_emitted,3429372de5f57f22,cxx_arith_swap,haar_x.halide_generated.cpp,3211,25,operator+ -> operator*,m927_cxx_arith_swap_operator_mul,OK,486cc41193359059,OK,SURVIVED,SURVIVED,NOT_RUN,NOT_RUN,,0,0,,0,1.177,,f12ad6f2a1736a40,
wavelet,ast_emitted,721f204fa91a9a08,cxx_arith_swap,haar_x.halide_generated.cpp,3210,25,operator+ -> operator/,m925_cxx_arith_swap_operator_div,OK,ffcbf033f9c9b25b,OK,SURVIVED,SURVIVED,NOT_RUN,NOT_RUN,,0,0,,0,1.266,,f12ad6f2a1736a40,
wavelet,ast_emitted,00cbc8f1e1098e3d,cxx_rel_swap,haar_x.halide_generated.cpp,3212,55,operator< -> operator>=,m931_cxx_rel_swap_operator_gt_eq,OK,cb0d5892556dc5c2,OK,KILLED,NOT_RUN,NOT_RUN,NOT_RUN,test1_demo,1,1,killed,-11,0.253,,<missing>,"golden driver exited -11, wrote no artifact -- test1 kill only"
wavelet,ast_emitted,d9b0b59fb308aef2,cxx_arith_swap,haar_x.halide_generated.cpp,3211,25,operator+ -> operator/,m928_cxx_arith_swap_operator_div,OK,bdf1044d78b2e7c7,OK,SURVIVED,SURVIVED,NOT_RUN,NOT_RUN,,0,0,,0,1.825,,f12ad6f2a1736a40,
wavelet,ast_emitted,098d46b598b579a6,cxx_arith_swap,haar_x.halide_generated.cpp,3211,25,operator+ -> operator-,m926_cxx_arith_swap_operator_sub,OK,71e9c4ad7be8ba4f,OK,SURVIVED,SURVIVED,NOT_RUN,NOT_RUN,,0,0,,0,1.805,,f12ad6f2a1736a40,
wavelet,ast_emitted,77567ab19a149537,cxx_rel_swap,haar_x.halide_generated.cpp,3212,55,operator< -> operator<=,m929_cxx_rel_swap_operator_lt_eq,OK,085d20452deed66c,OK,SURVIVED,SURVIVED,NOT_RUN,NOT_RUN,,0,0,,0,1.511,,f12ad6f2a1736a40,
wavelet,ast_emitted,3ab59428fb8991be,cxx_rel_swap,haar_x.halide_generated.cpp,3212,55,operator< -> operator==,m932_cxx_rel_swap_operator_eq_eq,OK,f304810ea9c683e0,OK,SURVIVED,SURVIVED,NOT_RUN,NOT_RUN,,0,0,,0,1.389,,f12ad6f2a1736a40,
wavelet,ast_emitted,34e1ecf8981074ca,cxx_arith_swap,haar_x.halide_generated.cpp,3212,59,operator+ -> operator-,m934_cxx_arith_swap_operator_sub,OK,8e684fc53d9615cb,OK,SURVIVED,SURVIVED,NOT_RUN,NOT_RUN,,0,0,,0,0.835,,f12ad6f2a1736a40,
wavelet,ast_emitted,ba14f2098d3c1200,cxx_rel_swap,haar_x.halide_generated.cpp,3212,55,operator< -> operator>,m930_cxx_rel_swap_operator_gt,OK,3893dc0c5623962f,OK,SURVIVED,SURVIVED,NOT_RUN,NOT_RUN,,0,0,,0,1.621,,f12ad6f2a1736a40,
wavelet,ast_emitted,d1757828d997ec28,cxx_arith_swap,haar_x.halide_generated.cpp,3212,59,operator+ -> operator*,m935_cxx_arith_swap_operator_mul,OK,0675a4c3b1dce029,OK,SURVIVED,SURVIVED,NOT_RUN,NOT_RUN,,0,0,,0,1.448,,f12ad6f2a1736a40,
wavelet,ast_emitted,638ef98c29daa361,cxx_arith_swap,haar_x.halide_generated.cpp,3212,59,operator+ -> operator/,m936_cxx_arith_swap_operator_div,OK,0675a4c3b1dce029,OK,SURVIVED,SURVIVED,NOT_RUN,NOT_RUN,,0,0,,0,0.883,,f12ad6f2a1736a40,
wavelet,ast_emitted,dbc2be3e9ef3909e,cxx_rel_swap,haar_x.halide_generated.cpp,3212,55,operator< -> operator!=,m933_cxx_rel_swap_operator_not_eq,OK,f393dac65120e2f1,OK,SURVIVED,SURVIVED,NOT_RUN,NOT_RUN,,0,0,,0,1.888,,f12ad6f2a1736a40,
wavelet,ast_emitted,e0f3f8c1fa12db41,cxx_arith_swap,haar_x.halide_generated.cpp,3214,39,operator+ -> operator/,m939_cxx_arith_swap_operator_div,OK,aa54af138158c190,OK,SURVIVED,SURVIVED,NOT_RUN,NOT_RUN,,0,0,,0,1.039,,f12ad6f2a1736a40,
wavelet,ast_emitted,656dc83eac71ac06,cxx_arith_swap,haar_x.halide_generated.cpp,3214,39,operator+ -> operator-,m937_cxx_arith_swap_operator_sub,OK,60d224d9c85c0073,OK,SURVIVED,SURVIVED,NOT_RUN,NOT_RUN,,0,0,,0,1.840,,f12ad6f2a1736a40,
wavelet,ast_emitted,a329f9794ccb6f58,cxx_arith_swap,haar_x.halide_generated.cpp,3214,39,operator+ -> operator*,m938_cxx_arith_swap_operator_mul,OK,7f16f74c6944a570,OK,SURVIVED,SURVIVED,NOT_RUN,NOT_RUN,,0,0,,0,1.237,,f12ad6f2a1736a40,
wavelet,ast_emitted,8bf05ae21ce75967,cxx_arith_swap,haar_x.halide_generated.cpp,3215,26,operator* -> operator+,m940_cxx_arith_swap_operator_add,OK,42c42ad16a7beeda,OK,SURVIVED,SURVIVED,NOT_RUN,NOT_RUN,,0,0,,0,0.971,,f12ad6f2a1736a40,
wavelet,ast_emitted,1364a9a5fb925140,cxx_arith_swap,haar_x.halide_generated.cpp,3215,26,operator* -> operator-,m941_cxx_arith_swap_operator_sub,OK,d408702256594963,OK,SURVIVED,SURVIVED,NOT_RUN,NOT_RUN,,0,0,,0,0.839,,f12ad6f2a1736a40,
wavelet,ast_emitted,8edb52f002183ad3,cxx_arith_swap,haar_x.halide_generated.cpp,3215,26,operator* -> operator/,m942_cxx_arith_swap_operator_div,OK,2e3b5b53d65e03db,OK,SURVIVED,SURVIVED,NOT_RUN,NOT_RUN,,0,0,,0,1.035,,f12ad6f2a1736a40,
wavelet,ast_emitted,a6e2706837174188,cxx_arith_swap,haar_x.halide_generated.cpp,3216,26,operator+ -> operator-,m943_cxx_arith_swap_operator_sub,OK,f67c71bf8894164d,OK,SURVIVED,SURVIVED,NOT_RUN,NOT_RUN,,0,0,,0,1.172,,f12ad6f2a1736a40,
wavelet,ast_emitted,2ffffd579b20f706,cxx_arith_swap,haar_x.halide_generated.cpp,3216,26,operator+ -> operator/,m945_cxx_arith_swap_operator_div,OK,60e0d599ab983a78,OK,SURVIVED,SURVIVED,NOT_RUN,NOT_RUN,,0,0,,0,0.871,,f12ad6f2a1736a40,
wavelet,ast_emitted,9c67ed066d8fa885,cxx_arith_swap,haar_x.halide_generated.cpp,3216,26,operator+ -> operator*,m944_cxx_arith_swap_operator_mul,OK,60e0d599ab983a78,OK,SURVIVED,SURVIVED,NOT_RUN,NOT_RUN,,0,0,,0,1.684,,f12ad6f2a1736a40,
wavelet,ast_emitted,3f38d7690b9ef0df,cxx_arith_swap,haar_x.halide_generated.cpp,3219,26,operator+ -> operator-,m946_cxx_arith_swap_operator_sub,OK,d39a3f3d617dfeab,OK,SURVIVED,SURVIVED,NOT_RUN,NOT_RUN,,0,0,,0,1.095,,f12ad6f2a1736a40,
wavelet,ast_emitted,81fb99c7f7be48da,cxx_arith_swap,haar_x.halide_generated.cpp,3221,26,operator+ -> operator*,m950_cxx_arith_swap_operator_mul,OK,4f8c7f0ad5b2e66f,OK,SURVIVED,SURVIVED,NOT_RUN,NOT_RUN,,0,0,,0,1.205,,f12ad6f2a1736a40,
wavelet,ast_emitted,96bf3108176622c0,cxx_arith_swap,haar_x.halide_generated.cpp,3219,26,operator+ -> operator/,m948_cxx_arith_swap_operator_div,OK,ad73a26077dcc678,OK,SURVIVED,SURVIVED,NOT_RUN,NOT_RUN,,0,0,,0,1.244,,f12ad6f2a1736a40,
wavelet,ast_emitted,0508b2a7d77ade15,cxx_arith_swap,haar_x.halide_generated.cpp,3221,26,operator+ -> operator-,m949_cxx_arith_swap_operator_sub,OK,7e3b8d76d8a21b10,OK,SURVIVED,SURVIVED,NOT_RUN,NOT_RUN,,0,0,,0,1.244,,f12ad6f2a1736a40,
wavelet,ast_emitted,859fbfe7848e391a,cxx_arith_swap,haar_x.halide_generated.cpp,3219,26,operator+ -> operator*,m947_cxx_arith_swap_operator_mul,OK,71dd40ae855bf79f,OK,SURVIVED,SURVIVED,NOT_RUN,NOT_RUN,,0,0,,0,1.614,,f12ad6f2a1736a40,
wavelet,ast_emitted,67e6a78ca4f82267,cxx_arith_swap,haar_x.halide_generated.cpp,3221,26,operator+ -> operator/,m951_cxx_arith_swap_operator_div,OK,868d5eb8460c781e,OK,SURVIVED,SURVIVED,NOT_RUN,NOT_RUN,,0,0,,0,1.131,,f12ad6f2a1736a40,
wavelet,ast_emitted,85b76f0b755054ac,cxx_arith_swap,haar_x.halide_generated.cpp,3223,26,operator+ -> operator-,m952_cxx_arith_swap_operator_sub,OK,bdbd1229fb21a28a,OK,SURVIVED,SURVIVED,NOT_RUN,NOT_RUN,,0,0,,0,1.242,,f12ad6f2a1736a40,
wavelet,ast_emitted,a58a0cb45cb19a3e,cxx_arith_swap,haar_x.halide_generated.cpp,3223,26,operator+ -> operator/,m954_cxx_arith_swap_operator_div,OK,0c143276e66f7544,OK,SURVIVED,SURVIVED,NOT_RUN,NOT_RUN,,0,0,,0,1.174,,f12ad6f2a1736a40,
wavelet,ast_emitted,9fbb164c526feb9e,cxx_arith_swap,haar_x.halide_generated.cpp,3223,26,operator+ -> operator*,m953_cxx_arith_swap_operator_mul,OK,0c143276e66f7544,OK,SURVIVED,SURVIVED,NOT_RUN,NOT_RUN,,0,0,,0,1.551,,f12ad6f2a1736a40,
wavelet,ast_emitted,a2b6b0a7727ed7b2,cxx_arith_swap,haar_x.halide_generated.cpp,3225,26,operator+ -> operator*,m956_cxx_arith_swap_operator_mul,OK,fba43887ecf1a5dc,OK,SURVIVED,SURVIVED,NOT_RUN,NOT_RUN,,0,0,,0,1.170,,f12ad6f2a1736a40,
wavelet,ast_emitted,f83d5fd2bce34e95,cxx_arith_swap,haar_x.halide_generated.cpp,3225,26,operator+ -> operator-,m955_cxx_arith_swap_operator_sub,OK,1fa939f2d6532ab2,OK,SURVIVED,SURVIVED,NOT_RUN,NOT_RUN,,0,0,,0,1.842,,f12ad6f2a1736a40,
wavelet,ast_emitted,004a73ae8cab0639,cxx_arith_swap,haar_x.halide_generated.cpp,3225,26,operator+ -> operator/,m957_cxx_arith_swap_operator_div,OK,8ab7630282efa948,OK,SURVIVED,SURVIVED,NOT_RUN,NOT_RUN,,0,0,,0,1.183,,f12ad6f2a1736a40,
wavelet,ast_emitted,7c7d174a4792241a,cxx_arith_swap,haar_x.halide_generated.cpp,3228,24,operator- -> operator+,m961_cxx_arith_swap_operator_add,OK,f88daa18718bf1bd,OK,SURVIVED,SURVIVED,NOT_RUN,NOT_RUN,,0,0,,0,1.069,,f12ad6f2a1736a40,
wavelet,ast_emitted,16a8ee2485795eab,cxx_arith_swap,haar_x.halide_generated.cpp,3227,24,operator+ -> operator*,m959_cxx_arith_swap_operator_mul,OK,25519f7569d1c5ef,OK,SURVIVED,SURVIVED,NOT_RUN,NOT_RUN,,0,0,,0,1.361,,f12ad6f2a1736a40,
wavelet,ast_emitted,12cdfe451fa1ea2e,cxx_arith_swap,haar_x.halide_generated.cpp,3227,24,operator+ -> operator-,m958_cxx_arith_swap_operator_sub,OK,e2cae744a52e721e,OK,SURVIVED,SURVIVED,NOT_RUN,NOT_RUN,,0,0,,0,1.871,,f12ad6f2a1736a40,
wavelet,ast_emitted,306af91f7d92772a,cxx_arith_swap,haar_x.halide_generated.cpp,3227,24,operator+ -> operator/,m960_cxx_arith_swap_operator_div,OK,24a72a895318cbd0,OK,SURVIVED,SURVIVED,NOT_RUN,NOT_RUN,,0,0,,0,1.334,,f12ad6f2a1736a40,
wavelet,ast_emitted,25dc6fc7a6e3ceb3,cxx_arith_swap,haar_x.halide_generated.cpp,3228,24,operator- -> operator*,m962_cxx_arith_swap_operator_mul,OK,c23c36e6f580c300,OK,SURVIVED,SURVIVED,NOT_RUN,NOT_RUN,,0,0,,0,1.187,,f12ad6f2a1736a40,
wavelet,ast_emitted,a38044e949ad6417,cxx_rel_swap,haar_x.halide_generated.cpp,3229,23,operator== -> operator<,m964_cxx_rel_swap_operator_lt,OK,b7ba2cf0fe3e4fcb,OK,NOT_RUN,NOT_RUN,NOT_RUN,NOT_RUN,,0,1,equivalent_tce,,,,,bit-identical machine code at -O2: no test can distinguish it
wavelet,ast_emitted,686922594c169d92,cxx_rel_swap,haar_x.halide_generated.cpp,3229,23,operator== -> operator<=,m965_cxx_rel_swap_operator_lt_eq,OK,b7ba2cf0fe3e4fcb,OK,NOT_RUN,NOT_RUN,NOT_RUN,NOT_RUN,,0,1,equivalent_tce,,,,,bit-identical machine code at -O2: no test can distinguish it
wavelet,ast_emitted,dd6549475df38be0,cxx_rel_swap,haar_x.halide_generated.cpp,3229,23,operator== -> operator>=,m967_cxx_rel_swap_operator_gt_eq,OK,b7ba2cf0fe3e4fcb,OK,NOT_RUN,NOT_RUN,NOT_RUN,NOT_RUN,,0,1,equivalent_tce,,,,,bit-identical machine code at -O2: no test can distinguish it
wavelet,ast_emitted,b46729fbae9d160d,cxx_rel_swap,haar_x.halide_generated.cpp,3229,23,operator== -> operator>,m966_cxx_rel_swap_operator_gt,OK,b7ba2cf0fe3e4fcb,OK,NOT_RUN,NOT_RUN,NOT_RUN,NOT_RUN,,0,1,equivalent_tce,,,,,bit-identical machine code at -O2: no test can distinguish it
wavelet,ast_emitted,c62e5f34562fe11f,cxx_arith_swap,haar_x.halide_generated.cpp,3228,24,operator- -> operator/,m963_cxx_arith_swap_operator_div,OK,3bb4e4b07097c0af,OK,SURVIVED,SURVIVED,NOT_RUN,NOT_RUN,,0,0,,0,1.458,,f12ad6f2a1736a40,
wavelet,ast_emitted,54a6b5c97d7673f7,cxx_rel_swap,haar_x.halide_generated.cpp,3229,23,operator== -> operator!=,m968_cxx_rel_swap_operator_not_eq,OK,b7ba2cf0fe3e4fcb,OK,NOT_RUN,NOT_RUN,NOT_RUN,NOT_RUN,,0,1,equivalent_tce,,,,,bit-identical machine code at -O2: no test can distinguish it
wavelet,ast_emitted,7311afc854282e83,cxx_rel_swap,haar_x.halide_generated.cpp,3231,23,operator== -> operator<,m969_cxx_rel_swap_operator_lt,OK,bbae06a47bcd30fd,OK,SURVIVED,SURVIVED,NOT_RUN,NOT_RUN,,0,0,,0,1.186,,f12ad6f2a1736a40,
wavelet,ast_emitted,2cfcaaa44256b2e2,cxx_rel_swap,haar_x.halide_generated.cpp,3231,23,operator== -> operator>,m971_cxx_rel_swap_operator_gt,OK,a2f119000ee8c10d,OK,SURVIVED,SURVIVED,NOT_RUN,NOT_RUN,,0,0,,0,1.178,,f12ad6f2a1736a40,
wavelet,ast_emitted,dcc23cc60d280ef1,cxx_rel_swap,haar_x.halide_generated.cpp,3231,23,operator== -> operator<=,m970_cxx_rel_swap_operator_lt_eq,OK,c9d865a9a6789769,OK,SURVIVED,SURVIVED,NOT_RUN,NOT_RUN,,0,0,,0,1.172,,f12ad6f2a1736a40,
wavelet,ast_emitted,5585e14e4617d729,cxx_rel_swap,haar_x.halide_generated.cpp,3231,23,operator== -> operator>=,m972_cxx_rel_swap_operator_gt_eq,OK,a0cb96d51fab35b5,OK,SURVIVED,SURVIVED,NOT_RUN,NOT_RUN,,0,0,,0,1.172,,f12ad6f2a1736a40,
wavelet,ast_emitted,2eb0e083c68505e8,cxx_arith_swap,haar_x.halide_generated.cpp,3235,24,operator* -> operator+,m974_cxx_arith_swap_operator_add,OK,3ea56d256762c5e7,OK,SURVIVED,SURVIVED,NOT_RUN,NOT_RUN,,0,0,,0,1.184,,f12ad6f2a1736a40,
wavelet,ast_emitted,ecaa9c2d3d521ab7,cxx_rel_swap,haar_x.halide_generated.cpp,3231,23,operator== -> operator!=,m973_cxx_rel_swap_operator_not_eq,OK,d8e70b904c69a291,OK,SURVIVED,SURVIVED,NOT_RUN,NOT_RUN,,0,0,,0,1.333,,f12ad6f2a1736a40,
wavelet,ast_emitted,43e211827ba5dc5a,cxx_arith_swap,haar_x.halide_generated.cpp,3236,39,operator+ -> operator-,m977_cxx_arith_swap_operator_sub,OK,ff7a0f83e3cf5123,OK,SURVIVED,SURVIVED,NOT_RUN,NOT_RUN,,0,0,,0,1.169,,f12ad6f2a1736a40,
wavelet,ast_emitted,a6e9960429b609a0,cxx_arith_swap,haar_x.halide_generated.cpp,3235,24,operator* -> operator/,m976_cxx_arith_swap_operator_div,OK,57ecc3d707365ba9,OK,SURVIVED,SURVIVED,NOT_RUN,NOT_RUN,,0,0,,0,1.170,,f12ad6f2a1736a40,
wavelet,ast_emitted,4342aeff296708e3,cxx_arith_swap,haar_x.halide_generated.cpp,3236,39,operator+ -> operator*,m978_cxx_arith_swap_operator_mul,OK,881f3095d341d8e6,OK,SURVIVED,SURVIVED,NOT_RUN,NOT_RUN,,0,0,,0,1.178,,f12ad6f2a1736a40,
wavelet,ast_emitted,922efb7cb3a24b1b,cxx_arith_swap,haar_x.halide_generated.cpp,3236,39,operator+ -> operator/,m979_cxx_arith_swap_operator_div,OK,29fd16a1f81384a7,OK,SURVIVED,SURVIVED,NOT_RUN,NOT_RUN,,0,0,,0,1.197,,f12ad6f2a1736a40,
wavelet,ast_emitted,dca432b27f64e62f,cxx_arith_swap,haar_x.halide_generated.cpp,3240,24,operator- -> operator*,m981_cxx_arith_swap_operator_mul,OK,6e81170d7898fe0d,OK,KILLED,NOT_RUN,NOT_RUN,NOT_RUN,test1_demo,1,1,killed,-11,0.148,,<missing>,"golden driver exited -11, wrote no artifact -- test1 kill only"
wavelet,ast_emitted,2990412342b636d6,cxx_arith_swap,haar_x.halide_generated.cpp,3235,24,operator* -> operator-,m975_cxx_arith_swap_operator_sub,OK,43327e2489df57a2,OK,SURVIVED,SURVIVED,NOT_RUN,NOT_RUN,,0,0,,0,2.453,,f12ad6f2a1736a40,
wavelet,ast_emitted,d7d23ba13e0f892c,cxx_arith_swap,haar_x.halide_generated.cpp,3240,24,operator- -> operator+,m980_cxx_arith_swap_operator_add,OK,7d75c9778093c7d4,OK,SURVIVED,KILLED,NOT_RUN,NOT_RUN,test2_golden,1,1,killed,0,1.643,,871283128dbc6587,
wavelet,ast_emitted,b5c4cdba81198fb1,cxx_arith_swap,haar_x.halide_generated.cpp,3241,23,operator+ -> operator/,m985_cxx_arith_swap_operator_div,OK,03a0a70a6fc92069,OK,KILLED,NOT_RUN,NOT_RUN,NOT_RUN,test1_demo,1,1,killed,-8,0.203,,<missing>,"golden driver exited -8, wrote no artifact -- test1 kill only"
wavelet,ast_emitted,2be952d9cedbc6b5,cxx_arith_swap,haar_x.halide_generated.cpp,3241,23,operator+ -> operator-,m983_cxx_arith_swap_operator_sub,OK,44ce4fecd7950e0c,OK,SURVIVED,SURVIVED,NOT_RUN,NOT_RUN,,0,0,,0,1.339,,f12ad6f2a1736a40,
wavelet,ast_emitted,00bf72b578918429,cxx_rel_swap,haar_x.halide_generated.cpp,3242,54,operator< -> operator>=,m988_cxx_rel_swap_operator_gt_eq,OK,aa44806b5af6e2e1,OK,KILLED,NOT_RUN,NOT_RUN,NOT_RUN,test1_demo,1,1,killed,-11,0.152,,<missing>,"golden driver exited -11, wrote no artifact -- test1 kill only"
wavelet,ast_emitted,dddc694874661da0,cxx_arith_swap,haar_x.halide_generated.cpp,3240,24,operator- -> operator/,m982_cxx_arith_swap_operator_div,OK,0254a04f79daf128,OK,SURVIVED,SURVIVED,NOT_RUN,NOT_RUN,,0,0,,0,1.603,,f12ad6f2a1736a40,
wavelet,ast_emitted,4e5270ff68bbf391,cxx_arith_swap,haar_x.halide_generated.cpp,3241,23,operator+ -> operator*,m984_cxx_arith_swap_operator_mul,OK,2844dd94663609da,OK,SURVIVED,SURVIVED,NOT_RUN,NOT_RUN,,0,0,,0,1.357,,f12ad6f2a1736a40,
wavelet,ast_emitted,25fd663b1df68c0a,cxx_rel_swap,haar_x.halide_generated.cpp,3242,54,operator< -> operator<=,m986_cxx_rel_swap_operator_lt_eq,OK,14ffc9853baded11,OK,SURVIVED,SURVIVED,NOT_RUN,NOT_RUN,,0,0,,0,1.384,,f12ad6f2a1736a40,
wavelet,ast_emitted,3825f3c75149c5a1,cxx_rel_swap,haar_x.halide_generated.cpp,3242,54,operator< -> operator>,m987_cxx_rel_swap_operator_gt,OK,fd690b3e25c81016,OK,SURVIVED,SURVIVED,NOT_RUN,NOT_RUN,,0,0,,0,1.920,,f12ad6f2a1736a40,
wavelet,ast_emitted,70793eb370e473c2,cxx_arith_swap,haar_x.halide_generated.cpp,3242,58,operator+ -> operator*,m992_cxx_arith_swap_operator_mul,OK,5fa74d22400dbc85,OK,SURVIVED,SURVIVED,NOT_RUN,NOT_RUN,,0,0,,0,1.243,,f12ad6f2a1736a40,
wavelet,ast_emitted,e7748cd1b7fe7c99,cxx_arith_swap,haar_x.halide_generated.cpp,3242,58,operator+ -> operator-,m991_cxx_arith_swap_operator_sub,OK,42587c66cdfb6ded,OK,SURVIVED,SURVIVED,NOT_RUN,NOT_RUN,,0,0,,0,1.304,,f12ad6f2a1736a40,
wavelet,ast_emitted,5ef51ad0e45a313a,cxx_rel_swap,haar_x.halide_generated.cpp,3242,54,operator< -> operator==,m989_cxx_rel_swap_operator_eq_eq,OK,863a3f6384d24ac6,OK,SURVIVED,SURVIVED,NOT_RUN,NOT_RUN,,0,0,,0,1.342,,f12ad6f2a1736a40,
wavelet,ast_emitted,858b9cce1c85cdbc,cxx_arith_swap,haar_x.halide_generated.cpp,3242,58,operator+ -> operator/,m993_cxx_arith_swap_operator_div,OK,5fa74d22400dbc85,OK,SURVIVED,SURVIVED,NOT_RUN,NOT_RUN,,0,0,,0,1.280,,f12ad6f2a1736a40,
wavelet,ast_emitted,6280ee35203410e8,cxx_rel_swap,haar_x.halide_generated.cpp,3242,54,operator< -> operator!=,m990_cxx_rel_swap_operator_not_eq,OK,88a2913985dcc9f8,OK,SURVIVED,SURVIVED,NOT_RUN,NOT_RUN,,0,0,,0,1.895,,f12ad6f2a1736a40,
wavelet,ast_emitted,f3b781e3f30c076e,cxx_arith_swap,haar_x.halide_generated.cpp,3244,38,operator+ -> operator-,m994_cxx_arith_swap_operator_sub,OK,f156389074aa0309,OK,SURVIVED,SURVIVED,NOT_RUN,NOT_RUN,,0,0,,0,1.131,,f12ad6f2a1736a40,
wavelet,ast_emitted,cd1a2812ec9bb346,cxx_arith_swap,haar_x.halide_generated.cpp,3244,38,operator+ -> operator*,m995_cxx_arith_swap_operator_mul,OK,fdb447f71a90c0d2,OK,SURVIVED,SURVIVED,NOT_RUN,NOT_RUN,,0,0,,0,1.179,,f12ad6f2a1736a40,
wavelet,ast_emitted,eb9d7cff9678e536,cxx_arith_swap,haar_x.halide_generated.cpp,3244,38,operator+ -> operator/,m996_cxx_arith_swap_operator_div,OK,007ab1e9b1082cb6,OK,SURVIVED,SURVIVED,NOT_RUN,NOT_RUN,,0,0,,0,1.173,,f12ad6f2a1736a40,
wavelet,ast_emitted,9ea030a24894a55f,cxx_arith_swap,haar_x.halide_generated.cpp,3245,25,operator+ -> operator/,m999_cxx_arith_swap_operator_div,OK,8c5c05af8b39aec7,OK,SURVIVED,SURVIVED,NOT_RUN,NOT_RUN,,0,0,,0,1.181,,f12ad6f2a1736a40,
wavelet,ast_emitted,0b2ebd93973a0cd3,cxx_arith_swap,haar_x.halide_generated.cpp,3245,25,operator+ -> operator-,m997_cxx_arith_swap_operator_sub,OK,87aac6e6a2e4f390,OK,SURVIVED,SURVIVED,NOT_RUN,NOT_RUN,,0,0,,0,1.175,,f12ad6f2a1736a40,
wavelet,ast_emitted,fc68e14e5a0a52cf,cxx_arith_swap,haar_x.halide_generated.cpp,3245,25,operator+ -> operator*,m998_cxx_arith_swap_operator_mul,OK,8c5c05af8b39aec7,OK,SURVIVED,SURVIVED,NOT_RUN,NOT_RUN,,0,0,,0,1.571,,f12ad6f2a1736a40,
wavelet,ast_emitted,09b9a1fb396df46e,cxx_arith_swap,haar_x.halide_generated.cpp,3248,24,operator* -> operator+,m1000_cxx_arith_swap_operator_add,OK,2dca8e3fdee53138,OK,SURVIVED,SURVIVED,NOT_RUN,NOT_RUN,,0,0,,0,1.296,,f12ad6f2a1736a40,
wavelet,ast_emitted,81071cb1229d1c5c,cxx_arith_swap,haar_x.halide_generated.cpp,3248,24,operator* -> operator-,m1001_cxx_arith_swap_operator_sub,OK,0cfda462d3bcc675,OK,SURVIVED,SURVIVED,NOT_RUN,NOT_RUN,,0,0,,0,1.196,,f12ad6f2a1736a40,
wavelet,ast_emitted,0678ccc74304f30e,cxx_arith_swap,haar_x.halide_generated.cpp,3248,24,operator* -> operator/,m1002_cxx_arith_swap_operator_div,OK,0d61114539075a70,OK,SURVIVED,SURVIVED,NOT_RUN,NOT_RUN,,0,0,,0,1.493,,f12ad6f2a1736a40,
wavelet,ast_emitted,963b2d1de985e547,cxx_arith_swap,haar_x.halide_generated.cpp,3249,24,operator* -> operator-,m1004_cxx_arith_swap_operator_sub,OK,f679d0292be57da7,OK,SURVIVED,SURVIVED,NOT_RUN,NOT_RUN,,0,0,,0,1.401,,f12ad6f2a1736a40,
wavelet,ast_emitted,6d66adc9058972ff,cxx_arith_swap,haar_x.halide_generated.cpp,3249,24,operator* -> operator+,m1003_cxx_arith_swap_operator_add,OK,21e284b5a7a9c4aa,OK,SURVIVED,SURVIVED,NOT_RUN,NOT_RUN,,0,0,,0,1.517,,f12ad6f2a1736a40,
wavelet,ast_emitted,7d8b9ae682824174,cxx_arith_swap,haar_x.halide_generated.cpp,3249,24,operator* -> operator/,m1005_cxx_arith_swap_operator_div,OK,8ff0972864c12b90,OK,SURVIVED,SURVIVED,NOT_RUN,NOT_RUN,,0,0,,0,1.590,,f12ad6f2a1736a40,
wavelet,ast_emitted,9c714708469b8ec3,cxx_arith_swap,haar_x.halide_generated.cpp,3250,25,operator+ -> operator-,m1006_cxx_arith_swap_operator_sub,OK,682bb3daa93fee21,OK,SURVIVED,SURVIVED,NOT_RUN,NOT_RUN,,0,0,,0,1.481,,f12ad6f2a1736a40,
wavelet,ast_emitted,6518aa9f710792a6,cxx_arith_swap,haar_x.halide_generated.cpp,3250,25,operator+ -> operator*,m1007_cxx_arith_swap_operator_mul,OK,605fc45873e97f36,OK,SURVIVED,SURVIVED,NOT_RUN,NOT_RUN,,0,0,,0,1.241,,f12ad6f2a1736a40,
wavelet,ast_emitted,0314a1042c743188,cxx_arith_swap,haar_x.halide_generated.cpp,3250,25,operator+ -> operator/,m1008_cxx_arith_swap_operator_div,OK,5790988568b6f85b,OK,SURVIVED,SURVIVED,NOT_RUN,NOT_RUN,,0,0,,0,1.234,,f12ad6f2a1736a40,
wavelet,ast_emitted,8532c6f6100d9ed4,cxx_arith_swap,haar_x.halide_generated.cpp,3251,25,operator+ -> operator*,m1010_cxx_arith_swap_operator_mul,OK,63e1778659b4f7f2,OK,SURVIVED,SURVIVED,NOT_RUN,NOT_RUN,,0,0,,0,1.329,,f12ad6f2a1736a40,
wavelet,ast_emitted,93465a3325128364,cxx_arith_swap,haar_x.halide_generated.cpp,3251,25,operator+ -> operator/,m1011_cxx_arith_swap_operator_div,OK,c4fe22952d07a5e6,OK,SURVIVED,SURVIVED,NOT_RUN,NOT_RUN,,0,0,,0,1.859,,f12ad6f2a1736a40,
wavelet,ast_emitted,86661fa12186cb07,cxx_rel_swap,haar_x.halide_generated.cpp,3252,55,operator< -> operator<=,m1012_cxx_rel_swap_operator_lt_eq,OK,d321d09f180a6086,OK,SURVIVED,SURVIVED,NOT_RUN,NOT_RUN,,0,0,,0,1.551,,f12ad6f2a1736a40,
wavelet,ast_emitted,4b0c9e74b00eaabc,cxx_rel_swap,haar_x.halide_generated.cpp,3252,55,operator< -> operator!=,m1016_cxx_rel_swap_operator_not_eq,OK,b7ba2cf0fe3e4fcb,OK,NOT_RUN,NOT_RUN,NOT_RUN,NOT_RUN,,0,1,equivalent_tce,,,,,bit-identical machine code at -O2: no test can distinguish it
wavelet,ast_emitted,cc76523314f6e591,cxx_arith_swap,haar_x.halide_generated.cpp,3251,25,operator+ -> operator-,m1009_cxx_arith_swap_operator_sub,OK,5d4b683ecd0e900a,OK,SURVIVED,SURVIVED,NOT_RUN,NOT_RUN,,0,0,,0,1.443,,f12ad6f2a1736a40,
wavelet,ast_emitted,a11fed71b4e20d1a,cxx_rel_swap,haar_x.halide_generated.cpp,3252,55,operator< -> operator>,m1013_cxx_rel_swap_operator_gt,OK,5fa74d22400dbc85,OK,SURVIVED,SURVIVED,NOT_RUN,NOT_RUN,,0,0,,0,1.810,,f12ad6f2a1736a40,
wavelet,ast_emitted,fd9be134e81ab528,cxx_rel_swap,haar_x.halide_generated.cpp,3252,55,operator< -> operator>=,m1014_cxx_rel_swap_operator_gt_eq,OK,6ce36e66c7eba739,OK,SURVIVED,SURVIVED,NOT_RUN,NOT_RUN,,0,0,,0,1.181,,f12ad6f2a1736a40,
wavelet,ast_emitted,d436f1114c167c54,cxx_rel_swap,haar_x.halide_generated.cpp,3252,55,operator< -> operator==,m1015_cxx_rel_swap_operator_eq_eq,OK,63225dae4194f730,OK,SURVIVED,SURVIVED,NOT_RUN,NOT_RUN,,0,0,,0,1.189,,f12ad6f2a1736a40,
wavelet,ast_emitted,7c1139736528a135,cxx_arith_swap,haar_x.halide_generated.cpp,3252,59,operator+ -> operator/,m1019_cxx_arith_swap_operator_div,OK,5fa74d22400dbc85,OK,SURVIVED,SURVIVED,NOT_RUN,NOT_RUN,,0,0,,0,1.178,,f12ad6f2a1736a40,
wavelet,ast_emitted,4383da46dd0b227f,cxx_arith_swap,haar_x.halide_generated.cpp,3252,59,operator+ -> operator-,m1017_cxx_arith_swap_operator_sub,OK,5fa74d22400dbc85,OK,SURVIVED,SURVIVED,NOT_RUN,NOT_RUN,,0,0,,0,1.172,,f12ad6f2a1736a40,
wavelet,ast_emitted,af5aa19a04c656e0,cxx_arith_swap,haar_x.halide_generated.cpp,3252,59,operator+ -> operator*,m1018_cxx_arith_swap_operator_mul,OK,5fa74d22400dbc85,OK,SURVIVED,SURVIVED,NOT_RUN,NOT_RUN,,0,0,,0,1.226,,f12ad6f2a1736a40,
wavelet,ast_emitted,af21ca697f1378b2,cxx_arith_swap,haar_x.halide_generated.cpp,3254,25,operator+ -> operator-,m1020_cxx_arith_swap_operator_sub,OK,06aa57044d480fdb,OK,SURVIVED,SURVIVED,NOT_RUN,NOT_RUN,,0,0,,0,1.666,,f12ad6f2a1736a40,
wavelet,ast_emitted,615892c082bb3f8f,cxx_arith_swap,haar_x.halide_generated.cpp,3254,25,operator+ -> operator*,m1021_cxx_arith_swap_operator_mul,OK,19cdf699eb08b8b7,OK,SURVIVED,SURVIVED,NOT_RUN,NOT_RUN,,0,0,,0,1.275,,f12ad6f2a1736a40,
wavelet,ast_emitted,eca67fa32fab0b9e,cxx_arith_swap,haar_x.halide_generated.cpp,3254,25,operator+ -> operator/,m1022_cxx_arith_swap_operator_div,OK,e10264891f6f44c9,OK,SURVIVED,SURVIVED,NOT_RUN,NOT_RUN,,0,0,,0,1.264,,f12ad6f2a1736a40,
wavelet,ast_emitted,1c2fe17dba013f61,cxx_arith_swap,haar_x.halide_generated.cpp,3255,26,operator* -> operator-,m1024_cxx_arith_swap_operator_sub,OK,26f9c311b9e4cbd7,OK,SURVIVED,SURVIVED,NOT_RUN,NOT_RUN,,0,0,,0,1.273,,f12ad6f2a1736a40,
wavelet,ast_emitted,c5688a6f6f5429da,cxx_arith_swap,haar_x.halide_generated.cpp,3255,26,operator* -> operator/,m1025_cxx_arith_swap_operator_div,OK,dae354f3092314a7,OK,SURVIVED,SURVIVED,NOT_RUN,NOT_RUN,,0,0,,0,1.351,,f12ad6f2a1736a40,
wavelet,ast_emitted,68945e5f3bc4c18e,cxx_arith_swap,haar_x.halide_generated.cpp,3255,26,operator* -> operator+,m1023_cxx_arith_swap_operator_add,OK,110d58b57f64877a,OK,SURVIVED,SURVIVED,NOT_RUN,NOT_RUN,,0,0,,0,1.417,,f12ad6f2a1736a40,
wavelet,ast_emitted,d9d6c57c6fa39178,cxx_arith_swap,haar_x.halide_generated.cpp,3256,26,operator+ -> operator-,m1026_cxx_arith_swap_operator_sub,OK,2feaec546569ec2c,OK,SURVIVED,SURVIVED,NOT_RUN,NOT_RUN,,0,0,,0,1.240,,f12ad6f2a1736a40,
wavelet,ast_emitted,1529063cdde21e43,cxx_arith_swap,haar_x.halide_generated.cpp,3256,26,operator+ -> operator*,m1027_cxx_arith_swap_operator_mul,OK,b1cbd8a2addbba5f,OK,SURVIVED,SURVIVED,NOT_RUN,NOT_RUN,,0,0,,0,1.258,,f12ad6f2a1736a40,
wavelet,ast_emitted,bf393815be2082e9,cxx_arith_swap,haar_x.halide_generated.cpp,3256,26,operator+ -> operator/,m1028_cxx_arith_swap_operator_div,OK,b1cbd8a2addbba5f,OK,SURVIVED,SURVIVED,NOT_RUN,NOT_RUN,,0,0,,0,1.911,,f12ad6f2a1736a40,
wavelet,ast_emitted,5390dc85c80910e4,cxx_arith_swap,haar_x.halide_generated.cpp,3259,25,operator* -> operator+,m1029_cxx_arith_swap_operator_add,OK,65466382b68f8d4a,OK,SURVIVED,SURVIVED,NOT_RUN,NOT_RUN,,0,0,,0,1.176,,f12ad6f2a1736a40,
wavelet,ast_emitted,ed89e39e3b610ccc,cxx_arith_swap,haar_x.halide_generated.cpp,3259,25,operator* -> operator-,m1030_cxx_arith_swap_operator_sub,OK,cd13f747567a225b,OK,SURVIVED,SURVIVED,NOT_RUN,NOT_RUN,,0,0,,0,2.122,,f12ad6f2a1736a40,
wavelet,ast_emitted,4a99e9e4444e8f34,cxx_arith_swap,haar_x.halide_generated.cpp,3259,25,operator* -> operator/,m1031_cxx_arith_swap_operator_div,OK,6350ec7a93e5ae29,OK,SURVIVED,SURVIVED,NOT_RUN,NOT_RUN,,0,0,,0,1.900,,f12ad6f2a1736a40,
wavelet,ast_emitted,42f1d8610ab983b3,cxx_arith_swap,haar_x.halide_generated.cpp,3260,26,operator- -> operator*,m1033_cxx_arith_swap_operator_mul,OK,5f727345b7db19d9,OK,SURVIVED,SURVIVED,NOT_RUN,NOT_RUN,,0,0,,0,1.180,,f12ad6f2a1736a40,
wavelet,ast_emitted,1b195cf0e909d949,cxx_arith_swap,haar_x.halide_generated.cpp,3260,26,operator- -> operator+,m1032_cxx_arith_swap_operator_add,OK,2b2344cf9659ba5e,OK,SURVIVED,SURVIVED,NOT_RUN,NOT_RUN,,0,0,,0,1.199,,f12ad6f2a1736a40,
wavelet,ast_emitted,02cf0071bc0b96e0,cxx_arith_swap,haar_x.halide_generated.cpp,3260,26,operator- -> operator/,m1034_cxx_arith_swap_operator_div,OK,62b98a38e48d5687,OK,SURVIVED,SURVIVED,NOT_RUN,NOT_RUN,,0,0,,0,1.170,,f12ad6f2a1736a40,
wavelet,ast_emitted,f14d2b0a57d6deb4,cxx_arith_swap,haar_x.halide_generated.cpp,3261,26,operator+ -> operator-,m1035_cxx_arith_swap_operator_sub,OK,7f5a0aa644882fd2,OK,SURVIVED,SURVIVED,NOT_RUN,NOT_RUN,,0,0,,0,1.156,,f12ad6f2a1736a40,
wavelet,ast_emitted,7af99758b3f94cef,cxx_arith_swap,haar_x.halide_generated.cpp,3261,26,operator+ -> operator/,m1037_cxx_arith_swap_operator_div,OK,da3970496a51c01b,OK,SURVIVED,SURVIVED,NOT_RUN,NOT_RUN,,0,0,,0,1.243,,f12ad6f2a1736a40,
wavelet,ast_emitted,8f91b297b8013e1a,cxx_arith_swap,haar_x.halide_generated.cpp,3263,26,operator+ -> operator-,m1038_cxx_arith_swap_operator_sub,OK,460d923a89bf74c5,OK,SURVIVED,SURVIVED,NOT_RUN,NOT_RUN,,0,0,,0,1.249,,f12ad6f2a1736a40,
wavelet,ast_emitted,528951f6009a4159,cxx_arith_swap,haar_x.halide_generated.cpp,3263,26,operator+ -> operator*,m1039_cxx_arith_swap_operator_mul,OK,9a36cb6c2f7851c5,OK,SURVIVED,SURVIVED,NOT_RUN,NOT_RUN,,0,0,,0,1.315,,f12ad6f2a1736a40,
wavelet,ast_emitted,08e8081ca4c64d39,cxx_arith_swap,haar_x.halide_generated.cpp,3261,26,operator+ -> operator*,m1036_cxx_arith_swap_operator_mul,OK,d3312ffd73a70140,OK,SURVIVED,SURVIVED,NOT_RUN,NOT_RUN,,0,0,,0,2.026,,f12ad6f2a1736a40,
wavelet,ast_emitted,27cbb07355813615,cxx_arith_swap,haar_x.halide_generated.cpp,3263,26,operator+ -> operator/,m1040_cxx_arith_swap_operator_div,OK,d99e99b9a62a70a3,OK,SURVIVED,SURVIVED,NOT_RUN,NOT_RUN,,0,0,,0,1.371,,f12ad6f2a1736a40,
wavelet,ast_emitted,faf40e706d6c2fa9,cxx_arith_swap,haar_x.halide_generated.cpp,3265,26,operator+ -> operator-,m1041_cxx_arith_swap_operator_sub,OK,87a03d5b2bcd96c5,OK,SURVIVED,SURVIVED,NOT_RUN,NOT_RUN,,0,0,,0,1.515,,f12ad6f2a1736a40,
wavelet,ast_emitted,c25882bfd7f6ad63,cxx_arith_swap,haar_x.halide_generated.cpp,3265,26,operator+ -> operator*,m1042_cxx_arith_swap_operator_mul,OK,f127c304ae0d7ba5,OK,SURVIVED,SURVIVED,NOT_RUN,NOT_RUN,,0,0,,0,1.391,,f12ad6f2a1736a40,
wavelet,ast_emitted,e692d12f15a0ae88,cxx_arith_swap,haar_x.halide_generated.cpp,3265,26,operator+ -> operator/,m1043_cxx_arith_swap_operator_div,OK,f127c304ae0d7ba5,OK,SURVIVED,SURVIVED,NOT_RUN,NOT_RUN,,0,0,,0,1.503,,f12ad6f2a1736a40,
wavelet,ast_emitted,f509efaac3964d68,cxx_arith_swap,haar_x.halide_generated.cpp,3267,26,operator+ -> operator*,m1045_cxx_arith_swap_operator_mul,OK,d1f644adcb705f48,OK,SURVIVED,SURVIVED,NOT_RUN,NOT_RUN,,0,0,,0,1.337,,f12ad6f2a1736a40,
wavelet,ast_emitted,cfcaf4a614dc8e12,cxx_arith_swap,haar_x.halide_generated.cpp,3267,26,operator+ -> operator-,m1044_cxx_arith_swap_operator_sub,OK,140e6f6e887b7548,OK,SURVIVED,SURVIVED,NOT_RUN,NOT_RUN,,0,0,,0,1.869,,f12ad6f2a1736a40,
wavelet,ast_emitted,32f8b41836220661,cxx_arith_swap,haar_x.halide_generated.cpp,3267,26,operator+ -> operator/,m1046_cxx_arith_swap_operator_div,OK,aedacdb3d04d4881,OK,SURVIVED,SURVIVED,NOT_RUN,NOT_RUN,,0,0,,0,1.281,,f12ad6f2a1736a40,
wavelet,ast_emitted,944695967f44fcb4,cxx_arith_swap,haar_x.halide_generated.cpp,3269,24,operator+ -> operator-,m1047_cxx_arith_swap_operator_sub,OK,62e05f504d5bf5d9,OK,SURVIVED,SURVIVED,NOT_RUN,NOT_RUN,,0,0,,0,1.196,,f12ad6f2a1736a40,
wavelet,ast_emitted,9ffd7487b9e289f8,cxx_rel_swap,haar_x.halide_generated.cpp,3271,23,operator== -> operator<,m1053_cxx_rel_swap_operator_lt,OK,b7ba2cf0fe3e4fcb,OK,NOT_RUN,NOT_RUN,NOT_RUN,NOT_RUN,,0,1,equivalent_tce,,,,,bit-identical machine code at -O2: no test can distinguish it
wavelet,ast_emitted,f61694ff45f3e69e,cxx_arith_swap,haar_x.halide_generated.cpp,3269,24,operator+ -> operator*,m1048_cxx_arith_swap_operator_mul,OK,f45518f43a023c57,OK,SURVIVED,SURVIVED,NOT_RUN,NOT_RUN,,0,0,,0,1.233,,f12ad6f2a1736a40,
wavelet,ast_emitted,26780af468a9e825,cxx_rel_swap,haar_x.halide_generated.cpp,3271,23,operator== -> operator<=,m1054_cxx_rel_swap_operator_lt_eq,OK,b7ba2cf0fe3e4fcb,OK,NOT_RUN,NOT_RUN,NOT_RUN,NOT_RUN,,0,1,equivalent_tce,,,,,bit-identical machine code at -O2: no test can distinguish it
wavelet,ast_emitted,62c30e8f6eab11e2,cxx_arith_swap,haar_x.halide_generated.cpp,3270,24,operator- -> operator+,m1050_cxx_arith_swap_operator_add,OK,f742fd27f0613010,OK,SURVIVED,SURVIVED,NOT_RUN,NOT_RUN,,0,0,,0,1.229,,f12ad6f2a1736a40,
wavelet,ast_emitted,4d61ef7beff28e32,cxx_arith_swap,haar_x.halide_generated.cpp,3269,24,operator+ -> operator/,m1049_cxx_arith_swap_operator_div,OK,ff50531fc6ac1cbe,OK,SURVIVED,SURVIVED,NOT_RUN,NOT_RUN,,0,0,,0,1.398,,f12ad6f2a1736a40,
wavelet,ast_emitted,d4c3e3301c191496,cxx_rel_swap,haar_x.halide_generated.cpp,3271,23,operator== -> operator>=,m1056_cxx_rel_swap_operator_gt_eq,OK,b7ba2cf0fe3e4fcb,OK,NOT_RUN,NOT_RUN,NOT_RUN,NOT_RUN,,0,1,equivalent_tce,,,,,bit-identical machine code at -O2: no test can distinguish it
wavelet,ast_emitted,2214b3810e4a304c,cxx_rel_swap,haar_x.halide_generated.cpp,3271,23,operator== -> operator>,m1055_cxx_rel_swap_operator_gt,OK,b7ba2cf0fe3e4fcb,OK,NOT_RUN,NOT_RUN,NOT_RUN,NOT_RUN,,0,1,equivalent_tce,,,,,bit-identical machine code at -O2: no test can distinguish it
wavelet,ast_emitted,1f55bfab35d5a079,cxx_rel_swap,haar_x.halide_generated.cpp,3271,23,operator== -> operator!=,m1057_cxx_rel_swap_operator_not_eq,OK,b7ba2cf0fe3e4fcb,OK,NOT_RUN,NOT_RUN,NOT_RUN,NOT_RUN,,0,1,equivalent_tce,,,,,bit-identical machine code at -O2: no test can distinguish it
wavelet,ast_emitted,f432463666445d3f,cxx_arith_swap,haar_x.halide_generated.cpp,3270,24,operator- -> operator/,m1052_cxx_arith_swap_operator_div,OK,fd032721d286f775,OK,SURVIVED,SURVIVED,NOT_RUN,NOT_RUN,,0,0,,0,1.185,,f12ad6f2a1736a40,
wavelet,ast_emitted,adc6d18c36c146e2,cxx_arith_swap,haar_x.halide_generated.cpp,3270,24,operator- -> operator*,m1051_cxx_arith_swap_operator_mul,OK,62ff97ee75b644dd,OK,SURVIVED,SURVIVED,NOT_RUN,NOT_RUN,,0,0,,0,2.073,,f12ad6f2a1736a40,
wavelet,ast_emitted,766170ce621815bd,cxx_rel_swap,haar_x.halide_generated.cpp,3273,23,operator== -> operator<,m1058_cxx_rel_swap_operator_lt,OK,4163b89918383685,OK,SURVIVED,SURVIVED,NOT_RUN,NOT_RUN,,0,0,,0,1.414,,f12ad6f2a1736a40,
wavelet,ast_emitted,75f2ff1c72b38599,cxx_rel_swap,haar_x.halide_generated.cpp,3273,23,operator== -> operator<=,m1059_cxx_rel_swap_operator_lt_eq,OK,73c67d39c78d5f8a,OK,SURVIVED,SURVIVED,NOT_RUN,NOT_RUN,,0,0,,0,1.282,,f12ad6f2a1736a40,
wavelet,ast_emitted,472f0bb57fecd827,cxx_rel_swap,haar_x.halide_generated.cpp,3273,23,operator== -> operator>,m1060_cxx_rel_swap_operator_gt,OK,d10f98e6718dea69,OK,SURVIVED,SURVIVED,NOT_RUN,NOT_RUN,,0,0,,0,1.248,,f12ad6f2a1736a40,
wavelet,ast_emitted,d1da4e1c4bde0bd0,cxx_rel_swap,haar_x.halide_generated.cpp,3273,23,operator== -> operator!=,m1062_cxx_rel_swap_operator_not_eq,OK,6b3196a2b8c529eb,OK,SURVIVED,SURVIVED,NOT_RUN,NOT_RUN,,0,0,,0,1.224,,f12ad6f2a1736a40,
wavelet,ast_emitted,972563677bcef3ab,cxx_arith_swap,haar_x.halide_generated.cpp,3277,24,operator* -> operator+,m1063_cxx_arith_swap_operator_add,OK,f1c47f6945c6569a,OK,SURVIVED,SURVIVED,NOT_RUN,NOT_RUN,,0,0,,0,1.369,,f12ad6f2a1736a40,
wavelet,ast_emitted,0e2d34e6503ee8cf,cxx_rel_swap,haar_x.halide_generated.cpp,3273,23,operator== -> operator>=,m1061_cxx_rel_swap_operator_gt_eq,OK,fb7e4a0b57134097,OK,SURVIVED,SURVIVED,NOT_RUN,NOT_RUN,,0,0,,0,2.083,,f12ad6f2a1736a40,
wavelet,ast_emitted,36acf631cdecd418,cxx_arith_swap,haar_x.halide_generated.cpp,3277,24,operator* -> operator/,m1065_cxx_arith_swap_operator_div,OK,81681a72c9330df7,OK,SURVIVED,SURVIVED,NOT_RUN,NOT_RUN,,0,0,,0,1.620,,f12ad6f2a1736a40,
wavelet,ast_emitted,285ef50d37e42856,cxx_arith_swap,haar_x.halide_generated.cpp,3278,39,operator+ -> operator*,m1067_cxx_arith_swap_operator_mul,OK,34b7a9915a339bee,OK,SURVIVED,SURVIVED,NOT_RUN,NOT_RUN,,0,0,,0,1.304,,f12ad6f2a1736a40,
wavelet,ast_emitted,a0b75666e3ff0b7e,cxx_arith_swap,haar_x.halide_generated.cpp,3277,24,operator* -> operator-,m1064_cxx_arith_swap_operator_sub,OK,7e97bdf31e4d4b34,OK,SURVIVED,SURVIVED,NOT_RUN,NOT_RUN,,0,0,,0,1.815,,f12ad6f2a1736a40,
wavelet,ast_emitted,302721e39ed8cc4d,cxx_arith_swap,haar_x.halide_generated.cpp,3278,39,operator+ -> operator/,m1068_cxx_arith_swap_operator_div,OK,fda158c5ecad2e09,OK,SURVIVED,SURVIVED,NOT_RUN,NOT_RUN,,0,0,,0,1.278,,f12ad6f2a1736a40,
wavelet,ast_emitted,39989088efe9367b,cxx_arith_swap,haar_x.halide_generated.cpp,3278,39,operator+ -> operator-,m1066_cxx_arith_swap_operator_sub,OK,fc69a59de2499a97,OK,SURVIVED,SURVIVED,NOT_RUN,NOT_RUN,,0,0,,0,1.202,,f12ad6f2a1736a40,
wavelet,ast_emitted,ce58d5df5f6a0ab0,cxx_arith_swap,haar_x.halide_generated.cpp,3282,24,operator- -> operator+,m1069_cxx_arith_swap_operator_add,OK,0d95966b6c650ace,OK,SURVIVED,SURVIVED,NOT_RUN,NOT_RUN,,0,0,,0,1.245,,f12ad6f2a1736a40,
wavelet,ast_emitted,598637cb0af10659,cxx_arith_swap,haar_x.halide_generated.cpp,3282,24,operator- -> operator/,m1071_cxx_arith_swap_operator_div,OK,6b83ea8156ea7be3,OK,KILLED,NOT_RUN,NOT_RUN,NOT_RUN,test1_demo,1,1,killed,-8,0.085,,<missing>,"golden driver exited -8, wrote no artifact -- test1 kill only"
wavelet,ast_emitted,595c1cafde6bb678,cxx_arith_swap,haar_x.halide_generated.cpp,3283,23,operator+ -> operator-,m1072_cxx_arith_swap_operator_sub,OK,c117496e27f1815d,OK,SURVIVED,SURVIVED,NOT_RUN,NOT_RUN,,0,0,,0,1.177,,f12ad6f2a1736a40,
wavelet,ast_emitted,7acd00c3b86731a9,cxx_arith_swap,haar_x.halide_generated.cpp,3282,24,operator- -> operator*,m1070_cxx_arith_swap_operator_mul,OK,df1258d7c8a99c79,OK,SURVIVED,SURVIVED,NOT_RUN,NOT_RUN,,0,0,,0,1.188,,f12ad6f2a1736a40,
wavelet,ast_emitted,5f74d38379ee711b,cxx_arith_swap,haar_x.halide_generated.cpp,3283,23,operator+ -> operator*,m1073_cxx_arith_swap_operator_mul,OK,3cf1bf6c79ea804a,OK,SURVIVED,SURVIVED,NOT_RUN,NOT_RUN,,0,0,,0,1.150,,f12ad6f2a1736a40,
wavelet,ast_emitted,000ed094b367129f,cxx_rel_swap,haar_x.halide_generated.cpp,3284,54,operator< -> operator<=,m1075_cxx_rel_swap_operator_lt_eq,OK,bcde07978c83bdf8,OK,SURVIVED,SURVIVED,NOT_RUN,NOT_RUN,,0,0,,0,1.223,,f12ad6f2a1736a40,
wavelet,ast_emitted,613c5e068faadf78,cxx_arith_swap,haar_x.halide_generated.cpp,3283,23,operator+ -> operator/,m1074_cxx_arith_swap_operator_div,OK,6aa5ef89611ef588,OK,SURVIVED,SURVIVED,NOT_RUN,NOT_RUN,,0,0,,0,1.171,,f12ad6f2a1736a40,
wavelet,ast_emitted,edc052cdb1675284,cxx_rel_swap,haar_x.halide_generated.cpp,3284,54,operator< -> operator>=,m1077_cxx_rel_swap_operator_gt_eq,OK,7ada148b7dcdac39,OK,KILLED,NOT_RUN,NOT_RUN,NOT_RUN,test1_demo,1,1,killed,-11,0.243,,<missing>,"golden driver exited -11, wrote no artifact -- test1 kill only"
wavelet,ast_emitted,adfeedcc17ab178e,cxx_rel_swap,haar_x.halide_generated.cpp,3284,54,operator< -> operator>,m1076_cxx_rel_swap_operator_gt,OK,07bd561410965cf5,OK,SURVIVED,SURVIVED,NOT_RUN,NOT_RUN,,0,0,,0,1.503,,f12ad6f2a1736a40,
wavelet,ast_emitted,42fe9a8b2816de0d,cxx_rel_swap,haar_x.halide_generated.cpp,3284,54,operator< -> operator==,m1078_cxx_rel_swap_operator_eq_eq,OK,599f8efe1298b991,OK,SURVIVED,SURVIVED,NOT_RUN,NOT_RUN,,0,0,,0,1.240,,f12ad6f2a1736a40,
wavelet,ast_emitted,fa255d1a5479f05c,cxx_arith_swap,haar_x.halide_generated.cpp,3284,58,operator+ -> operator-,m1080_cxx_arith_swap_operator_sub,OK,3595fda973d117f4,OK,SURVIVED,SURVIVED,NOT_RUN,NOT_RUN,,0,0,,0,1.226,,f12ad6f2a1736a40,
wavelet,ast_emitted,4e4783958c5e9898,cxx_rel_swap,haar_x.halide_generated.cpp,3284,54,operator< -> operator!=,m1079_cxx_rel_swap_operator_not_eq,OK,1ad8cab7d1b24bdf,OK,SURVIVED,SURVIVED,NOT_RUN,NOT_RUN,,0,0,,0,1.688,,f12ad6f2a1736a40,
wavelet,ast_emitted,7af8f0b34acfd0de,cxx_arith_swap,haar_x.halide_generated.cpp,3284,58,operator+ -> operator*,m1081_cxx_arith_swap_operator_mul,OK,77f577f9b7b95830,OK,SURVIVED,SURVIVED,NOT_RUN,NOT_RUN,,0,0,,0,1.396,,f12ad6f2a1736a40,
wavelet,ast_emitted,d06f7535839e6ae2,cxx_arith_swap,haar_x.halide_generated.cpp,3284,58,operator+ -> operator/,m1082_cxx_arith_swap_operator_div,OK,77f577f9b7b95830,OK,SURVIVED,SURVIVED,NOT_RUN,NOT_RUN,,0,0,,0,1.460,,f12ad6f2a1736a40,
wavelet,ast_emitted,c0ea076ac5219f47,cxx_arith_swap,haar_x.halide_generated.cpp,3286,24,operator+ -> operator-,m1083_cxx_arith_swap_operator_sub,OK,2361ffef1f58326c,OK,SURVIVED,SURVIVED,NOT_RUN,NOT_RUN,,0,0,,0,1.324,,f12ad6f2a1736a40,
wavelet,ast_emitted,f72c7ad41f43a195,cxx_arith_swap,haar_x.halide_generated.cpp,3286,24,operator+ -> operator*,m1084_cxx_arith_swap_operator_mul,OK,efa8ffbb7300a2d9,OK,SURVIVED,SURVIVED,NOT_RUN,NOT_RUN,,0,0,,0,1.885,,f12ad6f2a1736a40,
wavelet,ast_emitted,fdc32feaa3289816,cxx_arith_swap,haar_x.halide_generated.cpp,3287,25,operator+ -> operator-,m1086_cxx_arith_swap_operator_sub,OK,3c1242735e373d2b,OK,SURVIVED,SURVIVED,NOT_RUN,NOT_RUN,,0,0,,0,1.212,,f12ad6f2a1736a40,
wavelet,ast_emitted,a52b1f799862db11,cxx_arith_swap,haar_x.halide_generated.cpp,3287,25,operator+ -> operator*,m1087_cxx_arith_swap_operator_mul,OK,959b548127c350e4,OK,SURVIVED,SURVIVED,NOT_RUN,NOT_RUN,,0,0,,0,1.181,,f12ad6f2a1736a40,
wavelet,ast_emitted,e9192e4eb172781e,cxx_arith_swap,haar_x.halide_generated.cpp,3290,24,operator* -> operator+,m1089_cxx_arith_swap_operator_add,OK,01a214b7a29d3a89,OK,SURVIVED,SURVIVED,NOT_RUN,NOT_RUN,,0,0,,0,1.184,,f12ad6f2a1736a40,
wavelet,ast_emitted,96277e404268bf81,cxx_arith_swap,haar_x.halide_generated.cpp,3286,24,operator+ -> operator/,m1085_cxx_arith_swap_operator_div,OK,c06524be69281403,OK,SURVIVED,SURVIVED,NOT_RUN,NOT_RUN,,0,0,,0,1.388,,f12ad6f2a1736a40,
wavelet,ast_emitted,306ed770ba1aefae,cxx_arith_swap,haar_x.halide_generated.cpp,3287,25,operator+ -> operator/,m1088_cxx_arith_swap_operator_div,OK,959b548127c350e4,OK,SURVIVED,SURVIVED,NOT_RUN,NOT_RUN,,0,0,,0,1.409,,f12ad6f2a1736a40,
wavelet,ast_emitted,8cc6e48deb7c3bc1,cxx_arith_swap,haar_x.halide_generated.cpp,3290,24,operator* -> operator/,m1091_cxx_arith_swap_operator_div,OK,1d5e2fb651e28a52,OK,SURVIVED,SURVIVED,NOT_RUN,NOT_RUN,,0,0,,0,1.226,,f12ad6f2a1736a40,
wavelet,ast_emitted,05a7e4f61c16c0c9,cxx_arith_swap,haar_x.halide_generated.cpp,3290,24,operator* -> operator-,m1090_cxx_arith_swap_operator_sub,OK,ea7d9822e31ba626,OK,SURVIVED,SURVIVED,NOT_RUN,NOT_RUN,,0,0,,0,1.195,,f12ad6f2a1736a40,
wavelet,ast_emitted,fc5440f0f8ad553f,cxx_arith_swap,haar_x.halide_generated.cpp,3291,25,operator+ -> operator-,m1092_cxx_arith_swap_operator_sub,OK,a1ea5bcf5227c0ec,OK,SURVIVED,SURVIVED,NOT_RUN,NOT_RUN,,0,0,,0,1.580,,f12ad6f2a1736a40,
wavelet,ast_emitted,ad8da5cacd92726b,cxx_arith_swap,haar_x.halide_generated.cpp,3291,25,operator+ -> operator/,m1094_cxx_arith_swap_operator_div,OK,0a1fc7c0fcb88df6,OK,SURVIVED,SURVIVED,NOT_RUN,NOT_RUN,,0,0,,0,1.179,,f12ad6f2a1736a40,
wavelet,ast_emitted,ac583c00744d8fb0,cxx_arith_swap,haar_x.halide_generated.cpp,3291,25,operator+ -> operator*,m1093_cxx_arith_swap_operator_mul,OK,0a1fc7c0fcb88df6,OK,SURVIVED,SURVIVED,NOT_RUN,NOT_RUN,,0,0,,0,1.209,,f12ad6f2a1736a40,
wavelet,ast_emitted,dd9c905a52864e9e,cxx_arith_swap,haar_x.halide_generated.cpp,3292,25,operator* -> operator+,m1095_cxx_arith_swap_operator_add,OK,f377c62d771a4716,OK,SURVIVED,SURVIVED,NOT_RUN,NOT_RUN,,0,0,,0,1.826,,f12ad6f2a1736a40,
wavelet,ast_emitted,dccdb3e497d1366c,cxx_arith_swap,haar_x.halide_generated.cpp,3292,25,operator* -> operator-,m1096_cxx_arith_swap_operator_sub,OK,6bedcb71df7c2f4e,OK,SURVIVED,SURVIVED,NOT_RUN,NOT_RUN,,0,0,,0,1.245,,f12ad6f2a1736a40,
wavelet,ast_emitted,94647d5336991aa1,cxx_arith_swap,haar_x.halide_generated.cpp,3293,25,operator+ -> operator*,m1099_cxx_arith_swap_operator_mul,OK,35a6e700dee48951,OK,SURVIVED,SURVIVED,NOT_RUN,NOT_RUN,,0,0,,0,1.064,,f12ad6f2a1736a40,
wavelet,ast_emitted,d672bbc8fdc0a7ee,cxx_arith_swap,haar_x.halide_generated.cpp,3293,25,operator+ -> operator-,m1098_cxx_arith_swap_operator_sub,OK,a9455a7ad0be43dc,OK,SURVIVED,SURVIVED,NOT_RUN,NOT_RUN,,0,0,,0,1.334,,f12ad6f2a1736a40,
wavelet,ast_emitted,4bf85b3f987c4ac9,cxx_arith_swap,haar_x.halide_generated.cpp,3292,25,operator* -> operator/,m1097_cxx_arith_swap_operator_div,OK,08535e6e6061418f,OK,SURVIVED,SURVIVED,NOT_RUN,NOT_RUN,,0,0,,0,1.193,,f12ad6f2a1736a40,
wavelet,ast_emitted,c7925919af5de10d,cxx_arith_swap,haar_x.halide_generated.cpp,3293,25,operator+ -> operator/,m1100_cxx_arith_swap_operator_div,OK,6ea582120d4c3d3d,OK,SURVIVED,SURVIVED,NOT_RUN,NOT_RUN,,0,0,,0,1.387,,f12ad6f2a1736a40,
wavelet,ast_emitted,66997a3d15b8556e,cxx_arith_swap,haar_x.halide_generated.cpp,3294,25,operator+ -> operator-,m1101_cxx_arith_swap_operator_sub,OK,07ede48c0bf3a09f,OK,SURVIVED,SURVIVED,NOT_RUN,NOT_RUN,,0,0,,0,1.217,,f12ad6f2a1736a40,
wavelet,ast_emitted,4f3da472f41fb4b7,cxx_arith_swap,haar_x.halide_generated.cpp,3294,25,operator+ -> operator*,m1102_cxx_arith_swap_operator_mul,OK,b84ebbffa5a2afb9,OK,SURVIVED,SURVIVED,NOT_RUN,NOT_RUN,,0,0,,0,1.273,,f12ad6f2a1736a40,
wavelet,ast_emitted,925b2be9eaff195b,cxx_arith_swap,haar_x.halide_generated.cpp,3294,25,operator+ -> operator/,m1103_cxx_arith_swap_operator_div,OK,25104120196a52a6,OK,SURVIVED,SURVIVED,NOT_RUN,NOT_RUN,,0,0,,0,1.560,,f12ad6f2a1736a40,
wavelet,ast_emitted,128d18e3441361e0,cxx_rel_swap,haar_x.halide_generated.cpp,3295,55,operator< -> operator<=,m1104_cxx_rel_swap_operator_lt_eq,OK,fe06103818fb9f22,OK,SURVIVED,SURVIVED,NOT_RUN,NOT_RUN,,0,0,,0,1.306,,f12ad6f2a1736a40,
wavelet,ast_emitted,3661e255f025aa1b,cxx_rel_swap,haar_x.halide_generated.cpp,3295,55,operator< -> operator!=,m1108_cxx_rel_swap_operator_not_eq,OK,b7ba2cf0fe3e4fcb,OK,NOT_RUN,NOT_RUN,NOT_RUN,NOT_RUN,,0,1,equivalent_tce,,,,,bit-identical machine code at -O2: no test can distinguish it
wavelet,ast_emitted,ba1d5edacc18b271,cxx_rel_swap,haar_x.halide_generated.cpp,3295,55,operator< -> operator>=,m1106_cxx_rel_swap_operator_gt_eq,OK,09bcce9bca72d9c5,OK,SURVIVED,SURVIVED,NOT_RUN,NOT_RUN,,0,0,,0,1.422,,f12ad6f2a1736a40,
wavelet,ast_emitted,677a8e3e2b40d48d,cxx_rel_swap,haar_x.halide_generated.cpp,3295,55,operator< -> operator>,m1105_cxx_rel_swap_operator_gt,OK,77f577f9b7b95830,OK,SURVIVED,SURVIVED,NOT_RUN,NOT_RUN,,0,0,,0,1.988,,f12ad6f2a1736a40,
wavelet,ast_emitted,db5a71b2334da015,cxx_rel_swap,haar_x.halide_generated.cpp,3295,55,operator< -> operator==,m1107_cxx_rel_swap_operator_eq_eq,OK,9f7376585b6add02,OK,SURVIVED,SURVIVED,NOT_RUN,NOT_RUN,,0,0,,0,1.189,,f12ad6f2a1736a40,
wavelet,ast_emitted,8a4bfc730c64729f,cxx_arith_swap,haar_x.halide_generated.cpp,3295,59,operator+ -> operator*,m1110_cxx_arith_swap_operator_mul,OK,77f577f9b7b95830,OK,SURVIVED,SURVIVED,NOT_RUN,NOT_RUN,,0,0,,0,1.185,,f12ad6f2a1736a40,
wavelet,ast_emitted,3f3cf413c50d2419,cxx_arith_swap,haar_x.halide_generated.cpp,3295,59,operator+ -> operator/,m1111_cxx_arith_swap_operator_div,OK,77f577f9b7b95830,OK,SURVIVED,SURVIVED,NOT_RUN,NOT_RUN,,0,0,,0,1.549,,f12ad6f2a1736a40,
wavelet,ast_emitted,f7cef1e4a83f9d31,cxx_arith_swap,haar_x.halide_generated.cpp,3297,25,operator+ -> operator-,m1112_cxx_arith_swap_operator_sub,OK,699bcb2a0885cc5c,OK,SURVIVED,SURVIVED,NOT_RUN,NOT_RUN,,0,0,,0,1.226,,f12ad6f2a1736a40,
wavelet,ast_emitted,e65eaff9d0b504e9,cxx_arith_swap,haar_x.halide_generated.cpp,3297,25,operator+ -> operator*,m1113_cxx_arith_swap_operator_mul,OK,8cbee95309bf46b6,OK,SURVIVED,SURVIVED,NOT_RUN,NOT_RUN,,0,0,,0,1.180,,f12ad6f2a1736a40,
wavelet,ast_emitted,c3e71f073d4a7514,cxx_arith_swap,haar_x.halide_generated.cpp,3295,59,operator+ -> operator-,m1109_cxx_arith_swap_operator_sub,OK,77f577f9b7b95830,OK,SURVIVED,SURVIVED,NOT_RUN,NOT_RUN,,0,0,,0,2.180,,f12ad6f2a1736a40,
wavelet,ast_emitted,4bbfcac876aee151,cxx_arith_swap,haar_x.halide_generated.cpp,3297,25,operator+ -> operator/,m1114_cxx_arith_swap_operator_div,OK,e626a971b8e5617e,OK,SURVIVED,SURVIVED,NOT_RUN,NOT_RUN,,0,0,,0,1.299,,f12ad6f2a1736a40,
wavelet,ast_emitted,21926524a47508f5,cxx_arith_swap,haar_x.halide_generated.cpp,3298,26,operator* -> operator+,m1115_cxx_arith_swap_operator_add,OK,dd7a60404d4e777c,OK,SURVIVED,SURVIVED,NOT_RUN,NOT_RUN,,0,0,,0,1.710,,f12ad6f2a1736a40,
wavelet,ast_emitted,8998debc42a2d6f8,cxx_arith_swap,haar_x.halide_generated.cpp,3299,26,operator+ -> operator-,m1118_cxx_arith_swap_operator_sub,OK,04b8d92e6b4e1052,OK,SURVIVED,SURVIVED,NOT_RUN,NOT_RUN,,0,0,,0,1.176,,f12ad6f2a1736a40,
wavelet,ast_emitted,acc01f7b21e044fd,cxx_arith_swap,haar_x.halide_generated.cpp,3298,26,operator* -> operator-,m1116_cxx_arith_swap_operator_sub,OK,93fbd3441c360d4c,OK,SURVIVED,SURVIVED,NOT_RUN,NOT_RUN,,0,0,,0,1.249,,f12ad6f2a1736a40,
wavelet,ast_emitted,62a65a4160b80b15,cxx_arith_swap,haar_x.halide_generated.cpp,3299,26,operator+ -> operator*,m1119_cxx_arith_swap_operator_mul,OK,fdf108e1bac76147,OK,SURVIVED,SURVIVED,NOT_RUN,NOT_RUN,,0,0,,0,1.177,,f12ad6f2a1736a40,
wavelet,ast_emitted,b3f245a1487983e6,cxx_arith_swap,haar_x.halide_generated.cpp,3298,26,operator* -> operator/,m1117_cxx_arith_swap_operator_div,OK,2062287c78039326,OK,SURVIVED,SURVIVED,NOT_RUN,NOT_RUN,,0,0,,0,1.953,,f12ad6f2a1736a40,
wavelet,ast_emitted,ed78c01883a2e2cd,cxx_arith_swap,haar_x.halide_generated.cpp,3299,26,operator+ -> operator/,m1120_cxx_arith_swap_operator_div,OK,fdf108e1bac76147,OK,SURVIVED,SURVIVED,NOT_RUN,NOT_RUN,,0,0,,0,1.739,,f12ad6f2a1736a40,
wavelet,ast_emitted,e35b7f4f158fbd22,cxx_arith_swap,haar_x.halide_generated.cpp,3302,25,operator* -> operator-,m1122_cxx_arith_swap_operator_sub,OK,f2b7d8f937a02145,OK,SURVIVED,SURVIVED,NOT_RUN,NOT_RUN,,0,0,,0,1.341,,f12ad6f2a1736a40,
wavelet,ast_emitted,212b7c9d6b30ca54,cxx_arith_swap,haar_x.halide_generated.cpp,3302,25,operator* -> operator/,m1123_cxx_arith_swap_operator_div,OK,e4d4ebf2f01406eb,OK,SURVIVED,SURVIVED,NOT_RUN,NOT_RUN,,0,0,,0,1.284,,f12ad6f2a1736a40,
wavelet,ast_emitted,0fe5c18ae8b7198d,cxx_arith_swap,haar_x.halide_generated.cpp,3302,25,operator* -> operator+,m1121_cxx_arith_swap_operator_add,OK,f02885babe3d374c,OK,SURVIVED,SURVIVED,NOT_RUN,NOT_RUN,,0,0,,0,1.899,,f12ad6f2a1736a40,
wavelet,ast_emitted,1865cecdca9fe347,cxx_arith_swap,haar_x.halide_generated.cpp,3303,26,operator- -> operator+,m1124_cxx_arith_swap_operator_add,OK,3c7d29bc1ccae4a2,OK,SURVIVED,SURVIVED,NOT_RUN,NOT_RUN,,0,0,,0,1.547,,f12ad6f2a1736a40,
wavelet,ast_emitted,bfb77fc1aae69574,cxx_arith_swap,haar_x.halide_generated.cpp,3303,26,operator- -> operator*,m1125_cxx_arith_swap_operator_mul,OK,e87533a9fad0e68a,OK,SURVIVED,SURVIVED,NOT_RUN,NOT_RUN,,0,0,,0,1.400,,f12ad6f2a1736a40,
wavelet,ast_emitted,e52df9fe0cd6d9c3,cxx_arith_swap,haar_x.halide_generated.cpp,3303,26,operator- -> operator/,m1126_cxx_arith_swap_operator_div,OK,c23e49e633affa4a,OK,SURVIVED,SURVIVED,NOT_RUN,NOT_RUN,,0,0,,0,1.230,,f12ad6f2a1736a40,
wavelet,ast_emitted,40fb630bb0798e7a,cxx_arith_swap,haar_x.halide_generated.cpp,3304,26,operator+ -> operator*,m1128_cxx_arith_swap_operator_mul,OK,cd952cd1376ee5d7,OK,SURVIVED,SURVIVED,NOT_RUN,NOT_RUN,,0,0,,0,1.191,,f12ad6f2a1736a40,
wavelet,ast_emitted,be2160d4ffb281d0,cxx_arith_swap,haar_x.halide_generated.cpp,3304,26,operator+ -> operator-,m1127_cxx_arith_swap_operator_sub,OK,2fbbabba43c2b32b,OK,SURVIVED,SURVIVED,NOT_RUN,NOT_RUN,,0,0,,0,2.040,,f12ad6f2a1736a40,
wavelet,ast_emitted,c9912665e06062b8,cxx_arith_swap,haar_x.halide_generated.cpp,3304,26,operator+ -> operator/,m1129_cxx_arith_swap_operator_div,OK,4d449f7ab190440d,OK,SURVIVED,SURVIVED,NOT_RUN,NOT_RUN,,0,0,,0,1.233,,f12ad6f2a1736a40,
wavelet,ast_emitted,6f59c3dd9a6cc5c9,cxx_arith_swap,haar_x.halide_generated.cpp,3306,26,operator+ -> operator-,m1130_cxx_arith_swap_operator_sub,OK,228bbc0e854c592e,OK,SURVIVED,SURVIVED,NOT_RUN,NOT_RUN,,0,0,,0,1.244,,f12ad6f2a1736a40,
wavelet,ast_emitted,90316553fecaeac9,cxx_arith_swap,haar_x.halide_generated.cpp,3306,26,operator+ -> operator*,m1131_cxx_arith_swap_operator_mul,OK,027621880ce1d11a,OK,SURVIVED,SURVIVED,NOT_RUN,NOT_RUN,,0,0,,0,1.183,,f12ad6f2a1736a40,
wavelet,ast_emitted,3b51d49c42fb5614,cxx_arith_swap,haar_x.halide_generated.cpp,3306,26,operator+ -> operator/,m1132_cxx_arith_swap_operator_div,OK,6253068843d73de6,OK,SURVIVED,SURVIVED,NOT_RUN,NOT_RUN,,0,0,,0,1.553,,f12ad6f2a1736a40,
wavelet,ast_emitted,e3479b200094a831,cxx_arith_swap,haar_x.halide_generated.cpp,3308,26,operator+ -> operator-,m1133_cxx_arith_swap_operator_sub,OK,38ea476840312fb4,OK,SURVIVED,SURVIVED,NOT_RUN,NOT_RUN,,0,0,,0,1.118,,f12ad6f2a1736a40,
wavelet,ast_emitted,094b9fb0fdbc3c9f,cxx_arith_swap,haar_x.halide_generated.cpp,3308,26,operator+ -> operator*,m1134_cxx_arith_swap_operator_mul,OK,bb468af575a5b39e,OK,SURVIVED,SURVIVED,NOT_RUN,NOT_RUN,,0,0,,0,1.184,,f12ad6f2a1736a40,
wavelet,ast_emitted,96b1d770e44f38b8,cxx_arith_swap,haar_x.halide_generated.cpp,3310,26,operator+ -> operator-,m1136_cxx_arith_swap_operator_sub,OK,63dc3affcdfed884,OK,SURVIVED,SURVIVED,NOT_RUN,NOT_RUN,,0,0,,0,1.227,,f12ad6f2a1736a40,
wavelet,ast_emitted,5d53c5594024af2b,cxx_arith_swap,haar_x.halide_generated.cpp,3308,26,operator+ -> operator/,m1135_cxx_arith_swap_operator_div,OK,bb468af575a5b39e,OK,SURVIVED,SURVIVED,NOT_RUN,NOT_RUN,,0,0,,0,1.441,,f12ad6f2a1736a40,
wavelet,ast_emitted,187e7b3d920d3f85,cxx_arith_swap,haar_x.halide_generated.cpp,3310,26,operator+ -> operator/,m1138_cxx_arith_swap_operator_div,OK,7e020f1dc60805df,OK,SURVIVED,SURVIVED,NOT_RUN,NOT_RUN,,0,0,,0,0.938,,f12ad6f2a1736a40,
wavelet,ast_emitted,0ebce744457025fc,cxx_arith_swap,haar_x.halide_generated.cpp,3310,26,operator+ -> operator*,m1137_cxx_arith_swap_operator_mul,OK,51b7313b6cb9233a,OK,SURVIVED,SURVIVED,NOT_RUN,NOT_RUN,,0,0,,0,1.161,,f12ad6f2a1736a40,
wavelet,ast_emitted,c9c0fe11ce1bf5e4,cxx_arith_swap,haar_x.halide_generated.cpp,3312,24,operator+ -> operator-,m1139_cxx_arith_swap_operator_sub,OK,4310638b7179f495,OK,SURVIVED,SURVIVED,NOT_RUN,NOT_RUN,,0,0,,0,0.938,,f12ad6f2a1736a40,
wavelet,ast_emitted,e6496c3e85caf61f,cxx_arith_swap,haar_x.halide_generated.cpp,3313,24,operator- -> operator+,m1142_cxx_arith_swap_operator_add,OK,343958d0df95aa3a,OK,SURVIVED,SURVIVED,NOT_RUN,NOT_RUN,,0,0,,0,0.848,,f12ad6f2a1736a40,
wavelet,ast_emitted,aba652954ac47b7d,cxx_arith_swap,haar_x.halide_generated.cpp,3312,24,operator+ -> operator/,m1141_cxx_arith_swap_operator_div,OK,b972ec6fba85ee6b,OK,SURVIVED,SURVIVED,NOT_RUN,NOT_RUN,,0,0,,0,0.936,,f12ad6f2a1736a40,
wavelet,ast_emitted,129a33bff1b99b8e,cxx_arith_swap,haar_x.halide_generated.cpp,3312,24,operator+ -> operator*,m1140_cxx_arith_swap_operator_mul,OK,5b3043551c9c91b1,OK,SURVIVED,SURVIVED,NOT_RUN,NOT_RUN,,0,0,,0,1.305,,f12ad6f2a1736a40,
wavelet,ast_emitted,9ad2fc8589545596,cxx_arith_swap,haar_x.halide_generated.cpp,3313,24,operator- -> operator/,m1144_cxx_arith_swap_operator_div,OK,7aa04fbb00319a85,OK,SURVIVED,SURVIVED,NOT_RUN,NOT_RUN,,0,0,,0,1.045,,f12ad6f2a1736a40,
wavelet,ast_emitted,0b3009beb8993eae,cxx_arith_swap,haar_x.halide_generated.cpp,3313,24,operator- -> operator*,m1143_cxx_arith_swap_operator_mul,OK,2435b804ec1fee90,OK,SURVIVED,SURVIVED,NOT_RUN,NOT_RUN,,0,0,,0,1.130,,f12ad6f2a1736a40,
wavelet,ast_emitted,0af05707c43a7a4d,cxx_rel_swap,haar_x.halide_generated.cpp,3315,23,operator== -> operator<,m1148_cxx_rel_swap_operator_lt,OK,b7ba2cf0fe3e4fcb,OK,NOT_RUN,NOT_RUN,NOT_RUN,NOT_RUN,,0,1,equivalent_tce,,,,,bit-identical machine code at -O2: no test can distinguish it
wavelet,ast_emitted,ddc92b27bfcab45f,cxx_rel_swap,haar_x.halide_generated.cpp,3315,23,operator== -> operator>,m1150_cxx_rel_swap_operator_gt,OK,b7ba2cf0fe3e4fcb,OK,NOT_RUN,NOT_RUN,NOT_RUN,NOT_RUN,,0,1,equivalent_tce,,,,,bit-identical machine code at -O2: no test can distinguish it
wavelet,ast_emitted,4dcaf75dd937cebc,cxx_rel_swap,haar_x.halide_generated.cpp,3315,23,operator== -> operator>=,m1151_cxx_rel_swap_operator_gt_eq,OK,b7ba2cf0fe3e4fcb,OK,NOT_RUN,NOT_RUN,NOT_RUN,NOT_RUN,,0,1,equivalent_tce,,,,,bit-identical machine code at -O2: no test can distinguish it
wavelet,ast_emitted,fbdd51d523b51d01,cxx_rel_swap,haar_x.halide_generated.cpp,3315,23,operator== -> operator<=,m1149_cxx_rel_swap_operator_lt_eq,OK,b7ba2cf0fe3e4fcb,OK,NOT_RUN,NOT_RUN,NOT_RUN,NOT_RUN,,0,1,equivalent_tce,,,,,bit-identical machine code at -O2: no test can distinguish it
wavelet,ast_emitted,496b0190cec9b3ca,cxx_rel_swap,haar_x.halide_generated.cpp,3315,23,operator== -> operator!=,m1152_cxx_rel_swap_operator_not_eq,OK,b7ba2cf0fe3e4fcb,OK,NOT_RUN,NOT_RUN,NOT_RUN,NOT_RUN,,0,1,equivalent_tce,,,,,bit-identical machine code at -O2: no test can distinguish it
wavelet,ast_emitted,c08463da2eb55c6e,cxx_arith_swap,haar_x.halide_generated.cpp,3314,26,operator+ -> operator*,m1146_cxx_arith_swap_operator_mul,OK,52923969f48469de,OK,SURVIVED,SURVIVED,NOT_RUN,NOT_RUN,,0,0,,0,0.999,,f12ad6f2a1736a40,
wavelet,ast_emitted,4e5b5799df89f005,cxx_arith_swap,haar_x.halide_generated.cpp,3314,26,operator+ -> operator-,m1145_cxx_arith_swap_operator_sub,OK,a90bf4503b213876,OK,SURVIVED,SURVIVED,NOT_RUN,NOT_RUN,,0,0,,0,1.912,,f12ad6f2a1736a40,
wavelet,ast_emitted,0f379b5669be9df9,cxx_arith_swap,haar_x.halide_generated.cpp,3314,26,operator+ -> operator/,m1147_cxx_arith_swap_operator_div,OK,52923969f48469de,OK,SURVIVED,SURVIVED,NOT_RUN,NOT_RUN,,0,0,,0,0.836,,f12ad6f2a1736a40,
wavelet,ast_emitted,f4f541627da5852f,cxx_rel_swap,haar_x.halide_generated.cpp,3317,23,operator== -> operator<,m1153_cxx_rel_swap_operator_lt,OK,41b8a70bd1a7eb15,OK,SURVIVED,SURVIVED,NOT_RUN,NOT_RUN,,0,0,,0,0.835,,f12ad6f2a1736a40,
wavelet,ast_emitted,e9a69b6454a143a0,cxx_rel_swap,haar_x.halide_generated.cpp,3317,23,operator== -> operator>,m1155_cxx_rel_swap_operator_gt,OK,3ea59790bf1d9bc2,OK,SURVIVED,SURVIVED,NOT_RUN,NOT_RUN,,0,0,,0,0.838,,f12ad6f2a1736a40,
wavelet,ast_emitted,8be2d0859150b4ef,cxx_rel_swap,haar_x.halide_generated.cpp,3317,23,operator== -> operator<=,m1154_cxx_rel_swap_operator_lt_eq,OK,bc5a9317025ddf27,OK,SURVIVED,SURVIVED,NOT_RUN,NOT_RUN,,0,0,,0,1.834,,f12ad6f2a1736a40,
wavelet,ast_emitted,b45e74bba32548b4,cxx_rel_swap,haar_x.halide_generated.cpp,3317,23,operator== -> operator>=,m1156_cxx_rel_swap_operator_gt_eq,OK,cbab72e3801b8a9e,OK,SURVIVED,SURVIVED,NOT_RUN,NOT_RUN,,0,0,,0,1.528,,f12ad6f2a1736a40,
wavelet,ast_emitted,775c3ea4098782ff,cxx_rel_swap,haar_x.halide_generated.cpp,3317,23,operator== -> operator!=,m1157_cxx_rel_swap_operator_not_eq,OK,8793367e3b3caadf,OK,SURVIVED,SURVIVED,NOT_RUN,NOT_RUN,,0,0,,0,0.844,,f12ad6f2a1736a40,
wavelet,ast_emitted,d785bcaa2c6ec494,cxx_arith_swap,haar_x.halide_generated.cpp,3321,24,operator* -> operator/,m1160_cxx_arith_swap_operator_div,OK,f025c680ac743363,OK,SURVIVED,SURVIVED,NOT_RUN,NOT_RUN,,0,0,,0,0.835,,f12ad6f2a1736a40,
wavelet,ast_emitted,c0e69def28c70caf,cxx_arith_swap,haar_x.halide_generated.cpp,3321,24,operator* -> operator+,m1158_cxx_arith_swap_operator_add,OK,34b330c302b70691,OK,SURVIVED,SURVIVED,NOT_RUN,NOT_RUN,,0,0,,0,0.839,,f12ad6f2a1736a40,
wavelet,ast_emitted,18afa560d28c1c03,cxx_arith_swap,haar_x.halide_generated.cpp,3321,24,operator* -> operator-,m1159_cxx_arith_swap_operator_sub,OK,583793c926ff8668,OK,SURVIVED,SURVIVED,NOT_RUN,NOT_RUN,,0,0,,0,0.835,,f12ad6f2a1736a40,
wavelet,ast_emitted,b601c3b53ead4872,cxx_arith_swap,haar_x.halide_generated.cpp,3326,24,operator- -> operator/,m1166_cxx_arith_swap_operator_div,OK,3a3e3c26d1078759,OK,KILLED,NOT_RUN,NOT_RUN,NOT_RUN,test1_demo,1,1,killed,-8,0.065,,<missing>,"golden driver exited -8, wrote no artifact -- test1 kill only"
wavelet,ast_emitted,962f094b09e04df7,cxx_arith_swap,haar_x.halide_generated.cpp,3322,39,operator+ -> operator-,m1161_cxx_arith_swap_operator_sub,OK,f3cde7d62543947f,OK,SURVIVED,SURVIVED,NOT_RUN,NOT_RUN,,0,0,,0,0.840,,f12ad6f2a1736a40,
wavelet,ast_emitted,801a07eee1170aa5,cxx_arith_swap,haar_x.halide_generated.cpp,3322,39,operator+ -> operator*,m1162_cxx_arith_swap_operator_mul,OK,7a93cfc55b39e850,OK,SURVIVED,SURVIVED,NOT_RUN,NOT_RUN,,0,0,,0,0.836,,f12ad6f2a1736a40,
wavelet,ast_emitted,b8598d1e0f31ed50,cxx_arith_swap,haar_x.halide_generated.cpp,3326,24,operator- -> operator+,m1164_cxx_arith_swap_operator_add,OK,e5aadba36236b2aa,OK,SURVIVED,SURVIVED,NOT_RUN,NOT_RUN,,0,0,,0,1.688,,f12ad6f2a1736a40,
wavelet,ast_emitted,259a864c25926201,cxx_arith_swap,haar_x.halide_generated.cpp,3326,24,operator- -> operator*,m1165_cxx_arith_swap_operator_mul,OK,8651d9fbd9a2246a,OK,SURVIVED,SURVIVED,NOT_RUN,NOT_RUN,,0,0,,0,1.521,,f12ad6f2a1736a40,
wavelet,ast_emitted,01cb8c94fa086053,cxx_arith_swap,haar_x.halide_generated.cpp,3327,24,operator- -> operator/,m1169_cxx_arith_swap_operator_div,OK,b36444ff16a2f3db,OK,KILLED,NOT_RUN,NOT_RUN,NOT_RUN,test1_demo,1,1,killed,-8,0.064,,<missing>,"golden driver exited -8, wrote no artifact -- test1 kill only"
wavelet,ast_emitted,7f87dbef369d39d4,cxx_arith_swap,haar_x.halide_generated.cpp,3322,39,operator+ -> operator/,m1163_cxx_arith_swap_operator_div,OK,a95a38d1268f3bb9,OK,SURVIVED,SURVIVED,NOT_RUN,NOT_RUN,,0,0,,0,1.681,,f12ad6f2a1736a40,
wavelet,ast_emitted,2ede29d987c47ac3,cxx_arith_swap,haar_x.halide_generated.cpp,3327,24,operator- -> operator*,m1168_cxx_arith_swap_operator_mul,OK,7f6aac9eb0756f13,OK,SURVIVED,SURVIVED,NOT_RUN,NOT_RUN,,0,0,,0,1.054,,f12ad6f2a1736a40,
wavelet,ast_emitted,5f28a9256c8d797f,cxx_arith_swap,haar_x.halide_generated.cpp,3327,24,operator- -> operator+,m1167_cxx_arith_swap_operator_add,OK,e34906f405891b62,OK,SURVIVED,SURVIVED,NOT_RUN,NOT_RUN,,0,0,,0,1.040,,f12ad6f2a1736a40,
wavelet,ast_emitted,8f5fd87fc891878c,cxx_arith_swap,haar_x.halide_generated.cpp,3328,24,operator- -> operator/,m1172_cxx_arith_swap_operator_div,OK,8cbd7e64a33cf3b3,OK,KILLED,NOT_RUN,NOT_RUN,NOT_RUN,test1_demo,1,1,killed,-8,0.180,,<missing>,"golden driver exited -8, wrote no artifact -- test1 kill only"
wavelet,ast_emitted,10e5edc0111c416c,cxx_arith_swap,haar_x.halide_generated.cpp,3328,24,operator- -> operator+,m1170_cxx_arith_swap_operator_add,OK,a8d52005493fefcb,OK,SURVIVED,SURVIVED,NOT_RUN,NOT_RUN,,0,0,,0,0.836,,f12ad6f2a1736a40,
wavelet,ast_emitted,e0f1b0ff94345726,cxx_arith_swap,haar_x.halide_generated.cpp,3329,24,operator- -> operator/,m1175_cxx_arith_swap_operator_div,OK,b7dd142ea2578c86,OK,KILLED,NOT_RUN,NOT_RUN,NOT_RUN,test1_demo,1,1,killed,-8,0.123,,<missing>,"golden driver exited -8, wrote no artifact -- test1 kill only"
wavelet,ast_emitted,99b84d38f520eb61,cxx_arith_swap,haar_x.halide_generated.cpp,3330,24,operator- -> operator/,m1178_cxx_arith_swap_operator_div,OK,769b1d776c24de0a,OK,KILLED,NOT_RUN,NOT_RUN,NOT_RUN,test1_demo,1,1,killed,-8,0.147,,<missing>,"golden driver exited -8, wrote no artifact -- test1 kill only"
wavelet,ast_emitted,34dfc480d6f3795b,cxx_arith_swap,haar_x.halide_generated.cpp,3328,24,operator- -> operator*,m1171_cxx_arith_swap_operator_mul,OK,1362bf06f69059bb,OK,SURVIVED,SURVIVED,NOT_RUN,NOT_RUN,,0,0,,0,1.264,,f12ad6f2a1736a40,
wavelet,ast_emitted,b1b7e966f0552082,cxx_arith_swap,haar_x.halide_generated.cpp,3329,24,operator- -> operator+,m1173_cxx_arith_swap_operator_add,OK,fcffc6f69af190ac,OK,SURVIVED,SURVIVED,NOT_RUN,NOT_RUN,,0,0,,0,1.420,,f12ad6f2a1736a40,
wavelet,ast_emitted,b1197c928297eabc,cxx_arith_swap,haar_x.halide_generated.cpp,3330,24,operator- -> operator+,m1176_cxx_arith_swap_operator_add,OK,d312ef9ce5663e1a,OK,SURVIVED,SURVIVED,NOT_RUN,NOT_RUN,,0,0,,0,1.940,,f12ad6f2a1736a40,
wavelet,ast_emitted,3a61190994ffab3a,cxx_arith_swap,haar_x.halide_generated.cpp,3331,24,operator- -> operator/,m1181_cxx_arith_swap_operator_div,OK,a88f08e1ac4d8f70,OK,KILLED,NOT_RUN,NOT_RUN,NOT_RUN,test1_demo,1,1,killed,-8,0.122,,<missing>,"golden driver exited -8, wrote no artifact -- test1 kill only"
wavelet,ast_emitted,825fe5924052c5fc,cxx_arith_swap,haar_x.halide_generated.cpp,3329,24,operator- -> operator*,m1174_cxx_arith_swap_operator_mul,OK,24f1f31ec2b96c0a,OK,SURVIVED,SURVIVED,NOT_RUN,NOT_RUN,,0,0,,0,1.562,,f12ad6f2a1736a40,
wavelet,ast_emitted,b71c200d11b0800e,cxx_arith_swap,haar_x.halide_generated.cpp,3330,24,operator- -> operator*,m1177_cxx_arith_swap_operator_mul,OK,ea815838992a95be,OK,SURVIVED,SURVIVED,NOT_RUN,NOT_RUN,,0,0,,0,1.522,,f12ad6f2a1736a40,
wavelet,ast_emitted,5f7a30388560c7c6,cxx_arith_swap,haar_x.halide_generated.cpp,3331,24,operator- -> operator+,m1179_cxx_arith_swap_operator_add,OK,0062dde2e7b49568,OK,SURVIVED,SURVIVED,NOT_RUN,NOT_RUN,,0,0,,0,1.226,,f12ad6f2a1736a40,
wavelet,ast_emitted,a11688fe21f14bb2,cxx_arith_swap,haar_x.halide_generated.cpp,3331,24,operator- -> operator*,m1180_cxx_arith_swap_operator_mul,OK,cc028939e28f0320,OK,SURVIVED,SURVIVED,NOT_RUN,NOT_RUN,,0,0,,0,0.908,,f12ad6f2a1736a40,
wavelet,ast_emitted,126969d39c4232dc,cxx_arith_swap,haar_x.halide_generated.cpp,3333,24,operator- -> operator/,m1187_cxx_arith_swap_operator_div,OK,73905edb281e8b11,OK,KILLED,NOT_RUN,NOT_RUN,NOT_RUN,test1_demo,1,1,killed,-8,0.061,,<missing>,"golden driver exited -8, wrote no artifact -- test1 kill only"
wavelet,ast_emitted,d470b2b9dd50df26,cxx_arith_swap,haar_x.halide_generated.cpp,3332,24,operator- -> operator/,m1184_cxx_arith_swap_operator_div,OK,c5b31d8487f4ee75,OK,SURVIVED,SURVIVED,NOT_RUN,NOT_RUN,,0,0,,0,0.841,,f12ad6f2a1736a40,
wavelet,ast_emitted,8141a237fc9b163a,cxx_arith_swap,haar_x.halide_generated.cpp,3332,24,operator- -> operator+,m1182_cxx_arith_swap_operator_add,OK,0f7f62d420edb40a,OK,SURVIVED,SURVIVED,NOT_RUN,NOT_RUN,,0,0,,0,0.851,,f12ad6f2a1736a40,
wavelet,ast_emitted,56cf5fab48e0e6d8,cxx_arith_swap,haar_x.halide_generated.cpp,3333,24,operator- -> operator+,m1185_cxx_arith_swap_operator_add,OK,0ff43807f64002d1,OK,SURVIVED,SURVIVED,NOT_RUN,NOT_RUN,,0,0,,0,1.047,,f12ad6f2a1736a40,
wavelet,ast_emitted,752d7c7a57d546d3,cxx_arith_swap,haar_x.halide_generated.cpp,3333,24,operator- -> operator*,m1186_cxx_arith_swap_operator_mul,OK,3a53dcb3d841e94e,OK,SURVIVED,KILLED,NOT_RUN,NOT_RUN,test2_golden,1,1,killed,0,1.025,,1cd870434453fbee,
wavelet,ast_emitted,5901f105383acf67,cxx_arith_swap,haar_x.halide_generated.cpp,3334,23,operator+ -> operator/,m1190_cxx_arith_swap_operator_div,OK,5b2b42358026727d,OK,KILLED,NOT_RUN,NOT_RUN,NOT_RUN,test1_demo,1,1,killed,-8,0.072,,<missing>,"golden driver exited -8, wrote no artifact -- test1 kill only"
wavelet,ast_emitted,fa7b8361085b98a2,cxx_rel_swap,haar_x.halide_generated.cpp,3335,54,operator< -> operator<=,m1191_cxx_rel_swap_operator_lt_eq,OK,9b4ba78cb9f53f51,OK,KILLED,NOT_RUN,NOT_RUN,NOT_RUN,test1_demo,1,1,killed,-11,0.182,,<missing>,"golden driver exited -11, wrote no artifact -- test1 kill only"
wavelet,ast_emitted,955659214f7e596d,cxx_arith_swap,haar_x.halide_generated.cpp,3334,23,operator+ -> operator-,m1188_cxx_arith_swap_operator_sub,OK,20123693e2098d9e,OK,SURVIVED,SURVIVED,NOT_RUN,NOT_RUN,,0,0,,0,2.057,,f12ad6f2a1736a40,
wavelet,ast_emitted,d55dd5ff42c715bd,cxx_arith_swap,haar_x.halide_generated.cpp,3334,23,operator+ -> operator*,m1189_cxx_arith_swap_operator_mul,OK,2a1f7eb5ec468814,OK,SURVIVED,SURVIVED,NOT_RUN,NOT_RUN,,0,0,,0,2.018,,f12ad6f2a1736a40,
wavelet,ast_emitted,4f1e67f1777ff3e5,cxx_rel_swap,haar_x.halide_generated.cpp,3335,54,operator< -> operator>=,m1193_cxx_rel_swap_operator_gt_eq,OK,ca9191d84f34f365,OK,SURVIVED,KILLED,NOT_RUN,NOT_RUN,test2_golden,1,1,killed,0,0.576,,1cd870434453fbee,
wavelet,ast_emitted,2d5e152d8d03957b,cxx_rel_swap,haar_x.halide_generated.cpp,3335,54,operator< -> operator>,m1192_cxx_rel_swap_operator_gt,OK,3701f18079ebc3f3,OK,SURVIVED,KILLED,NOT_RUN,NOT_RUN,test2_golden,1,1,killed,0,1.285,,1cd870434453fbee,
wavelet,ast_emitted,ba8f2fd1ac12cde5,cxx_rel_swap,haar_x.halide_generated.cpp,3335,54,operator< -> operator==,m1194_cxx_rel_swap_operator_eq_eq,OK,d4e592223002bf3f,OK,SURVIVED,KILLED,NOT_RUN,NOT_RUN,test2_golden,1,1,killed,0,1.136,,1cd870434453fbee,
wavelet,ast_emitted,9f542edafbe0325d,cxx_arith_swap,haar_x.halide_generated.cpp,3332,24,operator- -> operator*,m1183_cxx_arith_swap_operator_mul,OK,533d6d3bd663117d,OK,SURVIVED,SURVIVED,NOT_RUN,NOT_RUN,,0,0,,0,4.520,,f12ad6f2a1736a40,
wavelet,ast_emitted,41ed1607da3bfe3d,cxx_rel_swap,haar_x.halide_generated.cpp,3335,54,operator< -> operator!=,m1195_cxx_rel_swap_operator_not_eq,OK,e3fa40b2bcb33cd5,OK,SURVIVED,SURVIVED,NOT_RUN,NOT_RUN,,0,0,,0,1.130,,f12ad6f2a1736a40,
wavelet,ast_emitted,ad910012983084e1,cxx_arith_swap,haar_x.halide_generated.cpp,3335,58,operator+ -> operator-,m1196_cxx_arith_swap_operator_sub,OK,f9a710523e07725c,OK,SURVIVED,KILLED,NOT_RUN,NOT_RUN,test2_golden,1,1,killed,0,0.906,,1cd870434453fbee,
wavelet,ast_emitted,146dfcbffe25cba8,cxx_arith_swap,haar_x.halide_generated.cpp,3335,58,operator+ -> operator/,m1198_cxx_arith_swap_operator_div,OK,4bf6953fab78c4ab,OK,SURVIVED,KILLED,NOT_RUN,NOT_RUN,test2_golden,1,1,killed,0,0.728,,1cd870434453fbee,
wavelet,ast_emitted,3fc4a56a0fcfd47e,cxx_arith_swap,haar_x.halide_generated.cpp,3337,38,operator+ -> operator/,m1201_cxx_arith_swap_operator_div,OK,0e7d627210495b6f,OK,KILLED,NOT_RUN,NOT_RUN,NOT_RUN,test1_demo,1,1,killed,-8,0.198,,<missing>,"golden driver exited -8, wrote no artifact -- test1 kill only"
wavelet,ast_emitted,756a1a0d5b5b3532,cxx_arith_swap,haar_x.halide_generated.cpp,3337,38,operator+ -> operator-,m1199_cxx_arith_swap_operator_sub,OK,ed53378f13540a07,OK,SURVIVED,SURVIVED,NOT_RUN,NOT_RUN,,0,0,,0,0.840,,f12ad6f2a1736a40,
wavelet,ast_emitted,0f51435771ef2a8b,cxx_arith_swap,haar_x.halide_generated.cpp,3335,58,operator+ -> operator*,m1197_cxx_arith_swap_operator_mul,OK,4bf6953fab78c4ab,OK,SURVIVED,KILLED,NOT_RUN,NOT_RUN,test2_golden,1,1,killed,0,1.070,,1cd870434453fbee,
wavelet,ast_emitted,8cf7f9e8a53b4104,cxx_arith_swap,haar_x.halide_generated.cpp,3338,24,operator* -> operator/,m1204_cxx_arith_swap_operator_div,OK,b0ad61ff0544e9c6,OK,KILLED,NOT_RUN,NOT_RUN,NOT_RUN,test1_demo,1,1,killed,-8,0.068,,<missing>,"golden driver exited -8, wrote no artifact -- test1 kill only"
wavelet,ast_emitted,9f681e8f14ccee6d,cxx_arith_swap,haar_x.halide_generated.cpp,3339,25,operator- -> operator/,m1207_cxx_arith_swap_operator_div,OK,253bba161edef852,OK,KILLED,NOT_RUN,NOT_RUN,NOT_RUN,test1_demo,1,1,killed,-8,0.178,,<missing>,"golden driver exited -8, wrote no artifact -- test1 kill only"
wavelet,ast_emitted,09f4b2131bc94f00,cxx_arith_swap,haar_x.halide_generated.cpp,3338,24,operator* -> operator+,m1202_cxx_arith_swap_operator_add,OK,9f2e9260c3957a6b,OK,SURVIVED,SURVIVED,NOT_RUN,NOT_RUN,,0,0,,0,0.834,,f12ad6f2a1736a40,
wavelet,ast_emitted,805845f7383ca4bd,cxx_arith_swap,haar_x.halide_generated.cpp,3338,24,operator* -> operator-,m1203_cxx_arith_swap_operator_sub,OK,fe88b1a78e8ce88e,OK,SURVIVED,SURVIVED,NOT_RUN,NOT_RUN,,0,0,,0,0.847,,f12ad6f2a1736a40,
wavelet,ast_emitted,dde00e6f0c21da6c,cxx_arith_swap,haar_x.halide_generated.cpp,3337,38,operator+ -> operator*,m1200_cxx_arith_swap_operator_mul,OK,adc545ec3d0346dc,OK,SURVIVED,SURVIVED,NOT_RUN,NOT_RUN,,0,0,,0,2.116,,f12ad6f2a1736a40,
wavelet,ast_emitted,536dd38fb0b3025c,cxx_arith_swap,haar_x.halide_generated.cpp,3339,25,operator- -> operator*,m1206_cxx_arith_swap_operator_mul,OK,abb6d840b90c7115,OK,SURVIVED,SURVIVED,NOT_RUN,NOT_RUN,,0,0,,0,0.835,,f12ad6f2a1736a40,
wavelet,ast_emitted,14fd2a69c0c68665,cxx_arith_swap,haar_x.halide_generated.cpp,3339,25,operator- -> operator+,m1205_cxx_arith_swap_operator_add,OK,6eba68a783dab1a6,OK,SURVIVED,SURVIVED,NOT_RUN,NOT_RUN,,0,0,,0,1.118,,f12ad6f2a1736a40,
wavelet,ast_emitted,03f787e8ca1a73ea,cxx_arith_swap,haar_x.halide_generated.cpp,3340,25,operator- -> operator/,m1210_cxx_arith_swap_operator_div,OK,4938aceed38c650b,OK,KILLED,NOT_RUN,NOT_RUN,NOT_RUN,test1_demo,1,1,killed,-8,0.069,,<missing>,"golden driver exited -8, wrote no artifact -- test1 kill only"
wavelet,ast_emitted,68796649f3dd1a01,cxx_arith_swap,haar_x.halide_generated.cpp,3340,25,operator- -> operator+,m1208_cxx_arith_swap_operator_add,OK,920bfd134993fdc9,OK,SURVIVED,SURVIVED,NOT_RUN,NOT_RUN,,0,0,,0,0.859,,f12ad6f2a1736a40,
wavelet,ast_emitted,9d86b594369f6677,cxx_arith_swap,haar_x.halide_generated.cpp,3341,24,operator* -> operator-,m1212_cxx_arith_swap_operator_sub,OK,72fbdf89b47a5352,OK,SURVIVED,SURVIVED,NOT_RUN,NOT_RUN,,0,0,,0,0.911,,f12ad6f2a1736a40,
wavelet,ast_emitted,dd19c5863087a6bd,cxx_arith_swap,haar_x.halide_generated.cpp,3340,25,operator- -> operator*,m1209_cxx_arith_swap_operator_mul,OK,76d348ecb44726bb,OK,SURVIVED,SURVIVED,NOT_RUN,NOT_RUN,,0,0,,0,1.067,,f12ad6f2a1736a40,
wavelet,ast_emitted,f678e1a59bd3502b,cxx_arith_swap,haar_x.halide_generated.cpp,3341,24,operator* -> operator+,m1211_cxx_arith_swap_operator_add,OK,78315d01e765976f,OK,SURVIVED,SURVIVED,NOT_RUN,NOT_RUN,,0,0,,0,1.089,,f12ad6f2a1736a40,
wavelet,ast_emitted,c562d910b0ac7dfc,cxx_arith_swap,haar_x.halide_generated.cpp,3341,24,operator* -> operator/,m1213_cxx_arith_swap_operator_div,OK,70b7b562c76ac7e3,OK,SURVIVED,SURVIVED,NOT_RUN,NOT_RUN,,0,0,,0,1.806,,f12ad6f2a1736a40,
wavelet,ast_emitted,b6efcec73ac76a7e,cxx_arith_swap,haar_x.halide_generated.cpp,3342,25,operator+ -> operator*,m1215_cxx_arith_swap_operator_mul,OK,ceb3504118bdf84a,OK,SURVIVED,SURVIVED,NOT_RUN,NOT_RUN,,0,0,,0,1.018,,f12ad6f2a1736a40,
wavelet,ast_emitted,51364d7d14f1d8a8,cxx_arith_swap,haar_x.halide_generated.cpp,3342,25,operator+ -> operator/,m1216_cxx_arith_swap_operator_div,OK,ceb3504118bdf84a,OK,SURVIVED,SURVIVED,NOT_RUN,NOT_RUN,,0,0,,0,0.835,,f12ad6f2a1736a40,
wavelet,ast_emitted,859eb430843b1644,cxx_arith_swap,haar_x.halide_generated.cpp,3342,25,operator+ -> operator-,m1214_cxx_arith_swap_operator_sub,OK,99efc40686a9c950,OK,SURVIVED,SURVIVED,NOT_RUN,NOT_RUN,,0,0,,0,1.720,,f12ad6f2a1736a40,
wavelet,ast_emitted,4500b2199d9332cd,cxx_arith_swap,haar_x.halide_generated.cpp,3343,25,operator* -> operator-,m1218_cxx_arith_swap_operator_sub,OK,8082c5ed247f8cce,OK,SURVIVED,SURVIVED,NOT_RUN,NOT_RUN,,0,0,,0,1.268,,f12ad6f2a1736a40,
wavelet,ast_emitted,0c424de86afe3700,cxx_arith_swap,haar_x.halide_generated.cpp,3343,25,operator* -> operator+,m1217_cxx_arith_swap_operator_add,OK,d34d62064ab7c53c,OK,SURVIVED,SURVIVED,NOT_RUN,NOT_RUN,,0,0,,0,2.079,,f12ad6f2a1736a40,
wavelet,ast_emitted,0167a04379f0d6a9,cxx_arith_swap,haar_x.halide_generated.cpp,3344,25,operator+ -> operator-,m1220_cxx_arith_swap_operator_sub,OK,86260eec19a2bb71,OK,SURVIVED,SURVIVED,NOT_RUN,NOT_RUN,,0,0,,0,0.844,,f12ad6f2a1736a40,
wavelet,ast_emitted,cfb6431ea3dead21,cxx_arith_swap,haar_x.halide_generated.cpp,3344,25,operator+ -> operator*,m1221_cxx_arith_swap_operator_mul,OK,b5f954a18808a1ce,OK,SURVIVED,SURVIVED,NOT_RUN,NOT_RUN,,0,0,,0,0.837,,f12ad6f2a1736a40,
wavelet,ast_emitted,0048269231c4186c,cxx_arith_swap,haar_x.halide_generated.cpp,3344,25,operator+ -> operator/,m1222_cxx_arith_swap_operator_div,OK,e21de47b1200353a,OK,KILLED,NOT_RUN,NOT_RUN,NOT_RUN,test1_demo,1,1,killed,-8,0.135,,<missing>,"golden driver exited -8, wrote no artifact -- test1 kill only"
wavelet,ast_emitted,7ef560946a2bc891,cxx_arith_swap,haar_x.halide_generated.cpp,3343,25,operator* -> operator/,m1219_cxx_arith_swap_operator_div,OK,a1265856b767d32c,OK,SURVIVED,SURVIVED,NOT_RUN,NOT_RUN,,0,0,,0,2.038,,f12ad6f2a1736a40,
wavelet,ast_emitted,93236e22dc9c99ca,cxx_arith_swap,haar_x.halide_generated.cpp,3345,25,operator+ -> operator*,m1224_cxx_arith_swap_operator_mul,OK,ee89aba860236b07,OK,SURVIVED,SURVIVED,NOT_RUN,NOT_RUN,,0,0,,0,0.868,,f12ad6f2a1736a40,
wavelet,ast_emitted,a099b70a59bd1113,cxx_rel_swap,haar_x.halide_generated.cpp,3346,55,operator< -> operator>,m1227_cxx_rel_swap_operator_gt,OK,a1fb29c7584d84ca,OK,SURVIVED,SURVIVED,NOT_RUN,NOT_RUN,,0,0,,0,0.835,,f12ad6f2a1736a40,
wavelet,ast_emitted,00d1d15d9d01be13,cxx_arith_swap,haar_x.halide_generated.cpp,3345,25,operator+ -> operator-,m1223_cxx_arith_swap_operator_sub,OK,18b1bee71d10bedf,OK,SURVIVED,SURVIVED,NOT_RUN,NOT_RUN,,0,0,,0,0.835,,f12ad6f2a1736a40,
wavelet,ast_emitted,e78ae7e729576743,cxx_rel_swap,haar_x.halide_generated.cpp,3346,55,operator< -> operator>=,m1228_cxx_rel_swap_operator_gt_eq,OK,6c5f3871b0e98e30,OK,KILLED,NOT_RUN,NOT_RUN,NOT_RUN,test1_demo,1,1,killed,-11,0.085,,<missing>,"golden driver exited -11, wrote no artifact -- test1 kill only"
wavelet,ast_emitted,ef03b719043802c0,cxx_rel_swap,haar_x.halide_generated.cpp,3346,55,operator< -> operator<=,m1226_cxx_rel_swap_operator_lt_eq,OK,afa892cc02f2f2e5,OK,SURVIVED,SURVIVED,NOT_RUN,NOT_RUN,,0,0,,0,1.683,,f12ad6f2a1736a40,
wavelet,ast_emitted,1ee2fce0b6fe8d1e,cxx_arith_swap,haar_x.halide_generated.cpp,3345,25,operator+ -> operator/,m1225_cxx_arith_swap_operator_div,OK,59df224a83bc8c1a,OK,SURVIVED,SURVIVED,NOT_RUN,NOT_RUN,,0,0,,0,2.027,,f12ad6f2a1736a40,
wavelet,ast_emitted,ac36e8ab05ff0742,cxx_rel_swap,haar_x.halide_generated.cpp,3346,55,operator< -> operator!=,m1230_cxx_rel_swap_operator_not_eq,OK,ba59b478cd6abea6,OK,SURVIVED,SURVIVED,NOT_RUN,NOT_RUN,,0,0,,0,0.836,,f12ad6f2a1736a40,
wavelet,ast_emitted,26084d848176cf71,cxx_arith_swap,haar_x.halide_generated.cpp,3346,59,operator+ -> operator-,m1231_cxx_arith_swap_operator_sub,OK,b469ece5357583a9,OK,SURVIVED,SURVIVED,NOT_RUN,NOT_RUN,,0,0,,0,1.945,,f12ad6f2a1736a40,
wavelet,ast_emitted,c246f2a5c8bf54d4,cxx_rel_swap,haar_x.halide_generated.cpp,3346,55,operator< -> operator==,m1229_cxx_rel_swap_operator_eq_eq,OK,865f71f7ec4c5014,OK,SURVIVED,SURVIVED,NOT_RUN,NOT_RUN,,0,0,,0,0.840,,f12ad6f2a1736a40,
wavelet,ast_emitted,5bbd88ce59b37a2a,cxx_arith_swap,haar_x.halide_generated.cpp,3346,59,operator+ -> operator*,m1232_cxx_arith_swap_operator_mul,OK,6c86e5f38bb98c34,OK,SURVIVED,SURVIVED,NOT_RUN,NOT_RUN,,0,0,,0,0.837,,f12ad6f2a1736a40,
wavelet,ast_emitted,3425f77fa9e7ffbd,cxx_arith_swap,haar_x.halide_generated.cpp,3348,25,operator+ -> operator-,m1234_cxx_arith_swap_operator_sub,OK,e782a8ce7dc17a22,OK,SURVIVED,SURVIVED,NOT_RUN,NOT_RUN,,0,0,,0,0.846,,f12ad6f2a1736a40,
wavelet,ast_emitted,9f7a499515ac5ec5,cxx_arith_swap,haar_x.halide_generated.cpp,3346,59,operator+ -> operator/,m1233_cxx_arith_swap_operator_div,OK,6c86e5f38bb98c34,OK,SURVIVED,SURVIVED,NOT_RUN,NOT_RUN,,0,0,,0,1.560,,f12ad6f2a1736a40,
wavelet,ast_emitted,1ace1bbaa867cacd,cxx_arith_swap,haar_x.halide_generated.cpp,3348,25,operator+ -> operator*,m1235_cxx_arith_swap_operator_mul,OK,ec30f70306a4c95c,OK,SURVIVED,SURVIVED,NOT_RUN,NOT_RUN,,0,0,,0,1.138,,f12ad6f2a1736a40,
wavelet,ast_emitted,a419ee290ed46b12,cxx_arith_swap,haar_x.halide_generated.cpp,3348,25,operator+ -> operator/,m1236_cxx_arith_swap_operator_div,OK,f496105225fb9741,OK,SURVIVED,SURVIVED,NOT_RUN,NOT_RUN,,0,0,,0,1.259,,f12ad6f2a1736a40,
wavelet,ast_emitted,4347d61c1a3321d6,cxx_arith_swap,haar_x.halide_generated.cpp,3349,26,operator* -> operator+,m1237_cxx_arith_swap_operator_add,OK,fed0c7cc5f47ba52,OK,SURVIVED,SURVIVED,NOT_RUN,NOT_RUN,,0,0,,0,0.841,,f12ad6f2a1736a40,
wavelet,ast_emitted,336b710dc4030adc,cxx_arith_swap,haar_x.halide_generated.cpp,3349,26,operator* -> operator/,m1239_cxx_arith_swap_operator_div,OK,d786b39f5a688a87,OK,SURVIVED,SURVIVED,NOT_RUN,NOT_RUN,,0,0,,0,1.417,,f12ad6f2a1736a40,
wavelet,ast_emitted,dc4f4c3c5013dae5,cxx_arith_swap,haar_x.halide_generated.cpp,3349,26,operator* -> operator-,m1238_cxx_arith_swap_operator_sub,OK,d58434ec67bd53a4,OK,SURVIVED,SURVIVED,NOT_RUN,NOT_RUN,,0,0,,0,0.938,,f12ad6f2a1736a40,
wavelet,ast_emitted,c04c137fc95f8397,cxx_arith_swap,haar_x.halide_generated.cpp,3350,26,operator+ -> operator*,m1241_cxx_arith_swap_operator_mul,OK,5995d76230106198,OK,SURVIVED,SURVIVED,NOT_RUN,NOT_RUN,,0,0,,0,0.841,,f12ad6f2a1736a40,
wavelet,ast_emitted,6ed64e349b075b92,cxx_arith_swap,haar_x.halide_generated.cpp,3353,26,operator+ -> operator-,m1243_cxx_arith_swap_operator_sub,OK,450a452e456e125d,OK,SURVIVED,SURVIVED,NOT_RUN,NOT_RUN,,0,0,,0,0.836,,f12ad6f2a1736a40,
wavelet,ast_emitted,f566f4e0a8a30ced,cxx_arith_swap,haar_x.halide_generated.cpp,3350,26,operator+ -> operator-,m1240_cxx_arith_swap_operator_sub,OK,924bf9bcdfa37874,OK,SURVIVED,SURVIVED,NOT_RUN,NOT_RUN,,0,0,,0,1.863,,f12ad6f2a1736a40,
wavelet,ast_emitted,e26b6c01f92401eb,cxx_arith_swap,haar_x.halide_generated.cpp,3353,26,operator+ -> operator/,m1245_cxx_arith_swap_operator_div,OK,0f031dac805ed257,OK,SURVIVED,SURVIVED,NOT_RUN,NOT_RUN,,0,0,,0,0.838,,f12ad6f2a1736a40,
wavelet,ast_emitted,780f113b52e4220f,cxx_arith_swap,haar_x.halide_generated.cpp,3350,26,operator+ -> operator/,m1242_cxx_arith_swap_operator_div,OK,5995d76230106198,OK,SURVIVED,SURVIVED,NOT_RUN,NOT_RUN,,0,0,,0,1.141,,f12ad6f2a1736a40,
wavelet,ast_emitted,132c78c67a3a59ac,cxx_arith_swap,haar_x.halide_generated.cpp,3353,26,operator+ -> operator*,m1244_cxx_arith_swap_operator_mul,OK,9c35b2b2332c64d2,OK,SURVIVED,SURVIVED,NOT_RUN,NOT_RUN,,0,0,,0,1.670,,f12ad6f2a1736a40,
wavelet,ast_emitted,3bfc2f48eb8b36d6,cxx_arith_swap,haar_x.halide_generated.cpp,3355,26,operator+ -> operator-,m1246_cxx_arith_swap_operator_sub,OK,fd8aed8b91f5d1f8,OK,SURVIVED,SURVIVED,NOT_RUN,NOT_RUN,,0,0,,0,1.853,,f12ad6f2a1736a40,
wavelet,ast_emitted,9e4e9196f065b395,cxx_arith_swap,haar_x.halide_generated.cpp,3355,26,operator+ -> operator*,m1247_cxx_arith_swap_operator_mul,OK,6086e80e22966b65,OK,SURVIVED,SURVIVED,NOT_RUN,NOT_RUN,,0,0,,0,1.059,,f12ad6f2a1736a40,
wavelet,ast_emitted,4b43d5507bef6e42,cxx_arith_swap,haar_x.halide_generated.cpp,3355,26,operator+ -> operator/,m1248_cxx_arith_swap_operator_div,OK,ae567d62d115acad,OK,SURVIVED,SURVIVED,NOT_RUN,NOT_RUN,,0,0,,0,0.840,,f12ad6f2a1736a40,
wavelet,ast_emitted,01f58ef63d218ffe,cxx_arith_swap,haar_x.halide_generated.cpp,3357,26,operator+ -> operator/,m1251_cxx_arith_swap_operator_div,OK,55d80baad5055c94,OK,SURVIVED,SURVIVED,NOT_RUN,NOT_RUN,,0,0,,0,0.847,,f12ad6f2a1736a40,
wavelet,ast_emitted,f060a34482f41f60,cxx_arith_swap,haar_x.halide_generated.cpp,3357,26,operator+ -> operator*,m1250_cxx_arith_swap_operator_mul,OK,55d80baad5055c94,OK,SURVIVED,SURVIVED,NOT_RUN,NOT_RUN,,0,0,,0,1.834,,f12ad6f2a1736a40,
wavelet,ast_emitted,4477c9d63b940a1f,cxx_arith_swap,haar_x.halide_generated.cpp,3357,26,operator+ -> operator-,m1249_cxx_arith_swap_operator_sub,OK,021aaf2294f16dbf,OK,SURVIVED,SURVIVED,NOT_RUN,NOT_RUN,,0,0,,0,1.127,,f12ad6f2a1736a40,
wavelet,ast_emitted,a61d2798a6b942b7,cxx_arith_swap,haar_x.halide_generated.cpp,3359,26,operator+ -> operator-,m1252_cxx_arith_swap_operator_sub,OK,47fd835ec8cf492b,OK,SURVIVED,SURVIVED,NOT_RUN,NOT_RUN,,0,0,,0,0.839,,f12ad6f2a1736a40,
wavelet,ast_emitted,f585c0778066f891,cxx_arith_swap,haar_x.halide_generated.cpp,3359,26,operator+ -> operator/,m1254_cxx_arith_swap_operator_div,OK,9971759524da846a,OK,SURVIVED,SURVIVED,NOT_RUN,NOT_RUN,,0,0,,0,1.038,,f12ad6f2a1736a40,
wavelet,ast_emitted,11bd1c32509a29c5,cxx_arith_swap,haar_x.halide_generated.cpp,3359,26,operator+ -> operator*,m1253_cxx_arith_swap_operator_mul,OK,5f1ab0d71421ffbe,OK,SURVIVED,SURVIVED,NOT_RUN,NOT_RUN,,0,0,,0,1.909,,f12ad6f2a1736a40,
wavelet,ast_emitted,06f79d99b8734539,cxx_arith_swap,haar_x.halide_generated.cpp,3361,24,operator+ -> operator-,m1255_cxx_arith_swap_operator_sub,OK,0b2527e9f2c54575,OK,SURVIVED,SURVIVED,NOT_RUN,NOT_RUN,,0,0,,0,0.840,,f12ad6f2a1736a40,
wavelet,ast_emitted,21f384bac8e51cb6,cxx_arith_swap,haar_x.halide_generated.cpp,3361,24,operator+ -> operator/,m1257_cxx_arith_swap_operator_div,OK,97687ab347ca9225,OK,SURVIVED,SURVIVED,NOT_RUN,NOT_RUN,,0,0,,0,1.427,,f12ad6f2a1736a40,
wavelet,ast_emitted,d635a881c1a55c9a,cxx_arith_swap,haar_x.halide_generated.cpp,3362,24,operator- -> operator*,m1259_cxx_arith_swap_operator_mul,OK,873a58ee29c10372,OK,SURVIVED,SURVIVED,NOT_RUN,NOT_RUN,,0,0,,0,0.856,,f12ad6f2a1736a40,
wavelet,ast_emitted,4373a26f150d8804,cxx_arith_swap,haar_x.halide_generated.cpp,3362,24,operator- -> operator+,m1258_cxx_arith_swap_operator_add,OK,ae37998751742942,OK,SURVIVED,SURVIVED,NOT_RUN,NOT_RUN,,0,0,,0,0.836,,f12ad6f2a1736a40,
wavelet,ast_emitted,7015414de51bb1ca,cxx_arith_swap,haar_x.halide_generated.cpp,3361,24,operator+ -> operator*,m1256_cxx_arith_swap_operator_mul,OK,f77885bdac64d75f,OK,SURVIVED,SURVIVED,NOT_RUN,NOT_RUN,,0,0,,0,2.008,,f12ad6f2a1736a40,
wavelet,ast_emitted,af644e94c1e74307,cxx_rel_swap,haar_x.halide_generated.cpp,3364,23,operator== -> operator<=,m1265_cxx_rel_swap_operator_lt_eq,OK,b7ba2cf0fe3e4fcb,OK,NOT_RUN,NOT_RUN,NOT_RUN,NOT_RUN,,0,1,equivalent_tce,,,,,bit-identical machine code at -O2: no test can distinguish it
wavelet,ast_emitted,73922c0f87107d30,cxx_rel_swap,haar_x.halide_generated.cpp,3364,23,operator== -> operator<,m1264_cxx_rel_swap_operator_lt,OK,b7ba2cf0fe3e4fcb,OK,NOT_RUN,NOT_RUN,NOT_RUN,NOT_RUN,,0,1,equivalent_tce,,,,,bit-identical machine code at -O2: no test can distinguish it
wavelet,ast_emitted,51cbf20996df84f2,cxx_rel_swap,haar_x.halide_generated.cpp,3364,23,operator== -> operator>=,m1267_cxx_rel_swap_operator_gt_eq,OK,b7ba2cf0fe3e4fcb,OK,NOT_RUN,NOT_RUN,NOT_RUN,NOT_RUN,,0,1,equivalent_tce,,,,,bit-identical machine code at -O2: no test can distinguish it
wavelet,ast_emitted,f32aedf1c3686409,cxx_rel_swap,haar_x.halide_generated.cpp,3364,23,operator== -> operator>,m1266_cxx_rel_swap_operator_gt,OK,b7ba2cf0fe3e4fcb,OK,NOT_RUN,NOT_RUN,NOT_RUN,NOT_RUN,,0,1,equivalent_tce,,,,,bit-identical machine code at -O2: no test can distinguish it
wavelet,ast_emitted,7a2038f7b0ebff7d,cxx_arith_swap,haar_x.halide_generated.cpp,3362,24,operator- -> operator/,m1260_cxx_arith_swap_operator_div,OK,f1e5c3b384a03d3f,OK,SURVIVED,SURVIVED,NOT_RUN,NOT_RUN,,0,0,,0,0.840,,f12ad6f2a1736a40,
wavelet,ast_emitted,928d05391e07b0f3,cxx_rel_swap,haar_x.halide_generated.cpp,3364,23,operator== -> operator!=,m1268_cxx_rel_swap_operator_not_eq,OK,b7ba2cf0fe3e4fcb,OK,NOT_RUN,NOT_RUN,NOT_RUN,NOT_RUN,,0,1,equivalent_tce,,,,,bit-identical machine code at -O2: no test can distinguish it
wavelet,ast_emitted,184772d500d0a303,cxx_arith_swap,haar_x.halide_generated.cpp,3363,26,operator+ -> operator-,m1261_cxx_arith_swap_operator_sub,OK,f7a9f53ae93abab7,OK,SURVIVED,SURVIVED,NOT_RUN,NOT_RUN,,0,0,,0,1.569,,f12ad6f2a1736a40,
wavelet,ast_emitted,699359cb022d6611,cxx_arith_swap,haar_x.halide_generated.cpp,3363,26,operator+ -> operator*,m1262_cxx_arith_swap_operator_mul,OK,8b6b20b060324e59,OK,SURVIVED,SURVIVED,NOT_RUN,NOT_RUN,,0,0,,0,0.858,,f12ad6f2a1736a40,
wavelet,ast_emitted,68853844840eb437,cxx_arith_swap,haar_x.halide_generated.cpp,3363,26,operator+ -> operator/,m1263_cxx_arith_swap_operator_div,OK,8b6b20b060324e59,OK,SURVIVED,SURVIVED,NOT_RUN,NOT_RUN,,0,0,,0,0.849,,f12ad6f2a1736a40,
wavelet,ast_emitted,f3a586140a3b0a87,cxx_rel_swap,haar_x.halide_generated.cpp,3366,23,operator== -> operator<=,m1270_cxx_rel_swap_operator_lt_eq,OK,84ac47857d3c488d,OK,SURVIVED,SURVIVED,NOT_RUN,NOT_RUN,,0,0,,0,1.029,,f12ad6f2a1736a40,
wavelet,ast_emitted,43cd79d04ba379ba,cxx_rel_swap,haar_x.halide_generated.cpp,3366,23,operator== -> operator>,m1271_cxx_rel_swap_operator_gt,OK,e106e3fb93121809,OK,SURVIVED,SURVIVED,NOT_RUN,NOT_RUN,,0,0,,0,0.960,,f12ad6f2a1736a40,
wavelet,ast_emitted,ff1bca7a7bd0192e,cxx_rel_swap,haar_x.halide_generated.cpp,3366,23,operator== -> operator<,m1269_cxx_rel_swap_operator_lt,OK,9e1556e918db9893,OK,SURVIVED,SURVIVED,NOT_RUN,NOT_RUN,,0,0,,0,1.241,,f12ad6f2a1736a40,
wavelet,ast_emitted,c770e13dad4eefd7,cxx_arith_swap,haar_x.halide_generated.cpp,3370,24,operator* -> operator+,m1274_cxx_arith_swap_operator_add,OK,4d34aa23b09ddcf8,OK,SURVIVED,SURVIVED,NOT_RUN,NOT_RUN,,0,0,,0,1.233,,f12ad6f2a1736a40,
wavelet,ast_emitted,5081c0f53f49acfe,cxx_rel_swap,haar_x.halide_generated.cpp,3366,23,operator== -> operator>=,m1272_cxx_rel_swap_operator_gt_eq,OK,11a9bc142e14365e,OK,SURVIVED,SURVIVED,NOT_RUN,NOT_RUN,,0,0,,0,1.456,,f12ad6f2a1736a40,
wavelet,ast_emitted,0922c03276e401a9,cxx_rel_swap,haar_x.halide_generated.cpp,3366,23,operator== -> operator!=,m1273_cxx_rel_swap_operator_not_eq,OK,a2692a35f57ba166,OK,SURVIVED,SURVIVED,NOT_RUN,NOT_RUN,,0,0,,0,1.232,,f12ad6f2a1736a40,
wavelet,ast_emitted,c3ea346c69e1ce24,cxx_arith_swap,haar_x.halide_generated.cpp,3370,24,operator* -> operator-,m1275_cxx_arith_swap_operator_sub,OK,effabe2e70ee59d9,OK,SURVIVED,SURVIVED,NOT_RUN,NOT_RUN,,0,0,,0,0.841,,f12ad6f2a1736a40,
wavelet,ast_emitted,aa2afd0d80c5a09b,cxx_arith_swap,haar_x.halide_generated.cpp,3370,24,operator* -> operator/,m1276_cxx_arith_swap_operator_div,OK,4cb58115ac9916d4,OK,SURVIVED,SURVIVED,NOT_RUN,NOT_RUN,,0,0,,0,0.833,,f12ad6f2a1736a40,
wavelet,ast_emitted,ed6ad0da89d2dddf,cxx_arith_swap,haar_x.halide_generated.cpp,3371,39,operator+ -> operator*,m1278_cxx_arith_swap_operator_mul,OK,4691ac91a7c82cbf,OK,SURVIVED,SURVIVED,NOT_RUN,NOT_RUN,,0,0,,0,0.995,,f12ad6f2a1736a40,
wavelet,ast_emitted,0a4c636e195acfe3,cxx_arith_swap,haar_x.halide_generated.cpp,3374,38,operator+ -> operator/,m1282_cxx_arith_swap_operator_div,OK,d56164a3c9210012,OK,KILLED,NOT_RUN,NOT_RUN,NOT_RUN,test1_demo,1,1,killed,-8,0.141,,<missing>,"golden driver exited -8, wrote no artifact -- test1 kill only"
wavelet,ast_emitted,aa9559d6d06cfd64,cxx_arith_swap,haar_x.halide_generated.cpp,3371,39,operator+ -> operator-,m1277_cxx_arith_swap_operator_sub,OK,5161c8240e0adae7,OK,SURVIVED,SURVIVED,NOT_RUN,NOT_RUN,,0,0,,0,1.221,,f12ad6f2a1736a40,
wavelet,ast_emitted,a4dd42e51e411c6b,cxx_arith_swap,haar_x.halide_generated.cpp,3371,39,operator+ -> operator/,m1279_cxx_arith_swap_operator_div,OK,adb9af62574bf5e9,OK,SURVIVED,SURVIVED,NOT_RUN,NOT_RUN,,0,0,,0,0.935,,f12ad6f2a1736a40,
wavelet,ast_emitted,dd1217f9f4f2eb60,cxx_arith_swap,haar_x.halide_generated.cpp,3374,38,operator+ -> operator-,m1280_cxx_arith_swap_operator_sub,OK,9df4460b3e366fbc,OK,SURVIVED,SURVIVED,NOT_RUN,NOT_RUN,,0,0,,0,2.174,,f12ad6f2a1736a40,
wavelet,ast_emitted,3de1c0dd28d06d67,cxx_arith_swap,haar_x.halide_generated.cpp,3375,24,operator* -> operator/,m1285_cxx_arith_swap_operator_div,OK,f190dc5a0cfc7180,OK,KILLED,NOT_RUN,NOT_RUN,NOT_RUN,test1_demo,1,1,killed,-8,0.068,,<missing>,"golden driver exited -8, wrote no artifact -- test1 kill only"
wavelet,ast_emitted,d5a78c8536522a0f,cxx_arith_swap,haar_x.halide_generated.cpp,3374,38,operator+ -> operator*,m1281_cxx_arith_swap_operator_mul,OK,785f15059c98a9c1,OK,SURVIVED,KILLED,NOT_RUN,NOT_RUN,test2_golden,1,1,killed,0,1.146,,4954e8c5e639cdf8,
wavelet,ast_emitted,a06abb6b95af1243,cxx_arith_swap,haar_x.halide_generated.cpp,3376,25,operator- -> operator/,m1288_cxx_arith_swap_operator_div,OK,00d421b20e23ebf0,OK,KILLED,NOT_RUN,NOT_RUN,NOT_RUN,test1_demo,1,1,killed,-8,0.156,,<missing>,"golden driver exited -8, wrote no artifact -- test1 kill only"
wavelet,ast_emitted,1224dbc78f8d2464,cxx_arith_swap,haar_x.halide_generated.cpp,3375,24,operator* -> operator-,m1284_cxx_arith_swap_operator_sub,OK,7df5dc4745498b3e,OK,SURVIVED,KILLED,NOT_RUN,NOT_RUN,test2_golden,1,1,killed,0,0.982,,2a58308c7a07755c,
wavelet,ast_emitted,86969e0a8f67fbaa,cxx_arith_swap,haar_x.halide_generated.cpp,3375,24,operator* -> operator+,m1283_cxx_arith_swap_operator_add,OK,e8ab79cc8e0be51e,OK,SURVIVED,KILLED,NOT_RUN,NOT_RUN,test2_golden,1,1,killed,0,1.522,,9eeaaef9f08fc581,
wavelet,ast_emitted,c3789531483008ed,cxx_arith_swap,haar_x.halide_generated.cpp,3376,25,operator- -> operator+,m1286_cxx_arith_swap_operator_add,OK,a8e644c95aec8e1c,OK,SURVIVED,SURVIVED,NOT_RUN,NOT_RUN,,0,0,,0,1.384,,f12ad6f2a1736a40,
wavelet,ast_emitted,30f4cb93bc649a2f,cxx_arith_swap,haar_x.halide_generated.cpp,3376,25,operator- -> operator*,m1287_cxx_arith_swap_operator_mul,OK,7ac018e20dcbcd1b,OK,SURVIVED,KILLED,NOT_RUN,NOT_RUN,test2_golden,1,1,killed,0,0.677,,827a893a6c5ebf80,
wavelet,ast_emitted,acfe59e30260b5d2,cxx_arith_swap,haar_x.halide_generated.cpp,3377,25,operator- -> operator+,m1289_cxx_arith_swap_operator_add,OK,5ceb8fe0fcdc061a,OK,SURVIVED,SURVIVED,NOT_RUN,NOT_RUN,,0,0,,0,0.836,,f12ad6f2a1736a40,
wavelet,ast_emitted,a7bdf11804f2d640,cxx_arith_swap,haar_x.halide_generated.cpp,3377,25,operator- -> operator/,m1291_cxx_arith_swap_operator_div,OK,9d935d7895caf9dc,OK,KILLED,NOT_RUN,NOT_RUN,NOT_RUN,test1_demo,1,1,killed,-8,0.068,,<missing>,"golden driver exited -8, wrote no artifact -- test1 kill only"
wavelet,ast_emitted,18ce55b72dde0da7,cxx_arith_swap,haar_x.halide_generated.cpp,3377,25,operator- -> operator*,m1290_cxx_arith_swap_operator_mul,OK,5f8af4f0efd9c999,OK,SURVIVED,KILLED,NOT_RUN,NOT_RUN,test2_golden,1,1,killed,0,1.092,,1cd870434453fbee,
wavelet,ast_emitted,01a1232455968a49,cxx_arith_swap,haar_x.halide_generated.cpp,3378,24,operator* -> operator/,m1294_cxx_arith_swap_operator_div,OK,c2f42febd3bd1720,OK,KILLED,NOT_RUN,NOT_RUN,NOT_RUN,test1_demo,1,1,killed,-8,0.074,,<missing>,"golden driver exited -8, wrote no artifact -- test1 kill only"
wavelet,ast_emitted,7f251c8b6b28e770,cxx_arith_swap,haar_x.halide_generated.cpp,3379,25,operator+ -> operator-,m1295_cxx_arith_swap_operator_sub,OK,544ca81ee5d620e3,OK,KILLED,NOT_RUN,NOT_RUN,NOT_RUN,test1_demo,1,1,killed,-11,0.068,,<missing>,"golden driver exited -11, wrote no artifact -- test1 kill only"
wavelet,ast_emitted,0d30e21908c4d25a,cxx_arith_swap,haar_x.halide_generated.cpp,3378,24,operator* -> operator-,m1293_cxx_arith_swap_operator_sub,OK,5ffcf09c3a9384b3,OK,SURVIVED,KILLED,NOT_RUN,NOT_RUN,test2_golden,1,1,killed,0,0.506,,e25f7125f5931fff,
wavelet,ast_emitted,e67187f696fd50c0,cxx_arith_swap,haar_x.halide_generated.cpp,3378,24,operator* -> operator+,m1292_cxx_arith_swap_operator_add,OK,500f7496705c088d,OK,SURVIVED,KILLED,NOT_RUN,NOT_RUN,test2_golden,1,1,killed,0,0.626,,e47283de548cc989,
wavelet,ast_emitted,5ae11c9cb2529aba,cxx_arith_swap,haar_x.halide_generated.cpp,3379,25,operator+ -> operator/,m1297_cxx_arith_swap_operator_div,OK,038401dc115ab1a2,OK,SURVIVED,KILLED,NOT_RUN,NOT_RUN,test2_golden,1,1,killed,0,0.549,,29ba360a3ad9a86b,
wavelet,ast_emitted,5c30fd07184e96a1,cxx_arith_swap,haar_x.halide_generated.cpp,3380,25,operator* -> operator-,m1299_cxx_arith_swap_operator_sub,OK,089914ac5501855d,OK,KILLED,NOT_RUN,NOT_RUN,NOT_RUN,test1_demo,1,1,killed,-11,0.156,,<missing>,"golden driver exited -11, wrote no artifact -- test1 kill only"
wavelet,ast_emitted,459a2c8c12dc1ec2,cxx_arith_swap,haar_x.halide_generated.cpp,3379,25,operator+ -> operator*,m1296_cxx_arith_swap_operator_mul,OK,038401dc115ab1a2,OK,SURVIVED,KILLED,NOT_RUN,NOT_RUN,test2_golden,1,1,killed,0,1.228,,29ba360a3ad9a86b,
wavelet,ast_emitted,663804a9a73ca61a,cxx_arith_swap,haar_x.halide_generated.cpp,3380,25,operator* -> operator/,m1300_cxx_arith_swap_operator_div,OK,22b4a8e8298eb5fd,OK,SURVIVED,KILLED,NOT_RUN,NOT_RUN,test2_golden,1,1,killed,0,0.557,,29ba360a3ad9a86b,
wavelet,ast_emitted,cfd491ba571d7b59,cxx_arith_swap,haar_x.halide_generated.cpp,3380,25,operator* -> operator+,m1298_cxx_arith_swap_operator_add,OK,1679ef557c8836e8,OK,SURVIVED,KILLED,NOT_RUN,NOT_RUN,test2_golden,1,1,killed,0,0.839,,d4e6d45c68e0f03c,
wavelet,ast_emitted,da8e4fb0e79d2ffd,cxx_arith_swap,haar_x.halide_generated.cpp,3381,25,operator+ -> operator/,m1303_cxx_arith_swap_operator_div,OK,44870bcfebb5579e,OK,KILLED,NOT_RUN,NOT_RUN,NOT_RUN,test1_demo,1,1,killed,-8,0.073,,<missing>,"golden driver exited -8, wrote no artifact -- test1 kill only"
wavelet,ast_emitted,f4dc11551bb74b36,cxx_arith_swap,haar_x.halide_generated.cpp,3381,25,operator+ -> operator-,m1301_cxx_arith_swap_operator_sub,OK,6715e58d3824c5e8,OK,SURVIVED,SURVIVED,NOT_RUN,NOT_RUN,,0,0,,0,0.836,,f12ad6f2a1736a40,
wavelet,ast_emitted,f633be6c9a791458,cxx_arith_swap,haar_x.halide_generated.cpp,3382,25,operator+ -> operator*,m1305_cxx_arith_swap_operator_mul,OK,1a79a77bcdcb0920,OK,KILLED,NOT_RUN,NOT_RUN,NOT_RUN,test1_demo,1,1,killed,-11,0.068,,<missing>,"golden driver exited -11, wrote no artifact -- test1 kill only"
wavelet,ast_emitted,50f33f0e32803f2e,cxx_arith_swap,haar_x.halide_generated.cpp,3382,25,operator+ -> operator-,m1304_cxx_arith_swap_operator_sub,OK,bb5eb6b7c6ed0c65,OK,KILLED,NOT_RUN,NOT_RUN,NOT_RUN,test1_demo,1,1,killed,-11,0.135,,<missing>,"golden driver exited -11, wrote no artifact -- test1 kill only"
wavelet,ast_emitted,e684ac50075142ae,cxx_arith_swap,haar_x.halide_generated.cpp,3381,25,operator+ -> operator*,m1302_cxx_arith_swap_operator_mul,OK,4b637869d45ae37a,OK,SURVIVED,KILLED,NOT_RUN,NOT_RUN,test2_golden,1,1,killed,0,0.837,,29ba360a3ad9a86b,
wavelet,ast_emitted,f945ab06816bfd1e,cxx_arith_swap,haar_x.halide_generated.cpp,3382,25,operator+ -> operator/,m1306_cxx_arith_swap_operator_div,OK,32e35db5b2469d48,OK,SURVIVED,KILLED,NOT_RUN,NOT_RUN,test2_golden,1,1,killed,0,0.498,,61ecbe38abd4d6dd,
wavelet,ast_emitted,65394411a314f33d,cxx_rel_swap,haar_x.halide_generated.cpp,3383,55,operator< -> operator>=,m1309_cxx_rel_swap_operator_gt_eq,OK,fd2cf815444c5ed6,OK,SURVIVED,KILLED,NOT_RUN,NOT_RUN,test2_golden,1,1,killed,0,0.882,,1cd870434453fbee,
wavelet,ast_emitted,c813a116ad5923f1,cxx_rel_swap,haar_x.halide_generated.cpp,3383,55,operator< -> operator>,m1308_cxx_rel_swap_operator_gt,OK,db8ba81d024fffda,OK,SURVIVED,KILLED,NOT_RUN,NOT_RUN,test2_golden,1,1,killed,0,0.497,,1cd870434453fbee,
wavelet,ast_emitted,bcd52d11566be508,cxx_rel_swap,haar_x.halide_generated.cpp,3383,55,operator< -> operator==,m1310_cxx_rel_swap_operator_eq_eq,OK,6febbf8f01ae1e73,OK,SURVIVED,KILLED,NOT_RUN,NOT_RUN,test2_golden,1,1,killed,0,0.500,,1cd870434453fbee,
wavelet,ast_emitted,4ddc4e1e4cafb1af,cxx_rel_swap,haar_x.halide_generated.cpp,3383,55,operator< -> operator<=,m1307_cxx_rel_swap_operator_lt_eq,OK,9b49f8779358fc38,OK,SURVIVED,SURVIVED,NOT_RUN,NOT_RUN,,0,0,,0,0.908,,f12ad6f2a1736a40,
wavelet,ast_emitted,5da626aa32086582,cxx_arith_swap,haar_x.halide_generated.cpp,3383,59,operator+ -> operator-,m1312_cxx_arith_swap_operator_sub,OK,dd15ea3ad0a6813f,OK,SURVIVED,KILLED,NOT_RUN,NOT_RUN,test2_golden,1,1,killed,0,0.500,,1cd870434453fbee,
wavelet,ast_emitted,aee4dd081e7abd5d,cxx_rel_swap,haar_x.halide_generated.cpp,3383,55,operator< -> operator!=,m1311_cxx_rel_swap_operator_not_eq,OK,2b98dfa408beb452,OK,SURVIVED,SURVIVED,NOT_RUN,NOT_RUN,,0,0,,0,1.443,,f12ad6f2a1736a40,
wavelet,ast_emitted,7c96598a62631c56,cxx_arith_swap,haar_x.halide_generated.cpp,3385,39,operator+ -> operator/,m1317_cxx_arith_swap_operator_div,OK,733ab46f3768d961,OK,KILLED,NOT_RUN,NOT_RUN,NOT_RUN,test1_demo,1,1,killed,-8,0.159,,<missing>,"golden driver exited -8, wrote no artifact -- test1 kill only"
wavelet,ast_emitted,5a8e2d11275cf4e5,cxx_arith_swap,haar_x.halide_generated.cpp,3385,39,operator+ -> operator-,m1315_cxx_arith_swap_operator_sub,OK,1ec9f773c9eecaaa,OK,SURVIVED,SURVIVED,NOT_RUN,NOT_RUN,,0,0,,0,0.946,,f12ad6f2a1736a40,
wavelet,ast_emitted,6e31dcc1a90d9a34,cxx_arith_swap,haar_x.halide_generated.cpp,3385,39,operator+ -> operator*,m1316_cxx_arith_swap_operator_mul,OK,efccb833241f4af7,OK,SURVIVED,KILLED,NOT_RUN,NOT_RUN,test2_golden,1,1,killed,0,0.765,,7f556d345b8ed79e,
wavelet,ast_emitted,a75631b21c016962,cxx_arith_swap,haar_x.halide_generated.cpp,3383,59,operator+ -> operator/,m1314_cxx_arith_swap_operator_div,OK,57f9f6861893bcce,OK,SURVIVED,KILLED,NOT_RUN,NOT_RUN,test2_golden,1,1,killed,0,0.976,,1cd870434453fbee,
wavelet,ast_emitted,1dbb58913fabead6,cxx_arith_swap,haar_x.halide_generated.cpp,3383,59,operator+ -> operator*,m1313_cxx_arith_swap_operator_mul,OK,57f9f6861893bcce,OK,SURVIVED,KILLED,NOT_RUN,NOT_RUN,test2_golden,1,1,killed,0,1.054,,1cd870434453fbee,
wavelet,ast_emitted,3d7d4476e1d0ba74,cxx_arith_swap,haar_x.halide_generated.cpp,3387,26,operator+ -> operator*,m1322_cxx_arith_swap_operator_mul,OK,114643d135dff870,OK,KILLED,NOT_RUN,NOT_RUN,NOT_RUN,test1_demo,1,1,killed,-11,0.067,,<missing>,"golden driver exited -11, wrote no artifact -- test1 kill only"
wavelet,ast_emitted,b21372b5ebd1e5ce,cxx_arith_swap,haar_x.halide_generated.cpp,3387,26,operator+ -> operator/,m1323_cxx_arith_swap_operator_div,OK,dd72b8eebd9b480d,OK,KILLED,NOT_RUN,NOT_RUN,NOT_RUN,test1_demo,1,1,killed,-8,0.070,,<missing>,"golden driver exited -8, wrote no artifact -- test1 kill only"
wavelet,ast_emitted,a5803f7ce88e8998,cxx_arith_swap,haar_x.halide_generated.cpp,3387,26,operator+ -> operator-,m1321_cxx_arith_swap_operator_sub,OK,6f3c32ed07f8ad35,OK,SURVIVED,KILLED,NOT_RUN,NOT_RUN,test2_golden,1,1,killed,0,0.669,,ef9f0c1f3fcd384e,
wavelet,ast_emitted,7515d432c537b9ae,cxx_arith_swap,haar_x.halide_generated.cpp,3386,26,operator* -> operator-,m1319_cxx_arith_swap_operator_sub,OK,5de841b385d3348b,OK,SURVIVED,KILLED,NOT_RUN,NOT_RUN,test2_golden,1,1,killed,0,0.962,,5aaba6006674ffaa,
wavelet,ast_emitted,00793c4eec26c8ab,cxx_arith_swap,haar_x.halide_generated.cpp,3386,26,operator* -> operator/,m1320_cxx_arith_swap_operator_div,OK,e7337ba14c0bb6cc,OK,SURVIVED,KILLED,NOT_RUN,NOT_RUN,test2_golden,1,1,killed,0,0.893,,7a0ebbdaf47556df,
wavelet,ast_emitted,f2cab57bfb9c2582,cxx_arith_swap,haar_x.halide_generated.cpp,3386,26,operator* -> operator+,m1318_cxx_arith_swap_operator_add,OK,5bfd2edb4dac3527,OK,SURVIVED,KILLED,NOT_RUN,NOT_RUN,test2_golden,1,1,killed,0,1.022,,49e9e6b1edc63773,
wavelet,ast_emitted,b0b3289b53650534,cxx_arith_swap,haar_x.halide_generated.cpp,3389,26,operator+ -> operator*,m1325_cxx_arith_swap_operator_mul,OK,dab773dd695b0d25,OK,SURVIVED,KILLED,NOT_RUN,NOT_RUN,test2_golden,1,1,killed,0,1.056,,1cd870434453fbee,
wavelet,ast_emitted,d9510c768ad25950,cxx_arith_swap,haar_x.halide_generated.cpp,3391,24,operator+ -> operator-,m1327_cxx_arith_swap_operator_sub,OK,9fd6938c6f179929,OK,SURVIVED,SURVIVED,NOT_RUN,NOT_RUN,,0,0,,0,0.851,,f12ad6f2a1736a40,
wavelet,ast_emitted,477bc9af884177e8,cxx_arith_swap,haar_x.halide_generated.cpp,3389,26,operator+ -> operator-,m1324_cxx_arith_swap_operator_sub,OK,f3c2f37de50eaa25,OK,SURVIVED,KILLED,NOT_RUN,NOT_RUN,test2_golden,1,1,killed,0,1.819,,81f9827c1fb9e6eb,
wavelet,ast_emitted,13d1081ed810471c,cxx_arith_swap,haar_x.halide_generated.cpp,3389,26,operator+ -> operator/,m1326_cxx_arith_swap_operator_div,OK,dab773dd695b0d25,OK,SURVIVED,KILLED,NOT_RUN,NOT_RUN,test2_golden,1,1,killed,0,1.092,,1cd870434453fbee,
wavelet,ast_emitted,bc68c9efc5dd797b,cxx_arith_swap,haar_x.halide_generated.cpp,3391,24,operator+ -> operator*,m1328_cxx_arith_swap_operator_mul,OK,0170df3078b74f41,OK,SURVIVED,SURVIVED,NOT_RUN,NOT_RUN,,0,0,,0,1.024,,f12ad6f2a1736a40,
wavelet,ast_emitted,11711659b2314e31,cxx_arith_swap,haar_x.halide_generated.cpp,3392,24,operator- -> operator*,m1331_cxx_arith_swap_operator_mul,OK,50ed31aa3f23dff5,OK,SURVIVED,KILLED,NOT_RUN,NOT_RUN,test2_golden,1,1,killed,0,0.772,,73621a5476b6ffa5,
wavelet,ast_emitted,93a26625860bc99f,cxx_arith_swap,haar_x.halide_generated.cpp,3391,24,operator+ -> operator/,m1329_cxx_arith_swap_operator_div,OK,237a167c15c59722,OK,SURVIVED,SURVIVED,NOT_RUN,NOT_RUN,,0,0,,0,1.796,,f12ad6f2a1736a40,
wavelet,ast_emitted,1fb6c7c527f440e9,cxx_arith_swap,haar_x.halide_generated.cpp,3393,26,operator+ -> operator-,m1333_cxx_arith_swap_operator_sub,OK,ea39217d8175feaa,OK,SURVIVED,SURVIVED,NOT_RUN,NOT_RUN,,0,0,,0,0.838,,f12ad6f2a1736a40,
wavelet,ast_emitted,f6b6e765af74b17c,cxx_rel_swap,haar_x.halide_generated.cpp,3394,23,operator== -> operator<,m1336_cxx_rel_swap_operator_lt,OK,b7ba2cf0fe3e4fcb,OK,NOT_RUN,NOT_RUN,NOT_RUN,NOT_RUN,,0,1,equivalent_tce,,,,,bit-identical machine code at -O2: no test can distinguish it
wavelet,ast_emitted,b2eecfac70a10221,cxx_rel_swap,haar_x.halide_generated.cpp,3394,23,operator== -> operator<=,m1337_cxx_rel_swap_operator_lt_eq,OK,b7ba2cf0fe3e4fcb,OK,NOT_RUN,NOT_RUN,NOT_RUN,NOT_RUN,,0,1,equivalent_tce,,,,,bit-identical machine code at -O2: no test can distinguish it
wavelet,ast_emitted,767e9d5f22aeccaa,cxx_arith_swap,haar_x.halide_generated.cpp,3392,24,operator- -> operator/,m1332_cxx_arith_swap_operator_div,OK,8766adb242a20276,OK,SURVIVED,KILLED,NOT_RUN,NOT_RUN,test2_golden,1,1,killed,0,0.617,,dbeead1c76d0ba49,
wavelet,ast_emitted,bf5087d6affa5d08,cxx_rel_swap,haar_x.halide_generated.cpp,3394,23,operator== -> operator>,m1338_cxx_rel_swap_operator_gt,OK,b7ba2cf0fe3e4fcb,OK,NOT_RUN,NOT_RUN,NOT_RUN,NOT_RUN,,0,1,equivalent_tce,,,,,bit-identical machine code at -O2: no test can distinguish it
wavelet,ast_emitted,9cfcc24199c21236,cxx_rel_swap,haar_x.halide_generated.cpp,3394,23,operator== -> operator!=,m1340_cxx_rel_swap_operator_not_eq,OK,b7ba2cf0fe3e4fcb,OK,NOT_RUN,NOT_RUN,NOT_RUN,NOT_RUN,,0,1,equivalent_tce,,,,,bit-identical machine code at -O2: no test can distinguish it
wavelet,ast_emitted,10e7ee90fc3696a0,cxx_arith_swap,haar_x.halide_generated.cpp,3392,24,operator- -> operator+,m1330_cxx_arith_swap_operator_add,OK,4d7faafdeb7a90b9,OK,SURVIVED,KILLED,NOT_RUN,NOT_RUN,test2_golden,1,1,killed,0,1.172,,8c361ae5b78cb95d,
wavelet,ast_emitted,fa72d8d669f514d5,cxx_rel_swap,haar_x.halide_generated.cpp,3394,23,operator== -> operator>=,m1339_cxx_rel_swap_operator_gt_eq,OK,b7ba2cf0fe3e4fcb,OK,NOT_RUN,NOT_RUN,NOT_RUN,NOT_RUN,,0,1,equivalent_tce,,,,,bit-identical machine code at -O2: no test can distinguish it
wavelet,ast_emitted,566067998c64b2cb,cxx_arith_swap,haar_x.halide_generated.cpp,3393,26,operator+ -> operator/,m1335_cxx_arith_swap_operator_div,OK,4f78bd23f0e9f618,OK,SURVIVED,KILLED,NOT_RUN,NOT_RUN,test2_golden,1,1,killed,0,1.052,,8c361ae5b78cb95d,
wavelet,ast_emitted,d39d3a1ea9972d4b,cxx_arith_swap,haar_x.halide_generated.cpp,3393,26,operator+ -> operator*,m1334_cxx_arith_swap_operator_mul,OK,4f78bd23f0e9f618,OK,SURVIVED,KILLED,NOT_RUN,NOT_RUN,test2_golden,1,1,killed,0,1.452,,8c361ae5b78cb95d,
wavelet,ast_emitted,e6c2dac0fe83299d,cxx_rel_swap,haar_x.halide_generated.cpp,3396,23,operator== -> operator>,m1343_cxx_rel_swap_operator_gt,OK,b22d52eb45d0ae4a,OK,SURVIVED,KILLED,NOT_RUN,NOT_RUN,test2_golden,1,1,killed,0,0.705,,8c361ae5b78cb95d,
wavelet,ast_emitted,2caaa8a2dd885d37,cxx_rel_swap,haar_x.halide_generated.cpp,3396,23,operator== -> operator>=,m1344_cxx_rel_swap_operator_gt_eq,OK,a46626702f566155,OK,SURVIVED,KILLED,NOT_RUN,NOT_RUN,test2_golden,1,1,killed,0,1.263,,8c361ae5b78cb95d,
wavelet,ast_emitted,51c22389d94ce6c9,cxx_arith_swap,haar_x.halide_generated.cpp,3400,24,operator* -> operator+,m1346_cxx_arith_swap_operator_add,OK,bbbdcf781ecc4bec,OK,SURVIVED,KILLED,NOT_RUN,NOT_RUN,test2_golden,1,1,killed,0,1.091,,c5b761da7374f722,
wavelet,ast_emitted,48e40ba94118a407,cxx_rel_swap,haar_x.halide_generated.cpp,3396,23,operator== -> operator<,m1341_cxx_rel_swap_operator_lt,OK,410722202fcb8f1a,OK,SURVIVED,SURVIVED,NOT_RUN,NOT_RUN,,0,0,,0,2.032,,f12ad6f2a1736a40,
wavelet,ast_emitted,9645efb7d470229d,cxx_rel_swap,haar_x.halide_generated.cpp,3396,23,operator== -> operator<=,m1342_cxx_rel_swap_operator_lt_eq,OK,1eed637eb76b42de,OK,SURVIVED,SURVIVED,NOT_RUN,NOT_RUN,,0,0,,0,2.308,,f12ad6f2a1736a40,
wavelet,ast_emitted,a03693c93e278ad0,cxx_arith_swap,haar_x.halide_generated.cpp,3401,39,operator+ -> operator*,m1350_cxx_arith_swap_operator_mul,OK,d7600d860477e284,OK,KILLED,NOT_RUN,NOT_RUN,NOT_RUN,test1_demo,1,1,killed,-11,0.068,,<missing>,"golden driver exited -11, wrote no artifact -- test1 kill only"
wavelet,ast_emitted,3655a8a0d1569567,cxx_arith_swap,haar_x.halide_generated.cpp,3401,39,operator+ -> operator-,m1349_cxx_arith_swap_operator_sub,OK,db613246d9686431,OK,KILLED,NOT_RUN,NOT_RUN,NOT_RUN,test1_demo,1,1,killed,-11,0.159,,<missing>,"golden driver exited -11, wrote no artifact -- test1 kill only"
wavelet,ast_emitted,19be0dba60b37a55,cxx_arith_swap,haar_x.halide_generated.cpp,3400,24,operator* -> operator-,m1347_cxx_arith_swap_operator_sub,OK,7f0eb26bc103fb9b,OK,SURVIVED,KILLED,NOT_RUN,NOT_RUN,test2_golden,1,1,killed,0,0.679,,3a6724ea608cda04,
wavelet,ast_emitted,d5c245dd3875154c,cxx_rel_swap,haar_x.halide_generated.cpp,3396,23,operator== -> operator!=,m1345_cxx_rel_swap_operator_not_eq,OK,8ed0a0186b6b6f48,OK,SURVIVED,KILLED,NOT_RUN,NOT_RUN,test2_golden,1,1,killed,0,1.778,,8c361ae5b78cb95d,
wavelet,ast_emitted,fede29f8fde2e6b2,cxx_arith_swap,haar_x.halide_generated.cpp,3404,38,operator+ -> operator/,m1354_cxx_arith_swap_operator_div,OK,fbc6ef0e180d7eed,OK,KILLED,NOT_RUN,NOT_RUN,NOT_RUN,test1_demo,1,1,killed,-8,0.068,,<missing>,"golden driver exited -8, wrote no artifact -- test1 kill only"
wavelet,ast_emitted,fbe91d537b4327e3,cxx_arith_swap,haar_x.halide_generated.cpp,3401,39,operator+ -> operator/,m1351_cxx_arith_swap_operator_div,OK,dfba19ad722c4d56,OK,SURVIVED,KILLED,NOT_RUN,NOT_RUN,test2_golden,1,1,killed,0,1.160,,3314d38262d5dabf,
wavelet,ast_emitted,b2f71817fd4ad1ef,cxx_arith_swap,haar_x.halide_generated.cpp,3400,24,operator* -> operator/,m1348_cxx_arith_swap_operator_div,OK,a5b5806915b54b0f,OK,SURVIVED,KILLED,NOT_RUN,NOT_RUN,test2_golden,1,1,killed,0,1.940,,2bb03f8df78e0276,
wavelet,ast_emitted,dfd640e5c250ef4b,cxx_arith_swap,haar_x.halide_generated.cpp,3405,24,operator* -> operator/,m1357_cxx_arith_swap_operator_div,OK,7de62078398cdf17,OK,KILLED,NOT_RUN,NOT_RUN,NOT_RUN,test1_demo,1,1,killed,-8,0.067,,<missing>,"golden driver exited -8, wrote no artifact -- test1 kill only"
wavelet,ast_emitted,af5285da18d185ff,cxx_arith_swap,haar_x.halide_generated.cpp,3404,38,operator+ -> operator*,m1353_cxx_arith_swap_operator_mul,OK,07ecae287410f261,OK,SURVIVED,SURVIVED,NOT_RUN,NOT_RUN,,0,0,,0,1.810,,f12ad6f2a1736a40,
wavelet,ast_emitted,8c917736c8d65b15,cxx_arith_swap,haar_x.halide_generated.cpp,3404,38,operator+ -> operator-,m1352_cxx_arith_swap_operator_sub,OK,1ab7e96a6edb903b,OK,SURVIVED,SURVIVED,NOT_RUN,NOT_RUN,,0,0,,0,1.761,,f12ad6f2a1736a40,
wavelet,ast_emitted,a06615f6a49f433a,cxx_arith_swap,haar_x.halide_generated.cpp,3406,25,operator- -> operator/,m1360_cxx_arith_swap_operator_div,OK,c942fa4b974cdc08,OK,KILLED,NOT_RUN,NOT_RUN,NOT_RUN,test1_demo,1,1,killed,-8,0.149,,<missing>,"golden driver exited -8, wrote no artifact -- test1 kill only"
wavelet,ast_emitted,c61e480261b44465,cxx_arith_swap,haar_x.halide_generated.cpp,3405,24,operator* -> operator+,m1355_cxx_arith_swap_operator_add,OK,f972ae0135350678,OK,SURVIVED,SURVIVED,NOT_RUN,NOT_RUN,,0,0,,0,1.823,,f12ad6f2a1736a40,
wavelet,ast_emitted,7dc183370449a64d,cxx_arith_swap,haar_x.halide_generated.cpp,3405,24,operator* -> operator-,m1356_cxx_arith_swap_operator_sub,OK,6f17f81dcc2ff158,OK,SURVIVED,SURVIVED,NOT_RUN,NOT_RUN,,0,0,,0,1.360,,f12ad6f2a1736a40,
wavelet,ast_emitted,aa6d421b15e2b2f6,cxx_arith_swap,haar_x.halide_generated.cpp,3407,24,operator* -> operator+,m1361_cxx_arith_swap_operator_add,OK,5018253e11b70e5c,OK,SURVIVED,SURVIVED,NOT_RUN,NOT_RUN,,0,0,,0,0.835,,f12ad6f2a1736a40,
wavelet,ast_emitted,5378eaa258a60e0c,cxx_arith_swap,haar_x.halide_generated.cpp,3406,25,operator- -> operator+,m1358_cxx_arith_swap_operator_add,OK,0c474574b8760995,OK,SURVIVED,SURVIVED,NOT_RUN,NOT_RUN,,0,0,,0,0.843,,f12ad6f2a1736a40,
wavelet,ast_emitted,63569165dd3cb800,cxx_arith_swap,haar_x.halide_generated.cpp,3407,24,operator* -> operator-,m1362_cxx_arith_swap_operator_sub,OK,5238c98738ccaba2,OK,SURVIVED,SURVIVED,NOT_RUN,NOT_RUN,,0,0,,0,0.990,,f12ad6f2a1736a40,
wavelet,ast_emitted,5e07c84f4f045bf0,cxx_arith_swap,haar_x.halide_generated.cpp,3406,25,operator- -> operator*,m1359_cxx_arith_swap_operator_mul,OK,c037097551de1ab6,OK,SURVIVED,SURVIVED,NOT_RUN,NOT_RUN,,0,0,,0,2.225,,f12ad6f2a1736a40,
wavelet,ast_emitted,76e4aacca62afc62,cxx_arith_swap,haar_x.halide_generated.cpp,3407,24,operator* -> operator/,m1363_cxx_arith_swap_operator_div,OK,94b03f902465b3df,OK,SURVIVED,SURVIVED,NOT_RUN,NOT_RUN,,0,0,,0,0.834,,f12ad6f2a1736a40,
wavelet,ast_emitted,3ab18696c3f752f9,cxx_arith_swap,haar_x.halide_generated.cpp,3408,25,operator+ -> operator-,m1364_cxx_arith_swap_operator_sub,OK,8368832a4a7bc17c,OK,SURVIVED,SURVIVED,NOT_RUN,NOT_RUN,,0,0,,0,1.807,,f12ad6f2a1736a40,
wavelet,ast_emitted,e48017730ec601a3,cxx_arith_swap,haar_x.halide_generated.cpp,3409,25,operator* -> operator/,m1369_cxx_arith_swap_operator_div,OK,d848527939e31ef7,OK,SURVIVED,SURVIVED,NOT_RUN,NOT_RUN,,0,0,,0,0.834,,f12ad6f2a1736a40,
wavelet,ast_emitted,86150de64176215f,cxx_arith_swap,haar_x.halide_generated.cpp,3408,25,operator+ -> operator*,m1365_cxx_arith_swap_operator_mul,OK,693b77640b778eef,OK,SURVIVED,SURVIVED,NOT_RUN,NOT_RUN,,0,0,,0,2.178,,f12ad6f2a1736a40,
wavelet,ast_emitted,0f836ebc5fe9870b,cxx_arith_swap,haar_x.halide_generated.cpp,3409,25,operator* -> operator-,m1368_cxx_arith_swap_operator_sub,OK,36a2140dfbd8bfa7,OK,SURVIVED,SURVIVED,NOT_RUN,NOT_RUN,,0,0,,0,0.883,,f12ad6f2a1736a40,
wavelet,ast_emitted,9d83858b005ea6bd,cxx_arith_swap,haar_x.halide_generated.cpp,3408,25,operator+ -> operator/,m1366_cxx_arith_swap_operator_div,OK,693b77640b778eef,OK,SURVIVED,SURVIVED,NOT_RUN,NOT_RUN,,0,0,,0,1.769,,f12ad6f2a1736a40,
wavelet,ast_emitted,e7564c91973a5736,cxx_arith_swap,haar_x.halide_generated.cpp,3409,25,operator* -> operator+,m1367_cxx_arith_swap_operator_add,OK,aa0f13e49ed4171b,OK,SURVIVED,SURVIVED,NOT_RUN,NOT_RUN,,0,0,,0,1.941,,f12ad6f2a1736a40,
wavelet,ast_emitted,3845aec5d2f6c3af,cxx_arith_swap,haar_x.halide_generated.cpp,3410,25,operator+ -> operator-,m1370_cxx_arith_swap_operator_sub,OK,662f5371ae7d823a,OK,SURVIVED,SURVIVED,NOT_RUN,NOT_RUN,,0,0,,0,0.843,,f12ad6f2a1736a40,
wavelet,ast_emitted,5420fc2e711d5667,cxx_arith_swap,haar_x.halide_generated.cpp,3410,25,operator+ -> operator*,m1371_cxx_arith_swap_operator_mul,OK,cdca252284dc8ece,OK,SURVIVED,SURVIVED,NOT_RUN,NOT_RUN,,0,0,,0,1.831,,f12ad6f2a1736a40,
wavelet,ast_emitted,590046e0dd26bb82,cxx_arith_swap,haar_x.halide_generated.cpp,3411,25,operator+ -> operator-,m1373_cxx_arith_swap_operator_sub,OK,c832dec3d93c7d81,OK,SURVIVED,SURVIVED,NOT_RUN,NOT_RUN,,0,0,,0,1.118,,f12ad6f2a1736a40,
wavelet,ast_emitted,5e6db52539034ec7,cxx_arith_swap,haar_x.halide_generated.cpp,3411,25,operator+ -> operator*,m1374_cxx_arith_swap_operator_mul,OK,1c53d1076007de29,OK,SURVIVED,SURVIVED,NOT_RUN,NOT_RUN,,0,0,,0,0.833,,f12ad6f2a1736a40,
wavelet,ast_emitted,9100580d1a73d5df,cxx_arith_swap,haar_x.halide_generated.cpp,3410,25,operator+ -> operator/,m1372_cxx_arith_swap_operator_div,OK,e2f9f0bdc5612bdb,OK,SURVIVED,SURVIVED,NOT_RUN,NOT_RUN,,0,0,,0,1.426,,f12ad6f2a1736a40,
wavelet,ast_emitted,5dd82879b3003a65,cxx_rel_swap,haar_x.halide_generated.cpp,3412,55,operator< -> operator<=,m1376_cxx_rel_swap_operator_lt_eq,OK,1a72c01b86e6143c,OK,SURVIVED,SURVIVED,NOT_RUN,NOT_RUN,,0,0,,0,1.737,,f12ad6f2a1736a40,
wavelet,ast_emitted,d222666cda501c2e,cxx_rel_swap,haar_x.halide_generated.cpp,3412,55,operator< -> operator>=,m1378_cxx_rel_swap_operator_gt_eq,OK,69c1f7511d1922f1,OK,KILLED,NOT_RUN,NOT_RUN,NOT_RUN,test1_demo,1,1,killed,-11,0.244,,<missing>,"golden driver exited -11, wrote no artifact -- test1 kill only"
wavelet,ast_emitted,f625208983d30cc7,cxx_arith_swap,haar_x.halide_generated.cpp,3411,25,operator+ -> operator/,m1375_cxx_arith_swap_operator_div,OK,5029dd3df16a53c8,OK,SURVIVED,SURVIVED,NOT_RUN,NOT_RUN,,0,0,,0,2.537,,f12ad6f2a1736a40,
wavelet,ast_emitted,087eb64f0afb84ea,cxx_rel_swap,haar_x.halide_generated.cpp,3412,55,operator< -> operator>,m1377_cxx_rel_swap_operator_gt,OK,540fa87532d90f30,OK,SURVIVED,SURVIVED,NOT_RUN,NOT_RUN,,0,0,,0,1.317,,f12ad6f2a1736a40,
wavelet,ast_emitted,936502bb298e40aa,cxx_rel_swap,haar_x.halide_generated.cpp,3412,55,operator< -> operator!=,m1380_cxx_rel_swap_operator_not_eq,OK,694d104ecadadc0e,OK,SURVIVED,SURVIVED,NOT_RUN,NOT_RUN,,0,0,,0,0.833,,f12ad6f2a1736a40,
wavelet,ast_emitted,a6cbf2b8c8f4655b,cxx_rel_swap,haar_x.halide_generated.cpp,3412,55,operator< -> operator==,m1379_cxx_rel_swap_operator_eq_eq,OK,77deb9eb082a43b1,OK,SURVIVED,SURVIVED,NOT_RUN,NOT_RUN,,0,0,,0,0.991,,f12ad6f2a1736a40,
wavelet,ast_emitted,1eb4f787b7f908c9,cxx_arith_swap,haar_x.halide_generated.cpp,3412,59,operator+ -> operator*,m1382_cxx_arith_swap_operator_mul,OK,576f447ea9ab7dac,OK,SURVIVED,SURVIVED,NOT_RUN,NOT_RUN,,0,0,,0,1.008,,f12ad6f2a1736a40,
wavelet,ast_emitted,5131855161019199,cxx_arith_swap,haar_x.halide_generated.cpp,3412,59,operator+ -> operator/,m1383_cxx_arith_swap_operator_div,OK,576f447ea9ab7dac,OK,SURVIVED,SURVIVED,NOT_RUN,NOT_RUN,,0,0,,0,0.880,,f12ad6f2a1736a40,
wavelet,ast_emitted,9e2088e47cd83c68,cxx_arith_swap,haar_x.halide_generated.cpp,3414,39,operator+ -> operator*,m1385_cxx_arith_swap_operator_mul,OK,73bb3f62d29a7bbd,OK,SURVIVED,SURVIVED,NOT_RUN,NOT_RUN,,0,0,,0,0.838,,f12ad6f2a1736a40,
wavelet,ast_emitted,56caa92d1e6a0e2b,cxx_arith_swap,haar_x.halide_generated.cpp,3412,59,operator+ -> operator-,m1381_cxx_arith_swap_operator_sub,OK,66f27c07c3f15411,OK,SURVIVED,SURVIVED,NOT_RUN,NOT_RUN,,0,0,,0,2.123,,f12ad6f2a1736a40,
wavelet,ast_emitted,5aec30c407d1d720,cxx_arith_swap,haar_x.halide_generated.cpp,3414,39,operator+ -> operator/,m1386_cxx_arith_swap_operator_div,OK,035eb96403c4e798,OK,SURVIVED,SURVIVED,NOT_RUN,NOT_RUN,,0,0,,0,0.834,,f12ad6f2a1736a40,
wavelet,ast_emitted,9aa2f2805fe7a612,cxx_arith_swap,haar_x.halide_generated.cpp,3414,39,operator+ -> operator-,m1384_cxx_arith_swap_operator_sub,OK,f812d516601674b8,OK,SURVIVED,SURVIVED,NOT_RUN,NOT_RUN,,0,0,,0,0.839,,f12ad6f2a1736a40,
wavelet,ast_emitted,dd5815df8d506a4a,cxx_arith_swap,haar_x.halide_generated.cpp,3415,26,operator* -> operator+,m1387_cxx_arith_swap_operator_add,OK,a1ae7e8e8d964086,OK,SURVIVED,SURVIVED,NOT_RUN,NOT_RUN,,0,0,,0,1.454,,f12ad6f2a1736a40,
wavelet,ast_emitted,14d9ba0403aa93c1,cxx_arith_swap,haar_x.halide_generated.cpp,3416,26,operator+ -> operator*,m1391_cxx_arith_swap_operator_mul,OK,5a933ea082e0c02d,OK,SURVIVED,SURVIVED,NOT_RUN,NOT_RUN,,0,0,,0,0.865,,f12ad6f2a1736a40,
wavelet,ast_emitted,acbbc87fca1815d2,cxx_arith_swap,haar_x.halide_generated.cpp,3415,26,operator* -> operator-,m1388_cxx_arith_swap_operator_sub,OK,ca104705b2e910fb,OK,SURVIVED,SURVIVED,NOT_RUN,NOT_RUN,,0,0,,0,0.838,,f12ad6f2a1736a40,
wavelet,ast_emitted,86fb1a77a31b13c2,cxx_arith_swap,haar_x.halide_generated.cpp,3415,26,operator* -> operator/,m1389_cxx_arith_swap_operator_div,OK,ab1ffc19a8ea68ef,OK,SURVIVED,SURVIVED,NOT_RUN,NOT_RUN,,0,0,,0,2.297,,f12ad6f2a1736a40,
wavelet,ast_emitted,a6d7cf4f96d49f4c,cxx_arith_swap,haar_x.halide_generated.cpp,3416,26,operator+ -> operator/,m1392_cxx_arith_swap_operator_div,OK,5a933ea082e0c02d,OK,SURVIVED,SURVIVED,NOT_RUN,NOT_RUN,,0,0,,0,1.486,,f12ad6f2a1736a40,
wavelet,ast_emitted,d707bf3a0197b817,cxx_arith_swap,haar_x.halide_generated.cpp,3416,26,operator+ -> operator-,m1390_cxx_arith_swap_operator_sub,OK,d832c6f3fc5b54a5,OK,SURVIVED,SURVIVED,NOT_RUN,NOT_RUN,,0,0,,0,2.340,,f12ad6f2a1736a40,
wavelet,ast_emitted,53457538fb5c7513,cxx_arith_swap,haar_x.halide_generated.cpp,3419,26,operator+ -> operator-,m1393_cxx_arith_swap_operator_sub,OK,52f143042b5fb766,OK,SURVIVED,SURVIVED,NOT_RUN,NOT_RUN,,0,0,,0,1.416,,f12ad6f2a1736a40,
wavelet,ast_emitted,2ff4952dd7854fc7,cxx_arith_swap,haar_x.halide_generated.cpp,3419,26,operator+ -> operator/,m1395_cxx_arith_swap_operator_div,OK,4c2350906865ea5e,OK,SURVIVED,SURVIVED,NOT_RUN,NOT_RUN,,0,0,,0,1.690,,f12ad6f2a1736a40,
wavelet,ast_emitted,cccdf9ca4f33b655,cxx_arith_swap,haar_x.halide_generated.cpp,3421,26,operator+ -> operator-,m1396_cxx_arith_swap_operator_sub,OK,46a435a246a04052,OK,SURVIVED,SURVIVED,NOT_RUN,NOT_RUN,,0,0,,0,1.268,,f12ad6f2a1736a40,
wavelet,ast_emitted,c0ee38bb0fcaa151,cxx_arith_swap,haar_x.halide_generated.cpp,3421,26,operator+ -> operator/,m1398_cxx_arith_swap_operator_div,OK,8a4d1b2fdc121480,OK,SURVIVED,SURVIVED,NOT_RUN,NOT_RUN,,0,0,,0,0.835,,f12ad6f2a1736a40,
wavelet,ast_emitted,0c782ef5cd7d9564,cxx_arith_swap,haar_x.halide_generated.cpp,3419,26,operator+ -> operator*,m1394_cxx_arith_swap_operator_mul,OK,1e569085ad7a4787,OK,SURVIVED,SURVIVED,NOT_RUN,NOT_RUN,,0,0,,0,1.565,,f12ad6f2a1736a40,
wavelet,ast_emitted,46a3dfbee52ea351,cxx_arith_swap,haar_x.halide_generated.cpp,3421,26,operator+ -> operator*,m1397_cxx_arith_swap_operator_mul,OK,3da2de3634c15387,OK,SURVIVED,SURVIVED,NOT_RUN,NOT_RUN,,0,0,,0,0.869,,f12ad6f2a1736a40,
wavelet,ast_emitted,ae886a30e7ac84f0,cxx_arith_swap,haar_x.halide_generated.cpp,3423,26,operator+ -> operator*,m1400_cxx_arith_swap_operator_mul,OK,db7c987bb09553b8,OK,SURVIVED,SURVIVED,NOT_RUN,NOT_RUN,,0,0,,0,0.839,,f12ad6f2a1736a40,
wavelet,ast_emitted,057def244f802fab,cxx_arith_swap,haar_x.halide_generated.cpp,3423,26,operator+ -> operator-,m1399_cxx_arith_swap_operator_sub,OK,09451f3119cb5637,OK,SURVIVED,SURVIVED,NOT_RUN,NOT_RUN,,0,0,,0,0.856,,f12ad6f2a1736a40,
wavelet,ast_emitted,f157c072c8b55a70,cxx_arith_swap,haar_x.halide_generated.cpp,3423,26,operator+ -> operator/,m1401_cxx_arith_swap_operator_div,OK,db7c987bb09553b8,OK,SURVIVED,SURVIVED,NOT_RUN,NOT_RUN,,0,0,,0,0.834,,f12ad6f2a1736a40,
wavelet,ast_emitted,4938095f7d0fbca2,cxx_arith_swap,haar_x.halide_generated.cpp,3425,26,operator+ -> operator*,m1403_cxx_arith_swap_operator_mul,OK,4e4329008ee2cba1,OK,SURVIVED,SURVIVED,NOT_RUN,NOT_RUN,,0,0,,0,0.938,,f12ad6f2a1736a40,
wavelet,ast_emitted,540d314da76049f9,cxx_arith_swap,haar_x.halide_generated.cpp,3427,24,operator+ -> operator-,m1405_cxx_arith_swap_operator_sub,OK,21fcfbab17133431,OK,SURVIVED,SURVIVED,NOT_RUN,NOT_RUN,,0,0,,0,0.865,,f12ad6f2a1736a40,
wavelet,ast_emitted,8f133f0c1146a2a6,cxx_arith_swap,haar_x.halide_generated.cpp,3425,26,operator+ -> operator/,m1404_cxx_arith_swap_operator_div,OK,a14bc8f6b592242c,OK,SURVIVED,SURVIVED,NOT_RUN,NOT_RUN,,0,0,,0,1.847,,f12ad6f2a1736a40,
wavelet,ast_emitted,811ad9a77f3f9bd3,cxx_arith_swap,haar_x.halide_generated.cpp,3425,26,operator+ -> operator-,m1402_cxx_arith_swap_operator_sub,OK,1f0beaf128c780fe,OK,SURVIVED,SURVIVED,NOT_RUN,NOT_RUN,,0,0,,0,1.475,,f12ad6f2a1736a40,
wavelet,ast_emitted,7e0190a8de480c3d,cxx_arith_swap,haar_x.halide_generated.cpp,3427,24,operator+ -> operator*,m1406_cxx_arith_swap_operator_mul,OK,354fad4adf773942,OK,SURVIVED,SURVIVED,NOT_RUN,NOT_RUN,,0,0,,0,0.903,,f12ad6f2a1736a40,
wavelet,ast_emitted,054a3424f7eea271,cxx_arith_swap,haar_x.halide_generated.cpp,3428,24,operator- -> operator+,m1408_cxx_arith_swap_operator_add,OK,471d60333c586836,OK,SURVIVED,SURVIVED,NOT_RUN,NOT_RUN,,0,0,,0,1.284,,f12ad6f2a1736a40,
wavelet,ast_emitted,eb2ee1430faa7e26,cxx_arith_swap,haar_x.halide_generated.cpp,3428,24,operator- -> operator*,m1409_cxx_arith_swap_operator_mul,OK,c324d6ab346e47cd,OK,SURVIVED,SURVIVED,NOT_RUN,NOT_RUN,,0,0,,0,0.842,,f12ad6f2a1736a40,
wavelet,ast_emitted,e6445b9271822ad6,cxx_rel_swap,haar_x.halide_generated.cpp,3430,23,operator== -> operator<,m1414_cxx_rel_swap_operator_lt,OK,b7ba2cf0fe3e4fcb,OK,NOT_RUN,NOT_RUN,NOT_RUN,NOT_RUN,,0,1,equivalent_tce,,,,,bit-identical machine code at -O2: no test can distinguish it
wavelet,ast_emitted,cbfd5f8ed184863b,cxx_arith_swap,haar_x.halide_generated.cpp,3427,24,operator+ -> operator/,m1407_cxx_arith_swap_operator_div,OK,446b9f699ee5aa21,OK,SURVIVED,SURVIVED,NOT_RUN,NOT_RUN,,0,0,,0,1.724,,f12ad6f2a1736a40,
wavelet,ast_emitted,a93a3004484f61cf,cxx_arith_swap,haar_x.halide_generated.cpp,3428,24,operator- -> operator/,m1410_cxx_arith_swap_operator_div,OK,2ea686a1317c9568,OK,SURVIVED,SURVIVED,NOT_RUN,NOT_RUN,,0,0,,0,0.840,,f12ad6f2a1736a40,
wavelet,ast_emitted,6e69240e573b25f4,cxx_rel_swap,haar_x.halide_generated.cpp,3430,23,operator== -> operator>,m1416_cxx_rel_swap_operator_gt,OK,b7ba2cf0fe3e4fcb,OK,NOT_RUN,NOT_RUN,NOT_RUN,NOT_RUN,,0,1,equivalent_tce,,,,,bit-identical machine code at -O2: no test can distinguish it
wavelet,ast_emitted,b7c4c6b742f41150,cxx_arith_swap,haar_x.halide_generated.cpp,3429,26,operator+ -> operator*,m1412_cxx_arith_swap_operator_mul,OK,1e719ca10773ceaa,OK,SURVIVED,SURVIVED,NOT_RUN,NOT_RUN,,0,0,,0,0.836,,f12ad6f2a1736a40,
wavelet,ast_emitted,6780ad2003c0962f,cxx_rel_swap,haar_x.halide_generated.cpp,3430,23,operator== -> operator<=,m1415_cxx_rel_swap_operator_lt_eq,OK,b7ba2cf0fe3e4fcb,OK,NOT_RUN,NOT_RUN,NOT_RUN,NOT_RUN,,0,1,equivalent_tce,,,,,bit-identical machine code at -O2: no test can distinguish it
wavelet,ast_emitted,b3ba72b1768431c7,cxx_rel_swap,haar_x.halide_generated.cpp,3430,23,operator== -> operator>=,m1417_cxx_rel_swap_operator_gt_eq,OK,b7ba2cf0fe3e4fcb,OK,NOT_RUN,NOT_RUN,NOT_RUN,NOT_RUN,,0,1,equivalent_tce,,,,,bit-identical machine code at -O2: no test can distinguish it
wavelet,ast_emitted,79c325e0a0b5afff,cxx_rel_swap,haar_x.halide_generated.cpp,3430,23,operator== -> operator!=,m1418_cxx_rel_swap_operator_not_eq,OK,b7ba2cf0fe3e4fcb,OK,NOT_RUN,NOT_RUN,NOT_RUN,NOT_RUN,,0,1,equivalent_tce,,,,,bit-identical machine code at -O2: no test can distinguish it
wavelet,ast_emitted,7be3c4c69cd18c77,cxx_arith_swap,haar_x.halide_generated.cpp,3429,26,operator+ -> operator-,m1411_cxx_arith_swap_operator_sub,OK,3806ed768f0810b1,OK,SURVIVED,SURVIVED,NOT_RUN,NOT_RUN,,0,0,,0,1.949,,f12ad6f2a1736a40,
wavelet,ast_emitted,f33bab5021e96a6d,cxx_arith_swap,haar_x.halide_generated.cpp,3429,26,operator+ -> operator/,m1413_cxx_arith_swap_operator_div,OK,1e719ca10773ceaa,OK,SURVIVED,SURVIVED,NOT_RUN,NOT_RUN,,0,0,,0,1.070,,f12ad6f2a1736a40,
wavelet,ast_emitted,d5f076da5be8d383,cxx_rel_swap,haar_x.halide_generated.cpp,3432,23,operator== -> operator>,m1421_cxx_rel_swap_operator_gt,OK,769e90fb327c4284,OK,SURVIVED,SURVIVED,NOT_RUN,NOT_RUN,,0,0,,0,0.840,,f12ad6f2a1736a40,
wavelet,ast_emitted,a4d12f9682669053,cxx_rel_swap,haar_x.halide_generated.cpp,3432,23,operator== -> operator<,m1419_cxx_rel_swap_operator_lt,OK,7a061e8ba43b020c,OK,SURVIVED,SURVIVED,NOT_RUN,NOT_RUN,,0,0,,0,1.239,,f12ad6f2a1736a40,
wavelet,ast_emitted,b1fc3335f77726fb,cxx_rel_swap,haar_x.halide_generated.cpp,3432,23,operator== -> operator>=,m1422_cxx_rel_swap_operator_gt_eq,OK,88c57233cf2cc661,OK,SURVIVED,SURVIVED,NOT_RUN,NOT_RUN,,0,0,,0,0.857,,f12ad6f2a1736a40,
wavelet,ast_emitted,e3c02bdb9569e92d,cxx_rel_swap,haar_x.halide_generated.cpp,3432,23,operator== -> operator<=,m1420_cxx_rel_swap_operator_lt_eq,OK,a0f30bd27b2348f5,OK,SURVIVED,SURVIVED,NOT_RUN,NOT_RUN,,0,0,,0,2.196,,f12ad6f2a1736a40,
wavelet,ast_emitted,dbd9dff76e3fc831,cxx_rel_swap,haar_x.halide_generated.cpp,3432,23,operator== -> operator!=,m1423_cxx_rel_swap_operator_not_eq,OK,cfac9cb74f12dd2d,OK,SURVIVED,SURVIVED,NOT_RUN,NOT_RUN,,0,0,,0,1.288,,f12ad6f2a1736a40,
wavelet,ast_emitted,e42ef9a90e49d745,cxx_arith_swap,haar_x.halide_generated.cpp,3436,24,operator* -> operator+,m1424_cxx_arith_swap_operator_add,OK,8760006a6b62a85b,OK,SURVIVED,SURVIVED,NOT_RUN,NOT_RUN,,0,0,,0,0.841,,f12ad6f2a1736a40,
wavelet,ast_emitted,c1dad3a4713664f8,cxx_arith_swap,haar_x.halide_generated.cpp,3436,24,operator* -> operator/,m1426_cxx_arith_swap_operator_div,OK,04b8103e1ad41ef2,OK,SURVIVED,SURVIVED,NOT_RUN,NOT_RUN,,0,0,,0,1.367,,f12ad6f2a1736a40,
wavelet,ast_emitted,8f2ce174505a52a8,cxx_arith_swap,haar_x.halide_generated.cpp,3437,39,operator+ -> operator*,m1428_cxx_arith_swap_operator_mul,OK,ad97cd9cd252f15a,OK,SURVIVED,SURVIVED,NOT_RUN,NOT_RUN,,0,0,,0,1.192,,f12ad6f2a1736a40,
wavelet,ast_emitted,d15c962f3f92c292,cxx_arith_swap,haar_x.halide_generated.cpp,3436,24,operator* -> operator-,m1425_cxx_arith_swap_operator_sub,OK,67c0c29c637b1ac1,OK,SURVIVED,SURVIVED,NOT_RUN,NOT_RUN,,0,0,,0,0.834,,f12ad6f2a1736a40,
wavelet,ast_emitted,d2e9e402a75a6189,cxx_arith_swap,haar_x.halide_generated.cpp,3437,39,operator+ -> operator/,m1429_cxx_arith_swap_operator_div,OK,34cd4b209033c5d8,OK,SURVIVED,SURVIVED,NOT_RUN,NOT_RUN,,0,0,,0,2.096,,f12ad6f2a1736a40,
wavelet,ast_emitted,20291bdc5969dd07,cxx_arith_swap,haar_x.halide_generated.cpp,3437,39,operator+ -> operator-,m1427_cxx_arith_swap_operator_sub,OK,423828d6f43f20d8,OK,SURVIVED,SURVIVED,NOT_RUN,NOT_RUN,,0,0,,0,2.138,,f12ad6f2a1736a40,
wavelet,ast_emitted,690c09b4f12eb4da,cxx_arith_swap,haar_x.halide_generated.cpp,3441,24,operator- -> operator*,m1431_cxx_arith_swap_operator_mul,OK,b28ba2c91893f3d4,OK,KILLED,NOT_RUN,NOT_RUN,NOT_RUN,test1_demo,1,1,killed,-11,0.199,,<missing>,"golden driver exited -11, wrote no artifact -- test1 kill only"
wavelet,ast_emitted,b4d3732f4327001e,cxx_arith_swap,haar_x.halide_generated.cpp,3441,24,operator- -> operator/,m1432_cxx_arith_swap_operator_div,OK,6e10fb0b8fcb1acc,OK,SURVIVED,SURVIVED,NOT_RUN,NOT_RUN,,0,0,,0,0.839,,f12ad6f2a1736a40,
wavelet,ast_emitted,66723cf4a2a51182,cxx_arith_swap,haar_x.halide_generated.cpp,3442,23,operator+ -> operator/,m1435_cxx_arith_swap_operator_div,OK,26e23f040ef42119,OK,SURVIVED,SURVIVED,NOT_RUN,NOT_RUN,,0,0,,0,0.833,,f12ad6f2a1736a40,
wavelet,ast_emitted,d347742bc05bf9d7,cxx_arith_swap,haar_x.halide_generated.cpp,3441,24,operator- -> operator+,m1430_cxx_arith_swap_operator_add,OK,5582a22a5ad618b6,OK,SURVIVED,SURVIVED,NOT_RUN,NOT_RUN,,0,0,,0,2.308,,f12ad6f2a1736a40,
wavelet,ast_emitted,047c4db6783b054c,cxx_rel_swap,haar_x.halide_generated.cpp,3443,54,operator< -> operator>=,m1438_cxx_rel_swap_operator_gt_eq,OK,852d7f18c30cfac0,OK,KILLED,NOT_RUN,NOT_RUN,NOT_RUN,test1_demo,1,1,killed,-11,0.195,,<missing>,"golden driver exited -11, wrote no artifact -- test1 kill only"
wavelet,ast_emitted,d06719d09ca3986a,cxx_arith_swap,haar_x.halide_generated.cpp,3442,23,operator+ -> operator-,m1433_cxx_arith_swap_operator_sub,OK,97ade49f86757dab,OK,SURVIVED,SURVIVED,NOT_RUN,NOT_RUN,,0,0,,0,1.943,,f12ad6f2a1736a40,
wavelet,ast_emitted,d2afa14f7551d078,cxx_arith_swap,haar_x.halide_generated.cpp,3442,23,operator+ -> operator*,m1434_cxx_arith_swap_operator_mul,OK,c7a15f6e4812a4f2,OK,SURVIVED,SURVIVED,NOT_RUN,NOT_RUN,,0,0,,0,2.035,,f12ad6f2a1736a40,
wavelet,ast_emitted,aa81a05596fec464,cxx_rel_swap,haar_x.halide_generated.cpp,3443,54,operator< -> operator>,m1437_cxx_rel_swap_operator_gt,OK,757d761a60e3b390,OK,SURVIVED,SURVIVED,NOT_RUN,NOT_RUN,,0,0,,0,2.050,,f12ad6f2a1736a40,
wavelet,ast_emitted,095e30081e81239b,cxx_rel_swap,haar_x.halide_generated.cpp,3443,54,operator< -> operator==,m1439_cxx_rel_swap_operator_eq_eq,OK,630fad496aa26a6a,OK,SURVIVED,SURVIVED,NOT_RUN,NOT_RUN,,0,0,,0,0.835,,f12ad6f2a1736a40,
wavelet,ast_emitted,768883b24cc3c7ea,cxx_rel_swap,haar_x.halide_generated.cpp,3443,54,operator< -> operator<=,m1436_cxx_rel_swap_operator_lt_eq,OK,a31f5a6426836be3,OK,SURVIVED,SURVIVED,NOT_RUN,NOT_RUN,,0,0,,0,1.658,,f12ad6f2a1736a40,
wavelet,ast_emitted,7cefc271cc8fac9a,cxx_arith_swap,haar_x.halide_generated.cpp,3443,58,operator+ -> operator-,m1441_cxx_arith_swap_operator_sub,OK,85aaf0615d3ccb5d,OK,SURVIVED,SURVIVED,NOT_RUN,NOT_RUN,,0,0,,0,0.841,,f12ad6f2a1736a40,
wavelet,ast_emitted,20028bbe8604fa8f,cxx_rel_swap,haar_x.halide_generated.cpp,3443,54,operator< -> operator!=,m1440_cxx_rel_swap_operator_not_eq,OK,e1920439774fe2d4,OK,SURVIVED,SURVIVED,NOT_RUN,NOT_RUN,,0,0,,0,1.291,,f12ad6f2a1736a40,
wavelet,ast_emitted,6fd36adb7e05f2f9,cxx_arith_swap,haar_x.halide_generated.cpp,3445,38,operator+ -> operator/,m1446_cxx_arith_swap_operator_div,OK,2b4ddcab23b1add0,OK,SURVIVED,SURVIVED,NOT_RUN,NOT_RUN,,0,0,,0,0.834,,f12ad6f2a1736a40,
wavelet,ast_emitted,11497102c664b169,cxx_arith_swap,haar_x.halide_generated.cpp,3443,58,operator+ -> operator*,m1442_cxx_arith_swap_operator_mul,OK,1d5160aaa7efe635,OK,SURVIVED,SURVIVED,NOT_RUN,NOT_RUN,,0,0,,0,0.856,,f12ad6f2a1736a40,
wavelet,ast_emitted,7a75d943bc039382,cxx_arith_swap,haar_x.halide_generated.cpp,3445,38,operator+ -> operator*,m1445_cxx_arith_swap_operator_mul,OK,316d0af1feb30a88,OK,SURVIVED,SURVIVED,NOT_RUN,NOT_RUN,,0,0,,0,1.115,,f12ad6f2a1736a40,
wavelet,ast_emitted,38405c6b8fee7091,cxx_arith_swap,haar_x.halide_generated.cpp,3445,38,operator+ -> operator-,m1444_cxx_arith_swap_operator_sub,OK,1af958e2dd7f5830,OK,SURVIVED,SURVIVED,NOT_RUN,NOT_RUN,,0,0,,0,1.473,,f12ad6f2a1736a40,
wavelet,ast_emitted,1e7a203692162f31,cxx_arith_swap,haar_x.halide_generated.cpp,3446,25,operator+ -> operator-,m1447_cxx_arith_swap_operator_sub,OK,8567cf48d94e20ca,OK,SURVIVED,SURVIVED,NOT_RUN,NOT_RUN,,0,0,,0,0.838,,f12ad6f2a1736a40,
wavelet,ast_emitted,3f31da1bbe24f27a,cxx_arith_swap,haar_x.halide_generated.cpp,3443,58,operator+ -> operator/,m1443_cxx_arith_swap_operator_div,OK,1d5160aaa7efe635,OK,SURVIVED,SURVIVED,NOT_RUN,NOT_RUN,,0,0,,0,2.093,,f12ad6f2a1736a40,
wavelet,ast_emitted,0c4e48554e8703a1,cxx_arith_swap,haar_x.halide_generated.cpp,3446,25,operator+ -> operator/,m1449_cxx_arith_swap_operator_div,OK,e3c3098ea69492c1,OK,SURVIVED,SURVIVED,NOT_RUN,NOT_RUN,,0,0,,0,1.002,,f12ad6f2a1736a40,
wavelet,ast_emitted,9c484de3ad09d319,cxx_arith_swap,haar_x.halide_generated.cpp,3446,25,operator+ -> operator*,m1448_cxx_arith_swap_operator_mul,OK,e3c3098ea69492c1,OK,SURVIVED,SURVIVED,NOT_RUN,NOT_RUN,,0,0,,0,0.882,,f12ad6f2a1736a40,
wavelet,ast_emitted,6e3b7d8168377fae,cxx_arith_swap,haar_x.halide_generated.cpp,3449,24,operator* -> operator+,m1450_cxx_arith_swap_operator_add,OK,fed1cf51fdb66be5,OK,SURVIVED,SURVIVED,NOT_RUN,NOT_RUN,,0,0,,0,1.205,,f12ad6f2a1736a40,
wavelet,ast_emitted,f25f320af0d22f5f,cxx_arith_swap,haar_x.halide_generated.cpp,3450,25,operator+ -> operator-,m1453_cxx_arith_swap_operator_sub,OK,250840ebc011b44e,OK,SURVIVED,SURVIVED,NOT_RUN,NOT_RUN,,0,0,,0,0.961,,f12ad6f2a1736a40,
wavelet,ast_emitted,d8f62e4021c8f4a9,cxx_arith_swap,haar_x.halide_generated.cpp,3449,24,operator* -> operator-,m1451_cxx_arith_swap_operator_sub,OK,f4ab89bca5669062,OK,SURVIVED,SURVIVED,NOT_RUN,NOT_RUN,,0,0,,0,1.165,,f12ad6f2a1736a40,
wavelet,ast_emitted,6b5be2ddf9ea8433,cxx_arith_swap,haar_x.halide_generated.cpp,3449,24,operator* -> operator/,m1452_cxx_arith_swap_operator_div,OK,b3f4a5e8d3acbca2,OK,SURVIVED,SURVIVED,NOT_RUN,NOT_RUN,,0,0,,0,1.172,,f12ad6f2a1736a40,
wavelet,ast_emitted,61301cae90f55d71,cxx_arith_swap,haar_x.halide_generated.cpp,3450,25,operator+ -> operator*,m1454_cxx_arith_swap_operator_mul,OK,a8825c49d2664902,OK,SURVIVED,SURVIVED,NOT_RUN,NOT_RUN,,0,0,,0,0.845,,f12ad6f2a1736a40,
wavelet,ast_emitted,3b4b75ed5ed96972,cxx_arith_swap,haar_x.halide_generated.cpp,3451,25,operator* -> operator-,m1457_cxx_arith_swap_operator_sub,OK,4aeb240cbae84c16,OK,SURVIVED,SURVIVED,NOT_RUN,NOT_RUN,,0,0,,0,1.621,,f12ad6f2a1736a40,
wavelet,ast_emitted,61d4e9825461bc9a,cxx_arith_swap,haar_x.halide_generated.cpp,3450,25,operator+ -> operator/,m1455_cxx_arith_swap_operator_div,OK,a8825c49d2664902,OK,SURVIVED,SURVIVED,NOT_RUN,NOT_RUN,,0,0,,0,1.603,,f12ad6f2a1736a40,
wavelet,ast_emitted,ebff7b4d5eb8ebc1,cxx_arith_swap,haar_x.halide_generated.cpp,3452,25,operator+ -> operator-,m1459_cxx_arith_swap_operator_sub,OK,900b765e26e93225,OK,SURVIVED,SURVIVED,NOT_RUN,NOT_RUN,,0,0,,0,0.838,,f12ad6f2a1736a40,
wavelet,ast_emitted,4fd42b7e248e7a8d,cxx_arith_swap,haar_x.halide_generated.cpp,3451,25,operator* -> operator+,m1456_cxx_arith_swap_operator_add,OK,c06bb30a4f2d1bc6,OK,SURVIVED,SURVIVED,NOT_RUN,NOT_RUN,,0,0,,0,1.161,,f12ad6f2a1736a40,
wavelet,ast_emitted,5884edb9c9502a18,cxx_arith_swap,haar_x.halide_generated.cpp,3451,25,operator* -> operator/,m1458_cxx_arith_swap_operator_div,OK,a0708fd2da7011b4,OK,SURVIVED,SURVIVED,NOT_RUN,NOT_RUN,,0,0,,0,2.083,,f12ad6f2a1736a40,
wavelet,ast_emitted,8abf0cefd32892c7,cxx_arith_swap,haar_x.halide_generated.cpp,3452,25,operator+ -> operator*,m1460_cxx_arith_swap_operator_mul,OK,e0303f909df763aa,OK,SURVIVED,SURVIVED,NOT_RUN,NOT_RUN,,0,0,,0,2.030,,f12ad6f2a1736a40,
wavelet,ast_emitted,81fa22362c8d2687,cxx_arith_swap,haar_x.halide_generated.cpp,3452,25,operator+ -> operator/,m1461_cxx_arith_swap_operator_div,OK,edfdf2d23a78f3eb,OK,SURVIVED,SURVIVED,NOT_RUN,NOT_RUN,,0,0,,0,1.044,,f12ad6f2a1736a40,
wavelet,ast_emitted,494053ab51566c4f,cxx_rel_swap,haar_x.halide_generated.cpp,3454,55,operator< -> operator<=,m1465_cxx_rel_swap_operator_lt_eq,OK,a4be3d38bf2f47f8,OK,SURVIVED,SURVIVED,NOT_RUN,NOT_RUN,,0,0,,0,0.838,,f12ad6f2a1736a40,
wavelet,ast_emitted,486f14daa21a57b9,cxx_arith_swap,haar_x.halide_generated.cpp,3453,25,operator+ -> operator-,m1462_cxx_arith_swap_operator_sub,OK,1eb0ea3a9ae104a9,OK,SURVIVED,SURVIVED,NOT_RUN,NOT_RUN,,0,0,,0,1.741,,f12ad6f2a1736a40,
wavelet,ast_emitted,a61c21fce9a69582,cxx_arith_swap,haar_x.halide_generated.cpp,3453,25,operator+ -> operator*,m1463_cxx_arith_swap_operator_mul,OK,1445fb4a4e392b67,OK,SURVIVED,SURVIVED,NOT_RUN,NOT_RUN,,0,0,,0,1.793,,f12ad6f2a1736a40,
wavelet,ast_emitted,026b9e20002bb46a,cxx_rel_swap,haar_x.halide_generated.cpp,3454,55,operator< -> operator>,m1466_cxx_rel_swap_operator_gt,OK,1d5160aaa7efe635,OK,SURVIVED,SURVIVED,NOT_RUN,NOT_RUN,,0,0,,0,0.944,,f12ad6f2a1736a40,
wavelet,ast_emitted,3cba39a323feb991,cxx_rel_swap,haar_x.halide_generated.cpp,3454,55,operator< -> operator!=,m1469_cxx_rel_swap_operator_not_eq,OK,b7ba2cf0fe3e4fcb,OK,NOT_RUN,NOT_RUN,NOT_RUN,NOT_RUN,,0,1,equivalent_tce,,,,,bit-identical machine code at -O2: no test can distinguish it
wavelet,ast_emitted,3d4b6a6e69a59302,cxx_arith_swap,haar_x.halide_generated.cpp,3453,25,operator+ -> operator/,m1464_cxx_arith_swap_operator_div,OK,3d08cb196de6fd68,OK,SURVIVED,SURVIVED,NOT_RUN,NOT_RUN,,0,0,,0,2.056,,f12ad6f2a1736a40,
wavelet,ast_emitted,16ec37edc9a35729,cxx_rel_swap,haar_x.halide_generated.cpp,3454,55,operator< -> operator>=,m1467_cxx_rel_swap_operator_gt_eq,OK,6472824d4b884447,OK,SURVIVED,SURVIVED,NOT_RUN,NOT_RUN,,0,0,,0,0.842,,f12ad6f2a1736a40,
wavelet,ast_emitted,267f7f1086246bdb,cxx_arith_swap,haar_x.halide_generated.cpp,3454,59,operator+ -> operator-,m1470_cxx_arith_swap_operator_sub,OK,1d5160aaa7efe635,OK,SURVIVED,SURVIVED,NOT_RUN,NOT_RUN,,0,0,,0,0.835,,f12ad6f2a1736a40,
wavelet,ast_emitted,c6084fa8c7bca2c1,cxx_rel_swap,haar_x.halide_generated.cpp,3454,55,operator< -> operator==,m1468_cxx_rel_swap_operator_eq_eq,OK,ace76889383e2d7b,OK,SURVIVED,SURVIVED,NOT_RUN,NOT_RUN,,0,0,,0,0.843,,f12ad6f2a1736a40,
wavelet,ast_emitted,183f3a2f0d051c70,cxx_arith_swap,haar_x.halide_generated.cpp,3456,25,operator+ -> operator*,m1474_cxx_arith_swap_operator_mul,OK,1fecf0ea73f2abed,OK,SURVIVED,SURVIVED,NOT_RUN,NOT_RUN,,0,0,,0,0.832,,f12ad6f2a1736a40,
wavelet,ast_emitted,8e41a576843d3719,cxx_arith_swap,haar_x.halide_generated.cpp,3454,59,operator+ -> operator/,m1472_cxx_arith_swap_operator_div,OK,1d5160aaa7efe635,OK,SURVIVED,SURVIVED,NOT_RUN,NOT_RUN,,0,0,,0,0.841,,f12ad6f2a1736a40,
wavelet,ast_emitted,932e80c38c2227fa,cxx_arith_swap,haar_x.halide_generated.cpp,3456,25,operator+ -> operator-,m1473_cxx_arith_swap_operator_sub,OK,0a7bce7683efa1e5,OK,SURVIVED,SURVIVED,NOT_RUN,NOT_RUN,,0,0,,0,1.488,,f12ad6f2a1736a40,
wavelet,ast_emitted,d3e46d99cf495b11,cxx_arith_swap,haar_x.halide_generated.cpp,3456,25,operator+ -> operator/,m1475_cxx_arith_swap_operator_div,OK,22cac67ce8f173d5,OK,SURVIVED,SURVIVED,NOT_RUN,NOT_RUN,,0,0,,0,0.913,,f12ad6f2a1736a40,
wavelet,ast_emitted,d18843f560fc1174,cxx_arith_swap,haar_x.halide_generated.cpp,3454,59,operator+ -> operator*,m1471_cxx_arith_swap_operator_mul,OK,1d5160aaa7efe635,OK,SURVIVED,SURVIVED,NOT_RUN,NOT_RUN,,0,0,,0,1.990,,f12ad6f2a1736a40,
wavelet,ast_emitted,4e769dace157b6e1,cxx_arith_swap,haar_x.halide_generated.cpp,3457,26,operator* -> operator+,m1476_cxx_arith_swap_operator_add,OK,00f506a395c487f3,OK,SURVIVED,SURVIVED,NOT_RUN,NOT_RUN,,0,0,,0,1.381,,f12ad6f2a1736a40,
wavelet,ast_emitted,5ef7829ff01a6cc7,cxx_arith_swap,haar_x.halide_generated.cpp,3458,26,operator+ -> operator-,m1479_cxx_arith_swap_operator_sub,OK,11e964c898c18a25,OK,SURVIVED,SURVIVED,NOT_RUN,NOT_RUN,,0,0,,0,0.909,,f12ad6f2a1736a40,
wavelet,ast_emitted,549984ce9e1222c9,cxx_arith_swap,haar_x.halide_generated.cpp,3458,26,operator+ -> operator*,m1480_cxx_arith_swap_operator_mul,OK,162739f7fd9cea50,OK,SURVIVED,SURVIVED,NOT_RUN,NOT_RUN,,0,0,,0,1.239,,f12ad6f2a1736a40,
wavelet,ast_emitted,f0b8f36ae0b06bdf,cxx_arith_swap,haar_x.halide_generated.cpp,3457,26,operator* -> operator-,m1477_cxx_arith_swap_operator_sub,OK,42709240d941b7f8,OK,SURVIVED,SURVIVED,NOT_RUN,NOT_RUN,,0,0,,0,1.286,,f12ad6f2a1736a40,
wavelet,ast_emitted,1b05342407e220d7,cxx_arith_swap,haar_x.halide_generated.cpp,3457,26,operator* -> operator/,m1478_cxx_arith_swap_operator_div,OK,99ee9d19e05d9b37,OK,SURVIVED,SURVIVED,NOT_RUN,NOT_RUN,,0,0,,0,1.949,,f12ad6f2a1736a40,
wavelet,ast_emitted,62991ac0d1b6b6db,cxx_arith_swap,haar_x.halide_generated.cpp,3458,26,operator+ -> operator/,m1481_cxx_arith_swap_operator_div,OK,162739f7fd9cea50,OK,SURVIVED,SURVIVED,NOT_RUN,NOT_RUN,,0,0,,0,1.887,,f12ad6f2a1736a40,
wavelet,ast_emitted,ea669eb486028be7,cxx_arith_swap,haar_x.halide_generated.cpp,3461,25,operator* -> operator+,m1482_cxx_arith_swap_operator_add,OK,6f58ceb915db62e4,OK,SURVIVED,SURVIVED,NOT_RUN,NOT_RUN,,0,0,,0,1.417,,f12ad6f2a1736a40,
wavelet,ast_emitted,6f1b5f0fd5d3490b,cxx_arith_swap,haar_x.halide_generated.cpp,3461,25,operator* -> operator/,m1484_cxx_arith_swap_operator_div,OK,0b92e4f722009ee8,OK,SURVIVED,SURVIVED,NOT_RUN,NOT_RUN,,0,0,,0,0.838,,f12ad6f2a1736a40,
wavelet,ast_emitted,a7d746985a7d6792,cxx_arith_swap,haar_x.halide_generated.cpp,3462,26,operator- -> operator+,m1485_cxx_arith_swap_operator_add,OK,06a1c97c7c361061,OK,SURVIVED,SURVIVED,NOT_RUN,NOT_RUN,,0,0,,0,0.838,,f12ad6f2a1736a40,
wavelet,ast_emitted,f74c9f1374a3c47b,cxx_arith_swap,haar_x.halide_generated.cpp,3462,26,operator- -> operator/,m1487_cxx_arith_swap_operator_div,OK,f65bf7c3c40530af,OK,SURVIVED,SURVIVED,NOT_RUN,NOT_RUN,,0,0,,0,0.942,,f12ad6f2a1736a40,
wavelet,ast_emitted,19c0efe1e2f449f2,cxx_arith_swap,haar_x.halide_generated.cpp,3462,26,operator- -> operator*,m1486_cxx_arith_swap_operator_mul,OK,5caf162cd33b0874,OK,SURVIVED,SURVIVED,NOT_RUN,NOT_RUN,,0,0,,0,1.088,,f12ad6f2a1736a40,
wavelet,ast_emitted,3fee230adbc40b09,cxx_arith_swap,haar_x.halide_generated.cpp,3461,25,operator* -> operator-,m1483_cxx_arith_swap_operator_sub,OK,24b8996287fff43e,OK,SURVIVED,SURVIVED,NOT_RUN,NOT_RUN,,0,0,,0,1.272,,f12ad6f2a1736a40,
wavelet,ast_emitted,b978d4bf331fb7f3,cxx_arith_swap,haar_x.halide_generated.cpp,3463,26,operator+ -> operator-,m1488_cxx_arith_swap_operator_sub,OK,adb2142b88b2f907,OK,SURVIVED,SURVIVED,NOT_RUN,NOT_RUN,,0,0,,0,0.839,,f12ad6f2a1736a40,
wavelet,ast_emitted,56cb963c1ec5c9eb,cxx_arith_swap,haar_x.halide_generated.cpp,3463,26,operator+ -> operator/,m1490_cxx_arith_swap_operator_div,OK,f114c3cabcd07ade,OK,SURVIVED,SURVIVED,NOT_RUN,NOT_RUN,,0,0,,0,0.837,,f12ad6f2a1736a40,
wavelet,ast_emitted,c1eae1bee2955b67,cxx_arith_swap,haar_x.halide_generated.cpp,3463,26,operator+ -> operator*,m1489_cxx_arith_swap_operator_mul,OK,a70617c5eb970826,OK,SURVIVED,SURVIVED,NOT_RUN,NOT_RUN,,0,0,,0,0.849,,f12ad6f2a1736a40,
wavelet,ast_emitted,8d85b8063a143462,cxx_arith_swap,haar_x.halide_generated.cpp,3465,26,operator+ -> operator*,m1492_cxx_arith_swap_operator_mul,OK,3cb1a7b4bcf8fdd8,OK,SURVIVED,SURVIVED,NOT_RUN,NOT_RUN,,0,0,,0,1.068,,f12ad6f2a1736a40,
wavelet,ast_emitted,e03997dbad9ec165,cxx_arith_swap,haar_x.halide_generated.cpp,3465,26,operator+ -> operator-,m1491_cxx_arith_swap_operator_sub,OK,24c0ecfb179f4ead,OK,SURVIVED,SURVIVED,NOT_RUN,NOT_RUN,,0,0,,0,1.177,,f12ad6f2a1736a40,
wavelet,ast_emitted,8f470d6e248329ed,cxx_arith_swap,haar_x.halide_generated.cpp,3465,26,operator+ -> operator/,m1493_cxx_arith_swap_operator_div,OK,45c562ba5872401c,OK,SURVIVED,SURVIVED,NOT_RUN,NOT_RUN,,0,0,,0,1.480,,f12ad6f2a1736a40,
wavelet,ast_emitted,0ae7ef11252b6562,cxx_arith_swap,haar_x.halide_generated.cpp,3467,26,operator+ -> operator/,m1496_cxx_arith_swap_operator_div,OK,167b4ec564c61fe5,OK,SURVIVED,SURVIVED,NOT_RUN,NOT_RUN,,0,0,,0,0.837,,f12ad6f2a1736a40,
wavelet,ast_emitted,95d8d8b1e3d9dc9e,cxx_arith_swap,haar_x.halide_generated.cpp,3467,26,operator+ -> operator-,m1494_cxx_arith_swap_operator_sub,OK,cf513e132d6944ec,OK,SURVIVED,SURVIVED,NOT_RUN,NOT_RUN,,0,0,,0,0.842,,f12ad6f2a1736a40,
wavelet,ast_emitted,4f5c625b005d0b45,cxx_arith_swap,haar_x.halide_generated.cpp,3469,26,operator+ -> operator-,m1497_cxx_arith_swap_operator_sub,OK,149c43be5261db52,OK,SURVIVED,SURVIVED,NOT_RUN,NOT_RUN,,0,0,,0,0.849,,f12ad6f2a1736a40,
wavelet,ast_emitted,3602ca0e4573c448,cxx_arith_swap,haar_x.halide_generated.cpp,3467,26,operator+ -> operator*,m1495_cxx_arith_swap_operator_mul,OK,167b4ec564c61fe5,OK,SURVIVED,SURVIVED,NOT_RUN,NOT_RUN,,0,0,,0,2.221,,f12ad6f2a1736a40,
wavelet,ast_emitted,fcc7a63e462eb224,cxx_arith_swap,haar_x.halide_generated.cpp,3469,26,operator+ -> operator/,m1499_cxx_arith_swap_operator_div,OK,98dfad053849712d,OK,SURVIVED,SURVIVED,NOT_RUN,NOT_RUN,,0,0,,0,0.878,,f12ad6f2a1736a40,
wavelet,ast_emitted,6404f1a13e776fc0,cxx_arith_swap,haar_x.halide_generated.cpp,3469,26,operator+ -> operator*,m1498_cxx_arith_swap_operator_mul,OK,abada9b040481baa,OK,SURVIVED,SURVIVED,NOT_RUN,NOT_RUN,,0,0,,0,1.651,,f12ad6f2a1736a40,
wavelet,ast_emitted,c8c70c263b120f3e,cxx_arith_swap,haar_x.halide_generated.cpp,3471,24,operator+ -> operator*,m1501_cxx_arith_swap_operator_mul,OK,2b976b40e309a835,OK,SURVIVED,SURVIVED,NOT_RUN,NOT_RUN,,0,0,,0,1.175,,f12ad6f2a1736a40,
wavelet,ast_emitted,de026e05d2c0ab94,cxx_arith_swap,haar_x.halide_generated.cpp,3471,24,operator+ -> operator-,m1500_cxx_arith_swap_operator_sub,OK,7bfccecafb99b6f8,OK,SURVIVED,SURVIVED,NOT_RUN,NOT_RUN,,0,0,,0,1.282,,f12ad6f2a1736a40,
wavelet,ast_emitted,674d29b2fa58f40d,cxx_arith_swap,haar_x.halide_generated.cpp,3472,24,operator- -> operator*,m1504_cxx_arith_swap_operator_mul,OK,d666ffaab3ed11e4,OK,SURVIVED,SURVIVED,NOT_RUN,NOT_RUN,,0,0,,0,0.834,,f12ad6f2a1736a40,
wavelet,ast_emitted,39db1b99426fe12d,cxx_arith_swap,haar_x.halide_generated.cpp,3471,24,operator+ -> operator/,m1502_cxx_arith_swap_operator_div,OK,75da98f0d163292f,OK,SURVIVED,SURVIVED,NOT_RUN,NOT_RUN,,0,0,,0,1.997,,f12ad6f2a1736a40,
wavelet,ast_emitted,c2452a6fdea2bc82,cxx_rel_swap,haar_x.halide_generated.cpp,3474,23,operator== -> operator<,m1509_cxx_rel_swap_operator_lt,OK,b7ba2cf0fe3e4fcb,OK,NOT_RUN,NOT_RUN,NOT_RUN,NOT_RUN,,0,1,equivalent_tce,,,,,bit-identical machine code at -O2: no test can distinguish it
wavelet,ast_emitted,24823aa77fa8b51a,cxx_arith_swap,haar_x.halide_generated.cpp,3472,24,operator- -> operator+,m1503_cxx_arith_swap_operator_add,OK,d5881fc17e2156b2,OK,SURVIVED,SURVIVED,NOT_RUN,NOT_RUN,,0,0,,0,2.102,,f12ad6f2a1736a40,
wavelet,ast_emitted,dc89cf66a0c8b864,cxx_rel_swap,haar_x.halide_generated.cpp,3474,23,operator== -> operator<=,m1510_cxx_rel_swap_operator_lt_eq,OK,b7ba2cf0fe3e4fcb,OK,NOT_RUN,NOT_RUN,NOT_RUN,NOT_RUN,,0,1,equivalent_tce,,,,,bit-identical machine code at -O2: no test can distinguish it
wavelet,ast_emitted,267145a9994125a1,cxx_arith_swap,haar_x.halide_generated.cpp,3473,26,operator+ -> operator-,m1506_cxx_arith_swap_operator_sub,OK,fc7b4ac6c49cbd2a,OK,SURVIVED,SURVIVED,NOT_RUN,NOT_RUN,,0,0,,0,1.133,,f12ad6f2a1736a40,
wavelet,ast_emitted,c79220c27eb1315b,cxx_arith_swap,haar_x.halide_generated.cpp,3472,24,operator- -> operator/,m1505_cxx_arith_swap_operator_div,OK,e5ca527365b1e925,OK,SURVIVED,SURVIVED,NOT_RUN,NOT_RUN,,0,0,,0,1.116,,f12ad6f2a1736a40,
wavelet,ast_emitted,c25f0fb16394d219,cxx_arith_swap,haar_x.halide_generated.cpp,3473,26,operator+ -> operator*,m1507_cxx_arith_swap_operator_mul,OK,b598d7522b6fc89a,OK,SURVIVED,SURVIVED,NOT_RUN,NOT_RUN,,0,0,,0,0.959,,f12ad6f2a1736a40,
wavelet,ast_emitted,ee0cc82969c650b6,cxx_rel_swap,haar_x.halide_generated.cpp,3474,23,operator== -> operator!=,m1513_cxx_rel_swap_operator_not_eq,OK,b7ba2cf0fe3e4fcb,OK,NOT_RUN,NOT_RUN,NOT_RUN,NOT_RUN,,0,1,equivalent_tce,,,,,bit-identical machine code at -O2: no test can distinguish it
wavelet,ast_emitted,4b7bd77523028c79,cxx_rel_swap,haar_x.halide_generated.cpp,3474,23,operator== -> operator>,m1511_cxx_rel_swap_operator_gt,OK,b7ba2cf0fe3e4fcb,OK,NOT_RUN,NOT_RUN,NOT_RUN,NOT_RUN,,0,1,equivalent_tce,,,,,bit-identical machine code at -O2: no test can distinguish it
wavelet,ast_emitted,78d940f086309525,cxx_rel_swap,haar_x.halide_generated.cpp,3474,23,operator== -> operator>=,m1512_cxx_rel_swap_operator_gt_eq,OK,b7ba2cf0fe3e4fcb,OK,NOT_RUN,NOT_RUN,NOT_RUN,NOT_RUN,,0,1,equivalent_tce,,,,,bit-identical machine code at -O2: no test can distinguish it
wavelet,ast_emitted,43e54933c5c3f742,cxx_arith_swap,haar_x.halide_generated.cpp,3473,26,operator+ -> operator/,m1508_cxx_arith_swap_operator_div,OK,b598d7522b6fc89a,OK,SURVIVED,SURVIVED,NOT_RUN,NOT_RUN,,0,0,,0,1.230,,f12ad6f2a1736a40,
wavelet,ast_emitted,b3cb02948bf170ea,cxx_rel_swap,haar_x.halide_generated.cpp,3476,23,operator== -> operator>=,m1517_cxx_rel_swap_operator_gt_eq,OK,604bcc9a7a9fad96,OK,SURVIVED,SURVIVED,NOT_RUN,NOT_RUN,,0,0,,0,1.077,,f12ad6f2a1736a40,
wavelet,ast_emitted,6efd1228bff15ce5,cxx_rel_swap,haar_x.halide_generated.cpp,3476,23,operator== -> operator<,m1514_cxx_rel_swap_operator_lt,OK,ff5a823e62193944,OK,SURVIVED,SURVIVED,NOT_RUN,NOT_RUN,,0,0,,0,1.442,,f12ad6f2a1736a40,
wavelet,ast_emitted,f82653762b93cdc7,cxx_rel_swap,haar_x.halide_generated.cpp,3476,23,operator== -> operator!=,m1518_cxx_rel_swap_operator_not_eq,OK,bf56fbe19fc7856d,OK,SURVIVED,SURVIVED,NOT_RUN,NOT_RUN,,0,0,,0,0.839,,f12ad6f2a1736a40,
wavelet,ast_emitted,f96e4385610c2c49,cxx_rel_swap,haar_x.halide_generated.cpp,3476,23,operator== -> operator<=,m1515_cxx_rel_swap_operator_lt_eq,OK,88271674be7c11f2,OK,SURVIVED,SURVIVED,NOT_RUN,NOT_RUN,,0,0,,0,0.984,,f12ad6f2a1736a40,
wavelet,ast_emitted,16b310d522b3ede4,cxx_rel_swap,haar_x.halide_generated.cpp,3476,23,operator== -> operator>,m1516_cxx_rel_swap_operator_gt,OK,428afdc140fffcfe,OK,SURVIVED,SURVIVED,NOT_RUN,NOT_RUN,,0,0,,0,1.904,,f12ad6f2a1736a40,
wavelet,ast_emitted,067d1de1cd4b11d6,cxx_arith_swap,haar_x.halide_generated.cpp,3480,24,operator* -> operator+,m1519_cxx_arith_swap_operator_add,OK,cbc9bb9eab0cd52d,OK,SURVIVED,SURVIVED,NOT_RUN,NOT_RUN,,0,0,,0,1.614,,f12ad6f2a1736a40,
wavelet,ast_emitted,923bca242c6f9188,cxx_arith_swap,haar_x.halide_generated.cpp,3480,24,operator* -> operator-,m1520_cxx_arith_swap_operator_sub,OK,0f7a44dc3c0599f0,OK,SURVIVED,SURVIVED,NOT_RUN,NOT_RUN,,0,0,,0,1.502,,f12ad6f2a1736a40,
wavelet,ast_emitted,289b95ac9110905a,cxx_arith_swap,haar_x.halide_generated.cpp,3480,24,operator* -> operator/,m1521_cxx_arith_swap_operator_div,OK,622a84b1444c6350,OK,SURVIVED,SURVIVED,NOT_RUN,NOT_RUN,,0,0,,0,0.850,,f12ad6f2a1736a40,
wavelet,ast_emitted,65023c4f5b8313f1,cxx_arith_swap,haar_x.halide_generated.cpp,3481,39,operator+ -> operator-,m1522_cxx_arith_swap_operator_sub,OK,5cf0cbeea5300f44,OK,SURVIVED,SURVIVED,NOT_RUN,NOT_RUN,,0,0,,0,1.279,,f12ad6f2a1736a40,
wavelet,ast_emitted,7a88990ca6afab7f,cxx_arith_swap,haar_x.halide_generated.cpp,3481,39,operator+ -> operator*,m1523_cxx_arith_swap_operator_mul,OK,28cc509e7bb38c3b,OK,SURVIVED,SURVIVED,NOT_RUN,NOT_RUN,,0,0,,0,1.793,,f12ad6f2a1736a40,
wavelet,ast_emitted,2fc415828d2c189d,cxx_arith_swap,haar_x.halide_generated.cpp,3481,39,operator+ -> operator/,m1524_cxx_arith_swap_operator_div,OK,28c8e639b3f64ace,OK,SURVIVED,SURVIVED,NOT_RUN,NOT_RUN,,0,0,,0,1.688,,f12ad6f2a1736a40,
