app,arm,mutator,file,line,column,region,exit_code,o1_killed,o2_killed,wall_seconds
bilateral_grid,cxx_default_on_emitted_cpp,cxx_add_to_sub,bilateral_grid.halide_generated.cpp,3629,36,generator_specific,0,0,0,30.793
bilateral_grid,cxx_default_on_emitted_cpp,cxx_add_to_sub,bilateral_grid.halide_generated.cpp,3630,19,generator_specific,0,0,1,30.943
bilateral_grid,cxx_default_on_emitted_cpp,cxx_add_to_sub,bilateral_grid.halide_generated.cpp,3632,19,generator_specific,0,0,0,31.008
bilateral_grid,cxx_default_on_emitted_cpp,cxx_add_to_sub,bilateral_grid.halide_generated.cpp,3637,21,generator_specific,0,0,0,31.003
bilateral_grid,cxx_default_on_emitted_cpp,cxx_add_to_sub,bilateral_grid.halide_generated.cpp,3639,21,generator_specific,0,0,0,30.826
bilateral_grid,cxx_default_on_emitted_cpp,cxx_add_to_sub,bilateral_grid.halide_generated.cpp,3642,21,generator_specific,0,0,0,30.938
bilateral_grid,cxx_default_on_emitted_cpp,cxx_add_to_sub,bilateral_grid.halide_generated.cpp,3645,21,generator_specific,0,0,0,30.748
bilateral_grid,cxx_default_on_emitted_cpp,cxx_add_to_sub,bilateral_grid.halide_generated.cpp,3647,21,generator_specific,0,0,0,31.017
bilateral_grid,cxx_default_on_emitted_cpp,cxx_add_to_sub,bilateral_grid.halide_generated.cpp,3650,21,generator_specific,0,0,1,30.813
bilateral_grid,cxx_default_on_emitted_cpp,cxx_add_to_sub,bilateral_grid.halide_generated.cpp,3651,21,generator_specific,0,0,1,30.583
bilateral_grid,cxx_default_on_emitted_cpp,cxx_add_to_sub,bilateral_grid.halide_generated.cpp,3655,22,generator_specific,-6,1,1,0.076
bilateral_grid,cxx_default_on_emitted_cpp,cxx_add_to_sub,bilateral_grid.halide_generated.cpp,3658,22,generator_specific,-11,1,1,0.077
bilateral_grid,cxx_default_on_emitted_cpp,cxx_add_to_sub,bilateral_grid.halide_generated.cpp,3675,22,generator_specific,0,0,1,29.926
bilateral_grid,cxx_default_on_emitted_cpp,cxx_add_to_sub,bilateral_grid.halide_generated.cpp,3678,22,generator_specific,0,0,0,31.015
bilateral_grid,cxx_default_on_emitted_cpp,cxx_add_to_sub,bilateral_grid.halide_generated.cpp,3679,22,generator_specific,0,0,1,30.462
bilateral_grid,cxx_default_on_emitted_cpp,cxx_add_to_sub,bilateral_grid.halide_generated.cpp,3681,22,generator_specific,0,0,0,31.377
bilateral_grid,cxx_default_on_emitted_cpp,cxx_add_to_sub,bilateral_grid.halide_generated.cpp,3685,22,generator_specific,0,0,0,30.882
bilateral_grid,cxx_default_on_emitted_cpp,cxx_add_to_sub,bilateral_grid.halide_generated.cpp,3688,22,generator_specific,0,0,0,30.938
bilateral_grid,cxx_default_on_emitted_cpp,cxx_add_to_sub,bilateral_grid.halide_generated.cpp,3689,22,generator_specific,0,0,0,30.960
bilateral_grid,cxx_default_on_emitted_cpp,cxx_add_to_sub,bilateral_grid.halide_generated.cpp,3691,22,generator_specific,0,0,0,31.143
bilateral_grid,cxx_default_on_emitted_cpp,cxx_add_to_sub,bilateral_grid.halide_generated.cpp,3698,23,generator_specific,-6,1,1,0.088
bilateral_grid,cxx_default_on_emitted_cpp,cxx_add_to_sub,bilateral_grid.halide_generated.cpp,3723,25,generator_specific,0,0,0,30.907
bilateral_grid,cxx_default_on_emitted_cpp,cxx_add_to_sub,bilateral_grid.halide_generated.cpp,3726,25,generator_specific,0,0,0,30.816
bilateral_grid,cxx_default_on_emitted_cpp,cxx_add_to_sub,bilateral_grid.halide_generated.cpp,3727,72,generator_specific,0,0,1,30.238
bilateral_grid,cxx_default_on_emitted_cpp,cxx_add_to_sub,bilateral_grid.halide_generated.cpp,3729,46,generator_specific,0,0,0,30.788
bilateral_grid,cxx_default_on_emitted_cpp,cxx_add_to_sub,bilateral_grid.halide_generated.cpp,3731,27,generator_specific,-6,1,1,0.081
bilateral_grid,cxx_default_on_emitted_cpp,cxx_add_to_sub,bilateral_grid.halide_generated.cpp,3732,73,generator_specific,0,0,1,30.129
bilateral_grid,cxx_default_on_emitted_cpp,cxx_add_to_sub,bilateral_grid.halide_generated.cpp,3735,47,generator_specific,-11,1,1,0.077
bilateral_grid,cxx_default_on_emitted_cpp,cxx_add_to_sub,bilateral_grid.halide_generated.cpp,3744,40,generator_specific,0,0,0,30.912
bilateral_grid,cxx_default_on_emitted_cpp,cxx_add_to_sub,bilateral_grid.halide_generated.cpp,3749,71,generator_specific,0,0,1,43.914
bilateral_grid,cxx_default_on_emitted_cpp,cxx_add_to_sub,bilateral_grid.halide_generated.cpp,3751,25,generator_specific,0,0,1,41.548
bilateral_grid,cxx_default_on_emitted_cpp,cxx_add_to_sub,bilateral_grid.halide_generated.cpp,3753,26,generator_specific,0,0,1,40.127
bilateral_grid,cxx_default_on_emitted_cpp,cxx_add_to_sub,bilateral_grid.halide_generated.cpp,3755,26,generator_specific,0,0,1,43.976
bilateral_grid,cxx_default_on_emitted_cpp,cxx_add_to_sub,bilateral_grid.halide_generated.cpp,3758,43,generator_specific,-11,1,1,2.181
bilateral_grid,cxx_default_on_emitted_cpp,cxx_add_to_sub,bilateral_grid.halide_generated.cpp,3759,27,generator_specific,-11,1,1,0.791
bilateral_grid,cxx_default_on_emitted_cpp,cxx_add_to_sub,bilateral_grid.halide_generated.cpp,3764,44,generator_specific,0,0,1,45.437
bilateral_grid,cxx_default_on_emitted_cpp,cxx_add_to_sub,bilateral_grid.halide_generated.cpp,3765,27,generator_specific,0,0,0,43.003
bilateral_grid,cxx_default_on_emitted_cpp,cxx_add_to_sub,bilateral_grid.halide_generated.cpp,3767,28,generator_specific,0,0,1,37.611
bilateral_grid,cxx_default_on_emitted_cpp,cxx_add_to_sub,bilateral_grid.halide_generated.cpp,3769,28,generator_specific,0,0,1,37.488
bilateral_grid,cxx_default_on_emitted_cpp,cxx_add_to_sub,bilateral_grid.halide_generated.cpp,3777,26,generator_specific,0,0,1,40.989
bilateral_grid,cxx_default_on_emitted_cpp,cxx_add_to_sub,bilateral_grid.halide_generated.cpp,3781,47,generator_specific,0,0,1,36.235
bilateral_grid,cxx_default_on_emitted_cpp,cxx_add_to_sub,bilateral_grid.halide_generated.cpp,3783,26,generator_specific,0,0,1,43.487
bilateral_grid,cxx_default_on_emitted_cpp,cxx_add_to_sub,bilateral_grid.halide_generated.cpp,3785,44,generator_specific,0,0,1,42.837
bilateral_grid,cxx_default_on_emitted_cpp,cxx_add_to_sub,bilateral_grid.halide_generated.cpp,3786,27,generator_specific,0,0,0,45.225
bilateral_grid,cxx_default_on_emitted_cpp,cxx_add_to_sub,bilateral_grid.halide_generated.cpp,3788,28,generator_specific,0,0,1,36.949
bilateral_grid,cxx_default_on_emitted_cpp,cxx_add_to_sub,bilateral_grid.halide_generated.cpp,3790,28,generator_specific,0,0,1,39.717
bilateral_grid,cxx_default_on_emitted_cpp,cxx_add_to_sub,bilateral_grid.halide_generated.cpp,3798,26,generator_specific,0,0,1,45.394
bilateral_grid,cxx_default_on_emitted_cpp,cxx_add_to_sub,bilateral_grid.halide_generated.cpp,3802,28,generator_specific,0,0,1,45.797
bilateral_grid,cxx_default_on_emitted_cpp,cxx_add_to_sub,bilateral_grid.halide_generated.cpp,3804,26,generator_specific,0,0,1,37.904
bilateral_grid,cxx_default_on_emitted_cpp,cxx_add_to_sub,bilateral_grid.halide_generated.cpp,3809,40,generator_specific,0,0,0,45.750
bilateral_grid,cxx_default_on_emitted_cpp,cxx_add_to_sub,bilateral_grid.halide_generated.cpp,3814,71,generator_specific,0,0,1,19.851
bilateral_grid,cxx_default_on_emitted_cpp,cxx_add_to_sub,bilateral_grid.halide_generated.cpp,3816,26,generator_specific,0,0,1,46.003
bilateral_grid,cxx_default_on_emitted_cpp,cxx_add_to_sub,bilateral_grid.halide_generated.cpp,3819,26,generator_specific,0,0,1,44.388
bilateral_grid,cxx_default_on_emitted_cpp,cxx_add_to_sub,bilateral_grid.halide_generated.cpp,3821,26,generator_specific,0,0,1,37.461
bilateral_grid,cxx_default_on_emitted_cpp,cxx_add_to_sub,bilateral_grid.halide_generated.cpp,3823,26,generator_specific,0,0,1,40.322
bilateral_grid,cxx_default_on_emitted_cpp,cxx_add_to_sub,bilateral_grid.halide_generated.cpp,3825,26,generator_specific,0,0,1,55.849
bilateral_grid,cxx_default_on_emitted_cpp,cxx_add_to_sub,bilateral_grid.halide_generated.cpp,3828,43,generator_specific,-11,1,1,3.993
bilateral_grid,cxx_default_on_emitted_cpp,cxx_add_to_sub,bilateral_grid.halide_generated.cpp,3829,27,generator_specific,-11,1,1,1.081
bilateral_grid,cxx_default_on_emitted_cpp,cxx_add_to_sub,bilateral_grid.halide_generated.cpp,3831,27,generator_specific,0,0,1,55.402
bilateral_grid,cxx_default_on_emitted_cpp,cxx_add_to_sub,bilateral_grid.halide_generated.cpp,3834,44,generator_specific,0,0,1,53.435
bilateral_grid,cxx_default_on_emitted_cpp,cxx_add_to_sub,bilateral_grid.halide_generated.cpp,3835,28,generator_specific,0,0,1,47.359
bilateral_grid,cxx_default_on_emitted_cpp,cxx_add_to_sub,bilateral_grid.halide_generated.cpp,3843,26,generator_specific,0,0,1,47.577
bilateral_grid,cxx_default_on_emitted_cpp,cxx_add_to_sub,bilateral_grid.halide_generated.cpp,3847,28,generator_specific,0,0,1,40.498
bilateral_grid,cxx_default_on_emitted_cpp,cxx_add_to_sub,bilateral_grid.halide_generated.cpp,3849,26,generator_specific,0,0,1,53.607
bilateral_grid,cxx_default_on_emitted_cpp,cxx_add_to_sub,bilateral_grid.halide_generated.cpp,3851,44,generator_specific,0,0,1,49.369
bilateral_grid,cxx_default_on_emitted_cpp,cxx_add_to_sub,bilateral_grid.halide_generated.cpp,3852,28,generator_specific,0,0,1,49.809
bilateral_grid,cxx_default_on_emitted_cpp,cxx_add_to_sub,bilateral_grid.halide_generated.cpp,3860,26,generator_specific,0,0,1,56.454
bilateral_grid,cxx_default_on_emitted_cpp,cxx_add_to_sub,bilateral_grid.halide_generated.cpp,3864,28,generator_specific,0,0,1,56.852
bilateral_grid,cxx_default_on_emitted_cpp,cxx_add_to_sub,bilateral_grid.halide_generated.cpp,3866,26,generator_specific,0,0,1,50.529
bilateral_grid,cxx_default_on_emitted_cpp,cxx_add_to_sub,bilateral_grid.halide_generated.cpp,3871,40,generator_specific,0,0,0,53.559
bilateral_grid,cxx_default_on_emitted_cpp,cxx_add_to_sub,bilateral_grid.halide_generated.cpp,3876,71,generator_specific,0,0,1,51.397
bilateral_grid,cxx_default_on_emitted_cpp,cxx_add_to_sub,bilateral_grid.halide_generated.cpp,3878,26,generator_specific,0,0,1,48.507
bilateral_grid,cxx_default_on_emitted_cpp,cxx_add_to_sub,bilateral_grid.halide_generated.cpp,3880,26,generator_specific,0,0,1,52.819
bilateral_grid,cxx_default_on_emitted_cpp,cxx_add_to_sub,bilateral_grid.halide_generated.cpp,3882,26,generator_specific,0,0,1,52.753
bilateral_grid,cxx_default_on_emitted_cpp,cxx_add_to_sub,bilateral_grid.halide_generated.cpp,3884,26,generator_specific,0,0,1,53.186
bilateral_grid,cxx_default_on_emitted_cpp,cxx_add_to_sub,bilateral_grid.halide_generated.cpp,3886,26,generator_specific,0,0,1,53.090
bilateral_grid,cxx_default_on_emitted_cpp,cxx_add_to_sub,bilateral_grid.halide_generated.cpp,3889,43,generator_specific,-11,1,1,4.311
bilateral_grid,cxx_default_on_emitted_cpp,cxx_add_to_sub,bilateral_grid.halide_generated.cpp,3890,27,generator_specific,-11,1,1,1.543
bilateral_grid,cxx_default_on_emitted_cpp,cxx_add_to_sub,bilateral_grid.halide_generated.cpp,3895,44,generator_specific,0,0,1,44.724
bilateral_grid,cxx_default_on_emitted_cpp,cxx_add_to_sub,bilateral_grid.halide_generated.cpp,3896,27,generator_specific,0,0,1,57.477
bilateral_grid,cxx_default_on_emitted_cpp,cxx_add_to_sub,bilateral_grid.halide_generated.cpp,3898,28,generator_specific,0,0,1,48.837
bilateral_grid,cxx_default_on_emitted_cpp,cxx_add_to_sub,bilateral_grid.halide_generated.cpp,3900,28,generator_specific,0,0,1,55.384
bilateral_grid,cxx_default_on_emitted_cpp,cxx_add_to_sub,bilateral_grid.halide_generated.cpp,3908,26,generator_specific,0,0,1,50.288
bilateral_grid,cxx_default_on_emitted_cpp,cxx_add_to_sub,bilateral_grid.halide_generated.cpp,3912,28,generator_specific,0,0,1,53.877
bilateral_grid,cxx_default_on_emitted_cpp,cxx_add_to_sub,bilateral_grid.halide_generated.cpp,3914,26,generator_specific,0,0,1,45.651
bilateral_grid,cxx_default_on_emitted_cpp,cxx_add_to_sub,bilateral_grid.halide_generated.cpp,3916,44,generator_specific,0,0,1,55.228
bilateral_grid,cxx_default_on_emitted_cpp,cxx_add_to_sub,bilateral_grid.halide_generated.cpp,3917,27,generator_specific,0,0,1,46.465
bilateral_grid,cxx_default_on_emitted_cpp,cxx_add_to_sub,bilateral_grid.halide_generated.cpp,3919,28,generator_specific,0,0,1,54.718
bilateral_grid,cxx_default_on_emitted_cpp,cxx_add_to_sub,bilateral_grid.halide_generated.cpp,3921,28,generator_specific,0,0,1,45.678
bilateral_grid,cxx_default_on_emitted_cpp,cxx_add_to_sub,bilateral_grid.halide_generated.cpp,3929,26,generator_specific,0,0,1,49.034
bilateral_grid,cxx_default_on_emitted_cpp,cxx_add_to_sub,bilateral_grid.halide_generated.cpp,3933,28,generator_specific,0,0,1,43.204
bilateral_grid,cxx_default_on_emitted_cpp,cxx_add_to_sub,bilateral_grid.halide_generated.cpp,3935,26,generator_specific,0,0,1,38.949
bilateral_grid,cxx_default_on_emitted_cpp,cxx_add_to_sub,bilateral_grid.halide_generated.cpp,3941,24,generator_specific,0,0,1,42.380
bilateral_grid,cxx_default_on_emitted_cpp,cxx_add_to_sub,bilateral_grid.halide_generated.cpp,3949,51,generator_specific,0,0,1,43.543
bilateral_grid,cxx_default_on_emitted_cpp,cxx_add_to_sub,bilateral_grid.halide_generated.cpp,3952,26,generator_specific,0,0,1,41.652
bilateral_grid,cxx_default_on_emitted_cpp,cxx_add_to_sub,bilateral_grid.halide_generated.cpp,3953,25,generator_specific,0,0,1,45.549
bilateral_grid,cxx_default_on_emitted_cpp,cxx_add_to_sub,bilateral_grid.halide_generated.cpp,3956,26,generator_specific,0,0,1,49.213
bilateral_grid,cxx_default_on_emitted_cpp,cxx_add_to_sub,bilateral_grid.halide_generated.cpp,3959,26,generator_specific,0,0,1,52.400
bilateral_grid,cxx_default_on_emitted_cpp,cxx_add_to_sub,bilateral_grid.halide_generated.cpp,3960,26,generator_specific,-6,1,1,0.112
bilateral_grid,cxx_default_on_emitted_cpp,cxx_add_to_sub,bilateral_grid.halide_generated.cpp,3961,25,generator_specific,0,0,1,52.685
bilateral_grid,cxx_default_on_emitted_cpp,cxx_add_to_sub,bilateral_grid.halide_generated.cpp,3962,64,generator_specific,0,0,1,40.872
bilateral_grid,cxx_default_on_emitted_cpp,cxx_add_to_sub,bilateral_grid.halide_generated.cpp,3964,42,generator_specific,0,0,1,51.997
bilateral_grid,cxx_default_on_emitted_cpp,cxx_add_to_sub,bilateral_grid.halide_generated.cpp,3966,27,generator_specific,0,0,1,55.543
bilateral_grid,cxx_default_on_emitted_cpp,cxx_add_to_sub,bilateral_grid.halide_generated.cpp,3968,27,generator_specific,0,0,1,54.505
bilateral_grid,cxx_default_on_emitted_cpp,cxx_add_to_sub,bilateral_grid.halide_generated.cpp,3970,27,generator_specific,0,0,1,57.086
bilateral_grid,cxx_default_on_emitted_cpp,cxx_add_to_sub,bilateral_grid.halide_generated.cpp,3980,27,generator_specific,0,0,1,51.588
bilateral_grid,cxx_default_on_emitted_cpp,cxx_add_to_sub,bilateral_grid.halide_generated.cpp,3982,27,generator_specific,0,0,1,50.586
bilateral_grid,cxx_default_on_emitted_cpp,cxx_add_to_sub,bilateral_grid.halide_generated.cpp,3985,26,generator_specific,0,0,1,50.695
bilateral_grid,cxx_default_on_emitted_cpp,cxx_add_to_sub,bilateral_grid.halide_generated.cpp,3986,26,generator_specific,0,0,1,46.606
bilateral_grid,cxx_default_on_emitted_cpp,cxx_add_to_sub,bilateral_grid.halide_generated.cpp,3987,26,generator_specific,0,0,1,53.975
bilateral_grid,cxx_default_on_emitted_cpp,cxx_add_to_sub,bilateral_grid.halide_generated.cpp,3988,26,generator_specific,0,0,1,49.998
bilateral_grid,cxx_default_on_emitted_cpp,cxx_add_to_sub,bilateral_grid.halide_generated.cpp,3989,27,generator_specific,0,0,1,50.268
bilateral_grid,cxx_default_on_emitted_cpp,cxx_add_to_sub,bilateral_grid.halide_generated.cpp,3991,27,generator_specific,-11,1,1,0.106
bilateral_grid,cxx_default_on_emitted_cpp,cxx_add_to_sub,bilateral_grid.halide_generated.cpp,3993,42,generator_specific,0,0,1,48.409
bilateral_grid,cxx_default_on_emitted_cpp,cxx_add_to_sub,bilateral_grid.halide_generated.cpp,3995,27,generator_specific,0,0,1,51.969
bilateral_grid,cxx_default_on_emitted_cpp,cxx_add_to_sub,bilateral_grid.halide_generated.cpp,3997,27,generator_specific,-11,1,1,0.121
bilateral_grid,cxx_default_on_emitted_cpp,cxx_add_to_sub,bilateral_grid.halide_generated.cpp,3999,27,generator_specific,0,0,1,54.517
bilateral_grid,cxx_default_on_emitted_cpp,cxx_add_to_sub,bilateral_grid.halide_generated.cpp,4009,27,generator_specific,-11,1,1,0.115
bilateral_grid,cxx_default_on_emitted_cpp,cxx_add_to_sub,bilateral_grid.halide_generated.cpp,4011,27,generator_specific,0,0,1,47.392
bilateral_grid,cxx_default_on_emitted_cpp,cxx_add_to_sub,bilateral_grid.halide_generated.cpp,4014,26,generator_specific,0,0,1,52.260
bilateral_grid,cxx_default_on_emitted_cpp,cxx_add_to_sub,bilateral_grid.halide_generated.cpp,4015,26,generator_specific,0,0,1,48.658
bilateral_grid,cxx_default_on_emitted_cpp,cxx_add_to_sub,bilateral_grid.halide_generated.cpp,4016,26,generator_specific,0,0,1,52.990
bilateral_grid,cxx_default_on_emitted_cpp,cxx_add_to_sub,bilateral_grid.halide_generated.cpp,4017,26,generator_specific,0,0,1,54.916
bilateral_grid,cxx_default_on_emitted_cpp,cxx_add_to_sub,bilateral_grid.halide_generated.cpp,4018,27,generator_specific,0,0,1,44.482
bilateral_grid,cxx_default_on_emitted_cpp,cxx_add_to_sub,bilateral_grid.halide_generated.cpp,4020,27,generator_specific,-11,1,1,0.112
bilateral_grid,cxx_default_on_emitted_cpp,cxx_add_to_sub,bilateral_grid.halide_generated.cpp,4027,22,generator_specific,0,0,1,45.683
bilateral_grid,cxx_default_on_emitted_cpp,cxx_add_to_sub,bilateral_grid.halide_generated.cpp,4036,24,generator_specific,-7,1,1,0.135
bilateral_grid,cxx_default_on_emitted_cpp,cxx_add_to_sub,bilateral_grid.halide_generated.cpp,4037,23,generator_specific,0,0,1,55.596
bilateral_grid,cxx_default_on_emitted_cpp,cxx_add_to_sub,bilateral_grid.halide_generated.cpp,4038,23,generator_specific,0,0,1,54.630
bilateral_grid,cxx_default_on_emitted_cpp,cxx_add_to_sub,bilateral_grid.halide_generated.cpp,4039,23,generator_specific,0,0,1,38.185
bilateral_grid,cxx_default_on_emitted_cpp,cxx_add_to_sub,bilateral_grid.halide_generated.cpp,4040,62,generator_specific,0,0,1,47.390
bilateral_grid,cxx_default_on_emitted_cpp,cxx_add_to_sub,bilateral_grid.halide_generated.cpp,4043,25,generator_specific,0,0,1,49.646
bilateral_grid,cxx_default_on_emitted_cpp,cxx_add_to_sub,bilateral_grid.halide_generated.cpp,4046,25,generator_specific,0,0,1,43.919
bilateral_grid,cxx_default_on_emitted_cpp,cxx_add_to_sub,bilateral_grid.halide_generated.cpp,4047,25,generator_specific,-11,1,1,1.521
bilateral_grid,cxx_default_on_emitted_cpp,cxx_add_to_sub,bilateral_grid.halide_generated.cpp,4048,25,generator_specific,0,0,1,53.218
bilateral_grid,cxx_default_on_emitted_cpp,cxx_add_to_sub,bilateral_grid.halide_generated.cpp,4049,51,generator_specific,0,0,1,52.973
bilateral_grid,cxx_default_on_emitted_cpp,cxx_add_to_sub,bilateral_grid.halide_generated.cpp,4052,26,generator_specific,0,0,0,55.061
bilateral_grid,cxx_default_on_emitted_cpp,cxx_add_to_sub,bilateral_grid.halide_generated.cpp,4053,26,generator_specific,-11,1,1,0.124
bilateral_grid,cxx_default_on_emitted_cpp,cxx_add_to_sub,bilateral_grid.halide_generated.cpp,4054,26,generator_specific,0,0,1,48.431
bilateral_grid,cxx_default_on_emitted_cpp,cxx_add_to_sub,bilateral_grid.halide_generated.cpp,4056,26,generator_specific,0,0,1,47.928
bilateral_grid,cxx_default_on_emitted_cpp,cxx_add_to_sub,bilateral_grid.halide_generated.cpp,4065,26,generator_specific,0,0,1,41.357
bilateral_grid,cxx_default_on_emitted_cpp,cxx_add_to_sub,bilateral_grid.halide_generated.cpp,4067,26,generator_specific,0,0,1,54.910
bilateral_grid,cxx_default_on_emitted_cpp,cxx_add_to_sub,bilateral_grid.halide_generated.cpp,4070,25,generator_specific,0,0,1,45.251
bilateral_grid,cxx_default_on_emitted_cpp,cxx_add_to_sub,bilateral_grid.halide_generated.cpp,4071,25,generator_specific,0,0,1,45.771
bilateral_grid,cxx_default_on_emitted_cpp,cxx_add_to_sub,bilateral_grid.halide_generated.cpp,4072,25,generator_specific,0,0,1,49.252
bilateral_grid,cxx_default_on_emitted_cpp,cxx_add_to_sub,bilateral_grid.halide_generated.cpp,4073,25,generator_specific,0,0,1,54.888
bilateral_grid,cxx_default_on_emitted_cpp,cxx_add_to_sub,bilateral_grid.halide_generated.cpp,4074,26,generator_specific,-11,1,1,0.125
bilateral_grid,cxx_default_on_emitted_cpp,cxx_add_to_sub,bilateral_grid.halide_generated.cpp,4076,25,generator_specific,0,0,1,45.806
bilateral_grid,cxx_default_on_emitted_cpp,cxx_add_to_sub,bilateral_grid.halide_generated.cpp,4077,26,generator_specific,0,0,1,45.651
bilateral_grid,cxx_default_on_emitted_cpp,cxx_add_to_sub,bilateral_grid.halide_generated.cpp,4079,26,generator_specific,0,0,1,41.792
bilateral_grid,cxx_default_on_emitted_cpp,cxx_add_to_sub,bilateral_grid.halide_generated.cpp,4088,26,generator_specific,0,0,1,56.865
bilateral_grid,cxx_default_on_emitted_cpp,cxx_add_to_sub,bilateral_grid.halide_generated.cpp,4090,26,generator_specific,0,0,1,51.922
bilateral_grid,cxx_default_on_emitted_cpp,cxx_add_to_sub,bilateral_grid.halide_generated.cpp,4093,25,generator_specific,0,0,1,55.072
bilateral_grid,cxx_default_on_emitted_cpp,cxx_add_to_sub,bilateral_grid.halide_generated.cpp,4094,25,generator_specific,0,0,1,53.154
bilateral_grid,cxx_default_on_emitted_cpp,cxx_add_to_sub,bilateral_grid.halide_generated.cpp,4095,25,generator_specific,0,0,1,55.053
bilateral_grid,cxx_default_on_emitted_cpp,cxx_add_to_sub,bilateral_grid.halide_generated.cpp,4096,25,generator_specific,0,0,1,44.923
bilateral_grid,cxx_default_on_emitted_cpp,cxx_add_to_sub,bilateral_grid.halide_generated.cpp,4097,26,generator_specific,-11,1,1,2.621
bilateral_grid,cxx_default_on_emitted_cpp,cxx_add_to_sub,bilateral_grid.halide_generated.cpp,4101,25,generator_specific,0,0,1,42.378
bilateral_grid,cxx_default_on_emitted_cpp,cxx_add_to_sub,bilateral_grid.halide_generated.cpp,4103,25,generator_specific,0,0,1,42.283
bilateral_grid,cxx_default_on_emitted_cpp,cxx_add_to_sub,bilateral_grid.halide_generated.cpp,4104,25,generator_specific,0,0,1,54.383
bilateral_grid,cxx_default_on_emitted_cpp,cxx_add_to_sub,bilateral_grid.halide_generated.cpp,4105,25,generator_specific,-11,1,1,1.456
bilateral_grid,cxx_default_on_emitted_cpp,cxx_add_to_sub,bilateral_grid.halide_generated.cpp,4106,51,generator_specific,0,0,1,53.077
bilateral_grid,cxx_default_on_emitted_cpp,cxx_add_to_sub,bilateral_grid.halide_generated.cpp,4108,26,generator_specific,0,0,1,54.379
bilateral_grid,cxx_default_on_emitted_cpp,cxx_add_to_sub,bilateral_grid.halide_generated.cpp,4110,26,generator_specific,0,0,1,50.232
bilateral_grid,cxx_default_on_emitted_cpp,cxx_add_to_sub,bilateral_grid.halide_generated.cpp,4119,26,generator_specific,0,0,1,46.826
bilateral_grid,cxx_default_on_emitted_cpp,cxx_add_to_sub,bilateral_grid.halide_generated.cpp,4121,26,generator_specific,0,0,1,47.201
bilateral_grid,cxx_default_on_emitted_cpp,cxx_add_to_sub,bilateral_grid.halide_generated.cpp,4124,25,generator_specific,0,0,1,46.235
bilateral_grid,cxx_default_on_emitted_cpp,cxx_add_to_sub,bilateral_grid.halide_generated.cpp,4125,25,generator_specific,0,0,1,51.936
bilateral_grid,cxx_default_on_emitted_cpp,cxx_add_to_sub,bilateral_grid.halide_generated.cpp,4126,25,generator_specific,0,0,1,49.738
bilateral_grid,cxx_default_on_emitted_cpp,cxx_add_to_sub,bilateral_grid.halide_generated.cpp,4127,25,generator_specific,0,0,1,53.891
bilateral_grid,cxx_default_on_emitted_cpp,cxx_add_to_sub,bilateral_grid.halide_generated.cpp,4129,25,generator_specific,0,0,1,51.740
bilateral_grid,cxx_default_on_emitted_cpp,cxx_add_to_sub,bilateral_grid.halide_generated.cpp,4130,26,generator_specific,0,0,1,56.144
bilateral_grid,cxx_default_on_emitted_cpp,cxx_add_to_sub,bilateral_grid.halide_generated.cpp,4132,26,generator_specific,0,0,1,48.622
bilateral_grid,cxx_default_on_emitted_cpp,cxx_add_to_sub,bilateral_grid.halide_generated.cpp,4141,26,generator_specific,0,0,1,52.569
bilateral_grid,cxx_default_on_emitted_cpp,cxx_add_to_sub,bilateral_grid.halide_generated.cpp,4143,26,generator_specific,0,0,1,56.780
bilateral_grid,cxx_default_on_emitted_cpp,cxx_add_to_sub,bilateral_grid.halide_generated.cpp,4146,25,generator_specific,0,0,1,50.544
bilateral_grid,cxx_default_on_emitted_cpp,cxx_add_to_sub,bilateral_grid.halide_generated.cpp,4147,25,generator_specific,0,0,1,45.690
bilateral_grid,cxx_default_on_emitted_cpp,cxx_add_to_sub,bilateral_grid.halide_generated.cpp,4148,25,generator_specific,0,0,1,53.411
bilateral_grid,cxx_default_on_emitted_cpp,cxx_add_to_sub,bilateral_grid.halide_generated.cpp,4149,25,generator_specific,0,0,1,56.850
bilateral_grid,cxx_default_on_emitted_cpp,cxx_add_to_sub,bilateral_grid.halide_generated.cpp,4158,22,generator_specific,0,0,0,44.942
bilateral_grid,cxx_default_on_emitted_cpp,cxx_add_to_sub,bilateral_grid.halide_generated.cpp,4160,22,generator_specific,0,0,0,47.859
bilateral_grid,cxx_default_on_emitted_cpp,cxx_add_to_sub,bilateral_grid.halide_generated.cpp,4163,23,generator_specific,0,0,0,56.490
bilateral_grid,cxx_default_on_emitted_cpp,cxx_add_to_sub,bilateral_grid.halide_generated.cpp,4166,23,generator_specific,0,0,0,42.910
bilateral_grid,cxx_default_on_emitted_cpp,cxx_add_to_sub,bilateral_grid.halide_generated.cpp,4168,22,generator_specific,0,0,0,56.594
bilateral_grid,cxx_default_on_emitted_cpp,cxx_add_to_sub,bilateral_grid.halide_generated.cpp,4171,23,generator_specific,0,0,1,39.823
bilateral_grid,cxx_default_on_emitted_cpp,cxx_add_to_sub,bilateral_grid.halide_generated.cpp,4172,22,generator_specific,0,0,1,50.446
bilateral_grid,cxx_default_on_emitted_cpp,cxx_add_to_sub,bilateral_grid.halide_generated.cpp,4176,24,generator_specific,-6,1,1,0.109
bilateral_grid,cxx_default_on_emitted_cpp,cxx_add_to_sub,bilateral_grid.halide_generated.cpp,4179,23,generator_specific,-11,1,1,0.106
bilateral_grid,cxx_default_on_emitted_cpp,cxx_add_to_sub,bilateral_grid.halide_generated.cpp,4196,24,generator_specific,0,0,1,50.568
bilateral_grid,cxx_default_on_emitted_cpp,cxx_add_to_sub,bilateral_grid.halide_generated.cpp,4199,24,generator_specific,0,0,0,52.599
bilateral_grid,cxx_default_on_emitted_cpp,cxx_add_to_sub,bilateral_grid.halide_generated.cpp,4200,23,generator_specific,0,0,1,46.624
bilateral_grid,cxx_default_on_emitted_cpp,cxx_add_to_sub,bilateral_grid.halide_generated.cpp,4202,23,generator_specific,0,0,0,54.457
bilateral_grid,cxx_default_on_emitted_cpp,cxx_add_to_sub,bilateral_grid.halide_generated.cpp,4206,24,generator_specific,0,0,0,55.222
bilateral_grid,cxx_default_on_emitted_cpp,cxx_add_to_sub,bilateral_grid.halide_generated.cpp,4209,24,generator_specific,0,0,0,43.394
bilateral_grid,cxx_default_on_emitted_cpp,cxx_add_to_sub,bilateral_grid.halide_generated.cpp,4210,23,generator_specific,0,0,0,51.112
bilateral_grid,cxx_default_on_emitted_cpp,cxx_add_to_sub,bilateral_grid.halide_generated.cpp,4212,24,generator_specific,0,0,0,47.772
bilateral_grid,cxx_default_on_emitted_cpp,cxx_add_to_sub,bilateral_grid.halide_generated.cpp,4219,25,generator_specific,-6,1,1,0.102
bilateral_grid,cxx_default_on_emitted_cpp,cxx_add_to_sub,bilateral_grid.halide_generated.cpp,4244,26,generator_specific,0,0,0,49.722
bilateral_grid,cxx_default_on_emitted_cpp,cxx_add_to_sub,bilateral_grid.halide_generated.cpp,4247,26,generator_specific,0,0,0,53.147
bilateral_grid,cxx_default_on_emitted_cpp,cxx_add_to_sub,bilateral_grid.halide_generated.cpp,4248,72,generator_specific,0,0,1,52.608
bilateral_grid,cxx_default_on_emitted_cpp,cxx_add_to_sub,bilateral_grid.halide_generated.cpp,4250,46,generator_specific,0,0,0,56.108
bilateral_grid,cxx_default_on_emitted_cpp,cxx_add_to_sub,bilateral_grid.halide_generated.cpp,4252,27,generator_specific,-6,1,1,0.101
bilateral_grid,cxx_default_on_emitted_cpp,cxx_add_to_sub,bilateral_grid.halide_generated.cpp,4253,73,generator_specific,0,0,1,41.727
bilateral_grid,cxx_default_on_emitted_cpp,cxx_add_to_sub,bilateral_grid.halide_generated.cpp,4256,47,generator_specific,-11,1,1,0.072
bilateral_grid,cxx_default_on_emitted_cpp,cxx_add_to_sub,bilateral_grid.halide_generated.cpp,4261,40,generator_specific,0,0,0,53.714
bilateral_grid,cxx_default_on_emitted_cpp,cxx_add_to_sub,bilateral_grid.halide_generated.cpp,4266,71,generator_specific,0,0,1,50.037
bilateral_grid,cxx_default_on_emitted_cpp,cxx_add_to_sub,bilateral_grid.halide_generated.cpp,4268,26,generator_specific,0,0,1,53.497
bilateral_grid,cxx_default_on_emitted_cpp,cxx_add_to_sub,bilateral_grid.halide_generated.cpp,4270,26,generator_specific,0,0,1,51.522
bilateral_grid,cxx_default_on_emitted_cpp,cxx_add_to_sub,bilateral_grid.halide_generated.cpp,4272,26,generator_specific,0,0,1,52.509
bilateral_grid,cxx_default_on_emitted_cpp,cxx_add_to_sub,bilateral_grid.halide_generated.cpp,4275,43,generator_specific,0,0,1,48.616
bilateral_grid,cxx_default_on_emitted_cpp,cxx_add_to_sub,bilateral_grid.halide_generated.cpp,4276,26,generator_specific,0,0,1,47.340
bilateral_grid,cxx_default_on_emitted_cpp,cxx_add_to_sub,bilateral_grid.halide_generated.cpp,4278,27,generator_specific,-11,1,1,1.104
bilateral_grid,cxx_default_on_emitted_cpp,cxx_add_to_sub,bilateral_grid.halide_generated.cpp,4284,44,generator_specific,0,0,1,47.465
bilateral_grid,cxx_default_on_emitted_cpp,cxx_add_to_sub,bilateral_grid.halide_generated.cpp,4285,27,generator_specific,0,0,1,53.880
bilateral_grid,cxx_default_on_emitted_cpp,cxx_add_to_sub,bilateral_grid.halide_generated.cpp,4287,28,generator_specific,0,0,1,46.691
bilateral_grid,cxx_default_on_emitted_cpp,cxx_add_to_sub,bilateral_grid.halide_generated.cpp,4289,28,generator_specific,0,0,1,44.227
bilateral_grid,cxx_default_on_emitted_cpp,cxx_add_to_sub,bilateral_grid.halide_generated.cpp,4297,26,generator_specific,0,0,1,57.701
bilateral_grid,cxx_default_on_emitted_cpp,cxx_add_to_sub,bilateral_grid.halide_generated.cpp,4301,47,generator_specific,0,0,1,52.142
bilateral_grid,cxx_default_on_emitted_cpp,cxx_add_to_sub,bilateral_grid.halide_generated.cpp,4303,26,generator_specific,0,0,1,46.340
bilateral_grid,cxx_default_on_emitted_cpp,cxx_add_to_sub,bilateral_grid.halide_generated.cpp,4305,44,generator_specific,0,0,1,55.508
bilateral_grid,cxx_default_on_emitted_cpp,cxx_add_to_sub,bilateral_grid.halide_generated.cpp,4306,27,generator_specific,0,0,0,47.801
bilateral_grid,cxx_default_on_emitted_cpp,cxx_add_to_sub,bilateral_grid.halide_generated.cpp,4308,28,generator_specific,0,0,1,47.230
bilateral_grid,cxx_default_on_emitted_cpp,cxx_add_to_sub,bilateral_grid.halide_generated.cpp,4310,28,generator_specific,0,0,1,44.275
bilateral_grid,cxx_default_on_emitted_cpp,cxx_add_to_sub,bilateral_grid.halide_generated.cpp,4318,26,generator_specific,0,0,1,46.851
bilateral_grid,cxx_default_on_emitted_cpp,cxx_add_to_sub,bilateral_grid.halide_generated.cpp,4322,28,generator_specific,0,0,1,46.932
bilateral_grid,cxx_default_on_emitted_cpp,cxx_add_to_sub,bilateral_grid.halide_generated.cpp,4324,26,generator_specific,0,0,1,42.630
bilateral_grid,cxx_default_on_emitted_cpp,cxx_add_to_sub,bilateral_grid.halide_generated.cpp,4330,25,generator_specific,0,0,1,51.173
bilateral_grid,cxx_default_on_emitted_cpp,cxx_add_to_sub,bilateral_grid.halide_generated.cpp,4338,51,generator_specific,0,0,1,51.770
bilateral_grid,cxx_default_on_emitted_cpp,cxx_add_to_sub,bilateral_grid.halide_generated.cpp,4341,26,generator_specific,0,0,1,52.566
bilateral_grid,cxx_default_on_emitted_cpp,cxx_add_to_sub,bilateral_grid.halide_generated.cpp,4342,25,generator_specific,0,0,1,44.874
bilateral_grid,cxx_default_on_emitted_cpp,cxx_add_to_sub,bilateral_grid.halide_generated.cpp,4345,26,generator_specific,0,0,1,53.300
bilateral_grid,cxx_default_on_emitted_cpp,cxx_add_to_sub,bilateral_grid.halide_generated.cpp,4348,26,generator_specific,0,0,1,50.085
bilateral_grid,cxx_default_on_emitted_cpp,cxx_add_to_sub,bilateral_grid.halide_generated.cpp,4349,26,generator_specific,-11,1,1,0.089
bilateral_grid,cxx_default_on_emitted_cpp,cxx_add_to_sub,bilateral_grid.halide_generated.cpp,4350,25,generator_specific,0,0,1,44.421
bilateral_grid,cxx_default_on_emitted_cpp,cxx_add_to_sub,bilateral_grid.halide_generated.cpp,4351,64,generator_specific,0,0,1,47.300
bilateral_grid,cxx_default_on_emitted_cpp,cxx_add_to_sub,bilateral_grid.halide_generated.cpp,4353,42,generator_specific,0,0,1,47.823
bilateral_grid,cxx_default_on_emitted_cpp,cxx_add_to_sub,bilateral_grid.halide_generated.cpp,4355,27,generator_specific,0,0,1,52.170
bilateral_grid,cxx_default_on_emitted_cpp,cxx_add_to_sub,bilateral_grid.halide_generated.cpp,4357,27,generator_specific,0,0,1,46.922
bilateral_grid,cxx_default_on_emitted_cpp,cxx_add_to_sub,bilateral_grid.halide_generated.cpp,4359,27,generator_specific,0,0,1,51.096
bilateral_grid,cxx_default_on_emitted_cpp,cxx_add_to_sub,bilateral_grid.halide_generated.cpp,4369,27,generator_specific,0,0,1,48.025
bilateral_grid,cxx_default_on_emitted_cpp,cxx_add_to_sub,bilateral_grid.halide_generated.cpp,4371,27,generator_specific,0,0,1,53.888
bilateral_grid,cxx_default_on_emitted_cpp,cxx_add_to_sub,bilateral_grid.halide_generated.cpp,4374,26,generator_specific,0,0,1,54.680
bilateral_grid,cxx_default_on_emitted_cpp,cxx_add_to_sub,bilateral_grid.halide_generated.cpp,4375,26,generator_specific,0,0,1,53.043
bilateral_grid,cxx_default_on_emitted_cpp,cxx_add_to_sub,bilateral_grid.halide_generated.cpp,4376,26,generator_specific,0,0,1,52.526
bilateral_grid,cxx_default_on_emitted_cpp,cxx_add_to_sub,bilateral_grid.halide_generated.cpp,4377,26,generator_specific,0,0,1,44.717
bilateral_grid,cxx_default_on_emitted_cpp,cxx_add_to_sub,bilateral_grid.halide_generated.cpp,4378,27,generator_specific,0,0,1,49.865
bilateral_grid,cxx_default_on_emitted_cpp,cxx_add_to_sub,bilateral_grid.halide_generated.cpp,4380,27,generator_specific,-11,1,1,0.102
bilateral_grid,cxx_default_on_emitted_cpp,cxx_add_to_sub,bilateral_grid.halide_generated.cpp,4382,42,generator_specific,0,0,1,55.207
bilateral_grid,cxx_default_on_emitted_cpp,cxx_add_to_sub,bilateral_grid.halide_generated.cpp,4384,27,generator_specific,0,0,1,43.669
bilateral_grid,cxx_default_on_emitted_cpp,cxx_add_to_sub,bilateral_grid.halide_generated.cpp,4386,27,generator_specific,-11,1,1,0.102
bilateral_grid,cxx_default_on_emitted_cpp,cxx_add_to_sub,bilateral_grid.halide_generated.cpp,4388,27,generator_specific,0,0,1,49.953
bilateral_grid,cxx_default_on_emitted_cpp,cxx_add_to_sub,bilateral_grid.halide_generated.cpp,4398,27,generator_specific,-11,1,1,0.098
bilateral_grid,cxx_default_on_emitted_cpp,cxx_add_to_sub,bilateral_grid.halide_generated.cpp,4400,27,generator_specific,0,0,1,45.098
bilateral_grid,cxx_default_on_emitted_cpp,cxx_add_to_sub,bilateral_grid.halide_generated.cpp,4403,26,generator_specific,0,0,1,51.741
bilateral_grid,cxx_default_on_emitted_cpp,cxx_add_to_sub,bilateral_grid.halide_generated.cpp,4404,26,generator_specific,0,0,1,55.077
bilateral_grid,cxx_default_on_emitted_cpp,cxx_add_to_sub,bilateral_grid.halide_generated.cpp,4405,26,generator_specific,0,0,1,49.276
bilateral_grid,cxx_default_on_emitted_cpp,cxx_add_to_sub,bilateral_grid.halide_generated.cpp,4406,26,generator_specific,0,0,1,43.915
bilateral_grid,cxx_default_on_emitted_cpp,cxx_add_to_sub,bilateral_grid.halide_generated.cpp,4407,27,generator_specific,0,0,1,53.506
bilateral_grid,cxx_default_on_emitted_cpp,cxx_add_to_sub,bilateral_grid.halide_generated.cpp,4409,27,generator_specific,-11,1,1,0.102
bilateral_grid,cxx_default_on_emitted_cpp,cxx_add_to_sub,bilateral_grid.halide_generated.cpp,4416,22,generator_specific,0,0,1,50.950
bilateral_grid,cxx_default_on_emitted_cpp,cxx_add_to_sub,bilateral_grid.halide_generated.cpp,4420,23,generator_specific,0,0,1,51.182
bilateral_grid,cxx_default_on_emitted_cpp,cxx_add_to_sub,bilateral_grid.halide_generated.cpp,4421,23,generator_specific,0,0,1,51.286
bilateral_grid,cxx_default_on_emitted_cpp,cxx_add_to_sub,bilateral_grid.halide_generated.cpp,4422,62,generator_specific,0,0,1,53.304
bilateral_grid,cxx_default_on_emitted_cpp,cxx_add_to_sub,bilateral_grid.halide_generated.cpp,4425,25,generator_specific,0,0,1,55.453
bilateral_grid,cxx_default_on_emitted_cpp,cxx_add_to_sub,bilateral_grid.halide_generated.cpp,4428,25,generator_specific,0,0,1,53.126
bilateral_grid,cxx_default_on_emitted_cpp,cxx_add_to_sub,bilateral_grid.halide_generated.cpp,4429,25,generator_specific,-11,1,1,1.586
bilateral_grid,cxx_default_on_emitted_cpp,cxx_add_to_sub,bilateral_grid.halide_generated.cpp,4430,24,generator_specific,0,0,1,53.498
bilateral_grid,cxx_default_on_emitted_cpp,cxx_add_to_sub,bilateral_grid.halide_generated.cpp,4431,51,generator_specific,0,0,1,52.649
bilateral_grid,cxx_default_on_emitted_cpp,cxx_add_to_sub,bilateral_grid.halide_generated.cpp,4434,26,generator_specific,0,0,0,45.227
bilateral_grid,cxx_default_on_emitted_cpp,cxx_add_to_sub,bilateral_grid.halide_generated.cpp,4436,26,generator_specific,-11,1,1,0.102
bilateral_grid,cxx_default_on_emitted_cpp,cxx_add_to_sub,bilateral_grid.halide_generated.cpp,4437,26,generator_specific,0,0,1,46.316
bilateral_grid,cxx_default_on_emitted_cpp,cxx_add_to_sub,bilateral_grid.halide_generated.cpp,4439,26,generator_specific,0,0,1,51.272
bilateral_grid,cxx_default_on_emitted_cpp,cxx_add_to_sub,bilateral_grid.halide_generated.cpp,4448,26,generator_specific,0,0,1,52.257
bilateral_grid,cxx_default_on_emitted_cpp,cxx_add_to_sub,bilateral_grid.halide_generated.cpp,4450,26,generator_specific,0,0,1,51.317
bilateral_grid,cxx_default_on_emitted_cpp,cxx_add_to_sub,bilateral_grid.halide_generated.cpp,4453,25,generator_specific,0,0,1,50.846
bilateral_grid,cxx_default_on_emitted_cpp,cxx_add_to_sub,bilateral_grid.halide_generated.cpp,4454,25,generator_specific,0,0,1,42.265
bilateral_grid,cxx_default_on_emitted_cpp,cxx_add_to_sub,bilateral_grid.halide_generated.cpp,4455,25,generator_specific,0,0,1,51.263
bilateral_grid,cxx_default_on_emitted_cpp,cxx_add_to_sub,bilateral_grid.halide_generated.cpp,4456,25,generator_specific,0,0,1,56.979
bilateral_grid,cxx_default_on_emitted_cpp,cxx_add_to_sub,bilateral_grid.halide_generated.cpp,4457,26,generator_specific,-11,1,1,0.185
bilateral_grid,cxx_default_on_emitted_cpp,cxx_add_to_sub,bilateral_grid.halide_generated.cpp,4459,26,generator_specific,0,0,1,52.762
bilateral_grid,cxx_default_on_emitted_cpp,cxx_add_to_sub,bilateral_grid.halide_generated.cpp,4460,26,generator_specific,0,0,1,56.616
bilateral_grid,cxx_default_on_emitted_cpp,cxx_add_to_sub,bilateral_grid.halide_generated.cpp,4462,26,generator_specific,0,0,1,46.801
bilateral_grid,cxx_default_on_emitted_cpp,cxx_add_to_sub,bilateral_grid.halide_generated.cpp,4471,26,generator_specific,0,0,1,46.083
bilateral_grid,cxx_default_on_emitted_cpp,cxx_add_to_sub,bilateral_grid.halide_generated.cpp,4473,26,generator_specific,0,0,1,48.262
bilateral_grid,cxx_default_on_emitted_cpp,cxx_add_to_sub,bilateral_grid.halide_generated.cpp,4476,25,generator_specific,0,0,1,55.825
bilateral_grid,cxx_default_on_emitted_cpp,cxx_add_to_sub,bilateral_grid.halide_generated.cpp,4477,25,generator_specific,0,0,1,45.601
bilateral_grid,cxx_default_on_emitted_cpp,cxx_add_to_sub,bilateral_grid.halide_generated.cpp,4478,25,generator_specific,0,0,1,51.265
bilateral_grid,cxx_default_on_emitted_cpp,cxx_add_to_sub,bilateral_grid.halide_generated.cpp,4479,25,generator_specific,0,0,1,47.326
bilateral_grid,cxx_default_on_emitted_cpp,cxx_add_to_sub,bilateral_grid.halide_generated.cpp,4480,26,generator_specific,-11,1,1,2.040
bilateral_grid,cxx_default_on_emitted_cpp,cxx_add_to_sub,bilateral_grid.halide_generated.cpp,4592,22,generator_specific,0,0,0,50.499
bilateral_grid,cxx_default_on_emitted_cpp,cxx_add_to_sub,bilateral_grid.halide_generated.cpp,4595,22,generator_specific,0,0,1,54.174
bilateral_grid,cxx_default_on_emitted_cpp,cxx_add_to_sub,bilateral_grid.halide_generated.cpp,4596,22,generator_specific,0,0,1,53.959
bilateral_grid,cxx_default_on_emitted_cpp,cxx_add_to_sub,bilateral_grid.halide_generated.cpp,4599,23,generator_specific,-6,1,1,1.566
bilateral_grid,cxx_default_on_emitted_cpp,cxx_add_to_sub,bilateral_grid.halide_generated.cpp,4601,23,generator_specific,0,0,0,54.674
bilateral_grid,cxx_default_on_emitted_cpp,cxx_add_to_sub,bilateral_grid.halide_generated.cpp,4603,23,generator_specific,-6,1,1,1.563
bilateral_grid,cxx_default_on_emitted_cpp,cxx_add_to_sub,bilateral_grid.halide_generated.cpp,4606,23,generator_specific,-6,1,1,1.570
bilateral_grid,cxx_default_on_emitted_cpp,cxx_add_to_sub,bilateral_grid.halide_generated.cpp,4623,23,generator_specific,-11,1,1,4.244
bilateral_grid,cxx_default_on_emitted_cpp,cxx_add_to_sub,bilateral_grid.halide_generated.cpp,4627,23,generator_specific,0,0,1,52.930
bilateral_grid,cxx_default_on_emitted_cpp,cxx_add_to_sub,bilateral_grid.halide_generated.cpp,4630,23,generator_specific,0,0,1,55.072
bilateral_grid,cxx_default_on_emitted_cpp,cxx_add_to_sub,bilateral_grid.halide_generated.cpp,4634,23,generator_specific,0,0,1,34.827
bilateral_grid,cxx_default_on_emitted_cpp,cxx_add_to_sub,bilateral_grid.halide_generated.cpp,4635,61,generator_specific,0,0,1,53.657
bilateral_grid,cxx_default_on_emitted_cpp,cxx_add_to_sub,bilateral_grid.halide_generated.cpp,4642,24,generator_specific,0,0,1,53.320
bilateral_grid,cxx_default_on_emitted_cpp,cxx_add_to_sub,bilateral_grid.halide_generated.cpp,4643,24,generator_specific,0,0,1,44.160
bilateral_grid,cxx_default_on_emitted_cpp,cxx_add_to_sub,bilateral_grid.halide_generated.cpp,4644,24,generator_specific,0,0,1,45.293
bilateral_grid,cxx_default_on_emitted_cpp,cxx_add_to_sub,bilateral_grid.halide_generated.cpp,4645,24,generator_specific,-11,1,1,4.078
bilateral_grid,cxx_default_on_emitted_cpp,cxx_add_to_sub,bilateral_grid.halide_generated.cpp,4646,24,generator_specific,0,0,1,52.929
bilateral_grid,cxx_default_on_emitted_cpp,cxx_add_to_sub,bilateral_grid.halide_generated.cpp,4647,62,generator_specific,0,0,1,47.009
bilateral_grid,cxx_default_on_emitted_cpp,cxx_add_to_sub,bilateral_grid.halide_generated.cpp,4649,40,generator_specific,-11,1,1,4.585
bilateral_grid,cxx_default_on_emitted_cpp,cxx_add_to_sub,bilateral_grid.halide_generated.cpp,4650,25,generator_specific,0,0,1,45.319
bilateral_grid,cxx_default_on_emitted_cpp,cxx_add_to_sub,bilateral_grid.halide_generated.cpp,4651,25,generator_specific,0,0,1,46.868
bilateral_grid,cxx_default_on_emitted_cpp,cxx_add_to_sub,bilateral_grid.halide_generated.cpp,4653,25,generator_specific,-11,1,1,4.463
bilateral_grid,cxx_default_on_emitted_cpp,cxx_add_to_sub,bilateral_grid.halide_generated.cpp,4654,25,generator_specific,0,0,1,45.714
bilateral_grid,cxx_default_on_emitted_cpp,cxx_add_to_sub,bilateral_grid.halide_generated.cpp,4656,25,generator_specific,-11,1,1,1.563
bilateral_grid,cxx_default_on_emitted_cpp,cxx_add_to_sub,bilateral_grid.halide_generated.cpp,4657,25,generator_specific,0,0,1,45.727
bilateral_grid,cxx_default_on_emitted_cpp,cxx_add_to_sub,bilateral_grid.halide_generated.cpp,4658,51,generator_specific,0,0,1,52.011
bilateral_grid,cxx_default_on_emitted_cpp,cxx_add_to_sub,bilateral_grid.halide_generated.cpp,4661,26,generator_specific,0,0,0,56.547
bilateral_grid,cxx_default_on_emitted_cpp,cxx_add_to_sub,bilateral_grid.halide_generated.cpp,4663,26,generator_specific,-11,1,1,4.054
bilateral_grid,cxx_default_on_emitted_cpp,cxx_add_to_sub,bilateral_grid.halide_generated.cpp,4665,26,generator_specific,-11,1,1,3.991
bilateral_grid,cxx_default_on_emitted_cpp,cxx_add_to_sub,bilateral_grid.halide_generated.cpp,4666,26,generator_specific,0,0,1,54.978
bilateral_grid,cxx_default_on_emitted_cpp,cxx_add_to_sub,bilateral_grid.halide_generated.cpp,4668,26,generator_specific,-11,1,1,4.228
bilateral_grid,cxx_default_on_emitted_cpp,cxx_add_to_sub,bilateral_grid.halide_generated.cpp,4669,26,generator_specific,0,0,1,43.870
bilateral_grid,cxx_default_on_emitted_cpp,cxx_add_to_sub,bilateral_grid.halide_generated.cpp,4679,26,generator_specific,-11,1,1,3.958
bilateral_grid,cxx_default_on_emitted_cpp,cxx_add_to_sub,bilateral_grid.halide_generated.cpp,4680,26,generator_specific,0,0,1,49.332
bilateral_grid,cxx_default_on_emitted_cpp,cxx_add_to_sub,bilateral_grid.halide_generated.cpp,4683,26,generator_specific,0,0,1,42.257
bilateral_grid,cxx_default_on_emitted_cpp,cxx_add_to_sub,bilateral_grid.halide_generated.cpp,4686,25,generator_specific,0,0,1,51.714
bilateral_grid,cxx_default_on_emitted_cpp,cxx_add_to_sub,bilateral_grid.halide_generated.cpp,4687,25,generator_specific,0,0,1,46.621
bilateral_grid,cxx_default_on_emitted_cpp,cxx_add_to_sub,bilateral_grid.halide_generated.cpp,4688,25,generator_specific,0,0,1,53.465
bilateral_grid,cxx_default_on_emitted_cpp,cxx_add_to_sub,bilateral_grid.halide_generated.cpp,4689,25,generator_specific,0,0,1,53.189
bilateral_grid,cxx_default_on_emitted_cpp,cxx_add_to_sub,bilateral_grid.halide_generated.cpp,4690,26,generator_specific,0,0,1,50.730
bilateral_grid,cxx_default_on_emitted_cpp,cxx_add_to_sub,bilateral_grid.halide_generated.cpp,4692,26,generator_specific,-11,1,1,1.487
bilateral_grid,cxx_default_on_emitted_cpp,cxx_add_to_sub,bilateral_grid.halide_generated.cpp,4695,26,generator_specific,-11,1,1,4.262
bilateral_grid,cxx_default_on_emitted_cpp,cxx_add_to_sub,bilateral_grid.halide_generated.cpp,4697,26,generator_specific,-11,1,1,4.250
bilateral_grid,cxx_default_on_emitted_cpp,cxx_add_to_sub,bilateral_grid.halide_generated.cpp,4698,26,generator_specific,0,0,1,52.185
bilateral_grid,cxx_default_on_emitted_cpp,cxx_add_to_sub,bilateral_grid.halide_generated.cpp,4700,26,generator_specific,-11,1,1,4.210
bilateral_grid,cxx_default_on_emitted_cpp,cxx_add_to_sub,bilateral_grid.halide_generated.cpp,4701,26,generator_specific,0,0,1,50.253
bilateral_grid,cxx_default_on_emitted_cpp,cxx_add_to_sub,bilateral_grid.halide_generated.cpp,4711,26,generator_specific,-11,1,1,4.252
bilateral_grid,cxx_default_on_emitted_cpp,cxx_add_to_sub,bilateral_grid.halide_generated.cpp,4712,26,generator_specific,0,0,1,46.674
bilateral_grid,cxx_default_on_emitted_cpp,cxx_add_to_sub,bilateral_grid.halide_generated.cpp,4715,26,generator_specific,0,0,1,55.694
bilateral_grid,cxx_default_on_emitted_cpp,cxx_add_to_sub,bilateral_grid.halide_generated.cpp,4718,25,generator_specific,0,0,1,51.585
bilateral_grid,cxx_default_on_emitted_cpp,cxx_add_to_sub,bilateral_grid.halide_generated.cpp,4719,25,generator_specific,0,0,1,52.431
bilateral_grid,cxx_default_on_emitted_cpp,cxx_add_to_sub,bilateral_grid.halide_generated.cpp,4720,25,generator_specific,0,0,1,46.743
bilateral_grid,cxx_default_on_emitted_cpp,cxx_add_to_sub,bilateral_grid.halide_generated.cpp,4721,25,generator_specific,0,0,1,43.776
bilateral_grid,cxx_default_on_emitted_cpp,cxx_add_to_sub,bilateral_grid.halide_generated.cpp,4722,26,generator_specific,0,0,1,51.289
bilateral_grid,cxx_default_on_emitted_cpp,cxx_add_to_sub,bilateral_grid.halide_generated.cpp,4724,26,generator_specific,-11,1,1,1.474
bilateral_grid,cxx_default_on_emitted_cpp,cxx_add_to_sub,bilateral_grid.halide_generated.cpp,4725,26,generator_specific,-11,1,1,1.566
bilateral_grid,cxx_default_on_emitted_cpp,cxx_add_to_sub,bilateral_grid.halide_generated.cpp,4729,40,generator_specific,-11,1,1,4.646
bilateral_grid,cxx_default_on_emitted_cpp,cxx_add_to_sub,bilateral_grid.halide_generated.cpp,4730,25,generator_specific,0,0,1,44.536
bilateral_grid,cxx_default_on_emitted_cpp,cxx_add_to_sub,bilateral_grid.halide_generated.cpp,4731,25,generator_specific,0,0,1,49.953
bilateral_grid,cxx_default_on_emitted_cpp,cxx_add_to_sub,bilateral_grid.halide_generated.cpp,4733,25,generator_specific,0,0,1,54.353
bilateral_grid,cxx_default_on_emitted_cpp,cxx_add_to_sub,bilateral_grid.halide_generated.cpp,4734,25,generator_specific,-11,1,1,4.590
bilateral_grid,cxx_default_on_emitted_cpp,cxx_add_to_sub,bilateral_grid.halide_generated.cpp,4736,25,generator_specific,-11,1,1,1.551
bilateral_grid,cxx_default_on_emitted_cpp,cxx_add_to_sub,bilateral_grid.halide_generated.cpp,4737,51,generator_specific,0,0,1,46.883
bilateral_grid,cxx_default_on_emitted_cpp,cxx_add_to_sub,bilateral_grid.halide_generated.cpp,4740,26,generator_specific,-11,1,1,4.184
bilateral_grid,cxx_default_on_emitted_cpp,cxx_add_to_sub,bilateral_grid.halide_generated.cpp,4741,26,generator_specific,0,0,1,47.243
bilateral_grid,cxx_default_on_emitted_cpp,cxx_add_to_sub,bilateral_grid.halide_generated.cpp,4743,26,generator_specific,-11,1,1,4.240
bilateral_grid,cxx_default_on_emitted_cpp,cxx_add_to_sub,bilateral_grid.halide_generated.cpp,4744,26,generator_specific,0,0,1,48.103
bilateral_grid,cxx_default_on_emitted_cpp,cxx_add_to_sub,bilateral_grid.halide_generated.cpp,4754,26,generator_specific,-11,1,1,4.254
bilateral_grid,cxx_default_on_emitted_cpp,cxx_add_to_sub,bilateral_grid.halide_generated.cpp,4755,26,generator_specific,0,0,1,50.311
bilateral_grid,cxx_default_on_emitted_cpp,cxx_add_to_sub,bilateral_grid.halide_generated.cpp,4758,26,generator_specific,0,0,1,49.004
bilateral_grid,cxx_default_on_emitted_cpp,cxx_add_to_sub,bilateral_grid.halide_generated.cpp,4761,25,generator_specific,0,0,1,43.908
bilateral_grid,cxx_default_on_emitted_cpp,cxx_add_to_sub,bilateral_grid.halide_generated.cpp,4762,25,generator_specific,0,0,1,44.663
bilateral_grid,cxx_default_on_emitted_cpp,cxx_add_to_sub,bilateral_grid.halide_generated.cpp,4763,25,generator_specific,0,0,1,44.192
bilateral_grid,cxx_default_on_emitted_cpp,cxx_add_to_sub,bilateral_grid.halide_generated.cpp,4764,25,generator_specific,0,0,1,54.657
bilateral_grid,cxx_default_on_emitted_cpp,cxx_add_to_sub,bilateral_grid.halide_generated.cpp,4765,26,generator_specific,0,0,1,41.492
bilateral_grid,cxx_default_on_emitted_cpp,cxx_add_to_sub,bilateral_grid.halide_generated.cpp,4769,26,generator_specific,-11,1,1,4.084
bilateral_grid,cxx_default_on_emitted_cpp,cxx_add_to_sub,bilateral_grid.halide_generated.cpp,4770,26,generator_specific,0,0,1,51.073
bilateral_grid,cxx_default_on_emitted_cpp,cxx_add_to_sub,bilateral_grid.halide_generated.cpp,4772,26,generator_specific,-11,1,1,3.748
bilateral_grid,cxx_default_on_emitted_cpp,cxx_add_to_sub,bilateral_grid.halide_generated.cpp,4773,26,generator_specific,0,0,1,56.815
bilateral_grid,cxx_default_on_emitted_cpp,cxx_add_to_sub,bilateral_grid.halide_generated.cpp,4783,26,generator_specific,-11,1,1,2.398
bilateral_grid,cxx_default_on_emitted_cpp,cxx_add_to_sub,bilateral_grid.halide_generated.cpp,4784,26,generator_specific,0,0,1,51.086
bilateral_grid,cxx_default_on_emitted_cpp,cxx_add_to_sub,bilateral_grid.halide_generated.cpp,4787,26,generator_specific,0,0,1,55.610
bilateral_grid,cxx_default_on_emitted_cpp,cxx_add_to_sub,bilateral_grid.halide_generated.cpp,4790,25,generator_specific,0,0,1,52.477
bilateral_grid,cxx_default_on_emitted_cpp,cxx_add_to_sub,bilateral_grid.halide_generated.cpp,4791,25,generator_specific,0,0,1,44.651
bilateral_grid,cxx_default_on_emitted_cpp,cxx_add_to_sub,bilateral_grid.halide_generated.cpp,4792,25,generator_specific,0,0,1,54.511
bilateral_grid,cxx_default_on_emitted_cpp,cxx_add_to_sub,bilateral_grid.halide_generated.cpp,4793,25,generator_specific,0,0,1,53.183
bilateral_grid,cxx_default_on_emitted_cpp,cxx_add_to_sub,bilateral_grid.halide_generated.cpp,4794,26,generator_specific,0,0,1,52.879
bilateral_grid,cxx_default_on_emitted_cpp,cxx_add_to_sub,bilateral_grid.halide_generated.cpp,4795,26,generator_specific,0,0,1,50.458
bilateral_grid,cxx_default_on_emitted_cpp,cxx_add_to_sub,bilateral_grid.halide_generated.cpp,4802,23,generator_specific,-11,1,1,2.022
bilateral_grid,cxx_default_on_emitted_cpp,cxx_add_to_sub,bilateral_grid.halide_generated.cpp,4807,43,generator_specific,-11,1,1,1.982
bilateral_grid,cxx_default_on_emitted_cpp,cxx_add_to_sub,bilateral_grid.halide_generated.cpp,4808,43,generator_specific,0,0,0,51.419
bilateral_grid,cxx_default_on_emitted_cpp,cxx_add_to_sub,bilateral_grid.halide_generated.cpp,4812,24,generator_specific,0,0,0,45.078
bilateral_grid,cxx_default_on_emitted_cpp,cxx_add_to_sub,bilateral_grid.halide_generated.cpp,4814,24,generator_specific,0,0,0,51.052
bilateral_grid,cxx_default_on_emitted_cpp,cxx_add_to_sub,bilateral_grid.halide_generated.cpp,4817,68,generator_specific,0,0,1,31.117
bilateral_grid,cxx_default_on_emitted_cpp,cxx_add_to_sub,bilateral_grid.halide_generated.cpp,4820,25,generator_specific,0,0,1,50.601
bilateral_grid,cxx_default_on_emitted_cpp,cxx_add_to_sub,bilateral_grid.halide_generated.cpp,4831,25,generator_specific,0,0,0,55.177
bilateral_grid,cxx_default_on_emitted_cpp,cxx_add_to_sub,bilateral_grid.halide_generated.cpp,4838,25,generator_specific,0,0,1,55.371
bilateral_grid,cxx_default_on_emitted_cpp,cxx_add_to_sub,bilateral_grid.halide_generated.cpp,4846,27,generator_specific,0,0,0,52.956
bilateral_grid,cxx_default_on_emitted_cpp,cxx_add_to_sub,bilateral_grid.halide_generated.cpp,4848,27,generator_specific,0,0,0,48.310
bilateral_grid,cxx_default_on_emitted_cpp,cxx_add_to_sub,bilateral_grid.halide_generated.cpp,4849,27,generator_specific,0,0,1,54.272
bilateral_grid,cxx_default_on_emitted_cpp,cxx_add_to_sub,bilateral_grid.halide_generated.cpp,4856,25,generator_specific,0,0,1,51.821
bilateral_grid,cxx_default_on_emitted_cpp,cxx_add_to_sub,bilateral_grid.halide_generated.cpp,4863,27,generator_specific,0,0,1,42.184
bilateral_grid,cxx_default_on_emitted_cpp,cxx_add_to_sub,bilateral_grid.halide_generated.cpp,4867,24,generator_specific,0,0,1,51.550
bilateral_grid,cxx_default_on_emitted_cpp,cxx_add_to_sub,bilateral_grid.halide_generated.cpp,4874,28,generator_specific,-11,1,1,1.537
bilateral_grid,cxx_default_on_emitted_cpp,cxx_add_to_sub,bilateral_grid.halide_generated.cpp,4877,26,generator_specific,0,0,1,51.288
bilateral_grid,cxx_default_on_emitted_cpp,cxx_add_to_sub,bilateral_grid.halide_generated.cpp,4879,28,generator_specific,-11,1,1,1.554
bilateral_grid,cxx_default_on_emitted_cpp,cxx_add_to_sub,bilateral_grid.halide_generated.cpp,4883,26,generator_specific,0,0,1,54.671
bilateral_grid,cxx_default_on_emitted_cpp,cxx_add_to_sub,bilateral_grid.halide_generated.cpp,4887,26,generator_specific,0,0,1,47.222
bilateral_grid,cxx_default_on_emitted_cpp,cxx_add_to_sub,bilateral_grid.halide_generated.cpp,4894,28,generator_specific,0,0,1,53.908
bilateral_grid,cxx_default_on_emitted_cpp,cxx_add_to_sub,bilateral_grid.halide_generated.cpp,4898,26,generator_specific,0,0,1,47.177
bilateral_grid,cxx_default_on_emitted_cpp,cxx_add_to_sub,bilateral_grid.halide_generated.cpp,4900,28,generator_specific,0,0,1,42.561
bilateral_grid,cxx_default_on_emitted_cpp,cxx_add_to_sub,bilateral_grid.halide_generated.cpp,4904,26,generator_specific,0,0,1,48.017
bilateral_grid,cxx_default_on_emitted_cpp,cxx_add_to_sub,bilateral_grid.halide_generated.cpp,4907,26,generator_specific,0,0,1,39.472
bilateral_grid,cxx_default_on_emitted_cpp,cxx_add_to_sub,bilateral_grid.halide_generated.cpp,4909,28,generator_specific,-11,1,1,1.539
bilateral_grid,cxx_default_on_emitted_cpp,cxx_add_to_sub,bilateral_grid.halide_generated.cpp,4912,26,generator_specific,0,0,1,53.174
bilateral_grid,cxx_default_on_emitted_cpp,cxx_add_to_sub,bilateral_grid.halide_generated.cpp,4914,28,generator_specific,-11,1,1,1.546
bilateral_grid,cxx_default_on_emitted_cpp,cxx_add_to_sub,bilateral_grid.halide_generated.cpp,4918,26,generator_specific,0,0,1,48.326
bilateral_grid,cxx_default_on_emitted_cpp,cxx_add_to_sub,bilateral_grid.halide_generated.cpp,4921,26,generator_specific,0,0,1,51.967
bilateral_grid,cxx_default_on_emitted_cpp,cxx_add_to_sub,bilateral_grid.halide_generated.cpp,4924,26,generator_specific,0,0,1,50.100
bilateral_grid,cxx_default_on_emitted_cpp,cxx_add_to_sub,bilateral_grid.halide_generated.cpp,4929,28,generator_specific,0,0,1,54.235
bilateral_grid,cxx_default_on_emitted_cpp,cxx_add_to_sub,bilateral_grid.halide_generated.cpp,4933,26,generator_specific,0,0,1,48.412
bilateral_grid,cxx_default_on_emitted_cpp,cxx_add_to_sub,bilateral_grid.halide_generated.cpp,4935,28,generator_specific,0,0,1,51.784
bilateral_grid,cxx_default_on_emitted_cpp,cxx_add_to_sub,bilateral_grid.halide_generated.cpp,4939,26,generator_specific,0,0,1,53.089
bilateral_grid,cxx_default_on_emitted_cpp,cxx_add_to_sub,bilateral_grid.halide_generated.cpp,4942,26,generator_specific,0,0,1,46.178
bilateral_grid,cxx_default_on_emitted_cpp,cxx_add_to_sub,bilateral_grid.halide_generated.cpp,4944,28,generator_specific,-11,1,1,1.563
bilateral_grid,cxx_default_on_emitted_cpp,cxx_add_to_sub,bilateral_grid.halide_generated.cpp,4947,26,generator_specific,0,0,1,52.628
bilateral_grid,cxx_default_on_emitted_cpp,cxx_add_to_sub,bilateral_grid.halide_generated.cpp,4949,28,generator_specific,-11,1,1,1.544
bilateral_grid,cxx_default_on_emitted_cpp,cxx_add_to_sub,bilateral_grid.halide_generated.cpp,4953,26,generator_specific,0,0,1,49.890
bilateral_grid,cxx_default_on_emitted_cpp,cxx_add_to_sub,bilateral_grid.halide_generated.cpp,4956,26,generator_specific,0,0,1,44.446
bilateral_grid,cxx_default_on_emitted_cpp,cxx_add_to_sub,bilateral_grid.halide_generated.cpp,4962,28,generator_specific,0,0,1,51.052
bilateral_grid,cxx_default_on_emitted_cpp,cxx_add_to_sub,bilateral_grid.halide_generated.cpp,4966,26,generator_specific,0,0,1,54.753
bilateral_grid,cxx_default_on_emitted_cpp,cxx_add_to_sub,bilateral_grid.halide_generated.cpp,4968,28,generator_specific,0,0,1,46.711
bilateral_grid,cxx_default_on_emitted_cpp,cxx_add_to_sub,bilateral_grid.halide_generated.cpp,4972,26,generator_specific,0,0,1,43.859
bilateral_grid,cxx_default_on_emitted_cpp,cxx_add_to_sub,bilateral_grid.halide_generated.cpp,4975,26,generator_specific,0,0,1,47.419
bilateral_grid,cxx_default_on_emitted_cpp,cxx_add_to_sub,bilateral_grid.halide_generated.cpp,4977,28,generator_specific,-11,1,1,1.574
bilateral_grid,cxx_default_on_emitted_cpp,cxx_add_to_sub,bilateral_grid.halide_generated.cpp,4980,26,generator_specific,0,0,1,42.193
bilateral_grid,cxx_default_on_emitted_cpp,cxx_add_to_sub,bilateral_grid.halide_generated.cpp,4982,28,generator_specific,-11,1,1,1.495
bilateral_grid,cxx_default_on_emitted_cpp,cxx_add_to_sub,bilateral_grid.halide_generated.cpp,4986,26,generator_specific,0,0,1,51.744
bilateral_grid,cxx_default_on_emitted_cpp,cxx_add_to_sub,bilateral_grid.halide_generated.cpp,4989,26,generator_specific,0,0,1,42.565
bilateral_grid,cxx_default_on_emitted_cpp,cxx_add_to_sub,bilateral_grid.halide_generated.cpp,4992,26,generator_specific,0,0,1,44.739
bilateral_grid,cxx_default_on_emitted_cpp,cxx_add_to_sub,bilateral_grid.halide_generated.cpp,4995,26,generator_specific,-11,1,1,1.961
bilateral_grid,cxx_default_on_emitted_cpp,cxx_add_to_sub,bilateral_grid.halide_generated.cpp,5000,45,generator_specific,0,0,0,45.278
bilateral_grid,cxx_default_on_emitted_cpp,cxx_add_to_sub,bilateral_grid.halide_generated.cpp,5002,27,generator_specific,0,0,0,39.699
bilateral_grid,cxx_default_on_emitted_cpp,cxx_add_to_sub,bilateral_grid.halide_generated.cpp,5003,27,generator_specific,0,0,0,38.997
bilateral_grid,cxx_default_on_emitted_cpp,cxx_add_to_sub,bilateral_grid.halide_generated.cpp,5014,26,generator_specific,0,0,0,47.118
bilateral_grid,cxx_default_on_emitted_cpp,cxx_add_to_sub,bilateral_grid.halide_generated.cpp,5021,26,generator_specific,0,0,0,44.945
bilateral_grid,cxx_default_on_emitted_cpp,cxx_add_to_sub,bilateral_grid.halide_generated.cpp,5029,29,generator_specific,0,0,0,39.923
bilateral_grid,cxx_default_on_emitted_cpp,cxx_add_to_sub,bilateral_grid.halide_generated.cpp,5030,29,generator_specific,0,0,0,41.735
bilateral_grid,cxx_default_on_emitted_cpp,cxx_add_to_sub,bilateral_grid.halide_generated.cpp,5031,45,generator_specific,0,0,0,44.167
bilateral_grid,cxx_default_on_emitted_cpp,cxx_add_to_sub,bilateral_grid.halide_generated.cpp,5035,29,generator_specific,0,0,0,39.745
bilateral_grid,cxx_default_on_emitted_cpp,cxx_add_to_sub,bilateral_grid.halide_generated.cpp,5044,26,generator_specific,0,0,0,37.737
bilateral_grid,cxx_default_on_emitted_cpp,cxx_add_to_sub,bilateral_grid.halide_generated.cpp,5051,29,generator_specific,0,0,0,47.688
bilateral_grid,cxx_default_on_emitted_cpp,cxx_add_to_sub,bilateral_grid.halide_generated.cpp,5055,26,generator_specific,0,0,0,42.516
bilateral_grid,cxx_default_on_emitted_cpp,cxx_add_to_sub,bilateral_grid.halide_generated.cpp,5062,29,generator_specific,0,0,0,40.230
bilateral_grid,cxx_default_on_emitted_cpp,cxx_add_to_sub,bilateral_grid.halide_generated.cpp,5065,27,generator_specific,0,0,0,37.494
bilateral_grid,cxx_default_on_emitted_cpp,cxx_add_to_sub,bilateral_grid.halide_generated.cpp,5067,29,generator_specific,0,0,0,35.103
bilateral_grid,cxx_default_on_emitted_cpp,cxx_add_to_sub,bilateral_grid.halide_generated.cpp,5071,26,generator_specific,0,0,0,38.806
bilateral_grid,cxx_default_on_emitted_cpp,cxx_add_to_sub,bilateral_grid.halide_generated.cpp,5075,26,generator_specific,0,0,0,35.053
bilateral_grid,cxx_default_on_emitted_cpp,cxx_add_to_sub,bilateral_grid.halide_generated.cpp,5082,29,generator_specific,0,0,0,32.792
bilateral_grid,cxx_default_on_emitted_cpp,cxx_add_to_sub,bilateral_grid.halide_generated.cpp,5086,26,generator_specific,0,0,0,32.805
bilateral_grid,cxx_default_on_emitted_cpp,cxx_add_to_sub,bilateral_grid.halide_generated.cpp,5088,29,generator_specific,0,0,0,35.068
bilateral_grid,cxx_default_on_emitted_cpp,cxx_add_to_sub,bilateral_grid.halide_generated.cpp,5092,26,generator_specific,0,0,0,34.529
bilateral_grid,cxx_default_on_emitted_cpp,cxx_add_to_sub,bilateral_grid.halide_generated.cpp,5095,26,generator_specific,0,0,0,33.904
bilateral_grid,cxx_default_on_emitted_cpp,cxx_add_to_sub,bilateral_grid.halide_generated.cpp,5097,29,generator_specific,0,0,0,32.116
bilateral_grid,cxx_default_on_emitted_cpp,cxx_add_to_sub,bilateral_grid.halide_generated.cpp,5100,27,generator_specific,0,0,0,32.314
bilateral_grid,cxx_default_on_emitted_cpp,cxx_add_to_sub,bilateral_grid.halide_generated.cpp,5102,29,generator_specific,0,0,0,32.601
bilateral_grid,cxx_default_on_emitted_cpp,cxx_add_to_sub,bilateral_grid.halide_generated.cpp,5106,26,generator_specific,0,0,0,33.784
bilateral_grid,cxx_default_on_emitted_cpp,cxx_add_to_sub,bilateral_grid.halide_generated.cpp,5109,26,generator_specific,0,0,0,39.969
bilateral_grid,cxx_default_on_emitted_cpp,cxx_add_to_sub,bilateral_grid.halide_generated.cpp,5112,26,generator_specific,0,0,0,34.350
bilateral_grid,cxx_default_on_emitted_cpp,cxx_add_to_sub,bilateral_grid.halide_generated.cpp,5117,29,generator_specific,0,0,0,31.089
bilateral_grid,cxx_default_on_emitted_cpp,cxx_add_to_sub,bilateral_grid.halide_generated.cpp,5121,26,generator_specific,0,0,0,31.058
bilateral_grid,cxx_default_on_emitted_cpp,cxx_add_to_sub,bilateral_grid.halide_generated.cpp,5123,29,generator_specific,0,0,0,32.294
bilateral_grid,cxx_default_on_emitted_cpp,cxx_add_to_sub,bilateral_grid.halide_generated.cpp,5127,26,generator_specific,0,0,0,33.974
bilateral_grid,cxx_default_on_emitted_cpp,cxx_add_to_sub,bilateral_grid.halide_generated.cpp,5130,26,generator_specific,0,0,0,31.508
bilateral_grid,cxx_default_on_emitted_cpp,cxx_add_to_sub,bilateral_grid.halide_generated.cpp,5132,29,generator_specific,0,0,0,33.893
bilateral_grid,cxx_default_on_emitted_cpp,cxx_add_to_sub,bilateral_grid.halide_generated.cpp,5135,27,generator_specific,0,0,0,30.368
bilateral_grid,cxx_default_on_emitted_cpp,cxx_add_to_sub,bilateral_grid.halide_generated.cpp,5137,29,generator_specific,0,0,0,30.312
bilateral_grid,cxx_default_on_emitted_cpp,cxx_add_to_sub,bilateral_grid.halide_generated.cpp,5141,26,generator_specific,0,0,0,30.544
bilateral_grid,cxx_default_on_emitted_cpp,cxx_add_to_sub,bilateral_grid.halide_generated.cpp,5144,26,generator_specific,0,0,0,30.732
bilateral_grid,cxx_default_on_emitted_cpp,cxx_add_to_sub,bilateral_grid.halide_generated.cpp,5150,29,generator_specific,0,0,0,30.581
bilateral_grid,cxx_default_on_emitted_cpp,cxx_add_to_sub,bilateral_grid.halide_generated.cpp,5154,26,generator_specific,0,0,0,30.426
bilateral_grid,cxx_default_on_emitted_cpp,cxx_add_to_sub,bilateral_grid.halide_generated.cpp,5156,29,generator_specific,0,0,0,30.287
bilateral_grid,cxx_default_on_emitted_cpp,cxx_add_to_sub,bilateral_grid.halide_generated.cpp,5160,26,generator_specific,0,0,0,30.356
bilateral_grid,cxx_default_on_emitted_cpp,cxx_add_to_sub,bilateral_grid.halide_generated.cpp,5163,26,generator_specific,0,0,0,30.470
bilateral_grid,cxx_default_on_emitted_cpp,cxx_add_to_sub,bilateral_grid.halide_generated.cpp,5165,29,generator_specific,0,0,0,30.283
bilateral_grid,cxx_default_on_emitted_cpp,cxx_add_to_sub,bilateral_grid.halide_generated.cpp,5168,27,generator_specific,0,0,0,30.336
bilateral_grid,cxx_default_on_emitted_cpp,cxx_add_to_sub,bilateral_grid.halide_generated.cpp,5170,29,generator_specific,0,0,0,30.557
bilateral_grid,cxx_default_on_emitted_cpp,cxx_add_to_sub,bilateral_grid.halide_generated.cpp,5174,26,generator_specific,0,0,0,30.460
bilateral_grid,cxx_default_on_emitted_cpp,cxx_add_to_sub,bilateral_grid.halide_generated.cpp,5177,26,generator_specific,0,0,0,30.445
bilateral_grid,cxx_default_on_emitted_cpp,cxx_add_to_sub,bilateral_grid.halide_generated.cpp,5180,26,generator_specific,0,0,0,30.473
bilateral_grid,cxx_default_on_emitted_cpp,cxx_add_to_sub,bilateral_grid.halide_generated.cpp,5184,27,generator_specific,0,0,0,30.631
bilateral_grid,cxx_default_on_emitted_cpp,cxx_add_to_sub,bilateral_grid.halide_generated.cpp,5185,27,generator_specific,0,0,0,30.472
bilateral_grid,cxx_default_on_emitted_cpp,cxx_add_to_sub,bilateral_grid.halide_generated.cpp,5245,24,generator_specific,0,0,0,30.555
bilateral_grid,cxx_default_on_emitted_cpp,cxx_add_to_sub,bilateral_grid.halide_generated.cpp,5246,24,generator_specific,0,0,0,30.532
bilateral_grid,cxx_default_on_emitted_cpp,cxx_add_to_sub,bilateral_grid.halide_generated.cpp,5247,24,generator_specific,0,0,0,30.465
bilateral_grid,cxx_default_on_emitted_cpp,cxx_add_to_sub,bilateral_grid.halide_generated.cpp,5250,24,generator_specific,0,0,0,30.516
bilateral_grid,cxx_default_on_emitted_cpp,cxx_add_to_sub,bilateral_grid.halide_generated.cpp,5255,24,generator_specific,0,0,0,30.483
bilateral_grid,cxx_default_on_emitted_cpp,cxx_add_to_sub,bilateral_grid.halide_generated.cpp,5256,24,generator_specific,0,0,0,30.600
bilateral_grid,cxx_default_on_emitted_cpp,cxx_add_to_sub,bilateral_grid.halide_generated.cpp,5258,24,generator_specific,0,0,0,30.568
bilateral_grid,cxx_default_on_emitted_cpp,cxx_add_to_sub,bilateral_grid.halide_generated.cpp,5259,24,generator_specific,0,0,0,30.540
bilateral_grid,cxx_default_on_emitted_cpp,cxx_add_to_sub,bilateral_grid.halide_generated.cpp,5262,24,generator_specific,0,0,0,30.454
bilateral_grid,cxx_default_on_emitted_cpp,cxx_add_to_sub,bilateral_grid.halide_generated.cpp,5265,24,generator_specific,0,0,0,30.357
bilateral_grid,cxx_default_on_emitted_cpp,cxx_add_to_sub,bilateral_grid.halide_generated.cpp,5266,24,generator_specific,0,0,0,30.548
bilateral_grid,cxx_default_on_emitted_cpp,cxx_add_to_sub,bilateral_grid.halide_generated.cpp,5269,24,generator_specific,0,0,0,30.627
bilateral_grid,cxx_default_on_emitted_cpp,cxx_add_to_sub,bilateral_grid.halide_generated.cpp,5271,24,generator_specific,-6,1,1,0.068
bilateral_grid,cxx_default_on_emitted_cpp,cxx_add_to_sub,bilateral_grid.halide_generated.cpp,5273,24,generator_specific,0,0,0,30.597
bilateral_grid,cxx_default_on_emitted_cpp,cxx_add_to_sub,bilateral_grid.halide_generated.cpp,5275,24,generator_specific,0,0,0,30.417
bilateral_grid,cxx_default_on_emitted_cpp,cxx_add_to_sub,bilateral_grid.halide_generated.cpp,5278,24,generator_specific,0,0,0,30.628
bilateral_grid,cxx_default_on_emitted_cpp,cxx_add_to_sub,bilateral_grid.halide_generated.cpp,5280,24,generator_specific,0,0,0,30.466
bilateral_grid,cxx_default_on_emitted_cpp,cxx_add_to_sub,bilateral_grid.halide_generated.cpp,5283,24,generator_specific,0,0,0,30.672
bilateral_grid,cxx_default_on_emitted_cpp,cxx_add_to_sub,bilateral_grid.halide_generated.cpp,5284,24,generator_specific,0,0,0,30.539
bilateral_grid,cxx_default_on_emitted_cpp,cxx_add_to_sub,bilateral_grid.halide_generated.cpp,5287,24,generator_specific,0,0,0,30.536
bilateral_grid,cxx_default_on_emitted_cpp,cxx_add_to_sub,bilateral_grid.halide_generated.cpp,5288,24,generator_specific,0,0,0,30.541
bilateral_grid,cxx_default_on_emitted_cpp,cxx_add_to_sub,bilateral_grid.halide_generated.cpp,5289,24,generator_specific,0,0,0,30.560
bilateral_grid,cxx_default_on_emitted_cpp,cxx_add_to_sub,bilateral_grid.halide_generated.cpp,5292,24,generator_specific,0,0,0,30.429
bilateral_grid,cxx_default_on_emitted_cpp,cxx_add_to_sub,bilateral_grid.halide_generated.cpp,5295,24,generator_specific,0,0,0,30.390
bilateral_grid,cxx_default_on_emitted_cpp,cxx_add_to_sub,bilateral_grid.halide_generated.cpp,5299,24,generator_specific,0,0,0,30.367
bilateral_grid,cxx_default_on_emitted_cpp,cxx_add_to_sub,bilateral_grid.halide_generated.cpp,5301,24,generator_specific,0,0,0,30.574
bilateral_grid,cxx_default_on_emitted_cpp,cxx_add_to_sub,bilateral_grid.halide_generated.cpp,5304,24,generator_specific,0,0,0,30.581
bilateral_grid,cxx_default_on_emitted_cpp,cxx_add_to_sub,bilateral_grid.halide_generated.cpp,5305,24,generator_specific,0,0,0,30.356
bilateral_grid,cxx_default_on_emitted_cpp,cxx_add_to_sub,bilateral_grid.halide_generated.cpp,5317,25,generator_specific,0,0,0,30.429
bilateral_grid,cxx_default_on_emitted_cpp,cxx_add_to_sub,bilateral_grid.halide_generated.cpp,5318,25,generator_specific,0,0,0,30.545
bilateral_grid,cxx_default_on_emitted_cpp,cxx_add_to_sub,bilateral_grid.halide_generated.cpp,5320,25,generator_specific,0,0,0,30.840
bilateral_grid,cxx_default_on_emitted_cpp,cxx_add_to_sub,bilateral_grid.halide_generated.cpp,5321,25,generator_specific,0,0,0,30.554
bilateral_grid,cxx_default_on_emitted_cpp,cxx_add_to_sub,bilateral_grid.halide_generated.cpp,5383,26,generator_specific,0,0,0,30.455
bilateral_grid,cxx_default_on_emitted_cpp,cxx_add_to_sub,bilateral_grid.halide_generated.cpp,5385,26,generator_specific,0,0,0,30.352
bilateral_grid,cxx_default_on_emitted_cpp,cxx_add_to_sub,bilateral_grid.halide_generated.cpp,5386,26,generator_specific,0,0,0,30.391
bilateral_grid,cxx_default_on_emitted_cpp,cxx_add_to_sub,bilateral_grid.halide_generated.cpp,5387,26,generator_specific,0,0,0,30.432
bilateral_grid,cxx_default_on_emitted_cpp,cxx_add_to_sub,bilateral_grid.halide_generated.cpp,5394,26,generator_specific,0,0,0,30.478
bilateral_grid,cxx_default_on_emitted_cpp,cxx_add_to_sub,bilateral_grid.halide_generated.cpp,5396,26,generator_specific,0,0,0,30.669
bilateral_grid,cxx_default_on_emitted_cpp,cxx_add_to_sub,bilateral_grid.halide_generated.cpp,5397,26,generator_specific,0,0,0,30.522
bilateral_grid,cxx_default_on_emitted_cpp,cxx_add_to_sub,bilateral_grid.halide_generated.cpp,5398,26,generator_specific,0,0,0,30.613
bilateral_grid,cxx_default_on_emitted_cpp,cxx_add_to_sub,bilateral_grid.halide_generated.cpp,5403,25,generator_specific,0,0,0,30.484
bilateral_grid,cxx_default_on_emitted_cpp,cxx_add_to_sub,bilateral_grid.halide_generated.cpp,5404,25,generator_specific,0,0,0,30.403
bilateral_grid,cxx_default_on_emitted_cpp,cxx_add_to_sub,bilateral_grid.halide_generated.cpp,5409,26,generator_specific,0,0,0,30.491
bilateral_grid,cxx_default_on_emitted_cpp,cxx_add_to_sub,bilateral_grid.halide_generated.cpp,5410,26,generator_specific,0,0,0,30.562
bilateral_grid,cxx_default_on_emitted_cpp,cxx_add_to_sub,bilateral_grid.halide_generated.cpp,5411,26,generator_specific,0,0,0,30.532
bilateral_grid,cxx_default_on_emitted_cpp,cxx_add_to_sub,bilateral_grid.halide_generated.cpp,5412,26,generator_specific,0,0,0,30.698
bilateral_grid,cxx_default_on_emitted_cpp,cxx_add_to_sub,bilateral_grid.halide_generated.cpp,5423,25,generator_specific,0,0,0,30.721
bilateral_grid,cxx_default_on_emitted_cpp,cxx_add_to_sub,bilateral_grid.halide_generated.cpp,5424,25,generator_specific,0,0,0,30.594
bilateral_grid,cxx_default_on_emitted_cpp,cxx_add_to_sub,bilateral_grid.halide_generated.cpp,5429,26,generator_specific,0,0,0,30.443
bilateral_grid,cxx_default_on_emitted_cpp,cxx_add_to_sub,bilateral_grid.halide_generated.cpp,5430,26,generator_specific,0,0,0,30.581
bilateral_grid,cxx_default_on_emitted_cpp,cxx_add_to_sub,bilateral_grid.halide_generated.cpp,5431,26,generator_specific,0,0,0,30.548
bilateral_grid,cxx_default_on_emitted_cpp,cxx_add_to_sub,bilateral_grid.halide_generated.cpp,5432,26,generator_specific,0,0,0,30.616
bilateral_grid,cxx_default_on_emitted_cpp,cxx_add_to_sub,bilateral_grid.halide_generated.cpp,5574,25,generator_specific,0,0,0,30.555
bilateral_grid,cxx_default_on_emitted_cpp,cxx_add_to_sub,bilateral_grid.halide_generated.cpp,5575,25,generator_specific,-6,1,1,2.874
bilateral_grid,cxx_default_on_emitted_cpp,cxx_add_to_sub,bilateral_grid.halide_generated.cpp,5579,25,generator_specific,0,0,0,30.489
bilateral_grid,cxx_default_on_emitted_cpp,cxx_add_to_sub,bilateral_grid.halide_generated.cpp,5580,25,generator_specific,0,0,0,30.673
bilateral_grid,cxx_default_on_emitted_cpp,cxx_add_to_sub,bilateral_grid.halide_generated.cpp,5583,25,generator_specific,0,0,1,30.666
bilateral_grid,cxx_default_on_emitted_cpp,cxx_add_to_sub,bilateral_grid.halide_generated.cpp,5588,25,generator_specific,-6,1,1,0.067
bilateral_grid,cxx_default_on_emitted_cpp,cxx_add_to_sub,bilateral_grid.halide_generated.cpp,5591,25,generator_specific,0,0,0,30.775
bilateral_grid,cxx_default_on_emitted_cpp,cxx_add_to_sub,bilateral_grid.halide_generated.cpp,5592,25,generator_specific,0,0,1,30.576
bilateral_grid,cxx_default_on_emitted_cpp,cxx_add_to_sub,bilateral_grid.halide_generated.cpp,5595,25,generator_specific,0,0,1,30.610
bilateral_grid,cxx_default_on_emitted_cpp,cxx_add_to_sub,bilateral_grid.halide_generated.cpp,5596,25,generator_specific,0,0,1,30.638
bilateral_grid,cxx_default_on_emitted_cpp,cxx_add_to_sub,bilateral_grid.halide_generated.cpp,5599,26,generator_specific,-11,1,1,1.508
bilateral_grid,cxx_default_on_emitted_cpp,cxx_add_to_sub,bilateral_grid.halide_generated.cpp,5601,26,generator_specific,-11,1,1,1.952
bilateral_grid,cxx_default_on_emitted_cpp,cxx_add_to_sub,bilateral_grid.halide_generated.cpp,5604,26,generator_specific,-11,1,1,1.508
bilateral_grid,cxx_default_on_emitted_cpp,cxx_add_to_sub,bilateral_grid.halide_generated.cpp,5620,26,generator_specific,0,0,0,30.540
bilateral_grid,cxx_default_on_emitted_cpp,cxx_add_to_sub,bilateral_grid.halide_generated.cpp,5621,26,generator_specific,0,0,1,30.152
bilateral_grid,cxx_default_on_emitted_cpp,cxx_add_to_sub,bilateral_grid.halide_generated.cpp,5625,26,generator_specific,0,0,0,30.618
bilateral_grid,cxx_default_on_emitted_cpp,cxx_add_to_sub,bilateral_grid.halide_generated.cpp,5626,26,generator_specific,0,0,1,30.611
bilateral_grid,cxx_default_on_emitted_cpp,cxx_add_to_sub,bilateral_grid.halide_generated.cpp,5631,26,generator_specific,0,0,1,30.628
bilateral_grid,cxx_default_on_emitted_cpp,cxx_add_to_sub,bilateral_grid.halide_generated.cpp,5634,26,generator_specific,0,0,0,30.554
bilateral_grid,cxx_default_on_emitted_cpp,cxx_add_to_sub,bilateral_grid.halide_generated.cpp,5635,26,generator_specific,0,0,0,38.628
bilateral_grid,cxx_default_on_emitted_cpp,cxx_add_to_sub,bilateral_grid.halide_generated.cpp,5637,26,generator_specific,0,0,0,30.334
bilateral_grid,cxx_default_on_emitted_cpp,cxx_add_to_sub,bilateral_grid.halide_generated.cpp,5638,26,generator_specific,0,0,0,30.609
bilateral_grid,cxx_default_on_emitted_cpp,cxx_add_to_sub,bilateral_grid.halide_generated.cpp,5641,26,generator_specific,-11,1,1,0.782
bilateral_grid,cxx_default_on_emitted_cpp,cxx_add_to_sub,bilateral_grid.halide_generated.cpp,5648,24,generator_specific,0,0,0,30.598
bilateral_grid,cxx_default_on_emitted_cpp,cxx_add_to_sub,bilateral_grid.halide_generated.cpp,5651,26,generator_specific,0,0,0,30.645
bilateral_grid,cxx_default_on_emitted_cpp,cxx_add_to_sub,bilateral_grid.halide_generated.cpp,5653,26,generator_specific,0,0,1,30.693
bilateral_grid,cxx_default_on_emitted_cpp,cxx_add_to_sub,bilateral_grid.halide_generated.cpp,5655,26,generator_specific,0,0,1,30.067
bilateral_grid,cxx_default_on_emitted_cpp,cxx_add_to_sub,bilateral_grid.halide_generated.cpp,5657,26,generator_specific,-11,1,1,1.497
bilateral_grid,cxx_default_on_emitted_cpp,cxx_add_to_sub,bilateral_grid.halide_generated.cpp,5661,26,generator_specific,0,0,0,30.538
bilateral_grid,cxx_default_on_emitted_cpp,cxx_add_to_sub,bilateral_grid.halide_generated.cpp,5662,26,generator_specific,0,0,0,30.198
bilateral_grid,cxx_default_on_emitted_cpp,cxx_add_to_sub,bilateral_grid.halide_generated.cpp,5664,24,generator_specific,0,0,0,30.601
bilateral_grid,cxx_default_on_emitted_cpp,cxx_add_to_sub,bilateral_grid.halide_generated.cpp,5667,26,generator_specific,0,0,1,30.396
bilateral_grid,cxx_default_on_emitted_cpp,cxx_add_to_sub,bilateral_grid.halide_generated.cpp,5669,26,generator_specific,0,0,1,29.819
bilateral_grid,cxx_default_on_emitted_cpp,cxx_add_to_sub,bilateral_grid.halide_generated.cpp,5674,26,generator_specific,0,0,1,30.082
bilateral_grid,cxx_default_on_emitted_cpp,cxx_add_to_sub,bilateral_grid.halide_generated.cpp,5677,26,generator_specific,0,0,0,30.461
bilateral_grid,cxx_default_on_emitted_cpp,cxx_add_to_sub,bilateral_grid.halide_generated.cpp,5678,26,generator_specific,0,0,0,30.589
bilateral_grid,cxx_default_on_emitted_cpp,cxx_add_to_sub,bilateral_grid.halide_generated.cpp,5680,26,generator_specific,0,0,1,29.305
bilateral_grid,cxx_default_on_emitted_cpp,cxx_add_to_sub,bilateral_grid.halide_generated.cpp,5682,26,generator_specific,0,0,1,30.328
bilateral_grid,cxx_default_on_emitted_cpp,cxx_add_to_sub,bilateral_grid.halide_generated.cpp,5685,26,generator_specific,-11,1,1,0.900
bilateral_grid,cxx_default_on_emitted_cpp,cxx_add_to_sub,bilateral_grid.halide_generated.cpp,5688,26,generator_specific,0,0,0,32.122
bilateral_grid,cxx_default_on_emitted_cpp,cxx_add_to_sub,bilateral_grid.halide_generated.cpp,5689,26,generator_specific,0,0,0,30.437
bilateral_grid,cxx_default_on_emitted_cpp,cxx_add_to_sub,bilateral_grid.halide_generated.cpp,5762,26,generator_specific,0,0,1,30.180
bilateral_grid,cxx_default_on_emitted_cpp,cxx_add_to_sub,bilateral_grid.halide_generated.cpp,5772,26,generator_specific,0,0,0,30.521
bilateral_grid,cxx_default_on_emitted_cpp,cxx_add_to_sub,bilateral_grid.halide_generated.cpp,5776,26,generator_specific,0,0,0,30.480
bilateral_grid,cxx_default_on_emitted_cpp,cxx_add_to_sub,bilateral_grid.halide_generated.cpp,5780,26,generator_specific,0,0,0,30.367
bilateral_grid,cxx_default_on_emitted_cpp,cxx_add_to_sub,bilateral_grid.halide_generated.cpp,5781,26,generator_specific,-11,1,1,0.807
bilateral_grid,cxx_default_on_emitted_cpp,cxx_add_to_sub,bilateral_grid.halide_generated.cpp,5783,26,generator_specific,0,0,1,30.534
bilateral_grid,cxx_default_on_emitted_cpp,cxx_add_to_sub,bilateral_grid.halide_generated.cpp,5790,26,generator_specific,0,0,1,30.414
bilateral_grid,cxx_default_on_emitted_cpp,cxx_add_to_sub,bilateral_grid.halide_generated.cpp,5794,26,generator_specific,0,0,1,30.133
bilateral_grid,cxx_default_on_emitted_cpp,cxx_add_to_sub,bilateral_grid.halide_generated.cpp,5798,26,generator_specific,0,0,0,30.441
bilateral_grid,cxx_default_on_emitted_cpp,cxx_add_to_sub,bilateral_grid.halide_generated.cpp,5800,26,generator_specific,0,0,0,30.624
bilateral_grid,cxx_default_on_emitted_cpp,cxx_div_to_mul,bilateral_grid.halide_generated.cpp,4994,26,generator_specific,0,0,1,29.703
bilateral_grid,cxx_default_on_emitted_cpp,cxx_div_to_mul,bilateral_grid.halide_generated.cpp,5182,26,generator_specific,0,0,0,30.352
bilateral_grid,cxx_default_on_emitted_cpp,cxx_div_to_mul,bilateral_grid.halide_generated.cpp,5238,22,generator_specific,0,0,1,29.220
bilateral_grid,cxx_default_on_emitted_cpp,cxx_div_to_mul,bilateral_grid.halide_generated.cpp,5644,24,generator_specific,0,0,1,30.143
bilateral_grid,cxx_default_on_emitted_cpp,cxx_div_to_mul,bilateral_grid.halide_generated.cpp,5789,24,generator_specific,0,0,1,30.674
bilateral_grid,cxx_default_on_emitted_cpp,cxx_eq_to_ne,bilateral_grid.halide_generated.cpp,2503,22,boilerplate,-6,1,1,1.493
bilateral_grid,cxx_default_on_emitted_cpp,cxx_eq_to_ne,bilateral_grid.halide_generated.cpp,2503,48,boilerplate,0,0,0,30.493
bilateral_grid,cxx_default_on_emitted_cpp,cxx_eq_to_ne,bilateral_grid.halide_generated.cpp,3668,38,generator_specific,0,0,0,30.477
bilateral_grid,cxx_default_on_emitted_cpp,cxx_eq_to_ne,bilateral_grid.halide_generated.cpp,3708,43,generator_specific,0,0,0,30.376
bilateral_grid,cxx_default_on_emitted_cpp,cxx_eq_to_ne,bilateral_grid.halide_generated.cpp,4189,39,generator_specific,0,0,0,30.554
bilateral_grid,cxx_default_on_emitted_cpp,cxx_eq_to_ne,bilateral_grid.halide_generated.cpp,4229,44,generator_specific,0,0,0,30.435
bilateral_grid,cxx_default_on_emitted_cpp,cxx_eq_to_ne,bilateral_grid.halide_generated.cpp,4616,38,generator_specific,0,0,0,30.677
bilateral_grid,cxx_default_on_emitted_cpp,cxx_eq_to_ne,bilateral_grid.halide_generated.cpp,5353,22,generator_specific,-6,1,1,0.068
bilateral_grid,cxx_default_on_emitted_cpp,cxx_eq_to_ne,bilateral_grid.halide_generated.cpp,5360,22,generator_specific,-6,1,1,0.067
bilateral_grid,cxx_default_on_emitted_cpp,cxx_eq_to_ne,bilateral_grid.halide_generated.cpp,5367,22,generator_specific,-6,1,1,0.066
bilateral_grid,cxx_default_on_emitted_cpp,cxx_eq_to_ne,bilateral_grid.halide_generated.cpp,5374,22,generator_specific,-6,1,1,0.065
bilateral_grid,cxx_default_on_emitted_cpp,cxx_eq_to_ne,bilateral_grid.halide_generated.cpp,5442,22,generator_specific,-6,1,1,0.064
bilateral_grid,cxx_default_on_emitted_cpp,cxx_eq_to_ne,bilateral_grid.halide_generated.cpp,5448,22,generator_specific,-6,1,1,0.065
bilateral_grid,cxx_default_on_emitted_cpp,cxx_eq_to_ne,bilateral_grid.halide_generated.cpp,5614,40,generator_specific,0,0,0,30.553
bilateral_grid,cxx_default_on_emitted_cpp,cxx_eq_to_ne,bilateral_grid.halide_generated.cpp,5765,23,generator_specific,0,0,1,15.367
bilateral_grid,cxx_default_on_emitted_cpp,cxx_eq_to_ne,bilateral_grid.halide_generated.cpp,5875,23,generator_specific,0,0,0,30.320
bilateral_grid,cxx_default_on_emitted_cpp,cxx_gt_to_ge,bilateral_grid.halide_generated.cpp,252,15,boilerplate,0,0,0,39.521
bilateral_grid,cxx_default_on_emitted_cpp,cxx_gt_to_ge,bilateral_grid.halide_generated.cpp,3358,25,boilerplate,0,0,0,39.154
bilateral_grid,cxx_default_on_emitted_cpp,cxx_gt_to_ge,bilateral_grid.halide_generated.cpp,3659,23,generator_specific,0,0,0,39.021
bilateral_grid,cxx_default_on_emitted_cpp,cxx_gt_to_ge,bilateral_grid.halide_generated.cpp,3660,23,generator_specific,0,0,0,39.099
bilateral_grid,cxx_default_on_emitted_cpp,cxx_gt_to_ge,bilateral_grid.halide_generated.cpp,3661,13,generator_specific,0,0,0,39.129
bilateral_grid,cxx_default_on_emitted_cpp,cxx_gt_to_ge,bilateral_grid.halide_generated.cpp,3661,68,generator_specific,0,0,0,39.186
bilateral_grid,cxx_default_on_emitted_cpp,cxx_gt_to_ge,bilateral_grid.halide_generated.cpp,3699,24,generator_specific,0,0,0,39.221
bilateral_grid,cxx_default_on_emitted_cpp,cxx_gt_to_ge,bilateral_grid.halide_generated.cpp,3700,24,generator_specific,0,0,0,39.152
bilateral_grid,cxx_default_on_emitted_cpp,cxx_gt_to_ge,bilateral_grid.halide_generated.cpp,3701,14,generator_specific,0,0,0,39.161
bilateral_grid,cxx_default_on_emitted_cpp,cxx_gt_to_ge,bilateral_grid.halide_generated.cpp,3701,69,generator_specific,0,0,0,39.211
bilateral_grid,cxx_default_on_emitted_cpp,cxx_gt_to_ge,bilateral_grid.halide_generated.cpp,4180,25,generator_specific,0,0,0,38.908
bilateral_grid,cxx_default_on_emitted_cpp,cxx_gt_to_ge,bilateral_grid.halide_generated.cpp,4181,25,generator_specific,0,0,0,39.237
bilateral_grid,cxx_default_on_emitted_cpp,cxx_gt_to_ge,bilateral_grid.halide_generated.cpp,4182,14,generator_specific,0,0,0,38.950
bilateral_grid,cxx_default_on_emitted_cpp,cxx_gt_to_ge,bilateral_grid.halide_generated.cpp,4182,70,generator_specific,0,0,0,39.555
bilateral_grid,cxx_default_on_emitted_cpp,cxx_gt_to_ge,bilateral_grid.halide_generated.cpp,4220,26,generator_specific,0,0,0,39.535
bilateral_grid,cxx_default_on_emitted_cpp,cxx_gt_to_ge,bilateral_grid.halide_generated.cpp,4221,26,generator_specific,0,0,0,38.906
bilateral_grid,cxx_default_on_emitted_cpp,cxx_gt_to_ge,bilateral_grid.halide_generated.cpp,4222,15,generator_specific,0,0,0,39.124
bilateral_grid,cxx_default_on_emitted_cpp,cxx_gt_to_ge,bilateral_grid.halide_generated.cpp,4222,71,generator_specific,0,0,0,38.994
bilateral_grid,cxx_default_on_emitted_cpp,cxx_gt_to_ge,bilateral_grid.halide_generated.cpp,4607,24,generator_specific,0,0,0,39.075
bilateral_grid,cxx_default_on_emitted_cpp,cxx_gt_to_ge,bilateral_grid.halide_generated.cpp,4608,24,generator_specific,0,0,0,39.141
bilateral_grid,cxx_default_on_emitted_cpp,cxx_gt_to_ge,bilateral_grid.halide_generated.cpp,4609,13,generator_specific,0,0,0,38.995
bilateral_grid,cxx_default_on_emitted_cpp,cxx_gt_to_ge,bilateral_grid.halide_generated.cpp,4609,69,generator_specific,0,0,0,39.042
bilateral_grid,cxx_default_on_emitted_cpp,cxx_gt_to_ge,bilateral_grid.halide_generated.cpp,5475,22,generator_specific,0,0,0,39.183
bilateral_grid,cxx_default_on_emitted_cpp,cxx_gt_to_ge,bilateral_grid.halide_generated.cpp,5488,23,generator_specific,0,0,0,39.021
bilateral_grid,cxx_default_on_emitted_cpp,cxx_gt_to_ge,bilateral_grid.halide_generated.cpp,5519,22,generator_specific,0,0,0,39.126
bilateral_grid,cxx_default_on_emitted_cpp,cxx_gt_to_ge,bilateral_grid.halide_generated.cpp,5532,23,generator_specific,0,0,0,39.048
bilateral_grid,cxx_default_on_emitted_cpp,cxx_gt_to_ge,bilateral_grid.halide_generated.cpp,5605,27,generator_specific,0,0,0,39.213
bilateral_grid,cxx_default_on_emitted_cpp,cxx_gt_to_ge,bilateral_grid.halide_generated.cpp,5606,27,generator_specific,0,0,0,39.110
bilateral_grid,cxx_default_on_emitted_cpp,cxx_gt_to_ge,bilateral_grid.halide_generated.cpp,5607,15,generator_specific,0,0,0,39.521
bilateral_grid,cxx_default_on_emitted_cpp,cxx_gt_to_ge,bilateral_grid.halide_generated.cpp,5607,72,generator_specific,0,0,0,39.305
bilateral_grid,cxx_default_on_emitted_cpp,cxx_gt_to_le,bilateral_grid.halide_generated.cpp,252,15,boilerplate,-6,1,1,0.067
bilateral_grid,cxx_default_on_emitted_cpp,cxx_gt_to_le,bilateral_grid.halide_generated.cpp,3358,25,boilerplate,0,0,1,30.492
bilateral_grid,cxx_default_on_emitted_cpp,cxx_gt_to_le,bilateral_grid.halide_generated.cpp,3659,23,generator_specific,-11,1,1,0.082
bilateral_grid,cxx_default_on_emitted_cpp,cxx_gt_to_le,bilateral_grid.halide_generated.cpp,3660,23,generator_specific,-11,1,1,0.083
bilateral_grid,cxx_default_on_emitted_cpp,cxx_gt_to_le,bilateral_grid.halide_generated.cpp,3661,13,generator_specific,-6,1,1,0.073
bilateral_grid,cxx_default_on_emitted_cpp,cxx_gt_to_le,bilateral_grid.halide_generated.cpp,3661,68,generator_specific,-6,1,1,0.074
bilateral_grid,cxx_default_on_emitted_cpp,cxx_gt_to_le,bilateral_grid.halide_generated.cpp,3699,24,generator_specific,-6,1,1,0.077
bilateral_grid,cxx_default_on_emitted_cpp,cxx_gt_to_le,bilateral_grid.halide_generated.cpp,3700,24,generator_specific,-6,1,1,0.078
bilateral_grid,cxx_default_on_emitted_cpp,cxx_gt_to_le,bilateral_grid.halide_generated.cpp,3701,14,generator_specific,-6,1,1,0.074
bilateral_grid,cxx_default_on_emitted_cpp,cxx_gt_to_le,bilateral_grid.halide_generated.cpp,3701,69,generator_specific,-6,1,1,0.075
bilateral_grid,cxx_default_on_emitted_cpp,cxx_gt_to_le,bilateral_grid.halide_generated.cpp,4180,25,generator_specific,-11,1,1,0.073
bilateral_grid,cxx_default_on_emitted_cpp,cxx_gt_to_le,bilateral_grid.halide_generated.cpp,4181,25,generator_specific,-11,1,1,0.072
bilateral_grid,cxx_default_on_emitted_cpp,cxx_gt_to_le,bilateral_grid.halide_generated.cpp,4182,14,generator_specific,-6,1,1,0.066
bilateral_grid,cxx_default_on_emitted_cpp,cxx_gt_to_le,bilateral_grid.halide_generated.cpp,4182,70,generator_specific,-6,1,1,0.065
bilateral_grid,cxx_default_on_emitted_cpp,cxx_gt_to_le,bilateral_grid.halide_generated.cpp,4220,26,generator_specific,-6,1,1,0.072
bilateral_grid,cxx_default_on_emitted_cpp,cxx_gt_to_le,bilateral_grid.halide_generated.cpp,4221,26,generator_specific,-6,1,1,0.075
bilateral_grid,cxx_default_on_emitted_cpp,cxx_gt_to_le,bilateral_grid.halide_generated.cpp,4222,15,generator_specific,-6,1,1,0.064
bilateral_grid,cxx_default_on_emitted_cpp,cxx_gt_to_le,bilateral_grid.halide_generated.cpp,4222,71,generator_specific,-6,1,1,0.068
bilateral_grid,cxx_default_on_emitted_cpp,cxx_gt_to_le,bilateral_grid.halide_generated.cpp,4607,24,generator_specific,-6,1,1,0.792
bilateral_grid,cxx_default_on_emitted_cpp,cxx_gt_to_le,bilateral_grid.halide_generated.cpp,4608,24,generator_specific,-6,1,1,0.802
bilateral_grid,cxx_default_on_emitted_cpp,cxx_gt_to_le,bilateral_grid.halide_generated.cpp,4609,13,generator_specific,-6,1,1,0.790
bilateral_grid,cxx_default_on_emitted_cpp,cxx_gt_to_le,bilateral_grid.halide_generated.cpp,4609,69,generator_specific,-6,1,1,0.801
bilateral_grid,cxx_default_on_emitted_cpp,cxx_gt_to_le,bilateral_grid.halide_generated.cpp,5475,22,generator_specific,-6,1,1,0.065
bilateral_grid,cxx_default_on_emitted_cpp,cxx_gt_to_le,bilateral_grid.halide_generated.cpp,5488,23,generator_specific,0,0,0,30.622
bilateral_grid,cxx_default_on_emitted_cpp,cxx_gt_to_le,bilateral_grid.halide_generated.cpp,5519,22,generator_specific,-6,1,1,0.067
bilateral_grid,cxx_default_on_emitted_cpp,cxx_gt_to_le,bilateral_grid.halide_generated.cpp,5532,23,generator_specific,0,0,0,30.773
bilateral_grid,cxx_default_on_emitted_cpp,cxx_gt_to_le,bilateral_grid.halide_generated.cpp,5605,27,generator_specific,-11,1,1,0.077
bilateral_grid,cxx_default_on_emitted_cpp,cxx_gt_to_le,bilateral_grid.halide_generated.cpp,5606,27,generator_specific,-11,1,1,0.075
bilateral_grid,cxx_default_on_emitted_cpp,cxx_gt_to_le,bilateral_grid.halide_generated.cpp,5607,15,generator_specific,-6,1,1,0.067
bilateral_grid,cxx_default_on_emitted_cpp,cxx_gt_to_le,bilateral_grid.halide_generated.cpp,5607,72,generator_specific,-6,1,1,0.069
bilateral_grid,cxx_default_on_emitted_cpp,cxx_le_to_gt,bilateral_grid.halide_generated.cpp,3631,17,generator_specific,0,0,1,38.450
bilateral_grid,cxx_default_on_emitted_cpp,cxx_le_to_gt,bilateral_grid.halide_generated.cpp,5380,18,generator_specific,0,0,1,0.203
bilateral_grid,cxx_default_on_emitted_cpp,cxx_le_to_gt,bilateral_grid.halide_generated.cpp,5391,18,generator_specific,0,0,1,0.202
bilateral_grid,cxx_default_on_emitted_cpp,cxx_le_to_gt,bilateral_grid.halide_generated.cpp,5402,22,generator_specific,0,0,1,0.204
bilateral_grid,cxx_default_on_emitted_cpp,cxx_le_to_gt,bilateral_grid.halide_generated.cpp,5405,22,generator_specific,0,0,1,0.203
bilateral_grid,cxx_default_on_emitted_cpp,cxx_le_to_gt,bilateral_grid.halide_generated.cpp,5416,18,generator_specific,-6,1,1,0.066
bilateral_grid,cxx_default_on_emitted_cpp,cxx_le_to_gt,bilateral_grid.halide_generated.cpp,5422,22,generator_specific,0,0,1,0.202
bilateral_grid,cxx_default_on_emitted_cpp,cxx_le_to_gt,bilateral_grid.halide_generated.cpp,5425,22,generator_specific,0,0,1,0.202
bilateral_grid,cxx_default_on_emitted_cpp,cxx_le_to_gt,bilateral_grid.halide_generated.cpp,5436,18,generator_specific,-6,1,1,0.066
bilateral_grid,cxx_default_on_emitted_cpp,cxx_le_to_gt,bilateral_grid.halide_generated.cpp,5462,22,generator_specific,-6,1,1,0.068
bilateral_grid,cxx_default_on_emitted_cpp,cxx_le_to_gt,bilateral_grid.halide_generated.cpp,5480,22,generator_specific,-6,1,1,0.066
bilateral_grid,cxx_default_on_emitted_cpp,cxx_le_to_gt,bilateral_grid.halide_generated.cpp,5497,22,generator_specific,-6,1,1,0.067
bilateral_grid,cxx_default_on_emitted_cpp,cxx_le_to_gt,bilateral_grid.halide_generated.cpp,5506,22,generator_specific,-6,1,1,0.068
bilateral_grid,cxx_default_on_emitted_cpp,cxx_le_to_gt,bilateral_grid.halide_generated.cpp,5524,22,generator_specific,-6,1,1,0.068
bilateral_grid,cxx_default_on_emitted_cpp,cxx_le_to_gt,bilateral_grid.halide_generated.cpp,5541,22,generator_specific,-6,1,1,0.067
bilateral_grid,cxx_default_on_emitted_cpp,cxx_le_to_lt,bilateral_grid.halide_generated.cpp,3631,17,generator_specific,0,0,0,30.567
bilateral_grid,cxx_default_on_emitted_cpp,cxx_le_to_lt,bilateral_grid.halide_generated.cpp,5380,18,generator_specific,0,0,0,30.574
bilateral_grid,cxx_default_on_emitted_cpp,cxx_le_to_lt,bilateral_grid.halide_generated.cpp,5391,18,generator_specific,0,0,0,30.371
bilateral_grid,cxx_default_on_emitted_cpp,cxx_le_to_lt,bilateral_grid.halide_generated.cpp,5402,22,generator_specific,0,0,1,0.200
bilateral_grid,cxx_default_on_emitted_cpp,cxx_le_to_lt,bilateral_grid.halide_generated.cpp,5405,22,generator_specific,0,0,1,0.198
bilateral_grid,cxx_default_on_emitted_cpp,cxx_le_to_lt,bilateral_grid.halide_generated.cpp,5416,18,generator_specific,0,0,0,30.539
bilateral_grid,cxx_default_on_emitted_cpp,cxx_le_to_lt,bilateral_grid.halide_generated.cpp,5422,22,generator_specific,0,0,1,0.200
bilateral_grid,cxx_default_on_emitted_cpp,cxx_le_to_lt,bilateral_grid.halide_generated.cpp,5425,22,generator_specific,0,0,1,0.201
bilateral_grid,cxx_default_on_emitted_cpp,cxx_le_to_lt,bilateral_grid.halide_generated.cpp,5436,18,generator_specific,0,0,0,30.563
bilateral_grid,cxx_default_on_emitted_cpp,cxx_le_to_lt,bilateral_grid.halide_generated.cpp,5462,22,generator_specific,0,0,0,30.271
bilateral_grid,cxx_default_on_emitted_cpp,cxx_le_to_lt,bilateral_grid.halide_generated.cpp,5480,22,generator_specific,0,0,0,30.461
bilateral_grid,cxx_default_on_emitted_cpp,cxx_le_to_lt,bilateral_grid.halide_generated.cpp,5497,22,generator_specific,0,0,0,30.430
bilateral_grid,cxx_default_on_emitted_cpp,cxx_le_to_lt,bilateral_grid.halide_generated.cpp,5506,22,generator_specific,0,0,0,30.520
bilateral_grid,cxx_default_on_emitted_cpp,cxx_le_to_lt,bilateral_grid.halide_generated.cpp,5524,22,generator_specific,0,0,0,30.669
bilateral_grid,cxx_default_on_emitted_cpp,cxx_le_to_lt,bilateral_grid.halide_generated.cpp,5541,22,generator_specific,0,0,0,30.317
bilateral_grid,cxx_default_on_emitted_cpp,cxx_lt_to_ge,bilateral_grid.halide_generated.cpp,2530,27,boilerplate,0,0,0,31.635
bilateral_grid,cxx_default_on_emitted_cpp,cxx_lt_to_ge,bilateral_grid.halide_generated.cpp,257,15,boilerplate,-6,1,1,0.067
bilateral_grid,cxx_default_on_emitted_cpp,cxx_lt_to_ge,bilateral_grid.halide_generated.cpp,3250,30,boilerplate,-11,1,1,0.799
bilateral_grid,cxx_default_on_emitted_cpp,cxx_lt_to_ge,bilateral_grid.halide_generated.cpp,3270,30,boilerplate,0,0,1,27.999
bilateral_grid,cxx_default_on_emitted_cpp,cxx_lt_to_ge,bilateral_grid.halide_generated.cpp,3296,30,boilerplate,0,0,1,31.460
bilateral_grid,cxx_default_on_emitted_cpp,cxx_lt_to_ge,bilateral_grid.halide_generated.cpp,3357,30,boilerplate,0,0,0,31.359
bilateral_grid,cxx_default_on_emitted_cpp,cxx_lt_to_ge,bilateral_grid.halide_generated.cpp,3371,30,boilerplate,0,0,0,31.291
bilateral_grid,cxx_default_on_emitted_cpp,cxx_lt_to_ge,bilateral_grid.halide_generated.cpp,3372,25,boilerplate,0,0,1,31.150
bilateral_grid,cxx_default_on_emitted_cpp,cxx_lt_to_ge,bilateral_grid.halide_generated.cpp,3633,17,generator_specific,-11,1,1,1.178
bilateral_grid,cxx_default_on_emitted_cpp,cxx_lt_to_ge,bilateral_grid.halide_generated.cpp,3721,51,generator_specific,0,0,1,31.097
bilateral_grid,cxx_default_on_emitted_cpp,cxx_lt_to_ge,bilateral_grid.halide_generated.cpp,3727,68,generator_specific,0,0,1,31.028
bilateral_grid,cxx_default_on_emitted_cpp,cxx_lt_to_ge,bilateral_grid.halide_generated.cpp,3732,69,generator_specific,0,0,1,31.042
bilateral_grid,cxx_default_on_emitted_cpp,cxx_lt_to_ge,bilateral_grid.halide_generated.cpp,3749,67,generator_specific,0,0,1,31.298
bilateral_grid,cxx_default_on_emitted_cpp,cxx_lt_to_ge,bilateral_grid.halide_generated.cpp,3756,62,generator_specific,0,0,1,31.254
bilateral_grid,cxx_default_on_emitted_cpp,cxx_lt_to_ge,bilateral_grid.halide_generated.cpp,3762,63,generator_specific,0,0,1,31.210
bilateral_grid,cxx_default_on_emitted_cpp,cxx_lt_to_ge,bilateral_grid.halide_generated.cpp,3814,67,generator_specific,0,0,1,17.703
bilateral_grid,cxx_default_on_emitted_cpp,cxx_lt_to_ge,bilateral_grid.halide_generated.cpp,3826,62,generator_specific,0,0,1,19.257
bilateral_grid,cxx_default_on_emitted_cpp,cxx_lt_to_ge,bilateral_grid.halide_generated.cpp,3832,63,generator_specific,0,0,1,17.794
bilateral_grid,cxx_default_on_emitted_cpp,cxx_lt_to_ge,bilateral_grid.halide_generated.cpp,3876,67,generator_specific,0,0,1,31.309
bilateral_grid,cxx_default_on_emitted_cpp,cxx_lt_to_ge,bilateral_grid.halide_generated.cpp,3887,62,generator_specific,0,0,1,31.494
bilateral_grid,cxx_default_on_emitted_cpp,cxx_lt_to_ge,bilateral_grid.halide_generated.cpp,3893,63,generator_specific,0,0,1,31.622
bilateral_grid,cxx_default_on_emitted_cpp,cxx_lt_to_ge,bilateral_grid.halide_generated.cpp,3949,47,generator_specific,0,0,1,31.223
bilateral_grid,cxx_default_on_emitted_cpp,cxx_lt_to_ge,bilateral_grid.halide_generated.cpp,3962,60,generator_specific,0,0,1,31.275
bilateral_grid,cxx_default_on_emitted_cpp,cxx_lt_to_ge,bilateral_grid.halide_generated.cpp,4040,58,generator_specific,0,0,1,30.935
bilateral_grid,cxx_default_on_emitted_cpp,cxx_lt_to_ge,bilateral_grid.halide_generated.cpp,4049,47,generator_specific,0,0,1,31.149
bilateral_grid,cxx_default_on_emitted_cpp,cxx_lt_to_ge,bilateral_grid.halide_generated.cpp,4106,47,generator_specific,0,0,1,31.785
bilateral_grid,cxx_default_on_emitted_cpp,cxx_lt_to_ge,bilateral_grid.halide_generated.cpp,4242,51,generator_specific,0,0,1,31.834
bilateral_grid,cxx_default_on_emitted_cpp,cxx_lt_to_ge,bilateral_grid.halide_generated.cpp,4248,68,generator_specific,0,0,1,31.834
bilateral_grid,cxx_default_on_emitted_cpp,cxx_lt_to_ge,bilateral_grid.halide_generated.cpp,4253,69,generator_specific,0,0,1,31.688
bilateral_grid,cxx_default_on_emitted_cpp,cxx_lt_to_ge,bilateral_grid.halide_generated.cpp,4266,67,generator_specific,0,0,1,31.537
bilateral_grid,cxx_default_on_emitted_cpp,cxx_lt_to_ge,bilateral_grid.halide_generated.cpp,4273,62,generator_specific,0,0,1,31.226
bilateral_grid,cxx_default_on_emitted_cpp,cxx_lt_to_ge,bilateral_grid.halide_generated.cpp,4282,63,generator_specific,0,0,1,32.060
bilateral_grid,cxx_default_on_emitted_cpp,cxx_lt_to_ge,bilateral_grid.halide_generated.cpp,4338,47,generator_specific,0,0,1,31.684
bilateral_grid,cxx_default_on_emitted_cpp,cxx_lt_to_ge,bilateral_grid.halide_generated.cpp,4351,60,generator_specific,0,0,1,31.874
bilateral_grid,cxx_default_on_emitted_cpp,cxx_lt_to_ge,bilateral_grid.halide_generated.cpp,4422,58,generator_specific,0,0,1,31.990
bilateral_grid,cxx_default_on_emitted_cpp,cxx_lt_to_ge,bilateral_grid.halide_generated.cpp,4431,47,generator_specific,0,0,1,31.841
bilateral_grid,cxx_default_on_emitted_cpp,cxx_lt_to_ge,bilateral_grid.halide_generated.cpp,4635,57,generator_specific,0,0,1,29.951
bilateral_grid,cxx_default_on_emitted_cpp,cxx_lt_to_ge,bilateral_grid.halide_generated.cpp,4647,58,generator_specific,0,0,1,30.111
bilateral_grid,cxx_default_on_emitted_cpp,cxx_lt_to_ge,bilateral_grid.halide_generated.cpp,4658,47,generator_specific,0,0,1,30.080
bilateral_grid,cxx_default_on_emitted_cpp,cxx_lt_to_ge,bilateral_grid.halide_generated.cpp,4737,47,generator_specific,0,0,1,31.712
bilateral_grid,cxx_default_on_emitted_cpp,cxx_lt_to_ge,bilateral_grid.halide_generated.cpp,4805,65,generator_specific,0,0,1,17.142
bilateral_grid,cxx_default_on_emitted_cpp,cxx_lt_to_ge,bilateral_grid.halide_generated.cpp,4817,64,generator_specific,0,0,1,17.073
bilateral_grid,cxx_default_on_emitted_cpp,cxx_lt_to_le,bilateral_grid.halide_generated.cpp,2530,27,boilerplate,0,0,0,42.814
bilateral_grid,cxx_default_on_emitted_cpp,cxx_lt_to_le,bilateral_grid.halide_generated.cpp,257,15,boilerplate,0,0,0,41.495
bilateral_grid,cxx_default_on_emitted_cpp,cxx_lt_to_le,bilateral_grid.halide_generated.cpp,3250,30,boilerplate,-6,1,1,0.932
bilateral_grid,cxx_default_on_emitted_cpp,cxx_lt_to_le,bilateral_grid.halide_generated.cpp,3270,30,boilerplate,0,0,0,42.063
bilateral_grid,cxx_default_on_emitted_cpp,cxx_lt_to_le,bilateral_grid.halide_generated.cpp,3296,30,boilerplate,0,0,0,42.730
bilateral_grid,cxx_default_on_emitted_cpp,cxx_lt_to_le,bilateral_grid.halide_generated.cpp,3357,30,boilerplate,0,0,0,42.654
bilateral_grid,cxx_default_on_emitted_cpp,cxx_lt_to_le,bilateral_grid.halide_generated.cpp,3371,30,boilerplate,0,0,0,42.555
bilateral_grid,cxx_default_on_emitted_cpp,cxx_lt_to_le,bilateral_grid.halide_generated.cpp,3372,25,boilerplate,0,0,0,42.638
bilateral_grid,cxx_default_on_emitted_cpp,cxx_lt_to_le,bilateral_grid.halide_generated.cpp,3633,17,generator_specific,-11,1,1,0.916
bilateral_grid,cxx_default_on_emitted_cpp,cxx_lt_to_le,bilateral_grid.halide_generated.cpp,3721,51,generator_specific,-6,1,1,0.083
bilateral_grid,cxx_default_on_emitted_cpp,cxx_lt_to_le,bilateral_grid.halide_generated.cpp,3727,68,generator_specific,-6,1,1,0.081
bilateral_grid,cxx_default_on_emitted_cpp,cxx_lt_to_le,bilateral_grid.halide_generated.cpp,3732,69,generator_specific,0,0,0,43.031
bilateral_grid,cxx_default_on_emitted_cpp,cxx_lt_to_le,bilateral_grid.halide_generated.cpp,3749,67,generator_specific,0,0,1,42.685
bilateral_grid,cxx_default_on_emitted_cpp,cxx_lt_to_le,bilateral_grid.halide_generated.cpp,3756,62,generator_specific,0,0,1,43.007
bilateral_grid,cxx_default_on_emitted_cpp,cxx_lt_to_le,bilateral_grid.halide_generated.cpp,3762,63,generator_specific,0,0,1,42.654
bilateral_grid,cxx_default_on_emitted_cpp,cxx_lt_to_le,bilateral_grid.halide_generated.cpp,3814,67,generator_specific,0,0,1,43.017
bilateral_grid,cxx_default_on_emitted_cpp,cxx_lt_to_le,bilateral_grid.halide_generated.cpp,3826,62,generator_specific,0,0,1,44.954
bilateral_grid,cxx_default_on_emitted_cpp,cxx_lt_to_le,bilateral_grid.halide_generated.cpp,3832,63,generator_specific,0,0,1,44.942
bilateral_grid,cxx_default_on_emitted_cpp,cxx_lt_to_le,bilateral_grid.halide_generated.cpp,3876,67,generator_specific,0,0,1,43.031
bilateral_grid,cxx_default_on_emitted_cpp,cxx_lt_to_le,bilateral_grid.halide_generated.cpp,3887,62,generator_specific,0,0,1,42.880
bilateral_grid,cxx_default_on_emitted_cpp,cxx_lt_to_le,bilateral_grid.halide_generated.cpp,3893,63,generator_specific,0,0,1,42.930
bilateral_grid,cxx_default_on_emitted_cpp,cxx_lt_to_le,bilateral_grid.halide_generated.cpp,3949,47,generator_specific,0,0,0,42.957
bilateral_grid,cxx_default_on_emitted_cpp,cxx_lt_to_le,bilateral_grid.halide_generated.cpp,3962,60,generator_specific,-6,1,1,0.083
bilateral_grid,cxx_default_on_emitted_cpp,cxx_lt_to_le,bilateral_grid.halide_generated.cpp,4040,58,generator_specific,-6,1,1,2.158
bilateral_grid,cxx_default_on_emitted_cpp,cxx_lt_to_le,bilateral_grid.halide_generated.cpp,4049,47,generator_specific,0,0,1,42.669
bilateral_grid,cxx_default_on_emitted_cpp,cxx_lt_to_le,bilateral_grid.halide_generated.cpp,4106,47,generator_specific,0,0,0,42.973
bilateral_grid,cxx_default_on_emitted_cpp,cxx_lt_to_le,bilateral_grid.halide_generated.cpp,4242,51,generator_specific,-11,1,1,0.068
bilateral_grid,cxx_default_on_emitted_cpp,cxx_lt_to_le,bilateral_grid.halide_generated.cpp,4248,68,generator_specific,-6,1,1,0.076
bilateral_grid,cxx_default_on_emitted_cpp,cxx_lt_to_le,bilateral_grid.halide_generated.cpp,4253,69,generator_specific,0,0,0,42.774
bilateral_grid,cxx_default_on_emitted_cpp,cxx_lt_to_le,bilateral_grid.halide_generated.cpp,4266,67,generator_specific,0,0,1,42.880
bilateral_grid,cxx_default_on_emitted_cpp,cxx_lt_to_le,bilateral_grid.halide_generated.cpp,4273,62,generator_specific,0,0,1,42.352
bilateral_grid,cxx_default_on_emitted_cpp,cxx_lt_to_le,bilateral_grid.halide_generated.cpp,4282,63,generator_specific,0,0,1,43.221
bilateral_grid,cxx_default_on_emitted_cpp,cxx_lt_to_le,bilateral_grid.halide_generated.cpp,4338,47,generator_specific,0,0,0,42.694
bilateral_grid,cxx_default_on_emitted_cpp,cxx_lt_to_le,bilateral_grid.halide_generated.cpp,4351,60,generator_specific,-11,1,1,0.078
bilateral_grid,cxx_default_on_emitted_cpp,cxx_lt_to_le,bilateral_grid.halide_generated.cpp,4422,58,generator_specific,-6,1,1,2.017
bilateral_grid,cxx_default_on_emitted_cpp,cxx_lt_to_le,bilateral_grid.halide_generated.cpp,4431,47,generator_specific,0,0,0,42.880
bilateral_grid,cxx_default_on_emitted_cpp,cxx_lt_to_le,bilateral_grid.halide_generated.cpp,4635,57,generator_specific,-11,1,1,3.489
bilateral_grid,cxx_default_on_emitted_cpp,cxx_lt_to_le,bilateral_grid.halide_generated.cpp,4647,58,generator_specific,-11,1,1,0.948
bilateral_grid,cxx_default_on_emitted_cpp,cxx_lt_to_le,bilateral_grid.halide_generated.cpp,4658,47,generator_specific,-6,1,1,0.949
bilateral_grid,cxx_default_on_emitted_cpp,cxx_lt_to_le,bilateral_grid.halide_generated.cpp,4737,47,generator_specific,0,0,0,42.406
bilateral_grid,cxx_default_on_emitted_cpp,cxx_lt_to_le,bilateral_grid.halide_generated.cpp,4805,65,generator_specific,-11,1,1,0.931
bilateral_grid,cxx_default_on_emitted_cpp,cxx_lt_to_le,bilateral_grid.halide_generated.cpp,4817,64,generator_specific,0,0,1,42.869
bilateral_grid,cxx_default_on_emitted_cpp,cxx_mul_to_div,bilateral_grid.halide_generated.cpp,3644,21,generator_specific,0,0,0,30.413
bilateral_grid,cxx_default_on_emitted_cpp,cxx_mul_to_div,bilateral_grid.halide_generated.cpp,3652,21,generator_specific,0,0,1,30.252
bilateral_grid,cxx_default_on_emitted_cpp,cxx_mul_to_div,bilateral_grid.halide_generated.cpp,3657,22,generator_specific,0,0,0,30.480
bilateral_grid,cxx_default_on_emitted_cpp,cxx_mul_to_div,bilateral_grid.halide_generated.cpp,3659,64,generator_specific,-11,1,1,0.092
bilateral_grid,cxx_default_on_emitted_cpp,cxx_mul_to_div,bilateral_grid.halide_generated.cpp,3660,64,generator_specific,-11,1,1,0.086
bilateral_grid,cxx_default_on_emitted_cpp,cxx_mul_to_div,bilateral_grid.halide_generated.cpp,3661,50,generator_specific,0,0,0,30.584
bilateral_grid,cxx_default_on_emitted_cpp,cxx_mul_to_div,bilateral_grid.halide_generated.cpp,3667,65,generator_specific,-11,1,1,0.082
bilateral_grid,cxx_default_on_emitted_cpp,cxx_mul_to_div,bilateral_grid.halide_generated.cpp,3677,22,generator_specific,0,0,1,16.012
bilateral_grid,cxx_default_on_emitted_cpp,cxx_mul_to_div,bilateral_grid.halide_generated.cpp,3687,22,generator_specific,0,0,0,30.349
bilateral_grid,cxx_default_on_emitted_cpp,cxx_mul_to_div,bilateral_grid.halide_generated.cpp,3696,23,generator_specific,0,0,0,30.507
bilateral_grid,cxx_default_on_emitted_cpp,cxx_mul_to_div,bilateral_grid.halide_generated.cpp,3699,65,generator_specific,-6,1,1,0.081
bilateral_grid,cxx_default_on_emitted_cpp,cxx_mul_to_div,bilateral_grid.halide_generated.cpp,3700,65,generator_specific,-6,1,1,0.079
bilateral_grid,cxx_default_on_emitted_cpp,cxx_mul_to_div,bilateral_grid.halide_generated.cpp,3701,51,generator_specific,0,0,0,30.629
bilateral_grid,cxx_default_on_emitted_cpp,cxx_mul_to_div,bilateral_grid.halide_generated.cpp,3707,70,generator_specific,-6,1,1,0.080
bilateral_grid,cxx_default_on_emitted_cpp,cxx_mul_to_div,bilateral_grid.halide_generated.cpp,3724,26,generator_specific,0,0,1,30.815
bilateral_grid,cxx_default_on_emitted_cpp,cxx_mul_to_div,bilateral_grid.halide_generated.cpp,3725,26,generator_specific,-8,1,1,0.075
bilateral_grid,cxx_default_on_emitted_cpp,cxx_mul_to_div,bilateral_grid.halide_generated.cpp,3730,27,generator_specific,0,0,1,30.331
bilateral_grid,cxx_default_on_emitted_cpp,cxx_mul_to_div,bilateral_grid.halide_generated.cpp,3745,25,generator_specific,0,0,1,30.619
bilateral_grid,cxx_default_on_emitted_cpp,cxx_mul_to_div,bilateral_grid.halide_generated.cpp,3752,26,generator_specific,0,0,1,30.393
bilateral_grid,cxx_default_on_emitted_cpp,cxx_mul_to_div,bilateral_grid.halide_generated.cpp,3754,26,generator_specific,0,0,1,30.347
bilateral_grid,cxx_default_on_emitted_cpp,cxx_mul_to_div,bilateral_grid.halide_generated.cpp,3760,27,generator_specific,0,0,1,30.510
bilateral_grid,cxx_default_on_emitted_cpp,cxx_mul_to_div,bilateral_grid.halide_generated.cpp,3775,26,generator_specific,0,0,1,30.422
bilateral_grid,cxx_default_on_emitted_cpp,cxx_mul_to_div,bilateral_grid.halide_generated.cpp,3780,28,generator_specific,0,0,1,30.635
bilateral_grid,cxx_default_on_emitted_cpp,cxx_mul_to_div,bilateral_grid.halide_generated.cpp,3796,26,generator_specific,0,0,1,30.606
bilateral_grid,cxx_default_on_emitted_cpp,cxx_mul_to_div,bilateral_grid.halide_generated.cpp,3801,28,generator_specific,0,0,1,30.698
bilateral_grid,cxx_default_on_emitted_cpp,cxx_mul_to_div,bilateral_grid.halide_generated.cpp,3810,25,generator_specific,0,0,1,30.013
bilateral_grid,cxx_default_on_emitted_cpp,cxx_mul_to_div,bilateral_grid.halide_generated.cpp,3817,26,generator_specific,0,0,1,30.238
bilateral_grid,cxx_default_on_emitted_cpp,cxx_mul_to_div,bilateral_grid.halide_generated.cpp,3820,26,generator_specific,0,0,1,29.759
bilateral_grid,cxx_default_on_emitted_cpp,cxx_mul_to_div,bilateral_grid.halide_generated.cpp,3830,27,generator_specific,0,0,1,29.844
bilateral_grid,cxx_default_on_emitted_cpp,cxx_mul_to_div,bilateral_grid.halide_generated.cpp,3841,26,generator_specific,0,0,1,29.877
bilateral_grid,cxx_default_on_emitted_cpp,cxx_mul_to_div,bilateral_grid.halide_generated.cpp,3846,28,generator_specific,0,0,1,30.109
bilateral_grid,cxx_default_on_emitted_cpp,cxx_mul_to_div,bilateral_grid.halide_generated.cpp,3858,26,generator_specific,0,0,1,30.286
bilateral_grid,cxx_default_on_emitted_cpp,cxx_mul_to_div,bilateral_grid.halide_generated.cpp,3863,28,generator_specific,0,0,1,29.837
bilateral_grid,cxx_default_on_emitted_cpp,cxx_mul_to_div,bilateral_grid.halide_generated.cpp,3872,25,generator_specific,0,0,1,30.563
bilateral_grid,cxx_default_on_emitted_cpp,cxx_mul_to_div,bilateral_grid.halide_generated.cpp,3879,26,generator_specific,0,0,1,30.451
bilateral_grid,cxx_default_on_emitted_cpp,cxx_mul_to_div,bilateral_grid.halide_generated.cpp,3881,26,generator_specific,0,0,1,30.337
bilateral_grid,cxx_default_on_emitted_cpp,cxx_mul_to_div,bilateral_grid.halide_generated.cpp,3891,27,generator_specific,0,0,1,30.241
bilateral_grid,cxx_default_on_emitted_cpp,cxx_mul_to_div,bilateral_grid.halide_generated.cpp,3906,26,generator_specific,0,0,1,30.485
bilateral_grid,cxx_default_on_emitted_cpp,cxx_mul_to_div,bilateral_grid.halide_generated.cpp,3911,28,generator_specific,0,0,1,30.788
bilateral_grid,cxx_default_on_emitted_cpp,cxx_mul_to_div,bilateral_grid.halide_generated.cpp,3927,26,generator_specific,0,0,1,30.527
bilateral_grid,cxx_default_on_emitted_cpp,cxx_mul_to_div,bilateral_grid.halide_generated.cpp,3932,28,generator_specific,0,0,1,30.552
bilateral_grid,cxx_default_on_emitted_cpp,cxx_mul_to_div,bilateral_grid.halide_generated.cpp,3951,35,generator_specific,0,0,1,29.904
bilateral_grid,cxx_default_on_emitted_cpp,cxx_mul_to_div,bilateral_grid.halide_generated.cpp,3957,26,generator_specific,0,0,1,29.684
bilateral_grid,cxx_default_on_emitted_cpp,cxx_mul_to_div,bilateral_grid.halide_generated.cpp,3965,27,generator_specific,0,0,1,30.100
bilateral_grid,cxx_default_on_emitted_cpp,cxx_mul_to_div,bilateral_grid.halide_generated.cpp,3967,27,generator_specific,0,0,1,30.580
bilateral_grid,cxx_default_on_emitted_cpp,cxx_mul_to_div,bilateral_grid.halide_generated.cpp,3974,26,generator_specific,0,0,1,30.433
bilateral_grid,cxx_default_on_emitted_cpp,cxx_mul_to_div,bilateral_grid.halide_generated.cpp,3978,26,generator_specific,0,0,1,30.080
bilateral_grid,cxx_default_on_emitted_cpp,cxx_mul_to_div,bilateral_grid.halide_generated.cpp,3979,27,generator_specific,0,0,1,30.495
bilateral_grid,cxx_default_on_emitted_cpp,cxx_mul_to_div,bilateral_grid.halide_generated.cpp,3984,26,generator_specific,0,0,1,30.230
bilateral_grid,cxx_default_on_emitted_cpp,cxx_mul_to_div,bilateral_grid.halide_generated.cpp,3990,27,generator_specific,-8,1,1,0.079
bilateral_grid,cxx_default_on_emitted_cpp,cxx_mul_to_div,bilateral_grid.halide_generated.cpp,3994,27,generator_specific,0,0,1,30.009
bilateral_grid,cxx_default_on_emitted_cpp,cxx_mul_to_div,bilateral_grid.halide_generated.cpp,3996,27,generator_specific,0,0,1,30.713
bilateral_grid,cxx_default_on_emitted_cpp,cxx_mul_to_div,bilateral_grid.halide_generated.cpp,4003,26,generator_specific,0,0,1,30.353
bilateral_grid,cxx_default_on_emitted_cpp,cxx_mul_to_div,bilateral_grid.halide_generated.cpp,4007,26,generator_specific,0,0,1,29.969
bilateral_grid,cxx_default_on_emitted_cpp,cxx_mul_to_div,bilateral_grid.halide_generated.cpp,4008,27,generator_specific,0,0,1,30.511
bilateral_grid,cxx_default_on_emitted_cpp,cxx_mul_to_div,bilateral_grid.halide_generated.cpp,4013,26,generator_specific,0,0,1,29.960
bilateral_grid,cxx_default_on_emitted_cpp,cxx_mul_to_div,bilateral_grid.halide_generated.cpp,4019,27,generator_specific,-8,1,1,0.082
bilateral_grid,cxx_default_on_emitted_cpp,cxx_mul_to_div,bilateral_grid.halide_generated.cpp,4028,24,generator_specific,0,0,1,30.400
bilateral_grid,cxx_default_on_emitted_cpp,cxx_mul_to_div,bilateral_grid.halide_generated.cpp,4042,40,generator_specific,0,0,1,29.773
bilateral_grid,cxx_default_on_emitted_cpp,cxx_mul_to_div,bilateral_grid.halide_generated.cpp,4044,25,generator_specific,-8,1,1,0.080
bilateral_grid,cxx_default_on_emitted_cpp,cxx_mul_to_div,bilateral_grid.halide_generated.cpp,4051,35,generator_specific,0,0,1,29.751
bilateral_grid,cxx_default_on_emitted_cpp,cxx_mul_to_div,bilateral_grid.halide_generated.cpp,4060,25,generator_specific,0,0,1,30.308
bilateral_grid,cxx_default_on_emitted_cpp,cxx_mul_to_div,bilateral_grid.halide_generated.cpp,4064,25,generator_specific,0,0,1,30.457
bilateral_grid,cxx_default_on_emitted_cpp,cxx_mul_to_div,bilateral_grid.halide_generated.cpp,4069,25,generator_specific,0,0,1,30.502
bilateral_grid,cxx_default_on_emitted_cpp,cxx_mul_to_div,bilateral_grid.halide_generated.cpp,4083,25,generator_specific,0,0,1,30.610
bilateral_grid,cxx_default_on_emitted_cpp,cxx_mul_to_div,bilateral_grid.halide_generated.cpp,4087,25,generator_specific,0,0,1,30.540
bilateral_grid,cxx_default_on_emitted_cpp,cxx_mul_to_div,bilateral_grid.halide_generated.cpp,4092,25,generator_specific,0,0,1,30.429
bilateral_grid,cxx_default_on_emitted_cpp,cxx_mul_to_div,bilateral_grid.halide_generated.cpp,4100,40,generator_specific,0,0,1,30.800
bilateral_grid,cxx_default_on_emitted_cpp,cxx_mul_to_div,bilateral_grid.halide_generated.cpp,4102,25,generator_specific,-8,1,1,0.077
bilateral_grid,cxx_default_on_emitted_cpp,cxx_mul_to_div,bilateral_grid.halide_generated.cpp,4114,25,generator_specific,0,0,1,30.363
bilateral_grid,cxx_default_on_emitted_cpp,cxx_mul_to_div,bilateral_grid.halide_generated.cpp,4118,25,generator_specific,0,0,1,30.783
bilateral_grid,cxx_default_on_emitted_cpp,cxx_mul_to_div,bilateral_grid.halide_generated.cpp,4123,25,generator_specific,0,0,1,30.355
bilateral_grid,cxx_default_on_emitted_cpp,cxx_mul_to_div,bilateral_grid.halide_generated.cpp,4136,25,generator_specific,0,0,1,30.555
bilateral_grid,cxx_default_on_emitted_cpp,cxx_mul_to_div,bilateral_grid.halide_generated.cpp,4140,25,generator_specific,0,0,1,30.433
bilateral_grid,cxx_default_on_emitted_cpp,cxx_mul_to_div,bilateral_grid.halide_generated.cpp,4145,25,generator_specific,0,0,1,30.470
bilateral_grid,cxx_default_on_emitted_cpp,cxx_mul_to_div,bilateral_grid.halide_generated.cpp,4165,23,generator_specific,0,0,0,30.511
bilateral_grid,cxx_default_on_emitted_cpp,cxx_mul_to_div,bilateral_grid.halide_generated.cpp,4173,23,generator_specific,0,0,1,30.557
bilateral_grid,cxx_default_on_emitted_cpp,cxx_mul_to_div,bilateral_grid.halide_generated.cpp,4178,24,generator_specific,0,0,0,30.397
bilateral_grid,cxx_default_on_emitted_cpp,cxx_mul_to_div,bilateral_grid.halide_generated.cpp,4180,68,generator_specific,-11,1,1,0.074
bilateral_grid,cxx_default_on_emitted_cpp,cxx_mul_to_div,bilateral_grid.halide_generated.cpp,4181,68,generator_specific,-11,1,1,0.074
bilateral_grid,cxx_default_on_emitted_cpp,cxx_mul_to_div,bilateral_grid.halide_generated.cpp,4182,52,generator_specific,0,0,0,30.641
bilateral_grid,cxx_default_on_emitted_cpp,cxx_mul_to_div,bilateral_grid.halide_generated.cpp,4188,65,generator_specific,-11,1,1,0.077
bilateral_grid,cxx_default_on_emitted_cpp,cxx_mul_to_div,bilateral_grid.halide_generated.cpp,4198,24,generator_specific,0,0,1,30.049
bilateral_grid,cxx_default_on_emitted_cpp,cxx_mul_to_div,bilateral_grid.halide_generated.cpp,4208,24,generator_specific,0,0,0,30.435
bilateral_grid,cxx_default_on_emitted_cpp,cxx_mul_to_div,bilateral_grid.halide_generated.cpp,4217,25,generator_specific,0,0,0,30.320
bilateral_grid,cxx_default_on_emitted_cpp,cxx_mul_to_div,bilateral_grid.halide_generated.cpp,4220,69,generator_specific,-6,1,1,0.075
bilateral_grid,cxx_default_on_emitted_cpp,cxx_mul_to_div,bilateral_grid.halide_generated.cpp,4221,69,generator_specific,-6,1,1,0.073
bilateral_grid,cxx_default_on_emitted_cpp,cxx_mul_to_div,bilateral_grid.halide_generated.cpp,4222,53,generator_specific,0,0,0,30.438
bilateral_grid,cxx_default_on_emitted_cpp,cxx_mul_to_div,bilateral_grid.halide_generated.cpp,4228,70,generator_specific,-6,1,1,0.073
bilateral_grid,cxx_default_on_emitted_cpp,cxx_mul_to_div,bilateral_grid.halide_generated.cpp,4245,26,generator_specific,0,0,1,30.327
bilateral_grid,cxx_default_on_emitted_cpp,cxx_mul_to_div,bilateral_grid.halide_generated.cpp,4246,26,generator_specific,-8,1,1,0.067
bilateral_grid,cxx_default_on_emitted_cpp,cxx_mul_to_div,bilateral_grid.halide_generated.cpp,4251,27,generator_specific,0,0,1,30.536
bilateral_grid,cxx_default_on_emitted_cpp,cxx_mul_to_div,bilateral_grid.halide_generated.cpp,4262,25,generator_specific,0,0,1,30.514
bilateral_grid,cxx_default_on_emitted_cpp,cxx_mul_to_div,bilateral_grid.halide_generated.cpp,4269,26,generator_specific,0,0,1,30.297
bilateral_grid,cxx_default_on_emitted_cpp,cxx_mul_to_div,bilateral_grid.halide_generated.cpp,4271,26,generator_specific,0,0,1,30.182
bilateral_grid,cxx_default_on_emitted_cpp,cxx_mul_to_div,bilateral_grid.halide_generated.cpp,4280,27,generator_specific,0,0,1,30.333
bilateral_grid,cxx_default_on_emitted_cpp,cxx_mul_to_div,bilateral_grid.halide_generated.cpp,4295,26,generator_specific,0,0,1,30.708
bilateral_grid,cxx_default_on_emitted_cpp,cxx_mul_to_div,bilateral_grid.halide_generated.cpp,4300,28,generator_specific,0,0,1,30.642
bilateral_grid,cxx_default_on_emitted_cpp,cxx_mul_to_div,bilateral_grid.halide_generated.cpp,4316,26,generator_specific,0,0,1,30.457
bilateral_grid,cxx_default_on_emitted_cpp,cxx_mul_to_div,bilateral_grid.halide_generated.cpp,4321,28,generator_specific,0,0,1,30.783
bilateral_grid,cxx_default_on_emitted_cpp,cxx_mul_to_div,bilateral_grid.halide_generated.cpp,4340,35,generator_specific,0,0,1,30.382
bilateral_grid,cxx_default_on_emitted_cpp,cxx_mul_to_div,bilateral_grid.halide_generated.cpp,4346,26,generator_specific,0,0,1,30.219
bilateral_grid,cxx_default_on_emitted_cpp,cxx_mul_to_div,bilateral_grid.halide_generated.cpp,4354,27,generator_specific,0,0,1,30.452
bilateral_grid,cxx_default_on_emitted_cpp,cxx_mul_to_div,bilateral_grid.halide_generated.cpp,4356,27,generator_specific,0,0,1,30.606
bilateral_grid,cxx_default_on_emitted_cpp,cxx_mul_to_div,bilateral_grid.halide_generated.cpp,4363,26,generator_specific,0,0,1,30.550
bilateral_grid,cxx_default_on_emitted_cpp,cxx_mul_to_div,bilateral_grid.halide_generated.cpp,4367,26,generator_specific,0,0,1,30.760
bilateral_grid,cxx_default_on_emitted_cpp,cxx_mul_to_div,bilateral_grid.halide_generated.cpp,4368,27,generator_specific,0,0,1,30.716
bilateral_grid,cxx_default_on_emitted_cpp,cxx_mul_to_div,bilateral_grid.halide_generated.cpp,4373,26,generator_specific,0,0,1,30.288
bilateral_grid,cxx_default_on_emitted_cpp,cxx_mul_to_div,bilateral_grid.halide_generated.cpp,4379,27,generator_specific,-8,1,1,0.075
bilateral_grid,cxx_default_on_emitted_cpp,cxx_mul_to_div,bilateral_grid.halide_generated.cpp,4383,27,generator_specific,0,0,1,30.681
bilateral_grid,cxx_default_on_emitted_cpp,cxx_mul_to_div,bilateral_grid.halide_generated.cpp,4385,27,generator_specific,0,0,1,30.290
bilateral_grid,cxx_default_on_emitted_cpp,cxx_mul_to_div,bilateral_grid.halide_generated.cpp,4392,26,generator_specific,0,0,1,30.573
bilateral_grid,cxx_default_on_emitted_cpp,cxx_mul_to_div,bilateral_grid.halide_generated.cpp,4396,26,generator_specific,0,0,1,30.319
bilateral_grid,cxx_default_on_emitted_cpp,cxx_mul_to_div,bilateral_grid.halide_generated.cpp,4397,27,generator_specific,0,0,1,30.396
bilateral_grid,cxx_default_on_emitted_cpp,cxx_mul_to_div,bilateral_grid.halide_generated.cpp,4402,26,generator_specific,0,0,1,30.474
bilateral_grid,cxx_default_on_emitted_cpp,cxx_mul_to_div,bilateral_grid.halide_generated.cpp,4408,27,generator_specific,-8,1,1,0.074
bilateral_grid,cxx_default_on_emitted_cpp,cxx_mul_to_div,bilateral_grid.halide_generated.cpp,4417,24,generator_specific,-8,1,1,0.072
bilateral_grid,cxx_default_on_emitted_cpp,cxx_mul_to_div,bilateral_grid.halide_generated.cpp,4424,40,generator_specific,0,0,1,30.513
bilateral_grid,cxx_default_on_emitted_cpp,cxx_mul_to_div,bilateral_grid.halide_generated.cpp,4426,25,generator_specific,-8,1,1,0.075
bilateral_grid,cxx_default_on_emitted_cpp,cxx_mul_to_div,bilateral_grid.halide_generated.cpp,4433,35,generator_specific,0,0,1,30.511
bilateral_grid,cxx_default_on_emitted_cpp,cxx_mul_to_div,bilateral_grid.halide_generated.cpp,4443,25,generator_specific,0,0,1,30.879
bilateral_grid,cxx_default_on_emitted_cpp,cxx_mul_to_div,bilateral_grid.halide_generated.cpp,4447,25,generator_specific,0,0,1,30.526
bilateral_grid,cxx_default_on_emitted_cpp,cxx_mul_to_div,bilateral_grid.halide_generated.cpp,4452,25,generator_specific,0,0,1,30.353
bilateral_grid,cxx_default_on_emitted_cpp,cxx_mul_to_div,bilateral_grid.halide_generated.cpp,4466,25,generator_specific,0,0,1,30.509
bilateral_grid,cxx_default_on_emitted_cpp,cxx_mul_to_div,bilateral_grid.halide_generated.cpp,4470,25,generator_specific,0,0,1,30.333
bilateral_grid,cxx_default_on_emitted_cpp,cxx_mul_to_div,bilateral_grid.halide_generated.cpp,4475,25,generator_specific,0,0,1,30.470
bilateral_grid,cxx_default_on_emitted_cpp,cxx_mul_to_div,bilateral_grid.halide_generated.cpp,4591,40,generator_specific,0,0,1,30.164
bilateral_grid,cxx_default_on_emitted_cpp,cxx_mul_to_div,bilateral_grid.halide_generated.cpp,4594,22,generator_specific,0,0,1,30.276
bilateral_grid,cxx_default_on_emitted_cpp,cxx_mul_to_div,bilateral_grid.halide_generated.cpp,4597,22,generator_specific,0,0,1,30.599
bilateral_grid,cxx_default_on_emitted_cpp,cxx_mul_to_div,bilateral_grid.halide_generated.cpp,4605,23,generator_specific,-6,1,1,0.801
bilateral_grid,cxx_default_on_emitted_cpp,cxx_mul_to_div,bilateral_grid.halide_generated.cpp,4607,67,generator_specific,-6,1,1,1.503
bilateral_grid,cxx_default_on_emitted_cpp,cxx_mul_to_div,bilateral_grid.halide_generated.cpp,4608,67,generator_specific,-6,1,1,0.795
bilateral_grid,cxx_default_on_emitted_cpp,cxx_mul_to_div,bilateral_grid.halide_generated.cpp,4609,51,generator_specific,0,0,0,30.414
bilateral_grid,cxx_default_on_emitted_cpp,cxx_mul_to_div,bilateral_grid.halide_generated.cpp,4615,64,generator_specific,-6,1,1,1.497
bilateral_grid,cxx_default_on_emitted_cpp,cxx_mul_to_div,bilateral_grid.halide_generated.cpp,4624,23,generator_specific,0,0,1,29.960
bilateral_grid,cxx_default_on_emitted_cpp,cxx_mul_to_div,bilateral_grid.halide_generated.cpp,4631,23,generator_specific,0,0,1,30.507
bilateral_grid,cxx_default_on_emitted_cpp,cxx_mul_to_div,bilateral_grid.halide_generated.cpp,4637,24,generator_specific,-8,1,1,0.800
bilateral_grid,cxx_default_on_emitted_cpp,cxx_mul_to_div,bilateral_grid.halide_generated.cpp,4638,39,generator_specific,0,0,1,30.005
bilateral_grid,cxx_default_on_emitted_cpp,cxx_mul_to_div,bilateral_grid.halide_generated.cpp,4652,25,generator_specific,0,0,1,30.432
bilateral_grid,cxx_default_on_emitted_cpp,cxx_mul_to_div,bilateral_grid.halide_generated.cpp,4655,40,generator_specific,0,0,1,30.590
bilateral_grid,cxx_default_on_emitted_cpp,cxx_mul_to_div,bilateral_grid.halide_generated.cpp,4660,35,generator_specific,0,0,1,29.997
bilateral_grid,cxx_default_on_emitted_cpp,cxx_mul_to_div,bilateral_grid.halide_generated.cpp,4664,26,generator_specific,0,0,1,30.359
bilateral_grid,cxx_default_on_emitted_cpp,cxx_mul_to_div,bilateral_grid.halide_generated.cpp,4673,25,generator_specific,0,0,1,30.612
bilateral_grid,cxx_default_on_emitted_cpp,cxx_mul_to_div,bilateral_grid.halide_generated.cpp,4677,25,generator_specific,0,0,1,30.529
bilateral_grid,cxx_default_on_emitted_cpp,cxx_mul_to_div,bilateral_grid.halide_generated.cpp,4678,26,generator_specific,0,0,1,30.373
bilateral_grid,cxx_default_on_emitted_cpp,cxx_mul_to_div,bilateral_grid.halide_generated.cpp,4685,25,generator_specific,0,0,1,30.502
bilateral_grid,cxx_default_on_emitted_cpp,cxx_mul_to_div,bilateral_grid.halide_generated.cpp,4691,26,generator_specific,-8,1,1,0.807
bilateral_grid,cxx_default_on_emitted_cpp,cxx_mul_to_div,bilateral_grid.halide_generated.cpp,4696,26,generator_specific,0,0,1,30.421
bilateral_grid,cxx_default_on_emitted_cpp,cxx_mul_to_div,bilateral_grid.halide_generated.cpp,4705,25,generator_specific,0,0,1,30.397
bilateral_grid,cxx_default_on_emitted_cpp,cxx_mul_to_div,bilateral_grid.halide_generated.cpp,4709,25,generator_specific,0,0,1,30.254
bilateral_grid,cxx_default_on_emitted_cpp,cxx_mul_to_div,bilateral_grid.halide_generated.cpp,4710,26,generator_specific,0,0,1,30.380
bilateral_grid,cxx_default_on_emitted_cpp,cxx_mul_to_div,bilateral_grid.halide_generated.cpp,4717,25,generator_specific,0,0,1,30.640
bilateral_grid,cxx_default_on_emitted_cpp,cxx_mul_to_div,bilateral_grid.halide_generated.cpp,4723,26,generator_specific,-8,1,1,0.801
bilateral_grid,cxx_default_on_emitted_cpp,cxx_mul_to_div,bilateral_grid.halide_generated.cpp,4732,25,generator_specific,0,0,1,30.757
bilateral_grid,cxx_default_on_emitted_cpp,cxx_mul_to_div,bilateral_grid.halide_generated.cpp,4735,40,generator_specific,0,0,1,30.562
bilateral_grid,cxx_default_on_emitted_cpp,cxx_mul_to_div,bilateral_grid.halide_generated.cpp,4739,26,generator_specific,0,0,1,30.467
bilateral_grid,cxx_default_on_emitted_cpp,cxx_mul_to_div,bilateral_grid.halide_generated.cpp,4748,25,generator_specific,0,0,1,30.503
bilateral_grid,cxx_default_on_emitted_cpp,cxx_mul_to_div,bilateral_grid.halide_generated.cpp,4752,25,generator_specific,0,0,1,30.418
bilateral_grid,cxx_default_on_emitted_cpp,cxx_mul_to_div,bilateral_grid.halide_generated.cpp,4753,26,generator_specific,0,0,1,30.564
bilateral_grid,cxx_default_on_emitted_cpp,cxx_mul_to_div,bilateral_grid.halide_generated.cpp,4760,25,generator_specific,0,0,1,30.495
bilateral_grid,cxx_default_on_emitted_cpp,cxx_mul_to_div,bilateral_grid.halide_generated.cpp,4768,26,generator_specific,0,0,1,30.474
bilateral_grid,cxx_default_on_emitted_cpp,cxx_mul_to_div,bilateral_grid.halide_generated.cpp,4777,25,generator_specific,0,0,1,30.290
bilateral_grid,cxx_default_on_emitted_cpp,cxx_mul_to_div,bilateral_grid.halide_generated.cpp,4781,25,generator_specific,0,0,1,30.317
bilateral_grid,cxx_default_on_emitted_cpp,cxx_mul_to_div,bilateral_grid.halide_generated.cpp,4782,26,generator_specific,0,0,1,30.417
bilateral_grid,cxx_default_on_emitted_cpp,cxx_mul_to_div,bilateral_grid.halide_generated.cpp,4789,25,generator_specific,0,0,1,30.286
bilateral_grid,cxx_default_on_emitted_cpp,cxx_mul_to_div,bilateral_grid.halide_generated.cpp,4803,23,generator_specific,0,0,1,30.097
bilateral_grid,cxx_default_on_emitted_cpp,cxx_mul_to_div,bilateral_grid.halide_generated.cpp,4810,24,generator_specific,0,0,0,30.370
bilateral_grid,cxx_default_on_emitted_cpp,cxx_mul_to_div,bilateral_grid.halide_generated.cpp,4811,24,generator_specific,-8,1,1,0.786
bilateral_grid,cxx_default_on_emitted_cpp,cxx_mul_to_div,bilateral_grid.halide_generated.cpp,4813,24,generator_specific,-8,1,1,0.799
bilateral_grid,cxx_default_on_emitted_cpp,cxx_mul_to_div,bilateral_grid.halide_generated.cpp,4819,43,generator_specific,0,0,1,29.636
bilateral_grid,cxx_default_on_emitted_cpp,cxx_mul_to_div,bilateral_grid.halide_generated.cpp,4829,24,generator_specific,0,0,1,30.348
bilateral_grid,cxx_default_on_emitted_cpp,cxx_mul_to_div,bilateral_grid.halide_generated.cpp,4840,27,generator_specific,0,0,1,29.950
bilateral_grid,cxx_default_on_emitted_cpp,cxx_mul_to_div,bilateral_grid.halide_generated.cpp,4844,25,generator_specific,0,0,0,30.531
bilateral_grid,cxx_default_on_emitted_cpp,cxx_mul_to_div,bilateral_grid.halide_generated.cpp,4860,24,generator_specific,0,0,1,30.561
bilateral_grid,cxx_default_on_emitted_cpp,cxx_mul_to_div,bilateral_grid.halide_generated.cpp,4862,24,generator_specific,0,0,1,30.101
bilateral_grid,cxx_default_on_emitted_cpp,cxx_mul_to_div,bilateral_grid.halide_generated.cpp,4865,24,generator_specific,0,0,1,30.730
bilateral_grid,cxx_default_on_emitted_cpp,cxx_mul_to_div,bilateral_grid.halide_generated.cpp,4866,24,generator_specific,0,0,1,30.155
bilateral_grid,cxx_default_on_emitted_cpp,cxx_mul_to_div,bilateral_grid.halide_generated.cpp,4869,23,generator_specific,0,0,1,30.227
bilateral_grid,cxx_default_on_emitted_cpp,cxx_mul_to_div,bilateral_grid.halide_generated.cpp,4872,25,generator_specific,0,0,1,30.157
bilateral_grid,cxx_default_on_emitted_cpp,cxx_mul_to_div,bilateral_grid.halide_generated.cpp,4876,26,generator_specific,0,0,1,30.197
bilateral_grid,cxx_default_on_emitted_cpp,cxx_mul_to_div,bilateral_grid.halide_generated.cpp,4881,26,generator_specific,0,0,1,30.355
bilateral_grid,cxx_default_on_emitted_cpp,cxx_mul_to_div,bilateral_grid.halide_generated.cpp,4882,26,generator_specific,0,0,1,30.044
bilateral_grid,cxx_default_on_emitted_cpp,cxx_mul_to_div,bilateral_grid.halide_generated.cpp,4886,26,generator_specific,0,0,1,30.154
bilateral_grid,cxx_default_on_emitted_cpp,cxx_mul_to_div,bilateral_grid.halide_generated.cpp,4890,26,generator_specific,0,0,1,30.130
bilateral_grid,cxx_default_on_emitted_cpp,cxx_mul_to_div,bilateral_grid.halide_generated.cpp,4897,26,generator_specific,0,0,1,30.276
bilateral_grid,cxx_default_on_emitted_cpp,cxx_mul_to_div,bilateral_grid.halide_generated.cpp,4902,26,generator_specific,0,0,1,30.689
bilateral_grid,cxx_default_on_emitted_cpp,cxx_mul_to_div,bilateral_grid.halide_generated.cpp,4903,26,generator_specific,0,0,1,30.049
bilateral_grid,cxx_default_on_emitted_cpp,cxx_mul_to_div,bilateral_grid.halide_generated.cpp,4906,26,generator_specific,0,0,1,30.032
bilateral_grid,cxx_default_on_emitted_cpp,cxx_mul_to_div,bilateral_grid.halide_generated.cpp,4911,26,generator_specific,0,0,1,30.220
bilateral_grid,cxx_default_on_emitted_cpp,cxx_mul_to_div,bilateral_grid.halide_generated.cpp,4916,26,generator_specific,0,0,1,30.559
bilateral_grid,cxx_default_on_emitted_cpp,cxx_mul_to_div,bilateral_grid.halide_generated.cpp,4917,26,generator_specific,0,0,1,30.167
bilateral_grid,cxx_default_on_emitted_cpp,cxx_mul_to_div,bilateral_grid.halide_generated.cpp,4920,26,generator_specific,0,0,1,30.053
bilateral_grid,cxx_default_on_emitted_cpp,cxx_mul_to_div,bilateral_grid.halide_generated.cpp,4923,26,generator_specific,0,0,1,30.195
bilateral_grid,cxx_default_on_emitted_cpp,cxx_mul_to_div,bilateral_grid.halide_generated.cpp,4932,26,generator_specific,0,0,1,30.253
bilateral_grid,cxx_default_on_emitted_cpp,cxx_mul_to_div,bilateral_grid.halide_generated.cpp,4937,26,generator_specific,0,0,1,30.614
bilateral_grid,cxx_default_on_emitted_cpp,cxx_mul_to_div,bilateral_grid.halide_generated.cpp,4938,26,generator_specific,0,0,1,30.382
bilateral_grid,cxx_default_on_emitted_cpp,cxx_mul_to_div,bilateral_grid.halide_generated.cpp,4941,26,generator_specific,0,0,1,30.277
bilateral_grid,cxx_default_on_emitted_cpp,cxx_mul_to_div,bilateral_grid.halide_generated.cpp,4946,26,generator_specific,0,0,1,30.306
bilateral_grid,cxx_default_on_emitted_cpp,cxx_mul_to_div,bilateral_grid.halide_generated.cpp,4951,26,generator_specific,0,0,1,30.434
bilateral_grid,cxx_default_on_emitted_cpp,cxx_mul_to_div,bilateral_grid.halide_generated.cpp,4952,26,generator_specific,0,0,1,30.217
bilateral_grid,cxx_default_on_emitted_cpp,cxx_mul_to_div,bilateral_grid.halide_generated.cpp,4955,26,generator_specific,0,0,1,30.081
bilateral_grid,cxx_default_on_emitted_cpp,cxx_mul_to_div,bilateral_grid.halide_generated.cpp,4958,26,generator_specific,0,0,1,30.315
bilateral_grid,cxx_default_on_emitted_cpp,cxx_mul_to_div,bilateral_grid.halide_generated.cpp,4965,26,generator_specific,0,0,1,30.200
bilateral_grid,cxx_default_on_emitted_cpp,cxx_mul_to_div,bilateral_grid.halide_generated.cpp,4970,26,generator_specific,0,0,1,30.483
bilateral_grid,cxx_default_on_emitted_cpp,cxx_mul_to_div,bilateral_grid.halide_generated.cpp,4971,26,generator_specific,0,0,1,32.102
bilateral_grid,cxx_default_on_emitted_cpp,cxx_mul_to_div,bilateral_grid.halide_generated.cpp,4974,26,generator_specific,0,0,1,30.584
bilateral_grid,cxx_default_on_emitted_cpp,cxx_mul_to_div,bilateral_grid.halide_generated.cpp,4979,26,generator_specific,0,0,1,30.357
bilateral_grid,cxx_default_on_emitted_cpp,cxx_mul_to_div,bilateral_grid.halide_generated.cpp,4984,26,generator_specific,0,0,1,30.629
bilateral_grid,cxx_default_on_emitted_cpp,cxx_mul_to_div,bilateral_grid.halide_generated.cpp,4985,26,generator_specific,0,0,1,30.413
bilateral_grid,cxx_default_on_emitted_cpp,cxx_mul_to_div,bilateral_grid.halide_generated.cpp,4988,26,generator_specific,0,0,1,30.159
bilateral_grid,cxx_default_on_emitted_cpp,cxx_mul_to_div,bilateral_grid.halide_generated.cpp,4991,26,generator_specific,0,0,1,30.026
bilateral_grid,cxx_default_on_emitted_cpp,cxx_mul_to_div,bilateral_grid.halide_generated.cpp,5001,27,generator_specific,0,0,0,30.415
bilateral_grid,cxx_default_on_emitted_cpp,cxx_mul_to_div,bilateral_grid.halide_generated.cpp,5012,26,generator_specific,0,0,0,30.491
bilateral_grid,cxx_default_on_emitted_cpp,cxx_mul_to_div,bilateral_grid.halide_generated.cpp,5023,29,generator_specific,0,0,0,30.637
bilateral_grid,cxx_default_on_emitted_cpp,cxx_mul_to_div,bilateral_grid.halide_generated.cpp,5027,26,generator_specific,0,0,0,30.261
bilateral_grid,cxx_default_on_emitted_cpp,cxx_mul_to_div,bilateral_grid.halide_generated.cpp,5033,27,generator_specific,0,0,0,30.525
bilateral_grid,cxx_default_on_emitted_cpp,cxx_mul_to_div,bilateral_grid.halide_generated.cpp,5048,26,generator_specific,0,0,0,30.456
bilateral_grid,cxx_default_on_emitted_cpp,cxx_mul_to_div,bilateral_grid.halide_generated.cpp,5050,26,generator_specific,0,0,0,30.417
bilateral_grid,cxx_default_on_emitted_cpp,cxx_mul_to_div,bilateral_grid.halide_generated.cpp,5053,26,generator_specific,0,0,0,30.565
bilateral_grid,cxx_default_on_emitted_cpp,cxx_mul_to_div,bilateral_grid.halide_generated.cpp,5054,26,generator_specific,0,0,0,30.343
bilateral_grid,cxx_default_on_emitted_cpp,cxx_mul_to_div,bilateral_grid.halide_generated.cpp,5057,25,generator_specific,0,0,0,30.556
bilateral_grid,cxx_default_on_emitted_cpp,cxx_mul_to_div,bilateral_grid.halide_generated.cpp,5060,26,generator_specific,0,0,0,30.317
bilateral_grid,cxx_default_on_emitted_cpp,cxx_mul_to_div,bilateral_grid.halide_generated.cpp,5064,26,generator_specific,0,0,0,30.466
bilateral_grid,cxx_default_on_emitted_cpp,cxx_mul_to_div,bilateral_grid.halide_generated.cpp,5069,26,generator_specific,0,0,0,30.551
bilateral_grid,cxx_default_on_emitted_cpp,cxx_mul_to_div,bilateral_grid.halide_generated.cpp,5070,26,generator_specific,0,0,0,30.427
bilateral_grid,cxx_default_on_emitted_cpp,cxx_mul_to_div,bilateral_grid.halide_generated.cpp,5074,26,generator_specific,0,0,0,30.362
bilateral_grid,cxx_default_on_emitted_cpp,cxx_mul_to_div,bilateral_grid.halide_generated.cpp,5078,26,generator_specific,0,0,0,30.487
bilateral_grid,cxx_default_on_emitted_cpp,cxx_mul_to_div,bilateral_grid.halide_generated.cpp,5085,26,generator_specific,0,0,0,30.371
bilateral_grid,cxx_default_on_emitted_cpp,cxx_mul_to_div,bilateral_grid.halide_generated.cpp,5090,26,generator_specific,0,0,0,30.679
bilateral_grid,cxx_default_on_emitted_cpp,cxx_mul_to_div,bilateral_grid.halide_generated.cpp,5091,26,generator_specific,0,0,0,30.491
bilateral_grid,cxx_default_on_emitted_cpp,cxx_mul_to_div,bilateral_grid.halide_generated.cpp,5094,26,generator_specific,0,0,0,30.439
bilateral_grid,cxx_default_on_emitted_cpp,cxx_mul_to_div,bilateral_grid.halide_generated.cpp,5099,26,generator_specific,0,0,0,30.442
bilateral_grid,cxx_default_on_emitted_cpp,cxx_mul_to_div,bilateral_grid.halide_generated.cpp,5104,26,generator_specific,0,0,0,31.007
bilateral_grid,cxx_default_on_emitted_cpp,cxx_mul_to_div,bilateral_grid.halide_generated.cpp,5105,26,generator_specific,0,0,0,30.551
bilateral_grid,cxx_default_on_emitted_cpp,cxx_mul_to_div,bilateral_grid.halide_generated.cpp,5108,26,generator_specific,0,0,0,30.450
bilateral_grid,cxx_default_on_emitted_cpp,cxx_mul_to_div,bilateral_grid.halide_generated.cpp,5111,26,generator_specific,0,0,0,30.321
bilateral_grid,cxx_default_on_emitted_cpp,cxx_mul_to_div,bilateral_grid.halide_generated.cpp,5120,26,generator_specific,0,0,0,30.560
bilateral_grid,cxx_default_on_emitted_cpp,cxx_mul_to_div,bilateral_grid.halide_generated.cpp,5125,26,generator_specific,0,0,0,30.659
bilateral_grid,cxx_default_on_emitted_cpp,cxx_mul_to_div,bilateral_grid.halide_generated.cpp,5126,26,generator_specific,0,0,0,30.543
bilateral_grid,cxx_default_on_emitted_cpp,cxx_mul_to_div,bilateral_grid.halide_generated.cpp,5129,26,generator_specific,0,0,0,30.586
bilateral_grid,cxx_default_on_emitted_cpp,cxx_mul_to_div,bilateral_grid.halide_generated.cpp,5134,26,generator_specific,0,0,0,30.472
bilateral_grid,cxx_default_on_emitted_cpp,cxx_mul_to_div,bilateral_grid.halide_generated.cpp,5139,26,generator_specific,0,0,0,30.451
bilateral_grid,cxx_default_on_emitted_cpp,cxx_mul_to_div,bilateral_grid.halide_generated.cpp,5140,26,generator_specific,0,0,0,30.501
bilateral_grid,cxx_default_on_emitted_cpp,cxx_mul_to_div,bilateral_grid.halide_generated.cpp,5143,26,generator_specific,0,0,0,30.518
bilateral_grid,cxx_default_on_emitted_cpp,cxx_mul_to_div,bilateral_grid.halide_generated.cpp,5146,26,generator_specific,0,0,0,30.318
bilateral_grid,cxx_default_on_emitted_cpp,cxx_mul_to_div,bilateral_grid.halide_generated.cpp,5153,26,generator_specific,0,0,0,30.364
bilateral_grid,cxx_default_on_emitted_cpp,cxx_mul_to_div,bilateral_grid.halide_generated.cpp,5158,26,generator_specific,0,0,0,30.321
bilateral_grid,cxx_default_on_emitted_cpp,cxx_mul_to_div,bilateral_grid.halide_generated.cpp,5159,26,generator_specific,0,0,0,30.468
bilateral_grid,cxx_default_on_emitted_cpp,cxx_mul_to_div,bilateral_grid.halide_generated.cpp,5162,26,generator_specific,0,0,0,30.586
bilateral_grid,cxx_default_on_emitted_cpp,cxx_mul_to_div,bilateral_grid.halide_generated.cpp,5167,26,generator_specific,0,0,0,30.330
bilateral_grid,cxx_default_on_emitted_cpp,cxx_mul_to_div,bilateral_grid.halide_generated.cpp,5172,26,generator_specific,0,0,0,30.418
bilateral_grid,cxx_default_on_emitted_cpp,cxx_mul_to_div,bilateral_grid.halide_generated.cpp,5173,26,generator_specific,0,0,0,30.441
bilateral_grid,cxx_default_on_emitted_cpp,cxx_mul_to_div,bilateral_grid.halide_generated.cpp,5176,26,generator_specific,0,0,0,30.302
bilateral_grid,cxx_default_on_emitted_cpp,cxx_mul_to_div,bilateral_grid.halide_generated.cpp,5179,26,generator_specific,0,0,0,30.437
bilateral_grid,cxx_default_on_emitted_cpp,cxx_mul_to_div,bilateral_grid.halide_generated.cpp,5183,27,generator_specific,0,0,0,30.321
bilateral_grid,cxx_default_on_emitted_cpp,cxx_mul_to_div,bilateral_grid.halide_generated.cpp,5254,24,generator_specific,0,0,0,30.499
bilateral_grid,cxx_default_on_emitted_cpp,cxx_mul_to_div,bilateral_grid.halide_generated.cpp,5264,24,generator_specific,0,0,0,30.516
bilateral_grid,cxx_default_on_emitted_cpp,cxx_mul_to_div,bilateral_grid.halide_generated.cpp,5268,24,generator_specific,0,0,0,30.487
bilateral_grid,cxx_default_on_emitted_cpp,cxx_mul_to_div,bilateral_grid.halide_generated.cpp,5277,24,generator_specific,0,0,0,30.517
bilateral_grid,cxx_default_on_emitted_cpp,cxx_mul_to_div,bilateral_grid.halide_generated.cpp,5291,24,generator_specific,0,0,0,30.381
bilateral_grid,cxx_default_on_emitted_cpp,cxx_mul_to_div,bilateral_grid.halide_generated.cpp,5298,24,generator_specific,0,0,0,30.415
bilateral_grid,cxx_default_on_emitted_cpp,cxx_mul_to_div,bilateral_grid.halide_generated.cpp,5456,25,generator_specific,0,0,0,30.467
bilateral_grid,cxx_default_on_emitted_cpp,cxx_mul_to_div,bilateral_grid.halide_generated.cpp,5459,25,generator_specific,0,0,1,30.403
bilateral_grid,cxx_default_on_emitted_cpp,cxx_mul_to_div,bilateral_grid.halide_generated.cpp,5472,25,generator_specific,0,0,0,30.644
bilateral_grid,cxx_default_on_emitted_cpp,cxx_mul_to_div,bilateral_grid.halide_generated.cpp,5485,26,generator_specific,0,0,1,30.464
bilateral_grid,cxx_default_on_emitted_cpp,cxx_mul_to_div,bilateral_grid.halide_generated.cpp,5516,25,generator_specific,0,0,0,30.456
bilateral_grid,cxx_default_on_emitted_cpp,cxx_mul_to_div,bilateral_grid.halide_generated.cpp,5529,26,generator_specific,0,0,0,30.367
bilateral_grid,cxx_default_on_emitted_cpp,cxx_mul_to_div,bilateral_grid.halide_generated.cpp,5587,25,generator_specific,-6,1,1,1.492
bilateral_grid,cxx_default_on_emitted_cpp,cxx_mul_to_div,bilateral_grid.halide_generated.cpp,5597,25,generator_specific,0,0,1,29.645
bilateral_grid,cxx_default_on_emitted_cpp,cxx_mul_to_div,bilateral_grid.halide_generated.cpp,5602,26,generator_specific,-11,1,1,0.075
bilateral_grid,cxx_default_on_emitted_cpp,cxx_mul_to_div,bilateral_grid.halide_generated.cpp,5605,72,generator_specific,-11,1,1,0.073
bilateral_grid,cxx_default_on_emitted_cpp,cxx_mul_to_div,bilateral_grid.halide_generated.cpp,5606,72,generator_specific,-11,1,1,0.071
bilateral_grid,cxx_default_on_emitted_cpp,cxx_mul_to_div,bilateral_grid.halide_generated.cpp,5607,54,generator_specific,0,0,0,30.510
bilateral_grid,cxx_default_on_emitted_cpp,cxx_mul_to_div,bilateral_grid.halide_generated.cpp,5613,65,generator_specific,-11,1,1,0.075
bilateral_grid,cxx_default_on_emitted_cpp,cxx_mul_to_div,bilateral_grid.halide_generated.cpp,5656,26,generator_specific,0,0,1,29.654
bilateral_grid,cxx_default_on_emitted_cpp,cxx_mul_to_div,bilateral_grid.halide_generated.cpp,5660,26,generator_specific,0,0,1,16.433
bilateral_grid,cxx_default_on_emitted_cpp,cxx_mul_to_div,bilateral_grid.halide_generated.cpp,5687,26,generator_specific,0,0,0,30.523
bilateral_grid,cxx_default_on_emitted_cpp,cxx_mul_to_div,bilateral_grid.halide_generated.cpp,5773,26,generator_specific,0,0,0,30.506
bilateral_grid,cxx_default_on_emitted_cpp,cxx_mul_to_div,bilateral_grid.halide_generated.cpp,5775,26,generator_specific,0,0,0,30.587
bilateral_grid,cxx_default_on_emitted_cpp,cxx_mul_to_div,bilateral_grid.halide_generated.cpp,5795,26,generator_specific,0,0,1,29.708
bilateral_grid,cxx_default_on_emitted_cpp,cxx_mul_to_div,bilateral_grid.halide_generated.cpp,5797,26,generator_specific,0,0,0,30.712
bilateral_grid,cxx_default_on_emitted_cpp,cxx_ne_to_eq,bilateral_grid.halide_generated.cpp,1814,31,boilerplate,-6,1,1,0.067
bilateral_grid,cxx_default_on_emitted_cpp,cxx_ne_to_eq,bilateral_grid.halide_generated.cpp,2529,15,boilerplate,0,0,0,30.597
bilateral_grid,cxx_default_on_emitted_cpp,cxx_ne_to_eq,bilateral_grid.halide_generated.cpp,3668,18,generator_specific,-6,1,1,0.075
bilateral_grid,cxx_default_on_emitted_cpp,cxx_ne_to_eq,bilateral_grid.halide_generated.cpp,3708,23,generator_specific,-6,1,1,0.073
bilateral_grid,cxx_default_on_emitted_cpp,cxx_ne_to_eq,bilateral_grid.halide_generated.cpp,4189,18,generator_specific,-6,1,1,0.063
bilateral_grid,cxx_default_on_emitted_cpp,cxx_ne_to_eq,bilateral_grid.halide_generated.cpp,4229,23,generator_specific,-6,1,1,0.068
bilateral_grid,cxx_default_on_emitted_cpp,cxx_ne_to_eq,bilateral_grid.halide_generated.cpp,4616,17,generator_specific,-6,1,1,0.801
bilateral_grid,cxx_default_on_emitted_cpp,cxx_ne_to_eq,bilateral_grid.halide_generated.cpp,5199,21,generator_specific,-6,1,1,0.067
bilateral_grid,cxx_default_on_emitted_cpp,cxx_ne_to_eq,bilateral_grid.halide_generated.cpp,5207,21,generator_specific,-6,1,1,0.066
bilateral_grid,cxx_default_on_emitted_cpp,cxx_ne_to_eq,bilateral_grid.halide_generated.cpp,5561,32,generator_specific,-6,1,1,0.065
bilateral_grid,cxx_default_on_emitted_cpp,cxx_ne_to_eq,bilateral_grid.halide_generated.cpp,5568,23,generator_specific,-6,1,1,0.069
bilateral_grid,cxx_default_on_emitted_cpp,cxx_ne_to_eq,bilateral_grid.halide_generated.cpp,5614,18,generator_specific,-6,1,1,0.067
bilateral_grid,cxx_default_on_emitted_cpp,cxx_ne_to_eq,bilateral_grid.halide_generated.cpp,5787,23,generator_specific,0,0,0,30.790
bilateral_grid,cxx_default_on_emitted_cpp,cxx_post_inc_to_post_dec,bilateral_grid.halide_generated.cpp,2530,42,boilerplate,0,0,0,31.323
bilateral_grid,cxx_default_on_emitted_cpp,cxx_post_inc_to_post_dec,bilateral_grid.halide_generated.cpp,3250,40,boilerplate,-11,1,1,0.775
bilateral_grid,cxx_default_on_emitted_cpp,cxx_post_inc_to_post_dec,bilateral_grid.halide_generated.cpp,3270,40,boilerplate,0,0,1,24.086
bilateral_grid,cxx_default_on_emitted_cpp,cxx_post_inc_to_post_dec,bilateral_grid.halide_generated.cpp,3296,40,boilerplate,0,0,1,31.116
bilateral_grid,cxx_default_on_emitted_cpp,cxx_post_inc_to_post_dec,bilateral_grid.halide_generated.cpp,3357,40,boilerplate,0,0,1,30.765
bilateral_grid,cxx_default_on_emitted_cpp,cxx_post_inc_to_post_dec,bilateral_grid.halide_generated.cpp,3371,40,boilerplate,0,0,1,30.734
bilateral_grid,cxx_default_on_emitted_cpp,cxx_post_inc_to_post_dec,bilateral_grid.halide_generated.cpp,3721,75,generator_specific,-11,1,1,0.077
bilateral_grid,cxx_default_on_emitted_cpp,cxx_post_inc_to_post_dec,bilateral_grid.halide_generated.cpp,3727,103,generator_specific,-11,1,1,0.077
bilateral_grid,cxx_default_on_emitted_cpp,cxx_post_inc_to_post_dec,bilateral_grid.halide_generated.cpp,3732,104,generator_specific,-11,1,1,0.076
bilateral_grid,cxx_default_on_emitted_cpp,cxx_post_inc_to_post_dec,bilateral_grid.halide_generated.cpp,3749,102,generator_specific,-11,1,1,0.273
bilateral_grid,cxx_default_on_emitted_cpp,cxx_post_inc_to_post_dec,bilateral_grid.halide_generated.cpp,3756,91,generator_specific,-11,1,1,0.101
bilateral_grid,cxx_default_on_emitted_cpp,cxx_post_inc_to_post_dec,bilateral_grid.halide_generated.cpp,3762,92,generator_specific,-9,1,1,200.382
bilateral_grid,cxx_default_on_emitted_cpp,cxx_post_inc_to_post_dec,bilateral_grid.halide_generated.cpp,3814,102,generator_specific,-11,1,1,0.203
bilateral_grid,cxx_default_on_emitted_cpp,cxx_post_inc_to_post_dec,bilateral_grid.halide_generated.cpp,3826,91,generator_specific,-11,1,1,0.093
bilateral_grid,cxx_default_on_emitted_cpp,cxx_post_inc_to_post_dec,bilateral_grid.halide_generated.cpp,3832,92,generator_specific,-11,1,1,2.262
bilateral_grid,cxx_default_on_emitted_cpp,cxx_post_inc_to_post_dec,bilateral_grid.halide_generated.cpp,3876,102,generator_specific,-11,1,1,0.268
bilateral_grid,cxx_default_on_emitted_cpp,cxx_post_inc_to_post_dec,bilateral_grid.halide_generated.cpp,3887,91,generator_specific,-11,1,1,0.103
bilateral_grid,cxx_default_on_emitted_cpp,cxx_post_inc_to_post_dec,bilateral_grid.halide_generated.cpp,3893,92,generator_specific,-9,1,1,200.382
bilateral_grid,cxx_default_on_emitted_cpp,cxx_post_inc_to_post_dec,bilateral_grid.halide_generated.cpp,3949,72,generator_specific,-11,1,1,0.081
bilateral_grid,cxx_default_on_emitted_cpp,cxx_post_inc_to_post_dec,bilateral_grid.halide_generated.cpp,3962,91,generator_specific,-11,1,1,0.079
bilateral_grid,cxx_default_on_emitted_cpp,cxx_post_inc_to_post_dec,bilateral_grid.halide_generated.cpp,4040,89,generator_specific,-11,1,1,0.078
bilateral_grid,cxx_default_on_emitted_cpp,cxx_post_inc_to_post_dec,bilateral_grid.halide_generated.cpp,4049,72,generator_specific,-11,1,1,0.079
bilateral_grid,cxx_default_on_emitted_cpp,cxx_post_inc_to_post_dec,bilateral_grid.halide_generated.cpp,4106,72,generator_specific,-9,1,1,200.382
bilateral_grid,cxx_default_on_emitted_cpp,cxx_post_inc_to_post_dec,bilateral_grid.halide_generated.cpp,4242,75,generator_specific,-11,1,1,0.067
bilateral_grid,cxx_default_on_emitted_cpp,cxx_post_inc_to_post_dec,bilateral_grid.halide_generated.cpp,4248,103,generator_specific,-11,1,1,0.066
bilateral_grid,cxx_default_on_emitted_cpp,cxx_post_inc_to_post_dec,bilateral_grid.halide_generated.cpp,4253,104,generator_specific,-11,1,1,0.067
bilateral_grid,cxx_default_on_emitted_cpp,cxx_post_inc_to_post_dec,bilateral_grid.halide_generated.cpp,4266,102,generator_specific,-11,1,1,0.261
bilateral_grid,cxx_default_on_emitted_cpp,cxx_post_inc_to_post_dec,bilateral_grid.halide_generated.cpp,4273,91,generator_specific,-9,1,1,200.382
bilateral_grid,cxx_default_on_emitted_cpp,cxx_post_inc_to_post_dec,bilateral_grid.halide_generated.cpp,4282,92,generator_specific,-9,1,1,200.333
bilateral_grid,cxx_default_on_emitted_cpp,cxx_post_inc_to_post_dec,bilateral_grid.halide_generated.cpp,4338,72,generator_specific,-11,1,1,0.073
bilateral_grid,cxx_default_on_emitted_cpp,cxx_post_inc_to_post_dec,bilateral_grid.halide_generated.cpp,4351,91,generator_specific,-11,1,1,0.070
bilateral_grid,cxx_default_on_emitted_cpp,cxx_post_inc_to_post_dec,bilateral_grid.halide_generated.cpp,4422,89,generator_specific,-11,1,1,0.072
bilateral_grid,cxx_default_on_emitted_cpp,cxx_post_inc_to_post_dec,bilateral_grid.halide_generated.cpp,4431,72,generator_specific,-11,1,1,0.074
bilateral_grid,cxx_default_on_emitted_cpp,cxx_post_inc_to_post_dec,bilateral_grid.halide_generated.cpp,4635,88,generator_specific,-11,1,1,0.794
bilateral_grid,cxx_default_on_emitted_cpp,cxx_post_inc_to_post_dec,bilateral_grid.halide_generated.cpp,4647,89,generator_specific,-11,1,1,0.787
bilateral_grid,cxx_default_on_emitted_cpp,cxx_post_inc_to_post_dec,bilateral_grid.halide_generated.cpp,4658,72,generator_specific,-11,1,1,0.790
bilateral_grid,cxx_default_on_emitted_cpp,cxx_post_inc_to_post_dec,bilateral_grid.halide_generated.cpp,4737,72,generator_specific,-9,1,1,200.383
bilateral_grid,cxx_default_on_emitted_cpp,cxx_post_inc_to_post_dec,bilateral_grid.halide_generated.cpp,4805,97,generator_specific,-11,1,1,0.776
bilateral_grid,cxx_default_on_emitted_cpp,cxx_post_inc_to_post_dec,bilateral_grid.halide_generated.cpp,4817,98,generator_specific,-11,1,1,0.800
bilateral_grid,cxx_default_on_emitted_cpp,cxx_remove_void_call,bilateral_grid.halide_generated.cpp,285,13,boilerplate,0,0,0,30.788
bilateral_grid,cxx_default_on_emitted_cpp,cxx_remove_void_call,bilateral_grid.halide_generated.cpp,3517,2,generator_specific,0,0,0,30.528
bilateral_grid,cxx_default_on_emitted_cpp,cxx_remove_void_call,bilateral_grid.halide_generated.cpp,3591,2,generator_specific,0,0,0,30.516
bilateral_grid,cxx_default_on_emitted_cpp,cxx_remove_void_call,bilateral_grid.halide_generated.cpp,3594,2,generator_specific,0,0,0,30.672
bilateral_grid,cxx_default_on_emitted_cpp,cxx_remove_void_call,bilateral_grid.halide_generated.cpp,3597,2,generator_specific,0,0,0,30.569
bilateral_grid,cxx_default_on_emitted_cpp,cxx_remove_void_call,bilateral_grid.halide_generated.cpp,3663,5,generator_specific,0,0,0,30.622
bilateral_grid,cxx_default_on_emitted_cpp,cxx_remove_void_call,bilateral_grid.halide_generated.cpp,4184,5,generator_specific,0,0,0,30.487
bilateral_grid,cxx_default_on_emitted_cpp,cxx_remove_void_call,bilateral_grid.halide_generated.cpp,4492,2,generator_specific,0,0,0,30.524
bilateral_grid,cxx_default_on_emitted_cpp,cxx_remove_void_call,bilateral_grid.halide_generated.cpp,4556,2,generator_specific,0,0,0,30.443
bilateral_grid,cxx_default_on_emitted_cpp,cxx_remove_void_call,bilateral_grid.halide_generated.cpp,4559,2,generator_specific,0,0,0,30.517
bilateral_grid,cxx_default_on_emitted_cpp,cxx_remove_void_call,bilateral_grid.halide_generated.cpp,4562,2,generator_specific,0,0,0,30.553
bilateral_grid,cxx_default_on_emitted_cpp,cxx_remove_void_call,bilateral_grid.halide_generated.cpp,4565,2,generator_specific,0,0,0,30.838
bilateral_grid,cxx_default_on_emitted_cpp,cxx_remove_void_call,bilateral_grid.halide_generated.cpp,4611,4,generator_specific,0,0,0,30.668
bilateral_grid,cxx_default_on_emitted_cpp,cxx_remove_void_call,bilateral_grid.halide_generated.cpp,4996,5,generator_specific,0,0,1,29.475
bilateral_grid,cxx_default_on_emitted_cpp,cxx_remove_void_call,bilateral_grid.halide_generated.cpp,5186,5,generator_specific,0,0,0,30.420
bilateral_grid,cxx_default_on_emitted_cpp,cxx_remove_void_call,bilateral_grid.halide_generated.cpp,5196,2,generator_specific,0,0,0,30.531
bilateral_grid,cxx_default_on_emitted_cpp,cxx_remove_void_call,bilateral_grid.halide_generated.cpp,5215,2,generator_specific,0,0,0,30.667
bilateral_grid,cxx_default_on_emitted_cpp,cxx_remove_void_call,bilateral_grid.halide_generated.cpp,5227,2,generator_specific,0,0,0,30.556
bilateral_grid,cxx_default_on_emitted_cpp,cxx_remove_void_call,bilateral_grid.halide_generated.cpp,5329,3,generator_specific,0,0,0,30.472
bilateral_grid,cxx_default_on_emitted_cpp,cxx_remove_void_call,bilateral_grid.halide_generated.cpp,5344,3,generator_specific,0,0,0,30.627
bilateral_grid,cxx_default_on_emitted_cpp,cxx_remove_void_call,bilateral_grid.halide_generated.cpp,5609,5,generator_specific,0,0,0,31.019
bilateral_grid,cxx_default_on_emitted_cpp,cxx_replace_scalar_call,bilateral_grid.halide_generated.cpp,1830,16,boilerplate,0,0,0,32.322
bilateral_grid,cxx_default_on_emitted_cpp,cxx_replace_scalar_call,bilateral_grid.halide_generated.cpp,190,12,boilerplate,-11,1,1,0.073
bilateral_grid,cxx_default_on_emitted_cpp,cxx_replace_scalar_call,bilateral_grid.halide_generated.cpp,2493,17,boilerplate,0,0,0,31.690
bilateral_grid,cxx_default_on_emitted_cpp,cxx_replace_scalar_call,bilateral_grid.halide_generated.cpp,2508,22,boilerplate,-6,1,1,0.067
bilateral_grid,cxx_default_on_emitted_cpp,cxx_replace_scalar_call,bilateral_grid.halide_generated.cpp,3519,13,generator_specific,0,0,0,31.694
bilateral_grid,cxx_default_on_emitted_cpp,cxx_replace_scalar_call,bilateral_grid.halide_generated.cpp,3638,17,generator_specific,-11,1,1,0.080
bilateral_grid,cxx_default_on_emitted_cpp,cxx_replace_scalar_call,bilateral_grid.halide_generated.cpp,3646,17,generator_specific,0,0,0,31.713
bilateral_grid,cxx_default_on_emitted_cpp,cxx_replace_scalar_call,bilateral_grid.halide_generated.cpp,3648,17,generator_specific,-6,1,1,0.079
bilateral_grid,cxx_default_on_emitted_cpp,cxx_replace_scalar_call,bilateral_grid.halide_generated.cpp,3670,19,generator_specific,0,0,0,31.318
bilateral_grid,cxx_default_on_emitted_cpp,cxx_replace_scalar_call,bilateral_grid.halide_generated.cpp,4159,18,generator_specific,-11,1,1,0.073
bilateral_grid,cxx_default_on_emitted_cpp,cxx_replace_scalar_call,bilateral_grid.halide_generated.cpp,4167,18,generator_specific,0,0,0,31.986
bilateral_grid,cxx_default_on_emitted_cpp,cxx_replace_scalar_call,bilateral_grid.halide_generated.cpp,4169,18,generator_specific,-6,1,1,0.077
bilateral_grid,cxx_default_on_emitted_cpp,cxx_replace_scalar_call,bilateral_grid.halide_generated.cpp,4191,20,generator_specific,0,0,0,32.053
bilateral_grid,cxx_default_on_emitted_cpp,cxx_replace_scalar_call,bilateral_grid.halide_generated.cpp,4494,15,generator_specific,0,0,0,31.768
bilateral_grid,cxx_default_on_emitted_cpp,cxx_replace_scalar_call,bilateral_grid.halide_generated.cpp,4593,17,generator_specific,0,0,1,31.732
bilateral_grid,cxx_default_on_emitted_cpp,cxx_replace_scalar_call,bilateral_grid.halide_generated.cpp,4618,19,generator_specific,0,0,0,31.823
bilateral_grid,cxx_default_on_emitted_cpp,cxx_replace_scalar_call,bilateral_grid.halide_generated.cpp,5202,19,generator_specific,0,0,0,31.997
bilateral_grid,cxx_default_on_emitted_cpp,cxx_replace_scalar_call,bilateral_grid.halide_generated.cpp,5210,19,generator_specific,0,0,0,32.049
bilateral_grid,cxx_default_on_emitted_cpp,cxx_replace_scalar_call,bilateral_grid.halide_generated.cpp,5216,19,generator_specific,-6,1,1,0.068
bilateral_grid,cxx_default_on_emitted_cpp,cxx_replace_scalar_call,bilateral_grid.halide_generated.cpp,5217,15,generator_specific,0,0,0,31.858
bilateral_grid,cxx_default_on_emitted_cpp,cxx_replace_scalar_call,bilateral_grid.halide_generated.cpp,5218,18,generator_specific,-6,1,1,0.067
bilateral_grid,cxx_default_on_emitted_cpp,cxx_replace_scalar_call,bilateral_grid.halide_generated.cpp,5219,18,generator_specific,-6,1,1,0.066
bilateral_grid,cxx_default_on_emitted_cpp,cxx_replace_scalar_call,bilateral_grid.halide_generated.cpp,5220,18,generator_specific,0,0,1,1.904
bilateral_grid,cxx_default_on_emitted_cpp,cxx_replace_scalar_call,bilateral_grid.halide_generated.cpp,5221,18,generator_specific,-6,1,1,0.068
bilateral_grid,cxx_default_on_emitted_cpp,cxx_replace_scalar_call,bilateral_grid.halide_generated.cpp,5222,18,generator_specific,-6,1,1,0.069
bilateral_grid,cxx_default_on_emitted_cpp,cxx_replace_scalar_call,bilateral_grid.halide_generated.cpp,5223,18,generator_specific,0,0,1,1.157
bilateral_grid,cxx_default_on_emitted_cpp,cxx_replace_scalar_call,bilateral_grid.halide_generated.cpp,5224,18,generator_specific,0,0,1,31.190
bilateral_grid,cxx_default_on_emitted_cpp,cxx_replace_scalar_call,bilateral_grid.halide_generated.cpp,5228,19,generator_specific,-6,1,1,0.069
bilateral_grid,cxx_default_on_emitted_cpp,cxx_replace_scalar_call,bilateral_grid.halide_generated.cpp,5229,15,generator_specific,0,0,0,32.170
bilateral_grid,cxx_default_on_emitted_cpp,cxx_replace_scalar_call,bilateral_grid.halide_generated.cpp,5230,18,generator_specific,-6,1,1,0.069
bilateral_grid,cxx_default_on_emitted_cpp,cxx_replace_scalar_call,bilateral_grid.halide_generated.cpp,5231,18,generator_specific,-6,1,1,0.066
bilateral_grid,cxx_default_on_emitted_cpp,cxx_replace_scalar_call,bilateral_grid.halide_generated.cpp,5232,18,generator_specific,-6,1,1,0.065
bilateral_grid,cxx_default_on_emitted_cpp,cxx_replace_scalar_call,bilateral_grid.halide_generated.cpp,5233,18,generator_specific,-6,1,1,0.069
bilateral_grid,cxx_default_on_emitted_cpp,cxx_replace_scalar_call,bilateral_grid.halide_generated.cpp,5234,18,generator_specific,-6,1,1,0.067
bilateral_grid,cxx_default_on_emitted_cpp,cxx_replace_scalar_call,bilateral_grid.halide_generated.cpp,5235,18,generator_specific,-6,1,1,0.065
bilateral_grid,cxx_default_on_emitted_cpp,cxx_replace_scalar_call,bilateral_grid.halide_generated.cpp,5236,18,generator_specific,0,0,1,31.407
bilateral_grid,cxx_default_on_emitted_cpp,cxx_replace_scalar_call,bilateral_grid.halide_generated.cpp,5237,16,generator_specific,0,0,0,94.091
bilateral_grid,cxx_default_on_emitted_cpp,cxx_replace_scalar_call,bilateral_grid.halide_generated.cpp,5239,16,generator_specific,0,0,1,36.685
bilateral_grid,cxx_default_on_emitted_cpp,cxx_replace_scalar_call,bilateral_grid.halide_generated.cpp,5240,16,generator_specific,0,0,0,36.800
bilateral_grid,cxx_default_on_emitted_cpp,cxx_replace_scalar_call,bilateral_grid.halide_generated.cpp,5242,16,generator_specific,-6,1,1,0.067
bilateral_grid,cxx_default_on_emitted_cpp,cxx_replace_scalar_call,bilateral_grid.halide_generated.cpp,5244,18,generator_specific,0,0,0,32.106
bilateral_grid,cxx_default_on_emitted_cpp,cxx_replace_scalar_call,bilateral_grid.halide_generated.cpp,5257,18,generator_specific,0,0,0,32.173
bilateral_grid,cxx_default_on_emitted_cpp,cxx_replace_scalar_call,bilateral_grid.halide_generated.cpp,5267,18,generator_specific,0,0,0,31.896
bilateral_grid,cxx_default_on_emitted_cpp,cxx_replace_scalar_call,bilateral_grid.halide_generated.cpp,5270,18,generator_specific,0,0,0,32.172
bilateral_grid,cxx_default_on_emitted_cpp,cxx_replace_scalar_call,bilateral_grid.halide_generated.cpp,5272,18,generator_specific,0,0,0,31.909
bilateral_grid,cxx_default_on_emitted_cpp,cxx_replace_scalar_call,bilateral_grid.halide_generated.cpp,5274,18,generator_specific,0,0,0,32.028
bilateral_grid,cxx_default_on_emitted_cpp,cxx_replace_scalar_call,bilateral_grid.halide_generated.cpp,5276,18,generator_specific,0,0,0,32.062
bilateral_grid,cxx_default_on_emitted_cpp,cxx_replace_scalar_call,bilateral_grid.halide_generated.cpp,5279,18,generator_specific,0,0,0,31.934
bilateral_grid,cxx_default_on_emitted_cpp,cxx_replace_scalar_call,bilateral_grid.halide_generated.cpp,5281,18,generator_specific,0,0,0,32.000
bilateral_grid,cxx_default_on_emitted_cpp,cxx_replace_scalar_call,bilateral_grid.halide_generated.cpp,5282,18,generator_specific,0,0,0,32.064
bilateral_grid,cxx_default_on_emitted_cpp,cxx_replace_scalar_call,bilateral_grid.halide_generated.cpp,5285,18,generator_specific,0,0,0,31.951
bilateral_grid,cxx_default_on_emitted_cpp,cxx_replace_scalar_call,bilateral_grid.halide_generated.cpp,5293,18,generator_specific,0,0,0,31.997
bilateral_grid,cxx_default_on_emitted_cpp,cxx_replace_scalar_call,bilateral_grid.halide_generated.cpp,5294,18,generator_specific,0,0,0,32.184
bilateral_grid,cxx_default_on_emitted_cpp,cxx_replace_scalar_call,bilateral_grid.halide_generated.cpp,5296,18,generator_specific,0,0,0,31.985
bilateral_grid,cxx_default_on_emitted_cpp,cxx_replace_scalar_call,bilateral_grid.halide_generated.cpp,5300,18,generator_specific,0,0,0,31.843
bilateral_grid,cxx_default_on_emitted_cpp,cxx_replace_scalar_call,bilateral_grid.halide_generated.cpp,5302,18,generator_specific,0,0,0,31.802
bilateral_grid,cxx_default_on_emitted_cpp,cxx_replace_scalar_call,bilateral_grid.halide_generated.cpp,5303,18,generator_specific,0,0,0,31.948
bilateral_grid,cxx_default_on_emitted_cpp,cxx_replace_scalar_call,bilateral_grid.halide_generated.cpp,5306,18,generator_specific,0,0,0,31.842
bilateral_grid,cxx_default_on_emitted_cpp,cxx_replace_scalar_call,bilateral_grid.halide_generated.cpp,5308,15,generator_specific,0,0,0,31.992
bilateral_grid,cxx_default_on_emitted_cpp,cxx_replace_scalar_call,bilateral_grid.halide_generated.cpp,5311,19,generator_specific,0,0,0,31.923
bilateral_grid,cxx_default_on_emitted_cpp,cxx_replace_scalar_call,bilateral_grid.halide_generated.cpp,5316,19,generator_specific,0,0,0,32.126
bilateral_grid,cxx_default_on_emitted_cpp,cxx_replace_scalar_call,bilateral_grid.halide_generated.cpp,5319,19,generator_specific,0,0,0,31.745
bilateral_grid,cxx_default_on_emitted_cpp,cxx_replace_scalar_call,bilateral_grid.halide_generated.cpp,5322,19,generator_specific,0,0,0,32.035
bilateral_grid,cxx_default_on_emitted_cpp,cxx_replace_scalar_call,bilateral_grid.halide_generated.cpp,5331,15,generator_specific,0,0,0,31.837
bilateral_grid,cxx_default_on_emitted_cpp,cxx_replace_scalar_call,bilateral_grid.halide_generated.cpp,5346,15,generator_specific,0,0,0,31.989
bilateral_grid,cxx_default_on_emitted_cpp,cxx_replace_scalar_call,bilateral_grid.halide_generated.cpp,5347,15,generator_specific,0,0,0,31.898
bilateral_grid,cxx_default_on_emitted_cpp,cxx_replace_scalar_call,bilateral_grid.halide_generated.cpp,5357,20,generator_specific,0,0,0,31.955
bilateral_grid,cxx_default_on_emitted_cpp,cxx_replace_scalar_call,bilateral_grid.halide_generated.cpp,5363,20,generator_specific,0,0,0,31.899
bilateral_grid,cxx_default_on_emitted_cpp,cxx_replace_scalar_call,bilateral_grid.halide_generated.cpp,5371,20,generator_specific,0,0,0,31.805
bilateral_grid,cxx_default_on_emitted_cpp,cxx_replace_scalar_call,bilateral_grid.halide_generated.cpp,5377,20,generator_specific,0,0,0,32.049
bilateral_grid,cxx_default_on_emitted_cpp,cxx_replace_scalar_call,bilateral_grid.halide_generated.cpp,5384,20,generator_specific,0,0,0,31.727
bilateral_grid,cxx_default_on_emitted_cpp,cxx_replace_scalar_call,bilateral_grid.halide_generated.cpp,5388,20,generator_specific,0,0,0,31.923
bilateral_grid,cxx_default_on_emitted_cpp,cxx_replace_scalar_call,bilateral_grid.halide_generated.cpp,5395,20,generator_specific,0,0,0,32.011
bilateral_grid,cxx_default_on_emitted_cpp,cxx_replace_scalar_call,bilateral_grid.halide_generated.cpp,5399,20,generator_specific,0,0,0,32.092
bilateral_grid,cxx_default_on_emitted_cpp,cxx_replace_scalar_call,bilateral_grid.halide_generated.cpp,5413,20,generator_specific,0,0,0,31.921
bilateral_grid,cxx_default_on_emitted_cpp,cxx_replace_scalar_call,bilateral_grid.halide_generated.cpp,5419,20,generator_specific,0,0,0,32.223
bilateral_grid,cxx_default_on_emitted_cpp,cxx_replace_scalar_call,bilateral_grid.halide_generated.cpp,5433,20,generator_specific,0,0,0,31.771
bilateral_grid,cxx_default_on_emitted_cpp,cxx_replace_scalar_call,bilateral_grid.halide_generated.cpp,5439,20,generator_specific,0,0,0,31.820
bilateral_grid,cxx_default_on_emitted_cpp,cxx_replace_scalar_call,bilateral_grid.halide_generated.cpp,5445,20,generator_specific,0,0,0,32.079
bilateral_grid,cxx_default_on_emitted_cpp,cxx_replace_scalar_call,bilateral_grid.halide_generated.cpp,5451,20,generator_specific,0,0,0,32.047
bilateral_grid,cxx_default_on_emitted_cpp,cxx_replace_scalar_call,bilateral_grid.halide_generated.cpp,5467,20,generator_specific,0,0,0,31.750
bilateral_grid,cxx_default_on_emitted_cpp,cxx_replace_scalar_call,bilateral_grid.halide_generated.cpp,5493,20,generator_specific,0,0,0,31.769
bilateral_grid,cxx_default_on_emitted_cpp,cxx_replace_scalar_call,bilateral_grid.halide_generated.cpp,5501,20,generator_specific,0,0,0,31.833
bilateral_grid,cxx_default_on_emitted_cpp,cxx_replace_scalar_call,bilateral_grid.halide_generated.cpp,5511,20,generator_specific,0,0,0,31.923
bilateral_grid,cxx_default_on_emitted_cpp,cxx_replace_scalar_call,bilateral_grid.halide_generated.cpp,5537,20,generator_specific,0,0,0,31.893
bilateral_grid,cxx_default_on_emitted_cpp,cxx_replace_scalar_call,bilateral_grid.halide_generated.cpp,5545,20,generator_specific,0,0,0,31.956
bilateral_grid,cxx_default_on_emitted_cpp,cxx_replace_scalar_call,bilateral_grid.halide_generated.cpp,5551,20,generator_specific,0,0,0,32.095
bilateral_grid,cxx_default_on_emitted_cpp,cxx_replace_scalar_call,bilateral_grid.halide_generated.cpp,5557,20,generator_specific,0,0,0,31.759
bilateral_grid,cxx_default_on_emitted_cpp,cxx_replace_scalar_call,bilateral_grid.halide_generated.cpp,5564,20,generator_specific,0,0,0,31.723
bilateral_grid,cxx_default_on_emitted_cpp,cxx_replace_scalar_call,bilateral_grid.halide_generated.cpp,5571,20,generator_specific,0,0,0,31.848
bilateral_grid,cxx_default_on_emitted_cpp,cxx_replace_scalar_call,bilateral_grid.halide_generated.cpp,5589,19,generator_specific,-6,1,1,1.577
bilateral_grid,cxx_default_on_emitted_cpp,cxx_replace_scalar_call,bilateral_grid.halide_generated.cpp,5590,19,generator_specific,0,0,0,31.738
bilateral_grid,cxx_default_on_emitted_cpp,cxx_replace_scalar_call,bilateral_grid.halide_generated.cpp,5616,21,generator_specific,0,0,0,31.683
bilateral_grid,cxx_default_on_emitted_cpp,cxx_replace_scalar_call,bilateral_grid.halide_generated.cpp,5888,9,wrapper_metadata,0,0,0,31.679
bilateral_grid,cxx_default_on_emitted_cpp,cxx_sub_to_add,bilateral_grid.halide_generated.cpp,3641,21,generator_specific,0,0,0,30.914
bilateral_grid,cxx_default_on_emitted_cpp,cxx_sub_to_add,bilateral_grid.halide_generated.cpp,3649,21,generator_specific,0,0,1,30.665
bilateral_grid,cxx_default_on_emitted_cpp,cxx_sub_to_add,bilateral_grid.halide_generated.cpp,3654,22,generator_specific,-6,1,1,0.080
bilateral_grid,cxx_default_on_emitted_cpp,cxx_sub_to_add,bilateral_grid.halide_generated.cpp,3674,22,generator_specific,0,0,0,30.586
bilateral_grid,cxx_default_on_emitted_cpp,cxx_sub_to_add,bilateral_grid.halide_generated.cpp,3694,23,generator_specific,-6,1,1,0.080
bilateral_grid,cxx_default_on_emitted_cpp,cxx_sub_to_add,bilateral_grid.halide_generated.cpp,3697,23,generator_specific,-6,1,1,0.078
bilateral_grid,cxx_default_on_emitted_cpp,cxx_sub_to_add,bilateral_grid.halide_generated.cpp,3716,23,generator_specific,-6,1,1,0.078
bilateral_grid,cxx_default_on_emitted_cpp,cxx_sub_to_add,bilateral_grid.halide_generated.cpp,3717,23,generator_specific,0,0,1,30.379
bilateral_grid,cxx_default_on_emitted_cpp,cxx_sub_to_add,bilateral_grid.halide_generated.cpp,3718,23,generator_specific,0,0,1,30.528
bilateral_grid,cxx_default_on_emitted_cpp,cxx_sub_to_add,bilateral_grid.halide_generated.cpp,3719,23,generator_specific,0,0,0,30.669
bilateral_grid,cxx_default_on_emitted_cpp,cxx_sub_to_add,bilateral_grid.halide_generated.cpp,3720,24,generator_specific,0,0,1,30.722
bilateral_grid,cxx_default_on_emitted_cpp,cxx_sub_to_add,bilateral_grid.halide_generated.cpp,3746,24,generator_specific,0,0,1,30.573
bilateral_grid,cxx_default_on_emitted_cpp,cxx_sub_to_add,bilateral_grid.halide_generated.cpp,3747,24,generator_specific,0,0,1,32.453
bilateral_grid,cxx_default_on_emitted_cpp,cxx_sub_to_add,bilateral_grid.halide_generated.cpp,3748,25,generator_specific,0,0,1,30.201
bilateral_grid,cxx_default_on_emitted_cpp,cxx_sub_to_add,bilateral_grid.halide_generated.cpp,3761,27,generator_specific,0,0,0,30.539
bilateral_grid,cxx_default_on_emitted_cpp,cxx_sub_to_add,bilateral_grid.halide_generated.cpp,3779,28,generator_specific,0,0,1,30.987
bilateral_grid,cxx_default_on_emitted_cpp,cxx_sub_to_add,bilateral_grid.halide_generated.cpp,3800,28,generator_specific,0,0,1,30.538
bilateral_grid,cxx_default_on_emitted_cpp,cxx_sub_to_add,bilateral_grid.halide_generated.cpp,3811,24,generator_specific,0,0,1,29.944
bilateral_grid,cxx_default_on_emitted_cpp,cxx_sub_to_add,bilateral_grid.halide_generated.cpp,3812,24,generator_specific,0,0,1,30.125
bilateral_grid,cxx_default_on_emitted_cpp,cxx_sub_to_add,bilateral_grid.halide_generated.cpp,3813,25,generator_specific,0,0,1,30.710
bilateral_grid,cxx_default_on_emitted_cpp,cxx_sub_to_add,bilateral_grid.halide_generated.cpp,3818,26,generator_specific,0,0,0,30.512
bilateral_grid,cxx_default_on_emitted_cpp,cxx_sub_to_add,bilateral_grid.halide_generated.cpp,3822,26,generator_specific,0,0,1,30.526
bilateral_grid,cxx_default_on_emitted_cpp,cxx_sub_to_add,bilateral_grid.halide_generated.cpp,3824,26,generator_specific,0,0,1,30.378
bilateral_grid,cxx_default_on_emitted_cpp,cxx_sub_to_add,bilateral_grid.halide_generated.cpp,3845,28,generator_specific,-6,1,1,0.140
bilateral_grid,cxx_default_on_emitted_cpp,cxx_sub_to_add,bilateral_grid.halide_generated.cpp,3862,28,generator_specific,0,0,1,30.288
bilateral_grid,cxx_default_on_emitted_cpp,cxx_sub_to_add,bilateral_grid.halide_generated.cpp,3873,24,generator_specific,0,0,1,30.492
bilateral_grid,cxx_default_on_emitted_cpp,cxx_sub_to_add,bilateral_grid.halide_generated.cpp,3874,24,generator_specific,0,0,1,30.400
bilateral_grid,cxx_default_on_emitted_cpp,cxx_sub_to_add,bilateral_grid.halide_generated.cpp,3875,24,generator_specific,0,0,1,71.864
bilateral_grid,cxx_default_on_emitted_cpp,cxx_sub_to_add,bilateral_grid.halide_generated.cpp,3883,26,generator_specific,0,0,1,30.615
bilateral_grid,cxx_default_on_emitted_cpp,cxx_sub_to_add,bilateral_grid.halide_generated.cpp,3885,26,generator_specific,0,0,1,30.505
bilateral_grid,cxx_default_on_emitted_cpp,cxx_sub_to_add,bilateral_grid.halide_generated.cpp,3892,27,generator_specific,0,0,0,30.457
bilateral_grid,cxx_default_on_emitted_cpp,cxx_sub_to_add,bilateral_grid.halide_generated.cpp,3910,28,generator_specific,-11,1,1,0.175
bilateral_grid,cxx_default_on_emitted_cpp,cxx_sub_to_add,bilateral_grid.halide_generated.cpp,3931,28,generator_specific,0,0,1,30.473
bilateral_grid,cxx_default_on_emitted_cpp,cxx_sub_to_add,bilateral_grid.halide_generated.cpp,3943,24,generator_specific,0,0,1,30.295
bilateral_grid,cxx_default_on_emitted_cpp,cxx_sub_to_add,bilateral_grid.halide_generated.cpp,3944,24,generator_specific,0,0,1,30.237
bilateral_grid,cxx_default_on_emitted_cpp,cxx_sub_to_add,bilateral_grid.halide_generated.cpp,3945,24,generator_specific,0,0,1,30.488
bilateral_grid,cxx_default_on_emitted_cpp,cxx_sub_to_add,bilateral_grid.halide_generated.cpp,3946,24,generator_specific,0,0,1,30.464
bilateral_grid,cxx_default_on_emitted_cpp,cxx_sub_to_add,bilateral_grid.halide_generated.cpp,3947,24,generator_specific,0,0,1,30.369
bilateral_grid,cxx_default_on_emitted_cpp,cxx_sub_to_add,bilateral_grid.halide_generated.cpp,3948,24,generator_specific,0,0,1,30.152
bilateral_grid,cxx_default_on_emitted_cpp,cxx_sub_to_add,bilateral_grid.halide_generated.cpp,3955,26,generator_specific,-11,1,1,0.080
bilateral_grid,cxx_default_on_emitted_cpp,cxx_sub_to_add,bilateral_grid.halide_generated.cpp,3958,26,generator_specific,0,0,1,30.424
bilateral_grid,cxx_default_on_emitted_cpp,cxx_sub_to_add,bilateral_grid.halide_generated.cpp,4031,24,generator_specific,0,0,0,30.412
bilateral_grid,cxx_default_on_emitted_cpp,cxx_sub_to_add,bilateral_grid.halide_generated.cpp,4032,23,generator_specific,0,0,0,30.723
bilateral_grid,cxx_default_on_emitted_cpp,cxx_sub_to_add,bilateral_grid.halide_generated.cpp,4033,23,generator_specific,0,0,1,30.450
bilateral_grid,cxx_default_on_emitted_cpp,cxx_sub_to_add,bilateral_grid.halide_generated.cpp,4034,23,generator_specific,0,0,1,30.415
bilateral_grid,cxx_default_on_emitted_cpp,cxx_sub_to_add,bilateral_grid.halide_generated.cpp,4035,23,generator_specific,0,0,0,30.576
bilateral_grid,cxx_default_on_emitted_cpp,cxx_sub_to_add,bilateral_grid.halide_generated.cpp,4045,25,generator_specific,0,0,1,30.377
bilateral_grid,cxx_default_on_emitted_cpp,cxx_sub_to_add,bilateral_grid.halide_generated.cpp,4162,22,generator_specific,0,0,0,30.447
bilateral_grid,cxx_default_on_emitted_cpp,cxx_sub_to_add,bilateral_grid.halide_generated.cpp,4170,23,generator_specific,0,0,1,30.662
bilateral_grid,cxx_default_on_emitted_cpp,cxx_sub_to_add,bilateral_grid.halide_generated.cpp,4175,24,generator_specific,-6,1,1,0.074
bilateral_grid,cxx_default_on_emitted_cpp,cxx_sub_to_add,bilateral_grid.halide_generated.cpp,4195,23,generator_specific,0,0,0,30.455
bilateral_grid,cxx_default_on_emitted_cpp,cxx_sub_to_add,bilateral_grid.halide_generated.cpp,4215,25,generator_specific,-6,1,1,0.075
bilateral_grid,cxx_default_on_emitted_cpp,cxx_sub_to_add,bilateral_grid.halide_generated.cpp,4218,25,generator_specific,-6,1,1,0.076
bilateral_grid,cxx_default_on_emitted_cpp,cxx_sub_to_add,bilateral_grid.halide_generated.cpp,4237,24,generator_specific,-6,1,1,0.073
bilateral_grid,cxx_default_on_emitted_cpp,cxx_sub_to_add,bilateral_grid.halide_generated.cpp,4238,24,generator_specific,0,0,0,30.730
bilateral_grid,cxx_default_on_emitted_cpp,cxx_sub_to_add,bilateral_grid.halide_generated.cpp,4239,25,generator_specific,0,0,0,30.364
bilateral_grid,cxx_default_on_emitted_cpp,cxx_sub_to_add,bilateral_grid.halide_generated.cpp,4240,25,generator_specific,0,0,0,30.493
bilateral_grid,cxx_default_on_emitted_cpp,cxx_sub_to_add,bilateral_grid.halide_generated.cpp,4241,25,generator_specific,0,0,1,30.460
bilateral_grid,cxx_default_on_emitted_cpp,cxx_sub_to_add,bilateral_grid.halide_generated.cpp,4263,25,generator_specific,0,0,1,30.586
bilateral_grid,cxx_default_on_emitted_cpp,cxx_sub_to_add,bilateral_grid.halide_generated.cpp,4264,25,generator_specific,0,0,1,30.331
bilateral_grid,cxx_default_on_emitted_cpp,cxx_sub_to_add,bilateral_grid.halide_generated.cpp,4265,25,generator_specific,0,0,1,30.777
bilateral_grid,cxx_default_on_emitted_cpp,cxx_sub_to_add,bilateral_grid.halide_generated.cpp,4281,27,generator_specific,0,0,0,30.672
bilateral_grid,cxx_default_on_emitted_cpp,cxx_sub_to_add,bilateral_grid.halide_generated.cpp,4299,28,generator_specific,-11,1,1,0.796
bilateral_grid,cxx_default_on_emitted_cpp,cxx_sub_to_add,bilateral_grid.halide_generated.cpp,4320,28,generator_specific,0,0,1,30.754
bilateral_grid,cxx_default_on_emitted_cpp,cxx_sub_to_add,bilateral_grid.halide_generated.cpp,4332,25,generator_specific,0,0,1,30.500
bilateral_grid,cxx_default_on_emitted_cpp,cxx_sub_to_add,bilateral_grid.halide_generated.cpp,4333,25,generator_specific,0,0,1,30.346
bilateral_grid,cxx_default_on_emitted_cpp,cxx_sub_to_add,bilateral_grid.halide_generated.cpp,4334,25,generator_specific,0,0,1,30.353
bilateral_grid,cxx_default_on_emitted_cpp,cxx_sub_to_add,bilateral_grid.halide_generated.cpp,4335,25,generator_specific,0,0,1,30.708
bilateral_grid,cxx_default_on_emitted_cpp,cxx_sub_to_add,bilateral_grid.halide_generated.cpp,4336,25,generator_specific,0,0,1,30.405
bilateral_grid,cxx_default_on_emitted_cpp,cxx_sub_to_add,bilateral_grid.halide_generated.cpp,4337,24,generator_specific,0,0,1,30.404
bilateral_grid,cxx_default_on_emitted_cpp,cxx_sub_to_add,bilateral_grid.halide_generated.cpp,4344,26,generator_specific,-11,1,1,0.075
bilateral_grid,cxx_default_on_emitted_cpp,cxx_sub_to_add,bilateral_grid.halide_generated.cpp,4347,26,generator_specific,0,0,1,30.509
bilateral_grid,cxx_default_on_emitted_cpp,cxx_sub_to_add,bilateral_grid.halide_generated.cpp,4418,24,generator_specific,0,0,0,30.568
bilateral_grid,cxx_default_on_emitted_cpp,cxx_sub_to_add,bilateral_grid.halide_generated.cpp,4419,24,generator_specific,0,0,1,30.312
bilateral_grid,cxx_default_on_emitted_cpp,cxx_sub_to_add,bilateral_grid.halide_generated.cpp,4427,25,generator_specific,0,0,1,30.341
bilateral_grid,cxx_default_on_emitted_cpp,cxx_sub_to_add,bilateral_grid.halide_generated.cpp,4633,23,generator_specific,0,0,0,30.377
bilateral_grid,cxx_default_on_emitted_cpp,cxx_sub_to_add,bilateral_grid.halide_generated.cpp,4641,24,generator_specific,0,0,0,32.348
bilateral_grid,cxx_default_on_emitted_cpp,cxx_sub_to_add,bilateral_grid.halide_generated.cpp,4662,26,generator_specific,0,0,0,30.787
bilateral_grid,cxx_default_on_emitted_cpp,cxx_sub_to_add,bilateral_grid.halide_generated.cpp,4682,26,generator_specific,0,0,1,30.579
bilateral_grid,cxx_default_on_emitted_cpp,cxx_sub_to_add,bilateral_grid.halide_generated.cpp,4714,26,generator_specific,0,0,1,30.190
bilateral_grid,cxx_default_on_emitted_cpp,cxx_sub_to_add,bilateral_grid.halide_generated.cpp,4757,26,generator_specific,0,0,1,30.432
bilateral_grid,cxx_default_on_emitted_cpp,cxx_sub_to_add,bilateral_grid.halide_generated.cpp,4786,26,generator_specific,0,0,1,30.391
bilateral_grid,cxx_default_on_emitted_cpp,cxx_sub_to_add,bilateral_grid.halide_generated.cpp,4837,27,generator_specific,0,0,0,30.473
bilateral_grid,cxx_default_on_emitted_cpp,cxx_sub_to_add,bilateral_grid.halide_generated.cpp,4855,24,generator_specific,0,0,1,30.299
bilateral_grid,cxx_default_on_emitted_cpp,cxx_sub_to_add,bilateral_grid.halide_generated.cpp,4861,24,generator_specific,0,0,1,30.517
bilateral_grid,cxx_default_on_emitted_cpp,cxx_sub_to_add,bilateral_grid.halide_generated.cpp,4870,24,generator_specific,0,0,1,30.556
bilateral_grid,cxx_default_on_emitted_cpp,cxx_sub_to_add,bilateral_grid.halide_generated.cpp,4889,25,generator_specific,0,0,1,30.426
bilateral_grid,cxx_default_on_emitted_cpp,cxx_sub_to_add,bilateral_grid.halide_generated.cpp,5020,29,generator_specific,0,0,0,30.835
bilateral_grid,cxx_default_on_emitted_cpp,cxx_sub_to_add,bilateral_grid.halide_generated.cpp,5043,26,generator_specific,0,0,0,30.307
bilateral_grid,cxx_default_on_emitted_cpp,cxx_sub_to_add,bilateral_grid.halide_generated.cpp,5049,26,generator_specific,0,0,0,32.086
bilateral_grid,cxx_default_on_emitted_cpp,cxx_sub_to_add,bilateral_grid.halide_generated.cpp,5058,25,generator_specific,0,0,0,30.339
bilateral_grid,cxx_default_on_emitted_cpp,cxx_sub_to_add,bilateral_grid.halide_generated.cpp,5077,26,generator_specific,0,0,0,30.560
bilateral_grid,cxx_default_on_emitted_cpp,cxx_sub_to_add,bilateral_grid.halide_generated.cpp,5252,24,generator_specific,0,0,0,30.405
bilateral_grid,cxx_default_on_emitted_cpp,cxx_sub_to_add,bilateral_grid.halide_generated.cpp,5261,24,generator_specific,0,0,0,30.404
bilateral_grid,cxx_default_on_emitted_cpp,cxx_sub_to_add,bilateral_grid.halide_generated.cpp,5286,24,generator_specific,0,0,0,30.722
bilateral_grid,cxx_default_on_emitted_cpp,cxx_sub_to_add,bilateral_grid.halide_generated.cpp,5307,24,generator_specific,0,0,0,30.343
bilateral_grid,cxx_default_on_emitted_cpp,cxx_sub_to_add,bilateral_grid.halide_generated.cpp,5474,25,generator_specific,0,0,0,30.418
bilateral_grid,cxx_default_on_emitted_cpp,cxx_sub_to_add,bilateral_grid.halide_generated.cpp,5487,26,generator_specific,0,0,0,30.543
bilateral_grid,cxx_default_on_emitted_cpp,cxx_sub_to_add,bilateral_grid.halide_generated.cpp,5518,25,generator_specific,0,0,0,30.496
bilateral_grid,cxx_default_on_emitted_cpp,cxx_sub_to_add,bilateral_grid.halide_generated.cpp,5531,26,generator_specific,0,0,0,30.162
bilateral_grid,cxx_default_on_emitted_cpp,cxx_sub_to_add,bilateral_grid.halide_generated.cpp,5578,25,generator_specific,0,0,0,30.258
bilateral_grid,cxx_default_on_emitted_cpp,cxx_sub_to_add,bilateral_grid.halide_generated.cpp,5585,25,generator_specific,0,0,0,30.537
bilateral_grid,cxx_default_on_emitted_cpp,cxx_sub_to_add,bilateral_grid.halide_generated.cpp,5594,25,generator_specific,0,0,0,30.460
bilateral_grid,cxx_default_on_emitted_cpp,cxx_sub_to_add,bilateral_grid.halide_generated.cpp,5603,26,generator_specific,0,0,0,30.096
bilateral_grid,cxx_default_on_emitted_cpp,cxx_sub_to_add,bilateral_grid.halide_generated.cpp,5624,26,generator_specific,0,0,0,30.168
bilateral_grid,cxx_default_on_emitted_cpp,cxx_sub_to_add,bilateral_grid.halide_generated.cpp,5629,26,generator_specific,0,0,0,30.068
bilateral_grid,cxx_default_on_emitted_cpp,cxx_sub_to_add,bilateral_grid.halide_generated.cpp,5652,26,generator_specific,0,0,0,30.075
bilateral_grid,cxx_default_on_emitted_cpp,cxx_sub_to_add,bilateral_grid.halide_generated.cpp,5672,26,generator_specific,0,0,0,30.179
bilateral_grid,cxx_default_on_emitted_cpp,cxx_sub_to_add,bilateral_grid.halide_generated.cpp,5684,26,generator_specific,0,0,0,29.957
bilateral_grid,cxx_default_on_emitted_cpp,cxx_sub_to_add,bilateral_grid.halide_generated.cpp,5686,26,generator_specific,0,0,0,29.810
bilateral_grid,cxx_default_on_emitted_cpp,cxx_sub_to_add,bilateral_grid.halide_generated.cpp,5774,26,generator_specific,0,0,0,29.671
bilateral_grid,cxx_default_on_emitted_cpp,cxx_sub_to_add,bilateral_grid.halide_generated.cpp,5785,26,generator_specific,0,0,0,29.596
bilateral_grid,cxx_default_on_emitted_cpp,cxx_sub_to_add,bilateral_grid.halide_generated.cpp,5802,26,generator_specific,0,0,0,29.637
bilateral_grid,cxx_default_on_emitted_cpp,cxx_sub_to_add,bilateral_grid.halide_generated.cpp,5803,26,generator_specific,0,0,0,29.278
bilateral_grid,cxx_default_on_emitted_cpp,cxx_sub_to_add,bilateral_grid.halide_generated.cpp,5804,26,generator_specific,0,0,0,29.190
bilateral_grid,cxx_default_on_emitted_cpp,cxx_sub_to_add,bilateral_grid.halide_generated.cpp,5805,26,generator_specific,0,0,0,29.279
bilateral_grid,cxx_default_on_emitted_cpp,cxx_sub_to_add,bilateral_grid.halide_generated.cpp,5806,26,generator_specific,0,0,0,29.235
bilateral_grid,cxx_default_on_emitted_cpp,cxx_sub_to_add,bilateral_grid.halide_generated.cpp,5807,26,generator_specific,0,0,0,29.180
bilateral_grid,cxx_default_on_emitted_cpp,cxx_sub_to_add,bilateral_grid.halide_generated.cpp,5808,26,generator_specific,0,0,0,29.588
bilateral_grid,cxx_default_on_emitted_cpp,cxx_sub_to_add,bilateral_grid.halide_generated.cpp,5809,26,generator_specific,0,0,0,28.896
bilateral_grid,cxx_default_on_emitted_cpp,cxx_sub_to_add,bilateral_grid.halide_generated.cpp,5810,22,generator_specific,0,0,0,28.747
