app,arm,mutator,file,line,column,region,exit_code,o1_killed,o2_killed,wall_seconds
depthwise_separable_conv,cxx_default_on_emitted_cpp,cxx_add_to_sub,depthwise_separable_conv.halide_generated.cpp,3659,20,generator_specific,0,0,0,0.804
depthwise_separable_conv,cxx_default_on_emitted_cpp,cxx_add_to_sub,depthwise_separable_conv.halide_generated.cpp,3661,20,generator_specific,0,0,0,0.801
depthwise_separable_conv,cxx_default_on_emitted_cpp,cxx_add_to_sub,depthwise_separable_conv.halide_generated.cpp,3665,20,generator_specific,0,0,0,0.714
depthwise_separable_conv,cxx_default_on_emitted_cpp,cxx_add_to_sub,depthwise_separable_conv.halide_generated.cpp,3667,20,generator_specific,-11,1,1,0.028
depthwise_separable_conv,cxx_default_on_emitted_cpp,cxx_add_to_sub,depthwise_separable_conv.halide_generated.cpp,3672,20,generator_specific,0,0,0,0.540
depthwise_separable_conv,cxx_default_on_emitted_cpp,cxx_add_to_sub,depthwise_separable_conv.halide_generated.cpp,3674,20,generator_specific,-11,1,1,0.027
depthwise_separable_conv,cxx_default_on_emitted_cpp,cxx_add_to_sub,depthwise_separable_conv.halide_generated.cpp,3677,50,generator_specific,0,0,0,0.761
depthwise_separable_conv,cxx_default_on_emitted_cpp,cxx_add_to_sub,depthwise_separable_conv.halide_generated.cpp,3680,21,generator_specific,0,0,0,0.727
depthwise_separable_conv,cxx_default_on_emitted_cpp,cxx_add_to_sub,depthwise_separable_conv.halide_generated.cpp,3682,21,generator_specific,-11,1,1,0.027
depthwise_separable_conv,cxx_default_on_emitted_cpp,cxx_add_to_sub,depthwise_separable_conv.halide_generated.cpp,3684,21,generator_specific,-11,1,1,0.071
depthwise_separable_conv,cxx_default_on_emitted_cpp,cxx_add_to_sub,depthwise_separable_conv.halide_generated.cpp,3686,21,generator_specific,0,0,0,0.545
depthwise_separable_conv,cxx_default_on_emitted_cpp,cxx_add_to_sub,depthwise_separable_conv.halide_generated.cpp,3687,21,generator_specific,-11,1,1,0.068
depthwise_separable_conv,cxx_default_on_emitted_cpp,cxx_add_to_sub,depthwise_separable_conv.halide_generated.cpp,3688,21,generator_specific,-11,1,1,0.069
depthwise_separable_conv,cxx_default_on_emitted_cpp,cxx_add_to_sub,depthwise_separable_conv.halide_generated.cpp,3689,21,generator_specific,0,0,0,0.716
depthwise_separable_conv,cxx_default_on_emitted_cpp,cxx_add_to_sub,depthwise_separable_conv.halide_generated.cpp,3691,21,generator_specific,0,0,0,0.715
depthwise_separable_conv,cxx_default_on_emitted_cpp,cxx_add_to_sub,depthwise_separable_conv.halide_generated.cpp,3695,21,generator_specific,0,0,0,0.635
depthwise_separable_conv,cxx_default_on_emitted_cpp,cxx_add_to_sub,depthwise_separable_conv.halide_generated.cpp,3696,21,generator_specific,-11,1,1,0.026
depthwise_separable_conv,cxx_default_on_emitted_cpp,cxx_add_to_sub,depthwise_separable_conv.halide_generated.cpp,3697,21,generator_specific,0,0,0,0.547
depthwise_separable_conv,cxx_default_on_emitted_cpp,cxx_add_to_sub,depthwise_separable_conv.halide_generated.cpp,3698,21,generator_specific,-11,1,1,0.025
depthwise_separable_conv,cxx_default_on_emitted_cpp,cxx_add_to_sub,depthwise_separable_conv.halide_generated.cpp,3699,21,generator_specific,-11,1,1,0.026
depthwise_separable_conv,cxx_default_on_emitted_cpp,cxx_add_to_sub,depthwise_separable_conv.halide_generated.cpp,3700,21,generator_specific,-11,1,1,0.026
depthwise_separable_conv,cxx_default_on_emitted_cpp,cxx_add_to_sub,depthwise_separable_conv.halide_generated.cpp,3701,51,generator_specific,0,0,0,0.571
depthwise_separable_conv,cxx_default_on_emitted_cpp,cxx_add_to_sub,depthwise_separable_conv.halide_generated.cpp,3704,22,generator_specific,0,0,0,0.805
depthwise_separable_conv,cxx_default_on_emitted_cpp,cxx_add_to_sub,depthwise_separable_conv.halide_generated.cpp,3709,23,generator_specific,0,0,0,0.554
depthwise_separable_conv,cxx_default_on_emitted_cpp,cxx_add_to_sub,depthwise_separable_conv.halide_generated.cpp,3712,23,generator_specific,0,0,0,0.899
depthwise_separable_conv,cxx_default_on_emitted_cpp,cxx_add_to_sub,depthwise_separable_conv.halide_generated.cpp,3715,23,generator_specific,0,0,0,0.896
depthwise_separable_conv,cxx_default_on_emitted_cpp,cxx_add_to_sub,depthwise_separable_conv.halide_generated.cpp,3718,23,generator_specific,0,0,0,0.787
depthwise_separable_conv,cxx_default_on_emitted_cpp,cxx_add_to_sub,depthwise_separable_conv.halide_generated.cpp,3721,23,generator_specific,0,0,0,0.882
depthwise_separable_conv,cxx_default_on_emitted_cpp,cxx_add_to_sub,depthwise_separable_conv.halide_generated.cpp,3724,23,generator_specific,0,0,0,0.721
depthwise_separable_conv,cxx_default_on_emitted_cpp,cxx_add_to_sub,depthwise_separable_conv.halide_generated.cpp,3727,24,generator_specific,0,0,0,0.814
depthwise_separable_conv,cxx_default_on_emitted_cpp,cxx_add_to_sub,depthwise_separable_conv.halide_generated.cpp,3728,93,generator_specific,0,0,0,0.335
depthwise_separable_conv,cxx_default_on_emitted_cpp,cxx_add_to_sub,depthwise_separable_conv.halide_generated.cpp,3737,40,generator_specific,0,0,0,0.692
depthwise_separable_conv,cxx_default_on_emitted_cpp,cxx_add_to_sub,depthwise_separable_conv.halide_generated.cpp,3741,28,generator_specific,0,0,0,0.805
depthwise_separable_conv,cxx_default_on_emitted_cpp,cxx_add_to_sub,depthwise_separable_conv.halide_generated.cpp,3745,29,generator_specific,0,0,0,0.651
depthwise_separable_conv,cxx_default_on_emitted_cpp,cxx_add_to_sub,depthwise_separable_conv.halide_generated.cpp,3747,29,generator_specific,0,0,0,0.799
depthwise_separable_conv,cxx_default_on_emitted_cpp,cxx_add_to_sub,depthwise_separable_conv.halide_generated.cpp,3749,29,generator_specific,-11,1,1,0.026
depthwise_separable_conv,cxx_default_on_emitted_cpp,cxx_add_to_sub,depthwise_separable_conv.halide_generated.cpp,3751,29,generator_specific,0,0,0,0.880
depthwise_separable_conv,cxx_default_on_emitted_cpp,cxx_add_to_sub,depthwise_separable_conv.halide_generated.cpp,3754,36,generator_specific,0,0,0,0.713
depthwise_separable_conv,cxx_default_on_emitted_cpp,cxx_add_to_sub,depthwise_separable_conv.halide_generated.cpp,3759,30,generator_specific,0,0,0,0.739
depthwise_separable_conv,cxx_default_on_emitted_cpp,cxx_add_to_sub,depthwise_separable_conv.halide_generated.cpp,3760,30,generator_specific,0,0,0,0.562
depthwise_separable_conv,cxx_default_on_emitted_cpp,cxx_add_to_sub,depthwise_separable_conv.halide_generated.cpp,3765,28,generator_specific,0,0,0,0.722
depthwise_separable_conv,cxx_default_on_emitted_cpp,cxx_add_to_sub,depthwise_separable_conv.halide_generated.cpp,3771,36,generator_specific,-11,1,1,0.026
depthwise_separable_conv,cxx_default_on_emitted_cpp,cxx_add_to_sub,depthwise_separable_conv.halide_generated.cpp,3774,36,generator_specific,0,0,0,0.689
depthwise_separable_conv,cxx_default_on_emitted_cpp,cxx_add_to_sub,depthwise_separable_conv.halide_generated.cpp,3776,30,generator_specific,0,0,0,0.547
depthwise_separable_conv,cxx_default_on_emitted_cpp,cxx_add_to_sub,depthwise_separable_conv.halide_generated.cpp,3780,30,generator_specific,0,0,0,0.560
depthwise_separable_conv,cxx_default_on_emitted_cpp,cxx_add_to_sub,depthwise_separable_conv.halide_generated.cpp,3781,30,generator_specific,0,0,0,0.648
depthwise_separable_conv,cxx_default_on_emitted_cpp,cxx_add_to_sub,depthwise_separable_conv.halide_generated.cpp,3791,36,generator_specific,-11,1,1,0.026
depthwise_separable_conv,cxx_default_on_emitted_cpp,cxx_add_to_sub,depthwise_separable_conv.halide_generated.cpp,3793,30,generator_specific,-11,1,1,0.028
depthwise_separable_conv,cxx_default_on_emitted_cpp,cxx_add_to_sub,depthwise_separable_conv.halide_generated.cpp,3795,36,generator_specific,0,0,0,0.825
depthwise_separable_conv,cxx_default_on_emitted_cpp,cxx_add_to_sub,depthwise_separable_conv.halide_generated.cpp,3797,30,generator_specific,0,0,0,0.731
depthwise_separable_conv,cxx_default_on_emitted_cpp,cxx_add_to_sub,depthwise_separable_conv.halide_generated.cpp,3801,30,generator_specific,0,0,0,0.644
depthwise_separable_conv,cxx_default_on_emitted_cpp,cxx_add_to_sub,depthwise_separable_conv.halide_generated.cpp,3802,30,generator_specific,0,0,0,0.552
depthwise_separable_conv,cxx_default_on_emitted_cpp,cxx_add_to_sub,depthwise_separable_conv.halide_generated.cpp,3807,28,generator_specific,0,0,0,0.638
depthwise_separable_conv,cxx_default_on_emitted_cpp,cxx_add_to_sub,depthwise_separable_conv.halide_generated.cpp,3813,36,generator_specific,-11,1,1,0.027
depthwise_separable_conv,cxx_default_on_emitted_cpp,cxx_add_to_sub,depthwise_separable_conv.halide_generated.cpp,3815,30,generator_specific,-11,1,1,0.026
depthwise_separable_conv,cxx_default_on_emitted_cpp,cxx_add_to_sub,depthwise_separable_conv.halide_generated.cpp,3817,36,generator_specific,0,0,0,0.711
depthwise_separable_conv,cxx_default_on_emitted_cpp,cxx_add_to_sub,depthwise_separable_conv.halide_generated.cpp,3819,30,generator_specific,0,0,0,0.867
depthwise_separable_conv,cxx_default_on_emitted_cpp,cxx_add_to_sub,depthwise_separable_conv.halide_generated.cpp,3823,30,generator_specific,0,0,0,0.553
depthwise_separable_conv,cxx_default_on_emitted_cpp,cxx_add_to_sub,depthwise_separable_conv.halide_generated.cpp,3824,30,generator_specific,0,0,0,0.652
depthwise_separable_conv,cxx_default_on_emitted_cpp,cxx_add_to_sub,depthwise_separable_conv.halide_generated.cpp,3829,28,generator_specific,0,0,0,0.718
depthwise_separable_conv,cxx_default_on_emitted_cpp,cxx_add_to_sub,depthwise_separable_conv.halide_generated.cpp,3835,36,generator_specific,-11,1,1,0.026
depthwise_separable_conv,cxx_default_on_emitted_cpp,cxx_add_to_sub,depthwise_separable_conv.halide_generated.cpp,3837,30,generator_specific,-11,1,1,0.026
depthwise_separable_conv,cxx_default_on_emitted_cpp,cxx_add_to_sub,depthwise_separable_conv.halide_generated.cpp,3870,29,generator_specific,0,0,0,0.647
depthwise_separable_conv,cxx_default_on_emitted_cpp,cxx_add_to_sub,depthwise_separable_conv.halide_generated.cpp,3875,30,generator_specific,0,0,0,0.731
depthwise_separable_conv,cxx_default_on_emitted_cpp,cxx_add_to_sub,depthwise_separable_conv.halide_generated.cpp,3877,56,generator_specific,0,0,0,0.634
depthwise_separable_conv,cxx_default_on_emitted_cpp,cxx_add_to_sub,depthwise_separable_conv.halide_generated.cpp,3881,30,generator_specific,0,0,0,0.552
depthwise_separable_conv,cxx_default_on_emitted_cpp,cxx_add_to_sub,depthwise_separable_conv.halide_generated.cpp,3885,30,generator_specific,0,0,0,0.553
depthwise_separable_conv,cxx_default_on_emitted_cpp,cxx_add_to_sub,depthwise_separable_conv.halide_generated.cpp,3887,56,generator_specific,0,0,0,0.729
depthwise_separable_conv,cxx_default_on_emitted_cpp,cxx_add_to_sub,depthwise_separable_conv.halide_generated.cpp,3889,30,generator_specific,0,0,0,0.932
depthwise_separable_conv,cxx_default_on_emitted_cpp,cxx_add_to_sub,depthwise_separable_conv.halide_generated.cpp,3892,30,generator_specific,0,0,0,0.813
depthwise_separable_conv,cxx_default_on_emitted_cpp,cxx_add_to_sub,depthwise_separable_conv.halide_generated.cpp,3896,30,generator_specific,0,0,0,0.794
depthwise_separable_conv,cxx_default_on_emitted_cpp,cxx_add_to_sub,depthwise_separable_conv.halide_generated.cpp,3898,56,generator_specific,0,0,0,0.727
depthwise_separable_conv,cxx_default_on_emitted_cpp,cxx_add_to_sub,depthwise_separable_conv.halide_generated.cpp,3900,30,generator_specific,0,0,0,0.803
depthwise_separable_conv,cxx_default_on_emitted_cpp,cxx_add_to_sub,depthwise_separable_conv.halide_generated.cpp,3903,30,generator_specific,0,0,0,0.728
depthwise_separable_conv,cxx_default_on_emitted_cpp,cxx_add_to_sub,depthwise_separable_conv.halide_generated.cpp,3907,30,generator_specific,0,0,0,0.720
depthwise_separable_conv,cxx_default_on_emitted_cpp,cxx_add_to_sub,depthwise_separable_conv.halide_generated.cpp,3909,56,generator_specific,0,0,0,0.822
depthwise_separable_conv,cxx_default_on_emitted_cpp,cxx_add_to_sub,depthwise_separable_conv.halide_generated.cpp,3911,30,generator_specific,0,0,0,0.719
depthwise_separable_conv,cxx_default_on_emitted_cpp,cxx_add_to_sub,depthwise_separable_conv.halide_generated.cpp,3914,30,generator_specific,0,0,0,0.809
depthwise_separable_conv,cxx_default_on_emitted_cpp,cxx_add_to_sub,depthwise_separable_conv.halide_generated.cpp,3918,30,generator_specific,0,0,0,0.559
depthwise_separable_conv,cxx_default_on_emitted_cpp,cxx_add_to_sub,depthwise_separable_conv.halide_generated.cpp,3920,56,generator_specific,0,0,0,0.719
depthwise_separable_conv,cxx_default_on_emitted_cpp,cxx_add_to_sub,depthwise_separable_conv.halide_generated.cpp,3922,30,generator_specific,0,0,0,0.885
depthwise_separable_conv,cxx_default_on_emitted_cpp,cxx_add_to_sub,depthwise_separable_conv.halide_generated.cpp,3925,30,generator_specific,0,0,0,0.903
depthwise_separable_conv,cxx_default_on_emitted_cpp,cxx_add_to_sub,depthwise_separable_conv.halide_generated.cpp,3929,30,generator_specific,0,0,0,0.735
depthwise_separable_conv,cxx_default_on_emitted_cpp,cxx_add_to_sub,depthwise_separable_conv.halide_generated.cpp,3931,56,generator_specific,0,0,0,0.906
depthwise_separable_conv,cxx_default_on_emitted_cpp,cxx_add_to_sub,depthwise_separable_conv.halide_generated.cpp,3933,30,generator_specific,0,0,0,0.821
depthwise_separable_conv,cxx_default_on_emitted_cpp,cxx_add_to_sub,depthwise_separable_conv.halide_generated.cpp,3936,30,generator_specific,0,0,0,0.723
depthwise_separable_conv,cxx_default_on_emitted_cpp,cxx_add_to_sub,depthwise_separable_conv.halide_generated.cpp,3945,59,generator_specific,0,0,0,0.828
depthwise_separable_conv,cxx_default_on_emitted_cpp,cxx_add_to_sub,depthwise_separable_conv.halide_generated.cpp,3947,29,generator_specific,0,0,0,0.875
depthwise_separable_conv,cxx_default_on_emitted_cpp,cxx_add_to_sub,depthwise_separable_conv.halide_generated.cpp,3952,29,generator_specific,0,0,0,0.723
depthwise_separable_conv,cxx_default_on_emitted_cpp,cxx_add_to_sub,depthwise_separable_conv.halide_generated.cpp,3955,59,generator_specific,0,0,0,0.729
depthwise_separable_conv,cxx_default_on_emitted_cpp,cxx_add_to_sub,depthwise_separable_conv.halide_generated.cpp,3957,29,generator_specific,0,0,0,0.550
depthwise_separable_conv,cxx_default_on_emitted_cpp,cxx_add_to_sub,depthwise_separable_conv.halide_generated.cpp,3959,59,generator_specific,0,0,0,0.827
depthwise_separable_conv,cxx_default_on_emitted_cpp,cxx_add_to_sub,depthwise_separable_conv.halide_generated.cpp,3963,29,generator_specific,0,0,0,0.828
depthwise_separable_conv,cxx_default_on_emitted_cpp,cxx_add_to_sub,depthwise_separable_conv.halide_generated.cpp,3966,59,generator_specific,0,0,0,0.556
depthwise_separable_conv,cxx_default_on_emitted_cpp,cxx_add_to_sub,depthwise_separable_conv.halide_generated.cpp,3968,29,generator_specific,0,0,0,0.731
depthwise_separable_conv,cxx_default_on_emitted_cpp,cxx_add_to_sub,depthwise_separable_conv.halide_generated.cpp,3970,59,generator_specific,0,0,0,0.727
depthwise_separable_conv,cxx_default_on_emitted_cpp,cxx_add_to_sub,depthwise_separable_conv.halide_generated.cpp,3974,29,generator_specific,0,0,0,0.704
depthwise_separable_conv,cxx_default_on_emitted_cpp,cxx_add_to_sub,depthwise_separable_conv.halide_generated.cpp,3977,59,generator_specific,0,0,0,0.640
depthwise_separable_conv,cxx_default_on_emitted_cpp,cxx_add_to_sub,depthwise_separable_conv.halide_generated.cpp,3979,29,generator_specific,0,0,0,0.560
depthwise_separable_conv,cxx_default_on_emitted_cpp,cxx_add_to_sub,depthwise_separable_conv.halide_generated.cpp,3981,59,generator_specific,0,0,0,0.561
depthwise_separable_conv,cxx_default_on_emitted_cpp,cxx_add_to_sub,depthwise_separable_conv.halide_generated.cpp,3985,29,generator_specific,0,0,0,0.724
depthwise_separable_conv,cxx_default_on_emitted_cpp,cxx_add_to_sub,depthwise_separable_conv.halide_generated.cpp,3988,59,generator_specific,0,0,0,0.648
depthwise_separable_conv,cxx_default_on_emitted_cpp,cxx_add_to_sub,depthwise_separable_conv.halide_generated.cpp,3990,29,generator_specific,0,0,0,0.641
depthwise_separable_conv,cxx_default_on_emitted_cpp,cxx_add_to_sub,depthwise_separable_conv.halide_generated.cpp,3992,59,generator_specific,0,0,0,0.556
depthwise_separable_conv,cxx_default_on_emitted_cpp,cxx_add_to_sub,depthwise_separable_conv.halide_generated.cpp,3996,29,generator_specific,0,0,0,0.735
depthwise_separable_conv,cxx_default_on_emitted_cpp,cxx_add_to_sub,depthwise_separable_conv.halide_generated.cpp,3999,59,generator_specific,0,0,0,0.901
depthwise_separable_conv,cxx_default_on_emitted_cpp,cxx_add_to_sub,depthwise_separable_conv.halide_generated.cpp,4001,29,generator_specific,0,0,0,0.564
depthwise_separable_conv,cxx_default_on_emitted_cpp,cxx_add_to_sub,depthwise_separable_conv.halide_generated.cpp,4003,59,generator_specific,0,0,0,0.919
depthwise_separable_conv,cxx_default_on_emitted_cpp,cxx_add_to_sub,depthwise_separable_conv.halide_generated.cpp,4007,29,generator_specific,0,0,0,0.614
depthwise_separable_conv,cxx_default_on_emitted_cpp,cxx_add_to_sub,depthwise_separable_conv.halide_generated.cpp,4018,24,generator_specific,-11,1,1,0.028
depthwise_separable_conv,cxx_default_on_emitted_cpp,cxx_add_to_sub,depthwise_separable_conv.halide_generated.cpp,4024,24,generator_specific,-11,1,1,0.026
depthwise_separable_conv,cxx_default_on_emitted_cpp,cxx_add_to_sub,depthwise_separable_conv.halide_generated.cpp,4030,24,generator_specific,-11,1,1,0.028
depthwise_separable_conv,cxx_default_on_emitted_cpp,cxx_add_to_sub,depthwise_separable_conv.halide_generated.cpp,4036,24,generator_specific,-11,1,1,0.027
depthwise_separable_conv,cxx_default_on_emitted_cpp,cxx_add_to_sub,depthwise_separable_conv.halide_generated.cpp,4042,24,generator_specific,-11,1,1,0.026
depthwise_separable_conv,cxx_default_on_emitted_cpp,cxx_add_to_sub,depthwise_separable_conv.halide_generated.cpp,4048,24,generator_specific,-11,1,1,0.026
depthwise_separable_conv,cxx_default_on_emitted_cpp,cxx_add_to_sub,depthwise_separable_conv.halide_generated.cpp,4249,22,generator_specific,0,0,0,0.806
depthwise_separable_conv,cxx_default_on_emitted_cpp,cxx_add_to_sub,depthwise_separable_conv.halide_generated.cpp,4251,22,generator_specific,0,0,0,0.635
depthwise_separable_conv,cxx_default_on_emitted_cpp,cxx_add_to_sub,depthwise_separable_conv.halide_generated.cpp,4255,22,generator_specific,0,0,0,0.901
depthwise_separable_conv,cxx_default_on_emitted_cpp,cxx_add_to_sub,depthwise_separable_conv.halide_generated.cpp,4261,22,generator_specific,0,0,0,0.716
depthwise_separable_conv,cxx_default_on_emitted_cpp,cxx_add_to_sub,depthwise_separable_conv.halide_generated.cpp,4266,22,generator_specific,0,0,0,0.797
depthwise_separable_conv,cxx_default_on_emitted_cpp,cxx_add_to_sub,depthwise_separable_conv.halide_generated.cpp,4268,22,generator_specific,0,0,0,0.825
depthwise_separable_conv,cxx_default_on_emitted_cpp,cxx_add_to_sub,depthwise_separable_conv.halide_generated.cpp,4271,22,generator_specific,0,0,0,0.818
depthwise_separable_conv,cxx_default_on_emitted_cpp,cxx_add_to_sub,depthwise_separable_conv.halide_generated.cpp,4284,22,generator_specific,0,0,0,0.900
depthwise_separable_conv,cxx_default_on_emitted_cpp,cxx_add_to_sub,depthwise_separable_conv.halide_generated.cpp,4288,22,generator_specific,0,0,0,0.547
depthwise_separable_conv,cxx_default_on_emitted_cpp,cxx_add_to_sub,depthwise_separable_conv.halide_generated.cpp,4289,22,generator_specific,0,0,0,0.892
depthwise_separable_conv,cxx_default_on_emitted_cpp,cxx_add_to_sub,depthwise_separable_conv.halide_generated.cpp,4291,22,generator_specific,0,0,0,0.647
depthwise_separable_conv,cxx_default_on_emitted_cpp,cxx_add_to_sub,depthwise_separable_conv.halide_generated.cpp,4297,22,generator_specific,0,0,0,0.732
depthwise_separable_conv,cxx_default_on_emitted_cpp,cxx_add_to_sub,depthwise_separable_conv.halide_generated.cpp,4305,22,generator_specific,0,0,0,0.812
depthwise_separable_conv,cxx_default_on_emitted_cpp,cxx_add_to_sub,depthwise_separable_conv.halide_generated.cpp,4306,22,generator_specific,0,0,0,0.813
depthwise_separable_conv,cxx_default_on_emitted_cpp,cxx_add_to_sub,depthwise_separable_conv.halide_generated.cpp,4307,50,generator_specific,0,0,0,0.803
depthwise_separable_conv,cxx_default_on_emitted_cpp,cxx_add_to_sub,depthwise_separable_conv.halide_generated.cpp,4310,23,generator_specific,0,0,0,0.724
depthwise_separable_conv,cxx_default_on_emitted_cpp,cxx_add_to_sub,depthwise_separable_conv.halide_generated.cpp,4312,23,generator_specific,0,0,0,0.718
depthwise_separable_conv,cxx_default_on_emitted_cpp,cxx_add_to_sub,depthwise_separable_conv.halide_generated.cpp,4314,23,generator_specific,0,0,0,0.899
depthwise_separable_conv,cxx_default_on_emitted_cpp,cxx_add_to_sub,depthwise_separable_conv.halide_generated.cpp,4316,23,generator_specific,0,0,0,0.725
depthwise_separable_conv,cxx_default_on_emitted_cpp,cxx_add_to_sub,depthwise_separable_conv.halide_generated.cpp,4317,23,generator_specific,0,0,0,0.812
depthwise_separable_conv,cxx_default_on_emitted_cpp,cxx_add_to_sub,depthwise_separable_conv.halide_generated.cpp,4318,23,generator_specific,0,0,0,0.900
depthwise_separable_conv,cxx_default_on_emitted_cpp,cxx_add_to_sub,depthwise_separable_conv.halide_generated.cpp,4320,23,generator_specific,0,0,0,0.908
depthwise_separable_conv,cxx_default_on_emitted_cpp,cxx_add_to_sub,depthwise_separable_conv.halide_generated.cpp,4322,23,generator_specific,0,0,0,0.701
depthwise_separable_conv,cxx_default_on_emitted_cpp,cxx_add_to_sub,depthwise_separable_conv.halide_generated.cpp,4326,23,generator_specific,0,0,0,0.892
depthwise_separable_conv,cxx_default_on_emitted_cpp,cxx_add_to_sub,depthwise_separable_conv.halide_generated.cpp,4327,23,generator_specific,0,0,0,0.709
depthwise_separable_conv,cxx_default_on_emitted_cpp,cxx_add_to_sub,depthwise_separable_conv.halide_generated.cpp,4328,23,generator_specific,0,0,0,0.710
depthwise_separable_conv,cxx_default_on_emitted_cpp,cxx_add_to_sub,depthwise_separable_conv.halide_generated.cpp,4329,23,generator_specific,0,0,0,0.709
depthwise_separable_conv,cxx_default_on_emitted_cpp,cxx_add_to_sub,depthwise_separable_conv.halide_generated.cpp,4330,23,generator_specific,0,0,0,0.648
depthwise_separable_conv,cxx_default_on_emitted_cpp,cxx_add_to_sub,depthwise_separable_conv.halide_generated.cpp,4331,23,generator_specific,0,0,0,0.902
depthwise_separable_conv,cxx_default_on_emitted_cpp,cxx_add_to_sub,depthwise_separable_conv.halide_generated.cpp,4332,23,generator_specific,0,0,0,0.624
depthwise_separable_conv,cxx_default_on_emitted_cpp,cxx_add_to_sub,depthwise_separable_conv.halide_generated.cpp,4333,23,generator_specific,0,0,0,0.622
depthwise_separable_conv,cxx_default_on_emitted_cpp,cxx_add_to_sub,depthwise_separable_conv.halide_generated.cpp,4334,51,generator_specific,0,0,0,0.880
depthwise_separable_conv,cxx_default_on_emitted_cpp,cxx_add_to_sub,depthwise_separable_conv.halide_generated.cpp,4337,24,generator_specific,0,0,0,0.713
depthwise_separable_conv,cxx_default_on_emitted_cpp,cxx_add_to_sub,depthwise_separable_conv.halide_generated.cpp,4342,25,generator_specific,0,0,0,0.555
depthwise_separable_conv,cxx_default_on_emitted_cpp,cxx_add_to_sub,depthwise_separable_conv.halide_generated.cpp,4345,25,generator_specific,0,0,0,0.722
depthwise_separable_conv,cxx_default_on_emitted_cpp,cxx_add_to_sub,depthwise_separable_conv.halide_generated.cpp,4348,25,generator_specific,0,0,0,0.665
depthwise_separable_conv,cxx_default_on_emitted_cpp,cxx_add_to_sub,depthwise_separable_conv.halide_generated.cpp,4351,25,generator_specific,0,0,0,0.819
depthwise_separable_conv,cxx_default_on_emitted_cpp,cxx_add_to_sub,depthwise_separable_conv.halide_generated.cpp,4354,25,generator_specific,0,0,0,0.728
depthwise_separable_conv,cxx_default_on_emitted_cpp,cxx_add_to_sub,depthwise_separable_conv.halide_generated.cpp,4357,25,generator_specific,0,0,0,0.739
depthwise_separable_conv,cxx_default_on_emitted_cpp,cxx_add_to_sub,depthwise_separable_conv.halide_generated.cpp,4360,25,generator_specific,0,0,0,0.900
depthwise_separable_conv,cxx_default_on_emitted_cpp,cxx_add_to_sub,depthwise_separable_conv.halide_generated.cpp,4361,93,generator_specific,0,0,0,0.629
depthwise_separable_conv,cxx_default_on_emitted_cpp,cxx_add_to_sub,depthwise_separable_conv.halide_generated.cpp,4364,26,generator_specific,0,0,0,0.876
depthwise_separable_conv,cxx_default_on_emitted_cpp,cxx_add_to_sub,depthwise_separable_conv.halide_generated.cpp,4377,26,generator_specific,0,0,0,0.706
depthwise_separable_conv,cxx_default_on_emitted_cpp,cxx_add_to_sub,depthwise_separable_conv.halide_generated.cpp,4380,26,generator_specific,0,0,0,0.809
depthwise_separable_conv,cxx_default_on_emitted_cpp,cxx_add_to_sub,depthwise_separable_conv.halide_generated.cpp,4386,26,generator_specific,0,0,0,0.903
depthwise_separable_conv,cxx_default_on_emitted_cpp,cxx_add_to_sub,depthwise_separable_conv.halide_generated.cpp,4388,26,generator_specific,0,0,0,0.821
depthwise_separable_conv,cxx_default_on_emitted_cpp,cxx_add_to_sub,depthwise_separable_conv.halide_generated.cpp,4394,26,generator_specific,0,0,0,0.782
depthwise_separable_conv,cxx_default_on_emitted_cpp,cxx_add_to_sub,depthwise_separable_conv.halide_generated.cpp,4399,26,generator_specific,0,0,0,0.818
depthwise_separable_conv,cxx_default_on_emitted_cpp,cxx_add_to_sub,depthwise_separable_conv.halide_generated.cpp,4400,26,generator_specific,0,0,0,0.730
depthwise_separable_conv,cxx_default_on_emitted_cpp,cxx_add_to_sub,depthwise_separable_conv.halide_generated.cpp,4402,26,generator_specific,0,0,0,0.833
depthwise_separable_conv,cxx_default_on_emitted_cpp,cxx_add_to_sub,depthwise_separable_conv.halide_generated.cpp,4408,26,generator_specific,0,0,0,0.658
depthwise_separable_conv,cxx_default_on_emitted_cpp,cxx_add_to_sub,depthwise_separable_conv.halide_generated.cpp,4412,26,generator_specific,0,0,0,0.544
depthwise_separable_conv,cxx_default_on_emitted_cpp,cxx_add_to_sub,depthwise_separable_conv.halide_generated.cpp,4415,27,generator_specific,0,0,0,0.648
depthwise_separable_conv,cxx_default_on_emitted_cpp,cxx_add_to_sub,depthwise_separable_conv.halide_generated.cpp,4417,27,generator_specific,0,0,0,0.717
depthwise_separable_conv,cxx_default_on_emitted_cpp,cxx_add_to_sub,depthwise_separable_conv.halide_generated.cpp,4436,27,generator_specific,0,0,0,0.732
depthwise_separable_conv,cxx_default_on_emitted_cpp,cxx_add_to_sub,depthwise_separable_conv.halide_generated.cpp,4438,27,generator_specific,0,0,0,0.647
depthwise_separable_conv,cxx_default_on_emitted_cpp,cxx_add_to_sub,depthwise_separable_conv.halide_generated.cpp,4439,27,generator_specific,0,0,0,0.544
depthwise_separable_conv,cxx_default_on_emitted_cpp,cxx_add_to_sub,depthwise_separable_conv.halide_generated.cpp,4440,59,generator_specific,0,0,0,0.731
depthwise_separable_conv,cxx_default_on_emitted_cpp,cxx_add_to_sub,depthwise_separable_conv.halide_generated.cpp,4443,40,generator_specific,0,0,0,0.835
depthwise_separable_conv,cxx_default_on_emitted_cpp,cxx_add_to_sub,depthwise_separable_conv.halide_generated.cpp,4444,48,generator_specific,0,0,0,0.829
depthwise_separable_conv,cxx_default_on_emitted_cpp,cxx_add_to_sub,depthwise_separable_conv.halide_generated.cpp,4450,29,generator_specific,0,0,0,0.813
depthwise_separable_conv,cxx_default_on_emitted_cpp,cxx_add_to_sub,depthwise_separable_conv.halide_generated.cpp,4454,29,generator_specific,0,0,0,0.742
depthwise_separable_conv,cxx_default_on_emitted_cpp,cxx_add_to_sub,depthwise_separable_conv.halide_generated.cpp,4455,29,generator_specific,0,0,0,0.733
depthwise_separable_conv,cxx_default_on_emitted_cpp,cxx_add_to_sub,depthwise_separable_conv.halide_generated.cpp,4457,29,generator_specific,0,0,0,0.727
depthwise_separable_conv,cxx_default_on_emitted_cpp,cxx_add_to_sub,depthwise_separable_conv.halide_generated.cpp,4458,29,generator_specific,0,0,0,0.736
depthwise_separable_conv,cxx_default_on_emitted_cpp,cxx_add_to_sub,depthwise_separable_conv.halide_generated.cpp,4460,29,generator_specific,0,0,0,0.743
depthwise_separable_conv,cxx_default_on_emitted_cpp,cxx_add_to_sub,depthwise_separable_conv.halide_generated.cpp,4461,29,generator_specific,0,0,0,0.732
depthwise_separable_conv,cxx_default_on_emitted_cpp,cxx_add_to_sub,depthwise_separable_conv.halide_generated.cpp,4463,29,generator_specific,0,0,0,0.563
depthwise_separable_conv,cxx_default_on_emitted_cpp,cxx_add_to_sub,depthwise_separable_conv.halide_generated.cpp,4464,29,generator_specific,0,0,0,0.544
depthwise_separable_conv,cxx_default_on_emitted_cpp,cxx_add_to_sub,depthwise_separable_conv.halide_generated.cpp,4465,29,generator_specific,0,0,0,0.923
depthwise_separable_conv,cxx_default_on_emitted_cpp,cxx_add_to_sub,depthwise_separable_conv.halide_generated.cpp,4466,49,generator_specific,0,0,0,0.649
depthwise_separable_conv,cxx_default_on_emitted_cpp,cxx_add_to_sub,depthwise_separable_conv.halide_generated.cpp,4469,30,generator_specific,0,0,0,0.640
depthwise_separable_conv,cxx_default_on_emitted_cpp,cxx_add_to_sub,depthwise_separable_conv.halide_generated.cpp,4473,30,generator_specific,0,0,0,0.845
depthwise_separable_conv,cxx_default_on_emitted_cpp,cxx_add_to_sub,depthwise_separable_conv.halide_generated.cpp,4474,30,generator_specific,0,0,0,0.712
depthwise_separable_conv,cxx_default_on_emitted_cpp,cxx_add_to_sub,depthwise_separable_conv.halide_generated.cpp,4485,30,generator_specific,0,0,0,0.568
depthwise_separable_conv,cxx_default_on_emitted_cpp,cxx_add_to_sub,depthwise_separable_conv.halide_generated.cpp,4487,30,generator_specific,0,0,0,0.732
depthwise_separable_conv,cxx_default_on_emitted_cpp,cxx_add_to_sub,depthwise_separable_conv.halide_generated.cpp,4490,30,generator_specific,0,0,0,0.734
depthwise_separable_conv,cxx_default_on_emitted_cpp,cxx_add_to_sub,depthwise_separable_conv.halide_generated.cpp,4493,30,generator_specific,0,0,0,0.568
depthwise_separable_conv,cxx_default_on_emitted_cpp,cxx_add_to_sub,depthwise_separable_conv.halide_generated.cpp,4495,30,generator_specific,0,0,0,0.551
depthwise_separable_conv,cxx_default_on_emitted_cpp,cxx_add_to_sub,depthwise_separable_conv.halide_generated.cpp,4496,30,generator_specific,0,0,0,0.546
depthwise_separable_conv,cxx_default_on_emitted_cpp,cxx_add_to_sub,depthwise_separable_conv.halide_generated.cpp,4501,30,generator_specific,0,0,0,0.635
depthwise_separable_conv,cxx_default_on_emitted_cpp,cxx_add_to_sub,depthwise_separable_conv.halide_generated.cpp,4507,30,generator_specific,0,0,0,0.733
depthwise_separable_conv,cxx_default_on_emitted_cpp,cxx_add_to_sub,depthwise_separable_conv.halide_generated.cpp,4510,30,generator_specific,0,0,0,0.943
depthwise_separable_conv,cxx_default_on_emitted_cpp,cxx_add_to_sub,depthwise_separable_conv.halide_generated.cpp,4513,30,generator_specific,0,0,0,0.717
depthwise_separable_conv,cxx_default_on_emitted_cpp,cxx_add_to_sub,depthwise_separable_conv.halide_generated.cpp,4515,30,generator_specific,0,0,0,0.733
depthwise_separable_conv,cxx_default_on_emitted_cpp,cxx_add_to_sub,depthwise_separable_conv.halide_generated.cpp,4516,30,generator_specific,0,0,0,0.749
depthwise_separable_conv,cxx_default_on_emitted_cpp,cxx_add_to_sub,depthwise_separable_conv.halide_generated.cpp,4521,30,generator_specific,0,0,0,0.553
depthwise_separable_conv,cxx_default_on_emitted_cpp,cxx_add_to_sub,depthwise_separable_conv.halide_generated.cpp,4527,30,generator_specific,0,0,0,0.895
depthwise_separable_conv,cxx_default_on_emitted_cpp,cxx_add_to_sub,depthwise_separable_conv.halide_generated.cpp,4530,30,generator_specific,0,0,0,0.702
depthwise_separable_conv,cxx_default_on_emitted_cpp,cxx_add_to_sub,depthwise_separable_conv.halide_generated.cpp,4533,30,generator_specific,0,0,0,0.727
depthwise_separable_conv,cxx_default_on_emitted_cpp,cxx_add_to_sub,depthwise_separable_conv.halide_generated.cpp,4535,30,generator_specific,0,0,0,0.633
depthwise_separable_conv,cxx_default_on_emitted_cpp,cxx_add_to_sub,depthwise_separable_conv.halide_generated.cpp,4536,30,generator_specific,0,0,0,0.717
depthwise_separable_conv,cxx_default_on_emitted_cpp,cxx_add_to_sub,depthwise_separable_conv.halide_generated.cpp,4541,30,generator_specific,0,0,0,0.878
depthwise_separable_conv,cxx_default_on_emitted_cpp,cxx_add_to_sub,depthwise_separable_conv.halide_generated.cpp,4547,30,generator_specific,0,0,0,0.539
depthwise_separable_conv,cxx_default_on_emitted_cpp,cxx_add_to_sub,depthwise_separable_conv.halide_generated.cpp,4574,28,generator_specific,0,0,0,0.889
depthwise_separable_conv,cxx_default_on_emitted_cpp,cxx_add_to_sub,depthwise_separable_conv.halide_generated.cpp,4580,88,generator_specific,0,0,0,0.708
depthwise_separable_conv,cxx_default_on_emitted_cpp,cxx_add_to_sub,depthwise_separable_conv.halide_generated.cpp,4582,55,generator_specific,0,0,0,0.716
depthwise_separable_conv,cxx_default_on_emitted_cpp,cxx_add_to_sub,depthwise_separable_conv.halide_generated.cpp,4588,29,generator_specific,0,0,0,0.549
depthwise_separable_conv,cxx_default_on_emitted_cpp,cxx_add_to_sub,depthwise_separable_conv.halide_generated.cpp,4589,89,generator_specific,0,0,0,0.645
depthwise_separable_conv,cxx_default_on_emitted_cpp,cxx_add_to_sub,depthwise_separable_conv.halide_generated.cpp,4592,56,generator_specific,0,0,0,0.537
depthwise_separable_conv,cxx_default_on_emitted_cpp,cxx_add_to_sub,depthwise_separable_conv.halide_generated.cpp,4594,56,generator_specific,0,0,0,0.896
depthwise_separable_conv,cxx_default_on_emitted_cpp,cxx_add_to_sub,depthwise_separable_conv.halide_generated.cpp,4596,30,generator_specific,0,0,0,0.796
depthwise_separable_conv,cxx_default_on_emitted_cpp,cxx_add_to_sub,depthwise_separable_conv.halide_generated.cpp,4597,30,generator_specific,0,0,0,0.820
depthwise_separable_conv,cxx_default_on_emitted_cpp,cxx_add_to_sub,depthwise_separable_conv.halide_generated.cpp,4598,30,generator_specific,0,0,0,0.634
depthwise_separable_conv,cxx_default_on_emitted_cpp,cxx_add_to_sub,depthwise_separable_conv.halide_generated.cpp,4599,30,generator_specific,0,0,0,0.552
depthwise_separable_conv,cxx_default_on_emitted_cpp,cxx_add_to_sub,depthwise_separable_conv.halide_generated.cpp,4600,30,generator_specific,0,0,0,0.813
depthwise_separable_conv,cxx_default_on_emitted_cpp,cxx_add_to_sub,depthwise_separable_conv.halide_generated.cpp,4601,30,generator_specific,0,0,0,0.831
depthwise_separable_conv,cxx_default_on_emitted_cpp,cxx_add_to_sub,depthwise_separable_conv.halide_generated.cpp,4603,30,generator_specific,0,0,0,0.847
depthwise_separable_conv,cxx_default_on_emitted_cpp,cxx_add_to_sub,depthwise_separable_conv.halide_generated.cpp,4604,90,generator_specific,0,0,0,0.638
depthwise_separable_conv,cxx_default_on_emitted_cpp,cxx_add_to_sub,depthwise_separable_conv.halide_generated.cpp,4607,57,generator_specific,0,0,0,0.636
depthwise_separable_conv,cxx_default_on_emitted_cpp,cxx_add_to_sub,depthwise_separable_conv.halide_generated.cpp,4627,34,generator_specific,0,0,0,0.719
depthwise_separable_conv,cxx_default_on_emitted_cpp,cxx_add_to_sub,depthwise_separable_conv.halide_generated.cpp,4631,34,generator_specific,0,0,0,0.798
depthwise_separable_conv,cxx_default_on_emitted_cpp,cxx_add_to_sub,depthwise_separable_conv.halide_generated.cpp,4634,31,generator_specific,0,0,0,0.546
depthwise_separable_conv,cxx_default_on_emitted_cpp,cxx_add_to_sub,depthwise_separable_conv.halide_generated.cpp,4637,57,generator_specific,0,0,0,0.622
depthwise_separable_conv,cxx_default_on_emitted_cpp,cxx_add_to_sub,depthwise_separable_conv.halide_generated.cpp,4657,34,generator_specific,0,0,0,0.639
depthwise_separable_conv,cxx_default_on_emitted_cpp,cxx_add_to_sub,depthwise_separable_conv.halide_generated.cpp,4661,34,generator_specific,0,0,0,0.803
depthwise_separable_conv,cxx_default_on_emitted_cpp,cxx_add_to_sub,depthwise_separable_conv.halide_generated.cpp,4664,31,generator_specific,0,0,0,0.909
depthwise_separable_conv,cxx_default_on_emitted_cpp,cxx_add_to_sub,depthwise_separable_conv.halide_generated.cpp,4667,57,generator_specific,0,0,0,0.711
depthwise_separable_conv,cxx_default_on_emitted_cpp,cxx_add_to_sub,depthwise_separable_conv.halide_generated.cpp,4687,34,generator_specific,0,0,0,0.632
depthwise_separable_conv,cxx_default_on_emitted_cpp,cxx_add_to_sub,depthwise_separable_conv.halide_generated.cpp,4691,34,generator_specific,0,0,0,0.636
depthwise_separable_conv,cxx_default_on_emitted_cpp,cxx_add_to_sub,depthwise_separable_conv.halide_generated.cpp,4694,31,generator_specific,0,0,0,0.645
depthwise_separable_conv,cxx_default_on_emitted_cpp,cxx_add_to_sub,depthwise_separable_conv.halide_generated.cpp,4697,57,generator_specific,0,0,0,0.902
depthwise_separable_conv,cxx_default_on_emitted_cpp,cxx_add_to_sub,depthwise_separable_conv.halide_generated.cpp,4717,34,generator_specific,0,0,0,0.615
depthwise_separable_conv,cxx_default_on_emitted_cpp,cxx_add_to_sub,depthwise_separable_conv.halide_generated.cpp,4721,34,generator_specific,0,0,0,0.839
depthwise_separable_conv,cxx_default_on_emitted_cpp,cxx_add_to_sub,depthwise_separable_conv.halide_generated.cpp,4724,31,generator_specific,0,0,0,0.709
depthwise_separable_conv,cxx_default_on_emitted_cpp,cxx_add_to_sub,depthwise_separable_conv.halide_generated.cpp,4727,57,generator_specific,0,0,0,0.904
depthwise_separable_conv,cxx_default_on_emitted_cpp,cxx_add_to_sub,depthwise_separable_conv.halide_generated.cpp,4747,34,generator_specific,0,0,0,0.881
depthwise_separable_conv,cxx_default_on_emitted_cpp,cxx_add_to_sub,depthwise_separable_conv.halide_generated.cpp,4751,34,generator_specific,0,0,0,0.831
depthwise_separable_conv,cxx_default_on_emitted_cpp,cxx_add_to_sub,depthwise_separable_conv.halide_generated.cpp,4754,31,generator_specific,0,0,0,0.789
depthwise_separable_conv,cxx_default_on_emitted_cpp,cxx_add_to_sub,depthwise_separable_conv.halide_generated.cpp,4757,57,generator_specific,0,0,0,0.810
depthwise_separable_conv,cxx_default_on_emitted_cpp,cxx_add_to_sub,depthwise_separable_conv.halide_generated.cpp,4777,34,generator_specific,0,0,0,0.739
depthwise_separable_conv,cxx_default_on_emitted_cpp,cxx_add_to_sub,depthwise_separable_conv.halide_generated.cpp,4781,34,generator_specific,0,0,0,0.750
depthwise_separable_conv,cxx_default_on_emitted_cpp,cxx_add_to_sub,depthwise_separable_conv.halide_generated.cpp,4784,31,generator_specific,0,0,0,0.725
depthwise_separable_conv,cxx_default_on_emitted_cpp,cxx_add_to_sub,depthwise_separable_conv.halide_generated.cpp,4795,59,generator_specific,0,0,0,0.724
depthwise_separable_conv,cxx_default_on_emitted_cpp,cxx_add_to_sub,depthwise_separable_conv.halide_generated.cpp,4797,29,generator_specific,0,0,0,0.734
depthwise_separable_conv,cxx_default_on_emitted_cpp,cxx_add_to_sub,depthwise_separable_conv.halide_generated.cpp,4802,29,generator_specific,0,0,0,0.729
depthwise_separable_conv,cxx_default_on_emitted_cpp,cxx_add_to_sub,depthwise_separable_conv.halide_generated.cpp,4805,59,generator_specific,0,0,0,0.910
depthwise_separable_conv,cxx_default_on_emitted_cpp,cxx_add_to_sub,depthwise_separable_conv.halide_generated.cpp,4807,29,generator_specific,0,0,0,0.728
depthwise_separable_conv,cxx_default_on_emitted_cpp,cxx_add_to_sub,depthwise_separable_conv.halide_generated.cpp,4809,59,generator_specific,0,0,0,0.726
depthwise_separable_conv,cxx_default_on_emitted_cpp,cxx_add_to_sub,depthwise_separable_conv.halide_generated.cpp,4813,29,generator_specific,0,0,0,0.639
depthwise_separable_conv,cxx_default_on_emitted_cpp,cxx_add_to_sub,depthwise_separable_conv.halide_generated.cpp,4816,59,generator_specific,0,0,0,0.907
depthwise_separable_conv,cxx_default_on_emitted_cpp,cxx_add_to_sub,depthwise_separable_conv.halide_generated.cpp,4818,29,generator_specific,0,0,0,0.740
depthwise_separable_conv,cxx_default_on_emitted_cpp,cxx_add_to_sub,depthwise_separable_conv.halide_generated.cpp,4820,59,generator_specific,0,0,0,0.635
depthwise_separable_conv,cxx_default_on_emitted_cpp,cxx_add_to_sub,depthwise_separable_conv.halide_generated.cpp,4824,29,generator_specific,0,0,0,0.722
depthwise_separable_conv,cxx_default_on_emitted_cpp,cxx_add_to_sub,depthwise_separable_conv.halide_generated.cpp,4827,59,generator_specific,0,0,0,0.558
depthwise_separable_conv,cxx_default_on_emitted_cpp,cxx_add_to_sub,depthwise_separable_conv.halide_generated.cpp,4829,29,generator_specific,0,0,0,0.726
depthwise_separable_conv,cxx_default_on_emitted_cpp,cxx_add_to_sub,depthwise_separable_conv.halide_generated.cpp,4831,59,generator_specific,0,0,0,0.877
depthwise_separable_conv,cxx_default_on_emitted_cpp,cxx_add_to_sub,depthwise_separable_conv.halide_generated.cpp,4835,29,generator_specific,0,0,0,0.903
depthwise_separable_conv,cxx_default_on_emitted_cpp,cxx_add_to_sub,depthwise_separable_conv.halide_generated.cpp,4838,59,generator_specific,0,0,0,0.720
depthwise_separable_conv,cxx_default_on_emitted_cpp,cxx_add_to_sub,depthwise_separable_conv.halide_generated.cpp,4840,29,generator_specific,0,0,0,0.726
depthwise_separable_conv,cxx_default_on_emitted_cpp,cxx_add_to_sub,depthwise_separable_conv.halide_generated.cpp,4842,59,generator_specific,0,0,0,0.738
depthwise_separable_conv,cxx_default_on_emitted_cpp,cxx_add_to_sub,depthwise_separable_conv.halide_generated.cpp,4846,29,generator_specific,0,0,0,0.737
depthwise_separable_conv,cxx_default_on_emitted_cpp,cxx_add_to_sub,depthwise_separable_conv.halide_generated.cpp,4849,59,generator_specific,0,0,0,0.719
depthwise_separable_conv,cxx_default_on_emitted_cpp,cxx_add_to_sub,depthwise_separable_conv.halide_generated.cpp,4851,29,generator_specific,0,0,0,0.631
depthwise_separable_conv,cxx_default_on_emitted_cpp,cxx_add_to_sub,depthwise_separable_conv.halide_generated.cpp,4853,59,generator_specific,0,0,0,0.641
depthwise_separable_conv,cxx_default_on_emitted_cpp,cxx_add_to_sub,depthwise_separable_conv.halide_generated.cpp,4857,29,generator_specific,0,0,0,0.815
depthwise_separable_conv,cxx_default_on_emitted_cpp,cxx_add_to_sub,depthwise_separable_conv.halide_generated.cpp,4865,26,generator_specific,0,0,0,0.796
depthwise_separable_conv,cxx_default_on_emitted_cpp,cxx_add_to_sub,depthwise_separable_conv.halide_generated.cpp,4868,27,generator_specific,0,0,0,0.638
depthwise_separable_conv,cxx_default_on_emitted_cpp,cxx_add_to_sub,depthwise_separable_conv.halide_generated.cpp,4870,27,generator_specific,0,0,0,0.644
depthwise_separable_conv,cxx_default_on_emitted_cpp,cxx_add_to_sub,depthwise_separable_conv.halide_generated.cpp,4887,27,generator_specific,0,0,0,0.721
depthwise_separable_conv,cxx_default_on_emitted_cpp,cxx_add_to_sub,depthwise_separable_conv.halide_generated.cpp,4889,27,generator_specific,0,0,0,0.735
depthwise_separable_conv,cxx_default_on_emitted_cpp,cxx_add_to_sub,depthwise_separable_conv.halide_generated.cpp,4890,59,generator_specific,0,0,0,0.895
depthwise_separable_conv,cxx_default_on_emitted_cpp,cxx_add_to_sub,depthwise_separable_conv.halide_generated.cpp,4893,40,generator_specific,0,0,0,0.903
depthwise_separable_conv,cxx_default_on_emitted_cpp,cxx_add_to_sub,depthwise_separable_conv.halide_generated.cpp,4894,48,generator_specific,0,0,0,0.552
depthwise_separable_conv,cxx_default_on_emitted_cpp,cxx_add_to_sub,depthwise_separable_conv.halide_generated.cpp,4900,29,generator_specific,0,0,0,0.730
depthwise_separable_conv,cxx_default_on_emitted_cpp,cxx_add_to_sub,depthwise_separable_conv.halide_generated.cpp,4904,29,generator_specific,0,0,0,0.711
depthwise_separable_conv,cxx_default_on_emitted_cpp,cxx_add_to_sub,depthwise_separable_conv.halide_generated.cpp,4905,29,generator_specific,0,0,0,0.631
depthwise_separable_conv,cxx_default_on_emitted_cpp,cxx_add_to_sub,depthwise_separable_conv.halide_generated.cpp,4907,29,generator_specific,0,0,0,0.896
depthwise_separable_conv,cxx_default_on_emitted_cpp,cxx_add_to_sub,depthwise_separable_conv.halide_generated.cpp,4908,29,generator_specific,0,0,0,0.621
depthwise_separable_conv,cxx_default_on_emitted_cpp,cxx_add_to_sub,depthwise_separable_conv.halide_generated.cpp,4910,29,generator_specific,0,0,0,0.708
depthwise_separable_conv,cxx_default_on_emitted_cpp,cxx_add_to_sub,depthwise_separable_conv.halide_generated.cpp,4911,29,generator_specific,0,0,0,0.548
depthwise_separable_conv,cxx_default_on_emitted_cpp,cxx_add_to_sub,depthwise_separable_conv.halide_generated.cpp,4913,29,generator_specific,0,0,0,0.627
depthwise_separable_conv,cxx_default_on_emitted_cpp,cxx_add_to_sub,depthwise_separable_conv.halide_generated.cpp,4914,29,generator_specific,0,0,0,0.727
depthwise_separable_conv,cxx_default_on_emitted_cpp,cxx_add_to_sub,depthwise_separable_conv.halide_generated.cpp,4915,29,generator_specific,0,0,0,0.719
depthwise_separable_conv,cxx_default_on_emitted_cpp,cxx_add_to_sub,depthwise_separable_conv.halide_generated.cpp,4916,49,generator_specific,0,0,0,0.730
depthwise_separable_conv,cxx_default_on_emitted_cpp,cxx_add_to_sub,depthwise_separable_conv.halide_generated.cpp,4919,31,generator_specific,0,0,0,0.718
depthwise_separable_conv,cxx_default_on_emitted_cpp,cxx_add_to_sub,depthwise_separable_conv.halide_generated.cpp,4923,32,generator_specific,0,0,0,0.636
depthwise_separable_conv,cxx_default_on_emitted_cpp,cxx_add_to_sub,depthwise_separable_conv.halide_generated.cpp,4924,31,generator_specific,0,0,0,0.726
depthwise_separable_conv,cxx_default_on_emitted_cpp,cxx_add_to_sub,depthwise_separable_conv.halide_generated.cpp,4935,32,generator_specific,0,0,0,0.900
depthwise_separable_conv,cxx_default_on_emitted_cpp,cxx_add_to_sub,depthwise_separable_conv.halide_generated.cpp,4937,32,generator_specific,0,0,0,0.730
depthwise_separable_conv,cxx_default_on_emitted_cpp,cxx_add_to_sub,depthwise_separable_conv.halide_generated.cpp,4940,31,generator_specific,0,0,0,0.632
depthwise_separable_conv,cxx_default_on_emitted_cpp,cxx_add_to_sub,depthwise_separable_conv.halide_generated.cpp,4943,32,generator_specific,0,0,0,0.730
depthwise_separable_conv,cxx_default_on_emitted_cpp,cxx_add_to_sub,depthwise_separable_conv.halide_generated.cpp,4945,32,generator_specific,0,0,0,0.534
depthwise_separable_conv,cxx_default_on_emitted_cpp,cxx_add_to_sub,depthwise_separable_conv.halide_generated.cpp,4946,32,generator_specific,0,0,0,0.724
depthwise_separable_conv,cxx_default_on_emitted_cpp,cxx_add_to_sub,depthwise_separable_conv.halide_generated.cpp,4951,31,generator_specific,0,0,0,0.627
depthwise_separable_conv,cxx_default_on_emitted_cpp,cxx_add_to_sub,depthwise_separable_conv.halide_generated.cpp,4957,32,generator_specific,0,0,0,0.537
depthwise_separable_conv,cxx_default_on_emitted_cpp,cxx_add_to_sub,depthwise_separable_conv.halide_generated.cpp,4960,31,generator_specific,0,0,0,0.713
depthwise_separable_conv,cxx_default_on_emitted_cpp,cxx_add_to_sub,depthwise_separable_conv.halide_generated.cpp,4963,32,generator_specific,0,0,0,0.642
depthwise_separable_conv,cxx_default_on_emitted_cpp,cxx_add_to_sub,depthwise_separable_conv.halide_generated.cpp,4965,32,generator_specific,0,0,0,0.906
depthwise_separable_conv,cxx_default_on_emitted_cpp,cxx_add_to_sub,depthwise_separable_conv.halide_generated.cpp,4966,32,generator_specific,0,0,0,0.700
depthwise_separable_conv,cxx_default_on_emitted_cpp,cxx_add_to_sub,depthwise_separable_conv.halide_generated.cpp,4971,31,generator_specific,0,0,0,0.555
depthwise_separable_conv,cxx_default_on_emitted_cpp,cxx_add_to_sub,depthwise_separable_conv.halide_generated.cpp,4977,32,generator_specific,0,0,0,0.719
depthwise_separable_conv,cxx_default_on_emitted_cpp,cxx_add_to_sub,depthwise_separable_conv.halide_generated.cpp,4980,31,generator_specific,0,0,0,0.715
depthwise_separable_conv,cxx_default_on_emitted_cpp,cxx_add_to_sub,depthwise_separable_conv.halide_generated.cpp,4983,32,generator_specific,0,0,0,0.741
depthwise_separable_conv,cxx_default_on_emitted_cpp,cxx_add_to_sub,depthwise_separable_conv.halide_generated.cpp,4985,32,generator_specific,0,0,0,0.735
depthwise_separable_conv,cxx_default_on_emitted_cpp,cxx_add_to_sub,depthwise_separable_conv.halide_generated.cpp,4986,32,generator_specific,0,0,0,0.707
depthwise_separable_conv,cxx_default_on_emitted_cpp,cxx_add_to_sub,depthwise_separable_conv.halide_generated.cpp,4991,31,generator_specific,0,0,0,0.726
depthwise_separable_conv,cxx_default_on_emitted_cpp,cxx_add_to_sub,depthwise_separable_conv.halide_generated.cpp,4997,32,generator_specific,0,0,0,0.723
depthwise_separable_conv,cxx_default_on_emitted_cpp,cxx_add_to_sub,depthwise_separable_conv.halide_generated.cpp,5024,29,generator_specific,0,0,0,0.902
depthwise_separable_conv,cxx_default_on_emitted_cpp,cxx_add_to_sub,depthwise_separable_conv.halide_generated.cpp,5026,88,generator_specific,0,0,0,0.637
depthwise_separable_conv,cxx_default_on_emitted_cpp,cxx_add_to_sub,depthwise_separable_conv.halide_generated.cpp,5028,56,generator_specific,0,0,0,0.897
depthwise_separable_conv,cxx_default_on_emitted_cpp,cxx_add_to_sub,depthwise_separable_conv.halide_generated.cpp,5034,31,generator_specific,0,0,0,0.647
depthwise_separable_conv,cxx_default_on_emitted_cpp,cxx_add_to_sub,depthwise_separable_conv.halide_generated.cpp,5035,89,generator_specific,0,0,0,0.624
depthwise_separable_conv,cxx_default_on_emitted_cpp,cxx_add_to_sub,depthwise_separable_conv.halide_generated.cpp,5038,57,generator_specific,0,0,0,0.898
depthwise_separable_conv,cxx_default_on_emitted_cpp,cxx_add_to_sub,depthwise_separable_conv.halide_generated.cpp,5040,57,generator_specific,0,0,0,0.711
depthwise_separable_conv,cxx_default_on_emitted_cpp,cxx_add_to_sub,depthwise_separable_conv.halide_generated.cpp,5042,32,generator_specific,0,0,0,0.645
depthwise_separable_conv,cxx_default_on_emitted_cpp,cxx_add_to_sub,depthwise_separable_conv.halide_generated.cpp,5043,32,generator_specific,0,0,0,0.828
depthwise_separable_conv,cxx_default_on_emitted_cpp,cxx_add_to_sub,depthwise_separable_conv.halide_generated.cpp,5044,32,generator_specific,0,0,0,0.793
depthwise_separable_conv,cxx_default_on_emitted_cpp,cxx_add_to_sub,depthwise_separable_conv.halide_generated.cpp,5045,32,generator_specific,0,0,0,0.637
depthwise_separable_conv,cxx_default_on_emitted_cpp,cxx_add_to_sub,depthwise_separable_conv.halide_generated.cpp,5046,32,generator_specific,0,0,0,0.724
depthwise_separable_conv,cxx_default_on_emitted_cpp,cxx_add_to_sub,depthwise_separable_conv.halide_generated.cpp,5047,32,generator_specific,0,0,0,0.904
depthwise_separable_conv,cxx_default_on_emitted_cpp,cxx_add_to_sub,depthwise_separable_conv.halide_generated.cpp,5049,32,generator_specific,0,0,0,0.719
depthwise_separable_conv,cxx_default_on_emitted_cpp,cxx_add_to_sub,depthwise_separable_conv.halide_generated.cpp,5050,90,generator_specific,0,0,0,0.719
depthwise_separable_conv,cxx_default_on_emitted_cpp,cxx_add_to_sub,depthwise_separable_conv.halide_generated.cpp,5053,58,generator_specific,0,0,0,0.717
depthwise_separable_conv,cxx_default_on_emitted_cpp,cxx_add_to_sub,depthwise_separable_conv.halide_generated.cpp,5073,36,generator_specific,0,0,0,0.640
depthwise_separable_conv,cxx_default_on_emitted_cpp,cxx_add_to_sub,depthwise_separable_conv.halide_generated.cpp,5077,36,generator_specific,0,0,0,0.720
depthwise_separable_conv,cxx_default_on_emitted_cpp,cxx_add_to_sub,depthwise_separable_conv.halide_generated.cpp,5080,33,generator_specific,0,0,0,0.736
depthwise_separable_conv,cxx_default_on_emitted_cpp,cxx_add_to_sub,depthwise_separable_conv.halide_generated.cpp,5083,58,generator_specific,0,0,0,0.833
depthwise_separable_conv,cxx_default_on_emitted_cpp,cxx_add_to_sub,depthwise_separable_conv.halide_generated.cpp,5103,36,generator_specific,0,0,0,0.804
depthwise_separable_conv,cxx_default_on_emitted_cpp,cxx_add_to_sub,depthwise_separable_conv.halide_generated.cpp,5107,36,generator_specific,0,0,0,0.730
depthwise_separable_conv,cxx_default_on_emitted_cpp,cxx_add_to_sub,depthwise_separable_conv.halide_generated.cpp,5110,33,generator_specific,0,0,0,0.887
depthwise_separable_conv,cxx_default_on_emitted_cpp,cxx_add_to_sub,depthwise_separable_conv.halide_generated.cpp,5113,58,generator_specific,0,0,0,0.899
depthwise_separable_conv,cxx_default_on_emitted_cpp,cxx_add_to_sub,depthwise_separable_conv.halide_generated.cpp,5133,36,generator_specific,0,0,0,0.796
depthwise_separable_conv,cxx_default_on_emitted_cpp,cxx_add_to_sub,depthwise_separable_conv.halide_generated.cpp,5137,36,generator_specific,0,0,0,0.619
depthwise_separable_conv,cxx_default_on_emitted_cpp,cxx_add_to_sub,depthwise_separable_conv.halide_generated.cpp,5140,33,generator_specific,0,0,0,0.705
depthwise_separable_conv,cxx_default_on_emitted_cpp,cxx_add_to_sub,depthwise_separable_conv.halide_generated.cpp,5143,58,generator_specific,0,0,0,0.537
depthwise_separable_conv,cxx_default_on_emitted_cpp,cxx_add_to_sub,depthwise_separable_conv.halide_generated.cpp,5163,36,generator_specific,0,0,0,0.639
depthwise_separable_conv,cxx_default_on_emitted_cpp,cxx_add_to_sub,depthwise_separable_conv.halide_generated.cpp,5167,36,generator_specific,0,0,0,0.619
depthwise_separable_conv,cxx_default_on_emitted_cpp,cxx_add_to_sub,depthwise_separable_conv.halide_generated.cpp,5170,33,generator_specific,0,0,0,0.816
depthwise_separable_conv,cxx_default_on_emitted_cpp,cxx_add_to_sub,depthwise_separable_conv.halide_generated.cpp,5173,58,generator_specific,0,0,0,0.541
depthwise_separable_conv,cxx_default_on_emitted_cpp,cxx_add_to_sub,depthwise_separable_conv.halide_generated.cpp,5193,36,generator_specific,0,0,0,0.642
depthwise_separable_conv,cxx_default_on_emitted_cpp,cxx_add_to_sub,depthwise_separable_conv.halide_generated.cpp,5197,36,generator_specific,0,0,0,0.803
depthwise_separable_conv,cxx_default_on_emitted_cpp,cxx_add_to_sub,depthwise_separable_conv.halide_generated.cpp,5200,33,generator_specific,0,0,0,0.919
depthwise_separable_conv,cxx_default_on_emitted_cpp,cxx_add_to_sub,depthwise_separable_conv.halide_generated.cpp,5203,58,generator_specific,0,0,0,0.822
depthwise_separable_conv,cxx_default_on_emitted_cpp,cxx_add_to_sub,depthwise_separable_conv.halide_generated.cpp,5223,36,generator_specific,0,0,0,0.834
depthwise_separable_conv,cxx_default_on_emitted_cpp,cxx_add_to_sub,depthwise_separable_conv.halide_generated.cpp,5227,36,generator_specific,0,0,0,0.535
depthwise_separable_conv,cxx_default_on_emitted_cpp,cxx_add_to_sub,depthwise_separable_conv.halide_generated.cpp,5230,33,generator_specific,0,0,0,0.735
depthwise_separable_conv,cxx_default_on_emitted_cpp,cxx_add_to_sub,depthwise_separable_conv.halide_generated.cpp,5237,29,generator_specific,0,0,0,0.535
depthwise_separable_conv,cxx_default_on_emitted_cpp,cxx_add_to_sub,depthwise_separable_conv.halide_generated.cpp,5238,96,generator_specific,0,0,0,0.715
depthwise_separable_conv,cxx_default_on_emitted_cpp,cxx_add_to_sub,depthwise_separable_conv.halide_generated.cpp,5241,60,generator_specific,0,0,0,0.812
depthwise_separable_conv,cxx_default_on_emitted_cpp,cxx_add_to_sub,depthwise_separable_conv.halide_generated.cpp,5243,31,generator_specific,0,0,0,0.728
depthwise_separable_conv,cxx_default_on_emitted_cpp,cxx_add_to_sub,depthwise_separable_conv.halide_generated.cpp,5248,31,generator_specific,0,0,0,0.726
depthwise_separable_conv,cxx_default_on_emitted_cpp,cxx_add_to_sub,depthwise_separable_conv.halide_generated.cpp,5251,60,generator_specific,0,0,0,0.544
depthwise_separable_conv,cxx_default_on_emitted_cpp,cxx_add_to_sub,depthwise_separable_conv.halide_generated.cpp,5253,31,generator_specific,0,0,0,0.549
depthwise_separable_conv,cxx_default_on_emitted_cpp,cxx_add_to_sub,depthwise_separable_conv.halide_generated.cpp,5255,60,generator_specific,0,0,0,0.909
depthwise_separable_conv,cxx_default_on_emitted_cpp,cxx_add_to_sub,depthwise_separable_conv.halide_generated.cpp,5259,31,generator_specific,0,0,0,0.637
depthwise_separable_conv,cxx_default_on_emitted_cpp,cxx_add_to_sub,depthwise_separable_conv.halide_generated.cpp,5262,60,generator_specific,0,0,0,0.730
depthwise_separable_conv,cxx_default_on_emitted_cpp,cxx_add_to_sub,depthwise_separable_conv.halide_generated.cpp,5264,31,generator_specific,0,0,0,0.557
depthwise_separable_conv,cxx_default_on_emitted_cpp,cxx_add_to_sub,depthwise_separable_conv.halide_generated.cpp,5266,60,generator_specific,0,0,0,0.645
depthwise_separable_conv,cxx_default_on_emitted_cpp,cxx_add_to_sub,depthwise_separable_conv.halide_generated.cpp,5270,31,generator_specific,0,0,0,0.544
depthwise_separable_conv,cxx_default_on_emitted_cpp,cxx_add_to_sub,depthwise_separable_conv.halide_generated.cpp,5273,60,generator_specific,0,0,0,0.720
depthwise_separable_conv,cxx_default_on_emitted_cpp,cxx_add_to_sub,depthwise_separable_conv.halide_generated.cpp,5275,31,generator_specific,0,0,0,0.638
depthwise_separable_conv,cxx_default_on_emitted_cpp,cxx_add_to_sub,depthwise_separable_conv.halide_generated.cpp,5277,60,generator_specific,0,0,0,0.810
depthwise_separable_conv,cxx_default_on_emitted_cpp,cxx_add_to_sub,depthwise_separable_conv.halide_generated.cpp,5281,31,generator_specific,0,0,0,0.796
depthwise_separable_conv,cxx_default_on_emitted_cpp,cxx_add_to_sub,depthwise_separable_conv.halide_generated.cpp,5284,60,generator_specific,0,0,0,0.725
depthwise_separable_conv,cxx_default_on_emitted_cpp,cxx_add_to_sub,depthwise_separable_conv.halide_generated.cpp,5286,31,generator_specific,0,0,0,0.728
depthwise_separable_conv,cxx_default_on_emitted_cpp,cxx_add_to_sub,depthwise_separable_conv.halide_generated.cpp,5288,60,generator_specific,0,0,0,0.640
depthwise_separable_conv,cxx_default_on_emitted_cpp,cxx_add_to_sub,depthwise_separable_conv.halide_generated.cpp,5292,31,generator_specific,0,0,0,0.641
depthwise_separable_conv,cxx_default_on_emitted_cpp,cxx_add_to_sub,depthwise_separable_conv.halide_generated.cpp,5295,60,generator_specific,0,0,0,0.719
depthwise_separable_conv,cxx_default_on_emitted_cpp,cxx_add_to_sub,depthwise_separable_conv.halide_generated.cpp,5297,31,generator_specific,0,0,0,0.824
depthwise_separable_conv,cxx_default_on_emitted_cpp,cxx_add_to_sub,depthwise_separable_conv.halide_generated.cpp,5299,60,generator_specific,0,0,0,0.781
depthwise_separable_conv,cxx_default_on_emitted_cpp,cxx_add_to_sub,depthwise_separable_conv.halide_generated.cpp,5303,31,generator_specific,0,0,0,0.884
depthwise_separable_conv,cxx_default_on_emitted_cpp,cxx_add_to_sub,depthwise_separable_conv.halide_generated.cpp,5314,26,generator_specific,0,0,0,0.720
depthwise_separable_conv,cxx_default_on_emitted_cpp,cxx_add_to_sub,depthwise_separable_conv.halide_generated.cpp,5320,26,generator_specific,0,0,0,0.738
depthwise_separable_conv,cxx_default_on_emitted_cpp,cxx_add_to_sub,depthwise_separable_conv.halide_generated.cpp,5326,26,generator_specific,0,0,0,0.729
depthwise_separable_conv,cxx_default_on_emitted_cpp,cxx_add_to_sub,depthwise_separable_conv.halide_generated.cpp,5332,26,generator_specific,0,0,0,0.642
depthwise_separable_conv,cxx_default_on_emitted_cpp,cxx_add_to_sub,depthwise_separable_conv.halide_generated.cpp,5338,26,generator_specific,0,0,0,0.638
depthwise_separable_conv,cxx_default_on_emitted_cpp,cxx_add_to_sub,depthwise_separable_conv.halide_generated.cpp,5344,26,generator_specific,0,0,0,0.723
depthwise_separable_conv,cxx_default_on_emitted_cpp,cxx_add_to_sub,depthwise_separable_conv.halide_generated.cpp,5481,24,generator_specific,0,0,0,0.808
depthwise_separable_conv,cxx_default_on_emitted_cpp,cxx_add_to_sub,depthwise_separable_conv.halide_generated.cpp,5484,24,generator_specific,0,0,0,0.811
depthwise_separable_conv,cxx_default_on_emitted_cpp,cxx_add_to_sub,depthwise_separable_conv.halide_generated.cpp,5490,24,generator_specific,0,0,0,0.645
depthwise_separable_conv,cxx_default_on_emitted_cpp,cxx_add_to_sub,depthwise_separable_conv.halide_generated.cpp,5504,24,generator_specific,0,0,0,0.721
depthwise_separable_conv,cxx_default_on_emitted_cpp,cxx_add_to_sub,depthwise_separable_conv.halide_generated.cpp,5513,24,generator_specific,0,0,0,0.904
depthwise_separable_conv,cxx_default_on_emitted_cpp,cxx_add_to_sub,depthwise_separable_conv.halide_generated.cpp,5516,24,generator_specific,0,0,0,0.717
depthwise_separable_conv,cxx_default_on_emitted_cpp,cxx_add_to_sub,depthwise_separable_conv.halide_generated.cpp,5523,24,generator_specific,0,0,0,0.634
depthwise_separable_conv,cxx_default_on_emitted_cpp,cxx_add_to_sub,depthwise_separable_conv.halide_generated.cpp,5528,24,generator_specific,0,0,0,0.813
depthwise_separable_conv,cxx_default_on_emitted_cpp,cxx_add_to_sub,depthwise_separable_conv.halide_generated.cpp,5530,24,generator_specific,0,0,0,0.725
depthwise_separable_conv,cxx_default_on_emitted_cpp,cxx_add_to_sub,depthwise_separable_conv.halide_generated.cpp,5533,24,generator_specific,0,0,0,0.740
depthwise_separable_conv,cxx_default_on_emitted_cpp,cxx_add_to_sub,depthwise_separable_conv.halide_generated.cpp,5535,24,generator_specific,0,0,0,0.547
depthwise_separable_conv,cxx_default_on_emitted_cpp,cxx_add_to_sub,depthwise_separable_conv.halide_generated.cpp,5536,24,generator_specific,0,0,0,0.900
depthwise_separable_conv,cxx_default_on_emitted_cpp,cxx_add_to_sub,depthwise_separable_conv.halide_generated.cpp,5537,24,generator_specific,0,0,0,0.916
depthwise_separable_conv,cxx_default_on_emitted_cpp,cxx_add_to_sub,depthwise_separable_conv.halide_generated.cpp,5540,24,generator_specific,0,0,0,0.907
depthwise_separable_conv,cxx_default_on_emitted_cpp,cxx_add_to_sub,depthwise_separable_conv.halide_generated.cpp,5544,24,generator_specific,0,0,0,0.554
depthwise_separable_conv,cxx_default_on_emitted_cpp,cxx_add_to_sub,depthwise_separable_conv.halide_generated.cpp,5547,24,generator_specific,0,0,0,0.810
depthwise_separable_conv,cxx_default_on_emitted_cpp,cxx_add_to_sub,depthwise_separable_conv.halide_generated.cpp,5548,24,generator_specific,0,0,0,0.802
depthwise_separable_conv,cxx_default_on_emitted_cpp,cxx_add_to_sub,depthwise_separable_conv.halide_generated.cpp,5551,24,generator_specific,0,0,0,0.722
depthwise_separable_conv,cxx_default_on_emitted_cpp,cxx_add_to_sub,depthwise_separable_conv.halide_generated.cpp,5555,24,generator_specific,0,0,0,0.880
depthwise_separable_conv,cxx_default_on_emitted_cpp,cxx_add_to_sub,depthwise_separable_conv.halide_generated.cpp,5559,24,generator_specific,0,0,0,0.895
depthwise_separable_conv,cxx_default_on_emitted_cpp,cxx_add_to_sub,depthwise_separable_conv.halide_generated.cpp,5561,24,generator_specific,-6,1,1,0.027
depthwise_separable_conv,cxx_default_on_emitted_cpp,cxx_add_to_sub,depthwise_separable_conv.halide_generated.cpp,5562,24,generator_specific,0,0,0,0.835
depthwise_separable_conv,cxx_default_on_emitted_cpp,cxx_add_to_sub,depthwise_separable_conv.halide_generated.cpp,5564,24,generator_specific,0,0,0,0.812
depthwise_separable_conv,cxx_default_on_emitted_cpp,cxx_add_to_sub,depthwise_separable_conv.halide_generated.cpp,5566,24,generator_specific,0,0,0,0.556
depthwise_separable_conv,cxx_default_on_emitted_cpp,cxx_add_to_sub,depthwise_separable_conv.halide_generated.cpp,5571,24,generator_specific,0,0,0,0.622
depthwise_separable_conv,cxx_default_on_emitted_cpp,cxx_add_to_sub,depthwise_separable_conv.halide_generated.cpp,5573,24,generator_specific,0,0,0,0.619
depthwise_separable_conv,cxx_default_on_emitted_cpp,cxx_add_to_sub,depthwise_separable_conv.halide_generated.cpp,5575,24,generator_specific,0,0,0,0.713
depthwise_separable_conv,cxx_default_on_emitted_cpp,cxx_add_to_sub,depthwise_separable_conv.halide_generated.cpp,5576,24,generator_specific,0,0,0,0.874
depthwise_separable_conv,cxx_default_on_emitted_cpp,cxx_add_to_sub,depthwise_separable_conv.halide_generated.cpp,5579,24,generator_specific,0,0,0,0.641
depthwise_separable_conv,cxx_default_on_emitted_cpp,cxx_add_to_sub,depthwise_separable_conv.halide_generated.cpp,5583,24,generator_specific,0,0,0,0.709
depthwise_separable_conv,cxx_default_on_emitted_cpp,cxx_add_to_sub,depthwise_separable_conv.halide_generated.cpp,5586,24,generator_specific,0,0,0,0.882
depthwise_separable_conv,cxx_default_on_emitted_cpp,cxx_add_to_sub,depthwise_separable_conv.halide_generated.cpp,5590,24,generator_specific,0,0,0,0.890
depthwise_separable_conv,cxx_default_on_emitted_cpp,cxx_add_to_sub,depthwise_separable_conv.halide_generated.cpp,5595,24,generator_specific,-6,1,1,0.026
depthwise_separable_conv,cxx_default_on_emitted_cpp,cxx_add_to_sub,depthwise_separable_conv.halide_generated.cpp,5596,24,generator_specific,0,0,0,0.636
depthwise_separable_conv,cxx_default_on_emitted_cpp,cxx_add_to_sub,depthwise_separable_conv.halide_generated.cpp,5598,24,generator_specific,0,0,0,0.635
depthwise_separable_conv,cxx_default_on_emitted_cpp,cxx_add_to_sub,depthwise_separable_conv.halide_generated.cpp,5608,24,generator_specific,-6,1,1,0.028
depthwise_separable_conv,cxx_default_on_emitted_cpp,cxx_add_to_sub,depthwise_separable_conv.halide_generated.cpp,5614,24,generator_specific,0,0,0,0.628
depthwise_separable_conv,cxx_default_on_emitted_cpp,cxx_add_to_sub,depthwise_separable_conv.halide_generated.cpp,5621,24,generator_specific,0,0,0,0.646
depthwise_separable_conv,cxx_default_on_emitted_cpp,cxx_add_to_sub,depthwise_separable_conv.halide_generated.cpp,5623,24,generator_specific,0,0,0,0.705
depthwise_separable_conv,cxx_default_on_emitted_cpp,cxx_add_to_sub,depthwise_separable_conv.halide_generated.cpp,5628,24,generator_specific,0,0,0,0.722
depthwise_separable_conv,cxx_default_on_emitted_cpp,cxx_add_to_sub,depthwise_separable_conv.halide_generated.cpp,5631,24,generator_specific,0,0,0,0.718
depthwise_separable_conv,cxx_default_on_emitted_cpp,cxx_add_to_sub,depthwise_separable_conv.halide_generated.cpp,5641,25,generator_specific,0,0,0,0.885
depthwise_separable_conv,cxx_default_on_emitted_cpp,cxx_add_to_sub,depthwise_separable_conv.halide_generated.cpp,5642,25,generator_specific,0,0,0,0.717
depthwise_separable_conv,cxx_default_on_emitted_cpp,cxx_add_to_sub,depthwise_separable_conv.halide_generated.cpp,5677,25,generator_specific,0,0,0,0.713
depthwise_separable_conv,cxx_default_on_emitted_cpp,cxx_add_to_sub,depthwise_separable_conv.halide_generated.cpp,5678,25,generator_specific,0,0,0,0.813
depthwise_separable_conv,cxx_default_on_emitted_cpp,cxx_add_to_sub,depthwise_separable_conv.halide_generated.cpp,5680,25,generator_specific,0,0,0,0.720
depthwise_separable_conv,cxx_default_on_emitted_cpp,cxx_add_to_sub,depthwise_separable_conv.halide_generated.cpp,5681,25,generator_specific,0,0,0,0.805
depthwise_separable_conv,cxx_default_on_emitted_cpp,cxx_add_to_sub,depthwise_separable_conv.halide_generated.cpp,5702,25,generator_specific,0,0,0,0.819
depthwise_separable_conv,cxx_default_on_emitted_cpp,cxx_add_to_sub,depthwise_separable_conv.halide_generated.cpp,5703,25,generator_specific,0,0,0,0.785
depthwise_separable_conv,cxx_default_on_emitted_cpp,cxx_add_to_sub,depthwise_separable_conv.halide_generated.cpp,5705,25,generator_specific,0,0,0,0.731
depthwise_separable_conv,cxx_default_on_emitted_cpp,cxx_add_to_sub,depthwise_separable_conv.halide_generated.cpp,5706,25,generator_specific,0,0,0,0.729
depthwise_separable_conv,cxx_default_on_emitted_cpp,cxx_add_to_sub,depthwise_separable_conv.halide_generated.cpp,5709,25,generator_specific,0,0,0,0.723
depthwise_separable_conv,cxx_default_on_emitted_cpp,cxx_add_to_sub,depthwise_separable_conv.halide_generated.cpp,5710,25,generator_specific,0,0,0,0.643
depthwise_separable_conv,cxx_default_on_emitted_cpp,cxx_add_to_sub,depthwise_separable_conv.halide_generated.cpp,5711,25,generator_specific,0,0,0,0.729
depthwise_separable_conv,cxx_default_on_emitted_cpp,cxx_add_to_sub,depthwise_separable_conv.halide_generated.cpp,5712,25,generator_specific,0,0,0,0.896
depthwise_separable_conv,cxx_default_on_emitted_cpp,cxx_add_to_sub,depthwise_separable_conv.halide_generated.cpp,5713,25,generator_specific,0,0,0,0.556
depthwise_separable_conv,cxx_default_on_emitted_cpp,cxx_add_to_sub,depthwise_separable_conv.halide_generated.cpp,5734,25,generator_specific,0,0,0,0.544
depthwise_separable_conv,cxx_default_on_emitted_cpp,cxx_add_to_sub,depthwise_separable_conv.halide_generated.cpp,5735,25,generator_specific,0,0,0,0.733
depthwise_separable_conv,cxx_default_on_emitted_cpp,cxx_add_to_sub,depthwise_separable_conv.halide_generated.cpp,5826,25,generator_specific,0,0,0,0.727
depthwise_separable_conv,cxx_default_on_emitted_cpp,cxx_add_to_sub,depthwise_separable_conv.halide_generated.cpp,5828,25,generator_specific,0,0,0,0.717
depthwise_separable_conv,cxx_default_on_emitted_cpp,cxx_add_to_sub,depthwise_separable_conv.halide_generated.cpp,5830,25,generator_specific,0,0,0,0.823
depthwise_separable_conv,cxx_default_on_emitted_cpp,cxx_add_to_sub,depthwise_separable_conv.halide_generated.cpp,5831,25,generator_specific,0,0,0,0.888
depthwise_separable_conv,cxx_default_on_emitted_cpp,cxx_add_to_sub,depthwise_separable_conv.halide_generated.cpp,5837,26,generator_specific,0,0,0,0.634
depthwise_separable_conv,cxx_default_on_emitted_cpp,cxx_add_to_sub,depthwise_separable_conv.halide_generated.cpp,5838,26,generator_specific,0,0,0,0.712
depthwise_separable_conv,cxx_default_on_emitted_cpp,cxx_add_to_sub,depthwise_separable_conv.halide_generated.cpp,5839,26,generator_specific,0,0,0,0.550
depthwise_separable_conv,cxx_default_on_emitted_cpp,cxx_add_to_sub,depthwise_separable_conv.halide_generated.cpp,5840,26,generator_specific,0,0,0,0.723
depthwise_separable_conv,cxx_default_on_emitted_cpp,cxx_add_to_sub,depthwise_separable_conv.halide_generated.cpp,5841,26,generator_specific,0,0,0,0.733
depthwise_separable_conv,cxx_default_on_emitted_cpp,cxx_add_to_sub,depthwise_separable_conv.halide_generated.cpp,5842,26,generator_specific,0,0,0,0.900
depthwise_separable_conv,cxx_default_on_emitted_cpp,cxx_add_to_sub,depthwise_separable_conv.halide_generated.cpp,5853,25,generator_specific,0,0,0,0.653
depthwise_separable_conv,cxx_default_on_emitted_cpp,cxx_add_to_sub,depthwise_separable_conv.halide_generated.cpp,5858,26,generator_specific,0,0,0,0.821
depthwise_separable_conv,cxx_default_on_emitted_cpp,cxx_add_to_sub,depthwise_separable_conv.halide_generated.cpp,5859,26,generator_specific,0,0,0,0.816
depthwise_separable_conv,cxx_default_on_emitted_cpp,cxx_add_to_sub,depthwise_separable_conv.halide_generated.cpp,5860,26,generator_specific,0,0,0,0.561
depthwise_separable_conv,cxx_default_on_emitted_cpp,cxx_add_to_sub,depthwise_separable_conv.halide_generated.cpp,5871,25,generator_specific,0,0,0,0.535
depthwise_separable_conv,cxx_default_on_emitted_cpp,cxx_add_to_sub,depthwise_separable_conv.halide_generated.cpp,5876,26,generator_specific,0,0,0,0.639
depthwise_separable_conv,cxx_default_on_emitted_cpp,cxx_add_to_sub,depthwise_separable_conv.halide_generated.cpp,5877,26,generator_specific,0,0,0,0.718
depthwise_separable_conv,cxx_default_on_emitted_cpp,cxx_add_to_sub,depthwise_separable_conv.halide_generated.cpp,5878,26,generator_specific,0,0,0,0.739
depthwise_separable_conv,cxx_default_on_emitted_cpp,cxx_add_to_sub,depthwise_separable_conv.halide_generated.cpp,5889,25,generator_specific,0,0,0,0.744
depthwise_separable_conv,cxx_default_on_emitted_cpp,cxx_add_to_sub,depthwise_separable_conv.halide_generated.cpp,5894,26,generator_specific,0,0,0,0.902
depthwise_separable_conv,cxx_default_on_emitted_cpp,cxx_add_to_sub,depthwise_separable_conv.halide_generated.cpp,5895,26,generator_specific,0,0,0,0.747
depthwise_separable_conv,cxx_default_on_emitted_cpp,cxx_add_to_sub,depthwise_separable_conv.halide_generated.cpp,5896,26,generator_specific,0,0,0,0.550
depthwise_separable_conv,cxx_default_on_emitted_cpp,cxx_add_to_sub,depthwise_separable_conv.halide_generated.cpp,5907,25,generator_specific,0,0,0,0.900
depthwise_separable_conv,cxx_default_on_emitted_cpp,cxx_add_to_sub,depthwise_separable_conv.halide_generated.cpp,5912,26,generator_specific,0,0,0,0.905
depthwise_separable_conv,cxx_default_on_emitted_cpp,cxx_add_to_sub,depthwise_separable_conv.halide_generated.cpp,5913,26,generator_specific,0,0,0,0.897
depthwise_separable_conv,cxx_default_on_emitted_cpp,cxx_add_to_sub,depthwise_separable_conv.halide_generated.cpp,5914,26,generator_specific,0,0,0,0.643
depthwise_separable_conv,cxx_default_on_emitted_cpp,cxx_add_to_sub,depthwise_separable_conv.halide_generated.cpp,5925,25,generator_specific,0,0,0,0.909
depthwise_separable_conv,cxx_default_on_emitted_cpp,cxx_add_to_sub,depthwise_separable_conv.halide_generated.cpp,5926,25,generator_specific,0,0,0,0.549
depthwise_separable_conv,cxx_default_on_emitted_cpp,cxx_add_to_sub,depthwise_separable_conv.halide_generated.cpp,5931,26,generator_specific,0,0,0,0.725
depthwise_separable_conv,cxx_default_on_emitted_cpp,cxx_add_to_sub,depthwise_separable_conv.halide_generated.cpp,5932,26,generator_specific,0,0,0,0.629
depthwise_separable_conv,cxx_default_on_emitted_cpp,cxx_add_to_sub,depthwise_separable_conv.halide_generated.cpp,5933,26,generator_specific,0,0,0,0.552
depthwise_separable_conv,cxx_default_on_emitted_cpp,cxx_add_to_sub,depthwise_separable_conv.halide_generated.cpp,5934,26,generator_specific,0,0,0,0.827
depthwise_separable_conv,cxx_default_on_emitted_cpp,cxx_add_to_sub,depthwise_separable_conv.halide_generated.cpp,5945,25,generator_specific,0,0,0,0.735
depthwise_separable_conv,cxx_default_on_emitted_cpp,cxx_add_to_sub,depthwise_separable_conv.halide_generated.cpp,5946,25,generator_specific,0,0,0,0.814
depthwise_separable_conv,cxx_default_on_emitted_cpp,cxx_add_to_sub,depthwise_separable_conv.halide_generated.cpp,5947,25,generator_specific,0,0,0,0.627
depthwise_separable_conv,cxx_default_on_emitted_cpp,cxx_add_to_sub,depthwise_separable_conv.halide_generated.cpp,5952,26,generator_specific,0,0,0,0.560
depthwise_separable_conv,cxx_default_on_emitted_cpp,cxx_add_to_sub,depthwise_separable_conv.halide_generated.cpp,5953,26,generator_specific,0,0,0,0.553
depthwise_separable_conv,cxx_default_on_emitted_cpp,cxx_add_to_sub,depthwise_separable_conv.halide_generated.cpp,5954,26,generator_specific,0,0,0,0.550
depthwise_separable_conv,cxx_default_on_emitted_cpp,cxx_add_to_sub,depthwise_separable_conv.halide_generated.cpp,5965,25,generator_specific,0,0,0,0.533
depthwise_separable_conv,cxx_default_on_emitted_cpp,cxx_add_to_sub,depthwise_separable_conv.halide_generated.cpp,5966,25,generator_specific,0,0,0,0.735
depthwise_separable_conv,cxx_default_on_emitted_cpp,cxx_add_to_sub,depthwise_separable_conv.halide_generated.cpp,5967,25,generator_specific,0,0,0,0.898
depthwise_separable_conv,cxx_default_on_emitted_cpp,cxx_add_to_sub,depthwise_separable_conv.halide_generated.cpp,5972,26,generator_specific,0,0,0,0.639
depthwise_separable_conv,cxx_default_on_emitted_cpp,cxx_add_to_sub,depthwise_separable_conv.halide_generated.cpp,5973,26,generator_specific,0,0,0,0.927
depthwise_separable_conv,cxx_default_on_emitted_cpp,cxx_add_to_sub,depthwise_separable_conv.halide_generated.cpp,5974,26,generator_specific,0,0,0,0.628
depthwise_separable_conv,cxx_default_on_emitted_cpp,cxx_add_to_sub,depthwise_separable_conv.halide_generated.cpp,5975,26,generator_specific,0,0,0,0.802
depthwise_separable_conv,cxx_default_on_emitted_cpp,cxx_add_to_sub,depthwise_separable_conv.halide_generated.cpp,5985,25,generator_specific,0,0,0,0.540
depthwise_separable_conv,cxx_default_on_emitted_cpp,cxx_add_to_sub,depthwise_separable_conv.halide_generated.cpp,5987,25,generator_specific,0,0,0,0.907
depthwise_separable_conv,cxx_default_on_emitted_cpp,cxx_add_to_sub,depthwise_separable_conv.halide_generated.cpp,5988,25,generator_specific,0,0,0,0.536
depthwise_separable_conv,cxx_default_on_emitted_cpp,cxx_add_to_sub,depthwise_separable_conv.halide_generated.cpp,5989,25,generator_specific,0,0,0,0.907
depthwise_separable_conv,cxx_default_on_emitted_cpp,cxx_add_to_sub,depthwise_separable_conv.halide_generated.cpp,5994,26,generator_specific,0,0,0,0.886
depthwise_separable_conv,cxx_default_on_emitted_cpp,cxx_add_to_sub,depthwise_separable_conv.halide_generated.cpp,5995,26,generator_specific,0,0,0,0.723
depthwise_separable_conv,cxx_default_on_emitted_cpp,cxx_add_to_sub,depthwise_separable_conv.halide_generated.cpp,5996,26,generator_specific,0,0,0,0.715
depthwise_separable_conv,cxx_default_on_emitted_cpp,cxx_add_to_sub,depthwise_separable_conv.halide_generated.cpp,5997,26,generator_specific,0,0,0,0.636
depthwise_separable_conv,cxx_default_on_emitted_cpp,cxx_add_to_sub,depthwise_separable_conv.halide_generated.cpp,6010,26,generator_specific,0,0,0,0.813
depthwise_separable_conv,cxx_default_on_emitted_cpp,cxx_add_to_sub,depthwise_separable_conv.halide_generated.cpp,6012,26,generator_specific,0,0,0,0.742
depthwise_separable_conv,cxx_default_on_emitted_cpp,cxx_add_to_sub,depthwise_separable_conv.halide_generated.cpp,6013,26,generator_specific,0,0,0,0.721
depthwise_separable_conv,cxx_default_on_emitted_cpp,cxx_add_to_sub,depthwise_separable_conv.halide_generated.cpp,6014,26,generator_specific,0,0,0,0.553
depthwise_separable_conv,cxx_default_on_emitted_cpp,cxx_add_to_sub,depthwise_separable_conv.halide_generated.cpp,6021,26,generator_specific,0,0,0,0.732
depthwise_separable_conv,cxx_default_on_emitted_cpp,cxx_add_to_sub,depthwise_separable_conv.halide_generated.cpp,6023,26,generator_specific,0,0,0,0.727
depthwise_separable_conv,cxx_default_on_emitted_cpp,cxx_add_to_sub,depthwise_separable_conv.halide_generated.cpp,6024,26,generator_specific,0,0,0,0.708
depthwise_separable_conv,cxx_default_on_emitted_cpp,cxx_add_to_sub,depthwise_separable_conv.halide_generated.cpp,6025,26,generator_specific,0,0,0,0.555
depthwise_separable_conv,cxx_default_on_emitted_cpp,cxx_add_to_sub,depthwise_separable_conv.halide_generated.cpp,6031,25,generator_specific,0,0,0,0.818
depthwise_separable_conv,cxx_default_on_emitted_cpp,cxx_add_to_sub,depthwise_separable_conv.halide_generated.cpp,6037,26,generator_specific,0,0,0,0.715
depthwise_separable_conv,cxx_default_on_emitted_cpp,cxx_add_to_sub,depthwise_separable_conv.halide_generated.cpp,6038,26,generator_specific,0,0,0,0.766
depthwise_separable_conv,cxx_default_on_emitted_cpp,cxx_add_to_sub,depthwise_separable_conv.halide_generated.cpp,6040,26,generator_specific,0,0,0,0.899
depthwise_separable_conv,cxx_default_on_emitted_cpp,cxx_add_to_sub,depthwise_separable_conv.halide_generated.cpp,6041,26,generator_specific,0,0,0,0.647
depthwise_separable_conv,cxx_default_on_emitted_cpp,cxx_add_to_sub,depthwise_separable_conv.halide_generated.cpp,6042,26,generator_specific,0,0,0,0.809
depthwise_separable_conv,cxx_default_on_emitted_cpp,cxx_add_to_sub,depthwise_separable_conv.halide_generated.cpp,6043,26,generator_specific,0,0,0,0.815
depthwise_separable_conv,cxx_default_on_emitted_cpp,cxx_add_to_sub,depthwise_separable_conv.halide_generated.cpp,6044,26,generator_specific,0,0,0,0.802
depthwise_separable_conv,cxx_default_on_emitted_cpp,cxx_add_to_sub,depthwise_separable_conv.halide_generated.cpp,6049,25,generator_specific,0,0,0,0.764
depthwise_separable_conv,cxx_default_on_emitted_cpp,cxx_add_to_sub,depthwise_separable_conv.halide_generated.cpp,6050,25,generator_specific,0,0,0,0.722
depthwise_separable_conv,cxx_default_on_emitted_cpp,cxx_add_to_sub,depthwise_separable_conv.halide_generated.cpp,6051,25,generator_specific,0,0,0,0.642
depthwise_separable_conv,cxx_default_on_emitted_cpp,cxx_add_to_sub,depthwise_separable_conv.halide_generated.cpp,6052,25,generator_specific,0,0,0,0.640
depthwise_separable_conv,cxx_default_on_emitted_cpp,cxx_add_to_sub,depthwise_separable_conv.halide_generated.cpp,6057,26,generator_specific,0,0,0,0.641
depthwise_separable_conv,cxx_default_on_emitted_cpp,cxx_add_to_sub,depthwise_separable_conv.halide_generated.cpp,6058,26,generator_specific,0,0,0,0.820
depthwise_separable_conv,cxx_default_on_emitted_cpp,cxx_add_to_sub,depthwise_separable_conv.halide_generated.cpp,6059,26,generator_specific,0,0,0,0.728
depthwise_separable_conv,cxx_default_on_emitted_cpp,cxx_add_to_sub,depthwise_separable_conv.halide_generated.cpp,6060,26,generator_specific,0,0,0,0.711
depthwise_separable_conv,cxx_default_on_emitted_cpp,cxx_add_to_sub,depthwise_separable_conv.halide_generated.cpp,6071,25,generator_specific,0,0,0,0.819
depthwise_separable_conv,cxx_default_on_emitted_cpp,cxx_add_to_sub,depthwise_separable_conv.halide_generated.cpp,6072,25,generator_specific,0,0,0,0.545
depthwise_separable_conv,cxx_default_on_emitted_cpp,cxx_add_to_sub,depthwise_separable_conv.halide_generated.cpp,6077,26,generator_specific,0,0,0,0.729
depthwise_separable_conv,cxx_default_on_emitted_cpp,cxx_add_to_sub,depthwise_separable_conv.halide_generated.cpp,6078,26,generator_specific,0,0,0,0.720
depthwise_separable_conv,cxx_default_on_emitted_cpp,cxx_add_to_sub,depthwise_separable_conv.halide_generated.cpp,6079,26,generator_specific,0,0,0,0.726
depthwise_separable_conv,cxx_default_on_emitted_cpp,cxx_add_to_sub,depthwise_separable_conv.halide_generated.cpp,6080,26,generator_specific,0,0,0,0.886
depthwise_separable_conv,cxx_default_on_emitted_cpp,cxx_add_to_sub,depthwise_separable_conv.halide_generated.cpp,6091,25,generator_specific,0,0,0,0.554
depthwise_separable_conv,cxx_default_on_emitted_cpp,cxx_add_to_sub,depthwise_separable_conv.halide_generated.cpp,6096,26,generator_specific,0,0,0,0.718
depthwise_separable_conv,cxx_default_on_emitted_cpp,cxx_add_to_sub,depthwise_separable_conv.halide_generated.cpp,6097,26,generator_specific,0,0,0,0.556
depthwise_separable_conv,cxx_default_on_emitted_cpp,cxx_add_to_sub,depthwise_separable_conv.halide_generated.cpp,6098,26,generator_specific,0,0,0,0.729
depthwise_separable_conv,cxx_default_on_emitted_cpp,cxx_add_to_sub,depthwise_separable_conv.halide_generated.cpp,6628,26,generator_specific,0,0,0,0.703
depthwise_separable_conv,cxx_default_on_emitted_cpp,cxx_add_to_sub,depthwise_separable_conv.halide_generated.cpp,6633,26,generator_specific,0,0,0,0.681
depthwise_separable_conv,cxx_default_on_emitted_cpp,cxx_add_to_sub,depthwise_separable_conv.halide_generated.cpp,6635,26,generator_specific,0,0,0,0.905
depthwise_separable_conv,cxx_default_on_emitted_cpp,cxx_add_to_sub,depthwise_separable_conv.halide_generated.cpp,6636,26,generator_specific,0,0,0,0.887
depthwise_separable_conv,cxx_default_on_emitted_cpp,cxx_add_to_sub,depthwise_separable_conv.halide_generated.cpp,6654,26,generator_specific,0,0,0,0.556
depthwise_separable_conv,cxx_default_on_emitted_cpp,cxx_add_to_sub,depthwise_separable_conv.halide_generated.cpp,6655,26,generator_specific,0,0,0,0.650
depthwise_separable_conv,cxx_default_on_emitted_cpp,cxx_add_to_sub,depthwise_separable_conv.halide_generated.cpp,6656,26,generator_specific,0,0,0,0.735
depthwise_separable_conv,cxx_default_on_emitted_cpp,cxx_add_to_sub,depthwise_separable_conv.halide_generated.cpp,6657,26,generator_specific,0,0,0,0.717
depthwise_separable_conv,cxx_default_on_emitted_cpp,cxx_add_to_sub,depthwise_separable_conv.halide_generated.cpp,6660,26,generator_specific,0,0,0,0.537
depthwise_separable_conv,cxx_default_on_emitted_cpp,cxx_add_to_sub,depthwise_separable_conv.halide_generated.cpp,6661,26,generator_specific,0,0,0,0.724
depthwise_separable_conv,cxx_default_on_emitted_cpp,cxx_add_to_sub,depthwise_separable_conv.halide_generated.cpp,6662,26,generator_specific,0,0,0,0.744
depthwise_separable_conv,cxx_default_on_emitted_cpp,cxx_add_to_sub,depthwise_separable_conv.halide_generated.cpp,6663,26,generator_specific,0,0,0,0.810
depthwise_separable_conv,cxx_default_on_emitted_cpp,cxx_add_to_sub,depthwise_separable_conv.halide_generated.cpp,6664,26,generator_specific,0,0,0,0.654
depthwise_separable_conv,cxx_default_on_emitted_cpp,cxx_add_to_sub,depthwise_separable_conv.halide_generated.cpp,6757,26,generator_specific,0,0,0,0.824
depthwise_separable_conv,cxx_default_on_emitted_cpp,cxx_add_to_sub,depthwise_separable_conv.halide_generated.cpp,6763,26,generator_specific,0,0,0,0.547
depthwise_separable_conv,cxx_default_on_emitted_cpp,cxx_add_to_sub,depthwise_separable_conv.halide_generated.cpp,6776,26,generator_specific,0,0,0,0.822
depthwise_separable_conv,cxx_default_on_emitted_cpp,cxx_add_to_sub,depthwise_separable_conv.halide_generated.cpp,6779,26,generator_specific,0,0,0,0.627
depthwise_separable_conv,cxx_default_on_emitted_cpp,cxx_add_to_sub,depthwise_separable_conv.halide_generated.cpp,6785,26,generator_specific,0,0,0,0.827
depthwise_separable_conv,cxx_default_on_emitted_cpp,cxx_add_to_sub,depthwise_separable_conv.halide_generated.cpp,6790,26,generator_specific,0,0,0,0.796
depthwise_separable_conv,cxx_default_on_emitted_cpp,cxx_add_to_sub,depthwise_separable_conv.halide_generated.cpp,6792,26,generator_specific,0,0,0,0.849
depthwise_separable_conv,cxx_default_on_emitted_cpp,cxx_add_to_sub,depthwise_separable_conv.halide_generated.cpp,6793,26,generator_specific,0,0,0,0.911
depthwise_separable_conv,cxx_default_on_emitted_cpp,cxx_add_to_sub,depthwise_separable_conv.halide_generated.cpp,6795,26,generator_specific,0,0,0,0.561
depthwise_separable_conv,cxx_default_on_emitted_cpp,cxx_add_to_sub,depthwise_separable_conv.halide_generated.cpp,6798,26,generator_specific,0,0,0,0.741
depthwise_separable_conv,cxx_default_on_emitted_cpp,cxx_add_to_sub,depthwise_separable_conv.halide_generated.cpp,6817,26,generator_specific,0,0,0,0.800
depthwise_separable_conv,cxx_default_on_emitted_cpp,cxx_add_to_sub,depthwise_separable_conv.halide_generated.cpp,6823,26,generator_specific,0,0,0,0.743
depthwise_separable_conv,cxx_default_on_emitted_cpp,cxx_add_to_sub,depthwise_separable_conv.halide_generated.cpp,6824,26,generator_specific,0,0,0,0.700
depthwise_separable_conv,cxx_default_on_emitted_cpp,cxx_add_to_sub,depthwise_separable_conv.halide_generated.cpp,6825,26,generator_specific,0,0,0,0.809
depthwise_separable_conv,cxx_default_on_emitted_cpp,cxx_add_to_sub,depthwise_separable_conv.halide_generated.cpp,6826,26,generator_specific,0,0,0,0.551
depthwise_separable_conv,cxx_default_on_emitted_cpp,cxx_add_to_sub,depthwise_separable_conv.halide_generated.cpp,6827,26,generator_specific,0,0,0,0.733
depthwise_separable_conv,cxx_default_on_emitted_cpp,cxx_add_to_sub,depthwise_separable_conv.halide_generated.cpp,6828,26,generator_specific,0,0,0,0.914
depthwise_separable_conv,cxx_default_on_emitted_cpp,cxx_add_to_sub,depthwise_separable_conv.halide_generated.cpp,6829,26,generator_specific,0,0,0,0.733
depthwise_separable_conv,cxx_default_on_emitted_cpp,cxx_add_to_sub,depthwise_separable_conv.halide_generated.cpp,6830,26,generator_specific,0,0,0,0.730
depthwise_separable_conv,cxx_default_on_emitted_cpp,cxx_div_to_mul,depthwise_separable_conv.halide_generated.cpp,3669,20,generator_specific,-11,1,1,0.026
depthwise_separable_conv,cxx_default_on_emitted_cpp,cxx_div_to_mul,depthwise_separable_conv.halide_generated.cpp,4263,22,generator_specific,0,0,0,0.722
depthwise_separable_conv,cxx_default_on_emitted_cpp,cxx_div_to_mul,depthwise_separable_conv.halide_generated.cpp,4280,22,generator_specific,0,0,0,0.716
depthwise_separable_conv,cxx_default_on_emitted_cpp,cxx_div_to_mul,depthwise_separable_conv.halide_generated.cpp,4295,22,generator_specific,0,0,0,0.731
depthwise_separable_conv,cxx_default_on_emitted_cpp,cxx_div_to_mul,depthwise_separable_conv.halide_generated.cpp,4373,26,generator_specific,0,0,0,0.886
depthwise_separable_conv,cxx_default_on_emitted_cpp,cxx_div_to_mul,depthwise_separable_conv.halide_generated.cpp,4384,26,generator_specific,0,0,0,0.901
depthwise_separable_conv,cxx_default_on_emitted_cpp,cxx_div_to_mul,depthwise_separable_conv.halide_generated.cpp,4392,26,generator_specific,0,0,0,0.803
depthwise_separable_conv,cxx_default_on_emitted_cpp,cxx_div_to_mul,depthwise_separable_conv.halide_generated.cpp,4406,26,generator_specific,0,0,0,0.722
depthwise_separable_conv,cxx_default_on_emitted_cpp,cxx_div_to_mul,depthwise_separable_conv.halide_generated.cpp,4622,34,generator_specific,0,0,0,0.819
depthwise_separable_conv,cxx_default_on_emitted_cpp,cxx_div_to_mul,depthwise_separable_conv.halide_generated.cpp,4652,34,generator_specific,0,0,0,0.901
depthwise_separable_conv,cxx_default_on_emitted_cpp,cxx_div_to_mul,depthwise_separable_conv.halide_generated.cpp,4682,34,generator_specific,0,0,0,0.711
depthwise_separable_conv,cxx_default_on_emitted_cpp,cxx_div_to_mul,depthwise_separable_conv.halide_generated.cpp,4712,34,generator_specific,0,0,0,0.810
depthwise_separable_conv,cxx_default_on_emitted_cpp,cxx_div_to_mul,depthwise_separable_conv.halide_generated.cpp,4742,34,generator_specific,0,0,0,0.804
depthwise_separable_conv,cxx_default_on_emitted_cpp,cxx_div_to_mul,depthwise_separable_conv.halide_generated.cpp,4772,34,generator_specific,0,0,0,0.869
depthwise_separable_conv,cxx_default_on_emitted_cpp,cxx_div_to_mul,depthwise_separable_conv.halide_generated.cpp,5068,36,generator_specific,0,0,0,0.619
depthwise_separable_conv,cxx_default_on_emitted_cpp,cxx_div_to_mul,depthwise_separable_conv.halide_generated.cpp,5098,36,generator_specific,0,0,0,0.736
depthwise_separable_conv,cxx_default_on_emitted_cpp,cxx_div_to_mul,depthwise_separable_conv.halide_generated.cpp,5128,36,generator_specific,0,0,0,0.638
depthwise_separable_conv,cxx_default_on_emitted_cpp,cxx_div_to_mul,depthwise_separable_conv.halide_generated.cpp,5158,36,generator_specific,0,0,0,0.727
depthwise_separable_conv,cxx_default_on_emitted_cpp,cxx_div_to_mul,depthwise_separable_conv.halide_generated.cpp,5188,36,generator_specific,0,0,0,0.720
depthwise_separable_conv,cxx_default_on_emitted_cpp,cxx_div_to_mul,depthwise_separable_conv.halide_generated.cpp,5218,36,generator_specific,0,0,0,0.806
depthwise_separable_conv,cxx_default_on_emitted_cpp,cxx_div_to_mul,depthwise_separable_conv.halide_generated.cpp,5500,24,generator_specific,0,0,0,0.644
depthwise_separable_conv,cxx_default_on_emitted_cpp,cxx_div_to_mul,depthwise_separable_conv.halide_generated.cpp,5511,24,generator_specific,0,0,0,0.719
depthwise_separable_conv,cxx_default_on_emitted_cpp,cxx_div_to_mul,depthwise_separable_conv.halide_generated.cpp,5521,24,generator_specific,0,0,0,0.722
depthwise_separable_conv,cxx_default_on_emitted_cpp,cxx_div_to_mul,depthwise_separable_conv.halide_generated.cpp,5610,24,generator_specific,-6,1,1,0.028
depthwise_separable_conv,cxx_default_on_emitted_cpp,cxx_div_to_mul,depthwise_separable_conv.halide_generated.cpp,6634,26,generator_specific,0,0,0,4.581
depthwise_separable_conv,cxx_default_on_emitted_cpp,cxx_div_to_mul,depthwise_separable_conv.halide_generated.cpp,6772,26,generator_specific,0,0,0,0.642
depthwise_separable_conv,cxx_default_on_emitted_cpp,cxx_div_to_mul,depthwise_separable_conv.halide_generated.cpp,6783,26,generator_specific,0,0,0,0.734
depthwise_separable_conv,cxx_default_on_emitted_cpp,cxx_div_to_mul,depthwise_separable_conv.halide_generated.cpp,6791,26,generator_specific,0,0,0,0.902
depthwise_separable_conv,cxx_default_on_emitted_cpp,cxx_eq_to_ne,depthwise_separable_conv.halide_generated.cpp,2503,22,boilerplate,-6,1,1,0.109
depthwise_separable_conv,cxx_default_on_emitted_cpp,cxx_eq_to_ne,depthwise_separable_conv.halide_generated.cpp,2503,48,boilerplate,0,0,0,0.891
depthwise_separable_conv,cxx_default_on_emitted_cpp,cxx_eq_to_ne,depthwise_separable_conv.halide_generated.cpp,3650,17,generator_specific,0,0,0,0.814
depthwise_separable_conv,cxx_default_on_emitted_cpp,cxx_eq_to_ne,depthwise_separable_conv.halide_generated.cpp,4240,19,generator_specific,0,0,0,0.800
depthwise_separable_conv,cxx_default_on_emitted_cpp,cxx_eq_to_ne,depthwise_separable_conv.halide_generated.cpp,4274,19,generator_specific,0,0,0,0.897
depthwise_separable_conv,cxx_default_on_emitted_cpp,cxx_eq_to_ne,depthwise_separable_conv.halide_generated.cpp,4367,23,generator_specific,0,0,0,0.897
depthwise_separable_conv,cxx_default_on_emitted_cpp,cxx_eq_to_ne,depthwise_separable_conv.halide_generated.cpp,4427,39,generator_specific,0,0,0,0.815
depthwise_separable_conv,cxx_default_on_emitted_cpp,cxx_eq_to_ne,depthwise_separable_conv.halide_generated.cpp,4615,28,generator_specific,0,0,0,0.553
depthwise_separable_conv,cxx_default_on_emitted_cpp,cxx_eq_to_ne,depthwise_separable_conv.halide_generated.cpp,4645,28,generator_specific,0,0,0,0.539
depthwise_separable_conv,cxx_default_on_emitted_cpp,cxx_eq_to_ne,depthwise_separable_conv.halide_generated.cpp,4675,28,generator_specific,0,0,0,0.725
depthwise_separable_conv,cxx_default_on_emitted_cpp,cxx_eq_to_ne,depthwise_separable_conv.halide_generated.cpp,4705,28,generator_specific,0,0,0,0.893
depthwise_separable_conv,cxx_default_on_emitted_cpp,cxx_eq_to_ne,depthwise_separable_conv.halide_generated.cpp,4735,28,generator_specific,0,0,0,0.891
depthwise_separable_conv,cxx_default_on_emitted_cpp,cxx_eq_to_ne,depthwise_separable_conv.halide_generated.cpp,4765,28,generator_specific,0,0,0,0.892
depthwise_separable_conv,cxx_default_on_emitted_cpp,cxx_eq_to_ne,depthwise_separable_conv.halide_generated.cpp,4880,39,generator_specific,0,0,0,0.719
depthwise_separable_conv,cxx_default_on_emitted_cpp,cxx_eq_to_ne,depthwise_separable_conv.halide_generated.cpp,5061,29,generator_specific,0,0,0,0.535
depthwise_separable_conv,cxx_default_on_emitted_cpp,cxx_eq_to_ne,depthwise_separable_conv.halide_generated.cpp,5091,29,generator_specific,0,0,0,0.640
depthwise_separable_conv,cxx_default_on_emitted_cpp,cxx_eq_to_ne,depthwise_separable_conv.halide_generated.cpp,5121,29,generator_specific,0,0,0,0.897
depthwise_separable_conv,cxx_default_on_emitted_cpp,cxx_eq_to_ne,depthwise_separable_conv.halide_generated.cpp,5151,29,generator_specific,0,0,0,0.566
depthwise_separable_conv,cxx_default_on_emitted_cpp,cxx_eq_to_ne,depthwise_separable_conv.halide_generated.cpp,5181,29,generator_specific,0,0,0,0.893
depthwise_separable_conv,cxx_default_on_emitted_cpp,cxx_eq_to_ne,depthwise_separable_conv.halide_generated.cpp,5211,29,generator_specific,0,0,0,0.557
depthwise_separable_conv,cxx_default_on_emitted_cpp,cxx_eq_to_ne,depthwise_separable_conv.halide_generated.cpp,5470,21,generator_specific,-6,1,1,0.027
depthwise_separable_conv,cxx_default_on_emitted_cpp,cxx_eq_to_ne,depthwise_separable_conv.halide_generated.cpp,5472,21,generator_specific,-6,1,1,0.026
depthwise_separable_conv,cxx_default_on_emitted_cpp,cxx_eq_to_ne,depthwise_separable_conv.halide_generated.cpp,5474,21,generator_specific,-6,1,1,0.027
depthwise_separable_conv,cxx_default_on_emitted_cpp,cxx_eq_to_ne,depthwise_separable_conv.halide_generated.cpp,5476,21,generator_specific,-6,1,1,0.027
depthwise_separable_conv,cxx_default_on_emitted_cpp,cxx_eq_to_ne,depthwise_separable_conv.halide_generated.cpp,5494,21,generator_specific,0,0,0,0.918
depthwise_separable_conv,cxx_default_on_emitted_cpp,cxx_eq_to_ne,depthwise_separable_conv.halide_generated.cpp,5603,21,generator_specific,0,0,0,0.725
depthwise_separable_conv,cxx_default_on_emitted_cpp,cxx_eq_to_ne,depthwise_separable_conv.halide_generated.cpp,5757,22,generator_specific,-6,1,1,0.027
depthwise_separable_conv,cxx_default_on_emitted_cpp,cxx_eq_to_ne,depthwise_separable_conv.halide_generated.cpp,5764,22,generator_specific,-6,1,1,0.025
depthwise_separable_conv,cxx_default_on_emitted_cpp,cxx_eq_to_ne,depthwise_separable_conv.halide_generated.cpp,5771,22,generator_specific,-6,1,1,0.025
depthwise_separable_conv,cxx_default_on_emitted_cpp,cxx_eq_to_ne,depthwise_separable_conv.halide_generated.cpp,5778,22,generator_specific,-6,1,1,0.026
depthwise_separable_conv,cxx_default_on_emitted_cpp,cxx_eq_to_ne,depthwise_separable_conv.halide_generated.cpp,5785,22,generator_specific,-6,1,1,0.026
depthwise_separable_conv,cxx_default_on_emitted_cpp,cxx_eq_to_ne,depthwise_separable_conv.halide_generated.cpp,5792,22,generator_specific,-6,1,1,0.026
depthwise_separable_conv,cxx_default_on_emitted_cpp,cxx_eq_to_ne,depthwise_separable_conv.halide_generated.cpp,5799,22,generator_specific,-6,1,1,0.026
depthwise_separable_conv,cxx_default_on_emitted_cpp,cxx_eq_to_ne,depthwise_separable_conv.halide_generated.cpp,5806,22,generator_specific,-6,1,1,0.026
depthwise_separable_conv,cxx_default_on_emitted_cpp,cxx_eq_to_ne,depthwise_separable_conv.halide_generated.cpp,5813,22,generator_specific,-6,1,1,0.026
depthwise_separable_conv,cxx_default_on_emitted_cpp,cxx_eq_to_ne,depthwise_separable_conv.halide_generated.cpp,5820,22,generator_specific,-6,1,1,0.027
depthwise_separable_conv,cxx_default_on_emitted_cpp,cxx_eq_to_ne,depthwise_separable_conv.halide_generated.cpp,6108,22,generator_specific,-6,1,1,0.026
depthwise_separable_conv,cxx_default_on_emitted_cpp,cxx_eq_to_ne,depthwise_separable_conv.halide_generated.cpp,6114,22,generator_specific,-6,1,1,0.025
depthwise_separable_conv,cxx_default_on_emitted_cpp,cxx_eq_to_ne,depthwise_separable_conv.halide_generated.cpp,6120,22,generator_specific,-6,1,1,0.026
depthwise_separable_conv,cxx_default_on_emitted_cpp,cxx_eq_to_ne,depthwise_separable_conv.halide_generated.cpp,6126,22,generator_specific,-6,1,1,0.025
depthwise_separable_conv,cxx_default_on_emitted_cpp,cxx_eq_to_ne,depthwise_separable_conv.halide_generated.cpp,6132,22,generator_specific,-6,1,1,0.025
depthwise_separable_conv,cxx_default_on_emitted_cpp,cxx_eq_to_ne,depthwise_separable_conv.halide_generated.cpp,6138,22,generator_specific,-6,1,1,0.025
depthwise_separable_conv,cxx_default_on_emitted_cpp,cxx_eq_to_ne,depthwise_separable_conv.halide_generated.cpp,6618,22,generator_specific,0,0,0,3.465
depthwise_separable_conv,cxx_default_on_emitted_cpp,cxx_eq_to_ne,depthwise_separable_conv.halide_generated.cpp,6620,22,generator_specific,0,0,0,3.469
depthwise_separable_conv,cxx_default_on_emitted_cpp,cxx_eq_to_ne,depthwise_separable_conv.halide_generated.cpp,6622,22,generator_specific,0,0,0,3.452
depthwise_separable_conv,cxx_default_on_emitted_cpp,cxx_eq_to_ne,depthwise_separable_conv.halide_generated.cpp,6624,22,generator_specific,0,0,0,3.468
depthwise_separable_conv,cxx_default_on_emitted_cpp,cxx_eq_to_ne,depthwise_separable_conv.halide_generated.cpp,6739,23,generator_specific,0,0,0,0.787
depthwise_separable_conv,cxx_default_on_emitted_cpp,cxx_eq_to_ne,depthwise_separable_conv.halide_generated.cpp,6766,23,generator_specific,0,0,0,0.721
depthwise_separable_conv,cxx_default_on_emitted_cpp,cxx_eq_to_ne,depthwise_separable_conv.halide_generated.cpp,6947,23,generator_specific,0,0,0,0.712
depthwise_separable_conv,cxx_default_on_emitted_cpp,cxx_gt_to_ge,depthwise_separable_conv.halide_generated.cpp,252,15,boilerplate,0,0,0,0.939
depthwise_separable_conv,cxx_default_on_emitted_cpp,cxx_gt_to_ge,depthwise_separable_conv.halide_generated.cpp,3358,25,boilerplate,0,0,0,0.765
depthwise_separable_conv,cxx_default_on_emitted_cpp,cxx_gt_to_ge,depthwise_separable_conv.halide_generated.cpp,4418,28,generator_specific,0,0,0,0.747
depthwise_separable_conv,cxx_default_on_emitted_cpp,cxx_gt_to_ge,depthwise_separable_conv.halide_generated.cpp,4419,28,generator_specific,0,0,0,0.760
depthwise_separable_conv,cxx_default_on_emitted_cpp,cxx_gt_to_ge,depthwise_separable_conv.halide_generated.cpp,4420,17,generator_specific,0,0,0,0.559
depthwise_separable_conv,cxx_default_on_emitted_cpp,cxx_gt_to_ge,depthwise_separable_conv.halide_generated.cpp,4420,73,generator_specific,0,0,0,0.935
depthwise_separable_conv,cxx_default_on_emitted_cpp,cxx_gt_to_ge,depthwise_separable_conv.halide_generated.cpp,4871,28,generator_specific,0,0,0,0.751
depthwise_separable_conv,cxx_default_on_emitted_cpp,cxx_gt_to_ge,depthwise_separable_conv.halide_generated.cpp,4872,28,generator_specific,0,0,0,0.846
depthwise_separable_conv,cxx_default_on_emitted_cpp,cxx_gt_to_ge,depthwise_separable_conv.halide_generated.cpp,4873,17,generator_specific,0,0,0,0.851
depthwise_separable_conv,cxx_default_on_emitted_cpp,cxx_gt_to_ge,depthwise_separable_conv.halide_generated.cpp,4873,73,generator_specific,0,0,0,0.579
depthwise_separable_conv,cxx_default_on_emitted_cpp,cxx_gt_to_ge,depthwise_separable_conv.halide_generated.cpp,6190,22,generator_specific,0,0,0,0.661
depthwise_separable_conv,cxx_default_on_emitted_cpp,cxx_gt_to_ge,depthwise_separable_conv.halide_generated.cpp,6200,23,generator_specific,0,0,0,0.741
depthwise_separable_conv,cxx_default_on_emitted_cpp,cxx_gt_to_ge,depthwise_separable_conv.halide_generated.cpp,6221,22,generator_specific,0,0,0,0.826
depthwise_separable_conv,cxx_default_on_emitted_cpp,cxx_gt_to_ge,depthwise_separable_conv.halide_generated.cpp,6234,23,generator_specific,0,0,0,0.766
depthwise_separable_conv,cxx_default_on_emitted_cpp,cxx_gt_to_ge,depthwise_separable_conv.halide_generated.cpp,6255,22,generator_specific,0,0,0,0.752
depthwise_separable_conv,cxx_default_on_emitted_cpp,cxx_gt_to_ge,depthwise_separable_conv.halide_generated.cpp,6268,23,generator_specific,0,0,0,0.579
depthwise_separable_conv,cxx_default_on_emitted_cpp,cxx_gt_to_ge,depthwise_separable_conv.halide_generated.cpp,6299,22,generator_specific,0,0,0,0.574
depthwise_separable_conv,cxx_default_on_emitted_cpp,cxx_gt_to_ge,depthwise_separable_conv.halide_generated.cpp,6312,23,generator_specific,0,0,0,0.860
depthwise_separable_conv,cxx_default_on_emitted_cpp,cxx_gt_to_ge,depthwise_separable_conv.halide_generated.cpp,6333,22,generator_specific,0,0,0,0.529
depthwise_separable_conv,cxx_default_on_emitted_cpp,cxx_gt_to_ge,depthwise_separable_conv.halide_generated.cpp,6346,23,generator_specific,0,0,0,0.925
depthwise_separable_conv,cxx_default_on_emitted_cpp,cxx_gt_to_ge,depthwise_separable_conv.halide_generated.cpp,6367,22,generator_specific,0,0,0,0.676
depthwise_separable_conv,cxx_default_on_emitted_cpp,cxx_gt_to_ge,depthwise_separable_conv.halide_generated.cpp,6380,23,generator_specific,0,0,0,0.847
depthwise_separable_conv,cxx_default_on_emitted_cpp,cxx_gt_to_ge,depthwise_separable_conv.halide_generated.cpp,6411,22,generator_specific,0,0,0,0.864
depthwise_separable_conv,cxx_default_on_emitted_cpp,cxx_gt_to_ge,depthwise_separable_conv.halide_generated.cpp,6424,23,generator_specific,0,0,0,0.758
depthwise_separable_conv,cxx_default_on_emitted_cpp,cxx_gt_to_ge,depthwise_separable_conv.halide_generated.cpp,6445,22,generator_specific,0,0,0,0.756
depthwise_separable_conv,cxx_default_on_emitted_cpp,cxx_gt_to_ge,depthwise_separable_conv.halide_generated.cpp,6458,23,generator_specific,0,0,0,0.648
depthwise_separable_conv,cxx_default_on_emitted_cpp,cxx_gt_to_ge,depthwise_separable_conv.halide_generated.cpp,6479,22,generator_specific,0,0,0,0.754
depthwise_separable_conv,cxx_default_on_emitted_cpp,cxx_gt_to_ge,depthwise_separable_conv.halide_generated.cpp,6492,23,generator_specific,0,0,0,0.666
depthwise_separable_conv,cxx_default_on_emitted_cpp,cxx_gt_to_ge,depthwise_separable_conv.halide_generated.cpp,6523,22,generator_specific,0,0,0,0.661
depthwise_separable_conv,cxx_default_on_emitted_cpp,cxx_gt_to_ge,depthwise_separable_conv.halide_generated.cpp,6536,23,generator_specific,0,0,0,0.666
depthwise_separable_conv,cxx_default_on_emitted_cpp,cxx_gt_to_le,depthwise_separable_conv.halide_generated.cpp,252,15,boilerplate,-6,1,1,0.027
depthwise_separable_conv,cxx_default_on_emitted_cpp,cxx_gt_to_le,depthwise_separable_conv.halide_generated.cpp,3358,25,boilerplate,0,0,0,0.919
depthwise_separable_conv,cxx_default_on_emitted_cpp,cxx_gt_to_le,depthwise_separable_conv.halide_generated.cpp,4418,28,generator_specific,0,0,0,0.917
depthwise_separable_conv,cxx_default_on_emitted_cpp,cxx_gt_to_le,depthwise_separable_conv.halide_generated.cpp,4419,28,generator_specific,0,0,0,0.909
depthwise_separable_conv,cxx_default_on_emitted_cpp,cxx_gt_to_le,depthwise_separable_conv.halide_generated.cpp,4420,17,generator_specific,0,0,0,0.906
depthwise_separable_conv,cxx_default_on_emitted_cpp,cxx_gt_to_le,depthwise_separable_conv.halide_generated.cpp,4420,73,generator_specific,0,0,0,0.916
depthwise_separable_conv,cxx_default_on_emitted_cpp,cxx_gt_to_le,depthwise_separable_conv.halide_generated.cpp,4871,28,generator_specific,0,0,0,0.923
depthwise_separable_conv,cxx_default_on_emitted_cpp,cxx_gt_to_le,depthwise_separable_conv.halide_generated.cpp,4872,28,generator_specific,0,0,0,0.899
depthwise_separable_conv,cxx_default_on_emitted_cpp,cxx_gt_to_le,depthwise_separable_conv.halide_generated.cpp,4873,17,generator_specific,0,0,0,0.910
depthwise_separable_conv,cxx_default_on_emitted_cpp,cxx_gt_to_le,depthwise_separable_conv.halide_generated.cpp,4873,73,generator_specific,0,0,0,0.899
depthwise_separable_conv,cxx_default_on_emitted_cpp,cxx_gt_to_le,depthwise_separable_conv.halide_generated.cpp,6190,22,generator_specific,-6,1,1,0.026
depthwise_separable_conv,cxx_default_on_emitted_cpp,cxx_gt_to_le,depthwise_separable_conv.halide_generated.cpp,6200,23,generator_specific,0,0,0,0.901
depthwise_separable_conv,cxx_default_on_emitted_cpp,cxx_gt_to_le,depthwise_separable_conv.halide_generated.cpp,6221,22,generator_specific,-6,1,1,0.026
depthwise_separable_conv,cxx_default_on_emitted_cpp,cxx_gt_to_le,depthwise_separable_conv.halide_generated.cpp,6234,23,generator_specific,0,0,0,0.909
depthwise_separable_conv,cxx_default_on_emitted_cpp,cxx_gt_to_le,depthwise_separable_conv.halide_generated.cpp,6255,22,generator_specific,-6,1,1,0.025
depthwise_separable_conv,cxx_default_on_emitted_cpp,cxx_gt_to_le,depthwise_separable_conv.halide_generated.cpp,6268,23,generator_specific,0,0,0,0.901
depthwise_separable_conv,cxx_default_on_emitted_cpp,cxx_gt_to_le,depthwise_separable_conv.halide_generated.cpp,6299,22,generator_specific,-6,1,1,0.026
depthwise_separable_conv,cxx_default_on_emitted_cpp,cxx_gt_to_le,depthwise_separable_conv.halide_generated.cpp,6312,23,generator_specific,0,0,0,0.907
depthwise_separable_conv,cxx_default_on_emitted_cpp,cxx_gt_to_le,depthwise_separable_conv.halide_generated.cpp,6333,22,generator_specific,-6,1,1,0.026
depthwise_separable_conv,cxx_default_on_emitted_cpp,cxx_gt_to_le,depthwise_separable_conv.halide_generated.cpp,6346,23,generator_specific,0,0,0,0.893
depthwise_separable_conv,cxx_default_on_emitted_cpp,cxx_gt_to_le,depthwise_separable_conv.halide_generated.cpp,6367,22,generator_specific,-6,1,1,0.026
depthwise_separable_conv,cxx_default_on_emitted_cpp,cxx_gt_to_le,depthwise_separable_conv.halide_generated.cpp,6380,23,generator_specific,0,0,0,0.909
depthwise_separable_conv,cxx_default_on_emitted_cpp,cxx_gt_to_le,depthwise_separable_conv.halide_generated.cpp,6411,22,generator_specific,-6,1,1,0.026
depthwise_separable_conv,cxx_default_on_emitted_cpp,cxx_gt_to_le,depthwise_separable_conv.halide_generated.cpp,6424,23,generator_specific,0,0,0,0.901
depthwise_separable_conv,cxx_default_on_emitted_cpp,cxx_gt_to_le,depthwise_separable_conv.halide_generated.cpp,6445,22,generator_specific,-6,1,1,0.026
depthwise_separable_conv,cxx_default_on_emitted_cpp,cxx_gt_to_le,depthwise_separable_conv.halide_generated.cpp,6458,23,generator_specific,0,0,0,0.894
depthwise_separable_conv,cxx_default_on_emitted_cpp,cxx_gt_to_le,depthwise_separable_conv.halide_generated.cpp,6479,22,generator_specific,-6,1,1,0.026
depthwise_separable_conv,cxx_default_on_emitted_cpp,cxx_gt_to_le,depthwise_separable_conv.halide_generated.cpp,6492,23,generator_specific,0,0,0,0.904
depthwise_separable_conv,cxx_default_on_emitted_cpp,cxx_gt_to_le,depthwise_separable_conv.halide_generated.cpp,6523,22,generator_specific,-6,1,1,0.025
depthwise_separable_conv,cxx_default_on_emitted_cpp,cxx_gt_to_le,depthwise_separable_conv.halide_generated.cpp,6536,23,generator_specific,0,0,0,0.895
depthwise_separable_conv,cxx_default_on_emitted_cpp,cxx_le_to_gt,depthwise_separable_conv.halide_generated.cpp,3740,23,generator_specific,0,0,0,0.621
depthwise_separable_conv,cxx_default_on_emitted_cpp,cxx_le_to_gt,depthwise_separable_conv.halide_generated.cpp,3764,24,generator_specific,0,0,0,0.731
depthwise_separable_conv,cxx_default_on_emitted_cpp,cxx_le_to_gt,depthwise_separable_conv.halide_generated.cpp,3785,24,generator_specific,0,0,0,0.643
depthwise_separable_conv,cxx_default_on_emitted_cpp,cxx_le_to_gt,depthwise_separable_conv.halide_generated.cpp,3806,25,generator_specific,0,0,0,0.804
depthwise_separable_conv,cxx_default_on_emitted_cpp,cxx_le_to_gt,depthwise_separable_conv.halide_generated.cpp,3828,25,generator_specific,0,0,0,0.628
depthwise_separable_conv,cxx_default_on_emitted_cpp,cxx_le_to_gt,depthwise_separable_conv.halide_generated.cpp,4447,23,generator_specific,0,0,0,0.622
depthwise_separable_conv,cxx_default_on_emitted_cpp,cxx_le_to_gt,depthwise_separable_conv.halide_generated.cpp,4478,24,generator_specific,0,0,0,0.872
depthwise_separable_conv,cxx_default_on_emitted_cpp,cxx_le_to_gt,depthwise_separable_conv.halide_generated.cpp,4500,25,generator_specific,0,0,0,0.520
depthwise_separable_conv,cxx_default_on_emitted_cpp,cxx_le_to_gt,depthwise_separable_conv.halide_generated.cpp,4520,25,generator_specific,0,0,0,0.834
depthwise_separable_conv,cxx_default_on_emitted_cpp,cxx_le_to_gt,depthwise_separable_conv.halide_generated.cpp,4540,25,generator_specific,0,0,0,0.855
depthwise_separable_conv,cxx_default_on_emitted_cpp,cxx_le_to_gt,depthwise_separable_conv.halide_generated.cpp,4897,23,generator_specific,0,0,0,0.618
depthwise_separable_conv,cxx_default_on_emitted_cpp,cxx_le_to_gt,depthwise_separable_conv.halide_generated.cpp,4928,25,generator_specific,0,0,0,0.762
depthwise_separable_conv,cxx_default_on_emitted_cpp,cxx_le_to_gt,depthwise_separable_conv.halide_generated.cpp,4950,26,generator_specific,0,0,0,0.685
depthwise_separable_conv,cxx_default_on_emitted_cpp,cxx_le_to_gt,depthwise_separable_conv.halide_generated.cpp,4970,26,generator_specific,0,0,0,0.682
depthwise_separable_conv,cxx_default_on_emitted_cpp,cxx_le_to_gt,depthwise_separable_conv.halide_generated.cpp,4990,26,generator_specific,0,0,0,0.527
depthwise_separable_conv,cxx_default_on_emitted_cpp,cxx_le_to_gt,depthwise_separable_conv.halide_generated.cpp,5829,22,generator_specific,0,0,0,0.608
depthwise_separable_conv,cxx_default_on_emitted_cpp,cxx_le_to_gt,depthwise_separable_conv.halide_generated.cpp,5832,22,generator_specific,0,0,0,0.565
depthwise_separable_conv,cxx_default_on_emitted_cpp,cxx_le_to_gt,depthwise_separable_conv.halide_generated.cpp,5846,18,generator_specific,-6,1,1,0.027
depthwise_separable_conv,cxx_default_on_emitted_cpp,cxx_le_to_gt,depthwise_separable_conv.halide_generated.cpp,5852,22,generator_specific,0,0,0,0.563
depthwise_separable_conv,cxx_default_on_emitted_cpp,cxx_le_to_gt,depthwise_separable_conv.halide_generated.cpp,5854,22,generator_specific,0,0,0,0.588
depthwise_separable_conv,cxx_default_on_emitted_cpp,cxx_le_to_gt,depthwise_separable_conv.halide_generated.cpp,5864,18,generator_specific,-6,1,1,0.026
depthwise_separable_conv,cxx_default_on_emitted_cpp,cxx_le_to_gt,depthwise_separable_conv.halide_generated.cpp,5870,22,generator_specific,0,0,0,0.707
depthwise_separable_conv,cxx_default_on_emitted_cpp,cxx_le_to_gt,depthwise_separable_conv.halide_generated.cpp,5872,22,generator_specific,0,0,0,0.658
depthwise_separable_conv,cxx_default_on_emitted_cpp,cxx_le_to_gt,depthwise_separable_conv.halide_generated.cpp,5882,18,generator_specific,-6,1,1,0.027
depthwise_separable_conv,cxx_default_on_emitted_cpp,cxx_le_to_gt,depthwise_separable_conv.halide_generated.cpp,5888,22,generator_specific,0,0,0,0.653
depthwise_separable_conv,cxx_default_on_emitted_cpp,cxx_le_to_gt,depthwise_separable_conv.halide_generated.cpp,5890,22,generator_specific,0,0,0,0.448
depthwise_separable_conv,cxx_default_on_emitted_cpp,cxx_le_to_gt,depthwise_separable_conv.halide_generated.cpp,5900,18,generator_specific,-6,1,1,0.024
depthwise_separable_conv,cxx_default_on_emitted_cpp,cxx_le_to_gt,depthwise_separable_conv.halide_generated.cpp,5906,22,generator_specific,0,0,0,0.440
depthwise_separable_conv,cxx_default_on_emitted_cpp,cxx_le_to_gt,depthwise_separable_conv.halide_generated.cpp,5908,22,generator_specific,0,0,0,0.664
depthwise_separable_conv,cxx_default_on_emitted_cpp,cxx_le_to_gt,depthwise_separable_conv.halide_generated.cpp,5918,18,generator_specific,-6,1,1,0.030
depthwise_separable_conv,cxx_default_on_emitted_cpp,cxx_le_to_gt,depthwise_separable_conv.halide_generated.cpp,5924,22,generator_specific,0,0,0,0.541
depthwise_separable_conv,cxx_default_on_emitted_cpp,cxx_le_to_gt,depthwise_separable_conv.halide_generated.cpp,5927,22,generator_specific,0,0,0,0.582
depthwise_separable_conv,cxx_default_on_emitted_cpp,cxx_le_to_gt,depthwise_separable_conv.halide_generated.cpp,5938,18,generator_specific,-6,1,1,0.027
depthwise_separable_conv,cxx_default_on_emitted_cpp,cxx_le_to_gt,depthwise_separable_conv.halide_generated.cpp,5944,22,generator_specific,0,0,0,0.593
depthwise_separable_conv,cxx_default_on_emitted_cpp,cxx_le_to_gt,depthwise_separable_conv.halide_generated.cpp,5948,22,generator_specific,0,0,0,0.589
depthwise_separable_conv,cxx_default_on_emitted_cpp,cxx_le_to_gt,depthwise_separable_conv.halide_generated.cpp,5958,18,generator_specific,-6,1,1,0.033
depthwise_separable_conv,cxx_default_on_emitted_cpp,cxx_le_to_gt,depthwise_separable_conv.halide_generated.cpp,5964,22,generator_specific,0,0,0,0.585
depthwise_separable_conv,cxx_default_on_emitted_cpp,cxx_le_to_gt,depthwise_separable_conv.halide_generated.cpp,5968,22,generator_specific,0,0,0,0.574
depthwise_separable_conv,cxx_default_on_emitted_cpp,cxx_le_to_gt,depthwise_separable_conv.halide_generated.cpp,5979,18,generator_specific,-6,1,1,0.033
depthwise_separable_conv,cxx_default_on_emitted_cpp,cxx_le_to_gt,depthwise_separable_conv.halide_generated.cpp,5986,22,generator_specific,0,0,0,0.541
depthwise_separable_conv,cxx_default_on_emitted_cpp,cxx_le_to_gt,depthwise_separable_conv.halide_generated.cpp,5990,22,generator_specific,0,0,0,0.537
depthwise_separable_conv,cxx_default_on_emitted_cpp,cxx_le_to_gt,depthwise_separable_conv.halide_generated.cpp,6001,18,generator_specific,-6,1,1,0.023
depthwise_separable_conv,cxx_default_on_emitted_cpp,cxx_le_to_gt,depthwise_separable_conv.halide_generated.cpp,6007,19,generator_specific,0,0,0,0.382
depthwise_separable_conv,cxx_default_on_emitted_cpp,cxx_le_to_gt,depthwise_separable_conv.halide_generated.cpp,6018,18,generator_specific,0,0,0,0.512
depthwise_separable_conv,cxx_default_on_emitted_cpp,cxx_le_to_gt,depthwise_separable_conv.halide_generated.cpp,6033,22,generator_specific,0,0,0,0.725
depthwise_separable_conv,cxx_default_on_emitted_cpp,cxx_le_to_gt,depthwise_separable_conv.halide_generated.cpp,6048,18,generator_specific,0,0,0,0.700
depthwise_separable_conv,cxx_default_on_emitted_cpp,cxx_le_to_gt,depthwise_separable_conv.halide_generated.cpp,6053,22,generator_specific,0,0,0,0.958
depthwise_separable_conv,cxx_default_on_emitted_cpp,cxx_le_to_gt,depthwise_separable_conv.halide_generated.cpp,6064,18,generator_specific,-6,1,1,0.034
depthwise_separable_conv,cxx_default_on_emitted_cpp,cxx_le_to_gt,depthwise_separable_conv.halide_generated.cpp,6070,22,generator_specific,0,0,0,0.829
depthwise_separable_conv,cxx_default_on_emitted_cpp,cxx_le_to_gt,depthwise_separable_conv.halide_generated.cpp,6073,22,generator_specific,0,0,0,0.782
depthwise_separable_conv,cxx_default_on_emitted_cpp,cxx_le_to_gt,depthwise_separable_conv.halide_generated.cpp,6084,18,generator_specific,-6,1,1,0.024
depthwise_separable_conv,cxx_default_on_emitted_cpp,cxx_le_to_gt,depthwise_separable_conv.halide_generated.cpp,6090,22,generator_specific,0,0,0,0.601
depthwise_separable_conv,cxx_default_on_emitted_cpp,cxx_le_to_gt,depthwise_separable_conv.halide_generated.cpp,6092,22,generator_specific,0,0,0,0.564
depthwise_separable_conv,cxx_default_on_emitted_cpp,cxx_le_to_gt,depthwise_separable_conv.halide_generated.cpp,6102,18,generator_specific,-6,1,1,0.024
depthwise_separable_conv,cxx_default_on_emitted_cpp,cxx_le_to_gt,depthwise_separable_conv.halide_generated.cpp,6170,22,generator_specific,-6,1,1,0.025
depthwise_separable_conv,cxx_default_on_emitted_cpp,cxx_le_to_gt,depthwise_separable_conv.halide_generated.cpp,6180,22,generator_specific,-6,1,1,0.024
depthwise_separable_conv,cxx_default_on_emitted_cpp,cxx_le_to_gt,depthwise_separable_conv.halide_generated.cpp,6195,22,generator_specific,-6,1,1,0.023
depthwise_separable_conv,cxx_default_on_emitted_cpp,cxx_le_to_gt,depthwise_separable_conv.halide_generated.cpp,6209,22,generator_specific,-6,1,1,0.025
depthwise_separable_conv,cxx_default_on_emitted_cpp,cxx_le_to_gt,depthwise_separable_conv.halide_generated.cpp,6226,22,generator_specific,-6,1,1,0.023
depthwise_separable_conv,cxx_default_on_emitted_cpp,cxx_le_to_gt,depthwise_separable_conv.halide_generated.cpp,6243,22,generator_specific,-6,1,1,0.023
depthwise_separable_conv,cxx_default_on_emitted_cpp,cxx_le_to_gt,depthwise_separable_conv.halide_generated.cpp,6260,22,generator_specific,-6,1,1,0.023
depthwise_separable_conv,cxx_default_on_emitted_cpp,cxx_le_to_gt,depthwise_separable_conv.halide_generated.cpp,6277,22,generator_specific,-6,1,1,0.030
depthwise_separable_conv,cxx_default_on_emitted_cpp,cxx_le_to_gt,depthwise_separable_conv.halide_generated.cpp,6286,22,generator_specific,-6,1,1,0.023
depthwise_separable_conv,cxx_default_on_emitted_cpp,cxx_le_to_gt,depthwise_separable_conv.halide_generated.cpp,6304,22,generator_specific,-6,1,1,0.030
depthwise_separable_conv,cxx_default_on_emitted_cpp,cxx_le_to_gt,depthwise_separable_conv.halide_generated.cpp,6321,22,generator_specific,-6,1,1,0.023
depthwise_separable_conv,cxx_default_on_emitted_cpp,cxx_le_to_gt,depthwise_separable_conv.halide_generated.cpp,6338,22,generator_specific,-6,1,1,0.030
depthwise_separable_conv,cxx_default_on_emitted_cpp,cxx_le_to_gt,depthwise_separable_conv.halide_generated.cpp,6355,22,generator_specific,-6,1,1,0.025
depthwise_separable_conv,cxx_default_on_emitted_cpp,cxx_le_to_gt,depthwise_separable_conv.halide_generated.cpp,6372,22,generator_specific,-6,1,1,0.023
depthwise_separable_conv,cxx_default_on_emitted_cpp,cxx_le_to_gt,depthwise_separable_conv.halide_generated.cpp,6389,22,generator_specific,-6,1,1,0.026
depthwise_separable_conv,cxx_default_on_emitted_cpp,cxx_le_to_gt,depthwise_separable_conv.halide_generated.cpp,6398,22,generator_specific,-6,1,1,0.024
depthwise_separable_conv,cxx_default_on_emitted_cpp,cxx_le_to_gt,depthwise_separable_conv.halide_generated.cpp,6416,22,generator_specific,-6,1,1,0.023
depthwise_separable_conv,cxx_default_on_emitted_cpp,cxx_le_to_gt,depthwise_separable_conv.halide_generated.cpp,6433,22,generator_specific,-6,1,1,0.029
depthwise_separable_conv,cxx_default_on_emitted_cpp,cxx_le_to_gt,depthwise_separable_conv.halide_generated.cpp,6450,22,generator_specific,-6,1,1,0.028
depthwise_separable_conv,cxx_default_on_emitted_cpp,cxx_le_to_gt,depthwise_separable_conv.halide_generated.cpp,6467,22,generator_specific,-6,1,1,0.023
depthwise_separable_conv,cxx_default_on_emitted_cpp,cxx_le_to_gt,depthwise_separable_conv.halide_generated.cpp,6484,22,generator_specific,-6,1,1,0.024
depthwise_separable_conv,cxx_default_on_emitted_cpp,cxx_le_to_gt,depthwise_separable_conv.halide_generated.cpp,6501,22,generator_specific,-6,1,1,0.023
depthwise_separable_conv,cxx_default_on_emitted_cpp,cxx_le_to_gt,depthwise_separable_conv.halide_generated.cpp,6510,22,generator_specific,-6,1,1,0.024
depthwise_separable_conv,cxx_default_on_emitted_cpp,cxx_le_to_gt,depthwise_separable_conv.halide_generated.cpp,6528,22,generator_specific,-6,1,1,0.024
depthwise_separable_conv,cxx_default_on_emitted_cpp,cxx_le_to_gt,depthwise_separable_conv.halide_generated.cpp,6545,22,generator_specific,-6,1,1,0.023
depthwise_separable_conv,cxx_default_on_emitted_cpp,cxx_le_to_lt,depthwise_separable_conv.halide_generated.cpp,3740,23,generator_specific,0,0,0,0.599
depthwise_separable_conv,cxx_default_on_emitted_cpp,cxx_le_to_lt,depthwise_separable_conv.halide_generated.cpp,3764,24,generator_specific,0,0,0,0.533
depthwise_separable_conv,cxx_default_on_emitted_cpp,cxx_le_to_lt,depthwise_separable_conv.halide_generated.cpp,3785,24,generator_specific,0,0,0,0.700
depthwise_separable_conv,cxx_default_on_emitted_cpp,cxx_le_to_lt,depthwise_separable_conv.halide_generated.cpp,3806,25,generator_specific,0,0,0,0.521
depthwise_separable_conv,cxx_default_on_emitted_cpp,cxx_le_to_lt,depthwise_separable_conv.halide_generated.cpp,3828,25,generator_specific,0,0,0,0.689
depthwise_separable_conv,cxx_default_on_emitted_cpp,cxx_le_to_lt,depthwise_separable_conv.halide_generated.cpp,4447,23,generator_specific,0,0,0,0.704
depthwise_separable_conv,cxx_default_on_emitted_cpp,cxx_le_to_lt,depthwise_separable_conv.halide_generated.cpp,4478,24,generator_specific,0,0,0,0.694
depthwise_separable_conv,cxx_default_on_emitted_cpp,cxx_le_to_lt,depthwise_separable_conv.halide_generated.cpp,4500,25,generator_specific,0,0,0,0.528
depthwise_separable_conv,cxx_default_on_emitted_cpp,cxx_le_to_lt,depthwise_separable_conv.halide_generated.cpp,4520,25,generator_specific,0,0,0,0.781
depthwise_separable_conv,cxx_default_on_emitted_cpp,cxx_le_to_lt,depthwise_separable_conv.halide_generated.cpp,4540,25,generator_specific,0,0,0,0.687
depthwise_separable_conv,cxx_default_on_emitted_cpp,cxx_le_to_lt,depthwise_separable_conv.halide_generated.cpp,4897,23,generator_specific,0,0,0,0.527
depthwise_separable_conv,cxx_default_on_emitted_cpp,cxx_le_to_lt,depthwise_separable_conv.halide_generated.cpp,4928,25,generator_specific,0,0,0,0.786
depthwise_separable_conv,cxx_default_on_emitted_cpp,cxx_le_to_lt,depthwise_separable_conv.halide_generated.cpp,4950,26,generator_specific,0,0,0,0.633
depthwise_separable_conv,cxx_default_on_emitted_cpp,cxx_le_to_lt,depthwise_separable_conv.halide_generated.cpp,4970,26,generator_specific,0,0,0,0.694
depthwise_separable_conv,cxx_default_on_emitted_cpp,cxx_le_to_lt,depthwise_separable_conv.halide_generated.cpp,4990,26,generator_specific,0,0,0,0.697
depthwise_separable_conv,cxx_default_on_emitted_cpp,cxx_le_to_lt,depthwise_separable_conv.halide_generated.cpp,5829,22,generator_specific,0,0,0,0.328
depthwise_separable_conv,cxx_default_on_emitted_cpp,cxx_le_to_lt,depthwise_separable_conv.halide_generated.cpp,5832,22,generator_specific,0,0,0,0.880
depthwise_separable_conv,cxx_default_on_emitted_cpp,cxx_le_to_lt,depthwise_separable_conv.halide_generated.cpp,5846,18,generator_specific,0,0,0,0.781
depthwise_separable_conv,cxx_default_on_emitted_cpp,cxx_le_to_lt,depthwise_separable_conv.halide_generated.cpp,5852,22,generator_specific,0,0,0,0.379
depthwise_separable_conv,cxx_default_on_emitted_cpp,cxx_le_to_lt,depthwise_separable_conv.halide_generated.cpp,5854,22,generator_specific,0,0,0,0.418
depthwise_separable_conv,cxx_default_on_emitted_cpp,cxx_le_to_lt,depthwise_separable_conv.halide_generated.cpp,5864,18,generator_specific,0,0,0,0.616
depthwise_separable_conv,cxx_default_on_emitted_cpp,cxx_le_to_lt,depthwise_separable_conv.halide_generated.cpp,5870,22,generator_specific,0,0,0,0.600
depthwise_separable_conv,cxx_default_on_emitted_cpp,cxx_le_to_lt,depthwise_separable_conv.halide_generated.cpp,5872,22,generator_specific,0,0,0,0.569
depthwise_separable_conv,cxx_default_on_emitted_cpp,cxx_le_to_lt,depthwise_separable_conv.halide_generated.cpp,5882,18,generator_specific,0,0,0,0.597
depthwise_separable_conv,cxx_default_on_emitted_cpp,cxx_le_to_lt,depthwise_separable_conv.halide_generated.cpp,5888,22,generator_specific,0,0,0,0.563
depthwise_separable_conv,cxx_default_on_emitted_cpp,cxx_le_to_lt,depthwise_separable_conv.halide_generated.cpp,5890,22,generator_specific,0,0,0,0.634
depthwise_separable_conv,cxx_default_on_emitted_cpp,cxx_le_to_lt,depthwise_separable_conv.halide_generated.cpp,5900,18,generator_specific,0,0,0,0.685
depthwise_separable_conv,cxx_default_on_emitted_cpp,cxx_le_to_lt,depthwise_separable_conv.halide_generated.cpp,5906,22,generator_specific,0,0,0,0.547
depthwise_separable_conv,cxx_default_on_emitted_cpp,cxx_le_to_lt,depthwise_separable_conv.halide_generated.cpp,5908,22,generator_specific,0,0,0,0.551
depthwise_separable_conv,cxx_default_on_emitted_cpp,cxx_le_to_lt,depthwise_separable_conv.halide_generated.cpp,5918,18,generator_specific,0,0,0,0.682
depthwise_separable_conv,cxx_default_on_emitted_cpp,cxx_le_to_lt,depthwise_separable_conv.halide_generated.cpp,5924,22,generator_specific,0,0,0,0.447
depthwise_separable_conv,cxx_default_on_emitted_cpp,cxx_le_to_lt,depthwise_separable_conv.halide_generated.cpp,5927,22,generator_specific,0,0,0,0.553
depthwise_separable_conv,cxx_default_on_emitted_cpp,cxx_le_to_lt,depthwise_separable_conv.halide_generated.cpp,5938,18,generator_specific,0,0,0,0.621
depthwise_separable_conv,cxx_default_on_emitted_cpp,cxx_le_to_lt,depthwise_separable_conv.halide_generated.cpp,5944,22,generator_specific,0,0,0,0.526
depthwise_separable_conv,cxx_default_on_emitted_cpp,cxx_le_to_lt,depthwise_separable_conv.halide_generated.cpp,5948,22,generator_specific,0,0,0,0.867
depthwise_separable_conv,cxx_default_on_emitted_cpp,cxx_le_to_lt,depthwise_separable_conv.halide_generated.cpp,5958,18,generator_specific,0,0,0,0.623
depthwise_separable_conv,cxx_default_on_emitted_cpp,cxx_le_to_lt,depthwise_separable_conv.halide_generated.cpp,5964,22,generator_specific,0,0,0,0.969
depthwise_separable_conv,cxx_default_on_emitted_cpp,cxx_le_to_lt,depthwise_separable_conv.halide_generated.cpp,5968,22,generator_specific,0,0,0,0.436
depthwise_separable_conv,cxx_default_on_emitted_cpp,cxx_le_to_lt,depthwise_separable_conv.halide_generated.cpp,5979,18,generator_specific,0,0,0,0.599
depthwise_separable_conv,cxx_default_on_emitted_cpp,cxx_le_to_lt,depthwise_separable_conv.halide_generated.cpp,5986,22,generator_specific,0,0,0,0.975
depthwise_separable_conv,cxx_default_on_emitted_cpp,cxx_le_to_lt,depthwise_separable_conv.halide_generated.cpp,5990,22,generator_specific,0,0,0,0.796
depthwise_separable_conv,cxx_default_on_emitted_cpp,cxx_le_to_lt,depthwise_separable_conv.halide_generated.cpp,6001,18,generator_specific,0,0,0,0.621
depthwise_separable_conv,cxx_default_on_emitted_cpp,cxx_le_to_lt,depthwise_separable_conv.halide_generated.cpp,6007,19,generator_specific,0,0,0,0.464
depthwise_separable_conv,cxx_default_on_emitted_cpp,cxx_le_to_lt,depthwise_separable_conv.halide_generated.cpp,6018,18,generator_specific,0,0,0,0.657
depthwise_separable_conv,cxx_default_on_emitted_cpp,cxx_le_to_lt,depthwise_separable_conv.halide_generated.cpp,6033,22,generator_specific,0,0,0,0.703
depthwise_separable_conv,cxx_default_on_emitted_cpp,cxx_le_to_lt,depthwise_separable_conv.halide_generated.cpp,6048,18,generator_specific,0,0,0,0.606
depthwise_separable_conv,cxx_default_on_emitted_cpp,cxx_le_to_lt,depthwise_separable_conv.halide_generated.cpp,6053,22,generator_specific,0,0,0,0.620
depthwise_separable_conv,cxx_default_on_emitted_cpp,cxx_le_to_lt,depthwise_separable_conv.halide_generated.cpp,6064,18,generator_specific,0,0,0,0.716
depthwise_separable_conv,cxx_default_on_emitted_cpp,cxx_le_to_lt,depthwise_separable_conv.halide_generated.cpp,6070,22,generator_specific,0,0,0,0.605
depthwise_separable_conv,cxx_default_on_emitted_cpp,cxx_le_to_lt,depthwise_separable_conv.halide_generated.cpp,6073,22,generator_specific,0,0,0,1.167
depthwise_separable_conv,cxx_default_on_emitted_cpp,cxx_le_to_lt,depthwise_separable_conv.halide_generated.cpp,6084,18,generator_specific,0,0,0,0.518
depthwise_separable_conv,cxx_default_on_emitted_cpp,cxx_le_to_lt,depthwise_separable_conv.halide_generated.cpp,6090,22,generator_specific,0,0,0,0.358
depthwise_separable_conv,cxx_default_on_emitted_cpp,cxx_le_to_lt,depthwise_separable_conv.halide_generated.cpp,6092,22,generator_specific,0,0,0,1.180
depthwise_separable_conv,cxx_default_on_emitted_cpp,cxx_le_to_lt,depthwise_separable_conv.halide_generated.cpp,6102,18,generator_specific,0,0,0,0.523
depthwise_separable_conv,cxx_default_on_emitted_cpp,cxx_le_to_lt,depthwise_separable_conv.halide_generated.cpp,6170,22,generator_specific,0,0,0,0.721
depthwise_separable_conv,cxx_default_on_emitted_cpp,cxx_le_to_lt,depthwise_separable_conv.halide_generated.cpp,6180,22,generator_specific,0,0,0,0.616
depthwise_separable_conv,cxx_default_on_emitted_cpp,cxx_le_to_lt,depthwise_separable_conv.halide_generated.cpp,6195,22,generator_specific,0,0,0,0.733
depthwise_separable_conv,cxx_default_on_emitted_cpp,cxx_le_to_lt,depthwise_separable_conv.halide_generated.cpp,6209,22,generator_specific,0,0,0,0.639
depthwise_separable_conv,cxx_default_on_emitted_cpp,cxx_le_to_lt,depthwise_separable_conv.halide_generated.cpp,6226,22,generator_specific,0,0,0,0.628
depthwise_separable_conv,cxx_default_on_emitted_cpp,cxx_le_to_lt,depthwise_separable_conv.halide_generated.cpp,6243,22,generator_specific,0,0,0,0.534
depthwise_separable_conv,cxx_default_on_emitted_cpp,cxx_le_to_lt,depthwise_separable_conv.halide_generated.cpp,6260,22,generator_specific,0,0,0,0.912
depthwise_separable_conv,cxx_default_on_emitted_cpp,cxx_le_to_lt,depthwise_separable_conv.halide_generated.cpp,6277,22,generator_specific,0,0,0,0.760
depthwise_separable_conv,cxx_default_on_emitted_cpp,cxx_le_to_lt,depthwise_separable_conv.halide_generated.cpp,6286,22,generator_specific,0,0,0,0.702
depthwise_separable_conv,cxx_default_on_emitted_cpp,cxx_le_to_lt,depthwise_separable_conv.halide_generated.cpp,6304,22,generator_specific,0,0,0,0.720
depthwise_separable_conv,cxx_default_on_emitted_cpp,cxx_le_to_lt,depthwise_separable_conv.halide_generated.cpp,6321,22,generator_specific,0,0,0,0.823
depthwise_separable_conv,cxx_default_on_emitted_cpp,cxx_le_to_lt,depthwise_separable_conv.halide_generated.cpp,6338,22,generator_specific,0,0,0,0.745
depthwise_separable_conv,cxx_default_on_emitted_cpp,cxx_le_to_lt,depthwise_separable_conv.halide_generated.cpp,6355,22,generator_specific,0,0,0,0.695
depthwise_separable_conv,cxx_default_on_emitted_cpp,cxx_le_to_lt,depthwise_separable_conv.halide_generated.cpp,6372,22,generator_specific,0,0,0,0.538
depthwise_separable_conv,cxx_default_on_emitted_cpp,cxx_le_to_lt,depthwise_separable_conv.halide_generated.cpp,6389,22,generator_specific,0,0,0,0.675
depthwise_separable_conv,cxx_default_on_emitted_cpp,cxx_le_to_lt,depthwise_separable_conv.halide_generated.cpp,6398,22,generator_specific,0,0,0,0.542
depthwise_separable_conv,cxx_default_on_emitted_cpp,cxx_le_to_lt,depthwise_separable_conv.halide_generated.cpp,6416,22,generator_specific,0,0,0,0.687
depthwise_separable_conv,cxx_default_on_emitted_cpp,cxx_le_to_lt,depthwise_separable_conv.halide_generated.cpp,6433,22,generator_specific,0,0,0,0.638
depthwise_separable_conv,cxx_default_on_emitted_cpp,cxx_le_to_lt,depthwise_separable_conv.halide_generated.cpp,6450,22,generator_specific,0,0,0,0.708
depthwise_separable_conv,cxx_default_on_emitted_cpp,cxx_le_to_lt,depthwise_separable_conv.halide_generated.cpp,6467,22,generator_specific,0,0,0,0.706
depthwise_separable_conv,cxx_default_on_emitted_cpp,cxx_le_to_lt,depthwise_separable_conv.halide_generated.cpp,6484,22,generator_specific,0,0,0,0.793
depthwise_separable_conv,cxx_default_on_emitted_cpp,cxx_le_to_lt,depthwise_separable_conv.halide_generated.cpp,6501,22,generator_specific,0,0,0,0.766
depthwise_separable_conv,cxx_default_on_emitted_cpp,cxx_le_to_lt,depthwise_separable_conv.halide_generated.cpp,6510,22,generator_specific,0,0,0,0.828
depthwise_separable_conv,cxx_default_on_emitted_cpp,cxx_le_to_lt,depthwise_separable_conv.halide_generated.cpp,6528,22,generator_specific,0,0,0,0.637
depthwise_separable_conv,cxx_default_on_emitted_cpp,cxx_le_to_lt,depthwise_separable_conv.halide_generated.cpp,6545,22,generator_specific,0,0,0,0.567
depthwise_separable_conv,cxx_default_on_emitted_cpp,cxx_lt_to_ge,depthwise_separable_conv.halide_generated.cpp,2530,27,boilerplate,0,0,0,0.581
depthwise_separable_conv,cxx_default_on_emitted_cpp,cxx_lt_to_ge,depthwise_separable_conv.halide_generated.cpp,257,15,boilerplate,-6,1,1,0.027
depthwise_separable_conv,cxx_default_on_emitted_cpp,cxx_lt_to_ge,depthwise_separable_conv.halide_generated.cpp,3250,30,boilerplate,0,0,0,0.918
depthwise_separable_conv,cxx_default_on_emitted_cpp,cxx_lt_to_ge,depthwise_separable_conv.halide_generated.cpp,3270,30,boilerplate,0,0,0,0.770
depthwise_separable_conv,cxx_default_on_emitted_cpp,cxx_lt_to_ge,depthwise_separable_conv.halide_generated.cpp,3357,30,boilerplate,0,0,0,0.555
depthwise_separable_conv,cxx_default_on_emitted_cpp,cxx_lt_to_ge,depthwise_separable_conv.halide_generated.cpp,3387,30,boilerplate,0,0,0,0.663
depthwise_separable_conv,cxx_default_on_emitted_cpp,cxx_lt_to_ge,depthwise_separable_conv.halide_generated.cpp,3409,44,boilerplate,0,0,0,0.746
depthwise_separable_conv,cxx_default_on_emitted_cpp,cxx_lt_to_ge,depthwise_separable_conv.halide_generated.cpp,3648,30,generator_specific,-11,1,1,0.027
depthwise_separable_conv,cxx_default_on_emitted_cpp,cxx_lt_to_ge,depthwise_separable_conv.halide_generated.cpp,3652,17,generator_specific,0,0,0,0.866
depthwise_separable_conv,cxx_default_on_emitted_cpp,cxx_lt_to_ge,depthwise_separable_conv.halide_generated.cpp,3677,46,generator_specific,0,0,0,0.480
depthwise_separable_conv,cxx_default_on_emitted_cpp,cxx_lt_to_ge,depthwise_separable_conv.halide_generated.cpp,3701,47,generator_specific,0,0,0,0.641
depthwise_separable_conv,cxx_default_on_emitted_cpp,cxx_lt_to_ge,depthwise_separable_conv.halide_generated.cpp,3728,89,generator_specific,0,0,0,1.134
depthwise_separable_conv,cxx_default_on_emitted_cpp,cxx_lt_to_ge,depthwise_separable_conv.halide_generated.cpp,3734,55,generator_specific,0,0,0,0.681
depthwise_separable_conv,cxx_default_on_emitted_cpp,cxx_lt_to_ge,depthwise_separable_conv.halide_generated.cpp,3738,44,generator_specific,0,0,0,0.814
depthwise_separable_conv,cxx_default_on_emitted_cpp,cxx_lt_to_ge,depthwise_separable_conv.halide_generated.cpp,3742,26,generator_specific,0,0,0,0.952
depthwise_separable_conv,cxx_default_on_emitted_cpp,cxx_lt_to_ge,depthwise_separable_conv.halide_generated.cpp,3752,45,generator_specific,0,0,0,0.453
depthwise_separable_conv,cxx_default_on_emitted_cpp,cxx_lt_to_ge,depthwise_separable_conv.halide_generated.cpp,3766,27,generator_specific,0,0,0,0.578
depthwise_separable_conv,cxx_default_on_emitted_cpp,cxx_lt_to_ge,depthwise_separable_conv.halide_generated.cpp,3786,27,generator_specific,0,0,0,0.862
depthwise_separable_conv,cxx_default_on_emitted_cpp,cxx_lt_to_ge,depthwise_separable_conv.halide_generated.cpp,3808,27,generator_specific,0,0,0,0.572
depthwise_separable_conv,cxx_default_on_emitted_cpp,cxx_lt_to_ge,depthwise_separable_conv.halide_generated.cpp,3830,27,generator_specific,0,0,0,0.819
depthwise_separable_conv,cxx_default_on_emitted_cpp,cxx_lt_to_ge,depthwise_separable_conv.halide_generated.cpp,3866,84,generator_specific,0,0,0,0.827
depthwise_separable_conv,cxx_default_on_emitted_cpp,cxx_lt_to_ge,depthwise_separable_conv.halide_generated.cpp,3871,85,generator_specific,0,0,0,0.730
depthwise_separable_conv,cxx_default_on_emitted_cpp,cxx_lt_to_ge,depthwise_separable_conv.halide_generated.cpp,3942,92,generator_specific,0,0,0,0.546
depthwise_separable_conv,cxx_default_on_emitted_cpp,cxx_lt_to_ge,depthwise_separable_conv.halide_generated.cpp,4238,31,generator_specific,0,0,0,0.571
depthwise_separable_conv,cxx_default_on_emitted_cpp,cxx_lt_to_ge,depthwise_separable_conv.halide_generated.cpp,4242,19,generator_specific,0,0,0,0.658
depthwise_separable_conv,cxx_default_on_emitted_cpp,cxx_lt_to_ge,depthwise_separable_conv.halide_generated.cpp,4272,19,generator_specific,0,0,0,0.758
depthwise_separable_conv,cxx_default_on_emitted_cpp,cxx_lt_to_ge,depthwise_separable_conv.halide_generated.cpp,4276,19,generator_specific,0,0,0,0.659
depthwise_separable_conv,cxx_default_on_emitted_cpp,cxx_lt_to_ge,depthwise_separable_conv.halide_generated.cpp,4292,19,generator_specific,0,0,0,0.597
depthwise_separable_conv,cxx_default_on_emitted_cpp,cxx_lt_to_ge,depthwise_separable_conv.halide_generated.cpp,4307,46,generator_specific,0,0,0,0.676
depthwise_separable_conv,cxx_default_on_emitted_cpp,cxx_lt_to_ge,depthwise_separable_conv.halide_generated.cpp,4334,47,generator_specific,0,0,0,0.688
depthwise_separable_conv,cxx_default_on_emitted_cpp,cxx_lt_to_ge,depthwise_separable_conv.halide_generated.cpp,4361,89,generator_specific,0,0,0,0.940
depthwise_separable_conv,cxx_default_on_emitted_cpp,cxx_lt_to_ge,depthwise_separable_conv.halide_generated.cpp,4365,23,generator_specific,0,0,0,0.762
depthwise_separable_conv,cxx_default_on_emitted_cpp,cxx_lt_to_ge,depthwise_separable_conv.halide_generated.cpp,4369,23,generator_specific,0,0,0,0.849
depthwise_separable_conv,cxx_default_on_emitted_cpp,cxx_lt_to_ge,depthwise_separable_conv.halide_generated.cpp,4381,23,generator_specific,0,0,0,0.572
depthwise_separable_conv,cxx_default_on_emitted_cpp,cxx_lt_to_ge,depthwise_separable_conv.halide_generated.cpp,4389,23,generator_specific,0,0,0,0.844
depthwise_separable_conv,cxx_default_on_emitted_cpp,cxx_lt_to_ge,depthwise_separable_conv.halide_generated.cpp,4403,23,generator_specific,0,0,0,0.667
depthwise_separable_conv,cxx_default_on_emitted_cpp,cxx_lt_to_ge,depthwise_separable_conv.halide_generated.cpp,4440,55,generator_specific,0,0,0,0.776
depthwise_separable_conv,cxx_default_on_emitted_cpp,cxx_lt_to_ge,depthwise_separable_conv.halide_generated.cpp,4444,44,generator_specific,0,0,0,0.666
depthwise_separable_conv,cxx_default_on_emitted_cpp,cxx_lt_to_ge,depthwise_separable_conv.halide_generated.cpp,4448,26,generator_specific,0,0,0,0.571
depthwise_separable_conv,cxx_default_on_emitted_cpp,cxx_lt_to_ge,depthwise_separable_conv.halide_generated.cpp,4466,45,generator_specific,0,0,0,0.576
depthwise_separable_conv,cxx_default_on_emitted_cpp,cxx_lt_to_ge,depthwise_separable_conv.halide_generated.cpp,4479,27,generator_specific,0,0,0,0.560
depthwise_separable_conv,cxx_default_on_emitted_cpp,cxx_lt_to_ge,depthwise_separable_conv.halide_generated.cpp,4502,27,generator_specific,0,0,0,0.767
depthwise_separable_conv,cxx_default_on_emitted_cpp,cxx_lt_to_ge,depthwise_separable_conv.halide_generated.cpp,4522,27,generator_specific,0,0,0,0.573
depthwise_separable_conv,cxx_default_on_emitted_cpp,cxx_lt_to_ge,depthwise_separable_conv.halide_generated.cpp,4542,27,generator_specific,0,0,0,0.758
depthwise_separable_conv,cxx_default_on_emitted_cpp,cxx_lt_to_ge,depthwise_separable_conv.halide_generated.cpp,4580,84,generator_specific,0,0,0,0.567
depthwise_separable_conv,cxx_default_on_emitted_cpp,cxx_lt_to_ge,depthwise_separable_conv.halide_generated.cpp,4589,85,generator_specific,0,0,0,0.845
depthwise_separable_conv,cxx_default_on_emitted_cpp,cxx_lt_to_ge,depthwise_separable_conv.halide_generated.cpp,4604,86,generator_specific,0,0,0,0.671
depthwise_separable_conv,cxx_default_on_emitted_cpp,cxx_lt_to_ge,depthwise_separable_conv.halide_generated.cpp,4617,28,generator_specific,0,0,0,0.577
depthwise_separable_conv,cxx_default_on_emitted_cpp,cxx_lt_to_ge,depthwise_separable_conv.halide_generated.cpp,4647,28,generator_specific,0,0,0,0.575
depthwise_separable_conv,cxx_default_on_emitted_cpp,cxx_lt_to_ge,depthwise_separable_conv.halide_generated.cpp,4677,28,generator_specific,0,0,0,0.583
depthwise_separable_conv,cxx_default_on_emitted_cpp,cxx_lt_to_ge,depthwise_separable_conv.halide_generated.cpp,4707,28,generator_specific,0,0,0,0.935
depthwise_separable_conv,cxx_default_on_emitted_cpp,cxx_lt_to_ge,depthwise_separable_conv.halide_generated.cpp,4737,28,generator_specific,0,0,0,0.676
depthwise_separable_conv,cxx_default_on_emitted_cpp,cxx_lt_to_ge,depthwise_separable_conv.halide_generated.cpp,4767,28,generator_specific,0,0,0,0.593
depthwise_separable_conv,cxx_default_on_emitted_cpp,cxx_lt_to_ge,depthwise_separable_conv.halide_generated.cpp,4792,92,generator_specific,0,0,0,0.777
depthwise_separable_conv,cxx_default_on_emitted_cpp,cxx_lt_to_ge,depthwise_separable_conv.halide_generated.cpp,4890,55,generator_specific,0,0,0,0.679
depthwise_separable_conv,cxx_default_on_emitted_cpp,cxx_lt_to_ge,depthwise_separable_conv.halide_generated.cpp,4894,44,generator_specific,0,0,0,0.848
depthwise_separable_conv,cxx_default_on_emitted_cpp,cxx_lt_to_ge,depthwise_separable_conv.halide_generated.cpp,4898,26,generator_specific,0,0,0,0.850
depthwise_separable_conv,cxx_default_on_emitted_cpp,cxx_lt_to_ge,depthwise_separable_conv.halide_generated.cpp,4916,45,generator_specific,0,0,0,0.952
depthwise_separable_conv,cxx_default_on_emitted_cpp,cxx_lt_to_ge,depthwise_separable_conv.halide_generated.cpp,4929,28,generator_specific,0,0,0,0.864
depthwise_separable_conv,cxx_default_on_emitted_cpp,cxx_lt_to_ge,depthwise_separable_conv.halide_generated.cpp,4952,28,generator_specific,0,0,0,0.846
depthwise_separable_conv,cxx_default_on_emitted_cpp,cxx_lt_to_ge,depthwise_separable_conv.halide_generated.cpp,4972,28,generator_specific,0,0,0,0.574
depthwise_separable_conv,cxx_default_on_emitted_cpp,cxx_lt_to_ge,depthwise_separable_conv.halide_generated.cpp,4992,28,generator_specific,0,0,0,0.745
depthwise_separable_conv,cxx_default_on_emitted_cpp,cxx_lt_to_ge,depthwise_separable_conv.halide_generated.cpp,5026,84,generator_specific,0,0,0,0.664
depthwise_separable_conv,cxx_default_on_emitted_cpp,cxx_lt_to_ge,depthwise_separable_conv.halide_generated.cpp,5035,85,generator_specific,0,0,0,0.681
depthwise_separable_conv,cxx_default_on_emitted_cpp,cxx_lt_to_ge,depthwise_separable_conv.halide_generated.cpp,5050,86,generator_specific,0,0,0,0.768
depthwise_separable_conv,cxx_default_on_emitted_cpp,cxx_lt_to_ge,depthwise_separable_conv.halide_generated.cpp,5063,29,generator_specific,0,0,0,0.664
depthwise_separable_conv,cxx_default_on_emitted_cpp,cxx_lt_to_ge,depthwise_separable_conv.halide_generated.cpp,5093,29,generator_specific,0,0,0,0.851
depthwise_separable_conv,cxx_default_on_emitted_cpp,cxx_lt_to_ge,depthwise_separable_conv.halide_generated.cpp,5123,29,generator_specific,0,0,0,0.952
depthwise_separable_conv,cxx_default_on_emitted_cpp,cxx_lt_to_ge,depthwise_separable_conv.halide_generated.cpp,5153,29,generator_specific,0,0,0,0.860
depthwise_separable_conv,cxx_default_on_emitted_cpp,cxx_lt_to_ge,depthwise_separable_conv.halide_generated.cpp,5183,29,generator_specific,0,0,0,0.668
depthwise_separable_conv,cxx_default_on_emitted_cpp,cxx_lt_to_ge,depthwise_separable_conv.halide_generated.cpp,5213,29,generator_specific,0,0,0,0.859
depthwise_separable_conv,cxx_default_on_emitted_cpp,cxx_lt_to_ge,depthwise_separable_conv.halide_generated.cpp,5238,92,generator_specific,0,0,0,0.672
depthwise_separable_conv,cxx_default_on_emitted_cpp,cxx_lt_to_ge,depthwise_separable_conv.halide_generated.cpp,5488,17,generator_specific,0,0,0,0.589
depthwise_separable_conv,cxx_default_on_emitted_cpp,cxx_lt_to_ge,depthwise_separable_conv.halide_generated.cpp,5492,21,generator_specific,0,0,0,0.774
depthwise_separable_conv,cxx_default_on_emitted_cpp,cxx_lt_to_ge,depthwise_separable_conv.halide_generated.cpp,5496,21,generator_specific,0,0,0,0.759
depthwise_separable_conv,cxx_default_on_emitted_cpp,cxx_lt_to_ge,depthwise_separable_conv.halide_generated.cpp,5508,21,generator_specific,0,0,0,0.754
depthwise_separable_conv,cxx_default_on_emitted_cpp,cxx_lt_to_ge,depthwise_separable_conv.halide_generated.cpp,5518,21,generator_specific,0,0,0,0.578
depthwise_separable_conv,cxx_default_on_emitted_cpp,cxx_lt_to_ge,depthwise_separable_conv.halide_generated.cpp,5601,21,generator_specific,0,0,0,0.955
depthwise_separable_conv,cxx_default_on_emitted_cpp,cxx_lt_to_ge,depthwise_separable_conv.halide_generated.cpp,5605,21,generator_specific,0,0,0,0.673
depthwise_separable_conv,cxx_default_on_emitted_cpp,cxx_lt_to_ge,depthwise_separable_conv.halide_generated.cpp,5618,17,generator_specific,0,0,0,0.683
depthwise_separable_conv,cxx_default_on_emitted_cpp,cxx_lt_to_ge,depthwise_separable_conv.halide_generated.cpp,6630,23,generator_specific,0,0,0,0.568
depthwise_separable_conv,cxx_default_on_emitted_cpp,cxx_lt_to_ge,depthwise_separable_conv.halide_generated.cpp,6759,19,generator_specific,0,0,0,0.575
depthwise_separable_conv,cxx_default_on_emitted_cpp,cxx_lt_to_ge,depthwise_separable_conv.halide_generated.cpp,6764,23,generator_specific,0,0,0,0.773
depthwise_separable_conv,cxx_default_on_emitted_cpp,cxx_lt_to_ge,depthwise_separable_conv.halide_generated.cpp,6768,23,generator_specific,0,0,0,0.594
depthwise_separable_conv,cxx_default_on_emitted_cpp,cxx_lt_to_ge,depthwise_separable_conv.halide_generated.cpp,6780,23,generator_specific,0,0,0,0.571
depthwise_separable_conv,cxx_default_on_emitted_cpp,cxx_lt_to_ge,depthwise_separable_conv.halide_generated.cpp,6787,23,generator_specific,0,0,0,0.665
depthwise_separable_conv,cxx_default_on_emitted_cpp,cxx_lt_to_le,depthwise_separable_conv.halide_generated.cpp,2530,27,boilerplate,0,0,0,0.784
depthwise_separable_conv,cxx_default_on_emitted_cpp,cxx_lt_to_le,depthwise_separable_conv.halide_generated.cpp,257,15,boilerplate,0,0,0,0.809
depthwise_separable_conv,cxx_default_on_emitted_cpp,cxx_lt_to_le,depthwise_separable_conv.halide_generated.cpp,3250,30,boilerplate,0,0,0,0.907
depthwise_separable_conv,cxx_default_on_emitted_cpp,cxx_lt_to_le,depthwise_separable_conv.halide_generated.cpp,3270,30,boilerplate,0,0,0,0.905
depthwise_separable_conv,cxx_default_on_emitted_cpp,cxx_lt_to_le,depthwise_separable_conv.halide_generated.cpp,3357,30,boilerplate,0,0,0,0.902
depthwise_separable_conv,cxx_default_on_emitted_cpp,cxx_lt_to_le,depthwise_separable_conv.halide_generated.cpp,3387,30,boilerplate,0,0,0,0.918
depthwise_separable_conv,cxx_default_on_emitted_cpp,cxx_lt_to_le,depthwise_separable_conv.halide_generated.cpp,3409,44,boilerplate,0,0,0,0.911
depthwise_separable_conv,cxx_default_on_emitted_cpp,cxx_lt_to_le,depthwise_separable_conv.halide_generated.cpp,3648,30,generator_specific,-11,1,1,0.027
depthwise_separable_conv,cxx_default_on_emitted_cpp,cxx_lt_to_le,depthwise_separable_conv.halide_generated.cpp,3652,17,generator_specific,0,0,0,0.872
depthwise_separable_conv,cxx_default_on_emitted_cpp,cxx_lt_to_le,depthwise_separable_conv.halide_generated.cpp,3677,46,generator_specific,0,0,0,0.774
depthwise_separable_conv,cxx_default_on_emitted_cpp,cxx_lt_to_le,depthwise_separable_conv.halide_generated.cpp,3701,47,generator_specific,0,0,0,1.459
depthwise_separable_conv,cxx_default_on_emitted_cpp,cxx_lt_to_le,depthwise_separable_conv.halide_generated.cpp,3728,89,generator_specific,0,0,0,1.105
depthwise_separable_conv,cxx_default_on_emitted_cpp,cxx_lt_to_le,depthwise_separable_conv.halide_generated.cpp,3734,55,generator_specific,-11,1,1,0.028
depthwise_separable_conv,cxx_default_on_emitted_cpp,cxx_lt_to_le,depthwise_separable_conv.halide_generated.cpp,3738,44,generator_specific,-11,1,1,0.029
depthwise_separable_conv,cxx_default_on_emitted_cpp,cxx_lt_to_le,depthwise_separable_conv.halide_generated.cpp,3742,26,generator_specific,0,0,0,0.866
depthwise_separable_conv,cxx_default_on_emitted_cpp,cxx_lt_to_le,depthwise_separable_conv.halide_generated.cpp,3752,45,generator_specific,0,0,0,1.045
depthwise_separable_conv,cxx_default_on_emitted_cpp,cxx_lt_to_le,depthwise_separable_conv.halide_generated.cpp,3766,27,generator_specific,0,0,0,0.865
depthwise_separable_conv,cxx_default_on_emitted_cpp,cxx_lt_to_le,depthwise_separable_conv.halide_generated.cpp,3786,27,generator_specific,0,0,0,0.748
depthwise_separable_conv,cxx_default_on_emitted_cpp,cxx_lt_to_le,depthwise_separable_conv.halide_generated.cpp,3808,27,generator_specific,0,0,0,0.873
depthwise_separable_conv,cxx_default_on_emitted_cpp,cxx_lt_to_le,depthwise_separable_conv.halide_generated.cpp,3830,27,generator_specific,0,0,0,0.744
depthwise_separable_conv,cxx_default_on_emitted_cpp,cxx_lt_to_le,depthwise_separable_conv.halide_generated.cpp,3866,84,generator_specific,0,0,0,0.736
depthwise_separable_conv,cxx_default_on_emitted_cpp,cxx_lt_to_le,depthwise_separable_conv.halide_generated.cpp,3871,85,generator_specific,0,0,0,0.754
depthwise_separable_conv,cxx_default_on_emitted_cpp,cxx_lt_to_le,depthwise_separable_conv.halide_generated.cpp,3942,92,generator_specific,0,0,0,0.866
depthwise_separable_conv,cxx_default_on_emitted_cpp,cxx_lt_to_le,depthwise_separable_conv.halide_generated.cpp,4238,31,generator_specific,0,0,0,0.903
depthwise_separable_conv,cxx_default_on_emitted_cpp,cxx_lt_to_le,depthwise_separable_conv.halide_generated.cpp,4242,19,generator_specific,0,0,0,0.787
depthwise_separable_conv,cxx_default_on_emitted_cpp,cxx_lt_to_le,depthwise_separable_conv.halide_generated.cpp,4272,19,generator_specific,0,0,0,0.809
depthwise_separable_conv,cxx_default_on_emitted_cpp,cxx_lt_to_le,depthwise_separable_conv.halide_generated.cpp,4276,19,generator_specific,0,0,0,1.066
depthwise_separable_conv,cxx_default_on_emitted_cpp,cxx_lt_to_le,depthwise_separable_conv.halide_generated.cpp,4292,19,generator_specific,0,0,0,0.783
depthwise_separable_conv,cxx_default_on_emitted_cpp,cxx_lt_to_le,depthwise_separable_conv.halide_generated.cpp,4307,46,generator_specific,0,0,0,0.783
depthwise_separable_conv,cxx_default_on_emitted_cpp,cxx_lt_to_le,depthwise_separable_conv.halide_generated.cpp,4334,47,generator_specific,0,0,0,1.045
depthwise_separable_conv,cxx_default_on_emitted_cpp,cxx_lt_to_le,depthwise_separable_conv.halide_generated.cpp,4361,89,generator_specific,0,0,0,0.796
depthwise_separable_conv,cxx_default_on_emitted_cpp,cxx_lt_to_le,depthwise_separable_conv.halide_generated.cpp,4365,23,generator_specific,0,0,0,0.786
depthwise_separable_conv,cxx_default_on_emitted_cpp,cxx_lt_to_le,depthwise_separable_conv.halide_generated.cpp,4369,23,generator_specific,0,0,0,0.917
depthwise_separable_conv,cxx_default_on_emitted_cpp,cxx_lt_to_le,depthwise_separable_conv.halide_generated.cpp,4381,23,generator_specific,0,0,0,1.049
depthwise_separable_conv,cxx_default_on_emitted_cpp,cxx_lt_to_le,depthwise_separable_conv.halide_generated.cpp,4389,23,generator_specific,0,0,0,0.789
depthwise_separable_conv,cxx_default_on_emitted_cpp,cxx_lt_to_le,depthwise_separable_conv.halide_generated.cpp,4403,23,generator_specific,0,0,0,1.035
depthwise_separable_conv,cxx_default_on_emitted_cpp,cxx_lt_to_le,depthwise_separable_conv.halide_generated.cpp,4440,55,generator_specific,0,0,0,0.783
depthwise_separable_conv,cxx_default_on_emitted_cpp,cxx_lt_to_le,depthwise_separable_conv.halide_generated.cpp,4444,44,generator_specific,0,0,0,0.800
depthwise_separable_conv,cxx_default_on_emitted_cpp,cxx_lt_to_le,depthwise_separable_conv.halide_generated.cpp,4448,26,generator_specific,0,0,0,0.793
depthwise_separable_conv,cxx_default_on_emitted_cpp,cxx_lt_to_le,depthwise_separable_conv.halide_generated.cpp,4466,45,generator_specific,0,0,0,0.792
depthwise_separable_conv,cxx_default_on_emitted_cpp,cxx_lt_to_le,depthwise_separable_conv.halide_generated.cpp,4479,27,generator_specific,0,0,0,0.796
depthwise_separable_conv,cxx_default_on_emitted_cpp,cxx_lt_to_le,depthwise_separable_conv.halide_generated.cpp,4502,27,generator_specific,0,0,0,1.034
depthwise_separable_conv,cxx_default_on_emitted_cpp,cxx_lt_to_le,depthwise_separable_conv.halide_generated.cpp,4522,27,generator_specific,0,0,0,0.790
depthwise_separable_conv,cxx_default_on_emitted_cpp,cxx_lt_to_le,depthwise_separable_conv.halide_generated.cpp,4542,27,generator_specific,0,0,0,0.799
depthwise_separable_conv,cxx_default_on_emitted_cpp,cxx_lt_to_le,depthwise_separable_conv.halide_generated.cpp,4580,84,generator_specific,0,0,0,0.798
depthwise_separable_conv,cxx_default_on_emitted_cpp,cxx_lt_to_le,depthwise_separable_conv.halide_generated.cpp,4589,85,generator_specific,0,0,0,0.919
depthwise_separable_conv,cxx_default_on_emitted_cpp,cxx_lt_to_le,depthwise_separable_conv.halide_generated.cpp,4604,86,generator_specific,0,0,0,0.910
depthwise_separable_conv,cxx_default_on_emitted_cpp,cxx_lt_to_le,depthwise_separable_conv.halide_generated.cpp,4617,28,generator_specific,0,0,0,1.073
depthwise_separable_conv,cxx_default_on_emitted_cpp,cxx_lt_to_le,depthwise_separable_conv.halide_generated.cpp,4647,28,generator_specific,0,0,0,0.971
depthwise_separable_conv,cxx_default_on_emitted_cpp,cxx_lt_to_le,depthwise_separable_conv.halide_generated.cpp,4677,28,generator_specific,0,0,0,0.924
depthwise_separable_conv,cxx_default_on_emitted_cpp,cxx_lt_to_le,depthwise_separable_conv.halide_generated.cpp,4707,28,generator_specific,0,0,0,0.927
depthwise_separable_conv,cxx_default_on_emitted_cpp,cxx_lt_to_le,depthwise_separable_conv.halide_generated.cpp,4737,28,generator_specific,0,0,0,1.039
depthwise_separable_conv,cxx_default_on_emitted_cpp,cxx_lt_to_le,depthwise_separable_conv.halide_generated.cpp,4767,28,generator_specific,0,0,0,0.923
depthwise_separable_conv,cxx_default_on_emitted_cpp,cxx_lt_to_le,depthwise_separable_conv.halide_generated.cpp,4792,92,generator_specific,0,0,0,0.919
depthwise_separable_conv,cxx_default_on_emitted_cpp,cxx_lt_to_le,depthwise_separable_conv.halide_generated.cpp,4890,55,generator_specific,0,0,0,0.918
depthwise_separable_conv,cxx_default_on_emitted_cpp,cxx_lt_to_le,depthwise_separable_conv.halide_generated.cpp,4894,44,generator_specific,0,0,0,0.929
depthwise_separable_conv,cxx_default_on_emitted_cpp,cxx_lt_to_le,depthwise_separable_conv.halide_generated.cpp,4898,26,generator_specific,0,0,0,0.914
depthwise_separable_conv,cxx_default_on_emitted_cpp,cxx_lt_to_le,depthwise_separable_conv.halide_generated.cpp,4916,45,generator_specific,0,0,0,0.792
depthwise_separable_conv,cxx_default_on_emitted_cpp,cxx_lt_to_le,depthwise_separable_conv.halide_generated.cpp,4929,28,generator_specific,0,0,0,0.784
depthwise_separable_conv,cxx_default_on_emitted_cpp,cxx_lt_to_le,depthwise_separable_conv.halide_generated.cpp,4952,28,generator_specific,0,0,0,0.913
depthwise_separable_conv,cxx_default_on_emitted_cpp,cxx_lt_to_le,depthwise_separable_conv.halide_generated.cpp,4972,28,generator_specific,0,0,0,0.790
depthwise_separable_conv,cxx_default_on_emitted_cpp,cxx_lt_to_le,depthwise_separable_conv.halide_generated.cpp,4992,28,generator_specific,0,0,0,0.791
depthwise_separable_conv,cxx_default_on_emitted_cpp,cxx_lt_to_le,depthwise_separable_conv.halide_generated.cpp,5026,84,generator_specific,0,0,0,1.039
depthwise_separable_conv,cxx_default_on_emitted_cpp,cxx_lt_to_le,depthwise_separable_conv.halide_generated.cpp,5035,85,generator_specific,0,0,0,0.920
depthwise_separable_conv,cxx_default_on_emitted_cpp,cxx_lt_to_le,depthwise_separable_conv.halide_generated.cpp,5050,86,generator_specific,0,0,0,0.788
depthwise_separable_conv,cxx_default_on_emitted_cpp,cxx_lt_to_le,depthwise_separable_conv.halide_generated.cpp,5063,29,generator_specific,0,0,0,0.793
depthwise_separable_conv,cxx_default_on_emitted_cpp,cxx_lt_to_le,depthwise_separable_conv.halide_generated.cpp,5093,29,generator_specific,0,0,0,1.044
depthwise_separable_conv,cxx_default_on_emitted_cpp,cxx_lt_to_le,depthwise_separable_conv.halide_generated.cpp,5123,29,generator_specific,0,0,0,0.923
depthwise_separable_conv,cxx_default_on_emitted_cpp,cxx_lt_to_le,depthwise_separable_conv.halide_generated.cpp,5153,29,generator_specific,0,0,0,0.920
depthwise_separable_conv,cxx_default_on_emitted_cpp,cxx_lt_to_le,depthwise_separable_conv.halide_generated.cpp,5183,29,generator_specific,0,0,0,0.913
depthwise_separable_conv,cxx_default_on_emitted_cpp,cxx_lt_to_le,depthwise_separable_conv.halide_generated.cpp,5213,29,generator_specific,0,0,0,0.788
depthwise_separable_conv,cxx_default_on_emitted_cpp,cxx_lt_to_le,depthwise_separable_conv.halide_generated.cpp,5238,92,generator_specific,0,0,0,0.957
depthwise_separable_conv,cxx_default_on_emitted_cpp,cxx_lt_to_le,depthwise_separable_conv.halide_generated.cpp,5488,17,generator_specific,0,0,0,0.786
depthwise_separable_conv,cxx_default_on_emitted_cpp,cxx_lt_to_le,depthwise_separable_conv.halide_generated.cpp,5492,21,generator_specific,0,0,0,1.097
depthwise_separable_conv,cxx_default_on_emitted_cpp,cxx_lt_to_le,depthwise_separable_conv.halide_generated.cpp,5496,21,generator_specific,0,0,0,0.918
depthwise_separable_conv,cxx_default_on_emitted_cpp,cxx_lt_to_le,depthwise_separable_conv.halide_generated.cpp,5508,21,generator_specific,0,0,0,0.916
depthwise_separable_conv,cxx_default_on_emitted_cpp,cxx_lt_to_le,depthwise_separable_conv.halide_generated.cpp,5518,21,generator_specific,0,0,0,1.036
depthwise_separable_conv,cxx_default_on_emitted_cpp,cxx_lt_to_le,depthwise_separable_conv.halide_generated.cpp,5601,21,generator_specific,0,0,0,1.031
depthwise_separable_conv,cxx_default_on_emitted_cpp,cxx_lt_to_le,depthwise_separable_conv.halide_generated.cpp,5605,21,generator_specific,0,0,0,0.790
depthwise_separable_conv,cxx_default_on_emitted_cpp,cxx_lt_to_le,depthwise_separable_conv.halide_generated.cpp,5618,17,generator_specific,0,0,0,0.912
depthwise_separable_conv,cxx_default_on_emitted_cpp,cxx_lt_to_le,depthwise_separable_conv.halide_generated.cpp,6630,23,generator_specific,0,0,0,0.794
depthwise_separable_conv,cxx_default_on_emitted_cpp,cxx_lt_to_le,depthwise_separable_conv.halide_generated.cpp,6759,19,generator_specific,0,0,0,1.035
depthwise_separable_conv,cxx_default_on_emitted_cpp,cxx_lt_to_le,depthwise_separable_conv.halide_generated.cpp,6764,23,generator_specific,0,0,0,1.033
depthwise_separable_conv,cxx_default_on_emitted_cpp,cxx_lt_to_le,depthwise_separable_conv.halide_generated.cpp,6768,23,generator_specific,0,0,0,0.793
depthwise_separable_conv,cxx_default_on_emitted_cpp,cxx_lt_to_le,depthwise_separable_conv.halide_generated.cpp,6780,23,generator_specific,0,0,0,0.789
depthwise_separable_conv,cxx_default_on_emitted_cpp,cxx_lt_to_le,depthwise_separable_conv.halide_generated.cpp,6787,23,generator_specific,0,0,0,0.918
depthwise_separable_conv,cxx_default_on_emitted_cpp,cxx_mul_to_div,depthwise_separable_conv.halide_generated.cpp,3664,20,generator_specific,0,0,0,0.560
depthwise_separable_conv,cxx_default_on_emitted_cpp,cxx_mul_to_div,depthwise_separable_conv.halide_generated.cpp,3675,20,generator_specific,0,0,0,0.548
depthwise_separable_conv,cxx_default_on_emitted_cpp,cxx_mul_to_div,depthwise_separable_conv.halide_generated.cpp,3676,20,generator_specific,-8,1,1,0.027
depthwise_separable_conv,cxx_default_on_emitted_cpp,cxx_mul_to_div,depthwise_separable_conv.halide_generated.cpp,3679,32,generator_specific,0,0,0,0.546
depthwise_separable_conv,cxx_default_on_emitted_cpp,cxx_mul_to_div,depthwise_separable_conv.halide_generated.cpp,3683,21,generator_specific,-8,1,1,0.027
depthwise_separable_conv,cxx_default_on_emitted_cpp,cxx_mul_to_div,depthwise_separable_conv.halide_generated.cpp,3685,21,generator_specific,-8,1,1,0.026
depthwise_separable_conv,cxx_default_on_emitted_cpp,cxx_mul_to_div,depthwise_separable_conv.halide_generated.cpp,3690,21,generator_specific,0,0,0,0.652
depthwise_separable_conv,cxx_default_on_emitted_cpp,cxx_mul_to_div,depthwise_separable_conv.halide_generated.cpp,3692,21,generator_specific,0,0,0,0.553
depthwise_separable_conv,cxx_default_on_emitted_cpp,cxx_mul_to_div,depthwise_separable_conv.halide_generated.cpp,3693,21,generator_specific,-8,1,1,0.030
depthwise_separable_conv,cxx_default_on_emitted_cpp,cxx_mul_to_div,depthwise_separable_conv.halide_generated.cpp,3703,33,generator_specific,0,0,0,0.656
depthwise_separable_conv,cxx_default_on_emitted_cpp,cxx_mul_to_div,depthwise_separable_conv.halide_generated.cpp,3733,57,generator_specific,0,0,0,0.730
depthwise_separable_conv,cxx_default_on_emitted_cpp,cxx_mul_to_div,depthwise_separable_conv.halide_generated.cpp,3736,40,generator_specific,0,0,0,0.546
depthwise_separable_conv,cxx_default_on_emitted_cpp,cxx_mul_to_div,depthwise_separable_conv.halide_generated.cpp,3746,29,generator_specific,0,0,0,0.883
depthwise_separable_conv,cxx_default_on_emitted_cpp,cxx_mul_to_div,depthwise_separable_conv.halide_generated.cpp,3748,35,generator_specific,0,0,0,0.554
depthwise_separable_conv,cxx_default_on_emitted_cpp,cxx_mul_to_div,depthwise_separable_conv.halide_generated.cpp,3750,35,generator_specific,0,0,0,0.740
depthwise_separable_conv,cxx_default_on_emitted_cpp,cxx_mul_to_div,depthwise_separable_conv.halide_generated.cpp,3755,30,generator_specific,0,0,0,0.632
depthwise_separable_conv,cxx_default_on_emitted_cpp,cxx_mul_to_div,depthwise_separable_conv.halide_generated.cpp,3758,30,generator_specific,0,0,0,0.821
depthwise_separable_conv,cxx_default_on_emitted_cpp,cxx_mul_to_div,depthwise_separable_conv.halide_generated.cpp,3772,30,generator_specific,0,0,0,0.559
depthwise_separable_conv,cxx_default_on_emitted_cpp,cxx_mul_to_div,depthwise_separable_conv.halide_generated.cpp,3775,30,generator_specific,0,0,0,0.553
depthwise_separable_conv,cxx_default_on_emitted_cpp,cxx_mul_to_div,depthwise_separable_conv.halide_generated.cpp,3779,30,generator_specific,0,0,0,0.913
depthwise_separable_conv,cxx_default_on_emitted_cpp,cxx_mul_to_div,depthwise_separable_conv.halide_generated.cpp,3792,30,generator_specific,0,0,0,0.749
depthwise_separable_conv,cxx_default_on_emitted_cpp,cxx_mul_to_div,depthwise_separable_conv.halide_generated.cpp,3796,30,generator_specific,0,0,0,0.642
depthwise_separable_conv,cxx_default_on_emitted_cpp,cxx_mul_to_div,depthwise_separable_conv.halide_generated.cpp,3800,30,generator_specific,0,0,0,0.721
depthwise_separable_conv,cxx_default_on_emitted_cpp,cxx_mul_to_div,depthwise_separable_conv.halide_generated.cpp,3814,30,generator_specific,0,0,0,0.746
depthwise_separable_conv,cxx_default_on_emitted_cpp,cxx_mul_to_div,depthwise_separable_conv.halide_generated.cpp,3818,30,generator_specific,0,0,0,0.554
depthwise_separable_conv,cxx_default_on_emitted_cpp,cxx_mul_to_div,depthwise_separable_conv.halide_generated.cpp,3822,30,generator_specific,0,0,0,0.912
depthwise_separable_conv,cxx_default_on_emitted_cpp,cxx_mul_to_div,depthwise_separable_conv.halide_generated.cpp,3836,30,generator_specific,0,0,0,0.564
depthwise_separable_conv,cxx_default_on_emitted_cpp,cxx_mul_to_div,depthwise_separable_conv.halide_generated.cpp,3864,58,generator_specific,0,0,0,0.729
depthwise_separable_conv,cxx_default_on_emitted_cpp,cxx_mul_to_div,depthwise_separable_conv.halide_generated.cpp,3868,55,generator_specific,0,0,0,0.654
depthwise_separable_conv,cxx_default_on_emitted_cpp,cxx_mul_to_div,depthwise_separable_conv.halide_generated.cpp,3869,55,generator_specific,0,0,0,0.639
depthwise_separable_conv,cxx_default_on_emitted_cpp,cxx_mul_to_div,depthwise_separable_conv.halide_generated.cpp,3874,56,generator_specific,0,0,0,0.634
depthwise_separable_conv,cxx_default_on_emitted_cpp,cxx_mul_to_div,depthwise_separable_conv.halide_generated.cpp,3878,30,generator_specific,0,0,0,0.556
depthwise_separable_conv,cxx_default_on_emitted_cpp,cxx_mul_to_div,depthwise_separable_conv.halide_generated.cpp,3880,30,generator_specific,0,0,0,0.719
depthwise_separable_conv,cxx_default_on_emitted_cpp,cxx_mul_to_div,depthwise_separable_conv.halide_generated.cpp,3884,56,generator_specific,0,0,0,0.553
depthwise_separable_conv,cxx_default_on_emitted_cpp,cxx_mul_to_div,depthwise_separable_conv.halide_generated.cpp,3888,30,generator_specific,0,0,0,0.564
depthwise_separable_conv,cxx_default_on_emitted_cpp,cxx_mul_to_div,depthwise_separable_conv.halide_generated.cpp,3891,30,generator_specific,0,0,0,0.648
depthwise_separable_conv,cxx_default_on_emitted_cpp,cxx_mul_to_div,depthwise_separable_conv.halide_generated.cpp,3895,56,generator_specific,0,0,0,0.655
depthwise_separable_conv,cxx_default_on_emitted_cpp,cxx_mul_to_div,depthwise_separable_conv.halide_generated.cpp,3899,30,generator_specific,0,0,0,0.630
depthwise_separable_conv,cxx_default_on_emitted_cpp,cxx_mul_to_div,depthwise_separable_conv.halide_generated.cpp,3902,30,generator_specific,0,0,0,0.550
depthwise_separable_conv,cxx_default_on_emitted_cpp,cxx_mul_to_div,depthwise_separable_conv.halide_generated.cpp,3906,56,generator_specific,0,0,0,0.839
depthwise_separable_conv,cxx_default_on_emitted_cpp,cxx_mul_to_div,depthwise_separable_conv.halide_generated.cpp,3910,30,generator_specific,0,0,0,0.559
depthwise_separable_conv,cxx_default_on_emitted_cpp,cxx_mul_to_div,depthwise_separable_conv.halide_generated.cpp,3913,30,generator_specific,0,0,0,0.654
depthwise_separable_conv,cxx_default_on_emitted_cpp,cxx_mul_to_div,depthwise_separable_conv.halide_generated.cpp,3917,56,generator_specific,0,0,0,0.557
depthwise_separable_conv,cxx_default_on_emitted_cpp,cxx_mul_to_div,depthwise_separable_conv.halide_generated.cpp,3921,30,generator_specific,0,0,0,0.748
depthwise_separable_conv,cxx_default_on_emitted_cpp,cxx_mul_to_div,depthwise_separable_conv.halide_generated.cpp,3924,30,generator_specific,0,0,0,0.722
depthwise_separable_conv,cxx_default_on_emitted_cpp,cxx_mul_to_div,depthwise_separable_conv.halide_generated.cpp,3928,56,generator_specific,0,0,0,0.645
depthwise_separable_conv,cxx_default_on_emitted_cpp,cxx_mul_to_div,depthwise_separable_conv.halide_generated.cpp,3932,30,generator_specific,0,0,0,0.643
depthwise_separable_conv,cxx_default_on_emitted_cpp,cxx_mul_to_div,depthwise_separable_conv.halide_generated.cpp,3935,30,generator_specific,0,0,0,0.737
depthwise_separable_conv,cxx_default_on_emitted_cpp,cxx_mul_to_div,depthwise_separable_conv.halide_generated.cpp,3941,58,generator_specific,0,0,0,0.652
depthwise_separable_conv,cxx_default_on_emitted_cpp,cxx_mul_to_div,depthwise_separable_conv.halide_generated.cpp,3946,29,generator_specific,0,0,0,0.659
depthwise_separable_conv,cxx_default_on_emitted_cpp,cxx_mul_to_div,depthwise_separable_conv.halide_generated.cpp,3951,29,generator_specific,0,0,0,0.641
depthwise_separable_conv,cxx_default_on_emitted_cpp,cxx_mul_to_div,depthwise_separable_conv.halide_generated.cpp,3956,29,generator_specific,0,0,0,0.560
depthwise_separable_conv,cxx_default_on_emitted_cpp,cxx_mul_to_div,depthwise_separable_conv.halide_generated.cpp,3962,29,generator_specific,0,0,0,0.561
depthwise_separable_conv,cxx_default_on_emitted_cpp,cxx_mul_to_div,depthwise_separable_conv.halide_generated.cpp,3967,29,generator_specific,0,0,0,0.648
depthwise_separable_conv,cxx_default_on_emitted_cpp,cxx_mul_to_div,depthwise_separable_conv.halide_generated.cpp,3973,29,generator_specific,0,0,0,0.756
depthwise_separable_conv,cxx_default_on_emitted_cpp,cxx_mul_to_div,depthwise_separable_conv.halide_generated.cpp,3978,29,generator_specific,0,0,0,0.558
depthwise_separable_conv,cxx_default_on_emitted_cpp,cxx_mul_to_div,depthwise_separable_conv.halide_generated.cpp,3984,29,generator_specific,0,0,0,0.561
depthwise_separable_conv,cxx_default_on_emitted_cpp,cxx_mul_to_div,depthwise_separable_conv.halide_generated.cpp,3989,29,generator_specific,0,0,0,0.829
depthwise_separable_conv,cxx_default_on_emitted_cpp,cxx_mul_to_div,depthwise_separable_conv.halide_generated.cpp,3995,29,generator_specific,0,0,0,0.741
depthwise_separable_conv,cxx_default_on_emitted_cpp,cxx_mul_to_div,depthwise_separable_conv.halide_generated.cpp,4000,29,generator_specific,0,0,0,0.652
depthwise_separable_conv,cxx_default_on_emitted_cpp,cxx_mul_to_div,depthwise_separable_conv.halide_generated.cpp,4006,29,generator_specific,0,0,0,0.828
depthwise_separable_conv,cxx_default_on_emitted_cpp,cxx_mul_to_div,depthwise_separable_conv.halide_generated.cpp,4254,22,generator_specific,0,0,0,0.627
depthwise_separable_conv,cxx_default_on_emitted_cpp,cxx_mul_to_div,depthwise_separable_conv.halide_generated.cpp,4269,22,generator_specific,0,0,0,0.567
depthwise_separable_conv,cxx_default_on_emitted_cpp,cxx_mul_to_div,depthwise_separable_conv.halide_generated.cpp,4270,22,generator_specific,0,0,0,0.660
depthwise_separable_conv,cxx_default_on_emitted_cpp,cxx_mul_to_div,depthwise_separable_conv.halide_generated.cpp,4287,22,generator_specific,0,0,0,0.551
depthwise_separable_conv,cxx_default_on_emitted_cpp,cxx_mul_to_div,depthwise_separable_conv.halide_generated.cpp,4309,33,generator_specific,0,0,0,0.647
depthwise_separable_conv,cxx_default_on_emitted_cpp,cxx_mul_to_div,depthwise_separable_conv.halide_generated.cpp,4313,23,generator_specific,0,0,0,0.817
depthwise_separable_conv,cxx_default_on_emitted_cpp,cxx_mul_to_div,depthwise_separable_conv.halide_generated.cpp,4315,23,generator_specific,0,0,0,0.647
depthwise_separable_conv,cxx_default_on_emitted_cpp,cxx_mul_to_div,depthwise_separable_conv.halide_generated.cpp,4319,23,generator_specific,0,0,0,0.717
depthwise_separable_conv,cxx_default_on_emitted_cpp,cxx_mul_to_div,depthwise_separable_conv.halide_generated.cpp,4321,23,generator_specific,0,0,0,0.724
depthwise_separable_conv,cxx_default_on_emitted_cpp,cxx_mul_to_div,depthwise_separable_conv.halide_generated.cpp,4323,23,generator_specific,0,0,0,0.656
depthwise_separable_conv,cxx_default_on_emitted_cpp,cxx_mul_to_div,depthwise_separable_conv.halide_generated.cpp,4336,34,generator_specific,0,0,0,0.722
depthwise_separable_conv,cxx_default_on_emitted_cpp,cxx_mul_to_div,depthwise_separable_conv.halide_generated.cpp,4363,56,generator_specific,0,0,0,0.740
depthwise_separable_conv,cxx_default_on_emitted_cpp,cxx_mul_to_div,depthwise_separable_conv.halide_generated.cpp,4398,26,generator_specific,0,0,0,0.653
depthwise_separable_conv,cxx_default_on_emitted_cpp,cxx_mul_to_div,depthwise_separable_conv.halide_generated.cpp,4416,27,generator_specific,0,0,0,0.556
depthwise_separable_conv,cxx_default_on_emitted_cpp,cxx_mul_to_div,depthwise_separable_conv.halide_generated.cpp,4418,71,generator_specific,0,0,0,0.639
depthwise_separable_conv,cxx_default_on_emitted_cpp,cxx_mul_to_div,depthwise_separable_conv.halide_generated.cpp,4419,71,generator_specific,0,0,0,0.639
depthwise_separable_conv,cxx_default_on_emitted_cpp,cxx_mul_to_div,depthwise_separable_conv.halide_generated.cpp,4420,55,generator_specific,0,0,0,0.566
depthwise_separable_conv,cxx_default_on_emitted_cpp,cxx_mul_to_div,depthwise_separable_conv.halide_generated.cpp,4426,65,generator_specific,0,0,0,0.831
depthwise_separable_conv,cxx_default_on_emitted_cpp,cxx_mul_to_div,depthwise_separable_conv.halide_generated.cpp,4437,27,generator_specific,0,0,0,0.568
depthwise_separable_conv,cxx_default_on_emitted_cpp,cxx_mul_to_div,depthwise_separable_conv.halide_generated.cpp,4442,40,generator_specific,0,0,0,0.646
depthwise_separable_conv,cxx_default_on_emitted_cpp,cxx_mul_to_div,depthwise_separable_conv.halide_generated.cpp,4446,35,generator_specific,0,0,0,0.646
depthwise_separable_conv,cxx_default_on_emitted_cpp,cxx_mul_to_div,depthwise_separable_conv.halide_generated.cpp,4449,29,generator_specific,0,0,0,0.562
depthwise_separable_conv,cxx_default_on_emitted_cpp,cxx_mul_to_div,depthwise_separable_conv.halide_generated.cpp,4453,29,generator_specific,0,0,0,0.719
depthwise_separable_conv,cxx_default_on_emitted_cpp,cxx_mul_to_div,depthwise_separable_conv.halide_generated.cpp,4456,29,generator_specific,0,0,0,0.745
depthwise_separable_conv,cxx_default_on_emitted_cpp,cxx_mul_to_div,depthwise_separable_conv.halide_generated.cpp,4459,29,generator_specific,0,0,0,0.891
depthwise_separable_conv,cxx_default_on_emitted_cpp,cxx_mul_to_div,depthwise_separable_conv.halide_generated.cpp,4462,29,generator_specific,0,0,0,0.566
depthwise_separable_conv,cxx_default_on_emitted_cpp,cxx_mul_to_div,depthwise_separable_conv.halide_generated.cpp,4468,36,generator_specific,0,0,0,0.566
depthwise_separable_conv,cxx_default_on_emitted_cpp,cxx_mul_to_div,depthwise_separable_conv.halide_generated.cpp,4472,30,generator_specific,0,0,0,0.650
depthwise_separable_conv,cxx_default_on_emitted_cpp,cxx_mul_to_div,depthwise_separable_conv.halide_generated.cpp,4484,36,generator_specific,0,0,0,0.741
depthwise_separable_conv,cxx_default_on_emitted_cpp,cxx_mul_to_div,depthwise_separable_conv.halide_generated.cpp,4486,30,generator_specific,0,0,0,0.641
depthwise_separable_conv,cxx_default_on_emitted_cpp,cxx_mul_to_div,depthwise_separable_conv.halide_generated.cpp,4489,36,generator_specific,0,0,0,0.631
depthwise_separable_conv,cxx_default_on_emitted_cpp,cxx_mul_to_div,depthwise_separable_conv.halide_generated.cpp,4494,30,generator_specific,0,0,0,0.732
depthwise_separable_conv,cxx_default_on_emitted_cpp,cxx_mul_to_div,depthwise_separable_conv.halide_generated.cpp,4509,36,generator_specific,0,0,0,0.545
depthwise_separable_conv,cxx_default_on_emitted_cpp,cxx_mul_to_div,depthwise_separable_conv.halide_generated.cpp,4514,30,generator_specific,0,0,0,0.647
depthwise_separable_conv,cxx_default_on_emitted_cpp,cxx_mul_to_div,depthwise_separable_conv.halide_generated.cpp,4529,36,generator_specific,0,0,0,0.562
depthwise_separable_conv,cxx_default_on_emitted_cpp,cxx_mul_to_div,depthwise_separable_conv.halide_generated.cpp,4534,30,generator_specific,0,0,0,0.543
depthwise_separable_conv,cxx_default_on_emitted_cpp,cxx_mul_to_div,depthwise_separable_conv.halide_generated.cpp,4575,28,generator_specific,0,0,0,0.549
depthwise_separable_conv,cxx_default_on_emitted_cpp,cxx_mul_to_div,depthwise_separable_conv.halide_generated.cpp,4576,58,generator_specific,0,0,0,0.564
depthwise_separable_conv,cxx_default_on_emitted_cpp,cxx_mul_to_div,depthwise_separable_conv.halide_generated.cpp,4577,28,generator_specific,0,0,0,0.729
depthwise_separable_conv,cxx_default_on_emitted_cpp,cxx_mul_to_div,depthwise_separable_conv.halide_generated.cpp,4578,28,generator_specific,0,0,0,0.543
depthwise_separable_conv,cxx_default_on_emitted_cpp,cxx_mul_to_div,depthwise_separable_conv.halide_generated.cpp,4583,29,generator_specific,0,0,0,0.832
depthwise_separable_conv,cxx_default_on_emitted_cpp,cxx_mul_to_div,depthwise_separable_conv.halide_generated.cpp,4585,55,generator_specific,0,0,0,0.624
depthwise_separable_conv,cxx_default_on_emitted_cpp,cxx_mul_to_div,depthwise_separable_conv.halide_generated.cpp,4587,55,generator_specific,0,0,0,0.636
depthwise_separable_conv,cxx_default_on_emitted_cpp,cxx_mul_to_div,depthwise_separable_conv.halide_generated.cpp,4591,56,generator_specific,0,0,0,0.717
depthwise_separable_conv,cxx_default_on_emitted_cpp,cxx_mul_to_div,depthwise_separable_conv.halide_generated.cpp,4593,30,generator_specific,0,0,0,0.714
depthwise_separable_conv,cxx_default_on_emitted_cpp,cxx_mul_to_div,depthwise_separable_conv.halide_generated.cpp,4595,30,generator_specific,0,0,0,0.641
depthwise_separable_conv,cxx_default_on_emitted_cpp,cxx_mul_to_div,depthwise_separable_conv.halide_generated.cpp,4602,56,generator_specific,0,0,0,0.702
depthwise_separable_conv,cxx_default_on_emitted_cpp,cxx_mul_to_div,depthwise_separable_conv.halide_generated.cpp,4633,31,generator_specific,0,0,0,0.549
depthwise_separable_conv,cxx_default_on_emitted_cpp,cxx_mul_to_div,depthwise_separable_conv.halide_generated.cpp,4663,31,generator_specific,0,0,0,0.739
depthwise_separable_conv,cxx_default_on_emitted_cpp,cxx_mul_to_div,depthwise_separable_conv.halide_generated.cpp,4693,31,generator_specific,0,0,0,0.829
depthwise_separable_conv,cxx_default_on_emitted_cpp,cxx_mul_to_div,depthwise_separable_conv.halide_generated.cpp,4723,31,generator_specific,0,0,0,0.631
depthwise_separable_conv,cxx_default_on_emitted_cpp,cxx_mul_to_div,depthwise_separable_conv.halide_generated.cpp,4753,31,generator_specific,0,0,0,0.914
depthwise_separable_conv,cxx_default_on_emitted_cpp,cxx_mul_to_div,depthwise_separable_conv.halide_generated.cpp,4783,31,generator_specific,0,0,0,0.732
depthwise_separable_conv,cxx_default_on_emitted_cpp,cxx_mul_to_div,depthwise_separable_conv.halide_generated.cpp,4791,58,generator_specific,0,0,0,0.893
depthwise_separable_conv,cxx_default_on_emitted_cpp,cxx_mul_to_div,depthwise_separable_conv.halide_generated.cpp,4796,29,generator_specific,0,0,0,0.553
depthwise_separable_conv,cxx_default_on_emitted_cpp,cxx_mul_to_div,depthwise_separable_conv.halide_generated.cpp,4801,29,generator_specific,0,0,0,0.803
depthwise_separable_conv,cxx_default_on_emitted_cpp,cxx_mul_to_div,depthwise_separable_conv.halide_generated.cpp,4806,29,generator_specific,0,0,0,0.638
depthwise_separable_conv,cxx_default_on_emitted_cpp,cxx_mul_to_div,depthwise_separable_conv.halide_generated.cpp,4812,29,generator_specific,0,0,0,0.635
depthwise_separable_conv,cxx_default_on_emitted_cpp,cxx_mul_to_div,depthwise_separable_conv.halide_generated.cpp,4817,29,generator_specific,0,0,0,0.821
depthwise_separable_conv,cxx_default_on_emitted_cpp,cxx_mul_to_div,depthwise_separable_conv.halide_generated.cpp,4823,29,generator_specific,0,0,0,0.794
depthwise_separable_conv,cxx_default_on_emitted_cpp,cxx_mul_to_div,depthwise_separable_conv.halide_generated.cpp,4828,29,generator_specific,0,0,0,0.875
depthwise_separable_conv,cxx_default_on_emitted_cpp,cxx_mul_to_div,depthwise_separable_conv.halide_generated.cpp,4834,29,generator_specific,0,0,0,0.892
depthwise_separable_conv,cxx_default_on_emitted_cpp,cxx_mul_to_div,depthwise_separable_conv.halide_generated.cpp,4839,29,generator_specific,0,0,0,0.808
depthwise_separable_conv,cxx_default_on_emitted_cpp,cxx_mul_to_div,depthwise_separable_conv.halide_generated.cpp,4845,29,generator_specific,0,0,0,0.733
depthwise_separable_conv,cxx_default_on_emitted_cpp,cxx_mul_to_div,depthwise_separable_conv.halide_generated.cpp,4850,29,generator_specific,0,0,0,0.633
depthwise_separable_conv,cxx_default_on_emitted_cpp,cxx_mul_to_div,depthwise_separable_conv.halide_generated.cpp,4856,29,generator_specific,0,0,0,0.650
depthwise_separable_conv,cxx_default_on_emitted_cpp,cxx_mul_to_div,depthwise_separable_conv.halide_generated.cpp,4869,27,generator_specific,0,0,0,0.820
depthwise_separable_conv,cxx_default_on_emitted_cpp,cxx_mul_to_div,depthwise_separable_conv.halide_generated.cpp,4871,71,generator_specific,0,0,0,0.794
depthwise_separable_conv,cxx_default_on_emitted_cpp,cxx_mul_to_div,depthwise_separable_conv.halide_generated.cpp,4872,71,generator_specific,0,0,0,0.879
depthwise_separable_conv,cxx_default_on_emitted_cpp,cxx_mul_to_div,depthwise_separable_conv.halide_generated.cpp,4873,55,generator_specific,0,0,0,0.719
depthwise_separable_conv,cxx_default_on_emitted_cpp,cxx_mul_to_div,depthwise_separable_conv.halide_generated.cpp,4879,65,generator_specific,0,0,0,0.636
depthwise_separable_conv,cxx_default_on_emitted_cpp,cxx_mul_to_div,depthwise_separable_conv.halide_generated.cpp,4888,27,generator_specific,0,0,0,0.632
depthwise_separable_conv,cxx_default_on_emitted_cpp,cxx_mul_to_div,depthwise_separable_conv.halide_generated.cpp,4892,40,generator_specific,0,0,0,0.653
depthwise_separable_conv,cxx_default_on_emitted_cpp,cxx_mul_to_div,depthwise_separable_conv.halide_generated.cpp,4896,35,generator_specific,0,0,0,0.560
depthwise_separable_conv,cxx_default_on_emitted_cpp,cxx_mul_to_div,depthwise_separable_conv.halide_generated.cpp,4899,29,generator_specific,0,0,0,0.750
depthwise_separable_conv,cxx_default_on_emitted_cpp,cxx_mul_to_div,depthwise_separable_conv.halide_generated.cpp,4903,29,generator_specific,0,0,0,0.550
depthwise_separable_conv,cxx_default_on_emitted_cpp,cxx_mul_to_div,depthwise_separable_conv.halide_generated.cpp,4906,29,generator_specific,0,0,0,0.721
depthwise_separable_conv,cxx_default_on_emitted_cpp,cxx_mul_to_div,depthwise_separable_conv.halide_generated.cpp,4909,29,generator_specific,0,0,0,0.764
depthwise_separable_conv,cxx_default_on_emitted_cpp,cxx_mul_to_div,depthwise_separable_conv.halide_generated.cpp,4912,29,generator_specific,0,0,0,0.635
depthwise_separable_conv,cxx_default_on_emitted_cpp,cxx_mul_to_div,depthwise_separable_conv.halide_generated.cpp,4918,36,generator_specific,0,0,0,0.565
depthwise_separable_conv,cxx_default_on_emitted_cpp,cxx_mul_to_div,depthwise_separable_conv.halide_generated.cpp,4922,32,generator_specific,0,0,0,0.737
depthwise_separable_conv,cxx_default_on_emitted_cpp,cxx_mul_to_div,depthwise_separable_conv.halide_generated.cpp,4934,37,generator_specific,0,0,0,0.631
depthwise_separable_conv,cxx_default_on_emitted_cpp,cxx_mul_to_div,depthwise_separable_conv.halide_generated.cpp,4936,32,generator_specific,0,0,0,0.556
depthwise_separable_conv,cxx_default_on_emitted_cpp,cxx_mul_to_div,depthwise_separable_conv.halide_generated.cpp,4939,37,generator_specific,0,0,0,0.545
depthwise_separable_conv,cxx_default_on_emitted_cpp,cxx_mul_to_div,depthwise_separable_conv.halide_generated.cpp,4944,32,generator_specific,0,0,0,0.553
depthwise_separable_conv,cxx_default_on_emitted_cpp,cxx_mul_to_div,depthwise_separable_conv.halide_generated.cpp,4959,37,generator_specific,0,0,0,0.641
depthwise_separable_conv,cxx_default_on_emitted_cpp,cxx_mul_to_div,depthwise_separable_conv.halide_generated.cpp,4964,32,generator_specific,0,0,0,0.642
depthwise_separable_conv,cxx_default_on_emitted_cpp,cxx_mul_to_div,depthwise_separable_conv.halide_generated.cpp,4979,37,generator_specific,0,0,0,0.674
depthwise_separable_conv,cxx_default_on_emitted_cpp,cxx_mul_to_div,depthwise_separable_conv.halide_generated.cpp,4984,32,generator_specific,0,0,0,0.643
depthwise_separable_conv,cxx_default_on_emitted_cpp,cxx_mul_to_div,depthwise_separable_conv.halide_generated.cpp,5025,30,generator_specific,0,0,0,0.905
depthwise_separable_conv,cxx_default_on_emitted_cpp,cxx_mul_to_div,depthwise_separable_conv.halide_generated.cpp,5029,31,generator_specific,0,0,0,0.658
depthwise_separable_conv,cxx_default_on_emitted_cpp,cxx_mul_to_div,depthwise_separable_conv.halide_generated.cpp,5031,56,generator_specific,0,0,0,0.554
depthwise_separable_conv,cxx_default_on_emitted_cpp,cxx_mul_to_div,depthwise_separable_conv.halide_generated.cpp,5033,56,generator_specific,0,0,0,0.552
depthwise_separable_conv,cxx_default_on_emitted_cpp,cxx_mul_to_div,depthwise_separable_conv.halide_generated.cpp,5037,57,generator_specific,0,0,0,0.651
depthwise_separable_conv,cxx_default_on_emitted_cpp,cxx_mul_to_div,depthwise_separable_conv.halide_generated.cpp,5039,32,generator_specific,0,0,0,0.554
depthwise_separable_conv,cxx_default_on_emitted_cpp,cxx_mul_to_div,depthwise_separable_conv.halide_generated.cpp,5041,32,generator_specific,0,0,0,0.918
depthwise_separable_conv,cxx_default_on_emitted_cpp,cxx_mul_to_div,depthwise_separable_conv.halide_generated.cpp,5048,57,generator_specific,0,0,0,0.559
depthwise_separable_conv,cxx_default_on_emitted_cpp,cxx_mul_to_div,depthwise_separable_conv.halide_generated.cpp,5079,33,generator_specific,0,0,0,0.558
depthwise_separable_conv,cxx_default_on_emitted_cpp,cxx_mul_to_div,depthwise_separable_conv.halide_generated.cpp,5109,33,generator_specific,0,0,0,0.555
depthwise_separable_conv,cxx_default_on_emitted_cpp,cxx_mul_to_div,depthwise_separable_conv.halide_generated.cpp,5139,33,generator_specific,0,0,0,0.545
depthwise_separable_conv,cxx_default_on_emitted_cpp,cxx_mul_to_div,depthwise_separable_conv.halide_generated.cpp,5169,33,generator_specific,0,0,0,0.921
depthwise_separable_conv,cxx_default_on_emitted_cpp,cxx_mul_to_div,depthwise_separable_conv.halide_generated.cpp,5199,33,generator_specific,0,0,0,0.798
depthwise_separable_conv,cxx_default_on_emitted_cpp,cxx_mul_to_div,depthwise_separable_conv.halide_generated.cpp,5229,33,generator_specific,0,0,0,0.642
depthwise_separable_conv,cxx_default_on_emitted_cpp,cxx_mul_to_div,depthwise_separable_conv.halide_generated.cpp,5242,31,generator_specific,0,0,0,0.643
depthwise_separable_conv,cxx_default_on_emitted_cpp,cxx_mul_to_div,depthwise_separable_conv.halide_generated.cpp,5247,31,generator_specific,0,0,0,0.734
depthwise_separable_conv,cxx_default_on_emitted_cpp,cxx_mul_to_div,depthwise_separable_conv.halide_generated.cpp,5252,31,generator_specific,0,0,0,0.910
depthwise_separable_conv,cxx_default_on_emitted_cpp,cxx_mul_to_div,depthwise_separable_conv.halide_generated.cpp,5258,31,generator_specific,0,0,0,0.644
depthwise_separable_conv,cxx_default_on_emitted_cpp,cxx_mul_to_div,depthwise_separable_conv.halide_generated.cpp,5263,31,generator_specific,0,0,0,0.638
depthwise_separable_conv,cxx_default_on_emitted_cpp,cxx_mul_to_div,depthwise_separable_conv.halide_generated.cpp,5269,31,generator_specific,0,0,0,0.563
depthwise_separable_conv,cxx_default_on_emitted_cpp,cxx_mul_to_div,depthwise_separable_conv.halide_generated.cpp,5274,31,generator_specific,0,0,0,0.568
depthwise_separable_conv,cxx_default_on_emitted_cpp,cxx_mul_to_div,depthwise_separable_conv.halide_generated.cpp,5280,31,generator_specific,0,0,0,0.562
depthwise_separable_conv,cxx_default_on_emitted_cpp,cxx_mul_to_div,depthwise_separable_conv.halide_generated.cpp,5285,31,generator_specific,0,0,0,0.821
depthwise_separable_conv,cxx_default_on_emitted_cpp,cxx_mul_to_div,depthwise_separable_conv.halide_generated.cpp,5291,31,generator_specific,0,0,0,0.551
depthwise_separable_conv,cxx_default_on_emitted_cpp,cxx_mul_to_div,depthwise_separable_conv.halide_generated.cpp,5296,31,generator_specific,0,0,0,0.660
depthwise_separable_conv,cxx_default_on_emitted_cpp,cxx_mul_to_div,depthwise_separable_conv.halide_generated.cpp,5302,31,generator_specific,0,0,0,0.729
depthwise_separable_conv,cxx_default_on_emitted_cpp,cxx_mul_to_div,depthwise_separable_conv.halide_generated.cpp,5480,24,generator_specific,0,0,0,0.554
depthwise_separable_conv,cxx_default_on_emitted_cpp,cxx_mul_to_div,depthwise_separable_conv.halide_generated.cpp,5483,24,generator_specific,0,0,0,0.560
depthwise_separable_conv,cxx_default_on_emitted_cpp,cxx_mul_to_div,depthwise_separable_conv.halide_generated.cpp,5527,24,generator_specific,0,0,0,0.749
depthwise_separable_conv,cxx_default_on_emitted_cpp,cxx_mul_to_div,depthwise_separable_conv.halide_generated.cpp,5546,24,generator_specific,0,0,0,0.558
depthwise_separable_conv,cxx_default_on_emitted_cpp,cxx_mul_to_div,depthwise_separable_conv.halide_generated.cpp,5570,24,generator_specific,0,0,0,0.572
depthwise_separable_conv,cxx_default_on_emitted_cpp,cxx_mul_to_div,depthwise_separable_conv.halide_generated.cpp,5600,24,generator_specific,0,0,0,0.828
depthwise_separable_conv,cxx_default_on_emitted_cpp,cxx_mul_to_div,depthwise_separable_conv.halide_generated.cpp,5622,24,generator_specific,0,0,0,0.723
depthwise_separable_conv,cxx_default_on_emitted_cpp,cxx_mul_to_div,depthwise_separable_conv.halide_generated.cpp,5624,24,generator_specific,0,0,0,0.637
depthwise_separable_conv,cxx_default_on_emitted_cpp,cxx_mul_to_div,depthwise_separable_conv.halide_generated.cpp,5627,24,generator_specific,0,0,0,0.725
depthwise_separable_conv,cxx_default_on_emitted_cpp,cxx_mul_to_div,depthwise_separable_conv.halide_generated.cpp,5654,25,generator_specific,0,0,0,0.566
depthwise_separable_conv,cxx_default_on_emitted_cpp,cxx_mul_to_div,depthwise_separable_conv.halide_generated.cpp,5659,25,generator_specific,0,0,0,0.649
depthwise_separable_conv,cxx_default_on_emitted_cpp,cxx_mul_to_div,depthwise_separable_conv.halide_generated.cpp,5679,25,generator_specific,0,0,0,0.727
depthwise_separable_conv,cxx_default_on_emitted_cpp,cxx_mul_to_div,depthwise_separable_conv.halide_generated.cpp,5714,25,generator_specific,0,0,0,0.728
depthwise_separable_conv,cxx_default_on_emitted_cpp,cxx_mul_to_div,depthwise_separable_conv.halide_generated.cpp,6146,25,generator_specific,0,0,0,0.655
depthwise_separable_conv,cxx_default_on_emitted_cpp,cxx_mul_to_div,depthwise_separable_conv.halide_generated.cpp,6148,25,generator_specific,0,0,0,0.719
depthwise_separable_conv,cxx_default_on_emitted_cpp,cxx_mul_to_div,depthwise_separable_conv.halide_generated.cpp,6150,25,generator_specific,0,0,0,0.553
depthwise_separable_conv,cxx_default_on_emitted_cpp,cxx_mul_to_div,depthwise_separable_conv.halide_generated.cpp,6153,25,generator_specific,0,0,0,0.653
depthwise_separable_conv,cxx_default_on_emitted_cpp,cxx_mul_to_div,depthwise_separable_conv.halide_generated.cpp,6155,25,generator_specific,0,0,0,0.642
depthwise_separable_conv,cxx_default_on_emitted_cpp,cxx_mul_to_div,depthwise_separable_conv.halide_generated.cpp,6157,25,generator_specific,0,0,0,0.544
depthwise_separable_conv,cxx_default_on_emitted_cpp,cxx_mul_to_div,depthwise_separable_conv.halide_generated.cpp,6160,25,generator_specific,0,0,0,0.647
depthwise_separable_conv,cxx_default_on_emitted_cpp,cxx_mul_to_div,depthwise_separable_conv.halide_generated.cpp,6162,25,generator_specific,0,0,0,0.726
depthwise_separable_conv,cxx_default_on_emitted_cpp,cxx_mul_to_div,depthwise_separable_conv.halide_generated.cpp,6164,25,generator_specific,0,0,0,0.723
depthwise_separable_conv,cxx_default_on_emitted_cpp,cxx_mul_to_div,depthwise_separable_conv.halide_generated.cpp,6167,25,generator_specific,0,0,0,0.730
depthwise_separable_conv,cxx_default_on_emitted_cpp,cxx_mul_to_div,depthwise_separable_conv.halide_generated.cpp,6218,25,generator_specific,0,0,0,0.742
depthwise_separable_conv,cxx_default_on_emitted_cpp,cxx_mul_to_div,depthwise_separable_conv.halide_generated.cpp,6231,26,generator_specific,0,0,0,0.744
depthwise_separable_conv,cxx_default_on_emitted_cpp,cxx_mul_to_div,depthwise_separable_conv.halide_generated.cpp,6252,25,generator_specific,0,0,0,0.552
depthwise_separable_conv,cxx_default_on_emitted_cpp,cxx_mul_to_div,depthwise_separable_conv.halide_generated.cpp,6265,26,generator_specific,0,0,0,0.628
depthwise_separable_conv,cxx_default_on_emitted_cpp,cxx_mul_to_div,depthwise_separable_conv.halide_generated.cpp,6296,25,generator_specific,0,0,0,0.554
depthwise_separable_conv,cxx_default_on_emitted_cpp,cxx_mul_to_div,depthwise_separable_conv.halide_generated.cpp,6309,26,generator_specific,0,0,0,0.552
depthwise_separable_conv,cxx_default_on_emitted_cpp,cxx_mul_to_div,depthwise_separable_conv.halide_generated.cpp,6330,25,generator_specific,0,0,0,0.923
depthwise_separable_conv,cxx_default_on_emitted_cpp,cxx_mul_to_div,depthwise_separable_conv.halide_generated.cpp,6343,26,generator_specific,0,0,0,0.647
depthwise_separable_conv,cxx_default_on_emitted_cpp,cxx_mul_to_div,depthwise_separable_conv.halide_generated.cpp,6364,25,generator_specific,0,0,0,0.561
depthwise_separable_conv,cxx_default_on_emitted_cpp,cxx_mul_to_div,depthwise_separable_conv.halide_generated.cpp,6377,26,generator_specific,0,0,0,0.716
depthwise_separable_conv,cxx_default_on_emitted_cpp,cxx_mul_to_div,depthwise_separable_conv.halide_generated.cpp,6408,25,generator_specific,0,0,0,0.722
depthwise_separable_conv,cxx_default_on_emitted_cpp,cxx_mul_to_div,depthwise_separable_conv.halide_generated.cpp,6421,26,generator_specific,0,0,0,0.893
depthwise_separable_conv,cxx_default_on_emitted_cpp,cxx_mul_to_div,depthwise_separable_conv.halide_generated.cpp,6442,25,generator_specific,0,0,0,0.821
depthwise_separable_conv,cxx_default_on_emitted_cpp,cxx_mul_to_div,depthwise_separable_conv.halide_generated.cpp,6455,26,generator_specific,0,0,0,0.639
depthwise_separable_conv,cxx_default_on_emitted_cpp,cxx_mul_to_div,depthwise_separable_conv.halide_generated.cpp,6476,25,generator_specific,0,0,0,0.739
depthwise_separable_conv,cxx_default_on_emitted_cpp,cxx_mul_to_div,depthwise_separable_conv.halide_generated.cpp,6489,26,generator_specific,0,0,0,0.553
depthwise_separable_conv,cxx_default_on_emitted_cpp,cxx_mul_to_div,depthwise_separable_conv.halide_generated.cpp,6520,25,generator_specific,0,0,0,0.639
depthwise_separable_conv,cxx_default_on_emitted_cpp,cxx_mul_to_div,depthwise_separable_conv.halide_generated.cpp,6533,26,generator_specific,0,0,0,0.897
depthwise_separable_conv,cxx_default_on_emitted_cpp,cxx_mul_to_div,depthwise_separable_conv.halide_generated.cpp,6639,26,generator_specific,0,0,0,0.992
depthwise_separable_conv,cxx_default_on_emitted_cpp,cxx_mul_to_div,depthwise_separable_conv.halide_generated.cpp,6640,26,generator_specific,0,0,0,0.722
depthwise_separable_conv,cxx_default_on_emitted_cpp,cxx_mul_to_div,depthwise_separable_conv.halide_generated.cpp,6642,26,generator_specific,0,0,0,0.909
depthwise_separable_conv,cxx_default_on_emitted_cpp,cxx_mul_to_div,depthwise_separable_conv.halide_generated.cpp,6644,26,generator_specific,0,0,0,0.634
depthwise_separable_conv,cxx_default_on_emitted_cpp,cxx_mul_to_div,depthwise_separable_conv.halide_generated.cpp,6647,26,generator_specific,0,0,0,0.644
depthwise_separable_conv,cxx_default_on_emitted_cpp,cxx_mul_to_div,depthwise_separable_conv.halide_generated.cpp,6651,26,generator_specific,0,0,0,0.743
depthwise_separable_conv,cxx_default_on_emitted_cpp,cxx_mul_to_div,depthwise_separable_conv.halide_generated.cpp,6652,26,generator_specific,0,0,0,0.635
depthwise_separable_conv,cxx_default_on_emitted_cpp,cxx_mul_to_div,depthwise_separable_conv.halide_generated.cpp,6653,26,generator_specific,0,0,0,0.722
depthwise_separable_conv,cxx_default_on_emitted_cpp,cxx_mul_to_div,depthwise_separable_conv.halide_generated.cpp,6658,26,generator_specific,0,0,0,0.739
depthwise_separable_conv,cxx_default_on_emitted_cpp,cxx_mul_to_div,depthwise_separable_conv.halide_generated.cpp,6659,26,generator_specific,0,0,0,0.821
depthwise_separable_conv,cxx_default_on_emitted_cpp,cxx_mul_to_div,depthwise_separable_conv.halide_generated.cpp,6747,26,generator_specific,0,0,0,0.828
depthwise_separable_conv,cxx_default_on_emitted_cpp,cxx_mul_to_div,depthwise_separable_conv.halide_generated.cpp,6748,26,generator_specific,0,0,0,0.551
depthwise_separable_conv,cxx_default_on_emitted_cpp,cxx_mul_to_div,depthwise_separable_conv.halide_generated.cpp,6749,26,generator_specific,0,0,0,0.640
depthwise_separable_conv,cxx_default_on_emitted_cpp,cxx_mul_to_div,depthwise_separable_conv.halide_generated.cpp,6750,26,generator_specific,0,0,0,0.550
depthwise_separable_conv,cxx_default_on_emitted_cpp,cxx_mul_to_div,depthwise_separable_conv.halide_generated.cpp,6751,26,generator_specific,0,0,0,0.895
depthwise_separable_conv,cxx_default_on_emitted_cpp,cxx_mul_to_div,depthwise_separable_conv.halide_generated.cpp,6752,26,generator_specific,0,0,0,0.731
depthwise_separable_conv,cxx_default_on_emitted_cpp,cxx_mul_to_div,depthwise_separable_conv.halide_generated.cpp,6756,26,generator_specific,0,0,0,0.648
depthwise_separable_conv,cxx_default_on_emitted_cpp,cxx_mul_to_div,depthwise_separable_conv.halide_generated.cpp,6797,26,generator_specific,0,0,0,0.647
depthwise_separable_conv,cxx_default_on_emitted_cpp,cxx_mul_to_div,depthwise_separable_conv.halide_generated.cpp,6800,26,generator_specific,0,0,0,0.646
depthwise_separable_conv,cxx_default_on_emitted_cpp,cxx_mul_to_div,depthwise_separable_conv.halide_generated.cpp,6801,26,generator_specific,0,0,0,0.548
depthwise_separable_conv,cxx_default_on_emitted_cpp,cxx_mul_to_div,depthwise_separable_conv.halide_generated.cpp,6802,26,generator_specific,0,0,0,0.732
depthwise_separable_conv,cxx_default_on_emitted_cpp,cxx_mul_to_div,depthwise_separable_conv.halide_generated.cpp,6807,26,generator_specific,0,0,0,0.926
depthwise_separable_conv,cxx_default_on_emitted_cpp,cxx_mul_to_div,depthwise_separable_conv.halide_generated.cpp,6809,26,generator_specific,0,0,0,0.902
depthwise_separable_conv,cxx_default_on_emitted_cpp,cxx_mul_to_div,depthwise_separable_conv.halide_generated.cpp,6811,26,generator_specific,0,0,0,0.995
depthwise_separable_conv,cxx_default_on_emitted_cpp,cxx_mul_to_div,depthwise_separable_conv.halide_generated.cpp,6814,26,generator_specific,0,0,0,0.547
depthwise_separable_conv,cxx_default_on_emitted_cpp,cxx_ne_to_eq,depthwise_separable_conv.halide_generated.cpp,1814,31,boilerplate,-6,1,1,0.026
depthwise_separable_conv,cxx_default_on_emitted_cpp,cxx_ne_to_eq,depthwise_separable_conv.halide_generated.cpp,2529,15,boilerplate,0,0,0,0.712
depthwise_separable_conv,cxx_default_on_emitted_cpp,cxx_ne_to_eq,depthwise_separable_conv.halide_generated.cpp,4427,18,generator_specific,0,0,0,0.803
depthwise_separable_conv,cxx_default_on_emitted_cpp,cxx_ne_to_eq,depthwise_separable_conv.halide_generated.cpp,4880,18,generator_specific,0,0,0,0.542
depthwise_separable_conv,cxx_default_on_emitted_cpp,cxx_ne_to_eq,depthwise_separable_conv.halide_generated.cpp,5357,21,generator_specific,-6,1,1,0.026
depthwise_separable_conv,cxx_default_on_emitted_cpp,cxx_ne_to_eq,depthwise_separable_conv.halide_generated.cpp,5365,21,generator_specific,-6,1,1,0.029
depthwise_separable_conv,cxx_default_on_emitted_cpp,cxx_ne_to_eq,depthwise_separable_conv.halide_generated.cpp,5373,21,generator_specific,-6,1,1,0.026
depthwise_separable_conv,cxx_default_on_emitted_cpp,cxx_ne_to_eq,depthwise_separable_conv.halide_generated.cpp,5381,21,generator_specific,-6,1,1,0.027
depthwise_separable_conv,cxx_default_on_emitted_cpp,cxx_ne_to_eq,depthwise_separable_conv.halide_generated.cpp,5389,21,generator_specific,-6,1,1,0.027
depthwise_separable_conv,cxx_default_on_emitted_cpp,cxx_ne_to_eq,depthwise_separable_conv.halide_generated.cpp,6583,22,generator_specific,-6,1,1,0.027
depthwise_separable_conv,cxx_default_on_emitted_cpp,cxx_ne_to_eq,depthwise_separable_conv.halide_generated.cpp,6590,34,generator_specific,-6,1,1,0.027
depthwise_separable_conv,cxx_default_on_emitted_cpp,cxx_ne_to_eq,depthwise_separable_conv.halide_generated.cpp,6597,23,generator_specific,-6,1,1,0.028
depthwise_separable_conv,cxx_default_on_emitted_cpp,cxx_ne_to_eq,depthwise_separable_conv.halide_generated.cpp,6604,24,generator_specific,-6,1,1,0.026
depthwise_separable_conv,cxx_default_on_emitted_cpp,cxx_ne_to_eq,depthwise_separable_conv.halide_generated.cpp,6611,34,generator_specific,-6,1,1,0.026
depthwise_separable_conv,cxx_default_on_emitted_cpp,cxx_ne_to_eq,depthwise_separable_conv.halide_generated.cpp,6762,23,generator_specific,0,0,0,0.638
depthwise_separable_conv,cxx_default_on_emitted_cpp,cxx_post_inc_to_post_dec,depthwise_separable_conv.halide_generated.cpp,2530,42,boilerplate,0,0,0,0.835
depthwise_separable_conv,cxx_default_on_emitted_cpp,cxx_post_inc_to_post_dec,depthwise_separable_conv.halide_generated.cpp,3250,40,boilerplate,0,0,0,0.739
depthwise_separable_conv,cxx_default_on_emitted_cpp,cxx_post_inc_to_post_dec,depthwise_separable_conv.halide_generated.cpp,3270,40,boilerplate,0,0,0,0.652
depthwise_separable_conv,cxx_default_on_emitted_cpp,cxx_post_inc_to_post_dec,depthwise_separable_conv.halide_generated.cpp,3357,40,boilerplate,0,0,0,0.754
depthwise_separable_conv,cxx_default_on_emitted_cpp,cxx_post_inc_to_post_dec,depthwise_separable_conv.halide_generated.cpp,3387,40,boilerplate,0,0,0,0.643
depthwise_separable_conv,cxx_default_on_emitted_cpp,cxx_post_inc_to_post_dec,depthwise_separable_conv.halide_generated.cpp,3677,71,generator_specific,-11,1,1,0.027
depthwise_separable_conv,cxx_default_on_emitted_cpp,cxx_post_inc_to_post_dec,depthwise_separable_conv.halide_generated.cpp,3701,72,generator_specific,-11,1,1,0.029
depthwise_separable_conv,cxx_default_on_emitted_cpp,cxx_post_inc_to_post_dec,depthwise_separable_conv.halide_generated.cpp,3728,134,generator_specific,-11,1,1,0.027
depthwise_separable_conv,cxx_default_on_emitted_cpp,cxx_post_inc_to_post_dec,depthwise_separable_conv.halide_generated.cpp,3734,80,generator_specific,-11,1,1,0.029
depthwise_separable_conv,cxx_default_on_emitted_cpp,cxx_post_inc_to_post_dec,depthwise_separable_conv.halide_generated.cpp,3738,63,generator_specific,-11,1,1,0.026
depthwise_separable_conv,cxx_default_on_emitted_cpp,cxx_post_inc_to_post_dec,depthwise_separable_conv.halide_generated.cpp,3752,64,generator_specific,-11,1,1,0.026
depthwise_separable_conv,cxx_default_on_emitted_cpp,cxx_post_inc_to_post_dec,depthwise_separable_conv.halide_generated.cpp,3866,123,generator_specific,-11,1,1,0.026
depthwise_separable_conv,cxx_default_on_emitted_cpp,cxx_post_inc_to_post_dec,depthwise_separable_conv.halide_generated.cpp,3871,124,generator_specific,-11,1,1,0.027
depthwise_separable_conv,cxx_default_on_emitted_cpp,cxx_post_inc_to_post_dec,depthwise_separable_conv.halide_generated.cpp,3942,136,generator_specific,-11,1,1,0.026
depthwise_separable_conv,cxx_default_on_emitted_cpp,cxx_post_inc_to_post_dec,depthwise_separable_conv.halide_generated.cpp,4307,72,generator_specific,0,0,0,0.730
depthwise_separable_conv,cxx_default_on_emitted_cpp,cxx_post_inc_to_post_dec,depthwise_separable_conv.halide_generated.cpp,4334,73,generator_specific,0,0,0,0.556
depthwise_separable_conv,cxx_default_on_emitted_cpp,cxx_post_inc_to_post_dec,depthwise_separable_conv.halide_generated.cpp,4361,135,generator_specific,0,0,0,0.735
depthwise_separable_conv,cxx_default_on_emitted_cpp,cxx_post_inc_to_post_dec,depthwise_separable_conv.halide_generated.cpp,4440,83,generator_specific,0,0,0,0.626
depthwise_separable_conv,cxx_default_on_emitted_cpp,cxx_post_inc_to_post_dec,depthwise_separable_conv.halide_generated.cpp,4444,66,generator_specific,0,0,0,0.927
depthwise_separable_conv,cxx_default_on_emitted_cpp,cxx_post_inc_to_post_dec,depthwise_separable_conv.halide_generated.cpp,4466,67,generator_specific,0,0,0,0.910
depthwise_separable_conv,cxx_default_on_emitted_cpp,cxx_post_inc_to_post_dec,depthwise_separable_conv.halide_generated.cpp,4580,126,generator_specific,0,0,0,0.731
depthwise_separable_conv,cxx_default_on_emitted_cpp,cxx_post_inc_to_post_dec,depthwise_separable_conv.halide_generated.cpp,4589,127,generator_specific,0,0,0,0.822
depthwise_separable_conv,cxx_default_on_emitted_cpp,cxx_post_inc_to_post_dec,depthwise_separable_conv.halide_generated.cpp,4604,128,generator_specific,0,0,0,0.665
depthwise_separable_conv,cxx_default_on_emitted_cpp,cxx_post_inc_to_post_dec,depthwise_separable_conv.halide_generated.cpp,4792,136,generator_specific,0,0,0,0.743
depthwise_separable_conv,cxx_default_on_emitted_cpp,cxx_post_inc_to_post_dec,depthwise_separable_conv.halide_generated.cpp,4890,83,generator_specific,0,0,0,0.641
depthwise_separable_conv,cxx_default_on_emitted_cpp,cxx_post_inc_to_post_dec,depthwise_separable_conv.halide_generated.cpp,4894,66,generator_specific,0,0,0,0.847
depthwise_separable_conv,cxx_default_on_emitted_cpp,cxx_post_inc_to_post_dec,depthwise_separable_conv.halide_generated.cpp,4916,67,generator_specific,0,0,0,0.847
depthwise_separable_conv,cxx_default_on_emitted_cpp,cxx_post_inc_to_post_dec,depthwise_separable_conv.halide_generated.cpp,5026,126,generator_specific,0,0,0,0.629
depthwise_separable_conv,cxx_default_on_emitted_cpp,cxx_post_inc_to_post_dec,depthwise_separable_conv.halide_generated.cpp,5035,127,generator_specific,0,0,0,0.717
depthwise_separable_conv,cxx_default_on_emitted_cpp,cxx_post_inc_to_post_dec,depthwise_separable_conv.halide_generated.cpp,5050,128,generator_specific,0,0,0,0.731
depthwise_separable_conv,cxx_default_on_emitted_cpp,cxx_post_inc_to_post_dec,depthwise_separable_conv.halide_generated.cpp,5238,138,generator_specific,0,0,0,0.635
depthwise_separable_conv,cxx_default_on_emitted_cpp,cxx_rem_to_div,depthwise_separable_conv.halide_generated.cpp,3656,20,generator_specific,0,0,0,0.627
depthwise_separable_conv,cxx_default_on_emitted_cpp,cxx_rem_to_div,depthwise_separable_conv.halide_generated.cpp,4246,22,generator_specific,0,0,0,0.728
depthwise_separable_conv,cxx_default_on_emitted_cpp,cxx_remove_void_call,depthwise_separable_conv.halide_generated.cpp,285,13,boilerplate,0,0,0,0.708
depthwise_separable_conv,cxx_default_on_emitted_cpp,cxx_remove_void_call,depthwise_separable_conv.halide_generated.cpp,3531,2,generator_specific,0,0,0,0.730
depthwise_separable_conv,cxx_default_on_emitted_cpp,cxx_remove_void_call,depthwise_separable_conv.halide_generated.cpp,3604,2,generator_specific,0,0,0,0.555
depthwise_separable_conv,cxx_default_on_emitted_cpp,cxx_remove_void_call,depthwise_separable_conv.halide_generated.cpp,3607,2,generator_specific,0,0,0,0.913
depthwise_separable_conv,cxx_default_on_emitted_cpp,cxx_remove_void_call,depthwise_separable_conv.halide_generated.cpp,3610,2,generator_specific,0,0,0,0.821
depthwise_separable_conv,cxx_default_on_emitted_cpp,cxx_remove_void_call,depthwise_separable_conv.halide_generated.cpp,3613,2,generator_specific,0,0,0,0.815
depthwise_separable_conv,cxx_default_on_emitted_cpp,cxx_remove_void_call,depthwise_separable_conv.halide_generated.cpp,3616,2,generator_specific,0,0,0,0.725
depthwise_separable_conv,cxx_default_on_emitted_cpp,cxx_remove_void_call,depthwise_separable_conv.halide_generated.cpp,3619,2,generator_specific,0,0,0,0.905
depthwise_separable_conv,cxx_default_on_emitted_cpp,cxx_remove_void_call,depthwise_separable_conv.halide_generated.cpp,3711,5,generator_specific,0,0,0,0.903
depthwise_separable_conv,cxx_default_on_emitted_cpp,cxx_remove_void_call,depthwise_separable_conv.halide_generated.cpp,3714,5,generator_specific,0,0,0,0.641
depthwise_separable_conv,cxx_default_on_emitted_cpp,cxx_remove_void_call,depthwise_separable_conv.halide_generated.cpp,3717,5,generator_specific,0,0,0,0.748
depthwise_separable_conv,cxx_default_on_emitted_cpp,cxx_remove_void_call,depthwise_separable_conv.halide_generated.cpp,3720,5,generator_specific,0,0,0,0.648
depthwise_separable_conv,cxx_default_on_emitted_cpp,cxx_remove_void_call,depthwise_separable_conv.halide_generated.cpp,3723,5,generator_specific,0,0,0,0.558
depthwise_separable_conv,cxx_default_on_emitted_cpp,cxx_remove_void_call,depthwise_separable_conv.halide_generated.cpp,3726,5,generator_specific,0,0,0,0.735
depthwise_separable_conv,cxx_default_on_emitted_cpp,cxx_remove_void_call,depthwise_separable_conv.halide_generated.cpp,3773,10,generator_specific,0,0,0,0.824
depthwise_separable_conv,cxx_default_on_emitted_cpp,cxx_remove_void_call,depthwise_separable_conv.halide_generated.cpp,3794,10,generator_specific,0,0,0,0.562
depthwise_separable_conv,cxx_default_on_emitted_cpp,cxx_remove_void_call,depthwise_separable_conv.halide_generated.cpp,3816,10,generator_specific,0,0,0,0.555
depthwise_separable_conv,cxx_default_on_emitted_cpp,cxx_remove_void_call,depthwise_separable_conv.halide_generated.cpp,3838,10,generator_specific,0,0,0,0.724
depthwise_separable_conv,cxx_default_on_emitted_cpp,cxx_remove_void_call,depthwise_separable_conv.halide_generated.cpp,3847,8,generator_specific,0,0,0,0.647
depthwise_separable_conv,cxx_default_on_emitted_cpp,cxx_remove_void_call,depthwise_separable_conv.halide_generated.cpp,3850,8,generator_specific,0,0,0,0.732
depthwise_separable_conv,cxx_default_on_emitted_cpp,cxx_remove_void_call,depthwise_separable_conv.halide_generated.cpp,3853,8,generator_specific,0,0,0,0.637
depthwise_separable_conv,cxx_default_on_emitted_cpp,cxx_remove_void_call,depthwise_separable_conv.halide_generated.cpp,3856,8,generator_specific,0,0,0,0.735
depthwise_separable_conv,cxx_default_on_emitted_cpp,cxx_remove_void_call,depthwise_separable_conv.halide_generated.cpp,3859,8,generator_specific,0,0,0,0.535
depthwise_separable_conv,cxx_default_on_emitted_cpp,cxx_remove_void_call,depthwise_separable_conv.halide_generated.cpp,3862,8,generator_specific,0,0,0,0.561
depthwise_separable_conv,cxx_default_on_emitted_cpp,cxx_remove_void_call,depthwise_separable_conv.halide_generated.cpp,3882,10,generator_specific,0,0,0,0.830
depthwise_separable_conv,cxx_default_on_emitted_cpp,cxx_remove_void_call,depthwise_separable_conv.halide_generated.cpp,3893,10,generator_specific,0,0,0,0.834
depthwise_separable_conv,cxx_default_on_emitted_cpp,cxx_remove_void_call,depthwise_separable_conv.halide_generated.cpp,3904,10,generator_specific,0,0,0,0.726
depthwise_separable_conv,cxx_default_on_emitted_cpp,cxx_remove_void_call,depthwise_separable_conv.halide_generated.cpp,3915,10,generator_specific,0,0,0,0.733
depthwise_separable_conv,cxx_default_on_emitted_cpp,cxx_remove_void_call,depthwise_separable_conv.halide_generated.cpp,3926,10,generator_specific,0,0,0,0.725
depthwise_separable_conv,cxx_default_on_emitted_cpp,cxx_remove_void_call,depthwise_separable_conv.halide_generated.cpp,3937,10,generator_specific,0,0,0,0.728
depthwise_separable_conv,cxx_default_on_emitted_cpp,cxx_remove_void_call,depthwise_separable_conv.halide_generated.cpp,3953,9,generator_specific,0,0,0,0.557
depthwise_separable_conv,cxx_default_on_emitted_cpp,cxx_remove_void_call,depthwise_separable_conv.halide_generated.cpp,3964,9,generator_specific,0,0,0,0.639
depthwise_separable_conv,cxx_default_on_emitted_cpp,cxx_remove_void_call,depthwise_separable_conv.halide_generated.cpp,3975,9,generator_specific,0,0,0,0.544
depthwise_separable_conv,cxx_default_on_emitted_cpp,cxx_remove_void_call,depthwise_separable_conv.halide_generated.cpp,3986,9,generator_specific,0,0,0,0.556
depthwise_separable_conv,cxx_default_on_emitted_cpp,cxx_remove_void_call,depthwise_separable_conv.halide_generated.cpp,3997,9,generator_specific,0,0,0,0.652
depthwise_separable_conv,cxx_default_on_emitted_cpp,cxx_remove_void_call,depthwise_separable_conv.halide_generated.cpp,4008,9,generator_specific,0,0,0,0.918
depthwise_separable_conv,cxx_default_on_emitted_cpp,cxx_remove_void_call,depthwise_separable_conv.halide_generated.cpp,4019,5,generator_specific,0,0,0,0.730
depthwise_separable_conv,cxx_default_on_emitted_cpp,cxx_remove_void_call,depthwise_separable_conv.halide_generated.cpp,4025,5,generator_specific,0,0,0,0.920
depthwise_separable_conv,cxx_default_on_emitted_cpp,cxx_remove_void_call,depthwise_separable_conv.halide_generated.cpp,4031,5,generator_specific,0,0,0,0.729
depthwise_separable_conv,cxx_default_on_emitted_cpp,cxx_remove_void_call,depthwise_separable_conv.halide_generated.cpp,4037,5,generator_specific,0,0,0,0.900
depthwise_separable_conv,cxx_default_on_emitted_cpp,cxx_remove_void_call,depthwise_separable_conv.halide_generated.cpp,4043,5,generator_specific,0,0,0,0.635
depthwise_separable_conv,cxx_default_on_emitted_cpp,cxx_remove_void_call,depthwise_separable_conv.halide_generated.cpp,4049,5,generator_specific,0,0,0,0.633
depthwise_separable_conv,cxx_default_on_emitted_cpp,cxx_remove_void_call,depthwise_separable_conv.halide_generated.cpp,4058,2,generator_specific,0,0,0,0.729
depthwise_separable_conv,cxx_default_on_emitted_cpp,cxx_remove_void_call,depthwise_separable_conv.halide_generated.cpp,4173,2,generator_specific,0,0,0,0.524
depthwise_separable_conv,cxx_default_on_emitted_cpp,cxx_remove_void_call,depthwise_separable_conv.halide_generated.cpp,4176,2,generator_specific,0,0,0,0.741
depthwise_separable_conv,cxx_default_on_emitted_cpp,cxx_remove_void_call,depthwise_separable_conv.halide_generated.cpp,4179,2,generator_specific,0,0,0,0.726
depthwise_separable_conv,cxx_default_on_emitted_cpp,cxx_remove_void_call,depthwise_separable_conv.halide_generated.cpp,4182,2,generator_specific,0,0,0,0.728
depthwise_separable_conv,cxx_default_on_emitted_cpp,cxx_remove_void_call,depthwise_separable_conv.halide_generated.cpp,4185,2,generator_specific,0,0,0,0.644
depthwise_separable_conv,cxx_default_on_emitted_cpp,cxx_remove_void_call,depthwise_separable_conv.halide_generated.cpp,4188,2,generator_specific,0,0,0,0.712
depthwise_separable_conv,cxx_default_on_emitted_cpp,cxx_remove_void_call,depthwise_separable_conv.halide_generated.cpp,4344,5,generator_specific,0,0,0,0.537
depthwise_separable_conv,cxx_default_on_emitted_cpp,cxx_remove_void_call,depthwise_separable_conv.halide_generated.cpp,4347,5,generator_specific,0,0,0,0.708
depthwise_separable_conv,cxx_default_on_emitted_cpp,cxx_remove_void_call,depthwise_separable_conv.halide_generated.cpp,4350,5,generator_specific,0,0,0,0.748
depthwise_separable_conv,cxx_default_on_emitted_cpp,cxx_remove_void_call,depthwise_separable_conv.halide_generated.cpp,4353,5,generator_specific,0,0,0,0.704
depthwise_separable_conv,cxx_default_on_emitted_cpp,cxx_remove_void_call,depthwise_separable_conv.halide_generated.cpp,4356,5,generator_specific,0,0,0,0.724
depthwise_separable_conv,cxx_default_on_emitted_cpp,cxx_remove_void_call,depthwise_separable_conv.halide_generated.cpp,4359,5,generator_specific,0,0,0,0.633
depthwise_separable_conv,cxx_default_on_emitted_cpp,cxx_remove_void_call,depthwise_separable_conv.halide_generated.cpp,4422,8,generator_specific,0,0,0,0.645
depthwise_separable_conv,cxx_default_on_emitted_cpp,cxx_remove_void_call,depthwise_separable_conv.halide_generated.cpp,4488,10,generator_specific,0,0,0,0.717
depthwise_separable_conv,cxx_default_on_emitted_cpp,cxx_remove_void_call,depthwise_separable_conv.halide_generated.cpp,4508,10,generator_specific,0,0,0,0.646
depthwise_separable_conv,cxx_default_on_emitted_cpp,cxx_remove_void_call,depthwise_separable_conv.halide_generated.cpp,4528,10,generator_specific,0,0,0,0.821
depthwise_separable_conv,cxx_default_on_emitted_cpp,cxx_remove_void_call,depthwise_separable_conv.halide_generated.cpp,4548,10,generator_specific,0,0,0,0.895
depthwise_separable_conv,cxx_default_on_emitted_cpp,cxx_remove_void_call,depthwise_separable_conv.halide_generated.cpp,4557,8,generator_specific,0,0,0,0.730
depthwise_separable_conv,cxx_default_on_emitted_cpp,cxx_remove_void_call,depthwise_separable_conv.halide_generated.cpp,4560,8,generator_specific,0,0,0,0.635
depthwise_separable_conv,cxx_default_on_emitted_cpp,cxx_remove_void_call,depthwise_separable_conv.halide_generated.cpp,4563,8,generator_specific,0,0,0,0.636
depthwise_separable_conv,cxx_default_on_emitted_cpp,cxx_remove_void_call,depthwise_separable_conv.halide_generated.cpp,4566,8,generator_specific,0,0,0,0.547
depthwise_separable_conv,cxx_default_on_emitted_cpp,cxx_remove_void_call,depthwise_separable_conv.halide_generated.cpp,4569,8,generator_specific,0,0,0,0.913
depthwise_separable_conv,cxx_default_on_emitted_cpp,cxx_remove_void_call,depthwise_separable_conv.halide_generated.cpp,4572,8,generator_specific,0,0,0,0.552
depthwise_separable_conv,cxx_default_on_emitted_cpp,cxx_remove_void_call,depthwise_separable_conv.halide_generated.cpp,4635,11,generator_specific,0,0,0,0.726
depthwise_separable_conv,cxx_default_on_emitted_cpp,cxx_remove_void_call,depthwise_separable_conv.halide_generated.cpp,4665,11,generator_specific,0,0,0,0.901
depthwise_separable_conv,cxx_default_on_emitted_cpp,cxx_remove_void_call,depthwise_separable_conv.halide_generated.cpp,4695,11,generator_specific,0,0,0,0.917
depthwise_separable_conv,cxx_default_on_emitted_cpp,cxx_remove_void_call,depthwise_separable_conv.halide_generated.cpp,4725,11,generator_specific,0,0,0,0.725
depthwise_separable_conv,cxx_default_on_emitted_cpp,cxx_remove_void_call,depthwise_separable_conv.halide_generated.cpp,4755,11,generator_specific,0,0,0,0.893
depthwise_separable_conv,cxx_default_on_emitted_cpp,cxx_remove_void_call,depthwise_separable_conv.halide_generated.cpp,4785,11,generator_specific,0,0,0,0.728
depthwise_separable_conv,cxx_default_on_emitted_cpp,cxx_remove_void_call,depthwise_separable_conv.halide_generated.cpp,4803,9,generator_specific,0,0,0,0.712
depthwise_separable_conv,cxx_default_on_emitted_cpp,cxx_remove_void_call,depthwise_separable_conv.halide_generated.cpp,4814,9,generator_specific,0,0,0,0.555
depthwise_separable_conv,cxx_default_on_emitted_cpp,cxx_remove_void_call,depthwise_separable_conv.halide_generated.cpp,4825,9,generator_specific,0,0,0,0.900
depthwise_separable_conv,cxx_default_on_emitted_cpp,cxx_remove_void_call,depthwise_separable_conv.halide_generated.cpp,4836,9,generator_specific,0,0,0,0.721
depthwise_separable_conv,cxx_default_on_emitted_cpp,cxx_remove_void_call,depthwise_separable_conv.halide_generated.cpp,4847,9,generator_specific,0,0,0,0.809
depthwise_separable_conv,cxx_default_on_emitted_cpp,cxx_remove_void_call,depthwise_separable_conv.halide_generated.cpp,4858,9,generator_specific,0,0,0,0.893
depthwise_separable_conv,cxx_default_on_emitted_cpp,cxx_remove_void_call,depthwise_separable_conv.halide_generated.cpp,4875,8,generator_specific,0,0,0,0.886
depthwise_separable_conv,cxx_default_on_emitted_cpp,cxx_remove_void_call,depthwise_separable_conv.halide_generated.cpp,4938,10,generator_specific,0,0,0,0.814
depthwise_separable_conv,cxx_default_on_emitted_cpp,cxx_remove_void_call,depthwise_separable_conv.halide_generated.cpp,4958,10,generator_specific,0,0,0,0.733
depthwise_separable_conv,cxx_default_on_emitted_cpp,cxx_remove_void_call,depthwise_separable_conv.halide_generated.cpp,4978,10,generator_specific,0,0,0,0.885
depthwise_separable_conv,cxx_default_on_emitted_cpp,cxx_remove_void_call,depthwise_separable_conv.halide_generated.cpp,4998,10,generator_specific,0,0,0,0.710
depthwise_separable_conv,cxx_default_on_emitted_cpp,cxx_remove_void_call,depthwise_separable_conv.halide_generated.cpp,5007,8,generator_specific,0,0,0,0.712
depthwise_separable_conv,cxx_default_on_emitted_cpp,cxx_remove_void_call,depthwise_separable_conv.halide_generated.cpp,5010,8,generator_specific,0,0,0,0.719
depthwise_separable_conv,cxx_default_on_emitted_cpp,cxx_remove_void_call,depthwise_separable_conv.halide_generated.cpp,5013,8,generator_specific,0,0,0,0.643
depthwise_separable_conv,cxx_default_on_emitted_cpp,cxx_remove_void_call,depthwise_separable_conv.halide_generated.cpp,5016,8,generator_specific,0,0,0,0.827
depthwise_separable_conv,cxx_default_on_emitted_cpp,cxx_remove_void_call,depthwise_separable_conv.halide_generated.cpp,5019,8,generator_specific,0,0,0,0.807
depthwise_separable_conv,cxx_default_on_emitted_cpp,cxx_remove_void_call,depthwise_separable_conv.halide_generated.cpp,5022,8,generator_specific,0,0,0,0.542
depthwise_separable_conv,cxx_default_on_emitted_cpp,cxx_remove_void_call,depthwise_separable_conv.halide_generated.cpp,5081,11,generator_specific,0,0,0,0.602
depthwise_separable_conv,cxx_default_on_emitted_cpp,cxx_remove_void_call,depthwise_separable_conv.halide_generated.cpp,5111,11,generator_specific,0,0,0,0.635
depthwise_separable_conv,cxx_default_on_emitted_cpp,cxx_remove_void_call,depthwise_separable_conv.halide_generated.cpp,5141,11,generator_specific,0,0,0,0.729
depthwise_separable_conv,cxx_default_on_emitted_cpp,cxx_remove_void_call,depthwise_separable_conv.halide_generated.cpp,5171,11,generator_specific,0,0,0,0.726
depthwise_separable_conv,cxx_default_on_emitted_cpp,cxx_remove_void_call,depthwise_separable_conv.halide_generated.cpp,5201,11,generator_specific,0,0,0,0.701
depthwise_separable_conv,cxx_default_on_emitted_cpp,cxx_remove_void_call,depthwise_separable_conv.halide_generated.cpp,5231,11,generator_specific,0,0,0,0.821
depthwise_separable_conv,cxx_default_on_emitted_cpp,cxx_remove_void_call,depthwise_separable_conv.halide_generated.cpp,5249,9,generator_specific,0,0,0,0.631
depthwise_separable_conv,cxx_default_on_emitted_cpp,cxx_remove_void_call,depthwise_separable_conv.halide_generated.cpp,5260,9,generator_specific,0,0,0,0.712
depthwise_separable_conv,cxx_default_on_emitted_cpp,cxx_remove_void_call,depthwise_separable_conv.halide_generated.cpp,5271,9,generator_specific,0,0,0,0.803
depthwise_separable_conv,cxx_default_on_emitted_cpp,cxx_remove_void_call,depthwise_separable_conv.halide_generated.cpp,5282,9,generator_specific,0,0,0,0.799
depthwise_separable_conv,cxx_default_on_emitted_cpp,cxx_remove_void_call,depthwise_separable_conv.halide_generated.cpp,5293,9,generator_specific,0,0,0,0.634
depthwise_separable_conv,cxx_default_on_emitted_cpp,cxx_remove_void_call,depthwise_separable_conv.halide_generated.cpp,5304,9,generator_specific,0,0,0,0.725
depthwise_separable_conv,cxx_default_on_emitted_cpp,cxx_remove_void_call,depthwise_separable_conv.halide_generated.cpp,5315,5,generator_specific,0,0,0,0.897
depthwise_separable_conv,cxx_default_on_emitted_cpp,cxx_remove_void_call,depthwise_separable_conv.halide_generated.cpp,5321,5,generator_specific,0,0,0,0.718
depthwise_separable_conv,cxx_default_on_emitted_cpp,cxx_remove_void_call,depthwise_separable_conv.halide_generated.cpp,5327,5,generator_specific,0,0,0,0.710
depthwise_separable_conv,cxx_default_on_emitted_cpp,cxx_remove_void_call,depthwise_separable_conv.halide_generated.cpp,5333,5,generator_specific,0,0,0,0.731
depthwise_separable_conv,cxx_default_on_emitted_cpp,cxx_remove_void_call,depthwise_separable_conv.halide_generated.cpp,5339,5,generator_specific,0,0,0,0.823
depthwise_separable_conv,cxx_default_on_emitted_cpp,cxx_remove_void_call,depthwise_separable_conv.halide_generated.cpp,5345,5,generator_specific,0,0,0,0.798
depthwise_separable_conv,cxx_default_on_emitted_cpp,cxx_remove_void_call,depthwise_separable_conv.halide_generated.cpp,5354,2,generator_specific,0,0,0,0.888
depthwise_separable_conv,cxx_default_on_emitted_cpp,cxx_remove_void_call,depthwise_separable_conv.halide_generated.cpp,5397,2,generator_specific,0,0,0,0.629
depthwise_separable_conv,cxx_default_on_emitted_cpp,cxx_remove_void_call,depthwise_separable_conv.halide_generated.cpp,5406,2,generator_specific,0,0,0,0.549
depthwise_separable_conv,cxx_default_on_emitted_cpp,cxx_remove_void_call,depthwise_separable_conv.halide_generated.cpp,5424,2,generator_specific,0,0,0,0.807
depthwise_separable_conv,cxx_default_on_emitted_cpp,cxx_remove_void_call,depthwise_separable_conv.halide_generated.cpp,5442,2,generator_specific,0,0,0,0.802
depthwise_separable_conv,cxx_default_on_emitted_cpp,cxx_remove_void_call,depthwise_separable_conv.halide_generated.cpp,5460,2,generator_specific,0,0,0,0.639
depthwise_separable_conv,cxx_default_on_emitted_cpp,cxx_remove_void_call,depthwise_separable_conv.halide_generated.cpp,5649,3,generator_specific,0,0,0,0.719
depthwise_separable_conv,cxx_default_on_emitted_cpp,cxx_remove_void_call,depthwise_separable_conv.halide_generated.cpp,5668,3,generator_specific,0,0,0,0.804
depthwise_separable_conv,cxx_default_on_emitted_cpp,cxx_remove_void_call,depthwise_separable_conv.halide_generated.cpp,5690,3,generator_specific,0,0,0,0.648
depthwise_separable_conv,cxx_default_on_emitted_cpp,cxx_remove_void_call,depthwise_separable_conv.halide_generated.cpp,5723,3,generator_specific,0,0,0,0.539
depthwise_separable_conv,cxx_default_on_emitted_cpp,cxx_remove_void_call,depthwise_separable_conv.halide_generated.cpp,5742,3,generator_specific,0,0,0,0.635
depthwise_separable_conv,cxx_default_on_emitted_cpp,cxx_remove_void_call,depthwise_separable_conv.halide_generated.cpp,6736,4,generator_specific,0,0,0,0.730
depthwise_separable_conv,cxx_default_on_emitted_cpp,cxx_remove_void_call,depthwise_separable_conv.halide_generated.cpp,6944,4,generator_specific,0,0,0,0.717
depthwise_separable_conv,cxx_default_on_emitted_cpp,cxx_replace_scalar_call,depthwise_separable_conv.halide_generated.cpp,1830,16,boilerplate,0,0,0,0.906
depthwise_separable_conv,cxx_default_on_emitted_cpp,cxx_replace_scalar_call,depthwise_separable_conv.halide_generated.cpp,190,12,boilerplate,0,0,0,0.909
depthwise_separable_conv,cxx_default_on_emitted_cpp,cxx_replace_scalar_call,depthwise_separable_conv.halide_generated.cpp,2493,17,boilerplate,0,0,0,0.916
depthwise_separable_conv,cxx_default_on_emitted_cpp,cxx_replace_scalar_call,depthwise_separable_conv.halide_generated.cpp,2508,22,boilerplate,-6,1,1,0.026
depthwise_separable_conv,cxx_default_on_emitted_cpp,cxx_replace_scalar_call,depthwise_separable_conv.halide_generated.cpp,3666,16,generator_specific,0,0,0,0.906
depthwise_separable_conv,cxx_default_on_emitted_cpp,cxx_replace_scalar_call,depthwise_separable_conv.halide_generated.cpp,3681,17,generator_specific,0,0,0,0.911
depthwise_separable_conv,cxx_default_on_emitted_cpp,cxx_replace_scalar_call,depthwise_separable_conv.halide_generated.cpp,3705,18,generator_specific,0,0,0,0.909
depthwise_separable_conv,cxx_default_on_emitted_cpp,cxx_replace_scalar_call,depthwise_separable_conv.halide_generated.cpp,3743,24,generator_specific,0,0,0,0.878
depthwise_separable_conv,cxx_default_on_emitted_cpp,cxx_replace_scalar_call,depthwise_separable_conv.halide_generated.cpp,3744,24,generator_specific,0,0,0,0.887
depthwise_separable_conv,cxx_default_on_emitted_cpp,cxx_replace_scalar_call,depthwise_separable_conv.halide_generated.cpp,3756,25,generator_specific,0,0,0,0.865
depthwise_separable_conv,cxx_default_on_emitted_cpp,cxx_replace_scalar_call,depthwise_separable_conv.halide_generated.cpp,3757,25,generator_specific,0,0,0,0.881
depthwise_separable_conv,cxx_default_on_emitted_cpp,cxx_replace_scalar_call,depthwise_separable_conv.halide_generated.cpp,3762,23,generator_specific,0,0,0,0.798
depthwise_separable_conv,cxx_default_on_emitted_cpp,cxx_replace_scalar_call,depthwise_separable_conv.halide_generated.cpp,3777,25,generator_specific,0,0,0,0.879
depthwise_separable_conv,cxx_default_on_emitted_cpp,cxx_replace_scalar_call,depthwise_separable_conv.halide_generated.cpp,3778,25,generator_specific,0,0,0,0.872
depthwise_separable_conv,cxx_default_on_emitted_cpp,cxx_replace_scalar_call,depthwise_separable_conv.halide_generated.cpp,3783,23,generator_specific,0,0,0,0.824
depthwise_separable_conv,cxx_default_on_emitted_cpp,cxx_replace_scalar_call,depthwise_separable_conv.halide_generated.cpp,3798,25,generator_specific,0,0,0,0.879
depthwise_separable_conv,cxx_default_on_emitted_cpp,cxx_replace_scalar_call,depthwise_separable_conv.halide_generated.cpp,3799,25,generator_specific,0,0,0,0.870
depthwise_separable_conv,cxx_default_on_emitted_cpp,cxx_replace_scalar_call,depthwise_separable_conv.halide_generated.cpp,3804,23,generator_specific,0,0,0,0.803
depthwise_separable_conv,cxx_default_on_emitted_cpp,cxx_replace_scalar_call,depthwise_separable_conv.halide_generated.cpp,3820,25,generator_specific,0,0,0,0.880
depthwise_separable_conv,cxx_default_on_emitted_cpp,cxx_replace_scalar_call,depthwise_separable_conv.halide_generated.cpp,3821,25,generator_specific,0,0,0,0.872
depthwise_separable_conv,cxx_default_on_emitted_cpp,cxx_replace_scalar_call,depthwise_separable_conv.halide_generated.cpp,3826,23,generator_specific,0,0,0,0.814
depthwise_separable_conv,cxx_default_on_emitted_cpp,cxx_replace_scalar_call,depthwise_separable_conv.halide_generated.cpp,3845,21,generator_specific,0,0,0,0.906
depthwise_separable_conv,cxx_default_on_emitted_cpp,cxx_replace_scalar_call,depthwise_separable_conv.halide_generated.cpp,3848,21,generator_specific,0,0,0,0.909
depthwise_separable_conv,cxx_default_on_emitted_cpp,cxx_replace_scalar_call,depthwise_separable_conv.halide_generated.cpp,3851,21,generator_specific,0,0,0,0.915
depthwise_separable_conv,cxx_default_on_emitted_cpp,cxx_replace_scalar_call,depthwise_separable_conv.halide_generated.cpp,3854,21,generator_specific,0,0,0,0.928
depthwise_separable_conv,cxx_default_on_emitted_cpp,cxx_replace_scalar_call,depthwise_separable_conv.halide_generated.cpp,3857,21,generator_specific,0,0,0,0.914
depthwise_separable_conv,cxx_default_on_emitted_cpp,cxx_replace_scalar_call,depthwise_separable_conv.halide_generated.cpp,3860,21,generator_specific,0,0,0,0.943
depthwise_separable_conv,cxx_default_on_emitted_cpp,cxx_replace_scalar_call,depthwise_separable_conv.halide_generated.cpp,4015,18,generator_specific,0,0,0,0.933
depthwise_separable_conv,cxx_default_on_emitted_cpp,cxx_replace_scalar_call,depthwise_separable_conv.halide_generated.cpp,4021,18,generator_specific,0,0,0,0.923
depthwise_separable_conv,cxx_default_on_emitted_cpp,cxx_replace_scalar_call,depthwise_separable_conv.halide_generated.cpp,4027,18,generator_specific,0,0,0,0.941
depthwise_separable_conv,cxx_default_on_emitted_cpp,cxx_replace_scalar_call,depthwise_separable_conv.halide_generated.cpp,4033,18,generator_specific,0,0,0,0.944
depthwise_separable_conv,cxx_default_on_emitted_cpp,cxx_replace_scalar_call,depthwise_separable_conv.halide_generated.cpp,4039,18,generator_specific,0,0,0,0.916
depthwise_separable_conv,cxx_default_on_emitted_cpp,cxx_replace_scalar_call,depthwise_separable_conv.halide_generated.cpp,4045,18,generator_specific,0,0,0,0.920
depthwise_separable_conv,cxx_default_on_emitted_cpp,cxx_replace_scalar_call,depthwise_separable_conv.halide_generated.cpp,4256,17,generator_specific,0,0,0,0.960
depthwise_separable_conv,cxx_default_on_emitted_cpp,cxx_replace_scalar_call,depthwise_separable_conv.halide_generated.cpp,4290,17,generator_specific,0,0,0,0.937
depthwise_separable_conv,cxx_default_on_emitted_cpp,cxx_replace_scalar_call,depthwise_separable_conv.halide_generated.cpp,4299,17,generator_specific,0,0,0,0.925
depthwise_separable_conv,cxx_default_on_emitted_cpp,cxx_replace_scalar_call,depthwise_separable_conv.halide_generated.cpp,4311,18,generator_specific,0,0,0,0.965
depthwise_separable_conv,cxx_default_on_emitted_cpp,cxx_replace_scalar_call,depthwise_separable_conv.halide_generated.cpp,4338,19,generator_specific,0,0,0,0.922
depthwise_separable_conv,cxx_default_on_emitted_cpp,cxx_replace_scalar_call,depthwise_separable_conv.halide_generated.cpp,4401,21,generator_specific,0,0,0,0.930
depthwise_separable_conv,cxx_default_on_emitted_cpp,cxx_replace_scalar_call,depthwise_separable_conv.halide_generated.cpp,4410,21,generator_specific,0,0,0,0.924
depthwise_separable_conv,cxx_default_on_emitted_cpp,cxx_replace_scalar_call,depthwise_separable_conv.halide_generated.cpp,4429,23,generator_specific,0,0,0,0.941
depthwise_separable_conv,cxx_default_on_emitted_cpp,cxx_replace_scalar_call,depthwise_separable_conv.halide_generated.cpp,4882,23,generator_specific,0,0,0,0.940
depthwise_separable_conv,cxx_default_on_emitted_cpp,cxx_replace_scalar_call,depthwise_separable_conv.halide_generated.cpp,5311,19,generator_specific,0,0,0,0.945
depthwise_separable_conv,cxx_default_on_emitted_cpp,cxx_replace_scalar_call,depthwise_separable_conv.halide_generated.cpp,5317,19,generator_specific,0,0,0,0.980
depthwise_separable_conv,cxx_default_on_emitted_cpp,cxx_replace_scalar_call,depthwise_separable_conv.halide_generated.cpp,5323,19,generator_specific,0,0,0,0.925
depthwise_separable_conv,cxx_default_on_emitted_cpp,cxx_replace_scalar_call,depthwise_separable_conv.halide_generated.cpp,5329,19,generator_specific,0,0,0,0.955
depthwise_separable_conv,cxx_default_on_emitted_cpp,cxx_replace_scalar_call,depthwise_separable_conv.halide_generated.cpp,5335,19,generator_specific,0,0,0,0.943
depthwise_separable_conv,cxx_default_on_emitted_cpp,cxx_replace_scalar_call,depthwise_separable_conv.halide_generated.cpp,5341,19,generator_specific,0,0,0,0.954
depthwise_separable_conv,cxx_default_on_emitted_cpp,cxx_replace_scalar_call,depthwise_separable_conv.halide_generated.cpp,5360,19,generator_specific,0,0,0,0.964
depthwise_separable_conv,cxx_default_on_emitted_cpp,cxx_replace_scalar_call,depthwise_separable_conv.halide_generated.cpp,5368,19,generator_specific,0,0,0,0.948
depthwise_separable_conv,cxx_default_on_emitted_cpp,cxx_replace_scalar_call,depthwise_separable_conv.halide_generated.cpp,5376,19,generator_specific,0,0,0,0.979
depthwise_separable_conv,cxx_default_on_emitted_cpp,cxx_replace_scalar_call,depthwise_separable_conv.halide_generated.cpp,5384,19,generator_specific,0,0,0,0.955
depthwise_separable_conv,cxx_default_on_emitted_cpp,cxx_replace_scalar_call,depthwise_separable_conv.halide_generated.cpp,5392,19,generator_specific,0,0,0,0.953
depthwise_separable_conv,cxx_default_on_emitted_cpp,cxx_replace_scalar_call,depthwise_separable_conv.halide_generated.cpp,5398,19,generator_specific,-6,1,1,0.028
depthwise_separable_conv,cxx_default_on_emitted_cpp,cxx_replace_scalar_call,depthwise_separable_conv.halide_generated.cpp,5399,15,generator_specific,0,0,0,0.956
depthwise_separable_conv,cxx_default_on_emitted_cpp,cxx_replace_scalar_call,depthwise_separable_conv.halide_generated.cpp,5400,18,generator_specific,-6,1,1,0.048
depthwise_separable_conv,cxx_default_on_emitted_cpp,cxx_replace_scalar_call,depthwise_separable_conv.halide_generated.cpp,5401,18,generator_specific,-6,1,1,0.025
depthwise_separable_conv,cxx_default_on_emitted_cpp,cxx_replace_scalar_call,depthwise_separable_conv.halide_generated.cpp,5402,18,generator_specific,0,0,0,0.955
depthwise_separable_conv,cxx_default_on_emitted_cpp,cxx_replace_scalar_call,depthwise_separable_conv.halide_generated.cpp,5403,18,generator_specific,-6,1,1,0.025
depthwise_separable_conv,cxx_default_on_emitted_cpp,cxx_replace_scalar_call,depthwise_separable_conv.halide_generated.cpp,5407,19,generator_specific,-6,1,1,0.026
depthwise_separable_conv,cxx_default_on_emitted_cpp,cxx_replace_scalar_call,depthwise_separable_conv.halide_generated.cpp,5408,15,generator_specific,0,0,0,0.962
depthwise_separable_conv,cxx_default_on_emitted_cpp,cxx_replace_scalar_call,depthwise_separable_conv.halide_generated.cpp,5409,18,generator_specific,-6,1,1,0.025
depthwise_separable_conv,cxx_default_on_emitted_cpp,cxx_replace_scalar_call,depthwise_separable_conv.halide_generated.cpp,5410,18,generator_specific,-6,1,1,0.025
depthwise_separable_conv,cxx_default_on_emitted_cpp,cxx_replace_scalar_call,depthwise_separable_conv.halide_generated.cpp,5411,18,generator_specific,-6,1,1,0.025
depthwise_separable_conv,cxx_default_on_emitted_cpp,cxx_replace_scalar_call,depthwise_separable_conv.halide_generated.cpp,5412,18,generator_specific,-6,1,1,0.026
depthwise_separable_conv,cxx_default_on_emitted_cpp,cxx_replace_scalar_call,depthwise_separable_conv.halide_generated.cpp,5413,18,generator_specific,-6,1,1,0.025
depthwise_separable_conv,cxx_default_on_emitted_cpp,cxx_replace_scalar_call,depthwise_separable_conv.halide_generated.cpp,5414,18,generator_specific,0,0,0,0.960
depthwise_separable_conv,cxx_default_on_emitted_cpp,cxx_replace_scalar_call,depthwise_separable_conv.halide_generated.cpp,5415,18,generator_specific,-6,1,1,0.026
depthwise_separable_conv,cxx_default_on_emitted_cpp,cxx_replace_scalar_call,depthwise_separable_conv.halide_generated.cpp,5416,18,generator_specific,-6,1,1,0.027
depthwise_separable_conv,cxx_default_on_emitted_cpp,cxx_replace_scalar_call,depthwise_separable_conv.halide_generated.cpp,5417,18,generator_specific,-6,1,1,0.026
depthwise_separable_conv,cxx_default_on_emitted_cpp,cxx_replace_scalar_call,depthwise_separable_conv.halide_generated.cpp,5418,18,generator_specific,0,0,0,0.963
depthwise_separable_conv,cxx_default_on_emitted_cpp,cxx_replace_scalar_call,depthwise_separable_conv.halide_generated.cpp,5419,18,generator_specific,-6,1,1,0.025
depthwise_separable_conv,cxx_default_on_emitted_cpp,cxx_replace_scalar_call,depthwise_separable_conv.halide_generated.cpp,5420,18,generator_specific,-6,1,1,0.025
depthwise_separable_conv,cxx_default_on_emitted_cpp,cxx_replace_scalar_call,depthwise_separable_conv.halide_generated.cpp,5421,18,generator_specific,0,0,0,0.985
depthwise_separable_conv,cxx_default_on_emitted_cpp,cxx_replace_scalar_call,depthwise_separable_conv.halide_generated.cpp,5425,19,generator_specific,-6,1,1,0.025
depthwise_separable_conv,cxx_default_on_emitted_cpp,cxx_replace_scalar_call,depthwise_separable_conv.halide_generated.cpp,5426,15,generator_specific,0,0,0,0.957
depthwise_separable_conv,cxx_default_on_emitted_cpp,cxx_replace_scalar_call,depthwise_separable_conv.halide_generated.cpp,5427,18,generator_specific,-6,1,1,0.026
depthwise_separable_conv,cxx_default_on_emitted_cpp,cxx_replace_scalar_call,depthwise_separable_conv.halide_generated.cpp,5428,18,generator_specific,-6,1,1,0.026
depthwise_separable_conv,cxx_default_on_emitted_cpp,cxx_replace_scalar_call,depthwise_separable_conv.halide_generated.cpp,5429,18,generator_specific,0,0,0,0.957
depthwise_separable_conv,cxx_default_on_emitted_cpp,cxx_replace_scalar_call,depthwise_separable_conv.halide_generated.cpp,5430,18,generator_specific,-6,1,1,0.025
depthwise_separable_conv,cxx_default_on_emitted_cpp,cxx_replace_scalar_call,depthwise_separable_conv.halide_generated.cpp,5431,18,generator_specific,-6,1,1,0.025
depthwise_separable_conv,cxx_default_on_emitted_cpp,cxx_replace_scalar_call,depthwise_separable_conv.halide_generated.cpp,5432,18,generator_specific,0,0,0,0.956
depthwise_separable_conv,cxx_default_on_emitted_cpp,cxx_replace_scalar_call,depthwise_separable_conv.halide_generated.cpp,5433,18,generator_specific,0,0,0,0.973
depthwise_separable_conv,cxx_default_on_emitted_cpp,cxx_replace_scalar_call,depthwise_separable_conv.halide_generated.cpp,5434,18,generator_specific,-6,1,1,0.025
depthwise_separable_conv,cxx_default_on_emitted_cpp,cxx_replace_scalar_call,depthwise_separable_conv.halide_generated.cpp,5435,18,generator_specific,0,0,0,0.996
depthwise_separable_conv,cxx_default_on_emitted_cpp,cxx_replace_scalar_call,depthwise_separable_conv.halide_generated.cpp,5436,18,generator_specific,0,0,0,0.979
depthwise_separable_conv,cxx_default_on_emitted_cpp,cxx_replace_scalar_call,depthwise_separable_conv.halide_generated.cpp,5437,18,generator_specific,-6,1,1,0.026
depthwise_separable_conv,cxx_default_on_emitted_cpp,cxx_replace_scalar_call,depthwise_separable_conv.halide_generated.cpp,5438,18,generator_specific,0,0,0,0.989
depthwise_separable_conv,cxx_default_on_emitted_cpp,cxx_replace_scalar_call,depthwise_separable_conv.halide_generated.cpp,5439,18,generator_specific,0,0,0,0.955
depthwise_separable_conv,cxx_default_on_emitted_cpp,cxx_replace_scalar_call,depthwise_separable_conv.halide_generated.cpp,5443,19,generator_specific,-6,1,1,0.028
depthwise_separable_conv,cxx_default_on_emitted_cpp,cxx_replace_scalar_call,depthwise_separable_conv.halide_generated.cpp,5444,15,generator_specific,0,0,0,0.994
depthwise_separable_conv,cxx_default_on_emitted_cpp,cxx_replace_scalar_call,depthwise_separable_conv.halide_generated.cpp,5445,18,generator_specific,-6,1,1,0.028
depthwise_separable_conv,cxx_default_on_emitted_cpp,cxx_replace_scalar_call,depthwise_separable_conv.halide_generated.cpp,5446,18,generator_specific,-6,1,1,0.027
depthwise_separable_conv,cxx_default_on_emitted_cpp,cxx_replace_scalar_call,depthwise_separable_conv.halide_generated.cpp,5447,18,generator_specific,-6,1,1,0.027
depthwise_separable_conv,cxx_default_on_emitted_cpp,cxx_replace_scalar_call,depthwise_separable_conv.halide_generated.cpp,5448,18,generator_specific,-6,1,1,0.027
depthwise_separable_conv,cxx_default_on_emitted_cpp,cxx_replace_scalar_call,depthwise_separable_conv.halide_generated.cpp,5449,18,generator_specific,0,0,0,0.967
depthwise_separable_conv,cxx_default_on_emitted_cpp,cxx_replace_scalar_call,depthwise_separable_conv.halide_generated.cpp,5450,18,generator_specific,0,0,0,0.836
depthwise_separable_conv,cxx_default_on_emitted_cpp,cxx_replace_scalar_call,depthwise_separable_conv.halide_generated.cpp,5451,18,generator_specific,0,0,0,0.942
depthwise_separable_conv,cxx_default_on_emitted_cpp,cxx_replace_scalar_call,depthwise_separable_conv.halide_generated.cpp,5452,18,generator_specific,0,0,0,0.950
depthwise_separable_conv,cxx_default_on_emitted_cpp,cxx_replace_scalar_call,depthwise_separable_conv.halide_generated.cpp,5453,18,generator_specific,0,0,0,0.602
depthwise_separable_conv,cxx_default_on_emitted_cpp,cxx_replace_scalar_call,depthwise_separable_conv.halide_generated.cpp,5454,18,generator_specific,0,0,0,0.948
depthwise_separable_conv,cxx_default_on_emitted_cpp,cxx_replace_scalar_call,depthwise_separable_conv.halide_generated.cpp,5455,18,generator_specific,-6,1,1,0.027
depthwise_separable_conv,cxx_default_on_emitted_cpp,cxx_replace_scalar_call,depthwise_separable_conv.halide_generated.cpp,5456,18,generator_specific,-6,1,1,0.028
depthwise_separable_conv,cxx_default_on_emitted_cpp,cxx_replace_scalar_call,depthwise_separable_conv.halide_generated.cpp,5457,18,generator_specific,0,0,0,0.946
depthwise_separable_conv,cxx_default_on_emitted_cpp,cxx_replace_scalar_call,depthwise_separable_conv.halide_generated.cpp,5461,19,generator_specific,-6,1,1,0.036
depthwise_separable_conv,cxx_default_on_emitted_cpp,cxx_replace_scalar_call,depthwise_separable_conv.halide_generated.cpp,5462,15,generator_specific,0,0,0,0.951
depthwise_separable_conv,cxx_default_on_emitted_cpp,cxx_replace_scalar_call,depthwise_separable_conv.halide_generated.cpp,5463,18,generator_specific,-6,1,1,0.028
depthwise_separable_conv,cxx_default_on_emitted_cpp,cxx_replace_scalar_call,depthwise_separable_conv.halide_generated.cpp,5464,18,generator_specific,-6,1,1,0.028
depthwise_separable_conv,cxx_default_on_emitted_cpp,cxx_replace_scalar_call,depthwise_separable_conv.halide_generated.cpp,5465,18,generator_specific,0,0,0,0.947
depthwise_separable_conv,cxx_default_on_emitted_cpp,cxx_replace_scalar_call,depthwise_separable_conv.halide_generated.cpp,5466,18,generator_specific,-6,1,1,0.031
depthwise_separable_conv,cxx_default_on_emitted_cpp,cxx_replace_scalar_call,depthwise_separable_conv.halide_generated.cpp,5467,18,generator_specific,-6,1,1,0.026
depthwise_separable_conv,cxx_default_on_emitted_cpp,cxx_replace_scalar_call,depthwise_separable_conv.halide_generated.cpp,5468,18,generator_specific,-6,1,1,0.029
depthwise_separable_conv,cxx_default_on_emitted_cpp,cxx_replace_scalar_call,depthwise_separable_conv.halide_generated.cpp,5469,18,generator_specific,0,0,0,0.956
depthwise_separable_conv,cxx_default_on_emitted_cpp,cxx_replace_scalar_call,depthwise_separable_conv.halide_generated.cpp,5534,18,generator_specific,0,0,0,0.974
depthwise_separable_conv,cxx_default_on_emitted_cpp,cxx_replace_scalar_call,depthwise_separable_conv.halide_generated.cpp,5538,18,generator_specific,0,0,0,0.952
depthwise_separable_conv,cxx_default_on_emitted_cpp,cxx_replace_scalar_call,depthwise_separable_conv.halide_generated.cpp,5539,18,generator_specific,0,0,0,0.948
depthwise_separable_conv,cxx_default_on_emitted_cpp,cxx_replace_scalar_call,depthwise_separable_conv.halide_generated.cpp,5541,18,generator_specific,0,0,0,0.947
depthwise_separable_conv,cxx_default_on_emitted_cpp,cxx_replace_scalar_call,depthwise_separable_conv.halide_generated.cpp,5542,18,generator_specific,0,0,0,0.953
depthwise_separable_conv,cxx_default_on_emitted_cpp,cxx_replace_scalar_call,depthwise_separable_conv.halide_generated.cpp,5552,18,generator_specific,0,0,0,0.945
depthwise_separable_conv,cxx_default_on_emitted_cpp,cxx_replace_scalar_call,depthwise_separable_conv.halide_generated.cpp,5553,18,generator_specific,0,0,0,0.947
depthwise_separable_conv,cxx_default_on_emitted_cpp,cxx_replace_scalar_call,depthwise_separable_conv.halide_generated.cpp,5556,18,generator_specific,0,0,0,0.953
depthwise_separable_conv,cxx_default_on_emitted_cpp,cxx_replace_scalar_call,depthwise_separable_conv.halide_generated.cpp,5557,18,generator_specific,0,0,0,0.942
depthwise_separable_conv,cxx_default_on_emitted_cpp,cxx_replace_scalar_call,depthwise_separable_conv.halide_generated.cpp,5567,18,generator_specific,0,0,0,0.949
depthwise_separable_conv,cxx_default_on_emitted_cpp,cxx_replace_scalar_call,depthwise_separable_conv.halide_generated.cpp,5569,18,generator_specific,0,0,0,0.950
depthwise_separable_conv,cxx_default_on_emitted_cpp,cxx_replace_scalar_call,depthwise_separable_conv.halide_generated.cpp,5572,18,generator_specific,0,0,0,0.947
depthwise_separable_conv,cxx_default_on_emitted_cpp,cxx_replace_scalar_call,depthwise_separable_conv.halide_generated.cpp,5574,18,generator_specific,0,0,0,0.960
depthwise_separable_conv,cxx_default_on_emitted_cpp,cxx_replace_scalar_call,depthwise_separable_conv.halide_generated.cpp,5577,18,generator_specific,0,0,0,0.984
depthwise_separable_conv,cxx_default_on_emitted_cpp,cxx_replace_scalar_call,depthwise_separable_conv.halide_generated.cpp,5578,18,generator_specific,0,0,0,0.947
depthwise_separable_conv,cxx_default_on_emitted_cpp,cxx_replace_scalar_call,depthwise_separable_conv.halide_generated.cpp,5580,18,generator_specific,0,0,0,1.010
depthwise_separable_conv,cxx_default_on_emitted_cpp,cxx_replace_scalar_call,depthwise_separable_conv.halide_generated.cpp,5581,18,generator_specific,0,0,0,0.951
depthwise_separable_conv,cxx_default_on_emitted_cpp,cxx_replace_scalar_call,depthwise_separable_conv.halide_generated.cpp,5587,18,generator_specific,0,0,0,0.951
depthwise_separable_conv,cxx_default_on_emitted_cpp,cxx_replace_scalar_call,depthwise_separable_conv.halide_generated.cpp,5588,18,generator_specific,0,0,0,0.958
depthwise_separable_conv,cxx_default_on_emitted_cpp,cxx_replace_scalar_call,depthwise_separable_conv.halide_generated.cpp,5591,18,generator_specific,0,0,0,0.955
depthwise_separable_conv,cxx_default_on_emitted_cpp,cxx_replace_scalar_call,depthwise_separable_conv.halide_generated.cpp,5592,18,generator_specific,0,0,0,0.965
depthwise_separable_conv,cxx_default_on_emitted_cpp,cxx_replace_scalar_call,depthwise_separable_conv.halide_generated.cpp,5625,18,generator_specific,0,0,0,0.970
depthwise_separable_conv,cxx_default_on_emitted_cpp,cxx_replace_scalar_call,depthwise_separable_conv.halide_generated.cpp,5626,18,generator_specific,0,0,0,0.947
depthwise_separable_conv,cxx_default_on_emitted_cpp,cxx_replace_scalar_call,depthwise_separable_conv.halide_generated.cpp,5630,18,generator_specific,0,0,0,0.949
depthwise_separable_conv,cxx_default_on_emitted_cpp,cxx_replace_scalar_call,depthwise_separable_conv.halide_generated.cpp,5632,18,generator_specific,-6,1,1,0.027
depthwise_separable_conv,cxx_default_on_emitted_cpp,cxx_replace_scalar_call,depthwise_separable_conv.halide_generated.cpp,5633,15,generator_specific,0,0,0,0.957
depthwise_separable_conv,cxx_default_on_emitted_cpp,cxx_replace_scalar_call,depthwise_separable_conv.halide_generated.cpp,5640,19,generator_specific,0,0,0,0.943
depthwise_separable_conv,cxx_default_on_emitted_cpp,cxx_replace_scalar_call,depthwise_separable_conv.halide_generated.cpp,5643,19,generator_specific,0,0,0,0.952
depthwise_separable_conv,cxx_default_on_emitted_cpp,cxx_replace_scalar_call,depthwise_separable_conv.halide_generated.cpp,5651,15,generator_specific,0,0,0,0.949
depthwise_separable_conv,cxx_default_on_emitted_cpp,cxx_replace_scalar_call,depthwise_separable_conv.halide_generated.cpp,5670,15,generator_specific,0,0,0,0.952
depthwise_separable_conv,cxx_default_on_emitted_cpp,cxx_replace_scalar_call,depthwise_separable_conv.halide_generated.cpp,5692,15,generator_specific,0,0,0,0.953
depthwise_separable_conv,cxx_default_on_emitted_cpp,cxx_replace_scalar_call,depthwise_separable_conv.halide_generated.cpp,5695,19,generator_specific,0,0,0,0.950
depthwise_separable_conv,cxx_default_on_emitted_cpp,cxx_replace_scalar_call,depthwise_separable_conv.halide_generated.cpp,5696,19,generator_specific,0,0,0,0.944
depthwise_separable_conv,cxx_default_on_emitted_cpp,cxx_replace_scalar_call,depthwise_separable_conv.halide_generated.cpp,5701,19,generator_specific,0,0,0,0.944
depthwise_separable_conv,cxx_default_on_emitted_cpp,cxx_replace_scalar_call,depthwise_separable_conv.halide_generated.cpp,5704,19,generator_specific,0,0,0,0.950
depthwise_separable_conv,cxx_default_on_emitted_cpp,cxx_replace_scalar_call,depthwise_separable_conv.halide_generated.cpp,5707,19,generator_specific,0,0,0,0.950
depthwise_separable_conv,cxx_default_on_emitted_cpp,cxx_replace_scalar_call,depthwise_separable_conv.halide_generated.cpp,5708,19,generator_specific,0,0,0,0.955
depthwise_separable_conv,cxx_default_on_emitted_cpp,cxx_replace_scalar_call,depthwise_separable_conv.halide_generated.cpp,5725,15,generator_specific,0,0,0,0.956
depthwise_separable_conv,cxx_default_on_emitted_cpp,cxx_replace_scalar_call,depthwise_separable_conv.halide_generated.cpp,5728,19,generator_specific,0,0,0,0.955
depthwise_separable_conv,cxx_default_on_emitted_cpp,cxx_replace_scalar_call,depthwise_separable_conv.halide_generated.cpp,5733,19,generator_specific,0,0,0,1.029
depthwise_separable_conv,cxx_default_on_emitted_cpp,cxx_replace_scalar_call,depthwise_separable_conv.halide_generated.cpp,5744,15,generator_specific,0,0,0,0.952
depthwise_separable_conv,cxx_default_on_emitted_cpp,cxx_replace_scalar_call,depthwise_separable_conv.halide_generated.cpp,5745,15,generator_specific,0,0,0,0.980
depthwise_separable_conv,cxx_default_on_emitted_cpp,cxx_replace_scalar_call,depthwise_separable_conv.halide_generated.cpp,5746,15,generator_specific,0,0,0,0.957
depthwise_separable_conv,cxx_default_on_emitted_cpp,cxx_replace_scalar_call,depthwise_separable_conv.halide_generated.cpp,5747,15,generator_specific,0,0,0,0.943
depthwise_separable_conv,cxx_default_on_emitted_cpp,cxx_replace_scalar_call,depthwise_separable_conv.halide_generated.cpp,5748,15,generator_specific,0,0,0,0.936
depthwise_separable_conv,cxx_default_on_emitted_cpp,cxx_replace_scalar_call,depthwise_separable_conv.halide_generated.cpp,5761,20,generator_specific,0,0,0,0.936
depthwise_separable_conv,cxx_default_on_emitted_cpp,cxx_replace_scalar_call,depthwise_separable_conv.halide_generated.cpp,5767,20,generator_specific,0,0,0,0.941
depthwise_separable_conv,cxx_default_on_emitted_cpp,cxx_replace_scalar_call,depthwise_separable_conv.halide_generated.cpp,5775,20,generator_specific,0,0,0,0.948
depthwise_separable_conv,cxx_default_on_emitted_cpp,cxx_replace_scalar_call,depthwise_separable_conv.halide_generated.cpp,5781,20,generator_specific,0,0,0,0.941
depthwise_separable_conv,cxx_default_on_emitted_cpp,cxx_replace_scalar_call,depthwise_separable_conv.halide_generated.cpp,5789,20,generator_specific,0,0,0,0.956
depthwise_separable_conv,cxx_default_on_emitted_cpp,cxx_replace_scalar_call,depthwise_separable_conv.halide_generated.cpp,5795,20,generator_specific,0,0,0,0.938
depthwise_separable_conv,cxx_default_on_emitted_cpp,cxx_replace_scalar_call,depthwise_separable_conv.halide_generated.cpp,5803,20,generator_specific,0,0,0,0.941
depthwise_separable_conv,cxx_default_on_emitted_cpp,cxx_replace_scalar_call,depthwise_separable_conv.halide_generated.cpp,5809,20,generator_specific,0,0,0,0.938
depthwise_separable_conv,cxx_default_on_emitted_cpp,cxx_replace_scalar_call,depthwise_separable_conv.halide_generated.cpp,5817,20,generator_specific,0,0,0,0.945
depthwise_separable_conv,cxx_default_on_emitted_cpp,cxx_replace_scalar_call,depthwise_separable_conv.halide_generated.cpp,5823,20,generator_specific,0,0,0,0.947
depthwise_separable_conv,cxx_default_on_emitted_cpp,cxx_replace_scalar_call,depthwise_separable_conv.halide_generated.cpp,5827,19,generator_specific,0,0,0,0.966
depthwise_separable_conv,cxx_default_on_emitted_cpp,cxx_replace_scalar_call,depthwise_separable_conv.halide_generated.cpp,5836,20,generator_specific,0,0,0,0.947
depthwise_separable_conv,cxx_default_on_emitted_cpp,cxx_replace_scalar_call,depthwise_separable_conv.halide_generated.cpp,5843,20,generator_specific,0,0,0,0.949
depthwise_separable_conv,cxx_default_on_emitted_cpp,cxx_replace_scalar_call,depthwise_separable_conv.halide_generated.cpp,5849,20,generator_specific,0,0,0,0.950
depthwise_separable_conv,cxx_default_on_emitted_cpp,cxx_replace_scalar_call,depthwise_separable_conv.halide_generated.cpp,5861,20,generator_specific,0,0,0,0.950
depthwise_separable_conv,cxx_default_on_emitted_cpp,cxx_replace_scalar_call,depthwise_separable_conv.halide_generated.cpp,5867,20,generator_specific,0,0,0,0.950
depthwise_separable_conv,cxx_default_on_emitted_cpp,cxx_replace_scalar_call,depthwise_separable_conv.halide_generated.cpp,5879,20,generator_specific,0,0,0,0.954
depthwise_separable_conv,cxx_default_on_emitted_cpp,cxx_replace_scalar_call,depthwise_separable_conv.halide_generated.cpp,5885,20,generator_specific,0,0,0,0.942
depthwise_separable_conv,cxx_default_on_emitted_cpp,cxx_replace_scalar_call,depthwise_separable_conv.halide_generated.cpp,5897,20,generator_specific,0,0,0,0.996
depthwise_separable_conv,cxx_default_on_emitted_cpp,cxx_replace_scalar_call,depthwise_separable_conv.halide_generated.cpp,5903,20,generator_specific,0,0,0,1.001
depthwise_separable_conv,cxx_default_on_emitted_cpp,cxx_replace_scalar_call,depthwise_separable_conv.halide_generated.cpp,5915,20,generator_specific,0,0,0,0.949
depthwise_separable_conv,cxx_default_on_emitted_cpp,cxx_replace_scalar_call,depthwise_separable_conv.halide_generated.cpp,5921,20,generator_specific,0,0,0,0.950
depthwise_separable_conv,cxx_default_on_emitted_cpp,cxx_replace_scalar_call,depthwise_separable_conv.halide_generated.cpp,5935,20,generator_specific,0,0,0,0.966
depthwise_separable_conv,cxx_default_on_emitted_cpp,cxx_replace_scalar_call,depthwise_separable_conv.halide_generated.cpp,5941,20,generator_specific,0,0,0,0.967
depthwise_separable_conv,cxx_default_on_emitted_cpp,cxx_replace_scalar_call,depthwise_separable_conv.halide_generated.cpp,5955,20,generator_specific,0,0,0,0.966
depthwise_separable_conv,cxx_default_on_emitted_cpp,cxx_replace_scalar_call,depthwise_separable_conv.halide_generated.cpp,5961,20,generator_specific,0,0,0,0.973
depthwise_separable_conv,cxx_default_on_emitted_cpp,cxx_replace_scalar_call,depthwise_separable_conv.halide_generated.cpp,5976,20,generator_specific,0,0,0,0.967
depthwise_separable_conv,cxx_default_on_emitted_cpp,cxx_replace_scalar_call,depthwise_separable_conv.halide_generated.cpp,5982,20,generator_specific,0,0,0,0.983
depthwise_separable_conv,cxx_default_on_emitted_cpp,cxx_replace_scalar_call,depthwise_separable_conv.halide_generated.cpp,5998,20,generator_specific,0,0,0,0.961
depthwise_separable_conv,cxx_default_on_emitted_cpp,cxx_replace_scalar_call,depthwise_separable_conv.halide_generated.cpp,6004,20,generator_specific,0,0,0,0.970
depthwise_separable_conv,cxx_default_on_emitted_cpp,cxx_replace_scalar_call,depthwise_separable_conv.halide_generated.cpp,6011,20,generator_specific,0,0,0,0.955
depthwise_separable_conv,cxx_default_on_emitted_cpp,cxx_replace_scalar_call,depthwise_separable_conv.halide_generated.cpp,6015,20,generator_specific,0,0,0,0.964
depthwise_separable_conv,cxx_default_on_emitted_cpp,cxx_replace_scalar_call,depthwise_separable_conv.halide_generated.cpp,6022,20,generator_specific,0,0,0,0.955
depthwise_separable_conv,cxx_default_on_emitted_cpp,cxx_replace_scalar_call,depthwise_separable_conv.halide_generated.cpp,6026,20,generator_specific,0,0,0,0.960
depthwise_separable_conv,cxx_default_on_emitted_cpp,cxx_replace_scalar_call,depthwise_separable_conv.halide_generated.cpp,6029,19,generator_specific,0,0,0,0.982
depthwise_separable_conv,cxx_default_on_emitted_cpp,cxx_replace_scalar_call,depthwise_separable_conv.halide_generated.cpp,6030,19,generator_specific,0,0,0,0.674
depthwise_separable_conv,cxx_default_on_emitted_cpp,cxx_replace_scalar_call,depthwise_separable_conv.halide_generated.cpp,6032,19,generator_specific,0,0,0,0.959
depthwise_separable_conv,cxx_default_on_emitted_cpp,cxx_replace_scalar_call,depthwise_separable_conv.halide_generated.cpp,6036,20,generator_specific,0,0,0,0.966
depthwise_separable_conv,cxx_default_on_emitted_cpp,cxx_replace_scalar_call,depthwise_separable_conv.halide_generated.cpp,6039,20,generator_specific,0,0,0,0.957
depthwise_separable_conv,cxx_default_on_emitted_cpp,cxx_replace_scalar_call,depthwise_separable_conv.halide_generated.cpp,6045,20,generator_specific,0,0,0,0.960
depthwise_separable_conv,cxx_default_on_emitted_cpp,cxx_replace_scalar_call,depthwise_separable_conv.halide_generated.cpp,6061,20,generator_specific,0,0,0,0.968
depthwise_separable_conv,cxx_default_on_emitted_cpp,cxx_replace_scalar_call,depthwise_separable_conv.halide_generated.cpp,6067,20,generator_specific,0,0,0,0.956
depthwise_separable_conv,cxx_default_on_emitted_cpp,cxx_replace_scalar_call,depthwise_separable_conv.halide_generated.cpp,6081,20,generator_specific,0,0,0,0.953
depthwise_separable_conv,cxx_default_on_emitted_cpp,cxx_replace_scalar_call,depthwise_separable_conv.halide_generated.cpp,6087,20,generator_specific,0,0,0,0.966
depthwise_separable_conv,cxx_default_on_emitted_cpp,cxx_replace_scalar_call,depthwise_separable_conv.halide_generated.cpp,6099,20,generator_specific,0,0,0,0.965
depthwise_separable_conv,cxx_default_on_emitted_cpp,cxx_replace_scalar_call,depthwise_separable_conv.halide_generated.cpp,6105,20,generator_specific,0,0,0,0.997
depthwise_separable_conv,cxx_default_on_emitted_cpp,cxx_replace_scalar_call,depthwise_separable_conv.halide_generated.cpp,6111,20,generator_specific,0,0,0,0.942
depthwise_separable_conv,cxx_default_on_emitted_cpp,cxx_replace_scalar_call,depthwise_separable_conv.halide_generated.cpp,6117,20,generator_specific,0,0,0,0.942
depthwise_separable_conv,cxx_default_on_emitted_cpp,cxx_replace_scalar_call,depthwise_separable_conv.halide_generated.cpp,6123,20,generator_specific,0,0,0,0.936
depthwise_separable_conv,cxx_default_on_emitted_cpp,cxx_replace_scalar_call,depthwise_separable_conv.halide_generated.cpp,6129,20,generator_specific,0,0,0,0.938
depthwise_separable_conv,cxx_default_on_emitted_cpp,cxx_replace_scalar_call,depthwise_separable_conv.halide_generated.cpp,6135,20,generator_specific,0,0,0,0.939
depthwise_separable_conv,cxx_default_on_emitted_cpp,cxx_replace_scalar_call,depthwise_separable_conv.halide_generated.cpp,6141,20,generator_specific,0,0,0,0.941
depthwise_separable_conv,cxx_default_on_emitted_cpp,cxx_replace_scalar_call,depthwise_separable_conv.halide_generated.cpp,6175,20,generator_specific,0,0,0,0.945
depthwise_separable_conv,cxx_default_on_emitted_cpp,cxx_replace_scalar_call,depthwise_separable_conv.halide_generated.cpp,6185,20,generator_specific,0,0,0,0.949
depthwise_separable_conv,cxx_default_on_emitted_cpp,cxx_replace_scalar_call,depthwise_separable_conv.halide_generated.cpp,6205,20,generator_specific,0,0,0,0.946
depthwise_separable_conv,cxx_default_on_emitted_cpp,cxx_replace_scalar_call,depthwise_separable_conv.halide_generated.cpp,6213,20,generator_specific,0,0,0,0.965
depthwise_separable_conv,cxx_default_on_emitted_cpp,cxx_replace_scalar_call,depthwise_separable_conv.halide_generated.cpp,6239,20,generator_specific,0,0,0,0.947
depthwise_separable_conv,cxx_default_on_emitted_cpp,cxx_replace_scalar_call,depthwise_separable_conv.halide_generated.cpp,6247,20,generator_specific,0,0,0,0.941
depthwise_separable_conv,cxx_default_on_emitted_cpp,cxx_replace_scalar_call,depthwise_separable_conv.halide_generated.cpp,6273,20,generator_specific,0,0,0,0.949
depthwise_separable_conv,cxx_default_on_emitted_cpp,cxx_replace_scalar_call,depthwise_separable_conv.halide_generated.cpp,6281,20,generator_specific,0,0,0,0.945
depthwise_separable_conv,cxx_default_on_emitted_cpp,cxx_replace_scalar_call,depthwise_separable_conv.halide_generated.cpp,6291,20,generator_specific,0,0,0,0.953
depthwise_separable_conv,cxx_default_on_emitted_cpp,cxx_replace_scalar_call,depthwise_separable_conv.halide_generated.cpp,6317,20,generator_specific,0,0,0,0.950
depthwise_separable_conv,cxx_default_on_emitted_cpp,cxx_replace_scalar_call,depthwise_separable_conv.halide_generated.cpp,6325,20,generator_specific,0,0,0,0.942
depthwise_separable_conv,cxx_default_on_emitted_cpp,cxx_replace_scalar_call,depthwise_separable_conv.halide_generated.cpp,6351,20,generator_specific,0,0,0,0.959
depthwise_separable_conv,cxx_default_on_emitted_cpp,cxx_replace_scalar_call,depthwise_separable_conv.halide_generated.cpp,6359,20,generator_specific,0,0,0,0.946
depthwise_separable_conv,cxx_default_on_emitted_cpp,cxx_replace_scalar_call,depthwise_separable_conv.halide_generated.cpp,6385,20,generator_specific,0,0,0,0.936
depthwise_separable_conv,cxx_default_on_emitted_cpp,cxx_replace_scalar_call,depthwise_separable_conv.halide_generated.cpp,6393,20,generator_specific,0,0,0,0.958
depthwise_separable_conv,cxx_default_on_emitted_cpp,cxx_replace_scalar_call,depthwise_separable_conv.halide_generated.cpp,6403,20,generator_specific,0,0,0,1.041
depthwise_separable_conv,cxx_default_on_emitted_cpp,cxx_replace_scalar_call,depthwise_separable_conv.halide_generated.cpp,6429,20,generator_specific,0,0,0,0.959
depthwise_separable_conv,cxx_default_on_emitted_cpp,cxx_replace_scalar_call,depthwise_separable_conv.halide_generated.cpp,6437,20,generator_specific,0,0,0,1.006
depthwise_separable_conv,cxx_default_on_emitted_cpp,cxx_replace_scalar_call,depthwise_separable_conv.halide_generated.cpp,6463,20,generator_specific,0,0,0,0.964
depthwise_separable_conv,cxx_default_on_emitted_cpp,cxx_replace_scalar_call,depthwise_separable_conv.halide_generated.cpp,6471,20,generator_specific,0,0,0,0.964
depthwise_separable_conv,cxx_default_on_emitted_cpp,cxx_replace_scalar_call,depthwise_separable_conv.halide_generated.cpp,6497,20,generator_specific,0,0,0,0.967
depthwise_separable_conv,cxx_default_on_emitted_cpp,cxx_replace_scalar_call,depthwise_separable_conv.halide_generated.cpp,6505,20,generator_specific,0,0,0,0.958
depthwise_separable_conv,cxx_default_on_emitted_cpp,cxx_replace_scalar_call,depthwise_separable_conv.halide_generated.cpp,6515,20,generator_specific,0,0,0,0.974
depthwise_separable_conv,cxx_default_on_emitted_cpp,cxx_replace_scalar_call,depthwise_separable_conv.halide_generated.cpp,6541,20,generator_specific,0,0,0,0.963
depthwise_separable_conv,cxx_default_on_emitted_cpp,cxx_replace_scalar_call,depthwise_separable_conv.halide_generated.cpp,6549,20,generator_specific,0,0,0,0.968
depthwise_separable_conv,cxx_default_on_emitted_cpp,cxx_replace_scalar_call,depthwise_separable_conv.halide_generated.cpp,6555,20,generator_specific,0,0,0,0.962
depthwise_separable_conv,cxx_default_on_emitted_cpp,cxx_replace_scalar_call,depthwise_separable_conv.halide_generated.cpp,6561,20,generator_specific,0,0,0,0.968
depthwise_separable_conv,cxx_default_on_emitted_cpp,cxx_replace_scalar_call,depthwise_separable_conv.halide_generated.cpp,6567,20,generator_specific,0,0,0,0.963
depthwise_separable_conv,cxx_default_on_emitted_cpp,cxx_replace_scalar_call,depthwise_separable_conv.halide_generated.cpp,6573,20,generator_specific,0,0,0,0.968
depthwise_separable_conv,cxx_default_on_emitted_cpp,cxx_replace_scalar_call,depthwise_separable_conv.halide_generated.cpp,6579,20,generator_specific,0,0,0,0.964
depthwise_separable_conv,cxx_default_on_emitted_cpp,cxx_replace_scalar_call,depthwise_separable_conv.halide_generated.cpp,6586,20,generator_specific,0,0,0,0.968
depthwise_separable_conv,cxx_default_on_emitted_cpp,cxx_replace_scalar_call,depthwise_separable_conv.halide_generated.cpp,6593,20,generator_specific,0,0,0,0.964
depthwise_separable_conv,cxx_default_on_emitted_cpp,cxx_replace_scalar_call,depthwise_separable_conv.halide_generated.cpp,6600,20,generator_specific,0,0,0,0.961
depthwise_separable_conv,cxx_default_on_emitted_cpp,cxx_replace_scalar_call,depthwise_separable_conv.halide_generated.cpp,6607,20,generator_specific,0,0,0,0.970
depthwise_separable_conv,cxx_default_on_emitted_cpp,cxx_replace_scalar_call,depthwise_separable_conv.halide_generated.cpp,6614,20,generator_specific,0,0,0,0.963
depthwise_separable_conv,cxx_default_on_emitted_cpp,cxx_replace_scalar_call,depthwise_separable_conv.halide_generated.cpp,6738,20,generator_specific,0,0,0,0.646
depthwise_separable_conv,cxx_default_on_emitted_cpp,cxx_replace_scalar_call,depthwise_separable_conv.halide_generated.cpp,6946,20,generator_specific,0,0,0,0.960
depthwise_separable_conv,cxx_default_on_emitted_cpp,cxx_replace_scalar_call,depthwise_separable_conv.halide_generated.cpp,6959,9,wrapper_metadata,0,0,0,0.972
depthwise_separable_conv,cxx_default_on_emitted_cpp,cxx_sub_to_add,depthwise_separable_conv.halide_generated.cpp,3654,33,generator_specific,0,0,0,0.735
depthwise_separable_conv,cxx_default_on_emitted_cpp,cxx_sub_to_add,depthwise_separable_conv.halide_generated.cpp,3668,20,generator_specific,0,0,0,0.643
depthwise_separable_conv,cxx_default_on_emitted_cpp,cxx_sub_to_add,depthwise_separable_conv.halide_generated.cpp,3670,20,generator_specific,0,0,0,0.576
depthwise_separable_conv,cxx_default_on_emitted_cpp,cxx_sub_to_add,depthwise_separable_conv.halide_generated.cpp,3694,21,generator_specific,0,0,0,0.874
depthwise_separable_conv,cxx_default_on_emitted_cpp,cxx_sub_to_add,depthwise_separable_conv.halide_generated.cpp,3865,28,generator_specific,0,0,0,0.731
depthwise_separable_conv,cxx_default_on_emitted_cpp,cxx_sub_to_add,depthwise_separable_conv.halide_generated.cpp,4244,34,generator_specific,0,0,0,0.732
depthwise_separable_conv,cxx_default_on_emitted_cpp,cxx_sub_to_add,depthwise_separable_conv.halide_generated.cpp,4258,22,generator_specific,0,0,0,0.637
depthwise_separable_conv,cxx_default_on_emitted_cpp,cxx_sub_to_add,depthwise_separable_conv.halide_generated.cpp,4262,22,generator_specific,0,0,0,0.893
depthwise_separable_conv,cxx_default_on_emitted_cpp,cxx_sub_to_add,depthwise_separable_conv.halide_generated.cpp,4264,22,generator_specific,0,0,0,0.826
depthwise_separable_conv,cxx_default_on_emitted_cpp,cxx_sub_to_add,depthwise_separable_conv.halide_generated.cpp,4278,22,generator_specific,0,0,0,0.563
depthwise_separable_conv,cxx_default_on_emitted_cpp,cxx_sub_to_add,depthwise_separable_conv.halide_generated.cpp,4279,22,generator_specific,0,0,0,0.644
depthwise_separable_conv,cxx_default_on_emitted_cpp,cxx_sub_to_add,depthwise_separable_conv.halide_generated.cpp,4282,22,generator_specific,0,0,0,0.815
depthwise_separable_conv,cxx_default_on_emitted_cpp,cxx_sub_to_add,depthwise_separable_conv.halide_generated.cpp,4294,22,generator_specific,0,0,0,0.550
depthwise_separable_conv,cxx_default_on_emitted_cpp,cxx_sub_to_add,depthwise_separable_conv.halide_generated.cpp,4300,22,generator_specific,0,0,0,0.634
depthwise_separable_conv,cxx_default_on_emitted_cpp,cxx_sub_to_add,depthwise_separable_conv.halide_generated.cpp,4301,22,generator_specific,0,0,0,0.626
depthwise_separable_conv,cxx_default_on_emitted_cpp,cxx_sub_to_add,depthwise_separable_conv.halide_generated.cpp,4302,22,generator_specific,0,0,0,0.627
depthwise_separable_conv,cxx_default_on_emitted_cpp,cxx_sub_to_add,depthwise_separable_conv.halide_generated.cpp,4303,22,generator_specific,0,0,0,0.641
depthwise_separable_conv,cxx_default_on_emitted_cpp,cxx_sub_to_add,depthwise_separable_conv.halide_generated.cpp,4304,22,generator_specific,0,0,0,0.630
depthwise_separable_conv,cxx_default_on_emitted_cpp,cxx_sub_to_add,depthwise_separable_conv.halide_generated.cpp,4324,23,generator_specific,0,0,0,0.745
depthwise_separable_conv,cxx_default_on_emitted_cpp,cxx_sub_to_add,depthwise_separable_conv.halide_generated.cpp,4325,23,generator_specific,0,0,0,0.739
depthwise_separable_conv,cxx_default_on_emitted_cpp,cxx_sub_to_add,depthwise_separable_conv.halide_generated.cpp,4371,26,generator_specific,0,0,0,0.550
depthwise_separable_conv,cxx_default_on_emitted_cpp,cxx_sub_to_add,depthwise_separable_conv.halide_generated.cpp,4372,26,generator_specific,0,0,0,0.545
depthwise_separable_conv,cxx_default_on_emitted_cpp,cxx_sub_to_add,depthwise_separable_conv.halide_generated.cpp,4375,26,generator_specific,0,0,0,0.647
depthwise_separable_conv,cxx_default_on_emitted_cpp,cxx_sub_to_add,depthwise_separable_conv.halide_generated.cpp,4383,26,generator_specific,0,0,0,0.535
depthwise_separable_conv,cxx_default_on_emitted_cpp,cxx_sub_to_add,depthwise_separable_conv.halide_generated.cpp,4391,26,generator_specific,0,0,0,0.721
depthwise_separable_conv,cxx_default_on_emitted_cpp,cxx_sub_to_add,depthwise_separable_conv.halide_generated.cpp,4396,26,generator_specific,0,0,0,0.802
depthwise_separable_conv,cxx_default_on_emitted_cpp,cxx_sub_to_add,depthwise_separable_conv.halide_generated.cpp,4405,26,generator_specific,0,0,0,0.635
depthwise_separable_conv,cxx_default_on_emitted_cpp,cxx_sub_to_add,depthwise_separable_conv.halide_generated.cpp,4411,26,generator_specific,0,0,0,0.545
depthwise_separable_conv,cxx_default_on_emitted_cpp,cxx_sub_to_add,depthwise_separable_conv.halide_generated.cpp,4434,27,generator_specific,0,0,0,0.537
depthwise_separable_conv,cxx_default_on_emitted_cpp,cxx_sub_to_add,depthwise_separable_conv.halide_generated.cpp,4579,28,generator_specific,0,0,0,0.724
depthwise_separable_conv,cxx_default_on_emitted_cpp,cxx_sub_to_add,depthwise_separable_conv.halide_generated.cpp,4584,29,generator_specific,0,0,0,0.809
depthwise_separable_conv,cxx_default_on_emitted_cpp,cxx_sub_to_add,depthwise_separable_conv.halide_generated.cpp,4586,29,generator_specific,0,0,0,0.713
depthwise_separable_conv,cxx_default_on_emitted_cpp,cxx_sub_to_add,depthwise_separable_conv.halide_generated.cpp,4619,34,generator_specific,0,0,0,0.914
depthwise_separable_conv,cxx_default_on_emitted_cpp,cxx_sub_to_add,depthwise_separable_conv.halide_generated.cpp,4621,34,generator_specific,0,0,0,0.821
depthwise_separable_conv,cxx_default_on_emitted_cpp,cxx_sub_to_add,depthwise_separable_conv.halide_generated.cpp,4624,31,generator_specific,0,0,0,0.550
depthwise_separable_conv,cxx_default_on_emitted_cpp,cxx_sub_to_add,depthwise_separable_conv.halide_generated.cpp,4649,34,generator_specific,0,0,0,0.822
depthwise_separable_conv,cxx_default_on_emitted_cpp,cxx_sub_to_add,depthwise_separable_conv.halide_generated.cpp,4651,34,generator_specific,0,0,0,0.726
depthwise_separable_conv,cxx_default_on_emitted_cpp,cxx_sub_to_add,depthwise_separable_conv.halide_generated.cpp,4654,31,generator_specific,0,0,0,0.646
depthwise_separable_conv,cxx_default_on_emitted_cpp,cxx_sub_to_add,depthwise_separable_conv.halide_generated.cpp,4679,34,generator_specific,0,0,0,0.739
depthwise_separable_conv,cxx_default_on_emitted_cpp,cxx_sub_to_add,depthwise_separable_conv.halide_generated.cpp,4681,34,generator_specific,0,0,0,0.842
depthwise_separable_conv,cxx_default_on_emitted_cpp,cxx_sub_to_add,depthwise_separable_conv.halide_generated.cpp,4684,31,generator_specific,0,0,0,0.572
depthwise_separable_conv,cxx_default_on_emitted_cpp,cxx_sub_to_add,depthwise_separable_conv.halide_generated.cpp,4709,34,generator_specific,0,0,0,0.805
depthwise_separable_conv,cxx_default_on_emitted_cpp,cxx_sub_to_add,depthwise_separable_conv.halide_generated.cpp,4711,34,generator_specific,0,0,0,0.641
depthwise_separable_conv,cxx_default_on_emitted_cpp,cxx_sub_to_add,depthwise_separable_conv.halide_generated.cpp,4714,31,generator_specific,0,0,0,0.833
depthwise_separable_conv,cxx_default_on_emitted_cpp,cxx_sub_to_add,depthwise_separable_conv.halide_generated.cpp,4739,34,generator_specific,0,0,0,0.559
depthwise_separable_conv,cxx_default_on_emitted_cpp,cxx_sub_to_add,depthwise_separable_conv.halide_generated.cpp,4741,34,generator_specific,0,0,0,0.545
depthwise_separable_conv,cxx_default_on_emitted_cpp,cxx_sub_to_add,depthwise_separable_conv.halide_generated.cpp,4744,31,generator_specific,0,0,0,0.647
depthwise_separable_conv,cxx_default_on_emitted_cpp,cxx_sub_to_add,depthwise_separable_conv.halide_generated.cpp,4769,34,generator_specific,0,0,0,0.716
depthwise_separable_conv,cxx_default_on_emitted_cpp,cxx_sub_to_add,depthwise_separable_conv.halide_generated.cpp,4771,34,generator_specific,0,0,0,0.718
depthwise_separable_conv,cxx_default_on_emitted_cpp,cxx_sub_to_add,depthwise_separable_conv.halide_generated.cpp,4774,31,generator_specific,0,0,0,0.807
depthwise_separable_conv,cxx_default_on_emitted_cpp,cxx_sub_to_add,depthwise_separable_conv.halide_generated.cpp,5030,31,generator_specific,0,0,0,0.646
depthwise_separable_conv,cxx_default_on_emitted_cpp,cxx_sub_to_add,depthwise_separable_conv.halide_generated.cpp,5032,31,generator_specific,0,0,0,0.735
depthwise_separable_conv,cxx_default_on_emitted_cpp,cxx_sub_to_add,depthwise_separable_conv.halide_generated.cpp,5065,36,generator_specific,0,0,0,0.556
depthwise_separable_conv,cxx_default_on_emitted_cpp,cxx_sub_to_add,depthwise_separable_conv.halide_generated.cpp,5067,36,generator_specific,0,0,0,0.644
depthwise_separable_conv,cxx_default_on_emitted_cpp,cxx_sub_to_add,depthwise_separable_conv.halide_generated.cpp,5070,33,generator_specific,0,0,0,0.550
depthwise_separable_conv,cxx_default_on_emitted_cpp,cxx_sub_to_add,depthwise_separable_conv.halide_generated.cpp,5095,36,generator_specific,0,0,0,0.731
depthwise_separable_conv,cxx_default_on_emitted_cpp,cxx_sub_to_add,depthwise_separable_conv.halide_generated.cpp,5097,36,generator_specific,0,0,0,0.650
depthwise_separable_conv,cxx_default_on_emitted_cpp,cxx_sub_to_add,depthwise_separable_conv.halide_generated.cpp,5100,33,generator_specific,0,0,0,0.645
depthwise_separable_conv,cxx_default_on_emitted_cpp,cxx_sub_to_add,depthwise_separable_conv.halide_generated.cpp,5125,36,generator_specific,0,0,0,0.547
depthwise_separable_conv,cxx_default_on_emitted_cpp,cxx_sub_to_add,depthwise_separable_conv.halide_generated.cpp,5127,36,generator_specific,0,0,0,0.743
depthwise_separable_conv,cxx_default_on_emitted_cpp,cxx_sub_to_add,depthwise_separable_conv.halide_generated.cpp,5130,33,generator_specific,0,0,0,0.651
depthwise_separable_conv,cxx_default_on_emitted_cpp,cxx_sub_to_add,depthwise_separable_conv.halide_generated.cpp,5155,36,generator_specific,0,0,0,0.912
depthwise_separable_conv,cxx_default_on_emitted_cpp,cxx_sub_to_add,depthwise_separable_conv.halide_generated.cpp,5157,36,generator_specific,0,0,0,0.725
depthwise_separable_conv,cxx_default_on_emitted_cpp,cxx_sub_to_add,depthwise_separable_conv.halide_generated.cpp,5160,33,generator_specific,0,0,0,0.737
depthwise_separable_conv,cxx_default_on_emitted_cpp,cxx_sub_to_add,depthwise_separable_conv.halide_generated.cpp,5185,36,generator_specific,0,0,0,0.728
depthwise_separable_conv,cxx_default_on_emitted_cpp,cxx_sub_to_add,depthwise_separable_conv.halide_generated.cpp,5187,36,generator_specific,0,0,0,0.820
depthwise_separable_conv,cxx_default_on_emitted_cpp,cxx_sub_to_add,depthwise_separable_conv.halide_generated.cpp,5190,33,generator_specific,0,0,0,0.548
depthwise_separable_conv,cxx_default_on_emitted_cpp,cxx_sub_to_add,depthwise_separable_conv.halide_generated.cpp,5215,36,generator_specific,0,0,0,0.648
depthwise_separable_conv,cxx_default_on_emitted_cpp,cxx_sub_to_add,depthwise_separable_conv.halide_generated.cpp,5217,36,generator_specific,0,0,0,0.712
depthwise_separable_conv,cxx_default_on_emitted_cpp,cxx_sub_to_add,depthwise_separable_conv.halide_generated.cpp,5220,33,generator_specific,0,0,0,0.737
depthwise_separable_conv,cxx_default_on_emitted_cpp,cxx_sub_to_add,depthwise_separable_conv.halide_generated.cpp,5498,24,generator_specific,0,0,0,0.744
depthwise_separable_conv,cxx_default_on_emitted_cpp,cxx_sub_to_add,depthwise_separable_conv.halide_generated.cpp,5499,24,generator_specific,0,0,0,0.550
depthwise_separable_conv,cxx_default_on_emitted_cpp,cxx_sub_to_add,depthwise_separable_conv.halide_generated.cpp,5502,24,generator_specific,0,0,0,0.644
depthwise_separable_conv,cxx_default_on_emitted_cpp,cxx_sub_to_add,depthwise_separable_conv.halide_generated.cpp,5510,24,generator_specific,0,0,0,0.809
depthwise_separable_conv,cxx_default_on_emitted_cpp,cxx_sub_to_add,depthwise_separable_conv.halide_generated.cpp,5520,24,generator_specific,0,0,0,0.904
depthwise_separable_conv,cxx_default_on_emitted_cpp,cxx_sub_to_add,depthwise_separable_conv.halide_generated.cpp,5525,24,generator_specific,0,0,0,0.729
depthwise_separable_conv,cxx_default_on_emitted_cpp,cxx_sub_to_add,depthwise_separable_conv.halide_generated.cpp,5529,24,generator_specific,0,0,0,0.642
depthwise_separable_conv,cxx_default_on_emitted_cpp,cxx_sub_to_add,depthwise_separable_conv.halide_generated.cpp,5543,24,generator_specific,-6,1,1,0.026
depthwise_separable_conv,cxx_default_on_emitted_cpp,cxx_sub_to_add,depthwise_separable_conv.halide_generated.cpp,5550,24,generator_specific,0,0,0,0.745
depthwise_separable_conv,cxx_default_on_emitted_cpp,cxx_sub_to_add,depthwise_separable_conv.halide_generated.cpp,5554,24,generator_specific,0,0,0,0.643
depthwise_separable_conv,cxx_default_on_emitted_cpp,cxx_sub_to_add,depthwise_separable_conv.halide_generated.cpp,5558,24,generator_specific,0,0,0,0.548
depthwise_separable_conv,cxx_default_on_emitted_cpp,cxx_sub_to_add,depthwise_separable_conv.halide_generated.cpp,5565,21,generator_specific,0,0,0,0.718
depthwise_separable_conv,cxx_default_on_emitted_cpp,cxx_sub_to_add,depthwise_separable_conv.halide_generated.cpp,5582,24,generator_specific,-6,1,1,0.027
depthwise_separable_conv,cxx_default_on_emitted_cpp,cxx_sub_to_add,depthwise_separable_conv.halide_generated.cpp,5585,24,generator_specific,0,0,0,0.741
depthwise_separable_conv,cxx_default_on_emitted_cpp,cxx_sub_to_add,depthwise_separable_conv.halide_generated.cpp,5589,24,generator_specific,0,0,0,0.544
depthwise_separable_conv,cxx_default_on_emitted_cpp,cxx_sub_to_add,depthwise_separable_conv.halide_generated.cpp,5593,24,generator_specific,0,0,0,0.891
depthwise_separable_conv,cxx_default_on_emitted_cpp,cxx_sub_to_add,depthwise_separable_conv.halide_generated.cpp,5607,24,generator_specific,0,0,0,0.554
depthwise_separable_conv,cxx_default_on_emitted_cpp,cxx_sub_to_add,depthwise_separable_conv.halide_generated.cpp,5609,24,generator_specific,0,0,0,0.545
depthwise_separable_conv,cxx_default_on_emitted_cpp,cxx_sub_to_add,depthwise_separable_conv.halide_generated.cpp,5612,24,generator_specific,0,0,0,0.644
depthwise_separable_conv,cxx_default_on_emitted_cpp,cxx_sub_to_add,depthwise_separable_conv.halide_generated.cpp,5617,20,generator_specific,0,0,0,0.538
depthwise_separable_conv,cxx_default_on_emitted_cpp,cxx_sub_to_add,depthwise_separable_conv.halide_generated.cpp,6189,25,generator_specific,0,0,0,0.541
depthwise_separable_conv,cxx_default_on_emitted_cpp,cxx_sub_to_add,depthwise_separable_conv.halide_generated.cpp,6199,26,generator_specific,0,0,0,0.548
depthwise_separable_conv,cxx_default_on_emitted_cpp,cxx_sub_to_add,depthwise_separable_conv.halide_generated.cpp,6220,25,generator_specific,0,0,0,0.735
depthwise_separable_conv,cxx_default_on_emitted_cpp,cxx_sub_to_add,depthwise_separable_conv.halide_generated.cpp,6233,26,generator_specific,0,0,0,0.661
depthwise_separable_conv,cxx_default_on_emitted_cpp,cxx_sub_to_add,depthwise_separable_conv.halide_generated.cpp,6254,25,generator_specific,0,0,0,0.806
depthwise_separable_conv,cxx_default_on_emitted_cpp,cxx_sub_to_add,depthwise_separable_conv.halide_generated.cpp,6267,26,generator_specific,0,0,0,0.635
depthwise_separable_conv,cxx_default_on_emitted_cpp,cxx_sub_to_add,depthwise_separable_conv.halide_generated.cpp,6298,25,generator_specific,0,0,0,0.726
depthwise_separable_conv,cxx_default_on_emitted_cpp,cxx_sub_to_add,depthwise_separable_conv.halide_generated.cpp,6311,26,generator_specific,0,0,0,0.913
depthwise_separable_conv,cxx_default_on_emitted_cpp,cxx_sub_to_add,depthwise_separable_conv.halide_generated.cpp,6332,25,generator_specific,0,0,0,0.724
depthwise_separable_conv,cxx_default_on_emitted_cpp,cxx_sub_to_add,depthwise_separable_conv.halide_generated.cpp,6345,26,generator_specific,0,0,0,0.653
depthwise_separable_conv,cxx_default_on_emitted_cpp,cxx_sub_to_add,depthwise_separable_conv.halide_generated.cpp,6366,25,generator_specific,0,0,0,0.567
depthwise_separable_conv,cxx_default_on_emitted_cpp,cxx_sub_to_add,depthwise_separable_conv.halide_generated.cpp,6379,26,generator_specific,0,0,0,0.732
depthwise_separable_conv,cxx_default_on_emitted_cpp,cxx_sub_to_add,depthwise_separable_conv.halide_generated.cpp,6410,25,generator_specific,0,0,0,0.640
depthwise_separable_conv,cxx_default_on_emitted_cpp,cxx_sub_to_add,depthwise_separable_conv.halide_generated.cpp,6423,26,generator_specific,0,0,0,0.639
depthwise_separable_conv,cxx_default_on_emitted_cpp,cxx_sub_to_add,depthwise_separable_conv.halide_generated.cpp,6444,25,generator_specific,0,0,0,0.635
depthwise_separable_conv,cxx_default_on_emitted_cpp,cxx_sub_to_add,depthwise_separable_conv.halide_generated.cpp,6457,26,generator_specific,0,0,0,0.911
depthwise_separable_conv,cxx_default_on_emitted_cpp,cxx_sub_to_add,depthwise_separable_conv.halide_generated.cpp,6478,25,generator_specific,0,0,0,0.630
depthwise_separable_conv,cxx_default_on_emitted_cpp,cxx_sub_to_add,depthwise_separable_conv.halide_generated.cpp,6491,26,generator_specific,0,0,0,0.741
depthwise_separable_conv,cxx_default_on_emitted_cpp,cxx_sub_to_add,depthwise_separable_conv.halide_generated.cpp,6522,25,generator_specific,0,0,0,0.642
depthwise_separable_conv,cxx_default_on_emitted_cpp,cxx_sub_to_add,depthwise_separable_conv.halide_generated.cpp,6535,26,generator_specific,0,0,0,0.652
depthwise_separable_conv,cxx_default_on_emitted_cpp,cxx_sub_to_add,depthwise_separable_conv.halide_generated.cpp,6632,26,generator_specific,0,0,0,0.564
depthwise_separable_conv,cxx_default_on_emitted_cpp,cxx_sub_to_add,depthwise_separable_conv.halide_generated.cpp,6641,26,generator_specific,0,0,0,0.820
depthwise_separable_conv,cxx_default_on_emitted_cpp,cxx_sub_to_add,depthwise_separable_conv.halide_generated.cpp,6643,26,generator_specific,0,0,0,0.544
depthwise_separable_conv,cxx_default_on_emitted_cpp,cxx_sub_to_add,depthwise_separable_conv.halide_generated.cpp,6645,26,generator_specific,0,0,0,0.638
depthwise_separable_conv,cxx_default_on_emitted_cpp,cxx_sub_to_add,depthwise_separable_conv.halide_generated.cpp,6646,26,generator_specific,0,0,0,0.725
depthwise_separable_conv,cxx_default_on_emitted_cpp,cxx_sub_to_add,depthwise_separable_conv.halide_generated.cpp,6648,26,generator_specific,0,0,0,0.642
depthwise_separable_conv,cxx_default_on_emitted_cpp,cxx_sub_to_add,depthwise_separable_conv.halide_generated.cpp,6649,26,generator_specific,0,0,0,0.730
depthwise_separable_conv,cxx_default_on_emitted_cpp,cxx_sub_to_add,depthwise_separable_conv.halide_generated.cpp,6650,26,generator_specific,0,0,0,0.560
depthwise_separable_conv,cxx_default_on_emitted_cpp,cxx_sub_to_add,depthwise_separable_conv.halide_generated.cpp,6770,26,generator_specific,0,0,0,0.551
depthwise_separable_conv,cxx_default_on_emitted_cpp,cxx_sub_to_add,depthwise_separable_conv.halide_generated.cpp,6771,26,generator_specific,0,0,0,0.916
depthwise_separable_conv,cxx_default_on_emitted_cpp,cxx_sub_to_add,depthwise_separable_conv.halide_generated.cpp,6774,26,generator_specific,0,0,0,0.556
depthwise_separable_conv,cxx_default_on_emitted_cpp,cxx_sub_to_add,depthwise_separable_conv.halide_generated.cpp,6782,26,generator_specific,0,0,0,0.542
depthwise_separable_conv,cxx_default_on_emitted_cpp,cxx_sub_to_add,depthwise_separable_conv.halide_generated.cpp,6789,26,generator_specific,0,0,0,0.724
depthwise_separable_conv,cxx_default_on_emitted_cpp,cxx_sub_to_add,depthwise_separable_conv.halide_generated.cpp,6803,26,generator_specific,0,0,0,0.736
depthwise_separable_conv,cxx_default_on_emitted_cpp,cxx_sub_to_add,depthwise_separable_conv.halide_generated.cpp,6804,26,generator_specific,0,0,0,0.550
depthwise_separable_conv,cxx_default_on_emitted_cpp,cxx_sub_to_add,depthwise_separable_conv.halide_generated.cpp,6805,26,generator_specific,0,0,0,0.813
depthwise_separable_conv,cxx_default_on_emitted_cpp,cxx_sub_to_add,depthwise_separable_conv.halide_generated.cpp,6806,26,generator_specific,0,0,0,0.733
depthwise_separable_conv,cxx_default_on_emitted_cpp,cxx_sub_to_add,depthwise_separable_conv.halide_generated.cpp,6808,26,generator_specific,0,0,0,0.646
depthwise_separable_conv,cxx_default_on_emitted_cpp,cxx_sub_to_add,depthwise_separable_conv.halide_generated.cpp,6810,26,generator_specific,0,0,0,0.642
depthwise_separable_conv,cxx_default_on_emitted_cpp,cxx_sub_to_add,depthwise_separable_conv.halide_generated.cpp,6812,26,generator_specific,0,0,0,0.724
depthwise_separable_conv,cxx_default_on_emitted_cpp,cxx_sub_to_add,depthwise_separable_conv.halide_generated.cpp,6813,26,generator_specific,0,0,0,0.709
depthwise_separable_conv,cxx_default_on_emitted_cpp,cxx_sub_to_add,depthwise_separable_conv.halide_generated.cpp,6815,26,generator_specific,0,0,0,0.550
depthwise_separable_conv,cxx_default_on_emitted_cpp,cxx_sub_to_add,depthwise_separable_conv.halide_generated.cpp,6816,26,generator_specific,0,0,0,0.710
depthwise_separable_conv,cxx_default_on_emitted_cpp,cxx_sub_to_add,depthwise_separable_conv.halide_generated.cpp,6818,26,generator_specific,0,0,0,0.856
depthwise_separable_conv,cxx_default_on_emitted_cpp,cxx_sub_to_add,depthwise_separable_conv.halide_generated.cpp,6819,26,generator_specific,0,0,0,0.703
depthwise_separable_conv,cxx_default_on_emitted_cpp,cxx_sub_to_add,depthwise_separable_conv.halide_generated.cpp,6821,26,generator_specific,0,0,0,0.786
depthwise_separable_conv,cxx_default_on_emitted_cpp,cxx_sub_to_add,depthwise_separable_conv.halide_generated.cpp,6822,26,generator_specific,0,0,0,0.704
