app,arm,mull_commit,slice_index,slice_count,mutator,file,line,column,region,exit_code,test1_demo,test2_golden,test2_written,test3_perf,killed_by,timed_out,wall_seconds,mutant_key
interpolate,cxx_default_on_emitted_cpp,5eb72c8d,2,6,cxx_add_to_sub,interpolate.halide_generated.cpp,4147,24,generator_specific,-11,1,1,,,test1_demo;test2_golden,0,0.435,cxx_add_to_sub:/mnt/scratch1/ardi/dsl_mut/HM-armc/mutation/lowered-cpp/interpolate/interpolate.halide_generated.cpp:4147:24
interpolate,cxx_default_on_emitted_cpp,5eb72c8d,2,6,cxx_mul_to_div,interpolate.halide_generated.cpp,8436,36,generator_specific,-8,1,1,,,test1_demo;test2_golden,0,0.496,cxx_mul_to_div:/mnt/scratch1/ardi/dsl_mut/HM-armc/mutation/lowered-cpp/interpolate/interpolate.halide_generated.cpp:8436:36
interpolate,cxx_default_on_emitted_cpp,5eb72c8d,2,6,cxx_post_inc_to_post_dec,interpolate.halide_generated.cpp,7233,110,generator_specific,-11,1,1,,,test1_demo;test2_golden,0,0.544,cxx_post_inc_to_post_dec:/mnt/scratch1/ardi/dsl_mut/HM-armc/mutation/lowered-cpp/interpolate/interpolate.halide_generated.cpp:7233:110
interpolate,cxx_default_on_emitted_cpp,5eb72c8d,2,6,cxx_gt_to_le,interpolate.halide_generated.cpp,11468,18,generator_specific,-6,1,1,,,test1_demo;test2_golden,0,0.532,cxx_gt_to_le:/mnt/scratch1/ardi/dsl_mut/HM-armc/mutation/lowered-cpp/interpolate/interpolate.halide_generated.cpp:11468:18
interpolate,cxx_default_on_emitted_cpp,5eb72c8d,2,6,cxx_eq_to_ne,interpolate.halide_generated.cpp,2503,22,boilerplate,-6,1,1,,,test1_demo;test2_golden,0,0.600,cxx_eq_to_ne:/mnt/scratch1/ardi/dsl_mut/HM-armc/mutation/lowered-cpp/interpolate/interpolate.halide_generated.cpp:2503:22
interpolate,cxx_default_on_emitted_cpp,5eb72c8d,2,6,cxx_add_to_sub,interpolate.halide_generated.cpp,3834,55,generator_specific,0,0,1,,,test2_golden,0,1.630,cxx_add_to_sub:/mnt/scratch1/ardi/dsl_mut/HM-armc/mutation/lowered-cpp/interpolate/interpolate.halide_generated.cpp:3834:55
interpolate,cxx_default_on_emitted_cpp,5eb72c8d,2,6,cxx_replace_scalar_call,interpolate.halide_generated.cpp,4457,17,generator_specific,0,0,1,,,test2_golden,0,2.730,cxx_replace_scalar_call:/mnt/scratch1/ardi/dsl_mut/HM-armc/mutation/lowered-cpp/interpolate/interpolate.halide_generated.cpp:4457:17
interpolate,cxx_default_on_emitted_cpp,5eb72c8d,2,6,cxx_mul_to_div,interpolate.halide_generated.cpp,10531,24,generator_specific,0,0,1,,,test2_golden,0,2.786,cxx_mul_to_div:/mnt/scratch1/ardi/dsl_mut/HM-armc/mutation/lowered-cpp/interpolate/interpolate.halide_generated.cpp:10531:24
interpolate,cxx_default_on_emitted_cpp,5eb72c8d,2,6,cxx_add_to_sub,interpolate.halide_generated.cpp,4987,26,generator_specific,0,0,0,,,,0,3.074,cxx_add_to_sub:/mnt/scratch1/ardi/dsl_mut/HM-armc/mutation/lowered-cpp/interpolate/interpolate.halide_generated.cpp:4987:26
interpolate,cxx_default_on_emitted_cpp,5eb72c8d,2,6,cxx_sub_to_add,interpolate.halide_generated.cpp,9366,37,generator_specific,0,0,0,,,,0,3.066,cxx_sub_to_add:/mnt/scratch1/ardi/dsl_mut/HM-armc/mutation/lowered-cpp/interpolate/interpolate.halide_generated.cpp:9366:37
interpolate,cxx_default_on_emitted_cpp,5eb72c8d,2,6,cxx_mul_to_div,interpolate.halide_generated.cpp,9928,37,generator_specific,0,0,0,,,,0,3.068,cxx_mul_to_div:/mnt/scratch1/ardi/dsl_mut/HM-armc/mutation/lowered-cpp/interpolate/interpolate.halide_generated.cpp:9928:37
interpolate,cxx_default_on_emitted_cpp,5eb72c8d,2,6,cxx_replace_scalar_call,interpolate.halide_generated.cpp,11026,19,generator_specific,0,0,0,,,,0,3.105,cxx_replace_scalar_call:/mnt/scratch1/ardi/dsl_mut/HM-armc/mutation/lowered-cpp/interpolate/interpolate.halide_generated.cpp:11026:19
interpolate,cxx_default_on_emitted_cpp,5eb72c8d,2,6,cxx_mul_to_div,interpolate.halide_generated.cpp,9030,80,generator_specific,0,0,0,,,,0,3.095,cxx_mul_to_div:/mnt/scratch1/ardi/dsl_mut/HM-armc/mutation/lowered-cpp/interpolate/interpolate.halide_generated.cpp:9030:80
interpolate,cxx_default_on_emitted_cpp,5eb72c8d,2,6,cxx_add_to_sub,interpolate.halide_generated.cpp,12171,33,generator_specific,0,0,0,,,,0,3.105,cxx_add_to_sub:/mnt/scratch1/ardi/dsl_mut/HM-armc/mutation/lowered-cpp/interpolate/interpolate.halide_generated.cpp:12171:33
interpolate,cxx_default_on_emitted_cpp,5eb72c8d,2,6,cxx_add_to_sub,interpolate.halide_generated.cpp,3806,25,generator_specific,0,0,0,,,,0,3.103,cxx_add_to_sub:/mnt/scratch1/ardi/dsl_mut/HM-armc/mutation/lowered-cpp/interpolate/interpolate.halide_generated.cpp:3806:25
interpolate,cxx_default_on_emitted_cpp,5eb72c8d,2,6,cxx_add_to_sub,interpolate.halide_generated.cpp,8173,36,generator_specific,0,0,0,,,,0,3.113,cxx_add_to_sub:/mnt/scratch1/ardi/dsl_mut/HM-armc/mutation/lowered-cpp/interpolate/interpolate.halide_generated.cpp:8173:36
interpolate,cxx_default_on_emitted_cpp,5eb72c8d,2,6,cxx_add_to_sub,interpolate.halide_generated.cpp,8826,35,generator_specific,0,0,0,,,,0,3.110,cxx_add_to_sub:/mnt/scratch1/ardi/dsl_mut/HM-armc/mutation/lowered-cpp/interpolate/interpolate.halide_generated.cpp:8826:35
interpolate,cxx_default_on_emitted_cpp,5eb72c8d,2,6,cxx_sub_to_add,interpolate.halide_generated.cpp,7896,35,generator_specific,0,0,0,,,,0,3.119,cxx_sub_to_add:/mnt/scratch1/ardi/dsl_mut/HM-armc/mutation/lowered-cpp/interpolate/interpolate.halide_generated.cpp:7896:35
interpolate,cxx_default_on_emitted_cpp,5eb72c8d,2,6,cxx_add_to_sub,interpolate.halide_generated.cpp,10777,26,generator_specific,0,0,0,,,,0,3.101,cxx_add_to_sub:/mnt/scratch1/ardi/dsl_mut/HM-armc/mutation/lowered-cpp/interpolate/interpolate.halide_generated.cpp:10777:26
interpolate,cxx_default_on_emitted_cpp,5eb72c8d,2,6,cxx_add_to_sub,interpolate.halide_generated.cpp,9159,37,generator_specific,0,0,0,,,,0,3.109,cxx_add_to_sub:/mnt/scratch1/ardi/dsl_mut/HM-armc/mutation/lowered-cpp/interpolate/interpolate.halide_generated.cpp:9159:37
interpolate,cxx_default_on_emitted_cpp,5eb72c8d,2,6,cxx_sub_to_add,interpolate.halide_generated.cpp,9904,35,generator_specific,0,0,0,,,,0,3.118,cxx_sub_to_add:/mnt/scratch1/ardi/dsl_mut/HM-armc/mutation/lowered-cpp/interpolate/interpolate.halide_generated.cpp:9904:35
interpolate,cxx_default_on_emitted_cpp,5eb72c8d,2,6,cxx_add_to_sub,interpolate.halide_generated.cpp,11911,32,generator_specific,0,0,0,,,,0,3.132,cxx_add_to_sub:/mnt/scratch1/ardi/dsl_mut/HM-armc/mutation/lowered-cpp/interpolate/interpolate.halide_generated.cpp:11911:32
interpolate,cxx_default_on_emitted_cpp,5eb72c8d,2,6,cxx_add_to_sub,interpolate.halide_generated.cpp,8948,29,generator_specific,0,0,0,,,,0,3.152,cxx_add_to_sub:/mnt/scratch1/ardi/dsl_mut/HM-armc/mutation/lowered-cpp/interpolate/interpolate.halide_generated.cpp:8948:29
interpolate,cxx_default_on_emitted_cpp,5eb72c8d,2,6,cxx_ne_to_eq,interpolate.halide_generated.cpp,2529,15,boilerplate,0,0,0,,,,0,3.121,cxx_ne_to_eq:/mnt/scratch1/ardi/dsl_mut/HM-armc/mutation/lowered-cpp/interpolate/interpolate.halide_generated.cpp:2529:15
interpolate,cxx_default_on_emitted_cpp,5eb72c8d,2,6,cxx_add_to_sub,interpolate.halide_generated.cpp,3730,25,generator_specific,0,0,0,,,,0,3.131,cxx_add_to_sub:/mnt/scratch1/ardi/dsl_mut/HM-armc/mutation/lowered-cpp/interpolate/interpolate.halide_generated.cpp:3730:25
interpolate,cxx_default_on_emitted_cpp,5eb72c8d,2,6,cxx_remove_void_call,interpolate.halide_generated.cpp,6060,2,generator_specific,0,0,0,,,,0,3.153,cxx_remove_void_call:/mnt/scratch1/ardi/dsl_mut/HM-armc/mutation/lowered-cpp/interpolate/interpolate.halide_generated.cpp:6060:2
interpolate,cxx_default_on_emitted_cpp,5eb72c8d,2,6,cxx_add_to_sub,interpolate.halide_generated.cpp,7391,60,generator_specific,0,0,1,,,test2_golden,0,3.147,cxx_add_to_sub:/mnt/scratch1/ardi/dsl_mut/HM-armc/mutation/lowered-cpp/interpolate/interpolate.halide_generated.cpp:7391:60
interpolate,cxx_default_on_emitted_cpp,5eb72c8d,2,6,cxx_add_to_sub,interpolate.halide_generated.cpp,8639,35,generator_specific,0,0,0,,,,0,3.134,cxx_add_to_sub:/mnt/scratch1/ardi/dsl_mut/HM-armc/mutation/lowered-cpp/interpolate/interpolate.halide_generated.cpp:8639:35
interpolate,cxx_default_on_emitted_cpp,5eb72c8d,2,6,cxx_gt_to_ge,interpolate.halide_generated.cpp,6233,73,generator_specific,0,0,0,,,,0,3.148,cxx_gt_to_ge:/mnt/scratch1/ardi/dsl_mut/HM-armc/mutation/lowered-cpp/interpolate/interpolate.halide_generated.cpp:6233:73
interpolate,cxx_default_on_emitted_cpp,5eb72c8d,2,6,cxx_add_to_sub,interpolate.halide_generated.cpp,12216,33,generator_specific,0,0,1,,,test2_golden,0,3.166,cxx_add_to_sub:/mnt/scratch1/ardi/dsl_mut/HM-armc/mutation/lowered-cpp/interpolate/interpolate.halide_generated.cpp:12216:33
interpolate,cxx_default_on_emitted_cpp,5eb72c8d,2,6,cxx_replace_scalar_call,interpolate.halide_generated.cpp,10473,18,generator_specific,0,0,0,,,,0,3.153,cxx_replace_scalar_call:/mnt/scratch1/ardi/dsl_mut/HM-armc/mutation/lowered-cpp/interpolate/interpolate.halide_generated.cpp:10473:18
interpolate,cxx_default_on_emitted_cpp,5eb72c8d,2,6,cxx_add_to_sub,interpolate.halide_generated.cpp,11802,31,generator_specific,0,0,1,,,test2_golden,0,3.157,cxx_add_to_sub:/mnt/scratch1/ardi/dsl_mut/HM-armc/mutation/lowered-cpp/interpolate/interpolate.halide_generated.cpp:11802:31
interpolate,cxx_default_on_emitted_cpp,5eb72c8d,2,6,cxx_add_to_sub,interpolate.halide_generated.cpp,7417,38,generator_specific,0,0,1,,,test2_golden,0,3.178,cxx_add_to_sub:/mnt/scratch1/ardi/dsl_mut/HM-armc/mutation/lowered-cpp/interpolate/interpolate.halide_generated.cpp:7417:38
interpolate,cxx_default_on_emitted_cpp,5eb72c8d,2,6,cxx_add_to_sub,interpolate.halide_generated.cpp,8429,36,generator_specific,0,0,1,,,test2_golden,0,3.221,cxx_add_to_sub:/mnt/scratch1/ardi/dsl_mut/HM-armc/mutation/lowered-cpp/interpolate/interpolate.halide_generated.cpp:8429:36
interpolate,cxx_default_on_emitted_cpp,5eb72c8d,2,6,cxx_add_to_sub,interpolate.halide_generated.cpp,9720,37,generator_specific,0,0,1,,,test2_golden,0,3.193,cxx_add_to_sub:/mnt/scratch1/ardi/dsl_mut/HM-armc/mutation/lowered-cpp/interpolate/interpolate.halide_generated.cpp:9720:37
interpolate,cxx_default_on_emitted_cpp,5eb72c8d,2,6,cxx_add_to_sub,interpolate.halide_generated.cpp,4932,26,generator_specific,0,0,1,,,test2_golden,0,3.178,cxx_add_to_sub:/mnt/scratch1/ardi/dsl_mut/HM-armc/mutation/lowered-cpp/interpolate/interpolate.halide_generated.cpp:4932:26
interpolate,cxx_default_on_emitted_cpp,5eb72c8d,2,6,cxx_add_to_sub,interpolate.halide_generated.cpp,10528,24,generator_specific,0,0,0,,,,0,3.208,cxx_add_to_sub:/mnt/scratch1/ardi/dsl_mut/HM-armc/mutation/lowered-cpp/interpolate/interpolate.halide_generated.cpp:10528:24
interpolate,cxx_default_on_emitted_cpp,5eb72c8d,2,6,cxx_remove_void_call,interpolate.halide_generated.cpp,10376,14,generator_specific,0,0,0,,,,0,3.204,cxx_remove_void_call:/mnt/scratch1/ardi/dsl_mut/HM-armc/mutation/lowered-cpp/interpolate/interpolate.halide_generated.cpp:10376:14
interpolate,cxx_default_on_emitted_cpp,5eb72c8d,2,6,cxx_add_to_sub,interpolate.halide_generated.cpp,11681,30,generator_specific,0,0,0,,,,0,3.290,cxx_add_to_sub:/mnt/scratch1/ardi/dsl_mut/HM-armc/mutation/lowered-cpp/interpolate/interpolate.halide_generated.cpp:11681:30
interpolate,cxx_default_on_emitted_cpp,5eb72c8d,2,6,cxx_add_to_sub,interpolate.halide_generated.cpp,9014,31,generator_specific,0,0,1,,,test2_golden,0,3.297,cxx_add_to_sub:/mnt/scratch1/ardi/dsl_mut/HM-armc/mutation/lowered-cpp/interpolate/interpolate.halide_generated.cpp:9014:31
interpolate,cxx_default_on_emitted_cpp,5eb72c8d,2,6,cxx_add_to_sub,interpolate.halide_generated.cpp,5306,26,generator_specific,0,0,1,,,test2_golden,0,3.323,cxx_add_to_sub:/mnt/scratch1/ardi/dsl_mut/HM-armc/mutation/lowered-cpp/interpolate/interpolate.halide_generated.cpp:5306:26
interpolate,cxx_default_on_emitted_cpp,5eb72c8d,2,6,cxx_mul_to_div,interpolate.halide_generated.cpp,9829,37,generator_specific,0,0,0,,,,0,3.337,cxx_mul_to_div:/mnt/scratch1/ardi/dsl_mut/HM-armc/mutation/lowered-cpp/interpolate/interpolate.halide_generated.cpp:9829:37
interpolate,cxx_default_on_emitted_cpp,5eb72c8d,2,6,cxx_add_to_sub,interpolate.halide_generated.cpp,8578,35,generator_specific,0,0,0,,,,0,2.886,cxx_add_to_sub:/mnt/scratch1/ardi/dsl_mut/HM-armc/mutation/lowered-cpp/interpolate/interpolate.halide_generated.cpp:8578:35
interpolate,cxx_default_on_emitted_cpp,5eb72c8d,2,6,cxx_sub_to_add,interpolate.halide_generated.cpp,3849,24,generator_specific,0,0,1,,,test2_golden,0,3.372,cxx_sub_to_add:/mnt/scratch1/ardi/dsl_mut/HM-armc/mutation/lowered-cpp/interpolate/interpolate.halide_generated.cpp:3849:24
interpolate,cxx_default_on_emitted_cpp,5eb72c8d,2,6,cxx_add_to_sub,interpolate.halide_generated.cpp,10775,26,generator_specific,0,0,0,,,,0,3.385,cxx_add_to_sub:/mnt/scratch1/ardi/dsl_mut/HM-armc/mutation/lowered-cpp/interpolate/interpolate.halide_generated.cpp:10775:26
interpolate,cxx_default_on_emitted_cpp,5eb72c8d,2,6,cxx_add_to_sub,interpolate.halide_generated.cpp,11931,32,generator_specific,0,0,0,,,,0,3.427,cxx_add_to_sub:/mnt/scratch1/ardi/dsl_mut/HM-armc/mutation/lowered-cpp/interpolate/interpolate.halide_generated.cpp:11931:32
interpolate,cxx_default_on_emitted_cpp,5eb72c8d,2,6,cxx_replace_scalar_call,interpolate.halide_generated.cpp,10468,18,generator_specific,0,0,0,,,,0,2.862,cxx_replace_scalar_call:/mnt/scratch1/ardi/dsl_mut/HM-armc/mutation/lowered-cpp/interpolate/interpolate.halide_generated.cpp:10468:18
interpolate,cxx_default_on_emitted_cpp,5eb72c8d,2,6,cxx_lt_to_le,interpolate.halide_generated.cpp,6516,86,generator_specific,-6,1,1,,,test1_demo;test2_golden,0,0.403,cxx_lt_to_le:/mnt/scratch1/ardi/dsl_mut/HM-armc/mutation/lowered-cpp/interpolate/interpolate.halide_generated.cpp:6516:86
interpolate,cxx_default_on_emitted_cpp,5eb72c8d,2,6,cxx_add_to_sub,interpolate.halide_generated.cpp,3975,26,generator_specific,0,0,1,,,test2_golden,0,3.518,cxx_add_to_sub:/mnt/scratch1/ardi/dsl_mut/HM-armc/mutation/lowered-cpp/interpolate/interpolate.halide_generated.cpp:3975:26
interpolate,cxx_default_on_emitted_cpp,5eb72c8d,2,6,cxx_add_to_sub,interpolate.halide_generated.cpp,9724,79,generator_specific,0,0,0,,,,0,3.529,cxx_add_to_sub:/mnt/scratch1/ardi/dsl_mut/HM-armc/mutation/lowered-cpp/interpolate/interpolate.halide_generated.cpp:9724:79
interpolate,cxx_default_on_emitted_cpp,5eb72c8d,2,6,cxx_add_to_sub,interpolate.halide_generated.cpp,5332,27,generator_specific,-6,1,1,,,test1_demo;test2_golden,0,0.417,cxx_add_to_sub:/mnt/scratch1/ardi/dsl_mut/HM-armc/mutation/lowered-cpp/interpolate/interpolate.halide_generated.cpp:5332:27
interpolate,cxx_default_on_emitted_cpp,5eb72c8d,2,6,cxx_remove_void_call,interpolate.halide_generated.cpp,4624,2,generator_specific,0,0,0,,,,0,3.554,cxx_remove_void_call:/mnt/scratch1/ardi/dsl_mut/HM-armc/mutation/lowered-cpp/interpolate/interpolate.halide_generated.cpp:4624:2
interpolate,cxx_default_on_emitted_cpp,5eb72c8d,2,6,cxx_add_to_sub,interpolate.halide_generated.cpp,7954,38,generator_specific,0,0,1,,,test2_golden,0,3.555,cxx_add_to_sub:/mnt/scratch1/ardi/dsl_mut/HM-armc/mutation/lowered-cpp/interpolate/interpolate.halide_generated.cpp:7954:38
interpolate,cxx_default_on_emitted_cpp,5eb72c8d,2,6,cxx_gt_to_le,interpolate.halide_generated.cpp,3659,22,generator_specific,-6,1,1,,,test1_demo;test2_golden,0,0.426,cxx_gt_to_le:/mnt/scratch1/ardi/dsl_mut/HM-armc/mutation/lowered-cpp/interpolate/interpolate.halide_generated.cpp:3659:22
interpolate,cxx_default_on_emitted_cpp,5eb72c8d,2,6,cxx_mul_to_div,interpolate.halide_generated.cpp,4874,25,generator_specific,-8,1,1,,,test1_demo;test2_golden,0,0.396,cxx_mul_to_div:/mnt/scratch1/ardi/dsl_mut/HM-armc/mutation/lowered-cpp/interpolate/interpolate.halide_generated.cpp:4874:25
interpolate,cxx_default_on_emitted_cpp,5eb72c8d,2,6,cxx_add_to_sub,interpolate.halide_generated.cpp,4235,28,generator_specific,-11,1,1,,,test1_demo;test2_golden,0,0.419,cxx_add_to_sub:/mnt/scratch1/ardi/dsl_mut/HM-armc/mutation/lowered-cpp/interpolate/interpolate.halide_generated.cpp:4235:28
interpolate,cxx_default_on_emitted_cpp,5eb72c8d,2,6,cxx_add_to_sub,interpolate.halide_generated.cpp,7399,37,generator_specific,0,0,1,,,test2_golden,0,3.690,cxx_add_to_sub:/mnt/scratch1/ardi/dsl_mut/HM-armc/mutation/lowered-cpp/interpolate/interpolate.halide_generated.cpp:7399:37
interpolate,cxx_default_on_emitted_cpp,5eb72c8d,2,6,cxx_add_to_sub,interpolate.halide_generated.cpp,4699,24,generator_specific,0,0,1,,,test2_golden,0,3.141,cxx_add_to_sub:/mnt/scratch1/ardi/dsl_mut/HM-armc/mutation/lowered-cpp/interpolate/interpolate.halide_generated.cpp:4699:24
interpolate,cxx_default_on_emitted_cpp,5eb72c8d,2,6,cxx_add_to_sub,interpolate.halide_generated.cpp,4663,23,generator_specific,-11,1,1,,,test1_demo;test2_golden,0,0.467,cxx_add_to_sub:/mnt/scratch1/ardi/dsl_mut/HM-armc/mutation/lowered-cpp/interpolate/interpolate.halide_generated.cpp:4663:23
interpolate,cxx_default_on_emitted_cpp,5eb72c8d,2,6,cxx_gt_to_ge,interpolate.halide_generated.cpp,10852,22,generator_specific,0,0,0,,,,0,3.249,cxx_gt_to_ge:/mnt/scratch1/ardi/dsl_mut/HM-armc/mutation/lowered-cpp/interpolate/interpolate.halide_generated.cpp:10852:22
interpolate,cxx_default_on_emitted_cpp,5eb72c8d,2,6,cxx_add_to_sub,interpolate.halide_generated.cpp,8502,36,generator_specific,0,0,1,,,test2_golden,0,3.904,cxx_add_to_sub:/mnt/scratch1/ardi/dsl_mut/HM-armc/mutation/lowered-cpp/interpolate/interpolate.halide_generated.cpp:8502:36
interpolate,cxx_default_on_emitted_cpp,5eb72c8d,2,6,cxx_add_to_sub,interpolate.halide_generated.cpp,6482,35,generator_specific,-6,1,1,,,test1_demo;test2_golden,0,0.359,cxx_add_to_sub:/mnt/scratch1/ardi/dsl_mut/HM-armc/mutation/lowered-cpp/interpolate/interpolate.halide_generated.cpp:6482:35
interpolate,cxx_default_on_emitted_cpp,5eb72c8d,2,6,cxx_add_to_sub,interpolate.halide_generated.cpp,5096,26,generator_specific,0,0,1,,,test2_golden,0,3.462,cxx_add_to_sub:/mnt/scratch1/ardi/dsl_mut/HM-armc/mutation/lowered-cpp/interpolate/interpolate.halide_generated.cpp:5096:26
interpolate,cxx_default_on_emitted_cpp,5eb72c8d,2,6,cxx_add_to_sub,interpolate.halide_generated.cpp,4842,42,generator_specific,-6,1,1,,,test1_demo;test2_golden,0,0.862,cxx_add_to_sub:/mnt/scratch1/ardi/dsl_mut/HM-armc/mutation/lowered-cpp/interpolate/interpolate.halide_generated.cpp:4842:42
interpolate,cxx_default_on_emitted_cpp,5eb72c8d,2,6,cxx_add_to_sub,interpolate.halide_generated.cpp,4060,26,generator_specific,-11,1,1,,,test1_demo;test2_golden,0,0.625,cxx_add_to_sub:/mnt/scratch1/ardi/dsl_mut/HM-armc/mutation/lowered-cpp/interpolate/interpolate.halide_generated.cpp:4060:26
interpolate,cxx_default_on_emitted_cpp,5eb72c8d,2,6,cxx_le_to_gt,interpolate.halide_generated.cpp,10686,22,generator_specific,0,0,1,,,test2_golden,0,1.761,cxx_le_to_gt:/mnt/scratch1/ardi/dsl_mut/HM-armc/mutation/lowered-cpp/interpolate/interpolate.halide_generated.cpp:10686:22
interpolate,cxx_default_on_emitted_cpp,5eb72c8d,2,6,cxx_sub_to_add,interpolate.halide_generated.cpp,10156,36,generator_specific,0,0,0,,,,0,3.347,cxx_sub_to_add:/mnt/scratch1/ardi/dsl_mut/HM-armc/mutation/lowered-cpp/interpolate/interpolate.halide_generated.cpp:10156:36
interpolate,cxx_default_on_emitted_cpp,5eb72c8d,2,6,cxx_add_to_sub,interpolate.halide_generated.cpp,3693,54,generator_specific,0,0,1,,,test2_golden,0,1.841,cxx_add_to_sub:/mnt/scratch1/ardi/dsl_mut/HM-armc/mutation/lowered-cpp/interpolate/interpolate.halide_generated.cpp:3693:54
interpolate,cxx_default_on_emitted_cpp,5eb72c8d,2,6,cxx_sub_to_add,interpolate.halide_generated.cpp,6718,37,generator_specific,0,0,0,,,,0,3.366,cxx_sub_to_add:/mnt/scratch1/ardi/dsl_mut/HM-armc/mutation/lowered-cpp/interpolate/interpolate.halide_generated.cpp:6718:37
interpolate,cxx_default_on_emitted_cpp,5eb72c8d,2,6,cxx_sub_to_add,interpolate.halide_generated.cpp,9581,36,generator_specific,0,0,0,,,,0,3.008,cxx_sub_to_add:/mnt/scratch1/ardi/dsl_mut/HM-armc/mutation/lowered-cpp/interpolate/interpolate.halide_generated.cpp:9581:36
interpolate,cxx_default_on_emitted_cpp,5eb72c8d,2,6,cxx_mul_to_div,interpolate.halide_generated.cpp,5175,26,generator_specific,0,0,0,,,,0,3.062,cxx_mul_to_div:/mnt/scratch1/ardi/dsl_mut/HM-armc/mutation/lowered-cpp/interpolate/interpolate.halide_generated.cpp:5175:26
interpolate,cxx_default_on_emitted_cpp,5eb72c8d,2,6,cxx_add_to_sub,interpolate.halide_generated.cpp,4376,26,generator_specific,0,0,0,,,,0,3.122,cxx_add_to_sub:/mnt/scratch1/ardi/dsl_mut/HM-armc/mutation/lowered-cpp/interpolate/interpolate.halide_generated.cpp:4376:26
interpolate,cxx_default_on_emitted_cpp,5eb72c8d,2,6,cxx_mul_to_div,interpolate.halide_generated.cpp,7988,37,generator_specific,0,0,0,,,,0,3.138,cxx_mul_to_div:/mnt/scratch1/ardi/dsl_mut/HM-armc/mutation/lowered-cpp/interpolate/interpolate.halide_generated.cpp:7988:37
interpolate,cxx_default_on_emitted_cpp,5eb72c8d,2,6,cxx_add_to_sub,interpolate.halide_generated.cpp,4294,27,generator_specific,0,0,1,,,test2_golden,0,3.087,cxx_add_to_sub:/mnt/scratch1/ardi/dsl_mut/HM-armc/mutation/lowered-cpp/interpolate/interpolate.halide_generated.cpp:4294:27
interpolate,cxx_default_on_emitted_cpp,5eb72c8d,2,6,cxx_add_to_sub,interpolate.halide_generated.cpp,9874,37,generator_specific,0,0,0,,,,0,3.203,cxx_add_to_sub:/mnt/scratch1/ardi/dsl_mut/HM-armc/mutation/lowered-cpp/interpolate/interpolate.halide_generated.cpp:9874:37
interpolate,cxx_default_on_emitted_cpp,5eb72c8d,2,6,cxx_sub_to_add,interpolate.halide_generated.cpp,9605,37,generator_specific,0,0,0,,,,0,3.166,cxx_sub_to_add:/mnt/scratch1/ardi/dsl_mut/HM-armc/mutation/lowered-cpp/interpolate/interpolate.halide_generated.cpp:9605:37
interpolate,cxx_default_on_emitted_cpp,5eb72c8d,2,6,cxx_add_to_sub,interpolate.halide_generated.cpp,11453,28,generator_specific,0,0,0,,,,0,3.246,cxx_add_to_sub:/mnt/scratch1/ardi/dsl_mut/HM-armc/mutation/lowered-cpp/interpolate/interpolate.halide_generated.cpp:11453:28
interpolate,cxx_default_on_emitted_cpp,5eb72c8d,2,6,cxx_remove_void_call,interpolate.halide_generated.cpp,10297,14,generator_specific,0,0,0,,,,0,3.228,cxx_remove_void_call:/mnt/scratch1/ardi/dsl_mut/HM-armc/mutation/lowered-cpp/interpolate/interpolate.halide_generated.cpp:10297:14
interpolate,cxx_default_on_emitted_cpp,5eb72c8d,2,6,cxx_add_to_sub,interpolate.halide_generated.cpp,9211,49,generator_specific,0,0,0,,,,0,3.215,cxx_add_to_sub:/mnt/scratch1/ardi/dsl_mut/HM-armc/mutation/lowered-cpp/interpolate/interpolate.halide_generated.cpp:9211:49
interpolate,cxx_default_on_emitted_cpp,5eb72c8d,2,6,cxx_mul_to_div,interpolate.halide_generated.cpp,7342,37,generator_specific,0,0,0,,,,0,3.193,cxx_mul_to_div:/mnt/scratch1/ardi/dsl_mut/HM-armc/mutation/lowered-cpp/interpolate/interpolate.halide_generated.cpp:7342:37
interpolate,cxx_default_on_emitted_cpp,5eb72c8d,2,6,cxx_add_to_sub,interpolate.halide_generated.cpp,7926,79,generator_specific,0,0,1,,,test2_golden,0,2.875,cxx_add_to_sub:/mnt/scratch1/ardi/dsl_mut/HM-armc/mutation/lowered-cpp/interpolate/interpolate.halide_generated.cpp:7926:79
interpolate,cxx_default_on_emitted_cpp,5eb72c8d,2,6,cxx_add_to_sub,interpolate.halide_generated.cpp,9286,38,generator_specific,0,0,0,,,,0,3.234,cxx_add_to_sub:/mnt/scratch1/ardi/dsl_mut/HM-armc/mutation/lowered-cpp/interpolate/interpolate.halide_generated.cpp:9286:38
interpolate,cxx_default_on_emitted_cpp,5eb72c8d,2,6,cxx_add_to_sub,interpolate.halide_generated.cpp,5117,26,generator_specific,0,0,1,,,test2_golden,0,3.106,cxx_add_to_sub:/mnt/scratch1/ardi/dsl_mut/HM-armc/mutation/lowered-cpp/interpolate/interpolate.halide_generated.cpp:5117:26
interpolate,cxx_default_on_emitted_cpp,5eb72c8d,2,6,cxx_sub_to_add,interpolate.halide_generated.cpp,9454,35,generator_specific,0,0,0,,,,0,3.688,cxx_sub_to_add:/mnt/scratch1/ardi/dsl_mut/HM-armc/mutation/lowered-cpp/interpolate/interpolate.halide_generated.cpp:9454:35
interpolate,cxx_default_on_emitted_cpp,5eb72c8d,2,6,cxx_gt_to_ge,interpolate.halide_generated.cpp,11468,75,generator_specific,0,0,0,,,,0,3.160,cxx_gt_to_ge:/mnt/scratch1/ardi/dsl_mut/HM-armc/mutation/lowered-cpp/interpolate/interpolate.halide_generated.cpp:11468:75
interpolate,cxx_default_on_emitted_cpp,5eb72c8d,2,6,cxx_add_to_sub,interpolate.halide_generated.cpp,8792,35,generator_specific,0,0,0,,,,0,3.401,cxx_add_to_sub:/mnt/scratch1/ardi/dsl_mut/HM-armc/mutation/lowered-cpp/interpolate/interpolate.halide_generated.cpp:8792:35
interpolate,cxx_default_on_emitted_cpp,5eb72c8d,2,6,cxx_add_to_sub,interpolate.halide_generated.cpp,4485,25,generator_specific,0,0,1,,,test2_golden,0,2.982,cxx_add_to_sub:/mnt/scratch1/ardi/dsl_mut/HM-armc/mutation/lowered-cpp/interpolate/interpolate.halide_generated.cpp:4485:25
interpolate,cxx_default_on_emitted_cpp,5eb72c8d,2,6,cxx_sub_to_add,interpolate.halide_generated.cpp,5454,24,generator_specific,-6,1,1,,,test1_demo;test2_golden,0,0.311,cxx_sub_to_add:/mnt/scratch1/ardi/dsl_mut/HM-armc/mutation/lowered-cpp/interpolate/interpolate.halide_generated.cpp:5454:24
interpolate,cxx_default_on_emitted_cpp,5eb72c8d,2,6,cxx_add_to_sub,interpolate.halide_generated.cpp,3902,26,generator_specific,0,0,1,,,test2_golden,0,3.487,cxx_add_to_sub:/mnt/scratch1/ardi/dsl_mut/HM-armc/mutation/lowered-cpp/interpolate/interpolate.halide_generated.cpp:3902:26
interpolate,cxx_default_on_emitted_cpp,5eb72c8d,2,6,cxx_add_to_sub,interpolate.halide_generated.cpp,7783,38,generator_specific,-11,1,1,,,test1_demo;test2_golden,0,0.339,cxx_add_to_sub:/mnt/scratch1/ardi/dsl_mut/HM-armc/mutation/lowered-cpp/interpolate/interpolate.halide_generated.cpp:7783:38
interpolate,cxx_default_on_emitted_cpp,5eb72c8d,2,6,cxx_mul_to_div,interpolate.halide_generated.cpp,10324,35,generator_specific,0,0,0,,,,0,3.510,cxx_mul_to_div:/mnt/scratch1/ardi/dsl_mut/HM-armc/mutation/lowered-cpp/interpolate/interpolate.halide_generated.cpp:10324:35
interpolate,cxx_default_on_emitted_cpp,5eb72c8d,2,6,cxx_sub_to_add,interpolate.halide_generated.cpp,3682,21,generator_specific,0,0,0,,,,0,3.541,cxx_sub_to_add:/mnt/scratch1/ardi/dsl_mut/HM-armc/mutation/lowered-cpp/interpolate/interpolate.halide_generated.cpp:3682:21
interpolate,cxx_default_on_emitted_cpp,5eb72c8d,2,6,cxx_add_to_sub,interpolate.halide_generated.cpp,7814,37,generator_specific,0,0,1,,,test2_golden,0,2.877,cxx_add_to_sub:/mnt/scratch1/ardi/dsl_mut/HM-armc/mutation/lowered-cpp/interpolate/interpolate.halide_generated.cpp:7814:37
interpolate,cxx_default_on_emitted_cpp,5eb72c8d,2,6,cxx_add_to_sub,interpolate.halide_generated.cpp,10042,38,generator_specific,0,0,0,,,,0,3.592,cxx_add_to_sub:/mnt/scratch1/ardi/dsl_mut/HM-armc/mutation/lowered-cpp/interpolate/interpolate.halide_generated.cpp:10042:38
interpolate,cxx_default_on_emitted_cpp,5eb72c8d,2,6,cxx_sub_to_add,interpolate.halide_generated.cpp,7216,37,generator_specific,0,0,1,,,test2_golden,0,3.325,cxx_sub_to_add:/mnt/scratch1/ardi/dsl_mut/HM-armc/mutation/lowered-cpp/interpolate/interpolate.halide_generated.cpp:7216:37
interpolate,cxx_default_on_emitted_cpp,5eb72c8d,2,6,cxx_gt_to_ge,interpolate.halide_generated.cpp,8998,20,generator_specific,0,0,0,,,,0,3.095,cxx_gt_to_ge:/mnt/scratch1/ardi/dsl_mut/HM-armc/mutation/lowered-cpp/interpolate/interpolate.halide_generated.cpp:8998:20
interpolate,cxx_default_on_emitted_cpp,5eb72c8d,2,6,cxx_add_to_sub,interpolate.halide_generated.cpp,10522,24,generator_specific,0,0,1,,,test2_golden,0,3.460,cxx_add_to_sub:/mnt/scratch1/ardi/dsl_mut/HM-armc/mutation/lowered-cpp/interpolate/interpolate.halide_generated.cpp:10522:24
interpolate,cxx_default_on_emitted_cpp,5eb72c8d,2,6,cxx_add_to_sub,interpolate.halide_generated.cpp,7924,37,generator_specific,-6,1,1,,,test1_demo;test2_golden,0,0.365,cxx_add_to_sub:/mnt/scratch1/ardi/dsl_mut/HM-armc/mutation/lowered-cpp/interpolate/interpolate.halide_generated.cpp:7924:37
interpolate,cxx_default_on_emitted_cpp,5eb72c8d,2,6,cxx_sub_to_add,interpolate.halide_generated.cpp,4472,23,generator_specific,-11,1,1,,,test1_demo;test2_golden,0,0.334,cxx_sub_to_add:/mnt/scratch1/ardi/dsl_mut/HM-armc/mutation/lowered-cpp/interpolate/interpolate.halide_generated.cpp:4472:23
interpolate,cxx_default_on_emitted_cpp,5eb72c8d,2,6,cxx_add_to_sub,interpolate.halide_generated.cpp,7661,60,generator_specific,0,0,0,,,,0,3.205,cxx_add_to_sub:/mnt/scratch1/ardi/dsl_mut/HM-armc/mutation/lowered-cpp/interpolate/interpolate.halide_generated.cpp:7661:60
interpolate,cxx_default_on_emitted_cpp,5eb72c8d,2,6,cxx_add_to_sub,interpolate.halide_generated.cpp,4567,24,generator_specific,0,0,0,,,,0,3.193,cxx_add_to_sub:/mnt/scratch1/ardi/dsl_mut/HM-armc/mutation/lowered-cpp/interpolate/interpolate.halide_generated.cpp:4567:24
interpolate,cxx_default_on_emitted_cpp,5eb72c8d,2,6,cxx_add_to_sub,interpolate.halide_generated.cpp,9542,37,generator_specific,0,0,0,,,,0,3.288,cxx_add_to_sub:/mnt/scratch1/ardi/dsl_mut/HM-armc/mutation/lowered-cpp/interpolate/interpolate.halide_generated.cpp:9542:37
interpolate,cxx_default_on_emitted_cpp,5eb72c8d,2,6,cxx_ne_to_eq,interpolate.halide_generated.cpp,8959,30,generator_specific,0,0,0,,,,0,3.364,cxx_ne_to_eq:/mnt/scratch1/ardi/dsl_mut/HM-armc/mutation/lowered-cpp/interpolate/interpolate.halide_generated.cpp:8959:30
interpolate,cxx_default_on_emitted_cpp,5eb72c8d,2,6,cxx_add_to_sub,interpolate.halide_generated.cpp,8025,38,generator_specific,0,0,0,,,,0,3.685,cxx_add_to_sub:/mnt/scratch1/ardi/dsl_mut/HM-armc/mutation/lowered-cpp/interpolate/interpolate.halide_generated.cpp:8025:38
interpolate,cxx_default_on_emitted_cpp,5eb72c8d,2,6,cxx_mul_to_div,interpolate.halide_generated.cpp,5739,26,generator_specific,0,0,1,,,test2_golden,0,3.157,cxx_mul_to_div:/mnt/scratch1/ardi/dsl_mut/HM-armc/mutation/lowered-cpp/interpolate/interpolate.halide_generated.cpp:5739:26
interpolate,cxx_default_on_emitted_cpp,5eb72c8d,2,6,cxx_mul_to_div,interpolate.halide_generated.cpp,3678,40,generator_specific,-11,1,1,,,test1_demo;test2_golden,0,0.300,cxx_mul_to_div:/mnt/scratch1/ardi/dsl_mut/HM-armc/mutation/lowered-cpp/interpolate/interpolate.halide_generated.cpp:3678:40
interpolate,cxx_default_on_emitted_cpp,5eb72c8d,2,6,cxx_sub_to_add,interpolate.halide_generated.cpp,9379,37,generator_specific,0,0,0,,,,0,3.641,cxx_sub_to_add:/mnt/scratch1/ardi/dsl_mut/HM-armc/mutation/lowered-cpp/interpolate/interpolate.halide_generated.cpp:9379:37
interpolate,cxx_default_on_emitted_cpp,5eb72c8d,2,6,cxx_mul_to_div,interpolate.halide_generated.cpp,10036,55,generator_specific,0,0,0,,,,0,3.794,cxx_mul_to_div:/mnt/scratch1/ardi/dsl_mut/HM-armc/mutation/lowered-cpp/interpolate/interpolate.halide_generated.cpp:10036:55
interpolate,cxx_default_on_emitted_cpp,5eb72c8d,2,6,cxx_sub_to_add,interpolate.halide_generated.cpp,6425,34,generator_specific,0,0,0,,,,0,3.289,cxx_sub_to_add:/mnt/scratch1/ardi/dsl_mut/HM-armc/mutation/lowered-cpp/interpolate/interpolate.halide_generated.cpp:6425:34
interpolate,cxx_default_on_emitted_cpp,5eb72c8d,2,6,cxx_mul_to_div,interpolate.halide_generated.cpp,4103,26,generator_specific,0,0,1,,,test2_golden,0,3.845,cxx_mul_to_div:/mnt/scratch1/ardi/dsl_mut/HM-armc/mutation/lowered-cpp/interpolate/interpolate.halide_generated.cpp:4103:26
interpolate,cxx_default_on_emitted_cpp,5eb72c8d,2,6,cxx_div_to_mul,interpolate.halide_generated.cpp,8321,35,generator_specific,0,0,1,,,test2_golden,0,3.518,cxx_div_to_mul:/mnt/scratch1/ardi/dsl_mut/HM-armc/mutation/lowered-cpp/interpolate/interpolate.halide_generated.cpp:8321:35
interpolate,cxx_default_on_emitted_cpp,5eb72c8d,2,6,cxx_add_to_sub,interpolate.halide_generated.cpp,7760,60,generator_specific,-11,1,1,,,test1_demo;test2_golden,0,0.374,cxx_add_to_sub:/mnt/scratch1/ardi/dsl_mut/HM-armc/mutation/lowered-cpp/interpolate/interpolate.halide_generated.cpp:7760:60
interpolate,cxx_default_on_emitted_cpp,5eb72c8d,2,6,cxx_replace_scalar_call,interpolate.halide_generated.cpp,10507,18,generator_specific,0,0,0,,,,0,3.814,cxx_replace_scalar_call:/mnt/scratch1/ardi/dsl_mut/HM-armc/mutation/lowered-cpp/interpolate/interpolate.halide_generated.cpp:10507:18
interpolate,cxx_default_on_emitted_cpp,5eb72c8d,2,6,cxx_mul_to_div,interpolate.halide_generated.cpp,3692,22,generator_specific,0,0,1,,,test2_golden,0,3.615,cxx_mul_to_div:/mnt/scratch1/ardi/dsl_mut/HM-armc/mutation/lowered-cpp/interpolate/interpolate.halide_generated.cpp:3692:22
interpolate,cxx_default_on_emitted_cpp,5eb72c8d,2,6,cxx_add_to_sub,interpolate.halide_generated.cpp,9182,37,generator_specific,0,0,0,,,,0,3.153,cxx_add_to_sub:/mnt/scratch1/ardi/dsl_mut/HM-armc/mutation/lowered-cpp/interpolate/interpolate.halide_generated.cpp:9182:37
interpolate,cxx_default_on_emitted_cpp,5eb72c8d,2,6,cxx_lt_to_le,interpolate.halide_generated.cpp,9106,28,generator_specific,0,0,0,,,,0,3.267,cxx_lt_to_le:/mnt/scratch1/ardi/dsl_mut/HM-armc/mutation/lowered-cpp/interpolate/interpolate.halide_generated.cpp:9106:28
interpolate,cxx_default_on_emitted_cpp,5eb72c8d,2,6,cxx_add_to_sub,interpolate.halide_generated.cpp,10093,38,generator_specific,0,0,0,,,,0,3.749,cxx_add_to_sub:/mnt/scratch1/ardi/dsl_mut/HM-armc/mutation/lowered-cpp/interpolate/interpolate.halide_generated.cpp:10093:38
interpolate,cxx_default_on_emitted_cpp,5eb72c8d,2,6,cxx_sub_to_add,interpolate.halide_generated.cpp,7007,35,generator_specific,0,0,1,,,test2_golden,0,3.521,cxx_sub_to_add:/mnt/scratch1/ardi/dsl_mut/HM-armc/mutation/lowered-cpp/interpolate/interpolate.halide_generated.cpp:7007:35
interpolate,cxx_default_on_emitted_cpp,5eb72c8d,2,6,cxx_add_to_sub,interpolate.halide_generated.cpp,11559,29,generator_specific,0,0,0,,,,0,3.690,cxx_add_to_sub:/mnt/scratch1/ardi/dsl_mut/HM-armc/mutation/lowered-cpp/interpolate/interpolate.halide_generated.cpp:11559:29
interpolate,cxx_default_on_emitted_cpp,5eb72c8d,2,6,cxx_add_to_sub,interpolate.halide_generated.cpp,6275,28,generator_specific,0,0,1,,,test2_golden,0,3.499,cxx_add_to_sub:/mnt/scratch1/ardi/dsl_mut/HM-armc/mutation/lowered-cpp/interpolate/interpolate.halide_generated.cpp:6275:28
interpolate,cxx_default_on_emitted_cpp,5eb72c8d,2,6,cxx_add_to_sub,interpolate.halide_generated.cpp,6304,30,generator_specific,-6,1,1,,,test1_demo;test2_golden,0,0.660,cxx_add_to_sub:/mnt/scratch1/ardi/dsl_mut/HM-armc/mutation/lowered-cpp/interpolate/interpolate.halide_generated.cpp:6304:30
interpolate,cxx_default_on_emitted_cpp,5eb72c8d,2,6,cxx_add_to_sub,interpolate.halide_generated.cpp,4646,22,generator_specific,-6,1,1,,,test1_demo;test2_golden,0,0.646,cxx_add_to_sub:/mnt/scratch1/ardi/dsl_mut/HM-armc/mutation/lowered-cpp/interpolate/interpolate.halide_generated.cpp:4646:22
interpolate,cxx_default_on_emitted_cpp,5eb72c8d,2,6,cxx_eq_to_ne,interpolate.halide_generated.cpp,12015,30,generator_specific,0,0,1,,,test2_golden,0,1.803,cxx_eq_to_ne:/mnt/scratch1/ardi/dsl_mut/HM-armc/mutation/lowered-cpp/interpolate/interpolate.halide_generated.cpp:12015:30
interpolate,cxx_default_on_emitted_cpp,5eb72c8d,2,6,cxx_add_to_sub,interpolate.halide_generated.cpp,4043,25,generator_specific,0,0,1,,,test2_golden,0,3.948,cxx_add_to_sub:/mnt/scratch1/ardi/dsl_mut/HM-armc/mutation/lowered-cpp/interpolate/interpolate.halide_generated.cpp:4043:25
interpolate,cxx_default_on_emitted_cpp,5eb72c8d,2,6,cxx_lt_to_le,interpolate.halide_generated.cpp,9890,28,generator_specific,0,0,0,,,,0,3.737,cxx_lt_to_le:/mnt/scratch1/ardi/dsl_mut/HM-armc/mutation/lowered-cpp/interpolate/interpolate.halide_generated.cpp:9890:28
interpolate,cxx_default_on_emitted_cpp,5eb72c8d,2,6,cxx_add_to_sub,interpolate.halide_generated.cpp,8563,35,generator_specific,0,0,0,,,,0,3.888,cxx_add_to_sub:/mnt/scratch1/ardi/dsl_mut/HM-armc/mutation/lowered-cpp/interpolate/interpolate.halide_generated.cpp:8563:35
interpolate,cxx_default_on_emitted_cpp,5eb72c8d,2,6,cxx_add_to_sub,interpolate.halide_generated.cpp,5381,27,generator_specific,0,0,1,,,test2_golden,0,3.920,cxx_add_to_sub:/mnt/scratch1/ardi/dsl_mut/HM-armc/mutation/lowered-cpp/interpolate/interpolate.halide_generated.cpp:5381:27
interpolate,cxx_default_on_emitted_cpp,5eb72c8d,2,6,cxx_mul_to_div,interpolate.halide_generated.cpp,5528,26,generator_specific,-8,1,1,,,test1_demo;test2_golden,0,0.271,cxx_mul_to_div:/mnt/scratch1/ardi/dsl_mut/HM-armc/mutation/lowered-cpp/interpolate/interpolate.halide_generated.cpp:5528:26
interpolate,cxx_default_on_emitted_cpp,5eb72c8d,2,6,cxx_mul_to_div,interpolate.halide_generated.cpp,11198,26,generator_specific,0,0,0,,,,0,3.170,cxx_mul_to_div:/mnt/scratch1/ardi/dsl_mut/HM-armc/mutation/lowered-cpp/interpolate/interpolate.halide_generated.cpp:11198:26
interpolate,cxx_default_on_emitted_cpp,5eb72c8d,2,6,cxx_add_to_sub,interpolate.halide_generated.cpp,7474,37,generator_specific,0,0,0,,,,0,3.221,cxx_add_to_sub:/mnt/scratch1/ardi/dsl_mut/HM-armc/mutation/lowered-cpp/interpolate/interpolate.halide_generated.cpp:7474:37
interpolate,cxx_default_on_emitted_cpp,5eb72c8d,2,6,cxx_add_to_sub,interpolate.halide_generated.cpp,9764,37,generator_specific,0,0,0,,,,0,3.420,cxx_add_to_sub:/mnt/scratch1/ardi/dsl_mut/HM-armc/mutation/lowered-cpp/interpolate/interpolate.halide_generated.cpp:9764:37
interpolate,cxx_default_on_emitted_cpp,5eb72c8d,2,6,cxx_add_to_sub,interpolate.halide_generated.cpp,10508,24,generator_specific,0,0,0,,,,0,3.041,cxx_add_to_sub:/mnt/scratch1/ardi/dsl_mut/HM-armc/mutation/lowered-cpp/interpolate/interpolate.halide_generated.cpp:10508:24
interpolate,cxx_default_on_emitted_cpp,5eb72c8d,2,6,cxx_add_to_sub,interpolate.halide_generated.cpp,3818,28,generator_specific,0,0,1,,,test2_golden,0,3.134,cxx_add_to_sub:/mnt/scratch1/ardi/dsl_mut/HM-armc/mutation/lowered-cpp/interpolate/interpolate.halide_generated.cpp:3818:28
interpolate,cxx_default_on_emitted_cpp,5eb72c8d,2,6,cxx_add_to_sub,interpolate.halide_generated.cpp,11564,29,generator_specific,0,0,0,,,,0,3.192,cxx_add_to_sub:/mnt/scratch1/ardi/dsl_mut/HM-armc/mutation/lowered-cpp/interpolate/interpolate.halide_generated.cpp:11564:29
interpolate,cxx_default_on_emitted_cpp,5eb72c8d,2,6,cxx_replace_scalar_call,interpolate.halide_generated.cpp,10488,18,generator_specific,0,0,1,,,test2_golden,0,3.055,cxx_replace_scalar_call:/mnt/scratch1/ardi/dsl_mut/HM-armc/mutation/lowered-cpp/interpolate/interpolate.halide_generated.cpp:10488:18
interpolate,cxx_default_on_emitted_cpp,5eb72c8d,2,6,cxx_mul_to_div,interpolate.halide_generated.cpp,9142,51,generator_specific,0,0,0,,,,0,3.134,cxx_mul_to_div:/mnt/scratch1/ardi/dsl_mut/HM-armc/mutation/lowered-cpp/interpolate/interpolate.halide_generated.cpp:9142:51
interpolate,cxx_default_on_emitted_cpp,5eb72c8d,2,6,cxx_add_to_sub,interpolate.halide_generated.cpp,9924,37,generator_specific,0,0,0,,,,0,3.475,cxx_add_to_sub:/mnt/scratch1/ardi/dsl_mut/HM-armc/mutation/lowered-cpp/interpolate/interpolate.halide_generated.cpp:9924:37
interpolate,cxx_default_on_emitted_cpp,5eb72c8d,2,6,cxx_add_to_sub,interpolate.halide_generated.cpp,7030,37,generator_specific,0,0,1,,,test2_golden,0,3.333,cxx_add_to_sub:/mnt/scratch1/ardi/dsl_mut/HM-armc/mutation/lowered-cpp/interpolate/interpolate.halide_generated.cpp:7030:37
interpolate,cxx_default_on_emitted_cpp,5eb72c8d,2,6,cxx_add_to_sub,interpolate.halide_generated.cpp,5366,26,generator_specific,0,0,0,,,,0,3.152,cxx_add_to_sub:/mnt/scratch1/ardi/dsl_mut/HM-armc/mutation/lowered-cpp/interpolate/interpolate.halide_generated.cpp:5366:26
interpolate,cxx_default_on_emitted_cpp,5eb72c8d,2,6,cxx_lt_to_ge,interpolate.halide_generated.cpp,6187,34,generator_specific,0,0,1,,,test2_golden,0,3.683,cxx_lt_to_ge:/mnt/scratch1/ardi/dsl_mut/HM-armc/mutation/lowered-cpp/interpolate/interpolate.halide_generated.cpp:6187:34
interpolate,cxx_default_on_emitted_cpp,5eb72c8d,2,6,cxx_sub_to_add,interpolate.halide_generated.cpp,6467,34,generator_specific,0,0,0,,,,0,3.165,cxx_sub_to_add:/mnt/scratch1/ardi/dsl_mut/HM-armc/mutation/lowered-cpp/interpolate/interpolate.halide_generated.cpp:6467:34
interpolate,cxx_default_on_emitted_cpp,5eb72c8d,2,6,cxx_lt_to_le,interpolate.halide_generated.cpp,5287,62,generator_specific,0,0,1,,,test2_golden,0,2.973,cxx_lt_to_le:/mnt/scratch1/ardi/dsl_mut/HM-armc/mutation/lowered-cpp/interpolate/interpolate.halide_generated.cpp:5287:62
interpolate,cxx_default_on_emitted_cpp,5eb72c8d,2,6,cxx_add_to_sub,interpolate.halide_generated.cpp,3784,26,generator_specific,0,0,1,,,test2_golden,0,3.537,cxx_add_to_sub:/mnt/scratch1/ardi/dsl_mut/HM-armc/mutation/lowered-cpp/interpolate/interpolate.halide_generated.cpp:3784:26
interpolate,cxx_default_on_emitted_cpp,5eb72c8d,2,6,cxx_add_to_sub,interpolate.halide_generated.cpp,8676,36,generator_specific,0,0,0,,,,0,3.244,cxx_add_to_sub:/mnt/scratch1/ardi/dsl_mut/HM-armc/mutation/lowered-cpp/interpolate/interpolate.halide_generated.cpp:8676:36
interpolate,cxx_default_on_emitted_cpp,5eb72c8d,2,6,cxx_add_to_sub,interpolate.halide_generated.cpp,10073,38,generator_specific,0,0,0,,,,0,3.183,cxx_add_to_sub:/mnt/scratch1/ardi/dsl_mut/HM-armc/mutation/lowered-cpp/interpolate/interpolate.halide_generated.cpp:10073:38
interpolate,cxx_default_on_emitted_cpp,5eb72c8d,2,6,cxx_sub_to_add,interpolate.halide_generated.cpp,7204,36,generator_specific,0,0,1,,,test2_golden,0,3.169,cxx_sub_to_add:/mnt/scratch1/ardi/dsl_mut/HM-armc/mutation/lowered-cpp/interpolate/interpolate.halide_generated.cpp:7204:36
interpolate,cxx_default_on_emitted_cpp,5eb72c8d,2,6,cxx_replace_scalar_call,interpolate.halide_generated.cpp,10589,18,generator_specific,0,0,0,,,,0,3.067,cxx_replace_scalar_call:/mnt/scratch1/ardi/dsl_mut/HM-armc/mutation/lowered-cpp/interpolate/interpolate.halide_generated.cpp:10589:18
interpolate,cxx_default_on_emitted_cpp,5eb72c8d,2,6,cxx_add_to_sub,interpolate.halide_generated.cpp,5665,26,generator_specific,0,0,1,,,test2_golden,0,3.396,cxx_add_to_sub:/mnt/scratch1/ardi/dsl_mut/HM-armc/mutation/lowered-cpp/interpolate/interpolate.halide_generated.cpp:5665:26
interpolate,cxx_default_on_emitted_cpp,5eb72c8d,2,6,cxx_add_to_sub,interpolate.halide_generated.cpp,4487,25,generator_specific,0,0,1,,,test2_golden,0,3.212,cxx_add_to_sub:/mnt/scratch1/ardi/dsl_mut/HM-armc/mutation/lowered-cpp/interpolate/interpolate.halide_generated.cpp:4487:25
interpolate,cxx_default_on_emitted_cpp,5eb72c8d,2,6,cxx_add_to_sub,interpolate.halide_generated.cpp,7488,38,generator_specific,0,0,0,,,,0,3.207,cxx_add_to_sub:/mnt/scratch1/ardi/dsl_mut/HM-armc/mutation/lowered-cpp/interpolate/interpolate.halide_generated.cpp:7488:38
interpolate,cxx_default_on_emitted_cpp,5eb72c8d,2,6,cxx_add_to_sub,interpolate.halide_generated.cpp,5343,27,generator_specific,0,0,1,,,test2_golden,0,3.165,cxx_add_to_sub:/mnt/scratch1/ardi/dsl_mut/HM-armc/mutation/lowered-cpp/interpolate/interpolate.halide_generated.cpp:5343:27
interpolate,cxx_default_on_emitted_cpp,5eb72c8d,2,6,cxx_add_to_sub,interpolate.halide_generated.cpp,10515,24,generator_specific,0,0,0,,,,0,3.594,cxx_add_to_sub:/mnt/scratch1/ardi/dsl_mut/HM-armc/mutation/lowered-cpp/interpolate/interpolate.halide_generated.cpp:10515:24
interpolate,cxx_default_on_emitted_cpp,5eb72c8d,2,6,cxx_add_to_sub,interpolate.halide_generated.cpp,7240,38,generator_specific,0,0,1,,,test2_golden,0,2.940,cxx_add_to_sub:/mnt/scratch1/ardi/dsl_mut/HM-armc/mutation/lowered-cpp/interpolate/interpolate.halide_generated.cpp:7240:38
interpolate,cxx_default_on_emitted_cpp,5eb72c8d,2,6,cxx_add_to_sub,interpolate.halide_generated.cpp,11224,26,generator_specific,0,0,1,,,test2_golden,0,3.229,cxx_add_to_sub:/mnt/scratch1/ardi/dsl_mut/HM-armc/mutation/lowered-cpp/interpolate/interpolate.halide_generated.cpp:11224:26
interpolate,cxx_default_on_emitted_cpp,5eb72c8d,2,6,cxx_add_to_sub,interpolate.halide_generated.cpp,7180,35,generator_specific,0,0,1,,,test2_golden,0,3.502,cxx_add_to_sub:/mnt/scratch1/ardi/dsl_mut/HM-armc/mutation/lowered-cpp/interpolate/interpolate.halide_generated.cpp:7180:35
interpolate,cxx_default_on_emitted_cpp,5eb72c8d,2,6,cxx_sub_to_add,interpolate.halide_generated.cpp,6511,36,generator_specific,-11,1,1,,,test1_demo;test2_golden,0,0.318,cxx_sub_to_add:/mnt/scratch1/ardi/dsl_mut/HM-armc/mutation/lowered-cpp/interpolate/interpolate.halide_generated.cpp:6511:36
interpolate,cxx_default_on_emitted_cpp,5eb72c8d,2,6,cxx_mul_to_div,interpolate.halide_generated.cpp,6363,80,generator_specific,-11,1,1,,,test1_demo;test2_golden,0,0.306,cxx_mul_to_div:/mnt/scratch1/ardi/dsl_mut/HM-armc/mutation/lowered-cpp/interpolate/interpolate.halide_generated.cpp:6363:80
interpolate,cxx_default_on_emitted_cpp,5eb72c8d,2,6,cxx_add_to_sub,interpolate.halide_generated.cpp,9503,38,generator_specific,0,0,0,,,,0,3.103,cxx_add_to_sub:/mnt/scratch1/ardi/dsl_mut/HM-armc/mutation/lowered-cpp/interpolate/interpolate.halide_generated.cpp:9503:38
interpolate,cxx_default_on_emitted_cpp,5eb72c8d,2,6,cxx_mul_to_div,interpolate.halide_generated.cpp,9153,37,generator_specific,0,0,0,,,,0,3.648,cxx_mul_to_div:/mnt/scratch1/ardi/dsl_mut/HM-armc/mutation/lowered-cpp/interpolate/interpolate.halide_generated.cpp:9153:37
interpolate,cxx_default_on_emitted_cpp,5eb72c8d,2,6,cxx_sub_to_add,interpolate.halide_generated.cpp,6454,34,generator_specific,0,0,0,,,,0,3.587,cxx_sub_to_add:/mnt/scratch1/ardi/dsl_mut/HM-armc/mutation/lowered-cpp/interpolate/interpolate.halide_generated.cpp:6454:34
interpolate,cxx_default_on_emitted_cpp,5eb72c8d,2,6,cxx_mul_to_div,interpolate.halide_generated.cpp,6642,35,generator_specific,-6,1,1,,,test1_demo;test2_golden,0,0.521,cxx_mul_to_div:/mnt/scratch1/ardi/dsl_mut/HM-armc/mutation/lowered-cpp/interpolate/interpolate.halide_generated.cpp:6642:35
interpolate,cxx_default_on_emitted_cpp,5eb72c8d,2,6,cxx_sub_to_add,interpolate.halide_generated.cpp,4269,25,generator_specific,-6,1,1,,,test1_demo;test2_golden,0,0.404,cxx_sub_to_add:/mnt/scratch1/ardi/dsl_mut/HM-armc/mutation/lowered-cpp/interpolate/interpolate.halide_generated.cpp:4269:25
interpolate,cxx_default_on_emitted_cpp,5eb72c8d,2,6,cxx_add_to_sub,interpolate.halide_generated.cpp,10108,35,generator_specific,0,0,0,,,,0,3.716,cxx_add_to_sub:/mnt/scratch1/ardi/dsl_mut/HM-armc/mutation/lowered-cpp/interpolate/interpolate.halide_generated.cpp:10108:35
interpolate,cxx_default_on_emitted_cpp,5eb72c8d,2,6,cxx_mul_to_div,interpolate.halide_generated.cpp,6665,36,generator_specific,-8,1,1,,,test1_demo;test2_golden,0,0.320,cxx_mul_to_div:/mnt/scratch1/ardi/dsl_mut/HM-armc/mutation/lowered-cpp/interpolate/interpolate.halide_generated.cpp:6665:36
interpolate,cxx_default_on_emitted_cpp,5eb72c8d,2,6,cxx_add_to_sub,interpolate.halide_generated.cpp,3836,24,generator_specific,0,0,1,,,test2_golden,0,3.704,cxx_add_to_sub:/mnt/scratch1/ardi/dsl_mut/HM-armc/mutation/lowered-cpp/interpolate/interpolate.halide_generated.cpp:3836:24
interpolate,cxx_default_on_emitted_cpp,5eb72c8d,2,6,cxx_add_to_sub,interpolate.halide_generated.cpp,10492,24,generator_specific,0,0,0,,,,0,3.828,cxx_add_to_sub:/mnt/scratch1/ardi/dsl_mut/HM-armc/mutation/lowered-cpp/interpolate/interpolate.halide_generated.cpp:10492:24
interpolate,cxx_default_on_emitted_cpp,5eb72c8d,2,6,cxx_add_to_sub,interpolate.halide_generated.cpp,7650,37,generator_specific,0,0,0,,,,0,2.865,cxx_add_to_sub:/mnt/scratch1/ardi/dsl_mut/HM-armc/mutation/lowered-cpp/interpolate/interpolate.halide_generated.cpp:7650:37
interpolate,cxx_default_on_emitted_cpp,5eb72c8d,2,6,cxx_gt_to_ge,interpolate.halide_generated.cpp,6382,34,generator_specific,0,0,0,,,,0,3.355,cxx_gt_to_ge:/mnt/scratch1/ardi/dsl_mut/HM-armc/mutation/lowered-cpp/interpolate/interpolate.halide_generated.cpp:6382:34
interpolate,cxx_default_on_emitted_cpp,5eb72c8d,2,6,cxx_mul_to_div,interpolate.halide_generated.cpp,7122,37,generator_specific,0,0,0,,,,0,3.863,cxx_mul_to_div:/mnt/scratch1/ardi/dsl_mut/HM-armc/mutation/lowered-cpp/interpolate/interpolate.halide_generated.cpp:7122:37
interpolate,cxx_default_on_emitted_cpp,5eb72c8d,2,6,cxx_add_to_sub,interpolate.halide_generated.cpp,8968,29,generator_specific,0,0,0,,,,0,3.556,cxx_add_to_sub:/mnt/scratch1/ardi/dsl_mut/HM-armc/mutation/lowered-cpp/interpolate/interpolate.halide_generated.cpp:8968:29
interpolate,cxx_default_on_emitted_cpp,5eb72c8d,2,6,cxx_add_to_sub,interpolate.halide_generated.cpp,9423,37,generator_specific,0,0,0,,,,0,3.092,cxx_add_to_sub:/mnt/scratch1/ardi/dsl_mut/HM-armc/mutation/lowered-cpp/interpolate/interpolate.halide_generated.cpp:9423:37
interpolate,cxx_default_on_emitted_cpp,5eb72c8d,2,6,cxx_eq_to_ne,interpolate.halide_generated.cpp,6318,53,generator_specific,0,0,0,,,,0,3.748,cxx_eq_to_ne:/mnt/scratch1/ardi/dsl_mut/HM-armc/mutation/lowered-cpp/interpolate/interpolate.halide_generated.cpp:6318:53
interpolate,cxx_default_on_emitted_cpp,5eb72c8d,2,6,cxx_add_to_sub,interpolate.halide_generated.cpp,9252,37,generator_specific,0,0,0,,,,0,3.561,cxx_add_to_sub:/mnt/scratch1/ardi/dsl_mut/HM-armc/mutation/lowered-cpp/interpolate/interpolate.halide_generated.cpp:9252:37
interpolate,cxx_default_on_emitted_cpp,5eb72c8d,2,6,cxx_add_to_sub,interpolate.halide_generated.cpp,7115,37,generator_specific,-11,1,1,,,test1_demo;test2_golden,0,0.713,cxx_add_to_sub:/mnt/scratch1/ardi/dsl_mut/HM-armc/mutation/lowered-cpp/interpolate/interpolate.halide_generated.cpp:7115:37
interpolate,cxx_default_on_emitted_cpp,5eb72c8d,2,6,cxx_sub_to_add,interpolate.halide_generated.cpp,7821,37,generator_specific,-11,1,1,,,test1_demo;test2_golden,0,0.358,cxx_sub_to_add:/mnt/scratch1/ardi/dsl_mut/HM-armc/mutation/lowered-cpp/interpolate/interpolate.halide_generated.cpp:7821:37
interpolate,cxx_default_on_emitted_cpp,5eb72c8d,2,6,cxx_le_to_lt,interpolate.halide_generated.cpp,10722,22,generator_specific,0,0,1,,,test2_golden,0,1.232,cxx_le_to_lt:/mnt/scratch1/ardi/dsl_mut/HM-armc/mutation/lowered-cpp/interpolate/interpolate.halide_generated.cpp:10722:22
interpolate,cxx_default_on_emitted_cpp,5eb72c8d,2,6,cxx_lt_to_le,interpolate.halide_generated.cpp,9796,69,generator_specific,0,0,0,,,,0,3.439,cxx_lt_to_le:/mnt/scratch1/ardi/dsl_mut/HM-armc/mutation/lowered-cpp/interpolate/interpolate.halide_generated.cpp:9796:69
interpolate,cxx_default_on_emitted_cpp,5eb72c8d,2,6,cxx_replace_scalar_call,interpolate.halide_generated.cpp,10581,18,generator_specific,0,0,1,,,test2_golden,0,4.057,cxx_replace_scalar_call:/mnt/scratch1/ardi/dsl_mut/HM-armc/mutation/lowered-cpp/interpolate/interpolate.halide_generated.cpp:10581:18
interpolate,cxx_default_on_emitted_cpp,5eb72c8d,2,6,cxx_gt_to_ge,interpolate.halide_generated.cpp,11813,33,generator_specific,0,0,0,,,,0,3.371,cxx_gt_to_ge:/mnt/scratch1/ardi/dsl_mut/HM-armc/mutation/lowered-cpp/interpolate/interpolate.halide_generated.cpp:11813:33
interpolate,cxx_default_on_emitted_cpp,5eb72c8d,2,6,cxx_add_to_sub,interpolate.halide_generated.cpp,4469,23,generator_specific,-11,1,1,,,test1_demo;test2_golden,0,0.301,cxx_add_to_sub:/mnt/scratch1/ardi/dsl_mut/HM-armc/mutation/lowered-cpp/interpolate/interpolate.halide_generated.cpp:4469:23
interpolate,cxx_default_on_emitted_cpp,5eb72c8d,2,6,cxx_gt_to_le,interpolate.halide_generated.cpp,11696,77,generator_specific,-6,1,1,,,test1_demo;test2_golden,0,0.506,cxx_gt_to_le:/mnt/scratch1/ardi/dsl_mut/HM-armc/mutation/lowered-cpp/interpolate/interpolate.halide_generated.cpp:11696:77
interpolate,cxx_default_on_emitted_cpp,5eb72c8d,2,6,cxx_mul_to_div,interpolate.halide_generated.cpp,6416,47,generator_specific,-6,1,1,,,test1_demo;test2_golden,0,0.348,cxx_mul_to_div:/mnt/scratch1/ardi/dsl_mut/HM-armc/mutation/lowered-cpp/interpolate/interpolate.halide_generated.cpp:6416:47
interpolate,cxx_default_on_emitted_cpp,5eb72c8d,2,6,cxx_add_to_sub,interpolate.halide_generated.cpp,12051,34,generator_specific,0,0,0,,,,0,2.798,cxx_add_to_sub:/mnt/scratch1/ardi/dsl_mut/HM-armc/mutation/lowered-cpp/interpolate/interpolate.halide_generated.cpp:12051:34
interpolate,cxx_default_on_emitted_cpp,5eb72c8d,2,6,cxx_add_to_sub,interpolate.halide_generated.cpp,4558,24,generator_specific,0,0,0,,,,0,4.180,cxx_add_to_sub:/mnt/scratch1/ardi/dsl_mut/HM-armc/mutation/lowered-cpp/interpolate/interpolate.halide_generated.cpp:4558:24
interpolate,cxx_default_on_emitted_cpp,5eb72c8d,2,6,cxx_ne_to_eq,interpolate.halide_generated.cpp,9076,35,generator_specific,0,0,0,,,,0,3.117,cxx_ne_to_eq:/mnt/scratch1/ardi/dsl_mut/HM-armc/mutation/lowered-cpp/interpolate/interpolate.halide_generated.cpp:9076:35
interpolate,cxx_default_on_emitted_cpp,5eb72c8d,2,6,cxx_add_to_sub,interpolate.halide_generated.cpp,9435,49,generator_specific,0,0,0,,,,0,2.699,cxx_add_to_sub:/mnt/scratch1/ardi/dsl_mut/HM-armc/mutation/lowered-cpp/interpolate/interpolate.halide_generated.cpp:9435:49
interpolate,cxx_default_on_emitted_cpp,5eb72c8d,2,6,cxx_mul_to_div,interpolate.halide_generated.cpp,11820,79,generator_specific,-6,1,1,,,test1_demo;test2_golden,0,0.334,cxx_mul_to_div:/mnt/scratch1/ardi/dsl_mut/HM-armc/mutation/lowered-cpp/interpolate/interpolate.halide_generated.cpp:11820:79
interpolate,cxx_default_on_emitted_cpp,5eb72c8d,2,6,cxx_add_to_sub,interpolate.halide_generated.cpp,6535,38,generator_specific,0,0,1,,,test2_golden,0,4.144,cxx_add_to_sub:/mnt/scratch1/ardi/dsl_mut/HM-armc/mutation/lowered-cpp/interpolate/interpolate.halide_generated.cpp:6535:38
interpolate,cxx_default_on_emitted_cpp,5eb72c8d,2,6,cxx_add_to_sub,interpolate.halide_generated.cpp,7912,36,generator_specific,-11,1,1,,,test1_demo;test2_golden,0,0.537,cxx_add_to_sub:/mnt/scratch1/ardi/dsl_mut/HM-armc/mutation/lowered-cpp/interpolate/interpolate.halide_generated.cpp:7912:36
interpolate,cxx_default_on_emitted_cpp,5eb72c8d,2,6,cxx_add_to_sub,interpolate.halide_generated.cpp,7785,38,generator_specific,0,0,1,,,test2_golden,0,2.779,cxx_add_to_sub:/mnt/scratch1/ardi/dsl_mut/HM-armc/mutation/lowered-cpp/interpolate/interpolate.halide_generated.cpp:7785:38
interpolate,cxx_default_on_emitted_cpp,5eb72c8d,2,6,cxx_le_to_gt,interpolate.halide_generated.cpp,10782,18,generator_specific,-6,1,1,,,test1_demo;test2_golden,0,0.245,cxx_le_to_gt:/mnt/scratch1/ardi/dsl_mut/HM-armc/mutation/lowered-cpp/interpolate/interpolate.halide_generated.cpp:10782:18
interpolate,cxx_default_on_emitted_cpp,5eb72c8d,2,6,cxx_sub_to_add,interpolate.halide_generated.cpp,4139,23,generator_specific,0,0,1,,,test2_golden,0,2.786,cxx_sub_to_add:/mnt/scratch1/ardi/dsl_mut/HM-armc/mutation/lowered-cpp/interpolate/interpolate.halide_generated.cpp:4139:23
interpolate,cxx_default_on_emitted_cpp,5eb72c8d,2,6,cxx_mul_to_div,interpolate.halide_generated.cpp,5685,26,generator_specific,0,0,1,,,test2_golden,0,3.088,cxx_mul_to_div:/mnt/scratch1/ardi/dsl_mut/HM-armc/mutation/lowered-cpp/interpolate/interpolate.halide_generated.cpp:5685:26
interpolate,cxx_default_on_emitted_cpp,5eb72c8d,2,6,cxx_mul_to_div,interpolate.halide_generated.cpp,9876,37,generator_specific,0,0,0,,,,0,3.522,cxx_mul_to_div:/mnt/scratch1/ardi/dsl_mut/HM-armc/mutation/lowered-cpp/interpolate/interpolate.halide_generated.cpp:9876:37
interpolate,cxx_default_on_emitted_cpp,5eb72c8d,2,6,cxx_add_to_sub,interpolate.halide_generated.cpp,4161,26,generator_specific,0,0,1,,,test2_golden,0,3.200,cxx_add_to_sub:/mnt/scratch1/ardi/dsl_mut/HM-armc/mutation/lowered-cpp/interpolate/interpolate.halide_generated.cpp:4161:26
interpolate,cxx_default_on_emitted_cpp,5eb72c8d,2,6,cxx_add_to_sub,interpolate.halide_generated.cpp,4671,66,generator_specific,0,0,1,,,test2_golden,0,3.132,cxx_add_to_sub:/mnt/scratch1/ardi/dsl_mut/HM-armc/mutation/lowered-cpp/interpolate/interpolate.halide_generated.cpp:4671:66
interpolate,cxx_default_on_emitted_cpp,5eb72c8d,2,6,cxx_add_to_sub,interpolate.halide_generated.cpp,7059,38,generator_specific,0,0,1,,,test2_golden,0,3.286,cxx_add_to_sub:/mnt/scratch1/ardi/dsl_mut/HM-armc/mutation/lowered-cpp/interpolate/interpolate.halide_generated.cpp:7059:38
interpolate,cxx_default_on_emitted_cpp,5eb72c8d,2,6,cxx_mul_to_div,interpolate.halide_generated.cpp,9591,37,generator_specific,0,0,0,,,,0,3.194,cxx_mul_to_div:/mnt/scratch1/ardi/dsl_mut/HM-armc/mutation/lowered-cpp/interpolate/interpolate.halide_generated.cpp:9591:37
interpolate,cxx_default_on_emitted_cpp,5eb72c8d,2,6,cxx_sub_to_add,interpolate.halide_generated.cpp,6895,37,generator_specific,0,0,1,,,test2_golden,0,3.403,cxx_sub_to_add:/mnt/scratch1/ardi/dsl_mut/HM-armc/mutation/lowered-cpp/interpolate/interpolate.halide_generated.cpp:6895:37
interpolate,cxx_default_on_emitted_cpp,5eb72c8d,2,6,cxx_add_to_sub,interpolate.halide_generated.cpp,10141,36,generator_specific,0,0,0,,,,0,3.085,cxx_add_to_sub:/mnt/scratch1/ardi/dsl_mut/HM-armc/mutation/lowered-cpp/interpolate/interpolate.halide_generated.cpp:10141:36
interpolate,cxx_default_on_emitted_cpp,5eb72c8d,2,6,cxx_sub_to_add,interpolate.halide_generated.cpp,6747,37,generator_specific,0,0,1,,,test2_golden,0,3.323,cxx_sub_to_add:/mnt/scratch1/ardi/dsl_mut/HM-armc/mutation/lowered-cpp/interpolate/interpolate.halide_generated.cpp:6747:37
interpolate,cxx_default_on_emitted_cpp,5eb72c8d,2,6,cxx_sub_to_add,interpolate.halide_generated.cpp,12294,33,generator_specific,0,0,0,,,,0,3.233,cxx_sub_to_add:/mnt/scratch1/ardi/dsl_mut/HM-armc/mutation/lowered-cpp/interpolate/interpolate.halide_generated.cpp:12294:33
interpolate,cxx_default_on_emitted_cpp,5eb72c8d,2,6,cxx_remove_void_call,interpolate.halide_generated.cpp,6982,16,generator_specific,0,0,0,,,,0,3.289,cxx_remove_void_call:/mnt/scratch1/ardi/dsl_mut/HM-armc/mutation/lowered-cpp/interpolate/interpolate.halide_generated.cpp:6982:16
interpolate,cxx_default_on_emitted_cpp,5eb72c8d,2,6,cxx_add_to_sub,interpolate.halide_generated.cpp,12140,33,generator_specific,0,0,1,,,test2_golden,0,3.347,cxx_add_to_sub:/mnt/scratch1/ardi/dsl_mut/HM-armc/mutation/lowered-cpp/interpolate/interpolate.halide_generated.cpp:12140:33
interpolate,cxx_default_on_emitted_cpp,5eb72c8d,2,6,cxx_remove_void_call,interpolate.halide_generated.cpp,5771,2,generator_specific,0,0,0,,,,0,3.483,cxx_remove_void_call:/mnt/scratch1/ardi/dsl_mut/HM-armc/mutation/lowered-cpp/interpolate/interpolate.halide_generated.cpp:5771:2
interpolate,cxx_default_on_emitted_cpp,5eb72c8d,2,6,cxx_div_to_mul,interpolate.halide_generated.cpp,8482,35,generator_specific,0,0,1,,,test2_golden,0,2.946,cxx_div_to_mul:/mnt/scratch1/ardi/dsl_mut/HM-armc/mutation/lowered-cpp/interpolate/interpolate.halide_generated.cpp:8482:35
interpolate,cxx_default_on_emitted_cpp,5eb72c8d,2,6,cxx_remove_void_call,interpolate.halide_generated.cpp,6066,2,generator_specific,0,0,0,,,,0,3.248,cxx_remove_void_call:/mnt/scratch1/ardi/dsl_mut/HM-armc/mutation/lowered-cpp/interpolate/interpolate.halide_generated.cpp:6066:2
interpolate,cxx_default_on_emitted_cpp,5eb72c8d,2,6,cxx_div_to_mul,interpolate.halide_generated.cpp,8240,35,generator_specific,0,0,0,,,,0,3.333,cxx_div_to_mul:/mnt/scratch1/ardi/dsl_mut/HM-armc/mutation/lowered-cpp/interpolate/interpolate.halide_generated.cpp:8240:35
interpolate,cxx_default_on_emitted_cpp,5eb72c8d,2,6,cxx_add_to_sub,interpolate.halide_generated.cpp,9702,60,generator_specific,0,0,0,,,,0,3.054,cxx_add_to_sub:/mnt/scratch1/ardi/dsl_mut/HM-armc/mutation/lowered-cpp/interpolate/interpolate.halide_generated.cpp:9702:60
interpolate,cxx_default_on_emitted_cpp,5eb72c8d,2,6,cxx_add_to_sub,interpolate.halide_generated.cpp,9704,37,generator_specific,0,0,0,,,,0,3.029,cxx_add_to_sub:/mnt/scratch1/ardi/dsl_mut/HM-armc/mutation/lowered-cpp/interpolate/interpolate.halide_generated.cpp:9704:37
interpolate,cxx_default_on_emitted_cpp,5eb72c8d,2,6,cxx_add_to_sub,interpolate.halide_generated.cpp,7696,37,generator_specific,0,0,0,,,,0,2.929,cxx_add_to_sub:/mnt/scratch1/ardi/dsl_mut/HM-armc/mutation/lowered-cpp/interpolate/interpolate.halide_generated.cpp:7696:37
interpolate,cxx_default_on_emitted_cpp,5eb72c8d,2,6,cxx_mul_to_div,interpolate.halide_generated.cpp,8318,35,generator_specific,0,0,0,,,,0,3.695,cxx_mul_to_div:/mnt/scratch1/ardi/dsl_mut/HM-armc/mutation/lowered-cpp/interpolate/interpolate.halide_generated.cpp:8318:35
interpolate,cxx_default_on_emitted_cpp,5eb72c8d,2,6,cxx_add_to_sub,interpolate.halide_generated.cpp,7426,38,generator_specific,0,0,1,,,test2_golden,0,2.890,cxx_add_to_sub:/mnt/scratch1/ardi/dsl_mut/HM-armc/mutation/lowered-cpp/interpolate/interpolate.halide_generated.cpp:7426:38
interpolate,cxx_default_on_emitted_cpp,5eb72c8d,2,6,cxx_add_to_sub,interpolate.halide_generated.cpp,10277,36,generator_specific,0,0,0,,,,0,3.154,cxx_add_to_sub:/mnt/scratch1/ardi/dsl_mut/HM-armc/mutation/lowered-cpp/interpolate/interpolate.halide_generated.cpp:10277:36
interpolate,cxx_default_on_emitted_cpp,5eb72c8d,2,6,cxx_mul_to_div,interpolate.halide_generated.cpp,5140,26,generator_specific,0,0,1,,,test2_golden,0,2.727,cxx_mul_to_div:/mnt/scratch1/ardi/dsl_mut/HM-armc/mutation/lowered-cpp/interpolate/interpolate.halide_generated.cpp:5140:26
interpolate,cxx_default_on_emitted_cpp,5eb72c8d,2,6,cxx_sub_to_add,interpolate.halide_generated.cpp,3686,21,generator_specific,0,0,0,,,,0,3.238,cxx_sub_to_add:/mnt/scratch1/ardi/dsl_mut/HM-armc/mutation/lowered-cpp/interpolate/interpolate.halide_generated.cpp:3686:21
interpolate,cxx_default_on_emitted_cpp,5eb72c8d,2,6,cxx_add_to_sub,interpolate.halide_generated.cpp,7724,35,generator_specific,0,0,1,,,test2_golden,0,3.168,cxx_add_to_sub:/mnt/scratch1/ardi/dsl_mut/HM-armc/mutation/lowered-cpp/interpolate/interpolate.halide_generated.cpp:7724:35
interpolate,cxx_default_on_emitted_cpp,5eb72c8d,2,6,cxx_sub_to_add,interpolate.halide_generated.cpp,9786,35,generator_specific,0,0,0,,,,0,3.546,cxx_sub_to_add:/mnt/scratch1/ardi/dsl_mut/HM-armc/mutation/lowered-cpp/interpolate/interpolate.halide_generated.cpp:9786:35
interpolate,cxx_default_on_emitted_cpp,5eb72c8d,2,6,cxx_remove_void_call,interpolate.halide_generated.cpp,5572,5,generator_specific,0,0,0,,,,0,3.360,cxx_remove_void_call:/mnt/scratch1/ardi/dsl_mut/HM-armc/mutation/lowered-cpp/interpolate/interpolate.halide_generated.cpp:5572:5
interpolate,cxx_default_on_emitted_cpp,5eb72c8d,2,6,cxx_le_to_gt,interpolate.halide_generated.cpp,10760,18,generator_specific,-6,1,1,,,test1_demo;test2_golden,0,0.326,cxx_le_to_gt:/mnt/scratch1/ardi/dsl_mut/HM-armc/mutation/lowered-cpp/interpolate/interpolate.halide_generated.cpp:10760:18
interpolate,cxx_default_on_emitted_cpp,5eb72c8d,2,6,cxx_add_to_sub,interpolate.halide_generated.cpp,9656,37,generator_specific,0,0,0,,,,0,3.372,cxx_add_to_sub:/mnt/scratch1/ardi/dsl_mut/HM-armc/mutation/lowered-cpp/interpolate/interpolate.halide_generated.cpp:9656:37
interpolate,cxx_default_on_emitted_cpp,5eb72c8d,2,6,cxx_gt_to_le,interpolate.halide_generated.cpp,8900,73,generator_specific,0,0,1,,,test2_golden,0,3.582,cxx_gt_to_le:/mnt/scratch1/ardi/dsl_mut/HM-armc/mutation/lowered-cpp/interpolate/interpolate.halide_generated.cpp:8900:73
interpolate,cxx_default_on_emitted_cpp,5eb72c8d,2,6,cxx_mul_to_div,interpolate.halide_generated.cpp,4654,23,generator_specific,0,0,1,,,test2_golden,0,2.591,cxx_mul_to_div:/mnt/scratch1/ardi/dsl_mut/HM-armc/mutation/lowered-cpp/interpolate/interpolate.halide_generated.cpp:4654:23
interpolate,cxx_default_on_emitted_cpp,5eb72c8d,2,6,cxx_add_to_sub,interpolate.halide_generated.cpp,7922,37,generator_specific,0,0,1,,,test2_golden,0,3.830,cxx_add_to_sub:/mnt/scratch1/ardi/dsl_mut/HM-armc/mutation/lowered-cpp/interpolate/interpolate.halide_generated.cpp:7922:37
interpolate,cxx_default_on_emitted_cpp,5eb72c8d,2,6,cxx_add_to_sub,interpolate.halide_generated.cpp,6693,37,generator_specific,0,0,0,,,,0,4.270,cxx_add_to_sub:/mnt/scratch1/ardi/dsl_mut/HM-armc/mutation/lowered-cpp/interpolate/interpolate.halide_generated.cpp:6693:37
interpolate,cxx_default_on_emitted_cpp,5eb72c8d,2,6,cxx_mul_to_div,interpolate.halide_generated.cpp,3972,25,generator_specific,-8,1,1,,,test1_demo;test2_golden,0,0.263,cxx_mul_to_div:/mnt/scratch1/ardi/dsl_mut/HM-armc/mutation/lowered-cpp/interpolate/interpolate.halide_generated.cpp:3972:25
interpolate,cxx_default_on_emitted_cpp,5eb72c8d,2,6,cxx_add_to_sub,interpolate.halide_generated.cpp,7491,38,generator_specific,0,0,0,,,,0,3.090,cxx_add_to_sub:/mnt/scratch1/ardi/dsl_mut/HM-armc/mutation/lowered-cpp/interpolate/interpolate.halide_generated.cpp:7491:38
interpolate,cxx_default_on_emitted_cpp,5eb72c8d,2,6,cxx_remove_void_call,interpolate.halide_generated.cpp,7523,16,generator_specific,0,0,0,,,,0,3.059,cxx_remove_void_call:/mnt/scratch1/ardi/dsl_mut/HM-armc/mutation/lowered-cpp/interpolate/interpolate.halide_generated.cpp:7523:16
interpolate,cxx_default_on_emitted_cpp,5eb72c8d,2,6,cxx_mul_to_div,interpolate.halide_generated.cpp,6736,37,generator_specific,0,0,0,,,,0,3.884,cxx_mul_to_div:/mnt/scratch1/ardi/dsl_mut/HM-armc/mutation/lowered-cpp/interpolate/interpolate.halide_generated.cpp:6736:37
interpolate,cxx_default_on_emitted_cpp,5eb72c8d,2,6,cxx_lt_to_ge,interpolate.halide_generated.cpp,7592,75,generator_specific,0,0,1,,,test2_golden,0,3.102,cxx_lt_to_ge:/mnt/scratch1/ardi/dsl_mut/HM-armc/mutation/lowered-cpp/interpolate/interpolate.halide_generated.cpp:7592:75
interpolate,cxx_default_on_emitted_cpp,5eb72c8d,2,6,cxx_add_to_sub,interpolate.halide_generated.cpp,9956,38,generator_specific,0,0,0,,,,0,3.177,cxx_add_to_sub:/mnt/scratch1/ardi/dsl_mut/HM-armc/mutation/lowered-cpp/interpolate/interpolate.halide_generated.cpp:9956:38
interpolate,cxx_default_on_emitted_cpp,5eb72c8d,2,6,cxx_gt_to_ge,interpolate.halide_generated.cpp,11814,21,generator_specific,0,0,0,,,,0,3.878,cxx_gt_to_ge:/mnt/scratch1/ardi/dsl_mut/HM-armc/mutation/lowered-cpp/interpolate/interpolate.halide_generated.cpp:11814:21
interpolate,cxx_default_on_emitted_cpp,5eb72c8d,2,6,cxx_add_to_sub,interpolate.halide_generated.cpp,7915,60,generator_specific,-11,1,1,,,test1_demo;test2_golden,0,0.353,cxx_add_to_sub:/mnt/scratch1/ardi/dsl_mut/HM-armc/mutation/lowered-cpp/interpolate/interpolate.halide_generated.cpp:7915:60
interpolate,cxx_default_on_emitted_cpp,5eb72c8d,2,6,cxx_add_to_sub,interpolate.halide_generated.cpp,8254,36,generator_specific,0,0,0,,,,0,4.045,cxx_add_to_sub:/mnt/scratch1/ardi/dsl_mut/HM-armc/mutation/lowered-cpp/interpolate/interpolate.halide_generated.cpp:8254:36
interpolate,cxx_default_on_emitted_cpp,5eb72c8d,2,6,cxx_add_to_sub,interpolate.halide_generated.cpp,9900,35,generator_specific,0,0,0,,,,0,4.055,cxx_add_to_sub:/mnt/scratch1/ardi/dsl_mut/HM-armc/mutation/lowered-cpp/interpolate/interpolate.halide_generated.cpp:9900:35
interpolate,cxx_default_on_emitted_cpp,5eb72c8d,2,6,cxx_add_to_sub,interpolate.halide_generated.cpp,7838,37,generator_specific,0,0,1,,,test2_golden,0,3.853,cxx_add_to_sub:/mnt/scratch1/ardi/dsl_mut/HM-armc/mutation/lowered-cpp/interpolate/interpolate.halide_generated.cpp:7838:37
interpolate,cxx_default_on_emitted_cpp,5eb72c8d,2,6,cxx_mul_to_div,interpolate.halide_generated.cpp,11676,30,generator_specific,0,0,0,,,,0,4.092,cxx_mul_to_div:/mnt/scratch1/ardi/dsl_mut/HM-armc/mutation/lowered-cpp/interpolate/interpolate.halide_generated.cpp:11676:30
interpolate,cxx_default_on_emitted_cpp,5eb72c8d,2,6,cxx_mul_to_div,interpolate.halide_generated.cpp,4883,43,generator_specific,0,0,1,,,test2_golden,0,2.767,cxx_mul_to_div:/mnt/scratch1/ardi/dsl_mut/HM-armc/mutation/lowered-cpp/interpolate/interpolate.halide_generated.cpp:4883:43
interpolate,cxx_default_on_emitted_cpp,5eb72c8d,2,6,cxx_mul_to_div,interpolate.halide_generated.cpp,9696,51,generator_specific,0,0,0,,,,0,3.213,cxx_mul_to_div:/mnt/scratch1/ardi/dsl_mut/HM-armc/mutation/lowered-cpp/interpolate/interpolate.halide_generated.cpp:9696:51
interpolate,cxx_default_on_emitted_cpp,5eb72c8d,2,6,cxx_sub_to_add,interpolate.halide_generated.cpp,6513,36,generator_specific,0,0,0,,,,0,4.378,cxx_sub_to_add:/mnt/scratch1/ardi/dsl_mut/HM-armc/mutation/lowered-cpp/interpolate/interpolate.halide_generated.cpp:6513:36
interpolate,cxx_default_on_emitted_cpp,5eb72c8d,2,6,cxx_add_to_sub,interpolate.halide_generated.cpp,5536,27,generator_specific,0,0,0,,,,0,3.381,cxx_add_to_sub:/mnt/scratch1/ardi/dsl_mut/HM-armc/mutation/lowered-cpp/interpolate/interpolate.halide_generated.cpp:5536:27
interpolate,cxx_default_on_emitted_cpp,5eb72c8d,2,6,cxx_remove_void_call,interpolate.halide_generated.cpp,6919,16,generator_specific,0,0,1,,,test2_golden,0,2.937,cxx_remove_void_call:/mnt/scratch1/ardi/dsl_mut/HM-armc/mutation/lowered-cpp/interpolate/interpolate.halide_generated.cpp:6919:16
interpolate,cxx_default_on_emitted_cpp,5eb72c8d,2,6,cxx_remove_void_call,interpolate.halide_generated.cpp,6042,2,generator_specific,0,0,0,,,,0,3.304,cxx_remove_void_call:/mnt/scratch1/ardi/dsl_mut/HM-armc/mutation/lowered-cpp/interpolate/interpolate.halide_generated.cpp:6042:2
interpolate,cxx_default_on_emitted_cpp,5eb72c8d,2,6,cxx_mul_to_div,interpolate.halide_generated.cpp,11185,26,generator_specific,0,0,0,,,,0,2.902,cxx_mul_to_div:/mnt/scratch1/ardi/dsl_mut/HM-armc/mutation/lowered-cpp/interpolate/interpolate.halide_generated.cpp:11185:26
interpolate,cxx_default_on_emitted_cpp,5eb72c8d,2,6,cxx_mul_to_div,interpolate.halide_generated.cpp,6224,26,generator_specific,0,0,1,,,test2_golden,0,3.168,cxx_mul_to_div:/mnt/scratch1/ardi/dsl_mut/HM-armc/mutation/lowered-cpp/interpolate/interpolate.halide_generated.cpp:6224:26
interpolate,cxx_default_on_emitted_cpp,5eb72c8d,2,6,cxx_lt_to_ge,interpolate.halide_generated.cpp,7996,75,generator_specific,0,0,0,,,,0,2.988,cxx_lt_to_ge:/mnt/scratch1/ardi/dsl_mut/HM-armc/mutation/lowered-cpp/interpolate/interpolate.halide_generated.cpp:7996:75
interpolate,cxx_default_on_emitted_cpp,5eb72c8d,2,6,cxx_add_to_sub,interpolate.halide_generated.cpp,7687,37,generator_specific,0,0,0,,,,0,3.164,cxx_add_to_sub:/mnt/scratch1/ardi/dsl_mut/HM-armc/mutation/lowered-cpp/interpolate/interpolate.halide_generated.cpp:7687:37
interpolate,cxx_default_on_emitted_cpp,5eb72c8d,2,6,cxx_sub_to_add,interpolate.halide_generated.cpp,11683,30,generator_specific,-6,1,1,,,test1_demo;test2_golden,0,0.561,cxx_sub_to_add:/mnt/scratch1/ardi/dsl_mut/HM-armc/mutation/lowered-cpp/interpolate/interpolate.halide_generated.cpp:11683:30
interpolate,cxx_default_on_emitted_cpp,5eb72c8d,2,6,cxx_add_to_sub,interpolate.halide_generated.cpp,7374,36,generator_specific,-6,1,1,,,test1_demo;test2_golden,0,0.288,cxx_add_to_sub:/mnt/scratch1/ardi/dsl_mut/HM-armc/mutation/lowered-cpp/interpolate/interpolate.halide_generated.cpp:7374:36
interpolate,cxx_default_on_emitted_cpp,5eb72c8d,2,6,cxx_sub_to_add,interpolate.halide_generated.cpp,10851,25,generator_specific,0,0,0,,,,0,3.211,cxx_sub_to_add:/mnt/scratch1/ardi/dsl_mut/HM-armc/mutation/lowered-cpp/interpolate/interpolate.halide_generated.cpp:10851:25
interpolate,cxx_default_on_emitted_cpp,5eb72c8d,2,6,cxx_sub_to_add,interpolate.halide_generated.cpp,9294,37,generator_specific,0,0,1,,,test2_golden,0,3.205,cxx_sub_to_add:/mnt/scratch1/ardi/dsl_mut/HM-armc/mutation/lowered-cpp/interpolate/interpolate.halide_generated.cpp:9294:37
interpolate,cxx_default_on_emitted_cpp,5eb72c8d,2,6,cxx_gt_to_le,interpolate.halide_generated.cpp,6330,32,generator_specific,-6,1,1,,,test1_demo;test2_golden,0,0.296,cxx_gt_to_le:/mnt/scratch1/ardi/dsl_mut/HM-armc/mutation/lowered-cpp/interpolate/interpolate.halide_generated.cpp:6330:32
interpolate,cxx_default_on_emitted_cpp,5eb72c8d,2,6,cxx_add_to_sub,interpolate.halide_generated.cpp,6981,37,generator_specific,0,0,0,,,,0,3.217,cxx_add_to_sub:/mnt/scratch1/ardi/dsl_mut/HM-armc/mutation/lowered-cpp/interpolate/interpolate.halide_generated.cpp:6981:37
interpolate,cxx_default_on_emitted_cpp,5eb72c8d,2,6,cxx_sub_to_add,interpolate.halide_generated.cpp,6866,37,generator_specific,0,0,1,,,test2_golden,0,3.128,cxx_sub_to_add:/mnt/scratch1/ardi/dsl_mut/HM-armc/mutation/lowered-cpp/interpolate/interpolate.halide_generated.cpp:6866:37
interpolate,cxx_default_on_emitted_cpp,5eb72c8d,2,6,cxx_mul_to_div,interpolate.halide_generated.cpp,9693,36,generator_specific,0,0,0,,,,0,3.342,cxx_mul_to_div:/mnt/scratch1/ardi/dsl_mut/HM-armc/mutation/lowered-cpp/interpolate/interpolate.halide_generated.cpp:9693:36
interpolate,cxx_default_on_emitted_cpp,5eb72c8d,2,6,cxx_add_to_sub,interpolate.halide_generated.cpp,8757,36,generator_specific,0,0,0,,,,0,3.388,cxx_add_to_sub:/mnt/scratch1/ardi/dsl_mut/HM-armc/mutation/lowered-cpp/interpolate/interpolate.halide_generated.cpp:8757:36
interpolate,cxx_default_on_emitted_cpp,5eb72c8d,2,6,cxx_add_to_sub,interpolate.halide_generated.cpp,8745,35,generator_specific,0,0,0,,,,0,3.252,cxx_add_to_sub:/mnt/scratch1/ardi/dsl_mut/HM-armc/mutation/lowered-cpp/interpolate/interpolate.halide_generated.cpp:8745:35
interpolate,cxx_default_on_emitted_cpp,5eb72c8d,2,6,cxx_remove_void_call,interpolate.halide_generated.cpp,10624,3,generator_specific,0,0,0,,,,0,3.332,cxx_remove_void_call:/mnt/scratch1/ardi/dsl_mut/HM-armc/mutation/lowered-cpp/interpolate/interpolate.halide_generated.cpp:10624:3
interpolate,cxx_default_on_emitted_cpp,5eb72c8d,2,6,cxx_add_to_sub,interpolate.halide_generated.cpp,8039,37,generator_specific,0,0,0,,,,0,3.262,cxx_add_to_sub:/mnt/scratch1/ardi/dsl_mut/HM-armc/mutation/lowered-cpp/interpolate/interpolate.halide_generated.cpp:8039:37
interpolate,cxx_default_on_emitted_cpp,5eb72c8d,2,6,cxx_sub_to_add,interpolate.halide_generated.cpp,4028,24,generator_specific,0,0,1,,,test2_golden,0,3.389,cxx_sub_to_add:/mnt/scratch1/ardi/dsl_mut/HM-armc/mutation/lowered-cpp/interpolate/interpolate.halide_generated.cpp:4028:24
interpolate,cxx_default_on_emitted_cpp,5eb72c8d,2,6,cxx_add_to_sub,interpolate.halide_generated.cpp,6530,79,generator_specific,0,0,0,,,,0,3.250,cxx_add_to_sub:/mnt/scratch1/ardi/dsl_mut/HM-armc/mutation/lowered-cpp/interpolate/interpolate.halide_generated.cpp:6530:79
interpolate,cxx_default_on_emitted_cpp,5eb72c8d,2,6,cxx_mul_to_div,interpolate.halide_generated.cpp,5462,25,generator_specific,0,0,1,,,test2_golden,0,3.316,cxx_mul_to_div:/mnt/scratch1/ardi/dsl_mut/HM-armc/mutation/lowered-cpp/interpolate/interpolate.halide_generated.cpp:5462:25
interpolate,cxx_default_on_emitted_cpp,5eb72c8d,2,6,cxx_add_to_sub,interpolate.halide_generated.cpp,4342,27,generator_specific,-11,1,1,,,test1_demo;test2_golden,0,0.257,cxx_add_to_sub:/mnt/scratch1/ardi/dsl_mut/HM-armc/mutation/lowered-cpp/interpolate/interpolate.halide_generated.cpp:4342:27
interpolate,cxx_default_on_emitted_cpp,5eb72c8d,2,6,cxx_lt_to_le,interpolate.halide_generated.cpp,3372,25,boilerplate,0,0,0,,,,0,4.008,cxx_lt_to_le:/mnt/scratch1/ardi/dsl_mut/HM-armc/mutation/lowered-cpp/interpolate/interpolate.halide_generated.cpp:3372:25
interpolate,cxx_default_on_emitted_cpp,5eb72c8d,2,6,cxx_post_inc_to_post_dec,interpolate.halide_generated.cpp,9945,110,generator_specific,0,0,0,,,,0,3.372,cxx_post_inc_to_post_dec:/mnt/scratch1/ardi/dsl_mut/HM-armc/mutation/lowered-cpp/interpolate/interpolate.halide_generated.cpp:9945:110
interpolate,cxx_default_on_emitted_cpp,5eb72c8d,2,6,cxx_add_to_sub,interpolate.halide_generated.cpp,9811,90,generator_specific,0,0,0,,,,0,3.230,cxx_add_to_sub:/mnt/scratch1/ardi/dsl_mut/HM-armc/mutation/lowered-cpp/interpolate/interpolate.halide_generated.cpp:9811:90
interpolate,cxx_default_on_emitted_cpp,5eb72c8d,2,6,cxx_add_to_sub,interpolate.halide_generated.cpp,12247,33,generator_specific,0,0,1,,,test2_golden,0,3.230,cxx_add_to_sub:/mnt/scratch1/ardi/dsl_mut/HM-armc/mutation/lowered-cpp/interpolate/interpolate.halide_generated.cpp:12247:33
interpolate,cxx_default_on_emitted_cpp,5eb72c8d,2,6,cxx_add_to_sub,interpolate.halide_generated.cpp,11790,31,generator_specific,0,0,0,,,,0,3.313,cxx_add_to_sub:/mnt/scratch1/ardi/dsl_mut/HM-armc/mutation/lowered-cpp/interpolate/interpolate.halide_generated.cpp:11790:31
interpolate,cxx_default_on_emitted_cpp,5eb72c8d,2,6,cxx_ne_to_eq,interpolate.halide_generated.cpp,1814,31,boilerplate,-6,1,1,,,test1_demo;test2_golden,0,0.267,cxx_ne_to_eq:/mnt/scratch1/ardi/dsl_mut/HM-armc/mutation/lowered-cpp/interpolate/interpolate.halide_generated.cpp:1814:31
interpolate,cxx_default_on_emitted_cpp,5eb72c8d,2,6,cxx_add_to_sub,interpolate.halide_generated.cpp,4327,26,generator_specific,0,0,1,,,test2_golden,0,3.123,cxx_add_to_sub:/mnt/scratch1/ardi/dsl_mut/HM-armc/mutation/lowered-cpp/interpolate/interpolate.halide_generated.cpp:4327:26
interpolate,cxx_default_on_emitted_cpp,5eb72c8d,2,6,cxx_replace_scalar_call,interpolate.halide_generated.cpp,11051,19,generator_specific,-11,1,1,,,test1_demo;test2_golden,0,0.515,cxx_replace_scalar_call:/mnt/scratch1/ardi/dsl_mut/HM-armc/mutation/lowered-cpp/interpolate/interpolate.halide_generated.cpp:11051:19
interpolate,cxx_default_on_emitted_cpp,5eb72c8d,2,6,cxx_lt_to_ge,interpolate.halide_generated.cpp,7567,86,generator_specific,0,0,1,,,test2_golden,0,3.625,cxx_lt_to_ge:/mnt/scratch1/ardi/dsl_mut/HM-armc/mutation/lowered-cpp/interpolate/interpolate.halide_generated.cpp:7567:86
interpolate,cxx_default_on_emitted_cpp,5eb72c8d,2,6,cxx_add_to_sub,interpolate.halide_generated.cpp,6515,36,generator_specific,0,0,1,,,test2_golden,0,2.534,cxx_add_to_sub:/mnt/scratch1/ardi/dsl_mut/HM-armc/mutation/lowered-cpp/interpolate/interpolate.halide_generated.cpp:6515:36
interpolate,cxx_default_on_emitted_cpp,5eb72c8d,2,6,cxx_mul_to_div,interpolate.halide_generated.cpp,4455,40,generator_specific,0,0,1,,,test2_golden,0,3.025,cxx_mul_to_div:/mnt/scratch1/ardi/dsl_mut/HM-armc/mutation/lowered-cpp/interpolate/interpolate.halide_generated.cpp:4455:40
interpolate,cxx_default_on_emitted_cpp,5eb72c8d,2,6,cxx_sub_to_add,interpolate.halide_generated.cpp,7214,37,generator_specific,0,0,0,,,,0,3.153,cxx_sub_to_add:/mnt/scratch1/ardi/dsl_mut/HM-armc/mutation/lowered-cpp/interpolate/interpolate.halide_generated.cpp:7214:37
interpolate,cxx_default_on_emitted_cpp,5eb72c8d,2,6,cxx_mul_to_div,interpolate.halide_generated.cpp,11702,78,generator_specific,-6,1,1,,,test1_demo;test2_golden,0,0.395,cxx_mul_to_div:/mnt/scratch1/ardi/dsl_mut/HM-armc/mutation/lowered-cpp/interpolate/interpolate.halide_generated.cpp:11702:78
interpolate,cxx_default_on_emitted_cpp,5eb72c8d,2,6,cxx_mul_to_div,interpolate.halide_generated.cpp,7177,35,generator_specific,-6,1,1,,,test1_demo;test2_golden,0,0.325,cxx_mul_to_div:/mnt/scratch1/ardi/dsl_mut/HM-armc/mutation/lowered-cpp/interpolate/interpolate.halide_generated.cpp:7177:35
interpolate,cxx_default_on_emitted_cpp,5eb72c8d,2,6,cxx_mul_to_div,interpolate.halide_generated.cpp,6877,55,generator_specific,0,0,0,,,,0,2.857,cxx_mul_to_div:/mnt/scratch1/ardi/dsl_mut/HM-armc/mutation/lowered-cpp/interpolate/interpolate.halide_generated.cpp:6877:55
interpolate,cxx_default_on_emitted_cpp,5eb72c8d,2,6,cxx_mul_to_div,interpolate.halide_generated.cpp,12285,33,generator_specific,0,0,1,,,test2_golden,0,3.210,cxx_mul_to_div:/mnt/scratch1/ardi/dsl_mut/HM-armc/mutation/lowered-cpp/interpolate/interpolate.halide_generated.cpp:12285:33
interpolate,cxx_default_on_emitted_cpp,5eb72c8d,2,6,cxx_remove_void_call,interpolate.halide_generated.cpp,4817,2,generator_specific,0,0,0,,,,0,3.258,cxx_remove_void_call:/mnt/scratch1/ardi/dsl_mut/HM-armc/mutation/lowered-cpp/interpolate/interpolate.halide_generated.cpp:4817:2
interpolate,cxx_default_on_emitted_cpp,5eb72c8d,2,6,cxx_le_to_lt,interpolate.halide_generated.cpp,10988,22,generator_specific,0,0,0,,,,0,2.944,cxx_le_to_lt:/mnt/scratch1/ardi/dsl_mut/HM-armc/mutation/lowered-cpp/interpolate/interpolate.halide_generated.cpp:10988:22
interpolate,cxx_default_on_emitted_cpp,5eb72c8d,2,6,cxx_div_to_mul,interpolate.halide_generated.cpp,8552,35,generator_specific,0,0,1,,,test2_golden,0,3.368,cxx_div_to_mul:/mnt/scratch1/ardi/dsl_mut/HM-armc/mutation/lowered-cpp/interpolate/interpolate.halide_generated.cpp:8552:35
interpolate,cxx_default_on_emitted_cpp,5eb72c8d,2,6,cxx_mul_to_div,interpolate.halide_generated.cpp,8998,59,generator_specific,0,0,1,,,test2_golden,0,3.908,cxx_mul_to_div:/mnt/scratch1/ardi/dsl_mut/HM-armc/mutation/lowered-cpp/interpolate/interpolate.halide_generated.cpp:8998:59
interpolate,cxx_default_on_emitted_cpp,5eb72c8d,2,6,cxx_mul_to_div,interpolate.halide_generated.cpp,4179,25,generator_specific,0,0,1,,,test2_golden,0,3.660,cxx_mul_to_div:/mnt/scratch1/ardi/dsl_mut/HM-armc/mutation/lowered-cpp/interpolate/interpolate.halide_generated.cpp:4179:25
interpolate,cxx_default_on_emitted_cpp,5eb72c8d,2,6,cxx_mul_to_div,interpolate.halide_generated.cpp,7019,36,generator_specific,-8,1,1,,,test1_demo;test2_golden,0,0.310,cxx_mul_to_div:/mnt/scratch1/ardi/dsl_mut/HM-armc/mutation/lowered-cpp/interpolate/interpolate.halide_generated.cpp:7019:36
interpolate,cxx_default_on_emitted_cpp,5eb72c8d,2,6,cxx_add_to_sub,interpolate.halide_generated.cpp,7533,35,generator_specific,-6,1,1,,,test1_demo;test2_golden,0,0.317,cxx_add_to_sub:/mnt/scratch1/ardi/dsl_mut/HM-armc/mutation/lowered-cpp/interpolate/interpolate.halide_generated.cpp:7533:35
interpolate,cxx_default_on_emitted_cpp,5eb72c8d,2,6,cxx_mul_to_div,interpolate.halide_generated.cpp,6408,82,generator_specific,-11,1,1,,,test1_demo;test2_golden,0,0.316,cxx_mul_to_div:/mnt/scratch1/ardi/dsl_mut/HM-armc/mutation/lowered-cpp/interpolate/interpolate.halide_generated.cpp:6408:82
interpolate,cxx_default_on_emitted_cpp,5eb72c8d,2,6,cxx_mul_to_div,interpolate.halide_generated.cpp,4158,26,generator_specific,-11,1,1,,,test1_demo;test2_golden,0,0.292,cxx_mul_to_div:/mnt/scratch1/ardi/dsl_mut/HM-armc/mutation/lowered-cpp/interpolate/interpolate.halide_generated.cpp:4158:26
interpolate,cxx_default_on_emitted_cpp,5eb72c8d,2,6,cxx_add_to_sub,interpolate.halide_generated.cpp,4033,123,generator_specific,0,0,0,,,,0,3.311,cxx_add_to_sub:/mnt/scratch1/ardi/dsl_mut/HM-armc/mutation/lowered-cpp/interpolate/interpolate.halide_generated.cpp:4033:123
interpolate,cxx_default_on_emitted_cpp,5eb72c8d,2,6,cxx_mul_to_div,interpolate.halide_generated.cpp,5710,43,generator_specific,0,0,0,,,,0,2.969,cxx_mul_to_div:/mnt/scratch1/ardi/dsl_mut/HM-armc/mutation/lowered-cpp/interpolate/interpolate.halide_generated.cpp:5710:43
interpolate,cxx_default_on_emitted_cpp,5eb72c8d,2,6,cxx_sub_to_add,interpolate.halide_generated.cpp,6427,34,generator_specific,0,0,0,,,,0,3.640,cxx_sub_to_add:/mnt/scratch1/ardi/dsl_mut/HM-armc/mutation/lowered-cpp/interpolate/interpolate.halide_generated.cpp:6427:34
interpolate,cxx_default_on_emitted_cpp,5eb72c8d,2,6,cxx_add_to_sub,interpolate.halide_generated.cpp,9931,37,generator_specific,0,0,0,,,,0,3.416,cxx_add_to_sub:/mnt/scratch1/ardi/dsl_mut/HM-armc/mutation/lowered-cpp/interpolate/interpolate.halide_generated.cpp:9931:37
interpolate,cxx_default_on_emitted_cpp,5eb72c8d,2,6,cxx_gt_to_ge,interpolate.halide_generated.cpp,8951,30,generator_specific,0,0,0,,,,0,3.287,cxx_gt_to_ge:/mnt/scratch1/ardi/dsl_mut/HM-armc/mutation/lowered-cpp/interpolate/interpolate.halide_generated.cpp:8951:30
interpolate,cxx_default_on_emitted_cpp,5eb72c8d,2,6,cxx_lt_to_le,interpolate.halide_generated.cpp,5076,64,generator_specific,-6,1,1,,,test1_demo;test2_golden,0,0.571,cxx_lt_to_le:/mnt/scratch1/ardi/dsl_mut/HM-armc/mutation/lowered-cpp/interpolate/interpolate.halide_generated.cpp:5076:64
interpolate,cxx_default_on_emitted_cpp,5eb72c8d,2,6,cxx_mul_to_div,interpolate.halide_generated.cpp,8506,36,generator_specific,-8,1,1,,,test1_demo;test2_golden,0,0.615,cxx_mul_to_div:/mnt/scratch1/ardi/dsl_mut/HM-armc/mutation/lowered-cpp/interpolate/interpolate.halide_generated.cpp:8506:36
interpolate,cxx_default_on_emitted_cpp,5eb72c8d,2,6,cxx_add_to_sub,interpolate.halide_generated.cpp,8621,36,generator_specific,0,0,0,,,,0,2.950,cxx_add_to_sub:/mnt/scratch1/ardi/dsl_mut/HM-armc/mutation/lowered-cpp/interpolate/interpolate.halide_generated.cpp:8621:36
interpolate,cxx_default_on_emitted_cpp,5eb72c8d,2,6,cxx_lt_to_ge,interpolate.halide_generated.cpp,6470,66,generator_specific,0,0,1,,,test2_golden,0,2.294,cxx_lt_to_ge:/mnt/scratch1/ardi/dsl_mut/HM-armc/mutation/lowered-cpp/interpolate/interpolate.halide_generated.cpp:6470:66
interpolate,cxx_default_on_emitted_cpp,5eb72c8d,2,6,cxx_add_to_sub,interpolate.halide_generated.cpp,9599,37,generator_specific,0,0,0,,,,0,3.564,cxx_add_to_sub:/mnt/scratch1/ardi/dsl_mut/HM-armc/mutation/lowered-cpp/interpolate/interpolate.halide_generated.cpp:9599:37
interpolate,cxx_default_on_emitted_cpp,5eb72c8d,2,6,cxx_add_to_sub,interpolate.halide_generated.cpp,7162,37,generator_specific,0,0,0,,,,0,3.672,cxx_add_to_sub:/mnt/scratch1/ardi/dsl_mut/HM-armc/mutation/lowered-cpp/interpolate/interpolate.halide_generated.cpp:7162:37
interpolate,cxx_default_on_emitted_cpp,5eb72c8d,2,6,cxx_add_to_sub,interpolate.halide_generated.cpp,6765,37,generator_specific,0,0,1,,,test2_golden,0,3.138,cxx_add_to_sub:/mnt/scratch1/ardi/dsl_mut/HM-armc/mutation/lowered-cpp/interpolate/interpolate.halide_generated.cpp:6765:37
interpolate,cxx_default_on_emitted_cpp,5eb72c8d,2,6,cxx_add_to_sub,interpolate.halide_generated.cpp,11444,28,generator_specific,0,0,0,,,,0,2.909,cxx_add_to_sub:/mnt/scratch1/ardi/dsl_mut/HM-armc/mutation/lowered-cpp/interpolate/interpolate.halide_generated.cpp:11444:28
interpolate,cxx_default_on_emitted_cpp,5eb72c8d,2,6,cxx_replace_scalar_call,interpolate.halide_generated.cpp,10629,19,generator_specific,0,0,0,,,,0,3.049,cxx_replace_scalar_call:/mnt/scratch1/ardi/dsl_mut/HM-armc/mutation/lowered-cpp/interpolate/interpolate.halide_generated.cpp:10629:19
interpolate,cxx_default_on_emitted_cpp,5eb72c8d,2,6,cxx_add_to_sub,interpolate.halide_generated.cpp,10690,26,generator_specific,0,0,0,,,,0,3.076,cxx_add_to_sub:/mnt/scratch1/ardi/dsl_mut/HM-armc/mutation/lowered-cpp/interpolate/interpolate.halide_generated.cpp:10690:26
interpolate,cxx_default_on_emitted_cpp,5eb72c8d,2,6,cxx_add_to_sub,interpolate.halide_generated.cpp,8211,35,generator_specific,0,0,0,,,,0,3.225,cxx_add_to_sub:/mnt/scratch1/ardi/dsl_mut/HM-armc/mutation/lowered-cpp/interpolate/interpolate.halide_generated.cpp:8211:35
interpolate,cxx_default_on_emitted_cpp,5eb72c8d,2,6,cxx_mul_to_div,interpolate.halide_generated.cpp,6549,37,generator_specific,0,0,0,,,,0,3.402,cxx_mul_to_div:/mnt/scratch1/ardi/dsl_mut/HM-armc/mutation/lowered-cpp/interpolate/interpolate.halide_generated.cpp:6549:37
interpolate,cxx_default_on_emitted_cpp,5eb72c8d,2,6,cxx_replace_scalar_call,interpolate.halide_generated.cpp,10503,18,generator_specific,0,0,1,,,test2_golden,0,3.137,cxx_replace_scalar_call:/mnt/scratch1/ardi/dsl_mut/HM-armc/mutation/lowered-cpp/interpolate/interpolate.halide_generated.cpp:10503:18
interpolate,cxx_default_on_emitted_cpp,5eb72c8d,2,6,cxx_add_to_sub,interpolate.halide_generated.cpp,4337,27,generator_specific,0,0,0,,,,0,4.405,cxx_add_to_sub:/mnt/scratch1/ardi/dsl_mut/HM-armc/mutation/lowered-cpp/interpolate/interpolate.halide_generated.cpp:4337:27
interpolate,cxx_default_on_emitted_cpp,5eb72c8d,2,6,cxx_lt_to_ge,interpolate.halide_generated.cpp,7484,75,generator_specific,0,0,1,,,test2_golden,0,2.992,cxx_lt_to_ge:/mnt/scratch1/ardi/dsl_mut/HM-armc/mutation/lowered-cpp/interpolate/interpolate.halide_generated.cpp:7484:75
interpolate,cxx_default_on_emitted_cpp,5eb72c8d,2,6,cxx_gt_to_ge,interpolate.halide_generated.cpp,11467,30,generator_specific,0,0,1,,,test2_golden,0,3.256,cxx_gt_to_ge:/mnt/scratch1/ardi/dsl_mut/HM-armc/mutation/lowered-cpp/interpolate/interpolate.halide_generated.cpp:11467:30
interpolate,cxx_default_on_emitted_cpp,5eb72c8d,2,6,cxx_add_to_sub,interpolate.halide_generated.cpp,7640,38,generator_specific,0,0,1,,,test2_golden,0,3.712,cxx_add_to_sub:/mnt/scratch1/ardi/dsl_mut/HM-armc/mutation/lowered-cpp/interpolate/interpolate.halide_generated.cpp:7640:38
interpolate,cxx_default_on_emitted_cpp,5eb72c8d,2,6,cxx_add_to_sub,interpolate.halide_generated.cpp,6682,37,generator_specific,0,0,0,,,,0,3.234,cxx_add_to_sub:/mnt/scratch1/ardi/dsl_mut/HM-armc/mutation/lowered-cpp/interpolate/interpolate.halide_generated.cpp:6682:37
interpolate,cxx_default_on_emitted_cpp,5eb72c8d,2,6,cxx_add_to_sub,interpolate.halide_generated.cpp,5719,66,generator_specific,0,0,0,,,,0,2.892,cxx_add_to_sub:/mnt/scratch1/ardi/dsl_mut/HM-armc/mutation/lowered-cpp/interpolate/interpolate.halide_generated.cpp:5719:66
interpolate,cxx_default_on_emitted_cpp,5eb72c8d,2,6,cxx_add_to_sub,interpolate.halide_generated.cpp,9619,38,generator_specific,0,0,0,,,,0,2.981,cxx_add_to_sub:/mnt/scratch1/ardi/dsl_mut/HM-armc/mutation/lowered-cpp/interpolate/interpolate.halide_generated.cpp:9619:38
interpolate,cxx_default_on_emitted_cpp,5eb72c8d,2,6,cxx_replace_scalar_call,interpolate.halide_generated.cpp,10510,18,generator_specific,0,0,1,,,test2_golden,0,4.923,cxx_replace_scalar_call:/mnt/scratch1/ardi/dsl_mut/HM-armc/mutation/lowered-cpp/interpolate/interpolate.halide_generated.cpp:10510:18
interpolate,cxx_default_on_emitted_cpp,5eb72c8d,2,6,cxx_le_to_lt,interpolate.halide_generated.cpp,10937,22,generator_specific,0,0,1,,,test2_golden,0,4.305,cxx_le_to_lt:/mnt/scratch1/ardi/dsl_mut/HM-armc/mutation/lowered-cpp/interpolate/interpolate.halide_generated.cpp:10937:22
interpolate,cxx_default_on_emitted_cpp,5eb72c8d,2,6,cxx_ne_to_eq,interpolate.halide_generated.cpp,6214,27,generator_specific,-6,1,1,,,test1_demo;test2_golden,0,0.295,cxx_ne_to_eq:/mnt/scratch1/ardi/dsl_mut/HM-armc/mutation/lowered-cpp/interpolate/interpolate.halide_generated.cpp:6214:27
interpolate,cxx_default_on_emitted_cpp,5eb72c8d,2,6,cxx_add_to_sub,interpolate.halide_generated.cpp,3739,26,generator_specific,-11,1,1,,,test1_demo;test2_golden,0,0.276,cxx_add_to_sub:/mnt/scratch1/ardi/dsl_mut/HM-armc/mutation/lowered-cpp/interpolate/interpolate.halide_generated.cpp:3739:26
interpolate,cxx_default_on_emitted_cpp,5eb72c8d,2,6,cxx_lt_to_le,interpolate.halide_generated.cpp,4475,57,generator_specific,-11,1,1,,,test1_demo;test2_golden,0,0.278,cxx_lt_to_le:/mnt/scratch1/ardi/dsl_mut/HM-armc/mutation/lowered-cpp/interpolate/interpolate.halide_generated.cpp:4475:57
interpolate,cxx_default_on_emitted_cpp,5eb72c8d,2,6,cxx_add_to_sub,interpolate.halide_generated.cpp,8389,35,generator_specific,0,0,1,,,test2_golden,0,3.239,cxx_add_to_sub:/mnt/scratch1/ardi/dsl_mut/HM-armc/mutation/lowered-cpp/interpolate/interpolate.halide_generated.cpp:8389:35
interpolate,cxx_default_on_emitted_cpp,5eb72c8d,2,6,cxx_mul_to_div,interpolate.halide_generated.cpp,10017,36,generator_specific,0,0,0,,,,0,3.226,cxx_mul_to_div:/mnt/scratch1/ardi/dsl_mut/HM-armc/mutation/lowered-cpp/interpolate/interpolate.halide_generated.cpp:10017:36
interpolate,cxx_default_on_emitted_cpp,5eb72c8d,2,6,cxx_add_to_sub,interpolate.halide_generated.cpp,7668,38,generator_specific,0,0,0,,,,0,3.024,cxx_add_to_sub:/mnt/scratch1/ardi/dsl_mut/HM-armc/mutation/lowered-cpp/interpolate/interpolate.halide_generated.cpp:7668:38
interpolate,cxx_default_on_emitted_cpp,5eb72c8d,2,6,cxx_sub_to_add,interpolate.halide_generated.cpp,10117,35,generator_specific,0,0,1,,,test2_golden,0,3.187,cxx_sub_to_add:/mnt/scratch1/ardi/dsl_mut/HM-armc/mutation/lowered-cpp/interpolate/interpolate.halide_generated.cpp:10117:35
interpolate,cxx_default_on_emitted_cpp,5eb72c8d,2,6,cxx_remove_void_call,interpolate.halide_generated.cpp,5430,2,generator_specific,0,0,0,,,,0,2.774,cxx_remove_void_call:/mnt/scratch1/ardi/dsl_mut/HM-armc/mutation/lowered-cpp/interpolate/interpolate.halide_generated.cpp:5430:2
interpolate,cxx_default_on_emitted_cpp,5eb72c8d,2,6,cxx_mul_to_div,interpolate.halide_generated.cpp,6317,78,generator_specific,-11,1,1,,,test1_demo;test2_golden,0,0.385,cxx_mul_to_div:/mnt/scratch1/ardi/dsl_mut/HM-armc/mutation/lowered-cpp/interpolate/interpolate.halide_generated.cpp:6317:78
interpolate,cxx_default_on_emitted_cpp,5eb72c8d,2,6,cxx_gt_to_le,interpolate.halide_generated.cpp,11583,76,generator_specific,-6,1,1,,,test1_demo;test2_golden,0,0.355,cxx_gt_to_le:/mnt/scratch1/ardi/dsl_mut/HM-armc/mutation/lowered-cpp/interpolate/interpolate.halide_generated.cpp:11583:76
interpolate,cxx_default_on_emitted_cpp,5eb72c8d,2,6,cxx_add_to_sub,interpolate.halide_generated.cpp,10310,36,generator_specific,0,0,0,,,,0,3.204,cxx_add_to_sub:/mnt/scratch1/ardi/dsl_mut/HM-armc/mutation/lowered-cpp/interpolate/interpolate.halide_generated.cpp:10310:36
interpolate,cxx_default_on_emitted_cpp,5eb72c8d,2,6,cxx_add_to_sub,interpolate.halide_generated.cpp,7613,38,generator_specific,0,0,1,,,test2_golden,0,2.665,cxx_add_to_sub:/mnt/scratch1/ardi/dsl_mut/HM-armc/mutation/lowered-cpp/interpolate/interpolate.halide_generated.cpp:7613:38
interpolate,cxx_default_on_emitted_cpp,5eb72c8d,2,6,cxx_add_to_sub,interpolate.halide_generated.cpp,11335,27,generator_specific,0,0,0,,,,0,4.589,cxx_add_to_sub:/mnt/scratch1/ardi/dsl_mut/HM-armc/mutation/lowered-cpp/interpolate/interpolate.halide_generated.cpp:11335:27
interpolate,cxx_default_on_emitted_cpp,5eb72c8d,2,6,cxx_add_to_sub,interpolate.halide_generated.cpp,3679,21,generator_specific,-11,1,1,,,test1_demo;test2_golden,0,0.295,cxx_add_to_sub:/mnt/scratch1/ardi/dsl_mut/HM-armc/mutation/lowered-cpp/interpolate/interpolate.halide_generated.cpp:3679:21
interpolate,cxx_default_on_emitted_cpp,5eb72c8d,2,6,cxx_add_to_sub,interpolate.halide_generated.cpp,5675,27,generator_specific,0,0,1,,,test2_golden,0,2.670,cxx_add_to_sub:/mnt/scratch1/ardi/dsl_mut/HM-armc/mutation/lowered-cpp/interpolate/interpolate.halide_generated.cpp:5675:27
interpolate,cxx_default_on_emitted_cpp,5eb72c8d,2,6,cxx_add_to_sub,interpolate.halide_generated.cpp,5761,27,generator_specific,0,0,1,,,test2_golden,0,2.976,cxx_add_to_sub:/mnt/scratch1/ardi/dsl_mut/HM-armc/mutation/lowered-cpp/interpolate/interpolate.halide_generated.cpp:5761:27
interpolate,cxx_default_on_emitted_cpp,5eb72c8d,2,6,cxx_add_to_sub,interpolate.halide_generated.cpp,4219,26,generator_specific,-11,1,1,,,test1_demo;test2_golden,0,0.346,cxx_add_to_sub:/mnt/scratch1/ardi/dsl_mut/HM-armc/mutation/lowered-cpp/interpolate/interpolate.halide_generated.cpp:4219:26
interpolate,cxx_default_on_emitted_cpp,5eb72c8d,2,6,cxx_add_to_sub,interpolate.halide_generated.cpp,7218,37,generator_specific,0,0,1,,,test2_golden,0,3.512,cxx_add_to_sub:/mnt/scratch1/ardi/dsl_mut/HM-armc/mutation/lowered-cpp/interpolate/interpolate.halide_generated.cpp:7218:37
interpolate,cxx_default_on_emitted_cpp,5eb72c8d,2,6,cxx_add_to_sub,interpolate.halide_generated.cpp,9088,34,generator_specific,0,0,0,,,,0,3.793,cxx_add_to_sub:/mnt/scratch1/ardi/dsl_mut/HM-armc/mutation/lowered-cpp/interpolate/interpolate.halide_generated.cpp:9088:34
interpolate,cxx_default_on_emitted_cpp,5eb72c8d,2,6,cxx_sub_to_add,interpolate.halide_generated.cpp,12292,33,generator_specific,0,0,0,,,,0,3.092,cxx_sub_to_add:/mnt/scratch1/ardi/dsl_mut/HM-armc/mutation/lowered-cpp/interpolate/interpolate.halide_generated.cpp:12292:33
interpolate,cxx_default_on_emitted_cpp,5eb72c8d,2,6,cxx_add_to_sub,interpolate.halide_generated.cpp,7071,38,generator_specific,0,0,1,,,test2_golden,0,3.230,cxx_add_to_sub:/mnt/scratch1/ardi/dsl_mut/HM-armc/mutation/lowered-cpp/interpolate/interpolate.halide_generated.cpp:7071:38
interpolate,cxx_default_on_emitted_cpp,5eb72c8d,2,6,cxx_add_to_sub,interpolate.halide_generated.cpp,11431,28,generator_specific,0,0,1,,,test2_golden,0,4.454,cxx_add_to_sub:/mnt/scratch1/ardi/dsl_mut/HM-armc/mutation/lowered-cpp/interpolate/interpolate.halide_generated.cpp:11431:28
interpolate,cxx_default_on_emitted_cpp,5eb72c8d,2,6,cxx_add_to_sub,interpolate.halide_generated.cpp,6962,38,generator_specific,0,0,1,,,test2_golden,0,3.254,cxx_add_to_sub:/mnt/scratch1/ardi/dsl_mut/HM-armc/mutation/lowered-cpp/interpolate/interpolate.halide_generated.cpp:6962:38
interpolate,cxx_default_on_emitted_cpp,5eb72c8d,2,6,cxx_replace_scalar_call,interpolate.halide_generated.cpp,10870,20,generator_specific,0,0,0,,,,0,3.317,cxx_replace_scalar_call:/mnt/scratch1/ardi/dsl_mut/HM-armc/mutation/lowered-cpp/interpolate/interpolate.halide_generated.cpp:10870:20
interpolate,cxx_default_on_emitted_cpp,5eb72c8d,2,6,cxx_div_to_mul,interpolate.halide_generated.cpp,10212,35,generator_specific,0,0,0,,,,0,2.763,cxx_div_to_mul:/mnt/scratch1/ardi/dsl_mut/HM-armc/mutation/lowered-cpp/interpolate/interpolate.halide_generated.cpp:10212:35
interpolate,cxx_default_on_emitted_cpp,5eb72c8d,2,6,cxx_ne_to_eq,interpolate.halide_generated.cpp,8933,29,generator_specific,0,0,0,,,,0,4.113,cxx_ne_to_eq:/mnt/scratch1/ardi/dsl_mut/HM-armc/mutation/lowered-cpp/interpolate/interpolate.halide_generated.cpp:8933:29
interpolate,cxx_default_on_emitted_cpp,5eb72c8d,2,6,cxx_add_to_sub,interpolate.halide_generated.cpp,7889,35,generator_specific,0,0,1,,,test2_golden,0,3.074,cxx_add_to_sub:/mnt/scratch1/ardi/dsl_mut/HM-armc/mutation/lowered-cpp/interpolate/interpolate.halide_generated.cpp:7889:35
interpolate,cxx_default_on_emitted_cpp,5eb72c8d,2,6,cxx_add_to_sub,interpolate.halide_generated.cpp,9990,38,generator_specific,0,0,0,,,,0,3.223,cxx_add_to_sub:/mnt/scratch1/ardi/dsl_mut/HM-armc/mutation/lowered-cpp/interpolate/interpolate.halide_generated.cpp:9990:38
interpolate,cxx_default_on_emitted_cpp,5eb72c8d,2,6,cxx_add_to_sub,interpolate.halide_generated.cpp,10795,26,generator_specific,0,0,0,,,,0,3.732,cxx_add_to_sub:/mnt/scratch1/ardi/dsl_mut/HM-armc/mutation/lowered-cpp/interpolate/interpolate.halide_generated.cpp:10795:26
interpolate,cxx_default_on_emitted_cpp,5eb72c8d,2,6,cxx_remove_void_call,interpolate.halide_generated.cpp,3623,2,generator_specific,0,0,0,,,,0,3.232,cxx_remove_void_call:/mnt/scratch1/ardi/dsl_mut/HM-armc/mutation/lowered-cpp/interpolate/interpolate.halide_generated.cpp:3623:2
interpolate,cxx_default_on_emitted_cpp,5eb72c8d,2,6,cxx_sub_to_add,interpolate.halide_generated.cpp,7395,37,generator_specific,0,0,1,,,test2_golden,0,2.759,cxx_sub_to_add:/mnt/scratch1/ardi/dsl_mut/HM-armc/mutation/lowered-cpp/interpolate/interpolate.halide_generated.cpp:7395:37
interpolate,cxx_default_on_emitted_cpp,5eb72c8d,2,6,cxx_add_to_sub,interpolate.halide_generated.cpp,10450,24,generator_specific,0,0,0,,,,0,3.596,cxx_add_to_sub:/mnt/scratch1/ardi/dsl_mut/HM-armc/mutation/lowered-cpp/interpolate/interpolate.halide_generated.cpp:10450:24
interpolate,cxx_default_on_emitted_cpp,5eb72c8d,2,6,cxx_add_to_sub,interpolate.halide_generated.cpp,11898,32,generator_specific,0,0,1,,,test2_golden,0,4.608,cxx_add_to_sub:/mnt/scratch1/ardi/dsl_mut/HM-armc/mutation/lowered-cpp/interpolate/interpolate.halide_generated.cpp:11898:32
interpolate,cxx_default_on_emitted_cpp,5eb72c8d,2,6,cxx_mul_to_div,interpolate.halide_generated.cpp,10051,38,generator_specific,0,0,0,,,,0,3.561,cxx_mul_to_div:/mnt/scratch1/ardi/dsl_mut/HM-armc/mutation/lowered-cpp/interpolate/interpolate.halide_generated.cpp:10051:38
interpolate,cxx_default_on_emitted_cpp,5eb72c8d,2,6,cxx_add_to_sub,interpolate.halide_generated.cpp,12278,33,generator_specific,0,0,0,,,,0,2.844,cxx_add_to_sub:/mnt/scratch1/ardi/dsl_mut/HM-armc/mutation/lowered-cpp/interpolate/interpolate.halide_generated.cpp:12278:33
interpolate,cxx_default_on_emitted_cpp,5eb72c8d,2,6,cxx_sub_to_add,interpolate.halide_generated.cpp,11381,28,generator_specific,0,0,1,,,test2_golden,0,2.879,cxx_sub_to_add:/mnt/scratch1/ardi/dsl_mut/HM-armc/mutation/lowered-cpp/interpolate/interpolate.halide_generated.cpp:11381:28
interpolate,cxx_default_on_emitted_cpp,5eb72c8d,2,6,cxx_lt_to_ge,interpolate.halide_generated.cpp,3250,30,boilerplate,0,0,1,,,test2_golden,0,2.877,cxx_lt_to_ge:/mnt/scratch1/ardi/dsl_mut/HM-armc/mutation/lowered-cpp/interpolate/interpolate.halide_generated.cpp:3250:30
interpolate,cxx_default_on_emitted_cpp,5eb72c8d,2,6,cxx_add_to_sub,interpolate.halide_generated.cpp,10294,35,generator_specific,0,0,0,,,,0,2.890,cxx_add_to_sub:/mnt/scratch1/ardi/dsl_mut/HM-armc/mutation/lowered-cpp/interpolate/interpolate.halide_generated.cpp:10294:35
interpolate,cxx_default_on_emitted_cpp,5eb72c8d,2,6,cxx_mul_to_div,interpolate.halide_generated.cpp,6756,37,generator_specific,0,0,1,,,test2_golden,0,2.852,cxx_mul_to_div:/mnt/scratch1/ardi/dsl_mut/HM-armc/mutation/lowered-cpp/interpolate/interpolate.halide_generated.cpp:6756:37
interpolate,cxx_default_on_emitted_cpp,5eb72c8d,2,6,cxx_add_to_sub,interpolate.halide_generated.cpp,8050,49,generator_specific,0,0,0,,,,0,3.189,cxx_add_to_sub:/mnt/scratch1/ardi/dsl_mut/HM-armc/mutation/lowered-cpp/interpolate/interpolate.halide_generated.cpp:8050:49
interpolate,cxx_default_on_emitted_cpp,5eb72c8d,2,6,cxx_mul_to_div,interpolate.halide_generated.cpp,7874,37,generator_specific,0,0,0,,,,0,3.009,cxx_mul_to_div:/mnt/scratch1/ardi/dsl_mut/HM-armc/mutation/lowered-cpp/interpolate/interpolate.halide_generated.cpp:7874:37
interpolate,cxx_default_on_emitted_cpp,5eb72c8d,2,6,cxx_sub_to_add,interpolate.halide_generated.cpp,12302,33,generator_specific,0,0,1,,,test2_golden,0,3.966,cxx_sub_to_add:/mnt/scratch1/ardi/dsl_mut/HM-armc/mutation/lowered-cpp/interpolate/interpolate.halide_generated.cpp:12302:33
interpolate,cxx_default_on_emitted_cpp,5eb72c8d,2,6,cxx_add_to_sub,interpolate.halide_generated.cpp,6853,37,generator_specific,0,0,1,,,test2_golden,0,3.226,cxx_add_to_sub:/mnt/scratch1/ardi/dsl_mut/HM-armc/mutation/lowered-cpp/interpolate/interpolate.halide_generated.cpp:6853:37
interpolate,cxx_default_on_emitted_cpp,5eb72c8d,2,6,cxx_add_to_sub,interpolate.halide_generated.cpp,5146,26,generator_specific,0,0,1,,,test2_golden,0,3.282,cxx_add_to_sub:/mnt/scratch1/ardi/dsl_mut/HM-armc/mutation/lowered-cpp/interpolate/interpolate.halide_generated.cpp:5146:26
interpolate,cxx_default_on_emitted_cpp,5eb72c8d,2,6,cxx_add_to_sub,interpolate.halide_generated.cpp,5704,26,generator_specific,0,0,1,,,test2_golden,0,3.133,cxx_add_to_sub:/mnt/scratch1/ardi/dsl_mut/HM-armc/mutation/lowered-cpp/interpolate/interpolate.halide_generated.cpp:5704:26
interpolate,cxx_default_on_emitted_cpp,5eb72c8d,2,6,cxx_add_to_sub,interpolate.halide_generated.cpp,6581,37,generator_specific,0,0,1,,,test2_golden,0,2.793,cxx_add_to_sub:/mnt/scratch1/ardi/dsl_mut/HM-armc/mutation/lowered-cpp/interpolate/interpolate.halide_generated.cpp:6581:37
interpolate,cxx_default_on_emitted_cpp,5eb72c8d,2,6,cxx_add_to_sub,interpolate.halide_generated.cpp,6278,29,generator_specific,-11,1,1,,,test1_demo;test2_golden,0,0.343,cxx_add_to_sub:/mnt/scratch1/ardi/dsl_mut/HM-armc/mutation/lowered-cpp/interpolate/interpolate.halide_generated.cpp:6278:29
interpolate,cxx_default_on_emitted_cpp,5eb72c8d,2,6,cxx_mul_to_div,interpolate.halide_generated.cpp,6291,77,generator_specific,-11,1,1,,,test1_demo;test2_golden,0,0.309,cxx_mul_to_div:/mnt/scratch1/ardi/dsl_mut/HM-armc/mutation/lowered-cpp/interpolate/interpolate.halide_generated.cpp:6291:77
interpolate,cxx_default_on_emitted_cpp,5eb72c8d,2,6,cxx_add_to_sub,interpolate.halide_generated.cpp,5721,27,generator_specific,0,0,1,,,test2_golden,0,3.224,cxx_add_to_sub:/mnt/scratch1/ardi/dsl_mut/HM-armc/mutation/lowered-cpp/interpolate/interpolate.halide_generated.cpp:5721:27
interpolate,cxx_default_on_emitted_cpp,5eb72c8d,2,6,cxx_add_to_sub,interpolate.halide_generated.cpp,12131,33,generator_specific,0,0,0,,,,0,4.116,cxx_add_to_sub:/mnt/scratch1/ardi/dsl_mut/HM-armc/mutation/lowered-cpp/interpolate/interpolate.halide_generated.cpp:12131:33
interpolate,cxx_default_on_emitted_cpp,5eb72c8d,2,6,cxx_replace_scalar_call,interpolate.halide_generated.cpp,11004,20,generator_specific,0,0,0,,,,0,3.139,cxx_replace_scalar_call:/mnt/scratch1/ardi/dsl_mut/HM-armc/mutation/lowered-cpp/interpolate/interpolate.halide_generated.cpp:11004:20
interpolate,cxx_default_on_emitted_cpp,5eb72c8d,2,6,cxx_gt_to_ge,interpolate.halide_generated.cpp,9023,33,generator_specific,0,0,0,,,,0,3.412,cxx_gt_to_ge:/mnt/scratch1/ardi/dsl_mut/HM-armc/mutation/lowered-cpp/interpolate/interpolate.halide_generated.cpp:9023:33
interpolate,cxx_default_on_emitted_cpp,5eb72c8d,2,6,cxx_sub_to_add,interpolate.halide_generated.cpp,11838,32,generator_specific,0,0,0,,,,0,3.027,cxx_sub_to_add:/mnt/scratch1/ardi/dsl_mut/HM-armc/mutation/lowered-cpp/interpolate/interpolate.halide_generated.cpp:11838:32
interpolate,cxx_default_on_emitted_cpp,5eb72c8d,2,6,cxx_add_to_sub,interpolate.halide_generated.cpp,10062,38,generator_specific,0,0,0,,,,0,3.256,cxx_add_to_sub:/mnt/scratch1/ardi/dsl_mut/HM-armc/mutation/lowered-cpp/interpolate/interpolate.halide_generated.cpp:10062:38
interpolate,cxx_default_on_emitted_cpp,5eb72c8d,2,6,cxx_add_to_sub,interpolate.halide_generated.cpp,7970,38,generator_specific,0,0,1,,,test2_golden,0,3.152,cxx_add_to_sub:/mnt/scratch1/ardi/dsl_mut/HM-armc/mutation/lowered-cpp/interpolate/interpolate.halide_generated.cpp:7970:38
interpolate,cxx_default_on_emitted_cpp,5eb72c8d,2,6,cxx_sub_to_add,interpolate.halide_generated.cpp,3684,21,generator_specific,0,0,0,,,,0,3.636,cxx_sub_to_add:/mnt/scratch1/ardi/dsl_mut/HM-armc/mutation/lowered-cpp/interpolate/interpolate.halide_generated.cpp:3684:21
interpolate,cxx_default_on_emitted_cpp,5eb72c8d,2,6,cxx_replace_scalar_call,interpolate.halide_generated.cpp,10904,20,generator_specific,0,0,0,,,,0,3.221,cxx_replace_scalar_call:/mnt/scratch1/ardi/dsl_mut/HM-armc/mutation/lowered-cpp/interpolate/interpolate.halide_generated.cpp:10904:20
interpolate,cxx_default_on_emitted_cpp,5eb72c8d,2,6,cxx_gt_to_le,interpolate.halide_generated.cpp,11696,20,generator_specific,-6,1,1,,,test1_demo;test2_golden,0,0.310,cxx_gt_to_le:/mnt/scratch1/ardi/dsl_mut/HM-armc/mutation/lowered-cpp/interpolate/interpolate.halide_generated.cpp:11696:20
interpolate,cxx_default_on_emitted_cpp,5eb72c8d,2,6,cxx_gt_to_le,interpolate.halide_generated.cpp,6233,16,generator_specific,-6,1,1,,,test1_demo;test2_golden,0,0.323,cxx_gt_to_le:/mnt/scratch1/ardi/dsl_mut/HM-armc/mutation/lowered-cpp/interpolate/interpolate.halide_generated.cpp:6233:16
interpolate,cxx_default_on_emitted_cpp,5eb72c8d,2,6,cxx_add_to_sub,interpolate.halide_generated.cpp,7422,38,generator_specific,0,0,1,,,test2_golden,0,3.081,cxx_add_to_sub:/mnt/scratch1/ardi/dsl_mut/HM-armc/mutation/lowered-cpp/interpolate/interpolate.halide_generated.cpp:7422:38
interpolate,cxx_default_on_emitted_cpp,5eb72c8d,2,6,cxx_add_to_sub,interpolate.halide_generated.cpp,7263,37,generator_specific,0,0,1,,,test2_golden,0,3.393,cxx_add_to_sub:/mnt/scratch1/ardi/dsl_mut/HM-armc/mutation/lowered-cpp/interpolate/interpolate.halide_generated.cpp:7263:37
interpolate,cxx_default_on_emitted_cpp,5eb72c8d,2,6,cxx_remove_void_call,interpolate.halide_generated.cpp,9882,16,generator_specific,0,0,0,,,,0,3.637,cxx_remove_void_call:/mnt/scratch1/ardi/dsl_mut/HM-armc/mutation/lowered-cpp/interpolate/interpolate.halide_generated.cpp:9882:16
interpolate,cxx_default_on_emitted_cpp,5eb72c8d,2,6,cxx_replace_scalar_call,interpolate.halide_generated.cpp,5188,19,generator_specific,0,0,0,,,,0,3.902,cxx_replace_scalar_call:/mnt/scratch1/ardi/dsl_mut/HM-armc/mutation/lowered-cpp/interpolate/interpolate.halide_generated.cpp:5188:19
interpolate,cxx_default_on_emitted_cpp,5eb72c8d,2,6,cxx_add_to_sub,interpolate.halide_generated.cpp,6873,37,generator_specific,-11,1,1,,,test1_demo;test2_golden,0,0.347,cxx_add_to_sub:/mnt/scratch1/ardi/dsl_mut/HM-armc/mutation/lowered-cpp/interpolate/interpolate.halide_generated.cpp:6873:37
interpolate,cxx_default_on_emitted_cpp,5eb72c8d,2,6,cxx_add_to_sub,interpolate.halide_generated.cpp,7663,37,generator_specific,0,0,0,,,,0,3.324,cxx_add_to_sub:/mnt/scratch1/ardi/dsl_mut/HM-armc/mutation/lowered-cpp/interpolate/interpolate.halide_generated.cpp:7663:37
interpolate,cxx_default_on_emitted_cpp,5eb72c8d,2,6,cxx_lt_to_ge,interpolate.halide_generated.cpp,7009,69,generator_specific,0,0,1,,,test2_golden,0,2.790,cxx_lt_to_ge:/mnt/scratch1/ardi/dsl_mut/HM-armc/mutation/lowered-cpp/interpolate/interpolate.halide_generated.cpp:7009:69
interpolate,cxx_default_on_emitted_cpp,5eb72c8d,2,6,cxx_eq_to_ne,interpolate.halide_generated.cpp,6292,52,generator_specific,0,0,0,,,,0,2.926,cxx_eq_to_ne:/mnt/scratch1/ardi/dsl_mut/HM-armc/mutation/lowered-cpp/interpolate/interpolate.halide_generated.cpp:6292:52
interpolate,cxx_default_on_emitted_cpp,5eb72c8d,2,6,cxx_add_to_sub,interpolate.halide_generated.cpp,9414,37,generator_specific,0,0,1,,,test2_golden,0,3.433,cxx_add_to_sub:/mnt/scratch1/ardi/dsl_mut/HM-armc/mutation/lowered-cpp/interpolate/interpolate.halide_generated.cpp:9414:37
interpolate,cxx_default_on_emitted_cpp,5eb72c8d,2,6,cxx_mul_to_div,interpolate.halide_generated.cpp,4268,24,generator_specific,0,0,1,,,test2_golden,0,3.361,cxx_mul_to_div:/mnt/scratch1/ardi/dsl_mut/HM-armc/mutation/lowered-cpp/interpolate/interpolate.halide_generated.cpp:4268:24
interpolate,cxx_default_on_emitted_cpp,5eb72c8d,2,6,cxx_add_to_sub,interpolate.halide_generated.cpp,7558,36,generator_specific,-11,1,1,,,test1_demo;test2_golden,0,0.387,cxx_add_to_sub:/mnt/scratch1/ardi/dsl_mut/HM-armc/mutation/lowered-cpp/interpolate/interpolate.halide_generated.cpp:7558:36
interpolate,cxx_default_on_emitted_cpp,5eb72c8d,2,6,cxx_mul_to_div,interpolate.halide_generated.cpp,5460,25,generator_specific,0,0,1,,,test2_golden,0,2.888,cxx_mul_to_div:/mnt/scratch1/ardi/dsl_mut/HM-armc/mutation/lowered-cpp/interpolate/interpolate.halide_generated.cpp:5460:25
interpolate,cxx_default_on_emitted_cpp,5eb72c8d,2,6,cxx_lt_to_ge,interpolate.halide_generated.cpp,6632,28,generator_specific,0,0,1,,,test2_golden,0,3.075,cxx_lt_to_ge:/mnt/scratch1/ardi/dsl_mut/HM-armc/mutation/lowered-cpp/interpolate/interpolate.halide_generated.cpp:6632:28
interpolate,cxx_default_on_emitted_cpp,5eb72c8d,2,6,cxx_sub_to_add,interpolate.halide_generated.cpp,9342,35,generator_specific,0,0,0,,,,0,4.059,cxx_sub_to_add:/mnt/scratch1/ardi/dsl_mut/HM-armc/mutation/lowered-cpp/interpolate/interpolate.halide_generated.cpp:9342:35
interpolate,cxx_default_on_emitted_cpp,5eb72c8d,2,6,cxx_add_to_sub,interpolate.halide_generated.cpp,9814,60,generator_specific,0,0,1,,,test2_golden,0,3.676,cxx_add_to_sub:/mnt/scratch1/ardi/dsl_mut/HM-armc/mutation/lowered-cpp/interpolate/interpolate.halide_generated.cpp:9814:60
interpolate,cxx_default_on_emitted_cpp,5eb72c8d,2,6,cxx_add_to_sub,interpolate.halide_generated.cpp,8630,36,generator_specific,0,0,0,,,,0,4.120,cxx_add_to_sub:/mnt/scratch1/ardi/dsl_mut/HM-armc/mutation/lowered-cpp/interpolate/interpolate.halide_generated.cpp:8630:36
interpolate,cxx_default_on_emitted_cpp,5eb72c8d,2,6,cxx_add_to_sub,interpolate.halide_generated.cpp,9261,37,generator_specific,0,0,0,,,,0,3.785,cxx_add_to_sub:/mnt/scratch1/ardi/dsl_mut/HM-armc/mutation/lowered-cpp/interpolate/interpolate.halide_generated.cpp:9261:37
interpolate,cxx_default_on_emitted_cpp,5eb72c8d,2,6,cxx_mul_to_div,interpolate.halide_generated.cpp,7092,37,generator_specific,0,0,1,,,test2_golden,0,3.228,cxx_mul_to_div:/mnt/scratch1/ardi/dsl_mut/HM-armc/mutation/lowered-cpp/interpolate/interpolate.halide_generated.cpp:7092:37
interpolate,cxx_default_on_emitted_cpp,5eb72c8d,2,6,cxx_le_to_lt,interpolate.halide_generated.cpp,10726,22,generator_specific,0,0,1,,,test2_golden,0,1.449,cxx_le_to_lt:/mnt/scratch1/ardi/dsl_mut/HM-armc/mutation/lowered-cpp/interpolate/interpolate.halide_generated.cpp:10726:22
interpolate,cxx_default_on_emitted_cpp,5eb72c8d,2,6,cxx_add_to_sub,interpolate.halide_generated.cpp,6553,38,generator_specific,0,0,0,,,,0,3.126,cxx_add_to_sub:/mnt/scratch1/ardi/dsl_mut/HM-armc/mutation/lowered-cpp/interpolate/interpolate.halide_generated.cpp:6553:38
interpolate,cxx_default_on_emitted_cpp,5eb72c8d,2,6,cxx_replace_scalar_call,interpolate.halide_generated.cpp,10423,19,generator_specific,-6,1,1,,,test1_demo;test2_golden,0,0.260,cxx_replace_scalar_call:/mnt/scratch1/ardi/dsl_mut/HM-armc/mutation/lowered-cpp/interpolate/interpolate.halide_generated.cpp:10423:19
interpolate,cxx_default_on_emitted_cpp,5eb72c8d,2,6,cxx_lt_to_le,interpolate.halide_generated.cpp,4459,64,generator_specific,-6,1,1,,,test1_demo;test2_golden,0,0.359,cxx_lt_to_le:/mnt/scratch1/ardi/dsl_mut/HM-armc/mutation/lowered-cpp/interpolate/interpolate.halide_generated.cpp:4459:64
interpolate,cxx_default_on_emitted_cpp,5eb72c8d,2,6,cxx_sub_to_add,interpolate.halide_generated.cpp,7359,35,generator_specific,-6,1,1,,,test1_demo;test2_golden,0,0.327,cxx_sub_to_add:/mnt/scratch1/ardi/dsl_mut/HM-armc/mutation/lowered-cpp/interpolate/interpolate.halide_generated.cpp:7359:35
interpolate,cxx_default_on_emitted_cpp,5eb72c8d,2,6,cxx_add_to_sub,interpolate.halide_generated.cpp,8390,35,generator_specific,0,0,1,,,test2_golden,0,3.334,cxx_add_to_sub:/mnt/scratch1/ardi/dsl_mut/HM-armc/mutation/lowered-cpp/interpolate/interpolate.halide_generated.cpp:8390:35
interpolate,cxx_default_on_emitted_cpp,5eb72c8d,2,6,cxx_add_to_sub,interpolate.halide_generated.cpp,11577,30,generator_specific,-11,1,1,,,test1_demo;test2_golden,0,0.346,cxx_add_to_sub:/mnt/scratch1/ardi/dsl_mut/HM-armc/mutation/lowered-cpp/interpolate/interpolate.halide_generated.cpp:11577:30
interpolate,cxx_default_on_emitted_cpp,5eb72c8d,2,6,cxx_mul_to_div,interpolate.halide_generated.cpp,8330,35,generator_specific,0,0,1,,,test2_golden,0,4.678,cxx_mul_to_div:/mnt/scratch1/ardi/dsl_mut/HM-armc/mutation/lowered-cpp/interpolate/interpolate.halide_generated.cpp:8330:35
interpolate,cxx_default_on_emitted_cpp,5eb72c8d,2,6,cxx_add_to_sub,interpolate.halide_generated.cpp,9734,38,generator_specific,0,0,1,,,test2_golden,0,3.618,cxx_add_to_sub:/mnt/scratch1/ardi/dsl_mut/HM-armc/mutation/lowered-cpp/interpolate/interpolate.halide_generated.cpp:9734:38
interpolate,cxx_default_on_emitted_cpp,5eb72c8d,2,6,cxx_add_to_sub,interpolate.halide_generated.cpp,8217,35,generator_specific,0,0,0,,,,0,3.106,cxx_add_to_sub:/mnt/scratch1/ardi/dsl_mut/HM-armc/mutation/lowered-cpp/interpolate/interpolate.halide_generated.cpp:8217:35
interpolate,cxx_default_on_emitted_cpp,5eb72c8d,2,6,cxx_add_to_sub,interpolate.halide_generated.cpp,4202,26,generator_specific,0,0,1,,,test2_golden,0,2.931,cxx_add_to_sub:/mnt/scratch1/ardi/dsl_mut/HM-armc/mutation/lowered-cpp/interpolate/interpolate.halide_generated.cpp:4202:26
interpolate,cxx_default_on_emitted_cpp,5eb72c8d,2,6,cxx_mul_to_div,interpolate.halide_generated.cpp,5337,26,generator_specific,-8,1,1,,,test1_demo;test2_golden,0,0.539,cxx_mul_to_div:/mnt/scratch1/ardi/dsl_mut/HM-armc/mutation/lowered-cpp/interpolate/interpolate.halide_generated.cpp:5337:26
interpolate,cxx_default_on_emitted_cpp,5eb72c8d,2,6,cxx_add_to_sub,interpolate.halide_generated.cpp,4296,27,generator_specific,-11,1,1,,,test1_demo;test2_golden,0,0.425,cxx_add_to_sub:/mnt/scratch1/ardi/dsl_mut/HM-armc/mutation/lowered-cpp/interpolate/interpolate.halide_generated.cpp:4296:27
interpolate,cxx_default_on_emitted_cpp,5eb72c8d,2,6,cxx_add_to_sub,interpolate.halide_generated.cpp,4726,25,generator_specific,0,0,1,,,test2_golden,0,3.400,cxx_add_to_sub:/mnt/scratch1/ardi/dsl_mut/HM-armc/mutation/lowered-cpp/interpolate/interpolate.halide_generated.cpp:4726:25
interpolate,cxx_default_on_emitted_cpp,5eb72c8d,2,6,cxx_add_to_sub,interpolate.halide_generated.cpp,9607,37,generator_specific,0,0,0,,,,0,3.358,cxx_add_to_sub:/mnt/scratch1/ardi/dsl_mut/HM-armc/mutation/lowered-cpp/interpolate/interpolate.halide_generated.cpp:9607:37
interpolate,cxx_default_on_emitted_cpp,5eb72c8d,2,6,cxx_add_to_sub,interpolate.halide_generated.cpp,10341,36,generator_specific,0,0,0,,,,0,2.994,cxx_add_to_sub:/mnt/scratch1/ardi/dsl_mut/HM-armc/mutation/lowered-cpp/interpolate/interpolate.halide_generated.cpp:10341:36
interpolate,cxx_default_on_emitted_cpp,5eb72c8d,2,6,cxx_add_to_sub,interpolate.halide_generated.cpp,11961,33,generator_specific,0,0,1,,,test2_golden,0,2.700,cxx_add_to_sub:/mnt/scratch1/ardi/dsl_mut/HM-armc/mutation/lowered-cpp/interpolate/interpolate.halide_generated.cpp:11961:33
interpolate,cxx_default_on_emitted_cpp,5eb72c8d,2,6,cxx_sub_to_add,interpolate.halide_generated.cpp,9333,35,generator_specific,0,0,0,,,,0,2.975,cxx_sub_to_add:/mnt/scratch1/ardi/dsl_mut/HM-armc/mutation/lowered-cpp/interpolate/interpolate.halide_generated.cpp:9333:35
interpolate,cxx_default_on_emitted_cpp,5eb72c8d,2,6,cxx_add_to_sub,interpolate.halide_generated.cpp,10316,36,generator_specific,0,0,0,,,,0,3.229,cxx_add_to_sub:/mnt/scratch1/ardi/dsl_mut/HM-armc/mutation/lowered-cpp/interpolate/interpolate.halide_generated.cpp:10316:36
interpolate,cxx_default_on_emitted_cpp,5eb72c8d,2,6,cxx_mul_to_div,interpolate.halide_generated.cpp,6191,38,generator_specific,0,0,1,,,test2_golden,0,1.876,cxx_mul_to_div:/mnt/scratch1/ardi/dsl_mut/HM-armc/mutation/lowered-cpp/interpolate/interpolate.halide_generated.cpp:6191:38
interpolate,cxx_default_on_emitted_cpp,5eb72c8d,2,6,cxx_remove_void_call,interpolate.halide_generated.cpp,8160,14,generator_specific,0,0,1,,,test2_golden,0,3.100,cxx_remove_void_call:/mnt/scratch1/ardi/dsl_mut/HM-armc/mutation/lowered-cpp/interpolate/interpolate.halide_generated.cpp:8160:14
interpolate,cxx_default_on_emitted_cpp,5eb72c8d,2,6,cxx_add_to_sub,interpolate.halide_generated.cpp,3702,22,generator_specific,0,0,1,,,test2_golden,0,3.062,cxx_add_to_sub:/mnt/scratch1/ardi/dsl_mut/HM-armc/mutation/lowered-cpp/interpolate/interpolate.halide_generated.cpp:3702:22
interpolate,cxx_default_on_emitted_cpp,5eb72c8d,2,6,cxx_add_to_sub,interpolate.halide_generated.cpp,11580,30,generator_specific,-11,1,1,,,test1_demo;test2_golden,0,0.354,cxx_add_to_sub:/mnt/scratch1/ardi/dsl_mut/HM-armc/mutation/lowered-cpp/interpolate/interpolate.halide_generated.cpp:11580:30
interpolate,cxx_default_on_emitted_cpp,5eb72c8d,2,6,cxx_replace_scalar_call,interpolate.halide_generated.cpp,10493,18,generator_specific,0,0,0,,,,0,3.111,cxx_replace_scalar_call:/mnt/scratch1/ardi/dsl_mut/HM-armc/mutation/lowered-cpp/interpolate/interpolate.halide_generated.cpp:10493:18
interpolate,cxx_default_on_emitted_cpp,5eb72c8d,2,6,cxx_add_to_sub,interpolate.halide_generated.cpp,10123,36,generator_specific,0,0,0,,,,0,3.345,cxx_add_to_sub:/mnt/scratch1/ardi/dsl_mut/HM-armc/mutation/lowered-cpp/interpolate/interpolate.halide_generated.cpp:10123:36
interpolate,cxx_default_on_emitted_cpp,5eb72c8d,2,6,cxx_lt_to_ge,interpolate.halide_generated.cpp,7902,69,generator_specific,0,0,1,,,test2_golden,0,2.801,cxx_lt_to_ge:/mnt/scratch1/ardi/dsl_mut/HM-armc/mutation/lowered-cpp/interpolate/interpolate.halide_generated.cpp:7902:69
interpolate,cxx_default_on_emitted_cpp,5eb72c8d,2,6,cxx_sub_to_add,interpolate.halide_generated.cpp,11052,25,generator_specific,-11,1,1,,,test1_demo;test2_golden,0,0.396,cxx_sub_to_add:/mnt/scratch1/ardi/dsl_mut/HM-armc/mutation/lowered-cpp/interpolate/interpolate.halide_generated.cpp:11052:25
interpolate,cxx_default_on_emitted_cpp,5eb72c8d,2,6,cxx_add_to_sub,interpolate.halide_generated.cpp,12146,33,generator_specific,0,0,0,,,,0,2.958,cxx_add_to_sub:/mnt/scratch1/ardi/dsl_mut/HM-armc/mutation/lowered-cpp/interpolate/interpolate.halide_generated.cpp:12146:33
interpolate,cxx_default_on_emitted_cpp,5eb72c8d,2,6,cxx_mul_to_div,interpolate.halide_generated.cpp,9914,36,generator_specific,0,0,0,,,,0,3.031,cxx_mul_to_div:/mnt/scratch1/ardi/dsl_mut/HM-armc/mutation/lowered-cpp/interpolate/interpolate.halide_generated.cpp:9914:36
interpolate,cxx_default_on_emitted_cpp,5eb72c8d,2,6,cxx_add_to_sub,interpolate.halide_generated.cpp,5457,43,generator_specific,-6,1,1,,,test1_demo;test2_golden,0,0.336,cxx_add_to_sub:/mnt/scratch1/ardi/dsl_mut/HM-armc/mutation/lowered-cpp/interpolate/interpolate.halide_generated.cpp:5457:43
interpolate,cxx_default_on_emitted_cpp,5eb72c8d,2,6,cxx_add_to_sub,interpolate.halide_generated.cpp,9400,38,generator_specific,0,0,0,,,,0,3.249,cxx_add_to_sub:/mnt/scratch1/ardi/dsl_mut/HM-armc/mutation/lowered-cpp/interpolate/interpolate.halide_generated.cpp:9400:38
interpolate,cxx_default_on_emitted_cpp,5eb72c8d,2,6,cxx_add_to_sub,interpolate.halide_generated.cpp,10184,35,generator_specific,0,0,1,,,test2_golden,0,2.870,cxx_add_to_sub:/mnt/scratch1/ardi/dsl_mut/HM-armc/mutation/lowered-cpp/interpolate/interpolate.halide_generated.cpp:10184:35
interpolate,cxx_default_on_emitted_cpp,5eb72c8d,2,6,cxx_add_to_sub,interpolate.halide_generated.cpp,12128,33,generator_specific,-6,1,1,,,test1_demo;test2_golden,0,0.418,cxx_add_to_sub:/mnt/scratch1/ardi/dsl_mut/HM-armc/mutation/lowered-cpp/interpolate/interpolate.halide_generated.cpp:12128:33
interpolate,cxx_default_on_emitted_cpp,5eb72c8d,2,6,cxx_add_to_sub,interpolate.halide_generated.cpp,7393,37,generator_specific,0,0,1,,,test2_golden,0,3.203,cxx_add_to_sub:/mnt/scratch1/ardi/dsl_mut/HM-armc/mutation/lowered-cpp/interpolate/interpolate.halide_generated.cpp:7393:37
interpolate,cxx_default_on_emitted_cpp,5eb72c8d,2,6,cxx_mul_to_div,interpolate.halide_generated.cpp,9806,36,generator_specific,0,0,0,,,,0,3.443,cxx_mul_to_div:/mnt/scratch1/ardi/dsl_mut/HM-armc/mutation/lowered-cpp/interpolate/interpolate.halide_generated.cpp:9806:36
interpolate,cxx_default_on_emitted_cpp,5eb72c8d,2,6,cxx_mul_to_div,interpolate.halide_generated.cpp,10544,24,generator_specific,0,0,0,,,,0,3.335,cxx_mul_to_div:/mnt/scratch1/ardi/dsl_mut/HM-armc/mutation/lowered-cpp/interpolate/interpolate.halide_generated.cpp:10544:24
interpolate,cxx_default_on_emitted_cpp,5eb72c8d,2,6,cxx_add_to_sub,interpolate.halide_generated.cpp,9269,37,generator_specific,0,0,1,,,test2_golden,0,3.953,cxx_add_to_sub:/mnt/scratch1/ardi/dsl_mut/HM-armc/mutation/lowered-cpp/interpolate/interpolate.halide_generated.cpp:9269:37
interpolate,cxx_default_on_emitted_cpp,5eb72c8d,2,6,cxx_sub_to_add,interpolate.halide_generated.cpp,9858,37,generator_specific,0,0,0,,,,0,3.274,cxx_sub_to_add:/mnt/scratch1/ardi/dsl_mut/HM-armc/mutation/lowered-cpp/interpolate/interpolate.halide_generated.cpp:9858:37
interpolate,cxx_default_on_emitted_cpp,5eb72c8d,2,6,cxx_lt_to_ge,interpolate.halide_generated.cpp,3844,114,generator_specific,-11,1,1,,,test1_demo;test2_golden,0,0.434,cxx_lt_to_ge:/mnt/scratch1/ardi/dsl_mut/HM-armc/mutation/lowered-cpp/interpolate/interpolate.halide_generated.cpp:3844:114
interpolate,cxx_default_on_emitted_cpp,5eb72c8d,2,6,cxx_gt_to_le,interpolate.halide_generated.cpp,6331,20,generator_specific,-6,1,1,,,test1_demo;test2_golden,0,0.398,cxx_gt_to_le:/mnt/scratch1/ardi/dsl_mut/HM-armc/mutation/lowered-cpp/interpolate/interpolate.halide_generated.cpp:6331:20
interpolate,cxx_default_on_emitted_cpp,5eb72c8d,2,6,cxx_add_to_sub,interpolate.halide_generated.cpp,4982,29,generator_specific,0,0,0,,,,0,3.514,cxx_add_to_sub:/mnt/scratch1/ardi/dsl_mut/HM-armc/mutation/lowered-cpp/interpolate/interpolate.halide_generated.cpp:4982:29
interpolate,cxx_default_on_emitted_cpp,5eb72c8d,2,6,cxx_lt_to_ge,interpolate.halide_generated.cpp,7387,86,generator_specific,0,0,1,,,test2_golden,0,3.375,cxx_lt_to_ge:/mnt/scratch1/ardi/dsl_mut/HM-armc/mutation/lowered-cpp/interpolate/interpolate.halide_generated.cpp:7387:86
interpolate,cxx_default_on_emitted_cpp,5eb72c8d,2,6,cxx_add_to_sub,interpolate.halide_generated.cpp,4724,25,generator_specific,0,0,0,,,,0,3.986,cxx_add_to_sub:/mnt/scratch1/ardi/dsl_mut/HM-armc/mutation/lowered-cpp/interpolate/interpolate.halide_generated.cpp:4724:25
interpolate,cxx_default_on_emitted_cpp,5eb72c8d,2,6,cxx_sub_to_add,interpolate.halide_generated.cpp,8020,37,generator_specific,0,0,0,,,,0,3.033,cxx_sub_to_add:/mnt/scratch1/ardi/dsl_mut/HM-armc/mutation/lowered-cpp/interpolate/interpolate.halide_generated.cpp:8020:37
interpolate,cxx_default_on_emitted_cpp,5eb72c8d,2,6,cxx_add_to_sub,interpolate.halide_generated.cpp,9631,38,generator_specific,0,0,0,,,,0,3.360,cxx_add_to_sub:/mnt/scratch1/ardi/dsl_mut/HM-armc/mutation/lowered-cpp/interpolate/interpolate.halide_generated.cpp:9631:38
interpolate,cxx_default_on_emitted_cpp,5eb72c8d,2,6,cxx_sub_to_add,interpolate.halide_generated.cpp,11792,31,generator_specific,0,0,0,,,,0,2.926,cxx_sub_to_add:/mnt/scratch1/ardi/dsl_mut/HM-armc/mutation/lowered-cpp/interpolate/interpolate.halide_generated.cpp:11792:31
interpolate,cxx_default_on_emitted_cpp,5eb72c8d,2,6,cxx_mul_to_div,interpolate.halide_generated.cpp,11544,29,generator_specific,0,0,1,,,test2_golden,0,3.723,cxx_mul_to_div:/mnt/scratch1/ardi/dsl_mut/HM-armc/mutation/lowered-cpp/interpolate/interpolate.halide_generated.cpp:11544:29
interpolate,cxx_default_on_emitted_cpp,5eb72c8d,2,6,cxx_add_to_sub,interpolate.halide_generated.cpp,12037,34,generator_specific,0,0,0,,,,0,3.138,cxx_add_to_sub:/mnt/scratch1/ardi/dsl_mut/HM-armc/mutation/lowered-cpp/interpolate/interpolate.halide_generated.cpp:12037:34
interpolate,cxx_default_on_emitted_cpp,5eb72c8d,2,6,cxx_sub_to_add,interpolate.halide_generated.cpp,7227,37,generator_specific,-6,1,1,,,test1_demo;test2_golden,0,0.608,cxx_sub_to_add:/mnt/scratch1/ardi/dsl_mut/HM-armc/mutation/lowered-cpp/interpolate/interpolate.halide_generated.cpp:7227:37
interpolate,cxx_default_on_emitted_cpp,5eb72c8d,2,6,cxx_gt_to_ge,interpolate.halide_generated.cpp,10966,22,generator_specific,0,0,0,,,,0,2.973,cxx_gt_to_ge:/mnt/scratch1/ardi/dsl_mut/HM-armc/mutation/lowered-cpp/interpolate/interpolate.halide_generated.cpp:10966:22
interpolate,cxx_default_on_emitted_cpp,5eb72c8d,2,6,cxx_add_to_sub,interpolate.halide_generated.cpp,9549,49,generator_specific,0,0,0,,,,0,3.218,cxx_add_to_sub:/mnt/scratch1/ardi/dsl_mut/HM-armc/mutation/lowered-cpp/interpolate/interpolate.halide_generated.cpp:9549:49
interpolate,cxx_default_on_emitted_cpp,5eb72c8d,2,6,cxx_le_to_lt,interpolate.halide_generated.cpp,12043,26,generator_specific,-6,1,1,,,test1_demo;test2_golden,0,0.294,cxx_le_to_lt:/mnt/scratch1/ardi/dsl_mut/HM-armc/mutation/lowered-cpp/interpolate/interpolate.halide_generated.cpp:12043:26
interpolate,cxx_default_on_emitted_cpp,5eb72c8d,2,6,cxx_add_to_sub,interpolate.halide_generated.cpp,8797,36,generator_specific,0,0,0,,,,0,3.434,cxx_add_to_sub:/mnt/scratch1/ardi/dsl_mut/HM-armc/mutation/lowered-cpp/interpolate/interpolate.halide_generated.cpp:8797:36
interpolate,cxx_default_on_emitted_cpp,5eb72c8d,2,6,cxx_mul_to_div,interpolate.halide_generated.cpp,7456,37,generator_specific,0,0,1,,,test2_golden,0,2.969,cxx_mul_to_div:/mnt/scratch1/ardi/dsl_mut/HM-armc/mutation/lowered-cpp/interpolate/interpolate.halide_generated.cpp:7456:37
interpolate,cxx_default_on_emitted_cpp,5eb72c8d,2,6,cxx_post_inc_to_post_dec,interpolate.halide_generated.cpp,8071,96,generator_specific,0,0,0,,,,0,3.824,cxx_post_inc_to_post_dec:/mnt/scratch1/ardi/dsl_mut/HM-armc/mutation/lowered-cpp/interpolate/interpolate.halide_generated.cpp:8071:96
interpolate,cxx_default_on_emitted_cpp,5eb72c8d,2,6,cxx_sub_to_add,interpolate.halide_generated.cpp,4839,22,generator_specific,-6,1,1,,,test1_demo;test2_golden,0,0.630,cxx_sub_to_add:/mnt/scratch1/ardi/dsl_mut/HM-armc/mutation/lowered-cpp/interpolate/interpolate.halide_generated.cpp:4839:22
interpolate,cxx_default_on_emitted_cpp,5eb72c8d,2,6,cxx_add_to_sub,interpolate.halide_generated.cpp,5326,26,generator_specific,0,0,1,,,test2_golden,0,3.688,cxx_add_to_sub:/mnt/scratch1/ardi/dsl_mut/HM-armc/mutation/lowered-cpp/interpolate/interpolate.halide_generated.cpp:5326:26
interpolate,cxx_default_on_emitted_cpp,5eb72c8d,2,6,cxx_lt_to_ge,interpolate.halide_generated.cpp,3357,30,boilerplate,0,0,1,,,test2_golden,0,2.973,cxx_lt_to_ge:/mnt/scratch1/ardi/dsl_mut/HM-armc/mutation/lowered-cpp/interpolate/interpolate.halide_generated.cpp:3357:30
interpolate,cxx_default_on_emitted_cpp,5eb72c8d,2,6,cxx_add_to_sub,interpolate.halide_generated.cpp,8896,27,generator_specific,0,0,0,,,,0,3.456,cxx_add_to_sub:/mnt/scratch1/ardi/dsl_mut/HM-armc/mutation/lowered-cpp/interpolate/interpolate.halide_generated.cpp:8896:27
interpolate,cxx_default_on_emitted_cpp,5eb72c8d,2,6,cxx_replace_scalar_call,interpolate.halide_generated.cpp,10549,18,generator_specific,0,0,0,,,,0,2.826,cxx_replace_scalar_call:/mnt/scratch1/ardi/dsl_mut/HM-armc/mutation/lowered-cpp/interpolate/interpolate.halide_generated.cpp:10549:18
interpolate,cxx_default_on_emitted_cpp,5eb72c8d,2,6,cxx_mul_to_div,interpolate.halide_generated.cpp,6523,37,generator_specific,0,0,0,,,,0,3.225,cxx_mul_to_div:/mnt/scratch1/ardi/dsl_mut/HM-armc/mutation/lowered-cpp/interpolate/interpolate.halide_generated.cpp:6523:37
interpolate,cxx_default_on_emitted_cpp,5eb72c8d,2,6,cxx_add_to_sub,interpolate.halide_generated.cpp,10253,36,generator_specific,0,0,0,,,,0,2.983,cxx_add_to_sub:/mnt/scratch1/ardi/dsl_mut/HM-armc/mutation/lowered-cpp/interpolate/interpolate.halide_generated.cpp:10253:36
interpolate,cxx_default_on_emitted_cpp,5eb72c8d,2,6,cxx_add_to_sub,interpolate.halide_generated.cpp,9126,35,generator_specific,0,0,0,,,,0,4.464,cxx_add_to_sub:/mnt/scratch1/ardi/dsl_mut/HM-armc/mutation/lowered-cpp/interpolate/interpolate.halide_generated.cpp:9126:35
interpolate,cxx_default_on_emitted_cpp,5eb72c8d,2,6,cxx_add_to_sub,interpolate.halide_generated.cpp,4871,24,generator_specific,-6,1,1,,,test1_demo;test2_golden,0,0.677,cxx_add_to_sub:/mnt/scratch1/ardi/dsl_mut/HM-armc/mutation/lowered-cpp/interpolate/interpolate.halide_generated.cpp:4871:24
interpolate,cxx_default_on_emitted_cpp,5eb72c8d,2,6,cxx_add_to_sub,interpolate.halide_generated.cpp,10102,35,generator_specific,0,0,0,,,,0,3.486,cxx_add_to_sub:/mnt/scratch1/ardi/dsl_mut/HM-armc/mutation/lowered-cpp/interpolate/interpolate.halide_generated.cpp:10102:35
interpolate,cxx_default_on_emitted_cpp,5eb72c8d,2,6,cxx_le_to_lt,interpolate.halide_generated.cpp,4245,18,generator_specific,0,0,1,,,test2_golden,0,2.650,cxx_le_to_lt:/mnt/scratch1/ardi/dsl_mut/HM-armc/mutation/lowered-cpp/interpolate/interpolate.halide_generated.cpp:4245:18
interpolate,cxx_default_on_emitted_cpp,5eb72c8d,2,6,cxx_add_to_sub,interpolate.halide_generated.cpp,3757,26,generator_specific,0,0,1,,,test2_golden,0,3.189,cxx_add_to_sub:/mnt/scratch1/ardi/dsl_mut/HM-armc/mutation/lowered-cpp/interpolate/interpolate.halide_generated.cpp:3757:26
interpolate,cxx_default_on_emitted_cpp,5eb72c8d,2,6,cxx_replace_scalar_call,interpolate.halide_generated.cpp,10878,20,generator_specific,0,0,0,,,,0,3.210,cxx_replace_scalar_call:/mnt/scratch1/ardi/dsl_mut/HM-armc/mutation/lowered-cpp/interpolate/interpolate.halide_generated.cpp:10878:20
interpolate,cxx_default_on_emitted_cpp,5eb72c8d,2,6,cxx_add_to_sub,interpolate.halide_generated.cpp,6593,38,generator_specific,0,0,1,,,test2_golden,0,3.222,cxx_add_to_sub:/mnt/scratch1/ardi/dsl_mut/HM-armc/mutation/lowered-cpp/interpolate/interpolate.halide_generated.cpp:6593:38
interpolate,cxx_default_on_emitted_cpp,5eb72c8d,2,6,cxx_mul_to_div,interpolate.halide_generated.cpp,5086,25,generator_specific,0,0,1,,,test2_golden,0,2.673,cxx_mul_to_div:/mnt/scratch1/ardi/dsl_mut/HM-armc/mutation/lowered-cpp/interpolate/interpolate.halide_generated.cpp:5086:25
interpolate,cxx_default_on_emitted_cpp,5eb72c8d,2,6,cxx_replace_scalar_call,interpolate.halide_generated.cpp,10440,18,generator_specific,-6,1,1,,,test1_demo;test2_golden,0,0.513,cxx_replace_scalar_call:/mnt/scratch1/ardi/dsl_mut/HM-armc/mutation/lowered-cpp/interpolate/interpolate.halide_generated.cpp:10440:18
interpolate,cxx_default_on_emitted_cpp,5eb72c8d,2,6,cxx_sub_to_add,interpolate.halide_generated.cpp,8783,35,generator_specific,0,0,0,,,,0,4.667,cxx_sub_to_add:/mnt/scratch1/ardi/dsl_mut/HM-armc/mutation/lowered-cpp/interpolate/interpolate.halide_generated.cpp:8783:35
interpolate,cxx_default_on_emitted_cpp,5eb72c8d,2,6,cxx_add_to_sub,interpolate.halide_generated.cpp,6327,31,generator_specific,-6,1,1,,,test1_demo;test2_golden,0,0.380,cxx_add_to_sub:/mnt/scratch1/ardi/dsl_mut/HM-armc/mutation/lowered-cpp/interpolate/interpolate.halide_generated.cpp:6327:31
interpolate,cxx_default_on_emitted_cpp,5eb72c8d,2,6,cxx_add_to_sub,interpolate.halide_generated.cpp,9084,34,generator_specific,0,0,0,,,,0,3.127,cxx_add_to_sub:/mnt/scratch1/ardi/dsl_mut/HM-armc/mutation/lowered-cpp/interpolate/interpolate.halide_generated.cpp:9084:34
interpolate,cxx_default_on_emitted_cpp,5eb72c8d,2,6,cxx_le_to_lt,interpolate.halide_generated.cpp,10919,22,generator_specific,0,0,0,,,,0,4.651,cxx_le_to_lt:/mnt/scratch1/ardi/dsl_mut/HM-armc/mutation/lowered-cpp/interpolate/interpolate.halide_generated.cpp:10919:22
interpolate,cxx_default_on_emitted_cpp,5eb72c8d,2,6,cxx_replace_scalar_call,interpolate.halide_generated.cpp,10814,20,generator_specific,0,0,0,,,,0,3.333,cxx_replace_scalar_call:/mnt/scratch1/ardi/dsl_mut/HM-armc/mutation/lowered-cpp/interpolate/interpolate.halide_generated.cpp:10814:20
interpolate,cxx_default_on_emitted_cpp,5eb72c8d,2,6,cxx_add_to_sub,interpolate.halide_generated.cpp,4526,25,generator_specific,-11,1,1,,,test1_demo;test2_golden,0,0.361,cxx_add_to_sub:/mnt/scratch1/ardi/dsl_mut/HM-armc/mutation/lowered-cpp/interpolate/interpolate.halide_generated.cpp:4526:25
interpolate,cxx_default_on_emitted_cpp,5eb72c8d,2,6,cxx_mul_to_div,interpolate.halide_generated.cpp,8053,35,generator_specific,0,0,0,,,,0,4.647,cxx_mul_to_div:/mnt/scratch1/ardi/dsl_mut/HM-armc/mutation/lowered-cpp/interpolate/interpolate.halide_generated.cpp:8053:35
interpolate,cxx_default_on_emitted_cpp,5eb72c8d,2,6,cxx_sub_to_add,interpolate.halide_generated.cpp,9818,37,generator_specific,0,0,0,,,,0,3.152,cxx_sub_to_add:/mnt/scratch1/ardi/dsl_mut/HM-armc/mutation/lowered-cpp/interpolate/interpolate.halide_generated.cpp:9818:37
interpolate,cxx_default_on_emitted_cpp,5eb72c8d,2,6,cxx_add_to_sub,interpolate.halide_generated.cpp,7920,37,generator_specific,0,0,0,,,,0,4.839,cxx_add_to_sub:/mnt/scratch1/ardi/dsl_mut/HM-armc/mutation/lowered-cpp/interpolate/interpolate.halide_generated.cpp:7920:37
interpolate,cxx_default_on_emitted_cpp,5eb72c8d,2,6,cxx_lt_to_le,interpolate.halide_generated.cpp,9322,28,generator_specific,0,0,0,,,,0,3.142,cxx_lt_to_le:/mnt/scratch1/ardi/dsl_mut/HM-armc/mutation/lowered-cpp/interpolate/interpolate.halide_generated.cpp:9322:28
interpolate,cxx_default_on_emitted_cpp,5eb72c8d,2,6,cxx_add_to_sub,interpolate.halide_generated.cpp,5696,26,generator_specific,0,0,1,,,test2_golden,0,3.004,cxx_add_to_sub:/mnt/scratch1/ardi/dsl_mut/HM-armc/mutation/lowered-cpp/interpolate/interpolate.halide_generated.cpp:5696:26
interpolate,cxx_default_on_emitted_cpp,5eb72c8d,2,6,cxx_lt_to_le,interpolate.halide_generated.cpp,9343,69,generator_specific,0,0,0,,,,0,3.403,cxx_lt_to_le:/mnt/scratch1/ardi/dsl_mut/HM-armc/mutation/lowered-cpp/interpolate/interpolate.halide_generated.cpp:9343:69
interpolate,cxx_default_on_emitted_cpp,5eb72c8d,2,6,cxx_add_to_sub,interpolate.halide_generated.cpp,11546,29,generator_specific,0,0,0,,,,0,2.987,cxx_add_to_sub:/mnt/scratch1/ardi/dsl_mut/HM-armc/mutation/lowered-cpp/interpolate/interpolate.halide_generated.cpp:11546:29
interpolate,cxx_default_on_emitted_cpp,5eb72c8d,2,6,cxx_sub_to_add,interpolate.halide_generated.cpp,3878,26,generator_specific,0,0,1,,,test2_golden,0,3.911,cxx_sub_to_add:/mnt/scratch1/ardi/dsl_mut/HM-armc/mutation/lowered-cpp/interpolate/interpolate.halide_generated.cpp:3878:26
interpolate,cxx_default_on_emitted_cpp,5eb72c8d,2,6,cxx_add_to_sub,interpolate.halide_generated.cpp,10711,26,generator_specific,0,0,1,,,test2_golden,0,3.213,cxx_add_to_sub:/mnt/scratch1/ardi/dsl_mut/HM-armc/mutation/lowered-cpp/interpolate/interpolate.halide_generated.cpp:10711:26
interpolate,cxx_default_on_emitted_cpp,5eb72c8d,2,6,cxx_add_to_sub,interpolate.halide_generated.cpp,10010,35,generator_specific,0,0,0,,,,0,3.949,cxx_add_to_sub:/mnt/scratch1/ardi/dsl_mut/HM-armc/mutation/lowered-cpp/interpolate/interpolate.halide_generated.cpp:10010:35
interpolate,cxx_default_on_emitted_cpp,5eb72c8d,2,6,cxx_sub_to_add,interpolate.halide_generated.cpp,11054,25,generator_specific,-11,1,1,,,test1_demo;test2_golden,0,0.642,cxx_sub_to_add:/mnt/scratch1/ardi/dsl_mut/HM-armc/mutation/lowered-cpp/interpolate/interpolate.halide_generated.cpp:11054:25
interpolate,cxx_default_on_emitted_cpp,5eb72c8d,2,6,cxx_gt_to_ge,interpolate.halide_generated.cpp,11065,72,generator_specific,0,0,0,,,,0,3.076,cxx_gt_to_ge:/mnt/scratch1/ardi/dsl_mut/HM-armc/mutation/lowered-cpp/interpolate/interpolate.halide_generated.cpp:11065:72
interpolate,cxx_default_on_emitted_cpp,5eb72c8d,2,6,cxx_post_inc_to_post_dec,interpolate.halide_generated.cpp,4475,85,generator_specific,-11,1,1,,,test1_demo;test2_golden,0,0.492,cxx_post_inc_to_post_dec:/mnt/scratch1/ardi/dsl_mut/HM-armc/mutation/lowered-cpp/interpolate/interpolate.halide_generated.cpp:4475:85
interpolate,cxx_default_on_emitted_cpp,5eb72c8d,2,6,cxx_add_to_sub,interpolate.halide_generated.cpp,7337,37,generator_specific,0,0,0,,,,0,3.140,cxx_add_to_sub:/mnt/scratch1/ardi/dsl_mut/HM-armc/mutation/lowered-cpp/interpolate/interpolate.halide_generated.cpp:7337:37
interpolate,cxx_default_on_emitted_cpp,5eb72c8d,2,6,cxx_mul_to_div,interpolate.halide_generated.cpp,7575,37,generator_specific,0,0,1,,,test2_golden,0,3.364,cxx_mul_to_div:/mnt/scratch1/ardi/dsl_mut/HM-armc/mutation/lowered-cpp/interpolate/interpolate.halide_generated.cpp:7575:37
interpolate,cxx_default_on_emitted_cpp,5eb72c8d,2,6,cxx_add_to_sub,interpolate.halide_generated.cpp,5506,26,generator_specific,0,0,1,,,test2_golden,0,3.133,cxx_add_to_sub:/mnt/scratch1/ardi/dsl_mut/HM-armc/mutation/lowered-cpp/interpolate/interpolate.halide_generated.cpp:5506:26
interpolate,cxx_default_on_emitted_cpp,5eb72c8d,2,6,cxx_le_to_lt,interpolate.halide_generated.cpp,10746,22,generator_specific,0,0,1,,,test2_golden,0,1.779,cxx_le_to_lt:/mnt/scratch1/ardi/dsl_mut/HM-armc/mutation/lowered-cpp/interpolate/interpolate.halide_generated.cpp:10746:22
interpolate,cxx_default_on_emitted_cpp,5eb72c8d,2,6,cxx_post_inc_to_post_dec,interpolate.halide_generated.cpp,5076,96,generator_specific,-11,1,1,,,test1_demo;test2_golden,0,0.295,cxx_post_inc_to_post_dec:/mnt/scratch1/ardi/dsl_mut/HM-armc/mutation/lowered-cpp/interpolate/interpolate.halide_generated.cpp:5076:96
interpolate,cxx_default_on_emitted_cpp,5eb72c8d,2,6,cxx_add_to_sub,interpolate.halide_generated.cpp,9510,38,generator_specific,0,0,0,,,,0,3.176,cxx_add_to_sub:/mnt/scratch1/ardi/dsl_mut/HM-armc/mutation/lowered-cpp/interpolate/interpolate.halide_generated.cpp:9510:38
interpolate,cxx_default_on_emitted_cpp,5eb72c8d,2,6,cxx_remove_void_call,interpolate.halide_generated.cpp,8416,14,generator_specific,0,0,1,,,test2_golden,0,4.299,cxx_remove_void_call:/mnt/scratch1/ardi/dsl_mut/HM-armc/mutation/lowered-cpp/interpolate/interpolate.halide_generated.cpp:8416:14
interpolate,cxx_default_on_emitted_cpp,5eb72c8d,2,6,cxx_post_inc_to_post_dec,interpolate.halide_generated.cpp,8349,120,generator_specific,-11,1,1,,,test1_demo;test2_golden,0,0.554,cxx_post_inc_to_post_dec:/mnt/scratch1/ardi/dsl_mut/HM-armc/mutation/lowered-cpp/interpolate/interpolate.halide_generated.cpp:8349:120
interpolate,cxx_default_on_emitted_cpp,5eb72c8d,2,6,cxx_mul_to_div,interpolate.halide_generated.cpp,8329,35,generator_specific,0,0,1,,,test2_golden,0,3.476,cxx_mul_to_div:/mnt/scratch1/ardi/dsl_mut/HM-armc/mutation/lowered-cpp/interpolate/interpolate.halide_generated.cpp:8329:35
interpolate,cxx_default_on_emitted_cpp,5eb72c8d,2,6,cxx_post_inc_to_post_dec,interpolate.halide_generated.cpp,6470,95,generator_specific,-11,1,1,,,test1_demo;test2_golden,0,0.582,cxx_post_inc_to_post_dec:/mnt/scratch1/ardi/dsl_mut/HM-armc/mutation/lowered-cpp/interpolate/interpolate.halide_generated.cpp:6470:95
interpolate,cxx_default_on_emitted_cpp,5eb72c8d,2,6,cxx_replace_scalar_call,interpolate.halide_generated.cpp,10713,20,generator_specific,0,0,0,,,,0,3.096,cxx_replace_scalar_call:/mnt/scratch1/ardi/dsl_mut/HM-armc/mutation/lowered-cpp/interpolate/interpolate.halide_generated.cpp:10713:20
interpolate,cxx_default_on_emitted_cpp,5eb72c8d,2,6,cxx_sub_to_add,interpolate.halide_generated.cpp,4852,23,generator_specific,0,0,1,,,test2_golden,0,2.710,cxx_sub_to_add:/mnt/scratch1/ardi/dsl_mut/HM-armc/mutation/lowered-cpp/interpolate/interpolate.halide_generated.cpp:4852:23
interpolate,cxx_default_on_emitted_cpp,5eb72c8d,2,6,cxx_mul_to_div,interpolate.halide_generated.cpp,9898,35,generator_specific,0,0,0,,,,0,3.096,cxx_mul_to_div:/mnt/scratch1/ardi/dsl_mut/HM-armc/mutation/lowered-cpp/interpolate/interpolate.halide_generated.cpp:9898:35
interpolate,cxx_default_on_emitted_cpp,5eb72c8d,2,6,cxx_mul_to_div,interpolate.halide_generated.cpp,4209,25,generator_specific,0,0,1,,,test2_golden,0,2.857,cxx_mul_to_div:/mnt/scratch1/ardi/dsl_mut/HM-armc/mutation/lowered-cpp/interpolate/interpolate.halide_generated.cpp:4209:25
interpolate,cxx_default_on_emitted_cpp,5eb72c8d,2,6,cxx_sub_to_add,interpolate.halide_generated.cpp,11457,28,generator_specific,0,0,1,,,test2_golden,0,3.156,cxx_sub_to_add:/mnt/scratch1/ardi/dsl_mut/HM-armc/mutation/lowered-cpp/interpolate/interpolate.halide_generated.cpp:11457:28
interpolate,cxx_default_on_emitted_cpp,5eb72c8d,2,6,cxx_lt_to_le,interpolate.halide_generated.cpp,4275,59,generator_specific,-11,1,1,,,test1_demo;test2_golden,0,0.569,cxx_lt_to_le:/mnt/scratch1/ardi/dsl_mut/HM-armc/mutation/lowered-cpp/interpolate/interpolate.halide_generated.cpp:4275:59
interpolate,cxx_default_on_emitted_cpp,5eb72c8d,2,6,cxx_add_to_sub,interpolate.halide_generated.cpp,3728,24,generator_specific,0,0,0,,,,0,2.833,cxx_add_to_sub:/mnt/scratch1/ardi/dsl_mut/HM-armc/mutation/lowered-cpp/interpolate/interpolate.halide_generated.cpp:3728:24
interpolate,cxx_default_on_emitted_cpp,5eb72c8d,2,6,cxx_mul_to_div,interpolate.halide_generated.cpp,9580,51,generator_specific,0,0,0,,,,0,2.714,cxx_mul_to_div:/mnt/scratch1/ardi/dsl_mut/HM-armc/mutation/lowered-cpp/interpolate/interpolate.halide_generated.cpp:9580:51
interpolate,cxx_default_on_emitted_cpp,5eb72c8d,2,6,cxx_add_to_sub,interpolate.halide_generated.cpp,4954,26,generator_specific,0,0,1,,,test2_golden,0,3.051,cxx_add_to_sub:/mnt/scratch1/ardi/dsl_mut/HM-armc/mutation/lowered-cpp/interpolate/interpolate.halide_generated.cpp:4954:26
interpolate,cxx_default_on_emitted_cpp,5eb72c8d,2,6,cxx_add_to_sub,interpolate.halide_generated.cpp,8293,35,generator_specific,0,0,0,,,,0,2.969,cxx_add_to_sub:/mnt/scratch1/ardi/dsl_mut/HM-armc/mutation/lowered-cpp/interpolate/interpolate.halide_generated.cpp:8293:35
interpolate,cxx_default_on_emitted_cpp,5eb72c8d,2,6,cxx_sub_to_add,interpolate.halide_generated.cpp,10898,26,generator_specific,0,0,1,,,test2_golden,0,3.314,cxx_sub_to_add:/mnt/scratch1/ardi/dsl_mut/HM-armc/mutation/lowered-cpp/interpolate/interpolate.halide_generated.cpp:10898:26
interpolate,cxx_default_on_emitted_cpp,5eb72c8d,2,6,cxx_add_to_sub,interpolate.halide_generated.cpp,6675,60,generator_specific,0,0,0,,,,0,3.757,cxx_add_to_sub:/mnt/scratch1/ardi/dsl_mut/HM-armc/mutation/lowered-cpp/interpolate/interpolate.halide_generated.cpp:6675:60
interpolate,cxx_default_on_emitted_cpp,5eb72c8d,2,6,cxx_add_to_sub,interpolate.halide_generated.cpp,7571,37,generator_specific,0,0,1,,,test2_golden,0,3.240,cxx_add_to_sub:/mnt/scratch1/ardi/dsl_mut/HM-armc/mutation/lowered-cpp/interpolate/interpolate.halide_generated.cpp:7571:37
interpolate,cxx_default_on_emitted_cpp,5eb72c8d,2,6,cxx_add_to_sub,interpolate.halide_generated.cpp,4655,42,generator_specific,-11,1,1,,,test1_demo;test2_golden,0,0.326,cxx_add_to_sub:/mnt/scratch1/ardi/dsl_mut/HM-armc/mutation/lowered-cpp/interpolate/interpolate.halide_generated.cpp:4655:42
interpolate,cxx_default_on_emitted_cpp,5eb72c8d,2,6,cxx_add_to_sub,interpolate.halide_generated.cpp,5357,26,generator_specific,0,0,0,,,,0,3.075,cxx_add_to_sub:/mnt/scratch1/ardi/dsl_mut/HM-armc/mutation/lowered-cpp/interpolate/interpolate.halide_generated.cpp:5357:26
interpolate,cxx_default_on_emitted_cpp,5eb72c8d,2,6,cxx_add_to_sub,interpolate.halide_generated.cpp,10228,36,generator_specific,0,0,0,,,,0,2.679,cxx_add_to_sub:/mnt/scratch1/ardi/dsl_mut/HM-armc/mutation/lowered-cpp/interpolate/interpolate.halide_generated.cpp:10228:36
interpolate,cxx_default_on_emitted_cpp,5eb72c8d,2,6,cxx_sub_to_add,interpolate.halide_generated.cpp,6831,35,generator_specific,0,0,0,,,,0,3.320,cxx_sub_to_add:/mnt/scratch1/ardi/dsl_mut/HM-armc/mutation/lowered-cpp/interpolate/interpolate.halide_generated.cpp:6831:35
interpolate,cxx_default_on_emitted_cpp,5eb72c8d,2,6,cxx_sub_to_add,interpolate.halide_generated.cpp,11836,32,generator_specific,0,0,0,,,,0,2.989,cxx_sub_to_add:/mnt/scratch1/ardi/dsl_mut/HM-armc/mutation/lowered-cpp/interpolate/interpolate.halide_generated.cpp:11836:32
interpolate,cxx_default_on_emitted_cpp,5eb72c8d,2,6,cxx_gt_to_ge,interpolate.halide_generated.cpp,8952,75,generator_specific,0,0,0,,,,0,3.168,cxx_gt_to_ge:/mnt/scratch1/ardi/dsl_mut/HM-armc/mutation/lowered-cpp/interpolate/interpolate.halide_generated.cpp:8952:75
interpolate,cxx_default_on_emitted_cpp,5eb72c8d,2,6,cxx_add_to_sub,interpolate.halide_generated.cpp,9745,38,generator_specific,0,0,0,,,,0,3.670,cxx_add_to_sub:/mnt/scratch1/ardi/dsl_mut/HM-armc/mutation/lowered-cpp/interpolate/interpolate.halide_generated.cpp:9745:38
interpolate,cxx_default_on_emitted_cpp,5eb72c8d,2,6,cxx_add_to_sub,interpolate.halide_generated.cpp,10207,35,generator_specific,0,0,1,,,test2_golden,0,3.508,cxx_add_to_sub:/mnt/scratch1/ardi/dsl_mut/HM-armc/mutation/lowered-cpp/interpolate/interpolate.halide_generated.cpp:10207:35
interpolate,cxx_default_on_emitted_cpp,5eb72c8d,2,6,cxx_mul_to_div,interpolate.halide_generated.cpp,11084,26,generator_specific,0,0,0,,,,0,3.804,cxx_mul_to_div:/mnt/scratch1/ardi/dsl_mut/HM-armc/mutation/lowered-cpp/interpolate/interpolate.halide_generated.cpp:11084:26
interpolate,cxx_default_on_emitted_cpp,5eb72c8d,2,6,cxx_add_to_sub,interpolate.halide_generated.cpp,5557,26,generator_specific,0,0,0,,,,0,2.835,cxx_add_to_sub:/mnt/scratch1/ardi/dsl_mut/HM-armc/mutation/lowered-cpp/interpolate/interpolate.halide_generated.cpp:5557:26
interpolate,cxx_default_on_emitted_cpp,5eb72c8d,2,6,cxx_sub_to_add,interpolate.halide_generated.cpp,7383,36,generator_specific,0,0,0,,,,0,4.657,cxx_sub_to_add:/mnt/scratch1/ardi/dsl_mut/HM-armc/mutation/lowered-cpp/interpolate/interpolate.halide_generated.cpp:7383:36
interpolate,cxx_default_on_emitted_cpp,5eb72c8d,2,6,cxx_lt_to_le,interpolate.halide_generated.cpp,6875,75,generator_specific,0,0,1,,,test2_golden,0,3.535,cxx_lt_to_le:/mnt/scratch1/ardi/dsl_mut/HM-armc/mutation/lowered-cpp/interpolate/interpolate.halide_generated.cpp:6875:75
interpolate,cxx_default_on_emitted_cpp,5eb72c8d,2,6,cxx_add_to_sub,interpolate.halide_generated.cpp,9040,32,generator_specific,0,0,0,,,,0,4.168,cxx_add_to_sub:/mnt/scratch1/ardi/dsl_mut/HM-armc/mutation/lowered-cpp/interpolate/interpolate.halide_generated.cpp:9040:32
interpolate,cxx_default_on_emitted_cpp,5eb72c8d,2,6,cxx_add_to_sub,interpolate.halide_generated.cpp,9610,37,generator_specific,0,0,0,,,,0,3.222,cxx_add_to_sub:/mnt/scratch1/ardi/dsl_mut/HM-armc/mutation/lowered-cpp/interpolate/interpolate.halide_generated.cpp:9610:37
interpolate,cxx_default_on_emitted_cpp,5eb72c8d,2,6,cxx_add_to_sub,interpolate.halide_generated.cpp,11465,29,generator_specific,-6,1,1,,,test1_demo;test2_golden,0,0.291,cxx_add_to_sub:/mnt/scratch1/ardi/dsl_mut/HM-armc/mutation/lowered-cpp/interpolate/interpolate.halide_generated.cpp:11465:29
interpolate,cxx_default_on_emitted_cpp,5eb72c8d,2,6,cxx_mul_to_div,interpolate.halide_generated.cpp,3694,22,generator_specific,0,0,1,,,test2_golden,0,3.087,cxx_mul_to_div:/mnt/scratch1/ardi/dsl_mut/HM-armc/mutation/lowered-cpp/interpolate/interpolate.halide_generated.cpp:3694:22
interpolate,cxx_default_on_emitted_cpp,5eb72c8d,2,6,cxx_mul_to_div,interpolate.halide_generated.cpp,3855,63,generator_specific,0,0,0,,,,0,4.219,cxx_mul_to_div:/mnt/scratch1/ardi/dsl_mut/HM-armc/mutation/lowered-cpp/interpolate/interpolate.halide_generated.cpp:3855:63
interpolate,cxx_default_on_emitted_cpp,5eb72c8d,2,6,cxx_add_to_sub,interpolate.halide_generated.cpp,9862,38,generator_specific,0,0,1,,,test2_golden,0,3.239,cxx_add_to_sub:/mnt/scratch1/ardi/dsl_mut/HM-armc/mutation/lowered-cpp/interpolate/interpolate.halide_generated.cpp:9862:38
interpolate,cxx_default_on_emitted_cpp,5eb72c8d,2,6,cxx_sub_to_add,interpolate.halide_generated.cpp,7854,37,generator_specific,0,0,0,,,,0,3.862,cxx_sub_to_add:/mnt/scratch1/ardi/dsl_mut/HM-armc/mutation/lowered-cpp/interpolate/interpolate.halide_generated.cpp:7854:37
interpolate,cxx_default_on_emitted_cpp,5eb72c8d,2,6,cxx_add_to_sub,interpolate.halide_generated.cpp,6925,37,generator_specific,0,0,0,,,,0,3.271,cxx_add_to_sub:/mnt/scratch1/ardi/dsl_mut/HM-armc/mutation/lowered-cpp/interpolate/interpolate.halide_generated.cpp:6925:37
interpolate,cxx_default_on_emitted_cpp,5eb72c8d,2,6,cxx_add_to_sub,interpolate.halide_generated.cpp,12032,33,generator_specific,0,0,0,,,,0,3.518,cxx_add_to_sub:/mnt/scratch1/ardi/dsl_mut/HM-armc/mutation/lowered-cpp/interpolate/interpolate.halide_generated.cpp:12032:33
interpolate,cxx_default_on_emitted_cpp,5eb72c8d,2,6,cxx_add_to_sub,interpolate.halide_generated.cpp,5464,25,generator_specific,0,0,1,,,test2_golden,0,3.905,cxx_add_to_sub:/mnt/scratch1/ardi/dsl_mut/HM-armc/mutation/lowered-cpp/interpolate/interpolate.halide_generated.cpp:5464:25
interpolate,cxx_default_on_emitted_cpp,5eb72c8d,2,6,cxx_add_to_sub,interpolate.halide_generated.cpp,9730,38,generator_specific,0,0,0,,,,0,2.970,cxx_add_to_sub:/mnt/scratch1/ardi/dsl_mut/HM-armc/mutation/lowered-cpp/interpolate/interpolate.halide_generated.cpp:9730:38
interpolate,cxx_default_on_emitted_cpp,5eb72c8d,2,6,cxx_replace_scalar_call,interpolate.halide_generated.cpp,11035,19,generator_specific,0,0,0,,,,0,2.887,cxx_replace_scalar_call:/mnt/scratch1/ardi/dsl_mut/HM-armc/mutation/lowered-cpp/interpolate/interpolate.halide_generated.cpp:11035:19
interpolate,cxx_default_on_emitted_cpp,5eb72c8d,2,6,cxx_add_to_sub,interpolate.halide_generated.cpp,7316,38,generator_specific,0,0,0,,,,0,2.942,cxx_add_to_sub:/mnt/scratch1/ardi/dsl_mut/HM-armc/mutation/lowered-cpp/interpolate/interpolate.halide_generated.cpp:7316:38
interpolate,cxx_default_on_emitted_cpp,5eb72c8d,2,6,cxx_mul_to_div,interpolate.halide_generated.cpp,5715,40,generator_specific,0,0,1,,,test2_golden,0,3.291,cxx_mul_to_div:/mnt/scratch1/ardi/dsl_mut/HM-armc/mutation/lowered-cpp/interpolate/interpolate.halide_generated.cpp:5715:40
interpolate,cxx_default_on_emitted_cpp,5eb72c8d,2,6,cxx_add_to_sub,interpolate.halide_generated.cpp,12225,33,generator_specific,0,0,0,,,,0,3.042,cxx_add_to_sub:/mnt/scratch1/ardi/dsl_mut/HM-armc/mutation/lowered-cpp/interpolate/interpolate.halide_generated.cpp:12225:33
interpolate,cxx_default_on_emitted_cpp,5eb72c8d,2,6,cxx_add_to_sub,interpolate.halide_generated.cpp,12209,33,generator_specific,0,0,0,,,,0,2.982,cxx_add_to_sub:/mnt/scratch1/ardi/dsl_mut/HM-armc/mutation/lowered-cpp/interpolate/interpolate.halide_generated.cpp:12209:33
interpolate,cxx_default_on_emitted_cpp,5eb72c8d,2,6,cxx_mul_to_div,interpolate.halide_generated.cpp,7276,37,generator_specific,0,0,1,,,test2_golden,0,4.412,cxx_mul_to_div:/mnt/scratch1/ardi/dsl_mut/HM-armc/mutation/lowered-cpp/interpolate/interpolate.halide_generated.cpp:7276:37
interpolate,cxx_default_on_emitted_cpp,5eb72c8d,2,6,cxx_add_to_sub,interpolate.halide_generated.cpp,12067,33,generator_specific,0,0,1,,,test2_golden,0,2.824,cxx_add_to_sub:/mnt/scratch1/ardi/dsl_mut/HM-armc/mutation/lowered-cpp/interpolate/interpolate.halide_generated.cpp:12067:33
interpolate,cxx_default_on_emitted_cpp,5eb72c8d,2,6,cxx_add_to_sub,interpolate.halide_generated.cpp,6521,37,generator_specific,0,0,0,,,,0,3.434,cxx_add_to_sub:/mnt/scratch1/ardi/dsl_mut/HM-armc/mutation/lowered-cpp/interpolate/interpolate.halide_generated.cpp:6521:37
interpolate,cxx_default_on_emitted_cpp,5eb72c8d,2,6,cxx_mul_to_div,interpolate.halide_generated.cpp,8394,35,generator_specific,0,0,1,,,test2_golden,0,2.987,cxx_mul_to_div:/mnt/scratch1/ardi/dsl_mut/HM-armc/mutation/lowered-cpp/interpolate/interpolate.halide_generated.cpp:8394:35
interpolate,cxx_default_on_emitted_cpp,5eb72c8d,2,6,cxx_add_to_sub,interpolate.halide_generated.cpp,5727,27,generator_specific,0,0,1,,,test2_golden,0,4.255,cxx_add_to_sub:/mnt/scratch1/ardi/dsl_mut/HM-armc/mutation/lowered-cpp/interpolate/interpolate.halide_generated.cpp:5727:27
interpolate,cxx_default_on_emitted_cpp,5eb72c8d,2,6,cxx_lt_to_ge,interpolate.halide_generated.cpp,7167,28,generator_specific,0,0,1,,,test2_golden,0,3.039,cxx_lt_to_ge:/mnt/scratch1/ardi/dsl_mut/HM-armc/mutation/lowered-cpp/interpolate/interpolate.halide_generated.cpp:7167:28
interpolate,cxx_default_on_emitted_cpp,5eb72c8d,2,6,cxx_add_to_sub,interpolate.halide_generated.cpp,7130,38,generator_specific,0,0,1,,,test2_golden,0,2.963,cxx_add_to_sub:/mnt/scratch1/ardi/dsl_mut/HM-armc/mutation/lowered-cpp/interpolate/interpolate.halide_generated.cpp:7130:38
interpolate,cxx_default_on_emitted_cpp,5eb72c8d,2,6,cxx_add_to_sub,interpolate.halide_generated.cpp,10351,35,generator_specific,0,0,0,,,,0,2.888,cxx_add_to_sub:/mnt/scratch1/ardi/dsl_mut/HM-armc/mutation/lowered-cpp/interpolate/interpolate.halide_generated.cpp:10351:35
interpolate,cxx_default_on_emitted_cpp,5eb72c8d,2,6,cxx_mul_to_div,interpolate.halide_generated.cpp,4146,25,generator_specific,0,0,1,,,test2_golden,0,3.153,cxx_mul_to_div:/mnt/scratch1/ardi/dsl_mut/HM-armc/mutation/lowered-cpp/interpolate/interpolate.halide_generated.cpp:4146:25
interpolate,cxx_default_on_emitted_cpp,5eb72c8d,2,6,cxx_eq_to_ne,interpolate.halide_generated.cpp,11243,49,generator_specific,0,0,0,,,,0,2.865,cxx_eq_to_ne:/mnt/scratch1/ardi/dsl_mut/HM-armc/mutation/lowered-cpp/interpolate/interpolate.halide_generated.cpp:11243:49
interpolate,cxx_default_on_emitted_cpp,5eb72c8d,2,6,cxx_remove_void_call,interpolate.halide_generated.cpp,8753,14,generator_specific,0,0,0,,,,0,3.027,cxx_remove_void_call:/mnt/scratch1/ardi/dsl_mut/HM-armc/mutation/lowered-cpp/interpolate/interpolate.halide_generated.cpp:8753:14
interpolate,cxx_default_on_emitted_cpp,5eb72c8d,2,6,cxx_add_to_sub,interpolate.halide_generated.cpp,11315,27,generator_specific,0,0,0,,,,0,4.018,cxx_add_to_sub:/mnt/scratch1/ardi/dsl_mut/HM-armc/mutation/lowered-cpp/interpolate/interpolate.halide_generated.cpp:11315:27
interpolate,cxx_default_on_emitted_cpp,5eb72c8d,2,6,cxx_replace_scalar_call,interpolate.halide_generated.cpp,4905,19,generator_specific,0,0,1,,,test2_golden,0,2.724,cxx_replace_scalar_call:/mnt/scratch1/ardi/dsl_mut/HM-armc/mutation/lowered-cpp/interpolate/interpolate.halide_generated.cpp:4905:19
interpolate,cxx_default_on_emitted_cpp,5eb72c8d,2,6,cxx_sub_to_add,interpolate.halide_generated.cpp,11579,30,generator_specific,0,0,0,,,,0,3.737,cxx_sub_to_add:/mnt/scratch1/ardi/dsl_mut/HM-armc/mutation/lowered-cpp/interpolate/interpolate.halide_generated.cpp:11579:30
interpolate,cxx_default_on_emitted_cpp,5eb72c8d,2,6,cxx_replace_scalar_call,interpolate.halide_generated.cpp,11037,19,generator_specific,-11,1,1,,,test1_demo;test2_golden,0,0.525,cxx_replace_scalar_call:/mnt/scratch1/ardi/dsl_mut/HM-armc/mutation/lowered-cpp/interpolate/interpolate.halide_generated.cpp:11037:19
interpolate,cxx_default_on_emitted_cpp,5eb72c8d,2,6,cxx_sub_to_add,interpolate.halide_generated.cpp,11378,28,generator_specific,0,0,0,,,,0,2.738,cxx_sub_to_add:/mnt/scratch1/ardi/dsl_mut/HM-armc/mutation/lowered-cpp/interpolate/interpolate.halide_generated.cpp:11378:28
interpolate,cxx_default_on_emitted_cpp,5eb72c8d,2,6,cxx_remove_void_call,interpolate.halide_generated.cpp,5391,2,generator_specific,0,0,0,,,,0,3.669,cxx_remove_void_call:/mnt/scratch1/ardi/dsl_mut/HM-armc/mutation/lowered-cpp/interpolate/interpolate.halide_generated.cpp:5391:2
interpolate,cxx_default_on_emitted_cpp,5eb72c8d,2,6,cxx_add_to_sub,interpolate.halide_generated.cpp,4550,24,generator_specific,0,0,0,,,,0,2.973,cxx_add_to_sub:/mnt/scratch1/ardi/dsl_mut/HM-armc/mutation/lowered-cpp/interpolate/interpolate.halide_generated.cpp:4550:24
interpolate,cxx_default_on_emitted_cpp,5eb72c8d,2,6,cxx_sub_to_add,interpolate.halide_generated.cpp,10588,24,generator_specific,0,0,0,,,,0,3.148,cxx_sub_to_add:/mnt/scratch1/ardi/dsl_mut/HM-armc/mutation/lowered-cpp/interpolate/interpolate.halide_generated.cpp:10588:24
interpolate,cxx_default_on_emitted_cpp,5eb72c8d,2,6,cxx_post_inc_to_post_dec,interpolate.halide_generated.cpp,5645,96,generator_specific,-11,1,1,,,test1_demo;test2_golden,0,0.389,cxx_post_inc_to_post_dec:/mnt/scratch1/ardi/dsl_mut/HM-armc/mutation/lowered-cpp/interpolate/interpolate.halide_generated.cpp:5645:96
interpolate,cxx_default_on_emitted_cpp,5eb72c8d,2,6,cxx_add_to_sub,interpolate.halide_generated.cpp,10361,36,generator_specific,0,0,1,,,test2_golden,0,3.712,cxx_add_to_sub:/mnt/scratch1/ardi/dsl_mut/HM-armc/mutation/lowered-cpp/interpolate/interpolate.halide_generated.cpp:10361:36
interpolate,cxx_default_on_emitted_cpp,5eb72c8d,2,6,cxx_gt_to_le,interpolate.halide_generated.cpp,10932,22,generator_specific,-6,1,1,,,test1_demo;test2_golden,0,0.265,cxx_gt_to_le:/mnt/scratch1/ardi/dsl_mut/HM-armc/mutation/lowered-cpp/interpolate/interpolate.halide_generated.cpp:10932:22
interpolate,cxx_default_on_emitted_cpp,5eb72c8d,2,6,cxx_add_to_sub,interpolate.halide_generated.cpp,11217,26,generator_specific,0,0,0,,,,0,3.515,cxx_add_to_sub:/mnt/scratch1/ardi/dsl_mut/HM-armc/mutation/lowered-cpp/interpolate/interpolate.halide_generated.cpp:11217:26
interpolate,cxx_default_on_emitted_cpp,5eb72c8d,2,6,cxx_sub_to_add,interpolate.halide_generated.cpp,7405,37,generator_specific,0,0,1,,,test2_golden,0,2.984,cxx_sub_to_add:/mnt/scratch1/ardi/dsl_mut/HM-armc/mutation/lowered-cpp/interpolate/interpolate.halide_generated.cpp:7405:37
interpolate,cxx_default_on_emitted_cpp,5eb72c8d,2,6,cxx_replace_scalar_call,interpolate.halide_generated.cpp,10590,18,generator_specific,0,0,0,,,,0,3.428,cxx_replace_scalar_call:/mnt/scratch1/ardi/dsl_mut/HM-armc/mutation/lowered-cpp/interpolate/interpolate.halide_generated.cpp:10590:18
interpolate,cxx_default_on_emitted_cpp,5eb72c8d,2,6,cxx_add_to_sub,interpolate.halide_generated.cpp,10513,24,generator_specific,0,0,1,,,test2_golden,0,3.212,cxx_add_to_sub:/mnt/scratch1/ardi/dsl_mut/HM-armc/mutation/lowered-cpp/interpolate/interpolate.halide_generated.cpp:10513:24
interpolate,cxx_default_on_emitted_cpp,5eb72c8d,2,6,cxx_sub_to_add,interpolate.halide_generated.cpp,10005,35,generator_specific,0,0,1,,,test2_golden,0,3.371,cxx_sub_to_add:/mnt/scratch1/ardi/dsl_mut/HM-armc/mutation/lowered-cpp/interpolate/interpolate.halide_generated.cpp:10005:35
interpolate,cxx_default_on_emitted_cpp,5eb72c8d,2,6,cxx_sub_to_add,interpolate.halide_generated.cpp,7292,37,generator_specific,0,0,0,,,,0,3.236,cxx_sub_to_add:/mnt/scratch1/ardi/dsl_mut/HM-armc/mutation/lowered-cpp/interpolate/interpolate.halide_generated.cpp:7292:37
interpolate,cxx_default_on_emitted_cpp,5eb72c8d,2,6,cxx_add_to_sub,interpolate.halide_generated.cpp,4762,25,generator_specific,-11,1,1,,,test1_demo;test2_golden,0,0.356,cxx_add_to_sub:/mnt/scratch1/ardi/dsl_mut/HM-armc/mutation/lowered-cpp/interpolate/interpolate.halide_generated.cpp:4762:25
interpolate,cxx_default_on_emitted_cpp,5eb72c8d,2,6,cxx_mul_to_div,interpolate.halide_generated.cpp,12287,33,generator_specific,0,0,1,,,test2_golden,0,4.855,cxx_mul_to_div:/mnt/scratch1/ardi/dsl_mut/HM-armc/mutation/lowered-cpp/interpolate/interpolate.halide_generated.cpp:12287:33
interpolate,cxx_default_on_emitted_cpp,5eb72c8d,2,6,cxx_add_to_sub,interpolate.halide_generated.cpp,6702,38,generator_specific,0,0,0,,,,0,3.965,cxx_add_to_sub:/mnt/scratch1/ardi/dsl_mut/HM-armc/mutation/lowered-cpp/interpolate/interpolate.halide_generated.cpp:6702:38
interpolate,cxx_default_on_emitted_cpp,5eb72c8d,2,6,cxx_mul_to_div,interpolate.halide_generated.cpp,7751,37,generator_specific,0,0,1,,,test2_golden,0,3.190,cxx_mul_to_div:/mnt/scratch1/ardi/dsl_mut/HM-armc/mutation/lowered-cpp/interpolate/interpolate.halide_generated.cpp:7751:37
interpolate,cxx_default_on_emitted_cpp,5eb72c8d,2,6,cxx_add_to_sub,interpolate.halide_generated.cpp,6569,37,generator_specific,0,0,0,,,,0,4.201,cxx_add_to_sub:/mnt/scratch1/ardi/dsl_mut/HM-armc/mutation/lowered-cpp/interpolate/interpolate.halide_generated.cpp:6569:37
interpolate,cxx_default_on_emitted_cpp,5eb72c8d,2,6,cxx_add_to_sub,interpolate.halide_generated.cpp,6587,37,generator_specific,-11,1,1,,,test1_demo;test2_golden,0,0.377,cxx_add_to_sub:/mnt/scratch1/ardi/dsl_mut/HM-armc/mutation/lowered-cpp/interpolate/interpolate.halide_generated.cpp:6587:37
interpolate,cxx_default_on_emitted_cpp,5eb72c8d,2,6,cxx_ne_to_eq,interpolate.halide_generated.cpp,11361,28,generator_specific,-6,1,1,,,test1_demo;test2_golden,0,0.327,cxx_ne_to_eq:/mnt/scratch1/ardi/dsl_mut/HM-armc/mutation/lowered-cpp/interpolate/interpolate.halide_generated.cpp:11361:28
interpolate,cxx_default_on_emitted_cpp,5eb72c8d,2,6,cxx_sub_to_add,interpolate.halide_generated.cpp,6456,34,generator_specific,0,0,0,,,,0,3.015,cxx_sub_to_add:/mnt/scratch1/ardi/dsl_mut/HM-armc/mutation/lowered-cpp/interpolate/interpolate.halide_generated.cpp:6456:34
interpolate,cxx_default_on_emitted_cpp,5eb72c8d,2,6,cxx_add_to_sub,interpolate.halide_generated.cpp,7300,60,generator_specific,0,0,0,,,,0,3.281,cxx_add_to_sub:/mnt/scratch1/ardi/dsl_mut/HM-armc/mutation/lowered-cpp/interpolate/interpolate.halide_generated.cpp:7300:60
interpolate,cxx_default_on_emitted_cpp,5eb72c8d,2,6,cxx_mul_to_div,interpolate.halide_generated.cpp,9988,37,generator_specific,0,0,0,,,,0,3.636,cxx_mul_to_div:/mnt/scratch1/ardi/dsl_mut/HM-armc/mutation/lowered-cpp/interpolate/interpolate.halide_generated.cpp:9988:37
interpolate,cxx_default_on_emitted_cpp,5eb72c8d,2,6,cxx_add_to_sub,interpolate.halide_generated.cpp,5268,25,generator_specific,0,0,1,,,test2_golden,0,3.290,cxx_add_to_sub:/mnt/scratch1/ardi/dsl_mut/HM-armc/mutation/lowered-cpp/interpolate/interpolate.halide_generated.cpp:5268:25
interpolate,cxx_default_on_emitted_cpp,5eb72c8d,2,6,cxx_add_to_sub,interpolate.halide_generated.cpp,7302,37,generator_specific,0,0,0,,,,0,3.002,cxx_add_to_sub:/mnt/scratch1/ardi/dsl_mut/HM-armc/mutation/lowered-cpp/interpolate/interpolate.halide_generated.cpp:7302:37
interpolate,cxx_default_on_emitted_cpp,5eb72c8d,2,6,cxx_post_inc_to_post_dec,interpolate.halide_generated.cpp,7387,127,generator_specific,-11,1,1,,,test1_demo;test2_golden,0,0.371,cxx_post_inc_to_post_dec:/mnt/scratch1/ardi/dsl_mut/HM-armc/mutation/lowered-cpp/interpolate/interpolate.halide_generated.cpp:7387:127
interpolate,cxx_default_on_emitted_cpp,5eb72c8d,2,6,cxx_eq_to_ne,interpolate.halide_generated.cpp,11475,51,generator_specific,0,0,0,,,,0,3.139,cxx_eq_to_ne:/mnt/scratch1/ardi/dsl_mut/HM-armc/mutation/lowered-cpp/interpolate/interpolate.halide_generated.cpp:11475:51
interpolate,cxx_default_on_emitted_cpp,5eb72c8d,2,6,cxx_add_to_sub,interpolate.halide_generated.cpp,4510,24,generator_specific,0,0,1,,,test2_golden,0,3.121,cxx_add_to_sub:/mnt/scratch1/ardi/dsl_mut/HM-armc/mutation/lowered-cpp/interpolate/interpolate.halide_generated.cpp:4510:24
interpolate,cxx_default_on_emitted_cpp,5eb72c8d,2,6,cxx_sub_to_add,interpolate.halide_generated.cpp,7111,37,generator_specific,0,0,0,,,,0,3.531,cxx_sub_to_add:/mnt/scratch1/ardi/dsl_mut/HM-armc/mutation/lowered-cpp/interpolate/interpolate.halide_generated.cpp:7111:37
interpolate,cxx_default_on_emitted_cpp,5eb72c8d,2,6,cxx_lt_to_ge,interpolate.halide_generated.cpp,7371,69,generator_specific,0,0,1,,,test2_golden,0,3.487,cxx_lt_to_ge:/mnt/scratch1/ardi/dsl_mut/HM-armc/mutation/lowered-cpp/interpolate/interpolate.halide_generated.cpp:7371:69
interpolate,cxx_default_on_emitted_cpp,5eb72c8d,2,6,cxx_add_to_sub,interpolate.halide_generated.cpp,8555,36,generator_specific,-11,1,1,,,test1_demo;test2_golden,0,0.338,cxx_add_to_sub:/mnt/scratch1/ardi/dsl_mut/HM-armc/mutation/lowered-cpp/interpolate/interpolate.halide_generated.cpp:8555:36
interpolate,cxx_default_on_emitted_cpp,5eb72c8d,2,6,cxx_add_to_sub,interpolate.halide_generated.cpp,5737,26,generator_specific,0,0,1,,,test2_golden,0,3.431,cxx_add_to_sub:/mnt/scratch1/ardi/dsl_mut/HM-armc/mutation/lowered-cpp/interpolate/interpolate.halide_generated.cpp:5737:26
interpolate,cxx_default_on_emitted_cpp,5eb72c8d,2,6,cxx_add_to_sub,interpolate.halide_generated.cpp,9532,38,generator_specific,0,0,0,,,,0,2.972,cxx_add_to_sub:/mnt/scratch1/ardi/dsl_mut/HM-armc/mutation/lowered-cpp/interpolate/interpolate.halide_generated.cpp:9532:38
interpolate,cxx_default_on_emitted_cpp,5eb72c8d,2,6,cxx_add_to_sub,interpolate.halide_generated.cpp,7024,36,generator_specific,-11,1,1,,,test1_demo;test2_golden,0,0.295,cxx_add_to_sub:/mnt/scratch1/ardi/dsl_mut/HM-armc/mutation/lowered-cpp/interpolate/interpolate.halide_generated.cpp:7024:36
interpolate,cxx_default_on_emitted_cpp,5eb72c8d,2,6,cxx_post_inc_to_post_dec,interpolate.halide_generated.cpp,5098,96,generator_specific,-11,1,1,,,test1_demo;test2_golden,0,0.356,cxx_post_inc_to_post_dec:/mnt/scratch1/ardi/dsl_mut/HM-armc/mutation/lowered-cpp/interpolate/interpolate.halide_generated.cpp:5098:96
interpolate,cxx_default_on_emitted_cpp,5eb72c8d,2,6,cxx_mul_to_div,interpolate.halide_generated.cpp,4509,24,generator_specific,0,0,1,,,test2_golden,0,3.045,cxx_mul_to_div:/mnt/scratch1/ardi/dsl_mut/HM-armc/mutation/lowered-cpp/interpolate/interpolate.halide_generated.cpp:4509:24
interpolate,cxx_default_on_emitted_cpp,5eb72c8d,2,6,cxx_lt_to_le,interpolate.halide_generated.cpp,9997,28,generator_specific,0,0,1,,,test2_golden,0,2.776,cxx_lt_to_le:/mnt/scratch1/ardi/dsl_mut/HM-armc/mutation/lowered-cpp/interpolate/interpolate.halide_generated.cpp:9997:28
interpolate,cxx_default_on_emitted_cpp,5eb72c8d,2,6,cxx_sub_to_add,interpolate.halide_generated.cpp,10944,26,generator_specific,0,0,0,,,,0,3.110,cxx_sub_to_add:/mnt/scratch1/ardi/dsl_mut/HM-armc/mutation/lowered-cpp/interpolate/interpolate.halide_generated.cpp:10944:26
interpolate,cxx_default_on_emitted_cpp,5eb72c8d,2,6,cxx_add_to_sub,interpolate.halide_generated.cpp,8009,38,generator_specific,0,0,0,,,,0,3.355,cxx_add_to_sub:/mnt/scratch1/ardi/dsl_mut/HM-armc/mutation/lowered-cpp/interpolate/interpolate.halide_generated.cpp:8009:38
interpolate,cxx_default_on_emitted_cpp,5eb72c8d,2,6,cxx_add_to_sub,interpolate.halide_generated.cpp,9328,35,generator_specific,0,0,0,,,,0,2.986,cxx_add_to_sub:/mnt/scratch1/ardi/dsl_mut/HM-armc/mutation/lowered-cpp/interpolate/interpolate.halide_generated.cpp:9328:35
interpolate,cxx_default_on_emitted_cpp,5eb72c8d,2,6,cxx_add_to_sub,interpolate.halide_generated.cpp,4331,27,generator_specific,-11,1,1,,,test1_demo;test2_golden,0,0.287,cxx_add_to_sub:/mnt/scratch1/ardi/dsl_mut/HM-armc/mutation/lowered-cpp/interpolate/interpolate.halide_generated.cpp:4331:27
interpolate,cxx_default_on_emitted_cpp,5eb72c8d,2,6,cxx_mul_to_div,interpolate.halide_generated.cpp,4929,26,generator_specific,0,0,1,,,test2_golden,0,3.189,cxx_mul_to_div:/mnt/scratch1/ardi/dsl_mut/HM-armc/mutation/lowered-cpp/interpolate/interpolate.halide_generated.cpp:4929:26
interpolate,cxx_default_on_emitted_cpp,5eb72c8d,2,6,cxx_add_to_sub,interpolate.halide_generated.cpp,7628,38,generator_specific,0,0,1,,,test2_golden,0,3.611,cxx_add_to_sub:/mnt/scratch1/ardi/dsl_mut/HM-armc/mutation/lowered-cpp/interpolate/interpolate.halide_generated.cpp:7628:38
interpolate,cxx_default_on_emitted_cpp,5eb72c8d,2,6,cxx_add_to_sub,interpolate.halide_generated.cpp,9840,38,generator_specific,0,0,0,,,,0,3.242,cxx_add_to_sub:/mnt/scratch1/ardi/dsl_mut/HM-armc/mutation/lowered-cpp/interpolate/interpolate.halide_generated.cpp:9840:38
interpolate,cxx_default_on_emitted_cpp,5eb72c8d,2,6,cxx_ne_to_eq,interpolate.halide_generated.cpp,8907,28,generator_specific,0,0,1,,,test2_golden,0,3.017,cxx_ne_to_eq:/mnt/scratch1/ardi/dsl_mut/HM-armc/mutation/lowered-cpp/interpolate/interpolate.halide_generated.cpp:8907:28
interpolate,cxx_default_on_emitted_cpp,5eb72c8d,2,6,cxx_lt_to_ge,interpolate.halide_generated.cpp,4881,62,generator_specific,0,0,1,,,test2_golden,0,2.940,cxx_lt_to_ge:/mnt/scratch1/ardi/dsl_mut/HM-armc/mutation/lowered-cpp/interpolate/interpolate.halide_generated.cpp:4881:62
interpolate,cxx_default_on_emitted_cpp,5eb72c8d,2,6,cxx_add_to_sub,interpolate.halide_generated.cpp,4501,24,generator_specific,0,0,1,,,test2_golden,0,3.489,cxx_add_to_sub:/mnt/scratch1/ardi/dsl_mut/HM-armc/mutation/lowered-cpp/interpolate/interpolate.halide_generated.cpp:4501:24
interpolate,cxx_default_on_emitted_cpp,5eb72c8d,2,6,cxx_sub_to_add,interpolate.halide_generated.cpp,11258,27,generator_specific,0,0,1,,,test2_golden,0,2.815,cxx_sub_to_add:/mnt/scratch1/ardi/dsl_mut/HM-armc/mutation/lowered-cpp/interpolate/interpolate.halide_generated.cpp:11258:27
interpolate,cxx_default_on_emitted_cpp,5eb72c8d,2,6,cxx_mul_to_div,interpolate.halide_generated.cpp,6239,75,generator_specific,-11,1,1,,,test1_demo;test2_golden,0,0.462,cxx_mul_to_div:/mnt/scratch1/ardi/dsl_mut/HM-armc/mutation/lowered-cpp/interpolate/interpolate.halide_generated.cpp:6239:75
interpolate,cxx_default_on_emitted_cpp,5eb72c8d,2,6,cxx_mul_to_div,interpolate.halide_generated.cpp,6857,37,generator_specific,0,0,1,,,test2_golden,0,3.024,cxx_mul_to_div:/mnt/scratch1/ardi/dsl_mut/HM-armc/mutation/lowered-cpp/interpolate/interpolate.halide_generated.cpp:6857:37
interpolate,cxx_default_on_emitted_cpp,5eb72c8d,2,6,cxx_add_to_sub,interpolate.halide_generated.cpp,3741,25,generator_specific,0,0,0,,,,0,3.474,cxx_add_to_sub:/mnt/scratch1/ardi/dsl_mut/HM-armc/mutation/lowered-cpp/interpolate/interpolate.halide_generated.cpp:3741:25
interpolate,cxx_default_on_emitted_cpp,5eb72c8d,2,6,cxx_add_to_sub,interpolate.halide_generated.cpp,6624,37,generator_specific,0,0,1,,,test2_golden,0,3.946,cxx_add_to_sub:/mnt/scratch1/ardi/dsl_mut/HM-armc/mutation/lowered-cpp/interpolate/interpolate.halide_generated.cpp:6624:37
interpolate,cxx_default_on_emitted_cpp,5eb72c8d,2,6,cxx_sub_to_add,interpolate.halide_generated.cpp,11261,27,generator_specific,0,0,1,,,test2_golden,0,4.523,cxx_sub_to_add:/mnt/scratch1/ardi/dsl_mut/HM-armc/mutation/lowered-cpp/interpolate/interpolate.halide_generated.cpp:11261:27
interpolate,cxx_default_on_emitted_cpp,5eb72c8d,2,6,cxx_add_to_sub,interpolate.halide_generated.cpp,10262,36,generator_specific,0,0,0,,,,0,4.037,cxx_add_to_sub:/mnt/scratch1/ardi/dsl_mut/HM-armc/mutation/lowered-cpp/interpolate/interpolate.halide_generated.cpp:10262:36
interpolate,cxx_default_on_emitted_cpp,5eb72c8d,2,6,cxx_sub_to_add,interpolate.halide_generated.cpp,6463,34,generator_specific,0,0,1,,,test2_golden,0,2.820,cxx_sub_to_add:/mnt/scratch1/ardi/dsl_mut/HM-armc/mutation/lowered-cpp/interpolate/interpolate.halide_generated.cpp:6463:34
interpolate,cxx_default_on_emitted_cpp,5eb72c8d,2,6,cxx_add_to_sub,interpolate.halide_generated.cpp,8074,36,generator_specific,0,0,1,,,test2_golden,0,3.617,cxx_add_to_sub:/mnt/scratch1/ardi/dsl_mut/HM-armc/mutation/lowered-cpp/interpolate/interpolate.halide_generated.cpp:8074:36
interpolate,cxx_default_on_emitted_cpp,5eb72c8d,2,6,cxx_add_to_sub,interpolate.halide_generated.cpp,8104,36,generator_specific,0,0,0,,,,0,3.387,cxx_add_to_sub:/mnt/scratch1/ardi/dsl_mut/HM-armc/mutation/lowered-cpp/interpolate/interpolate.halide_generated.cpp:8104:36
interpolate,cxx_default_on_emitted_cpp,5eb72c8d,2,6,cxx_add_to_sub,interpolate.halide_generated.cpp,7229,37,generator_specific,0,0,1,,,test2_golden,0,3.417,cxx_add_to_sub:/mnt/scratch1/ardi/dsl_mut/HM-armc/mutation/lowered-cpp/interpolate/interpolate.halide_generated.cpp:7229:37
interpolate,cxx_default_on_emitted_cpp,5eb72c8d,2,6,cxx_add_to_sub,interpolate.halide_generated.cpp,6670,36,generator_specific,-11,1,1,,,test1_demo;test2_golden,0,0.593,cxx_add_to_sub:/mnt/scratch1/ardi/dsl_mut/HM-armc/mutation/lowered-cpp/interpolate/interpolate.halide_generated.cpp:6670:36
interpolate,cxx_default_on_emitted_cpp,5eb72c8d,2,6,cxx_add_to_sub,interpolate.halide_generated.cpp,12117,33,generator_specific,-11,1,1,,,test1_demo;test2_golden,0,0.550,cxx_add_to_sub:/mnt/scratch1/ardi/dsl_mut/HM-armc/mutation/lowered-cpp/interpolate/interpolate.halide_generated.cpp:12117:33
interpolate,cxx_default_on_emitted_cpp,5eb72c8d,2,6,cxx_add_to_sub,interpolate.halide_generated.cpp,7522,37,generator_specific,0,0,0,,,,0,3.593,cxx_add_to_sub:/mnt/scratch1/ardi/dsl_mut/HM-armc/mutation/lowered-cpp/interpolate/interpolate.halide_generated.cpp:7522:37
interpolate,cxx_default_on_emitted_cpp,5eb72c8d,2,6,cxx_remove_void_call,interpolate.halide_generated.cpp,5143,5,generator_specific,0,0,1,,,test2_golden,0,3.016,cxx_remove_void_call:/mnt/scratch1/ardi/dsl_mut/HM-armc/mutation/lowered-cpp/interpolate/interpolate.halide_generated.cpp:5143:5
interpolate,cxx_default_on_emitted_cpp,5eb72c8d,2,6,cxx_add_to_sub,interpolate.halide_generated.cpp,12207,33,generator_specific,0,0,0,,,,0,3.166,cxx_add_to_sub:/mnt/scratch1/ardi/dsl_mut/HM-armc/mutation/lowered-cpp/interpolate/interpolate.halide_generated.cpp:12207:33
interpolate,cxx_default_on_emitted_cpp,5eb72c8d,2,6,cxx_add_to_sub,interpolate.halide_generated.cpp,6561,37,generator_specific,0,0,1,,,test2_golden,0,2.826,cxx_add_to_sub:/mnt/scratch1/ardi/dsl_mut/HM-armc/mutation/lowered-cpp/interpolate/interpolate.halide_generated.cpp:6561:37
interpolate,cxx_default_on_emitted_cpp,5eb72c8d,2,6,cxx_add_to_sub,interpolate.halide_generated.cpp,3862,25,generator_specific,0,0,0,,,,0,3.369,cxx_add_to_sub:/mnt/scratch1/ardi/dsl_mut/HM-armc/mutation/lowered-cpp/interpolate/interpolate.halide_generated.cpp:3862:25
interpolate,cxx_default_on_emitted_cpp,5eb72c8d,2,6,cxx_add_to_sub,interpolate.halide_generated.cpp,10753,26,generator_specific,0,0,0,,,,0,3.101,cxx_add_to_sub:/mnt/scratch1/ardi/dsl_mut/HM-armc/mutation/lowered-cpp/interpolate/interpolate.halide_generated.cpp:10753:26
interpolate,cxx_default_on_emitted_cpp,5eb72c8d,2,6,cxx_mul_to_div,interpolate.halide_generated.cpp,4017,26,generator_specific,0,0,1,,,test2_golden,0,3.274,cxx_mul_to_div:/mnt/scratch1/ardi/dsl_mut/HM-armc/mutation/lowered-cpp/interpolate/interpolate.halide_generated.cpp:4017:26
interpolate,cxx_default_on_emitted_cpp,5eb72c8d,2,6,cxx_mul_to_div,interpolate.halide_generated.cpp,7034,37,generator_specific,0,0,1,,,test2_golden,0,3.832,cxx_mul_to_div:/mnt/scratch1/ardi/dsl_mut/HM-armc/mutation/lowered-cpp/interpolate/interpolate.halide_generated.cpp:7034:37
interpolate,cxx_default_on_emitted_cpp,5eb72c8d,2,6,cxx_add_to_sub,interpolate.halide_generated.cpp,8610,36,generator_specific,0,0,0,,,,0,2.927,cxx_add_to_sub:/mnt/scratch1/ardi/dsl_mut/HM-armc/mutation/lowered-cpp/interpolate/interpolate.halide_generated.cpp:8610:36
interpolate,cxx_default_on_emitted_cpp,5eb72c8d,2,6,cxx_gt_to_le,interpolate.halide_generated.cpp,6206,27,generator_specific,-11,1,1,,,test1_demo;test2_golden,0,0.481,cxx_gt_to_le:/mnt/scratch1/ardi/dsl_mut/HM-armc/mutation/lowered-cpp/interpolate/interpolate.halide_generated.cpp:6206:27
interpolate,cxx_default_on_emitted_cpp,5eb72c8d,2,6,cxx_add_to_sub,interpolate.halide_generated.cpp,7868,38,generator_specific,-11,1,1,,,test1_demo;test2_golden,0,0.476,cxx_add_to_sub:/mnt/scratch1/ardi/dsl_mut/HM-armc/mutation/lowered-cpp/interpolate/interpolate.halide_generated.cpp:7868:38
interpolate,cxx_default_on_emitted_cpp,5eb72c8d,2,6,cxx_add_to_sub,interpolate.halide_generated.cpp,6616,38,generator_specific,0,0,1,,,test2_golden,0,3.349,cxx_add_to_sub:/mnt/scratch1/ardi/dsl_mut/HM-armc/mutation/lowered-cpp/interpolate/interpolate.halide_generated.cpp:6616:38
interpolate,cxx_default_on_emitted_cpp,5eb72c8d,2,6,cxx_add_to_sub,interpolate.halide_generated.cpp,11226,26,generator_specific,0,0,1,,,test2_golden,0,3.859,cxx_add_to_sub:/mnt/scratch1/ardi/dsl_mut/HM-armc/mutation/lowered-cpp/interpolate/interpolate.halide_generated.cpp:11226:26
interpolate,cxx_default_on_emitted_cpp,5eb72c8d,2,6,cxx_sub_to_add,interpolate.halide_generated.cpp,11913,32,generator_specific,0,0,0,,,,0,4.153,cxx_sub_to_add:/mnt/scratch1/ardi/dsl_mut/HM-armc/mutation/lowered-cpp/interpolate/interpolate.halide_generated.cpp:11913:32
interpolate,cxx_default_on_emitted_cpp,5eb72c8d,2,6,cxx_add_to_sub,interpolate.halide_generated.cpp,5318,27,generator_specific,0,0,1,,,test2_golden,0,4.203,cxx_add_to_sub:/mnt/scratch1/ardi/dsl_mut/HM-armc/mutation/lowered-cpp/interpolate/interpolate.halide_generated.cpp:5318:27
interpolate,cxx_default_on_emitted_cpp,5eb72c8d,2,6,cxx_add_to_sub,interpolate.halide_generated.cpp,7623,37,generator_specific,0,0,1,,,test2_golden,0,3.872,cxx_add_to_sub:/mnt/scratch1/ardi/dsl_mut/HM-armc/mutation/lowered-cpp/interpolate/interpolate.halide_generated.cpp:7623:37
interpolate,cxx_default_on_emitted_cpp,5eb72c8d,2,6,cxx_sub_to_add,interpolate.halide_generated.cpp,9940,37,generator_specific,0,0,0,,,,0,3.480,cxx_sub_to_add:/mnt/scratch1/ardi/dsl_mut/HM-armc/mutation/lowered-cpp/interpolate/interpolate.halide_generated.cpp:9940:37
interpolate,cxx_default_on_emitted_cpp,5eb72c8d,2,6,cxx_sub_to_add,interpolate.halide_generated.cpp,11974,33,generator_specific,0,0,1,,,test2_golden,0,3.299,cxx_sub_to_add:/mnt/scratch1/ardi/dsl_mut/HM-armc/mutation/lowered-cpp/interpolate/interpolate.halide_generated.cpp:11974:33
interpolate,cxx_default_on_emitted_cpp,5eb72c8d,2,6,cxx_mul_to_div,interpolate.halide_generated.cpp,8322,36,generator_specific,0,0,1,,,test2_golden,0,3.069,cxx_mul_to_div:/mnt/scratch1/ardi/dsl_mut/HM-armc/mutation/lowered-cpp/interpolate/interpolate.halide_generated.cpp:8322:36
interpolate,cxx_default_on_emitted_cpp,5eb72c8d,2,6,cxx_post_inc_to_post_dec,interpolate.halide_generated.cpp,9811,127,generator_specific,0,0,0,,,,0,3.148,cxx_post_inc_to_post_dec:/mnt/scratch1/ardi/dsl_mut/HM-armc/mutation/lowered-cpp/interpolate/interpolate.halide_generated.cpp:9811:127
interpolate,cxx_default_on_emitted_cpp,5eb72c8d,2,6,cxx_mul_to_div,interpolate.halide_generated.cpp,3934,25,generator_specific,-8,1,1,,,test1_demo;test2_golden,0,0.258,cxx_mul_to_div:/mnt/scratch1/ardi/dsl_mut/HM-armc/mutation/lowered-cpp/interpolate/interpolate.halide_generated.cpp:3934:25
interpolate,cxx_default_on_emitted_cpp,5eb72c8d,2,6,cxx_mul_to_div,interpolate.halide_generated.cpp,8775,36,generator_specific,0,0,0,,,,0,2.971,cxx_mul_to_div:/mnt/scratch1/ardi/dsl_mut/HM-armc/mutation/lowered-cpp/interpolate/interpolate.halide_generated.cpp:8775:36
interpolate,cxx_default_on_emitted_cpp,5eb72c8d,2,6,cxx_add_to_sub,interpolate.halide_generated.cpp,9169,38,generator_specific,0,0,0,,,,0,3.799,cxx_add_to_sub:/mnt/scratch1/ardi/dsl_mut/HM-armc/mutation/lowered-cpp/interpolate/interpolate.halide_generated.cpp:9169:38
interpolate,cxx_default_on_emitted_cpp,5eb72c8d,2,6,cxx_lt_to_le,interpolate.halide_generated.cpp,9160,75,generator_specific,0,0,0,,,,0,3.553,cxx_lt_to_le:/mnt/scratch1/ardi/dsl_mut/HM-armc/mutation/lowered-cpp/interpolate/interpolate.halide_generated.cpp:9160:75
interpolate,cxx_default_on_emitted_cpp,5eb72c8d,2,6,cxx_sub_to_add,interpolate.halide_generated.cpp,11350,28,generator_specific,0,0,1,,,test2_golden,0,3.348,cxx_sub_to_add:/mnt/scratch1/ardi/dsl_mut/HM-armc/mutation/lowered-cpp/interpolate/interpolate.halide_generated.cpp:11350:28
interpolate,cxx_default_on_emitted_cpp,5eb72c8d,2,6,cxx_mul_to_div,interpolate.halide_generated.cpp,4861,25,generator_specific,0,0,1,,,test2_golden,0,3.106,cxx_mul_to_div:/mnt/scratch1/ardi/dsl_mut/HM-armc/mutation/lowered-cpp/interpolate/interpolate.halide_generated.cpp:4861:25
interpolate,cxx_default_on_emitted_cpp,5eb72c8d,2,6,cxx_mul_to_div,interpolate.halide_generated.cpp,8459,35,generator_specific,0,0,1,,,test2_golden,0,3.367,cxx_mul_to_div:/mnt/scratch1/ardi/dsl_mut/HM-armc/mutation/lowered-cpp/interpolate/interpolate.halide_generated.cpp:8459:35
interpolate,cxx_default_on_emitted_cpp,5eb72c8d,2,6,cxx_sub_to_add,interpolate.halide_generated.cpp,6465,34,generator_specific,-11,1,1,,,test1_demo;test2_golden,0,0.302,cxx_sub_to_add:/mnt/scratch1/ardi/dsl_mut/HM-armc/mutation/lowered-cpp/interpolate/interpolate.halide_generated.cpp:6465:34
interpolate,cxx_default_on_emitted_cpp,5eb72c8d,2,6,cxx_add_to_sub,interpolate.halide_generated.cpp,4658,23,generator_specific,0,0,1,,,test2_golden,0,3.377,cxx_add_to_sub:/mnt/scratch1/ardi/dsl_mut/HM-armc/mutation/lowered-cpp/interpolate/interpolate.halide_generated.cpp:4658:23
interpolate,cxx_default_on_emitted_cpp,5eb72c8d,2,6,cxx_add_to_sub,interpolate.halide_generated.cpp,4118,28,generator_specific,-11,1,1,,,test1_demo;test2_golden,0,0.387,cxx_add_to_sub:/mnt/scratch1/ardi/dsl_mut/HM-armc/mutation/lowered-cpp/interpolate/interpolate.halide_generated.cpp:4118:28
interpolate,cxx_default_on_emitted_cpp,5eb72c8d,2,6,cxx_add_to_sub,interpolate.halide_generated.cpp,5279,25,generator_specific,-11,1,1,,,test1_demo;test2_golden,0,0.383,cxx_add_to_sub:/mnt/scratch1/ardi/dsl_mut/HM-armc/mutation/lowered-cpp/interpolate/interpolate.halide_generated.cpp:5279:25
interpolate,cxx_default_on_emitted_cpp,5eb72c8d,2,6,cxx_add_to_sub,interpolate.halide_generated.cpp,8773,36,generator_specific,0,0,0,,,,0,3.297,cxx_add_to_sub:/mnt/scratch1/ardi/dsl_mut/HM-armc/mutation/lowered-cpp/interpolate/interpolate.halide_generated.cpp:8773:36
interpolate,cxx_default_on_emitted_cpp,5eb72c8d,2,6,cxx_add_to_sub,interpolate.halide_generated.cpp,3929,25,generator_specific,0,0,1,,,test2_golden,0,2.980,cxx_add_to_sub:/mnt/scratch1/ardi/dsl_mut/HM-armc/mutation/lowered-cpp/interpolate/interpolate.halide_generated.cpp:3929:25
interpolate,cxx_default_on_emitted_cpp,5eb72c8d,2,6,cxx_add_to_sub,interpolate.halide_generated.cpp,8612,36,generator_specific,0,0,0,,,,0,3.630,cxx_add_to_sub:/mnt/scratch1/ardi/dsl_mut/HM-armc/mutation/lowered-cpp/interpolate/interpolate.halide_generated.cpp:8612:36
interpolate,cxx_default_on_emitted_cpp,5eb72c8d,2,6,cxx_add_to_sub,interpolate.halide_generated.cpp,9505,38,generator_specific,0,0,1,,,test2_golden,0,3.845,cxx_add_to_sub:/mnt/scratch1/ardi/dsl_mut/HM-armc/mutation/lowered-cpp/interpolate/interpolate.halide_generated.cpp:9505:38
interpolate,cxx_default_on_emitted_cpp,5eb72c8d,2,6,cxx_add_to_sub,interpolate.halide_generated.cpp,5109,27,generator_specific,0,0,1,,,test2_golden,0,3.181,cxx_add_to_sub:/mnt/scratch1/ardi/dsl_mut/HM-armc/mutation/lowered-cpp/interpolate/interpolate.halide_generated.cpp:5109:27
interpolate,cxx_default_on_emitted_cpp,5eb72c8d,2,6,cxx_lt_to_le,interpolate.halide_generated.cpp,9775,28,generator_specific,0,0,0,,,,0,3.192,cxx_lt_to_le:/mnt/scratch1/ardi/dsl_mut/HM-armc/mutation/lowered-cpp/interpolate/interpolate.halide_generated.cpp:9775:28
interpolate,cxx_default_on_emitted_cpp,5eb72c8d,2,6,cxx_add_to_sub,interpolate.halide_generated.cpp,3735,24,generator_specific,0,0,0,,,,0,3.439,cxx_add_to_sub:/mnt/scratch1/ardi/dsl_mut/HM-armc/mutation/lowered-cpp/interpolate/interpolate.halide_generated.cpp:3735:24
interpolate,cxx_default_on_emitted_cpp,5eb72c8d,2,6,cxx_add_to_sub,interpolate.halide_generated.cpp,7329,38,generator_specific,0,0,0,,,,0,3.285,cxx_add_to_sub:/mnt/scratch1/ardi/dsl_mut/HM-armc/mutation/lowered-cpp/interpolate/interpolate.halide_generated.cpp:7329:38
interpolate,cxx_default_on_emitted_cpp,5eb72c8d,2,6,cxx_mul_to_div,interpolate.halide_generated.cpp,5717,26,generator_specific,-8,1,1,,,test1_demo;test2_golden,0,0.364,cxx_mul_to_div:/mnt/scratch1/ardi/dsl_mut/HM-armc/mutation/lowered-cpp/interpolate/interpolate.halide_generated.cpp:5717:26
interpolate,cxx_default_on_emitted_cpp,5eb72c8d,2,6,cxx_mul_to_div,interpolate.halide_generated.cpp,8372,35,generator_specific,0,0,1,,,test2_golden,0,3.342,cxx_mul_to_div:/mnt/scratch1/ardi/dsl_mut/HM-armc/mutation/lowered-cpp/interpolate/interpolate.halide_generated.cpp:8372:35
interpolate,cxx_default_on_emitted_cpp,5eb72c8d,2,6,cxx_remove_void_call,interpolate.halide_generated.cpp,8045,16,generator_specific,0,0,0,,,,0,2.865,cxx_remove_void_call:/mnt/scratch1/ardi/dsl_mut/HM-armc/mutation/lowered-cpp/interpolate/interpolate.halide_generated.cpp:8045:16
interpolate,cxx_default_on_emitted_cpp,5eb72c8d,2,6,cxx_add_to_sub,interpolate.halide_generated.cpp,7567,90,generator_specific,0,0,1,,,test2_golden,0,3.465,cxx_add_to_sub:/mnt/scratch1/ardi/dsl_mut/HM-armc/mutation/lowered-cpp/interpolate/interpolate.halide_generated.cpp:7567:90
interpolate,cxx_default_on_emitted_cpp,5eb72c8d,2,6,cxx_add_to_sub,interpolate.halide_generated.cpp,9507,38,generator_specific,0,0,1,,,test2_golden,0,3.182,cxx_add_to_sub:/mnt/scratch1/ardi/dsl_mut/HM-armc/mutation/lowered-cpp/interpolate/interpolate.halide_generated.cpp:9507:38
interpolate,cxx_default_on_emitted_cpp,5eb72c8d,2,6,cxx_le_to_gt,interpolate.halide_generated.cpp,10696,18,generator_specific,-6,1,1,,,test1_demo;test2_golden,0,0.257,cxx_le_to_gt:/mnt/scratch1/ardi/dsl_mut/HM-armc/mutation/lowered-cpp/interpolate/interpolate.halide_generated.cpp:10696:18
interpolate,cxx_default_on_emitted_cpp,5eb72c8d,2,6,cxx_mul_to_div,interpolate.halide_generated.cpp,9838,55,generator_specific,0,0,0,,,,0,3.487,cxx_mul_to_div:/mnt/scratch1/ardi/dsl_mut/HM-armc/mutation/lowered-cpp/interpolate/interpolate.halide_generated.cpp:9838:55
interpolate,cxx_default_on_emitted_cpp,5eb72c8d,2,6,cxx_add_to_sub,interpolate.halide_generated.cpp,9223,35,generator_specific,0,0,0,,,,0,3.952,cxx_add_to_sub:/mnt/scratch1/ardi/dsl_mut/HM-armc/mutation/lowered-cpp/interpolate/interpolate.halide_generated.cpp:9223:35
interpolate,cxx_default_on_emitted_cpp,5eb72c8d,2,6,cxx_add_to_sub,interpolate.halide_generated.cpp,9390,38,generator_specific,0,0,0,,,,0,3.439,cxx_add_to_sub:/mnt/scratch1/ardi/dsl_mut/HM-armc/mutation/lowered-cpp/interpolate/interpolate.halide_generated.cpp:9390:38
interpolate,cxx_default_on_emitted_cpp,5eb72c8d,2,6,cxx_add_to_sub,interpolate.halide_generated.cpp,7846,38,generator_specific,-11,1,1,,,test1_demo;test2_golden,0,0.361,cxx_add_to_sub:/mnt/scratch1/ardi/dsl_mut/HM-armc/mutation/lowered-cpp/interpolate/interpolate.halide_generated.cpp:7846:38
interpolate,cxx_default_on_emitted_cpp,5eb72c8d,2,6,cxx_add_to_sub,interpolate.halide_generated.cpp,10032,37,generator_specific,0,0,0,,,,0,3.249,cxx_add_to_sub:/mnt/scratch1/ardi/dsl_mut/HM-armc/mutation/lowered-cpp/interpolate/interpolate.halide_generated.cpp:10032:37
interpolate,cxx_default_on_emitted_cpp,5eb72c8d,2,6,cxx_sub_to_add,interpolate.halide_generated.cpp,11041,25,generator_specific,0,0,1,,,test2_golden,0,3.281,cxx_sub_to_add:/mnt/scratch1/ardi/dsl_mut/HM-armc/mutation/lowered-cpp/interpolate/interpolate.halide_generated.cpp:11041:25
interpolate,cxx_default_on_emitted_cpp,5eb72c8d,2,6,cxx_mul_to_div,interpolate.halide_generated.cpp,4470,23,generator_specific,-11,1,1,,,test1_demo;test2_golden,0,0.553,cxx_mul_to_div:/mnt/scratch1/ardi/dsl_mut/HM-armc/mutation/lowered-cpp/interpolate/interpolate.halide_generated.cpp:4470:23
interpolate,cxx_default_on_emitted_cpp,5eb72c8d,2,6,cxx_mul_to_div,interpolate.halide_generated.cpp,6330,77,generator_specific,-11,1,1,,,test1_demo;test2_golden,0,0.608,cxx_mul_to_div:/mnt/scratch1/ardi/dsl_mut/HM-armc/mutation/lowered-cpp/interpolate/interpolate.halide_generated.cpp:6330:77
interpolate,cxx_default_on_emitted_cpp,5eb72c8d,2,6,cxx_remove_void_call,interpolate.halide_generated.cpp,5054,2,generator_specific,0,0,0,,,,0,3.432,cxx_remove_void_call:/mnt/scratch1/ardi/dsl_mut/HM-armc/mutation/lowered-cpp/interpolate/interpolate.halide_generated.cpp:5054:2
interpolate,cxx_default_on_emitted_cpp,5eb72c8d,2,6,cxx_add_to_sub,interpolate.halide_generated.cpp,7632,37,generator_specific,0,0,1,,,test2_golden,0,3.690,cxx_add_to_sub:/mnt/scratch1/ardi/dsl_mut/HM-armc/mutation/lowered-cpp/interpolate/interpolate.halide_generated.cpp:7632:37
interpolate,cxx_default_on_emitted_cpp,5eb72c8d,2,6,cxx_add_to_sub,interpolate.halide_generated.cpp,12076,33,generator_specific,0,0,0,,,,0,3.281,cxx_add_to_sub:/mnt/scratch1/ardi/dsl_mut/HM-armc/mutation/lowered-cpp/interpolate/interpolate.halide_generated.cpp:12076:33
interpolate,cxx_default_on_emitted_cpp,5eb72c8d,2,6,cxx_add_to_sub,interpolate.halide_generated.cpp,3957,26,generator_specific,0,0,1,,,test2_golden,0,3.426,cxx_add_to_sub:/mnt/scratch1/ardi/dsl_mut/HM-armc/mutation/lowered-cpp/interpolate/interpolate.halide_generated.cpp:3957:26
interpolate,cxx_default_on_emitted_cpp,5eb72c8d,2,6,cxx_add_to_sub,interpolate.halide_generated.cpp,10233,36,generator_specific,0,0,0,,,,0,3.469,cxx_add_to_sub:/mnt/scratch1/ardi/dsl_mut/HM-armc/mutation/lowered-cpp/interpolate/interpolate.halide_generated.cpp:10233:36
interpolate,cxx_default_on_emitted_cpp,5eb72c8d,2,6,cxx_mul_to_div,interpolate.halide_generated.cpp,4976,26,generator_specific,0,0,0,,,,0,3.832,cxx_mul_to_div:/mnt/scratch1/ardi/dsl_mut/HM-armc/mutation/lowered-cpp/interpolate/interpolate.halide_generated.cpp:4976:26
interpolate,cxx_default_on_emitted_cpp,5eb72c8d,2,6,cxx_add_to_sub,interpolate.halide_generated.cpp,7029,60,generator_specific,0,0,1,,,test2_golden,0,3.197,cxx_add_to_sub:/mnt/scratch1/ardi/dsl_mut/HM-armc/mutation/lowered-cpp/interpolate/interpolate.halide_generated.cpp:7029:60
interpolate,cxx_default_on_emitted_cpp,5eb72c8d,2,6,cxx_add_to_sub,interpolate.halide_generated.cpp,9167,38,generator_specific,0,0,0,,,,0,3.022,cxx_add_to_sub:/mnt/scratch1/ardi/dsl_mut/HM-armc/mutation/lowered-cpp/interpolate/interpolate.halide_generated.cpp:9167:38
interpolate,cxx_default_on_emitted_cpp,5eb72c8d,2,6,cxx_mul_to_div,interpolate.halide_generated.cpp,8926,56,generator_specific,0,0,0,,,,0,3.339,cxx_mul_to_div:/mnt/scratch1/ardi/dsl_mut/HM-armc/mutation/lowered-cpp/interpolate/interpolate.halide_generated.cpp:8926:56
interpolate,cxx_default_on_emitted_cpp,5eb72c8d,2,6,cxx_mul_to_div,interpolate.halide_generated.cpp,6843,36,generator_specific,0,0,1,,,test2_golden,0,3.479,cxx_mul_to_div:/mnt/scratch1/ardi/dsl_mut/HM-armc/mutation/lowered-cpp/interpolate/interpolate.halide_generated.cpp:6843:36
interpolate,cxx_default_on_emitted_cpp,5eb72c8d,2,6,cxx_mul_to_div,interpolate.halide_generated.cpp,8462,35,generator_specific,0,0,1,,,test2_golden,0,3.648,cxx_mul_to_div:/mnt/scratch1/ardi/dsl_mut/HM-armc/mutation/lowered-cpp/interpolate/interpolate.halide_generated.cpp:8462:35
interpolate,cxx_default_on_emitted_cpp,5eb72c8d,2,6,cxx_replace_scalar_call,interpolate.halide_generated.cpp,10514,18,generator_specific,0,0,0,,,,0,3.224,cxx_replace_scalar_call:/mnt/scratch1/ardi/dsl_mut/HM-armc/mutation/lowered-cpp/interpolate/interpolate.halide_generated.cpp:10514:18
interpolate,cxx_default_on_emitted_cpp,5eb72c8d,2,6,cxx_remove_void_call,interpolate.halide_generated.cpp,5012,2,generator_specific,0,0,0,,,,0,3.135,cxx_remove_void_call:/mnt/scratch1/ardi/dsl_mut/HM-armc/mutation/lowered-cpp/interpolate/interpolate.halide_generated.cpp:5012:2
interpolate,cxx_default_on_emitted_cpp,5eb72c8d,2,6,cxx_add_to_sub,interpolate.halide_generated.cpp,5283,26,generator_specific,-6,1,1,,,test1_demo;test2_golden,0,0.429,cxx_add_to_sub:/mnt/scratch1/ardi/dsl_mut/HM-armc/mutation/lowered-cpp/interpolate/interpolate.halide_generated.cpp:5283:26
interpolate,cxx_default_on_emitted_cpp,5eb72c8d,2,6,cxx_add_to_sub,interpolate.halide_generated.cpp,9798,36,generator_specific,0,0,1,,,test2_golden,0,3.043,cxx_add_to_sub:/mnt/scratch1/ardi/dsl_mut/HM-armc/mutation/lowered-cpp/interpolate/interpolate.halide_generated.cpp:9798:36
interpolate,cxx_default_on_emitted_cpp,5eb72c8d,2,6,cxx_lt_to_ge,interpolate.halide_generated.cpp,9131,69,generator_specific,0,0,0,,,,0,3.298,cxx_lt_to_ge:/mnt/scratch1/ardi/dsl_mut/HM-armc/mutation/lowered-cpp/interpolate/interpolate.halide_generated.cpp:9131:69
interpolate,cxx_default_on_emitted_cpp,5eb72c8d,2,6,cxx_add_to_sub,interpolate.halide_generated.cpp,4937,27,generator_specific,-6,1,1,,,test1_demo;test2_golden,0,0.825,cxx_add_to_sub:/mnt/scratch1/ardi/dsl_mut/HM-armc/mutation/lowered-cpp/interpolate/interpolate.halide_generated.cpp:4937:27
interpolate,cxx_default_on_emitted_cpp,5eb72c8d,2,6,cxx_post_inc_to_post_dec,interpolate.halide_generated.cpp,7902,98,generator_specific,-11,1,1,,,test1_demo;test2_golden,0,0.315,cxx_post_inc_to_post_dec:/mnt/scratch1/ardi/dsl_mut/HM-armc/mutation/lowered-cpp/interpolate/interpolate.halide_generated.cpp:7902:98
interpolate,cxx_default_on_emitted_cpp,5eb72c8d,2,6,cxx_gt_to_le,interpolate.halide_generated.cpp,11582,31,generator_specific,-11,1,1,,,test1_demo;test2_golden,0,0.491,cxx_gt_to_le:/mnt/scratch1/ardi/dsl_mut/HM-armc/mutation/lowered-cpp/interpolate/interpolate.halide_generated.cpp:11582:31
interpolate,cxx_default_on_emitted_cpp,5eb72c8d,2,6,cxx_add_to_sub,interpolate.halide_generated.cpp,4151,25,generator_specific,0,0,1,,,test2_golden,0,3.186,cxx_add_to_sub:/mnt/scratch1/ardi/dsl_mut/HM-armc/mutation/lowered-cpp/interpolate/interpolate.halide_generated.cpp:4151:25
interpolate,cxx_default_on_emitted_cpp,5eb72c8d,2,6,cxx_sub_to_add,interpolate.halide_generated.cpp,9478,37,generator_specific,0,0,1,,,test2_golden,0,4.190,cxx_sub_to_add:/mnt/scratch1/ardi/dsl_mut/HM-armc/mutation/lowered-cpp/interpolate/interpolate.halide_generated.cpp:9478:37
interpolate,cxx_default_on_emitted_cpp,5eb72c8d,2,6,cxx_sub_to_add,interpolate.halide_generated.cpp,12139,33,generator_specific,0,0,0,,,,0,2.919,cxx_sub_to_add:/mnt/scratch1/ardi/dsl_mut/HM-armc/mutation/lowered-cpp/interpolate/interpolate.halide_generated.cpp:12139:33
interpolate,cxx_default_on_emitted_cpp,5eb72c8d,2,6,cxx_mul_to_div,interpolate.halide_generated.cpp,9165,38,generator_specific,0,0,0,,,,0,3.186,cxx_mul_to_div:/mnt/scratch1/ardi/dsl_mut/HM-armc/mutation/lowered-cpp/interpolate/interpolate.halide_generated.cpp:9165:38
interpolate,cxx_default_on_emitted_cpp,5eb72c8d,2,6,cxx_lt_to_le,interpolate.halide_generated.cpp,6945,75,generator_specific,0,0,0,,,,0,4.322,cxx_lt_to_le:/mnt/scratch1/ardi/dsl_mut/HM-armc/mutation/lowered-cpp/interpolate/interpolate.halide_generated.cpp:6945:75
interpolate,cxx_default_on_emitted_cpp,5eb72c8d,2,6,cxx_add_to_sub,interpolate.halide_generated.cpp,9457,36,generator_specific,0,0,0,,,,0,3.329,cxx_add_to_sub:/mnt/scratch1/ardi/dsl_mut/HM-armc/mutation/lowered-cpp/interpolate/interpolate.halide_generated.cpp:9457:36
interpolate,cxx_default_on_emitted_cpp,5eb72c8d,2,6,cxx_add_to_sub,interpolate.halide_generated.cpp,12274,33,generator_specific,0,0,0,,,,0,3.255,cxx_add_to_sub:/mnt/scratch1/ardi/dsl_mut/HM-armc/mutation/lowered-cpp/interpolate/interpolate.halide_generated.cpp:12274:33
interpolate,cxx_default_on_emitted_cpp,5eb72c8d,2,6,cxx_gt_to_le,interpolate.halide_generated.cpp,11354,74,generator_specific,-6,1,1,,,test1_demo;test2_golden,0,0.351,cxx_gt_to_le:/mnt/scratch1/ardi/dsl_mut/HM-armc/mutation/lowered-cpp/interpolate/interpolate.halide_generated.cpp:11354:74
interpolate,cxx_default_on_emitted_cpp,5eb72c8d,2,6,cxx_post_inc_to_post_dec,interpolate.halide_generated.cpp,9358,127,generator_specific,0,0,0,,,,0,3.196,cxx_post_inc_to_post_dec:/mnt/scratch1/ardi/dsl_mut/HM-armc/mutation/lowered-cpp/interpolate/interpolate.halide_generated.cpp:9358:127
interpolate,cxx_default_on_emitted_cpp,5eb72c8d,2,6,cxx_le_to_lt,interpolate.halide_generated.cpp,10788,22,generator_specific,0,0,1,,,test2_golden,0,1.263,cxx_le_to_lt:/mnt/scratch1/ardi/dsl_mut/HM-armc/mutation/lowered-cpp/interpolate/interpolate.halide_generated.cpp:10788:22
interpolate,cxx_default_on_emitted_cpp,5eb72c8d,2,6,cxx_sub_to_add,interpolate.halide_generated.cpp,5468,25,generator_specific,-11,1,1,,,test1_demo;test2_golden,0,0.370,cxx_sub_to_add:/mnt/scratch1/ardi/dsl_mut/HM-armc/mutation/lowered-cpp/interpolate/interpolate.halide_generated.cpp:5468:25
interpolate,cxx_default_on_emitted_cpp,5eb72c8d,2,6,cxx_add_to_sub,interpolate.halide_generated.cpp,9017,32,generator_specific,0,0,1,,,test2_golden,0,3.788,cxx_add_to_sub:/mnt/scratch1/ardi/dsl_mut/HM-armc/mutation/lowered-cpp/interpolate/interpolate.halide_generated.cpp:9017:32
interpolate,cxx_default_on_emitted_cpp,5eb72c8d,2,6,cxx_add_to_sub,interpolate.halide_generated.cpp,3999,26,generator_specific,0,0,1,,,test2_golden,0,3.509,cxx_add_to_sub:/mnt/scratch1/ardi/dsl_mut/HM-armc/mutation/lowered-cpp/interpolate/interpolate.halide_generated.cpp:3999:26
interpolate,cxx_default_on_emitted_cpp,5eb72c8d,2,6,cxx_remove_void_call,interpolate.halide_generated.cpp,6051,2,generator_specific,0,0,0,,,,0,3.549,cxx_remove_void_call:/mnt/scratch1/ardi/dsl_mut/HM-armc/mutation/lowered-cpp/interpolate/interpolate.halide_generated.cpp:6051:2
interpolate,cxx_default_on_emitted_cpp,5eb72c8d,2,6,cxx_add_to_sub,interpolate.halide_generated.cpp,7294,37,generator_specific,0,0,0,,,,0,3.239,cxx_add_to_sub:/mnt/scratch1/ardi/dsl_mut/HM-armc/mutation/lowered-cpp/interpolate/interpolate.halide_generated.cpp:7294:37
interpolate,cxx_default_on_emitted_cpp,5eb72c8d,2,6,cxx_lt_to_ge,interpolate.halide_generated.cpp,5264,64,generator_specific,0,0,1,,,test2_golden,0,2.750,cxx_lt_to_ge:/mnt/scratch1/ardi/dsl_mut/HM-armc/mutation/lowered-cpp/interpolate/interpolate.halide_generated.cpp:5264:64
interpolate,cxx_default_on_emitted_cpp,5eb72c8d,2,6,cxx_add_to_sub,interpolate.halide_generated.cpp,8359,36,generator_specific,0,0,1,,,test2_golden,0,3.506,cxx_add_to_sub:/mnt/scratch1/ardi/dsl_mut/HM-armc/mutation/lowered-cpp/interpolate/interpolate.halide_generated.cpp:8359:36
interpolate,cxx_default_on_emitted_cpp,5eb72c8d,2,6,cxx_add_to_sub,interpolate.halide_generated.cpp,4996,26,generator_specific,0,0,0,,,,0,3.512,cxx_add_to_sub:/mnt/scratch1/ardi/dsl_mut/HM-armc/mutation/lowered-cpp/interpolate/interpolate.halide_generated.cpp:4996:26
interpolate,cxx_default_on_emitted_cpp,5eb72c8d,2,6,cxx_post_inc_to_post_dec,interpolate.halide_generated.cpp,10120,96,generator_specific,0,0,0,,,,0,3.180,cxx_post_inc_to_post_dec:/mnt/scratch1/ardi/dsl_mut/HM-armc/mutation/lowered-cpp/interpolate/interpolate.halide_generated.cpp:10120:96
interpolate,cxx_default_on_emitted_cpp,5eb72c8d,2,6,cxx_add_to_sub,interpolate.halide_generated.cpp,8793,36,generator_specific,0,0,0,,,,0,3.102,cxx_add_to_sub:/mnt/scratch1/ardi/dsl_mut/HM-armc/mutation/lowered-cpp/interpolate/interpolate.halide_generated.cpp:8793:36
interpolate,cxx_default_on_emitted_cpp,5eb72c8d,2,6,cxx_add_to_sub,interpolate.halide_generated.cpp,5084,25,generator_specific,0,0,1,,,test2_golden,0,3.666,cxx_add_to_sub:/mnt/scratch1/ardi/dsl_mut/HM-armc/mutation/lowered-cpp/interpolate/interpolate.halide_generated.cpp:5084:25
interpolate,cxx_default_on_emitted_cpp,5eb72c8d,2,6,cxx_mul_to_div,interpolate.halide_generated.cpp,7553,51,generator_specific,0,0,1,,,test2_golden,0,3.820,cxx_mul_to_div:/mnt/scratch1/ardi/dsl_mut/HM-armc/mutation/lowered-cpp/interpolate/interpolate.halide_generated.cpp:7553:51
interpolate,cxx_default_on_emitted_cpp,5eb72c8d,2,6,cxx_ne_to_eq,interpolate.halide_generated.cpp,10406,21,generator_specific,-6,1,1,,,test1_demo;test2_golden,0,0.246,cxx_ne_to_eq:/mnt/scratch1/ardi/dsl_mut/HM-armc/mutation/lowered-cpp/interpolate/interpolate.halide_generated.cpp:10406:21
interpolate,cxx_default_on_emitted_cpp,5eb72c8d,2,6,cxx_mul_to_div,interpolate.halide_generated.cpp,7200,36,generator_specific,-8,1,1,,,test1_demo;test2_golden,0,0.303,cxx_mul_to_div:/mnt/scratch1/ardi/dsl_mut/HM-armc/mutation/lowered-cpp/interpolate/interpolate.halide_generated.cpp:7200:36
interpolate,cxx_default_on_emitted_cpp,5eb72c8d,2,6,cxx_mul_to_div,interpolate.halide_generated.cpp,9652,37,generator_specific,0,0,0,,,,0,3.018,cxx_mul_to_div:/mnt/scratch1/ardi/dsl_mut/HM-armc/mutation/lowered-cpp/interpolate/interpolate.halide_generated.cpp:9652:37
interpolate,cxx_default_on_emitted_cpp,5eb72c8d,2,6,cxx_add_to_sub,interpolate.halide_generated.cpp,5452,24,generator_specific,-6,1,1,,,test1_demo;test2_golden,0,0.473,cxx_add_to_sub:/mnt/scratch1/ardi/dsl_mut/HM-armc/mutation/lowered-cpp/interpolate/interpolate.halide_generated.cpp:5452:24
interpolate,cxx_default_on_emitted_cpp,5eb72c8d,2,6,cxx_add_to_sub,interpolate.halide_generated.cpp,7433,38,generator_specific,0,0,1,,,test2_golden,0,2.760,cxx_add_to_sub:/mnt/scratch1/ardi/dsl_mut/HM-armc/mutation/lowered-cpp/interpolate/interpolate.halide_generated.cpp:7433:38
interpolate,cxx_default_on_emitted_cpp,5eb72c8d,2,6,cxx_add_to_sub,interpolate.halide_generated.cpp,11319,27,generator_specific,0,0,0,,,,0,3.247,cxx_add_to_sub:/mnt/scratch1/ardi/dsl_mut/HM-armc/mutation/lowered-cpp/interpolate/interpolate.halide_generated.cpp:11319:27
interpolate,cxx_default_on_emitted_cpp,5eb72c8d,2,6,cxx_gt_to_ge,interpolate.halide_generated.cpp,6259,17,generator_specific,0,0,0,,,,0,3.244,cxx_gt_to_ge:/mnt/scratch1/ardi/dsl_mut/HM-armc/mutation/lowered-cpp/interpolate/interpolate.halide_generated.cpp:6259:17
interpolate,cxx_default_on_emitted_cpp,5eb72c8d,2,6,cxx_add_to_sub,interpolate.halide_generated.cpp,8413,35,generator_specific,0,0,1,,,test2_golden,0,2.653,cxx_add_to_sub:/mnt/scratch1/ardi/dsl_mut/HM-armc/mutation/lowered-cpp/interpolate/interpolate.halide_generated.cpp:8413:35
interpolate,cxx_default_on_emitted_cpp,5eb72c8d,2,6,cxx_add_to_sub,interpolate.halide_generated.cpp,7688,38,generator_specific,0,0,1,,,test2_golden,0,4.149,cxx_add_to_sub:/mnt/scratch1/ardi/dsl_mut/HM-armc/mutation/lowered-cpp/interpolate/interpolate.halide_generated.cpp:7688:38
interpolate,cxx_default_on_emitted_cpp,5eb72c8d,2,6,cxx_add_to_sub,interpolate.halide_generated.cpp,7815,38,generator_specific,-11,1,1,,,test1_demo;test2_golden,0,0.346,cxx_add_to_sub:/mnt/scratch1/ardi/dsl_mut/HM-armc/mutation/lowered-cpp/interpolate/interpolate.halide_generated.cpp:7815:38
interpolate,cxx_default_on_emitted_cpp,5eb72c8d,2,6,cxx_mul_to_div,interpolate.halide_generated.cpp,11235,73,generator_specific,-11,1,1,,,test1_demo;test2_golden,0,0.285,cxx_mul_to_div:/mnt/scratch1/ardi/dsl_mut/HM-armc/mutation/lowered-cpp/interpolate/interpolate.halide_generated.cpp:11235:73
interpolate,cxx_default_on_emitted_cpp,5eb72c8d,2,6,cxx_add_to_sub,interpolate.halide_generated.cpp,9609,37,generator_specific,0,0,0,,,,0,3.205,cxx_add_to_sub:/mnt/scratch1/ardi/dsl_mut/HM-armc/mutation/lowered-cpp/interpolate/interpolate.halide_generated.cpp:9609:37
interpolate,cxx_default_on_emitted_cpp,5eb72c8d,2,6,cxx_mul_to_div,interpolate.halide_generated.cpp,9069,62,generator_specific,0,0,0,,,,0,3.047,cxx_mul_to_div:/mnt/scratch1/ardi/dsl_mut/HM-armc/mutation/lowered-cpp/interpolate/interpolate.halide_generated.cpp:9069:62
interpolate,cxx_default_on_emitted_cpp,5eb72c8d,2,6,cxx_add_to_sub,interpolate.halide_generated.cpp,3935,26,generator_specific,0,0,1,,,test2_golden,0,3.224,cxx_add_to_sub:/mnt/scratch1/ardi/dsl_mut/HM-armc/mutation/lowered-cpp/interpolate/interpolate.halide_generated.cpp:3935:26
interpolate,cxx_default_on_emitted_cpp,5eb72c8d,2,6,cxx_mul_to_div,interpolate.halide_generated.cpp,4080,26,generator_specific,0,0,0,,,,0,3.848,cxx_mul_to_div:/mnt/scratch1/ardi/dsl_mut/HM-armc/mutation/lowered-cpp/interpolate/interpolate.halide_generated.cpp:4080:26
interpolate,cxx_default_on_emitted_cpp,5eb72c8d,2,6,cxx_add_to_sub,interpolate.halide_generated.cpp,9851,38,generator_specific,0,0,0,,,,0,3.960,cxx_add_to_sub:/mnt/scratch1/ardi/dsl_mut/HM-armc/mutation/lowered-cpp/interpolate/interpolate.halide_generated.cpp:9851:38
interpolate,cxx_default_on_emitted_cpp,5eb72c8d,2,6,cxx_mul_to_div,interpolate.halide_generated.cpp,4218,25,generator_specific,0,0,1,,,test2_golden,0,3.546,cxx_mul_to_div:/mnt/scratch1/ardi/dsl_mut/HM-armc/mutation/lowered-cpp/interpolate/interpolate.halide_generated.cpp:4218:25
interpolate,cxx_default_on_emitted_cpp,5eb72c8d,2,6,cxx_mul_to_div,interpolate.halide_generated.cpp,11969,33,generator_specific,0,0,1,,,test2_golden,0,2.904,cxx_mul_to_div:/mnt/scratch1/ardi/dsl_mut/HM-armc/mutation/lowered-cpp/interpolate/interpolate.halide_generated.cpp:11969:33
interpolate,cxx_default_on_emitted_cpp,5eb72c8d,2,6,cxx_post_inc_to_post_dec,interpolate.halide_generated.cpp,6698,110,generator_specific,0,0,0,,,,0,2.991,cxx_post_inc_to_post_dec:/mnt/scratch1/ardi/dsl_mut/HM-armc/mutation/lowered-cpp/interpolate/interpolate.halide_generated.cpp:6698:110
interpolate,cxx_default_on_emitted_cpp,5eb72c8d,2,6,cxx_add_to_sub,interpolate.halide_generated.cpp,5673,27,generator_specific,0,0,1,,,test2_golden,0,2.792,cxx_add_to_sub:/mnt/scratch1/ardi/dsl_mut/HM-armc/mutation/lowered-cpp/interpolate/interpolate.halide_generated.cpp:5673:27
interpolate,cxx_default_on_emitted_cpp,5eb72c8d,2,6,cxx_mul_to_div,interpolate.halide_generated.cpp,8984,78,generator_specific,0,0,1,,,test2_golden,0,3.448,cxx_mul_to_div:/mnt/scratch1/ardi/dsl_mut/HM-armc/mutation/lowered-cpp/interpolate/interpolate.halide_generated.cpp:8984:78
interpolate,cxx_default_on_emitted_cpp,5eb72c8d,2,6,cxx_mul_to_div,interpolate.halide_generated.cpp,8529,35,generator_specific,0,0,1,,,test2_golden,0,3.068,cxx_mul_to_div:/mnt/scratch1/ardi/dsl_mut/HM-armc/mutation/lowered-cpp/interpolate/interpolate.halide_generated.cpp:8529:35
interpolate,cxx_default_on_emitted_cpp,5eb72c8d,2,6,cxx_mul_to_div,interpolate.halide_generated.cpp,8190,35,generator_specific,0,0,0,,,,0,4.090,cxx_mul_to_div:/mnt/scratch1/ardi/dsl_mut/HM-armc/mutation/lowered-cpp/interpolate/interpolate.halide_generated.cpp:8190:35
interpolate,cxx_default_on_emitted_cpp,5eb72c8d,2,6,cxx_mul_to_div,interpolate.halide_generated.cpp,4691,24,generator_specific,0,0,1,,,test2_golden,0,3.013,cxx_mul_to_div:/mnt/scratch1/ardi/dsl_mut/HM-armc/mutation/lowered-cpp/interpolate/interpolate.halide_generated.cpp:4691:24
interpolate,cxx_default_on_emitted_cpp,5eb72c8d,2,6,cxx_replace_scalar_call,interpolate.halide_generated.cpp,10426,18,generator_specific,0,0,1,,,test2_golden,0,3.079,cxx_replace_scalar_call:/mnt/scratch1/ardi/dsl_mut/HM-armc/mutation/lowered-cpp/interpolate/interpolate.halide_generated.cpp:10426:18
interpolate,cxx_default_on_emitted_cpp,5eb72c8d,2,6,cxx_add_to_sub,interpolate.halide_generated.cpp,5135,26,generator_specific,0,0,1,,,test2_golden,0,3.543,cxx_add_to_sub:/mnt/scratch1/ardi/dsl_mut/HM-armc/mutation/lowered-cpp/interpolate/interpolate.halide_generated.cpp:5135:26
interpolate,cxx_default_on_emitted_cpp,5eb72c8d,2,6,cxx_add_to_sub,interpolate.halide_generated.cpp,4974,26,generator_specific,0,0,0,,,,0,2.900,cxx_add_to_sub:/mnt/scratch1/ardi/dsl_mut/HM-armc/mutation/lowered-cpp/interpolate/interpolate.halide_generated.cpp:4974:26
interpolate,cxx_default_on_emitted_cpp,5eb72c8d,2,6,cxx_add_to_sub,interpolate.halide_generated.cpp,4539,25,generator_specific,0,0,0,,,,0,3.323,cxx_add_to_sub:/mnt/scratch1/ardi/dsl_mut/HM-armc/mutation/lowered-cpp/interpolate/interpolate.halide_generated.cpp:4539:25
interpolate,cxx_default_on_emitted_cpp,5eb72c8d,2,6,cxx_add_to_sub,interpolate.halide_generated.cpp,6930,60,generator_specific,0,0,0,,,,0,3.986,cxx_add_to_sub:/mnt/scratch1/ardi/dsl_mut/HM-armc/mutation/lowered-cpp/interpolate/interpolate.halide_generated.cpp:6930:60
interpolate,cxx_default_on_emitted_cpp,5eb72c8d,2,6,cxx_add_to_sub,interpolate.halide_generated.cpp,6477,35,generator_specific,0,0,1,,,test2_golden,0,3.229,cxx_add_to_sub:/mnt/scratch1/ardi/dsl_mut/HM-armc/mutation/lowered-cpp/interpolate/interpolate.halide_generated.cpp:6477:35
interpolate,cxx_default_on_emitted_cpp,5eb72c8d,2,6,cxx_add_to_sub,interpolate.halide_generated.cpp,6347,31,generator_specific,0,0,0,,,,0,3.539,cxx_add_to_sub:/mnt/scratch1/ardi/dsl_mut/HM-armc/mutation/lowered-cpp/interpolate/interpolate.halide_generated.cpp:6347:31
interpolate,cxx_default_on_emitted_cpp,5eb72c8d,2,6,cxx_add_to_sub,interpolate.halide_generated.cpp,8658,36,generator_specific,0,0,1,,,test2_golden,0,3.764,cxx_add_to_sub:/mnt/scratch1/ardi/dsl_mut/HM-armc/mutation/lowered-cpp/interpolate/interpolate.halide_generated.cpp:8658:36
interpolate,cxx_default_on_emitted_cpp,5eb72c8d,2,6,cxx_add_to_sub,interpolate.halide_generated.cpp,7124,79,generator_specific,0,0,0,,,,0,3.628,cxx_add_to_sub:/mnt/scratch1/ardi/dsl_mut/HM-armc/mutation/lowered-cpp/interpolate/interpolate.halide_generated.cpp:7124:79
interpolate,cxx_default_on_emitted_cpp,5eb72c8d,2,6,cxx_add_to_sub,interpolate.halide_generated.cpp,8003,38,generator_specific,0,0,0,,,,0,3.049,cxx_add_to_sub:/mnt/scratch1/ardi/dsl_mut/HM-armc/mutation/lowered-cpp/interpolate/interpolate.halide_generated.cpp:8003:38
interpolate,cxx_default_on_emitted_cpp,5eb72c8d,2,6,cxx_replace_scalar_call,interpolate.halide_generated.cpp,5494,19,generator_specific,0,0,1,,,test2_golden,0,3.136,cxx_replace_scalar_call:/mnt/scratch1/ardi/dsl_mut/HM-armc/mutation/lowered-cpp/interpolate/interpolate.halide_generated.cpp:5494:19
interpolate,cxx_default_on_emitted_cpp,5eb72c8d,2,6,cxx_sub_to_add,interpolate.halide_generated.cpp,10020,36,generator_specific,0,0,1,,,test2_golden,0,2.757,cxx_sub_to_add:/mnt/scratch1/ardi/dsl_mut/HM-armc/mutation/lowered-cpp/interpolate/interpolate.halide_generated.cpp:10020:36
interpolate,cxx_default_on_emitted_cpp,5eb72c8d,2,6,cxx_mul_to_div,interpolate.halide_generated.cpp,9926,37,generator_specific,0,0,0,,,,0,3.442,cxx_mul_to_div:/mnt/scratch1/ardi/dsl_mut/HM-armc/mutation/lowered-cpp/interpolate/interpolate.halide_generated.cpp:9926:37
interpolate,cxx_default_on_emitted_cpp,5eb72c8d,2,6,cxx_gt_to_ge,interpolate.halide_generated.cpp,11814,78,generator_specific,0,0,0,,,,0,2.645,cxx_gt_to_ge:/mnt/scratch1/ardi/dsl_mut/HM-armc/mutation/lowered-cpp/interpolate/interpolate.halide_generated.cpp:11814:78
interpolate,cxx_default_on_emitted_cpp,5eb72c8d,2,6,cxx_add_to_sub,interpolate.halide_generated.cpp,9560,35,generator_specific,0,0,0,,,,0,2.632,cxx_add_to_sub:/mnt/scratch1/ardi/dsl_mut/HM-armc/mutation/lowered-cpp/interpolate/interpolate.halide_generated.cpp:9560:35
interpolate,cxx_default_on_emitted_cpp,5eb72c8d,2,6,cxx_add_to_sub,interpolate.halide_generated.cpp,10034,79,generator_specific,0,0,0,,,,0,3.434,cxx_add_to_sub:/mnt/scratch1/ardi/dsl_mut/HM-armc/mutation/lowered-cpp/interpolate/interpolate.halide_generated.cpp:10034:79
interpolate,cxx_default_on_emitted_cpp,5eb72c8d,2,6,cxx_replace_scalar_call,interpolate.halide_generated.cpp,5683,19,generator_specific,0,0,1,,,test2_golden,0,3.130,cxx_replace_scalar_call:/mnt/scratch1/ardi/dsl_mut/HM-armc/mutation/lowered-cpp/interpolate/interpolate.halide_generated.cpp:5683:19
interpolate,cxx_default_on_emitted_cpp,5eb72c8d,2,6,cxx_remove_void_call,interpolate.halide_generated.cpp,7163,16,generator_specific,0,0,0,,,,0,2.552,cxx_remove_void_call:/mnt/scratch1/ardi/dsl_mut/HM-armc/mutation/lowered-cpp/interpolate/interpolate.halide_generated.cpp:7163:16
interpolate,cxx_default_on_emitted_cpp,5eb72c8d,2,6,cxx_mul_to_div,interpolate.halide_generated.cpp,3986,26,generator_specific,0,0,1,,,test2_golden,0,3.425,cxx_mul_to_div:/mnt/scratch1/ardi/dsl_mut/HM-armc/mutation/lowered-cpp/interpolate/interpolate.halide_generated.cpp:3986:26
interpolate,cxx_default_on_emitted_cpp,5eb72c8d,2,6,cxx_mul_to_div,interpolate.halide_generated.cpp,8440,35,generator_specific,0,0,1,,,test2_golden,0,3.518,cxx_mul_to_div:/mnt/scratch1/ardi/dsl_mut/HM-armc/mutation/lowered-cpp/interpolate/interpolate.halide_generated.cpp:8440:35
interpolate,cxx_default_on_emitted_cpp,5eb72c8d,2,6,cxx_add_to_sub,interpolate.halide_generated.cpp,7452,37,generator_specific,0,0,1,,,test2_golden,0,2.382,cxx_add_to_sub:/mnt/scratch1/ardi/dsl_mut/HM-armc/mutation/lowered-cpp/interpolate/interpolate.halide_generated.cpp:7452:37
interpolate,cxx_default_on_emitted_cpp,5eb72c8d,2,6,cxx_add_to_sub,interpolate.halide_generated.cpp,8766,36,generator_specific,0,0,0,,,,0,2.754,cxx_add_to_sub:/mnt/scratch1/ardi/dsl_mut/HM-armc/mutation/lowered-cpp/interpolate/interpolate.halide_generated.cpp:8766:36
interpolate,cxx_default_on_emitted_cpp,5eb72c8d,2,6,cxx_add_to_sub,interpolate.halide_generated.cpp,8685,36,generator_specific,0,0,0,,,,0,2.846,cxx_add_to_sub:/mnt/scratch1/ardi/dsl_mut/HM-armc/mutation/lowered-cpp/interpolate/interpolate.halide_generated.cpp:8685:36
interpolate,cxx_default_on_emitted_cpp,5eb72c8d,2,6,cxx_add_to_sub,interpolate.halide_generated.cpp,7221,37,generator_specific,0,0,1,,,test2_golden,0,2.866,cxx_add_to_sub:/mnt/scratch1/ardi/dsl_mut/HM-armc/mutation/lowered-cpp/interpolate/interpolate.halide_generated.cpp:7221:37
interpolate,cxx_default_on_emitted_cpp,5eb72c8d,2,6,cxx_sub_to_add,interpolate.halide_generated.cpp,7565,36,generator_specific,0,0,0,,,,0,2.463,cxx_sub_to_add:/mnt/scratch1/ardi/dsl_mut/HM-armc/mutation/lowered-cpp/interpolate/interpolate.halide_generated.cpp:7565:36
interpolate,cxx_default_on_emitted_cpp,5eb72c8d,2,6,cxx_sub_to_add,interpolate.halide_generated.cpp,9708,37,generator_specific,0,0,0,,,,0,2.498,cxx_sub_to_add:/mnt/scratch1/ardi/dsl_mut/HM-armc/mutation/lowered-cpp/interpolate/interpolate.halide_generated.cpp:9708:37
interpolate,cxx_default_on_emitted_cpp,5eb72c8d,2,6,cxx_mul_to_div,interpolate.halide_generated.cpp,3973,26,generator_specific,0,0,1,,,test2_golden,0,2.717,cxx_mul_to_div:/mnt/scratch1/ardi/dsl_mut/HM-armc/mutation/lowered-cpp/interpolate/interpolate.halide_generated.cpp:3973:26
interpolate,cxx_default_on_emitted_cpp,5eb72c8d,2,6,cxx_add_to_sub,interpolate.halide_generated.cpp,6711,38,generator_specific,0,0,0,,,,0,2.925,cxx_add_to_sub:/mnt/scratch1/ardi/dsl_mut/HM-armc/mutation/lowered-cpp/interpolate/interpolate.halide_generated.cpp:6711:38
interpolate,cxx_default_on_emitted_cpp,5eb72c8d,2,6,cxx_mul_to_div,interpolate.halide_generated.cpp,9101,34,generator_specific,0,0,0,,,,0,3.062,cxx_mul_to_div:/mnt/scratch1/ardi/dsl_mut/HM-armc/mutation/lowered-cpp/interpolate/interpolate.halide_generated.cpp:9101:34
interpolate,cxx_default_on_emitted_cpp,5eb72c8d,2,6,cxx_lt_to_ge,interpolate.halide_generated.cpp,8071,65,generator_specific,-9,1,0,,,test1_demo,1,60.074,cxx_lt_to_ge:/mnt/scratch1/ardi/dsl_mut/HM-armc/mutation/lowered-cpp/interpolate/interpolate.halide_generated.cpp:8071:65
interpolate,cxx_default_on_emitted_cpp,5eb72c8d,2,6,cxx_post_inc_to_post_dec,interpolate.halide_generated.cpp,7996,110,generator_specific,-9,1,0,,,test1_demo,1,60.073,cxx_post_inc_to_post_dec:/mnt/scratch1/ardi/dsl_mut/HM-armc/mutation/lowered-cpp/interpolate/interpolate.halide_generated.cpp:7996:110
interpolate,cxx_default_on_emitted_cpp,5eb72c8d,2,6,cxx_post_inc_to_post_dec,interpolate.halide_generated.cpp,7842,110,generator_specific,-9,1,0,,,test1_demo,1,60.071,cxx_post_inc_to_post_dec:/mnt/scratch1/ardi/dsl_mut/HM-armc/mutation/lowered-cpp/interpolate/interpolate.halide_generated.cpp:7842:110
interpolate,cxx_default_on_emitted_cpp,5eb72c8d,2,6,cxx_post_inc_to_post_dec,interpolate.halide_generated.cpp,7305,110,generator_specific,-9,1,0,,,test1_demo,1,60.052,cxx_post_inc_to_post_dec:/mnt/scratch1/ardi/dsl_mut/HM-armc/mutation/lowered-cpp/interpolate/interpolate.halide_generated.cpp:7305:110
interpolate,cxx_default_on_emitted_cpp,5eb72c8d,2,6,cxx_post_inc_to_post_dec,interpolate.halide_generated.cpp,6768,110,generator_specific,-9,1,0,,,test1_demo,1,60.071,cxx_post_inc_to_post_dec:/mnt/scratch1/ardi/dsl_mut/HM-armc/mutation/lowered-cpp/interpolate/interpolate.halide_generated.cpp:6768:110
interpolate,cxx_default_on_emitted_cpp,5eb72c8d,2,6,cxx_post_inc_to_post_dec,interpolate.halide_generated.cpp,5340,96,generator_specific,-9,1,0,,,test1_demo,1,60.071,cxx_post_inc_to_post_dec:/mnt/scratch1/ardi/dsl_mut/HM-armc/mutation/lowered-cpp/interpolate/interpolate.halide_generated.cpp:5340:96
interpolate,cxx_default_on_emitted_cpp,5eb72c8d,2,6,cxx_post_inc_to_post_dec,interpolate.halide_generated.cpp,3722,173,generator_specific,-9,1,0,,,test1_demo,1,60.071,cxx_post_inc_to_post_dec:/mnt/scratch1/ardi/dsl_mut/HM-armc/mutation/lowered-cpp/interpolate/interpolate.halide_generated.cpp:3722:173
interpolate,cxx_default_on_emitted_cpp,5eb72c8d,2,6,cxx_post_inc_to_post_dec,interpolate.halide_generated.cpp,6588,110,generator_specific,-9,1,0,,,test1_demo,1,60.071,cxx_post_inc_to_post_dec:/mnt/scratch1/ardi/dsl_mut/HM-armc/mutation/lowered-cpp/interpolate/interpolate.halide_generated.cpp:6588:110
