app,arm,mull_commit,slice_index,slice_count,mutator,file,line,column,region,exit_code,test1_demo,test2_golden,test2_written,test3_perf,killed_by,timed_out,wall_seconds,mutant_key
interpolate,cxx_default_on_emitted_cpp,5eb72c8d,5,6,cxx_mul_to_div,interpolate.halide_generated.cpp,3658,21,generator_specific,-6,1,1,,,test1_demo;test2_golden,0,0.401,cxx_mul_to_div:/mnt/scratch1/ardi/dsl_mut/HM-armc/mutation/lowered-cpp/interpolate/interpolate.halide_generated.cpp:3658:21
interpolate,cxx_default_on_emitted_cpp,5eb72c8d,5,6,cxx_add_to_sub,interpolate.halide_generated.cpp,6870,37,generator_specific,-11,1,1,,,test1_demo;test2_golden,0,0.504,cxx_add_to_sub:/mnt/scratch1/ardi/dsl_mut/HM-armc/mutation/lowered-cpp/interpolate/interpolate.halide_generated.cpp:6870:37
interpolate,cxx_default_on_emitted_cpp,5eb72c8d,5,6,cxx_mul_to_div,interpolate.halide_generated.cpp,5664,26,generator_specific,-8,1,1,,,test1_demo;test2_golden,0,0.572,cxx_mul_to_div:/mnt/scratch1/ardi/dsl_mut/HM-armc/mutation/lowered-cpp/interpolate/interpolate.halide_generated.cpp:5664:26
interpolate,cxx_default_on_emitted_cpp,5eb72c8d,5,6,cxx_sub_to_add,interpolate.halide_generated.cpp,11971,33,generator_specific,-11,1,1,,,test1_demo;test2_golden,0,0.648,cxx_sub_to_add:/mnt/scratch1/ardi/dsl_mut/HM-armc/mutation/lowered-cpp/interpolate/interpolate.halide_generated.cpp:11971:33
interpolate,cxx_default_on_emitted_cpp,5eb72c8d,5,6,cxx_add_to_sub,interpolate.halide_generated.cpp,4177,28,generator_specific,-11,1,1,,,test1_demo;test2_golden,0,0.693,cxx_add_to_sub:/mnt/scratch1/ardi/dsl_mut/HM-armc/mutation/lowered-cpp/interpolate/interpolate.halide_generated.cpp:4177:28
interpolate,cxx_default_on_emitted_cpp,5eb72c8d,5,6,cxx_add_to_sub,interpolate.halide_generated.cpp,3895,28,generator_specific,-11,1,1,,,test1_demo;test2_golden,0,0.519,cxx_add_to_sub:/mnt/scratch1/ardi/dsl_mut/HM-armc/mutation/lowered-cpp/interpolate/interpolate.halide_generated.cpp:3895:28
interpolate,cxx_default_on_emitted_cpp,5eb72c8d,5,6,cxx_add_to_sub,interpolate.halide_generated.cpp,7714,35,generator_specific,-6,1,1,,,test1_demo;test2_golden,0,0.531,cxx_add_to_sub:/mnt/scratch1/ardi/dsl_mut/HM-armc/mutation/lowered-cpp/interpolate/interpolate.halide_generated.cpp:7714:35
interpolate,cxx_default_on_emitted_cpp,5eb72c8d,5,6,cxx_mul_to_div,interpolate.halide_generated.cpp,3835,24,generator_specific,0,0,1,,,test2_golden,0,1.562,cxx_mul_to_div:/mnt/scratch1/ardi/dsl_mut/HM-armc/mutation/lowered-cpp/interpolate/interpolate.halide_generated.cpp:3835:24
interpolate,cxx_default_on_emitted_cpp,5eb72c8d,5,6,cxx_le_to_lt,interpolate.halide_generated.cpp,10686,22,generator_specific,0,0,1,,,test2_golden,0,1.561,cxx_le_to_lt:/mnt/scratch1/ardi/dsl_mut/HM-armc/mutation/lowered-cpp/interpolate/interpolate.halide_generated.cpp:10686:22
interpolate,cxx_default_on_emitted_cpp,5eb72c8d,5,6,cxx_le_to_gt,interpolate.halide_generated.cpp,10768,22,generator_specific,0,0,1,,,test2_golden,0,1.807,cxx_le_to_gt:/mnt/scratch1/ardi/dsl_mut/HM-armc/mutation/lowered-cpp/interpolate/interpolate.halide_generated.cpp:10768:22
interpolate,cxx_default_on_emitted_cpp,5eb72c8d,5,6,cxx_add_to_sub,interpolate.halide_generated.cpp,6988,35,generator_specific,-6,1,1,,,test1_demo;test2_golden,0,0.283,cxx_add_to_sub:/mnt/scratch1/ardi/dsl_mut/HM-armc/mutation/lowered-cpp/interpolate/interpolate.halide_generated.cpp:6988:35
interpolate,cxx_default_on_emitted_cpp,5eb72c8d,5,6,cxx_sub_to_add,interpolate.halide_generated.cpp,4030,24,generator_specific,-6,1,1,,,test1_demo;test2_golden,0,0.236,cxx_sub_to_add:/mnt/scratch1/ardi/dsl_mut/HM-armc/mutation/lowered-cpp/interpolate/interpolate.halide_generated.cpp:4030:24
interpolate,cxx_default_on_emitted_cpp,5eb72c8d,5,6,cxx_add_to_sub,interpolate.halide_generated.cpp,4283,68,generator_specific,0,0,1,,,test2_golden,0,2.890,cxx_add_to_sub:/mnt/scratch1/ardi/dsl_mut/HM-armc/mutation/lowered-cpp/interpolate/interpolate.halide_generated.cpp:4283:68
interpolate,cxx_default_on_emitted_cpp,5eb72c8d,5,6,cxx_add_to_sub,interpolate.halide_generated.cpp,7091,37,generator_specific,0,0,1,,,test2_golden,0,3.022,cxx_add_to_sub:/mnt/scratch1/ardi/dsl_mut/HM-armc/mutation/lowered-cpp/interpolate/interpolate.halide_generated.cpp:7091:37
interpolate,cxx_default_on_emitted_cpp,5eb72c8d,5,6,cxx_gt_to_ge,interpolate.halide_generated.cpp,8952,18,generator_specific,0,0,0,,,,0,3.122,cxx_gt_to_ge:/mnt/scratch1/ardi/dsl_mut/HM-armc/mutation/lowered-cpp/interpolate/interpolate.halide_generated.cpp:8952:18
interpolate,cxx_default_on_emitted_cpp,5eb72c8d,5,6,cxx_add_to_sub,interpolate.halide_generated.cpp,7842,79,generator_specific,0,0,0,,,,0,3.167,cxx_add_to_sub:/mnt/scratch1/ardi/dsl_mut/HM-armc/mutation/lowered-cpp/interpolate/interpolate.halide_generated.cpp:7842:79
interpolate,cxx_default_on_emitted_cpp,5eb72c8d,5,6,cxx_mul_to_div,interpolate.halide_generated.cpp,6666,36,generator_specific,0,0,1,,,test2_golden,0,3.168,cxx_mul_to_div:/mnt/scratch1/ardi/dsl_mut/HM-armc/mutation/lowered-cpp/interpolate/interpolate.halide_generated.cpp:6666:36
interpolate,cxx_default_on_emitted_cpp,5eb72c8d,5,6,cxx_add_to_sub,interpolate.halide_generated.cpp,7965,37,generator_specific,0,0,1,,,test2_golden,0,3.141,cxx_add_to_sub:/mnt/scratch1/ardi/dsl_mut/HM-armc/mutation/lowered-cpp/interpolate/interpolate.halide_generated.cpp:7965:37
interpolate,cxx_default_on_emitted_cpp,5eb72c8d,5,6,cxx_replace_scalar_call,interpolate.halide_generated.cpp,10595,18,generator_specific,0,0,0,,,,0,3.174,cxx_replace_scalar_call:/mnt/scratch1/ardi/dsl_mut/HM-armc/mutation/lowered-cpp/interpolate/interpolate.halide_generated.cpp:10595:18
interpolate,cxx_default_on_emitted_cpp,5eb72c8d,5,6,cxx_add_to_sub,interpolate.halide_generated.cpp,6580,37,generator_specific,0,0,1,,,test2_golden,0,3.182,cxx_add_to_sub:/mnt/scratch1/ardi/dsl_mut/HM-armc/mutation/lowered-cpp/interpolate/interpolate.halide_generated.cpp:6580:37
interpolate,cxx_default_on_emitted_cpp,5eb72c8d,5,6,cxx_add_to_sub,interpolate.halide_generated.cpp,8716,36,generator_specific,0,0,0,,,,0,3.205,cxx_add_to_sub:/mnt/scratch1/ardi/dsl_mut/HM-armc/mutation/lowered-cpp/interpolate/interpolate.halide_generated.cpp:8716:36
interpolate,cxx_default_on_emitted_cpp,5eb72c8d,5,6,cxx_remove_void_call,interpolate.halide_generated.cpp,5762,5,generator_specific,0,0,0,,,,0,3.215,cxx_remove_void_call:/mnt/scratch1/ardi/dsl_mut/HM-armc/mutation/lowered-cpp/interpolate/interpolate.halide_generated.cpp:5762:5
interpolate,cxx_default_on_emitted_cpp,5eb72c8d,5,6,cxx_add_to_sub,interpolate.halide_generated.cpp,8807,35,generator_specific,0,0,0,,,,0,3.195,cxx_add_to_sub:/mnt/scratch1/ardi/dsl_mut/HM-armc/mutation/lowered-cpp/interpolate/interpolate.halide_generated.cpp:8807:35
interpolate,cxx_default_on_emitted_cpp,5eb72c8d,5,6,cxx_sub_to_add,interpolate.halide_generated.cpp,3710,22,generator_specific,0,0,1,,,test2_golden,0,3.209,cxx_sub_to_add:/mnt/scratch1/ardi/dsl_mut/HM-armc/mutation/lowered-cpp/interpolate/interpolate.halide_generated.cpp:3710:22
interpolate,cxx_default_on_emitted_cpp,5eb72c8d,5,6,cxx_mul_to_div,interpolate.halide_generated.cpp,9149,37,generator_specific,0,0,0,,,,0,3.240,cxx_mul_to_div:/mnt/scratch1/ardi/dsl_mut/HM-armc/mutation/lowered-cpp/interpolate/interpolate.halide_generated.cpp:9149:37
interpolate,cxx_default_on_emitted_cpp,5eb72c8d,5,6,cxx_sub_to_add,interpolate.halide_generated.cpp,4168,26,generator_specific,0,0,0,,,,0,3.226,cxx_sub_to_add:/mnt/scratch1/ardi/dsl_mut/HM-armc/mutation/lowered-cpp/interpolate/interpolate.halide_generated.cpp:4168:26
interpolate,cxx_default_on_emitted_cpp,5eb72c8d,5,6,cxx_mul_to_div,interpolate.halide_generated.cpp,4551,24,generator_specific,0,0,0,,,,0,3.241,cxx_mul_to_div:/mnt/scratch1/ardi/dsl_mut/HM-armc/mutation/lowered-cpp/interpolate/interpolate.halide_generated.cpp:4551:24
interpolate,cxx_default_on_emitted_cpp,5eb72c8d,5,6,cxx_add_to_sub,interpolate.halide_generated.cpp,9632,38,generator_specific,0,0,0,,,,0,3.258,cxx_add_to_sub:/mnt/scratch1/ardi/dsl_mut/HM-armc/mutation/lowered-cpp/interpolate/interpolate.halide_generated.cpp:9632:38
interpolate,cxx_default_on_emitted_cpp,5eb72c8d,5,6,cxx_add_to_sub,interpolate.halide_generated.cpp,12280,33,generator_specific,0,0,0,,,,0,3.281,cxx_add_to_sub:/mnt/scratch1/ardi/dsl_mut/HM-armc/mutation/lowered-cpp/interpolate/interpolate.halide_generated.cpp:12280:33
interpolate,cxx_default_on_emitted_cpp,5eb72c8d,5,6,cxx_add_to_sub,interpolate.halide_generated.cpp,9923,60,generator_specific,0,0,0,,,,0,3.281,cxx_add_to_sub:/mnt/scratch1/ardi/dsl_mut/HM-armc/mutation/lowered-cpp/interpolate/interpolate.halide_generated.cpp:9923:60
interpolate,cxx_default_on_emitted_cpp,5eb72c8d,5,6,cxx_replace_scalar_call,interpolate.halide_generated.cpp,10730,20,generator_specific,0,0,0,,,,0,3.271,cxx_replace_scalar_call:/mnt/scratch1/ardi/dsl_mut/HM-armc/mutation/lowered-cpp/interpolate/interpolate.halide_generated.cpp:10730:20
interpolate,cxx_default_on_emitted_cpp,5eb72c8d,5,6,cxx_ne_to_eq,interpolate.halide_generated.cpp,9005,32,generator_specific,0,0,0,,,,0,3.258,cxx_ne_to_eq:/mnt/scratch1/ardi/dsl_mut/HM-armc/mutation/lowered-cpp/interpolate/interpolate.halide_generated.cpp:9005:32
interpolate,cxx_default_on_emitted_cpp,5eb72c8d,5,6,cxx_add_to_sub,interpolate.halide_generated.cpp,11098,26,generator_specific,0,0,1,,,test2_golden,0,3.276,cxx_add_to_sub:/mnt/scratch1/ardi/dsl_mut/HM-armc/mutation/lowered-cpp/interpolate/interpolate.halide_generated.cpp:11098:26
interpolate,cxx_default_on_emitted_cpp,5eb72c8d,5,6,cxx_add_to_sub,interpolate.halide_generated.cpp,5689,27,generator_specific,0,0,1,,,test2_golden,0,3.268,cxx_add_to_sub:/mnt/scratch1/ardi/dsl_mut/HM-armc/mutation/lowered-cpp/interpolate/interpolate.halide_generated.cpp:5689:27
interpolate,cxx_default_on_emitted_cpp,5eb72c8d,5,6,cxx_add_to_sub,interpolate.halide_generated.cpp,11199,26,generator_specific,0,0,0,,,,0,3.256,cxx_add_to_sub:/mnt/scratch1/ardi/dsl_mut/HM-armc/mutation/lowered-cpp/interpolate/interpolate.halide_generated.cpp:11199:26
interpolate,cxx_default_on_emitted_cpp,5eb72c8d,5,6,cxx_mul_to_div,interpolate.halide_generated.cpp,7590,37,generator_specific,0,0,1,,,test2_golden,0,3.305,cxx_mul_to_div:/mnt/scratch1/ardi/dsl_mut/HM-armc/mutation/lowered-cpp/interpolate/interpolate.halide_generated.cpp:7590:37
interpolate,cxx_default_on_emitted_cpp,5eb72c8d,5,6,cxx_mul_to_div,interpolate.halide_generated.cpp,6383,61,generator_specific,0,0,0,,,,0,3.274,cxx_mul_to_div:/mnt/scratch1/ardi/dsl_mut/HM-armc/mutation/lowered-cpp/interpolate/interpolate.halide_generated.cpp:6383:61
interpolate,cxx_default_on_emitted_cpp,5eb72c8d,5,6,cxx_mul_to_div,interpolate.halide_generated.cpp,9332,35,generator_specific,0,0,0,,,,0,3.307,cxx_mul_to_div:/mnt/scratch1/ardi/dsl_mut/HM-armc/mutation/lowered-cpp/interpolate/interpolate.halide_generated.cpp:9332:35
interpolate,cxx_default_on_emitted_cpp,5eb72c8d,5,6,cxx_add_to_sub,interpolate.halide_generated.cpp,9502,38,generator_specific,0,0,0,,,,0,3.322,cxx_add_to_sub:/mnt/scratch1/ardi/dsl_mut/HM-armc/mutation/lowered-cpp/interpolate/interpolate.halide_generated.cpp:9502:38
interpolate,cxx_default_on_emitted_cpp,5eb72c8d,5,6,cxx_add_to_sub,interpolate.halide_generated.cpp,6917,37,generator_specific,0,0,1,,,test2_golden,0,3.329,cxx_add_to_sub:/mnt/scratch1/ardi/dsl_mut/HM-armc/mutation/lowered-cpp/interpolate/interpolate.halide_generated.cpp:6917:37
interpolate,cxx_default_on_emitted_cpp,5eb72c8d,5,6,cxx_add_to_sub,interpolate.halide_generated.cpp,9663,49,generator_specific,0,0,0,,,,0,3.314,cxx_add_to_sub:/mnt/scratch1/ardi/dsl_mut/HM-armc/mutation/lowered-cpp/interpolate/interpolate.halide_generated.cpp:9663:49
interpolate,cxx_default_on_emitted_cpp,5eb72c8d,5,6,cxx_sub_to_add,interpolate.halide_generated.cpp,8340,35,generator_specific,0,0,1,,,test2_golden,0,3.313,cxx_sub_to_add:/mnt/scratch1/ardi/dsl_mut/HM-armc/mutation/lowered-cpp/interpolate/interpolate.halide_generated.cpp:8340:35
interpolate,cxx_default_on_emitted_cpp,5eb72c8d,5,6,cxx_mul_to_div,interpolate.halide_generated.cpp,9943,37,generator_specific,0,0,0,,,,0,3.347,cxx_mul_to_div:/mnt/scratch1/ardi/dsl_mut/HM-armc/mutation/lowered-cpp/interpolate/interpolate.halide_generated.cpp:9943:37
interpolate,cxx_default_on_emitted_cpp,5eb72c8d,5,6,cxx_add_to_sub,interpolate.halide_generated.cpp,5157,27,generator_specific,0,0,1,,,test2_golden,0,3.372,cxx_add_to_sub:/mnt/scratch1/ardi/dsl_mut/HM-armc/mutation/lowered-cpp/interpolate/interpolate.halide_generated.cpp:5157:27
interpolate,cxx_default_on_emitted_cpp,5eb72c8d,5,6,cxx_mul_to_div,interpolate.halide_generated.cpp,6913,37,generator_specific,0,0,1,,,test2_golden,0,3.379,cxx_mul_to_div:/mnt/scratch1/ardi/dsl_mut/HM-armc/mutation/lowered-cpp/interpolate/interpolate.halide_generated.cpp:6913:37
interpolate,cxx_default_on_emitted_cpp,5eb72c8d,5,6,cxx_add_to_sub,interpolate.halide_generated.cpp,8772,36,generator_specific,0,0,0,,,,0,3.424,cxx_add_to_sub:/mnt/scratch1/ardi/dsl_mut/HM-armc/mutation/lowered-cpp/interpolate/interpolate.halide_generated.cpp:8772:36
interpolate,cxx_default_on_emitted_cpp,5eb72c8d,5,6,cxx_add_to_sub,interpolate.halide_generated.cpp,6942,37,generator_specific,0,0,0,,,,0,3.464,cxx_add_to_sub:/mnt/scratch1/ardi/dsl_mut/HM-armc/mutation/lowered-cpp/interpolate/interpolate.halide_generated.cpp:6942:37
interpolate,cxx_default_on_emitted_cpp,5eb72c8d,5,6,cxx_remove_void_call,interpolate.halide_generated.cpp,5524,5,generator_specific,0,0,1,,,test2_golden,0,3.453,cxx_remove_void_call:/mnt/scratch1/ardi/dsl_mut/HM-armc/mutation/lowered-cpp/interpolate/interpolate.halide_generated.cpp:5524:5
interpolate,cxx_default_on_emitted_cpp,5eb72c8d,5,6,cxx_mul_to_div,interpolate.halide_generated.cpp,9024,60,generator_specific,0,0,1,,,test2_golden,0,3.461,cxx_mul_to_div:/mnt/scratch1/ardi/dsl_mut/HM-armc/mutation/lowered-cpp/interpolate/interpolate.halide_generated.cpp:9024:60
interpolate,cxx_default_on_emitted_cpp,5eb72c8d,5,6,cxx_lt_to_le,interpolate.halide_generated.cpp,3371,30,boilerplate,0,0,1,,,test2_golden,0,3.048,cxx_lt_to_le:/mnt/scratch1/ardi/dsl_mut/HM-armc/mutation/lowered-cpp/interpolate/interpolate.halide_generated.cpp:3371:30
interpolate,cxx_default_on_emitted_cpp,5eb72c8d,5,6,cxx_lt_to_le,interpolate.halide_generated.cpp,3844,114,generator_specific,-11,1,1,,,test1_demo;test2_golden,0,0.331,cxx_lt_to_le:/mnt/scratch1/ardi/dsl_mut/HM-armc/mutation/lowered-cpp/interpolate/interpolate.halide_generated.cpp:3844:114
interpolate,cxx_default_on_emitted_cpp,5eb72c8d,5,6,cxx_lt_to_ge,interpolate.halide_generated.cpp,6848,86,generator_specific,0,0,1,,,test2_golden,0,3.557,cxx_lt_to_ge:/mnt/scratch1/ardi/dsl_mut/HM-armc/mutation/lowered-cpp/interpolate/interpolate.halide_generated.cpp:6848:86
interpolate,cxx_default_on_emitted_cpp,5eb72c8d,5,6,cxx_mul_to_div,interpolate.halide_generated.cpp,4011,25,generator_specific,-8,1,1,,,test1_demo;test2_golden,0,0.310,cxx_mul_to_div:/mnt/scratch1/ardi/dsl_mut/HM-armc/mutation/lowered-cpp/interpolate/interpolate.halide_generated.cpp:4011:25
interpolate,cxx_default_on_emitted_cpp,5eb72c8d,5,6,cxx_le_to_lt,interpolate.halide_generated.cpp,10857,22,generator_specific,0,0,0,,,,0,3.623,cxx_le_to_lt:/mnt/scratch1/ardi/dsl_mut/HM-armc/mutation/lowered-cpp/interpolate/interpolate.halide_generated.cpp:10857:22
interpolate,cxx_default_on_emitted_cpp,5eb72c8d,5,6,cxx_mul_to_div,interpolate.halide_generated.cpp,3771,25,generator_specific,-8,1,1,,,test1_demo;test2_golden,0,0.289,cxx_mul_to_div:/mnt/scratch1/ardi/dsl_mut/HM-armc/mutation/lowered-cpp/interpolate/interpolate.halide_generated.cpp:3771:25
interpolate,cxx_default_on_emitted_cpp,5eb72c8d,5,6,cxx_sub_to_add,interpolate.halide_generated.cpp,7895,35,generator_specific,-11,1,1,,,test1_demo;test2_golden,0,0.372,cxx_sub_to_add:/mnt/scratch1/ardi/dsl_mut/HM-armc/mutation/lowered-cpp/interpolate/interpolate.halide_generated.cpp:7895:35
interpolate,cxx_default_on_emitted_cpp,5eb72c8d,5,6,cxx_mul_to_div,interpolate.halide_generated.cpp,11813,78,generator_specific,-6,1,1,,,test1_demo;test2_golden,0,0.354,cxx_mul_to_div:/mnt/scratch1/ardi/dsl_mut/HM-armc/mutation/lowered-cpp/interpolate/interpolate.halide_generated.cpp:11813:78
interpolate,cxx_default_on_emitted_cpp,5eb72c8d,5,6,cxx_mul_to_div,interpolate.halide_generated.cpp,3870,25,generator_specific,-8,1,1,,,test1_demo;test2_golden,0,0.342,cxx_mul_to_div:/mnt/scratch1/ardi/dsl_mut/HM-armc/mutation/lowered-cpp/interpolate/interpolate.halide_generated.cpp:3870:25
interpolate,cxx_default_on_emitted_cpp,5eb72c8d,5,6,cxx_remove_void_call,interpolate.halide_generated.cpp,6036,2,generator_specific,0,0,0,,,,0,3.727,cxx_remove_void_call:/mnt/scratch1/ardi/dsl_mut/HM-armc/mutation/lowered-cpp/interpolate/interpolate.halide_generated.cpp:6036:2
interpolate,cxx_default_on_emitted_cpp,5eb72c8d,5,6,cxx_sub_to_add,interpolate.halide_generated.cpp,11720,31,generator_specific,-6,1,1,,,test1_demo;test2_golden,0,0.404,cxx_sub_to_add:/mnt/scratch1/ardi/dsl_mut/HM-armc/mutation/lowered-cpp/interpolate/interpolate.halide_generated.cpp:11720:31
interpolate,cxx_default_on_emitted_cpp,5eb72c8d,5,6,cxx_mul_to_div,interpolate.halide_generated.cpp,3969,26,generator_specific,0,0,1,,,test2_golden,0,3.786,cxx_mul_to_div:/mnt/scratch1/ardi/dsl_mut/HM-armc/mutation/lowered-cpp/interpolate/interpolate.halide_generated.cpp:3969:26
interpolate,cxx_default_on_emitted_cpp,5eb72c8d,5,6,cxx_mul_to_div,interpolate.halide_generated.cpp,7112,37,generator_specific,0,0,0,,,,0,3.819,cxx_mul_to_div:/mnt/scratch1/ardi/dsl_mut/HM-armc/mutation/lowered-cpp/interpolate/interpolate.halide_generated.cpp:7112:37
interpolate,cxx_default_on_emitted_cpp,5eb72c8d,5,6,cxx_add_to_sub,interpolate.halide_generated.cpp,8533,35,generator_specific,0,0,1,,,test2_golden,0,3.804,cxx_add_to_sub:/mnt/scratch1/ardi/dsl_mut/HM-armc/mutation/lowered-cpp/interpolate/interpolate.halide_generated.cpp:8533:35
interpolate,cxx_default_on_emitted_cpp,5eb72c8d,5,6,cxx_post_inc_to_post_dec,interpolate.halide_generated.cpp,4881,96,generator_specific,-11,1,1,,,test1_demo;test2_golden,0,0.619,cxx_post_inc_to_post_dec:/mnt/scratch1/ardi/dsl_mut/HM-armc/mutation/lowered-cpp/interpolate/interpolate.halide_generated.cpp:4881:96
interpolate,cxx_default_on_emitted_cpp,5eb72c8d,5,6,cxx_add_to_sub,interpolate.halide_generated.cpp,8284,36,generator_specific,0,0,0,,,,0,3.945,cxx_add_to_sub:/mnt/scratch1/ardi/dsl_mut/HM-armc/mutation/lowered-cpp/interpolate/interpolate.halide_generated.cpp:8284:36
interpolate,cxx_default_on_emitted_cpp,5eb72c8d,5,6,cxx_add_to_sub,interpolate.halide_generated.cpp,4012,26,generator_specific,0,0,1,,,test2_golden,0,3.970,cxx_add_to_sub:/mnt/scratch1/ardi/dsl_mut/HM-armc/mutation/lowered-cpp/interpolate/interpolate.halide_generated.cpp:4012:26
interpolate,cxx_default_on_emitted_cpp,5eb72c8d,5,6,cxx_add_to_sub,interpolate.halide_generated.cpp,9740,38,generator_specific,0,0,0,,,,0,3.097,cxx_add_to_sub:/mnt/scratch1/ardi/dsl_mut/HM-armc/mutation/lowered-cpp/interpolate/interpolate.halide_generated.cpp:9740:38
interpolate,cxx_default_on_emitted_cpp,5eb72c8d,5,6,cxx_post_inc_to_post_dec,interpolate.halide_generated.cpp,6848,127,generator_specific,-11,1,1,,,test1_demo;test2_golden,0,0.390,cxx_post_inc_to_post_dec:/mnt/scratch1/ardi/dsl_mut/HM-armc/mutation/lowered-cpp/interpolate/interpolate.halide_generated.cpp:6848:127
interpolate,cxx_default_on_emitted_cpp,5eb72c8d,5,6,cxx_add_to_sub,interpolate.halide_generated.cpp,8735,35,generator_specific,0,0,0,,,,0,3.595,cxx_add_to_sub:/mnt/scratch1/ardi/dsl_mut/HM-armc/mutation/lowered-cpp/interpolate/interpolate.halide_generated.cpp:8735:35
interpolate,cxx_default_on_emitted_cpp,5eb72c8d,5,6,cxx_add_to_sub,interpolate.halide_generated.cpp,4456,22,generator_specific,-11,1,1,,,test1_demo;test2_golden,0,0.451,cxx_add_to_sub:/mnt/scratch1/ardi/dsl_mut/HM-armc/mutation/lowered-cpp/interpolate/interpolate.halide_generated.cpp:4456:22
interpolate,cxx_default_on_emitted_cpp,5eb72c8d,5,6,cxx_add_to_sub,interpolate.halide_generated.cpp,9664,35,generator_specific,0,0,0,,,,0,3.149,cxx_add_to_sub:/mnt/scratch1/ardi/dsl_mut/HM-armc/mutation/lowered-cpp/interpolate/interpolate.halide_generated.cpp:9664:35
interpolate,cxx_default_on_emitted_cpp,5eb72c8d,5,6,cxx_add_to_sub,interpolate.halide_generated.cpp,8520,35,generator_specific,0,0,1,,,test2_golden,0,3.704,cxx_add_to_sub:/mnt/scratch1/ardi/dsl_mut/HM-armc/mutation/lowered-cpp/interpolate/interpolate.halide_generated.cpp:8520:35
interpolate,cxx_default_on_emitted_cpp,5eb72c8d,5,6,cxx_mul_to_div,interpolate.halide_generated.cpp,6348,31,generator_specific,0,0,1,,,test2_golden,0,2.885,cxx_mul_to_div:/mnt/scratch1/ardi/dsl_mut/HM-armc/mutation/lowered-cpp/interpolate/interpolate.halide_generated.cpp:6348:31
interpolate,cxx_default_on_emitted_cpp,5eb72c8d,5,6,cxx_mul_to_div,interpolate.halide_generated.cpp,10527,24,generator_specific,0,0,1,,,test2_golden,0,2.998,cxx_mul_to_div:/mnt/scratch1/ardi/dsl_mut/HM-armc/mutation/lowered-cpp/interpolate/interpolate.halide_generated.cpp:10527:24
interpolate,cxx_default_on_emitted_cpp,5eb72c8d,5,6,cxx_add_to_sub,interpolate.halide_generated.cpp,7305,79,generator_specific,0,0,0,,,,0,3.276,cxx_add_to_sub:/mnt/scratch1/ardi/dsl_mut/HM-armc/mutation/lowered-cpp/interpolate/interpolate.halide_generated.cpp:7305:79
interpolate,cxx_default_on_emitted_cpp,5eb72c8d,5,6,cxx_sub_to_add,interpolate.halide_generated.cpp,7046,37,generator_specific,-11,1,1,,,test1_demo;test2_golden,0,0.319,cxx_sub_to_add:/mnt/scratch1/ardi/dsl_mut/HM-armc/mutation/lowered-cpp/interpolate/interpolate.halide_generated.cpp:7046:37
interpolate,cxx_default_on_emitted_cpp,5eb72c8d,5,6,cxx_add_to_sub,interpolate.halide_generated.cpp,5376,26,generator_specific,0,0,0,,,,0,3.269,cxx_add_to_sub:/mnt/scratch1/ardi/dsl_mut/HM-armc/mutation/lowered-cpp/interpolate/interpolate.halide_generated.cpp:5376:26
interpolate,cxx_default_on_emitted_cpp,5eb72c8d,5,6,cxx_sub_to_add,interpolate.halide_generated.cpp,6462,34,generator_specific,0,0,0,,,,0,3.201,cxx_sub_to_add:/mnt/scratch1/ardi/dsl_mut/HM-armc/mutation/lowered-cpp/interpolate/interpolate.halide_generated.cpp:6462:34
interpolate,cxx_default_on_emitted_cpp,5eb72c8d,5,6,cxx_add_to_sub,interpolate.halide_generated.cpp,7822,37,generator_specific,0,0,0,,,,0,3.083,cxx_add_to_sub:/mnt/scratch1/ardi/dsl_mut/HM-armc/mutation/lowered-cpp/interpolate/interpolate.halide_generated.cpp:7822:37
interpolate,cxx_default_on_emitted_cpp,5eb72c8d,5,6,cxx_add_to_sub,interpolate.halide_generated.cpp,11797,31,generator_specific,0,0,0,,,,0,3.181,cxx_add_to_sub:/mnt/scratch1/ardi/dsl_mut/HM-armc/mutation/lowered-cpp/interpolate/interpolate.halide_generated.cpp:11797:31
interpolate,cxx_default_on_emitted_cpp,5eb72c8d,5,6,cxx_add_to_sub,interpolate.halide_generated.cpp,4133,24,generator_specific,0,0,0,,,,0,3.215,cxx_add_to_sub:/mnt/scratch1/ardi/dsl_mut/HM-armc/mutation/lowered-cpp/interpolate/interpolate.halide_generated.cpp:4133:24
interpolate,cxx_default_on_emitted_cpp,5eb72c8d,5,6,cxx_mul_to_div,interpolate.halide_generated.cpp,11377,28,generator_specific,0,0,0,,,,0,3.228,cxx_mul_to_div:/mnt/scratch1/ardi/dsl_mut/HM-armc/mutation/lowered-cpp/interpolate/interpolate.halide_generated.cpp:11377:28
interpolate,cxx_default_on_emitted_cpp,5eb72c8d,5,6,cxx_eq_to_ne,interpolate.halide_generated.cpp,9005,54,generator_specific,0,0,0,,,,0,3.278,cxx_eq_to_ne:/mnt/scratch1/ardi/dsl_mut/HM-armc/mutation/lowered-cpp/interpolate/interpolate.halide_generated.cpp:9005:54
interpolate,cxx_default_on_emitted_cpp,5eb72c8d,5,6,cxx_mul_to_div,interpolate.halide_generated.cpp,11024,25,generator_specific,0,0,0,,,,0,3.186,cxx_mul_to_div:/mnt/scratch1/ardi/dsl_mut/HM-armc/mutation/lowered-cpp/interpolate/interpolate.halide_generated.cpp:11024:25
interpolate,cxx_default_on_emitted_cpp,5eb72c8d,5,6,cxx_mul_to_div,interpolate.halide_generated.cpp,6586,37,generator_specific,0,0,1,,,test2_golden,0,3.246,cxx_mul_to_div:/mnt/scratch1/ardi/dsl_mut/HM-armc/mutation/lowered-cpp/interpolate/interpolate.halide_generated.cpp:6586:37
interpolate,cxx_default_on_emitted_cpp,5eb72c8d,5,6,cxx_eq_to_ne,interpolate.halide_generated.cpp,11953,55,generator_specific,0,0,0,,,,0,3.364,cxx_eq_to_ne:/mnt/scratch1/ardi/dsl_mut/HM-armc/mutation/lowered-cpp/interpolate/interpolate.halide_generated.cpp:11953:55
interpolate,cxx_default_on_emitted_cpp,5eb72c8d,5,6,cxx_mul_to_div,interpolate.halide_generated.cpp,6374,32,generator_specific,0,0,1,,,test2_golden,0,3.002,cxx_mul_to_div:/mnt/scratch1/ardi/dsl_mut/HM-armc/mutation/lowered-cpp/interpolate/interpolate.halide_generated.cpp:6374:32
interpolate,cxx_default_on_emitted_cpp,5eb72c8d,5,6,cxx_add_to_sub,interpolate.halide_generated.cpp,4025,68,generator_specific,0,0,0,,,,0,3.185,cxx_add_to_sub:/mnt/scratch1/ardi/dsl_mut/HM-armc/mutation/lowered-cpp/interpolate/interpolate.halide_generated.cpp:4025:68
interpolate,cxx_default_on_emitted_cpp,5eb72c8d,5,6,cxx_mul_to_div,interpolate.halide_generated.cpp,5754,26,generator_specific,0,0,1,,,test2_golden,0,3.255,cxx_mul_to_div:/mnt/scratch1/ardi/dsl_mut/HM-armc/mutation/lowered-cpp/interpolate/interpolate.halide_generated.cpp:5754:26
interpolate,cxx_default_on_emitted_cpp,5eb72c8d,5,6,cxx_add_to_sub,interpolate.halide_generated.cpp,7793,38,generator_specific,0,0,1,,,test2_golden,0,3.172,cxx_add_to_sub:/mnt/scratch1/ardi/dsl_mut/HM-armc/mutation/lowered-cpp/interpolate/interpolate.halide_generated.cpp:7793:38
interpolate,cxx_default_on_emitted_cpp,5eb72c8d,5,6,cxx_remove_void_call,interpolate.halide_generated.cpp,5382,5,generator_specific,0,0,0,,,,0,3.240,cxx_remove_void_call:/mnt/scratch1/ardi/dsl_mut/HM-armc/mutation/lowered-cpp/interpolate/interpolate.halide_generated.cpp:5382:5
interpolate,cxx_default_on_emitted_cpp,5eb72c8d,5,6,cxx_add_to_sub,interpolate.halide_generated.cpp,7238,38,generator_specific,0,0,1,,,test2_golden,0,3.262,cxx_add_to_sub:/mnt/scratch1/ardi/dsl_mut/HM-armc/mutation/lowered-cpp/interpolate/interpolate.halide_generated.cpp:7238:38
interpolate,cxx_default_on_emitted_cpp,5eb72c8d,5,6,cxx_replace_scalar_call,interpolate.halide_generated.cpp,10820,20,generator_specific,0,0,0,,,,0,2.970,cxx_replace_scalar_call:/mnt/scratch1/ardi/dsl_mut/HM-armc/mutation/lowered-cpp/interpolate/interpolate.halide_generated.cpp:10820:20
interpolate,cxx_default_on_emitted_cpp,5eb72c8d,5,6,cxx_add_to_sub,interpolate.halide_generated.cpp,5167,26,generator_specific,0,0,0,,,,0,3.431,cxx_add_to_sub:/mnt/scratch1/ardi/dsl_mut/HM-armc/mutation/lowered-cpp/interpolate/interpolate.halide_generated.cpp:5167:26
interpolate,cxx_default_on_emitted_cpp,5eb72c8d,5,6,cxx_remove_void_call,interpolate.halide_generated.cpp,6628,16,generator_specific,0,0,1,,,test2_golden,0,3.360,cxx_remove_void_call:/mnt/scratch1/ardi/dsl_mut/HM-armc/mutation/lowered-cpp/interpolate/interpolate.halide_generated.cpp:6628:16
interpolate,cxx_default_on_emitted_cpp,5eb72c8d,5,6,cxx_add_to_sub,interpolate.halide_generated.cpp,9571,36,generator_specific,0,0,0,,,,0,3.547,cxx_add_to_sub:/mnt/scratch1/ardi/dsl_mut/HM-armc/mutation/lowered-cpp/interpolate/interpolate.halide_generated.cpp:9571:36
interpolate,cxx_default_on_emitted_cpp,5eb72c8d,5,6,cxx_add_to_sub,interpolate.halide_generated.cpp,12143,33,generator_specific,0,0,0,,,,0,3.582,cxx_add_to_sub:/mnt/scratch1/ardi/dsl_mut/HM-armc/mutation/lowered-cpp/interpolate/interpolate.halide_generated.cpp:12143:33
interpolate,cxx_default_on_emitted_cpp,5eb72c8d,5,6,cxx_add_to_sub,interpolate.halide_generated.cpp,9584,90,generator_specific,0,0,0,,,,0,3.039,cxx_add_to_sub:/mnt/scratch1/ardi/dsl_mut/HM-armc/mutation/lowered-cpp/interpolate/interpolate.halide_generated.cpp:9584:90
interpolate,cxx_default_on_emitted_cpp,5eb72c8d,5,6,cxx_add_to_sub,interpolate.halide_generated.cpp,7012,36,generator_specific,-11,1,1,,,test1_demo;test2_golden,0,0.306,cxx_add_to_sub:/mnt/scratch1/ardi/dsl_mut/HM-armc/mutation/lowered-cpp/interpolate/interpolate.halide_generated.cpp:7012:36
interpolate,cxx_default_on_emitted_cpp,5eb72c8d,5,6,cxx_sub_to_add,interpolate.halide_generated.cpp,9150,37,generator_specific,0,0,1,,,test2_golden,0,3.556,cxx_sub_to_add:/mnt/scratch1/ardi/dsl_mut/HM-armc/mutation/lowered-cpp/interpolate/interpolate.halide_generated.cpp:9150:37
interpolate,cxx_default_on_emitted_cpp,5eb72c8d,5,6,cxx_gt_to_ge,interpolate.halide_generated.cpp,8900,73,generator_specific,0,0,0,,,,0,3.512,cxx_gt_to_ge:/mnt/scratch1/ardi/dsl_mut/HM-armc/mutation/lowered-cpp/interpolate/interpolate.halide_generated.cpp:8900:73
interpolate,cxx_default_on_emitted_cpp,5eb72c8d,5,6,cxx_add_to_sub,interpolate.halide_generated.cpp,4664,23,generator_specific,-11,1,1,,,test1_demo;test2_golden,0,0.344,cxx_add_to_sub:/mnt/scratch1/ardi/dsl_mut/HM-armc/mutation/lowered-cpp/interpolate/interpolate.halide_generated.cpp:4664:23
interpolate,cxx_default_on_emitted_cpp,5eb72c8d,5,6,cxx_mul_to_div,interpolate.halide_generated.cpp,9938,37,generator_specific,0,0,0,,,,0,3.430,cxx_mul_to_div:/mnt/scratch1/ardi/dsl_mut/HM-armc/mutation/lowered-cpp/interpolate/interpolate.halide_generated.cpp:9938:37
interpolate,cxx_default_on_emitted_cpp,5eb72c8d,5,6,cxx_add_to_sub,interpolate.halide_generated.cpp,4375,26,generator_specific,0,0,0,,,,0,3.092,cxx_add_to_sub:/mnt/scratch1/ardi/dsl_mut/HM-armc/mutation/lowered-cpp/interpolate/interpolate.halide_generated.cpp:4375:26
interpolate,cxx_default_on_emitted_cpp,5eb72c8d,5,6,cxx_sub_to_add,interpolate.halide_generated.cpp,6464,34,generator_specific,0,0,1,,,test2_golden,0,3.279,cxx_sub_to_add:/mnt/scratch1/ardi/dsl_mut/HM-armc/mutation/lowered-cpp/interpolate/interpolate.halide_generated.cpp:6464:34
interpolate,cxx_default_on_emitted_cpp,5eb72c8d,5,6,cxx_add_to_sub,interpolate.halide_generated.cpp,11677,30,generator_specific,0,0,0,,,,0,3.640,cxx_add_to_sub:/mnt/scratch1/ardi/dsl_mut/HM-armc/mutation/lowered-cpp/interpolate/interpolate.halide_generated.cpp:11677:30
interpolate,cxx_default_on_emitted_cpp,5eb72c8d,5,6,cxx_add_to_sub,interpolate.halide_generated.cpp,8431,36,generator_specific,0,0,1,,,test2_golden,0,3.385,cxx_add_to_sub:/mnt/scratch1/ardi/dsl_mut/HM-armc/mutation/lowered-cpp/interpolate/interpolate.halide_generated.cpp:8431:36
interpolate,cxx_default_on_emitted_cpp,5eb72c8d,5,6,cxx_add_to_sub,interpolate.halide_generated.cpp,4912,29,generator_specific,0,0,1,,,test2_golden,0,2.908,cxx_add_to_sub:/mnt/scratch1/ardi/dsl_mut/HM-armc/mutation/lowered-cpp/interpolate/interpolate.halide_generated.cpp:4912:29
interpolate,cxx_default_on_emitted_cpp,5eb72c8d,5,6,cxx_mul_to_div,interpolate.halide_generated.cpp,9465,36,generator_specific,0,0,0,,,,0,3.169,cxx_mul_to_div:/mnt/scratch1/ardi/dsl_mut/HM-armc/mutation/lowered-cpp/interpolate/interpolate.halide_generated.cpp:9465:36
interpolate,cxx_default_on_emitted_cpp,5eb72c8d,5,6,cxx_add_to_sub,interpolate.halide_generated.cpp,6536,38,generator_specific,0,0,1,,,test2_golden,0,3.519,cxx_add_to_sub:/mnt/scratch1/ardi/dsl_mut/HM-armc/mutation/lowered-cpp/interpolate/interpolate.halide_generated.cpp:6536:38
interpolate,cxx_default_on_emitted_cpp,5eb72c8d,5,6,cxx_add_to_sub,interpolate.halide_generated.cpp,8242,36,generator_specific,0,0,0,,,,0,3.421,cxx_add_to_sub:/mnt/scratch1/ardi/dsl_mut/HM-armc/mutation/lowered-cpp/interpolate/interpolate.halide_generated.cpp:8242:36
interpolate,cxx_default_on_emitted_cpp,5eb72c8d,5,6,cxx_add_to_sub,interpolate.halide_generated.cpp,4041,26,generator_specific,0,0,0,,,,0,3.725,cxx_add_to_sub:/mnt/scratch1/ardi/dsl_mut/HM-armc/mutation/lowered-cpp/interpolate/interpolate.halide_generated.cpp:4041:26
interpolate,cxx_default_on_emitted_cpp,5eb72c8d,5,6,cxx_mul_to_div,interpolate.halide_generated.cpp,8344,35,generator_specific,-8,1,1,,,test1_demo;test2_golden,0,0.326,cxx_mul_to_div:/mnt/scratch1/ardi/dsl_mut/HM-armc/mutation/lowered-cpp/interpolate/interpolate.halide_generated.cpp:8344:35
interpolate,cxx_default_on_emitted_cpp,5eb72c8d,5,6,cxx_add_to_sub,interpolate.halide_generated.cpp,7271,37,generator_specific,0,0,1,,,test2_golden,0,3.385,cxx_add_to_sub:/mnt/scratch1/ardi/dsl_mut/HM-armc/mutation/lowered-cpp/interpolate/interpolate.halide_generated.cpp:7271:37
interpolate,cxx_default_on_emitted_cpp,5eb72c8d,5,6,cxx_add_to_sub,interpolate.halide_generated.cpp,4366,26,generator_specific,0,0,0,,,,0,3.084,cxx_add_to_sub:/mnt/scratch1/ardi/dsl_mut/HM-armc/mutation/lowered-cpp/interpolate/interpolate.halide_generated.cpp:4366:26
interpolate,cxx_default_on_emitted_cpp,5eb72c8d,5,6,cxx_mul_to_div,interpolate.halide_generated.cpp,12293,33,generator_specific,0,0,1,,,test2_golden,0,3.912,cxx_mul_to_div:/mnt/scratch1/ardi/dsl_mut/HM-armc/mutation/lowered-cpp/interpolate/interpolate.halide_generated.cpp:12293:33
interpolate,cxx_default_on_emitted_cpp,5eb72c8d,5,6,cxx_add_to_sub,interpolate.halide_generated.cpp,4568,24,generator_specific,0,0,0,,,,0,3.634,cxx_add_to_sub:/mnt/scratch1/ardi/dsl_mut/HM-armc/mutation/lowered-cpp/interpolate/interpolate.halide_generated.cpp:4568:24
interpolate,cxx_default_on_emitted_cpp,5eb72c8d,5,6,cxx_add_to_sub,interpolate.halide_generated.cpp,5298,27,generator_specific,0,0,1,,,test2_golden,0,3.452,cxx_add_to_sub:/mnt/scratch1/ardi/dsl_mut/HM-armc/mutation/lowered-cpp/interpolate/interpolate.halide_generated.cpp:5298:27
interpolate,cxx_default_on_emitted_cpp,5eb72c8d,5,6,cxx_add_to_sub,interpolate.halide_generated.cpp,3858,25,generator_specific,0,0,0,,,,0,3.340,cxx_add_to_sub:/mnt/scratch1/ardi/dsl_mut/HM-armc/mutation/lowered-cpp/interpolate/interpolate.halide_generated.cpp:3858:25
interpolate,cxx_default_on_emitted_cpp,5eb72c8d,5,6,cxx_add_to_sub,interpolate.halide_generated.cpp,9125,35,generator_specific,0,0,1,,,test2_golden,0,3.215,cxx_add_to_sub:/mnt/scratch1/ardi/dsl_mut/HM-armc/mutation/lowered-cpp/interpolate/interpolate.halide_generated.cpp:9125:35
interpolate,cxx_default_on_emitted_cpp,5eb72c8d,5,6,cxx_gt_to_ge,interpolate.halide_generated.cpp,8873,27,generator_specific,0,0,0,,,,0,3.790,cxx_gt_to_ge:/mnt/scratch1/ardi/dsl_mut/HM-armc/mutation/lowered-cpp/interpolate/interpolate.halide_generated.cpp:8873:27
interpolate,cxx_default_on_emitted_cpp,5eb72c8d,5,6,cxx_add_to_sub,interpolate.halide_generated.cpp,9399,38,generator_specific,0,0,0,,,,0,3.600,cxx_add_to_sub:/mnt/scratch1/ardi/dsl_mut/HM-armc/mutation/lowered-cpp/interpolate/interpolate.halide_generated.cpp:9399:38
interpolate,cxx_default_on_emitted_cpp,5eb72c8d,5,6,cxx_remove_void_call,interpolate.halide_generated.cpp,5433,2,generator_specific,0,0,0,,,,0,2.977,cxx_remove_void_call:/mnt/scratch1/ardi/dsl_mut/HM-armc/mutation/lowered-cpp/interpolate/interpolate.halide_generated.cpp:5433:2
interpolate,cxx_default_on_emitted_cpp,5eb72c8d,5,6,cxx_add_to_sub,interpolate.halide_generated.cpp,3998,26,generator_specific,-11,1,1,,,test1_demo;test2_golden,0,0.427,cxx_add_to_sub:/mnt/scratch1/ardi/dsl_mut/HM-armc/mutation/lowered-cpp/interpolate/interpolate.halide_generated.cpp:3998:26
interpolate,cxx_default_on_emitted_cpp,5eb72c8d,5,6,cxx_sub_to_add,interpolate.halide_generated.cpp,7203,36,generator_specific,0,0,0,,,,0,3.170,cxx_sub_to_add:/mnt/scratch1/ardi/dsl_mut/HM-armc/mutation/lowered-cpp/interpolate/interpolate.halide_generated.cpp:7203:36
interpolate,cxx_default_on_emitted_cpp,5eb72c8d,5,6,cxx_add_to_sub,interpolate.halide_generated.cpp,4925,29,generator_specific,0,0,1,,,test2_golden,0,3.536,cxx_add_to_sub:/mnt/scratch1/ardi/dsl_mut/HM-armc/mutation/lowered-cpp/interpolate/interpolate.halide_generated.cpp:4925:29
interpolate,cxx_default_on_emitted_cpp,5eb72c8d,5,6,cxx_add_to_sub,interpolate.halide_generated.cpp,8283,35,generator_specific,0,0,1,,,test2_golden,0,3.092,cxx_add_to_sub:/mnt/scratch1/ardi/dsl_mut/HM-armc/mutation/lowered-cpp/interpolate/interpolate.halide_generated.cpp:8283:35
interpolate,cxx_default_on_emitted_cpp,5eb72c8d,5,6,cxx_add_to_sub,interpolate.halide_generated.cpp,10683,25,generator_specific,0,0,0,,,,0,3.747,cxx_add_to_sub:/mnt/scratch1/ardi/dsl_mut/HM-armc/mutation/lowered-cpp/interpolate/interpolate.halide_generated.cpp:10683:25
interpolate,cxx_default_on_emitted_cpp,5eb72c8d,5,6,cxx_add_to_sub,interpolate.halide_generated.cpp,5556,26,generator_specific,0,0,0,,,,0,3.558,cxx_add_to_sub:/mnt/scratch1/ardi/dsl_mut/HM-armc/mutation/lowered-cpp/interpolate/interpolate.halide_generated.cpp:5556:26
interpolate,cxx_default_on_emitted_cpp,5eb72c8d,5,6,cxx_gt_to_le,interpolate.halide_generated.cpp,9050,22,generator_specific,0,0,0,,,,0,3.557,cxx_gt_to_le:/mnt/scratch1/ardi/dsl_mut/HM-armc/mutation/lowered-cpp/interpolate/interpolate.halide_generated.cpp:9050:22
interpolate,cxx_default_on_emitted_cpp,5eb72c8d,5,6,cxx_le_to_gt,interpolate.halide_generated.cpp,10726,22,generator_specific,0,0,1,,,test2_golden,0,1.794,cxx_le_to_gt:/mnt/scratch1/ardi/dsl_mut/HM-armc/mutation/lowered-cpp/interpolate/interpolate.halide_generated.cpp:10726:22
interpolate,cxx_default_on_emitted_cpp,5eb72c8d,5,6,cxx_le_to_gt,interpolate.halide_generated.cpp,10746,22,generator_specific,0,0,1,,,test2_golden,0,1.763,cxx_le_to_gt:/mnt/scratch1/ardi/dsl_mut/HM-armc/mutation/lowered-cpp/interpolate/interpolate.halide_generated.cpp:10746:22
interpolate,cxx_default_on_emitted_cpp,5eb72c8d,5,6,cxx_le_to_lt,interpolate.halide_generated.cpp,10705,22,generator_specific,0,0,1,,,test2_golden,0,1.787,cxx_le_to_lt:/mnt/scratch1/ardi/dsl_mut/HM-armc/mutation/lowered-cpp/interpolate/interpolate.halide_generated.cpp:10705:22
interpolate,cxx_default_on_emitted_cpp,5eb72c8d,5,6,cxx_add_to_sub,interpolate.halide_generated.cpp,7942,38,generator_specific,-11,1,1,,,test1_demo;test2_golden,0,0.371,cxx_add_to_sub:/mnt/scratch1/ardi/dsl_mut/HM-armc/mutation/lowered-cpp/interpolate/interpolate.halide_generated.cpp:7942:38
interpolate,cxx_default_on_emitted_cpp,5eb72c8d,5,6,cxx_sub_to_add,interpolate.halide_generated.cpp,11341,27,generator_specific,0,0,1,,,test2_golden,0,3.503,cxx_sub_to_add:/mnt/scratch1/ardi/dsl_mut/HM-armc/mutation/lowered-cpp/interpolate/interpolate.halide_generated.cpp:11341:27
interpolate,cxx_default_on_emitted_cpp,5eb72c8d,5,6,cxx_le_to_gt,interpolate.halide_generated.cpp,10748,22,generator_specific,0,0,1,,,test2_golden,0,1.612,cxx_le_to_gt:/mnt/scratch1/ardi/dsl_mut/HM-armc/mutation/lowered-cpp/interpolate/interpolate.halide_generated.cpp:10748:22
interpolate,cxx_default_on_emitted_cpp,5eb72c8d,5,6,cxx_add_to_sub,interpolate.halide_generated.cpp,11348,28,generator_specific,-6,1,1,,,test1_demo;test2_golden,0,0.276,cxx_add_to_sub:/mnt/scratch1/ardi/dsl_mut/HM-armc/mutation/lowered-cpp/interpolate/interpolate.halide_generated.cpp:11348:28
interpolate,cxx_default_on_emitted_cpp,5eb72c8d,5,6,cxx_mul_to_div,interpolate.halide_generated.cpp,9479,37,generator_specific,0,0,0,,,,0,3.229,cxx_mul_to_div:/mnt/scratch1/ardi/dsl_mut/HM-armc/mutation/lowered-cpp/interpolate/interpolate.halide_generated.cpp:9479:37
interpolate,cxx_default_on_emitted_cpp,5eb72c8d,5,6,cxx_add_to_sub,interpolate.halide_generated.cpp,8914,27,generator_specific,0,0,0,,,,0,3.053,cxx_add_to_sub:/mnt/scratch1/ardi/dsl_mut/HM-armc/mutation/lowered-cpp/interpolate/interpolate.halide_generated.cpp:8914:27
interpolate,cxx_default_on_emitted_cpp,5eb72c8d,5,6,cxx_add_to_sub,interpolate.halide_generated.cpp,11713,31,generator_specific,0,0,1,,,test2_golden,0,3.079,cxx_add_to_sub:/mnt/scratch1/ardi/dsl_mut/HM-armc/mutation/lowered-cpp/interpolate/interpolate.halide_generated.cpp:11713:31
interpolate,cxx_default_on_emitted_cpp,5eb72c8d,5,6,cxx_sub_to_add,interpolate.halide_generated.cpp,11923,32,generator_specific,0,0,0,,,,0,3.111,cxx_sub_to_add:/mnt/scratch1/ardi/dsl_mut/HM-armc/mutation/lowered-cpp/interpolate/interpolate.halide_generated.cpp:11923:32
interpolate,cxx_default_on_emitted_cpp,5eb72c8d,5,6,cxx_add_to_sub,interpolate.halide_generated.cpp,8071,69,generator_specific,0,0,0,,,,0,3.356,cxx_add_to_sub:/mnt/scratch1/ardi/dsl_mut/HM-armc/mutation/lowered-cpp/interpolate/interpolate.halide_generated.cpp:8071:69
interpolate,cxx_default_on_emitted_cpp,5eb72c8d,5,6,cxx_sub_to_add,interpolate.halide_generated.cpp,10931,25,generator_specific,0,0,0,,,,0,3.223,cxx_sub_to_add:/mnt/scratch1/ardi/dsl_mut/HM-armc/mutation/lowered-cpp/interpolate/interpolate.halide_generated.cpp:10931:25
interpolate,cxx_default_on_emitted_cpp,5eb72c8d,5,6,cxx_div_to_mul,interpolate.halide_generated.cpp,8667,35,generator_specific,0,0,0,,,,0,3.347,cxx_div_to_mul:/mnt/scratch1/ardi/dsl_mut/HM-armc/mutation/lowered-cpp/interpolate/interpolate.halide_generated.cpp:8667:35
interpolate,cxx_default_on_emitted_cpp,5eb72c8d,5,6,cxx_ne_to_eq,interpolate.halide_generated.cpp,6338,32,generator_specific,-6,1,1,,,test1_demo;test2_golden,0,0.279,cxx_ne_to_eq:/mnt/scratch1/ardi/dsl_mut/HM-armc/mutation/lowered-cpp/interpolate/interpolate.halide_generated.cpp:6338:32
interpolate,cxx_default_on_emitted_cpp,5eb72c8d,5,6,cxx_add_to_sub,interpolate.halide_generated.cpp,10155,36,generator_specific,0,0,0,,,,0,3.493,cxx_add_to_sub:/mnt/scratch1/ardi/dsl_mut/HM-armc/mutation/lowered-cpp/interpolate/interpolate.halide_generated.cpp:10155:36
interpolate,cxx_default_on_emitted_cpp,5eb72c8d,5,6,cxx_add_to_sub,interpolate.halide_generated.cpp,9856,38,generator_specific,0,0,0,,,,0,3.100,cxx_add_to_sub:/mnt/scratch1/ardi/dsl_mut/HM-armc/mutation/lowered-cpp/interpolate/interpolate.halide_generated.cpp:9856:38
interpolate,cxx_default_on_emitted_cpp,5eb72c8d,5,6,cxx_mul_to_div,interpolate.halide_generated.cpp,11581,30,generator_specific,-6,1,1,,,test1_demo;test2_golden,0,0.276,cxx_mul_to_div:/mnt/scratch1/ardi/dsl_mut/HM-armc/mutation/lowered-cpp/interpolate/interpolate.halide_generated.cpp:11581:30
interpolate,cxx_default_on_emitted_cpp,5eb72c8d,5,6,cxx_add_to_sub,interpolate.halide_generated.cpp,4737,24,generator_specific,0,0,0,,,,0,3.516,cxx_add_to_sub:/mnt/scratch1/ardi/dsl_mut/HM-armc/mutation/lowered-cpp/interpolate/interpolate.halide_generated.cpp:4737:24
interpolate,cxx_default_on_emitted_cpp,5eb72c8d,5,6,cxx_sub_to_add,interpolate.halide_generated.cpp,9592,37,generator_specific,0,0,0,,,,0,3.210,cxx_sub_to_add:/mnt/scratch1/ardi/dsl_mut/HM-armc/mutation/lowered-cpp/interpolate/interpolate.halide_generated.cpp:9592:37
interpolate,cxx_default_on_emitted_cpp,5eb72c8d,5,6,cxx_sub_to_add,interpolate.halide_generated.cpp,12303,33,generator_specific,0,0,1,,,test2_golden,0,3.477,cxx_sub_to_add:/mnt/scratch1/ardi/dsl_mut/HM-armc/mutation/lowered-cpp/interpolate/interpolate.halide_generated.cpp:12303:33
interpolate,cxx_default_on_emitted_cpp,5eb72c8d,5,6,cxx_add_to_sub,interpolate.halide_generated.cpp,10101,35,generator_specific,0,0,0,,,,0,3.704,cxx_add_to_sub:/mnt/scratch1/ardi/dsl_mut/HM-armc/mutation/lowered-cpp/interpolate/interpolate.halide_generated.cpp:10101:35
interpolate,cxx_default_on_emitted_cpp,5eb72c8d,5,6,cxx_mul_to_div,interpolate.halide_generated.cpp,9255,37,generator_specific,0,0,0,,,,0,3.298,cxx_mul_to_div:/mnt/scratch1/ardi/dsl_mut/HM-armc/mutation/lowered-cpp/interpolate/interpolate.halide_generated.cpp:9255:37
interpolate,cxx_default_on_emitted_cpp,5eb72c8d,5,6,cxx_sub_to_add,interpolate.halide_generated.cpp,8346,35,generator_specific,0,0,0,,,,0,3.589,cxx_sub_to_add:/mnt/scratch1/ardi/dsl_mut/HM-armc/mutation/lowered-cpp/interpolate/interpolate.halide_generated.cpp:8346:35
interpolate,cxx_default_on_emitted_cpp,5eb72c8d,5,6,cxx_add_to_sub,interpolate.halide_generated.cpp,4210,26,generator_specific,0,0,1,,,test2_golden,0,3.275,cxx_add_to_sub:/mnt/scratch1/ardi/dsl_mut/HM-armc/mutation/lowered-cpp/interpolate/interpolate.halide_generated.cpp:4210:26
interpolate,cxx_default_on_emitted_cpp,5eb72c8d,5,6,cxx_add_to_sub,interpolate.halide_generated.cpp,6588,79,generator_specific,0,0,1,,,test2_golden,0,3.222,cxx_add_to_sub:/mnt/scratch1/ardi/dsl_mut/HM-armc/mutation/lowered-cpp/interpolate/interpolate.halide_generated.cpp:6588:79
interpolate,cxx_default_on_emitted_cpp,5eb72c8d,5,6,cxx_mul_to_div,interpolate.halide_generated.cpp,4005,26,generator_specific,0,0,1,,,test2_golden,0,3.638,cxx_mul_to_div:/mnt/scratch1/ardi/dsl_mut/HM-armc/mutation/lowered-cpp/interpolate/interpolate.halide_generated.cpp:4005:26
interpolate,cxx_default_on_emitted_cpp,5eb72c8d,5,6,cxx_add_to_sub,interpolate.halide_generated.cpp,9283,38,generator_specific,0,0,0,,,,0,3.677,cxx_add_to_sub:/mnt/scratch1/ardi/dsl_mut/HM-armc/mutation/lowered-cpp/interpolate/interpolate.halide_generated.cpp:9283:38
interpolate,cxx_default_on_emitted_cpp,5eb72c8d,5,6,cxx_replace_scalar_call,interpolate.halide_generated.cpp,10533,18,generator_specific,0,0,1,,,test2_golden,0,3.072,cxx_replace_scalar_call:/mnt/scratch1/ardi/dsl_mut/HM-armc/mutation/lowered-cpp/interpolate/interpolate.halide_generated.cpp:10533:18
interpolate,cxx_default_on_emitted_cpp,5eb72c8d,5,6,cxx_add_to_sub,interpolate.halide_generated.cpp,9524,38,generator_specific,0,0,0,,,,0,3.226,cxx_add_to_sub:/mnt/scratch1/ardi/dsl_mut/HM-armc/mutation/lowered-cpp/interpolate/interpolate.halide_generated.cpp:9524:38
interpolate,cxx_default_on_emitted_cpp,5eb72c8d,5,6,cxx_add_to_sub,interpolate.halide_generated.cpp,5533,27,generator_specific,0,0,0,,,,0,3.361,cxx_add_to_sub:/mnt/scratch1/ardi/dsl_mut/HM-armc/mutation/lowered-cpp/interpolate/interpolate.halide_generated.cpp:5533:27
interpolate,cxx_default_on_emitted_cpp,5eb72c8d,5,6,cxx_add_to_sub,interpolate.halide_generated.cpp,7566,36,generator_specific,-11,1,1,,,test1_demo;test2_golden,0,0.296,cxx_add_to_sub:/mnt/scratch1/ardi/dsl_mut/HM-armc/mutation/lowered-cpp/interpolate/interpolate.halide_generated.cpp:7566:36
interpolate,cxx_default_on_emitted_cpp,5eb72c8d,5,6,cxx_add_to_sub,interpolate.halide_generated.cpp,7301,37,generator_specific,0,0,0,,,,0,3.252,cxx_add_to_sub:/mnt/scratch1/ardi/dsl_mut/HM-armc/mutation/lowered-cpp/interpolate/interpolate.halide_generated.cpp:7301:37
interpolate,cxx_default_on_emitted_cpp,5eb72c8d,5,6,cxx_mul_to_div,interpolate.halide_generated.cpp,3857,26,generator_specific,-11,1,1,,,test1_demo;test2_golden,0,0.253,cxx_mul_to_div:/mnt/scratch1/ardi/dsl_mut/HM-armc/mutation/lowered-cpp/interpolate/interpolate.halide_generated.cpp:3857:26
interpolate,cxx_default_on_emitted_cpp,5eb72c8d,5,6,cxx_add_to_sub,interpolate.halide_generated.cpp,6922,37,generator_specific,0,0,0,,,,0,3.685,cxx_add_to_sub:/mnt/scratch1/ardi/dsl_mut/HM-armc/mutation/lowered-cpp/interpolate/interpolate.halide_generated.cpp:6922:37
interpolate,cxx_default_on_emitted_cpp,5eb72c8d,5,6,cxx_add_to_sub,interpolate.halide_generated.cpp,9589,37,generator_specific,0,0,0,,,,0,3.547,cxx_add_to_sub:/mnt/scratch1/ardi/dsl_mut/HM-armc/mutation/lowered-cpp/interpolate/interpolate.halide_generated.cpp:9589:37
interpolate,cxx_default_on_emitted_cpp,5eb72c8d,5,6,cxx_lt_to_le,interpolate.halide_generated.cpp,6588,75,generator_specific,0,0,0,,,,0,3.297,cxx_lt_to_le:/mnt/scratch1/ardi/dsl_mut/HM-armc/mutation/lowered-cpp/interpolate/interpolate.halide_generated.cpp:6588:75
interpolate,cxx_default_on_emitted_cpp,5eb72c8d,5,6,cxx_mul_to_div,interpolate.halide_generated.cpp,7293,37,generator_specific,0,0,0,,,,0,2.868,cxx_mul_to_div:/mnt/scratch1/ardi/dsl_mut/HM-armc/mutation/lowered-cpp/interpolate/interpolate.halide_generated.cpp:7293:37
interpolate,cxx_default_on_emitted_cpp,5eb72c8d,5,6,cxx_add_to_sub,interpolate.halide_generated.cpp,8370,36,generator_specific,0,0,1,,,test2_golden,0,3.659,cxx_add_to_sub:/mnt/scratch1/ardi/dsl_mut/HM-armc/mutation/lowered-cpp/interpolate/interpolate.halide_generated.cpp:8370:36
interpolate,cxx_default_on_emitted_cpp,5eb72c8d,5,6,cxx_add_to_sub,interpolate.halide_generated.cpp,5176,26,generator_specific,0,0,0,,,,0,3.018,cxx_add_to_sub:/mnt/scratch1/ardi/dsl_mut/HM-armc/mutation/lowered-cpp/interpolate/interpolate.halide_generated.cpp:5176:26
interpolate,cxx_default_on_emitted_cpp,5eb72c8d,5,6,cxx_add_to_sub,interpolate.halide_generated.cpp,5331,27,generator_specific,-6,1,1,,,test1_demo;test2_golden,0,0.362,cxx_add_to_sub:/mnt/scratch1/ardi/dsl_mut/HM-armc/mutation/lowered-cpp/interpolate/interpolate.halide_generated.cpp:5331:27
interpolate,cxx_default_on_emitted_cpp,5eb72c8d,5,6,cxx_add_to_sub,interpolate.halide_generated.cpp,4860,25,generator_specific,0,0,1,,,test2_golden,0,3.266,cxx_add_to_sub:/mnt/scratch1/ardi/dsl_mut/HM-armc/mutation/lowered-cpp/interpolate/interpolate.halide_generated.cpp:4860:25
interpolate,cxx_default_on_emitted_cpp,5eb72c8d,5,6,cxx_mul_to_div,interpolate.halide_generated.cpp,7235,55,generator_specific,0,0,1,,,test2_golden,0,3.277,cxx_mul_to_div:/mnt/scratch1/ardi/dsl_mut/HM-armc/mutation/lowered-cpp/interpolate/interpolate.halide_generated.cpp:7235:55
interpolate,cxx_default_on_emitted_cpp,5eb72c8d,5,6,cxx_mul_to_div,interpolate.halide_generated.cpp,6231,27,generator_specific,-11,1,1,,,test1_demo;test2_golden,0,0.331,cxx_mul_to_div:/mnt/scratch1/ardi/dsl_mut/HM-armc/mutation/lowered-cpp/interpolate/interpolate.halide_generated.cpp:6231:27
interpolate,cxx_default_on_emitted_cpp,5eb72c8d,5,6,cxx_mul_to_div,interpolate.halide_generated.cpp,5147,26,generator_specific,-8,1,1,,,test1_demo;test2_golden,0,0.378,cxx_mul_to_div:/mnt/scratch1/ardi/dsl_mut/HM-armc/mutation/lowered-cpp/interpolate/interpolate.halide_generated.cpp:5147:26
interpolate,cxx_default_on_emitted_cpp,5eb72c8d,5,6,cxx_add_to_sub,interpolate.halide_generated.cpp,5676,27,generator_specific,0,0,1,,,test2_golden,0,3.140,cxx_add_to_sub:/mnt/scratch1/ardi/dsl_mut/HM-armc/mutation/lowered-cpp/interpolate/interpolate.halide_generated.cpp:5676:27
interpolate,cxx_default_on_emitted_cpp,5eb72c8d,5,6,cxx_add_to_sub,interpolate.halide_generated.cpp,7750,37,generator_specific,0,0,1,,,test2_golden,0,3.363,cxx_add_to_sub:/mnt/scratch1/ardi/dsl_mut/HM-armc/mutation/lowered-cpp/interpolate/interpolate.halide_generated.cpp:7750:37
interpolate,cxx_default_on_emitted_cpp,5eb72c8d,5,6,cxx_add_to_sub,interpolate.halide_generated.cpp,7245,38,generator_specific,0,0,1,,,test2_golden,0,3.598,cxx_add_to_sub:/mnt/scratch1/ardi/dsl_mut/HM-armc/mutation/lowered-cpp/interpolate/interpolate.halide_generated.cpp:7245:38
interpolate,cxx_default_on_emitted_cpp,5eb72c8d,5,6,cxx_add_to_sub,interpolate.halide_generated.cpp,6781,38,generator_specific,0,0,1,,,test2_golden,0,3.317,cxx_add_to_sub:/mnt/scratch1/ardi/dsl_mut/HM-armc/mutation/lowered-cpp/interpolate/interpolate.halide_generated.cpp:6781:38
interpolate,cxx_default_on_emitted_cpp,5eb72c8d,5,6,cxx_replace_scalar_call,interpolate.halide_generated.cpp,11018,20,generator_specific,0,0,0,,,,0,3.732,cxx_replace_scalar_call:/mnt/scratch1/ardi/dsl_mut/HM-armc/mutation/lowered-cpp/interpolate/interpolate.halide_generated.cpp:11018:20
interpolate,cxx_default_on_emitted_cpp,5eb72c8d,5,6,cxx_add_to_sub,interpolate.halide_generated.cpp,10547,24,generator_specific,0,0,0,,,,0,3.144,cxx_add_to_sub:/mnt/scratch1/ardi/dsl_mut/HM-armc/mutation/lowered-cpp/interpolate/interpolate.halide_generated.cpp:10547:24
interpolate,cxx_default_on_emitted_cpp,5eb72c8d,5,6,cxx_mul_to_div,interpolate.halide_generated.cpp,4995,26,generator_specific,0,0,0,,,,0,3.745,cxx_mul_to_div:/mnt/scratch1/ardi/dsl_mut/HM-armc/mutation/lowered-cpp/interpolate/interpolate.halide_generated.cpp:4995:26
interpolate,cxx_default_on_emitted_cpp,5eb72c8d,5,6,cxx_lt_to_le,interpolate.halide_generated.cpp,4033,119,generator_specific,0,0,0,,,,0,3.628,cxx_lt_to_le:/mnt/scratch1/ardi/dsl_mut/HM-armc/mutation/lowered-cpp/interpolate/interpolate.halide_generated.cpp:4033:119
interpolate,cxx_default_on_emitted_cpp,5eb72c8d,5,6,cxx_add_to_sub,interpolate.halide_generated.cpp,8410,35,generator_specific,0,0,1,,,test2_golden,0,3.190,cxx_add_to_sub:/mnt/scratch1/ardi/dsl_mut/HM-armc/mutation/lowered-cpp/interpolate/interpolate.halide_generated.cpp:8410:35
interpolate,cxx_default_on_emitted_cpp,5eb72c8d,5,6,cxx_mul_to_div,interpolate.halide_generated.cpp,10912,26,generator_specific,0,0,0,,,,0,3.623,cxx_mul_to_div:/mnt/scratch1/ardi/dsl_mut/HM-armc/mutation/lowered-cpp/interpolate/interpolate.halide_generated.cpp:10912:26
interpolate,cxx_default_on_emitted_cpp,5eb72c8d,5,6,cxx_add_to_sub,interpolate.halide_generated.cpp,8378,36,generator_specific,0,0,1,,,test2_golden,0,3.801,cxx_add_to_sub:/mnt/scratch1/ardi/dsl_mut/HM-armc/mutation/lowered-cpp/interpolate/interpolate.halide_generated.cpp:8378:36
interpolate,cxx_default_on_emitted_cpp,5eb72c8d,5,6,cxx_add_to_sub,interpolate.halide_generated.cpp,4014,26,generator_specific,0,0,1,,,test2_golden,0,3.484,cxx_add_to_sub:/mnt/scratch1/ardi/dsl_mut/HM-armc/mutation/lowered-cpp/interpolate/interpolate.halide_generated.cpp:4014:26
interpolate,cxx_default_on_emitted_cpp,5eb72c8d,5,6,cxx_add_to_sub,interpolate.halide_generated.cpp,9769,37,generator_specific,0,0,1,,,test2_golden,0,3.615,cxx_add_to_sub:/mnt/scratch1/ardi/dsl_mut/HM-armc/mutation/lowered-cpp/interpolate/interpolate.halide_generated.cpp:9769:37
interpolate,cxx_default_on_emitted_cpp,5eb72c8d,5,6,cxx_add_to_sub,interpolate.halide_generated.cpp,11775,31,generator_specific,0,0,0,,,,0,3.595,cxx_add_to_sub:/mnt/scratch1/ardi/dsl_mut/HM-armc/mutation/lowered-cpp/interpolate/interpolate.halide_generated.cpp:11775:31
interpolate,cxx_default_on_emitted_cpp,5eb72c8d,5,6,cxx_gt_to_le,interpolate.halide_generated.cpp,11813,33,generator_specific,-6,1,1,,,test1_demo;test2_golden,0,0.371,cxx_gt_to_le:/mnt/scratch1/ardi/dsl_mut/HM-armc/mutation/lowered-cpp/interpolate/interpolate.halide_generated.cpp:11813:33
interpolate,cxx_default_on_emitted_cpp,5eb72c8d,5,6,cxx_add_to_sub,interpolate.halide_generated.cpp,6939,37,generator_specific,-11,1,1,,,test1_demo;test2_golden,0,0.388,cxx_add_to_sub:/mnt/scratch1/ardi/dsl_mut/HM-armc/mutation/lowered-cpp/interpolate/interpolate.halide_generated.cpp:6939:37
interpolate,cxx_default_on_emitted_cpp,5eb72c8d,5,6,cxx_mul_to_div,interpolate.halide_generated.cpp,11063,26,generator_specific,-11,1,1,,,test1_demo;test2_golden,0,0.303,cxx_mul_to_div:/mnt/scratch1/ardi/dsl_mut/HM-armc/mutation/lowered-cpp/interpolate/interpolate.halide_generated.cpp:11063:26
interpolate,cxx_default_on_emitted_cpp,5eb72c8d,5,6,cxx_gt_to_le,interpolate.halide_generated.cpp,11353,29,generator_specific,-11,1,1,,,test1_demo;test2_golden,0,0.347,cxx_gt_to_le:/mnt/scratch1/ardi/dsl_mut/HM-armc/mutation/lowered-cpp/interpolate/interpolate.halide_generated.cpp:11353:29
interpolate,cxx_default_on_emitted_cpp,5eb72c8d,5,6,cxx_mul_to_div,interpolate.halide_generated.cpp,10862,26,generator_specific,0,0,0,,,,0,3.385,cxx_mul_to_div:/mnt/scratch1/ardi/dsl_mut/HM-armc/mutation/lowered-cpp/interpolate/interpolate.halide_generated.cpp:10862:26
interpolate,cxx_default_on_emitted_cpp,5eb72c8d,5,6,cxx_add_to_sub,interpolate.halide_generated.cpp,10054,38,generator_specific,0,0,0,,,,0,2.897,cxx_add_to_sub:/mnt/scratch1/ardi/dsl_mut/HM-armc/mutation/lowered-cpp/interpolate/interpolate.halide_generated.cpp:10054:38
interpolate,cxx_default_on_emitted_cpp,5eb72c8d,5,6,cxx_add_to_sub,interpolate.halide_generated.cpp,8613,36,generator_specific,0,0,0,,,,0,3.066,cxx_add_to_sub:/mnt/scratch1/ardi/dsl_mut/HM-armc/mutation/lowered-cpp/interpolate/interpolate.halide_generated.cpp:8613:36
interpolate,cxx_default_on_emitted_cpp,5eb72c8d,5,6,cxx_add_to_sub,interpolate.halide_generated.cpp,7660,37,generator_specific,-11,1,1,,,test1_demo;test2_golden,0,0.400,cxx_add_to_sub:/mnt/scratch1/ardi/dsl_mut/HM-armc/mutation/lowered-cpp/interpolate/interpolate.halide_generated.cpp:7660:37
interpolate,cxx_default_on_emitted_cpp,5eb72c8d,5,6,cxx_add_to_sub,interpolate.halide_generated.cpp,5529,26,generator_specific,0,0,0,,,,0,3.262,cxx_add_to_sub:/mnt/scratch1/ardi/dsl_mut/HM-armc/mutation/lowered-cpp/interpolate/interpolate.halide_generated.cpp:5529:26
interpolate,cxx_default_on_emitted_cpp,5eb72c8d,5,6,cxx_le_to_lt,interpolate.halide_generated.cpp,12045,30,generator_specific,-6,1,1,,,test1_demo;test2_golden,0,0.388,cxx_le_to_lt:/mnt/scratch1/ardi/dsl_mut/HM-armc/mutation/lowered-cpp/interpolate/interpolate.halide_generated.cpp:12045:30
interpolate,cxx_default_on_emitted_cpp,5eb72c8d,5,6,cxx_mul_to_div,interpolate.halide_generated.cpp,6205,26,generator_specific,-11,1,1,,,test1_demo;test2_golden,0,0.379,cxx_mul_to_div:/mnt/scratch1/ardi/dsl_mut/HM-armc/mutation/lowered-cpp/interpolate/interpolate.halide_generated.cpp:6205:26
interpolate,cxx_default_on_emitted_cpp,5eb72c8d,5,6,cxx_add_to_sub,interpolate.halide_generated.cpp,10126,36,generator_specific,0,0,0,,,,0,3.379,cxx_add_to_sub:/mnt/scratch1/ardi/dsl_mut/HM-armc/mutation/lowered-cpp/interpolate/interpolate.halide_generated.cpp:10126:36
interpolate,cxx_default_on_emitted_cpp,5eb72c8d,5,6,cxx_mul_to_div,interpolate.halide_generated.cpp,9365,37,generator_specific,0,0,0,,,,0,3.080,cxx_mul_to_div:/mnt/scratch1/ardi/dsl_mut/HM-armc/mutation/lowered-cpp/interpolate/interpolate.halide_generated.cpp:9365:37
interpolate,cxx_default_on_emitted_cpp,5eb72c8d,5,6,cxx_sub_to_add,interpolate.halide_generated.cpp,12257,33,generator_specific,0,0,0,,,,0,3.076,cxx_sub_to_add:/mnt/scratch1/ardi/dsl_mut/HM-armc/mutation/lowered-cpp/interpolate/interpolate.halide_generated.cpp:12257:33
interpolate,cxx_default_on_emitted_cpp,5eb72c8d,5,6,cxx_gt_to_le,interpolate.halide_generated.cpp,6357,78,generator_specific,-6,1,1,,,test1_demo;test2_golden,0,0.317,cxx_gt_to_le:/mnt/scratch1/ardi/dsl_mut/HM-armc/mutation/lowered-cpp/interpolate/interpolate.halide_generated.cpp:6357:78
interpolate,cxx_default_on_emitted_cpp,5eb72c8d,5,6,cxx_le_to_gt,interpolate.halide_generated.cpp,10790,18,generator_specific,0,0,1,,,test2_golden,0,1.926,cxx_le_to_gt:/mnt/scratch1/ardi/dsl_mut/HM-armc/mutation/lowered-cpp/interpolate/interpolate.halide_generated.cpp:10790:18
interpolate,cxx_default_on_emitted_cpp,5eb72c8d,5,6,cxx_add_to_sub,interpolate.halide_generated.cpp,10536,24,generator_specific,0,0,1,,,test2_golden,0,3.475,cxx_add_to_sub:/mnt/scratch1/ardi/dsl_mut/HM-armc/mutation/lowered-cpp/interpolate/interpolate.halide_generated.cpp:10536:24
interpolate,cxx_default_on_emitted_cpp,5eb72c8d,5,6,cxx_le_to_lt,interpolate.halide_generated.cpp,10682,22,generator_specific,0,0,1,,,test2_golden,0,1.169,cxx_le_to_lt:/mnt/scratch1/ardi/dsl_mut/HM-armc/mutation/lowered-cpp/interpolate/interpolate.halide_generated.cpp:10682:22
interpolate,cxx_default_on_emitted_cpp,5eb72c8d,5,6,cxx_add_to_sub,interpolate.halide_generated.cpp,9850,38,generator_specific,0,0,0,,,,0,3.215,cxx_add_to_sub:/mnt/scratch1/ardi/dsl_mut/HM-armc/mutation/lowered-cpp/interpolate/interpolate.halide_generated.cpp:9850:38
interpolate,cxx_default_on_emitted_cpp,5eb72c8d,5,6,cxx_mul_to_div,interpolate.halide_generated.cpp,4936,43,generator_specific,0,0,1,,,test2_golden,0,3.298,cxx_mul_to_div:/mnt/scratch1/ardi/dsl_mut/HM-armc/mutation/lowered-cpp/interpolate/interpolate.halide_generated.cpp:4936:43
interpolate,cxx_default_on_emitted_cpp,5eb72c8d,5,6,cxx_mul_to_div,interpolate.halide_generated.cpp,10541,24,generator_specific,0,0,0,,,,0,3.300,cxx_mul_to_div:/mnt/scratch1/ardi/dsl_mut/HM-armc/mutation/lowered-cpp/interpolate/interpolate.halide_generated.cpp:10541:24
interpolate,cxx_default_on_emitted_cpp,5eb72c8d,5,6,cxx_mul_to_div,interpolate.halide_generated.cpp,5709,26,generator_specific,0,0,1,,,test2_golden,0,3.150,cxx_mul_to_div:/mnt/scratch1/ardi/dsl_mut/HM-armc/mutation/lowered-cpp/interpolate/interpolate.halide_generated.cpp:5709:26
interpolate,cxx_default_on_emitted_cpp,5eb72c8d,5,6,cxx_sub_to_add,interpolate.halide_generated.cpp,9406,37,generator_specific,0,0,0,,,,0,3.263,cxx_sub_to_add:/mnt/scratch1/ardi/dsl_mut/HM-armc/mutation/lowered-cpp/interpolate/interpolate.halide_generated.cpp:9406:37
interpolate,cxx_default_on_emitted_cpp,5eb72c8d,5,6,cxx_add_to_sub,interpolate.halide_generated.cpp,9205,38,generator_specific,0,0,0,,,,0,3.352,cxx_add_to_sub:/mnt/scratch1/ardi/dsl_mut/HM-armc/mutation/lowered-cpp/interpolate/interpolate.halide_generated.cpp:9205:38
interpolate,cxx_default_on_emitted_cpp,5eb72c8d,5,6,cxx_add_to_sub,interpolate.halide_generated.cpp,10596,24,generator_specific,0,0,0,,,,0,3.278,cxx_add_to_sub:/mnt/scratch1/ardi/dsl_mut/HM-armc/mutation/lowered-cpp/interpolate/interpolate.halide_generated.cpp:10596:24
interpolate,cxx_default_on_emitted_cpp,5eb72c8d,5,6,cxx_add_to_sub,interpolate.halide_generated.cpp,5497,26,generator_specific,0,0,1,,,test2_golden,0,3.474,cxx_add_to_sub:/mnt/scratch1/ardi/dsl_mut/HM-armc/mutation/lowered-cpp/interpolate/interpolate.halide_generated.cpp:5497:26
interpolate,cxx_default_on_emitted_cpp,5eb72c8d,5,6,cxx_add_to_sub,interpolate.halide_generated.cpp,9616,38,generator_specific,0,0,1,,,test2_golden,0,3.593,cxx_add_to_sub:/mnt/scratch1/ardi/dsl_mut/HM-armc/mutation/lowered-cpp/interpolate/interpolate.halide_generated.cpp:9616:38
interpolate,cxx_default_on_emitted_cpp,5eb72c8d,5,6,cxx_add_to_sub,interpolate.halide_generated.cpp,3715,54,generator_specific,0,0,1,,,test2_golden,0,3.375,cxx_add_to_sub:/mnt/scratch1/ardi/dsl_mut/HM-armc/mutation/lowered-cpp/interpolate/interpolate.halide_generated.cpp:3715:54
interpolate,cxx_default_on_emitted_cpp,5eb72c8d,5,6,cxx_gt_to_ge,interpolate.halide_generated.cpp,11946,22,generator_specific,0,0,0,,,,0,3.326,cxx_gt_to_ge:/mnt/scratch1/ardi/dsl_mut/HM-armc/mutation/lowered-cpp/interpolate/interpolate.halide_generated.cpp:11946:22
interpolate,cxx_default_on_emitted_cpp,5eb72c8d,5,6,cxx_add_to_sub,interpolate.halide_generated.cpp,6577,60,generator_specific,0,0,1,,,test2_golden,0,3.465,cxx_add_to_sub:/mnt/scratch1/ardi/dsl_mut/HM-armc/mutation/lowered-cpp/interpolate/interpolate.halide_generated.cpp:6577:60
interpolate,cxx_default_on_emitted_cpp,5eb72c8d,5,6,cxx_sub_to_add,interpolate.halide_generated.cpp,11606,30,generator_specific,0,0,1,,,test2_golden,0,3.224,cxx_sub_to_add:/mnt/scratch1/ardi/dsl_mut/HM-armc/mutation/lowered-cpp/interpolate/interpolate.halide_generated.cpp:11606:30
interpolate,cxx_default_on_emitted_cpp,5eb72c8d,5,6,cxx_add_to_sub,interpolate.halide_generated.cpp,5483,27,generator_specific,0,0,1,,,test2_golden,0,3.190,cxx_add_to_sub:/mnt/scratch1/ardi/dsl_mut/HM-armc/mutation/lowered-cpp/interpolate/interpolate.halide_generated.cpp:5483:27
interpolate,cxx_default_on_emitted_cpp,5eb72c8d,5,6,cxx_remove_void_call,interpolate.halide_generated.cpp,10094,16,generator_specific,0,0,1,,,test2_golden,0,3.086,cxx_remove_void_call:/mnt/scratch1/ardi/dsl_mut/HM-armc/mutation/lowered-cpp/interpolate/interpolate.halide_generated.cpp:10094:16
interpolate,cxx_default_on_emitted_cpp,5eb72c8d,5,6,cxx_mul_to_div,interpolate.halide_generated.cpp,5736,26,generator_specific,0,0,1,,,test2_golden,0,3.240,cxx_mul_to_div:/mnt/scratch1/ardi/dsl_mut/HM-armc/mutation/lowered-cpp/interpolate/interpolate.halide_generated.cpp:5736:26
interpolate,cxx_default_on_emitted_cpp,5eb72c8d,5,6,cxx_mul_to_div,interpolate.halide_generated.cpp,7840,37,generator_specific,0,0,0,,,,0,3.254,cxx_mul_to_div:/mnt/scratch1/ardi/dsl_mut/HM-armc/mutation/lowered-cpp/interpolate/interpolate.halide_generated.cpp:7840:37
interpolate,cxx_default_on_emitted_cpp,5eb72c8d,5,6,cxx_add_to_sub,interpolate.halide_generated.cpp,10151,36,generator_specific,0,0,1,,,test2_golden,0,3.013,cxx_add_to_sub:/mnt/scratch1/ardi/dsl_mut/HM-armc/mutation/lowered-cpp/interpolate/interpolate.halide_generated.cpp:10151:36
interpolate,cxx_default_on_emitted_cpp,5eb72c8d,5,6,cxx_add_to_sub,interpolate.halide_generated.cpp,4946,26,generator_specific,0,0,0,,,,0,3.138,cxx_add_to_sub:/mnt/scratch1/ardi/dsl_mut/HM-armc/mutation/lowered-cpp/interpolate/interpolate.halide_generated.cpp:4946:26
interpolate,cxx_default_on_emitted_cpp,5eb72c8d,5,6,cxx_mul_to_div,interpolate.halide_generated.cpp,10471,24,generator_specific,0,0,1,,,test2_golden,0,3.594,cxx_mul_to_div:/mnt/scratch1/ardi/dsl_mut/HM-armc/mutation/lowered-cpp/interpolate/interpolate.halide_generated.cpp:10471:24
interpolate,cxx_default_on_emitted_cpp,5eb72c8d,5,6,cxx_gt_to_ge,interpolate.halide_generated.cpp,252,15,boilerplate,0,0,0,,,,0,3.163,cxx_gt_to_ge:/mnt/scratch1/ardi/dsl_mut/HM-armc/mutation/lowered-cpp/interpolate/interpolate.halide_generated.cpp:252:15
interpolate,cxx_default_on_emitted_cpp,5eb72c8d,5,6,cxx_post_inc_to_post_dec,interpolate.halide_generated.cpp,9343,98,generator_specific,0,0,1,,,test2_golden,0,3.146,cxx_post_inc_to_post_dec:/mnt/scratch1/ardi/dsl_mut/HM-armc/mutation/lowered-cpp/interpolate/interpolate.halide_generated.cpp:9343:98
interpolate,cxx_default_on_emitted_cpp,5eb72c8d,5,6,cxx_add_to_sub,interpolate.halide_generated.cpp,7697,37,generator_specific,0,0,0,,,,0,3.200,cxx_add_to_sub:/mnt/scratch1/ardi/dsl_mut/HM-armc/mutation/lowered-cpp/interpolate/interpolate.halide_generated.cpp:7697:37
interpolate,cxx_default_on_emitted_cpp,5eb72c8d,5,6,cxx_post_inc_to_post_dec,interpolate.halide_generated.cpp,5091,85,generator_specific,-11,1,1,,,test1_demo;test2_golden,0,0.309,cxx_post_inc_to_post_dec:/mnt/scratch1/ardi/dsl_mut/HM-armc/mutation/lowered-cpp/interpolate/interpolate.halide_generated.cpp:5091:85
interpolate,cxx_default_on_emitted_cpp,5eb72c8d,5,6,cxx_mul_to_div,interpolate.halide_generated.cpp,4973,26,generator_specific,0,0,0,,,,0,3.219,cxx_mul_to_div:/mnt/scratch1/ardi/dsl_mut/HM-armc/mutation/lowered-cpp/interpolate/interpolate.halide_generated.cpp:4973:26
interpolate,cxx_default_on_emitted_cpp,5eb72c8d,5,6,cxx_add_to_sub,interpolate.halide_generated.cpp,5102,27,generator_specific,0,0,1,,,test2_golden,0,3.462,cxx_add_to_sub:/mnt/scratch1/ardi/dsl_mut/HM-armc/mutation/lowered-cpp/interpolate/interpolate.halide_generated.cpp:5102:27
interpolate,cxx_default_on_emitted_cpp,5eb72c8d,5,6,cxx_add_to_sub,interpolate.halide_generated.cpp,6772,38,generator_specific,0,0,1,,,test2_golden,0,3.190,cxx_add_to_sub:/mnt/scratch1/ardi/dsl_mut/HM-armc/mutation/lowered-cpp/interpolate/interpolate.halide_generated.cpp:6772:38
interpolate,cxx_default_on_emitted_cpp,5eb72c8d,5,6,cxx_post_inc_to_post_dec,interpolate.halide_generated.cpp,6516,127,generator_specific,-11,1,1,,,test1_demo;test2_golden,0,0.322,cxx_post_inc_to_post_dec:/mnt/scratch1/ardi/dsl_mut/HM-armc/mutation/lowered-cpp/interpolate/interpolate.halide_generated.cpp:6516:127
interpolate,cxx_default_on_emitted_cpp,5eb72c8d,5,6,cxx_add_to_sub,interpolate.halide_generated.cpp,7572,37,generator_specific,0,0,1,,,test2_golden,0,3.488,cxx_add_to_sub:/mnt/scratch1/ardi/dsl_mut/HM-armc/mutation/lowered-cpp/interpolate/interpolate.halide_generated.cpp:7572:37
interpolate,cxx_default_on_emitted_cpp,5eb72c8d,5,6,cxx_add_to_sub,interpolate.halide_generated.cpp,7252,38,generator_specific,0,0,1,,,test2_golden,0,2.801,cxx_add_to_sub:/mnt/scratch1/ardi/dsl_mut/HM-armc/mutation/lowered-cpp/interpolate/interpolate.halide_generated.cpp:7252:38
interpolate,cxx_default_on_emitted_cpp,5eb72c8d,5,6,cxx_add_to_sub,interpolate.halide_generated.cpp,8264,36,generator_specific,0,0,0,,,,0,2.960,cxx_add_to_sub:/mnt/scratch1/ardi/dsl_mut/HM-armc/mutation/lowered-cpp/interpolate/interpolate.halide_generated.cpp:8264:36
interpolate,cxx_default_on_emitted_cpp,5eb72c8d,5,6,cxx_add_to_sub,interpolate.halide_generated.cpp,8484,36,generator_specific,-11,1,1,,,test1_demo;test2_golden,0,0.383,cxx_add_to_sub:/mnt/scratch1/ardi/dsl_mut/HM-armc/mutation/lowered-cpp/interpolate/interpolate.halide_generated.cpp:8484:36
interpolate,cxx_default_on_emitted_cpp,5eb72c8d,5,6,cxx_add_to_sub,interpolate.halide_generated.cpp,7816,38,generator_specific,0,0,1,,,test2_golden,0,3.056,cxx_add_to_sub:/mnt/scratch1/ardi/dsl_mut/HM-armc/mutation/lowered-cpp/interpolate/interpolate.halide_generated.cpp:7816:38
interpolate,cxx_default_on_emitted_cpp,5eb72c8d,5,6,cxx_lt_to_ge,interpolate.halide_generated.cpp,9434,28,generator_specific,0,0,0,,,,0,3.573,cxx_lt_to_ge:/mnt/scratch1/ardi/dsl_mut/HM-armc/mutation/lowered-cpp/interpolate/interpolate.halide_generated.cpp:9434:28
interpolate,cxx_default_on_emitted_cpp,5eb72c8d,5,6,cxx_add_to_sub,interpolate.halide_generated.cpp,7676,38,generator_specific,0,0,0,,,,0,3.012,cxx_add_to_sub:/mnt/scratch1/ardi/dsl_mut/HM-armc/mutation/lowered-cpp/interpolate/interpolate.halide_generated.cpp:7676:38
interpolate,cxx_default_on_emitted_cpp,5eb72c8d,5,6,cxx_add_to_sub,interpolate.halide_generated.cpp,10211,35,generator_specific,0,0,0,,,,0,3.171,cxx_add_to_sub:/mnt/scratch1/ardi/dsl_mut/HM-armc/mutation/lowered-cpp/interpolate/interpolate.halide_generated.cpp:10211:35
interpolate,cxx_default_on_emitted_cpp,5eb72c8d,5,6,cxx_add_to_sub,interpolate.halide_generated.cpp,9835,37,generator_specific,0,0,0,,,,0,3.498,cxx_add_to_sub:/mnt/scratch1/ardi/dsl_mut/HM-armc/mutation/lowered-cpp/interpolate/interpolate.halide_generated.cpp:9835:37
interpolate,cxx_default_on_emitted_cpp,5eb72c8d,5,6,cxx_remove_void_call,interpolate.halide_generated.cpp,3662,4,generator_specific,0,0,0,,,,0,3.412,cxx_remove_void_call:/mnt/scratch1/ardi/dsl_mut/HM-armc/mutation/lowered-cpp/interpolate/interpolate.halide_generated.cpp:3662:4
interpolate,cxx_default_on_emitted_cpp,5eb72c8d,5,6,cxx_add_to_sub,interpolate.halide_generated.cpp,10120,69,generator_specific,0,0,1,,,test2_golden,0,2.749,cxx_add_to_sub:/mnt/scratch1/ardi/dsl_mut/HM-armc/mutation/lowered-cpp/interpolate/interpolate.halide_generated.cpp:10120:69
interpolate,cxx_default_on_emitted_cpp,5eb72c8d,5,6,cxx_add_to_sub,interpolate.halide_generated.cpp,9363,37,generator_specific,0,0,0,,,,0,3.959,cxx_add_to_sub:/mnt/scratch1/ardi/dsl_mut/HM-armc/mutation/lowered-cpp/interpolate/interpolate.halide_generated.cpp:9363:37
interpolate,cxx_default_on_emitted_cpp,5eb72c8d,5,6,cxx_add_to_sub,interpolate.halide_generated.cpp,7852,38,generator_specific,0,0,0,,,,0,3.703,cxx_add_to_sub:/mnt/scratch1/ardi/dsl_mut/HM-armc/mutation/lowered-cpp/interpolate/interpolate.halide_generated.cpp:7852:38
interpolate,cxx_default_on_emitted_cpp,5eb72c8d,5,6,cxx_replace_scalar_call,interpolate.halide_generated.cpp,4758,18,generator_specific,0,0,0,,,,0,3.463,cxx_replace_scalar_call:/mnt/scratch1/ardi/dsl_mut/HM-armc/mutation/lowered-cpp/interpolate/interpolate.halide_generated.cpp:4758:18
interpolate,cxx_default_on_emitted_cpp,5eb72c8d,5,6,cxx_lt_to_le,interpolate.halide_generated.cpp,6768,75,generator_specific,0,0,0,,,,0,3.475,cxx_lt_to_le:/mnt/scratch1/ardi/dsl_mut/HM-armc/mutation/lowered-cpp/interpolate/interpolate.halide_generated.cpp:6768:75
interpolate,cxx_default_on_emitted_cpp,5eb72c8d,5,6,cxx_add_to_sub,interpolate.halide_generated.cpp,9845,38,generator_specific,0,0,0,,,,0,3.763,cxx_add_to_sub:/mnt/scratch1/ardi/dsl_mut/HM-armc/mutation/lowered-cpp/interpolate/interpolate.halide_generated.cpp:9845:38
interpolate,cxx_default_on_emitted_cpp,5eb72c8d,5,6,cxx_sub_to_add,interpolate.halide_generated.cpp,11259,27,generator_specific,0,0,1,,,test2_golden,0,3.233,cxx_sub_to_add:/mnt/scratch1/ardi/dsl_mut/HM-armc/mutation/lowered-cpp/interpolate/interpolate.halide_generated.cpp:11259:27
interpolate,cxx_default_on_emitted_cpp,5eb72c8d,5,6,cxx_add_to_sub,interpolate.halide_generated.cpp,9826,60,generator_specific,0,0,0,,,,0,3.272,cxx_add_to_sub:/mnt/scratch1/ardi/dsl_mut/HM-armc/mutation/lowered-cpp/interpolate/interpolate.halide_generated.cpp:9826:60
interpolate,cxx_default_on_emitted_cpp,5eb72c8d,5,6,cxx_add_to_sub,interpolate.halide_generated.cpp,4659,23,generator_specific,0,0,1,,,test2_golden,0,2.885,cxx_add_to_sub:/mnt/scratch1/ardi/dsl_mut/HM-armc/mutation/lowered-cpp/interpolate/interpolate.halide_generated.cpp:4659:23
interpolate,cxx_default_on_emitted_cpp,5eb72c8d,5,6,cxx_mul_to_div,interpolate.halide_generated.cpp,3982,25,generator_specific,0,0,1,,,test2_golden,0,3.679,cxx_mul_to_div:/mnt/scratch1/ardi/dsl_mut/HM-armc/mutation/lowered-cpp/interpolate/interpolate.halide_generated.cpp:3982:25
interpolate,cxx_default_on_emitted_cpp,5eb72c8d,5,6,cxx_add_to_sub,interpolate.halide_generated.cpp,4465,42,generator_specific,-11,1,1,,,test1_demo;test2_golden,0,0.360,cxx_add_to_sub:/mnt/scratch1/ardi/dsl_mut/HM-armc/mutation/lowered-cpp/interpolate/interpolate.halide_generated.cpp:4465:42
interpolate,cxx_default_on_emitted_cpp,5eb72c8d,5,6,cxx_mul_to_div,interpolate.halide_generated.cpp,5095,26,generator_specific,-8,1,1,,,test1_demo;test2_golden,0,0.336,cxx_mul_to_div:/mnt/scratch1/ardi/dsl_mut/HM-armc/mutation/lowered-cpp/interpolate/interpolate.halide_generated.cpp:5095:26
interpolate,cxx_default_on_emitted_cpp,5eb72c8d,5,6,cxx_add_to_sub,interpolate.halide_generated.cpp,8493,36,generator_specific,0,0,1,,,test2_golden,0,3.287,cxx_add_to_sub:/mnt/scratch1/ardi/dsl_mut/HM-armc/mutation/lowered-cpp/interpolate/interpolate.halide_generated.cpp:8493:36
interpolate,cxx_default_on_emitted_cpp,5eb72c8d,5,6,cxx_add_to_sub,interpolate.halide_generated.cpp,7756,37,generator_specific,0,0,1,,,test2_golden,0,3.054,cxx_add_to_sub:/mnt/scratch1/ardi/dsl_mut/HM-armc/mutation/lowered-cpp/interpolate/interpolate.halide_generated.cpp:7756:37
interpolate,cxx_default_on_emitted_cpp,5eb72c8d,5,6,cxx_add_to_sub,interpolate.halide_generated.cpp,8540,35,generator_specific,0,0,1,,,test2_golden,0,3.404,cxx_add_to_sub:/mnt/scratch1/ardi/dsl_mut/HM-armc/mutation/lowered-cpp/interpolate/interpolate.halide_generated.cpp:8540:35
interpolate,cxx_default_on_emitted_cpp,5eb72c8d,5,6,cxx_remove_void_call,interpolate.halide_generated.cpp,4630,2,generator_specific,0,0,0,,,,0,3.371,cxx_remove_void_call:/mnt/scratch1/ardi/dsl_mut/HM-armc/mutation/lowered-cpp/interpolate/interpolate.halide_generated.cpp:4630:2
interpolate,cxx_default_on_emitted_cpp,5eb72c8d,5,6,cxx_eq_to_ne,interpolate.halide_generated.cpp,11072,48,generator_specific,0,0,0,,,,0,3.087,cxx_eq_to_ne:/mnt/scratch1/ardi/dsl_mut/HM-armc/mutation/lowered-cpp/interpolate/interpolate.halide_generated.cpp:11072:48
interpolate,cxx_default_on_emitted_cpp,5eb72c8d,5,6,cxx_add_to_sub,interpolate.halide_generated.cpp,7784,38,generator_specific,-11,1,1,,,test1_demo;test2_golden,0,0.304,cxx_add_to_sub:/mnt/scratch1/ardi/dsl_mut/HM-armc/mutation/lowered-cpp/interpolate/interpolate.halide_generated.cpp:7784:38
interpolate,cxx_default_on_emitted_cpp,5eb72c8d,5,6,cxx_add_to_sub,interpolate.halide_generated.cpp,11964,33,generator_specific,0,0,1,,,test2_golden,0,1.587,cxx_add_to_sub:/mnt/scratch1/ardi/dsl_mut/HM-armc/mutation/lowered-cpp/interpolate/interpolate.halide_generated.cpp:11964:33
interpolate,cxx_default_on_emitted_cpp,5eb72c8d,5,6,cxx_mul_to_div,interpolate.halide_generated.cpp,5641,41,generator_specific,0,0,1,,,test2_golden,0,2.790,cxx_mul_to_div:/mnt/scratch1/ardi/dsl_mut/HM-armc/mutation/lowered-cpp/interpolate/interpolate.halide_generated.cpp:5641:41
interpolate,cxx_default_on_emitted_cpp,5eb72c8d,5,6,cxx_add_to_sub,interpolate.halide_generated.cpp,7338,37,generator_specific,0,0,0,,,,0,3.385,cxx_add_to_sub:/mnt/scratch1/ardi/dsl_mut/HM-armc/mutation/lowered-cpp/interpolate/interpolate.halide_generated.cpp:7338:37
interpolate,cxx_default_on_emitted_cpp,5eb72c8d,5,6,cxx_mul_to_div,interpolate.halide_generated.cpp,7741,51,generator_specific,0,0,1,,,test2_golden,0,2.856,cxx_mul_to_div:/mnt/scratch1/ardi/dsl_mut/HM-armc/mutation/lowered-cpp/interpolate/interpolate.halide_generated.cpp:7741:51
interpolate,cxx_default_on_emitted_cpp,5eb72c8d,5,6,cxx_sub_to_add,interpolate.halide_generated.cpp,6433,34,generator_specific,0,0,0,,,,0,3.228,cxx_sub_to_add:/mnt/scratch1/ardi/dsl_mut/HM-armc/mutation/lowered-cpp/interpolate/interpolate.halide_generated.cpp:6433:34
interpolate,cxx_default_on_emitted_cpp,5eb72c8d,5,6,cxx_add_to_sub,interpolate.halide_generated.cpp,7775,38,generator_specific,0,0,1,,,test2_golden,0,3.225,cxx_add_to_sub:/mnt/scratch1/ardi/dsl_mut/HM-armc/mutation/lowered-cpp/interpolate/interpolate.halide_generated.cpp:7775:38
interpolate,cxx_default_on_emitted_cpp,5eb72c8d,5,6,cxx_add_to_sub,interpolate.halide_generated.cpp,9880,37,generator_specific,0,0,0,,,,0,3.205,cxx_add_to_sub:/mnt/scratch1/ardi/dsl_mut/HM-armc/mutation/lowered-cpp/interpolate/interpolate.halide_generated.cpp:9880:37
interpolate,cxx_default_on_emitted_cpp,5eb72c8d,5,6,cxx_add_to_sub,interpolate.halide_generated.cpp,9133,36,generator_specific,0,0,0,,,,0,3.336,cxx_add_to_sub:/mnt/scratch1/ardi/dsl_mut/HM-armc/mutation/lowered-cpp/interpolate/interpolate.halide_generated.cpp:9133:36
interpolate,cxx_default_on_emitted_cpp,5eb72c8d,5,6,cxx_sub_to_add,interpolate.halide_generated.cpp,5463,25,generator_specific,0,0,1,,,test2_golden,0,3.375,cxx_sub_to_add:/mnt/scratch1/ardi/dsl_mut/HM-armc/mutation/lowered-cpp/interpolate/interpolate.halide_generated.cpp:5463:25
interpolate,cxx_default_on_emitted_cpp,5eb72c8d,5,6,cxx_eq_to_ne,interpolate.halide_generated.cpp,11590,52,generator_specific,0,0,0,,,,0,3.850,cxx_eq_to_ne:/mnt/scratch1/ardi/dsl_mut/HM-armc/mutation/lowered-cpp/interpolate/interpolate.halide_generated.cpp:11590:52
interpolate,cxx_default_on_emitted_cpp,5eb72c8d,5,6,cxx_sub_to_add,interpolate.halide_generated.cpp,8063,35,generator_specific,0,0,0,,,,0,3.152,cxx_sub_to_add:/mnt/scratch1/ardi/dsl_mut/HM-armc/mutation/lowered-cpp/interpolate/interpolate.halide_generated.cpp:8063:35
interpolate,cxx_default_on_emitted_cpp,5eb72c8d,5,6,cxx_mul_to_div,interpolate.halide_generated.cpp,10091,37,generator_specific,0,0,0,,,,0,3.113,cxx_mul_to_div:/mnt/scratch1/ardi/dsl_mut/HM-armc/mutation/lowered-cpp/interpolate/interpolate.halide_generated.cpp:10091:37
interpolate,cxx_default_on_emitted_cpp,5eb72c8d,5,6,cxx_post_inc_to_post_dec,interpolate.halide_generated.cpp,8579,120,generator_specific,0,0,0,,,,0,3.613,cxx_post_inc_to_post_dec:/mnt/scratch1/ardi/dsl_mut/HM-armc/mutation/lowered-cpp/interpolate/interpolate.halide_generated.cpp:8579:120
interpolate,cxx_default_on_emitted_cpp,5eb72c8d,5,6,cxx_mul_to_div,interpolate.halide_generated.cpp,7758,37,generator_specific,0,0,1,,,test2_golden,0,3.428,cxx_mul_to_div:/mnt/scratch1/ardi/dsl_mut/HM-armc/mutation/lowered-cpp/interpolate/interpolate.halide_generated.cpp:7758:37
interpolate,cxx_default_on_emitted_cpp,5eb72c8d,5,6,cxx_gt_to_le,interpolate.halide_generated.cpp,11354,17,generator_specific,-6,1,1,,,test1_demo;test2_golden,0,0.343,cxx_gt_to_le:/mnt/scratch1/ardi/dsl_mut/HM-armc/mutation/lowered-cpp/interpolate/interpolate.halide_generated.cpp:11354:17
interpolate,cxx_default_on_emitted_cpp,5eb72c8d,5,6,cxx_add_to_sub,interpolate.halide_generated.cpp,8825,35,generator_specific,0,0,0,,,,0,3.344,cxx_add_to_sub:/mnt/scratch1/ardi/dsl_mut/HM-armc/mutation/lowered-cpp/interpolate/interpolate.halide_generated.cpp:8825:35
interpolate,cxx_default_on_emitted_cpp,5eb72c8d,5,6,cxx_add_to_sub,interpolate.halide_generated.cpp,6880,38,generator_specific,0,0,1,,,test2_golden,0,3.162,cxx_add_to_sub:/mnt/scratch1/ardi/dsl_mut/HM-armc/mutation/lowered-cpp/interpolate/interpolate.halide_generated.cpp:6880:38
interpolate,cxx_default_on_emitted_cpp,5eb72c8d,5,6,cxx_gt_to_ge,interpolate.halide_generated.cpp,11064,27,generator_specific,0,0,0,,,,0,3.743,cxx_gt_to_ge:/mnt/scratch1/ardi/dsl_mut/HM-armc/mutation/lowered-cpp/interpolate/interpolate.halide_generated.cpp:11064:27
interpolate,cxx_default_on_emitted_cpp,5eb72c8d,5,6,cxx_add_to_sub,interpolate.halide_generated.cpp,8680,36,generator_specific,0,0,0,,,,0,3.402,cxx_add_to_sub:/mnt/scratch1/ardi/dsl_mut/HM-armc/mutation/lowered-cpp/interpolate/interpolate.halide_generated.cpp:8680:36
interpolate,cxx_default_on_emitted_cpp,5eb72c8d,5,6,cxx_sub_to_add,interpolate.halide_generated.cpp,11801,31,generator_specific,0,0,1,,,test2_golden,0,3.153,cxx_sub_to_add:/mnt/scratch1/ardi/dsl_mut/HM-armc/mutation/lowered-cpp/interpolate/interpolate.halide_generated.cpp:11801:31
interpolate,cxx_default_on_emitted_cpp,5eb72c8d,5,6,cxx_sub_to_add,interpolate.halide_generated.cpp,4150,25,generator_specific,0,0,1,,,test2_golden,0,3.835,cxx_sub_to_add:/mnt/scratch1/ardi/dsl_mut/HM-armc/mutation/lowered-cpp/interpolate/interpolate.halide_generated.cpp:4150:25
interpolate,cxx_default_on_emitted_cpp,5eb72c8d,5,6,cxx_add_to_sub,interpolate.halide_generated.cpp,6623,37,generator_specific,0,0,1,,,test2_golden,0,3.021,cxx_add_to_sub:/mnt/scratch1/ardi/dsl_mut/HM-armc/mutation/lowered-cpp/interpolate/interpolate.halide_generated.cpp:6623:37
interpolate,cxx_default_on_emitted_cpp,5eb72c8d,5,6,cxx_sub_to_add,interpolate.halide_generated.cpp,7574,37,generator_specific,0,0,0,,,,0,3.182,cxx_sub_to_add:/mnt/scratch1/ardi/dsl_mut/HM-armc/mutation/lowered-cpp/interpolate/interpolate.halide_generated.cpp:7574:37
interpolate,cxx_default_on_emitted_cpp,5eb72c8d,5,6,cxx_mul_to_div,interpolate.halide_generated.cpp,9947,55,generator_specific,0,0,0,,,,0,3.231,cxx_mul_to_div:/mnt/scratch1/ardi/dsl_mut/HM-armc/mutation/lowered-cpp/interpolate/interpolate.halide_generated.cpp:9947:55
interpolate,cxx_default_on_emitted_cpp,5eb72c8d,5,6,cxx_lt_to_ge,interpolate.halide_generated.cpp,7124,75,generator_specific,0,0,0,,,,0,3.396,cxx_lt_to_ge:/mnt/scratch1/ardi/dsl_mut/HM-armc/mutation/lowered-cpp/interpolate/interpolate.halide_generated.cpp:7124:75
interpolate,cxx_default_on_emitted_cpp,5eb72c8d,5,6,cxx_mul_to_div,interpolate.halide_generated.cpp,9879,37,generator_specific,0,0,0,,,,0,3.112,cxx_mul_to_div:/mnt/scratch1/ardi/dsl_mut/HM-armc/mutation/lowered-cpp/interpolate/interpolate.halide_generated.cpp:9879:37
interpolate,cxx_default_on_emitted_cpp,5eb72c8d,5,6,cxx_le_to_gt,interpolate.halide_generated.cpp,6186,21,generator_specific,0,0,0,,,,0,4.037,cxx_le_to_gt:/mnt/scratch1/ardi/dsl_mut/HM-armc/mutation/lowered-cpp/interpolate/interpolate.halide_generated.cpp:6186:21
interpolate,cxx_default_on_emitted_cpp,5eb72c8d,5,6,cxx_add_to_sub,interpolate.halide_generated.cpp,5658,25,generator_specific,0,0,1,,,test2_golden,0,3.814,cxx_add_to_sub:/mnt/scratch1/ardi/dsl_mut/HM-armc/mutation/lowered-cpp/interpolate/interpolate.halide_generated.cpp:5658:25
interpolate,cxx_default_on_emitted_cpp,5eb72c8d,5,6,cxx_mul_to_div,interpolate.halide_generated.cpp,8335,35,generator_specific,0,0,1,,,test2_golden,0,3.473,cxx_mul_to_div:/mnt/scratch1/ardi/dsl_mut/HM-armc/mutation/lowered-cpp/interpolate/interpolate.halide_generated.cpp:8335:35
interpolate,cxx_default_on_emitted_cpp,5eb72c8d,5,6,cxx_add_to_sub,interpolate.halide_generated.cpp,7228,37,generator_specific,-11,1,1,,,test1_demo;test2_golden,0,0.320,cxx_add_to_sub:/mnt/scratch1/ardi/dsl_mut/HM-armc/mutation/lowered-cpp/interpolate/interpolate.halide_generated.cpp:7228:37
interpolate,cxx_default_on_emitted_cpp,5eb72c8d,5,6,cxx_add_to_sub,interpolate.halide_generated.cpp,8419,36,generator_specific,0,0,1,,,test2_golden,0,3.423,cxx_add_to_sub:/mnt/scratch1/ardi/dsl_mut/HM-armc/mutation/lowered-cpp/interpolate/interpolate.halide_generated.cpp:8419:36
interpolate,cxx_default_on_emitted_cpp,5eb72c8d,5,6,cxx_add_to_sub,interpolate.halide_generated.cpp,7529,35,generator_specific,-6,1,1,,,test1_demo;test2_golden,0,0.379,cxx_add_to_sub:/mnt/scratch1/ardi/dsl_mut/HM-armc/mutation/lowered-cpp/interpolate/interpolate.halide_generated.cpp:7529:35
interpolate,cxx_default_on_emitted_cpp,5eb72c8d,5,6,cxx_mul_to_div,interpolate.halide_generated.cpp,7358,35,generator_specific,-6,1,1,,,test1_demo;test2_golden,0,0.363,cxx_mul_to_div:/mnt/scratch1/ardi/dsl_mut/HM-armc/mutation/lowered-cpp/interpolate/interpolate.halide_generated.cpp:7358:35
interpolate,cxx_default_on_emitted_cpp,5eb72c8d,5,6,cxx_add_to_sub,interpolate.halide_generated.cpp,8327,49,generator_specific,-11,1,1,,,test1_demo;test2_golden,0,0.436,cxx_add_to_sub:/mnt/scratch1/ardi/dsl_mut/HM-armc/mutation/lowered-cpp/interpolate/interpolate.halide_generated.cpp:8327:49
interpolate,cxx_default_on_emitted_cpp,5eb72c8d,5,6,cxx_add_to_sub,interpolate.halide_generated.cpp,8682,36,generator_specific,0,0,0,,,,0,3.589,cxx_add_to_sub:/mnt/scratch1/ardi/dsl_mut/HM-armc/mutation/lowered-cpp/interpolate/interpolate.halide_generated.cpp:8682:36
interpolate,cxx_default_on_emitted_cpp,5eb72c8d,5,6,cxx_sub_to_add,interpolate.halide_generated.cpp,7956,37,generator_specific,0,0,1,,,test2_golden,0,3.262,cxx_sub_to_add:/mnt/scratch1/ardi/dsl_mut/HM-armc/mutation/lowered-cpp/interpolate/interpolate.halide_generated.cpp:7956:37
interpolate,cxx_default_on_emitted_cpp,5eb72c8d,5,6,cxx_mul_to_div,interpolate.halide_generated.cpp,11657,30,generator_specific,0,0,0,,,,0,3.498,cxx_mul_to_div:/mnt/scratch1/ardi/dsl_mut/HM-armc/mutation/lowered-cpp/interpolate/interpolate.halide_generated.cpp:11657:30
interpolate,cxx_default_on_emitted_cpp,5eb72c8d,5,6,cxx_add_to_sub,interpolate.halide_generated.cpp,7603,38,generator_specific,0,0,1,,,test2_golden,0,3.771,cxx_add_to_sub:/mnt/scratch1/ardi/dsl_mut/HM-armc/mutation/lowered-cpp/interpolate/interpolate.halide_generated.cpp:7603:38
interpolate,cxx_default_on_emitted_cpp,5eb72c8d,5,6,cxx_gt_to_ge,interpolate.halide_generated.cpp,6331,20,generator_specific,0,0,1,,,test2_golden,0,2.846,cxx_gt_to_ge:/mnt/scratch1/ardi/dsl_mut/HM-armc/mutation/lowered-cpp/interpolate/interpolate.halide_generated.cpp:6331:20
interpolate,cxx_default_on_emitted_cpp,5eb72c8d,5,6,cxx_lt_to_le,interpolate.halide_generated.cpp,2530,27,boilerplate,0,0,0,,,,0,3.489,cxx_lt_to_le:/mnt/scratch1/ardi/dsl_mut/HM-armc/mutation/lowered-cpp/interpolate/interpolate.halide_generated.cpp:2530:27
interpolate,cxx_default_on_emitted_cpp,5eb72c8d,5,6,cxx_sub_to_add,interpolate.halide_generated.cpp,5087,25,generator_specific,0,0,1,,,test2_golden,0,2.664,cxx_sub_to_add:/mnt/scratch1/ardi/dsl_mut/HM-armc/mutation/lowered-cpp/interpolate/interpolate.halide_generated.cpp:5087:25
interpolate,cxx_default_on_emitted_cpp,5eb72c8d,5,6,cxx_lt_to_le,interpolate.halide_generated.cpp,3690,89,generator_specific,-6,1,1,,,test1_demo;test2_golden,0,0.516,cxx_lt_to_le:/mnt/scratch1/ardi/dsl_mut/HM-armc/mutation/lowered-cpp/interpolate/interpolate.halide_generated.cpp:3690:89
interpolate,cxx_default_on_emitted_cpp,5eb72c8d,5,6,cxx_add_to_sub,interpolate.halide_generated.cpp,7966,38,generator_specific,0,0,1,,,test2_golden,0,3.560,cxx_add_to_sub:/mnt/scratch1/ardi/dsl_mut/HM-armc/mutation/lowered-cpp/interpolate/interpolate.halide_generated.cpp:7966:38
interpolate,cxx_default_on_emitted_cpp,5eb72c8d,5,6,cxx_add_to_sub,interpolate.halide_generated.cpp,9154,37,generator_specific,0,0,0,,,,0,2.758,cxx_add_to_sub:/mnt/scratch1/ardi/dsl_mut/HM-armc/mutation/lowered-cpp/interpolate/interpolate.halide_generated.cpp:9154:37
interpolate,cxx_default_on_emitted_cpp,5eb72c8d,5,6,cxx_lt_to_le,interpolate.halide_generated.cpp,5091,57,generator_specific,-6,1,1,,,test1_demo;test2_golden,0,0.353,cxx_lt_to_le:/mnt/scratch1/ardi/dsl_mut/HM-armc/mutation/lowered-cpp/interpolate/interpolate.halide_generated.cpp:5091:57
interpolate,cxx_default_on_emitted_cpp,5eb72c8d,5,6,cxx_add_to_sub,interpolate.halide_generated.cpp,3766,25,generator_specific,0,0,1,,,test2_golden,0,3.479,cxx_add_to_sub:/mnt/scratch1/ardi/dsl_mut/HM-armc/mutation/lowered-cpp/interpolate/interpolate.halide_generated.cpp:3766:25
interpolate,cxx_default_on_emitted_cpp,5eb72c8d,5,6,cxx_mul_to_div,interpolate.halide_generated.cpp,4760,24,generator_specific,0,0,0,,,,0,3.384,cxx_mul_to_div:/mnt/scratch1/ardi/dsl_mut/HM-armc/mutation/lowered-cpp/interpolate/interpolate.halide_generated.cpp:4760:24
interpolate,cxx_default_on_emitted_cpp,5eb72c8d,5,6,cxx_mul_to_div,interpolate.halide_generated.cpp,8067,35,generator_specific,-8,1,1,,,test1_demo;test2_golden,0,0.400,cxx_mul_to_div:/mnt/scratch1/ardi/dsl_mut/HM-armc/mutation/lowered-cpp/interpolate/interpolate.halide_generated.cpp:8067:35
interpolate,cxx_default_on_emitted_cpp,5eb72c8d,5,6,cxx_add_to_sub,interpolate.halide_generated.cpp,8707,36,generator_specific,0,0,0,,,,0,3.212,cxx_add_to_sub:/mnt/scratch1/ardi/dsl_mut/HM-armc/mutation/lowered-cpp/interpolate/interpolate.halide_generated.cpp:8707:36
interpolate,cxx_default_on_emitted_cpp,5eb72c8d,5,6,cxx_add_to_sub,interpolate.halide_generated.cpp,12125,33,generator_specific,0,0,0,,,,0,3.116,cxx_add_to_sub:/mnt/scratch1/ardi/dsl_mut/HM-armc/mutation/lowered-cpp/interpolate/interpolate.halide_generated.cpp:12125:33
interpolate,cxx_default_on_emitted_cpp,5eb72c8d,5,6,cxx_mul_to_div,interpolate.halide_generated.cpp,11360,75,generator_specific,-6,1,1,,,test1_demo;test2_golden,0,0.403,cxx_mul_to_div:/mnt/scratch1/ardi/dsl_mut/HM-armc/mutation/lowered-cpp/interpolate/interpolate.halide_generated.cpp:11360:75
interpolate,cxx_default_on_emitted_cpp,5eb72c8d,5,6,cxx_add_to_sub,interpolate.halide_generated.cpp,6398,34,generator_specific,-6,1,1,,,test1_demo;test2_golden,0,0.419,cxx_add_to_sub:/mnt/scratch1/ardi/dsl_mut/HM-armc/mutation/lowered-cpp/interpolate/interpolate.halide_generated.cpp:6398:34
interpolate,cxx_default_on_emitted_cpp,5eb72c8d,5,6,cxx_mul_to_div,interpolate.halide_generated.cpp,8560,35,generator_specific,0,0,1,,,test2_golden,0,3.781,cxx_mul_to_div:/mnt/scratch1/ardi/dsl_mut/HM-armc/mutation/lowered-cpp/interpolate/interpolate.halide_generated.cpp:8560:35
interpolate,cxx_default_on_emitted_cpp,5eb72c8d,5,6,cxx_add_to_sub,interpolate.halide_generated.cpp,4978,29,generator_specific,0,0,1,,,test2_golden,0,3.438,cxx_add_to_sub:/mnt/scratch1/ardi/dsl_mut/HM-armc/mutation/lowered-cpp/interpolate/interpolate.halide_generated.cpp:4978:29
interpolate,cxx_default_on_emitted_cpp,5eb72c8d,5,6,cxx_add_to_sub,interpolate.halide_generated.cpp,7595,38,generator_specific,-11,1,1,,,test1_demo;test2_golden,0,0.403,cxx_add_to_sub:/mnt/scratch1/ardi/dsl_mut/HM-armc/mutation/lowered-cpp/interpolate/interpolate.halide_generated.cpp:7595:38
interpolate,cxx_default_on_emitted_cpp,5eb72c8d,5,6,cxx_sub_to_add,interpolate.halide_generated.cpp,4458,22,generator_specific,-6,1,1,,,test1_demo;test2_golden,0,0.369,cxx_sub_to_add:/mnt/scratch1/ardi/dsl_mut/HM-armc/mutation/lowered-cpp/interpolate/interpolate.halide_generated.cpp:4458:22
interpolate,cxx_default_on_emitted_cpp,5eb72c8d,5,6,cxx_lt_to_le,interpolate.halide_generated.cpp,5150,62,generator_specific,0,0,1,,,test2_golden,0,3.521,cxx_lt_to_le:/mnt/scratch1/ardi/dsl_mut/HM-armc/mutation/lowered-cpp/interpolate/interpolate.halide_generated.cpp:5150:62
interpolate,cxx_default_on_emitted_cpp,5eb72c8d,5,6,cxx_mul_to_div,interpolate.halide_generated.cpp,3956,26,generator_specific,0,0,1,,,test2_golden,0,3.846,cxx_mul_to_div:/mnt/scratch1/ardi/dsl_mut/HM-armc/mutation/lowered-cpp/interpolate/interpolate.halide_generated.cpp:3956:26
interpolate,cxx_default_on_emitted_cpp,5eb72c8d,5,6,cxx_add_to_sub,interpolate.halide_generated.cpp,7236,38,generator_specific,0,0,0,,,,0,3.312,cxx_add_to_sub:/mnt/scratch1/ardi/dsl_mut/HM-armc/mutation/lowered-cpp/interpolate/interpolate.halide_generated.cpp:7236:38
interpolate,cxx_default_on_emitted_cpp,5eb72c8d,5,6,cxx_mul_to_div,interpolate.halide_generated.cpp,10347,35,generator_specific,0,0,1,,,test2_golden,0,3.029,cxx_mul_to_div:/mnt/scratch1/ardi/dsl_mut/HM-armc/mutation/lowered-cpp/interpolate/interpolate.halide_generated.cpp:10347:35
interpolate,cxx_default_on_emitted_cpp,5eb72c8d,5,6,cxx_replace_scalar_call,interpolate.halide_generated.cpp,5707,19,generator_specific,0,0,1,,,test2_golden,0,3.191,cxx_replace_scalar_call:/mnt/scratch1/ardi/dsl_mut/HM-armc/mutation/lowered-cpp/interpolate/interpolate.halide_generated.cpp:5707:19
interpolate,cxx_default_on_emitted_cpp,5eb72c8d,5,6,cxx_mul_to_div,interpolate.halide_generated.cpp,4038,26,generator_specific,0,0,0,,,,0,3.851,cxx_mul_to_div:/mnt/scratch1/ardi/dsl_mut/HM-armc/mutation/lowered-cpp/interpolate/interpolate.halide_generated.cpp:4038:26
interpolate,cxx_default_on_emitted_cpp,5eb72c8d,5,6,cxx_mul_to_div,interpolate.halide_generated.cpp,4706,24,generator_specific,0,0,1,,,test2_golden,0,3.386,cxx_mul_to_div:/mnt/scratch1/ardi/dsl_mut/HM-armc/mutation/lowered-cpp/interpolate/interpolate.halide_generated.cpp:4706:24
interpolate,cxx_default_on_emitted_cpp,5eb72c8d,5,6,cxx_mul_to_div,interpolate.halide_generated.cpp,5505,26,generator_specific,0,0,1,,,test2_golden,0,2.977,cxx_mul_to_div:/mnt/scratch1/ardi/dsl_mut/HM-armc/mutation/lowered-cpp/interpolate/interpolate.halide_generated.cpp:5505:26
interpolate,cxx_default_on_emitted_cpp,5eb72c8d,5,6,cxx_add_to_sub,interpolate.halide_generated.cpp,6590,38,generator_specific,0,0,1,,,test2_golden,0,3.458,cxx_add_to_sub:/mnt/scratch1/ardi/dsl_mut/HM-armc/mutation/lowered-cpp/interpolate/interpolate.halide_generated.cpp:6590:38
interpolate,cxx_default_on_emitted_cpp,5eb72c8d,5,6,cxx_add_to_sub,interpolate.halide_generated.cpp,4204,25,generator_specific,0,0,0,,,,0,3.471,cxx_add_to_sub:/mnt/scratch1/ardi/dsl_mut/HM-armc/mutation/lowered-cpp/interpolate/interpolate.halide_generated.cpp:4204:25
interpolate,cxx_default_on_emitted_cpp,5eb72c8d,5,6,cxx_add_to_sub,interpolate.halide_generated.cpp,11600,30,generator_specific,0,0,1,,,test2_golden,0,3.305,cxx_add_to_sub:/mnt/scratch1/ardi/dsl_mut/HM-armc/mutation/lowered-cpp/interpolate/interpolate.halide_generated.cpp:11600:30
interpolate,cxx_default_on_emitted_cpp,5eb72c8d,5,6,cxx_lt_to_ge,interpolate.halide_generated.cpp,9104,66,generator_specific,0,0,0,,,,0,3.340,cxx_lt_to_ge:/mnt/scratch1/ardi/dsl_mut/HM-armc/mutation/lowered-cpp/interpolate/interpolate.halide_generated.cpp:9104:66
interpolate,cxx_default_on_emitted_cpp,5eb72c8d,5,6,cxx_sub_to_add,interpolate.halide_generated.cpp,10885,25,generator_specific,0,0,0,,,,0,3.301,cxx_sub_to_add:/mnt/scratch1/ardi/dsl_mut/HM-armc/mutation/lowered-cpp/interpolate/interpolate.halide_generated.cpp:10885:25
interpolate,cxx_default_on_emitted_cpp,5eb72c8d,5,6,cxx_mul_to_div,interpolate.halide_generated.cpp,6980,37,generator_specific,0,0,0,,,,0,3.272,cxx_mul_to_div:/mnt/scratch1/ardi/dsl_mut/HM-armc/mutation/lowered-cpp/interpolate/interpolate.halide_generated.cpp:6980:37
interpolate,cxx_default_on_emitted_cpp,5eb72c8d,5,6,cxx_add_to_sub,interpolate.halide_generated.cpp,4491,25,generator_specific,0,0,1,,,test2_golden,0,3.481,cxx_add_to_sub:/mnt/scratch1/ardi/dsl_mut/HM-armc/mutation/lowered-cpp/interpolate/interpolate.halide_generated.cpp:4491:25
interpolate,cxx_default_on_emitted_cpp,5eb72c8d,5,6,cxx_add_to_sub,interpolate.halide_generated.cpp,7773,38,generator_specific,-11,1,1,,,test1_demo;test2_golden,0,0.287,cxx_add_to_sub:/mnt/scratch1/ardi/dsl_mut/HM-armc/mutation/lowered-cpp/interpolate/interpolate.halide_generated.cpp:7773:38
interpolate,cxx_default_on_emitted_cpp,5eb72c8d,5,6,cxx_add_to_sub,interpolate.halide_generated.cpp,6770,38,generator_specific,0,0,1,,,test2_golden,0,3.118,cxx_add_to_sub:/mnt/scratch1/ardi/dsl_mut/HM-armc/mutation/lowered-cpp/interpolate/interpolate.halide_generated.cpp:6770:38
interpolate,cxx_default_on_emitted_cpp,5eb72c8d,5,6,cxx_mul_to_div,interpolate.halide_generated.cpp,4380,42,generator_specific,0,0,0,,,,0,3.548,cxx_mul_to_div:/mnt/scratch1/ardi/dsl_mut/HM-armc/mutation/lowered-cpp/interpolate/interpolate.halide_generated.cpp:4380:42
interpolate,cxx_default_on_emitted_cpp,5eb72c8d,5,6,cxx_add_to_sub,interpolate.halide_generated.cpp,4559,24,generator_specific,0,0,0,,,,0,3.079,cxx_add_to_sub:/mnt/scratch1/ardi/dsl_mut/HM-armc/mutation/lowered-cpp/interpolate/interpolate.halide_generated.cpp:4559:24
interpolate,cxx_default_on_emitted_cpp,5eb72c8d,5,6,cxx_replace_scalar_call,interpolate.halide_generated.cpp,10417,19,generator_specific,0,0,0,,,,0,3.373,cxx_replace_scalar_call:/mnt/scratch1/ardi/dsl_mut/HM-armc/mutation/lowered-cpp/interpolate/interpolate.halide_generated.cpp:10417:19
interpolate,cxx_default_on_emitted_cpp,5eb72c8d,5,6,cxx_add_to_sub,interpolate.halide_generated.cpp,9156,37,generator_specific,0,0,0,,,,0,3.540,cxx_add_to_sub:/mnt/scratch1/ardi/dsl_mut/HM-armc/mutation/lowered-cpp/interpolate/interpolate.halide_generated.cpp:9156:37
interpolate,cxx_default_on_emitted_cpp,5eb72c8d,5,6,cxx_add_to_sub,interpolate.halide_generated.cpp,8587,36,generator_specific,0,0,0,,,,0,3.036,cxx_add_to_sub:/mnt/scratch1/ardi/dsl_mut/HM-armc/mutation/lowered-cpp/interpolate/interpolate.halide_generated.cpp:8587:36
interpolate,cxx_default_on_emitted_cpp,5eb72c8d,5,6,cxx_mul_to_div,interpolate.halide_generated.cpp,5323,26,generator_specific,0,0,1,,,test2_golden,0,3.407,cxx_mul_to_div:/mnt/scratch1/ardi/dsl_mut/HM-armc/mutation/lowered-cpp/interpolate/interpolate.halide_generated.cpp:5323:26
interpolate,cxx_default_on_emitted_cpp,5eb72c8d,5,6,cxx_add_to_sub,interpolate.halide_generated.cpp,10778,26,generator_specific,0,0,0,,,,0,3.295,cxx_add_to_sub:/mnt/scratch1/ardi/dsl_mut/HM-armc/mutation/lowered-cpp/interpolate/interpolate.halide_generated.cpp:10778:26
interpolate,cxx_default_on_emitted_cpp,5eb72c8d,5,6,cxx_remove_void_call,interpolate.halide_generated.cpp,5626,2,generator_specific,0,0,0,,,,0,3.974,cxx_remove_void_call:/mnt/scratch1/ardi/dsl_mut/HM-armc/mutation/lowered-cpp/interpolate/interpolate.halide_generated.cpp:5626:2
interpolate,cxx_default_on_emitted_cpp,5eb72c8d,5,6,cxx_add_to_sub,interpolate.halide_generated.cpp,6975,37,generator_specific,0,0,0,,,,0,3.775,cxx_add_to_sub:/mnt/scratch1/ardi/dsl_mut/HM-armc/mutation/lowered-cpp/interpolate/interpolate.halide_generated.cpp:6975:37
interpolate,cxx_default_on_emitted_cpp,5eb72c8d,5,6,cxx_sub_to_add,interpolate.halide_generated.cpp,11343,27,generator_specific,-6,1,1,,,test1_demo;test2_golden,0,0.290,cxx_sub_to_add:/mnt/scratch1/ardi/dsl_mut/HM-armc/mutation/lowered-cpp/interpolate/interpolate.halide_generated.cpp:11343:27
interpolate,cxx_default_on_emitted_cpp,5eb72c8d,5,6,cxx_add_to_sub,interpolate.halide_generated.cpp,11664,30,generator_specific,0,0,0,,,,0,3.243,cxx_add_to_sub:/mnt/scratch1/ardi/dsl_mut/HM-armc/mutation/lowered-cpp/interpolate/interpolate.halide_generated.cpp:11664:30
interpolate,cxx_default_on_emitted_cpp,5eb72c8d,5,6,cxx_add_to_sub,interpolate.halide_generated.cpp,12099,33,generator_specific,-11,1,1,,,test1_demo;test2_golden,0,0.340,cxx_add_to_sub:/mnt/scratch1/ardi/dsl_mut/HM-armc/mutation/lowered-cpp/interpolate/interpolate.halide_generated.cpp:12099:33
interpolate,cxx_default_on_emitted_cpp,5eb72c8d,5,6,cxx_add_to_sub,interpolate.halide_generated.cpp,8086,36,generator_specific,0,0,0,,,,0,3.595,cxx_add_to_sub:/mnt/scratch1/ardi/dsl_mut/HM-armc/mutation/lowered-cpp/interpolate/interpolate.halide_generated.cpp:8086:36
interpolate,cxx_default_on_emitted_cpp,5eb72c8d,5,6,cxx_add_to_sub,interpolate.halide_generated.cpp,8149,36,generator_specific,0,0,0,,,,0,3.276,cxx_add_to_sub:/mnt/scratch1/ardi/dsl_mut/HM-armc/mutation/lowered-cpp/interpolate/interpolate.halide_generated.cpp:8149:36
interpolate,cxx_default_on_emitted_cpp,5eb72c8d,5,6,cxx_lt_to_le,interpolate.halide_generated.cpp,5455,64,generator_specific,-6,1,1,,,test1_demo;test2_golden,0,0.605,cxx_lt_to_le:/mnt/scratch1/ardi/dsl_mut/HM-armc/mutation/lowered-cpp/interpolate/interpolate.halide_generated.cpp:5455:64
interpolate,cxx_default_on_emitted_cpp,5eb72c8d,5,6,cxx_gt_to_ge,interpolate.halide_generated.cpp,6259,74,generator_specific,0,0,0,,,,0,2.845,cxx_gt_to_ge:/mnt/scratch1/ardi/dsl_mut/HM-armc/mutation/lowered-cpp/interpolate/interpolate.halide_generated.cpp:6259:74
interpolate,cxx_default_on_emitted_cpp,5eb72c8d,5,6,cxx_add_to_sub,interpolate.halide_generated.cpp,6492,35,generator_specific,0,0,1,,,test2_golden,0,2.933,cxx_add_to_sub:/mnt/scratch1/ardi/dsl_mut/HM-armc/mutation/lowered-cpp/interpolate/interpolate.halide_generated.cpp:6492:35
interpolate,cxx_default_on_emitted_cpp,5eb72c8d,5,6,cxx_add_to_sub,interpolate.halide_generated.cpp,9268,37,generator_specific,0,0,0,,,,0,3.329,cxx_add_to_sub:/mnt/scratch1/ardi/dsl_mut/HM-armc/mutation/lowered-cpp/interpolate/interpolate.halide_generated.cpp:9268:37
interpolate,cxx_default_on_emitted_cpp,5eb72c8d,5,6,cxx_add_to_sub,interpolate.halide_generated.cpp,6835,36,generator_specific,-11,1,1,,,test1_demo;test2_golden,0,0.348,cxx_add_to_sub:/mnt/scratch1/ardi/dsl_mut/HM-armc/mutation/lowered-cpp/interpolate/interpolate.halide_generated.cpp:6835:36
interpolate,cxx_default_on_emitted_cpp,5eb72c8d,5,6,cxx_mul_to_div,interpolate.halide_generated.cpp,11554,29,generator_specific,0,0,0,,,,0,3.370,cxx_mul_to_div:/mnt/scratch1/ardi/dsl_mut/HM-armc/mutation/lowered-cpp/interpolate/interpolate.halide_generated.cpp:11554:29
interpolate,cxx_default_on_emitted_cpp,5eb72c8d,5,6,cxx_mul_to_div,interpolate.halide_generated.cpp,4483,42,generator_specific,0,0,1,,,test2_golden,0,3.403,cxx_mul_to_div:/mnt/scratch1/ardi/dsl_mut/HM-armc/mutation/lowered-cpp/interpolate/interpolate.halide_generated.cpp:4483:42
interpolate,cxx_default_on_emitted_cpp,5eb72c8d,5,6,cxx_add_to_sub,interpolate.halide_generated.cpp,11659,30,generator_specific,0,0,0,,,,0,3.587,cxx_add_to_sub:/mnt/scratch1/ardi/dsl_mut/HM-armc/mutation/lowered-cpp/interpolate/interpolate.halide_generated.cpp:11659:30
interpolate,cxx_default_on_emitted_cpp,5eb72c8d,5,6,cxx_mul_to_div,interpolate.halide_generated.cpp,9260,37,generator_specific,0,0,0,,,,0,3.609,cxx_mul_to_div:/mnt/scratch1/ardi/dsl_mut/HM-armc/mutation/lowered-cpp/interpolate/interpolate.halide_generated.cpp:9260:37
interpolate,cxx_default_on_emitted_cpp,5eb72c8d,5,6,cxx_add_to_sub,interpolate.halide_generated.cpp,10266,35,generator_specific,0,0,0,,,,0,3.258,cxx_add_to_sub:/mnt/scratch1/ardi/dsl_mut/HM-armc/mutation/lowered-cpp/interpolate/interpolate.halide_generated.cpp:10266:35
interpolate,cxx_default_on_emitted_cpp,5eb72c8d,5,6,cxx_add_to_sub,interpolate.halide_generated.cpp,7416,38,generator_specific,0,0,0,,,,0,2.923,cxx_add_to_sub:/mnt/scratch1/ardi/dsl_mut/HM-armc/mutation/lowered-cpp/interpolate/interpolate.halide_generated.cpp:7416:38
interpolate,cxx_default_on_emitted_cpp,5eb72c8d,5,6,cxx_sub_to_add,interpolate.halide_generated.cpp,6654,35,generator_specific,0,0,1,,,test2_golden,0,3.650,cxx_sub_to_add:/mnt/scratch1/ardi/dsl_mut/HM-armc/mutation/lowered-cpp/interpolate/interpolate.halide_generated.cpp:6654:35
interpolate,cxx_default_on_emitted_cpp,5eb72c8d,5,6,cxx_add_to_sub,interpolate.halide_generated.cpp,6790,38,generator_specific,0,0,1,,,test2_golden,0,3.851,cxx_add_to_sub:/mnt/scratch1/ardi/dsl_mut/HM-armc/mutation/lowered-cpp/interpolate/interpolate.halide_generated.cpp:6790:38
interpolate,cxx_default_on_emitted_cpp,5eb72c8d,5,6,cxx_replace_scalar_call,interpolate.halide_generated.cpp,10693,20,generator_specific,0,0,0,,,,0,3.633,cxx_replace_scalar_call:/mnt/scratch1/ardi/dsl_mut/HM-armc/mutation/lowered-cpp/interpolate/interpolate.halide_generated.cpp:10693:20
interpolate,cxx_default_on_emitted_cpp,5eb72c8d,5,6,cxx_eq_to_ne,interpolate.halide_generated.cpp,10811,22,generator_specific,-6,1,1,,,test1_demo;test2_golden,0,0.295,cxx_eq_to_ne:/mnt/scratch1/ardi/dsl_mut/HM-armc/mutation/lowered-cpp/interpolate/interpolate.halide_generated.cpp:10811:22
interpolate,cxx_default_on_emitted_cpp,5eb72c8d,5,6,cxx_mul_to_div,interpolate.halide_generated.cpp,4198,25,generator_specific,0,0,1,,,test2_golden,0,3.375,cxx_mul_to_div:/mnt/scratch1/ardi/dsl_mut/HM-armc/mutation/lowered-cpp/interpolate/interpolate.halide_generated.cpp:4198:25
interpolate,cxx_default_on_emitted_cpp,5eb72c8d,5,6,cxx_mul_to_div,interpolate.halide_generated.cpp,7835,37,generator_specific,0,0,0,,,,0,3.237,cxx_mul_to_div:/mnt/scratch1/ardi/dsl_mut/HM-armc/mutation/lowered-cpp/interpolate/interpolate.halide_generated.cpp:7835:37
interpolate,cxx_default_on_emitted_cpp,5eb72c8d,5,6,cxx_sub_to_add,interpolate.halide_generated.cpp,12297,33,generator_specific,0,0,1,,,test2_golden,0,3.055,cxx_sub_to_add:/mnt/scratch1/ardi/dsl_mut/HM-armc/mutation/lowered-cpp/interpolate/interpolate.halide_generated.cpp:12297:33
interpolate,cxx_default_on_emitted_cpp,5eb72c8d,5,6,cxx_add_to_sub,interpolate.halide_generated.cpp,9627,38,generator_specific,0,0,0,,,,0,3.487,cxx_add_to_sub:/mnt/scratch1/ardi/dsl_mut/HM-armc/mutation/lowered-cpp/interpolate/interpolate.halide_generated.cpp:9627:38
interpolate,cxx_default_on_emitted_cpp,5eb72c8d,5,6,cxx_lt_to_ge,interpolate.halide_generated.cpp,9231,69,generator_specific,0,0,1,,,test2_golden,0,3.161,cxx_lt_to_ge:/mnt/scratch1/ardi/dsl_mut/HM-armc/mutation/lowered-cpp/interpolate/interpolate.halide_generated.cpp:9231:69
interpolate,cxx_default_on_emitted_cpp,5eb72c8d,5,6,cxx_mul_to_div,interpolate.halide_generated.cpp,6401,80,generator_specific,-11,1,1,,,test1_demo;test2_golden,0,0.395,cxx_mul_to_div:/mnt/scratch1/ardi/dsl_mut/HM-armc/mutation/lowered-cpp/interpolate/interpolate.halide_generated.cpp:6401:80
interpolate,cxx_default_on_emitted_cpp,5eb72c8d,5,6,cxx_add_to_sub,interpolate.halide_generated.cpp,6350,32,generator_specific,-6,1,1,,,test1_demo;test2_golden,0,0.405,cxx_add_to_sub:/mnt/scratch1/ardi/dsl_mut/HM-armc/mutation/lowered-cpp/interpolate/interpolate.halide_generated.cpp:6350:32
interpolate,cxx_default_on_emitted_cpp,5eb72c8d,5,6,cxx_mul_to_div,interpolate.halide_generated.cpp,9068,80,generator_specific,0,0,1,,,test2_golden,0,3.533,cxx_mul_to_div:/mnt/scratch1/ardi/dsl_mut/HM-armc/mutation/lowered-cpp/interpolate/interpolate.halide_generated.cpp:9068:80
interpolate,cxx_default_on_emitted_cpp,5eb72c8d,5,6,cxx_add_to_sub,interpolate.halide_generated.cpp,4332,27,generator_specific,-11,1,1,,,test1_demo;test2_golden,0,0.358,cxx_add_to_sub:/mnt/scratch1/ardi/dsl_mut/HM-armc/mutation/lowered-cpp/interpolate/interpolate.halide_generated.cpp:4332:27
interpolate,cxx_default_on_emitted_cpp,5eb72c8d,5,6,cxx_le_to_gt,interpolate.halide_generated.cpp,10702,22,generator_specific,0,0,1,,,test2_golden,0,1.324,cxx_le_to_gt:/mnt/scratch1/ardi/dsl_mut/HM-armc/mutation/lowered-cpp/interpolate/interpolate.halide_generated.cpp:10702:22
interpolate,cxx_default_on_emitted_cpp,5eb72c8d,5,6,cxx_add_to_sub,interpolate.halide_generated.cpp,7432,38,generator_specific,0,0,1,,,test2_golden,0,3.481,cxx_add_to_sub:/mnt/scratch1/ardi/dsl_mut/HM-armc/mutation/lowered-cpp/interpolate/interpolate.halide_generated.cpp:7432:38
interpolate,cxx_default_on_emitted_cpp,5eb72c8d,5,6,cxx_sub_to_add,interpolate.halide_generated.cpp,11380,28,generator_specific,0,0,1,,,test2_golden,0,3.501,cxx_sub_to_add:/mnt/scratch1/ardi/dsl_mut/HM-armc/mutation/lowered-cpp/interpolate/interpolate.halide_generated.cpp:11380:28
interpolate,cxx_default_on_emitted_cpp,5eb72c8d,5,6,cxx_add_to_sub,interpolate.halide_generated.cpp,5740,27,generator_specific,0,0,1,,,test2_golden,0,3.063,cxx_add_to_sub:/mnt/scratch1/ardi/dsl_mut/HM-armc/mutation/lowered-cpp/interpolate/interpolate.halide_generated.cpp:5740:27
interpolate,cxx_default_on_emitted_cpp,5eb72c8d,5,6,cxx_add_to_sub,interpolate.halide_generated.cpp,12064,33,generator_specific,0,0,1,,,test2_golden,0,3.593,cxx_add_to_sub:/mnt/scratch1/ardi/dsl_mut/HM-armc/mutation/lowered-cpp/interpolate/interpolate.halide_generated.cpp:12064:33
interpolate,cxx_default_on_emitted_cpp,5eb72c8d,5,6,cxx_add_to_sub,interpolate.halide_generated.cpp,11779,31,generator_specific,0,0,0,,,,0,3.618,cxx_add_to_sub:/mnt/scratch1/ardi/dsl_mut/HM-armc/mutation/lowered-cpp/interpolate/interpolate.halide_generated.cpp:11779:31
interpolate,cxx_default_on_emitted_cpp,5eb72c8d,5,6,cxx_lt_to_ge,interpolate.halide_generated.cpp,7913,86,generator_specific,-11,1,1,,,test1_demo;test2_golden,0,0.413,cxx_lt_to_ge:/mnt/scratch1/ardi/dsl_mut/HM-armc/mutation/lowered-cpp/interpolate/interpolate.halide_generated.cpp:7913:86
interpolate,cxx_default_on_emitted_cpp,5eb72c8d,5,6,cxx_sub_to_add,interpolate.halide_generated.cpp,6466,34,generator_specific,0,0,1,,,test2_golden,0,3.490,cxx_sub_to_add:/mnt/scratch1/ardi/dsl_mut/HM-armc/mutation/lowered-cpp/interpolate/interpolate.halide_generated.cpp:6466:34
interpolate,cxx_default_on_emitted_cpp,5eb72c8d,5,6,cxx_add_to_sub,interpolate.halide_generated.cpp,6926,37,generator_specific,0,0,0,,,,0,3.631,cxx_add_to_sub:/mnt/scratch1/ardi/dsl_mut/HM-armc/mutation/lowered-cpp/interpolate/interpolate.halide_generated.cpp:6926:37
interpolate,cxx_default_on_emitted_cpp,5eb72c8d,5,6,cxx_mul_to_div,interpolate.halide_generated.cpp,4263,24,generator_specific,0,0,1,,,test2_golden,0,3.456,cxx_mul_to_div:/mnt/scratch1/ardi/dsl_mut/HM-armc/mutation/lowered-cpp/interpolate/interpolate.halide_generated.cpp:4263:24
interpolate,cxx_default_on_emitted_cpp,5eb72c8d,5,6,cxx_add_to_sub,interpolate.halide_generated.cpp,6874,37,generator_specific,0,0,1,,,test2_golden,0,3.094,cxx_add_to_sub:/mnt/scratch1/ardi/dsl_mut/HM-armc/mutation/lowered-cpp/interpolate/interpolate.halide_generated.cpp:6874:37
interpolate,cxx_default_on_emitted_cpp,5eb72c8d,5,6,cxx_add_to_sub,interpolate.halide_generated.cpp,5477,66,generator_specific,0,0,1,,,test2_golden,0,3.212,cxx_add_to_sub:/mnt/scratch1/ardi/dsl_mut/HM-armc/mutation/lowered-cpp/interpolate/interpolate.halide_generated.cpp:5477:66
interpolate,cxx_default_on_emitted_cpp,5eb72c8d,5,6,cxx_add_to_sub,interpolate.halide_generated.cpp,11216,26,generator_specific,0,0,0,,,,0,3.361,cxx_add_to_sub:/mnt/scratch1/ardi/dsl_mut/HM-armc/mutation/lowered-cpp/interpolate/interpolate.halide_generated.cpp:11216:26
interpolate,cxx_default_on_emitted_cpp,5eb72c8d,5,6,cxx_add_to_sub,interpolate.halide_generated.cpp,9596,37,generator_specific,0,0,0,,,,0,3.317,cxx_add_to_sub:/mnt/scratch1/ardi/dsl_mut/HM-armc/mutation/lowered-cpp/interpolate/interpolate.halide_generated.cpp:9596:37
interpolate,cxx_default_on_emitted_cpp,5eb72c8d,5,6,cxx_add_to_sub,interpolate.halide_generated.cpp,9611,79,generator_specific,0,0,0,,,,0,3.116,cxx_add_to_sub:/mnt/scratch1/ardi/dsl_mut/HM-armc/mutation/lowered-cpp/interpolate/interpolate.halide_generated.cpp:9611:79
interpolate,cxx_default_on_emitted_cpp,5eb72c8d,5,6,cxx_add_to_sub,interpolate.halide_generated.cpp,10457,24,generator_specific,0,0,0,,,,0,3.309,cxx_add_to_sub:/mnt/scratch1/ardi/dsl_mut/HM-armc/mutation/lowered-cpp/interpolate/interpolate.halide_generated.cpp:10457:24
interpolate,cxx_default_on_emitted_cpp,5eb72c8d,5,6,cxx_sub_to_add,interpolate.halide_generated.cpp,6856,37,generator_specific,0,0,1,,,test2_golden,0,3.177,cxx_sub_to_add:/mnt/scratch1/ardi/dsl_mut/HM-armc/mutation/lowered-cpp/interpolate/interpolate.halide_generated.cpp:6856:37
interpolate,cxx_default_on_emitted_cpp,5eb72c8d,5,6,cxx_mul_to_div,interpolate.halide_generated.cpp,9692,36,generator_specific,0,0,0,,,,0,3.398,cxx_mul_to_div:/mnt/scratch1/ardi/dsl_mut/HM-armc/mutation/lowered-cpp/interpolate/interpolate.halide_generated.cpp:9692:36
interpolate,cxx_default_on_emitted_cpp,5eb72c8d,5,6,cxx_add_to_sub,interpolate.halide_generated.cpp,7989,37,generator_specific,0,0,1,,,test2_golden,0,3.175,cxx_add_to_sub:/mnt/scratch1/ardi/dsl_mut/HM-armc/mutation/lowered-cpp/interpolate/interpolate.halide_generated.cpp:7989:37
interpolate,cxx_default_on_emitted_cpp,5eb72c8d,5,6,cxx_mul_to_div,interpolate.halide_generated.cpp,9048,33,generator_specific,0,0,0,,,,0,3.233,cxx_mul_to_div:/mnt/scratch1/ardi/dsl_mut/HM-armc/mutation/lowered-cpp/interpolate/interpolate.halide_generated.cpp:9048:33
interpolate,cxx_default_on_emitted_cpp,5eb72c8d,5,6,cxx_mul_to_div,interpolate.halide_generated.cpp,9613,55,generator_specific,0,0,0,,,,0,3.511,cxx_mul_to_div:/mnt/scratch1/ardi/dsl_mut/HM-armc/mutation/lowered-cpp/interpolate/interpolate.halide_generated.cpp:9613:55
interpolate,cxx_default_on_emitted_cpp,5eb72c8d,5,6,cxx_replace_scalar_call,interpolate.halide_generated.cpp,5758,19,generator_specific,0,0,1,,,test2_golden,0,3.217,cxx_replace_scalar_call:/mnt/scratch1/ardi/dsl_mut/HM-armc/mutation/lowered-cpp/interpolate/interpolate.halide_generated.cpp:5758:19
interpolate,cxx_default_on_emitted_cpp,5eb72c8d,5,6,cxx_eq_to_ne,interpolate.halide_generated.cpp,3667,65,generator_specific,0,0,0,,,,0,2.982,cxx_eq_to_ne:/mnt/scratch1/ardi/dsl_mut/HM-armc/mutation/lowered-cpp/interpolate/interpolate.halide_generated.cpp:3667:65
interpolate,cxx_default_on_emitted_cpp,5eb72c8d,5,6,cxx_replace_scalar_call,interpolate.halide_generated.cpp,10752,20,generator_specific,0,0,0,,,,0,2.992,cxx_replace_scalar_call:/mnt/scratch1/ardi/dsl_mut/HM-armc/mutation/lowered-cpp/interpolate/interpolate.halide_generated.cpp:10752:20
interpolate,cxx_default_on_emitted_cpp,5eb72c8d,5,6,cxx_add_to_sub,interpolate.halide_generated.cpp,5344,27,generator_specific,0,0,0,,,,0,3.305,cxx_add_to_sub:/mnt/scratch1/ardi/dsl_mut/HM-armc/mutation/lowered-cpp/interpolate/interpolate.halide_generated.cpp:5344:27
interpolate,cxx_default_on_emitted_cpp,5eb72c8d,5,6,cxx_sub_to_add,interpolate.halide_generated.cpp,6460,34,generator_specific,0,0,0,,,,0,3.199,cxx_sub_to_add:/mnt/scratch1/ardi/dsl_mut/HM-armc/mutation/lowered-cpp/interpolate/interpolate.halide_generated.cpp:6460:34
interpolate,cxx_default_on_emitted_cpp,5eb72c8d,5,6,cxx_mul_to_div,interpolate.halide_generated.cpp,7158,37,generator_specific,0,0,0,,,,0,3.123,cxx_mul_to_div:/mnt/scratch1/ardi/dsl_mut/HM-armc/mutation/lowered-cpp/interpolate/interpolate.halide_generated.cpp:7158:37
interpolate,cxx_default_on_emitted_cpp,5eb72c8d,5,6,cxx_add_to_sub,interpolate.halide_generated.cpp,3792,26,generator_specific,0,0,1,,,test2_golden,0,3.342,cxx_add_to_sub:/mnt/scratch1/ardi/dsl_mut/HM-armc/mutation/lowered-cpp/interpolate/interpolate.halide_generated.cpp:3792:26
interpolate,cxx_default_on_emitted_cpp,5eb72c8d,5,6,cxx_mul_to_div,interpolate.halide_generated.cpp,6678,37,generator_specific,0,0,0,,,,0,3.308,cxx_mul_to_div:/mnt/scratch1/ardi/dsl_mut/HM-armc/mutation/lowered-cpp/interpolate/interpolate.halide_generated.cpp:6678:37
interpolate,cxx_default_on_emitted_cpp,5eb72c8d,5,6,cxx_mul_to_div,interpolate.halide_generated.cpp,3674,21,generator_specific,0,0,1,,,test2_golden,0,3.443,cxx_mul_to_div:/mnt/scratch1/ardi/dsl_mut/HM-armc/mutation/lowered-cpp/interpolate/interpolate.halide_generated.cpp:3674:21
interpolate,cxx_default_on_emitted_cpp,5eb72c8d,5,6,cxx_add_to_sub,interpolate.halide_generated.cpp,4293,27,generator_specific,-11,1,1,,,test1_demo;test2_golden,0,0.294,cxx_add_to_sub:/mnt/scratch1/ardi/dsl_mut/HM-armc/mutation/lowered-cpp/interpolate/interpolate.halide_generated.cpp:4293:27
interpolate,cxx_default_on_emitted_cpp,5eb72c8d,5,6,cxx_replace_scalar_call,interpolate.halide_generated.cpp,10560,18,generator_specific,0,0,1,,,test2_golden,0,3.160,cxx_replace_scalar_call:/mnt/scratch1/ardi/dsl_mut/HM-armc/mutation/lowered-cpp/interpolate/interpolate.halide_generated.cpp:10560:18
interpolate,cxx_default_on_emitted_cpp,5eb72c8d,5,6,cxx_add_to_sub,interpolate.halide_generated.cpp,3824,26,generator_specific,0,0,1,,,test2_golden,0,3.247,cxx_add_to_sub:/mnt/scratch1/ardi/dsl_mut/HM-armc/mutation/lowered-cpp/interpolate/interpolate.halide_generated.cpp:3824:26
interpolate,cxx_default_on_emitted_cpp,5eb72c8d,5,6,cxx_mul_to_div,interpolate.halide_generated.cpp,7918,37,generator_specific,0,0,1,,,test2_golden,0,3.369,cxx_mul_to_div:/mnt/scratch1/ardi/dsl_mut/HM-armc/mutation/lowered-cpp/interpolate/interpolate.halide_generated.cpp:7918:37
interpolate,cxx_default_on_emitted_cpp,5eb72c8d,5,6,cxx_add_to_sub,interpolate.halide_generated.cpp,12235,33,generator_specific,0,0,1,,,test2_golden,0,3.749,cxx_add_to_sub:/mnt/scratch1/ardi/dsl_mut/HM-armc/mutation/lowered-cpp/interpolate/interpolate.halide_generated.cpp:12235:33
interpolate,cxx_default_on_emitted_cpp,5eb72c8d,5,6,cxx_add_to_sub,interpolate.halide_generated.cpp,6417,34,generator_specific,0,0,0,,,,0,3.308,cxx_add_to_sub:/mnt/scratch1/ardi/dsl_mut/HM-armc/mutation/lowered-cpp/interpolate/interpolate.halide_generated.cpp:6417:34
interpolate,cxx_default_on_emitted_cpp,5eb72c8d,5,6,cxx_mul_to_div,interpolate.halide_generated.cpp,11563,29,generator_specific,0,0,1,,,test2_golden,0,3.141,cxx_mul_to_div:/mnt/scratch1/ardi/dsl_mut/HM-armc/mutation/lowered-cpp/interpolate/interpolate.halide_generated.cpp:11563:29
interpolate,cxx_default_on_emitted_cpp,5eb72c8d,5,6,cxx_mul_to_div,interpolate.halide_generated.cpp,5093,40,generator_specific,0,0,1,,,test2_golden,0,3.223,cxx_mul_to_div:/mnt/scratch1/ardi/dsl_mut/HM-armc/mutation/lowered-cpp/interpolate/interpolate.halide_generated.cpp:5093:40
interpolate,cxx_default_on_emitted_cpp,5eb72c8d,5,6,cxx_replace_scalar_call,interpolate.halide_generated.cpp,10537,18,generator_specific,0,0,1,,,test2_golden,0,3.220,cxx_replace_scalar_call:/mnt/scratch1/ardi/dsl_mut/HM-armc/mutation/lowered-cpp/interpolate/interpolate.halide_generated.cpp:10537:18
interpolate,cxx_default_on_emitted_cpp,5eb72c8d,5,6,cxx_mul_to_div,interpolate.halide_generated.cpp,10501,24,generator_specific,0,0,0,,,,0,3.624,cxx_mul_to_div:/mnt/scratch1/ardi/dsl_mut/HM-armc/mutation/lowered-cpp/interpolate/interpolate.halide_generated.cpp:10501:24
interpolate,cxx_default_on_emitted_cpp,5eb72c8d,5,6,cxx_mul_to_div,interpolate.halide_generated.cpp,6331,59,generator_specific,0,0,1,,,test2_golden,0,3.486,cxx_mul_to_div:/mnt/scratch1/ardi/dsl_mut/HM-armc/mutation/lowered-cpp/interpolate/interpolate.halide_generated.cpp:6331:59
interpolate,cxx_default_on_emitted_cpp,5eb72c8d,5,6,cxx_add_to_sub,interpolate.halide_generated.cpp,10038,38,generator_specific,0,0,0,,,,0,3.427,cxx_add_to_sub:/mnt/scratch1/ardi/dsl_mut/HM-armc/mutation/lowered-cpp/interpolate/interpolate.halide_generated.cpp:10038:38
interpolate,cxx_default_on_emitted_cpp,5eb72c8d,5,6,cxx_add_to_sub,interpolate.halide_generated.cpp,7893,35,generator_specific,0,0,1,,,test2_golden,0,3.344,cxx_add_to_sub:/mnt/scratch1/ardi/dsl_mut/HM-armc/mutation/lowered-cpp/interpolate/interpolate.halide_generated.cpp:7893:35
interpolate,cxx_default_on_emitted_cpp,5eb72c8d,5,6,cxx_add_to_sub,interpolate.halide_generated.cpp,10241,36,generator_specific,0,0,0,,,,0,3.719,cxx_add_to_sub:/mnt/scratch1/ardi/dsl_mut/HM-armc/mutation/lowered-cpp/interpolate/interpolate.halide_generated.cpp:10241:36
interpolate,cxx_default_on_emitted_cpp,5eb72c8d,5,6,cxx_sub_to_add,interpolate.halide_generated.cpp,11061,26,generator_specific,0,0,1,,,test2_golden,0,3.203,cxx_sub_to_add:/mnt/scratch1/ardi/dsl_mut/HM-armc/mutation/lowered-cpp/interpolate/interpolate.halide_generated.cpp:11061:26
interpolate,cxx_default_on_emitted_cpp,5eb72c8d,5,6,cxx_add_to_sub,interpolate.halide_generated.cpp,8351,57,generator_specific,0,0,0,,,,0,3.605,cxx_add_to_sub:/mnt/scratch1/ardi/dsl_mut/HM-armc/mutation/lowered-cpp/interpolate/interpolate.halide_generated.cpp:8351:57
interpolate,cxx_default_on_emitted_cpp,5eb72c8d,5,6,cxx_add_to_sub,interpolate.halide_generated.cpp,7247,38,generator_specific,0,0,1,,,test2_golden,0,3.303,cxx_add_to_sub:/mnt/scratch1/ardi/dsl_mut/HM-armc/mutation/lowered-cpp/interpolate/interpolate.halide_generated.cpp:7247:38
interpolate,cxx_default_on_emitted_cpp,5eb72c8d,5,6,cxx_add_to_sub,interpolate.halide_generated.cpp,7578,37,generator_specific,0,0,1,,,test2_golden,0,3.018,cxx_add_to_sub:/mnt/scratch1/ardi/dsl_mut/HM-armc/mutation/lowered-cpp/interpolate/interpolate.halide_generated.cpp:7578:37
interpolate,cxx_default_on_emitted_cpp,5eb72c8d,5,6,cxx_add_to_sub,interpolate.halide_generated.cpp,6638,35,generator_specific,-6,1,1,,,test1_demo;test2_golden,0,0.398,cxx_add_to_sub:/mnt/scratch1/ardi/dsl_mut/HM-armc/mutation/lowered-cpp/interpolate/interpolate.halide_generated.cpp:6638:35
interpolate,cxx_default_on_emitted_cpp,5eb72c8d,5,6,cxx_add_to_sub,interpolate.halide_generated.cpp,8712,36,generator_specific,0,0,0,,,,0,3.286,cxx_add_to_sub:/mnt/scratch1/ardi/dsl_mut/HM-armc/mutation/lowered-cpp/interpolate/interpolate.halide_generated.cpp:8712:36
interpolate,cxx_default_on_emitted_cpp,5eb72c8d,5,6,cxx_add_to_sub,interpolate.halide_generated.cpp,9370,37,generator_specific,0,0,0,,,,0,2.930,cxx_add_to_sub:/mnt/scratch1/ardi/dsl_mut/HM-armc/mutation/lowered-cpp/interpolate/interpolate.halide_generated.cpp:9370:37
interpolate,cxx_default_on_emitted_cpp,5eb72c8d,5,6,cxx_post_inc_to_post_dec,interpolate.halide_generated.cpp,3357,40,boilerplate,0,0,1,,,test2_golden,0,3.801,cxx_post_inc_to_post_dec:/mnt/scratch1/ardi/dsl_mut/HM-armc/mutation/lowered-cpp/interpolate/interpolate.halide_generated.cpp:3357:40
interpolate,cxx_default_on_emitted_cpp,5eb72c8d,5,6,cxx_add_to_sub,interpolate.halide_generated.cpp,9668,35,generator_specific,0,0,0,,,,0,2.996,cxx_add_to_sub:/mnt/scratch1/ardi/dsl_mut/HM-armc/mutation/lowered-cpp/interpolate/interpolate.halide_generated.cpp:9668:35
interpolate,cxx_default_on_emitted_cpp,5eb72c8d,5,6,cxx_add_to_sub,interpolate.halide_generated.cpp,7116,37,generator_specific,0,0,1,,,test2_golden,0,3.503,cxx_add_to_sub:/mnt/scratch1/ardi/dsl_mut/HM-armc/mutation/lowered-cpp/interpolate/interpolate.halide_generated.cpp:7116:37
interpolate,cxx_default_on_emitted_cpp,5eb72c8d,5,6,cxx_sub_to_add,interpolate.halide_generated.cpp,11464,29,generator_specific,-6,1,1,,,test1_demo;test2_golden,0,0.365,cxx_sub_to_add:/mnt/scratch1/ardi/dsl_mut/HM-armc/mutation/lowered-cpp/interpolate/interpolate.halide_generated.cpp:11464:29
interpolate,cxx_default_on_emitted_cpp,5eb72c8d,5,6,cxx_add_to_sub,interpolate.halide_generated.cpp,9470,90,generator_specific,0,0,0,,,,0,3.298,cxx_add_to_sub:/mnt/scratch1/ardi/dsl_mut/HM-armc/mutation/lowered-cpp/interpolate/interpolate.halide_generated.cpp:9470:90
interpolate,cxx_default_on_emitted_cpp,5eb72c8d,5,6,cxx_add_to_sub,interpolate.halide_generated.cpp,8466,36,generator_specific,0,0,1,,,test2_golden,0,3.176,cxx_add_to_sub:/mnt/scratch1/ardi/dsl_mut/HM-armc/mutation/lowered-cpp/interpolate/interpolate.halide_generated.cpp:8466:36
interpolate,cxx_default_on_emitted_cpp,5eb72c8d,5,6,cxx_add_to_sub,interpolate.halide_generated.cpp,6694,37,generator_specific,0,0,0,,,,0,3.842,cxx_add_to_sub:/mnt/scratch1/ardi/dsl_mut/HM-armc/mutation/lowered-cpp/interpolate/interpolate.halide_generated.cpp:6694:37
interpolate,cxx_default_on_emitted_cpp,5eb72c8d,5,6,cxx_add_to_sub,interpolate.halide_generated.cpp,8776,36,generator_specific,0,0,0,,,,0,3.401,cxx_add_to_sub:/mnt/scratch1/ardi/dsl_mut/HM-armc/mutation/lowered-cpp/interpolate/interpolate.halide_generated.cpp:8776:36
interpolate,cxx_default_on_emitted_cpp,5eb72c8d,5,6,cxx_gt_to_le,interpolate.halide_generated.cpp,11814,21,generator_specific,-6,1,1,,,test1_demo;test2_golden,0,0.384,cxx_gt_to_le:/mnt/scratch1/ardi/dsl_mut/HM-armc/mutation/lowered-cpp/interpolate/interpolate.halide_generated.cpp:11814:21
interpolate,cxx_default_on_emitted_cpp,5eb72c8d,5,6,cxx_add_to_sub,interpolate.halide_generated.cpp,3987,26,generator_specific,-11,1,1,,,test1_demo;test2_golden,0,0.278,cxx_add_to_sub:/mnt/scratch1/ardi/dsl_mut/HM-armc/mutation/lowered-cpp/interpolate/interpolate.halide_generated.cpp:3987:26
interpolate,cxx_default_on_emitted_cpp,5eb72c8d,5,6,cxx_gt_to_le,interpolate.halide_generated.cpp,8978,19,generator_specific,0,0,0,,,,0,3.102,cxx_gt_to_le:/mnt/scratch1/ardi/dsl_mut/HM-armc/mutation/lowered-cpp/interpolate/interpolate.halide_generated.cpp:8978:19
interpolate,cxx_default_on_emitted_cpp,5eb72c8d,5,6,cxx_gt_to_le,interpolate.halide_generated.cpp,8952,75,generator_specific,0,0,0,,,,0,3.326,cxx_gt_to_le:/mnt/scratch1/ardi/dsl_mut/HM-armc/mutation/lowered-cpp/interpolate/interpolate.halide_generated.cpp:8952:75
interpolate,cxx_default_on_emitted_cpp,5eb72c8d,5,6,cxx_gt_to_le,interpolate.halide_generated.cpp,11583,19,generator_specific,-6,1,1,,,test1_demo;test2_golden,0,0.382,cxx_gt_to_le:/mnt/scratch1/ardi/dsl_mut/HM-armc/mutation/lowered-cpp/interpolate/interpolate.halide_generated.cpp:11583:19
interpolate,cxx_default_on_emitted_cpp,5eb72c8d,5,6,cxx_sub_to_add,interpolate.halide_generated.cpp,11942,33,generator_specific,0,0,0,,,,0,3.337,cxx_sub_to_add:/mnt/scratch1/ardi/dsl_mut/HM-armc/mutation/lowered-cpp/interpolate/interpolate.halide_generated.cpp:11942:33
interpolate,cxx_default_on_emitted_cpp,5eb72c8d,5,6,cxx_lt_to_ge,interpolate.halide_generated.cpp,9160,75,generator_specific,0,0,0,,,,0,3.381,cxx_lt_to_ge:/mnt/scratch1/ardi/dsl_mut/HM-armc/mutation/lowered-cpp/interpolate/interpolate.halide_generated.cpp:9160:75
interpolate,cxx_default_on_emitted_cpp,5eb72c8d,5,6,cxx_replace_scalar_call,interpolate.halide_generated.cpp,10447,18,generator_specific,-6,1,1,,,test1_demo;test2_golden,0,0.308,cxx_replace_scalar_call:/mnt/scratch1/ardi/dsl_mut/HM-armc/mutation/lowered-cpp/interpolate/interpolate.halide_generated.cpp:10447:18
interpolate,cxx_default_on_emitted_cpp,5eb72c8d,5,6,cxx_add_to_sub,interpolate.halide_generated.cpp,8157,35,generator_specific,0,0,0,,,,0,3.309,cxx_add_to_sub:/mnt/scratch1/ardi/dsl_mut/HM-armc/mutation/lowered-cpp/interpolate/interpolate.halide_generated.cpp:8157:35
interpolate,cxx_default_on_emitted_cpp,5eb72c8d,5,6,cxx_lt_to_le,interpolate.halide_generated.cpp,6986,28,generator_specific,0,0,0,,,,0,2.820,cxx_lt_to_le:/mnt/scratch1/ardi/dsl_mut/HM-armc/mutation/lowered-cpp/interpolate/interpolate.halide_generated.cpp:6986:28
interpolate,cxx_default_on_emitted_cpp,5eb72c8d,5,6,cxx_add_to_sub,interpolate.halide_generated.cpp,6645,35,generator_specific,0,0,1,,,test2_golden,0,3.237,cxx_add_to_sub:/mnt/scratch1/ardi/dsl_mut/HM-armc/mutation/lowered-cpp/interpolate/interpolate.halide_generated.cpp:6645:35
interpolate,cxx_default_on_emitted_cpp,5eb72c8d,5,6,cxx_add_to_sub,interpolate.halide_generated.cpp,8088,36,generator_specific,0,0,0,,,,0,3.231,cxx_add_to_sub:/mnt/scratch1/ardi/dsl_mut/HM-armc/mutation/lowered-cpp/interpolate/interpolate.halide_generated.cpp:8088:36
interpolate,cxx_default_on_emitted_cpp,5eb72c8d,5,6,cxx_add_to_sub,interpolate.halide_generated.cpp,9181,37,generator_specific,0,0,0,,,,0,3.193,cxx_add_to_sub:/mnt/scratch1/ardi/dsl_mut/HM-armc/mutation/lowered-cpp/interpolate/interpolate.halide_generated.cpp:9181:37
interpolate,cxx_default_on_emitted_cpp,5eb72c8d,5,6,cxx_add_to_sub,interpolate.halide_generated.cpp,4986,26,generator_specific,0,0,1,,,test2_golden,0,3.242,cxx_add_to_sub:/mnt/scratch1/ardi/dsl_mut/HM-armc/mutation/lowered-cpp/interpolate/interpolate.halide_generated.cpp:4986:26
interpolate,cxx_default_on_emitted_cpp,5eb72c8d,5,6,cxx_add_to_sub,interpolate.halide_generated.cpp,10311,36,generator_specific,0,0,0,,,,0,3.085,cxx_add_to_sub:/mnt/scratch1/ardi/dsl_mut/HM-armc/mutation/lowered-cpp/interpolate/interpolate.halide_generated.cpp:10311:36
interpolate,cxx_default_on_emitted_cpp,5eb72c8d,5,6,cxx_add_to_sub,interpolate.halide_generated.cpp,10336,35,generator_specific,0,0,0,,,,0,3.204,cxx_add_to_sub:/mnt/scratch1/ardi/dsl_mut/HM-armc/mutation/lowered-cpp/interpolate/interpolate.halide_generated.cpp:10336:35
interpolate,cxx_default_on_emitted_cpp,5eb72c8d,5,6,cxx_lt_to_le,interpolate.halide_generated.cpp,9131,69,generator_specific,0,0,0,,,,0,3.646,cxx_lt_to_le:/mnt/scratch1/ardi/dsl_mut/HM-armc/mutation/lowered-cpp/interpolate/interpolate.halide_generated.cpp:9131:69
interpolate,cxx_default_on_emitted_cpp,5eb72c8d,5,6,cxx_add_to_sub,interpolate.halide_generated.cpp,3868,28,generator_specific,0,0,1,,,test2_golden,0,3.117,cxx_add_to_sub:/mnt/scratch1/ardi/dsl_mut/HM-armc/mutation/lowered-cpp/interpolate/interpolate.halide_generated.cpp:3868:28
interpolate,cxx_default_on_emitted_cpp,5eb72c8d,5,6,cxx_lt_to_ge,interpolate.halide_generated.cpp,257,15,boilerplate,-6,1,1,,,test1_demo;test2_golden,0,0.240,cxx_lt_to_ge:/mnt/scratch1/ardi/dsl_mut/HM-armc/mutation/lowered-cpp/interpolate/interpolate.halide_generated.cpp:257:15
interpolate,cxx_default_on_emitted_cpp,5eb72c8d,5,6,cxx_mul_to_div,interpolate.halide_generated.cpp,9050,61,generator_specific,0,0,0,,,,0,3.152,cxx_mul_to_div:/mnt/scratch1/ardi/dsl_mut/HM-armc/mutation/lowered-cpp/interpolate/interpolate.halide_generated.cpp:9050:61
interpolate,cxx_default_on_emitted_cpp,5eb72c8d,5,6,cxx_add_to_sub,interpolate.halide_generated.cpp,10137,36,generator_specific,0,0,0,,,,0,3.261,cxx_add_to_sub:/mnt/scratch1/ardi/dsl_mut/HM-armc/mutation/lowered-cpp/interpolate/interpolate.halide_generated.cpp:10137:36
interpolate,cxx_default_on_emitted_cpp,5eb72c8d,5,6,cxx_sub_to_add,interpolate.halide_generated.cpp,12154,33,generator_specific,0,0,0,,,,0,2.907,cxx_sub_to_add:/mnt/scratch1/ardi/dsl_mut/HM-armc/mutation/lowered-cpp/interpolate/interpolate.halide_generated.cpp:12154:33
interpolate,cxx_default_on_emitted_cpp,5eb72c8d,5,6,cxx_sub_to_add,interpolate.halide_generated.cpp,7742,36,generator_specific,0,0,0,,,,0,3.265,cxx_sub_to_add:/mnt/scratch1/ardi/dsl_mut/HM-armc/mutation/lowered-cpp/interpolate/interpolate.halide_generated.cpp:7742:36
interpolate,cxx_default_on_emitted_cpp,5eb72c8d,5,6,cxx_mul_to_div,interpolate.halide_generated.cpp,9198,37,generator_specific,0,0,1,,,test2_golden,0,3.289,cxx_mul_to_div:/mnt/scratch1/ardi/dsl_mut/HM-armc/mutation/lowered-cpp/interpolate/interpolate.halide_generated.cpp:9198:37
interpolate,cxx_default_on_emitted_cpp,5eb72c8d,5,6,cxx_mul_to_div,interpolate.halide_generated.cpp,5116,26,generator_specific,0,0,1,,,test2_golden,0,3.600,cxx_mul_to_div:/mnt/scratch1/ardi/dsl_mut/HM-armc/mutation/lowered-cpp/interpolate/interpolate.halide_generated.cpp:5116:26
interpolate,cxx_default_on_emitted_cpp,5eb72c8d,5,6,cxx_add_to_sub,interpolate.halide_generated.cpp,4675,25,generator_specific,0,0,1,,,test2_golden,0,3.226,cxx_add_to_sub:/mnt/scratch1/ardi/dsl_mut/HM-armc/mutation/lowered-cpp/interpolate/interpolate.halide_generated.cpp:4675:25
interpolate,cxx_default_on_emitted_cpp,5eb72c8d,5,6,cxx_add_to_sub,interpolate.halide_generated.cpp,11690,31,generator_specific,-6,1,1,,,test1_demo;test2_golden,0,0.311,cxx_add_to_sub:/mnt/scratch1/ardi/dsl_mut/HM-armc/mutation/lowered-cpp/interpolate/interpolate.halide_generated.cpp:11690:31
interpolate,cxx_default_on_emitted_cpp,5eb72c8d,5,6,cxx_add_to_sub,interpolate.halide_generated.cpp,9310,37,generator_specific,0,0,0,,,,0,3.232,cxx_add_to_sub:/mnt/scratch1/ardi/dsl_mut/HM-armc/mutation/lowered-cpp/interpolate/interpolate.halide_generated.cpp:9310:37
interpolate,cxx_default_on_emitted_cpp,5eb72c8d,5,6,cxx_add_to_sub,interpolate.halide_generated.cpp,7749,37,generator_specific,0,0,1,,,test2_golden,0,3.115,cxx_add_to_sub:/mnt/scratch1/ardi/dsl_mut/HM-armc/mutation/lowered-cpp/interpolate/interpolate.halide_generated.cpp:7749:37
interpolate,cxx_default_on_emitted_cpp,5eb72c8d,5,6,cxx_lt_to_ge,interpolate.halide_generated.cpp,7926,75,generator_specific,0,0,1,,,test2_golden,0,3.095,cxx_lt_to_ge:/mnt/scratch1/ardi/dsl_mut/HM-armc/mutation/lowered-cpp/interpolate/interpolate.halide_generated.cpp:7926:75
interpolate,cxx_default_on_emitted_cpp,5eb72c8d,5,6,cxx_add_to_sub,interpolate.halide_generated.cpp,3963,26,generator_specific,0,0,1,,,test2_golden,0,3.081,cxx_add_to_sub:/mnt/scratch1/ardi/dsl_mut/HM-armc/mutation/lowered-cpp/interpolate/interpolate.halide_generated.cpp:3963:26
interpolate,cxx_default_on_emitted_cpp,5eb72c8d,5,6,cxx_replace_scalar_call,interpolate.halide_generated.cpp,10573,18,generator_specific,0,0,0,,,,0,3.090,cxx_replace_scalar_call:/mnt/scratch1/ardi/dsl_mut/HM-armc/mutation/lowered-cpp/interpolate/interpolate.halide_generated.cpp:10573:18
interpolate,cxx_default_on_emitted_cpp,5eb72c8d,5,6,cxx_add_to_sub,interpolate.halide_generated.cpp,6848,90,generator_specific,0,0,1,,,test2_golden,0,2.955,cxx_add_to_sub:/mnt/scratch1/ardi/dsl_mut/HM-armc/mutation/lowered-cpp/interpolate/interpolate.halide_generated.cpp:6848:90
interpolate,cxx_default_on_emitted_cpp,5eb72c8d,5,6,cxx_mul_to_div,interpolate.halide_generated.cpp,6206,72,generator_specific,-11,1,1,,,test1_demo;test2_golden,0,0.354,cxx_mul_to_div:/mnt/scratch1/ardi/dsl_mut/HM-armc/mutation/lowered-cpp/interpolate/interpolate.halide_generated.cpp:6206:72
interpolate,cxx_default_on_emitted_cpp,5eb72c8d,5,6,cxx_remove_void_call,interpolate.halide_generated.cpp,5057,2,generator_specific,0,0,0,,,,0,3.258,cxx_remove_void_call:/mnt/scratch1/ardi/dsl_mut/HM-armc/mutation/lowered-cpp/interpolate/interpolate.halide_generated.cpp:5057:2
interpolate,cxx_default_on_emitted_cpp,5eb72c8d,5,6,cxx_add_to_sub,interpolate.halide_generated.cpp,5153,27,generator_specific,0,0,0,,,,0,3.391,cxx_add_to_sub:/mnt/scratch1/ardi/dsl_mut/HM-armc/mutation/lowered-cpp/interpolate/interpolate.halide_generated.cpp:5153:27
interpolate,cxx_default_on_emitted_cpp,5eb72c8d,5,6,cxx_sub_to_add,interpolate.halide_generated.cpp,11225,26,generator_specific,-6,1,1,,,test1_demo;test2_golden,0,0.353,cxx_sub_to_add:/mnt/scratch1/ardi/dsl_mut/HM-armc/mutation/lowered-cpp/interpolate/interpolate.halide_generated.cpp:11225:26
interpolate,cxx_default_on_emitted_cpp,5eb72c8d,5,6,cxx_mul_to_div,interpolate.halide_generated.cpp,6400,34,generator_specific,-11,1,1,,,test1_demo;test2_golden,0,0.334,cxx_mul_to_div:/mnt/scratch1/ardi/dsl_mut/HM-armc/mutation/lowered-cpp/interpolate/interpolate.halide_generated.cpp:6400:34
interpolate,cxx_default_on_emitted_cpp,5eb72c8d,5,6,cxx_eq_to_ne,interpolate.halide_generated.cpp,6338,54,generator_specific,0,0,0,,,,0,3.269,cxx_eq_to_ne:/mnt/scratch1/ardi/dsl_mut/HM-armc/mutation/lowered-cpp/interpolate/interpolate.halide_generated.cpp:6338:54
interpolate,cxx_default_on_emitted_cpp,5eb72c8d,5,6,cxx_add_to_sub,interpolate.halide_generated.cpp,7222,60,generator_specific,-11,1,1,,,test1_demo;test2_golden,0,0.388,cxx_add_to_sub:/mnt/scratch1/ardi/dsl_mut/HM-armc/mutation/lowered-cpp/interpolate/interpolate.halide_generated.cpp:7222:60
interpolate,cxx_default_on_emitted_cpp,5eb72c8d,5,6,cxx_add_to_sub,interpolate.halide_generated.cpp,4701,25,generator_specific,0,0,1,,,test2_golden,0,3.087,cxx_add_to_sub:/mnt/scratch1/ardi/dsl_mut/HM-armc/mutation/lowered-cpp/interpolate/interpolate.halide_generated.cpp:4701:25
interpolate,cxx_default_on_emitted_cpp,5eb72c8d,5,6,cxx_gt_to_le,interpolate.halide_generated.cpp,11468,75,generator_specific,-6,1,1,,,test1_demo;test2_golden,0,0.334,cxx_gt_to_le:/mnt/scratch1/ardi/dsl_mut/HM-armc/mutation/lowered-cpp/interpolate/interpolate.halide_generated.cpp:11468:75
interpolate,cxx_default_on_emitted_cpp,5eb72c8d,5,6,cxx_add_to_sub,interpolate.halide_generated.cpp,4214,26,generator_specific,0,0,1,,,test2_golden,0,2.937,cxx_add_to_sub:/mnt/scratch1/ardi/dsl_mut/HM-armc/mutation/lowered-cpp/interpolate/interpolate.halide_generated.cpp:4214:26
interpolate,cxx_default_on_emitted_cpp,5eb72c8d,5,6,cxx_mul_to_div,interpolate.halide_generated.cpp,9468,51,generator_specific,0,0,1,,,test2_golden,0,3.436,cxx_mul_to_div:/mnt/scratch1/ardi/dsl_mut/HM-armc/mutation/lowered-cpp/interpolate/interpolate.halide_generated.cpp:9468:51
interpolate,cxx_default_on_emitted_cpp,5eb72c8d,5,6,cxx_add_to_sub,interpolate.halide_generated.cpp,6999,35,generator_specific,0,0,1,,,test2_golden,0,2.939,cxx_add_to_sub:/mnt/scratch1/ardi/dsl_mut/HM-armc/mutation/lowered-cpp/interpolate/interpolate.halide_generated.cpp:6999:35
interpolate,cxx_default_on_emitted_cpp,5eb72c8d,5,6,cxx_add_to_sub,interpolate.halide_generated.cpp,4255,25,generator_specific,0,0,1,,,test2_golden,0,3.391,cxx_add_to_sub:/mnt/scratch1/ardi/dsl_mut/HM-armc/mutation/lowered-cpp/interpolate/interpolate.halide_generated.cpp:4255:25
interpolate,cxx_default_on_emitted_cpp,5eb72c8d,5,6,cxx_add_to_sub,interpolate.halide_generated.cpp,8116,36,generator_specific,0,0,1,,,test2_golden,0,3.397,cxx_add_to_sub:/mnt/scratch1/ardi/dsl_mut/HM-armc/mutation/lowered-cpp/interpolate/interpolate.halide_generated.cpp:8116:36
interpolate,cxx_default_on_emitted_cpp,5eb72c8d,5,6,cxx_ne_to_eq,interpolate.halide_generated.cpp,6409,35,generator_specific,-6,1,1,,,test1_demo;test2_golden,0,0.333,cxx_ne_to_eq:/mnt/scratch1/ardi/dsl_mut/HM-armc/mutation/lowered-cpp/interpolate/interpolate.halide_generated.cpp:6409:35
interpolate,cxx_default_on_emitted_cpp,5eb72c8d,5,6,cxx_mul_to_div,interpolate.halide_generated.cpp,5473,40,generator_specific,0,0,1,,,test2_golden,0,3.111,cxx_mul_to_div:/mnt/scratch1/ardi/dsl_mut/HM-armc/mutation/lowered-cpp/interpolate/interpolate.halide_generated.cpp:5473:40
interpolate,cxx_default_on_emitted_cpp,5eb72c8d,5,6,cxx_add_to_sub,interpolate.halide_generated.cpp,6701,38,generator_specific,0,0,1,,,test2_golden,0,3.011,cxx_add_to_sub:/mnt/scratch1/ardi/dsl_mut/HM-armc/mutation/lowered-cpp/interpolate/interpolate.halide_generated.cpp:6701:38
interpolate,cxx_default_on_emitted_cpp,5eb72c8d,5,6,cxx_replace_scalar_call,interpolate.halide_generated.cpp,10526,18,generator_specific,0,0,0,,,,0,3.093,cxx_replace_scalar_call:/mnt/scratch1/ardi/dsl_mut/HM-armc/mutation/lowered-cpp/interpolate/interpolate.halide_generated.cpp:10526:18
interpolate,cxx_default_on_emitted_cpp,5eb72c8d,5,6,cxx_add_to_sub,interpolate.halide_generated.cpp,10021,90,generator_specific,0,0,0,,,,0,3.423,cxx_add_to_sub:/mnt/scratch1/ardi/dsl_mut/HM-armc/mutation/lowered-cpp/interpolate/interpolate.halide_generated.cpp:10021:90
interpolate,cxx_default_on_emitted_cpp,5eb72c8d,5,6,cxx_mul_to_div,interpolate.halide_generated.cpp,6310,76,generator_specific,-11,1,1,,,test1_demo;test2_golden,0,0.400,cxx_mul_to_div:/mnt/scratch1/ardi/dsl_mut/HM-armc/mutation/lowered-cpp/interpolate/interpolate.halide_generated.cpp:6310:76
interpolate,cxx_default_on_emitted_cpp,5eb72c8d,5,6,cxx_add_to_sub,interpolate.halide_generated.cpp,8572,49,generator_specific,0,0,0,,,,0,2.854,cxx_add_to_sub:/mnt/scratch1/ardi/dsl_mut/HM-armc/mutation/lowered-cpp/interpolate/interpolate.halide_generated.cpp:8572:49
interpolate,cxx_default_on_emitted_cpp,5eb72c8d,5,6,cxx_add_to_sub,interpolate.halide_generated.cpp,8453,36,generator_specific,0,0,1,,,test2_golden,0,3.693,cxx_add_to_sub:/mnt/scratch1/ardi/dsl_mut/HM-armc/mutation/lowered-cpp/interpolate/interpolate.halide_generated.cpp:8453:36
interpolate,cxx_default_on_emitted_cpp,5eb72c8d,5,6,cxx_add_to_sub,interpolate.halide_generated.cpp,10028,37,generator_specific,0,0,0,,,,0,3.371,cxx_add_to_sub:/mnt/scratch1/ardi/dsl_mut/HM-armc/mutation/lowered-cpp/interpolate/interpolate.halide_generated.cpp:10028:37
interpolate,cxx_default_on_emitted_cpp,5eb72c8d,5,6,cxx_sub_to_add,interpolate.halide_generated.cpp,7369,35,generator_specific,0,0,1,,,test2_golden,0,3.362,cxx_sub_to_add:/mnt/scratch1/ardi/dsl_mut/HM-armc/mutation/lowered-cpp/interpolate/interpolate.halide_generated.cpp:7369:35
interpolate,cxx_default_on_emitted_cpp,5eb72c8d,5,6,cxx_sub_to_add,interpolate.halide_generated.cpp,3683,21,generator_specific,0,0,1,,,test2_golden,0,3.478,cxx_sub_to_add:/mnt/scratch1/ardi/dsl_mut/HM-armc/mutation/lowered-cpp/interpolate/interpolate.halide_generated.cpp:3683:21
interpolate,cxx_default_on_emitted_cpp,5eb72c8d,5,6,cxx_mul_to_div,interpolate.halide_generated.cpp,8873,72,generator_specific,0,0,1,,,test2_golden,0,3.075,cxx_mul_to_div:/mnt/scratch1/ardi/dsl_mut/HM-armc/mutation/lowered-cpp/interpolate/interpolate.halide_generated.cpp:8873:72
interpolate,cxx_default_on_emitted_cpp,5eb72c8d,5,6,cxx_sub_to_add,interpolate.halide_generated.cpp,11608,30,generator_specific,0,0,1,,,test2_golden,0,3.043,cxx_sub_to_add:/mnt/scratch1/ardi/dsl_mut/HM-armc/mutation/lowered-cpp/interpolate/interpolate.halide_generated.cpp:11608:30
interpolate,cxx_default_on_emitted_cpp,5eb72c8d,5,6,cxx_add_to_sub,interpolate.halide_generated.cpp,10198,35,generator_specific,0,0,0,,,,0,3.598,cxx_add_to_sub:/mnt/scratch1/ardi/dsl_mut/HM-armc/mutation/lowered-cpp/interpolate/interpolate.halide_generated.cpp:10198:35
interpolate,cxx_default_on_emitted_cpp,5eb72c8d,5,6,cxx_add_to_sub,interpolate.halide_generated.cpp,11782,31,generator_specific,0,0,0,,,,0,3.499,cxx_add_to_sub:/mnt/scratch1/ardi/dsl_mut/HM-armc/mutation/lowered-cpp/interpolate/interpolate.halide_generated.cpp:11782:31
interpolate,cxx_default_on_emitted_cpp,5eb72c8d,5,6,cxx_lt_to_ge,interpolate.halide_generated.cpp,4840,64,generator_specific,0,0,1,,,test2_golden,0,2.786,cxx_lt_to_ge:/mnt/scratch1/ardi/dsl_mut/HM-armc/mutation/lowered-cpp/interpolate/interpolate.halide_generated.cpp:4840:64
interpolate,cxx_default_on_emitted_cpp,5eb72c8d,5,6,cxx_add_to_sub,interpolate.halide_generated.cpp,10002,35,generator_specific,0,0,0,,,,0,3.136,cxx_add_to_sub:/mnt/scratch1/ardi/dsl_mut/HM-armc/mutation/lowered-cpp/interpolate/interpolate.halide_generated.cpp:10002:35
interpolate,cxx_default_on_emitted_cpp,5eb72c8d,5,6,cxx_sub_to_add,interpolate.halide_generated.cpp,7178,35,generator_specific,-6,1,1,,,test1_demo;test2_golden,0,0.333,cxx_sub_to_add:/mnt/scratch1/ardi/dsl_mut/HM-armc/mutation/lowered-cpp/interpolate/interpolate.halide_generated.cpp:7178:35
interpolate,cxx_default_on_emitted_cpp,5eb72c8d,5,6,cxx_mul_to_div,interpolate.halide_generated.cpp,11354,56,generator_specific,0,0,0,,,,0,3.325,cxx_mul_to_div:/mnt/scratch1/ardi/dsl_mut/HM-armc/mutation/lowered-cpp/interpolate/interpolate.halide_generated.cpp:11354:56
interpolate,cxx_default_on_emitted_cpp,5eb72c8d,5,6,cxx_add_to_sub,interpolate.halide_generated.cpp,5565,26,generator_specific,0,0,0,,,,0,2.985,cxx_add_to_sub:/mnt/scratch1/ardi/dsl_mut/HM-armc/mutation/lowered-cpp/interpolate/interpolate.halide_generated.cpp:5565:26
interpolate,cxx_default_on_emitted_cpp,5eb72c8d,5,6,cxx_mul_to_div,interpolate.halide_generated.cpp,4548,24,generator_specific,0,0,1,,,test2_golden,0,3.221,cxx_mul_to_div:/mnt/scratch1/ardi/dsl_mut/HM-armc/mutation/lowered-cpp/interpolate/interpolate.halide_generated.cpp:4548:24
interpolate,cxx_default_on_emitted_cpp,5eb72c8d,5,6,cxx_post_inc_to_post_dec,interpolate.halide_generated.cpp,9584,127,generator_specific,0,0,1,,,test2_golden,0,3.447,cxx_post_inc_to_post_dec:/mnt/scratch1/ardi/dsl_mut/HM-armc/mutation/lowered-cpp/interpolate/interpolate.halide_generated.cpp:9584:127
interpolate,cxx_default_on_emitted_cpp,5eb72c8d,5,6,cxx_sub_to_add,interpolate.halide_generated.cpp,9245,36,generator_specific,0,0,0,,,,0,2.934,cxx_sub_to_add:/mnt/scratch1/ardi/dsl_mut/HM-armc/mutation/lowered-cpp/interpolate/interpolate.halide_generated.cpp:9245:36
interpolate,cxx_default_on_emitted_cpp,5eb72c8d,5,6,cxx_gt_to_le,interpolate.halide_generated.cpp,3358,25,boilerplate,0,0,1,,,test2_golden,0,3.067,cxx_gt_to_le:/mnt/scratch1/ardi/dsl_mut/HM-armc/mutation/lowered-cpp/interpolate/interpolate.halide_generated.cpp:3358:25
interpolate,cxx_default_on_emitted_cpp,5eb72c8d,5,6,cxx_add_to_sub,interpolate.halide_generated.cpp,8974,30,generator_specific,0,0,0,,,,0,3.055,cxx_add_to_sub:/mnt/scratch1/ardi/dsl_mut/HM-armc/mutation/lowered-cpp/interpolate/interpolate.halide_generated.cpp:8974:30
interpolate,cxx_default_on_emitted_cpp,5eb72c8d,5,6,cxx_add_to_sub,interpolate.halide_generated.cpp,9744,38,generator_specific,0,0,0,,,,0,3.146,cxx_add_to_sub:/mnt/scratch1/ardi/dsl_mut/HM-armc/mutation/lowered-cpp/interpolate/interpolate.halide_generated.cpp:9744:38
interpolate,cxx_default_on_emitted_cpp,5eb72c8d,5,6,cxx_add_to_sub,interpolate.halide_generated.cpp,5756,26,generator_specific,0,0,1,,,test2_golden,0,3.513,cxx_add_to_sub:/mnt/scratch1/ardi/dsl_mut/HM-armc/mutation/lowered-cpp/interpolate/interpolate.halide_generated.cpp:5756:26
interpolate,cxx_default_on_emitted_cpp,5eb72c8d,5,6,cxx_gt_to_ge,interpolate.halide_generated.cpp,11945,34,generator_specific,0,0,0,,,,0,3.342,cxx_gt_to_ge:/mnt/scratch1/ardi/dsl_mut/HM-armc/mutation/lowered-cpp/interpolate/interpolate.halide_generated.cpp:11945:34
interpolate,cxx_default_on_emitted_cpp,5eb72c8d,5,6,cxx_add_to_sub,interpolate.halide_generated.cpp,6768,79,generator_specific,0,0,1,,,test2_golden,0,3.328,cxx_add_to_sub:/mnt/scratch1/ardi/dsl_mut/HM-armc/mutation/lowered-cpp/interpolate/interpolate.halide_generated.cpp:6768:79
interpolate,cxx_default_on_emitted_cpp,5eb72c8d,5,6,cxx_replace_scalar_call,interpolate.halide_generated.cpp,10439,15,generator_specific,0,0,0,,,,0,3.315,cxx_replace_scalar_call:/mnt/scratch1/ardi/dsl_mut/HM-armc/mutation/lowered-cpp/interpolate/interpolate.halide_generated.cpp:10439:15
interpolate,cxx_default_on_emitted_cpp,5eb72c8d,5,6,cxx_add_to_sub,interpolate.halide_generated.cpp,10794,26,generator_specific,0,0,0,,,,0,3.465,cxx_add_to_sub:/mnt/scratch1/ardi/dsl_mut/HM-armc/mutation/lowered-cpp/interpolate/interpolate.halide_generated.cpp:10794:26
interpolate,cxx_default_on_emitted_cpp,5eb72c8d,5,6,cxx_mul_to_div,interpolate.halide_generated.cpp,8238,35,generator_specific,0,0,0,,,,0,3.170,cxx_mul_to_div:/mnt/scratch1/ardi/dsl_mut/HM-armc/mutation/lowered-cpp/interpolate/interpolate.halide_generated.cpp:8238:35
interpolate,cxx_default_on_emitted_cpp,5eb72c8d,5,6,cxx_mul_to_div,interpolate.halide_generated.cpp,9204,37,generator_specific,0,0,0,,,,0,3.079,cxx_mul_to_div:/mnt/scratch1/ardi/dsl_mut/HM-armc/mutation/lowered-cpp/interpolate/interpolate.halide_generated.cpp:9204:37
interpolate,cxx_default_on_emitted_cpp,5eb72c8d,5,6,cxx_add_to_sub,interpolate.halide_generated.cpp,3871,26,generator_specific,0,0,1,,,test2_golden,0,3.046,cxx_add_to_sub:/mnt/scratch1/ardi/dsl_mut/HM-armc/mutation/lowered-cpp/interpolate/interpolate.halide_generated.cpp:3871:26
interpolate,cxx_default_on_emitted_cpp,5eb72c8d,5,6,cxx_replace_scalar_call,interpolate.halide_generated.cpp,3669,18,generator_specific,0,0,0,,,,0,3.162,cxx_replace_scalar_call:/mnt/scratch1/ardi/dsl_mut/HM-armc/mutation/lowered-cpp/interpolate/interpolate.halide_generated.cpp:3669:18
interpolate,cxx_default_on_emitted_cpp,5eb72c8d,5,6,cxx_add_to_sub,interpolate.halide_generated.cpp,5654,25,generator_specific,0,0,1,,,test2_golden,0,3.498,cxx_add_to_sub:/mnt/scratch1/ardi/dsl_mut/HM-armc/mutation/lowered-cpp/interpolate/interpolate.halide_generated.cpp:5654:25
interpolate,cxx_default_on_emitted_cpp,5eb72c8d,5,6,cxx_mul_to_div,interpolate.halide_generated.cpp,6933,37,generator_specific,0,0,0,,,,0,3.379,cxx_mul_to_div:/mnt/scratch1/ardi/dsl_mut/HM-armc/mutation/lowered-cpp/interpolate/interpolate.halide_generated.cpp:6933:37
interpolate,cxx_default_on_emitted_cpp,5eb72c8d,5,6,cxx_sub_to_add,interpolate.halide_generated.cpp,6668,36,generator_specific,0,0,1,,,test2_golden,0,3.376,cxx_sub_to_add:/mnt/scratch1/ardi/dsl_mut/HM-armc/mutation/lowered-cpp/interpolate/interpolate.halide_generated.cpp:6668:36
interpolate,cxx_default_on_emitted_cpp,5eb72c8d,5,6,cxx_add_to_sub,interpolate.halide_generated.cpp,8125,36,generator_specific,0,0,0,,,,0,3.220,cxx_add_to_sub:/mnt/scratch1/ardi/dsl_mut/HM-armc/mutation/lowered-cpp/interpolate/interpolate.halide_generated.cpp:8125:36
interpolate,cxx_default_on_emitted_cpp,5eb72c8d,5,6,cxx_post_inc_to_post_dec,interpolate.halide_generated.cpp,9146,127,generator_specific,0,0,0,,,,0,3.177,cxx_post_inc_to_post_dec:/mnt/scratch1/ardi/dsl_mut/HM-armc/mutation/lowered-cpp/interpolate/interpolate.halide_generated.cpp:9146:127
interpolate,cxx_default_on_emitted_cpp,5eb72c8d,5,6,cxx_add_to_sub,interpolate.halide_generated.cpp,12204,33,generator_specific,0,0,1,,,test2_golden,0,3.932,cxx_add_to_sub:/mnt/scratch1/ardi/dsl_mut/HM-armc/mutation/lowered-cpp/interpolate/interpolate.halide_generated.cpp:12204:33
interpolate,cxx_default_on_emitted_cpp,5eb72c8d,5,6,cxx_sub_to_add,interpolate.halide_generated.cpp,12136,33,generator_specific,0,0,0,,,,0,3.581,cxx_sub_to_add:/mnt/scratch1/ardi/dsl_mut/HM-armc/mutation/lowered-cpp/interpolate/interpolate.halide_generated.cpp:12136:33
interpolate,cxx_default_on_emitted_cpp,5eb72c8d,5,6,cxx_add_to_sub,interpolate.halide_generated.cpp,10166,36,generator_specific,0,0,0,,,,0,3.182,cxx_add_to_sub:/mnt/scratch1/ardi/dsl_mut/HM-armc/mutation/lowered-cpp/interpolate/interpolate.halide_generated.cpp:10166:36
interpolate,cxx_default_on_emitted_cpp,5eb72c8d,5,6,cxx_div_to_mul,interpolate.halide_generated.cpp,8414,35,generator_specific,0,0,1,,,test2_golden,0,2.892,cxx_div_to_mul:/mnt/scratch1/ardi/dsl_mut/HM-armc/mutation/lowered-cpp/interpolate/interpolate.halide_generated.cpp:8414:35
interpolate,cxx_default_on_emitted_cpp,5eb72c8d,5,6,cxx_le_to_gt,interpolate.halide_generated.cpp,4245,18,generator_specific,-11,1,1,,,test1_demo;test2_golden,0,0.267,cxx_le_to_gt:/mnt/scratch1/ardi/dsl_mut/HM-armc/mutation/lowered-cpp/interpolate/interpolate.halide_generated.cpp:4245:18
interpolate,cxx_default_on_emitted_cpp,5eb72c8d,5,6,cxx_add_to_sub,interpolate.halide_generated.cpp,8559,35,generator_specific,0,0,0,,,,0,2.868,cxx_add_to_sub:/mnt/scratch1/ardi/dsl_mut/HM-armc/mutation/lowered-cpp/interpolate/interpolate.halide_generated.cpp:8559:35
interpolate,cxx_default_on_emitted_cpp,5eb72c8d,5,6,cxx_lt_to_ge,interpolate.halide_generated.cpp,9997,28,generator_specific,0,0,0,,,,0,3.327,cxx_lt_to_ge:/mnt/scratch1/ardi/dsl_mut/HM-armc/mutation/lowered-cpp/interpolate/interpolate.halide_generated.cpp:9997:28
interpolate,cxx_default_on_emitted_cpp,5eb72c8d,5,6,cxx_add_to_sub,interpolate.halide_generated.cpp,7427,38,generator_specific,0,0,1,,,test2_golden,0,3.414,cxx_add_to_sub:/mnt/scratch1/ardi/dsl_mut/HM-armc/mutation/lowered-cpp/interpolate/interpolate.halide_generated.cpp:7427:38
interpolate,cxx_default_on_emitted_cpp,5eb72c8d,5,6,cxx_mul_to_div,interpolate.halide_generated.cpp,10512,24,generator_specific,0,0,0,,,,0,3.489,cxx_mul_to_div:/mnt/scratch1/ardi/dsl_mut/HM-armc/mutation/lowered-cpp/interpolate/interpolate.halide_generated.cpp:10512:24
interpolate,cxx_default_on_emitted_cpp,5eb72c8d,5,6,cxx_add_to_sub,interpolate.halide_generated.cpp,7193,36,generator_specific,-11,1,1,,,test1_demo;test2_golden,0,0.374,cxx_add_to_sub:/mnt/scratch1/ardi/dsl_mut/HM-armc/mutation/lowered-cpp/interpolate/interpolate.halide_generated.cpp:7193:36
interpolate,cxx_default_on_emitted_cpp,5eb72c8d,5,6,cxx_add_to_sub,interpolate.halide_generated.cpp,9374,60,generator_specific,0,0,0,,,,0,3.662,cxx_add_to_sub:/mnt/scratch1/ardi/dsl_mut/HM-armc/mutation/lowered-cpp/interpolate/interpolate.halide_generated.cpp:9374:60
interpolate,cxx_default_on_emitted_cpp,5eb72c8d,5,6,cxx_add_to_sub,interpolate.halide_generated.cpp,5159,27,generator_specific,0,0,1,,,test2_golden,0,3.650,cxx_add_to_sub:/mnt/scratch1/ardi/dsl_mut/HM-armc/mutation/lowered-cpp/interpolate/interpolate.halide_generated.cpp:5159:27
interpolate,cxx_default_on_emitted_cpp,5eb72c8d,5,6,cxx_post_inc_to_post_dec,interpolate.halide_generated.cpp,3844,173,generator_specific,-11,1,1,,,test1_demo;test2_golden,0,0.416,cxx_post_inc_to_post_dec:/mnt/scratch1/ardi/dsl_mut/HM-armc/mutation/lowered-cpp/interpolate/interpolate.halide_generated.cpp:3844:173
interpolate,cxx_default_on_emitted_cpp,5eb72c8d,5,6,cxx_add_to_sub,interpolate.halide_generated.cpp,5136,26,generator_specific,0,0,1,,,test2_golden,0,3.807,cxx_add_to_sub:/mnt/scratch1/ardi/dsl_mut/HM-armc/mutation/lowered-cpp/interpolate/interpolate.halide_generated.cpp:5136:26
interpolate,cxx_default_on_emitted_cpp,5eb72c8d,5,6,cxx_add_to_sub,interpolate.halide_generated.cpp,6574,38,generator_specific,0,0,0,,,,0,3.115,cxx_add_to_sub:/mnt/scratch1/ardi/dsl_mut/HM-armc/mutation/lowered-cpp/interpolate/interpolate.halide_generated.cpp:6574:38
interpolate,cxx_default_on_emitted_cpp,5eb72c8d,5,6,cxx_add_to_sub,interpolate.halide_generated.cpp,5500,27,generator_specific,0,0,1,,,test2_golden,0,3.546,cxx_add_to_sub:/mnt/scratch1/ardi/dsl_mut/HM-armc/mutation/lowered-cpp/interpolate/interpolate.halide_generated.cpp:5500:27
interpolate,cxx_default_on_emitted_cpp,5eb72c8d,5,6,cxx_sub_to_add,interpolate.halide_generated.cpp,12299,33,generator_specific,0,0,0,,,,0,3.319,cxx_sub_to_add:/mnt/scratch1/ardi/dsl_mut/HM-armc/mutation/lowered-cpp/interpolate/interpolate.halide_generated.cpp:12299:33
interpolate,cxx_default_on_emitted_cpp,5eb72c8d,5,6,cxx_gt_to_ge,interpolate.halide_generated.cpp,8925,29,generator_specific,0,0,1,,,test2_golden,0,3.301,cxx_gt_to_ge:/mnt/scratch1/ardi/dsl_mut/HM-armc/mutation/lowered-cpp/interpolate/interpolate.halide_generated.cpp:8925:29
interpolate,cxx_default_on_emitted_cpp,5eb72c8d,5,6,cxx_replace_scalar_call,interpolate.halide_generated.cpp,4838,17,generator_specific,0,0,1,,,test2_golden,0,2.659,cxx_replace_scalar_call:/mnt/scratch1/ardi/dsl_mut/HM-armc/mutation/lowered-cpp/interpolate/interpolate.halide_generated.cpp:4838:17
interpolate,cxx_default_on_emitted_cpp,5eb72c8d,5,6,cxx_add_to_sub,interpolate.halide_generated.cpp,10183,35,generator_specific,0,0,0,,,,0,3.361,cxx_add_to_sub:/mnt/scratch1/ardi/dsl_mut/HM-armc/mutation/lowered-cpp/interpolate/interpolate.halide_generated.cpp:10183:35
interpolate,cxx_default_on_emitted_cpp,5eb72c8d,5,6,cxx_remove_void_call,interpolate.halide_generated.cpp,3626,2,generator_specific,0,0,1,,,test2_golden,0,3.499,cxx_remove_void_call:/mnt/scratch1/ardi/dsl_mut/HM-armc/mutation/lowered-cpp/interpolate/interpolate.halide_generated.cpp:3626:2
interpolate,cxx_default_on_emitted_cpp,5eb72c8d,5,6,cxx_ne_to_eq,interpolate.halide_generated.cpp,11590,30,generator_specific,-6,1,1,,,test1_demo;test2_golden,0,0.378,cxx_ne_to_eq:/mnt/scratch1/ardi/dsl_mut/HM-armc/mutation/lowered-cpp/interpolate/interpolate.halide_generated.cpp:11590:30
interpolate,cxx_default_on_emitted_cpp,5eb72c8d,5,6,cxx_add_to_sub,interpolate.halide_generated.cpp,5669,27,generator_specific,0,0,1,,,test2_golden,0,2.901,cxx_add_to_sub:/mnt/scratch1/ardi/dsl_mut/HM-armc/mutation/lowered-cpp/interpolate/interpolate.halide_generated.cpp:5669:27
interpolate,cxx_default_on_emitted_cpp,5eb72c8d,5,6,cxx_mul_to_div,interpolate.halide_generated.cpp,6519,37,generator_specific,0,0,0,,,,0,3.444,cxx_mul_to_div:/mnt/scratch1/ardi/dsl_mut/HM-armc/mutation/lowered-cpp/interpolate/interpolate.halide_generated.cpp:6519:37
interpolate,cxx_default_on_emitted_cpp,5eb72c8d,5,6,cxx_add_to_sub,interpolate.halide_generated.cpp,4700,24,generator_specific,0,0,1,,,test2_golden,0,3.327,cxx_add_to_sub:/mnt/scratch1/ardi/dsl_mut/HM-armc/mutation/lowered-cpp/interpolate/interpolate.halide_generated.cpp:4700:24
interpolate,cxx_default_on_emitted_cpp,5eb72c8d,5,6,cxx_lt_to_le,interpolate.halide_generated.cpp,7484,75,generator_specific,0,0,0,,,,0,3.485,cxx_lt_to_le:/mnt/scratch1/ardi/dsl_mut/HM-armc/mutation/lowered-cpp/interpolate/interpolate.halide_generated.cpp:7484:75
interpolate,cxx_default_on_emitted_cpp,5eb72c8d,5,6,cxx_mul_to_div,interpolate.halide_generated.cpp,7415,55,generator_specific,0,0,1,,,test2_golden,0,3.723,cxx_mul_to_div:/mnt/scratch1/ardi/dsl_mut/HM-armc/mutation/lowered-cpp/interpolate/interpolate.halide_generated.cpp:7415:55
interpolate,cxx_default_on_emitted_cpp,5eb72c8d,5,6,cxx_le_to_lt,interpolate.halide_generated.cpp,10954,22,generator_specific,0,0,0,,,,0,3.449,cxx_le_to_lt:/mnt/scratch1/ardi/dsl_mut/HM-armc/mutation/lowered-cpp/interpolate/interpolate.halide_generated.cpp:10954:22
interpolate,cxx_default_on_emitted_cpp,5eb72c8d,5,6,cxx_mul_to_div,interpolate.halide_generated.cpp,4557,24,generator_specific,0,0,0,,,,0,3.242,cxx_mul_to_div:/mnt/scratch1/ardi/dsl_mut/HM-armc/mutation/lowered-cpp/interpolate/interpolate.halide_generated.cpp:4557:24
interpolate,cxx_default_on_emitted_cpp,5eb72c8d,5,6,cxx_add_to_sub,interpolate.halide_generated.cpp,6437,34,generator_specific,0,0,0,,,,0,2.873,cxx_add_to_sub:/mnt/scratch1/ardi/dsl_mut/HM-armc/mutation/lowered-cpp/interpolate/interpolate.halide_generated.cpp:6437:34
interpolate,cxx_default_on_emitted_cpp,5eb72c8d,5,6,cxx_add_to_sub,interpolate.halide_generated.cpp,12107,33,generator_specific,0,0,1,,,test2_golden,0,3.065,cxx_add_to_sub:/mnt/scratch1/ardi/dsl_mut/HM-armc/mutation/lowered-cpp/interpolate/interpolate.halide_generated.cpp:12107:33
interpolate,cxx_default_on_emitted_cpp,5eb72c8d,5,6,cxx_mul_to_div,interpolate.halide_generated.cpp,6573,37,generator_specific,0,0,0,,,,0,2.872,cxx_mul_to_div:/mnt/scratch1/ardi/dsl_mut/HM-armc/mutation/lowered-cpp/interpolate/interpolate.halide_generated.cpp:6573:37
interpolate,cxx_default_on_emitted_cpp,5eb72c8d,5,6,cxx_add_to_sub,interpolate.halide_generated.cpp,10552,24,generator_specific,-6,1,1,,,test1_demo;test2_golden,0,0.288,cxx_add_to_sub:/mnt/scratch1/ardi/dsl_mut/HM-armc/mutation/lowered-cpp/interpolate/interpolate.halide_generated.cpp:10552:24
interpolate,cxx_default_on_emitted_cpp,5eb72c8d,5,6,cxx_sub_to_add,interpolate.halide_generated.cpp,6468,34,generator_specific,-11,1,1,,,test1_demo;test2_golden,0,0.354,cxx_sub_to_add:/mnt/scratch1/ardi/dsl_mut/HM-armc/mutation/lowered-cpp/interpolate/interpolate.halide_generated.cpp:6468:34
interpolate,cxx_default_on_emitted_cpp,5eb72c8d,5,6,cxx_mul_to_div,interpolate.halide_generated.cpp,4941,25,generator_specific,-8,1,1,,,test1_demo;test2_golden,0,0.360,cxx_mul_to_div:/mnt/scratch1/ardi/dsl_mut/HM-armc/mutation/lowered-cpp/interpolate/interpolate.halide_generated.cpp:4941:25
interpolate,cxx_default_on_emitted_cpp,5eb72c8d,5,6,cxx_sub_to_add,interpolate.halide_generated.cpp,6869,37,generator_specific,-11,1,1,,,test1_demo;test2_golden,0,0.382,cxx_sub_to_add:/mnt/scratch1/ardi/dsl_mut/HM-armc/mutation/lowered-cpp/interpolate/interpolate.halide_generated.cpp:6869:37
interpolate,cxx_default_on_emitted_cpp,5eb72c8d,5,6,cxx_add_to_sub,interpolate.halide_generated.cpp,5650,43,generator_specific,0,0,1,,,test2_golden,0,3.345,cxx_add_to_sub:/mnt/scratch1/ardi/dsl_mut/HM-armc/mutation/lowered-cpp/interpolate/interpolate.halide_generated.cpp:5650:43
interpolate,cxx_default_on_emitted_cpp,5eb72c8d,5,6,cxx_add_to_sub,interpolate.halide_generated.cpp,9257,37,generator_specific,0,0,0,,,,0,3.457,cxx_add_to_sub:/mnt/scratch1/ardi/dsl_mut/HM-armc/mutation/lowered-cpp/interpolate/interpolate.halide_generated.cpp:9257:37
interpolate,cxx_default_on_emitted_cpp,5eb72c8d,5,6,cxx_lt_to_le,interpolate.halide_generated.cpp,7305,75,generator_specific,0,0,0,,,,0,2.963,cxx_lt_to_le:/mnt/scratch1/ardi/dsl_mut/HM-armc/mutation/lowered-cpp/interpolate/interpolate.halide_generated.cpp:7305:75
interpolate,cxx_default_on_emitted_cpp,5eb72c8d,5,6,cxx_add_to_sub,interpolate.halide_generated.cpp,6485,35,generator_specific,-6,1,1,,,test1_demo;test2_golden,0,0.321,cxx_add_to_sub:/mnt/scratch1/ardi/dsl_mut/HM-armc/mutation/lowered-cpp/interpolate/interpolate.halide_generated.cpp:6485:35
interpolate,cxx_default_on_emitted_cpp,5eb72c8d,5,6,cxx_add_to_sub,interpolate.halide_generated.cpp,9497,79,generator_specific,0,0,1,,,test2_golden,0,3.498,cxx_add_to_sub:/mnt/scratch1/ardi/dsl_mut/HM-armc/mutation/lowered-cpp/interpolate/interpolate.halide_generated.cpp:9497:79
interpolate,cxx_default_on_emitted_cpp,5eb72c8d,5,6,cxx_add_to_sub,interpolate.halide_generated.cpp,7953,38,generator_specific,-11,1,1,,,test1_demo;test2_golden,0,0.289,cxx_add_to_sub:/mnt/scratch1/ardi/dsl_mut/HM-armc/mutation/lowered-cpp/interpolate/interpolate.halide_generated.cpp:7953:38
interpolate,cxx_default_on_emitted_cpp,5eb72c8d,5,6,cxx_add_to_sub,interpolate.halide_generated.cpp,6852,60,generator_specific,0,0,1,,,test2_golden,0,2.813,cxx_add_to_sub:/mnt/scratch1/ardi/dsl_mut/HM-armc/mutation/lowered-cpp/interpolate/interpolate.halide_generated.cpp:6852:60
interpolate,cxx_default_on_emitted_cpp,5eb72c8d,5,6,cxx_add_to_sub,interpolate.halide_generated.cpp,9369,37,generator_specific,0,0,0,,,,0,2.899,cxx_add_to_sub:/mnt/scratch1/ardi/dsl_mut/HM-armc/mutation/lowered-cpp/interpolate/interpolate.halide_generated.cpp:9369:37
interpolate,cxx_default_on_emitted_cpp,5eb72c8d,5,6,cxx_mul_to_div,interpolate.halide_generated.cpp,9183,37,generator_specific,0,0,0,,,,0,3.413,cxx_mul_to_div:/mnt/scratch1/ardi/dsl_mut/HM-armc/mutation/lowered-cpp/interpolate/interpolate.halide_generated.cpp:9183:37
interpolate,cxx_default_on_emitted_cpp,5eb72c8d,5,6,cxx_lt_to_le,interpolate.halide_generated.cpp,6632,28,generator_specific,0,0,0,,,,0,3.154,cxx_lt_to_le:/mnt/scratch1/ardi/dsl_mut/HM-armc/mutation/lowered-cpp/interpolate/interpolate.halide_generated.cpp:6632:28
interpolate,cxx_default_on_emitted_cpp,5eb72c8d,5,6,cxx_mul_to_div,interpolate.halide_generated.cpp,9241,36,generator_specific,0,0,1,,,test2_golden,0,3.188,cxx_mul_to_div:/mnt/scratch1/ardi/dsl_mut/HM-armc/mutation/lowered-cpp/interpolate/interpolate.halide_generated.cpp:9241:36
interpolate,cxx_default_on_emitted_cpp,5eb72c8d,5,6,cxx_mul_to_div,interpolate.halide_generated.cpp,5289,43,generator_specific,0,0,1,,,test2_golden,0,2.917,cxx_mul_to_div:/mnt/scratch1/ardi/dsl_mut/HM-armc/mutation/lowered-cpp/interpolate/interpolate.halide_generated.cpp:5289:43
interpolate,cxx_default_on_emitted_cpp,5eb72c8d,5,6,cxx_add_to_sub,interpolate.halide_generated.cpp,3736,107,generator_specific,0,0,1,,,test2_golden,0,3.095,cxx_add_to_sub:/mnt/scratch1/ardi/dsl_mut/HM-armc/mutation/lowered-cpp/interpolate/interpolate.halide_generated.cpp:3736:107
interpolate,cxx_default_on_emitted_cpp,5eb72c8d,5,6,cxx_mul_to_div,interpolate.halide_generated.cpp,9598,37,generator_specific,0,0,0,,,,0,3.530,cxx_mul_to_div:/mnt/scratch1/ardi/dsl_mut/HM-armc/mutation/lowered-cpp/interpolate/interpolate.halide_generated.cpp:9598:37
interpolate,cxx_default_on_emitted_cpp,5eb72c8d,5,6,cxx_mul_to_div,interpolate.halide_generated.cpp,11814,60,generator_specific,0,0,0,,,,0,3.278,cxx_mul_to_div:/mnt/scratch1/ardi/dsl_mut/HM-armc/mutation/lowered-cpp/interpolate/interpolate.halide_generated.cpp:11814:60
interpolate,cxx_default_on_emitted_cpp,5eb72c8d,5,6,cxx_sub_to_add,interpolate.halide_generated.cpp,10563,24,generator_specific,0,0,1,,,test2_golden,0,3.176,cxx_sub_to_add:/mnt/scratch1/ardi/dsl_mut/HM-armc/mutation/lowered-cpp/interpolate/interpolate.halide_generated.cpp:10563:24
interpolate,cxx_default_on_emitted_cpp,5eb72c8d,5,6,cxx_replace_scalar_call,interpolate.halide_generated.cpp,11050,19,generator_specific,0,0,1,,,test2_golden,0,3.458,cxx_replace_scalar_call:/mnt/scratch1/ardi/dsl_mut/HM-armc/mutation/lowered-cpp/interpolate/interpolate.halide_generated.cpp:11050:19
interpolate,cxx_default_on_emitted_cpp,5eb72c8d,5,6,cxx_mul_to_div,interpolate.halide_generated.cpp,9189,37,generator_specific,0,0,0,,,,0,3.501,cxx_mul_to_div:/mnt/scratch1/ardi/dsl_mut/HM-armc/mutation/lowered-cpp/interpolate/interpolate.halide_generated.cpp:9189:37
interpolate,cxx_default_on_emitted_cpp,5eb72c8d,5,6,cxx_add_to_sub,interpolate.halide_generated.cpp,6614,37,generator_specific,0,0,1,,,test2_golden,0,3.319,cxx_add_to_sub:/mnt/scratch1/ardi/dsl_mut/HM-armc/mutation/lowered-cpp/interpolate/interpolate.halide_generated.cpp:6614:37
interpolate,cxx_default_on_emitted_cpp,5eb72c8d,5,6,cxx_add_to_sub,interpolate.halide_generated.cpp,6949,38,generator_specific,0,0,0,,,,0,3.089,cxx_add_to_sub:/mnt/scratch1/ardi/dsl_mut/HM-armc/mutation/lowered-cpp/interpolate/interpolate.halide_generated.cpp:6949:38
interpolate,cxx_default_on_emitted_cpp,5eb72c8d,5,6,cxx_mul_to_div,interpolate.halide_generated.cpp,10372,35,generator_specific,0,0,0,,,,0,3.113,cxx_mul_to_div:/mnt/scratch1/ardi/dsl_mut/HM-armc/mutation/lowered-cpp/interpolate/interpolate.halide_generated.cpp:10372:35
interpolate,cxx_default_on_emitted_cpp,5eb72c8d,5,6,cxx_add_to_sub,interpolate.halide_generated.cpp,11456,28,generator_specific,0,0,1,,,test2_golden,0,3.512,cxx_add_to_sub:/mnt/scratch1/ardi/dsl_mut/HM-armc/mutation/lowered-cpp/interpolate/interpolate.halide_generated.cpp:11456:28
interpolate,cxx_default_on_emitted_cpp,5eb72c8d,5,6,cxx_add_to_sub,interpolate.halide_generated.cpp,6687,60,generator_specific,0,0,0,,,,0,3.098,cxx_add_to_sub:/mnt/scratch1/ardi/dsl_mut/HM-armc/mutation/lowered-cpp/interpolate/interpolate.halide_generated.cpp:6687:60
interpolate,cxx_default_on_emitted_cpp,5eb72c8d,5,6,cxx_add_to_sub,interpolate.halide_generated.cpp,3970,26,generator_specific,-11,1,1,,,test1_demo;test2_golden,0,0.253,cxx_add_to_sub:/mnt/scratch1/ardi/dsl_mut/HM-armc/mutation/lowered-cpp/interpolate/interpolate.halide_generated.cpp:3970:26
interpolate,cxx_default_on_emitted_cpp,5eb72c8d,5,6,cxx_add_to_sub,interpolate.halide_generated.cpp,11332,27,generator_specific,0,0,0,,,,0,2.998,cxx_add_to_sub:/mnt/scratch1/ardi/dsl_mut/HM-armc/mutation/lowered-cpp/interpolate/interpolate.halide_generated.cpp:11332:27
interpolate,cxx_default_on_emitted_cpp,5eb72c8d,5,6,cxx_gt_to_le,interpolate.halide_generated.cpp,8997,32,generator_specific,0,0,0,,,,0,3.447,cxx_gt_to_le:/mnt/scratch1/ardi/dsl_mut/HM-armc/mutation/lowered-cpp/interpolate/interpolate.halide_generated.cpp:8997:32
interpolate,cxx_default_on_emitted_cpp,5eb72c8d,5,6,cxx_replace_scalar_call,interpolate.halide_generated.cpp,1830,16,boilerplate,0,0,0,,,,0,2.948,cxx_replace_scalar_call:/mnt/scratch1/ardi/dsl_mut/HM-armc/mutation/lowered-cpp/interpolate/interpolate.halide_generated.cpp:1830:16
interpolate,cxx_default_on_emitted_cpp,5eb72c8d,5,6,cxx_add_to_sub,interpolate.halide_generated.cpp,12163,33,generator_specific,0,0,0,,,,0,3.428,cxx_add_to_sub:/mnt/scratch1/ardi/dsl_mut/HM-armc/mutation/lowered-cpp/interpolate/interpolate.halide_generated.cpp:12163:33
interpolate,cxx_default_on_emitted_cpp,5eb72c8d,5,6,cxx_replace_scalar_call,interpolate.halide_generated.cpp,10592,15,generator_specific,0,0,1,,,test2_golden,0,3.648,cxx_replace_scalar_call:/mnt/scratch1/ardi/dsl_mut/HM-armc/mutation/lowered-cpp/interpolate/interpolate.halide_generated.cpp:10592:15
interpolate,cxx_default_on_emitted_cpp,5eb72c8d,5,6,cxx_add_to_sub,interpolate.halide_generated.cpp,8008,38,generator_specific,-11,1,1,,,test1_demo;test2_golden,0,0.365,cxx_add_to_sub:/mnt/scratch1/ardi/dsl_mut/HM-armc/mutation/lowered-cpp/interpolate/interpolate.halide_generated.cpp:8008:38
interpolate,cxx_default_on_emitted_cpp,5eb72c8d,5,6,cxx_gt_to_le,interpolate.halide_generated.cpp,6310,31,generator_specific,-11,1,1,,,test1_demo;test2_golden,0,0.323,cxx_gt_to_le:/mnt/scratch1/ardi/dsl_mut/HM-armc/mutation/lowered-cpp/interpolate/interpolate.halide_generated.cpp:6310:31
interpolate,cxx_default_on_emitted_cpp,5eb72c8d,5,6,cxx_add_to_sub,interpolate.halide_generated.cpp,3712,22,generator_specific,0,0,0,,,,0,3.688,cxx_add_to_sub:/mnt/scratch1/ardi/dsl_mut/HM-armc/mutation/lowered-cpp/interpolate/interpolate.halide_generated.cpp:3712:22
interpolate,cxx_default_on_emitted_cpp,5eb72c8d,5,6,cxx_add_to_sub,interpolate.halide_generated.cpp,10369,35,generator_specific,0,0,0,,,,0,3.615,cxx_add_to_sub:/mnt/scratch1/ardi/dsl_mut/HM-armc/mutation/lowered-cpp/interpolate/interpolate.halide_generated.cpp:10369:35
interpolate,cxx_default_on_emitted_cpp,5eb72c8d,5,6,cxx_replace_scalar_call,interpolate.halide_generated.cpp,5327,19,generator_specific,0,0,1,,,test2_golden,0,2.939,cxx_replace_scalar_call:/mnt/scratch1/ardi/dsl_mut/HM-armc/mutation/lowered-cpp/interpolate/interpolate.halide_generated.cpp:5327:19
interpolate,cxx_default_on_emitted_cpp,5eb72c8d,5,6,cxx_add_to_sub,interpolate.halide_generated.cpp,4708,24,generator_specific,0,0,1,,,test2_golden,0,3.075,cxx_add_to_sub:/mnt/scratch1/ardi/dsl_mut/HM-armc/mutation/lowered-cpp/interpolate/interpolate.halide_generated.cpp:4708:24
interpolate,cxx_default_on_emitted_cpp,5eb72c8d,5,6,cxx_add_to_sub,interpolate.halide_generated.cpp,4880,25,generator_specific,0,0,1,,,test2_golden,0,3.602,cxx_add_to_sub:/mnt/scratch1/ardi/dsl_mut/HM-armc/mutation/lowered-cpp/interpolate/interpolate.halide_generated.cpp:4880:25
interpolate,cxx_default_on_emitted_cpp,5eb72c8d,5,6,cxx_mul_to_div,interpolate.halide_generated.cpp,9817,37,generator_specific,0,0,0,,,,0,3.029,cxx_mul_to_div:/mnt/scratch1/ardi/dsl_mut/HM-armc/mutation/lowered-cpp/interpolate/interpolate.halide_generated.cpp:9817:37
interpolate,cxx_default_on_emitted_cpp,5eb72c8d,5,6,cxx_mul_to_div,interpolate.halide_generated.cpp,9805,36,generator_specific,0,0,1,,,test2_golden,0,2.926,cxx_mul_to_div:/mnt/scratch1/ardi/dsl_mut/HM-armc/mutation/lowered-cpp/interpolate/interpolate.halide_generated.cpp:9805:36
interpolate,cxx_default_on_emitted_cpp,5eb72c8d,5,6,cxx_add_to_sub,interpolate.halide_generated.cpp,7350,35,generator_specific,-6,1,1,,,test1_demo;test2_golden,0,0.383,cxx_add_to_sub:/mnt/scratch1/ardi/dsl_mut/HM-armc/mutation/lowered-cpp/interpolate/interpolate.halide_generated.cpp:7350:35
interpolate,cxx_default_on_emitted_cpp,5eb72c8d,5,6,cxx_add_to_sub,interpolate.halide_generated.cpp,6778,38,generator_specific,0,0,1,,,test2_golden,0,3.592,cxx_add_to_sub:/mnt/scratch1/ardi/dsl_mut/HM-armc/mutation/lowered-cpp/interpolate/interpolate.halide_generated.cpp:6778:38
interpolate,cxx_default_on_emitted_cpp,5eb72c8d,5,6,cxx_add_to_sub,interpolate.halide_generated.cpp,9642,37,generator_specific,0,0,0,,,,0,3.402,cxx_add_to_sub:/mnt/scratch1/ardi/dsl_mut/HM-armc/mutation/lowered-cpp/interpolate/interpolate.halide_generated.cpp:9642:37
interpolate,cxx_default_on_emitted_cpp,5eb72c8d,5,6,cxx_add_to_sub,interpolate.halide_generated.cpp,10345,35,generator_specific,0,0,0,,,,0,3.581,cxx_add_to_sub:/mnt/scratch1/ardi/dsl_mut/HM-armc/mutation/lowered-cpp/interpolate/interpolate.halide_generated.cpp:10345:35
interpolate,cxx_default_on_emitted_cpp,5eb72c8d,5,6,cxx_mul_to_div,interpolate.halide_generated.cpp,6690,37,generator_specific,0,0,0,,,,0,3.019,cxx_mul_to_div:/mnt/scratch1/ardi/dsl_mut/HM-armc/mutation/lowered-cpp/interpolate/interpolate.halide_generated.cpp:6690:37
interpolate,cxx_default_on_emitted_cpp,5eb72c8d,5,6,cxx_eq_to_ne,interpolate.halide_generated.cpp,10817,22,generator_specific,-6,1,1,,,test1_demo;test2_golden,0,0.329,cxx_eq_to_ne:/mnt/scratch1/ardi/dsl_mut/HM-armc/mutation/lowered-cpp/interpolate/interpolate.halide_generated.cpp:10817:22
interpolate,cxx_default_on_emitted_cpp,5eb72c8d,5,6,cxx_add_to_sub,interpolate.halide_generated.cpp,11684,30,generator_specific,0,0,1,,,test2_golden,0,3.024,cxx_add_to_sub:/mnt/scratch1/ardi/dsl_mut/HM-armc/mutation/lowered-cpp/interpolate/interpolate.halide_generated.cpp:11684:30
interpolate,cxx_default_on_emitted_cpp,5eb72c8d,5,6,cxx_mul_to_div,interpolate.halide_generated.cpp,8925,74,generator_specific,0,0,1,,,test2_golden,0,3.403,cxx_mul_to_div:/mnt/scratch1/ardi/dsl_mut/HM-armc/mutation/lowered-cpp/interpolate/interpolate.halide_generated.cpp:8925:74
interpolate,cxx_default_on_emitted_cpp,5eb72c8d,5,6,cxx_add_to_sub,interpolate.halide_generated.cpp,5090,25,generator_specific,-11,1,1,,,test1_demo;test2_golden,0,0.382,cxx_add_to_sub:/mnt/scratch1/ardi/dsl_mut/HM-armc/mutation/lowered-cpp/interpolate/interpolate.halide_generated.cpp:5090:25
interpolate,cxx_default_on_emitted_cpp,5eb72c8d,5,6,cxx_add_to_sub,interpolate.halide_generated.cpp,5470,25,generator_specific,-11,1,1,,,test1_demo;test2_golden,0,0.423,cxx_add_to_sub:/mnt/scratch1/ardi/dsl_mut/HM-armc/mutation/lowered-cpp/interpolate/interpolate.halide_generated.cpp:5470:25
interpolate,cxx_default_on_emitted_cpp,5eb72c8d,5,6,cxx_sub_to_add,interpolate.halide_generated.cpp,9810,36,generator_specific,0,0,0,,,,0,3.076,cxx_sub_to_add:/mnt/scratch1/ardi/dsl_mut/HM-armc/mutation/lowered-cpp/interpolate/interpolate.halide_generated.cpp:9810:36
interpolate,cxx_default_on_emitted_cpp,5eb72c8d,5,6,cxx_remove_void_call,interpolate.halide_generated.cpp,8325,14,generator_specific,0,0,0,,,,0,3.520,cxx_remove_void_call:/mnt/scratch1/ardi/dsl_mut/HM-armc/mutation/lowered-cpp/interpolate/interpolate.halide_generated.cpp:8325:14
interpolate,cxx_default_on_emitted_cpp,5eb72c8d,5,6,cxx_replace_scalar_call,interpolate.halide_generated.cpp,10992,20,generator_specific,0,0,0,,,,0,3.515,cxx_replace_scalar_call:/mnt/scratch1/ardi/dsl_mut/HM-armc/mutation/lowered-cpp/interpolate/interpolate.halide_generated.cpp:10992:20
interpolate,cxx_default_on_emitted_cpp,5eb72c8d,5,6,cxx_add_to_sub,interpolate.halide_generated.cpp,5346,27,generator_specific,0,0,1,,,test2_golden,0,3.136,cxx_add_to_sub:/mnt/scratch1/ardi/dsl_mut/HM-armc/mutation/lowered-cpp/interpolate/interpolate.halide_generated.cpp:5346:27
interpolate,cxx_default_on_emitted_cpp,5eb72c8d,5,6,cxx_add_to_sub,interpolate.halide_generated.cpp,9651,37,generator_specific,0,0,0,,,,0,2.923,cxx_add_to_sub:/mnt/scratch1/ardi/dsl_mut/HM-armc/mutation/lowered-cpp/interpolate/interpolate.halide_generated.cpp:9651:37
interpolate,cxx_default_on_emitted_cpp,5eb72c8d,5,6,cxx_post_inc_to_post_dec,interpolate.halide_generated.cpp,9698,127,generator_specific,0,0,0,,,,0,3.834,cxx_post_inc_to_post_dec:/mnt/scratch1/ardi/dsl_mut/HM-armc/mutation/lowered-cpp/interpolate/interpolate.halide_generated.cpp:9698:127
interpolate,cxx_default_on_emitted_cpp,5eb72c8d,5,6,cxx_add_to_sub,interpolate.halide_generated.cpp,3695,22,generator_specific,-11,1,1,,,test1_demo;test2_golden,0,0.369,cxx_add_to_sub:/mnt/scratch1/ardi/dsl_mut/HM-armc/mutation/lowered-cpp/interpolate/interpolate.halide_generated.cpp:3695:22
interpolate,cxx_default_on_emitted_cpp,5eb72c8d,5,6,cxx_post_inc_to_post_dec,interpolate.halide_generated.cpp,7190,98,generator_specific,-11,1,1,,,test1_demo;test2_golden,0,0.341,cxx_post_inc_to_post_dec:/mnt/scratch1/ardi/dsl_mut/HM-armc/mutation/lowered-cpp/interpolate/interpolate.halide_generated.cpp:7190:98
interpolate,cxx_default_on_emitted_cpp,5eb72c8d,5,6,cxx_replace_scalar_call,interpolate.halide_generated.cpp,10745,19,generator_specific,0,0,0,,,,0,3.565,cxx_replace_scalar_call:/mnt/scratch1/ardi/dsl_mut/HM-armc/mutation/lowered-cpp/interpolate/interpolate.halide_generated.cpp:10745:19
interpolate,cxx_default_on_emitted_cpp,5eb72c8d,5,6,cxx_add_to_sub,interpolate.halide_generated.cpp,4698,24,generator_specific,0,0,1,,,test2_golden,0,2.845,cxx_add_to_sub:/mnt/scratch1/ardi/dsl_mut/HM-armc/mutation/lowered-cpp/interpolate/interpolate.halide_generated.cpp:4698:24
interpolate,cxx_default_on_emitted_cpp,5eb72c8d,5,6,cxx_add_to_sub,interpolate.halide_generated.cpp,7128,38,generator_specific,0,0,1,,,test2_golden,0,3.499,cxx_add_to_sub:/mnt/scratch1/ardi/dsl_mut/HM-armc/mutation/lowered-cpp/interpolate/interpolate.halide_generated.cpp:7128:38
interpolate,cxx_default_on_emitted_cpp,5eb72c8d,5,6,cxx_sub_to_add,interpolate.halide_generated.cpp,3851,24,generator_specific,0,0,1,,,test2_golden,0,3.424,cxx_sub_to_add:/mnt/scratch1/ardi/dsl_mut/HM-armc/mutation/lowered-cpp/interpolate/interpolate.halide_generated.cpp:3851:24
interpolate,cxx_default_on_emitted_cpp,5eb72c8d,5,6,cxx_sub_to_add,interpolate.halide_generated.cpp,12273,33,generator_specific,0,0,1,,,test2_golden,0,3.386,cxx_sub_to_add:/mnt/scratch1/ardi/dsl_mut/HM-armc/mutation/lowered-cpp/interpolate/interpolate.halide_generated.cpp:12273:33
interpolate,cxx_default_on_emitted_cpp,5eb72c8d,5,6,cxx_gt_to_le,interpolate.halide_generated.cpp,9024,78,generator_specific,0,0,1,,,test2_golden,0,3.434,cxx_gt_to_le:/mnt/scratch1/ardi/dsl_mut/HM-armc/mutation/lowered-cpp/interpolate/interpolate.halide_generated.cpp:9024:78
interpolate,cxx_default_on_emitted_cpp,5eb72c8d,5,6,cxx_sub_to_add,interpolate.halide_generated.cpp,11113,26,generator_specific,-6,1,1,,,test1_demo;test2_golden,0,0.434,cxx_sub_to_add:/mnt/scratch1/ardi/dsl_mut/HM-armc/mutation/lowered-cpp/interpolate/interpolate.halide_generated.cpp:11113:26
interpolate,cxx_default_on_emitted_cpp,5eb72c8d,5,6,cxx_add_to_sub,interpolate.halide_generated.cpp,7147,37,generator_specific,0,0,0,,,,0,3.495,cxx_add_to_sub:/mnt/scratch1/ardi/dsl_mut/HM-armc/mutation/lowered-cpp/interpolate/interpolate.halide_generated.cpp:7147:37
interpolate,cxx_default_on_emitted_cpp,5eb72c8d,5,6,cxx_mul_to_div,interpolate.halide_generated.cpp,5475,26,generator_specific,-8,1,1,,,test1_demo;test2_golden,0,0.332,cxx_mul_to_div:/mnt/scratch1/ardi/dsl_mut/HM-armc/mutation/lowered-cpp/interpolate/interpolate.halide_generated.cpp:5475:26
interpolate,cxx_default_on_emitted_cpp,5eb72c8d,5,6,cxx_add_to_sub,interpolate.halide_generated.cpp,7457,37,generator_specific,0,0,1,,,test2_golden,0,3.205,cxx_add_to_sub:/mnt/scratch1/ardi/dsl_mut/HM-armc/mutation/lowered-cpp/interpolate/interpolate.halide_generated.cpp:7457:37
interpolate,cxx_default_on_emitted_cpp,5eb72c8d,5,6,cxx_add_to_sub,interpolate.halide_generated.cpp,10208,35,generator_specific,0,0,1,,,test2_golden,0,3.304,cxx_add_to_sub:/mnt/scratch1/ardi/dsl_mut/HM-armc/mutation/lowered-cpp/interpolate/interpolate.halide_generated.cpp:10208:35
interpolate,cxx_default_on_emitted_cpp,5eb72c8d,5,6,cxx_mul_to_div,interpolate.halide_generated.cpp,9499,55,generator_specific,0,0,0,,,,0,3.008,cxx_mul_to_div:/mnt/scratch1/ardi/dsl_mut/HM-armc/mutation/lowered-cpp/interpolate/interpolate.halide_generated.cpp:9499:55
interpolate,cxx_default_on_emitted_cpp,5eb72c8d,5,6,cxx_mul_to_div,interpolate.halide_generated.cpp,11087,26,generator_specific,0,0,1,,,test2_golden,0,2.914,cxx_mul_to_div:/mnt/scratch1/ardi/dsl_mut/HM-armc/mutation/lowered-cpp/interpolate/interpolate.halide_generated.cpp:11087:26
interpolate,cxx_default_on_emitted_cpp,5eb72c8d,5,6,cxx_add_to_sub,interpolate.halide_generated.cpp,6730,38,generator_specific,0,0,0,,,,0,3.391,cxx_add_to_sub:/mnt/scratch1/ardi/dsl_mut/HM-armc/mutation/lowered-cpp/interpolate/interpolate.halide_generated.cpp:6730:38
interpolate,cxx_default_on_emitted_cpp,5eb72c8d,5,6,cxx_replace_scalar_call,interpolate.halide_generated.cpp,10648,15,generator_specific,0,0,0,,,,0,3.181,cxx_replace_scalar_call:/mnt/scratch1/ardi/dsl_mut/HM-armc/mutation/lowered-cpp/interpolate/interpolate.halide_generated.cpp:10648:15
interpolate,cxx_default_on_emitted_cpp,5eb72c8d,5,6,cxx_mul_to_div,interpolate.halide_generated.cpp,10849,25,generator_specific,0,0,0,,,,0,3.250,cxx_mul_to_div:/mnt/scratch1/ardi/dsl_mut/HM-armc/mutation/lowered-cpp/interpolate/interpolate.halide_generated.cpp:10849:25
interpolate,cxx_default_on_emitted_cpp,5eb72c8d,5,6,cxx_add_to_sub,interpolate.halide_generated.cpp,9110,35,generator_specific,0,0,0,,,,0,3.491,cxx_add_to_sub:/mnt/scratch1/ardi/dsl_mut/HM-armc/mutation/lowered-cpp/interpolate/interpolate.halide_generated.cpp:9110:35
interpolate,cxx_default_on_emitted_cpp,5eb72c8d,5,6,cxx_add_to_sub,interpolate.halide_generated.cpp,8744,35,generator_specific,0,0,0,,,,0,3.231,cxx_add_to_sub:/mnt/scratch1/ardi/dsl_mut/HM-armc/mutation/lowered-cpp/interpolate/interpolate.halide_generated.cpp:8744:35
interpolate,cxx_default_on_emitted_cpp,5eb72c8d,5,6,cxx_sub_to_add,interpolate.halide_generated.cpp,7023,36,generator_specific,0,0,1,,,test2_golden,0,3.441,cxx_sub_to_add:/mnt/scratch1/ardi/dsl_mut/HM-armc/mutation/lowered-cpp/interpolate/interpolate.halide_generated.cpp:7023:36
interpolate,cxx_default_on_emitted_cpp,5eb72c8d,5,6,cxx_add_to_sub,interpolate.halide_generated.cpp,4468,23,generator_specific,-11,1,1,,,test1_demo;test2_golden,0,0.304,cxx_add_to_sub:/mnt/scratch1/ardi/dsl_mut/HM-armc/mutation/lowered-cpp/interpolate/interpolate.halide_generated.cpp:4468:23
interpolate,cxx_default_on_emitted_cpp,5eb72c8d,5,6,cxx_ne_to_eq,interpolate.halide_generated.cpp,11372,25,generator_specific,0,0,0,,,,0,3.402,cxx_ne_to_eq:/mnt/scratch1/ardi/dsl_mut/HM-armc/mutation/lowered-cpp/interpolate/interpolate.halide_generated.cpp:11372:25
interpolate,cxx_default_on_emitted_cpp,5eb72c8d,5,6,cxx_lt_to_ge,interpolate.halide_generated.cpp,7729,69,generator_specific,0,0,1,,,test2_golden,0,3.284,cxx_lt_to_ge:/mnt/scratch1/ardi/dsl_mut/HM-armc/mutation/lowered-cpp/interpolate/interpolate.halide_generated.cpp:7729:69
interpolate,cxx_default_on_emitted_cpp,5eb72c8d,5,6,cxx_mul_to_div,interpolate.halide_generated.cpp,7473,37,generator_specific,0,0,0,,,,0,3.155,cxx_mul_to_div:/mnt/scratch1/ardi/dsl_mut/HM-armc/mutation/lowered-cpp/interpolate/interpolate.halide_generated.cpp:7473:37
interpolate,cxx_default_on_emitted_cpp,5eb72c8d,5,6,cxx_mul_to_div,interpolate.halide_generated.cpp,4260,25,generator_specific,0,0,1,,,test2_golden,0,3.016,cxx_mul_to_div:/mnt/scratch1/ardi/dsl_mut/HM-armc/mutation/lowered-cpp/interpolate/interpolate.halide_generated.cpp:4260:25
interpolate,cxx_default_on_emitted_cpp,5eb72c8d,5,6,cxx_add_to_sub,interpolate.halide_generated.cpp,3918,28,generator_specific,-11,1,1,,,test1_demo;test2_golden,0,0.358,cxx_add_to_sub:/mnt/scratch1/ardi/dsl_mut/HM-armc/mutation/lowered-cpp/interpolate/interpolate.halide_generated.cpp:3918:28
interpolate,cxx_default_on_emitted_cpp,5eb72c8d,5,6,cxx_add_to_sub,interpolate.halide_generated.cpp,8017,38,generator_specific,0,0,0,,,,0,2.986,cxx_add_to_sub:/mnt/scratch1/ardi/dsl_mut/HM-armc/mutation/lowered-cpp/interpolate/interpolate.halide_generated.cpp:8017:38
interpolate,cxx_default_on_emitted_cpp,5eb72c8d,5,6,cxx_mul_to_div,interpolate.halide_generated.cpp,7011,51,generator_specific,0,0,1,,,test2_golden,0,3.352,cxx_mul_to_div:/mnt/scratch1/ardi/dsl_mut/HM-armc/mutation/lowered-cpp/interpolate/interpolate.halide_generated.cpp:7011:51
interpolate,cxx_default_on_emitted_cpp,5eb72c8d,5,6,cxx_add_to_sub,interpolate.halide_generated.cpp,4677,25,generator_specific,0,0,1,,,test2_golden,0,3.646,cxx_add_to_sub:/mnt/scratch1/ardi/dsl_mut/HM-armc/mutation/lowered-cpp/interpolate/interpolate.halide_generated.cpp:4677:25
interpolate,cxx_default_on_emitted_cpp,5eb72c8d,5,6,cxx_add_to_sub,interpolate.halide_generated.cpp,9473,37,generator_specific,0,0,1,,,test2_golden,0,3.570,cxx_add_to_sub:/mnt/scratch1/ardi/dsl_mut/HM-armc/mutation/lowered-cpp/interpolate/interpolate.halide_generated.cpp:9473:37
interpolate,cxx_default_on_emitted_cpp,5eb72c8d,5,6,cxx_post_inc_to_post_dec,interpolate.halide_generated.cpp,9455,98,generator_specific,0,0,0,,,,0,3.518,cxx_post_inc_to_post_dec:/mnt/scratch1/ardi/dsl_mut/HM-armc/mutation/lowered-cpp/interpolate/interpolate.halide_generated.cpp:9455:98
interpolate,cxx_default_on_emitted_cpp,5eb72c8d,5,6,cxx_mul_to_div,interpolate.halide_generated.cpp,4379,26,generator_specific,0,0,0,,,,0,3.039,cxx_mul_to_div:/mnt/scratch1/ardi/dsl_mut/HM-armc/mutation/lowered-cpp/interpolate/interpolate.halide_generated.cpp:4379:26
interpolate,cxx_default_on_emitted_cpp,5eb72c8d,5,6,cxx_lt_to_ge,interpolate.halide_generated.cpp,6530,75,generator_specific,-11,1,1,,,test1_demo;test2_golden,0,0.306,cxx_lt_to_ge:/mnt/scratch1/ardi/dsl_mut/HM-armc/mutation/lowered-cpp/interpolate/interpolate.halide_generated.cpp:6530:75
interpolate,cxx_default_on_emitted_cpp,5eb72c8d,5,6,cxx_add_to_sub,interpolate.halide_generated.cpp,7051,37,generator_specific,0,0,1,,,test2_golden,0,3.264,cxx_add_to_sub:/mnt/scratch1/ardi/dsl_mut/HM-armc/mutation/lowered-cpp/interpolate/interpolate.halide_generated.cpp:7051:37
interpolate,cxx_default_on_emitted_cpp,5eb72c8d,5,6,cxx_add_to_sub,interpolate.halide_generated.cpp,11436,28,generator_specific,0,0,0,,,,0,3.156,cxx_add_to_sub:/mnt/scratch1/ardi/dsl_mut/HM-armc/mutation/lowered-cpp/interpolate/interpolate.halide_generated.cpp:11436:28
interpolate,cxx_default_on_emitted_cpp,5eb72c8d,5,6,cxx_mul_to_div,interpolate.halide_generated.cpp,6489,35,generator_specific,-6,1,1,,,test1_demo;test2_golden,0,0.302,cxx_mul_to_div:/mnt/scratch1/ardi/dsl_mut/HM-armc/mutation/lowered-cpp/interpolate/interpolate.halide_generated.cpp:6489:35
interpolate,cxx_default_on_emitted_cpp,5eb72c8d,5,6,cxx_add_to_sub,interpolate.halide_generated.cpp,6759,37,generator_specific,-11,1,1,,,test1_demo;test2_golden,0,0.307,cxx_add_to_sub:/mnt/scratch1/ardi/dsl_mut/HM-armc/mutation/lowered-cpp/interpolate/interpolate.halide_generated.cpp:6759:37
interpolate,cxx_default_on_emitted_cpp,5eb72c8d,5,6,cxx_add_to_sub,interpolate.halide_generated.cpp,7205,36,generator_specific,-6,1,1,,,test1_demo;test2_golden,0,0.351,cxx_add_to_sub:/mnt/scratch1/ardi/dsl_mut/HM-armc/mutation/lowered-cpp/interpolate/interpolate.halide_generated.cpp:7205:36
interpolate,cxx_default_on_emitted_cpp,5eb72c8d,5,6,cxx_mul_to_div,interpolate.halide_generated.cpp,5649,25,generator_specific,0,0,1,,,test2_golden,0,1.513,cxx_mul_to_div:/mnt/scratch1/ardi/dsl_mut/HM-armc/mutation/lowered-cpp/interpolate/interpolate.halide_generated.cpp:5649:25
interpolate,cxx_default_on_emitted_cpp,5eb72c8d,5,6,cxx_sub_to_add,interpolate.halide_generated.cpp,9828,37,generator_specific,0,0,1,,,test2_golden,0,2.897,cxx_sub_to_add:/mnt/scratch1/ardi/dsl_mut/HM-armc/mutation/lowered-cpp/interpolate/interpolate.halide_generated.cpp:9828:37
interpolate,cxx_default_on_emitted_cpp,5eb72c8d,5,6,cxx_add_to_sub,interpolate.halide_generated.cpp,6696,37,generator_specific,0,0,0,,,,0,3.208,cxx_add_to_sub:/mnt/scratch1/ardi/dsl_mut/HM-armc/mutation/lowered-cpp/interpolate/interpolate.halide_generated.cpp:6696:37
interpolate,cxx_default_on_emitted_cpp,5eb72c8d,5,6,cxx_mul_to_div,interpolate.halide_generated.cpp,6872,37,generator_specific,0,0,1,,,test2_golden,0,3.118,cxx_mul_to_div:/mnt/scratch1/ardi/dsl_mut/HM-armc/mutation/lowered-cpp/interpolate/interpolate.halide_generated.cpp:6872:37
interpolate,cxx_default_on_emitted_cpp,5eb72c8d,5,6,cxx_add_to_sub,interpolate.halide_generated.cpp,8303,36,generator_specific,0,0,0,,,,0,3.144,cxx_add_to_sub:/mnt/scratch1/ardi/dsl_mut/HM-armc/mutation/lowered-cpp/interpolate/interpolate.halide_generated.cpp:8303:36
interpolate,cxx_default_on_emitted_cpp,5eb72c8d,5,6,cxx_sub_to_add,interpolate.halide_generated.cpp,11111,26,generator_specific,0,0,1,,,test2_golden,0,3.592,cxx_sub_to_add:/mnt/scratch1/ardi/dsl_mut/HM-armc/mutation/lowered-cpp/interpolate/interpolate.halide_generated.cpp:11111:26
interpolate,cxx_default_on_emitted_cpp,5eb72c8d,5,6,cxx_add_to_sub,interpolate.halide_generated.cpp,11094,26,generator_specific,0,0,0,,,,0,3.363,cxx_add_to_sub:/mnt/scratch1/ardi/dsl_mut/HM-armc/mutation/lowered-cpp/interpolate/interpolate.halide_generated.cpp:11094:26
interpolate,cxx_default_on_emitted_cpp,5eb72c8d,5,6,cxx_remove_void_call,interpolate.halide_generated.cpp,8244,14,generator_specific,0,0,0,,,,0,3.578,cxx_remove_void_call:/mnt/scratch1/ardi/dsl_mut/HM-armc/mutation/lowered-cpp/interpolate/interpolate.halide_generated.cpp:8244:14
interpolate,cxx_default_on_emitted_cpp,5eb72c8d,5,6,cxx_mul_to_div,interpolate.halide_generated.cpp,10157,36,generator_specific,0,0,0,,,,0,3.508,cxx_mul_to_div:/mnt/scratch1/ardi/dsl_mut/HM-armc/mutation/lowered-cpp/interpolate/interpolate.halide_generated.cpp:10157:36
interpolate,cxx_default_on_emitted_cpp,5eb72c8d,5,6,cxx_sub_to_add,interpolate.halide_generated.cpp,3983,26,generator_specific,0,0,1,,,test2_golden,0,3.513,cxx_sub_to_add:/mnt/scratch1/ardi/dsl_mut/HM-armc/mutation/lowered-cpp/interpolate/interpolate.halide_generated.cpp:3983:26
interpolate,cxx_default_on_emitted_cpp,5eb72c8d,5,6,cxx_replace_scalar_call,interpolate.halide_generated.cpp,4851,18,generator_specific,0,0,1,,,test2_golden,0,3.764,cxx_replace_scalar_call:/mnt/scratch1/ardi/dsl_mut/HM-armc/mutation/lowered-cpp/interpolate/interpolate.halide_generated.cpp:4851:18
interpolate,cxx_default_on_emitted_cpp,5eb72c8d,5,6,cxx_mul_to_div,interpolate.halide_generated.cpp,9123,35,generator_specific,0,0,0,,,,0,3.518,cxx_mul_to_div:/mnt/scratch1/ardi/dsl_mut/HM-armc/mutation/lowered-cpp/interpolate/interpolate.halide_generated.cpp:9123:35
interpolate,cxx_default_on_emitted_cpp,5eb72c8d,5,6,cxx_add_to_sub,interpolate.halide_generated.cpp,7447,38,generator_specific,0,0,1,,,test2_golden,0,3.328,cxx_add_to_sub:/mnt/scratch1/ardi/dsl_mut/HM-armc/mutation/lowered-cpp/interpolate/interpolate.halide_generated.cpp:7447:38
interpolate,cxx_default_on_emitted_cpp,5eb72c8d,5,6,cxx_add_to_sub,interpolate.halide_generated.cpp,4083,26,generator_specific,0,0,0,,,,0,3.693,cxx_add_to_sub:/mnt/scratch1/ardi/dsl_mut/HM-armc/mutation/lowered-cpp/interpolate/interpolate.halide_generated.cpp:4083:26
interpolate,cxx_default_on_emitted_cpp,5eb72c8d,5,6,cxx_mul_to_div,interpolate.halide_generated.cpp,7396,37,generator_specific,0,0,1,,,test2_golden,0,3.199,cxx_mul_to_div:/mnt/scratch1/ardi/dsl_mut/HM-armc/mutation/lowered-cpp/interpolate/interpolate.halide_generated.cpp:7396:37
interpolate,cxx_default_on_emitted_cpp,5eb72c8d,5,6,cxx_add_to_sub,interpolate.halide_generated.cpp,6705,38,generator_specific,0,0,0,,,,0,3.462,cxx_add_to_sub:/mnt/scratch1/ardi/dsl_mut/HM-armc/mutation/lowered-cpp/interpolate/interpolate.halide_generated.cpp:6705:38
interpolate,cxx_default_on_emitted_cpp,5eb72c8d,5,6,cxx_replace_scalar_call,interpolate.halide_generated.cpp,5303,19,generator_specific,0,0,1,,,test2_golden,0,3.183,cxx_replace_scalar_call:/mnt/scratch1/ardi/dsl_mut/HM-armc/mutation/lowered-cpp/interpolate/interpolate.halide_generated.cpp:5303:19
interpolate,cxx_default_on_emitted_cpp,5eb72c8d,5,6,cxx_add_to_sub,interpolate.halide_generated.cpp,4881,66,generator_specific,0,0,1,,,test2_golden,0,2.804,cxx_add_to_sub:/mnt/scratch1/ardi/dsl_mut/HM-armc/mutation/lowered-cpp/interpolate/interpolate.halide_generated.cpp:4881:66
interpolate,cxx_default_on_emitted_cpp,5eb72c8d,5,6,cxx_lt_to_ge,interpolate.halide_generated.cpp,10011,69,generator_specific,0,0,0,,,,0,3.431,cxx_lt_to_ge:/mnt/scratch1/ardi/dsl_mut/HM-armc/mutation/lowered-cpp/interpolate/interpolate.halide_generated.cpp:10011:69
interpolate,cxx_default_on_emitted_cpp,5eb72c8d,5,6,cxx_mul_to_div,interpolate.halide_generated.cpp,8831,36,generator_specific,0,0,0,,,,0,3.157,cxx_mul_to_div:/mnt/scratch1/ardi/dsl_mut/HM-armc/mutation/lowered-cpp/interpolate/interpolate.halide_generated.cpp:8831:36
interpolate,cxx_default_on_emitted_cpp,5eb72c8d,5,6,cxx_add_to_sub,interpolate.halide_generated.cpp,8671,38,generator_specific,0,0,0,,,,0,3.559,cxx_add_to_sub:/mnt/scratch1/ardi/dsl_mut/HM-armc/mutation/lowered-cpp/interpolate/interpolate.halide_generated.cpp:8671:38
interpolate,cxx_default_on_emitted_cpp,5eb72c8d,5,6,cxx_le_to_lt,interpolate.halide_generated.cpp,12031,26,generator_specific,-6,1,1,,,test1_demo;test2_golden,0,0.336,cxx_le_to_lt:/mnt/scratch1/ardi/dsl_mut/HM-armc/mutation/lowered-cpp/interpolate/interpolate.halide_generated.cpp:12031:26
interpolate,cxx_default_on_emitted_cpp,5eb72c8d,5,6,cxx_add_to_sub,interpolate.halide_generated.cpp,6676,37,generator_specific,0,0,1,,,test2_golden,0,3.623,cxx_add_to_sub:/mnt/scratch1/ardi/dsl_mut/HM-armc/mutation/lowered-cpp/interpolate/interpolate.halide_generated.cpp:6676:37
interpolate,cxx_default_on_emitted_cpp,5eb72c8d,5,6,cxx_add_to_sub,interpolate.halide_generated.cpp,8279,36,generator_specific,0,0,0,,,,0,3.500,cxx_add_to_sub:/mnt/scratch1/ardi/dsl_mut/HM-armc/mutation/lowered-cpp/interpolate/interpolate.halide_generated.cpp:8279:36
interpolate,cxx_default_on_emitted_cpp,5eb72c8d,5,6,cxx_ne_to_eq,interpolate.halide_generated.cpp,11015,27,generator_specific,-6,1,1,,,test1_demo;test2_golden,0,0.352,cxx_ne_to_eq:/mnt/scratch1/ardi/dsl_mut/HM-armc/mutation/lowered-cpp/interpolate/interpolate.halide_generated.cpp:11015:27
interpolate,cxx_default_on_emitted_cpp,5eb72c8d,5,6,cxx_replace_scalar_call,interpolate.halide_generated.cpp,4710,18,generator_specific,0,0,1,,,test2_golden,0,2.824,cxx_replace_scalar_call:/mnt/scratch1/ardi/dsl_mut/HM-armc/mutation/lowered-cpp/interpolate/interpolate.halide_generated.cpp:4710:18
interpolate,cxx_default_on_emitted_cpp,5eb72c8d,5,6,cxx_mul_to_div,interpolate.halide_generated.cpp,8052,35,generator_specific,0,0,0,,,,0,3.640,cxx_mul_to_div:/mnt/scratch1/ardi/dsl_mut/HM-armc/mutation/lowered-cpp/interpolate/interpolate.halide_generated.cpp:8052:35
interpolate,cxx_default_on_emitted_cpp,5eb72c8d,5,6,cxx_add_to_sub,interpolate.halide_generated.cpp,6882,38,generator_specific,0,0,1,,,test2_golden,0,3.271,cxx_add_to_sub:/mnt/scratch1/ardi/dsl_mut/HM-armc/mutation/lowered-cpp/interpolate/interpolate.halide_generated.cpp:6882:38
interpolate,cxx_default_on_emitted_cpp,5eb72c8d,5,6,cxx_le_to_gt,interpolate.halide_generated.cpp,10988,22,generator_specific,-6,1,1,,,test1_demo;test2_golden,0,0.336,cxx_le_to_gt:/mnt/scratch1/ardi/dsl_mut/HM-armc/mutation/lowered-cpp/interpolate/interpolate.halide_generated.cpp:10988:22
interpolate,cxx_default_on_emitted_cpp,5eb72c8d,5,6,cxx_add_to_sub,interpolate.halide_generated.cpp,4257,56,generator_specific,-11,1,1,,,test1_demo;test2_golden,0,0.335,cxx_add_to_sub:/mnt/scratch1/ardi/dsl_mut/HM-armc/mutation/lowered-cpp/interpolate/interpolate.halide_generated.cpp:4257:56
interpolate,cxx_default_on_emitted_cpp,5eb72c8d,5,6,cxx_lt_to_le,interpolate.halide_generated.cpp,7567,86,generator_specific,-6,1,1,,,test1_demo;test2_golden,0,0.331,cxx_lt_to_le:/mnt/scratch1/ardi/dsl_mut/HM-armc/mutation/lowered-cpp/interpolate/interpolate.halide_generated.cpp:7567:86
interpolate,cxx_default_on_emitted_cpp,5eb72c8d,5,6,cxx_mul_to_div,interpolate.halide_generated.cpp,6309,30,generator_specific,-11,1,1,,,test1_demo;test2_golden,0,0.383,cxx_mul_to_div:/mnt/scratch1/ardi/dsl_mut/HM-armc/mutation/lowered-cpp/interpolate/interpolate.halide_generated.cpp:6309:30
interpolate,cxx_default_on_emitted_cpp,5eb72c8d,5,6,cxx_mul_to_div,interpolate.halide_generated.cpp,5145,40,generator_specific,0,0,1,,,test2_golden,0,3.538,cxx_mul_to_div:/mnt/scratch1/ardi/dsl_mut/HM-armc/mutation/lowered-cpp/interpolate/interpolate.halide_generated.cpp:5145:40
interpolate,cxx_default_on_emitted_cpp,5eb72c8d,5,6,cxx_add_to_sub,interpolate.halide_generated.cpp,8922,28,generator_specific,0,0,0,,,,0,3.543,cxx_add_to_sub:/mnt/scratch1/ardi/dsl_mut/HM-armc/mutation/lowered-cpp/interpolate/interpolate.halide_generated.cpp:8922:28
interpolate,cxx_default_on_emitted_cpp,5eb72c8d,5,6,cxx_add_to_sub,interpolate.halide_generated.cpp,7657,37,generator_specific,-11,1,1,,,test1_demo;test2_golden,0,0.388,cxx_add_to_sub:/mnt/scratch1/ardi/dsl_mut/HM-armc/mutation/lowered-cpp/interpolate/interpolate.halide_generated.cpp:7657:37
interpolate,cxx_default_on_emitted_cpp,5eb72c8d,5,6,cxx_sub_to_add,interpolate.halide_generated.cpp,5644,24,generator_specific,-6,1,1,,,test1_demo;test2_golden,0,0.397,cxx_sub_to_add:/mnt/scratch1/ardi/dsl_mut/HM-armc/mutation/lowered-cpp/interpolate/interpolate.halide_generated.cpp:5644:24
interpolate,cxx_default_on_emitted_cpp,5eb72c8d,5,6,cxx_sub_to_add,interpolate.halide_generated.cpp,6579,37,generator_specific,0,0,1,,,test2_golden,0,1.997,cxx_sub_to_add:/mnt/scratch1/ardi/dsl_mut/HM-armc/mutation/lowered-cpp/interpolate/interpolate.halide_generated.cpp:6579:37
interpolate,cxx_default_on_emitted_cpp,5eb72c8d,5,6,cxx_add_to_sub,interpolate.halide_generated.cpp,4199,26,generator_specific,-11,1,1,,,test1_demo;test2_golden,0,0.625,cxx_add_to_sub:/mnt/scratch1/ardi/dsl_mut/HM-armc/mutation/lowered-cpp/interpolate/interpolate.halide_generated.cpp:4199:26
interpolate,cxx_default_on_emitted_cpp,5eb72c8d,5,6,cxx_add_to_sub,interpolate.halide_generated.cpp,8312,36,generator_specific,0,0,0,,,,0,3.430,cxx_add_to_sub:/mnt/scratch1/ardi/dsl_mut/HM-armc/mutation/lowered-cpp/interpolate/interpolate.halide_generated.cpp:8312:36
interpolate,cxx_default_on_emitted_cpp,5eb72c8d,5,6,cxx_mul_to_div,interpolate.halide_generated.cpp,10976,26,generator_specific,0,0,0,,,,0,3.013,cxx_mul_to_div:/mnt/scratch1/ardi/dsl_mut/HM-armc/mutation/lowered-cpp/interpolate/interpolate.halide_generated.cpp:10976:26
interpolate,cxx_default_on_emitted_cpp,5eb72c8d,5,6,cxx_mul_to_div,interpolate.halide_generated.cpp,3676,21,generator_specific,0,0,0,,,,0,2.962,cxx_mul_to_div:/mnt/scratch1/ardi/dsl_mut/HM-armc/mutation/lowered-cpp/interpolate/interpolate.halide_generated.cpp:3676:21
interpolate,cxx_default_on_emitted_cpp,5eb72c8d,5,6,cxx_mul_to_div,interpolate.halide_generated.cpp,5261,41,generator_specific,0,0,1,,,test2_golden,0,2.963,cxx_mul_to_div:/mnt/scratch1/ardi/dsl_mut/HM-armc/mutation/lowered-cpp/interpolate/interpolate.halide_generated.cpp:5261:41
interpolate,cxx_default_on_emitted_cpp,5eb72c8d,5,6,cxx_add_to_sub,interpolate.halide_generated.cpp,8437,36,generator_specific,0,0,1,,,test2_golden,0,3.593,cxx_add_to_sub:/mnt/scratch1/ardi/dsl_mut/HM-armc/mutation/lowered-cpp/interpolate/interpolate.halide_generated.cpp:8437:36
interpolate,cxx_default_on_emitted_cpp,5eb72c8d,5,6,cxx_mul_to_div,interpolate.halide_generated.cpp,11345,27,generator_specific,0,0,1,,,test2_golden,0,2.919,cxx_mul_to_div:/mnt/scratch1/ardi/dsl_mut/HM-armc/mutation/lowered-cpp/interpolate/interpolate.halide_generated.cpp:11345:27
interpolate,cxx_default_on_emitted_cpp,5eb72c8d,5,6,cxx_add_to_sub,interpolate.halide_generated.cpp,4124,26,generator_specific,0,0,0,,,,0,3.434,cxx_add_to_sub:/mnt/scratch1/ardi/dsl_mut/HM-armc/mutation/lowered-cpp/interpolate/interpolate.halide_generated.cpp:4124:26
interpolate,cxx_default_on_emitted_cpp,5eb72c8d,5,6,cxx_add_to_sub,interpolate.halide_generated.cpp,12190,33,generator_specific,0,0,0,,,,0,3.109,cxx_add_to_sub:/mnt/scratch1/ardi/dsl_mut/HM-armc/mutation/lowered-cpp/interpolate/interpolate.halide_generated.cpp:12190:33
interpolate,cxx_default_on_emitted_cpp,5eb72c8d,5,6,cxx_replace_scalar_call,interpolate.halide_generated.cpp,5114,19,generator_specific,0,0,1,,,test2_golden,0,2.851,cxx_replace_scalar_call:/mnt/scratch1/ardi/dsl_mut/HM-armc/mutation/lowered-cpp/interpolate/interpolate.halide_generated.cpp:5114:19
interpolate,cxx_default_on_emitted_cpp,5eb72c8d,5,6,cxx_add_to_sub,interpolate.halide_generated.cpp,5325,26,generator_specific,0,0,1,,,test2_golden,0,3.283,cxx_add_to_sub:/mnt/scratch1/ardi/dsl_mut/HM-armc/mutation/lowered-cpp/interpolate/interpolate.halide_generated.cpp:5325:26
interpolate,cxx_default_on_emitted_cpp,5eb72c8d,5,6,cxx_replace_scalar_call,interpolate.halide_generated.cpp,3654,16,generator_specific,0,0,1,,,test2_golden,0,3.147,cxx_replace_scalar_call:/mnt/scratch1/ardi/dsl_mut/HM-armc/mutation/lowered-cpp/interpolate/interpolate.halide_generated.cpp:3654:16
interpolate,cxx_default_on_emitted_cpp,5eb72c8d,5,6,cxx_add_to_sub,interpolate.halide_generated.cpp,8684,36,generator_specific,0,0,0,,,,0,3.601,cxx_add_to_sub:/mnt/scratch1/ardi/dsl_mut/HM-armc/mutation/lowered-cpp/interpolate/interpolate.halide_generated.cpp:8684:36
interpolate,cxx_default_on_emitted_cpp,5eb72c8d,5,6,cxx_add_to_sub,interpolate.halide_generated.cpp,8761,36,generator_specific,0,0,1,,,test2_golden,0,3.198,cxx_add_to_sub:/mnt/scratch1/ardi/dsl_mut/HM-armc/mutation/lowered-cpp/interpolate/interpolate.halide_generated.cpp:8761:36
interpolate,cxx_default_on_emitted_cpp,5eb72c8d,5,6,cxx_remove_void_call,interpolate.halide_generated.cpp,4395,2,generator_specific,0,0,1,,,test2_golden,0,2.989,cxx_remove_void_call:/mnt/scratch1/ardi/dsl_mut/HM-armc/mutation/lowered-cpp/interpolate/interpolate.halide_generated.cpp:4395:2
interpolate,cxx_default_on_emitted_cpp,5eb72c8d,5,6,cxx_add_to_sub,interpolate.halide_generated.cpp,7462,37,generator_specific,0,0,0,,,,0,3.359,cxx_add_to_sub:/mnt/scratch1/ardi/dsl_mut/HM-armc/mutation/lowered-cpp/interpolate/interpolate.halide_generated.cpp:7462:37
interpolate,cxx_default_on_emitted_cpp,5eb72c8d,5,6,cxx_add_to_sub,interpolate.halide_generated.cpp,11462,29,generator_specific,-6,1,1,,,test1_demo;test2_golden,0,0.301,cxx_add_to_sub:/mnt/scratch1/ardi/dsl_mut/HM-armc/mutation/lowered-cpp/interpolate/interpolate.halide_generated.cpp:11462:29
interpolate,cxx_default_on_emitted_cpp,5eb72c8d,5,6,cxx_gt_to_le,interpolate.halide_generated.cpp,6356,33,generator_specific,-6,1,1,,,test1_demo;test2_golden,0,0.345,cxx_gt_to_le:/mnt/scratch1/ardi/dsl_mut/HM-armc/mutation/lowered-cpp/interpolate/interpolate.halide_generated.cpp:6356:33
interpolate,cxx_default_on_emitted_cpp,5eb72c8d,5,6,cxx_mul_to_div,interpolate.halide_generated.cpp,9083,47,generator_specific,0,0,0,,,,0,3.414,cxx_mul_to_div:/mnt/scratch1/ardi/dsl_mut/HM-armc/mutation/lowered-cpp/interpolate/interpolate.halide_generated.cpp:9083:47
interpolate,cxx_default_on_emitted_cpp,5eb72c8d,5,6,cxx_mul_to_div,interpolate.halide_generated.cpp,9367,37,generator_specific,0,0,0,,,,0,3.412,cxx_mul_to_div:/mnt/scratch1/ardi/dsl_mut/HM-armc/mutation/lowered-cpp/interpolate/interpolate.halide_generated.cpp:9367:37
interpolate,cxx_default_on_emitted_cpp,5eb72c8d,5,6,cxx_add_to_sub,interpolate.halide_generated.cpp,7425,38,generator_specific,0,0,1,,,test2_golden,0,3.762,cxx_add_to_sub:/mnt/scratch1/ardi/dsl_mut/HM-armc/mutation/lowered-cpp/interpolate/interpolate.halide_generated.cpp:7425:38
interpolate,cxx_default_on_emitted_cpp,5eb72c8d,5,6,cxx_add_to_sub,interpolate.halide_generated.cpp,8942,28,generator_specific,0,0,1,,,test2_golden,0,3.666,cxx_add_to_sub:/mnt/scratch1/ardi/dsl_mut/HM-armc/mutation/lowered-cpp/interpolate/interpolate.halide_generated.cpp:8942:28
interpolate,cxx_default_on_emitted_cpp,5eb72c8d,5,6,cxx_add_to_sub,interpolate.halide_generated.cpp,6893,38,generator_specific,0,0,1,,,test2_golden,0,2.994,cxx_add_to_sub:/mnt/scratch1/ardi/dsl_mut/HM-armc/mutation/lowered-cpp/interpolate/interpolate.halide_generated.cpp:6893:38
interpolate,cxx_default_on_emitted_cpp,5eb72c8d,5,6,cxx_add_to_sub,interpolate.halide_generated.cpp,10016,36,generator_specific,0,0,0,,,,0,3.606,cxx_add_to_sub:/mnt/scratch1/ardi/dsl_mut/HM-armc/mutation/lowered-cpp/interpolate/interpolate.halide_generated.cpp:10016:36
interpolate,cxx_default_on_emitted_cpp,5eb72c8d,5,6,cxx_mul_to_div,interpolate.halide_generated.cpp,5662,40,generator_specific,0,0,1,,,test2_golden,0,3.050,cxx_mul_to_div:/mnt/scratch1/ardi/dsl_mut/HM-armc/mutation/lowered-cpp/interpolate/interpolate.halide_generated.cpp:5662:40
interpolate,cxx_default_on_emitted_cpp,5eb72c8d,5,6,cxx_sub_to_add,interpolate.halide_generated.cpp,11058,26,generator_specific,0,0,1,,,test2_golden,0,3.388,cxx_sub_to_add:/mnt/scratch1/ardi/dsl_mut/HM-armc/mutation/lowered-cpp/interpolate/interpolate.halide_generated.cpp:11058:26
interpolate,cxx_default_on_emitted_cpp,5eb72c8d,5,6,cxx_add_to_sub,interpolate.halide_generated.cpp,10189,35,generator_specific,0,0,0,,,,0,3.216,cxx_add_to_sub:/mnt/scratch1/ardi/dsl_mut/HM-armc/mutation/lowered-cpp/interpolate/interpolate.halide_generated.cpp:10189:35
interpolate,cxx_default_on_emitted_cpp,5eb72c8d,5,6,cxx_add_to_sub,interpolate.halide_generated.cpp,8833,36,generator_specific,0,0,0,,,,0,2.814,cxx_add_to_sub:/mnt/scratch1/ardi/dsl_mut/HM-armc/mutation/lowered-cpp/interpolate/interpolate.halide_generated.cpp:8833:36
interpolate,cxx_default_on_emitted_cpp,5eb72c8d,5,6,cxx_eq_to_ne,interpolate.halide_generated.cpp,9031,55,generator_specific,0,0,0,,,,0,3.467,cxx_eq_to_ne:/mnt/scratch1/ardi/dsl_mut/HM-armc/mutation/lowered-cpp/interpolate/interpolate.halide_generated.cpp:9031:55
interpolate,cxx_default_on_emitted_cpp,5eb72c8d,5,6,cxx_add_to_sub,interpolate.halide_generated.cpp,8668,36,generator_specific,0,0,0,,,,0,3.106,cxx_add_to_sub:/mnt/scratch1/ardi/dsl_mut/HM-armc/mutation/lowered-cpp/interpolate/interpolate.halide_generated.cpp:8668:36
interpolate,cxx_default_on_emitted_cpp,5eb72c8d,5,6,cxx_mul_to_div,interpolate.halide_generated.cpp,5499,26,generator_specific,0,0,1,,,test2_golden,0,3.333,cxx_mul_to_div:/mnt/scratch1/ardi/dsl_mut/HM-armc/mutation/lowered-cpp/interpolate/interpolate.halide_generated.cpp:5499:26
interpolate,cxx_default_on_emitted_cpp,5eb72c8d,5,6,cxx_add_to_sub,interpolate.halide_generated.cpp,7770,79,generator_specific,0,0,1,,,test2_golden,0,3.305,cxx_add_to_sub:/mnt/scratch1/ardi/dsl_mut/HM-armc/mutation/lowered-cpp/interpolate/interpolate.halide_generated.cpp:7770:79
interpolate,cxx_default_on_emitted_cpp,5eb72c8d,5,6,cxx_add_to_sub,interpolate.halide_generated.cpp,4152,25,generator_specific,0,0,1,,,test2_golden,0,3.454,cxx_add_to_sub:/mnt/scratch1/ardi/dsl_mut/HM-armc/mutation/lowered-cpp/interpolate/interpolate.halide_generated.cpp:4152:25
interpolate,cxx_default_on_emitted_cpp,5eb72c8d,5,6,cxx_mul_to_div,interpolate.halide_generated.cpp,4836,40,generator_specific,0,0,1,,,test2_golden,0,2.690,cxx_mul_to_div:/mnt/scratch1/ardi/dsl_mut/HM-armc/mutation/lowered-cpp/interpolate/interpolate.halide_generated.cpp:4836:40
interpolate,cxx_default_on_emitted_cpp,5eb72c8d,5,6,cxx_sub_to_add,interpolate.halide_generated.cpp,8274,35,generator_specific,0,0,0,,,,0,3.353,cxx_sub_to_add:/mnt/scratch1/ardi/dsl_mut/HM-armc/mutation/lowered-cpp/interpolate/interpolate.halide_generated.cpp:8274:35
interpolate,cxx_default_on_emitted_cpp,5eb72c8d,5,6,cxx_mul_to_div,interpolate.halide_generated.cpp,9075,82,generator_specific,0,0,0,,,,0,3.260,cxx_mul_to_div:/mnt/scratch1/ardi/dsl_mut/HM-armc/mutation/lowered-cpp/interpolate/interpolate.halide_generated.cpp:9075:82
interpolate,cxx_default_on_emitted_cpp,5eb72c8d,5,6,cxx_sub_to_add,interpolate.halide_generated.cpp,6415,34,generator_specific,-6,1,1,,,test1_demo;test2_golden,0,0.336,cxx_sub_to_add:/mnt/scratch1/ardi/dsl_mut/HM-armc/mutation/lowered-cpp/interpolate/interpolate.halide_generated.cpp:6415:34
interpolate,cxx_default_on_emitted_cpp,5eb72c8d,5,6,cxx_add_to_sub,interpolate.halide_generated.cpp,7278,38,generator_specific,-11,1,1,,,test1_demo;test2_golden,0,0.320,cxx_add_to_sub:/mnt/scratch1/ardi/dsl_mut/HM-armc/mutation/lowered-cpp/interpolate/interpolate.halide_generated.cpp:7278:38
interpolate,cxx_default_on_emitted_cpp,5eb72c8d,5,6,cxx_le_to_gt,interpolate.halide_generated.cpp,12033,30,generator_specific,-6,1,1,,,test1_demo;test2_golden,0,0.364,cxx_le_to_gt:/mnt/scratch1/ardi/dsl_mut/HM-armc/mutation/lowered-cpp/interpolate/interpolate.halide_generated.cpp:12033:30
interpolate,cxx_default_on_emitted_cpp,5eb72c8d,5,6,cxx_add_to_sub,interpolate.halide_generated.cpp,3776,26,generator_specific,0,0,1,,,test2_golden,0,3.091,cxx_add_to_sub:/mnt/scratch1/ardi/dsl_mut/HM-armc/mutation/lowered-cpp/interpolate/interpolate.halide_generated.cpp:3776:26
interpolate,cxx_default_on_emitted_cpp,5eb72c8d,5,6,cxx_mul_to_div,interpolate.halide_generated.cpp,8722,35,generator_specific,0,0,0,,,,0,3.035,cxx_mul_to_div:/mnt/scratch1/ardi/dsl_mut/HM-armc/mutation/lowered-cpp/interpolate/interpolate.halide_generated.cpp:8722:35
interpolate,cxx_default_on_emitted_cpp,5eb72c8d,5,6,cxx_mul_to_div,interpolate.halide_generated.cpp,4249,24,generator_specific,0,0,0,,,,0,3.555,cxx_mul_to_div:/mnt/scratch1/ardi/dsl_mut/HM-armc/mutation/lowered-cpp/interpolate/interpolate.halide_generated.cpp:4249:24
interpolate,cxx_default_on_emitted_cpp,5eb72c8d,5,6,cxx_replace_scalar_call,interpolate.halide_generated.cpp,10498,18,generator_specific,0,0,1,,,test2_golden,0,3.218,cxx_replace_scalar_call:/mnt/scratch1/ardi/dsl_mut/HM-armc/mutation/lowered-cpp/interpolate/interpolate.halide_generated.cpp:10498:18
interpolate,cxx_default_on_emitted_cpp,5eb72c8d,5,6,cxx_add_to_sub,interpolate.halide_generated.cpp,12181,33,generator_specific,0,0,0,,,,0,3.741,cxx_add_to_sub:/mnt/scratch1/ardi/dsl_mut/HM-armc/mutation/lowered-cpp/interpolate/interpolate.halide_generated.cpp:12181:33
interpolate,cxx_default_on_emitted_cpp,5eb72c8d,5,6,cxx_add_to_sub,interpolate.halide_generated.cpp,4241,26,generator_specific,0,0,1,,,test2_golden,0,3.228,cxx_add_to_sub:/mnt/scratch1/ardi/dsl_mut/HM-armc/mutation/lowered-cpp/interpolate/interpolate.halide_generated.cpp:4241:26
interpolate,cxx_default_on_emitted_cpp,5eb72c8d,5,6,cxx_mul_to_div,interpolate.halide_generated.cpp,9220,35,generator_specific,0,0,0,,,,0,3.066,cxx_mul_to_div:/mnt/scratch1/ardi/dsl_mut/HM-armc/mutation/lowered-cpp/interpolate/interpolate.halide_generated.cpp:9220:35
interpolate,cxx_default_on_emitted_cpp,5eb72c8d,5,6,cxx_add_to_sub,interpolate.halide_generated.cpp,9410,38,generator_specific,0,0,1,,,test2_golden,0,3.509,cxx_add_to_sub:/mnt/scratch1/ardi/dsl_mut/HM-armc/mutation/lowered-cpp/interpolate/interpolate.halide_generated.cpp:9410:38
interpolate,cxx_default_on_emitted_cpp,5eb72c8d,5,6,cxx_add_to_sub,interpolate.halide_generated.cpp,5358,26,generator_specific,0,0,0,,,,0,3.388,cxx_add_to_sub:/mnt/scratch1/ardi/dsl_mut/HM-armc/mutation/lowered-cpp/interpolate/interpolate.halide_generated.cpp:5358:26
interpolate,cxx_default_on_emitted_cpp,5eb72c8d,5,6,cxx_sub_to_add,interpolate.halide_generated.cpp,11495,29,generator_specific,0,0,0,,,,0,3.495,cxx_sub_to_add:/mnt/scratch1/ardi/dsl_mut/HM-armc/mutation/lowered-cpp/interpolate/interpolate.halide_generated.cpp:11495:29
interpolate,cxx_default_on_emitted_cpp,5eb72c8d,5,6,cxx_post_inc_to_post_dec,interpolate.halide_generated.cpp,5477,96,generator_specific,-11,1,1,,,test1_demo;test2_golden,0,0.346,cxx_post_inc_to_post_dec:/mnt/scratch1/ardi/dsl_mut/HM-armc/mutation/lowered-cpp/interpolate/interpolate.halide_generated.cpp:5477:96
interpolate,cxx_default_on_emitted_cpp,5eb72c8d,5,6,cxx_sub_to_add,interpolate.halide_generated.cpp,7475,37,generator_specific,-11,1,1,,,test1_demo;test2_golden,0,0.776,cxx_sub_to_add:/mnt/scratch1/ardi/dsl_mut/HM-armc/mutation/lowered-cpp/interpolate/interpolate.halide_generated.cpp:7475:37
interpolate,cxx_default_on_emitted_cpp,5eb72c8d,5,6,cxx_add_to_sub,interpolate.halide_generated.cpp,7744,36,generator_specific,-11,1,1,,,test1_demo;test2_golden,0,0.400,cxx_add_to_sub:/mnt/scratch1/ardi/dsl_mut/HM-armc/mutation/lowered-cpp/interpolate/interpolate.halide_generated.cpp:7744:36
interpolate,cxx_default_on_emitted_cpp,5eb72c8d,5,6,cxx_add_to_sub,interpolate.halide_generated.cpp,8136,36,generator_specific,0,0,1,,,test2_golden,0,2.919,cxx_add_to_sub:/mnt/scratch1/ardi/dsl_mut/HM-armc/mutation/lowered-cpp/interpolate/interpolate.halide_generated.cpp:8136:36
interpolate,cxx_default_on_emitted_cpp,5eb72c8d,5,6,cxx_add_to_sub,interpolate.halide_generated.cpp,5458,25,generator_specific,-6,1,1,,,test1_demo;test2_golden,0,0.384,cxx_add_to_sub:/mnt/scratch1/ardi/dsl_mut/HM-armc/mutation/lowered-cpp/interpolate/interpolate.halide_generated.cpp:5458:25
interpolate,cxx_default_on_emitted_cpp,5eb72c8d,5,6,cxx_replace_scalar_call,interpolate.halide_generated.cpp,4570,18,generator_specific,0,0,0,,,,0,3.697,cxx_replace_scalar_call:/mnt/scratch1/ardi/dsl_mut/HM-armc/mutation/lowered-cpp/interpolate/interpolate.halide_generated.cpp:4570:18
interpolate,cxx_default_on_emitted_cpp,5eb72c8d,5,6,cxx_add_to_sub,interpolate.halide_generated.cpp,8558,49,generator_specific,0,0,0,,,,0,3.843,cxx_add_to_sub:/mnt/scratch1/ardi/dsl_mut/HM-armc/mutation/lowered-cpp/interpolate/interpolate.halide_generated.cpp:8558:49
interpolate,cxx_default_on_emitted_cpp,5eb72c8d,5,6,cxx_add_to_sub,interpolate.halide_generated.cpp,5274,25,generator_specific,0,0,1,,,test2_golden,0,3.376,cxx_add_to_sub:/mnt/scratch1/ardi/dsl_mut/HM-armc/mutation/lowered-cpp/interpolate/interpolate.halide_generated.cpp:5274:25
interpolate,cxx_default_on_emitted_cpp,5eb72c8d,5,6,cxx_add_to_sub,interpolate.halide_generated.cpp,5267,25,generator_specific,-6,1,1,,,test1_demo;test2_golden,0,0.375,cxx_add_to_sub:/mnt/scratch1/ardi/dsl_mut/HM-armc/mutation/lowered-cpp/interpolate/interpolate.halide_generated.cpp:5267:25
interpolate,cxx_default_on_emitted_cpp,5eb72c8d,5,6,cxx_gt_to_le,interpolate.halide_generated.cpp,11065,72,generator_specific,-6,1,1,,,test1_demo;test2_golden,0,0.259,cxx_gt_to_le:/mnt/scratch1/ardi/dsl_mut/HM-armc/mutation/lowered-cpp/interpolate/interpolate.halide_generated.cpp:11065:72
interpolate,cxx_default_on_emitted_cpp,5eb72c8d,5,6,cxx_add_to_sub,interpolate.halide_generated.cpp,5270,43,generator_specific,0,0,1,,,test2_golden,0,3.498,cxx_add_to_sub:/mnt/scratch1/ardi/dsl_mut/HM-armc/mutation/lowered-cpp/interpolate/interpolate.halide_generated.cpp:5270:43
interpolate,cxx_default_on_emitted_cpp,5eb72c8d,5,6,cxx_mul_to_div,interpolate.halide_generated.cpp,12183,33,generator_specific,0,0,0,,,,0,3.461,cxx_mul_to_div:/mnt/scratch1/ardi/dsl_mut/HM-armc/mutation/lowered-cpp/interpolate/interpolate.halide_generated.cpp:12183:33
interpolate,cxx_default_on_emitted_cpp,5eb72c8d,5,6,cxx_add_to_sub,interpolate.halide_generated.cpp,9495,37,generator_specific,0,0,0,,,,0,3.094,cxx_add_to_sub:/mnt/scratch1/ardi/dsl_mut/HM-armc/mutation/lowered-cpp/interpolate/interpolate.halide_generated.cpp:9495:37
interpolate,cxx_default_on_emitted_cpp,5eb72c8d,5,6,cxx_add_to_sub,interpolate.halide_generated.cpp,7126,38,generator_specific,0,0,1,,,test2_golden,0,3.553,cxx_add_to_sub:/mnt/scratch1/ardi/dsl_mut/HM-armc/mutation/lowered-cpp/interpolate/interpolate.halide_generated.cpp:7126:38
interpolate,cxx_default_on_emitted_cpp,5eb72c8d,5,6,cxx_add_to_sub,interpolate.halide_generated.cpp,8463,35,generator_specific,0,0,1,,,test2_golden,0,2.971,cxx_add_to_sub:/mnt/scratch1/ardi/dsl_mut/HM-armc/mutation/lowered-cpp/interpolate/interpolate.halide_generated.cpp:8463:35
interpolate,cxx_default_on_emitted_cpp,5eb72c8d,5,6,cxx_replace_scalar_call,interpolate.halide_generated.cpp,6193,19,generator_specific,0,0,1,,,test2_golden,0,1.690,cxx_replace_scalar_call:/mnt/scratch1/ardi/dsl_mut/HM-armc/mutation/lowered-cpp/interpolate/interpolate.halide_generated.cpp:6193:19
interpolate,cxx_default_on_emitted_cpp,5eb72c8d,5,6,cxx_gt_to_ge,interpolate.halide_generated.cpp,6206,27,generator_specific,0,0,0,,,,0,2.881,cxx_gt_to_ge:/mnt/scratch1/ardi/dsl_mut/HM-armc/mutation/lowered-cpp/interpolate/interpolate.halide_generated.cpp:6206:27
interpolate,cxx_default_on_emitted_cpp,5eb72c8d,5,6,cxx_mul_to_div,interpolate.halide_generated.cpp,10185,35,generator_specific,0,0,0,,,,0,3.232,cxx_mul_to_div:/mnt/scratch1/ardi/dsl_mut/HM-armc/mutation/lowered-cpp/interpolate/interpolate.halide_generated.cpp:10185:35
interpolate,cxx_default_on_emitted_cpp,5eb72c8d,5,6,cxx_mul_to_div,interpolate.halide_generated.cpp,3847,25,generator_specific,0,0,1,,,test2_golden,0,3.021,cxx_mul_to_div:/mnt/scratch1/ardi/dsl_mut/HM-armc/mutation/lowered-cpp/interpolate/interpolate.halide_generated.cpp:3847:25
interpolate,cxx_default_on_emitted_cpp,5eb72c8d,5,6,cxx_mul_to_div,interpolate.halide_generated.cpp,7273,37,generator_specific,0,0,1,,,test2_golden,0,3.650,cxx_mul_to_div:/mnt/scratch1/ardi/dsl_mut/HM-armc/mutation/lowered-cpp/interpolate/interpolate.halide_generated.cpp:7273:37
interpolate,cxx_default_on_emitted_cpp,5eb72c8d,5,6,cxx_add_to_sub,interpolate.halide_generated.cpp,7767,37,generator_specific,0,0,1,,,test2_golden,0,3.132,cxx_add_to_sub:/mnt/scratch1/ardi/dsl_mut/HM-armc/mutation/lowered-cpp/interpolate/interpolate.halide_generated.cpp:7767:37
interpolate,cxx_default_on_emitted_cpp,5eb72c8d,5,6,cxx_mul_to_div,interpolate.halide_generated.cpp,10836,25,generator_specific,0,0,1,,,test2_golden,0,3.245,cxx_mul_to_div:/mnt/scratch1/ardi/dsl_mut/HM-armc/mutation/lowered-cpp/interpolate/interpolate.halide_generated.cpp:10836:25
interpolate,cxx_default_on_emitted_cpp,5eb72c8d,5,6,cxx_add_to_sub,interpolate.halide_generated.cpp,9870,38,generator_specific,0,0,0,,,,0,3.132,cxx_add_to_sub:/mnt/scratch1/ardi/dsl_mut/HM-armc/mutation/lowered-cpp/interpolate/interpolate.halide_generated.cpp:9870:38
interpolate,cxx_default_on_emitted_cpp,5eb72c8d,5,6,cxx_remove_void_call,interpolate.halide_generated.cpp,5003,5,generator_specific,0,0,0,,,,0,2.886,cxx_remove_void_call:/mnt/scratch1/ardi/dsl_mut/HM-armc/mutation/lowered-cpp/interpolate/interpolate.halide_generated.cpp:5003:5
interpolate,cxx_default_on_emitted_cpp,5eb72c8d,5,6,cxx_add_to_sub,interpolate.halide_generated.cpp,5336,26,generator_specific,-6,1,1,,,test1_demo;test2_golden,0,0.390,cxx_add_to_sub:/mnt/scratch1/ardi/dsl_mut/HM-armc/mutation/lowered-cpp/interpolate/interpolate.halide_generated.cpp:5336:26
interpolate,cxx_default_on_emitted_cpp,5eb72c8d,5,6,cxx_sub_to_add,interpolate.halide_generated.cpp,6455,34,generator_specific,0,0,0,,,,0,3.465,cxx_sub_to_add:/mnt/scratch1/ardi/dsl_mut/HM-armc/mutation/lowered-cpp/interpolate/interpolate.halide_generated.cpp:6455:34
interpolate,cxx_default_on_emitted_cpp,5eb72c8d,5,6,cxx_add_to_sub,interpolate.halide_generated.cpp,9737,38,generator_specific,0,0,0,,,,0,3.243,cxx_add_to_sub:/mnt/scratch1/ardi/dsl_mut/HM-armc/mutation/lowered-cpp/interpolate/interpolate.halide_generated.cpp:9737:38
interpolate,cxx_default_on_emitted_cpp,5eb72c8d,5,6,cxx_add_to_sub,interpolate.halide_generated.cpp,9714,60,generator_specific,0,0,0,,,,0,3.063,cxx_add_to_sub:/mnt/scratch1/ardi/dsl_mut/HM-armc/mutation/lowered-cpp/interpolate/interpolate.halide_generated.cpp:9714:60
interpolate,cxx_default_on_emitted_cpp,5eb72c8d,5,6,cxx_sub_to_add,interpolate.halide_generated.cpp,4859,25,generator_specific,0,0,1,,,test2_golden,0,3.243,cxx_sub_to_add:/mnt/scratch1/ardi/dsl_mut/HM-armc/mutation/lowered-cpp/interpolate/interpolate.halide_generated.cpp:4859:25
interpolate,cxx_default_on_emitted_cpp,5eb72c8d,5,6,cxx_add_to_sub,interpolate.halide_generated.cpp,9422,37,generator_specific,0,0,0,,,,0,3.617,cxx_add_to_sub:/mnt/scratch1/ardi/dsl_mut/HM-armc/mutation/lowered-cpp/interpolate/interpolate.halide_generated.cpp:9422:37
interpolate,cxx_default_on_emitted_cpp,5eb72c8d,5,6,cxx_add_to_sub,interpolate.halide_generated.cpp,8602,36,generator_specific,0,0,0,,,,0,3.373,cxx_add_to_sub:/mnt/scratch1/ardi/dsl_mut/HM-armc/mutation/lowered-cpp/interpolate/interpolate.halide_generated.cpp:8602:36
interpolate,cxx_default_on_emitted_cpp,5eb72c8d,5,6,cxx_mul_to_div,interpolate.halide_generated.cpp,5169,26,generator_specific,0,0,0,,,,0,2.973,cxx_mul_to_div:/mnt/scratch1/ardi/dsl_mut/HM-armc/mutation/lowered-cpp/interpolate/interpolate.halide_generated.cpp:5169:26
interpolate,cxx_default_on_emitted_cpp,5eb72c8d,5,6,cxx_add_to_sub,interpolate.halide_generated.cpp,8398,36,generator_specific,0,0,1,,,test2_golden,0,3.120,cxx_add_to_sub:/mnt/scratch1/ardi/dsl_mut/HM-armc/mutation/lowered-cpp/interpolate/interpolate.halide_generated.cpp:8398:36
interpolate,cxx_default_on_emitted_cpp,5eb72c8d,5,6,cxx_mul_to_div,interpolate.halide_generated.cpp,4273,25,generator_specific,0,0,0,,,,0,3.650,cxx_mul_to_div:/mnt/scratch1/ardi/dsl_mut/HM-armc/mutation/lowered-cpp/interpolate/interpolate.halide_generated.cpp:4273:25
interpolate,cxx_default_on_emitted_cpp,5eb72c8d,5,6,cxx_mul_to_div,interpolate.halide_generated.cpp,6746,37,generator_specific,0,0,1,,,test2_golden,0,2.961,cxx_mul_to_div:/mnt/scratch1/ardi/dsl_mut/HM-armc/mutation/lowered-cpp/interpolate/interpolate.halide_generated.cpp:6746:37
interpolate,cxx_default_on_emitted_cpp,5eb72c8d,5,6,cxx_add_to_sub,interpolate.halide_generated.cpp,12071,33,generator_specific,0,0,0,,,,0,3.954,cxx_add_to_sub:/mnt/scratch1/ardi/dsl_mut/HM-armc/mutation/lowered-cpp/interpolate/interpolate.halide_generated.cpp:12071:33
interpolate,cxx_default_on_emitted_cpp,5eb72c8d,5,6,cxx_add_to_sub,interpolate.halide_generated.cpp,12044,33,generator_specific,0,0,0,,,,0,3.633,cxx_add_to_sub:/mnt/scratch1/ardi/dsl_mut/HM-armc/mutation/lowered-cpp/interpolate/interpolate.halide_generated.cpp:12044:33
interpolate,cxx_default_on_emitted_cpp,5eb72c8d,5,6,cxx_add_to_sub,interpolate.halide_generated.cpp,7418,38,generator_specific,0,0,1,,,test2_golden,0,3.247,cxx_add_to_sub:/mnt/scratch1/ardi/dsl_mut/HM-armc/mutation/lowered-cpp/interpolate/interpolate.halide_generated.cpp:7418:38
interpolate,cxx_default_on_emitted_cpp,5eb72c8d,5,6,cxx_add_to_sub,interpolate.halide_generated.cpp,8424,36,generator_specific,0,0,1,,,test2_golden,0,3.399,cxx_add_to_sub:/mnt/scratch1/ardi/dsl_mut/HM-armc/mutation/lowered-cpp/interpolate/interpolate.halide_generated.cpp:8424:36
interpolate,cxx_default_on_emitted_cpp,5eb72c8d,5,6,cxx_add_to_sub,interpolate.halide_generated.cpp,9292,38,generator_specific,0,0,0,,,,0,2.914,cxx_add_to_sub:/mnt/scratch1/ardi/dsl_mut/HM-armc/mutation/lowered-cpp/interpolate/interpolate.halide_generated.cpp:9292:38
interpolate,cxx_default_on_emitted_cpp,5eb72c8d,5,6,cxx_remove_void_call,interpolate.halide_generated.cpp,10437,2,generator_specific,0,0,0,,,,0,3.287,cxx_remove_void_call:/mnt/scratch1/ardi/dsl_mut/HM-armc/mutation/lowered-cpp/interpolate/interpolate.halide_generated.cpp:10437:2
interpolate,cxx_default_on_emitted_cpp,5eb72c8d,5,6,cxx_eq_to_ne,interpolate.halide_generated.cpp,6240,50,generator_specific,0,0,0,,,,0,2.729,cxx_eq_to_ne:/mnt/scratch1/ardi/dsl_mut/HM-armc/mutation/lowered-cpp/interpolate/interpolate.halide_generated.cpp:6240:50
interpolate,cxx_default_on_emitted_cpp,5eb72c8d,5,6,cxx_replace_scalar_call,interpolate.halide_generated.cpp,11047,19,generator_specific,0,0,1,,,test2_golden,0,3.474,cxx_replace_scalar_call:/mnt/scratch1/ardi/dsl_mut/HM-armc/mutation/lowered-cpp/interpolate/interpolate.halide_generated.cpp:11047:19
interpolate,cxx_default_on_emitted_cpp,5eb72c8d,5,6,cxx_add_to_sub,interpolate.halide_generated.cpp,8236,35,generator_specific,0,0,0,,,,0,3.553,cxx_add_to_sub:/mnt/scratch1/ardi/dsl_mut/HM-armc/mutation/lowered-cpp/interpolate/interpolate.halide_generated.cpp:8236:35
interpolate,cxx_default_on_emitted_cpp,5eb72c8d,5,6,cxx_add_to_sub,interpolate.halide_generated.cpp,7233,79,generator_specific,0,0,1,,,test2_golden,0,3.388,cxx_add_to_sub:/mnt/scratch1/ardi/dsl_mut/HM-armc/mutation/lowered-cpp/interpolate/interpolate.halide_generated.cpp:7233:79
interpolate,cxx_default_on_emitted_cpp,5eb72c8d,5,6,cxx_gt_to_le,interpolate.halide_generated.cpp,8900,16,generator_specific,0,0,0,,,,0,3.237,cxx_gt_to_le:/mnt/scratch1/ardi/dsl_mut/HM-armc/mutation/lowered-cpp/interpolate/interpolate.halide_generated.cpp:8900:16
interpolate,cxx_default_on_emitted_cpp,5eb72c8d,5,6,cxx_add_to_sub,interpolate.halide_generated.cpp,10691,26,generator_specific,0,0,0,,,,0,3.346,cxx_add_to_sub:/mnt/scratch1/ardi/dsl_mut/HM-armc/mutation/lowered-cpp/interpolate/interpolate.halide_generated.cpp:10691:26
interpolate,cxx_default_on_emitted_cpp,5eb72c8d,5,6,cxx_add_to_sub,interpolate.halide_generated.cpp,9361,37,generator_specific,0,0,1,,,test2_golden,0,2.890,cxx_add_to_sub:/mnt/scratch1/ardi/dsl_mut/HM-armc/mutation/lowered-cpp/interpolate/interpolate.halide_generated.cpp:9361:37
interpolate,cxx_default_on_emitted_cpp,5eb72c8d,5,6,cxx_add_to_sub,interpolate.halide_generated.cpp,9638,38,generator_specific,0,0,0,,,,0,3.063,cxx_add_to_sub:/mnt/scratch1/ardi/dsl_mut/HM-armc/mutation/lowered-cpp/interpolate/interpolate.halide_generated.cpp:9638:38
interpolate,cxx_default_on_emitted_cpp,5eb72c8d,5,6,cxx_mul_to_div,interpolate.halide_generated.cpp,8872,26,generator_specific,0,0,0,,,,0,3.329,cxx_mul_to_div:/mnt/scratch1/ardi/dsl_mut/HM-armc/mutation/lowered-cpp/interpolate/interpolate.halide_generated.cpp:8872:26
interpolate,cxx_default_on_emitted_cpp,5eb72c8d,5,6,cxx_sub_to_add,interpolate.halide_generated.cpp,8571,35,generator_specific,0,0,0,,,,0,3.356,cxx_sub_to_add:/mnt/scratch1/ardi/dsl_mut/HM-armc/mutation/lowered-cpp/interpolate/interpolate.halide_generated.cpp:8571:35
interpolate,cxx_default_on_emitted_cpp,5eb72c8d,5,6,cxx_add_to_sub,interpolate.halide_generated.cpp,6528,37,generator_specific,0,0,0,,,,0,3.553,cxx_add_to_sub:/mnt/scratch1/ardi/dsl_mut/HM-armc/mutation/lowered-cpp/interpolate/interpolate.halide_generated.cpp:6528:37
interpolate,cxx_default_on_emitted_cpp,5eb72c8d,5,6,cxx_add_to_sub,interpolate.halide_generated.cpp,12277,33,generator_specific,0,0,0,,,,0,3.154,cxx_add_to_sub:/mnt/scratch1/ardi/dsl_mut/HM-armc/mutation/lowered-cpp/interpolate/interpolate.halide_generated.cpp:12277:33
interpolate,cxx_default_on_emitted_cpp,5eb72c8d,5,6,cxx_mul_to_div,interpolate.halide_generated.cpp,7288,37,generator_specific,0,0,0,,,,0,3.151,cxx_mul_to_div:/mnt/scratch1/ardi/dsl_mut/HM-armc/mutation/lowered-cpp/interpolate/interpolate.halide_generated.cpp:7288:37
interpolate,cxx_default_on_emitted_cpp,5eb72c8d,5,6,cxx_mul_to_div,interpolate.halide_generated.cpp,10834,25,generator_specific,0,0,0,,,,0,3.036,cxx_mul_to_div:/mnt/scratch1/ardi/dsl_mut/HM-armc/mutation/lowered-cpp/interpolate/interpolate.halide_generated.cpp:10834:25
interpolate,cxx_default_on_emitted_cpp,5eb72c8d,5,6,cxx_mul_to_div,interpolate.halide_generated.cpp,9354,51,generator_specific,0,0,0,,,,0,3.159,cxx_mul_to_div:/mnt/scratch1/ardi/dsl_mut/HM-armc/mutation/lowered-cpp/interpolate/interpolate.halide_generated.cpp:9354:51
interpolate,cxx_default_on_emitted_cpp,5eb72c8d,5,6,cxx_gt_to_ge,interpolate.halide_generated.cpp,11695,32,generator_specific,0,0,0,,,,0,3.094,cxx_gt_to_ge:/mnt/scratch1/ardi/dsl_mut/HM-armc/mutation/lowered-cpp/interpolate/interpolate.halide_generated.cpp:11695:32
interpolate,cxx_default_on_emitted_cpp,5eb72c8d,5,6,cxx_replace_scalar_call,interpolate.halide_generated.cpp,10774,20,generator_specific,0,0,0,,,,0,3.053,cxx_replace_scalar_call:/mnt/scratch1/ardi/dsl_mut/HM-armc/mutation/lowered-cpp/interpolate/interpolate.halide_generated.cpp:10774:20
interpolate,cxx_default_on_emitted_cpp,5eb72c8d,5,6,cxx_sub_to_add,interpolate.halide_generated.cpp,7255,37,generator_specific,0,0,1,,,test2_golden,0,2.638,cxx_sub_to_add:/mnt/scratch1/ardi/dsl_mut/HM-armc/mutation/lowered-cpp/interpolate/interpolate.halide_generated.cpp:7255:37
interpolate,cxx_default_on_emitted_cpp,5eb72c8d,5,6,cxx_lt_to_le,interpolate.halide_generated.cpp,9811,86,generator_specific,0,0,0,,,,0,2.849,cxx_lt_to_le:/mnt/scratch1/ardi/dsl_mut/HM-armc/mutation/lowered-cpp/interpolate/interpolate.halide_generated.cpp:9811:86
interpolate,cxx_default_on_emitted_cpp,5eb72c8d,5,6,cxx_add_to_sub,interpolate.halide_generated.cpp,9298,38,generator_specific,0,0,0,,,,0,2.761,cxx_add_to_sub:/mnt/scratch1/ardi/dsl_mut/HM-armc/mutation/lowered-cpp/interpolate/interpolate.halide_generated.cpp:9298:38
interpolate,cxx_default_on_emitted_cpp,5eb72c8d,5,6,cxx_post_inc_to_post_dec,interpolate.halide_generated.cpp,9905,98,generator_specific,0,0,0,,,,0,2.615,cxx_post_inc_to_post_dec:/mnt/scratch1/ardi/dsl_mut/HM-armc/mutation/lowered-cpp/interpolate/interpolate.halide_generated.cpp:9905:98
interpolate,cxx_default_on_emitted_cpp,5eb72c8d,5,6,cxx_add_to_sub,interpolate.halide_generated.cpp,4110,25,generator_specific,0,0,0,,,,0,3.046,cxx_add_to_sub:/mnt/scratch1/ardi/dsl_mut/HM-armc/mutation/lowered-cpp/interpolate/interpolate.halide_generated.cpp:4110:25
interpolate,cxx_default_on_emitted_cpp,5eb72c8d,5,6,cxx_add_to_sub,interpolate.halide_generated.cpp,6526,37,generator_specific,0,0,0,,,,0,2.575,cxx_add_to_sub:/mnt/scratch1/ardi/dsl_mut/HM-armc/mutation/lowered-cpp/interpolate/interpolate.halide_generated.cpp:6526:37
interpolate,cxx_default_on_emitted_cpp,5eb72c8d,5,6,cxx_mul_to_div,interpolate.halide_generated.cpp,9424,37,generator_specific,0,0,0,,,,0,2.713,cxx_mul_to_div:/mnt/scratch1/ardi/dsl_mut/HM-armc/mutation/lowered-cpp/interpolate/interpolate.halide_generated.cpp:9424:37
interpolate,cxx_default_on_emitted_cpp,5eb72c8d,5,6,cxx_add_to_sub,interpolate.halide_generated.cpp,12095,33,generator_specific,0,0,0,,,,0,2.965,cxx_add_to_sub:/mnt/scratch1/ardi/dsl_mut/HM-armc/mutation/lowered-cpp/interpolate/interpolate.halide_generated.cpp:12095:33
interpolate,cxx_default_on_emitted_cpp,5eb72c8d,5,6,cxx_sub_to_add,interpolate.halide_generated.cpp,7752,37,generator_specific,0,0,1,,,test2_golden,0,2.866,cxx_sub_to_add:/mnt/scratch1/ardi/dsl_mut/HM-armc/mutation/lowered-cpp/interpolate/interpolate.halide_generated.cpp:7752:37
interpolate,cxx_default_on_emitted_cpp,5eb72c8d,5,6,cxx_mul_to_div,interpolate.halide_generated.cpp,11696,59,generator_specific,0,0,0,,,,0,2.807,cxx_mul_to_div:/mnt/scratch1/ardi/dsl_mut/HM-armc/mutation/lowered-cpp/interpolate/interpolate.halide_generated.cpp:11696:59
interpolate,cxx_default_on_emitted_cpp,5eb72c8d,5,6,cxx_add_to_sub,interpolate.halide_generated.cpp,4727,25,generator_specific,0,0,1,,,test2_golden,0,2.548,cxx_add_to_sub:/mnt/scratch1/ardi/dsl_mut/HM-armc/mutation/lowered-cpp/interpolate/interpolate.halide_generated.cpp:4727:25
interpolate,cxx_default_on_emitted_cpp,5eb72c8d,5,6,cxx_sub_to_add,interpolate.halide_generated.cpp,11379,28,generator_specific,0,0,0,,,,0,2.815,cxx_sub_to_add:/mnt/scratch1/ardi/dsl_mut/HM-armc/mutation/lowered-cpp/interpolate/interpolate.halide_generated.cpp:11379:28
interpolate,cxx_default_on_emitted_cpp,5eb72c8d,5,6,cxx_add_to_sub,interpolate.halide_generated.cpp,12259,33,generator_specific,0,0,0,,,,0,2.670,cxx_add_to_sub:/mnt/scratch1/ardi/dsl_mut/HM-armc/mutation/lowered-cpp/interpolate/interpolate.halide_generated.cpp:12259:33
interpolate,cxx_default_on_emitted_cpp,5eb72c8d,5,6,cxx_post_inc_to_post_dec,interpolate.halide_generated.cpp,4948,96,generator_specific,-9,1,0,,,test1_demo,1,60.069,cxx_post_inc_to_post_dec:/mnt/scratch1/ardi/dsl_mut/HM-armc/mutation/lowered-cpp/interpolate/interpolate.halide_generated.cpp:4948:96
interpolate,cxx_default_on_emitted_cpp,5eb72c8d,5,6,cxx_post_inc_to_post_dec,interpolate.halide_generated.cpp,5530,96,generator_specific,-9,1,0,,,test1_demo,1,60.071,cxx_post_inc_to_post_dec:/mnt/scratch1/ardi/dsl_mut/HM-armc/mutation/lowered-cpp/interpolate/interpolate.halide_generated.cpp:5530:96
interpolate,cxx_default_on_emitted_cpp,5eb72c8d,5,6,cxx_post_inc_to_post_dec,interpolate.halide_generated.cpp,5150,96,generator_specific,-9,1,0,,,test1_demo,1,60.071,cxx_post_inc_to_post_dec:/mnt/scratch1/ardi/dsl_mut/HM-armc/mutation/lowered-cpp/interpolate/interpolate.halide_generated.cpp:5150:96
interpolate,cxx_default_on_emitted_cpp,5eb72c8d,5,6,cxx_post_inc_to_post_dec,interpolate.halide_generated.cpp,4142,173,generator_specific,-9,1,0,,,test1_demo,1,60.070,cxx_post_inc_to_post_dec:/mnt/scratch1/ardi/dsl_mut/HM-armc/mutation/lowered-cpp/interpolate/interpolate.halide_generated.cpp:4142:173
