app,arm,mull_commit,slice_index,slice_count,mutator,file,line,column,region,exit_code,test1_demo,test2_golden,test2_written,test3_perf,killed_by,timed_out,wall_seconds,mutant_key
interpolate,cxx_default_on_emitted_cpp,5eb72c8d,4,6,cxx_replace_scalar_call,interpolate.halide_generated.cpp,10585,18,generator_specific,-6,1,1,,,test1_demo;test2_golden,0,0.355,cxx_replace_scalar_call:/mnt/scratch1/ardi/dsl_mut/HM-armc/mutation/lowered-cpp/interpolate/interpolate.halide_generated.cpp:10585:18
interpolate,cxx_default_on_emitted_cpp,5eb72c8d,4,6,cxx_mul_to_div,interpolate.halide_generated.cpp,11071,73,generator_specific,-11,1,1,,,test1_demo;test2_golden,0,0.388,cxx_mul_to_div:/mnt/scratch1/ardi/dsl_mut/HM-armc/mutation/lowered-cpp/interpolate/interpolate.halide_generated.cpp:11071:73
interpolate,cxx_default_on_emitted_cpp,5eb72c8d,4,6,cxx_add_to_sub,interpolate.halide_generated.cpp,7930,38,generator_specific,-11,1,1,,,test1_demo;test2_golden,0,0.430,cxx_add_to_sub:/mnt/scratch1/ardi/dsl_mut/HM-armc/mutation/lowered-cpp/interpolate/interpolate.halide_generated.cpp:7930:38
interpolate,cxx_default_on_emitted_cpp,5eb72c8d,4,6,cxx_add_to_sub,interpolate.halide_generated.cpp,7827,60,generator_specific,-11,1,1,,,test1_demo;test2_golden,0,0.437,cxx_add_to_sub:/mnt/scratch1/ardi/dsl_mut/HM-armc/mutation/lowered-cpp/interpolate/interpolate.halide_generated.cpp:7827:60
interpolate,cxx_default_on_emitted_cpp,5eb72c8d,4,6,cxx_sub_to_add,interpolate.halide_generated.cpp,6820,35,generator_specific,-11,1,1,,,test1_demo;test2_golden,0,0.494,cxx_sub_to_add:/mnt/scratch1/ardi/dsl_mut/HM-armc/mutation/lowered-cpp/interpolate/interpolate.halide_generated.cpp:6820:35
interpolate,cxx_default_on_emitted_cpp,5eb72c8d,4,6,cxx_mul_to_div,interpolate.halide_generated.cpp,11353,74,generator_specific,-11,1,1,,,test1_demo;test2_golden,0,0.488,cxx_mul_to_div:/mnt/scratch1/ardi/dsl_mut/HM-armc/mutation/lowered-cpp/interpolate/interpolate.halide_generated.cpp:11353:74
interpolate,cxx_default_on_emitted_cpp,5eb72c8d,4,6,cxx_ne_to_eq,interpolate.halide_generated.cpp,6318,31,generator_specific,-6,1,1,,,test1_demo;test2_golden,0,0.499,cxx_ne_to_eq:/mnt/scratch1/ardi/dsl_mut/HM-armc/mutation/lowered-cpp/interpolate/interpolate.halide_generated.cpp:6318:31
interpolate,cxx_default_on_emitted_cpp,5eb72c8d,4,6,cxx_add_to_sub,interpolate.halide_generated.cpp,11804,31,generator_specific,-6,1,1,,,test1_demo;test2_golden,0,0.626,cxx_add_to_sub:/mnt/scratch1/ardi/dsl_mut/HM-armc/mutation/lowered-cpp/interpolate/interpolate.halide_generated.cpp:11804:31
interpolate,cxx_default_on_emitted_cpp,5eb72c8d,4,6,cxx_add_to_sub,interpolate.halide_generated.cpp,4843,23,generator_specific,-6,1,1,,,test1_demo;test2_golden,0,0.499,cxx_add_to_sub:/mnt/scratch1/ardi/dsl_mut/HM-armc/mutation/lowered-cpp/interpolate/interpolate.halide_generated.cpp:4843:23
interpolate,cxx_default_on_emitted_cpp,5eb72c8d,4,6,cxx_add_to_sub,interpolate.halide_generated.cpp,12039,34,generator_specific,0,0,0,,,,0,2.940,cxx_add_to_sub:/mnt/scratch1/ardi/dsl_mut/HM-armc/mutation/lowered-cpp/interpolate/interpolate.halide_generated.cpp:12039:34
interpolate,cxx_default_on_emitted_cpp,5eb72c8d,4,6,cxx_add_to_sub,interpolate.halide_generated.cpp,8159,36,generator_specific,0,0,0,,,,0,2.968,cxx_add_to_sub:/mnt/scratch1/ardi/dsl_mut/HM-armc/mutation/lowered-cpp/interpolate/interpolate.halide_generated.cpp:8159:36
interpolate,cxx_default_on_emitted_cpp,5eb72c8d,4,6,cxx_add_to_sub,interpolate.halide_generated.cpp,7624,38,generator_specific,0,0,1,,,test2_golden,0,3.001,cxx_add_to_sub:/mnt/scratch1/ardi/dsl_mut/HM-armc/mutation/lowered-cpp/interpolate/interpolate.halide_generated.cpp:7624:38
interpolate,cxx_default_on_emitted_cpp,5eb72c8d,4,6,cxx_mul_to_div,interpolate.halide_generated.cpp,3761,25,generator_specific,0,0,1,,,test2_golden,0,3.030,cxx_mul_to_div:/mnt/scratch1/ardi/dsl_mut/HM-armc/mutation/lowered-cpp/interpolate/interpolate.halide_generated.cpp:3761:25
interpolate,cxx_default_on_emitted_cpp,5eb72c8d,4,6,cxx_mul_to_div,interpolate.halide_generated.cpp,9933,37,generator_specific,0,0,0,,,,0,3.075,cxx_mul_to_div:/mnt/scratch1/ardi/dsl_mut/HM-armc/mutation/lowered-cpp/interpolate/interpolate.halide_generated.cpp:9933:37
interpolate,cxx_default_on_emitted_cpp,5eb72c8d,4,6,cxx_add_to_sub,interpolate.halide_generated.cpp,4095,28,generator_specific,0,0,1,,,test2_golden,0,3.076,cxx_add_to_sub:/mnt/scratch1/ardi/dsl_mut/HM-armc/mutation/lowered-cpp/interpolate/interpolate.halide_generated.cpp:4095:28
interpolate,cxx_default_on_emitted_cpp,5eb72c8d,4,6,cxx_sub_to_add,interpolate.halide_generated.cpp,6469,34,generator_specific,0,0,0,,,,0,3.097,cxx_sub_to_add:/mnt/scratch1/ardi/dsl_mut/HM-armc/mutation/lowered-cpp/interpolate/interpolate.halide_generated.cpp:6469:34
interpolate,cxx_default_on_emitted_cpp,5eb72c8d,4,6,cxx_add_to_sub,interpolate.halide_generated.cpp,11904,32,generator_specific,0,0,0,,,,0,3.122,cxx_add_to_sub:/mnt/scratch1/ardi/dsl_mut/HM-armc/mutation/lowered-cpp/interpolate/interpolate.halide_generated.cpp:11904:32
interpolate,cxx_default_on_emitted_cpp,5eb72c8d,4,6,cxx_lt_to_le,interpolate.halide_generated.cpp,9231,69,generator_specific,0,0,0,,,,0,3.114,cxx_lt_to_le:/mnt/scratch1/ardi/dsl_mut/HM-armc/mutation/lowered-cpp/interpolate/interpolate.halide_generated.cpp:9231:69
interpolate,cxx_default_on_emitted_cpp,5eb72c8d,4,6,cxx_mul_to_div,interpolate.halide_generated.cpp,7979,37,generator_specific,0,0,1,,,test2_golden,0,3.102,cxx_mul_to_div:/mnt/scratch1/ardi/dsl_mut/HM-armc/mutation/lowered-cpp/interpolate/interpolate.halide_generated.cpp:7979:37
interpolate,cxx_default_on_emitted_cpp,5eb72c8d,4,6,cxx_add_to_sub,interpolate.halide_generated.cpp,8247,36,generator_specific,0,0,0,,,,0,3.133,cxx_add_to_sub:/mnt/scratch1/ardi/dsl_mut/HM-armc/mutation/lowered-cpp/interpolate/interpolate.halide_generated.cpp:8247:36
interpolate,cxx_default_on_emitted_cpp,5eb72c8d,4,6,cxx_add_to_sub,interpolate.halide_generated.cpp,3717,22,generator_specific,0,0,1,,,test2_golden,0,3.122,cxx_add_to_sub:/mnt/scratch1/ardi/dsl_mut/HM-armc/mutation/lowered-cpp/interpolate/interpolate.halide_generated.cpp:3717:22
interpolate,cxx_default_on_emitted_cpp,5eb72c8d,4,6,cxx_add_to_sub,interpolate.halide_generated.cpp,4740,25,generator_specific,0,0,0,,,,0,3.108,cxx_add_to_sub:/mnt/scratch1/ardi/dsl_mut/HM-armc/mutation/lowered-cpp/interpolate/interpolate.halide_generated.cpp:4740:25
interpolate,cxx_default_on_emitted_cpp,5eb72c8d,4,6,cxx_sub_to_add,interpolate.halide_generated.cpp,9520,37,generator_specific,0,0,0,,,,0,3.129,cxx_sub_to_add:/mnt/scratch1/ardi/dsl_mut/HM-armc/mutation/lowered-cpp/interpolate/interpolate.halide_generated.cpp:9520:37
interpolate,cxx_default_on_emitted_cpp,5eb72c8d,4,6,cxx_gt_to_ge,interpolate.halide_generated.cpp,6207,72,generator_specific,0,0,0,,,,0,3.152,cxx_gt_to_ge:/mnt/scratch1/ardi/dsl_mut/HM-armc/mutation/lowered-cpp/interpolate/interpolate.halide_generated.cpp:6207:72
interpolate,cxx_default_on_emitted_cpp,5eb72c8d,4,6,cxx_gt_to_le,interpolate.halide_generated.cpp,8977,31,generator_specific,0,0,0,,,,0,3.129,cxx_gt_to_le:/mnt/scratch1/ardi/dsl_mut/HM-armc/mutation/lowered-cpp/interpolate/interpolate.halide_generated.cpp:8977:31
interpolate,cxx_default_on_emitted_cpp,5eb72c8d,4,6,cxx_add_to_sub,interpolate.halide_generated.cpp,4222,26,generator_specific,0,0,1,,,test2_golden,0,3.132,cxx_add_to_sub:/mnt/scratch1/ardi/dsl_mut/HM-armc/mutation/lowered-cpp/interpolate/interpolate.halide_generated.cpp:4222:26
interpolate,cxx_default_on_emitted_cpp,5eb72c8d,4,6,cxx_add_to_sub,interpolate.halide_generated.cpp,6798,37,generator_specific,0,0,1,,,test2_golden,0,3.166,cxx_add_to_sub:/mnt/scratch1/ardi/dsl_mut/HM-armc/mutation/lowered-cpp/interpolate/interpolate.halide_generated.cpp:6798:37
interpolate,cxx_default_on_emitted_cpp,5eb72c8d,4,6,cxx_add_to_sub,interpolate.halide_generated.cpp,5459,25,generator_specific,0,0,1,,,test2_golden,0,3.180,cxx_add_to_sub:/mnt/scratch1/ardi/dsl_mut/HM-armc/mutation/lowered-cpp/interpolate/interpolate.halide_generated.cpp:5459:25
interpolate,cxx_default_on_emitted_cpp,5eb72c8d,4,6,cxx_replace_scalar_call,interpolate.halide_generated.cpp,10567,18,generator_specific,0,0,0,,,,0,3.158,cxx_replace_scalar_call:/mnt/scratch1/ardi/dsl_mut/HM-armc/mutation/lowered-cpp/interpolate/interpolate.halide_generated.cpp:10567:18
interpolate,cxx_default_on_emitted_cpp,5eb72c8d,4,6,cxx_add_to_sub,interpolate.halide_generated.cpp,12232,33,generator_specific,0,0,0,,,,0,3.148,cxx_add_to_sub:/mnt/scratch1/ardi/dsl_mut/HM-armc/mutation/lowered-cpp/interpolate/interpolate.halide_generated.cpp:12232:33
interpolate,cxx_default_on_emitted_cpp,5eb72c8d,4,6,cxx_add_to_sub,interpolate.halide_generated.cpp,7407,37,generator_specific,0,0,1,,,test2_golden,0,3.196,cxx_add_to_sub:/mnt/scratch1/ardi/dsl_mut/HM-armc/mutation/lowered-cpp/interpolate/interpolate.halide_generated.cpp:7407:37
interpolate,cxx_default_on_emitted_cpp,5eb72c8d,4,6,cxx_mul_to_div,interpolate.halide_generated.cpp,11778,31,generator_specific,0,0,1,,,test2_golden,0,3.189,cxx_mul_to_div:/mnt/scratch1/ardi/dsl_mut/HM-armc/mutation/lowered-cpp/interpolate/interpolate.halide_generated.cpp:11778:31
interpolate,cxx_default_on_emitted_cpp,5eb72c8d,4,6,cxx_lt_to_ge,interpolate.halide_generated.cpp,9611,75,generator_specific,0,0,0,,,,0,3.172,cxx_lt_to_ge:/mnt/scratch1/ardi/dsl_mut/HM-armc/mutation/lowered-cpp/interpolate/interpolate.halide_generated.cpp:9611:75
interpolate,cxx_default_on_emitted_cpp,5eb72c8d,4,6,cxx_mul_to_div,interpolate.halide_generated.cpp,8725,35,generator_specific,0,0,0,,,,0,3.169,cxx_mul_to_div:/mnt/scratch1/ardi/dsl_mut/HM-armc/mutation/lowered-cpp/interpolate/interpolate.halide_generated.cpp:8725:35
interpolate,cxx_default_on_emitted_cpp,5eb72c8d,4,6,cxx_post_inc_to_post_dec,interpolate.halide_generated.cpp,7770,110,generator_specific,-11,1,1,,,test1_demo;test2_golden,0,0.278,cxx_post_inc_to_post_dec:/mnt/scratch1/ardi/dsl_mut/HM-armc/mutation/lowered-cpp/interpolate/interpolate.halide_generated.cpp:7770:110
interpolate,cxx_default_on_emitted_cpp,5eb72c8d,4,6,cxx_add_to_sub,interpolate.halide_generated.cpp,6851,37,generator_specific,0,0,1,,,test2_golden,0,3.236,cxx_add_to_sub:/mnt/scratch1/ardi/dsl_mut/HM-armc/mutation/lowered-cpp/interpolate/interpolate.halide_generated.cpp:6851:37
interpolate,cxx_default_on_emitted_cpp,5eb72c8d,4,6,cxx_add_to_sub,interpolate.halide_generated.cpp,8405,36,generator_specific,0,0,1,,,test2_golden,0,3.206,cxx_add_to_sub:/mnt/scratch1/ardi/dsl_mut/HM-armc/mutation/lowered-cpp/interpolate/interpolate.halide_generated.cpp:8405:36
interpolate,cxx_default_on_emitted_cpp,5eb72c8d,4,6,cxx_lt_to_ge,interpolate.halide_generated.cpp,7770,75,generator_specific,0,0,1,,,test2_golden,0,3.206,cxx_lt_to_ge:/mnt/scratch1/ardi/dsl_mut/HM-armc/mutation/lowered-cpp/interpolate/interpolate.halide_generated.cpp:7770:75
interpolate,cxx_default_on_emitted_cpp,5eb72c8d,4,6,cxx_sub_to_add,interpolate.halide_generated.cpp,9808,36,generator_specific,0,0,0,,,,0,3.229,cxx_sub_to_add:/mnt/scratch1/ardi/dsl_mut/HM-armc/mutation/lowered-cpp/interpolate/interpolate.halide_generated.cpp:9808:36
interpolate,cxx_default_on_emitted_cpp,5eb72c8d,4,6,cxx_sub_to_add,interpolate.halide_generated.cpp,4059,26,generator_specific,0,0,0,,,,0,3.289,cxx_sub_to_add:/mnt/scratch1/ardi/dsl_mut/HM-armc/mutation/lowered-cpp/interpolate/interpolate.halide_generated.cpp:4059:26
interpolate,cxx_default_on_emitted_cpp,5eb72c8d,4,6,cxx_add_to_sub,interpolate.halide_generated.cpp,6868,37,generator_specific,0,0,1,,,test2_golden,0,3.275,cxx_add_to_sub:/mnt/scratch1/ardi/dsl_mut/HM-armc/mutation/lowered-cpp/interpolate/interpolate.halide_generated.cpp:6868:37
interpolate,cxx_default_on_emitted_cpp,5eb72c8d,4,6,cxx_add_to_sub,interpolate.halide_generated.cpp,8490,36,generator_specific,0,0,1,,,test2_golden,0,3.319,cxx_add_to_sub:/mnt/scratch1/ardi/dsl_mut/HM-armc/mutation/lowered-cpp/interpolate/interpolate.halide_generated.cpp:8490:36
interpolate,cxx_default_on_emitted_cpp,5eb72c8d,4,6,cxx_mul_to_div,interpolate.halide_generated.cpp,8865,25,generator_specific,0,0,0,,,,0,3.332,cxx_mul_to_div:/mnt/scratch1/ardi/dsl_mut/HM-armc/mutation/lowered-cpp/interpolate/interpolate.halide_generated.cpp:8865:25
interpolate,cxx_default_on_emitted_cpp,5eb72c8d,4,6,cxx_sub_to_add,interpolate.halide_generated.cpp,6397,34,generator_specific,0,0,1,,,test2_golden,0,2.972,cxx_sub_to_add:/mnt/scratch1/ardi/dsl_mut/HM-armc/mutation/lowered-cpp/interpolate/interpolate.halide_generated.cpp:6397:34
interpolate,cxx_default_on_emitted_cpp,5eb72c8d,4,6,cxx_add_to_sub,interpolate.halide_generated.cpp,3988,26,generator_specific,-11,1,1,,,test1_demo;test2_golden,0,0.288,cxx_add_to_sub:/mnt/scratch1/ardi/dsl_mut/HM-armc/mutation/lowered-cpp/interpolate/interpolate.halide_generated.cpp:3988:26
interpolate,cxx_default_on_emitted_cpp,5eb72c8d,4,6,cxx_add_to_sub,interpolate.halide_generated.cpp,12026,34,generator_specific,0,0,0,,,,0,3.418,cxx_add_to_sub:/mnt/scratch1/ardi/dsl_mut/HM-armc/mutation/lowered-cpp/interpolate/interpolate.halide_generated.cpp:12026:34
interpolate,cxx_default_on_emitted_cpp,5eb72c8d,4,6,cxx_mul_to_div,interpolate.halide_generated.cpp,9578,36,generator_specific,0,0,0,,,,0,3.414,cxx_mul_to_div:/mnt/scratch1/ardi/dsl_mut/HM-armc/mutation/lowered-cpp/interpolate/interpolate.halide_generated.cpp:9578:36
interpolate,cxx_default_on_emitted_cpp,5eb72c8d,4,6,cxx_gt_to_ge,interpolate.halide_generated.cpp,6285,18,generator_specific,0,0,0,,,,0,3.462,cxx_gt_to_ge:/mnt/scratch1/ardi/dsl_mut/HM-armc/mutation/lowered-cpp/interpolate/interpolate.halide_generated.cpp:6285:18
interpolate,cxx_default_on_emitted_cpp,5eb72c8d,4,6,cxx_mul_to_div,interpolate.halide_generated.cpp,11589,77,generator_specific,-6,1,1,,,test1_demo;test2_golden,0,0.347,cxx_mul_to_div:/mnt/scratch1/ardi/dsl_mut/HM-armc/mutation/lowered-cpp/interpolate/interpolate.halide_generated.cpp:11589:77
interpolate,cxx_default_on_emitted_cpp,5eb72c8d,4,6,cxx_add_to_sub,interpolate.halide_generated.cpp,9043,33,generator_specific,0,0,0,,,,0,3.143,cxx_add_to_sub:/mnt/scratch1/ardi/dsl_mut/HM-armc/mutation/lowered-cpp/interpolate/interpolate.halide_generated.cpp:9043:33
interpolate,cxx_default_on_emitted_cpp,5eb72c8d,4,6,cxx_lt_to_le,interpolate.halide_generated.cpp,7729,69,generator_specific,-6,1,1,,,test1_demo;test2_golden,0,0.353,cxx_lt_to_le:/mnt/scratch1/ardi/dsl_mut/HM-armc/mutation/lowered-cpp/interpolate/interpolate.halide_generated.cpp:7729:69
interpolate,cxx_default_on_emitted_cpp,5eb72c8d,4,6,cxx_add_to_sub,interpolate.halide_generated.cpp,5748,26,generator_specific,0,0,1,,,test2_golden,0,3.053,cxx_add_to_sub:/mnt/scratch1/ardi/dsl_mut/HM-armc/mutation/lowered-cpp/interpolate/interpolate.halide_generated.cpp:5748:26
interpolate,cxx_default_on_emitted_cpp,5eb72c8d,4,6,cxx_add_to_sub,interpolate.halide_generated.cpp,4289,27,generator_specific,-11,1,1,,,test1_demo;test2_golden,0,0.352,cxx_add_to_sub:/mnt/scratch1/ardi/dsl_mut/HM-armc/mutation/lowered-cpp/interpolate/interpolate.halide_generated.cpp:4289:27
interpolate,cxx_default_on_emitted_cpp,5eb72c8d,4,6,cxx_mul_to_div,interpolate.halide_generated.cpp,9807,51,generator_specific,0,0,0,,,,0,3.571,cxx_mul_to_div:/mnt/scratch1/ardi/dsl_mut/HM-armc/mutation/lowered-cpp/interpolate/interpolate.halide_generated.cpp:9807:51
interpolate,cxx_default_on_emitted_cpp,5eb72c8d,4,6,cxx_mul_to_div,interpolate.halide_generated.cpp,5521,43,generator_specific,0,0,1,,,test2_golden,0,3.570,cxx_mul_to_div:/mnt/scratch1/ardi/dsl_mut/HM-armc/mutation/lowered-cpp/interpolate/interpolate.halide_generated.cpp:5521:43
interpolate,cxx_default_on_emitted_cpp,5eb72c8d,4,6,cxx_replace_scalar_call,interpolate.halide_generated.cpp,5568,19,generator_specific,0,0,1,,,test2_golden,0,3.638,cxx_replace_scalar_call:/mnt/scratch1/ardi/dsl_mut/HM-armc/mutation/lowered-cpp/interpolate/interpolate.halide_generated.cpp:5568:19
interpolate,cxx_default_on_emitted_cpp,5eb72c8d,4,6,cxx_remove_void_call,interpolate.halide_generated.cpp,5436,2,generator_specific,0,0,0,,,,0,3.649,cxx_remove_void_call:/mnt/scratch1/ardi/dsl_mut/HM-armc/mutation/lowered-cpp/interpolate/interpolate.halide_generated.cpp:5436:2
interpolate,cxx_default_on_emitted_cpp,5eb72c8d,4,6,cxx_post_inc_to_post_dec,interpolate.halide_generated.cpp,4481,95,generator_specific,-11,1,1,,,test1_demo;test2_golden,0,0.381,cxx_post_inc_to_post_dec:/mnt/scratch1/ardi/dsl_mut/HM-armc/mutation/lowered-cpp/interpolate/interpolate.halide_generated.cpp:4481:95
interpolate,cxx_default_on_emitted_cpp,5eb72c8d,4,6,cxx_gt_to_ge,interpolate.halide_generated.cpp,6383,79,generator_specific,0,0,0,,,,0,3.650,cxx_gt_to_ge:/mnt/scratch1/ardi/dsl_mut/HM-armc/mutation/lowered-cpp/interpolate/interpolate.halide_generated.cpp:6383:79
interpolate,cxx_default_on_emitted_cpp,5eb72c8d,4,6,cxx_add_to_sub,interpolate.halide_generated.cpp,10692,26,generator_specific,0,0,0,,,,0,3.678,cxx_add_to_sub:/mnt/scratch1/ardi/dsl_mut/HM-armc/mutation/lowered-cpp/interpolate/interpolate.halide_generated.cpp:10692:26
interpolate,cxx_default_on_emitted_cpp,5eb72c8d,4,6,cxx_mul_to_div,interpolate.halide_generated.cpp,6567,37,generator_specific,0,0,0,,,,0,3.672,cxx_mul_to_div:/mnt/scratch1/ardi/dsl_mut/HM-armc/mutation/lowered-cpp/interpolate/interpolate.halide_generated.cpp:6567:37
interpolate,cxx_default_on_emitted_cpp,5eb72c8d,4,6,cxx_mul_to_div,interpolate.halide_generated.cpp,3965,25,generator_specific,0,0,1,,,test2_golden,0,3.240,cxx_mul_to_div:/mnt/scratch1/ardi/dsl_mut/HM-armc/mutation/lowered-cpp/interpolate/interpolate.halide_generated.cpp:3965:25
interpolate,cxx_default_on_emitted_cpp,5eb72c8d,4,6,cxx_mul_to_div,interpolate.halide_generated.cpp,8355,36,generator_specific,0,0,1,,,test2_golden,0,3.736,cxx_mul_to_div:/mnt/scratch1/ardi/dsl_mut/HM-armc/mutation/lowered-cpp/interpolate/interpolate.halide_generated.cpp:8355:36
interpolate,cxx_default_on_emitted_cpp,5eb72c8d,4,6,cxx_mul_to_div,interpolate.halide_generated.cpp,11468,57,generator_specific,0,0,0,,,,0,3.388,cxx_mul_to_div:/mnt/scratch1/ardi/dsl_mut/HM-armc/mutation/lowered-cpp/interpolate/interpolate.halide_generated.cpp:11468:57
interpolate,cxx_default_on_emitted_cpp,5eb72c8d,4,6,cxx_sub_to_add,interpolate.halide_generated.cpp,7762,37,generator_specific,-11,1,1,,,test1_demo;test2_golden,0,0.414,cxx_sub_to_add:/mnt/scratch1/ardi/dsl_mut/HM-armc/mutation/lowered-cpp/interpolate/interpolate.halide_generated.cpp:7762:37
interpolate,cxx_default_on_emitted_cpp,5eb72c8d,4,6,cxx_mul_to_div,interpolate.halide_generated.cpp,7654,37,generator_specific,0,0,0,,,,0,3.424,cxx_mul_to_div:/mnt/scratch1/ardi/dsl_mut/HM-armc/mutation/lowered-cpp/interpolate/interpolate.halide_generated.cpp:7654:37
interpolate,cxx_default_on_emitted_cpp,5eb72c8d,4,6,cxx_add_to_sub,interpolate.halide_generated.cpp,7611,38,generator_specific,0,0,1,,,test2_golden,0,2.813,cxx_add_to_sub:/mnt/scratch1/ardi/dsl_mut/HM-armc/mutation/lowered-cpp/interpolate/interpolate.halide_generated.cpp:7611:38
interpolate,cxx_default_on_emitted_cpp,5eb72c8d,4,6,cxx_add_to_sub,interpolate.halide_generated.cpp,4239,26,generator_specific,-11,1,1,,,test1_demo;test2_golden,0,0.430,cxx_add_to_sub:/mnt/scratch1/ardi/dsl_mut/HM-armc/mutation/lowered-cpp/interpolate/interpolate.halide_generated.cpp:4239:26
interpolate,cxx_default_on_emitted_cpp,5eb72c8d,4,6,cxx_mul_to_div,interpolate.halide_generated.cpp,10461,24,generator_specific,0,0,1,,,test2_golden,0,3.606,cxx_mul_to_div:/mnt/scratch1/ardi/dsl_mut/HM-armc/mutation/lowered-cpp/interpolate/interpolate.halide_generated.cpp:10461:24
interpolate,cxx_default_on_emitted_cpp,5eb72c8d,4,6,cxx_sub_to_add,interpolate.halide_generated.cpp,11807,32,generator_specific,-6,1,1,,,test1_demo;test2_golden,0,0.492,cxx_sub_to_add:/mnt/scratch1/ardi/dsl_mut/HM-armc/mutation/lowered-cpp/interpolate/interpolate.halide_generated.cpp:11807:32
interpolate,cxx_default_on_emitted_cpp,5eb72c8d,4,6,cxx_eq_to_ne,interpolate.halide_generated.cpp,11883,29,generator_specific,0,0,1,,,test2_golden,0,1.461,cxx_eq_to_ne:/mnt/scratch1/ardi/dsl_mut/HM-armc/mutation/lowered-cpp/interpolate/interpolate.halide_generated.cpp:11883:29
interpolate,cxx_default_on_emitted_cpp,5eb72c8d,4,6,cxx_sub_to_add,interpolate.halide_generated.cpp,12298,33,generator_specific,0,0,1,,,test2_golden,0,2.924,cxx_sub_to_add:/mnt/scratch1/ardi/dsl_mut/HM-armc/mutation/lowered-cpp/interpolate/interpolate.halide_generated.cpp:12298:33
interpolate,cxx_default_on_emitted_cpp,5eb72c8d,4,6,cxx_add_to_sub,interpolate.halide_generated.cpp,9776,49,generator_specific,0,0,0,,,,0,3.009,cxx_add_to_sub:/mnt/scratch1/ardi/dsl_mut/HM-armc/mutation/lowered-cpp/interpolate/interpolate.halide_generated.cpp:9776:49
interpolate,cxx_default_on_emitted_cpp,5eb72c8d,4,6,cxx_add_to_sub,interpolate.halide_generated.cpp,4709,24,generator_specific,0,0,1,,,test2_golden,0,3.129,cxx_add_to_sub:/mnt/scratch1/ardi/dsl_mut/HM-armc/mutation/lowered-cpp/interpolate/interpolate.halide_generated.cpp:4709:24
interpolate,cxx_default_on_emitted_cpp,5eb72c8d,4,6,cxx_mul_to_div,interpolate.halide_generated.cpp,9809,51,generator_specific,0,0,0,,,,0,3.230,cxx_mul_to_div:/mnt/scratch1/ardi/dsl_mut/HM-armc/mutation/lowered-cpp/interpolate/interpolate.halide_generated.cpp:9809:51
interpolate,cxx_default_on_emitted_cpp,5eb72c8d,4,6,cxx_mul_to_div,interpolate.halide_generated.cpp,5001,26,generator_specific,0,0,0,,,,0,3.197,cxx_mul_to_div:/mnt/scratch1/ardi/dsl_mut/HM-armc/mutation/lowered-cpp/interpolate/interpolate.halide_generated.cpp:5001:26
interpolate,cxx_default_on_emitted_cpp,5eb72c8d,4,6,cxx_add_to_sub,interpolate.halide_generated.cpp,8055,35,generator_specific,0,0,0,,,,0,3.248,cxx_add_to_sub:/mnt/scratch1/ardi/dsl_mut/HM-armc/mutation/lowered-cpp/interpolate/interpolate.halide_generated.cpp:8055:35
interpolate,cxx_default_on_emitted_cpp,5eb72c8d,4,6,cxx_add_to_sub,interpolate.halide_generated.cpp,5126,26,generator_specific,0,0,1,,,test2_golden,0,3.104,cxx_add_to_sub:/mnt/scratch1/ardi/dsl_mut/HM-armc/mutation/lowered-cpp/interpolate/interpolate.halide_generated.cpp:5126:26
interpolate,cxx_default_on_emitted_cpp,5eb72c8d,4,6,cxx_add_to_sub,interpolate.halide_generated.cpp,7766,37,generator_specific,0,0,0,,,,0,3.354,cxx_add_to_sub:/mnt/scratch1/ardi/dsl_mut/HM-armc/mutation/lowered-cpp/interpolate/interpolate.halide_generated.cpp:7766:37
interpolate,cxx_default_on_emitted_cpp,5eb72c8d,4,6,cxx_add_to_sub,interpolate.halide_generated.cpp,8252,36,generator_specific,0,0,1,,,test2_golden,0,3.221,cxx_add_to_sub:/mnt/scratch1/ardi/dsl_mut/HM-armc/mutation/lowered-cpp/interpolate/interpolate.halide_generated.cpp:8252:36
interpolate,cxx_default_on_emitted_cpp,5eb72c8d,4,6,cxx_mul_to_div,interpolate.halide_generated.cpp,3875,25,generator_specific,0,0,0,,,,0,3.206,cxx_mul_to_div:/mnt/scratch1/ardi/dsl_mut/HM-armc/mutation/lowered-cpp/interpolate/interpolate.halide_generated.cpp:3875:25
interpolate,cxx_default_on_emitted_cpp,5eb72c8d,4,6,cxx_sub_to_add,interpolate.halide_generated.cpp,6845,36,generator_specific,0,0,1,,,test2_golden,0,3.224,cxx_sub_to_add:/mnt/scratch1/ardi/dsl_mut/HM-armc/mutation/lowered-cpp/interpolate/interpolate.halide_generated.cpp:6845:36
interpolate,cxx_default_on_emitted_cpp,5eb72c8d,4,6,cxx_add_to_sub,interpolate.halide_generated.cpp,5128,26,generator_specific,0,0,1,,,test2_golden,0,3.439,cxx_add_to_sub:/mnt/scratch1/ardi/dsl_mut/HM-armc/mutation/lowered-cpp/interpolate/interpolate.halide_generated.cpp:5128:26
interpolate,cxx_default_on_emitted_cpp,5eb72c8d,4,6,cxx_add_to_sub,interpolate.halide_generated.cpp,8423,36,generator_specific,0,0,1,,,test2_golden,0,3.299,cxx_add_to_sub:/mnt/scratch1/ardi/dsl_mut/HM-armc/mutation/lowered-cpp/interpolate/interpolate.halide_generated.cpp:8423:36
interpolate,cxx_default_on_emitted_cpp,5eb72c8d,4,6,cxx_mul_to_div,interpolate.halide_generated.cpp,9464,36,generator_specific,0,0,0,,,,0,3.279,cxx_mul_to_div:/mnt/scratch1/ardi/dsl_mut/HM-armc/mutation/lowered-cpp/interpolate/interpolate.halide_generated.cpp:9464:36
interpolate,cxx_default_on_emitted_cpp,5eb72c8d,4,6,cxx_remove_void_call,interpolate.halide_generated.cpp,4764,5,generator_specific,0,0,0,,,,0,3.204,cxx_remove_void_call:/mnt/scratch1/ardi/dsl_mut/HM-armc/mutation/lowered-cpp/interpolate/interpolate.halide_generated.cpp:4764:5
interpolate,cxx_default_on_emitted_cpp,5eb72c8d,4,6,cxx_remove_void_call,interpolate.halide_generated.cpp,4820,2,generator_specific,0,0,0,,,,0,3.352,cxx_remove_void_call:/mnt/scratch1/ardi/dsl_mut/HM-armc/mutation/lowered-cpp/interpolate/interpolate.halide_generated.cpp:4820:2
interpolate,cxx_default_on_emitted_cpp,5eb72c8d,4,6,cxx_add_to_sub,interpolate.halide_generated.cpp,3823,26,generator_specific,0,0,1,,,test2_golden,0,3.095,cxx_add_to_sub:/mnt/scratch1/ardi/dsl_mut/HM-armc/mutation/lowered-cpp/interpolate/interpolate.halide_generated.cpp:3823:26
interpolate,cxx_default_on_emitted_cpp,5eb72c8d,4,6,cxx_sub_to_add,interpolate.halide_generated.cpp,12201,33,generator_specific,0,0,0,,,,0,3.413,cxx_sub_to_add:/mnt/scratch1/ardi/dsl_mut/HM-armc/mutation/lowered-cpp/interpolate/interpolate.halide_generated.cpp:12201:33
interpolate,cxx_default_on_emitted_cpp,5eb72c8d,4,6,cxx_add_to_sub,interpolate.halide_generated.cpp,4240,26,generator_specific,0,0,1,,,test2_golden,0,3.170,cxx_add_to_sub:/mnt/scratch1/ardi/dsl_mut/HM-armc/mutation/lowered-cpp/interpolate/interpolate.halide_generated.cpp:4240:26
interpolate,cxx_default_on_emitted_cpp,5eb72c8d,4,6,cxx_add_to_sub,interpolate.halide_generated.cpp,4879,26,generator_specific,0,0,1,,,test2_golden,0,3.200,cxx_add_to_sub:/mnt/scratch1/ardi/dsl_mut/HM-armc/mutation/lowered-cpp/interpolate/interpolate.halide_generated.cpp:4879:26
interpolate,cxx_default_on_emitted_cpp,5eb72c8d,4,6,cxx_post_inc_to_post_dec,interpolate.halide_generated.cpp,7745,127,generator_specific,-11,1,1,,,test1_demo;test2_golden,0,0.288,cxx_post_inc_to_post_dec:/mnt/scratch1/ardi/dsl_mut/HM-armc/mutation/lowered-cpp/interpolate/interpolate.halide_generated.cpp:7745:127
interpolate,cxx_default_on_emitted_cpp,5eb72c8d,4,6,cxx_lt_to_le,interpolate.halide_generated.cpp,6832,69,generator_specific,-11,1,1,,,test1_demo;test2_golden,0,0.330,cxx_lt_to_le:/mnt/scratch1/ardi/dsl_mut/HM-armc/mutation/lowered-cpp/interpolate/interpolate.halide_generated.cpp:6832:69
interpolate,cxx_default_on_emitted_cpp,5eb72c8d,4,6,cxx_add_to_sub,interpolate.halide_generated.cpp,11342,27,generator_specific,0,0,1,,,test2_golden,0,3.544,cxx_add_to_sub:/mnt/scratch1/ardi/dsl_mut/HM-armc/mutation/lowered-cpp/interpolate/interpolate.halide_generated.cpp:11342:27
interpolate,cxx_default_on_emitted_cpp,5eb72c8d,4,6,cxx_replace_scalar_call,interpolate.halide_generated.cpp,10638,19,generator_specific,0,0,0,,,,0,3.345,cxx_replace_scalar_call:/mnt/scratch1/ardi/dsl_mut/HM-armc/mutation/lowered-cpp/interpolate/interpolate.halide_generated.cpp:10638:19
interpolate,cxx_default_on_emitted_cpp,5eb72c8d,4,6,cxx_add_to_sub,interpolate.halide_generated.cpp,10551,24,generator_specific,0,0,0,,,,0,3.244,cxx_add_to_sub:/mnt/scratch1/ardi/dsl_mut/HM-armc/mutation/lowered-cpp/interpolate/interpolate.halide_generated.cpp:10551:24
interpolate,cxx_default_on_emitted_cpp,5eb72c8d,4,6,cxx_add_to_sub,interpolate.halide_generated.cpp,10119,35,generator_specific,0,0,0,,,,0,2.977,cxx_add_to_sub:/mnt/scratch1/ardi/dsl_mut/HM-armc/mutation/lowered-cpp/interpolate/interpolate.halide_generated.cpp:10119:35
interpolate,cxx_default_on_emitted_cpp,5eb72c8d,4,6,cxx_add_to_sub,interpolate.halide_generated.cpp,7309,38,generator_specific,0,0,0,,,,0,3.589,cxx_add_to_sub:/mnt/scratch1/ardi/dsl_mut/HM-armc/mutation/lowered-cpp/interpolate/interpolate.halide_generated.cpp:7309:38
interpolate,cxx_default_on_emitted_cpp,5eb72c8d,4,6,cxx_add_to_sub,interpolate.halide_generated.cpp,9732,38,generator_specific,0,0,0,,,,0,3.609,cxx_add_to_sub:/mnt/scratch1/ardi/dsl_mut/HM-armc/mutation/lowered-cpp/interpolate/interpolate.halide_generated.cpp:9732:38
interpolate,cxx_default_on_emitted_cpp,5eb72c8d,4,6,cxx_mul_to_div,interpolate.halide_generated.cpp,5119,26,generator_specific,0,0,1,,,test2_golden,0,3.146,cxx_mul_to_div:/mnt/scratch1/ardi/dsl_mut/HM-armc/mutation/lowered-cpp/interpolate/interpolate.halide_generated.cpp:5119:26
interpolate,cxx_default_on_emitted_cpp,5eb72c8d,4,6,cxx_add_to_sub,interpolate.halide_generated.cpp,9404,38,generator_specific,0,0,0,,,,0,3.418,cxx_add_to_sub:/mnt/scratch1/ardi/dsl_mut/HM-armc/mutation/lowered-cpp/interpolate/interpolate.halide_generated.cpp:9404:38
interpolate,cxx_default_on_emitted_cpp,5eb72c8d,4,6,cxx_add_to_sub,interpolate.halide_generated.cpp,5285,26,generator_specific,0,0,1,,,test2_golden,0,3.231,cxx_add_to_sub:/mnt/scratch1/ardi/dsl_mut/HM-armc/mutation/lowered-cpp/interpolate/interpolate.halide_generated.cpp:5285:26
interpolate,cxx_default_on_emitted_cpp,5eb72c8d,4,6,cxx_add_to_sub,interpolate.halide_generated.cpp,9155,60,generator_specific,0,0,0,,,,0,3.610,cxx_add_to_sub:/mnt/scratch1/ardi/dsl_mut/HM-armc/mutation/lowered-cpp/interpolate/interpolate.halide_generated.cpp:9155:60
interpolate,cxx_default_on_emitted_cpp,5eb72c8d,4,6,cxx_remove_void_call,interpolate.halide_generated.cpp,6048,2,generator_specific,0,0,0,,,,0,3.604,cxx_remove_void_call:/mnt/scratch1/ardi/dsl_mut/HM-armc/mutation/lowered-cpp/interpolate/interpolate.halide_generated.cpp:6048:2
interpolate,cxx_default_on_emitted_cpp,5eb72c8d,4,6,cxx_add_to_sub,interpolate.halide_generated.cpp,4569,24,generator_specific,0,0,0,,,,0,3.290,cxx_add_to_sub:/mnt/scratch1/ardi/dsl_mut/HM-armc/mutation/lowered-cpp/interpolate/interpolate.halide_generated.cpp:4569:24
interpolate,cxx_default_on_emitted_cpp,5eb72c8d,4,6,cxx_add_to_sub,interpolate.halide_generated.cpp,3953,71,generator_specific,-11,1,1,,,test1_demo;test2_golden,0,0.295,cxx_add_to_sub:/mnt/scratch1/ardi/dsl_mut/HM-armc/mutation/lowered-cpp/interpolate/interpolate.halide_generated.cpp:3953:71
interpolate,cxx_default_on_emitted_cpp,5eb72c8d,4,6,cxx_add_to_sub,interpolate.halide_generated.cpp,8034,38,generator_specific,0,0,0,,,,0,3.753,cxx_add_to_sub:/mnt/scratch1/ardi/dsl_mut/HM-armc/mutation/lowered-cpp/interpolate/interpolate.halide_generated.cpp:8034:38
interpolate,cxx_default_on_emitted_cpp,5eb72c8d,4,6,cxx_mul_to_div,interpolate.halide_generated.cpp,5564,26,generator_specific,0,0,0,,,,0,3.584,cxx_mul_to_div:/mnt/scratch1/ardi/dsl_mut/HM-armc/mutation/lowered-cpp/interpolate/interpolate.halide_generated.cpp:5564:26
interpolate,cxx_default_on_emitted_cpp,5eb72c8d,4,6,cxx_add_to_sub,interpolate.halide_generated.cpp,4575,25,generator_specific,0,0,1,,,test2_golden,0,3.460,cxx_add_to_sub:/mnt/scratch1/ardi/dsl_mut/HM-armc/mutation/lowered-cpp/interpolate/interpolate.halide_generated.cpp:4575:25
interpolate,cxx_default_on_emitted_cpp,5eb72c8d,4,6,cxx_sub_to_add,interpolate.halide_generated.cpp,9064,34,generator_specific,0,0,0,,,,0,3.242,cxx_sub_to_add:/mnt/scratch1/ardi/dsl_mut/HM-armc/mutation/lowered-cpp/interpolate/interpolate.halide_generated.cpp:9064:34
interpolate,cxx_default_on_emitted_cpp,5eb72c8d,4,6,cxx_add_to_sub,interpolate.halide_generated.cpp,7304,37,generator_specific,0,0,0,,,,0,3.042,cxx_add_to_sub:/mnt/scratch1/ardi/dsl_mut/HM-armc/mutation/lowered-cpp/interpolate/interpolate.halide_generated.cpp:7304:37
interpolate,cxx_default_on_emitted_cpp,5eb72c8d,4,6,cxx_add_to_sub,interpolate.halide_generated.cpp,7790,38,generator_specific,0,0,1,,,test2_golden,0,3.160,cxx_add_to_sub:/mnt/scratch1/ardi/dsl_mut/HM-armc/mutation/lowered-cpp/interpolate/interpolate.halide_generated.cpp:7790:38
interpolate,cxx_default_on_emitted_cpp,5eb72c8d,4,6,cxx_add_to_sub,interpolate.halide_generated.cpp,9944,37,generator_specific,0,0,0,,,,0,3.088,cxx_add_to_sub:/mnt/scratch1/ardi/dsl_mut/HM-armc/mutation/lowered-cpp/interpolate/interpolate.halide_generated.cpp:9944:37
interpolate,cxx_default_on_emitted_cpp,5eb72c8d,4,6,cxx_add_to_sub,interpolate.halide_generated.cpp,8162,38,generator_specific,0,0,0,,,,0,3.816,cxx_add_to_sub:/mnt/scratch1/ardi/dsl_mut/HM-armc/mutation/lowered-cpp/interpolate/interpolate.halide_generated.cpp:8162:38
interpolate,cxx_default_on_emitted_cpp,5eb72c8d,4,6,cxx_remove_void_call,interpolate.halide_generated.cpp,7983,16,generator_specific,0,0,1,,,test2_golden,0,3.083,cxx_remove_void_call:/mnt/scratch1/ardi/dsl_mut/HM-armc/mutation/lowered-cpp/interpolate/interpolate.halide_generated.cpp:7983:16
interpolate,cxx_default_on_emitted_cpp,5eb72c8d,4,6,cxx_add_to_sub,interpolate.halide_generated.cpp,10548,24,generator_specific,-6,1,1,,,test1_demo;test2_golden,0,0.356,cxx_add_to_sub:/mnt/scratch1/ardi/dsl_mut/HM-armc/mutation/lowered-cpp/interpolate/interpolate.halide_generated.cpp:10548:24
interpolate,cxx_default_on_emitted_cpp,5eb72c8d,4,6,cxx_add_to_sub,interpolate.halide_generated.cpp,4512,24,generator_specific,0,0,1,,,test2_golden,0,3.271,cxx_add_to_sub:/mnt/scratch1/ardi/dsl_mut/HM-armc/mutation/lowered-cpp/interpolate/interpolate.halide_generated.cpp:4512:24
interpolate,cxx_default_on_emitted_cpp,5eb72c8d,4,6,cxx_add_to_sub,interpolate.halide_generated.cpp,4252,25,generator_specific,0,0,1,,,test2_golden,0,3.640,cxx_add_to_sub:/mnt/scratch1/ardi/dsl_mut/HM-armc/mutation/lowered-cpp/interpolate/interpolate.halide_generated.cpp:4252:25
interpolate,cxx_default_on_emitted_cpp,5eb72c8d,4,6,cxx_sub_to_add,interpolate.halide_generated.cpp,9145,36,generator_specific,0,0,1,,,test2_golden,0,3.498,cxx_sub_to_add:/mnt/scratch1/ardi/dsl_mut/HM-armc/mutation/lowered-cpp/interpolate/interpolate.halide_generated.cpp:9145:36
interpolate,cxx_default_on_emitted_cpp,5eb72c8d,4,6,cxx_mul_to_div,interpolate.halide_generated.cpp,8532,35,generator_specific,0,0,1,,,test2_golden,0,3.601,cxx_mul_to_div:/mnt/scratch1/ardi/dsl_mut/HM-armc/mutation/lowered-cpp/interpolate/interpolate.halide_generated.cpp:8532:35
interpolate,cxx_default_on_emitted_cpp,5eb72c8d,4,6,cxx_add_to_sub,interpolate.halide_generated.cpp,8235,35,generator_specific,0,0,0,,,,0,3.665,cxx_add_to_sub:/mnt/scratch1/ardi/dsl_mut/HM-armc/mutation/lowered-cpp/interpolate/interpolate.halide_generated.cpp:8235:35
interpolate,cxx_default_on_emitted_cpp,5eb72c8d,4,6,cxx_replace_scalar_call,interpolate.halide_generated.cpp,10735,20,generator_specific,0,0,0,,,,0,3.577,cxx_replace_scalar_call:/mnt/scratch1/ardi/dsl_mut/HM-armc/mutation/lowered-cpp/interpolate/interpolate.halide_generated.cpp:10735:20
interpolate,cxx_default_on_emitted_cpp,5eb72c8d,4,6,cxx_eq_to_ne,interpolate.halide_generated.cpp,8985,53,generator_specific,0,0,0,,,,0,3.614,cxx_eq_to_ne:/mnt/scratch1/ardi/dsl_mut/HM-armc/mutation/lowered-cpp/interpolate/interpolate.halide_generated.cpp:8985:53
interpolate,cxx_default_on_emitted_cpp,5eb72c8d,4,6,cxx_add_to_sub,interpolate.halide_generated.cpp,8662,35,generator_specific,0,0,0,,,,0,2.747,cxx_add_to_sub:/mnt/scratch1/ardi/dsl_mut/HM-armc/mutation/lowered-cpp/interpolate/interpolate.halide_generated.cpp:8662:35
interpolate,cxx_default_on_emitted_cpp,5eb72c8d,4,6,cxx_mul_to_div,interpolate.halide_generated.cpp,10591,24,generator_specific,0,0,0,,,,0,3.478,cxx_mul_to_div:/mnt/scratch1/ardi/dsl_mut/HM-armc/mutation/lowered-cpp/interpolate/interpolate.halide_generated.cpp:10591:24
interpolate,cxx_default_on_emitted_cpp,5eb72c8d,4,6,cxx_add_to_sub,interpolate.halide_generated.cpp,4318,26,generator_specific,0,0,1,,,test2_golden,0,3.370,cxx_add_to_sub:/mnt/scratch1/ardi/dsl_mut/HM-armc/mutation/lowered-cpp/interpolate/interpolate.halide_generated.cpp:4318:26
interpolate,cxx_default_on_emitted_cpp,5eb72c8d,4,6,cxx_add_to_sub,interpolate.halide_generated.cpp,7253,38,generator_specific,0,0,1,,,test2_golden,0,2.514,cxx_add_to_sub:/mnt/scratch1/ardi/dsl_mut/HM-armc/mutation/lowered-cpp/interpolate/interpolate.halide_generated.cpp:7253:38
interpolate,cxx_default_on_emitted_cpp,5eb72c8d,4,6,cxx_sub_to_add,interpolate.halide_generated.cpp,3968,26,generator_specific,0,0,1,,,test2_golden,0,2.805,cxx_sub_to_add:/mnt/scratch1/ardi/dsl_mut/HM-armc/mutation/lowered-cpp/interpolate/interpolate.halide_generated.cpp:3968:26
interpolate,cxx_default_on_emitted_cpp,5eb72c8d,4,6,cxx_mul_to_div,interpolate.halide_generated.cpp,11489,29,generator_specific,0,0,0,,,,0,3.357,cxx_mul_to_div:/mnt/scratch1/ardi/dsl_mut/HM-armc/mutation/lowered-cpp/interpolate/interpolate.halide_generated.cpp:11489:29
interpolate,cxx_default_on_emitted_cpp,5eb72c8d,4,6,cxx_add_to_sub,interpolate.halide_generated.cpp,9170,38,generator_specific,0,0,0,,,,0,3.121,cxx_add_to_sub:/mnt/scratch1/ardi/dsl_mut/HM-armc/mutation/lowered-cpp/interpolate/interpolate.halide_generated.cpp:9170:38
interpolate,cxx_default_on_emitted_cpp,5eb72c8d,4,6,cxx_add_to_sub,interpolate.halide_generated.cpp,11420,28,generator_specific,0,0,1,,,test2_golden,0,3.405,cxx_add_to_sub:/mnt/scratch1/ardi/dsl_mut/HM-armc/mutation/lowered-cpp/interpolate/interpolate.halide_generated.cpp:11420:28
interpolate,cxx_default_on_emitted_cpp,5eb72c8d,4,6,cxx_add_to_sub,interpolate.halide_generated.cpp,7598,38,generator_specific,0,0,1,,,test2_golden,0,3.398,cxx_add_to_sub:/mnt/scratch1/ardi/dsl_mut/HM-armc/mutation/lowered-cpp/interpolate/interpolate.halide_generated.cpp:7598:38
interpolate,cxx_default_on_emitted_cpp,5eb72c8d,4,6,cxx_remove_void_call,interpolate.halide_generated.cpp,4715,5,generator_specific,0,0,1,,,test2_golden,0,2.696,cxx_remove_void_call:/mnt/scratch1/ardi/dsl_mut/HM-armc/mutation/lowered-cpp/interpolate/interpolate.halide_generated.cpp:4715:5
interpolate,cxx_default_on_emitted_cpp,5eb72c8d,4,6,cxx_sub_to_add,interpolate.halide_generated.cpp,4661,23,generator_specific,0,0,1,,,test2_golden,0,3.165,cxx_sub_to_add:/mnt/scratch1/ardi/dsl_mut/HM-armc/mutation/lowered-cpp/interpolate/interpolate.halide_generated.cpp:4661:23
interpolate,cxx_default_on_emitted_cpp,5eb72c8d,4,6,cxx_add_to_sub,interpolate.halide_generated.cpp,9626,38,generator_specific,0,0,0,,,,0,3.617,cxx_add_to_sub:/mnt/scratch1/ardi/dsl_mut/HM-armc/mutation/lowered-cpp/interpolate/interpolate.halide_generated.cpp:9626:38
interpolate,cxx_default_on_emitted_cpp,5eb72c8d,4,6,cxx_add_to_sub,interpolate.halide_generated.cpp,9755,37,generator_specific,0,0,0,,,,0,3.402,cxx_add_to_sub:/mnt/scratch1/ardi/dsl_mut/HM-armc/mutation/lowered-cpp/interpolate/interpolate.halide_generated.cpp:9755:37
interpolate,cxx_default_on_emitted_cpp,5eb72c8d,4,6,cxx_sub_to_add,interpolate.halide_generated.cpp,12306,33,generator_specific,0,0,0,,,,0,3.177,cxx_sub_to_add:/mnt/scratch1/ardi/dsl_mut/HM-armc/mutation/lowered-cpp/interpolate/interpolate.halide_generated.cpp:12306:33
interpolate,cxx_default_on_emitted_cpp,5eb72c8d,4,6,cxx_mul_to_div,interpolate.halide_generated.cpp,11915,32,generator_specific,0,0,0,,,,0,3.169,cxx_mul_to_div:/mnt/scratch1/ardi/dsl_mut/HM-armc/mutation/lowered-cpp/interpolate/interpolate.halide_generated.cpp:11915:32
interpolate,cxx_default_on_emitted_cpp,5eb72c8d,4,6,cxx_sub_to_add,interpolate.halide_generated.cpp,6653,35,generator_specific,0,0,1,,,test2_golden,0,2.609,cxx_sub_to_add:/mnt/scratch1/ardi/dsl_mut/HM-armc/mutation/lowered-cpp/interpolate/interpolate.halide_generated.cpp:6653:35
interpolate,cxx_default_on_emitted_cpp,5eb72c8d,4,6,cxx_add_to_sub,interpolate.halide_generated.cpp,5377,26,generator_specific,0,0,0,,,,0,3.027,cxx_add_to_sub:/mnt/scratch1/ardi/dsl_mut/HM-armc/mutation/lowered-cpp/interpolate/interpolate.halide_generated.cpp:5377:26
interpolate,cxx_default_on_emitted_cpp,5eb72c8d,4,6,cxx_add_to_sub,interpolate.halide_generated.cpp,7237,38,generator_specific,0,0,1,,,test2_golden,0,3.236,cxx_add_to_sub:/mnt/scratch1/ardi/dsl_mut/HM-armc/mutation/lowered-cpp/interpolate/interpolate.halide_generated.cpp:7237:38
interpolate,cxx_default_on_emitted_cpp,5eb72c8d,4,6,cxx_add_to_sub,interpolate.halide_generated.cpp,5273,25,generator_specific,0,0,1,,,test2_golden,0,3.446,cxx_add_to_sub:/mnt/scratch1/ardi/dsl_mut/HM-armc/mutation/lowered-cpp/interpolate/interpolate.halide_generated.cpp:5273:25
interpolate,cxx_default_on_emitted_cpp,5eb72c8d,4,6,cxx_add_to_sub,interpolate.halide_generated.cpp,5749,27,generator_specific,0,0,1,,,test2_golden,0,3.445,cxx_add_to_sub:/mnt/scratch1/ardi/dsl_mut/HM-armc/mutation/lowered-cpp/interpolate/interpolate.halide_generated.cpp:5749:27
interpolate,cxx_default_on_emitted_cpp,5eb72c8d,4,6,cxx_add_to_sub,interpolate.halide_generated.cpp,9160,79,generator_specific,0,0,0,,,,0,3.262,cxx_add_to_sub:/mnt/scratch1/ardi/dsl_mut/HM-armc/mutation/lowered-cpp/interpolate/interpolate.halide_generated.cpp:9160:79
interpolate,cxx_default_on_emitted_cpp,5eb72c8d,4,6,cxx_remove_void_call,interpolate.halide_generated.cpp,4528,5,generator_specific,0,0,1,,,test2_golden,0,3.333,cxx_remove_void_call:/mnt/scratch1/ardi/dsl_mut/HM-armc/mutation/lowered-cpp/interpolate/interpolate.halide_generated.cpp:4528:5
interpolate,cxx_default_on_emitted_cpp,5eb72c8d,4,6,cxx_add_to_sub,interpolate.halide_generated.cpp,8494,36,generator_specific,0,0,1,,,test2_golden,0,3.344,cxx_add_to_sub:/mnt/scratch1/ardi/dsl_mut/HM-armc/mutation/lowered-cpp/interpolate/interpolate.halide_generated.cpp:8494:36
interpolate,cxx_default_on_emitted_cpp,5eb72c8d,4,6,cxx_remove_void_call,interpolate.halide_generated.cpp,4440,2,generator_specific,0,0,0,,,,0,3.187,cxx_remove_void_call:/mnt/scratch1/ardi/dsl_mut/HM-armc/mutation/lowered-cpp/interpolate/interpolate.halide_generated.cpp:4440:2
interpolate,cxx_default_on_emitted_cpp,5eb72c8d,4,6,cxx_add_to_sub,interpolate.halide_generated.cpp,3980,26,generator_specific,0,0,1,,,test2_golden,0,3.177,cxx_add_to_sub:/mnt/scratch1/ardi/dsl_mut/HM-armc/mutation/lowered-cpp/interpolate/interpolate.halide_generated.cpp:3980:26
interpolate,cxx_default_on_emitted_cpp,5eb72c8d,4,6,cxx_mul_to_div,interpolate.halide_generated.cpp,6695,37,generator_specific,0,0,0,,,,0,3.127,cxx_mul_to_div:/mnt/scratch1/ardi/dsl_mut/HM-armc/mutation/lowered-cpp/interpolate/interpolate.halide_generated.cpp:6695:37
interpolate,cxx_default_on_emitted_cpp,5eb72c8d,4,6,cxx_mul_to_div,interpolate.halide_generated.cpp,6311,58,generator_specific,0,0,0,,,,0,3.541,cxx_mul_to_div:/mnt/scratch1/ardi/dsl_mut/HM-armc/mutation/lowered-cpp/interpolate/interpolate.halide_generated.cpp:6311:58
interpolate,cxx_default_on_emitted_cpp,5eb72c8d,4,6,cxx_mul_to_div,interpolate.halide_generated.cpp,10942,26,generator_specific,0,0,0,,,,0,3.296,cxx_mul_to_div:/mnt/scratch1/ardi/dsl_mut/HM-armc/mutation/lowered-cpp/interpolate/interpolate.halide_generated.cpp:10942:26
interpolate,cxx_default_on_emitted_cpp,5eb72c8d,4,6,cxx_lt_to_le,interpolate.halide_generated.cpp,6848,86,generator_specific,0,0,0,,,,0,3.029,cxx_lt_to_le:/mnt/scratch1/ardi/dsl_mut/HM-armc/mutation/lowered-cpp/interpolate/interpolate.halide_generated.cpp:6848:86
interpolate,cxx_default_on_emitted_cpp,5eb72c8d,4,6,cxx_add_to_sub,interpolate.halide_generated.cpp,5186,26,generator_specific,0,0,0,,,,0,3.059,cxx_add_to_sub:/mnt/scratch1/ardi/dsl_mut/HM-armc/mutation/lowered-cpp/interpolate/interpolate.halide_generated.cpp:5186:26
interpolate,cxx_default_on_emitted_cpp,5eb72c8d,4,6,cxx_sub_to_add,interpolate.halide_generated.cpp,11935,32,generator_specific,-6,1,1,,,test1_demo;test2_golden,0,0.304,cxx_sub_to_add:/mnt/scratch1/ardi/dsl_mut/HM-armc/mutation/lowered-cpp/interpolate/interpolate.halide_generated.cpp:11935:32
interpolate,cxx_default_on_emitted_cpp,5eb72c8d,4,6,cxx_add_to_sub,interpolate.halide_generated.cpp,11490,29,generator_specific,0,0,1,,,test2_golden,0,3.309,cxx_add_to_sub:/mnt/scratch1/ardi/dsl_mut/HM-armc/mutation/lowered-cpp/interpolate/interpolate.halide_generated.cpp:11490:29
interpolate,cxx_default_on_emitted_cpp,5eb72c8d,4,6,cxx_add_to_sub,interpolate.halide_generated.cpp,4480,24,generator_specific,-11,1,1,,,test1_demo;test2_golden,0,0.291,cxx_add_to_sub:/mnt/scratch1/ardi/dsl_mut/HM-armc/mutation/lowered-cpp/interpolate/interpolate.halide_generated.cpp:4480:24
interpolate,cxx_default_on_emitted_cpp,5eb72c8d,4,6,cxx_add_to_sub,interpolate.halide_generated.cpp,7759,37,generator_specific,-11,1,1,,,test1_demo;test2_golden,0,0.366,cxx_add_to_sub:/mnt/scratch1/ardi/dsl_mut/HM-armc/mutation/lowered-cpp/interpolate/interpolate.halide_generated.cpp:7759:37
interpolate,cxx_default_on_emitted_cpp,5eb72c8d,4,6,cxx_le_to_gt,interpolate.halide_generated.cpp,10799,18,generator_specific,-6,1,1,,,test1_demo;test2_golden,0,0.266,cxx_le_to_gt:/mnt/scratch1/ardi/dsl_mut/HM-armc/mutation/lowered-cpp/interpolate/interpolate.halide_generated.cpp:10799:18
interpolate,cxx_default_on_emitted_cpp,5eb72c8d,4,6,cxx_add_to_sub,interpolate.halide_generated.cpp,10145,36,generator_specific,0,0,0,,,,0,3.150,cxx_add_to_sub:/mnt/scratch1/ardi/dsl_mut/HM-armc/mutation/lowered-cpp/interpolate/interpolate.halide_generated.cpp:10145:36
interpolate,cxx_default_on_emitted_cpp,5eb72c8d,4,6,cxx_mul_to_div,interpolate.halide_generated.cpp,10476,24,generator_specific,0,0,1,,,test2_golden,0,3.336,cxx_mul_to_div:/mnt/scratch1/ardi/dsl_mut/HM-armc/mutation/lowered-cpp/interpolate/interpolate.halide_generated.cpp:10476:24
interpolate,cxx_default_on_emitted_cpp,5eb72c8d,4,6,cxx_add_to_sub,interpolate.halide_generated.cpp,10506,24,generator_specific,0,0,0,,,,0,3.294,cxx_add_to_sub:/mnt/scratch1/ardi/dsl_mut/HM-armc/mutation/lowered-cpp/interpolate/interpolate.halide_generated.cpp:10506:24
interpolate,cxx_default_on_emitted_cpp,5eb72c8d,4,6,cxx_add_to_sub,interpolate.halide_generated.cpp,8368,36,generator_specific,0,0,1,,,test2_golden,0,3.766,cxx_add_to_sub:/mnt/scratch1/ardi/dsl_mut/HM-armc/mutation/lowered-cpp/interpolate/interpolate.halide_generated.cpp:8368:36
interpolate,cxx_default_on_emitted_cpp,5eb72c8d,4,6,cxx_add_to_sub,interpolate.halide_generated.cpp,7841,37,generator_specific,0,0,0,,,,0,2.976,cxx_add_to_sub:/mnt/scratch1/ardi/dsl_mut/HM-armc/mutation/lowered-cpp/interpolate/interpolate.halide_generated.cpp:7841:37
interpolate,cxx_default_on_emitted_cpp,5eb72c8d,4,6,cxx_mul_to_div,interpolate.halide_generated.cpp,8699,35,generator_specific,0,0,1,,,test2_golden,0,3.193,cxx_mul_to_div:/mnt/scratch1/ardi/dsl_mut/HM-armc/mutation/lowered-cpp/interpolate/interpolate.halide_generated.cpp:8699:35
interpolate,cxx_default_on_emitted_cpp,5eb72c8d,4,6,cxx_mul_to_div,interpolate.halide_generated.cpp,11812,32,generator_specific,-6,1,1,,,test1_demo;test2_golden,0,0.353,cxx_mul_to_div:/mnt/scratch1/ardi/dsl_mut/HM-armc/mutation/lowered-cpp/interpolate/interpolate.halide_generated.cpp:11812:32
interpolate,cxx_default_on_emitted_cpp,5eb72c8d,4,6,cxx_mul_to_div,interpolate.halide_generated.cpp,9315,37,generator_specific,0,0,0,,,,0,3.361,cxx_mul_to_div:/mnt/scratch1/ardi/dsl_mut/HM-armc/mutation/lowered-cpp/interpolate/interpolate.halide_generated.cpp:9315:37
interpolate,cxx_default_on_emitted_cpp,5eb72c8d,4,6,cxx_add_to_sub,interpolate.halide_generated.cpp,10087,37,generator_specific,0,0,0,,,,0,3.264,cxx_add_to_sub:/mnt/scratch1/ardi/dsl_mut/HM-armc/mutation/lowered-cpp/interpolate/interpolate.halide_generated.cpp:10087:37
interpolate,cxx_default_on_emitted_cpp,5eb72c8d,4,6,cxx_gt_to_le,interpolate.halide_generated.cpp,11945,34,generator_specific,-11,1,1,,,test1_demo;test2_golden,0,0.326,cxx_gt_to_le:/mnt/scratch1/ardi/dsl_mut/HM-armc/mutation/lowered-cpp/interpolate/interpolate.halide_generated.cpp:11945:34
interpolate,cxx_default_on_emitted_cpp,5eb72c8d,4,6,cxx_sub_to_add,interpolate.halide_generated.cpp,7022,36,generator_specific,0,0,0,,,,0,3.317,cxx_sub_to_add:/mnt/scratch1/ardi/dsl_mut/HM-armc/mutation/lowered-cpp/interpolate/interpolate.halide_generated.cpp:7022:36
interpolate,cxx_default_on_emitted_cpp,5eb72c8d,4,6,cxx_lt_to_ge,interpolate.halide_generated.cpp,6655,69,generator_specific,0,0,1,,,test2_golden,0,3.921,cxx_lt_to_ge:/mnt/scratch1/ardi/dsl_mut/HM-armc/mutation/lowered-cpp/interpolate/interpolate.halide_generated.cpp:6655:69
interpolate,cxx_default_on_emitted_cpp,5eb72c8d,4,6,cxx_add_to_sub,interpolate.halide_generated.cpp,7307,38,generator_specific,0,0,0,,,,0,3.266,cxx_add_to_sub:/mnt/scratch1/ardi/dsl_mut/HM-armc/mutation/lowered-cpp/interpolate/interpolate.halide_generated.cpp:7307:38
interpolate,cxx_default_on_emitted_cpp,5eb72c8d,4,6,cxx_le_to_gt,interpolate.halide_generated.cpp,10954,22,generator_specific,-6,1,1,,,test1_demo;test2_golden,0,0.288,cxx_le_to_gt:/mnt/scratch1/ardi/dsl_mut/HM-armc/mutation/lowered-cpp/interpolate/interpolate.halide_generated.cpp:10954:22
interpolate,cxx_default_on_emitted_cpp,5eb72c8d,4,6,cxx_lt_to_le,interpolate.halide_generated.cpp,9724,75,generator_specific,0,0,0,,,,0,3.161,cxx_lt_to_le:/mnt/scratch1/ardi/dsl_mut/HM-armc/mutation/lowered-cpp/interpolate/interpolate.halide_generated.cpp:9724:75
interpolate,cxx_default_on_emitted_cpp,5eb72c8d,4,6,cxx_add_to_sub,interpolate.halide_generated.cpp,4319,27,generator_specific,0,0,1,,,test2_golden,0,3.267,cxx_add_to_sub:/mnt/scratch1/ardi/dsl_mut/HM-armc/mutation/lowered-cpp/interpolate/interpolate.halide_generated.cpp:4319:27
interpolate,cxx_default_on_emitted_cpp,5eb72c8d,4,6,cxx_add_to_sub,interpolate.halide_generated.cpp,7206,90,generator_specific,0,0,1,,,test2_golden,0,3.699,cxx_add_to_sub:/mnt/scratch1/ardi/dsl_mut/HM-armc/mutation/lowered-cpp/interpolate/interpolate.halide_generated.cpp:7206:90
interpolate,cxx_default_on_emitted_cpp,5eb72c8d,4,6,cxx_post_inc_to_post_dec,interpolate.halide_generated.cpp,4033,180,generator_specific,-11,1,1,,,test1_demo;test2_golden,0,0.301,cxx_post_inc_to_post_dec:/mnt/scratch1/ardi/dsl_mut/HM-armc/mutation/lowered-cpp/interpolate/interpolate.halide_generated.cpp:4033:180
interpolate,cxx_default_on_emitted_cpp,5eb72c8d,4,6,cxx_add_to_sub,interpolate.halide_generated.cpp,8090,36,generator_specific,0,0,0,,,,0,3.662,cxx_add_to_sub:/mnt/scratch1/ardi/dsl_mut/HM-armc/mutation/lowered-cpp/interpolate/interpolate.halide_generated.cpp:8090:36
interpolate,cxx_default_on_emitted_cpp,5eb72c8d,4,6,cxx_add_to_sub,interpolate.halide_generated.cpp,6604,37,generator_specific,0,0,1,,,test2_golden,0,3.845,cxx_add_to_sub:/mnt/scratch1/ardi/dsl_mut/HM-armc/mutation/lowered-cpp/interpolate/interpolate.halide_generated.cpp:6604:37
interpolate,cxx_default_on_emitted_cpp,5eb72c8d,4,6,cxx_add_to_sub,interpolate.halide_generated.cpp,10489,24,generator_specific,0,0,0,,,,0,3.606,cxx_add_to_sub:/mnt/scratch1/ardi/dsl_mut/HM-armc/mutation/lowered-cpp/interpolate/interpolate.halide_generated.cpp:10489:24
interpolate,cxx_default_on_emitted_cpp,5eb72c8d,4,6,cxx_add_to_sub,interpolate.halide_generated.cpp,4652,23,generator_specific,-6,1,1,,,test1_demo;test2_golden,0,0.505,cxx_add_to_sub:/mnt/scratch1/ardi/dsl_mut/HM-armc/mutation/lowered-cpp/interpolate/interpolate.halide_generated.cpp:4652:23
interpolate,cxx_default_on_emitted_cpp,5eb72c8d,4,6,cxx_lt_to_le,interpolate.halide_generated.cpp,7025,86,generator_specific,-11,1,1,,,test1_demo;test2_golden,0,0.390,cxx_lt_to_le:/mnt/scratch1/ardi/dsl_mut/HM-armc/mutation/lowered-cpp/interpolate/interpolate.halide_generated.cpp:7025:86
interpolate,cxx_default_on_emitted_cpp,5eb72c8d,4,6,cxx_add_to_sub,interpolate.halide_generated.cpp,6585,37,generator_specific,-11,1,1,,,test1_demo;test2_golden,0,0.435,cxx_add_to_sub:/mnt/scratch1/ardi/dsl_mut/HM-armc/mutation/lowered-cpp/interpolate/interpolate.halide_generated.cpp:6585:37
interpolate,cxx_default_on_emitted_cpp,5eb72c8d,4,6,cxx_lt_to_ge,interpolate.halide_generated.cpp,7233,75,generator_specific,0,0,1,,,test2_golden,0,3.416,cxx_lt_to_ge:/mnt/scratch1/ardi/dsl_mut/HM-armc/mutation/lowered-cpp/interpolate/interpolate.halide_generated.cpp:7233:75
interpolate,cxx_default_on_emitted_cpp,5eb72c8d,4,6,cxx_mul_to_div,interpolate.halide_generated.cpp,5694,26,generator_specific,0,0,1,,,test2_golden,0,3.645,cxx_mul_to_div:/mnt/scratch1/ardi/dsl_mut/HM-armc/mutation/lowered-cpp/interpolate/interpolate.halide_generated.cpp:5694:26
interpolate,cxx_default_on_emitted_cpp,5eb72c8d,4,6,cxx_add_to_sub,interpolate.halide_generated.cpp,5170,27,generator_specific,0,0,0,,,,0,3.653,cxx_add_to_sub:/mnt/scratch1/ardi/dsl_mut/HM-armc/mutation/lowered-cpp/interpolate/interpolate.halide_generated.cpp:5170:27
interpolate,cxx_default_on_emitted_cpp,5eb72c8d,4,6,cxx_add_to_sub,interpolate.halide_generated.cpp,3997,26,generator_specific,0,0,1,,,test2_golden,0,3.442,cxx_add_to_sub:/mnt/scratch1/ardi/dsl_mut/HM-armc/mutation/lowered-cpp/interpolate/interpolate.halide_generated.cpp:3997:26
interpolate,cxx_default_on_emitted_cpp,5eb72c8d,4,6,cxx_add_to_sub,interpolate.halide_generated.cpp,7764,37,generator_specific,-11,1,1,,,test1_demo;test2_golden,0,0.457,cxx_add_to_sub:/mnt/scratch1/ardi/dsl_mut/HM-armc/mutation/lowered-cpp/interpolate/interpolate.halide_generated.cpp:7764:37
interpolate,cxx_default_on_emitted_cpp,5eb72c8d,4,6,cxx_add_to_sub,interpolate.halide_generated.cpp,7588,37,generator_specific,-6,1,1,,,test1_demo;test2_golden,0,0.407,cxx_add_to_sub:/mnt/scratch1/ardi/dsl_mut/HM-armc/mutation/lowered-cpp/interpolate/interpolate.halide_generated.cpp:7588:37
interpolate,cxx_default_on_emitted_cpp,5eb72c8d,4,6,cxx_eq_to_ne,interpolate.halide_generated.cpp,11423,25,generator_specific,0,0,1,,,test2_golden,0,1.852,cxx_eq_to_ne:/mnt/scratch1/ardi/dsl_mut/HM-armc/mutation/lowered-cpp/interpolate/interpolate.halide_generated.cpp:11423:25
interpolate,cxx_default_on_emitted_cpp,5eb72c8d,4,6,cxx_add_to_sub,interpolate.halide_generated.cpp,11202,26,generator_specific,0,0,1,,,test2_golden,0,3.264,cxx_add_to_sub:/mnt/scratch1/ardi/dsl_mut/HM-armc/mutation/lowered-cpp/interpolate/interpolate.halide_generated.cpp:11202:26
interpolate,cxx_default_on_emitted_cpp,5eb72c8d,4,6,cxx_add_to_sub,interpolate.halide_generated.cpp,8597,36,generator_specific,0,0,0,,,,0,3.502,cxx_add_to_sub:/mnt/scratch1/ardi/dsl_mut/HM-armc/mutation/lowered-cpp/interpolate/interpolate.halide_generated.cpp:8597:36
interpolate,cxx_default_on_emitted_cpp,5eb72c8d,4,6,cxx_lt_to_ge,interpolate.halide_generated.cpp,5666,62,generator_specific,0,0,1,,,test2_golden,0,3.061,cxx_lt_to_ge:/mnt/scratch1/ardi/dsl_mut/HM-armc/mutation/lowered-cpp/interpolate/interpolate.halide_generated.cpp:5666:62
interpolate,cxx_default_on_emitted_cpp,5eb72c8d,4,6,cxx_add_to_sub,interpolate.halide_generated.cpp,5712,27,generator_specific,0,0,1,,,test2_golden,0,3.423,cxx_add_to_sub:/mnt/scratch1/ardi/dsl_mut/HM-armc/mutation/lowered-cpp/interpolate/interpolate.halide_generated.cpp:5712:27
interpolate,cxx_default_on_emitted_cpp,5eb72c8d,4,6,cxx_mul_to_div,interpolate.halide_generated.cpp,7941,38,generator_specific,0,0,1,,,test2_golden,0,3.055,cxx_mul_to_div:/mnt/scratch1/ardi/dsl_mut/HM-armc/mutation/lowered-cpp/interpolate/interpolate.halide_generated.cpp:7941:38
interpolate,cxx_default_on_emitted_cpp,5eb72c8d,4,6,cxx_add_to_sub,interpolate.halide_generated.cpp,9246,90,generator_specific,0,0,0,,,,0,3.256,cxx_add_to_sub:/mnt/scratch1/ardi/dsl_mut/HM-armc/mutation/lowered-cpp/interpolate/interpolate.halide_generated.cpp:9246:90
interpolate,cxx_default_on_emitted_cpp,5eb72c8d,4,6,cxx_add_to_sub,interpolate.halide_generated.cpp,6945,79,generator_specific,0,0,0,,,,0,3.256,cxx_add_to_sub:/mnt/scratch1/ardi/dsl_mut/HM-armc/mutation/lowered-cpp/interpolate/interpolate.halide_generated.cpp:6945:79
interpolate,cxx_default_on_emitted_cpp,5eb72c8d,4,6,cxx_gt_to_ge,interpolate.halide_generated.cpp,3660,67,generator_specific,0,0,0,,,,0,3.268,cxx_gt_to_ge:/mnt/scratch1/ardi/dsl_mut/HM-armc/mutation/lowered-cpp/interpolate/interpolate.halide_generated.cpp:3660:67
interpolate,cxx_default_on_emitted_cpp,5eb72c8d,4,6,cxx_remove_void_call,interpolate.halide_generated.cpp,5243,2,generator_specific,0,0,1,,,test2_golden,0,3.206,cxx_remove_void_call:/mnt/scratch1/ardi/dsl_mut/HM-armc/mutation/lowered-cpp/interpolate/interpolate.halide_generated.cpp:5243:2
interpolate,cxx_default_on_emitted_cpp,5eb72c8d,4,6,cxx_add_to_sub,interpolate.halide_generated.cpp,8888,26,generator_specific,0,0,0,,,,0,3.307,cxx_add_to_sub:/mnt/scratch1/ardi/dsl_mut/HM-armc/mutation/lowered-cpp/interpolate/interpolate.halide_generated.cpp:8888:26
interpolate,cxx_default_on_emitted_cpp,5eb72c8d,4,6,cxx_eq_to_ne,interpolate.halide_generated.cpp,9076,57,generator_specific,0,0,0,,,,0,3.282,cxx_eq_to_ne:/mnt/scratch1/ardi/dsl_mut/HM-armc/mutation/lowered-cpp/interpolate/interpolate.halide_generated.cpp:9076:57
interpolate,cxx_default_on_emitted_cpp,5eb72c8d,4,6,cxx_lt_to_ge,interpolate.halide_generated.cpp,5150,62,generator_specific,0,0,0,,,,0,3.310,cxx_lt_to_ge:/mnt/scratch1/ardi/dsl_mut/HM-armc/mutation/lowered-cpp/interpolate/interpolate.halide_generated.cpp:5150:62
interpolate,cxx_default_on_emitted_cpp,5eb72c8d,4,6,cxx_add_to_sub,interpolate.halide_generated.cpp,4943,26,generator_specific,0,0,1,,,test2_golden,0,3.310,cxx_add_to_sub:/mnt/scratch1/ardi/dsl_mut/HM-armc/mutation/lowered-cpp/interpolate/interpolate.halide_generated.cpp:4943:26
interpolate,cxx_default_on_emitted_cpp,5eb72c8d,4,6,cxx_replace_scalar_call,interpolate.halide_generated.cpp,5544,19,generator_specific,0,0,0,,,,0,3.255,cxx_replace_scalar_call:/mnt/scratch1/ardi/dsl_mut/HM-armc/mutation/lowered-cpp/interpolate/interpolate.halide_generated.cpp:5544:19
interpolate,cxx_default_on_emitted_cpp,5eb72c8d,4,6,cxx_add_to_sub,interpolate.halide_generated.cpp,7809,37,generator_specific,0,0,1,,,test2_golden,0,2.954,cxx_add_to_sub:/mnt/scratch1/ardi/dsl_mut/HM-armc/mutation/lowered-cpp/interpolate/interpolate.halide_generated.cpp:7809:37
interpolate,cxx_default_on_emitted_cpp,5eb72c8d,4,6,cxx_add_to_sub,interpolate.halide_generated.cpp,6822,35,generator_specific,0,0,1,,,test2_golden,0,2.966,cxx_add_to_sub:/mnt/scratch1/ardi/dsl_mut/HM-armc/mutation/lowered-cpp/interpolate/interpolate.halide_generated.cpp:6822:35
interpolate,cxx_default_on_emitted_cpp,5eb72c8d,4,6,cxx_add_to_sub,interpolate.halide_generated.cpp,9624,38,generator_specific,0,0,0,,,,0,3.333,cxx_add_to_sub:/mnt/scratch1/ardi/dsl_mut/HM-armc/mutation/lowered-cpp/interpolate/interpolate.halide_generated.cpp:9624:38
interpolate,cxx_default_on_emitted_cpp,5eb72c8d,4,6,cxx_mul_to_div,interpolate.halide_generated.cpp,7339,37,generator_specific,0,0,0,,,,0,3.276,cxx_mul_to_div:/mnt/scratch1/ardi/dsl_mut/HM-armc/mutation/lowered-cpp/interpolate/interpolate.halide_generated.cpp:7339:37
interpolate,cxx_default_on_emitted_cpp,5eb72c8d,4,6,cxx_add_to_sub,interpolate.halide_generated.cpp,7483,37,generator_specific,0,0,0,,,,0,3.265,cxx_add_to_sub:/mnt/scratch1/ardi/dsl_mut/HM-armc/mutation/lowered-cpp/interpolate/interpolate.halide_generated.cpp:7483:37
interpolate,cxx_default_on_emitted_cpp,5eb72c8d,4,6,cxx_lt_to_le,interpolate.halide_generated.cpp,7348,28,generator_specific,0,0,0,,,,0,3.542,cxx_lt_to_le:/mnt/scratch1/ardi/dsl_mut/HM-armc/mutation/lowered-cpp/interpolate/interpolate.halide_generated.cpp:7348:28
interpolate,cxx_default_on_emitted_cpp,5eb72c8d,4,6,cxx_gt_to_le,interpolate.halide_generated.cpp,10886,22,generator_specific,-6,1,1,,,test1_demo;test2_golden,0,0.258,cxx_gt_to_le:/mnt/scratch1/ardi/dsl_mut/HM-armc/mutation/lowered-cpp/interpolate/interpolate.halide_generated.cpp:10886:22
interpolate,cxx_default_on_emitted_cpp,5eb72c8d,4,6,cxx_mul_to_div,interpolate.halide_generated.cpp,9022,32,generator_specific,0,0,0,,,,0,3.201,cxx_mul_to_div:/mnt/scratch1/ardi/dsl_mut/HM-armc/mutation/lowered-cpp/interpolate/interpolate.halide_generated.cpp:9022:32
interpolate,cxx_default_on_emitted_cpp,5eb72c8d,4,6,cxx_add_to_sub,interpolate.halide_generated.cpp,5154,27,generator_specific,0,0,1,,,test2_golden,0,3.309,cxx_add_to_sub:/mnt/scratch1/ardi/dsl_mut/HM-armc/mutation/lowered-cpp/interpolate/interpolate.halide_generated.cpp:5154:27
interpolate,cxx_default_on_emitted_cpp,5eb72c8d,4,6,cxx_add_to_sub,interpolate.halide_generated.cpp,7349,49,generator_specific,-6,1,1,,,test1_demo;test2_golden,0,0.314,cxx_add_to_sub:/mnt/scratch1/ardi/dsl_mut/HM-armc/mutation/lowered-cpp/interpolate/interpolate.halide_generated.cpp:7349:49
interpolate,cxx_default_on_emitted_cpp,5eb72c8d,4,6,cxx_mul_to_div,interpolate.halide_generated.cpp,7698,37,generator_specific,0,0,0,,,,0,3.209,cxx_mul_to_div:/mnt/scratch1/ardi/dsl_mut/HM-armc/mutation/lowered-cpp/interpolate/interpolate.halide_generated.cpp:7698:37
interpolate,cxx_default_on_emitted_cpp,5eb72c8d,4,6,cxx_post_inc_to_post_dec,interpolate.halide_generated.cpp,6499,98,generator_specific,-11,1,1,,,test1_demo;test2_golden,0,0.310,cxx_post_inc_to_post_dec:/mnt/scratch1/ardi/dsl_mut/HM-armc/mutation/lowered-cpp/interpolate/interpolate.halide_generated.cpp:6499:98
interpolate,cxx_default_on_emitted_cpp,5eb72c8d,4,6,cxx_eq_to_ne,interpolate.halide_generated.cpp,11821,54,generator_specific,0,0,0,,,,0,3.213,cxx_eq_to_ne:/mnt/scratch1/ardi/dsl_mut/HM-armc/mutation/lowered-cpp/interpolate/interpolate.halide_generated.cpp:11821:54
interpolate,cxx_default_on_emitted_cpp,5eb72c8d,4,6,cxx_add_to_sub,interpolate.halide_generated.cpp,4513,25,generator_specific,0,0,1,,,test2_golden,0,3.759,cxx_add_to_sub:/mnt/scratch1/ardi/dsl_mut/HM-armc/mutation/lowered-cpp/interpolate/interpolate.halide_generated.cpp:4513:25
interpolate,cxx_default_on_emitted_cpp,5eb72c8d,4,6,cxx_post_inc_to_post_dec,interpolate.halide_generated.cpp,7206,127,generator_specific,-11,1,1,,,test1_demo;test2_golden,0,0.349,cxx_post_inc_to_post_dec:/mnt/scratch1/ardi/dsl_mut/HM-armc/mutation/lowered-cpp/interpolate/interpolate.halide_generated.cpp:7206:127
interpolate,cxx_default_on_emitted_cpp,5eb72c8d,4,6,cxx_add_to_sub,interpolate.halide_generated.cpp,7608,38,generator_specific,0,0,1,,,test2_golden,0,3.576,cxx_add_to_sub:/mnt/scratch1/ardi/dsl_mut/HM-armc/mutation/lowered-cpp/interpolate/interpolate.halide_generated.cpp:7608:38
interpolate,cxx_default_on_emitted_cpp,5eb72c8d,4,6,cxx_add_to_sub,interpolate.halide_generated.cpp,7736,36,generator_specific,-11,1,1,,,test1_demo;test2_golden,0,0.304,cxx_add_to_sub:/mnt/scratch1/ardi/dsl_mut/HM-armc/mutation/lowered-cpp/interpolate/interpolate.halide_generated.cpp:7736:36
interpolate,cxx_default_on_emitted_cpp,5eb72c8d,4,6,cxx_add_to_sub,interpolate.halide_generated.cpp,9518,38,generator_specific,0,0,0,,,,0,3.294,cxx_add_to_sub:/mnt/scratch1/ardi/dsl_mut/HM-armc/mutation/lowered-cpp/interpolate/interpolate.halide_generated.cpp:9518:38
interpolate,cxx_default_on_emitted_cpp,5eb72c8d,4,6,cxx_add_to_sub,interpolate.halide_generated.cpp,10194,36,generator_specific,0,0,0,,,,0,3.423,cxx_add_to_sub:/mnt/scratch1/ardi/dsl_mut/HM-armc/mutation/lowered-cpp/interpolate/interpolate.halide_generated.cpp:10194:36
interpolate,cxx_default_on_emitted_cpp,5eb72c8d,4,6,cxx_add_to_sub,interpolate.halide_generated.cpp,8203,36,generator_specific,0,0,0,,,,0,3.557,cxx_add_to_sub:/mnt/scratch1/ardi/dsl_mut/HM-armc/mutation/lowered-cpp/interpolate/interpolate.halide_generated.cpp:8203:36
interpolate,cxx_default_on_emitted_cpp,5eb72c8d,4,6,cxx_gt_to_le,interpolate.halide_generated.cpp,6402,23,generator_specific,-6,1,1,,,test1_demo;test2_golden,0,0.360,cxx_gt_to_le:/mnt/scratch1/ardi/dsl_mut/HM-armc/mutation/lowered-cpp/interpolate/interpolate.halide_generated.cpp:6402:23
interpolate,cxx_default_on_emitted_cpp,5eb72c8d,4,6,cxx_mul_to_div,interpolate.halide_generated.cpp,4056,25,generator_specific,0,0,1,,,test2_golden,0,3.727,cxx_mul_to_div:/mnt/scratch1/ardi/dsl_mut/HM-armc/mutation/lowered-cpp/interpolate/interpolate.halide_generated.cpp:4056:25
interpolate,cxx_default_on_emitted_cpp,5eb72c8d,4,6,cxx_mul_to_div,interpolate.halide_generated.cpp,7020,36,generator_specific,0,0,1,,,test2_golden,0,3.514,cxx_mul_to_div:/mnt/scratch1/ardi/dsl_mut/HM-armc/mutation/lowered-cpp/interpolate/interpolate.halide_generated.cpp:7020:36
interpolate,cxx_default_on_emitted_cpp,5eb72c8d,4,6,cxx_add_to_sub,interpolate.halide_generated.cpp,10309,36,generator_specific,0,0,0,,,,0,3.175,cxx_add_to_sub:/mnt/scratch1/ardi/dsl_mut/HM-armc/mutation/lowered-cpp/interpolate/interpolate.halide_generated.cpp:10309:36
interpolate,cxx_default_on_emitted_cpp,5eb72c8d,4,6,cxx_post_inc_to_post_dec,interpolate.halide_generated.cpp,4459,96,generator_specific,-11,1,1,,,test1_demo;test2_golden,0,0.361,cxx_post_inc_to_post_dec:/mnt/scratch1/ardi/dsl_mut/HM-armc/mutation/lowered-cpp/interpolate/interpolate.halide_generated.cpp:4459:96
interpolate,cxx_default_on_emitted_cpp,5eb72c8d,4,6,cxx_mul_to_div,interpolate.halide_generated.cpp,4129,24,generator_specific,0,0,1,,,test2_golden,0,2.840,cxx_mul_to_div:/mnt/scratch1/ardi/dsl_mut/HM-armc/mutation/lowered-cpp/interpolate/interpolate.halide_generated.cpp:4129:24
interpolate,cxx_default_on_emitted_cpp,5eb72c8d,4,6,cxx_add_to_sub,interpolate.halide_generated.cpp,4692,25,generator_specific,0,0,1,,,test2_golden,0,3.686,cxx_add_to_sub:/mnt/scratch1/ardi/dsl_mut/HM-armc/mutation/lowered-cpp/interpolate/interpolate.halide_generated.cpp:4692:25
interpolate,cxx_default_on_emitted_cpp,5eb72c8d,4,6,cxx_mul_to_div,interpolate.halide_generated.cpp,3800,25,generator_specific,0,0,1,,,test2_golden,0,3.358,cxx_mul_to_div:/mnt/scratch1/ardi/dsl_mut/HM-armc/mutation/lowered-cpp/interpolate/interpolate.halide_generated.cpp:3800:25
interpolate,cxx_default_on_emitted_cpp,5eb72c8d,4,6,cxx_add_to_sub,interpolate.halide_generated.cpp,7577,37,generator_specific,0,0,1,,,test2_golden,0,3.309,cxx_add_to_sub:/mnt/scratch1/ardi/dsl_mut/HM-armc/mutation/lowered-cpp/interpolate/interpolate.halide_generated.cpp:7577:37
interpolate,cxx_default_on_emitted_cpp,5eb72c8d,4,6,cxx_mul_to_div,interpolate.halide_generated.cpp,4736,24,generator_specific,0,0,0,,,,0,3.117,cxx_mul_to_div:/mnt/scratch1/ardi/dsl_mut/HM-armc/mutation/lowered-cpp/interpolate/interpolate.halide_generated.cpp:4736:24
interpolate,cxx_default_on_emitted_cpp,5eb72c8d,4,6,cxx_add_to_sub,interpolate.halide_generated.cpp,7285,37,generator_specific,0,0,0,,,,0,3.266,cxx_add_to_sub:/mnt/scratch1/ardi/dsl_mut/HM-armc/mutation/lowered-cpp/interpolate/interpolate.halide_generated.cpp:7285:37
interpolate,cxx_default_on_emitted_cpp,5eb72c8d,4,6,cxx_mul_to_div,interpolate.halide_generated.cpp,5466,25,generator_specific,0,0,1,,,test2_golden,0,3.607,cxx_mul_to_div:/mnt/scratch1/ardi/dsl_mut/HM-armc/mutation/lowered-cpp/interpolate/interpolate.halide_generated.cpp:5466:25
interpolate,cxx_default_on_emitted_cpp,5eb72c8d,4,6,cxx_add_to_sub,interpolate.halide_generated.cpp,9528,37,generator_specific,0,0,1,,,test2_golden,0,3.658,cxx_add_to_sub:/mnt/scratch1/ardi/dsl_mut/HM-armc/mutation/lowered-cpp/interpolate/interpolate.halide_generated.cpp:9528:37
interpolate,cxx_default_on_emitted_cpp,5eb72c8d,4,6,cxx_gt_to_le,interpolate.halide_generated.cpp,10979,23,generator_specific,0,0,0,,,,0,3.353,cxx_gt_to_le:/mnt/scratch1/ardi/dsl_mut/HM-armc/mutation/lowered-cpp/interpolate/interpolate.halide_generated.cpp:10979:23
interpolate,cxx_default_on_emitted_cpp,5eb72c8d,4,6,cxx_add_to_sub,interpolate.halide_generated.cpp,7596,38,generator_specific,0,0,1,,,test2_golden,0,3.987,cxx_add_to_sub:/mnt/scratch1/ardi/dsl_mut/HM-armc/mutation/lowered-cpp/interpolate/interpolate.halide_generated.cpp:7596:38
interpolate,cxx_default_on_emitted_cpp,5eb72c8d,4,6,cxx_mul_to_div,interpolate.halide_generated.cpp,6552,37,generator_specific,0,0,1,,,test2_golden,0,3.503,cxx_mul_to_div:/mnt/scratch1/ardi/dsl_mut/HM-armc/mutation/lowered-cpp/interpolate/interpolate.halide_generated.cpp:6552:37
interpolate,cxx_default_on_emitted_cpp,5eb72c8d,4,6,cxx_add_to_sub,interpolate.halide_generated.cpp,6200,26,generator_specific,-6,1,1,,,test1_demo;test2_golden,0,0.415,cxx_add_to_sub:/mnt/scratch1/ardi/dsl_mut/HM-armc/mutation/lowered-cpp/interpolate/interpolate.halide_generated.cpp:6200:26
interpolate,cxx_default_on_emitted_cpp,5eb72c8d,4,6,cxx_add_to_sub,interpolate.halide_generated.cpp,9907,36,generator_specific,0,0,0,,,,0,3.254,cxx_add_to_sub:/mnt/scratch1/ardi/dsl_mut/HM-armc/mutation/lowered-cpp/interpolate/interpolate.halide_generated.cpp:9907:36
interpolate,cxx_default_on_emitted_cpp,5eb72c8d,4,6,cxx_add_to_sub,interpolate.halide_generated.cpp,9952,38,generator_specific,0,0,0,,,,0,3.810,cxx_add_to_sub:/mnt/scratch1/ardi/dsl_mut/HM-armc/mutation/lowered-cpp/interpolate/interpolate.halide_generated.cpp:9952:38
interpolate,cxx_default_on_emitted_cpp,5eb72c8d,4,6,cxx_add_to_sub,interpolate.halide_generated.cpp,10127,36,generator_specific,0,0,1,,,test2_golden,0,3.257,cxx_add_to_sub:/mnt/scratch1/ardi/dsl_mut/HM-armc/mutation/lowered-cpp/interpolate/interpolate.halide_generated.cpp:10127:36
interpolate,cxx_default_on_emitted_cpp,5eb72c8d,4,6,cxx_mul_to_div,interpolate.halide_generated.cpp,3659,63,generator_specific,-6,1,1,,,test1_demo;test2_golden,0,0.359,cxx_mul_to_div:/mnt/scratch1/ardi/dsl_mut/HM-armc/mutation/lowered-cpp/interpolate/interpolate.halide_generated.cpp:3659:63
interpolate,cxx_default_on_emitted_cpp,5eb72c8d,4,6,cxx_gt_to_ge,interpolate.halide_generated.cpp,10945,23,generator_specific,0,0,0,,,,0,3.411,cxx_gt_to_ge:/mnt/scratch1/ardi/dsl_mut/HM-armc/mutation/lowered-cpp/interpolate/interpolate.halide_generated.cpp:10945:23
interpolate,cxx_default_on_emitted_cpp,5eb72c8d,4,6,cxx_add_to_sub,interpolate.halide_generated.cpp,8218,36,generator_specific,0,0,0,,,,0,3.304,cxx_add_to_sub:/mnt/scratch1/ardi/dsl_mut/HM-armc/mutation/lowered-cpp/interpolate/interpolate.halide_generated.cpp:8218:36
interpolate,cxx_default_on_emitted_cpp,5eb72c8d,4,6,cxx_add_to_sub,interpolate.halide_generated.cpp,12122,33,generator_specific,-11,1,1,,,test1_demo;test2_golden,0,0.385,cxx_add_to_sub:/mnt/scratch1/ardi/dsl_mut/HM-armc/mutation/lowered-cpp/interpolate/interpolate.halide_generated.cpp:12122:33
interpolate,cxx_default_on_emitted_cpp,5eb72c8d,4,6,cxx_gt_to_ge,interpolate.halide_generated.cpp,9024,21,generator_specific,0,0,0,,,,0,3.015,cxx_gt_to_ge:/mnt/scratch1/ardi/dsl_mut/HM-armc/mutation/lowered-cpp/interpolate/interpolate.halide_generated.cpp:9024:21
interpolate,cxx_default_on_emitted_cpp,5eb72c8d,4,6,cxx_add_to_sub,interpolate.halide_generated.cpp,4316,26,generator_specific,0,0,1,,,test2_golden,0,3.185,cxx_add_to_sub:/mnt/scratch1/ardi/dsl_mut/HM-armc/mutation/lowered-cpp/interpolate/interpolate.halide_generated.cpp:4316:26
interpolate,cxx_default_on_emitted_cpp,5eb72c8d,4,6,cxx_add_to_sub,interpolate.halide_generated.cpp,7748,60,generator_specific,-11,1,1,,,test1_demo;test2_golden,0,0.345,cxx_add_to_sub:/mnt/scratch1/ardi/dsl_mut/HM-armc/mutation/lowered-cpp/interpolate/interpolate.halide_generated.cpp:7748:60
interpolate,cxx_default_on_emitted_cpp,5eb72c8d,4,6,cxx_add_to_sub,interpolate.halide_generated.cpp,7647,37,generator_specific,0,0,0,,,,0,2.991,cxx_add_to_sub:/mnt/scratch1/ardi/dsl_mut/HM-armc/mutation/lowered-cpp/interpolate/interpolate.halide_generated.cpp:7647:37
interpolate,cxx_default_on_emitted_cpp,5eb72c8d,4,6,cxx_mul_to_div,interpolate.halide_generated.cpp,7021,51,generator_specific,0,0,1,,,test2_golden,0,2.952,cxx_mul_to_div:/mnt/scratch1/ardi/dsl_mut/HM-armc/mutation/lowered-cpp/interpolate/interpolate.halide_generated.cpp:7021:51
interpolate,cxx_default_on_emitted_cpp,5eb72c8d,4,6,cxx_gt_to_ge,interpolate.halide_generated.cpp,8998,77,generator_specific,0,0,0,,,,0,3.146,cxx_gt_to_ge:/mnt/scratch1/ardi/dsl_mut/HM-armc/mutation/lowered-cpp/interpolate/interpolate.halide_generated.cpp:8998:77
interpolate,cxx_default_on_emitted_cpp,5eb72c8d,4,6,cxx_lt_to_ge,interpolate.halide_generated.cpp,5530,62,generator_specific,0,0,0,,,,0,3.562,cxx_lt_to_ge:/mnt/scratch1/ardi/dsl_mut/HM-armc/mutation/lowered-cpp/interpolate/interpolate.halide_generated.cpp:5530:62
interpolate,cxx_default_on_emitted_cpp,5eb72c8d,4,6,cxx_add_to_sub,interpolate.halide_generated.cpp,9825,37,generator_specific,0,0,0,,,,0,3.129,cxx_add_to_sub:/mnt/scratch1/ardi/dsl_mut/HM-armc/mutation/lowered-cpp/interpolate/interpolate.halide_generated.cpp:9825:37
interpolate,cxx_default_on_emitted_cpp,5eb72c8d,4,6,cxx_add_to_sub,interpolate.halide_generated.cpp,9727,38,generator_specific,0,0,0,,,,0,3.328,cxx_add_to_sub:/mnt/scratch1/ardi/dsl_mut/HM-armc/mutation/lowered-cpp/interpolate/interpolate.halide_generated.cpp:9727:38
interpolate,cxx_default_on_emitted_cpp,5eb72c8d,4,6,cxx_mul_to_div,interpolate.halide_generated.cpp,10963,25,generator_specific,0,0,0,,,,0,3.477,cxx_mul_to_div:/mnt/scratch1/ardi/dsl_mut/HM-armc/mutation/lowered-cpp/interpolate/interpolate.halide_generated.cpp:10963:25
interpolate,cxx_default_on_emitted_cpp,5eb72c8d,4,6,cxx_add_to_sub,interpolate.halide_generated.cpp,9713,37,generator_specific,0,0,1,,,test2_golden,0,3.444,cxx_add_to_sub:/mnt/scratch1/ardi/dsl_mut/HM-armc/mutation/lowered-cpp/interpolate/interpolate.halide_generated.cpp:9713:37
interpolate,cxx_default_on_emitted_cpp,5eb72c8d,4,6,cxx_add_to_sub,interpolate.halide_generated.cpp,5349,27,generator_specific,0,0,0,,,,0,3.151,cxx_add_to_sub:/mnt/scratch1/ardi/dsl_mut/HM-armc/mutation/lowered-cpp/interpolate/interpolate.halide_generated.cpp:5349:27
interpolate,cxx_default_on_emitted_cpp,5eb72c8d,4,6,cxx_add_to_sub,interpolate.halide_generated.cpp,9595,37,generator_specific,0,0,0,,,,0,3.207,cxx_add_to_sub:/mnt/scratch1/ardi/dsl_mut/HM-armc/mutation/lowered-cpp/interpolate/interpolate.halide_generated.cpp:9595:37
interpolate,cxx_default_on_emitted_cpp,5eb72c8d,4,6,cxx_sub_to_add,interpolate.halide_generated.cpp,9583,36,generator_specific,0,0,0,,,,0,3.333,cxx_sub_to_add:/mnt/scratch1/ardi/dsl_mut/HM-armc/mutation/lowered-cpp/interpolate/interpolate.halide_generated.cpp:9583:36
interpolate,cxx_default_on_emitted_cpp,5eb72c8d,4,6,cxx_lt_to_ge,interpolate.halide_generated.cpp,4665,57,generator_specific,0,0,1,,,test2_golden,0,2.703,cxx_lt_to_ge:/mnt/scratch1/ardi/dsl_mut/HM-armc/mutation/lowered-cpp/interpolate/interpolate.halide_generated.cpp:4665:57
interpolate,cxx_default_on_emitted_cpp,5eb72c8d,4,6,cxx_sub_to_add,interpolate.halide_generated.cpp,9124,35,generator_specific,0,0,0,,,,0,3.094,cxx_sub_to_add:/mnt/scratch1/ardi/dsl_mut/HM-armc/mutation/lowered-cpp/interpolate/interpolate.halide_generated.cpp:9124:35
interpolate,cxx_default_on_emitted_cpp,5eb72c8d,4,6,cxx_add_to_sub,interpolate.halide_generated.cpp,4279,26,generator_specific,-11,1,1,,,test1_demo;test2_golden,0,0.253,cxx_add_to_sub:/mnt/scratch1/ardi/dsl_mut/HM-armc/mutation/lowered-cpp/interpolate/interpolate.halide_generated.cpp:4279:26
interpolate,cxx_default_on_emitted_cpp,5eb72c8d,4,6,cxx_add_to_sub,interpolate.halide_generated.cpp,9119,35,generator_specific,0,0,0,,,,0,3.296,cxx_add_to_sub:/mnt/scratch1/ardi/dsl_mut/HM-armc/mutation/lowered-cpp/interpolate/interpolate.halide_generated.cpp:9119:35
interpolate,cxx_default_on_emitted_cpp,5eb72c8d,4,6,cxx_add_to_sub,interpolate.halide_generated.cpp,8364,36,generator_specific,0,0,1,,,test2_golden,0,3.308,cxx_add_to_sub:/mnt/scratch1/ardi/dsl_mut/HM-armc/mutation/lowered-cpp/interpolate/interpolate.halide_generated.cpp:8364:36
interpolate,cxx_default_on_emitted_cpp,5eb72c8d,4,6,cxx_add_to_sub,interpolate.halide_generated.cpp,9373,37,generator_specific,0,0,0,,,,0,3.113,cxx_add_to_sub:/mnt/scratch1/ardi/dsl_mut/HM-armc/mutation/lowered-cpp/interpolate/interpolate.halide_generated.cpp:9373:37
interpolate,cxx_default_on_emitted_cpp,5eb72c8d,4,6,cxx_add_to_sub,interpolate.halide_generated.cpp,8250,36,generator_specific,0,0,1,,,test2_golden,0,2.992,cxx_add_to_sub:/mnt/scratch1/ardi/dsl_mut/HM-armc/mutation/lowered-cpp/interpolate/interpolate.halide_generated.cpp:8250:36
interpolate,cxx_default_on_emitted_cpp,5eb72c8d,4,6,cxx_mul_to_div,interpolate.halide_generated.cpp,5479,43,generator_specific,0,0,1,,,test2_golden,0,3.115,cxx_mul_to_div:/mnt/scratch1/ardi/dsl_mut/HM-armc/mutation/lowered-cpp/interpolate/interpolate.halide_generated.cpp:5479:43
interpolate,cxx_default_on_emitted_cpp,5eb72c8d,4,6,cxx_lt_to_le,interpolate.halide_generated.cpp,9698,86,generator_specific,0,0,0,,,,0,3.331,cxx_lt_to_le:/mnt/scratch1/ardi/dsl_mut/HM-armc/mutation/lowered-cpp/interpolate/interpolate.halide_generated.cpp:9698:86
interpolate,cxx_default_on_emitted_cpp,5eb72c8d,4,6,cxx_mul_to_div,interpolate.halide_generated.cpp,9717,37,generator_specific,0,0,0,,,,0,3.254,cxx_mul_to_div:/mnt/scratch1/ardi/dsl_mut/HM-armc/mutation/lowered-cpp/interpolate/interpolate.halide_generated.cpp:9717:37
interpolate,cxx_default_on_emitted_cpp,5eb72c8d,4,6,cxx_sub_to_add,interpolate.halide_generated.cpp,8066,35,generator_specific,0,0,0,,,,0,3.261,cxx_sub_to_add:/mnt/scratch1/ardi/dsl_mut/HM-armc/mutation/lowered-cpp/interpolate/interpolate.halide_generated.cpp:8066:35
interpolate,cxx_default_on_emitted_cpp,5eb72c8d,4,6,cxx_mul_to_div,interpolate.halide_generated.cpp,6284,75,generator_specific,-11,1,1,,,test1_demo;test2_golden,0,0.325,cxx_mul_to_div:/mnt/scratch1/ardi/dsl_mut/HM-armc/mutation/lowered-cpp/interpolate/interpolate.halide_generated.cpp:6284:75
interpolate,cxx_default_on_emitted_cpp,5eb72c8d,4,6,cxx_add_to_sub,interpolate.halide_generated.cpp,7476,37,generator_specific,-11,1,1,,,test1_demo;test2_golden,0,0.318,cxx_add_to_sub:/mnt/scratch1/ardi/dsl_mut/HM-armc/mutation/lowered-cpp/interpolate/interpolate.halide_generated.cpp:7476:37
interpolate,cxx_default_on_emitted_cpp,5eb72c8d,4,6,cxx_ne_to_eq,interpolate.halide_generated.cpp,6240,28,generator_specific,-6,1,1,,,test1_demo;test2_golden,0,0.314,cxx_ne_to_eq:/mnt/scratch1/ardi/dsl_mut/HM-armc/mutation/lowered-cpp/interpolate/interpolate.halide_generated.cpp:6240:28
interpolate,cxx_default_on_emitted_cpp,5eb72c8d,4,6,cxx_mul_to_div,interpolate.halide_generated.cpp,7117,37,generator_specific,0,0,0,,,,0,3.653,cxx_mul_to_div:/mnt/scratch1/ardi/dsl_mut/HM-armc/mutation/lowered-cpp/interpolate/interpolate.halide_generated.cpp:7117:37
interpolate,cxx_default_on_emitted_cpp,5eb72c8d,4,6,cxx_add_to_sub,interpolate.halide_generated.cpp,7503,38,generator_specific,0,0,0,,,,0,3.518,cxx_add_to_sub:/mnt/scratch1/ardi/dsl_mut/HM-armc/mutation/lowered-cpp/interpolate/interpolate.halide_generated.cpp:7503:38
interpolate,cxx_default_on_emitted_cpp,5eb72c8d,4,6,cxx_le_to_gt,interpolate.halide_generated.cpp,10597,21,generator_specific,0,0,0,,,,0,3.645,cxx_le_to_gt:/mnt/scratch1/ardi/dsl_mut/HM-armc/mutation/lowered-cpp/interpolate/interpolate.halide_generated.cpp:10597:21
interpolate,cxx_default_on_emitted_cpp,5eb72c8d,4,6,cxx_add_to_sub,interpolate.halide_generated.cpp,6697,37,generator_specific,0,0,0,,,,0,3.456,cxx_add_to_sub:/mnt/scratch1/ardi/dsl_mut/HM-armc/mutation/lowered-cpp/interpolate/interpolate.halide_generated.cpp:6697:37
interpolate,cxx_default_on_emitted_cpp,5eb72c8d,4,6,cxx_add_to_sub,interpolate.halide_generated.cpp,8581,57,generator_specific,0,0,1,,,test2_golden,0,2.944,cxx_add_to_sub:/mnt/scratch1/ardi/dsl_mut/HM-armc/mutation/lowered-cpp/interpolate/interpolate.halide_generated.cpp:8581:57
interpolate,cxx_default_on_emitted_cpp,5eb72c8d,4,6,cxx_add_to_sub,interpolate.halide_generated.cpp,8547,35,generator_specific,0,0,1,,,test2_golden,0,3.531,cxx_add_to_sub:/mnt/scratch1/ardi/dsl_mut/HM-armc/mutation/lowered-cpp/interpolate/interpolate.halide_generated.cpp:8547:35
interpolate,cxx_default_on_emitted_cpp,5eb72c8d,4,6,cxx_lt_to_ge,interpolate.halide_generated.cpp,5471,57,generator_specific,0,0,1,,,test2_golden,0,3.611,cxx_lt_to_ge:/mnt/scratch1/ardi/dsl_mut/HM-armc/mutation/lowered-cpp/interpolate/interpolate.halide_generated.cpp:5471:57
interpolate,cxx_default_on_emitted_cpp,5eb72c8d,4,6,cxx_mul_to_div,interpolate.halide_generated.cpp,11439,28,generator_specific,0,0,0,,,,0,2.923,cxx_mul_to_div:/mnt/scratch1/ardi/dsl_mut/HM-armc/mutation/lowered-cpp/interpolate/interpolate.halide_generated.cpp:11439:28
interpolate,cxx_default_on_emitted_cpp,5eb72c8d,4,6,cxx_mul_to_div,interpolate.halide_generated.cpp,7768,37,generator_specific,0,0,1,,,test2_golden,0,2.721,cxx_mul_to_div:/mnt/scratch1/ardi/dsl_mut/HM-armc/mutation/lowered-cpp/interpolate/interpolate.halide_generated.cpp:7768:37
interpolate,cxx_default_on_emitted_cpp,5eb72c8d,4,6,cxx_sub_to_add,interpolate.halide_generated.cpp,7832,37,generator_specific,-11,1,1,,,test1_demo;test2_golden,0,0.358,cxx_sub_to_add:/mnt/scratch1/ardi/dsl_mut/HM-armc/mutation/lowered-cpp/interpolate/interpolate.halide_generated.cpp:7832:37
interpolate,cxx_default_on_emitted_cpp,5eb72c8d,4,6,cxx_add_to_sub,interpolate.halide_generated.cpp,7863,37,generator_specific,0,0,0,,,,0,3.506,cxx_add_to_sub:/mnt/scratch1/ardi/dsl_mut/HM-armc/mutation/lowered-cpp/interpolate/interpolate.halide_generated.cpp:7863:37
interpolate,cxx_default_on_emitted_cpp,5eb72c8d,4,6,cxx_add_to_sub,interpolate.halide_generated.cpp,7934,38,generator_specific,-11,1,1,,,test1_demo;test2_golden,0,0.361,cxx_add_to_sub:/mnt/scratch1/ardi/dsl_mut/HM-armc/mutation/lowered-cpp/interpolate/interpolate.halide_generated.cpp:7934:38
interpolate,cxx_default_on_emitted_cpp,5eb72c8d,4,6,cxx_mul_to_div,interpolate.halide_generated.cpp,9382,37,generator_specific,0,0,1,,,test2_golden,0,3.462,cxx_mul_to_div:/mnt/scratch1/ardi/dsl_mut/HM-armc/mutation/lowered-cpp/interpolate/interpolate.halide_generated.cpp:9382:37
interpolate,cxx_default_on_emitted_cpp,5eb72c8d,4,6,cxx_lt_to_ge,interpolate.halide_generated.cpp,2530,27,boilerplate,0,0,1,,,test2_golden,0,3.099,cxx_lt_to_ge:/mnt/scratch1/ardi/dsl_mut/HM-armc/mutation/lowered-cpp/interpolate/interpolate.halide_generated.cpp:2530:27
interpolate,cxx_default_on_emitted_cpp,5eb72c8d,4,6,cxx_sub_to_add,interpolate.halide_generated.cpp,3850,24,generator_specific,0,0,1,,,test2_golden,0,3.617,cxx_sub_to_add:/mnt/scratch1/ardi/dsl_mut/HM-armc/mutation/lowered-cpp/interpolate/interpolate.halide_generated.cpp:3850:24
interpolate,cxx_default_on_emitted_cpp,5eb72c8d,4,6,cxx_sub_to_add,interpolate.halide_generated.cpp,5088,25,generator_specific,0,0,1,,,test2_golden,0,3.562,cxx_sub_to_add:/mnt/scratch1/ardi/dsl_mut/HM-armc/mutation/lowered-cpp/interpolate/interpolate.halide_generated.cpp:5088:25
interpolate,cxx_default_on_emitted_cpp,5eb72c8d,4,6,cxx_add_to_sub,interpolate.halide_generated.cpp,4280,26,generator_specific,-11,1,1,,,test1_demo;test2_golden,0,0.289,cxx_add_to_sub:/mnt/scratch1/ardi/dsl_mut/HM-armc/mutation/lowered-cpp/interpolate/interpolate.halide_generated.cpp:4280:26
interpolate,cxx_default_on_emitted_cpp,5eb72c8d,4,6,cxx_mul_to_div,interpolate.halide_generated.cpp,4477,39,generator_specific,0,0,1,,,test2_golden,0,3.403,cxx_mul_to_div:/mnt/scratch1/ardi/dsl_mut/HM-armc/mutation/lowered-cpp/interpolate/interpolate.halide_generated.cpp:4477:39
interpolate,cxx_default_on_emitted_cpp,5eb72c8d,4,6,cxx_add_to_sub,interpolate.halide_generated.cpp,8527,35,generator_specific,0,0,1,,,test2_golden,0,3.946,cxx_add_to_sub:/mnt/scratch1/ardi/dsl_mut/HM-armc/mutation/lowered-cpp/interpolate/interpolate.halide_generated.cpp:8527:35
interpolate,cxx_default_on_emitted_cpp,5eb72c8d,4,6,cxx_mul_to_div,interpolate.halide_generated.cpp,4479,24,generator_specific,-8,1,1,,,test1_demo;test2_golden,0,0.310,cxx_mul_to_div:/mnt/scratch1/ardi/dsl_mut/HM-armc/mutation/lowered-cpp/interpolate/interpolate.halide_generated.cpp:4479:24
interpolate,cxx_default_on_emitted_cpp,5eb72c8d,4,6,cxx_add_to_sub,interpolate.halide_generated.cpp,8012,38,generator_specific,-11,1,1,,,test1_demo;test2_golden,0,0.330,cxx_add_to_sub:/mnt/scratch1/ardi/dsl_mut/HM-armc/mutation/lowered-cpp/interpolate/interpolate.halide_generated.cpp:8012:38
interpolate,cxx_default_on_emitted_cpp,5eb72c8d,4,6,cxx_add_to_sub,interpolate.halide_generated.cpp,8485,36,generator_specific,-11,1,1,,,test1_demo;test2_golden,0,0.328,cxx_add_to_sub:/mnt/scratch1/ardi/dsl_mut/HM-armc/mutation/lowered-cpp/interpolate/interpolate.halide_generated.cpp:8485:36
interpolate,cxx_default_on_emitted_cpp,5eb72c8d,4,6,cxx_mul_to_div,interpolate.halide_generated.cpp,11945,79,generator_specific,-6,1,1,,,test1_demo;test2_golden,0,0.361,cxx_mul_to_div:/mnt/scratch1/ardi/dsl_mut/HM-armc/mutation/lowered-cpp/interpolate/interpolate.halide_generated.cpp:11945:79
interpolate,cxx_default_on_emitted_cpp,5eb72c8d,4,6,cxx_add_to_sub,interpolate.halide_generated.cpp,11832,32,generator_specific,0,0,1,,,test2_golden,0,3.700,cxx_add_to_sub:/mnt/scratch1/ardi/dsl_mut/HM-armc/mutation/lowered-cpp/interpolate/interpolate.halide_generated.cpp:11832:32
interpolate,cxx_default_on_emitted_cpp,5eb72c8d,4,6,cxx_add_to_sub,interpolate.halide_generated.cpp,3725,25,generator_specific,0,0,1,,,test2_golden,0,3.623,cxx_add_to_sub:/mnt/scratch1/ardi/dsl_mut/HM-armc/mutation/lowered-cpp/interpolate/interpolate.halide_generated.cpp:3725:25
interpolate,cxx_default_on_emitted_cpp,5eb72c8d,4,6,cxx_mul_to_div,interpolate.halide_generated.cpp,10162,35,generator_specific,0,0,0,,,,0,3.565,cxx_mul_to_div:/mnt/scratch1/ardi/dsl_mut/HM-armc/mutation/lowered-cpp/interpolate/interpolate.halide_generated.cpp:10162:35
interpolate,cxx_default_on_emitted_cpp,5eb72c8d,4,6,cxx_add_to_sub,interpolate.halide_generated.cpp,4259,24,generator_specific,0,0,1,,,test2_golden,0,3.634,cxx_add_to_sub:/mnt/scratch1/ardi/dsl_mut/HM-armc/mutation/lowered-cpp/interpolate/interpolate.halide_generated.cpp:4259:24
interpolate,cxx_default_on_emitted_cpp,5eb72c8d,4,6,cxx_ne_to_eq,interpolate.halide_generated.cpp,11821,32,generator_specific,-6,1,1,,,test1_demo;test2_golden,0,0.336,cxx_ne_to_eq:/mnt/scratch1/ardi/dsl_mut/HM-armc/mutation/lowered-cpp/interpolate/interpolate.halide_generated.cpp:11821:32
interpolate,cxx_default_on_emitted_cpp,5eb72c8d,4,6,cxx_mul_to_div,interpolate.halide_generated.cpp,10115,35,generator_specific,0,0,0,,,,0,3.795,cxx_mul_to_div:/mnt/scratch1/ardi/dsl_mut/HM-armc/mutation/lowered-cpp/interpolate/interpolate.halide_generated.cpp:10115:35
interpolate,cxx_default_on_emitted_cpp,5eb72c8d,4,6,cxx_add_to_sub,interpolate.halide_generated.cpp,9954,38,generator_specific,0,0,1,,,test2_golden,0,3.689,cxx_add_to_sub:/mnt/scratch1/ardi/dsl_mut/HM-armc/mutation/lowered-cpp/interpolate/interpolate.halide_generated.cpp:9954:38
interpolate,cxx_default_on_emitted_cpp,5eb72c8d,4,6,cxx_le_to_gt,interpolate.halide_generated.cpp,10891,22,generator_specific,-6,1,1,,,test1_demo;test2_golden,0,0.320,cxx_le_to_gt:/mnt/scratch1/ardi/dsl_mut/HM-armc/mutation/lowered-cpp/interpolate/interpolate.halide_generated.cpp:10891:22
interpolate,cxx_default_on_emitted_cpp,5eb72c8d,4,6,cxx_mul_to_div,interpolate.halide_generated.cpp,10292,35,generator_specific,0,0,0,,,,0,3.203,cxx_mul_to_div:/mnt/scratch1/ardi/dsl_mut/HM-armc/mutation/lowered-cpp/interpolate/interpolate.halide_generated.cpp:10292:35
interpolate,cxx_default_on_emitted_cpp,5eb72c8d,4,6,cxx_add_to_sub,interpolate.halide_generated.cpp,7403,60,generator_specific,-11,1,1,,,test1_demo;test2_golden,0,0.325,cxx_add_to_sub:/mnt/scratch1/ardi/dsl_mut/HM-armc/mutation/lowered-cpp/interpolate/interpolate.halide_generated.cpp:7403:60
interpolate,cxx_default_on_emitted_cpp,5eb72c8d,4,6,cxx_le_to_gt,interpolate.halide_generated.cpp,10682,22,generator_specific,0,0,1,,,test2_golden,0,1.666,cxx_le_to_gt:/mnt/scratch1/ardi/dsl_mut/HM-armc/mutation/lowered-cpp/interpolate/interpolate.halide_generated.cpp:10682:22
interpolate,cxx_default_on_emitted_cpp,5eb72c8d,4,6,cxx_mul_to_div,interpolate.halide_generated.cpp,4330,26,generator_specific,0,0,1,,,test2_golden,0,2.872,cxx_mul_to_div:/mnt/scratch1/ardi/dsl_mut/HM-armc/mutation/lowered-cpp/interpolate/interpolate.halide_generated.cpp:4330:26
interpolate,cxx_default_on_emitted_cpp,5eb72c8d,4,6,cxx_sub_to_add,interpolate.halide_generated.cpp,6758,37,generator_specific,-11,1,1,,,test1_demo;test2_golden,0,0.341,cxx_sub_to_add:/mnt/scratch1/ardi/dsl_mut/HM-armc/mutation/lowered-cpp/interpolate/interpolate.halide_generated.cpp:6758:37
interpolate,cxx_default_on_emitted_cpp,5eb72c8d,4,6,cxx_add_to_sub,interpolate.halide_generated.cpp,8762,36,generator_specific,0,0,0,,,,0,3.606,cxx_add_to_sub:/mnt/scratch1/ardi/dsl_mut/HM-armc/mutation/lowered-cpp/interpolate/interpolate.halide_generated.cpp:8762:36
interpolate,cxx_default_on_emitted_cpp,5eb72c8d,4,6,cxx_sub_to_add,interpolate.halide_generated.cpp,9634,37,generator_specific,0,0,0,,,,0,3.297,cxx_sub_to_add:/mnt/scratch1/ardi/dsl_mut/HM-armc/mutation/lowered-cpp/interpolate/interpolate.halide_generated.cpp:9634:37
interpolate,cxx_default_on_emitted_cpp,5eb72c8d,4,6,cxx_sub_to_add,interpolate.halide_generated.cpp,6452,34,generator_specific,0,0,0,,,,0,5.424,cxx_sub_to_add:/mnt/scratch1/ardi/dsl_mut/HM-armc/mutation/lowered-cpp/interpolate/interpolate.halide_generated.cpp:6452:34
interpolate,cxx_default_on_emitted_cpp,5eb72c8d,4,6,cxx_sub_to_add,interpolate.halide_generated.cpp,9719,37,generator_specific,0,0,0,,,,0,2.877,cxx_sub_to_add:/mnt/scratch1/ardi/dsl_mut/HM-armc/mutation/lowered-cpp/interpolate/interpolate.halide_generated.cpp:9719:37
interpolate,cxx_default_on_emitted_cpp,5eb72c8d,4,6,cxx_remove_void_call,interpolate.halide_generated.cpp,4939,5,generator_specific,0,0,1,,,test2_golden,0,2.936,cxx_remove_void_call:/mnt/scratch1/ardi/dsl_mut/HM-armc/mutation/lowered-cpp/interpolate/interpolate.halide_generated.cpp:4939:5
interpolate,cxx_default_on_emitted_cpp,5eb72c8d,4,6,cxx_add_to_sub,interpolate.halide_generated.cpp,5755,26,generator_specific,0,0,1,,,test2_golden,0,3.031,cxx_add_to_sub:/mnt/scratch1/ardi/dsl_mut/HM-armc/mutation/lowered-cpp/interpolate/interpolate.halide_generated.cpp:5755:26
interpolate,cxx_default_on_emitted_cpp,5eb72c8d,4,6,cxx_add_to_sub,interpolate.halide_generated.cpp,4134,24,generator_specific,0,0,1,,,test2_golden,0,3.125,cxx_add_to_sub:/mnt/scratch1/ardi/dsl_mut/HM-armc/mutation/lowered-cpp/interpolate/interpolate.halide_generated.cpp:4134:24
interpolate,cxx_default_on_emitted_cpp,5eb72c8d,4,6,cxx_add_to_sub,interpolate.halide_generated.cpp,11254,27,generator_specific,0,0,1,,,test2_golden,0,2.809,cxx_add_to_sub:/mnt/scratch1/ardi/dsl_mut/HM-armc/mutation/lowered-cpp/interpolate/interpolate.halide_generated.cpp:11254:27
interpolate,cxx_default_on_emitted_cpp,5eb72c8d,4,6,cxx_mul_to_div,interpolate.halide_generated.cpp,11928,32,generator_specific,0,0,0,,,,0,3.172,cxx_mul_to_div:/mnt/scratch1/ardi/dsl_mut/HM-armc/mutation/lowered-cpp/interpolate/interpolate.halide_generated.cpp:11928:32
interpolate,cxx_default_on_emitted_cpp,5eb72c8d,4,6,cxx_add_to_sub,interpolate.halide_generated.cpp,9821,37,generator_specific,0,0,1,,,test2_golden,0,3.347,cxx_add_to_sub:/mnt/scratch1/ardi/dsl_mut/HM-armc/mutation/lowered-cpp/interpolate/interpolate.halide_generated.cpp:9821:37
interpolate,cxx_default_on_emitted_cpp,5eb72c8d,4,6,cxx_mul_to_div,interpolate.halide_generated.cpp,3652,39,generator_specific,0,0,1,,,test2_golden,0,2.537,cxx_mul_to_div:/mnt/scratch1/ardi/dsl_mut/HM-armc/mutation/lowered-cpp/interpolate/interpolate.halide_generated.cpp:3652:39
interpolate,cxx_default_on_emitted_cpp,5eb72c8d,4,6,cxx_add_to_sub,interpolate.halide_generated.cpp,6860,37,generator_specific,0,0,1,,,test2_golden,0,3.113,cxx_add_to_sub:/mnt/scratch1/ardi/dsl_mut/HM-armc/mutation/lowered-cpp/interpolate/interpolate.halide_generated.cpp:6860:37
interpolate,cxx_default_on_emitted_cpp,5eb72c8d,4,6,cxx_sub_to_add,interpolate.halide_generated.cpp,12249,33,generator_specific,0,0,0,,,,0,3.158,cxx_sub_to_add:/mnt/scratch1/ardi/dsl_mut/HM-armc/mutation/lowered-cpp/interpolate/interpolate.halide_generated.cpp:12249:33
interpolate,cxx_default_on_emitted_cpp,5eb72c8d,4,6,cxx_add_to_sub,interpolate.halide_generated.cpp,8179,36,generator_specific,0,0,0,,,,0,3.142,cxx_add_to_sub:/mnt/scratch1/ardi/dsl_mut/HM-armc/mutation/lowered-cpp/interpolate/interpolate.halide_generated.cpp:8179:36
interpolate,cxx_default_on_emitted_cpp,5eb72c8d,4,6,cxx_mul_to_div,interpolate.halide_generated.cpp,4262,24,generator_specific,0,0,1,,,test2_golden,0,3.503,cxx_mul_to_div:/mnt/scratch1/ardi/dsl_mut/HM-armc/mutation/lowered-cpp/interpolate/interpolate.halide_generated.cpp:4262:24
interpolate,cxx_default_on_emitted_cpp,5eb72c8d,4,6,cxx_replace_scalar_call,interpolate.halide_generated.cpp,4546,18,generator_specific,0,0,1,,,test2_golden,0,2.984,cxx_replace_scalar_call:/mnt/scratch1/ardi/dsl_mut/HM-armc/mutation/lowered-cpp/interpolate/interpolate.halide_generated.cpp:4546:18
interpolate,cxx_default_on_emitted_cpp,5eb72c8d,4,6,cxx_sub_to_add,interpolate.halide_generated.cpp,7656,37,generator_specific,-11,1,1,,,test1_demo;test2_golden,0,0.301,cxx_sub_to_add:/mnt/scratch1/ardi/dsl_mut/HM-armc/mutation/lowered-cpp/interpolate/interpolate.halide_generated.cpp:7656:37
interpolate,cxx_default_on_emitted_cpp,5eb72c8d,4,6,cxx_sub_to_add,interpolate.halide_generated.cpp,9568,35,generator_specific,0,0,0,,,,0,3.098,cxx_sub_to_add:/mnt/scratch1/ardi/dsl_mut/HM-armc/mutation/lowered-cpp/interpolate/interpolate.halide_generated.cpp:9568:35
interpolate,cxx_default_on_emitted_cpp,5eb72c8d,4,6,cxx_add_to_sub,interpolate.halide_generated.cpp,8771,36,generator_specific,0,0,0,,,,0,3.445,cxx_add_to_sub:/mnt/scratch1/ardi/dsl_mut/HM-armc/mutation/lowered-cpp/interpolate/interpolate.halide_generated.cpp:8771:36
interpolate,cxx_default_on_emitted_cpp,5eb72c8d,4,6,cxx_add_to_sub,interpolate.halide_generated.cpp,10571,24,generator_specific,0,0,0,,,,0,3.092,cxx_add_to_sub:/mnt/scratch1/ardi/dsl_mut/HM-armc/mutation/lowered-cpp/interpolate/interpolate.halide_generated.cpp:10571:24
interpolate,cxx_default_on_emitted_cpp,5eb72c8d,4,6,cxx_add_to_sub,interpolate.halide_generated.cpp,6613,37,generator_specific,0,0,1,,,test2_golden,0,3.193,cxx_add_to_sub:/mnt/scratch1/ardi/dsl_mut/HM-armc/mutation/lowered-cpp/interpolate/interpolate.halide_generated.cpp:6613:37
interpolate,cxx_default_on_emitted_cpp,5eb72c8d,4,6,cxx_add_to_sub,interpolate.halide_generated.cpp,7157,37,generator_specific,0,0,0,,,,0,3.470,cxx_add_to_sub:/mnt/scratch1/ardi/dsl_mut/HM-armc/mutation/lowered-cpp/interpolate/interpolate.halide_generated.cpp:7157:37
interpolate,cxx_default_on_emitted_cpp,5eb72c8d,4,6,cxx_lt_to_ge,interpolate.halide_generated.cpp,7206,86,generator_specific,0,0,1,,,test2_golden,0,3.150,cxx_lt_to_ge:/mnt/scratch1/ardi/dsl_mut/HM-armc/mutation/lowered-cpp/interpolate/interpolate.halide_generated.cpp:7206:86
interpolate,cxx_default_on_emitted_cpp,5eb72c8d,4,6,cxx_add_to_sub,interpolate.halide_generated.cpp,11324,27,generator_specific,0,0,0,,,,0,3.094,cxx_add_to_sub:/mnt/scratch1/ardi/dsl_mut/HM-armc/mutation/lowered-cpp/interpolate/interpolate.halide_generated.cpp:11324:27
interpolate,cxx_default_on_emitted_cpp,5eb72c8d,4,6,cxx_sub_to_add,interpolate.halide_generated.cpp,7610,37,generator_specific,0,0,1,,,test2_golden,0,3.212,cxx_sub_to_add:/mnt/scratch1/ardi/dsl_mut/HM-armc/mutation/lowered-cpp/interpolate/interpolate.halide_generated.cpp:7610:37
interpolate,cxx_default_on_emitted_cpp,5eb72c8d,4,6,cxx_gt_to_ge,interpolate.halide_generated.cpp,3660,12,generator_specific,0,0,0,,,,0,2.925,cxx_gt_to_ge:/mnt/scratch1/ardi/dsl_mut/HM-armc/mutation/lowered-cpp/interpolate/interpolate.halide_generated.cpp:3660:12
interpolate,cxx_default_on_emitted_cpp,5eb72c8d,4,6,cxx_lt_to_le,interpolate.halide_generated.cpp,7913,86,generator_specific,0,0,1,,,test2_golden,0,3.039,cxx_lt_to_le:/mnt/scratch1/ardi/dsl_mut/HM-armc/mutation/lowered-cpp/interpolate/interpolate.halide_generated.cpp:7913:86
interpolate,cxx_default_on_emitted_cpp,5eb72c8d,4,6,cxx_add_to_sub,interpolate.halide_generated.cpp,6562,38,generator_specific,0,0,0,,,,0,3.327,cxx_add_to_sub:/mnt/scratch1/ardi/dsl_mut/HM-armc/mutation/lowered-cpp/interpolate/interpolate.halide_generated.cpp:6562:38
interpolate,cxx_default_on_emitted_cpp,5eb72c8d,4,6,cxx_lt_to_ge,interpolate.halide_generated.cpp,7745,86,generator_specific,-11,1,1,,,test1_demo;test2_golden,0,0.312,cxx_lt_to_ge:/mnt/scratch1/ardi/dsl_mut/HM-armc/mutation/lowered-cpp/interpolate/interpolate.halide_generated.cpp:7745:86
interpolate,cxx_default_on_emitted_cpp,5eb72c8d,4,6,cxx_add_to_sub,interpolate.halide_generated.cpp,9012,31,generator_specific,0,0,0,,,,0,3.189,cxx_add_to_sub:/mnt/scratch1/ardi/dsl_mut/HM-armc/mutation/lowered-cpp/interpolate/interpolate.halide_generated.cpp:9012:31
interpolate,cxx_default_on_emitted_cpp,5eb72c8d,4,6,cxx_add_to_sub,interpolate.halide_generated.cpp,10346,35,generator_specific,0,0,0,,,,0,3.166,cxx_add_to_sub:/mnt/scratch1/ardi/dsl_mut/HM-armc/mutation/lowered-cpp/interpolate/interpolate.halide_generated.cpp:10346:35
interpolate,cxx_default_on_emitted_cpp,5eb72c8d,4,6,cxx_mul_to_div,interpolate.halide_generated.cpp,8213,35,generator_specific,0,0,0,,,,0,3.024,cxx_mul_to_div:/mnt/scratch1/ardi/dsl_mut/HM-armc/mutation/lowered-cpp/interpolate/interpolate.halide_generated.cpp:8213:35
interpolate,cxx_default_on_emitted_cpp,5eb72c8d,4,6,cxx_post_inc_to_post_dec,interpolate.halide_generated.cpp,7413,110,generator_specific,-11,1,1,,,test1_demo;test2_golden,0,0.369,cxx_post_inc_to_post_dec:/mnt/scratch1/ardi/dsl_mut/HM-armc/mutation/lowered-cpp/interpolate/interpolate.halide_generated.cpp:7413:110
interpolate,cxx_default_on_emitted_cpp,5eb72c8d,4,6,cxx_add_to_sub,interpolate.halide_generated.cpp,7499,38,generator_specific,0,0,1,,,test2_golden,0,3.207,cxx_add_to_sub:/mnt/scratch1/ardi/dsl_mut/HM-armc/mutation/lowered-cpp/interpolate/interpolate.halide_generated.cpp:7499:38
interpolate,cxx_default_on_emitted_cpp,5eb72c8d,4,6,cxx_remove_void_call,interpolate.halide_generated.cpp,4437,2,generator_specific,0,0,0,,,,0,3.150,cxx_remove_void_call:/mnt/scratch1/ardi/dsl_mut/HM-armc/mutation/lowered-cpp/interpolate/interpolate.halide_generated.cpp:4437:2
interpolate,cxx_default_on_emitted_cpp,5eb72c8d,4,6,cxx_mul_to_div,interpolate.halide_generated.cpp,11718,31,generator_specific,0,0,0,,,,0,3.436,cxx_mul_to_div:/mnt/scratch1/ardi/dsl_mut/HM-armc/mutation/lowered-cpp/interpolate/interpolate.halide_generated.cpp:11718:31
interpolate,cxx_default_on_emitted_cpp,5eb72c8d,4,6,cxx_add_to_sub,interpolate.halide_generated.cpp,5486,27,generator_specific,0,0,1,,,test2_golden,0,3.569,cxx_add_to_sub:/mnt/scratch1/ardi/dsl_mut/HM-armc/mutation/lowered-cpp/interpolate/interpolate.halide_generated.cpp:5486:27
interpolate,cxx_default_on_emitted_cpp,5eb72c8d,4,6,cxx_replace_scalar_call,interpolate.halide_generated.cpp,10572,18,generator_specific,0,0,1,,,test2_golden,0,3.776,cxx_replace_scalar_call:/mnt/scratch1/ardi/dsl_mut/HM-armc/mutation/lowered-cpp/interpolate/interpolate.halide_generated.cpp:10572:18
interpolate,cxx_default_on_emitted_cpp,5eb72c8d,4,6,cxx_add_to_sub,interpolate.halide_generated.cpp,9492,37,generator_specific,0,0,0,,,,0,3.614,cxx_add_to_sub:/mnt/scratch1/ardi/dsl_mut/HM-armc/mutation/lowered-cpp/interpolate/interpolate.halide_generated.cpp:9492:37
interpolate,cxx_default_on_emitted_cpp,5eb72c8d,4,6,cxx_add_to_sub,interpolate.halide_generated.cpp,11326,27,generator_specific,0,0,0,,,,0,3.762,cxx_add_to_sub:/mnt/scratch1/ardi/dsl_mut/HM-armc/mutation/lowered-cpp/interpolate/interpolate.halide_generated.cpp:11326:27
interpolate,cxx_default_on_emitted_cpp,5eb72c8d,4,6,cxx_add_to_sub,interpolate.halide_generated.cpp,3762,26,generator_specific,-11,1,1,,,test1_demo;test2_golden,0,0.335,cxx_add_to_sub:/mnt/scratch1/ardi/dsl_mut/HM-armc/mutation/lowered-cpp/interpolate/interpolate.halide_generated.cpp:3762:26
interpolate,cxx_default_on_emitted_cpp,5eb72c8d,4,6,cxx_mul_to_div,interpolate.halide_generated.cpp,5760,26,generator_specific,0,0,1,,,test2_golden,0,3.414,cxx_mul_to_div:/mnt/scratch1/ardi/dsl_mut/HM-armc/mutation/lowered-cpp/interpolate/interpolate.halide_generated.cpp:5760:26
interpolate,cxx_default_on_emitted_cpp,5eb72c8d,4,6,cxx_add_to_sub,interpolate.halide_generated.cpp,5550,27,generator_specific,0,0,0,,,,0,3.286,cxx_add_to_sub:/mnt/scratch1/ardi/dsl_mut/HM-armc/mutation/lowered-cpp/interpolate/interpolate.halide_generated.cpp:5550:27
interpolate,cxx_default_on_emitted_cpp,5eb72c8d,4,6,cxx_add_to_sub,interpolate.halide_generated.cpp,11555,29,generator_specific,0,0,0,,,,0,3.011,cxx_add_to_sub:/mnt/scratch1/ardi/dsl_mut/HM-armc/mutation/lowered-cpp/interpolate/interpolate.halide_generated.cpp:11555:29
interpolate,cxx_default_on_emitted_cpp,5eb72c8d,4,6,cxx_replace_scalar_call,interpolate.halide_generated.cpp,10409,19,generator_specific,0,0,0,,,,0,2.916,cxx_replace_scalar_call:/mnt/scratch1/ardi/dsl_mut/HM-armc/mutation/lowered-cpp/interpolate/interpolate.halide_generated.cpp:10409:19
interpolate,cxx_default_on_emitted_cpp,5eb72c8d,4,6,cxx_add_to_sub,interpolate.halide_generated.cpp,12021,33,generator_specific,0,0,1,,,test2_golden,0,3.015,cxx_add_to_sub:/mnt/scratch1/ardi/dsl_mut/HM-armc/mutation/lowered-cpp/interpolate/interpolate.halide_generated.cpp:12021:33
interpolate,cxx_default_on_emitted_cpp,5eb72c8d,4,6,cxx_sub_to_add,interpolate.halide_generated.cpp,3848,25,generator_specific,0,0,0,,,,0,3.391,cxx_sub_to_add:/mnt/scratch1/ardi/dsl_mut/HM-armc/mutation/lowered-cpp/interpolate/interpolate.halide_generated.cpp:3848:25
interpolate,cxx_default_on_emitted_cpp,5eb72c8d,4,6,cxx_ne_to_eq,interpolate.halide_generated.cpp,11243,27,generator_specific,-6,1,1,,,test1_demo;test2_golden,0,0.351,cxx_ne_to_eq:/mnt/scratch1/ardi/dsl_mut/HM-armc/mutation/lowered-cpp/interpolate/interpolate.halide_generated.cpp:11243:27
interpolate,cxx_default_on_emitted_cpp,5eb72c8d,4,6,cxx_replace_scalar_call,interpolate.halide_generated.cpp,10438,19,generator_specific,-6,1,1,,,test1_demo;test2_golden,0,0.270,cxx_replace_scalar_call:/mnt/scratch1/ardi/dsl_mut/HM-armc/mutation/lowered-cpp/interpolate/interpolate.halide_generated.cpp:10438:19
interpolate,cxx_default_on_emitted_cpp,5eb72c8d,4,6,cxx_add_to_sub,interpolate.halide_generated.cpp,5148,26,generator_specific,0,0,1,,,test2_golden,0,2.937,cxx_add_to_sub:/mnt/scratch1/ardi/dsl_mut/HM-armc/mutation/lowered-cpp/interpolate/interpolate.halide_generated.cpp:5148:26
interpolate,cxx_default_on_emitted_cpp,5eb72c8d,4,6,cxx_add_to_sub,interpolate.halide_generated.cpp,5476,26,generator_specific,0,0,1,,,test2_golden,0,3.140,cxx_add_to_sub:/mnt/scratch1/ardi/dsl_mut/HM-armc/mutation/lowered-cpp/interpolate/interpolate.halide_generated.cpp:5476:26
interpolate,cxx_default_on_emitted_cpp,5eb72c8d,4,6,cxx_add_to_sub,interpolate.halide_generated.cpp,10789,25,generator_specific,0,0,1,,,test2_golden,0,2.943,cxx_add_to_sub:/mnt/scratch1/ardi/dsl_mut/HM-armc/mutation/lowered-cpp/interpolate/interpolate.halide_generated.cpp:10789:25
interpolate,cxx_default_on_emitted_cpp,5eb72c8d,4,6,cxx_add_to_sub,interpolate.halide_generated.cpp,7443,37,generator_specific,0,0,1,,,test2_golden,0,3.353,cxx_add_to_sub:/mnt/scratch1/ardi/dsl_mut/HM-armc/mutation/lowered-cpp/interpolate/interpolate.halide_generated.cpp:7443:37
interpolate,cxx_default_on_emitted_cpp,5eb72c8d,4,6,cxx_add_to_sub,interpolate.halide_generated.cpp,6371,32,generator_specific,-11,1,1,,,test1_demo;test2_golden,0,0.370,cxx_add_to_sub:/mnt/scratch1/ardi/dsl_mut/HM-armc/mutation/lowered-cpp/interpolate/interpolate.halide_generated.cpp:6371:32
interpolate,cxx_default_on_emitted_cpp,5eb72c8d,4,6,cxx_add_to_sub,interpolate.halide_generated.cpp,6691,37,generator_specific,0,0,0,,,,0,3.070,cxx_add_to_sub:/mnt/scratch1/ardi/dsl_mut/HM-armc/mutation/lowered-cpp/interpolate/interpolate.halide_generated.cpp:6691:37
interpolate,cxx_default_on_emitted_cpp,5eb72c8d,4,6,cxx_add_to_sub,interpolate.halide_generated.cpp,6811,35,generator_specific,0,0,0,,,,0,3.375,cxx_add_to_sub:/mnt/scratch1/ardi/dsl_mut/HM-armc/mutation/lowered-cpp/interpolate/interpolate.halide_generated.cpp:6811:35
interpolate,cxx_default_on_emitted_cpp,5eb72c8d,4,6,cxx_add_to_sub,interpolate.halide_generated.cpp,7679,38,generator_specific,0,0,0,,,,0,2.875,cxx_add_to_sub:/mnt/scratch1/ardi/dsl_mut/HM-armc/mutation/lowered-cpp/interpolate/interpolate.halide_generated.cpp:7679:38
interpolate,cxx_default_on_emitted_cpp,5eb72c8d,4,6,cxx_add_to_sub,interpolate.halide_generated.cpp,9447,35,generator_specific,0,0,0,,,,0,3.232,cxx_add_to_sub:/mnt/scratch1/ardi/dsl_mut/HM-armc/mutation/lowered-cpp/interpolate/interpolate.halide_generated.cpp:9447:35
interpolate,cxx_default_on_emitted_cpp,5eb72c8d,4,6,cxx_lt_to_ge,interpolate.halide_generated.cpp,3270,30,boilerplate,0,0,1,,,test2_golden,0,3.099,cxx_lt_to_ge:/mnt/scratch1/ardi/dsl_mut/HM-armc/mutation/lowered-cpp/interpolate/interpolate.halide_generated.cpp:3270:30
interpolate,cxx_default_on_emitted_cpp,5eb72c8d,4,6,cxx_sub_to_add,interpolate.halide_generated.cpp,11841,32,generator_specific,0,0,1,,,test2_golden,0,2.886,cxx_sub_to_add:/mnt/scratch1/ardi/dsl_mut/HM-armc/mutation/lowered-cpp/interpolate/interpolate.halide_generated.cpp:11841:32
interpolate,cxx_default_on_emitted_cpp,5eb72c8d,4,6,cxx_sub_to_add,interpolate.halide_generated.cpp,12081,33,generator_specific,0,0,0,,,,0,3.352,cxx_sub_to_add:/mnt/scratch1/ardi/dsl_mut/HM-armc/mutation/lowered-cpp/interpolate/interpolate.halide_generated.cpp:12081:33
interpolate,cxx_default_on_emitted_cpp,5eb72c8d,4,6,cxx_add_to_sub,interpolate.halide_generated.cpp,7872,37,generator_specific,0,0,0,,,,0,2.811,cxx_add_to_sub:/mnt/scratch1/ardi/dsl_mut/HM-armc/mutation/lowered-cpp/interpolate/interpolate.halide_generated.cpp:7872:37
interpolate,cxx_default_on_emitted_cpp,5eb72c8d,4,6,cxx_add_to_sub,interpolate.halide_generated.cpp,10469,24,generator_specific,0,0,0,,,,0,3.352,cxx_add_to_sub:/mnt/scratch1/ardi/dsl_mut/HM-armc/mutation/lowered-cpp/interpolate/interpolate.halide_generated.cpp:10469:24
interpolate,cxx_default_on_emitted_cpp,5eb72c8d,4,6,cxx_mul_to_div,interpolate.halide_generated.cpp,9240,36,generator_specific,0,0,0,,,,0,3.397,cxx_mul_to_div:/mnt/scratch1/ardi/dsl_mut/HM-armc/mutation/lowered-cpp/interpolate/interpolate.halide_generated.cpp:9240:36
interpolate,cxx_default_on_emitted_cpp,5eb72c8d,4,6,cxx_add_to_sub,interpolate.halide_generated.cpp,7943,38,generator_specific,-11,1,1,,,test1_demo;test2_golden,0,0.286,cxx_add_to_sub:/mnt/scratch1/ardi/dsl_mut/HM-armc/mutation/lowered-cpp/interpolate/interpolate.halide_generated.cpp:7943:38
interpolate,cxx_default_on_emitted_cpp,5eb72c8d,4,6,cxx_add_to_sub,interpolate.halide_generated.cpp,4998,26,generator_specific,0,0,0,,,,0,2.961,cxx_add_to_sub:/mnt/scratch1/ardi/dsl_mut/HM-armc/mutation/lowered-cpp/interpolate/interpolate.halide_generated.cpp:4998:26
interpolate,cxx_default_on_emitted_cpp,5eb72c8d,4,6,cxx_add_to_sub,interpolate.halide_generated.cpp,9481,37,generator_specific,0,0,0,,,,0,3.563,cxx_add_to_sub:/mnt/scratch1/ardi/dsl_mut/HM-armc/mutation/lowered-cpp/interpolate/interpolate.halide_generated.cpp:9481:37
interpolate,cxx_default_on_emitted_cpp,5eb72c8d,4,6,cxx_add_to_sub,interpolate.halide_generated.cpp,6615,37,generator_specific,0,0,1,,,test2_golden,0,3.181,cxx_add_to_sub:/mnt/scratch1/ardi/dsl_mut/HM-armc/mutation/lowered-cpp/interpolate/interpolate.halide_generated.cpp:6615:37
interpolate,cxx_default_on_emitted_cpp,5eb72c8d,4,6,cxx_add_to_sub,interpolate.halide_generated.cpp,4674,25,generator_specific,-11,1,1,,,test1_demo;test2_golden,0,0.314,cxx_add_to_sub:/mnt/scratch1/ardi/dsl_mut/HM-armc/mutation/lowered-cpp/interpolate/interpolate.halide_generated.cpp:4674:25
interpolate,cxx_default_on_emitted_cpp,5eb72c8d,4,6,cxx_add_to_sub,interpolate.halide_generated.cpp,10332,36,generator_specific,0,0,0,,,,0,2.919,cxx_add_to_sub:/mnt/scratch1/ardi/dsl_mut/HM-armc/mutation/lowered-cpp/interpolate/interpolate.halide_generated.cpp:10332:36
interpolate,cxx_default_on_emitted_cpp,5eb72c8d,4,6,cxx_lt_to_le,interpolate.halide_generated.cpp,9210,28,generator_specific,0,0,0,,,,0,3.419,cxx_lt_to_le:/mnt/scratch1/ardi/dsl_mut/HM-armc/mutation/lowered-cpp/interpolate/interpolate.halide_generated.cpp:9210:28
interpolate,cxx_default_on_emitted_cpp,5eb72c8d,4,6,cxx_add_to_sub,interpolate.halide_generated.cpp,12230,33,generator_specific,0,0,0,,,,0,3.402,cxx_add_to_sub:/mnt/scratch1/ardi/dsl_mut/HM-armc/mutation/lowered-cpp/interpolate/interpolate.halide_generated.cpp:12230:33
interpolate,cxx_default_on_emitted_cpp,5eb72c8d,4,6,cxx_mul_to_div,interpolate.halide_generated.cpp,8062,35,generator_specific,0,0,0,,,,0,3.307,cxx_mul_to_div:/mnt/scratch1/ardi/dsl_mut/HM-armc/mutation/lowered-cpp/interpolate/interpolate.halide_generated.cpp:8062:35
interpolate,cxx_default_on_emitted_cpp,5eb72c8d,4,6,cxx_sub_to_add,interpolate.halide_generated.cpp,10582,24,generator_specific,0,0,0,,,,0,3.171,cxx_sub_to_add:/mnt/scratch1/ardi/dsl_mut/HM-armc/mutation/lowered-cpp/interpolate/interpolate.halide_generated.cpp:10582:24
interpolate,cxx_default_on_emitted_cpp,5eb72c8d,4,6,cxx_sub_to_add,interpolate.halide_generated.cpp,5657,25,generator_specific,0,0,1,,,test2_golden,0,3.011,cxx_sub_to_add:/mnt/scratch1/ardi/dsl_mut/HM-armc/mutation/lowered-cpp/interpolate/interpolate.halide_generated.cpp:5657:25
interpolate,cxx_default_on_emitted_cpp,5eb72c8d,4,6,cxx_add_to_sub,interpolate.halide_generated.cpp,4229,25,generator_specific,-11,1,1,,,test1_demo;test2_golden,0,0.266,cxx_add_to_sub:/mnt/scratch1/ardi/dsl_mut/HM-armc/mutation/lowered-cpp/interpolate/interpolate.halide_generated.cpp:4229:25
interpolate,cxx_default_on_emitted_cpp,5eb72c8d,4,6,cxx_mul_to_div,interpolate.halide_generated.cpp,4169,26,generator_specific,0,0,1,,,test2_golden,0,3.071,cxx_mul_to_div:/mnt/scratch1/ardi/dsl_mut/HM-armc/mutation/lowered-cpp/interpolate/interpolate.halide_generated.cpp:4169:26
interpolate,cxx_default_on_emitted_cpp,5eb72c8d,4,6,cxx_mul_to_div,interpolate.halide_generated.cpp,5308,26,generator_specific,0,0,1,,,test2_golden,0,2.834,cxx_mul_to_div:/mnt/scratch1/ardi/dsl_mut/HM-armc/mutation/lowered-cpp/interpolate/interpolate.halide_generated.cpp:5308:26
interpolate,cxx_default_on_emitted_cpp,5eb72c8d,4,6,cxx_mul_to_div,interpolate.halide_generated.cpp,4918,26,generator_specific,0,0,1,,,test2_golden,0,3.057,cxx_mul_to_div:/mnt/scratch1/ardi/dsl_mut/HM-armc/mutation/lowered-cpp/interpolate/interpolate.halide_generated.cpp:4918:26
interpolate,cxx_default_on_emitted_cpp,5eb72c8d,4,6,cxx_mul_to_div,interpolate.halide_generated.cpp,10831,25,generator_specific,0,0,0,,,,0,3.329,cxx_mul_to_div:/mnt/scratch1/ardi/dsl_mut/HM-armc/mutation/lowered-cpp/interpolate/interpolate.halide_generated.cpp:10831:25
interpolate,cxx_default_on_emitted_cpp,5eb72c8d,4,6,cxx_mul_to_div,interpolate.halide_generated.cpp,8483,36,generator_specific,-8,1,1,,,test1_demo;test2_golden,0,0.304,cxx_mul_to_div:/mnt/scratch1/ardi/dsl_mut/HM-armc/mutation/lowered-cpp/interpolate/interpolate.halide_generated.cpp:8483:36
interpolate,cxx_default_on_emitted_cpp,5eb72c8d,4,6,cxx_add_to_sub,interpolate.halide_generated.cpp,5484,27,generator_specific,0,0,1,,,test2_golden,0,2.929,cxx_add_to_sub:/mnt/scratch1/ardi/dsl_mut/HM-armc/mutation/lowered-cpp/interpolate/interpolate.halide_generated.cpp:5484:27
interpolate,cxx_default_on_emitted_cpp,5eb72c8d,4,6,cxx_add_to_sub,interpolate.halide_generated.cpp,3745,25,generator_specific,0,0,0,,,,0,3.378,cxx_add_to_sub:/mnt/scratch1/ardi/dsl_mut/HM-armc/mutation/lowered-cpp/interpolate/interpolate.halide_generated.cpp:3745:25
interpolate,cxx_default_on_emitted_cpp,5eb72c8d,4,6,cxx_replace_scalar_call,interpolate.halide_generated.cpp,10605,19,generator_specific,0,0,0,,,,0,3.159,cxx_replace_scalar_call:/mnt/scratch1/ardi/dsl_mut/HM-armc/mutation/lowered-cpp/interpolate/interpolate.halide_generated.cpp:10605:19
interpolate,cxx_default_on_emitted_cpp,5eb72c8d,4,6,cxx_add_to_sub,interpolate.halide_generated.cpp,5659,25,generator_specific,-11,1,1,,,test1_demo;test2_golden,0,0.362,cxx_add_to_sub:/mnt/scratch1/ardi/dsl_mut/HM-armc/mutation/lowered-cpp/interpolate/interpolate.halide_generated.cpp:5659:25
interpolate,cxx_default_on_emitted_cpp,5eb72c8d,4,6,cxx_add_to_sub,interpolate.halide_generated.cpp,9975,37,generator_specific,0,0,0,,,,0,3.235,cxx_add_to_sub:/mnt/scratch1/ardi/dsl_mut/HM-armc/mutation/lowered-cpp/interpolate/interpolate.halide_generated.cpp:9975:37
interpolate,cxx_default_on_emitted_cpp,5eb72c8d,4,6,cxx_add_to_sub,interpolate.halide_generated.cpp,4233,26,generator_specific,0,0,1,,,test2_golden,0,2.836,cxx_add_to_sub:/mnt/scratch1/ardi/dsl_mut/HM-armc/mutation/lowered-cpp/interpolate/interpolate.halide_generated.cpp:4233:26
interpolate,cxx_default_on_emitted_cpp,5eb72c8d,4,6,cxx_add_to_sub,interpolate.halide_generated.cpp,4668,24,generator_specific,-6,1,1,,,test1_demo;test2_golden,0,0.372,cxx_add_to_sub:/mnt/scratch1/ardi/dsl_mut/HM-armc/mutation/lowered-cpp/interpolate/interpolate.halide_generated.cpp:4668:24
interpolate,cxx_default_on_emitted_cpp,5eb72c8d,4,6,cxx_gt_to_le,interpolate.halide_generated.cpp,6331,77,generator_specific,-6,1,1,,,test1_demo;test2_golden,0,0.362,cxx_gt_to_le:/mnt/scratch1/ardi/dsl_mut/HM-armc/mutation/lowered-cpp/interpolate/interpolate.halide_generated.cpp:6331:77
interpolate,cxx_default_on_emitted_cpp,5eb72c8d,4,6,cxx_add_to_sub,interpolate.halide_generated.cpp,9935,60,generator_specific,0,0,0,,,,0,3.574,cxx_add_to_sub:/mnt/scratch1/ardi/dsl_mut/HM-armc/mutation/lowered-cpp/interpolate/interpolate.halide_generated.cpp:9935:60
interpolate,cxx_default_on_emitted_cpp,5eb72c8d,4,6,cxx_add_to_sub,interpolate.halide_generated.cpp,5509,27,generator_specific,0,0,1,,,test2_golden,0,3.344,cxx_add_to_sub:/mnt/scratch1/ardi/dsl_mut/HM-armc/mutation/lowered-cpp/interpolate/interpolate.halide_generated.cpp:5509:27
interpolate,cxx_default_on_emitted_cpp,5eb72c8d,4,6,cxx_add_to_sub,interpolate.halide_generated.cpp,10057,38,generator_specific,0,0,0,,,,0,3.280,cxx_add_to_sub:/mnt/scratch1/ardi/dsl_mut/HM-armc/mutation/lowered-cpp/interpolate/interpolate.halide_generated.cpp:10057:38
interpolate,cxx_default_on_emitted_cpp,5eb72c8d,4,6,cxx_mul_to_div,interpolate.halide_generated.cpp,6800,37,generator_specific,0,0,1,,,test2_golden,0,3.876,cxx_mul_to_div:/mnt/scratch1/ardi/dsl_mut/HM-armc/mutation/lowered-cpp/interpolate/interpolate.halide_generated.cpp:6800:37
interpolate,cxx_default_on_emitted_cpp,5eb72c8d,4,6,cxx_mul_to_div,interpolate.halide_generated.cpp,5166,26,generator_specific,0,0,0,,,,0,3.093,cxx_mul_to_div:/mnt/scratch1/ardi/dsl_mut/HM-armc/mutation/lowered-cpp/interpolate/interpolate.halide_generated.cpp:5166:26
interpolate,cxx_default_on_emitted_cpp,5eb72c8d,4,6,cxx_add_to_sub,interpolate.halide_generated.cpp,8586,36,generator_specific,0,0,0,,,,0,2.941,cxx_add_to_sub:/mnt/scratch1/ardi/dsl_mut/HM-armc/mutation/lowered-cpp/interpolate/interpolate.halide_generated.cpp:8586:36
interpolate,cxx_default_on_emitted_cpp,5eb72c8d,4,6,cxx_add_to_sub,interpolate.halide_generated.cpp,3900,26,generator_specific,-11,1,1,,,test1_demo;test2_golden,0,0.302,cxx_add_to_sub:/mnt/scratch1/ardi/dsl_mut/HM-armc/mutation/lowered-cpp/interpolate/interpolate.halide_generated.cpp:3900:26
interpolate,cxx_default_on_emitted_cpp,5eb72c8d,4,6,cxx_replace_scalar_call,interpolate.halide_generated.cpp,10538,18,generator_specific,0,0,0,,,,0,3.508,cxx_replace_scalar_call:/mnt/scratch1/ardi/dsl_mut/HM-armc/mutation/lowered-cpp/interpolate/interpolate.halide_generated.cpp:10538:18
interpolate,cxx_default_on_emitted_cpp,5eb72c8d,4,6,cxx_sub_to_add,interpolate.halide_generated.cpp,5277,25,generator_specific,0,0,1,,,test2_golden,0,2.688,cxx_sub_to_add:/mnt/scratch1/ardi/dsl_mut/HM-armc/mutation/lowered-cpp/interpolate/interpolate.halide_generated.cpp:5277:25
interpolate,cxx_default_on_emitted_cpp,5eb72c8d,4,6,cxx_add_to_sub,interpolate.halide_generated.cpp,9199,37,generator_specific,0,0,0,,,,0,2.835,cxx_add_to_sub:/mnt/scratch1/ardi/dsl_mut/HM-armc/mutation/lowered-cpp/interpolate/interpolate.halide_generated.cpp:9199:37
interpolate,cxx_default_on_emitted_cpp,5eb72c8d,4,6,cxx_add_to_sub,interpolate.halide_generated.cpp,6998,35,generator_specific,0,0,1,,,test2_golden,0,3.138,cxx_add_to_sub:/mnt/scratch1/ardi/dsl_mut/HM-armc/mutation/lowered-cpp/interpolate/interpolate.halide_generated.cpp:6998:35
interpolate,cxx_default_on_emitted_cpp,5eb72c8d,4,6,cxx_add_to_sub,interpolate.halide_generated.cpp,8634,36,generator_specific,0,0,0,,,,0,2.888,cxx_add_to_sub:/mnt/scratch1/ardi/dsl_mut/HM-armc/mutation/lowered-cpp/interpolate/interpolate.halide_generated.cpp:8634:36
interpolate,cxx_default_on_emitted_cpp,5eb72c8d,4,6,cxx_gt_to_ge,interpolate.halide_generated.cpp,9024,78,generator_specific,0,0,0,,,,0,2.893,cxx_gt_to_ge:/mnt/scratch1/ardi/dsl_mut/HM-armc/mutation/lowered-cpp/interpolate/interpolate.halide_generated.cpp:9024:78
interpolate,cxx_default_on_emitted_cpp,5eb72c8d,4,6,cxx_add_to_sub,interpolate.halide_generated.cpp,9617,38,generator_specific,0,0,0,,,,0,2.941,cxx_add_to_sub:/mnt/scratch1/ardi/dsl_mut/HM-armc/mutation/lowered-cpp/interpolate/interpolate.halide_generated.cpp:9617:38
interpolate,cxx_default_on_emitted_cpp,5eb72c8d,4,6,cxx_add_to_sub,interpolate.halide_generated.cpp,7823,37,generator_specific,0,0,0,,,,0,3.347,cxx_add_to_sub:/mnt/scratch1/ardi/dsl_mut/HM-armc/mutation/lowered-cpp/interpolate/interpolate.halide_generated.cpp:7823:37
interpolate,cxx_default_on_emitted_cpp,5eb72c8d,4,6,cxx_replace_scalar_call,interpolate.halide_generated.cpp,10550,18,generator_specific,-6,1,1,,,test1_demo;test2_golden,0,0.315,cxx_replace_scalar_call:/mnt/scratch1/ardi/dsl_mut/HM-armc/mutation/lowered-cpp/interpolate/interpolate.halide_generated.cpp:10550:18
interpolate,cxx_default_on_emitted_cpp,5eb72c8d,4,6,cxx_lt_to_ge,interpolate.halide_generated.cpp,4033,119,generator_specific,0,0,0,,,,0,3.246,cxx_lt_to_ge:/mnt/scratch1/ardi/dsl_mut/HM-armc/mutation/lowered-cpp/interpolate/interpolate.halide_generated.cpp:4033:119
interpolate,cxx_default_on_emitted_cpp,5eb72c8d,4,6,cxx_add_to_sub,interpolate.halide_generated.cpp,8188,38,generator_specific,0,0,0,,,,0,3.461,cxx_add_to_sub:/mnt/scratch1/ardi/dsl_mut/HM-armc/mutation/lowered-cpp/interpolate/interpolate.halide_generated.cpp:8188:38
interpolate,cxx_default_on_emitted_cpp,5eb72c8d,4,6,cxx_mul_to_div,interpolate.halide_generated.cpp,11946,61,generator_specific,0,0,0,,,,0,3.454,cxx_mul_to_div:/mnt/scratch1/ardi/dsl_mut/HM-armc/mutation/lowered-cpp/interpolate/interpolate.halide_generated.cpp:11946:61
interpolate,cxx_default_on_emitted_cpp,5eb72c8d,4,6,cxx_add_to_sub,interpolate.halide_generated.cpp,9258,37,generator_specific,0,0,0,,,,0,3.210,cxx_add_to_sub:/mnt/scratch1/ardi/dsl_mut/HM-armc/mutation/lowered-cpp/interpolate/interpolate.halide_generated.cpp:9258:37
interpolate,cxx_default_on_emitted_cpp,5eb72c8d,4,6,cxx_add_to_sub,interpolate.halide_generated.cpp,6229,27,generator_specific,-6,1,1,,,test1_demo;test2_golden,0,0.321,cxx_add_to_sub:/mnt/scratch1/ardi/dsl_mut/HM-armc/mutation/lowered-cpp/interpolate/interpolate.halide_generated.cpp:6229:27
interpolate,cxx_default_on_emitted_cpp,5eb72c8d,4,6,cxx_add_to_sub,interpolate.halide_generated.cpp,7259,38,generator_specific,0,0,1,,,test2_golden,0,3.332,cxx_add_to_sub:/mnt/scratch1/ardi/dsl_mut/HM-armc/mutation/lowered-cpp/interpolate/interpolate.halide_generated.cpp:7259:38
interpolate,cxx_default_on_emitted_cpp,5eb72c8d,4,6,cxx_sub_to_add,interpolate.halide_generated.cpp,11494,29,generator_specific,0,0,0,,,,0,3.429,cxx_sub_to_add:/mnt/scratch1/ardi/dsl_mut/HM-armc/mutation/lowered-cpp/interpolate/interpolate.halide_generated.cpp:11494:29
interpolate,cxx_default_on_emitted_cpp,5eb72c8d,4,6,cxx_add_to_sub,interpolate.halide_generated.cpp,7495,38,generator_specific,0,0,0,,,,0,3.306,cxx_add_to_sub:/mnt/scratch1/ardi/dsl_mut/HM-armc/mutation/lowered-cpp/interpolate/interpolate.halide_generated.cpp:7495:38
interpolate,cxx_default_on_emitted_cpp,5eb72c8d,4,6,cxx_mul_to_div,interpolate.halide_generated.cpp,4265,25,generator_specific,-8,1,1,,,test1_demo;test2_golden,0,0.309,cxx_mul_to_div:/mnt/scratch1/ardi/dsl_mut/HM-armc/mutation/lowered-cpp/interpolate/interpolate.halide_generated.cpp:4265:25
interpolate,cxx_default_on_emitted_cpp,5eb72c8d,4,6,cxx_replace_scalar_call,interpolate.halide_generated.cpp,10433,18,generator_specific,-6,1,1,,,test1_demo;test2_golden,0,0.269,cxx_replace_scalar_call:/mnt/scratch1/ardi/dsl_mut/HM-armc/mutation/lowered-cpp/interpolate/interpolate.halide_generated.cpp:10433:18
interpolate,cxx_default_on_emitted_cpp,5eb72c8d,4,6,cxx_lt_to_ge,interpolate.halide_generated.cpp,4481,62,generator_specific,0,0,1,,,test2_golden,0,2.897,cxx_lt_to_ge:/mnt/scratch1/ardi/dsl_mut/HM-armc/mutation/lowered-cpp/interpolate/interpolate.halide_generated.cpp:4481:62
interpolate,cxx_default_on_emitted_cpp,5eb72c8d,4,6,cxx_add_to_sub,interpolate.halide_generated.cpp,8362,36,generator_specific,0,0,1,,,test2_golden,0,3.492,cxx_add_to_sub:/mnt/scratch1/ardi/dsl_mut/HM-armc/mutation/lowered-cpp/interpolate/interpolate.halide_generated.cpp:8362:36
interpolate,cxx_default_on_emitted_cpp,5eb72c8d,4,6,cxx_add_to_sub,interpolate.halide_generated.cpp,6474,49,generator_specific,-11,1,1,,,test1_demo;test2_golden,0,0.382,cxx_add_to_sub:/mnt/scratch1/ardi/dsl_mut/HM-armc/mutation/lowered-cpp/interpolate/interpolate.halide_generated.cpp:6474:49
interpolate,cxx_default_on_emitted_cpp,5eb72c8d,4,6,cxx_add_to_sub,interpolate.halide_generated.cpp,8030,38,generator_specific,0,0,0,,,,0,3.205,cxx_add_to_sub:/mnt/scratch1/ardi/dsl_mut/HM-armc/mutation/lowered-cpp/interpolate/interpolate.halide_generated.cpp:8030:38
interpolate,cxx_default_on_emitted_cpp,5eb72c8d,4,6,cxx_gt_to_ge,interpolate.halide_generated.cpp,9050,79,generator_specific,0,0,0,,,,0,3.542,cxx_gt_to_ge:/mnt/scratch1/ardi/dsl_mut/HM-armc/mutation/lowered-cpp/interpolate/interpolate.halide_generated.cpp:9050:79
interpolate,cxx_default_on_emitted_cpp,5eb72c8d,4,6,cxx_eq_to_ne,interpolate.halide_generated.cpp,11303,24,generator_specific,0,0,1,,,test2_golden,0,1.839,cxx_eq_to_ne:/mnt/scratch1/ardi/dsl_mut/HM-armc/mutation/lowered-cpp/interpolate/interpolate.halide_generated.cpp:11303:24
interpolate,cxx_default_on_emitted_cpp,5eb72c8d,4,6,cxx_lt_to_ge,interpolate.halide_generated.cpp,9662,28,generator_specific,0,0,0,,,,0,3.361,cxx_lt_to_ge:/mnt/scratch1/ardi/dsl_mut/HM-armc/mutation/lowered-cpp/interpolate/interpolate.halide_generated.cpp:9662:28
interpolate,cxx_default_on_emitted_cpp,5eb72c8d,4,6,cxx_add_to_sub,interpolate.halide_generated.cpp,6249,27,generator_specific,0,0,1,,,test2_golden,0,3.520,cxx_add_to_sub:/mnt/scratch1/ardi/dsl_mut/HM-armc/mutation/lowered-cpp/interpolate/interpolate.halide_generated.cpp:6249:27
interpolate,cxx_default_on_emitted_cpp,5eb72c8d,4,6,cxx_add_to_sub,interpolate.halide_generated.cpp,8784,36,generator_specific,0,0,0,,,,0,3.204,cxx_add_to_sub:/mnt/scratch1/ardi/dsl_mut/HM-armc/mutation/lowered-cpp/interpolate/interpolate.halide_generated.cpp:8784:36
interpolate,cxx_default_on_emitted_cpp,5eb72c8d,4,6,cxx_sub_to_add,interpolate.halide_generated.cpp,8576,35,generator_specific,0,0,0,,,,0,3.004,cxx_sub_to_add:/mnt/scratch1/ardi/dsl_mut/HM-armc/mutation/lowered-cpp/interpolate/interpolate.halide_generated.cpp:8576:35
interpolate,cxx_default_on_emitted_cpp,5eb72c8d,4,6,cxx_add_to_sub,interpolate.halide_generated.cpp,10190,36,generator_specific,0,0,0,,,,0,3.072,cxx_add_to_sub:/mnt/scratch1/ardi/dsl_mut/HM-armc/mutation/lowered-cpp/interpolate/interpolate.halide_generated.cpp:10190:36
interpolate,cxx_default_on_emitted_cpp,5eb72c8d,4,6,cxx_add_to_sub,interpolate.halide_generated.cpp,3825,26,generator_specific,0,0,1,,,test2_golden,0,3.055,cxx_add_to_sub:/mnt/scratch1/ardi/dsl_mut/HM-armc/mutation/lowered-cpp/interpolate/interpolate.halide_generated.cpp:3825:26
interpolate,cxx_default_on_emitted_cpp,5eb72c8d,4,6,cxx_mul_to_div,interpolate.halide_generated.cpp,8134,35,generator_specific,0,0,0,,,,0,3.045,cxx_mul_to_div:/mnt/scratch1/ardi/dsl_mut/HM-armc/mutation/lowered-cpp/interpolate/interpolate.halide_generated.cpp:8134:35
interpolate,cxx_default_on_emitted_cpp,5eb72c8d,4,6,cxx_add_to_sub,interpolate.halide_generated.cpp,12089,33,generator_specific,0,0,0,,,,0,3.045,cxx_add_to_sub:/mnt/scratch1/ardi/dsl_mut/HM-armc/mutation/lowered-cpp/interpolate/interpolate.halide_generated.cpp:12089:33
interpolate,cxx_default_on_emitted_cpp,5eb72c8d,4,6,cxx_mul_to_div,interpolate.halide_generated.cpp,3984,26,generator_specific,0,0,1,,,test2_golden,0,3.698,cxx_mul_to_div:/mnt/scratch1/ardi/dsl_mut/HM-armc/mutation/lowered-cpp/interpolate/interpolate.halide_generated.cpp:3984:26
interpolate,cxx_default_on_emitted_cpp,5eb72c8d,4,6,cxx_add_to_sub,interpolate.halide_generated.cpp,10356,36,generator_specific,0,0,0,,,,0,3.361,cxx_add_to_sub:/mnt/scratch1/ardi/dsl_mut/HM-armc/mutation/lowered-cpp/interpolate/interpolate.halide_generated.cpp:10356:36
interpolate,cxx_default_on_emitted_cpp,5eb72c8d,4,6,cxx_mul_to_div,interpolate.halide_generated.cpp,7283,37,generator_specific,0,0,0,,,,0,2.932,cxx_mul_to_div:/mnt/scratch1/ardi/dsl_mut/HM-armc/mutation/lowered-cpp/interpolate/interpolate.halide_generated.cpp:7283:37
interpolate,cxx_default_on_emitted_cpp,5eb72c8d,4,6,cxx_gt_to_ge,interpolate.halide_generated.cpp,11236,16,generator_specific,0,0,0,,,,0,3.110,cxx_gt_to_ge:/mnt/scratch1/ardi/dsl_mut/HM-armc/mutation/lowered-cpp/interpolate/interpolate.halide_generated.cpp:11236:16
interpolate,cxx_default_on_emitted_cpp,5eb72c8d,4,6,cxx_mul_to_div,interpolate.halide_generated.cpp,7634,37,generator_specific,0,0,1,,,test2_golden,0,3.095,cxx_mul_to_div:/mnt/scratch1/ardi/dsl_mut/HM-armc/mutation/lowered-cpp/interpolate/interpolate.halide_generated.cpp:7634:37
interpolate,cxx_default_on_emitted_cpp,5eb72c8d,4,6,cxx_add_to_sub,interpolate.halide_generated.cpp,12263,33,generator_specific,0,0,0,,,,0,3.096,cxx_add_to_sub:/mnt/scratch1/ardi/dsl_mut/HM-armc/mutation/lowered-cpp/interpolate/interpolate.halide_generated.cpp:12263:33
interpolate,cxx_default_on_emitted_cpp,5eb72c8d,4,6,cxx_remove_void_call,interpolate.halide_generated.cpp,6805,16,generator_specific,0,0,1,,,test2_golden,0,3.200,cxx_remove_void_call:/mnt/scratch1/ardi/dsl_mut/HM-armc/mutation/lowered-cpp/interpolate/interpolate.halide_generated.cpp:6805:16
interpolate,cxx_default_on_emitted_cpp,5eb72c8d,4,6,cxx_add_to_sub,interpolate.halide_generated.cpp,10360,35,generator_specific,0,0,0,,,,0,3.661,cxx_add_to_sub:/mnt/scratch1/ardi/dsl_mut/HM-armc/mutation/lowered-cpp/interpolate/interpolate.halide_generated.cpp:10360:35
interpolate,cxx_default_on_emitted_cpp,5eb72c8d,4,6,cxx_add_to_sub,interpolate.halide_generated.cpp,9984,37,generator_specific,0,0,0,,,,0,3.137,cxx_add_to_sub:/mnt/scratch1/ardi/dsl_mut/HM-armc/mutation/lowered-cpp/interpolate/interpolate.halide_generated.cpp:9984:37
interpolate,cxx_default_on_emitted_cpp,5eb72c8d,4,6,cxx_add_to_sub,interpolate.halide_generated.cpp,8609,36,generator_specific,0,0,0,,,,0,3.454,cxx_add_to_sub:/mnt/scratch1/ardi/dsl_mut/HM-armc/mutation/lowered-cpp/interpolate/interpolate.halide_generated.cpp:8609:36
interpolate,cxx_default_on_emitted_cpp,5eb72c8d,4,6,cxx_add_to_sub,interpolate.halide_generated.cpp,8595,36,generator_specific,0,0,0,,,,0,3.656,cxx_add_to_sub:/mnt/scratch1/ardi/dsl_mut/HM-armc/mutation/lowered-cpp/interpolate/interpolate.halide_generated.cpp:8595:36
interpolate,cxx_default_on_emitted_cpp,5eb72c8d,4,6,cxx_add_to_sub,interpolate.halide_generated.cpp,4747,24,generator_specific,0,0,0,,,,0,3.096,cxx_add_to_sub:/mnt/scratch1/ardi/dsl_mut/HM-armc/mutation/lowered-cpp/interpolate/interpolate.halide_generated.cpp:4747:24
interpolate,cxx_default_on_emitted_cpp,5eb72c8d,4,6,cxx_add_to_sub,interpolate.halide_generated.cpp,6887,38,generator_specific,0,0,1,,,test2_golden,0,2.718,cxx_add_to_sub:/mnt/scratch1/ardi/dsl_mut/HM-armc/mutation/lowered-cpp/interpolate/interpolate.halide_generated.cpp:6887:38
interpolate,cxx_default_on_emitted_cpp,5eb72c8d,4,6,cxx_add_to_sub,interpolate.halide_generated.cpp,4200,26,generator_specific,0,0,1,,,test2_golden,0,3.062,cxx_add_to_sub:/mnt/scratch1/ardi/dsl_mut/HM-armc/mutation/lowered-cpp/interpolate/interpolate.halide_generated.cpp:4200:26
interpolate,cxx_default_on_emitted_cpp,5eb72c8d,4,6,cxx_add_to_sub,interpolate.halide_generated.cpp,10303,36,generator_specific,0,0,0,,,,0,2.850,cxx_add_to_sub:/mnt/scratch1/ardi/dsl_mut/HM-armc/mutation/lowered-cpp/interpolate/interpolate.halide_generated.cpp:10303:36
interpolate,cxx_default_on_emitted_cpp,5eb72c8d,4,6,cxx_add_to_sub,interpolate.halide_generated.cpp,4159,25,generator_specific,0,0,1,,,test2_golden,0,3.104,cxx_add_to_sub:/mnt/scratch1/ardi/dsl_mut/HM-armc/mutation/lowered-cpp/interpolate/interpolate.halide_generated.cpp:4159:25
interpolate,cxx_default_on_emitted_cpp,5eb72c8d,4,6,cxx_add_to_sub,interpolate.halide_generated.cpp,9999,35,generator_specific,0,0,0,,,,0,3.425,cxx_add_to_sub:/mnt/scratch1/ardi/dsl_mut/HM-armc/mutation/lowered-cpp/interpolate/interpolate.halide_generated.cpp:9999:35
interpolate,cxx_default_on_emitted_cpp,5eb72c8d,4,6,cxx_add_to_sub,interpolate.halide_generated.cpp,10267,35,generator_specific,0,0,1,,,test2_golden,0,3.628,cxx_add_to_sub:/mnt/scratch1/ardi/dsl_mut/HM-armc/mutation/lowered-cpp/interpolate/interpolate.halide_generated.cpp:10267:35
interpolate,cxx_default_on_emitted_cpp,5eb72c8d,4,6,cxx_gt_to_ge,interpolate.halide_generated.cpp,6402,80,generator_specific,0,0,0,,,,0,3.098,cxx_gt_to_ge:/mnt/scratch1/ardi/dsl_mut/HM-armc/mutation/lowered-cpp/interpolate/interpolate.halide_generated.cpp:6402:80
interpolate,cxx_default_on_emitted_cpp,5eb72c8d,4,6,cxx_add_to_sub,interpolate.halide_generated.cpp,6644,35,generator_specific,0,0,1,,,test2_golden,0,3.304,cxx_add_to_sub:/mnt/scratch1/ardi/dsl_mut/HM-armc/mutation/lowered-cpp/interpolate/interpolate.halide_generated.cpp:6644:35
interpolate,cxx_default_on_emitted_cpp,5eb72c8d,4,6,cxx_add_to_sub,interpolate.halide_generated.cpp,7212,37,generator_specific,0,0,1,,,test2_golden,0,3.715,cxx_add_to_sub:/mnt/scratch1/ardi/dsl_mut/HM-armc/mutation/lowered-cpp/interpolate/interpolate.halide_generated.cpp:7212:37
interpolate,cxx_default_on_emitted_cpp,5eb72c8d,4,6,cxx_sub_to_add,interpolate.halide_generated.cpp,12151,33,generator_specific,0,0,0,,,,0,3.384,cxx_sub_to_add:/mnt/scratch1/ardi/dsl_mut/HM-armc/mutation/lowered-cpp/interpolate/interpolate.halide_generated.cpp:12151:33
interpolate,cxx_default_on_emitted_cpp,5eb72c8d,4,6,cxx_mul_to_div,interpolate.halide_generated.cpp,3831,23,generator_specific,-11,1,1,,,test1_demo;test2_golden,0,1.729,cxx_mul_to_div:/mnt/scratch1/ardi/dsl_mut/HM-armc/mutation/lowered-cpp/interpolate/interpolate.halide_generated.cpp:3831:23
interpolate,cxx_default_on_emitted_cpp,5eb72c8d,4,6,cxx_lt_to_ge,interpolate.halide_generated.cpp,4948,62,generator_specific,0,0,1,,,test2_golden,0,3.791,cxx_lt_to_ge:/mnt/scratch1/ardi/dsl_mut/HM-armc/mutation/lowered-cpp/interpolate/interpolate.halide_generated.cpp:4948:62
interpolate,cxx_default_on_emitted_cpp,5eb72c8d,4,6,cxx_mul_to_div,interpolate.halide_generated.cpp,7381,36,generator_specific,-8,1,1,,,test1_demo;test2_golden,0,0.356,cxx_mul_to_div:/mnt/scratch1/ardi/dsl_mut/HM-armc/mutation/lowered-cpp/interpolate/interpolate.halide_generated.cpp:7381:36
interpolate,cxx_default_on_emitted_cpp,5eb72c8d,4,6,cxx_sub_to_add,interpolate.halide_generated.cpp,12265,33,generator_specific,0,0,1,,,test2_golden,0,2.814,cxx_sub_to_add:/mnt/scratch1/ardi/dsl_mut/HM-armc/mutation/lowered-cpp/interpolate/interpolate.halide_generated.cpp:12265:33
interpolate,cxx_default_on_emitted_cpp,5eb72c8d,4,6,cxx_eq_to_ne,interpolate.halide_generated.cpp,11538,26,generator_specific,0,0,1,,,test2_golden,0,1.318,cxx_eq_to_ne:/mnt/scratch1/ardi/dsl_mut/HM-armc/mutation/lowered-cpp/interpolate/interpolate.halide_generated.cpp:11538:26
interpolate,cxx_default_on_emitted_cpp,5eb72c8d,4,6,cxx_add_to_sub,interpolate.halide_generated.cpp,3942,26,generator_specific,0,0,1,,,test2_golden,0,3.294,cxx_add_to_sub:/mnt/scratch1/ardi/dsl_mut/HM-armc/mutation/lowered-cpp/interpolate/interpolate.halide_generated.cpp:3942:26
interpolate,cxx_default_on_emitted_cpp,5eb72c8d,4,6,cxx_sub_to_add,interpolate.halide_generated.cpp,7397,37,generator_specific,0,0,1,,,test2_golden,0,3.425,cxx_sub_to_add:/mnt/scratch1/ardi/dsl_mut/HM-armc/mutation/lowered-cpp/interpolate/interpolate.halide_generated.cpp:7397:37
interpolate,cxx_default_on_emitted_cpp,5eb72c8d,4,6,cxx_add_to_sub,interpolate.halide_generated.cpp,10053,38,generator_specific,0,0,1,,,test2_golden,0,3.421,cxx_add_to_sub:/mnt/scratch1/ardi/dsl_mut/HM-armc/mutation/lowered-cpp/interpolate/interpolate.halide_generated.cpp:10053:38
interpolate,cxx_default_on_emitted_cpp,5eb72c8d,4,6,cxx_add_to_sub,interpolate.halide_generated.cpp,11672,30,generator_specific,0,0,0,,,,0,3.090,cxx_add_to_sub:/mnt/scratch1/ardi/dsl_mut/HM-armc/mutation/lowered-cpp/interpolate/interpolate.halide_generated.cpp:11672:30
interpolate,cxx_default_on_emitted_cpp,5eb72c8d,4,6,cxx_mul_to_div,interpolate.halide_generated.cpp,7537,35,generator_specific,-6,1,1,,,test1_demo;test2_golden,0,0.365,cxx_mul_to_div:/mnt/scratch1/ardi/dsl_mut/HM-armc/mutation/lowered-cpp/interpolate/interpolate.halide_generated.cpp:7537:35
interpolate,cxx_default_on_emitted_cpp,5eb72c8d,4,6,cxx_add_to_sub,interpolate.halide_generated.cpp,4365,26,generator_specific,0,0,0,,,,0,3.654,cxx_add_to_sub:/mnt/scratch1/ardi/dsl_mut/HM-armc/mutation/lowered-cpp/interpolate/interpolate.halide_generated.cpp:4365:26
interpolate,cxx_default_on_emitted_cpp,5eb72c8d,4,6,cxx_sub_to_add,interpolate.halide_generated.cpp,7645,37,generator_specific,-11,1,1,,,test1_demo;test2_golden,0,0.547,cxx_sub_to_add:/mnt/scratch1/ardi/dsl_mut/HM-armc/mutation/lowered-cpp/interpolate/interpolate.halide_generated.cpp:7645:37
interpolate,cxx_default_on_emitted_cpp,5eb72c8d,4,6,cxx_add_to_sub,interpolate.halide_generated.cpp,8316,35,generator_specific,0,0,0,,,,0,3.694,cxx_add_to_sub:/mnt/scratch1/ardi/dsl_mut/HM-armc/mutation/lowered-cpp/interpolate/interpolate.halide_generated.cpp:8316:35
interpolate,cxx_default_on_emitted_cpp,5eb72c8d,4,6,cxx_add_to_sub,interpolate.halide_generated.cpp,7980,37,generator_specific,0,0,1,,,test2_golden,0,3.723,cxx_add_to_sub:/mnt/scratch1/ardi/dsl_mut/HM-armc/mutation/lowered-cpp/interpolate/interpolate.halide_generated.cpp:7980:37
interpolate,cxx_default_on_emitted_cpp,5eb72c8d,4,6,cxx_sub_to_add,interpolate.halide_generated.cpp,6461,34,generator_specific,0,0,1,,,test2_golden,0,3.551,cxx_sub_to_add:/mnt/scratch1/ardi/dsl_mut/HM-armc/mutation/lowered-cpp/interpolate/interpolate.halide_generated.cpp:6461:34
interpolate,cxx_default_on_emitted_cpp,5eb72c8d,4,6,cxx_add_to_sub,interpolate.halide_generated.cpp,7991,37,generator_specific,-11,1,1,,,test1_demo;test2_golden,0,0.358,cxx_add_to_sub:/mnt/scratch1/ardi/dsl_mut/HM-armc/mutation/lowered-cpp/interpolate/interpolate.halide_generated.cpp:7991:37
interpolate,cxx_default_on_emitted_cpp,5eb72c8d,4,6,cxx_gt_to_ge,interpolate.halide_generated.cpp,6383,22,generator_specific,0,0,0,,,,0,3.406,cxx_gt_to_ge:/mnt/scratch1/ardi/dsl_mut/HM-armc/mutation/lowered-cpp/interpolate/interpolate.halide_generated.cpp:6383:22
interpolate,cxx_default_on_emitted_cpp,5eb72c8d,4,6,cxx_post_inc_to_post_dec,interpolate.halide_generated.cpp,6655,98,generator_specific,-11,1,1,,,test1_demo;test2_golden,0,0.367,cxx_post_inc_to_post_dec:/mnt/scratch1/ardi/dsl_mut/HM-armc/mutation/lowered-cpp/interpolate/interpolate.halide_generated.cpp:6655:98
interpolate,cxx_default_on_emitted_cpp,5eb72c8d,4,6,cxx_remove_void_call,interpolate.halide_generated.cpp,9318,16,generator_specific,0,0,0,,,,0,2.896,cxx_remove_void_call:/mnt/scratch1/ardi/dsl_mut/HM-armc/mutation/lowered-cpp/interpolate/interpolate.halide_generated.cpp:9318:16
interpolate,cxx_default_on_emitted_cpp,5eb72c8d,4,6,cxx_add_to_sub,interpolate.halide_generated.cpp,10037,38,generator_specific,0,0,0,,,,0,3.781,cxx_add_to_sub:/mnt/scratch1/ardi/dsl_mut/HM-armc/mutation/lowered-cpp/interpolate/interpolate.halide_generated.cpp:10037:38
interpolate,cxx_default_on_emitted_cpp,5eb72c8d,4,6,cxx_replace_scalar_call,interpolate.halide_generated.cpp,11074,21,generator_specific,0,0,0,,,,0,3.513,cxx_replace_scalar_call:/mnt/scratch1/ardi/dsl_mut/HM-armc/mutation/lowered-cpp/interpolate/interpolate.halide_generated.cpp:11074:21
interpolate,cxx_default_on_emitted_cpp,5eb72c8d,4,6,cxx_sub_to_add,interpolate.halide_generated.cpp,7722,35,generator_specific,-6,1,1,,,test1_demo;test2_golden,0,0.322,cxx_sub_to_add:/mnt/scratch1/ardi/dsl_mut/HM-armc/mutation/lowered-cpp/interpolate/interpolate.halide_generated.cpp:7722:35
interpolate,cxx_default_on_emitted_cpp,5eb72c8d,4,6,cxx_add_to_sub,interpolate.halide_generated.cpp,8477,35,generator_specific,0,0,1,,,test2_golden,0,3.522,cxx_add_to_sub:/mnt/scratch1/ardi/dsl_mut/HM-armc/mutation/lowered-cpp/interpolate/interpolate.halide_generated.cpp:8477:35
interpolate,cxx_default_on_emitted_cpp,5eb72c8d,4,6,cxx_mul_to_div,interpolate.halide_generated.cpp,10215,36,generator_specific,0,0,1,,,test2_golden,0,3.541,cxx_mul_to_div:/mnt/scratch1/ardi/dsl_mut/HM-armc/mutation/lowered-cpp/interpolate/interpolate.halide_generated.cpp:10215:36
interpolate,cxx_default_on_emitted_cpp,5eb72c8d,4,6,cxx_le_to_gt,interpolate.halide_generated.cpp,12031,26,generator_specific,-6,1,1,,,test1_demo;test2_golden,0,0.337,cxx_le_to_gt:/mnt/scratch1/ardi/dsl_mut/HM-armc/mutation/lowered-cpp/interpolate/interpolate.halide_generated.cpp:12031:26
interpolate,cxx_default_on_emitted_cpp,5eb72c8d,4,6,cxx_add_to_sub,interpolate.halide_generated.cpp,10008,49,generator_specific,0,0,0,,,,0,3.397,cxx_add_to_sub:/mnt/scratch1/ardi/dsl_mut/HM-armc/mutation/lowered-cpp/interpolate/interpolate.halide_generated.cpp:10008:49
interpolate,cxx_default_on_emitted_cpp,5eb72c8d,4,6,cxx_gt_to_ge,interpolate.halide_generated.cpp,8874,72,generator_specific,0,0,1,,,test2_golden,0,2.838,cxx_gt_to_ge:/mnt/scratch1/ardi/dsl_mut/HM-armc/mutation/lowered-cpp/interpolate/interpolate.halide_generated.cpp:8874:72
interpolate,cxx_default_on_emitted_cpp,5eb72c8d,4,6,cxx_add_to_sub,interpolate.halide_generated.cpp,5480,27,generator_specific,0,0,1,,,test2_golden,0,2.977,cxx_add_to_sub:/mnt/scratch1/ardi/dsl_mut/HM-armc/mutation/lowered-cpp/interpolate/interpolate.halide_generated.cpp:5480:27
interpolate,cxx_default_on_emitted_cpp,5eb72c8d,4,6,cxx_sub_to_add,interpolate.halide_generated.cpp,9695,36,generator_specific,0,0,1,,,test2_golden,0,3.089,cxx_sub_to_add:/mnt/scratch1/ardi/dsl_mut/HM-armc/mutation/lowered-cpp/interpolate/interpolate.halide_generated.cpp:9695:36
interpolate,cxx_default_on_emitted_cpp,5eb72c8d,4,6,cxx_le_to_lt,interpolate.halide_generated.cpp,6186,21,generator_specific,0,0,0,,,,0,3.144,cxx_le_to_lt:/mnt/scratch1/ardi/dsl_mut/HM-armc/mutation/lowered-cpp/interpolate/interpolate.halide_generated.cpp:6186:21
interpolate,cxx_default_on_emitted_cpp,5eb72c8d,4,6,cxx_add_to_sub,interpolate.halide_generated.cpp,12188,33,generator_specific,0,0,0,,,,0,3.185,cxx_add_to_sub:/mnt/scratch1/ardi/dsl_mut/HM-armc/mutation/lowered-cpp/interpolate/interpolate.halide_generated.cpp:12188:33
interpolate,cxx_default_on_emitted_cpp,5eb72c8d,4,6,cxx_mul_to_div,interpolate.halide_generated.cpp,4745,24,generator_specific,0,0,0,,,,0,2.887,cxx_mul_to_div:/mnt/scratch1/ardi/dsl_mut/HM-armc/mutation/lowered-cpp/interpolate/interpolate.halide_generated.cpp:4745:24
interpolate,cxx_default_on_emitted_cpp,5eb72c8d,4,6,cxx_le_to_lt,interpolate.halide_generated.cpp,10908,22,generator_specific,0,0,0,,,,0,3.203,cxx_le_to_lt:/mnt/scratch1/ardi/dsl_mut/HM-armc/mutation/lowered-cpp/interpolate/interpolate.halide_generated.cpp:10908:22
interpolate,cxx_default_on_emitted_cpp,5eb72c8d,4,6,cxx_add_to_sub,interpolate.halide_generated.cpp,11374,28,generator_specific,0,0,0,,,,0,3.210,cxx_add_to_sub:/mnt/scratch1/ardi/dsl_mut/HM-armc/mutation/lowered-cpp/interpolate/interpolate.halide_generated.cpp:11374:28
interpolate,cxx_default_on_emitted_cpp,5eb72c8d,4,6,cxx_add_to_sub,interpolate.halide_generated.cpp,5309,27,generator_specific,0,0,1,,,test2_golden,0,3.366,cxx_add_to_sub:/mnt/scratch1/ardi/dsl_mut/HM-armc/mutation/lowered-cpp/interpolate/interpolate.halide_generated.cpp:5309:27
interpolate,cxx_default_on_emitted_cpp,5eb72c8d,4,6,cxx_add_to_sub,interpolate.halide_generated.cpp,10586,24,generator_specific,0,0,0,,,,0,3.069,cxx_add_to_sub:/mnt/scratch1/ardi/dsl_mut/HM-armc/mutation/lowered-cpp/interpolate/interpolate.halide_generated.cpp:10586:24
interpolate,cxx_default_on_emitted_cpp,5eb72c8d,4,6,cxx_mul_to_div,interpolate.halide_generated.cpp,6265,76,generator_specific,-11,1,1,,,test1_demo;test2_golden,0,0.344,cxx_mul_to_div:/mnt/scratch1/ardi/dsl_mut/HM-armc/mutation/lowered-cpp/interpolate/interpolate.halide_generated.cpp:6265:76
interpolate,cxx_default_on_emitted_cpp,5eb72c8d,4,6,cxx_add_to_sub,interpolate.halide_generated.cpp,9674,35,generator_specific,0,0,0,,,,0,3.198,cxx_add_to_sub:/mnt/scratch1/ardi/dsl_mut/HM-armc/mutation/lowered-cpp/interpolate/interpolate.halide_generated.cpp:9674:35
interpolate,cxx_default_on_emitted_cpp,5eb72c8d,4,6,cxx_mul_to_div,interpolate.halide_generated.cpp,5184,26,generator_specific,0,0,0,,,,0,3.066,cxx_mul_to_div:/mnt/scratch1/ardi/dsl_mut/HM-armc/mutation/lowered-cpp/interpolate/interpolate.halide_generated.cpp:5184:26
interpolate,cxx_default_on_emitted_cpp,5eb72c8d,4,6,cxx_add_to_sub,interpolate.halide_generated.cpp,6658,36,generator_specific,-11,1,1,,,test1_demo;test2_golden,0,0.308,cxx_add_to_sub:/mnt/scratch1/ardi/dsl_mut/HM-armc/mutation/lowered-cpp/interpolate/interpolate.halide_generated.cpp:6658:36
interpolate,cxx_default_on_emitted_cpp,5eb72c8d,4,6,cxx_add_to_sub,interpolate.halide_generated.cpp,3832,24,generator_specific,-11,1,1,,,test1_demo;test2_golden,0,2.080,cxx_add_to_sub:/mnt/scratch1/ardi/dsl_mut/HM-armc/mutation/lowered-cpp/interpolate/interpolate.halide_generated.cpp:3832:24
interpolate,cxx_default_on_emitted_cpp,5eb72c8d,4,6,cxx_add_to_sub,interpolate.halide_generated.cpp,5347,27,generator_specific,0,0,0,,,,0,3.183,cxx_add_to_sub:/mnt/scratch1/ardi/dsl_mut/HM-armc/mutation/lowered-cpp/interpolate/interpolate.halide_generated.cpp:5347:27
interpolate,cxx_default_on_emitted_cpp,5eb72c8d,4,6,cxx_add_to_sub,interpolate.halide_generated.cpp,7119,60,generator_specific,0,0,0,,,,0,3.594,cxx_add_to_sub:/mnt/scratch1/ardi/dsl_mut/HM-armc/mutation/lowered-cpp/interpolate/interpolate.halide_generated.cpp:7119:60
interpolate,cxx_default_on_emitted_cpp,5eb72c8d,4,6,cxx_sub_to_add,interpolate.halide_generated.cpp,11721,31,generator_specific,0,0,1,,,test2_golden,0,3.644,cxx_sub_to_add:/mnt/scratch1/ardi/dsl_mut/HM-armc/mutation/lowered-cpp/interpolate/interpolate.halide_generated.cpp:11721:31
interpolate,cxx_default_on_emitted_cpp,5eb72c8d,4,6,cxx_add_to_sub,interpolate.halide_generated.cpp,6195,25,generator_specific,-11,1,1,,,test1_demo;test2_golden,0,0.310,cxx_add_to_sub:/mnt/scratch1/ardi/dsl_mut/HM-armc/mutation/lowered-cpp/interpolate/interpolate.halide_generated.cpp:6195:25
interpolate,cxx_default_on_emitted_cpp,5eb72c8d,4,6,cxx_remove_void_call,interpolate.halide_generated.cpp,8669,14,generator_specific,0,0,0,,,,0,3.192,cxx_remove_void_call:/mnt/scratch1/ardi/dsl_mut/HM-armc/mutation/lowered-cpp/interpolate/interpolate.halide_generated.cpp:8669:14
interpolate,cxx_default_on_emitted_cpp,5eb72c8d,4,6,cxx_add_to_sub,interpolate.halide_generated.cpp,6550,37,generator_specific,0,0,0,,,,0,3.413,cxx_add_to_sub:/mnt/scratch1/ardi/dsl_mut/HM-armc/mutation/lowered-cpp/interpolate/interpolate.halide_generated.cpp:6550:37
interpolate,cxx_default_on_emitted_cpp,5eb72c8d,4,6,cxx_add_to_sub,interpolate.halide_generated.cpp,8690,36,generator_specific,0,0,0,,,,0,3.517,cxx_add_to_sub:/mnt/scratch1/ardi/dsl_mut/HM-armc/mutation/lowered-cpp/interpolate/interpolate.halide_generated.cpp:8690:36
interpolate,cxx_default_on_emitted_cpp,5eb72c8d,4,6,cxx_sub_to_add,interpolate.halide_generated.cpp,12308,33,generator_specific,0,0,1,,,test2_golden,0,3.547,cxx_sub_to_add:/mnt/scratch1/ardi/dsl_mut/HM-armc/mutation/lowered-cpp/interpolate/interpolate.halide_generated.cpp:12308:33
interpolate,cxx_default_on_emitted_cpp,5eb72c8d,4,6,cxx_gt_to_ge,interpolate.halide_generated.cpp,6357,21,generator_specific,0,0,1,,,test2_golden,0,3.332,cxx_gt_to_ge:/mnt/scratch1/ardi/dsl_mut/HM-armc/mutation/lowered-cpp/interpolate/interpolate.halide_generated.cpp:6357:21
interpolate,cxx_default_on_emitted_cpp,5eb72c8d,4,6,cxx_add_to_sub,interpolate.halide_generated.cpp,4707,24,generator_specific,0,0,1,,,test2_golden,0,3.168,cxx_add_to_sub:/mnt/scratch1/ardi/dsl_mut/HM-armc/mutation/lowered-cpp/interpolate/interpolate.halide_generated.cpp:4707:24
interpolate,cxx_default_on_emitted_cpp,5eb72c8d,4,6,cxx_add_to_sub,interpolate.halide_generated.cpp,7097,38,generator_specific,-11,1,1,,,test1_demo;test2_golden,0,0.304,cxx_add_to_sub:/mnt/scratch1/ardi/dsl_mut/HM-armc/mutation/lowered-cpp/interpolate/interpolate.halide_generated.cpp:7097:38
interpolate,cxx_default_on_emitted_cpp,5eb72c8d,4,6,cxx_mul_to_div,interpolate.halide_generated.cpp,6916,37,generator_specific,0,0,1,,,test2_golden,0,2.797,cxx_mul_to_div:/mnt/scratch1/ardi/dsl_mut/HM-armc/mutation/lowered-cpp/interpolate/interpolate.halide_generated.cpp:6916:37
interpolate,cxx_default_on_emitted_cpp,5eb72c8d,4,6,cxx_lt_to_le,interpolate.halide_generated.cpp,9146,86,generator_specific,0,0,0,,,,0,3.181,cxx_lt_to_le:/mnt/scratch1/ardi/dsl_mut/HM-armc/mutation/lowered-cpp/interpolate/interpolate.halide_generated.cpp:9146:86
interpolate,cxx_default_on_emitted_cpp,5eb72c8d,4,6,cxx_add_to_sub,interpolate.halide_generated.cpp,9216,35,generator_specific,0,0,0,,,,0,3.202,cxx_add_to_sub:/mnt/scratch1/ardi/dsl_mut/HM-armc/mutation/lowered-cpp/interpolate/interpolate.halide_generated.cpp:9216:35
interpolate,cxx_default_on_emitted_cpp,5eb72c8d,4,6,cxx_replace_scalar_call,interpolate.halide_generated.cpp,5164,19,generator_specific,0,0,0,,,,0,3.292,cxx_replace_scalar_call:/mnt/scratch1/ardi/dsl_mut/HM-armc/mutation/lowered-cpp/interpolate/interpolate.halide_generated.cpp:5164:19
interpolate,cxx_default_on_emitted_cpp,5eb72c8d,4,6,cxx_mul_to_div,interpolate.halide_generated.cpp,8510,35,generator_specific,0,0,1,,,test2_golden,0,3.153,cxx_mul_to_div:/mnt/scratch1/ardi/dsl_mut/HM-armc/mutation/lowered-cpp/interpolate/interpolate.halide_generated.cpp:8510:35
interpolate,cxx_default_on_emitted_cpp,5eb72c8d,4,6,cxx_ne_to_eq,interpolate.halide_generated.cpp,11703,31,generator_specific,-6,1,1,,,test1_demo;test2_golden,0,0.362,cxx_ne_to_eq:/mnt/scratch1/ardi/dsl_mut/HM-armc/mutation/lowered-cpp/interpolate/interpolate.halide_generated.cpp:11703:31
interpolate,cxx_default_on_emitted_cpp,5eb72c8d,4,6,cxx_add_to_sub,interpolate.halide_generated.cpp,10281,35,generator_specific,0,0,0,,,,0,3.084,cxx_add_to_sub:/mnt/scratch1/ardi/dsl_mut/HM-armc/mutation/lowered-cpp/interpolate/interpolate.halide_generated.cpp:10281:35
interpolate,cxx_default_on_emitted_cpp,5eb72c8d,4,6,cxx_mul_to_div,interpolate.halide_generated.cpp,9834,37,generator_specific,0,0,0,,,,0,3.227,cxx_mul_to_div:/mnt/scratch1/ardi/dsl_mut/HM-armc/mutation/lowered-cpp/interpolate/interpolate.halide_generated.cpp:9834:37
interpolate,cxx_default_on_emitted_cpp,5eb72c8d,4,6,cxx_post_inc_to_post_dec,interpolate.halide_generated.cpp,9497,110,generator_specific,0,0,0,,,,0,3.045,cxx_post_inc_to_post_dec:/mnt/scratch1/ardi/dsl_mut/HM-armc/mutation/lowered-cpp/interpolate/interpolate.halide_generated.cpp:9497:110
interpolate,cxx_default_on_emitted_cpp,5eb72c8d,4,6,cxx_add_to_sub,interpolate.halide_generated.cpp,7439,38,generator_specific,0,0,1,,,test2_golden,0,3.359,cxx_add_to_sub:/mnt/scratch1/ardi/dsl_mut/HM-armc/mutation/lowered-cpp/interpolate/interpolate.halide_generated.cpp:7439:38
interpolate,cxx_default_on_emitted_cpp,5eb72c8d,4,6,cxx_mul_to_div,interpolate.halide_generated.cpp,5359,26,generator_specific,0,0,0,,,,0,3.257,cxx_mul_to_div:/mnt/scratch1/ardi/dsl_mut/HM-armc/mutation/lowered-cpp/interpolate/interpolate.halide_generated.cpp:5359:26
interpolate,cxx_default_on_emitted_cpp,5eb72c8d,4,6,cxx_lt_to_ge,interpolate.halide_generated.cpp,5091,57,generator_specific,0,0,1,,,test2_golden,0,3.356,cxx_lt_to_ge:/mnt/scratch1/ardi/dsl_mut/HM-armc/mutation/lowered-cpp/interpolate/interpolate.halide_generated.cpp:5091:57
interpolate,cxx_default_on_emitted_cpp,5eb72c8d,4,6,cxx_add_to_sub,interpolate.halide_generated.cpp,8457,35,generator_specific,0,0,1,,,test2_golden,0,3.270,cxx_add_to_sub:/mnt/scratch1/ardi/dsl_mut/HM-armc/mutation/lowered-cpp/interpolate/interpolate.halide_generated.cpp:8457:35
interpolate,cxx_default_on_emitted_cpp,5eb72c8d,4,6,cxx_add_to_sub,interpolate.halide_generated.cpp,4533,25,generator_specific,-11,1,1,,,test1_demo;test2_golden,0,0.355,cxx_add_to_sub:/mnt/scratch1/ardi/dsl_mut/HM-armc/mutation/lowered-cpp/interpolate/interpolate.halide_generated.cpp:4533:25
interpolate,cxx_default_on_emitted_cpp,5eb72c8d,4,6,cxx_gt_to_ge,interpolate.halide_generated.cpp,3358,25,boilerplate,0,0,1,,,test2_golden,0,3.108,cxx_gt_to_ge:/mnt/scratch1/ardi/dsl_mut/HM-armc/mutation/lowered-cpp/interpolate/interpolate.halide_generated.cpp:3358:25
interpolate,cxx_default_on_emitted_cpp,5eb72c8d,4,6,cxx_add_to_sub,interpolate.halide_generated.cpp,9839,38,generator_specific,0,0,0,,,,0,3.293,cxx_add_to_sub:/mnt/scratch1/ardi/dsl_mut/HM-armc/mutation/lowered-cpp/interpolate/interpolate.halide_generated.cpp:9839:38
interpolate,cxx_default_on_emitted_cpp,5eb72c8d,4,6,cxx_add_to_sub,interpolate.halide_generated.cpp,10286,36,generator_specific,0,0,0,,,,0,3.128,cxx_add_to_sub:/mnt/scratch1/ardi/dsl_mut/HM-armc/mutation/lowered-cpp/interpolate/interpolate.halide_generated.cpp:10286:36
interpolate,cxx_default_on_emitted_cpp,5eb72c8d,4,6,cxx_add_to_sub,interpolate.halide_generated.cpp,4738,24,generator_specific,0,0,1,,,test2_golden,0,3.584,cxx_add_to_sub:/mnt/scratch1/ardi/dsl_mut/HM-armc/mutation/lowered-cpp/interpolate/interpolate.halide_generated.cpp:4738:24
interpolate,cxx_default_on_emitted_cpp,5eb72c8d,4,6,cxx_sub_to_add,interpolate.halide_generated.cpp,3689,19,generator_specific,-11,1,1,,,test1_demo;test2_golden,0,0.271,cxx_sub_to_add:/mnt/scratch1/ardi/dsl_mut/HM-armc/mutation/lowered-cpp/interpolate/interpolate.halide_generated.cpp:3689:19
interpolate,cxx_default_on_emitted_cpp,5eb72c8d,4,6,cxx_add_to_sub,interpolate.halide_generated.cpp,6353,32,generator_specific,-6,1,1,,,test1_demo;test2_golden,0,0.369,cxx_add_to_sub:/mnt/scratch1/ardi/dsl_mut/HM-armc/mutation/lowered-cpp/interpolate/interpolate.halide_generated.cpp:6353:32
interpolate,cxx_default_on_emitted_cpp,5eb72c8d,4,6,cxx_add_to_sub,interpolate.halide_generated.cpp,5177,26,generator_specific,0,0,0,,,,0,3.441,cxx_add_to_sub:/mnt/scratch1/ardi/dsl_mut/HM-armc/mutation/lowered-cpp/interpolate/interpolate.halide_generated.cpp:5177:26
interpolate,cxx_default_on_emitted_cpp,5eb72c8d,4,6,cxx_mul_to_div,interpolate.halide_generated.cpp,6250,27,generator_specific,0,0,1,,,test2_golden,0,3.317,cxx_mul_to_div:/mnt/scratch1/ardi/dsl_mut/HM-armc/mutation/lowered-cpp/interpolate/interpolate.halide_generated.cpp:6250:27
interpolate,cxx_default_on_emitted_cpp,5eb72c8d,4,6,cxx_add_to_sub,interpolate.halide_generated.cpp,5723,27,generator_specific,0,0,1,,,test2_golden,0,3.215,cxx_add_to_sub:/mnt/scratch1/ardi/dsl_mut/HM-armc/mutation/lowered-cpp/interpolate/interpolate.halide_generated.cpp:5723:27
interpolate,cxx_default_on_emitted_cpp,5eb72c8d,4,6,cxx_lt_to_le,interpolate.halide_generated.cpp,4671,62,generator_specific,0,0,1,,,test2_golden,0,3.328,cxx_lt_to_le:/mnt/scratch1/ardi/dsl_mut/HM-armc/mutation/lowered-cpp/interpolate/interpolate.halide_generated.cpp:4671:62
interpolate,cxx_default_on_emitted_cpp,5eb72c8d,4,6,cxx_post_inc_to_post_dec,interpolate.halide_generated.cpp,7551,98,generator_specific,-11,1,1,,,test1_demo;test2_golden,0,0.331,cxx_post_inc_to_post_dec:/mnt/scratch1/ardi/dsl_mut/HM-armc/mutation/lowered-cpp/interpolate/interpolate.halide_generated.cpp:7551:98
interpolate,cxx_default_on_emitted_cpp,5eb72c8d,4,6,cxx_add_to_sub,interpolate.halide_generated.cpp,4356,26,generator_specific,0,0,0,,,,0,3.168,cxx_add_to_sub:/mnt/scratch1/ardi/dsl_mut/HM-armc/mutation/lowered-cpp/interpolate/interpolate.halide_generated.cpp:4356:26
interpolate,cxx_default_on_emitted_cpp,5eb72c8d,4,6,cxx_add_to_sub,interpolate.halide_generated.cpp,5375,26,generator_specific,0,0,0,,,,0,2.779,cxx_add_to_sub:/mnt/scratch1/ardi/dsl_mut/HM-armc/mutation/lowered-cpp/interpolate/interpolate.halide_generated.cpp:5375:26
interpolate,cxx_default_on_emitted_cpp,5eb72c8d,4,6,cxx_replace_scalar_call,interpolate.halide_generated.cpp,10587,18,generator_specific,-6,1,1,,,test1_demo;test2_golden,0,0.285,cxx_replace_scalar_call:/mnt/scratch1/ardi/dsl_mut/HM-armc/mutation/lowered-cpp/interpolate/interpolate.halide_generated.cpp:10587:18
interpolate,cxx_default_on_emitted_cpp,5eb72c8d,4,6,cxx_sub_to_add,interpolate.halide_generated.cpp,3711,22,generator_specific,-6,1,1,,,test1_demo;test2_golden,0,0.321,cxx_sub_to_add:/mnt/scratch1/ardi/dsl_mut/HM-armc/mutation/lowered-cpp/interpolate/interpolate.halide_generated.cpp:3711:22
interpolate,cxx_default_on_emitted_cpp,5eb72c8d,4,6,cxx_mul_to_div,interpolate.halide_generated.cpp,3897,25,generator_specific,0,0,0,,,,0,3.285,cxx_mul_to_div:/mnt/scratch1/ardi/dsl_mut/HM-armc/mutation/lowered-cpp/interpolate/interpolate.halide_generated.cpp:3897:25
interpolate,cxx_default_on_emitted_cpp,5eb72c8d,4,6,cxx_sub_to_add,interpolate.halide_generated.cpp,7743,36,generator_specific,0,0,0,,,,0,3.412,cxx_sub_to_add:/mnt/scratch1/ardi/dsl_mut/HM-armc/mutation/lowered-cpp/interpolate/interpolate.halide_generated.cpp:7743:36
interpolate,cxx_default_on_emitted_cpp,5eb72c8d,4,6,cxx_sub_to_add,interpolate.halide_generated.cpp,4140,23,generator_specific,-6,1,1,,,test1_demo;test2_golden,0,0.383,cxx_sub_to_add:/mnt/scratch1/ardi/dsl_mut/HM-armc/mutation/lowered-cpp/interpolate/interpolate.halide_generated.cpp:4140:23
interpolate,cxx_default_on_emitted_cpp,5eb72c8d,4,6,cxx_add_to_sub,interpolate.halide_generated.cpp,5340,66,generator_specific,0,0,0,,,,0,2.828,cxx_add_to_sub:/mnt/scratch1/ardi/dsl_mut/HM-armc/mutation/lowered-cpp/interpolate/interpolate.halide_generated.cpp:5340:66
interpolate,cxx_default_on_emitted_cpp,5eb72c8d,4,6,cxx_add_to_sub,interpolate.halide_generated.cpp,8971,30,generator_specific,0,0,0,,,,0,3.754,cxx_add_to_sub:/mnt/scratch1/ardi/dsl_mut/HM-armc/mutation/lowered-cpp/interpolate/interpolate.halide_generated.cpp:8971:30
interpolate,cxx_default_on_emitted_cpp,5eb72c8d,4,6,cxx_add_to_sub,interpolate.halide_generated.cpp,12113,33,generator_specific,0,0,1,,,test2_golden,0,3.148,cxx_add_to_sub:/mnt/scratch1/ardi/dsl_mut/HM-armc/mutation/lowered-cpp/interpolate/interpolate.halide_generated.cpp:12113:33
interpolate,cxx_default_on_emitted_cpp,5eb72c8d,4,6,cxx_lt_to_ge,interpolate.halide_generated.cpp,9683,69,generator_specific,0,0,0,,,,0,3.238,cxx_lt_to_ge:/mnt/scratch1/ardi/dsl_mut/HM-armc/mutation/lowered-cpp/interpolate/interpolate.halide_generated.cpp:9683:69
interpolate,cxx_default_on_emitted_cpp,5eb72c8d,4,6,cxx_add_to_sub,interpolate.halide_generated.cpp,4339,27,generator_specific,-11,1,1,,,test1_demo;test2_golden,0,0.300,cxx_add_to_sub:/mnt/scratch1/ardi/dsl_mut/HM-armc/mutation/lowered-cpp/interpolate/interpolate.halide_generated.cpp:4339:27
interpolate,cxx_default_on_emitted_cpp,5eb72c8d,4,6,cxx_add_to_sub,interpolate.halide_generated.cpp,9345,36,generator_specific,0,0,1,,,test2_golden,0,3.269,cxx_add_to_sub:/mnt/scratch1/ardi/dsl_mut/HM-armc/mutation/lowered-cpp/interpolate/interpolate.halide_generated.cpp:9345:36
interpolate,cxx_default_on_emitted_cpp,5eb72c8d,4,6,cxx_mul_to_div,interpolate.halide_generated.cpp,9157,37,generator_specific,0,0,0,,,,0,3.293,cxx_mul_to_div:/mnt/scratch1/ardi/dsl_mut/HM-armc/mutation/lowered-cpp/interpolate/interpolate.halide_generated.cpp:9157:37
interpolate,cxx_default_on_emitted_cpp,5eb72c8d,4,6,cxx_add_to_sub,interpolate.halide_generated.cpp,5523,27,generator_specific,0,0,1,,,test2_golden,0,3.608,cxx_add_to_sub:/mnt/scratch1/ardi/dsl_mut/HM-armc/mutation/lowered-cpp/interpolate/interpolate.halide_generated.cpp:5523:27
interpolate,cxx_default_on_emitted_cpp,5eb72c8d,4,6,cxx_lt_to_ge,interpolate.halide_generated.cpp,9246,86,generator_specific,0,0,1,,,test2_golden,0,3.080,cxx_lt_to_ge:/mnt/scratch1/ardi/dsl_mut/HM-armc/mutation/lowered-cpp/interpolate/interpolate.halide_generated.cpp:9246:86
interpolate,cxx_default_on_emitted_cpp,5eb72c8d,4,6,cxx_mul_to_div,interpolate.halide_generated.cpp,8747,35,generator_specific,0,0,0,,,,0,3.506,cxx_mul_to_div:/mnt/scratch1/ardi/dsl_mut/HM-armc/mutation/lowered-cpp/interpolate/interpolate.halide_generated.cpp:8747:35
interpolate,cxx_default_on_emitted_cpp,5eb72c8d,4,6,cxx_add_to_sub,interpolate.halide_generated.cpp,9191,37,generator_specific,0,0,0,,,,0,2.819,cxx_add_to_sub:/mnt/scratch1/ardi/dsl_mut/HM-armc/mutation/lowered-cpp/interpolate/interpolate.halide_generated.cpp:9191:37
interpolate,cxx_default_on_emitted_cpp,5eb72c8d,4,6,cxx_mul_to_div,interpolate.halide_generated.cpp,8480,35,generator_specific,0,0,1,,,test2_golden,0,3.317,cxx_mul_to_div:/mnt/scratch1/ardi/dsl_mut/HM-armc/mutation/lowered-cpp/interpolate/interpolate.halide_generated.cpp:8480:35
interpolate,cxx_default_on_emitted_cpp,5eb72c8d,4,6,cxx_le_to_gt,interpolate.halide_generated.cpp,10594,17,generator_specific,0,0,0,,,,0,2.881,cxx_le_to_gt:/mnt/scratch1/ardi/dsl_mut/HM-armc/mutation/lowered-cpp/interpolate/interpolate.halide_generated.cpp:10594:17
interpolate,cxx_default_on_emitted_cpp,5eb72c8d,4,6,cxx_replace_scalar_call,interpolate.halide_generated.cpp,6216,21,generator_specific,0,0,0,,,,0,3.813,cxx_replace_scalar_call:/mnt/scratch1/ardi/dsl_mut/HM-armc/mutation/lowered-cpp/interpolate/interpolate.halide_generated.cpp:6216:21
interpolate,cxx_default_on_emitted_cpp,5eb72c8d,4,6,cxx_add_to_sub,interpolate.halide_generated.cpp,11219,26,generator_specific,0,0,0,,,,0,3.338,cxx_add_to_sub:/mnt/scratch1/ardi/dsl_mut/HM-armc/mutation/lowered-cpp/interpolate/interpolate.halide_generated.cpp:11219:26
interpolate,cxx_default_on_emitted_cpp,5eb72c8d,4,6,cxx_sub_to_add,interpolate.halide_generated.cpp,6458,34,generator_specific,0,0,0,,,,0,3.285,cxx_sub_to_add:/mnt/scratch1/ardi/dsl_mut/HM-armc/mutation/lowered-cpp/interpolate/interpolate.halide_generated.cpp:6458:34
interpolate,cxx_default_on_emitted_cpp,5eb72c8d,4,6,cxx_add_to_sub,interpolate.halide_generated.cpp,3724,24,generator_specific,0,0,1,,,test2_golden,0,2.959,cxx_add_to_sub:/mnt/scratch1/ardi/dsl_mut/HM-armc/mutation/lowered-cpp/interpolate/interpolate.halide_generated.cpp:3724:24
interpolate,cxx_default_on_emitted_cpp,5eb72c8d,4,6,cxx_mul_to_div,interpolate.halide_generated.cpp,11206,26,generator_specific,0,0,0,,,,0,3.452,cxx_mul_to_div:/mnt/scratch1/ardi/dsl_mut/HM-armc/mutation/lowered-cpp/interpolate/interpolate.halide_generated.cpp:11206:26
interpolate,cxx_default_on_emitted_cpp,5eb72c8d,4,6,cxx_replace_scalar_call,interpolate.halide_generated.cpp,5453,18,generator_specific,-6,1,1,,,test1_demo;test2_golden,0,0.479,cxx_replace_scalar_call:/mnt/scratch1/ardi/dsl_mut/HM-armc/mutation/lowered-cpp/interpolate/interpolate.halide_generated.cpp:5453:18
interpolate,cxx_default_on_emitted_cpp,5eb72c8d,4,6,cxx_replace_scalar_call,interpolate.halide_generated.cpp,10554,18,generator_specific,0,0,0,,,,0,2.994,cxx_replace_scalar_call:/mnt/scratch1/ardi/dsl_mut/HM-armc/mutation/lowered-cpp/interpolate/interpolate.halide_generated.cpp:10554:18
interpolate,cxx_default_on_emitted_cpp,5eb72c8d,4,6,cxx_sub_to_add,interpolate.halide_generated.cpp,11331,27,generator_specific,0,0,0,,,,0,3.429,cxx_sub_to_add:/mnt/scratch1/ardi/dsl_mut/HM-armc/mutation/lowered-cpp/interpolate/interpolate.halide_generated.cpp:11331:27
interpolate,cxx_default_on_emitted_cpp,5eb72c8d,4,6,cxx_mul_to_div,interpolate.halide_generated.cpp,4518,24,generator_specific,0,0,1,,,test2_golden,0,3.212,cxx_mul_to_div:/mnt/scratch1/ardi/dsl_mut/HM-armc/mutation/lowered-cpp/interpolate/interpolate.halide_generated.cpp:4518:24
interpolate,cxx_default_on_emitted_cpp,5eb72c8d,4,6,cxx_lt_to_le,interpolate.halide_generated.cpp,7713,28,generator_specific,0,0,1,,,test2_golden,0,3.224,cxx_lt_to_le:/mnt/scratch1/ardi/dsl_mut/HM-armc/mutation/lowered-cpp/interpolate/interpolate.halide_generated.cpp:7713:28
interpolate,cxx_default_on_emitted_cpp,5eb72c8d,4,6,cxx_add_to_sub,interpolate.halide_generated.cpp,10373,35,generator_specific,0,0,0,,,,0,3.141,cxx_add_to_sub:/mnt/scratch1/ardi/dsl_mut/HM-armc/mutation/lowered-cpp/interpolate/interpolate.halide_generated.cpp:10373:35
interpolate,cxx_default_on_emitted_cpp,5eb72c8d,4,6,cxx_add_to_sub,interpolate.halide_generated.cpp,10452,24,generator_specific,0,0,1,,,test2_golden,0,3.393,cxx_add_to_sub:/mnt/scratch1/ardi/dsl_mut/HM-armc/mutation/lowered-cpp/interpolate/interpolate.halide_generated.cpp:10452:24
interpolate,cxx_default_on_emitted_cpp,5eb72c8d,4,6,cxx_add_to_sub,interpolate.halide_generated.cpp,12155,33,generator_specific,0,0,0,,,,0,3.390,cxx_add_to_sub:/mnt/scratch1/ardi/dsl_mut/HM-armc/mutation/lowered-cpp/interpolate/interpolate.halide_generated.cpp:12155:33
interpolate,cxx_default_on_emitted_cpp,5eb72c8d,4,6,cxx_gt_to_ge,interpolate.halide_generated.cpp,9069,80,generator_specific,0,0,1,,,test2_golden,0,3.500,cxx_gt_to_ge:/mnt/scratch1/ardi/dsl_mut/HM-armc/mutation/lowered-cpp/interpolate/interpolate.halide_generated.cpp:9069:80
interpolate,cxx_default_on_emitted_cpp,5eb72c8d,4,6,cxx_replace_scalar_call,interpolate.halide_generated.cpp,10719,20,generator_specific,0,0,0,,,,0,3.006,cxx_replace_scalar_call:/mnt/scratch1/ardi/dsl_mut/HM-armc/mutation/lowered-cpp/interpolate/interpolate.halide_generated.cpp:10719:20
interpolate,cxx_default_on_emitted_cpp,5eb72c8d,4,6,cxx_add_to_sub,interpolate.halide_generated.cpp,6595,38,generator_specific,0,0,1,,,test2_golden,0,3.336,cxx_add_to_sub:/mnt/scratch1/ardi/dsl_mut/HM-armc/mutation/lowered-cpp/interpolate/interpolate.halide_generated.cpp:6595:38
interpolate,cxx_default_on_emitted_cpp,5eb72c8d,4,6,cxx_sub_to_add,interpolate.halide_generated.cpp,10158,36,generator_specific,0,0,0,,,,0,3.010,cxx_sub_to_add:/mnt/scratch1/ardi/dsl_mut/HM-armc/mutation/lowered-cpp/interpolate/interpolate.halide_generated.cpp:10158:36
interpolate,cxx_default_on_emitted_cpp,5eb72c8d,4,6,cxx_sub_to_add,interpolate.halide_generated.cpp,7678,37,generator_specific,0,0,0,,,,0,2.955,cxx_sub_to_add:/mnt/scratch1/ardi/dsl_mut/HM-armc/mutation/lowered-cpp/interpolate/interpolate.halide_generated.cpp:7678:37
interpolate,cxx_default_on_emitted_cpp,5eb72c8d,4,6,cxx_add_to_sub,interpolate.halide_generated.cpp,5002,27,generator_specific,0,0,0,,,,0,2.921,cxx_add_to_sub:/mnt/scratch1/ardi/dsl_mut/HM-armc/mutation/lowered-cpp/interpolate/interpolate.halide_generated.cpp:5002:27
interpolate,cxx_default_on_emitted_cpp,5eb72c8d,4,6,cxx_add_to_sub,interpolate.halide_generated.cpp,11049,25,generator_specific,0,0,0,,,,0,3.416,cxx_add_to_sub:/mnt/scratch1/ardi/dsl_mut/HM-armc/mutation/lowered-cpp/interpolate/interpolate.halide_generated.cpp:11049:25
interpolate,cxx_default_on_emitted_cpp,5eb72c8d,4,6,cxx_replace_scalar_call,interpolate.halide_generated.cpp,4498,18,generator_specific,0,0,1,,,test2_golden,0,3.235,cxx_replace_scalar_call:/mnt/scratch1/ardi/dsl_mut/HM-armc/mutation/lowered-cpp/interpolate/interpolate.halide_generated.cpp:4498:18
interpolate,cxx_default_on_emitted_cpp,5eb72c8d,4,6,cxx_add_to_sub,interpolate.halide_generated.cpp,6859,37,generator_specific,0,0,1,,,test2_golden,0,3.748,cxx_add_to_sub:/mnt/scratch1/ardi/dsl_mut/HM-armc/mutation/lowered-cpp/interpolate/interpolate.halide_generated.cpp:6859:37
interpolate,cxx_default_on_emitted_cpp,5eb72c8d,4,6,cxx_mul_to_div,interpolate.halide_generated.cpp,3740,26,generator_specific,-11,1,1,,,test1_demo;test2_golden,0,0.269,cxx_mul_to_div:/mnt/scratch1/ardi/dsl_mut/HM-armc/mutation/lowered-cpp/interpolate/interpolate.halide_generated.cpp:3740:26
interpolate,cxx_default_on_emitted_cpp,5eb72c8d,4,6,cxx_add_to_sub,interpolate.halide_generated.cpp,4382,27,generator_specific,0,0,0,,,,0,3.360,cxx_add_to_sub:/mnt/scratch1/ardi/dsl_mut/HM-armc/mutation/lowered-cpp/interpolate/interpolate.halide_generated.cpp:4382:27
interpolate,cxx_default_on_emitted_cpp,5eb72c8d,4,6,cxx_add_to_sub,interpolate.halide_generated.cpp,7055,38,generator_specific,0,0,0,,,,0,3.141,cxx_add_to_sub:/mnt/scratch1/ardi/dsl_mut/HM-armc/mutation/lowered-cpp/interpolate/interpolate.halide_generated.cpp:7055:38
interpolate,cxx_default_on_emitted_cpp,5eb72c8d,4,6,cxx_add_to_sub,interpolate.halide_generated.cpp,9537,37,generator_specific,0,0,0,,,,0,3.511,cxx_add_to_sub:/mnt/scratch1/ardi/dsl_mut/HM-armc/mutation/lowered-cpp/interpolate/interpolate.halide_generated.cpp:9537:37
interpolate,cxx_default_on_emitted_cpp,5eb72c8d,4,6,cxx_mul_to_div,interpolate.halide_generated.cpp,8411,35,generator_specific,0,0,1,,,test2_golden,0,3.490,cxx_mul_to_div:/mnt/scratch1/ardi/dsl_mut/HM-armc/mutation/lowered-cpp/interpolate/interpolate.halide_generated.cpp:8411:35
interpolate,cxx_default_on_emitted_cpp,5eb72c8d,4,6,cxx_gt_to_le,interpolate.halide_generated.cpp,10865,23,generator_specific,0,0,1,,,test2_golden,0,2.968,cxx_gt_to_le:/mnt/scratch1/ardi/dsl_mut/HM-armc/mutation/lowered-cpp/interpolate/interpolate.halide_generated.cpp:10865:23
interpolate,cxx_default_on_emitted_cpp,5eb72c8d,4,6,cxx_sub_to_add,interpolate.halide_generated.cpp,7319,37,generator_specific,0,0,0,,,,0,3.439,cxx_sub_to_add:/mnt/scratch1/ardi/dsl_mut/HM-armc/mutation/lowered-cpp/interpolate/interpolate.halide_generated.cpp:7319:37
interpolate,cxx_default_on_emitted_cpp,5eb72c8d,4,6,cxx_mul_to_div,interpolate.halide_generated.cpp,4121,26,generator_specific,0,0,0,,,,0,3.404,cxx_mul_to_div:/mnt/scratch1/ardi/dsl_mut/HM-armc/mutation/lowered-cpp/interpolate/interpolate.halide_generated.cpp:4121:26
interpolate,cxx_default_on_emitted_cpp,5eb72c8d,4,6,cxx_sub_to_add,interpolate.halide_generated.cpp,6679,37,generator_specific,0,0,0,,,,0,3.307,cxx_sub_to_add:/mnt/scratch1/ardi/dsl_mut/HM-armc/mutation/lowered-cpp/interpolate/interpolate.halide_generated.cpp:6679:37
interpolate,cxx_default_on_emitted_cpp,5eb72c8d,4,6,cxx_add_to_sub,interpolate.halide_generated.cpp,3698,22,generator_specific,-11,1,1,,,test1_demo;test2_golden,0,0.341,cxx_add_to_sub:/mnt/scratch1/ardi/dsl_mut/HM-armc/mutation/lowered-cpp/interpolate/interpolate.halide_generated.cpp:3698:22
interpolate,cxx_default_on_emitted_cpp,5eb72c8d,4,6,cxx_add_to_sub,interpolate.halide_generated.cpp,11344,27,generator_specific,0,0,1,,,test2_golden,0,3.435,cxx_add_to_sub:/mnt/scratch1/ardi/dsl_mut/HM-armc/mutation/lowered-cpp/interpolate/interpolate.halide_generated.cpp:11344:27
interpolate,cxx_default_on_emitted_cpp,5eb72c8d,4,6,cxx_replace_scalar_call,interpolate.halide_generated.cpp,8883,21,generator_specific,0,0,0,,,,0,3.033,cxx_replace_scalar_call:/mnt/scratch1/ardi/dsl_mut/HM-armc/mutation/lowered-cpp/interpolate/interpolate.halide_generated.cpp:8883:21
interpolate,cxx_default_on_emitted_cpp,5eb72c8d,4,6,cxx_lt_to_ge,interpolate.halide_generated.cpp,3951,119,generator_specific,0,0,1,,,test2_golden,0,1.366,cxx_lt_to_ge:/mnt/scratch1/ardi/dsl_mut/HM-armc/mutation/lowered-cpp/interpolate/interpolate.halide_generated.cpp:3951:119
interpolate,cxx_default_on_emitted_cpp,5eb72c8d,4,6,cxx_sub_to_add,interpolate.halide_generated.cpp,4648,22,generator_specific,-6,1,1,,,test1_demo;test2_golden,0,0.304,cxx_sub_to_add:/mnt/scratch1/ardi/dsl_mut/HM-armc/mutation/lowered-cpp/interpolate/interpolate.halide_generated.cpp:4648:22
interpolate,cxx_default_on_emitted_cpp,5eb72c8d,4,6,cxx_add_to_sub,interpolate.halide_generated.cpp,10524,24,generator_specific,0,0,1,,,test2_golden,0,3.682,cxx_add_to_sub:/mnt/scratch1/ardi/dsl_mut/HM-armc/mutation/lowered-cpp/interpolate/interpolate.halide_generated.cpp:10524:24
interpolate,cxx_default_on_emitted_cpp,5eb72c8d,4,6,cxx_mul_to_div,interpolate.halide_generated.cpp,6558,37,generator_specific,0,0,0,,,,0,3.577,cxx_mul_to_div:/mnt/scratch1/ardi/dsl_mut/HM-armc/mutation/lowered-cpp/interpolate/interpolate.halide_generated.cpp:6558:37
interpolate,cxx_default_on_emitted_cpp,5eb72c8d,4,6,cxx_mul_to_div,interpolate.halide_generated.cpp,8553,36,generator_specific,-8,1,1,,,test1_demo;test2_golden,0,0.357,cxx_mul_to_div:/mnt/scratch1/ardi/dsl_mut/HM-armc/mutation/lowered-cpp/interpolate/interpolate.halide_generated.cpp:8553:36
interpolate,cxx_default_on_emitted_cpp,5eb72c8d,4,6,cxx_add_to_sub,interpolate.halide_generated.cpp,6345,31,generator_specific,-11,1,1,,,test1_demo;test2_golden,0,0.370,cxx_add_to_sub:/mnt/scratch1/ardi/dsl_mut/HM-armc/mutation/lowered-cpp/interpolate/interpolate.halide_generated.cpp:6345:31
interpolate,cxx_default_on_emitted_cpp,5eb72c8d,4,6,cxx_add_to_sub,interpolate.halide_generated.cpp,9543,38,generator_specific,0,0,0,,,,0,3.290,cxx_add_to_sub:/mnt/scratch1/ardi/dsl_mut/HM-armc/mutation/lowered-cpp/interpolate/interpolate.halide_generated.cpp:9543:38
interpolate,cxx_default_on_emitted_cpp,5eb72c8d,4,6,cxx_mul_to_div,interpolate.halide_generated.cpp,7907,36,generator_specific,-8,1,1,,,test1_demo;test2_golden,0,0.383,cxx_mul_to_div:/mnt/scratch1/ardi/dsl_mut/HM-armc/mutation/lowered-cpp/interpolate/interpolate.halide_generated.cpp:7907:36
interpolate,cxx_default_on_emitted_cpp,5eb72c8d,4,6,cxx_add_to_sub,interpolate.halide_generated.cpp,5534,27,generator_specific,0,0,0,,,,0,3.491,cxx_add_to_sub:/mnt/scratch1/ardi/dsl_mut/HM-armc/mutation/lowered-cpp/interpolate/interpolate.halide_generated.cpp:5534:27
interpolate,cxx_default_on_emitted_cpp,5eb72c8d,4,6,cxx_add_to_sub,interpolate.halide_generated.cpp,7469,37,generator_specific,0,0,0,,,,0,2.956,cxx_add_to_sub:/mnt/scratch1/ardi/dsl_mut/HM-armc/mutation/lowered-cpp/interpolate/interpolate.halide_generated.cpp:7469:37
interpolate,cxx_default_on_emitted_cpp,5eb72c8d,4,6,cxx_add_to_sub,interpolate.halide_generated.cpp,7834,37,generator_specific,0,0,0,,,,0,3.009,cxx_add_to_sub:/mnt/scratch1/ardi/dsl_mut/HM-armc/mutation/lowered-cpp/interpolate/interpolate.halide_generated.cpp:7834:37
interpolate,cxx_default_on_emitted_cpp,5eb72c8d,4,6,cxx_add_to_sub,interpolate.halide_generated.cpp,6533,38,generator_specific,0,0,0,,,,0,3.067,cxx_add_to_sub:/mnt/scratch1/ardi/dsl_mut/HM-armc/mutation/lowered-cpp/interpolate/interpolate.halide_generated.cpp:6533:38
interpolate,cxx_default_on_emitted_cpp,5eb72c8d,4,6,cxx_add_to_sub,interpolate.halide_generated.cpp,10307,36,generator_specific,0,0,0,,,,0,3.245,cxx_add_to_sub:/mnt/scratch1/ardi/dsl_mut/HM-armc/mutation/lowered-cpp/interpolate/interpolate.halide_generated.cpp:10307:36
interpolate,cxx_default_on_emitted_cpp,5eb72c8d,4,6,cxx_add_to_sub,interpolate.halide_generated.cpp,7086,38,generator_specific,0,0,1,,,test2_golden,0,3.661,cxx_add_to_sub:/mnt/scratch1/ardi/dsl_mut/HM-armc/mutation/lowered-cpp/interpolate/interpolate.halide_generated.cpp:7086:38
interpolate,cxx_default_on_emitted_cpp,5eb72c8d,4,6,cxx_add_to_sub,interpolate.halide_generated.cpp,8692,36,generator_specific,0,0,0,,,,0,3.131,cxx_add_to_sub:/mnt/scratch1/ardi/dsl_mut/HM-armc/mutation/lowered-cpp/interpolate/interpolate.halide_generated.cpp:8692:36
interpolate,cxx_default_on_emitted_cpp,5eb72c8d,4,6,cxx_add_to_sub,interpolate.halide_generated.cpp,4325,26,generator_specific,0,0,1,,,test2_golden,0,3.014,cxx_add_to_sub:/mnt/scratch1/ardi/dsl_mut/HM-armc/mutation/lowered-cpp/interpolate/interpolate.halide_generated.cpp:4325:26
interpolate,cxx_default_on_emitted_cpp,5eb72c8d,4,6,cxx_replace_scalar_call,interpolate.halide_generated.cpp,10570,18,generator_specific,0,0,0,,,,0,3.084,cxx_replace_scalar_call:/mnt/scratch1/ardi/dsl_mut/HM-armc/mutation/lowered-cpp/interpolate/interpolate.halide_generated.cpp:10570:18
interpolate,cxx_default_on_emitted_cpp,5eb72c8d,4,6,cxx_mul_to_div,interpolate.halide_generated.cpp,9726,55,generator_specific,0,0,0,,,,0,3.291,cxx_mul_to_div:/mnt/scratch1/ardi/dsl_mut/HM-armc/mutation/lowered-cpp/interpolate/interpolate.halide_generated.cpp:9726:55
interpolate,cxx_default_on_emitted_cpp,5eb72c8d,4,6,cxx_add_to_sub,interpolate.halide_generated.cpp,9279,38,generator_specific,0,0,0,,,,0,3.084,cxx_add_to_sub:/mnt/scratch1/ardi/dsl_mut/HM-armc/mutation/lowered-cpp/interpolate/interpolate.halide_generated.cpp:9279:38
interpolate,cxx_default_on_emitted_cpp,5eb72c8d,4,6,cxx_lt_to_le,interpolate.halide_generated.cpp,9548,28,generator_specific,0,0,0,,,,0,3.221,cxx_lt_to_le:/mnt/scratch1/ardi/dsl_mut/HM-armc/mutation/lowered-cpp/interpolate/interpolate.halide_generated.cpp:9548:28
interpolate,cxx_default_on_emitted_cpp,5eb72c8d,4,6,cxx_add_to_sub,interpolate.halide_generated.cpp,3924,26,generator_specific,0,0,1,,,test2_golden,0,3.195,cxx_add_to_sub:/mnt/scratch1/ardi/dsl_mut/HM-armc/mutation/lowered-cpp/interpolate/interpolate.halide_generated.cpp:3924:26
interpolate,cxx_default_on_emitted_cpp,5eb72c8d,4,6,cxx_ne_to_eq,interpolate.halide_generated.cpp,9057,34,generator_specific,0,0,0,,,,0,3.091,cxx_ne_to_eq:/mnt/scratch1/ardi/dsl_mut/HM-armc/mutation/lowered-cpp/interpolate/interpolate.halide_generated.cpp:9057:34
interpolate,cxx_default_on_emitted_cpp,5eb72c8d,4,6,cxx_le_to_lt,interpolate.halide_generated.cpp,10748,22,generator_specific,0,0,1,,,test2_golden,0,1.293,cxx_le_to_lt:/mnt/scratch1/ardi/dsl_mut/HM-armc/mutation/lowered-cpp/interpolate/interpolate.halide_generated.cpp:10748:22
interpolate,cxx_default_on_emitted_cpp,5eb72c8d,4,6,cxx_add_to_sub,interpolate.halide_generated.cpp,8599,36,generator_specific,0,0,0,,,,0,3.307,cxx_add_to_sub:/mnt/scratch1/ardi/dsl_mut/HM-armc/mutation/lowered-cpp/interpolate/interpolate.halide_generated.cpp:8599:36
interpolate,cxx_default_on_emitted_cpp,5eb72c8d,4,6,cxx_mul_to_div,interpolate.halide_generated.cpp,10209,35,generator_specific,0,0,1,,,test2_golden,0,3.108,cxx_mul_to_div:/mnt/scratch1/ardi/dsl_mut/HM-armc/mutation/lowered-cpp/interpolate/interpolate.halide_generated.cpp:10209:35
interpolate,cxx_default_on_emitted_cpp,5eb72c8d,4,6,cxx_add_to_sub,interpolate.halide_generated.cpp,3713,22,generator_specific,0,0,0,,,,0,6.032,cxx_add_to_sub:/mnt/scratch1/ardi/dsl_mut/HM-armc/mutation/lowered-cpp/interpolate/interpolate.halide_generated.cpp:3713:22
interpolate,cxx_default_on_emitted_cpp,5eb72c8d,4,6,cxx_mul_to_div,interpolate.halide_generated.cpp,11474,76,generator_specific,-6,1,1,,,test1_demo;test2_golden,0,0.358,cxx_mul_to_div:/mnt/scratch1/ardi/dsl_mut/HM-armc/mutation/lowered-cpp/interpolate/interpolate.halide_generated.cpp:11474:76
interpolate,cxx_default_on_emitted_cpp,5eb72c8d,4,6,cxx_add_to_sub,interpolate.halide_generated.cpp,7899,49,generator_specific,0,0,1,,,test2_golden,0,3.295,cxx_add_to_sub:/mnt/scratch1/ardi/dsl_mut/HM-armc/mutation/lowered-cpp/interpolate/interpolate.halide_generated.cpp:7899:49
interpolate,cxx_default_on_emitted_cpp,5eb72c8d,4,6,cxx_mul_to_div,interpolate.halide_generated.cpp,6862,37,generator_specific,0,0,1,,,test2_golden,0,3.297,cxx_mul_to_div:/mnt/scratch1/ardi/dsl_mut/HM-armc/mutation/lowered-cpp/interpolate/interpolate.halide_generated.cpp:6862:37
interpolate,cxx_default_on_emitted_cpp,5eb72c8d,4,6,cxx_mul_to_div,interpolate.halide_generated.cpp,12276,33,generator_specific,0,0,0,,,,0,2.970,cxx_mul_to_div:/mnt/scratch1/ardi/dsl_mut/HM-armc/mutation/lowered-cpp/interpolate/interpolate.halide_generated.cpp:12276:33
interpolate,cxx_default_on_emitted_cpp,5eb72c8d,4,6,cxx_add_to_sub,interpolate.halide_generated.cpp,6941,37,generator_specific,0,0,0,,,,0,3.010,cxx_add_to_sub:/mnt/scratch1/ardi/dsl_mut/HM-armc/mutation/lowered-cpp/interpolate/interpolate.halide_generated.cpp:6941:37
interpolate,cxx_default_on_emitted_cpp,5eb72c8d,4,6,cxx_gt_to_ge,interpolate.halide_generated.cpp,8978,19,generator_specific,0,0,0,,,,0,3.315,cxx_gt_to_ge:/mnt/scratch1/ardi/dsl_mut/HM-armc/mutation/lowered-cpp/interpolate/interpolate.halide_generated.cpp:8978:19
interpolate,cxx_default_on_emitted_cpp,5eb72c8d,4,6,cxx_add_to_sub,interpolate.halide_generated.cpp,4678,25,generator_specific,0,0,1,,,test2_golden,0,2.831,cxx_add_to_sub:/mnt/scratch1/ardi/dsl_mut/HM-armc/mutation/lowered-cpp/interpolate/interpolate.halide_generated.cpp:4678:25
interpolate,cxx_default_on_emitted_cpp,5eb72c8d,4,6,cxx_replace_scalar_call,interpolate.halide_generated.cpp,8860,19,generator_specific,0,0,0,,,,0,3.011,cxx_replace_scalar_call:/mnt/scratch1/ardi/dsl_mut/HM-armc/mutation/lowered-cpp/interpolate/interpolate.halide_generated.cpp:8860:19
interpolate,cxx_default_on_emitted_cpp,5eb72c8d,4,6,cxx_mul_to_div,interpolate.halide_generated.cpp,7463,37,generator_specific,0,0,0,,,,0,3.276,cxx_mul_to_div:/mnt/scratch1/ardi/dsl_mut/HM-armc/mutation/lowered-cpp/interpolate/interpolate.halide_generated.cpp:7463:37
interpolate,cxx_default_on_emitted_cpp,5eb72c8d,4,6,cxx_sub_to_add,interpolate.halide_generated.cpp,11609,30,generator_specific,0,0,1,,,test2_golden,0,3.050,cxx_sub_to_add:/mnt/scratch1/ardi/dsl_mut/HM-armc/mutation/lowered-cpp/interpolate/interpolate.halide_generated.cpp:11609:30
interpolate,cxx_default_on_emitted_cpp,5eb72c8d,4,6,cxx_add_to_sub,interpolate.halide_generated.cpp,7917,37,generator_specific,0,0,1,,,test2_golden,0,3.179,cxx_add_to_sub:/mnt/scratch1/ardi/dsl_mut/HM-armc/mutation/lowered-cpp/interpolate/interpolate.halide_generated.cpp:7917:37
interpolate,cxx_default_on_emitted_cpp,5eb72c8d,4,6,cxx_add_to_sub,interpolate.halide_generated.cpp,11213,26,generator_specific,0,0,0,,,,0,3.046,cxx_add_to_sub:/mnt/scratch1/ardi/dsl_mut/HM-armc/mutation/lowered-cpp/interpolate/interpolate.halide_generated.cpp:11213:26
interpolate,cxx_default_on_emitted_cpp,5eb72c8d,4,6,cxx_add_to_sub,interpolate.halide_generated.cpp,7360,35,generator_specific,0,0,1,,,test2_golden,0,3.423,cxx_add_to_sub:/mnt/scratch1/ardi/dsl_mut/HM-armc/mutation/lowered-cpp/interpolate/interpolate.halide_generated.cpp:7360:35
interpolate,cxx_default_on_emitted_cpp,5eb72c8d,4,6,cxx_add_to_sub,interpolate.halide_generated.cpp,7470,60,generator_specific,-11,1,1,,,test1_demo;test2_golden,0,0.313,cxx_add_to_sub:/mnt/scratch1/ardi/dsl_mut/HM-armc/mutation/lowered-cpp/interpolate/interpolate.halide_generated.cpp:7470:60
interpolate,cxx_default_on_emitted_cpp,5eb72c8d,4,6,cxx_add_to_sub,interpolate.halide_generated.cpp,9942,37,generator_specific,0,0,0,,,,0,3.376,cxx_add_to_sub:/mnt/scratch1/ardi/dsl_mut/HM-armc/mutation/lowered-cpp/interpolate/interpolate.halide_generated.cpp:9942:37
interpolate,cxx_default_on_emitted_cpp,5eb72c8d,4,6,cxx_add_to_sub,interpolate.halide_generated.cpp,5129,27,generator_specific,0,0,1,,,test2_golden,0,3.342,cxx_add_to_sub:/mnt/scratch1/ardi/dsl_mut/HM-armc/mutation/lowered-cpp/interpolate/interpolate.halide_generated.cpp:5129:27
interpolate,cxx_default_on_emitted_cpp,5eb72c8d,4,6,cxx_lt_to_le,interpolate.halide_generated.cpp,7124,75,generator_specific,0,0,0,,,,0,3.301,cxx_lt_to_le:/mnt/scratch1/ardi/dsl_mut/HM-armc/mutation/lowered-cpp/interpolate/interpolate.halide_generated.cpp:7124:75
interpolate,cxx_default_on_emitted_cpp,5eb72c8d,4,6,cxx_add_to_sub,interpolate.halide_generated.cpp,4008,26,generator_specific,0,0,1,,,test2_golden,0,3.412,cxx_add_to_sub:/mnt/scratch1/ardi/dsl_mut/HM-armc/mutation/lowered-cpp/interpolate/interpolate.halide_generated.cpp:4008:26
interpolate,cxx_default_on_emitted_cpp,5eb72c8d,4,6,cxx_add_to_sub,interpolate.halide_generated.cpp,10684,25,generator_specific,0,0,0,,,,0,3.197,cxx_add_to_sub:/mnt/scratch1/ardi/dsl_mut/HM-armc/mutation/lowered-cpp/interpolate/interpolate.halide_generated.cpp:10684:25
interpolate,cxx_default_on_emitted_cpp,5eb72c8d,4,6,cxx_add_to_sub,interpolate.halide_generated.cpp,7465,37,generator_specific,0,0,0,,,,0,3.128,cxx_add_to_sub:/mnt/scratch1/ardi/dsl_mut/HM-armc/mutation/lowered-cpp/interpolate/interpolate.halide_generated.cpp:7465:37
interpolate,cxx_default_on_emitted_cpp,5eb72c8d,4,6,cxx_eq_to_ne,interpolate.halide_generated.cpp,10823,22,generator_specific,-6,1,1,,,test1_demo;test2_golden,0,0.305,cxx_eq_to_ne:/mnt/scratch1/ardi/dsl_mut/HM-armc/mutation/lowered-cpp/interpolate/interpolate.halide_generated.cpp:10823:22
interpolate,cxx_default_on_emitted_cpp,5eb72c8d,4,6,cxx_post_inc_to_post_dec,interpolate.halide_generated.cpp,9611,110,generator_specific,0,0,0,,,,0,3.391,cxx_post_inc_to_post_dec:/mnt/scratch1/ardi/dsl_mut/HM-armc/mutation/lowered-cpp/interpolate/interpolate.halide_generated.cpp:9611:110
interpolate,cxx_default_on_emitted_cpp,5eb72c8d,4,6,cxx_mul_to_div,interpolate.halide_generated.cpp,6578,37,generator_specific,0,0,1,,,test2_golden,0,3.207,cxx_mul_to_div:/mnt/scratch1/ardi/dsl_mut/HM-armc/mutation/lowered-cpp/interpolate/interpolate.halide_generated.cpp:6578:37
interpolate,cxx_default_on_emitted_cpp,5eb72c8d,4,6,cxx_add_to_sub,interpolate.halide_generated.cpp,6529,37,generator_specific,0,0,0,,,,0,3.396,cxx_add_to_sub:/mnt/scratch1/ardi/dsl_mut/HM-armc/mutation/lowered-cpp/interpolate/interpolate.halide_generated.cpp:6529:37
interpolate,cxx_default_on_emitted_cpp,5eb72c8d,4,6,cxx_sub_to_add,interpolate.halide_generated.cpp,11610,30,generator_specific,0,0,1,,,test2_golden,0,3.201,cxx_sub_to_add:/mnt/scratch1/ardi/dsl_mut/HM-armc/mutation/lowered-cpp/interpolate/interpolate.halide_generated.cpp:11610:30
interpolate,cxx_default_on_emitted_cpp,5eb72c8d,4,6,cxx_add_to_sub,interpolate.halide_generated.cpp,8166,36,generator_specific,0,0,0,,,,0,3.369,cxx_add_to_sub:/mnt/scratch1/ardi/dsl_mut/HM-armc/mutation/lowered-cpp/interpolate/interpolate.halide_generated.cpp:8166:36
interpolate,cxx_default_on_emitted_cpp,5eb72c8d,4,6,cxx_add_to_sub,interpolate.halide_generated.cpp,6373,32,generator_specific,0,0,0,,,,0,3.451,cxx_add_to_sub:/mnt/scratch1/ardi/dsl_mut/HM-armc/mutation/lowered-cpp/interpolate/interpolate.halide_generated.cpp:6373:32
interpolate,cxx_default_on_emitted_cpp,5eb72c8d,4,6,cxx_mul_to_div,interpolate.halide_generated.cpp,4719,25,generator_specific,-8,1,1,,,test1_demo;test2_golden,0,0.333,cxx_mul_to_div:/mnt/scratch1/ardi/dsl_mut/HM-armc/mutation/lowered-cpp/interpolate/interpolate.halide_generated.cpp:4719:25
interpolate,cxx_default_on_emitted_cpp,5eb72c8d,4,6,cxx_sub_to_add,interpolate.halide_generated.cpp,9937,37,generator_specific,0,0,0,,,,0,3.561,cxx_sub_to_add:/mnt/scratch1/ardi/dsl_mut/HM-armc/mutation/lowered-cpp/interpolate/interpolate.halide_generated.cpp:9937:37
interpolate,cxx_default_on_emitted_cpp,5eb72c8d,4,6,cxx_le_to_gt,interpolate.halide_generated.cpp,12045,30,generator_specific,-6,1,1,,,test1_demo;test2_golden,0,0.363,cxx_le_to_gt:/mnt/scratch1/ardi/dsl_mut/HM-armc/mutation/lowered-cpp/interpolate/interpolate.halide_generated.cpp:12045:30
interpolate,cxx_default_on_emitted_cpp,5eb72c8d,4,6,cxx_mul_to_div,interpolate.halide_generated.cpp,8241,36,generator_specific,0,0,0,,,,0,3.262,cxx_mul_to_div:/mnt/scratch1/ardi/dsl_mut/HM-armc/mutation/lowered-cpp/interpolate/interpolate.halide_generated.cpp:8241:36
interpolate,cxx_default_on_emitted_cpp,5eb72c8d,4,6,cxx_mul_to_div,interpolate.halide_generated.cpp,7373,51,generator_specific,0,0,1,,,test2_golden,0,3.438,cxx_mul_to_div:/mnt/scratch1/ardi/dsl_mut/HM-armc/mutation/lowered-cpp/interpolate/interpolate.halide_generated.cpp:7373:51
interpolate,cxx_default_on_emitted_cpp,5eb72c8d,4,6,cxx_add_to_sub,interpolate.halide_generated.cpp,8154,35,generator_specific,0,0,0,,,,0,3.562,cxx_add_to_sub:/mnt/scratch1/ardi/dsl_mut/HM-armc/mutation/lowered-cpp/interpolate/interpolate.halide_generated.cpp:8154:35
interpolate,cxx_default_on_emitted_cpp,5eb72c8d,4,6,cxx_sub_to_add,interpolate.halide_generated.cpp,10027,37,generator_specific,0,0,0,,,,0,3.433,cxx_sub_to_add:/mnt/scratch1/ardi/dsl_mut/HM-armc/mutation/lowered-cpp/interpolate/interpolate.halide_generated.cpp:10027:37
interpolate,cxx_default_on_emitted_cpp,5eb72c8d,4,6,cxx_mul_to_div,interpolate.halide_generated.cpp,4697,24,generator_specific,0,0,1,,,test2_golden,0,2.847,cxx_mul_to_div:/mnt/scratch1/ardi/dsl_mut/HM-armc/mutation/lowered-cpp/interpolate/interpolate.halide_generated.cpp:4697:24
interpolate,cxx_default_on_emitted_cpp,5eb72c8d,4,6,cxx_add_to_sub,interpolate.halide_generated.cpp,6722,38,generator_specific,0,0,0,,,,0,3.142,cxx_add_to_sub:/mnt/scratch1/ardi/dsl_mut/HM-armc/mutation/lowered-cpp/interpolate/interpolate.halide_generated.cpp:6722:38
interpolate,cxx_default_on_emitted_cpp,5eb72c8d,4,6,cxx_mul_to_div,interpolate.halide_generated.cpp,4847,23,generator_specific,0,0,1,,,test2_golden,0,2.821,cxx_mul_to_div:/mnt/scratch1/ardi/dsl_mut/HM-armc/mutation/lowered-cpp/interpolate/interpolate.halide_generated.cpp:4847:23
interpolate,cxx_default_on_emitted_cpp,5eb72c8d,4,6,cxx_add_to_sub,interpolate.halide_generated.cpp,8666,35,generator_specific,0,0,0,,,,0,3.090,cxx_add_to_sub:/mnt/scratch1/ardi/dsl_mut/HM-armc/mutation/lowered-cpp/interpolate/interpolate.halide_generated.cpp:8666:35
interpolate,cxx_default_on_emitted_cpp,5eb72c8d,4,6,cxx_mul_to_div,interpolate.halide_generated.cpp,4358,26,generator_specific,0,0,1,,,test2_golden,0,3.451,cxx_mul_to_div:/mnt/scratch1/ardi/dsl_mut/HM-armc/mutation/lowered-cpp/interpolate/interpolate.halide_generated.cpp:4358:26
interpolate,cxx_default_on_emitted_cpp,5eb72c8d,4,6,cxx_add_to_sub,interpolate.halide_generated.cpp,8508,36,generator_specific,0,0,1,,,test2_golden,0,4.326,cxx_add_to_sub:/mnt/scratch1/ardi/dsl_mut/HM-armc/mutation/lowered-cpp/interpolate/interpolate.halide_generated.cpp:8508:36
interpolate,cxx_default_on_emitted_cpp,5eb72c8d,4,6,cxx_add_to_sub,interpolate.halide_generated.cpp,8171,36,generator_specific,0,0,0,,,,0,3.171,cxx_add_to_sub:/mnt/scratch1/ardi/dsl_mut/HM-armc/mutation/lowered-cpp/interpolate/interpolate.halide_generated.cpp:8171:36
interpolate,cxx_default_on_emitted_cpp,5eb72c8d,4,6,cxx_lt_to_le,interpolate.halide_generated.cpp,6530,75,generator_specific,-6,1,1,,,test1_demo;test2_golden,0,0.390,cxx_lt_to_le:/mnt/scratch1/ardi/dsl_mut/HM-armc/mutation/lowered-cpp/interpolate/interpolate.halide_generated.cpp:6530:75
interpolate,cxx_default_on_emitted_cpp,5eb72c8d,4,6,cxx_lt_to_le,interpolate.halide_generated.cpp,9920,86,generator_specific,0,0,0,,,,0,3.090,cxx_lt_to_le:/mnt/scratch1/ardi/dsl_mut/HM-armc/mutation/lowered-cpp/interpolate/interpolate.halide_generated.cpp:9920:86
interpolate,cxx_default_on_emitted_cpp,5eb72c8d,4,6,cxx_add_to_sub,interpolate.halide_generated.cpp,4930,26,generator_specific,0,0,1,,,test2_golden,0,2.862,cxx_add_to_sub:/mnt/scratch1/ardi/dsl_mut/HM-armc/mutation/lowered-cpp/interpolate/interpolate.halide_generated.cpp:4930:26
interpolate,cxx_default_on_emitted_cpp,5eb72c8d,4,6,cxx_add_to_sub,interpolate.halide_generated.cpp,8308,36,generator_specific,0,0,0,,,,0,3.243,cxx_add_to_sub:/mnt/scratch1/ardi/dsl_mut/HM-armc/mutation/lowered-cpp/interpolate/interpolate.halide_generated.cpp:8308:36
interpolate,cxx_default_on_emitted_cpp,5eb72c8d,4,6,cxx_add_to_sub,interpolate.halide_generated.cpp,3889,26,generator_specific,0,0,1,,,test2_golden,0,3.079,cxx_add_to_sub:/mnt/scratch1/ardi/dsl_mut/HM-armc/mutation/lowered-cpp/interpolate/interpolate.halide_generated.cpp:3889:26
interpolate,cxx_default_on_emitted_cpp,5eb72c8d,4,6,cxx_add_to_sub,interpolate.halide_generated.cpp,4274,25,generator_specific,0,0,0,,,,0,3.217,cxx_add_to_sub:/mnt/scratch1/ardi/dsl_mut/HM-armc/mutation/lowered-cpp/interpolate/interpolate.halide_generated.cpp:4274:25
interpolate,cxx_default_on_emitted_cpp,5eb72c8d,4,6,cxx_add_to_sub,interpolate.halide_generated.cpp,4535,25,generator_specific,0,0,0,,,,0,3.416,cxx_add_to_sub:/mnt/scratch1/ardi/dsl_mut/HM-armc/mutation/lowered-cpp/interpolate/interpolate.halide_generated.cpp:4535:25
interpolate,cxx_default_on_emitted_cpp,5eb72c8d,4,6,cxx_add_to_sub,interpolate.halide_generated.cpp,8579,85,generator_specific,0,0,0,,,,0,3.152,cxx_add_to_sub:/mnt/scratch1/ardi/dsl_mut/HM-armc/mutation/lowered-cpp/interpolate/interpolate.halide_generated.cpp:8579:85
interpolate,cxx_default_on_emitted_cpp,5eb72c8d,4,6,cxx_lt_to_ge,interpolate.halide_generated.cpp,10120,65,generator_specific,0,0,0,,,,0,3.207,cxx_lt_to_ge:/mnt/scratch1/ardi/dsl_mut/HM-armc/mutation/lowered-cpp/interpolate/interpolate.halide_generated.cpp:10120:65
interpolate,cxx_default_on_emitted_cpp,5eb72c8d,4,6,cxx_sub_to_add,interpolate.halide_generated.cpp,11461,29,generator_specific,-6,1,1,,,test1_demo;test2_golden,0,0.355,cxx_sub_to_add:/mnt/scratch1/ardi/dsl_mut/HM-armc/mutation/lowered-cpp/interpolate/interpolate.halide_generated.cpp:11461:29
interpolate,cxx_default_on_emitted_cpp,5eb72c8d,4,6,cxx_mul_to_div,interpolate.halide_generated.cpp,4503,24,generator_specific,0,0,1,,,test2_golden,0,3.383,cxx_mul_to_div:/mnt/scratch1/ardi/dsl_mut/HM-armc/mutation/lowered-cpp/interpolate/interpolate.halide_generated.cpp:4503:24
interpolate,cxx_default_on_emitted_cpp,5eb72c8d,4,6,cxx_add_to_sub,interpolate.halide_generated.cpp,4062,26,generator_specific,0,0,1,,,test2_golden,0,3.524,cxx_add_to_sub:/mnt/scratch1/ardi/dsl_mut/HM-armc/mutation/lowered-cpp/interpolate/interpolate.halide_generated.cpp:4062:26
interpolate,cxx_default_on_emitted_cpp,5eb72c8d,4,6,cxx_sub_to_add,interpolate.halide_generated.cpp,11376,28,generator_specific,0,0,0,,,,0,2.867,cxx_sub_to_add:/mnt/scratch1/ardi/dsl_mut/HM-armc/mutation/lowered-cpp/interpolate/interpolate.halide_generated.cpp:11376:28
interpolate,cxx_default_on_emitted_cpp,5eb72c8d,4,6,cxx_mul_to_div,interpolate.halide_generated.cpp,8550,35,generator_specific,0,0,1,,,test2_golden,0,2.867,cxx_mul_to_div:/mnt/scratch1/ardi/dsl_mut/HM-armc/mutation/lowered-cpp/interpolate/interpolate.halide_generated.cpp:8550:35
interpolate,cxx_default_on_emitted_cpp,5eb72c8d,4,6,cxx_mul_to_div,interpolate.halide_generated.cpp,6233,55,generator_specific,0,0,0,,,,0,3.246,cxx_mul_to_div:/mnt/scratch1/ardi/dsl_mut/HM-armc/mutation/lowered-cpp/interpolate/interpolate.halide_generated.cpp:6233:55
interpolate,cxx_default_on_emitted_cpp,5eb72c8d,4,6,cxx_add_to_sub,interpolate.halide_generated.cpp,7113,37,generator_specific,0,0,1,,,test2_golden,0,3.584,cxx_add_to_sub:/mnt/scratch1/ardi/dsl_mut/HM-armc/mutation/lowered-cpp/interpolate/interpolate.halide_generated.cpp:7113:37
interpolate,cxx_default_on_emitted_cpp,5eb72c8d,4,6,cxx_add_to_sub,interpolate.halide_generated.cpp,6539,38,generator_specific,0,0,0,,,,0,3.311,cxx_add_to_sub:/mnt/scratch1/ardi/dsl_mut/HM-armc/mutation/lowered-cpp/interpolate/interpolate.halide_generated.cpp:6539:38
interpolate,cxx_default_on_emitted_cpp,5eb72c8d,4,6,cxx_add_to_sub,interpolate.halide_generated.cpp,12184,33,generator_specific,0,0,0,,,,0,3.321,cxx_add_to_sub:/mnt/scratch1/ardi/dsl_mut/HM-armc/mutation/lowered-cpp/interpolate/interpolate.halide_generated.cpp:12184:33
interpolate,cxx_default_on_emitted_cpp,5eb72c8d,4,6,cxx_add_to_sub,interpolate.halide_generated.cpp,10023,60,generator_specific,0,0,0,,,,0,3.035,cxx_add_to_sub:/mnt/scratch1/ardi/dsl_mut/HM-armc/mutation/lowered-cpp/interpolate/interpolate.halide_generated.cpp:10023:60
interpolate,cxx_default_on_emitted_cpp,5eb72c8d,4,6,cxx_remove_void_call,interpolate.halide_generated.cpp,7879,16,generator_specific,0,0,1,,,test2_golden,0,2.951,cxx_remove_void_call:/mnt/scratch1/ardi/dsl_mut/HM-armc/mutation/lowered-cpp/interpolate/interpolate.halide_generated.cpp:7879:16
interpolate,cxx_default_on_emitted_cpp,5eb72c8d,4,6,cxx_add_to_sub,interpolate.halide_generated.cpp,8678,36,generator_specific,0,0,0,,,,0,3.214,cxx_add_to_sub:/mnt/scratch1/ardi/dsl_mut/HM-armc/mutation/lowered-cpp/interpolate/interpolate.halide_generated.cpp:8678:36
interpolate,cxx_default_on_emitted_cpp,5eb72c8d,4,6,cxx_add_to_sub,interpolate.halide_generated.cpp,7420,38,generator_specific,0,0,1,,,test2_golden,0,3.972,cxx_add_to_sub:/mnt/scratch1/ardi/dsl_mut/HM-armc/mutation/lowered-cpp/interpolate/interpolate.halide_generated.cpp:7420:38
interpolate,cxx_default_on_emitted_cpp,5eb72c8d,4,6,cxx_mul_to_div,interpolate.halide_generated.cpp,9377,37,generator_specific,0,0,0,,,,0,3.181,cxx_mul_to_div:/mnt/scratch1/ardi/dsl_mut/HM-armc/mutation/lowered-cpp/interpolate/interpolate.halide_generated.cpp:9377:37
interpolate,cxx_default_on_emitted_cpp,5eb72c8d,4,6,cxx_lt_to_le,interpolate.halide_generated.cpp,7190,69,generator_specific,-6,1,1,,,test1_demo;test2_golden,0,0.342,cxx_lt_to_le:/mnt/scratch1/ardi/dsl_mut/HM-armc/mutation/lowered-cpp/interpolate/interpolate.halide_generated.cpp:7190:69
interpolate,cxx_default_on_emitted_cpp,5eb72c8d,4,6,cxx_mul_to_div,interpolate.halide_generated.cpp,10210,35,generator_specific,0,0,0,,,,0,3.428,cxx_mul_to_div:/mnt/scratch1/ardi/dsl_mut/HM-armc/mutation/lowered-cpp/interpolate/interpolate.halide_generated.cpp:10210:35
interpolate,cxx_default_on_emitted_cpp,5eb72c8d,4,6,cxx_add_to_sub,interpolate.halide_generated.cpp,8603,36,generator_specific,0,0,1,,,test2_golden,0,3.570,cxx_add_to_sub:/mnt/scratch1/ardi/dsl_mut/HM-armc/mutation/lowered-cpp/interpolate/interpolate.halide_generated.cpp:8603:36
interpolate,cxx_default_on_emitted_cpp,5eb72c8d,4,6,cxx_add_to_sub,interpolate.halide_generated.cpp,11230,27,generator_specific,-6,1,1,,,test1_demo;test2_golden,0,0.343,cxx_add_to_sub:/mnt/scratch1/ardi/dsl_mut/HM-armc/mutation/lowered-cpp/interpolate/interpolate.halide_generated.cpp:11230:27
interpolate,cxx_default_on_emitted_cpp,5eb72c8d,4,6,cxx_sub_to_add,interpolate.halide_generated.cpp,12289,33,generator_specific,0,0,1,,,test2_golden,0,3.153,cxx_sub_to_add:/mnt/scratch1/ardi/dsl_mut/HM-armc/mutation/lowered-cpp/interpolate/interpolate.halide_generated.cpp:12289:33
interpolate,cxx_default_on_emitted_cpp,5eb72c8d,4,6,cxx_sub_to_add,interpolate.halide_generated.cpp,9267,37,generator_specific,0,0,1,,,test2_golden,0,2.842,cxx_sub_to_add:/mnt/scratch1/ardi/dsl_mut/HM-armc/mutation/lowered-cpp/interpolate/interpolate.halide_generated.cpp:9267:37
interpolate,cxx_default_on_emitted_cpp,5eb72c8d,4,6,cxx_mul_to_div,interpolate.halide_generated.cpp,12157,33,generator_specific,0,0,0,,,,0,3.005,cxx_mul_to_div:/mnt/scratch1/ardi/dsl_mut/HM-armc/mutation/lowered-cpp/interpolate/interpolate.halide_generated.cpp:12157:33
interpolate,cxx_default_on_emitted_cpp,5eb72c8d,4,6,cxx_mul_to_div,interpolate.halide_generated.cpp,4854,25,generator_specific,0,0,1,,,test2_golden,0,2.903,cxx_mul_to_div:/mnt/scratch1/ardi/dsl_mut/HM-armc/mutation/lowered-cpp/interpolate/interpolate.halide_generated.cpp:4854:25
interpolate,cxx_default_on_emitted_cpp,5eb72c8d,4,6,cxx_sub_to_add,interpolate.halide_generated.cpp,7829,37,generator_specific,-11,1,1,,,test1_demo;test2_golden,0,0.363,cxx_sub_to_add:/mnt/scratch1/ardi/dsl_mut/HM-armc/mutation/lowered-cpp/interpolate/interpolate.halide_generated.cpp:7829:37
interpolate,cxx_default_on_emitted_cpp,5eb72c8d,4,6,cxx_sub_to_add,interpolate.halide_generated.cpp,11723,31,generator_specific,0,0,0,,,,0,3.590,cxx_sub_to_add:/mnt/scratch1/ardi/dsl_mut/HM-armc/mutation/lowered-cpp/interpolate/interpolate.halide_generated.cpp:11723:31
interpolate,cxx_default_on_emitted_cpp,5eb72c8d,4,6,cxx_add_to_sub,interpolate.halide_generated.cpp,7665,37,generator_specific,0,0,0,,,,0,3.148,cxx_add_to_sub:/mnt/scratch1/ardi/dsl_mut/HM-armc/mutation/lowered-cpp/interpolate/interpolate.halide_generated.cpp:7665:37
interpolate,cxx_default_on_emitted_cpp,5eb72c8d,4,6,cxx_add_to_sub,interpolate.halide_generated.cpp,4097,26,generator_specific,0,0,0,,,,0,3.459,cxx_add_to_sub:/mnt/scratch1/ardi/dsl_mut/HM-armc/mutation/lowered-cpp/interpolate/interpolate.halide_generated.cpp:4097:26
interpolate,cxx_default_on_emitted_cpp,5eb72c8d,4,6,cxx_add_to_sub,interpolate.halide_generated.cpp,4099,28,generator_specific,-11,1,1,,,test1_demo;test2_golden,0,0.357,cxx_add_to_sub:/mnt/scratch1/ardi/dsl_mut/HM-armc/mutation/lowered-cpp/interpolate/interpolate.halide_generated.cpp:4099:28
interpolate,cxx_default_on_emitted_cpp,5eb72c8d,4,6,cxx_add_to_sub,interpolate.halide_generated.cpp,10290,35,generator_specific,0,0,0,,,,0,3.540,cxx_add_to_sub:/mnt/scratch1/ardi/dsl_mut/HM-armc/mutation/lowered-cpp/interpolate/interpolate.halide_generated.cpp:10290:35
interpolate,cxx_default_on_emitted_cpp,5eb72c8d,4,6,cxx_ne_to_eq,interpolate.halide_generated.cpp,8881,27,generator_specific,0,0,0,,,,0,3.176,cxx_ne_to_eq:/mnt/scratch1/ardi/dsl_mut/HM-armc/mutation/lowered-cpp/interpolate/interpolate.halide_generated.cpp:8881:27
interpolate,cxx_default_on_emitted_cpp,5eb72c8d,4,6,cxx_add_to_sub,interpolate.halide_generated.cpp,12179,33,generator_specific,0,0,0,,,,0,3.547,cxx_add_to_sub:/mnt/scratch1/ardi/dsl_mut/HM-armc/mutation/lowered-cpp/interpolate/interpolate.halide_generated.cpp:12179:33
interpolate,cxx_default_on_emitted_cpp,5eb72c8d,4,6,cxx_add_to_sub,interpolate.halide_generated.cpp,6734,37,generator_specific,0,0,0,,,,0,3.416,cxx_add_to_sub:/mnt/scratch1/ardi/dsl_mut/HM-armc/mutation/lowered-cpp/interpolate/interpolate.halide_generated.cpp:6734:37
interpolate,cxx_default_on_emitted_cpp,5eb72c8d,4,6,cxx_gt_to_le,interpolate.halide_generated.cpp,8952,18,generator_specific,0,0,0,,,,0,3.045,cxx_gt_to_le:/mnt/scratch1/ardi/dsl_mut/HM-armc/mutation/lowered-cpp/interpolate/interpolate.halide_generated.cpp:8952:18
interpolate,cxx_default_on_emitted_cpp,5eb72c8d,4,6,cxx_mul_to_div,interpolate.halide_generated.cpp,5330,43,generator_specific,0,0,1,,,test2_golden,0,2.988,cxx_mul_to_div:/mnt/scratch1/ardi/dsl_mut/HM-armc/mutation/lowered-cpp/interpolate/interpolate.halide_generated.cpp:5330:43
interpolate,cxx_default_on_emitted_cpp,5eb72c8d,4,6,cxx_add_to_sub,interpolate.halide_generated.cpp,9249,37,generator_specific,0,0,1,,,test2_golden,0,3.233,cxx_add_to_sub:/mnt/scratch1/ardi/dsl_mut/HM-armc/mutation/lowered-cpp/interpolate/interpolate.halide_generated.cpp:9249:37
interpolate,cxx_default_on_emitted_cpp,5eb72c8d,4,6,cxx_mul_to_div,interpolate.halide_generated.cpp,8549,35,generator_specific,0,0,1,,,test2_golden,0,3.559,cxx_mul_to_div:/mnt/scratch1/ardi/dsl_mut/HM-armc/mutation/lowered-cpp/interpolate/interpolate.halide_generated.cpp:8549:35
interpolate,cxx_default_on_emitted_cpp,5eb72c8d,4,6,cxx_add_to_sub,interpolate.halide_generated.cpp,8654,36,generator_specific,0,0,1,,,test2_golden,0,3.222,cxx_add_to_sub:/mnt/scratch1/ardi/dsl_mut/HM-armc/mutation/lowered-cpp/interpolate/interpolate.halide_generated.cpp:8654:36
interpolate,cxx_default_on_emitted_cpp,5eb72c8d,4,6,cxx_add_to_sub,interpolate.halide_generated.cpp,4220,26,generator_specific,0,0,1,,,test2_golden,0,3.326,cxx_add_to_sub:/mnt/scratch1/ardi/dsl_mut/HM-armc/mutation/lowered-cpp/interpolate/interpolate.halide_generated.cpp:4220:26
interpolate,cxx_default_on_emitted_cpp,5eb72c8d,4,6,cxx_add_to_sub,interpolate.halide_generated.cpp,8498,36,generator_specific,0,0,1,,,test2_golden,0,3.687,cxx_add_to_sub:/mnt/scratch1/ardi/dsl_mut/HM-armc/mutation/lowered-cpp/interpolate/interpolate.halide_generated.cpp:8498:36
interpolate,cxx_default_on_emitted_cpp,5eb72c8d,4,6,cxx_replace_scalar_call,interpolate.halide_generated.cpp,10636,19,generator_specific,0,0,0,,,,0,3.377,cxx_replace_scalar_call:/mnt/scratch1/ardi/dsl_mut/HM-armc/mutation/lowered-cpp/interpolate/interpolate.halide_generated.cpp:10636:19
interpolate,cxx_default_on_emitted_cpp,5eb72c8d,4,6,cxx_add_to_sub,interpolate.halide_generated.cpp,3733,24,generator_specific,0,0,1,,,test2_golden,0,3.227,cxx_add_to_sub:/mnt/scratch1/ardi/dsl_mut/HM-armc/mutation/lowered-cpp/interpolate/interpolate.halide_generated.cpp:3733:24
interpolate,cxx_default_on_emitted_cpp,5eb72c8d,4,6,cxx_add_to_sub,interpolate.halide_generated.cpp,4105,26,generator_specific,0,0,1,,,test2_golden,0,2.874,cxx_add_to_sub:/mnt/scratch1/ardi/dsl_mut/HM-armc/mutation/lowered-cpp/interpolate/interpolate.halide_generated.cpp:4105:26
interpolate,cxx_default_on_emitted_cpp,5eb72c8d,4,6,cxx_add_to_sub,interpolate.halide_generated.cpp,5105,27,generator_specific,0,0,1,,,test2_golden,0,3.099,cxx_add_to_sub:/mnt/scratch1/ardi/dsl_mut/HM-armc/mutation/lowered-cpp/interpolate/interpolate.halide_generated.cpp:5105:27
interpolate,cxx_default_on_emitted_cpp,5eb72c8d,4,6,cxx_add_to_sub,interpolate.halide_generated.cpp,3962,26,generator_specific,-11,1,1,,,test1_demo;test2_golden,0,0.352,cxx_add_to_sub:/mnt/scratch1/ardi/dsl_mut/HM-armc/mutation/lowered-cpp/interpolate/interpolate.halide_generated.cpp:3962:26
interpolate,cxx_default_on_emitted_cpp,5eb72c8d,4,6,cxx_mul_to_div,interpolate.halide_generated.cpp,8237,35,generator_specific,0,0,1,,,test2_golden,0,3.035,cxx_mul_to_div:/mnt/scratch1/ardi/dsl_mut/HM-armc/mutation/lowered-cpp/interpolate/interpolate.halide_generated.cpp:8237:35
interpolate,cxx_default_on_emitted_cpp,5eb72c8d,4,6,cxx_add_to_sub,interpolate.halide_generated.cpp,4184,25,generator_specific,0,0,0,,,,0,3.178,cxx_add_to_sub:/mnt/scratch1/ardi/dsl_mut/HM-armc/mutation/lowered-cpp/interpolate/interpolate.halide_generated.cpp:4184:25
interpolate,cxx_default_on_emitted_cpp,5eb72c8d,4,6,cxx_sub_to_add,interpolate.halide_generated.cpp,7728,35,generator_specific,0,0,1,,,test2_golden,0,2.954,cxx_sub_to_add:/mnt/scratch1/ardi/dsl_mut/HM-armc/mutation/lowered-cpp/interpolate/interpolate.halide_generated.cpp:7728:35
interpolate,cxx_default_on_emitted_cpp,5eb72c8d,4,6,cxx_mul_to_div,interpolate.halide_generated.cpp,4001,25,generator_specific,0,0,1,,,test2_golden,0,2.999,cxx_mul_to_div:/mnt/scratch1/ardi/dsl_mut/HM-armc/mutation/lowered-cpp/interpolate/interpolate.halide_generated.cpp:4001:25
interpolate,cxx_default_on_emitted_cpp,5eb72c8d,4,6,cxx_mul_to_div,interpolate.halide_generated.cpp,8806,35,generator_specific,0,0,0,,,,0,3.109,cxx_mul_to_div:/mnt/scratch1/ardi/dsl_mut/HM-armc/mutation/lowered-cpp/interpolate/interpolate.halide_generated.cpp:8806:35
interpolate,cxx_default_on_emitted_cpp,5eb72c8d,4,6,cxx_add_to_sub,interpolate.halide_generated.cpp,4867,25,generator_specific,0,0,1,,,test2_golden,0,2.934,cxx_add_to_sub:/mnt/scratch1/ardi/dsl_mut/HM-armc/mutation/lowered-cpp/interpolate/interpolate.halide_generated.cpp:4867:25
interpolate,cxx_default_on_emitted_cpp,5eb72c8d,4,6,cxx_add_to_sub,interpolate.halide_generated.cpp,7544,35,generator_specific,0,0,0,,,,0,3.163,cxx_add_to_sub:/mnt/scratch1/ardi/dsl_mut/HM-armc/mutation/lowered-cpp/interpolate/interpolate.halide_generated.cpp:7544:35
interpolate,cxx_default_on_emitted_cpp,5eb72c8d,4,6,cxx_gt_to_le,interpolate.halide_generated.cpp,6284,30,generator_specific,-11,1,1,,,test1_demo;test2_golden,0,0.316,cxx_gt_to_le:/mnt/scratch1/ardi/dsl_mut/HM-armc/mutation/lowered-cpp/interpolate/interpolate.halide_generated.cpp:6284:30
interpolate,cxx_default_on_emitted_cpp,5eb72c8d,4,6,cxx_sub_to_add,interpolate.halide_generated.cpp,4002,26,generator_specific,0,0,1,,,test2_golden,0,3.549,cxx_sub_to_add:/mnt/scratch1/ardi/dsl_mut/HM-armc/mutation/lowered-cpp/interpolate/interpolate.halide_generated.cpp:4002:26
interpolate,cxx_default_on_emitted_cpp,5eb72c8d,4,6,cxx_mul_to_div,interpolate.halide_generated.cpp,7049,37,generator_specific,0,0,1,,,test2_golden,0,2.869,cxx_mul_to_div:/mnt/scratch1/ardi/dsl_mut/HM-armc/mutation/lowered-cpp/interpolate/interpolate.halide_generated.cpp:7049:37
interpolate,cxx_default_on_emitted_cpp,5eb72c8d,4,6,cxx_mul_to_div,interpolate.halide_generated.cpp,11215,26,generator_specific,0,0,0,,,,0,3.195,cxx_mul_to_div:/mnt/scratch1/ardi/dsl_mut/HM-armc/mutation/lowered-cpp/interpolate/interpolate.halide_generated.cpp:11215:26
interpolate,cxx_default_on_emitted_cpp,5eb72c8d,4,6,cxx_add_to_sub,interpolate.halide_generated.cpp,7995,60,generator_specific,0,0,0,,,,0,3.419,cxx_add_to_sub:/mnt/scratch1/ardi/dsl_mut/HM-armc/mutation/lowered-cpp/interpolate/interpolate.halide_generated.cpp:7995:60
interpolate,cxx_default_on_emitted_cpp,5eb72c8d,4,6,cxx_add_to_sub,interpolate.halide_generated.cpp,4849,23,generator_specific,0,0,1,,,test2_golden,0,3.445,cxx_add_to_sub:/mnt/scratch1/ardi/dsl_mut/HM-armc/mutation/lowered-cpp/interpolate/interpolate.halide_generated.cpp:4849:23
interpolate,cxx_default_on_emitted_cpp,5eb72c8d,4,6,cxx_add_to_sub,interpolate.halide_generated.cpp,9335,35,generator_specific,0,0,0,,,,0,3.150,cxx_add_to_sub:/mnt/scratch1/ardi/dsl_mut/HM-armc/mutation/lowered-cpp/interpolate/interpolate.halide_generated.cpp:9335:35
interpolate,cxx_default_on_emitted_cpp,5eb72c8d,4,6,cxx_add_to_sub,interpolate.halide_generated.cpp,7045,37,generator_specific,0,0,1,,,test2_golden,0,3.348,cxx_add_to_sub:/mnt/scratch1/ardi/dsl_mut/HM-armc/mutation/lowered-cpp/interpolate/interpolate.halide_generated.cpp:7045:37
interpolate,cxx_default_on_emitted_cpp,5eb72c8d,4,6,cxx_lt_to_le,interpolate.halide_generated.cpp,9470,86,generator_specific,0,0,0,,,,0,3.057,cxx_lt_to_le:/mnt/scratch1/ardi/dsl_mut/HM-armc/mutation/lowered-cpp/interpolate/interpolate.halide_generated.cpp:9470:86
interpolate,cxx_default_on_emitted_cpp,5eb72c8d,4,6,cxx_add_to_sub,interpolate.halide_generated.cpp,8360,36,generator_specific,0,0,1,,,test2_golden,0,3.198,cxx_add_to_sub:/mnt/scratch1/ardi/dsl_mut/HM-armc/mutation/lowered-cpp/interpolate/interpolate.halide_generated.cpp:8360:36
interpolate,cxx_default_on_emitted_cpp,5eb72c8d,4,6,cxx_add_to_sub,interpolate.halide_generated.cpp,9788,35,generator_specific,0,0,0,,,,0,2.836,cxx_add_to_sub:/mnt/scratch1/ardi/dsl_mut/HM-armc/mutation/lowered-cpp/interpolate/interpolate.halide_generated.cpp:9788:35
interpolate,cxx_default_on_emitted_cpp,5eb72c8d,4,6,cxx_add_to_sub,interpolate.halide_generated.cpp,8438,36,generator_specific,0,0,1,,,test2_golden,0,4.403,cxx_add_to_sub:/mnt/scratch1/ardi/dsl_mut/HM-armc/mutation/lowered-cpp/interpolate/interpolate.halide_generated.cpp:8438:36
interpolate,cxx_default_on_emitted_cpp,5eb72c8d,4,6,cxx_mul_to_div,interpolate.halide_generated.cpp,11667,30,generator_specific,0,0,0,,,,0,3.080,cxx_mul_to_div:/mnt/scratch1/ardi/dsl_mut/HM-armc/mutation/lowered-cpp/interpolate/interpolate.halide_generated.cpp:11667:30
interpolate,cxx_default_on_emitted_cpp,5eb72c8d,4,6,cxx_eq_to_ne,interpolate.halide_generated.cpp,6266,51,generator_specific,0,0,0,,,,0,3.284,cxx_eq_to_ne:/mnt/scratch1/ardi/dsl_mut/HM-armc/mutation/lowered-cpp/interpolate/interpolate.halide_generated.cpp:6266:51
interpolate,cxx_default_on_emitted_cpp,5eb72c8d,4,6,cxx_add_to_sub,interpolate.halide_generated.cpp,7658,37,generator_specific,0,0,0,,,,0,3.207,cxx_add_to_sub:/mnt/scratch1/ardi/dsl_mut/HM-armc/mutation/lowered-cpp/interpolate/interpolate.halide_generated.cpp:7658:37
interpolate,cxx_default_on_emitted_cpp,5eb72c8d,4,6,cxx_div_to_mul,interpolate.halide_generated.cpp,8158,35,generator_specific,0,0,0,,,,0,3.057,cxx_div_to_mul:/mnt/scratch1/ardi/dsl_mut/HM-armc/mutation/lowered-cpp/interpolate/interpolate.halide_generated.cpp:8158:35
interpolate,cxx_default_on_emitted_cpp,5eb72c8d,4,6,cxx_add_to_sub,interpolate.halide_generated.cpp,4720,25,generator_specific,-11,1,1,,,test1_demo;test2_golden,0,0.329,cxx_add_to_sub:/mnt/scratch1/ardi/dsl_mut/HM-armc/mutation/lowered-cpp/interpolate/interpolate.halide_generated.cpp:4720:25
interpolate,cxx_default_on_emitted_cpp,5eb72c8d,4,6,cxx_add_to_sub,interpolate.halide_generated.cpp,12269,33,generator_specific,0,0,0,,,,0,3.264,cxx_add_to_sub:/mnt/scratch1/ardi/dsl_mut/HM-armc/mutation/lowered-cpp/interpolate/interpolate.halide_generated.cpp:12269:33
interpolate,cxx_default_on_emitted_cpp,5eb72c8d,4,6,cxx_add_to_sub,interpolate.halide_generated.cpp,7478,37,generator_specific,-11,1,1,,,test1_demo;test2_golden,0,0.350,cxx_add_to_sub:/mnt/scratch1/ardi/dsl_mut/HM-armc/mutation/lowered-cpp/interpolate/interpolate.halide_generated.cpp:7478:37
interpolate,cxx_default_on_emitted_cpp,5eb72c8d,4,6,cxx_gt_to_ge,interpolate.halide_generated.cpp,8997,32,generator_specific,0,0,1,,,test2_golden,0,3.561,cxx_gt_to_ge:/mnt/scratch1/ardi/dsl_mut/HM-armc/mutation/lowered-cpp/interpolate/interpolate.halide_generated.cpp:8997:32
interpolate,cxx_default_on_emitted_cpp,5eb72c8d,4,6,cxx_lt_to_ge,interpolate.halide_generated.cpp,4283,64,generator_specific,0,0,1,,,test2_golden,0,3.163,cxx_lt_to_ge:/mnt/scratch1/ardi/dsl_mut/HM-armc/mutation/lowered-cpp/interpolate/interpolate.halide_generated.cpp:4283:64
interpolate,cxx_default_on_emitted_cpp,5eb72c8d,4,6,cxx_le_to_lt,interpolate.halide_generated.cpp,10702,22,generator_specific,0,0,1,,,test2_golden,0,1.283,cxx_le_to_lt:/mnt/scratch1/ardi/dsl_mut/HM-armc/mutation/lowered-cpp/interpolate/interpolate.halide_generated.cpp:10702:22
interpolate,cxx_default_on_emitted_cpp,5eb72c8d,4,6,cxx_add_to_sub,interpolate.halide_generated.cpp,5566,26,generator_specific,0,0,0,,,,0,3.297,cxx_add_to_sub:/mnt/scratch1/ardi/dsl_mut/HM-armc/mutation/lowered-cpp/interpolate/interpolate.halide_generated.cpp:5566:26
interpolate,cxx_default_on_emitted_cpp,5eb72c8d,4,6,cxx_mul_to_div,interpolate.halide_generated.cpp,8570,35,generator_specific,0,0,0,,,,0,3.042,cxx_mul_to_div:/mnt/scratch1/ardi/dsl_mut/HM-armc/mutation/lowered-cpp/interpolate/interpolate.halide_generated.cpp:8570:35
interpolate,cxx_default_on_emitted_cpp,5eb72c8d,4,6,cxx_add_to_sub,interpolate.halide_generated.cpp,10747,25,generator_specific,0,0,0,,,,0,3.394,cxx_add_to_sub:/mnt/scratch1/ardi/dsl_mut/HM-armc/mutation/lowered-cpp/interpolate/interpolate.halide_generated.cpp:10747:25
interpolate,cxx_default_on_emitted_cpp,5eb72c8d,4,6,cxx_mul_to_div,interpolate.halide_generated.cpp,4525,42,generator_specific,0,0,1,,,test2_golden,0,3.498,cxx_mul_to_div:/mnt/scratch1/ardi/dsl_mut/HM-armc/mutation/lowered-cpp/interpolate/interpolate.halide_generated.cpp:4525:42
interpolate,cxx_default_on_emitted_cpp,5eb72c8d,4,6,cxx_post_inc_to_post_dec,interpolate.halide_generated.cpp,5287,96,generator_specific,-11,1,1,,,test1_demo;test2_golden,0,0.298,cxx_post_inc_to_post_dec:/mnt/scratch1/ardi/dsl_mut/HM-armc/mutation/lowered-cpp/interpolate/interpolate.halide_generated.cpp:5287:96
interpolate,cxx_default_on_emitted_cpp,5eb72c8d,4,6,cxx_gt_to_le,interpolate.halide_generated.cpp,8926,17,generator_specific,0,0,0,,,,0,2.907,cxx_gt_to_le:/mnt/scratch1/ardi/dsl_mut/HM-armc/mutation/lowered-cpp/interpolate/interpolate.halide_generated.cpp:8926:17
interpolate,cxx_default_on_emitted_cpp,5eb72c8d,4,6,cxx_add_to_sub,interpolate.halide_generated.cpp,9398,38,generator_specific,0,0,0,,,,0,2.973,cxx_add_to_sub:/mnt/scratch1/ardi/dsl_mut/HM-armc/mutation/lowered-cpp/interpolate/interpolate.halide_generated.cpp:9398:38
interpolate,cxx_default_on_emitted_cpp,5eb72c8d,4,6,cxx_add_to_sub,interpolate.halide_generated.cpp,8432,36,generator_specific,0,0,1,,,test2_golden,0,3.256,cxx_add_to_sub:/mnt/scratch1/ardi/dsl_mut/HM-armc/mutation/lowered-cpp/interpolate/interpolate.halide_generated.cpp:8432:36
interpolate,cxx_default_on_emitted_cpp,5eb72c8d,4,6,cxx_mul_to_div,interpolate.halide_generated.cpp,4572,24,generator_specific,0,0,0,,,,0,3.689,cxx_mul_to_div:/mnt/scratch1/ardi/dsl_mut/HM-armc/mutation/lowered-cpp/interpolate/interpolate.halide_generated.cpp:4572:24
interpolate,cxx_default_on_emitted_cpp,5eb72c8d,4,6,cxx_add_to_sub,interpolate.halide_generated.cpp,8755,36,generator_specific,0,0,0,,,,0,3.748,cxx_add_to_sub:/mnt/scratch1/ardi/dsl_mut/HM-armc/mutation/lowered-cpp/interpolate/interpolate.halide_generated.cpp:8755:36
interpolate,cxx_default_on_emitted_cpp,5eb72c8d,4,6,cxx_sub_to_add,interpolate.halide_generated.cpp,9082,34,generator_specific,0,0,0,,,,0,3.356,cxx_sub_to_add:/mnt/scratch1/ardi/dsl_mut/HM-armc/mutation/lowered-cpp/interpolate/interpolate.halide_generated.cpp:9082:34
interpolate,cxx_default_on_emitted_cpp,5eb72c8d,4,6,cxx_mul_to_div,interpolate.halide_generated.cpp,11900,32,generator_specific,0,0,0,,,,0,3.485,cxx_mul_to_div:/mnt/scratch1/ardi/dsl_mut/HM-armc/mutation/lowered-cpp/interpolate/interpolate.halide_generated.cpp:11900:32
interpolate,cxx_default_on_emitted_cpp,5eb72c8d,4,6,cxx_add_to_sub,interpolate.halide_generated.cpp,9588,60,generator_specific,0,0,0,,,,0,3.531,cxx_add_to_sub:/mnt/scratch1/ardi/dsl_mut/HM-armc/mutation/lowered-cpp/interpolate/interpolate.halide_generated.cpp:9588:60
interpolate,cxx_default_on_emitted_cpp,5eb72c8d,4,6,cxx_add_to_sub,interpolate.halide_generated.cpp,10557,24,generator_specific,0,0,0,,,,0,3.193,cxx_add_to_sub:/mnt/scratch1/ardi/dsl_mut/HM-armc/mutation/lowered-cpp/interpolate/interpolate.halide_generated.cpp:10557:24
interpolate,cxx_default_on_emitted_cpp,5eb72c8d,4,6,cxx_mul_to_div,interpolate.halide_generated.cpp,4910,26,generator_specific,0,0,1,,,test2_golden,0,3.272,cxx_mul_to_div:/mnt/scratch1/ardi/dsl_mut/HM-armc/mutation/lowered-cpp/interpolate/interpolate.halide_generated.cpp:4910:26
interpolate,cxx_default_on_emitted_cpp,5eb72c8d,4,6,cxx_sub_to_add,interpolate.halide_generated.cpp,7919,37,generator_specific,0,0,1,,,test2_golden,0,3.022,cxx_sub_to_add:/mnt/scratch1/ardi/dsl_mut/HM-armc/mutation/lowered-cpp/interpolate/interpolate.halide_generated.cpp:7919:37
interpolate,cxx_default_on_emitted_cpp,5eb72c8d,4,6,cxx_add_to_sub,interpolate.halide_generated.cpp,6767,37,generator_specific,0,0,1,,,test2_golden,0,3.045,cxx_add_to_sub:/mnt/scratch1/ardi/dsl_mut/HM-armc/mutation/lowered-cpp/interpolate/interpolate.halide_generated.cpp:6767:37
interpolate,cxx_default_on_emitted_cpp,5eb72c8d,4,6,cxx_add_to_sub,interpolate.halide_generated.cpp,4993,29,generator_specific,0,0,0,,,,0,2.972,cxx_add_to_sub:/mnt/scratch1/ardi/dsl_mut/HM-armc/mutation/lowered-cpp/interpolate/interpolate.halide_generated.cpp:4993:29
interpolate,cxx_default_on_emitted_cpp,5eb72c8d,4,6,cxx_mul_to_div,interpolate.halide_generated.cpp,8640,35,generator_specific,0,0,0,,,,0,2.863,cxx_mul_to_div:/mnt/scratch1/ardi/dsl_mut/HM-armc/mutation/lowered-cpp/interpolate/interpolate.halide_generated.cpp:8640:35
interpolate,cxx_default_on_emitted_cpp,5eb72c8d,4,6,cxx_add_to_sub,interpolate.halide_generated.cpp,8649,36,generator_specific,0,0,0,,,,0,3.784,cxx_add_to_sub:/mnt/scratch1/ardi/dsl_mut/HM-armc/mutation/lowered-cpp/interpolate/interpolate.halide_generated.cpp:8649:36
interpolate,cxx_default_on_emitted_cpp,5eb72c8d,4,6,cxx_add_to_sub,interpolate.halide_generated.cpp,7312,38,generator_specific,0,0,0,,,,0,3.324,cxx_add_to_sub:/mnt/scratch1/ardi/dsl_mut/HM-armc/mutation/lowered-cpp/interpolate/interpolate.halide_generated.cpp:7312:38
interpolate,cxx_default_on_emitted_cpp,5eb72c8d,4,6,cxx_add_to_sub,interpolate.halide_generated.cpp,5729,27,generator_specific,0,0,1,,,test2_golden,0,3.115,cxx_add_to_sub:/mnt/scratch1/ardi/dsl_mut/HM-armc/mutation/lowered-cpp/interpolate/interpolate.halide_generated.cpp:5729:27
interpolate,cxx_default_on_emitted_cpp,5eb72c8d,4,6,cxx_mul_to_div,interpolate.halide_generated.cpp,7810,37,generator_specific,0,0,1,,,test2_golden,0,3.220,cxx_mul_to_div:/mnt/scratch1/ardi/dsl_mut/HM-armc/mutation/lowered-cpp/interpolate/interpolate.halide_generated.cpp:7810:37
interpolate,cxx_default_on_emitted_cpp,5eb72c8d,4,6,cxx_add_to_sub,interpolate.halide_generated.cpp,9362,60,generator_specific,0,0,0,,,,0,2.904,cxx_add_to_sub:/mnt/scratch1/ardi/dsl_mut/HM-armc/mutation/lowered-cpp/interpolate/interpolate.halide_generated.cpp:9362:60
interpolate,cxx_default_on_emitted_cpp,5eb72c8d,4,6,cxx_add_to_sub,interpolate.halide_generated.cpp,8721,35,generator_specific,0,0,0,,,,0,3.081,cxx_add_to_sub:/mnt/scratch1/ardi/dsl_mut/HM-armc/mutation/lowered-cpp/interpolate/interpolate.halide_generated.cpp:8721:35
interpolate,cxx_default_on_emitted_cpp,5eb72c8d,4,6,cxx_add_to_sub,interpolate.halide_generated.cpp,6677,37,generator_specific,0,0,0,,,,0,3.202,cxx_add_to_sub:/mnt/scratch1/ardi/dsl_mut/HM-armc/mutation/lowered-cpp/interpolate/interpolate.halide_generated.cpp:6677:37
interpolate,cxx_default_on_emitted_cpp,5eb72c8d,4,6,cxx_sub_to_add,interpolate.halide_generated.cpp,9697,36,generator_specific,0,0,0,,,,0,2.829,cxx_sub_to_add:/mnt/scratch1/ardi/dsl_mut/HM-armc/mutation/lowered-cpp/interpolate/interpolate.halide_generated.cpp:9697:36
interpolate,cxx_default_on_emitted_cpp,5eb72c8d,4,6,cxx_mul_to_div,interpolate.halide_generated.cpp,6680,37,generator_specific,0,0,0,,,,0,3.222,cxx_mul_to_div:/mnt/scratch1/ardi/dsl_mut/HM-armc/mutation/lowered-cpp/interpolate/interpolate.halide_generated.cpp:6680:37
interpolate,cxx_default_on_emitted_cpp,5eb72c8d,4,6,cxx_sub_to_add,interpolate.halide_generated.cpp,11455,28,generator_specific,0,0,1,,,test2_golden,0,3.228,cxx_sub_to_add:/mnt/scratch1/ardi/dsl_mut/HM-armc/mutation/lowered-cpp/interpolate/interpolate.halide_generated.cpp:11455:28
interpolate,cxx_default_on_emitted_cpp,5eb72c8d,4,6,cxx_sub_to_add,interpolate.halide_generated.cpp,12296,33,generator_specific,0,0,0,,,,0,3.050,cxx_sub_to_add:/mnt/scratch1/ardi/dsl_mut/HM-armc/mutation/lowered-cpp/interpolate/interpolate.halide_generated.cpp:12296:33
interpolate,cxx_default_on_emitted_cpp,5eb72c8d,4,6,cxx_add_to_sub,interpolate.halide_generated.cpp,4022,26,generator_specific,0,0,1,,,test2_golden,0,2.554,cxx_add_to_sub:/mnt/scratch1/ardi/dsl_mut/HM-armc/mutation/lowered-cpp/interpolate/interpolate.halide_generated.cpp:4022:26
interpolate,cxx_default_on_emitted_cpp,5eb72c8d,4,6,cxx_add_to_sub,interpolate.halide_generated.cpp,3881,26,generator_specific,0,0,1,,,test2_golden,0,3.133,cxx_add_to_sub:/mnt/scratch1/ardi/dsl_mut/HM-armc/mutation/lowered-cpp/interpolate/interpolate.halide_generated.cpp:3881:26
interpolate,cxx_default_on_emitted_cpp,5eb72c8d,4,6,cxx_replace_scalar_call,interpolate.halide_generated.cpp,10779,20,generator_specific,0,0,0,,,,0,2.705,cxx_replace_scalar_call:/mnt/scratch1/ardi/dsl_mut/HM-armc/mutation/lowered-cpp/interpolate/interpolate.halide_generated.cpp:10779:20
interpolate,cxx_default_on_emitted_cpp,5eb72c8d,4,6,cxx_add_to_sub,interpolate.halide_generated.cpp,9103,34,generator_specific,0,0,0,,,,0,2.633,cxx_add_to_sub:/mnt/scratch1/ardi/dsl_mut/HM-armc/mutation/lowered-cpp/interpolate/interpolate.halide_generated.cpp:9103:34
interpolate,cxx_default_on_emitted_cpp,5eb72c8d,4,6,cxx_mul_to_div,interpolate.halide_generated.cpp,8952,57,generator_specific,0,0,0,,,,0,2.546,cxx_mul_to_div:/mnt/scratch1/ardi/dsl_mut/HM-armc/mutation/lowered-cpp/interpolate/interpolate.halide_generated.cpp:8952:57
interpolate,cxx_default_on_emitted_cpp,5eb72c8d,4,6,cxx_sub_to_add,interpolate.halide_generated.cpp,11114,26,generator_specific,0,0,1,,,test2_golden,0,2.632,cxx_sub_to_add:/mnt/scratch1/ardi/dsl_mut/HM-armc/mutation/lowered-cpp/interpolate/interpolate.halide_generated.cpp:11114:26
interpolate,cxx_default_on_emitted_cpp,5eb72c8d,4,6,cxx_add_to_sub,interpolate.halide_generated.cpp,9364,37,generator_specific,0,0,0,,,,0,2.911,cxx_add_to_sub:/mnt/scratch1/ardi/dsl_mut/HM-armc/mutation/lowered-cpp/interpolate/interpolate.halide_generated.cpp:9364:37
interpolate,cxx_default_on_emitted_cpp,5eb72c8d,4,6,cxx_mul_to_div,interpolate.halide_generated.cpp,8297,35,generator_specific,0,0,0,,,,0,2.771,cxx_mul_to_div:/mnt/scratch1/ardi/dsl_mut/HM-armc/mutation/lowered-cpp/interpolate/interpolate.halide_generated.cpp:8297:35
interpolate,cxx_default_on_emitted_cpp,5eb72c8d,4,6,cxx_add_to_sub,interpolate.halide_generated.cpp,8258,36,generator_specific,0,0,0,,,,0,2.748,cxx_add_to_sub:/mnt/scratch1/ardi/dsl_mut/HM-armc/mutation/lowered-cpp/interpolate/interpolate.halide_generated.cpp:8258:36
interpolate,cxx_default_on_emitted_cpp,5eb72c8d,4,6,cxx_add_to_sub,interpolate.halide_generated.cpp,12137,33,generator_specific,0,0,0,,,,0,2.726,cxx_add_to_sub:/mnt/scratch1/ardi/dsl_mut/HM-armc/mutation/lowered-cpp/interpolate/interpolate.halide_generated.cpp:12137:33
interpolate,cxx_default_on_emitted_cpp,5eb72c8d,4,6,cxx_add_to_sub,interpolate.halide_generated.cpp,9729,38,generator_specific,0,0,0,,,,0,2.789,cxx_add_to_sub:/mnt/scratch1/ardi/dsl_mut/HM-armc/mutation/lowered-cpp/interpolate/interpolate.halide_generated.cpp:9729:38
interpolate,cxx_default_on_emitted_cpp,5eb72c8d,4,6,cxx_add_to_sub,interpolate.halide_generated.cpp,6929,37,generator_specific,0,0,0,,,,0,3.032,cxx_add_to_sub:/mnt/scratch1/ardi/dsl_mut/HM-armc/mutation/lowered-cpp/interpolate/interpolate.halide_generated.cpp:6929:37
interpolate,cxx_default_on_emitted_cpp,5eb72c8d,4,6,cxx_lt_to_le,interpolate.halide_generated.cpp,9455,69,generator_specific,0,0,0,,,,0,2.568,cxx_lt_to_le:/mnt/scratch1/ardi/dsl_mut/HM-armc/mutation/lowered-cpp/interpolate/interpolate.halide_generated.cpp:9455:69
interpolate,cxx_default_on_emitted_cpp,5eb72c8d,4,6,cxx_add_to_sub,interpolate.halide_generated.cpp,9650,37,generator_specific,0,0,0,,,,0,2.894,cxx_add_to_sub:/mnt/scratch1/ardi/dsl_mut/HM-armc/mutation/lowered-cpp/interpolate/interpolate.halide_generated.cpp:9650:37
interpolate,cxx_default_on_emitted_cpp,5eb72c8d,4,6,cxx_add_to_sub,interpolate.halide_generated.cpp,8653,35,generator_specific,0,0,0,,,,0,2.613,cxx_add_to_sub:/mnt/scratch1/ardi/dsl_mut/HM-armc/mutation/lowered-cpp/interpolate/interpolate.halide_generated.cpp:8653:35
interpolate,cxx_default_on_emitted_cpp,5eb72c8d,4,6,cxx_mul_to_div,interpolate.halide_generated.cpp,11770,31,generator_specific,0,0,0,,,,0,2.522,cxx_mul_to_div:/mnt/scratch1/ardi/dsl_mut/HM-armc/mutation/lowered-cpp/interpolate/interpolate.halide_generated.cpp:11770:31
interpolate,cxx_default_on_emitted_cpp,5eb72c8d,4,6,cxx_add_to_sub,interpolate.halide_generated.cpp,9250,60,generator_specific,0,0,0,,,,0,2.725,cxx_add_to_sub:/mnt/scratch1/ardi/dsl_mut/HM-armc/mutation/lowered-cpp/interpolate/interpolate.halide_generated.cpp:9250:60
interpolate,cxx_default_on_emitted_cpp,5eb72c8d,4,6,cxx_add_to_sub,interpolate.halide_generated.cpp,9490,37,generator_specific,0,0,0,,,,0,2.654,cxx_add_to_sub:/mnt/scratch1/ardi/dsl_mut/HM-armc/mutation/lowered-cpp/interpolate/interpolate.halide_generated.cpp:9490:37
interpolate,cxx_default_on_emitted_cpp,5eb72c8d,4,6,cxx_add_to_sub,interpolate.halide_generated.cpp,4141,24,generator_specific,0,0,1,,,test2_golden,0,40.937,cxx_add_to_sub:/mnt/scratch1/ardi/dsl_mut/HM-armc/mutation/lowered-cpp/interpolate/interpolate.halide_generated.cpp:4141:24
interpolate,cxx_default_on_emitted_cpp,5eb72c8d,4,6,cxx_sub_to_add,interpolate.halide_generated.cpp,3719,24,generator_specific,-9,1,0,,,test1_demo,1,60.071,cxx_sub_to_add:/mnt/scratch1/ardi/dsl_mut/HM-armc/mutation/lowered-cpp/interpolate/interpolate.halide_generated.cpp:3719:24
interpolate,cxx_default_on_emitted_cpp,5eb72c8d,4,6,cxx_post_inc_to_post_dec,interpolate.halide_generated.cpp,7666,110,generator_specific,-9,1,0,,,test1_demo,1,60.013,cxx_post_inc_to_post_dec:/mnt/scratch1/ardi/dsl_mut/HM-armc/mutation/lowered-cpp/interpolate/interpolate.halide_generated.cpp:7666:110
interpolate,cxx_default_on_emitted_cpp,5eb72c8d,4,6,cxx_post_inc_to_post_dec,interpolate.halide_generated.cpp,3690,133,generator_specific,-9,1,0,,,test1_demo,1,60.071,cxx_post_inc_to_post_dec:/mnt/scratch1/ardi/dsl_mut/HM-armc/mutation/lowered-cpp/interpolate/interpolate.halide_generated.cpp:3690:133
interpolate,cxx_default_on_emitted_cpp,5eb72c8d,4,6,cxx_lt_to_ge,interpolate.halide_generated.cpp,4142,114,generator_specific,-9,1,0,,,test1_demo,1,60.069,cxx_lt_to_ge:/mnt/scratch1/ardi/dsl_mut/HM-armc/mutation/lowered-cpp/interpolate/interpolate.halide_generated.cpp:4142:114
interpolate,cxx_default_on_emitted_cpp,5eb72c8d,4,6,cxx_post_inc_to_post_dec,interpolate.halide_generated.cpp,7484,110,generator_specific,-9,1,0,,,test1_demo,1,60.070,cxx_post_inc_to_post_dec:/mnt/scratch1/ardi/dsl_mut/HM-armc/mutation/lowered-cpp/interpolate/interpolate.halide_generated.cpp:7484:110
