app,arm,mull_commit,slice_index,slice_count,mutator,file,line,column,region,exit_code,test1_demo,test2_golden,test2_written,test3_perf,killed_by,timed_out,wall_seconds,mutant_key
interpolate,cxx_default_on_emitted_cpp,5eb72c8d,3,6,cxx_le_to_gt,interpolate.halide_generated.cpp,10908,22,generator_specific,-6,1,1,,,test1_demo;test2_golden,0,0.355,cxx_le_to_gt:/mnt/scratch1/ardi/dsl_mut/HM-armc/mutation/lowered-cpp/interpolate/interpolate.halide_generated.cpp:10908:22
interpolate,cxx_default_on_emitted_cpp,5eb72c8d,3,6,cxx_eq_to_ne,interpolate.halide_generated.cpp,10655,22,generator_specific,-6,1,1,,,test1_demo;test2_golden,0,0.352,cxx_eq_to_ne:/mnt/scratch1/ardi/dsl_mut/HM-armc/mutation/lowered-cpp/interpolate/interpolate.halide_generated.cpp:10655:22
interpolate,cxx_default_on_emitted_cpp,5eb72c8d,3,6,cxx_sub_to_add,interpolate.halide_generated.cpp,7765,37,generator_specific,-6,1,1,,,test1_demo;test2_golden,0,0.401,cxx_sub_to_add:/mnt/scratch1/ardi/dsl_mut/HM-armc/mutation/lowered-cpp/interpolate/interpolate.halide_generated.cpp:7765:37
interpolate,cxx_default_on_emitted_cpp,5eb72c8d,3,6,cxx_add_to_sub,interpolate.halide_generated.cpp,11940,33,generator_specific,-11,1,1,,,test1_demo;test2_golden,0,0.419,cxx_add_to_sub:/mnt/scratch1/ardi/dsl_mut/HM-armc/mutation/lowered-cpp/interpolate/interpolate.halide_generated.cpp:11940:33
interpolate,cxx_default_on_emitted_cpp,5eb72c8d,3,6,cxx_mul_to_div,interpolate.halide_generated.cpp,6501,36,generator_specific,-8,1,1,,,test1_demo;test2_golden,0,0.419,cxx_mul_to_div:/mnt/scratch1/ardi/dsl_mut/HM-armc/mutation/lowered-cpp/interpolate/interpolate.halide_generated.cpp:6501:36
interpolate,cxx_default_on_emitted_cpp,5eb72c8d,3,6,cxx_add_to_sub,interpolate.halide_generated.cpp,7990,60,generator_specific,-11,1,1,,,test1_demo;test2_golden,0,0.413,cxx_add_to_sub:/mnt/scratch1/ardi/dsl_mut/HM-armc/mutation/lowered-cpp/interpolate/interpolate.halide_generated.cpp:7990:60
interpolate,cxx_default_on_emitted_cpp,5eb72c8d,3,6,cxx_add_to_sub,interpolate.halide_generated.cpp,5078,43,generator_specific,-6,1,1,,,test1_demo;test2_golden,0,0.716,cxx_add_to_sub:/mnt/scratch1/ardi/dsl_mut/HM-armc/mutation/lowered-cpp/interpolate/interpolate.halide_generated.cpp:5078:43
interpolate,cxx_default_on_emitted_cpp,5eb72c8d,3,6,cxx_sub_to_add,interpolate.halide_generated.cpp,4870,24,generator_specific,-6,1,1,,,test1_demo;test2_golden,0,0.710,cxx_sub_to_add:/mnt/scratch1/ardi/dsl_mut/HM-armc/mutation/lowered-cpp/interpolate/interpolate.halide_generated.cpp:4870:24
interpolate,cxx_default_on_emitted_cpp,5eb72c8d,3,6,cxx_mul_to_div,interpolate.halide_generated.cpp,6382,79,generator_specific,-6,1,1,,,test1_demo;test2_golden,0,0.438,cxx_mul_to_div:/mnt/scratch1/ardi/dsl_mut/HM-armc/mutation/lowered-cpp/interpolate/interpolate.halide_generated.cpp:6382:79
interpolate,cxx_default_on_emitted_cpp,5eb72c8d,3,6,cxx_add_to_sub,interpolate.halide_generated.cpp,9486,60,generator_specific,0,0,0,,,,0,3.653,cxx_add_to_sub:/mnt/scratch1/ardi/dsl_mut/HM-armc/mutation/lowered-cpp/interpolate/interpolate.halide_generated.cpp:9486:60
interpolate,cxx_default_on_emitted_cpp,5eb72c8d,3,6,cxx_mul_to_div,interpolate.halide_generated.cpp,9056,81,generator_specific,0,0,0,,,,0,3.703,cxx_mul_to_div:/mnt/scratch1/ardi/dsl_mut/HM-armc/mutation/lowered-cpp/interpolate/interpolate.halide_generated.cpp:9056:81
interpolate,cxx_default_on_emitted_cpp,5eb72c8d,3,6,cxx_add_to_sub,interpolate.halide_generated.cpp,11966,33,generator_specific,0,0,0,,,,0,3.741,cxx_add_to_sub:/mnt/scratch1/ardi/dsl_mut/HM-armc/mutation/lowered-cpp/interpolate/interpolate.halide_generated.cpp:11966:33
interpolate,cxx_default_on_emitted_cpp,5eb72c8d,3,6,cxx_div_to_mul,interpolate.halide_generated.cpp,10295,35,generator_specific,0,0,0,,,,0,3.735,cxx_div_to_mul:/mnt/scratch1/ardi/dsl_mut/HM-armc/mutation/lowered-cpp/interpolate/interpolate.halide_generated.cpp:10295:35
interpolate,cxx_default_on_emitted_cpp,5eb72c8d,3,6,cxx_add_to_sub,interpolate.halide_generated.cpp,9866,37,generator_specific,0,0,0,,,,0,3.790,cxx_add_to_sub:/mnt/scratch1/ardi/dsl_mut/HM-armc/mutation/lowered-cpp/interpolate/interpolate.halide_generated.cpp:9866:37
interpolate,cxx_default_on_emitted_cpp,5eb72c8d,3,6,cxx_add_to_sub,interpolate.halide_generated.cpp,3950,24,generator_specific,0,0,1,,,test2_golden,0,3.794,cxx_add_to_sub:/mnt/scratch1/ardi/dsl_mut/HM-armc/mutation/lowered-cpp/interpolate/interpolate.halide_generated.cpp:3950:24
interpolate,cxx_default_on_emitted_cpp,5eb72c8d,3,6,cxx_gt_to_ge,interpolate.halide_generated.cpp,11696,77,generator_specific,0,0,0,,,,0,3.823,cxx_gt_to_ge:/mnt/scratch1/ardi/dsl_mut/HM-armc/mutation/lowered-cpp/interpolate/interpolate.halide_generated.cpp:11696:77
interpolate,cxx_default_on_emitted_cpp,5eb72c8d,3,6,cxx_add_to_sub,interpolate.halide_generated.cpp,8064,49,generator_specific,0,0,0,,,,0,3.844,cxx_add_to_sub:/mnt/scratch1/ardi/dsl_mut/HM-armc/mutation/lowered-cpp/interpolate/interpolate.halide_generated.cpp:8064:49
interpolate,cxx_default_on_emitted_cpp,5eb72c8d,3,6,cxx_add_to_sub,interpolate.halide_generated.cpp,7317,38,generator_specific,0,0,0,,,,0,3.819,cxx_add_to_sub:/mnt/scratch1/ardi/dsl_mut/HM-armc/mutation/lowered-cpp/interpolate/interpolate.halide_generated.cpp:7317:38
interpolate,cxx_default_on_emitted_cpp,5eb72c8d,3,6,cxx_sub_to_add,interpolate.halide_generated.cpp,7224,37,generator_specific,0,0,1,,,test2_golden,0,3.851,cxx_sub_to_add:/mnt/scratch1/ardi/dsl_mut/HM-armc/mutation/lowered-cpp/interpolate/interpolate.halide_generated.cpp:7224:37
interpolate,cxx_default_on_emitted_cpp,5eb72c8d,3,6,cxx_add_to_sub,interpolate.halide_generated.cpp,9575,36,generator_specific,0,0,0,,,,0,3.838,cxx_add_to_sub:/mnt/scratch1/ardi/dsl_mut/HM-armc/mutation/lowered-cpp/interpolate/interpolate.halide_generated.cpp:9575:36
interpolate,cxx_default_on_emitted_cpp,5eb72c8d,3,6,cxx_add_to_sub,interpolate.halide_generated.cpp,10685,25,generator_specific,0,0,0,,,,0,3.833,cxx_add_to_sub:/mnt/scratch1/ardi/dsl_mut/HM-armc/mutation/lowered-cpp/interpolate/interpolate.halide_generated.cpp:10685:25
interpolate,cxx_default_on_emitted_cpp,5eb72c8d,3,6,cxx_add_to_sub,interpolate.halide_generated.cpp,9815,37,generator_specific,0,0,0,,,,0,3.869,cxx_add_to_sub:/mnt/scratch1/ardi/dsl_mut/HM-armc/mutation/lowered-cpp/interpolate/interpolate.halide_generated.cpp:9815:37
interpolate,cxx_default_on_emitted_cpp,5eb72c8d,3,6,cxx_add_to_sub,interpolate.halide_generated.cpp,7672,38,generator_specific,0,0,1,,,test2_golden,0,3.909,cxx_add_to_sub:/mnt/scratch1/ardi/dsl_mut/HM-armc/mutation/lowered-cpp/interpolate/interpolate.halide_generated.cpp:7672:38
interpolate,cxx_default_on_emitted_cpp,5eb72c8d,3,6,cxx_add_to_sub,interpolate.halide_generated.cpp,8356,36,generator_specific,0,0,1,,,test2_golden,0,3.938,cxx_add_to_sub:/mnt/scratch1/ardi/dsl_mut/HM-armc/mutation/lowered-cpp/interpolate/interpolate.halide_generated.cpp:8356:36
interpolate,cxx_default_on_emitted_cpp,5eb72c8d,3,6,cxx_add_to_sub,interpolate.halide_generated.cpp,9925,37,generator_specific,0,0,0,,,,0,3.934,cxx_add_to_sub:/mnt/scratch1/ardi/dsl_mut/HM-armc/mutation/lowered-cpp/interpolate/interpolate.halide_generated.cpp:9925:37
interpolate,cxx_default_on_emitted_cpp,5eb72c8d,3,6,cxx_remove_void_call,interpolate.halide_generated.cpp,4773,2,generator_specific,0,0,0,,,,0,3.984,cxx_remove_void_call:/mnt/scratch1/ardi/dsl_mut/HM-armc/mutation/lowered-cpp/interpolate/interpolate.halide_generated.cpp:4773:2
interpolate,cxx_default_on_emitted_cpp,5eb72c8d,3,6,cxx_sub_to_add,interpolate.halide_generated.cpp,12284,33,generator_specific,0,0,0,,,,0,3.954,cxx_sub_to_add:/mnt/scratch1/ardi/dsl_mut/HM-armc/mutation/lowered-cpp/interpolate/interpolate.halide_generated.cpp:12284:33
interpolate,cxx_default_on_emitted_cpp,5eb72c8d,3,6,cxx_replace_scalar_call,interpolate.halide_generated.cpp,10441,18,generator_specific,-6,1,1,,,test1_demo;test2_golden,0,0.255,cxx_replace_scalar_call:/mnt/scratch1/ardi/dsl_mut/HM-armc/mutation/lowered-cpp/interpolate/interpolate.halide_generated.cpp:10441:18
interpolate,cxx_default_on_emitted_cpp,5eb72c8d,3,6,cxx_mul_to_div,interpolate.halide_generated.cpp,11805,31,generator_specific,0,0,1,,,test2_golden,0,3.964,cxx_mul_to_div:/mnt/scratch1/ardi/dsl_mut/HM-armc/mutation/lowered-cpp/interpolate/interpolate.halide_generated.cpp:11805:31
interpolate,cxx_default_on_emitted_cpp,5eb72c8d,3,6,cxx_add_to_sub,interpolate.halide_generated.cpp,3989,26,generator_specific,0,0,1,,,test2_golden,0,3.987,cxx_add_to_sub:/mnt/scratch1/ardi/dsl_mut/HM-armc/mutation/lowered-cpp/interpolate/interpolate.halide_generated.cpp:3989:26
interpolate,cxx_default_on_emitted_cpp,5eb72c8d,3,6,cxx_ne_to_eq,interpolate.halide_generated.cpp,6266,29,generator_specific,-6,1,1,,,test1_demo;test2_golden,0,0.314,cxx_ne_to_eq:/mnt/scratch1/ardi/dsl_mut/HM-armc/mutation/lowered-cpp/interpolate/interpolate.halide_generated.cpp:6266:29
interpolate,cxx_default_on_emitted_cpp,5eb72c8d,3,6,cxx_add_to_sub,interpolate.halide_generated.cpp,12271,33,generator_specific,0,0,0,,,,0,3.992,cxx_add_to_sub:/mnt/scratch1/ardi/dsl_mut/HM-armc/mutation/lowered-cpp/interpolate/interpolate.halide_generated.cpp:12271:33
interpolate,cxx_default_on_emitted_cpp,5eb72c8d,3,6,cxx_add_to_sub,interpolate.halide_generated.cpp,8756,36,generator_specific,0,0,0,,,,0,4.012,cxx_add_to_sub:/mnt/scratch1/ardi/dsl_mut/HM-armc/mutation/lowered-cpp/interpolate/interpolate.halide_generated.cpp:8756:36
interpolate,cxx_default_on_emitted_cpp,5eb72c8d,3,6,cxx_add_to_sub,interpolate.halide_generated.cpp,10576,24,generator_specific,0,0,0,,,,0,4.060,cxx_add_to_sub:/mnt/scratch1/ardi/dsl_mut/HM-armc/mutation/lowered-cpp/interpolate/interpolate.halide_generated.cpp:10576:24
interpolate,cxx_default_on_emitted_cpp,5eb72c8d,3,6,cxx_mul_to_div,interpolate.halide_generated.cpp,9387,55,generator_specific,0,0,0,,,,0,4.042,cxx_mul_to_div:/mnt/scratch1/ardi/dsl_mut/HM-armc/mutation/lowered-cpp/interpolate/interpolate.halide_generated.cpp:9387:55
interpolate,cxx_default_on_emitted_cpp,5eb72c8d,3,6,cxx_gt_to_ge,interpolate.halide_generated.cpp,8977,31,generator_specific,0,0,0,,,,0,4.045,cxx_gt_to_ge:/mnt/scratch1/ardi/dsl_mut/HM-armc/mutation/lowered-cpp/interpolate/interpolate.halide_generated.cpp:8977:31
interpolate,cxx_default_on_emitted_cpp,5eb72c8d,3,6,cxx_mul_to_div,interpolate.halide_generated.cpp,8043,37,generator_specific,0,0,0,,,,0,4.072,cxx_mul_to_div:/mnt/scratch1/ardi/dsl_mut/HM-armc/mutation/lowered-cpp/interpolate/interpolate.halide_generated.cpp:8043:37
interpolate,cxx_default_on_emitted_cpp,5eb72c8d,3,6,cxx_mul_to_div,interpolate.halide_generated.cpp,8577,35,generator_specific,0,0,0,,,,0,4.120,cxx_mul_to_div:/mnt/scratch1/ardi/dsl_mut/HM-armc/mutation/lowered-cpp/interpolate/interpolate.halide_generated.cpp:8577:35
interpolate,cxx_default_on_emitted_cpp,5eb72c8d,3,6,cxx_add_to_sub,interpolate.halide_generated.cpp,8198,36,generator_specific,0,0,0,,,,0,4.106,cxx_add_to_sub:/mnt/scratch1/ardi/dsl_mut/HM-armc/mutation/lowered-cpp/interpolate/interpolate.halide_generated.cpp:8198:36
interpolate,cxx_default_on_emitted_cpp,5eb72c8d,3,6,cxx_add_to_sub,interpolate.halide_generated.cpp,8703,36,generator_specific,0,0,0,,,,0,4.156,cxx_add_to_sub:/mnt/scratch1/ardi/dsl_mut/HM-armc/mutation/lowered-cpp/interpolate/interpolate.halide_generated.cpp:8703:36
interpolate,cxx_default_on_emitted_cpp,5eb72c8d,3,6,cxx_add_to_sub,interpolate.halide_generated.cpp,12220,33,generator_specific,0,0,1,,,test2_golden,0,4.137,cxx_add_to_sub:/mnt/scratch1/ardi/dsl_mut/HM-armc/mutation/lowered-cpp/interpolate/interpolate.halide_generated.cpp:12220:33
interpolate,cxx_default_on_emitted_cpp,5eb72c8d,3,6,cxx_sub_to_add,interpolate.halide_generated.cpp,4657,23,generator_specific,0,0,1,,,test2_golden,0,4.144,cxx_sub_to_add:/mnt/scratch1/ardi/dsl_mut/HM-armc/mutation/lowered-cpp/interpolate/interpolate.halide_generated.cpp:4657:23
interpolate,cxx_default_on_emitted_cpp,5eb72c8d,3,6,cxx_add_to_sub,interpolate.halide_generated.cpp,11921,32,generator_specific,0,0,0,,,,0,4.234,cxx_add_to_sub:/mnt/scratch1/ardi/dsl_mut/HM-armc/mutation/lowered-cpp/interpolate/interpolate.halide_generated.cpp:11921:32
interpolate,cxx_default_on_emitted_cpp,5eb72c8d,3,6,cxx_add_to_sub,interpolate.halide_generated.cpp,8323,36,generator_specific,0,0,0,,,,0,4.221,cxx_add_to_sub:/mnt/scratch1/ardi/dsl_mut/HM-armc/mutation/lowered-cpp/interpolate/interpolate.halide_generated.cpp:8323:36
interpolate,cxx_default_on_emitted_cpp,5eb72c8d,3,6,cxx_add_to_sub,interpolate.halide_generated.cpp,4856,24,generator_specific,0,0,1,,,test2_golden,0,4.259,cxx_add_to_sub:/mnt/scratch1/ardi/dsl_mut/HM-armc/mutation/lowered-cpp/interpolate/interpolate.halide_generated.cpp:4856:24
interpolate,cxx_default_on_emitted_cpp,5eb72c8d,3,6,cxx_add_to_sub,interpolate.halide_generated.cpp,8292,35,generator_specific,0,0,0,,,,0,4.282,cxx_add_to_sub:/mnt/scratch1/ardi/dsl_mut/HM-armc/mutation/lowered-cpp/interpolate/interpolate.halide_generated.cpp:8292:35
interpolate,cxx_default_on_emitted_cpp,5eb72c8d,3,6,cxx_add_to_sub,interpolate.halide_generated.cpp,11312,27,generator_specific,0,0,0,,,,0,4.295,cxx_add_to_sub:/mnt/scratch1/ardi/dsl_mut/HM-armc/mutation/lowered-cpp/interpolate/interpolate.halide_generated.cpp:11312:27
interpolate,cxx_default_on_emitted_cpp,5eb72c8d,3,6,cxx_add_to_sub,interpolate.halide_generated.cpp,3703,22,generator_specific,0,0,0,,,,0,4.327,cxx_add_to_sub:/mnt/scratch1/ardi/dsl_mut/HM-armc/mutation/lowered-cpp/interpolate/interpolate.halide_generated.cpp:3703:22
interpolate,cxx_default_on_emitted_cpp,5eb72c8d,3,6,cxx_add_to_sub,interpolate.halide_generated.cpp,6716,38,generator_specific,0,0,0,,,,0,4.310,cxx_add_to_sub:/mnt/scratch1/ardi/dsl_mut/HM-armc/mutation/lowered-cpp/interpolate/interpolate.halide_generated.cpp:6716:38
interpolate,cxx_default_on_emitted_cpp,5eb72c8d,3,6,cxx_add_to_sub,interpolate.halide_generated.cpp,11901,32,generator_specific,0,0,0,,,,0,4.328,cxx_add_to_sub:/mnt/scratch1/ardi/dsl_mut/HM-armc/mutation/lowered-cpp/interpolate/interpolate.halide_generated.cpp:11901:32
interpolate,cxx_default_on_emitted_cpp,5eb72c8d,3,6,cxx_mul_to_div,interpolate.halide_generated.cpp,10088,37,generator_specific,0,0,0,,,,0,4.341,cxx_mul_to_div:/mnt/scratch1/ardi/dsl_mut/HM-armc/mutation/lowered-cpp/interpolate/interpolate.halide_generated.cpp:10088:37
interpolate,cxx_default_on_emitted_cpp,5eb72c8d,3,6,cxx_remove_void_call,interpolate.halide_generated.cpp,10214,14,generator_specific,0,0,0,,,,0,4.307,cxx_remove_void_call:/mnt/scratch1/ardi/dsl_mut/HM-armc/mutation/lowered-cpp/interpolate/interpolate.halide_generated.cpp:10214:14
interpolate,cxx_default_on_emitted_cpp,5eb72c8d,3,6,cxx_mul_to_div,interpolate.halide_generated.cpp,4935,26,generator_specific,0,0,1,,,test2_golden,0,4.321,cxx_mul_to_div:/mnt/scratch1/ardi/dsl_mut/HM-armc/mutation/lowered-cpp/interpolate/interpolate.halide_generated.cpp:4935:26
interpolate,cxx_default_on_emitted_cpp,5eb72c8d,3,6,cxx_add_to_sub,interpolate.halide_generated.cpp,4180,26,generator_specific,-11,1,1,,,test1_demo;test2_golden,0,0.290,cxx_add_to_sub:/mnt/scratch1/ardi/dsl_mut/HM-armc/mutation/lowered-cpp/interpolate/interpolate.halide_generated.cpp:4180:26
interpolate,cxx_default_on_emitted_cpp,5eb72c8d,3,6,cxx_add_to_sub,interpolate.halide_generated.cpp,6762,37,generator_specific,-11,1,1,,,test1_demo;test2_golden,0,0.354,cxx_add_to_sub:/mnt/scratch1/ardi/dsl_mut/HM-armc/mutation/lowered-cpp/interpolate/interpolate.halide_generated.cpp:6762:37
interpolate,cxx_default_on_emitted_cpp,5eb72c8d,3,6,cxx_sub_to_add,interpolate.halide_generated.cpp,4862,25,generator_specific,0,0,1,,,test2_golden,0,4.478,cxx_sub_to_add:/mnt/scratch1/ardi/dsl_mut/HM-armc/mutation/lowered-cpp/interpolate/interpolate.halide_generated.cpp:4862:25
interpolate,cxx_default_on_emitted_cpp,5eb72c8d,3,6,cxx_add_to_sub,interpolate.halide_generated.cpp,7282,37,generator_specific,0,0,0,,,,0,4.077,cxx_add_to_sub:/mnt/scratch1/ardi/dsl_mut/HM-armc/mutation/lowered-cpp/interpolate/interpolate.halide_generated.cpp:7282:37
interpolate,cxx_default_on_emitted_cpp,5eb72c8d,3,6,cxx_add_to_sub,interpolate.halide_generated.cpp,5747,26,generator_specific,0,0,1,,,test2_golden,0,3.839,cxx_add_to_sub:/mnt/scratch1/ardi/dsl_mut/HM-armc/mutation/lowered-cpp/interpolate/interpolate.halide_generated.cpp:5747:26
interpolate,cxx_default_on_emitted_cpp,5eb72c8d,3,6,cxx_add_to_sub,interpolate.halide_generated.cpp,8801,35,generator_specific,0,0,0,,,,0,4.195,cxx_add_to_sub:/mnt/scratch1/ardi/dsl_mut/HM-armc/mutation/lowered-cpp/interpolate/interpolate.halide_generated.cpp:8801:35
interpolate,cxx_default_on_emitted_cpp,5eb72c8d,3,6,cxx_add_to_sub,interpolate.halide_generated.cpp,4899,29,generator_specific,0,0,1,,,test2_golden,0,3.841,cxx_add_to_sub:/mnt/scratch1/ardi/dsl_mut/HM-armc/mutation/lowered-cpp/interpolate/interpolate.halide_generated.cpp:4899:29
interpolate,cxx_default_on_emitted_cpp,5eb72c8d,3,6,cxx_sub_to_add,interpolate.halide_generated.cpp,9917,36,generator_specific,0,0,1,,,test2_golden,0,4.303,cxx_sub_to_add:/mnt/scratch1/ardi/dsl_mut/HM-armc/mutation/lowered-cpp/interpolate/interpolate.halide_generated.cpp:9917:36
interpolate,cxx_default_on_emitted_cpp,5eb72c8d,3,6,cxx_add_to_sub,interpolate.halide_generated.cpp,7718,35,generator_specific,-6,1,1,,,test1_demo;test2_golden,0,0.367,cxx_add_to_sub:/mnt/scratch1/ardi/dsl_mut/HM-armc/mutation/lowered-cpp/interpolate/interpolate.halide_generated.cpp:7718:35
interpolate,cxx_default_on_emitted_cpp,5eb72c8d,3,6,cxx_add_to_sub,interpolate.halide_generated.cpp,7957,38,generator_specific,0,0,1,,,test2_golden,0,4.087,cxx_add_to_sub:/mnt/scratch1/ardi/dsl_mut/HM-armc/mutation/lowered-cpp/interpolate/interpolate.halide_generated.cpp:7957:38
interpolate,cxx_default_on_emitted_cpp,5eb72c8d,3,6,cxx_add_to_sub,interpolate.halide_generated.cpp,4157,26,generator_specific,-11,1,1,,,test1_demo;test2_golden,0,0.524,cxx_add_to_sub:/mnt/scratch1/ardi/dsl_mut/HM-armc/mutation/lowered-cpp/interpolate/interpolate.halide_generated.cpp:4157:26
interpolate,cxx_default_on_emitted_cpp,5eb72c8d,3,6,cxx_add_to_sub,interpolate.halide_generated.cpp,9251,37,generator_specific,0,0,0,,,,0,4.452,cxx_add_to_sub:/mnt/scratch1/ardi/dsl_mut/HM-armc/mutation/lowered-cpp/interpolate/interpolate.halide_generated.cpp:9251:37
interpolate,cxx_default_on_emitted_cpp,5eb72c8d,3,6,cxx_replace_scalar_call,interpolate.halide_generated.cpp,10553,18,generator_specific,0,0,0,,,,0,5.051,cxx_replace_scalar_call:/mnt/scratch1/ardi/dsl_mut/HM-armc/mutation/lowered-cpp/interpolate/interpolate.halide_generated.cpp:10553:18
interpolate,cxx_default_on_emitted_cpp,5eb72c8d,3,6,cxx_add_to_sub,interpolate.halide_generated.cpp,4216,28,generator_specific,-11,1,1,,,test1_demo;test2_golden,0,0.949,cxx_add_to_sub:/mnt/scratch1/ardi/dsl_mut/HM-armc/mutation/lowered-cpp/interpolate/interpolate.halide_generated.cpp:4216:28
interpolate,cxx_default_on_emitted_cpp,5eb72c8d,3,6,cxx_add_to_sub,interpolate.halide_generated.cpp,4461,42,generator_specific,-11,1,1,,,test1_demo;test2_golden,0,0.410,cxx_add_to_sub:/mnt/scratch1/ardi/dsl_mut/HM-armc/mutation/lowered-cpp/interpolate/interpolate.halide_generated.cpp:4461:42
interpolate,cxx_default_on_emitted_cpp,5eb72c8d,3,6,cxx_eq_to_ne,interpolate.halide_generated.cpp,11651,27,generator_specific,0,0,1,,,test2_golden,0,1.799,cxx_eq_to_ne:/mnt/scratch1/ardi/dsl_mut/HM-armc/mutation/lowered-cpp/interpolate/interpolate.halide_generated.cpp:11651:27
interpolate,cxx_default_on_emitted_cpp,5eb72c8d,3,6,cxx_lt_to_le,interpolate.halide_generated.cpp,4142,114,generator_specific,0,0,0,,,,0,6.086,cxx_lt_to_le:/mnt/scratch1/ardi/dsl_mut/HM-armc/mutation/lowered-cpp/interpolate/interpolate.halide_generated.cpp:4142:114
interpolate,cxx_default_on_emitted_cpp,5eb72c8d,3,6,cxx_mul_to_div,interpolate.halide_generated.cpp,11064,72,generator_specific,-11,1,1,,,test1_demo;test2_golden,0,0.255,cxx_mul_to_div:/mnt/scratch1/ardi/dsl_mut/HM-armc/mutation/lowered-cpp/interpolate/interpolate.halide_generated.cpp:11064:72
interpolate,cxx_default_on_emitted_cpp,5eb72c8d,3,6,cxx_add_to_sub,interpolate.halide_generated.cpp,8349,85,generator_specific,0,0,1,,,test2_golden,0,2.195,cxx_add_to_sub:/mnt/scratch1/ardi/dsl_mut/HM-armc/mutation/lowered-cpp/interpolate/interpolate.halide_generated.cpp:8349:85
interpolate,cxx_default_on_emitted_cpp,5eb72c8d,3,6,cxx_add_to_sub,interpolate.halide_generated.cpp,9843,38,generator_specific,0,0,0,,,,0,3.512,cxx_add_to_sub:/mnt/scratch1/ardi/dsl_mut/HM-armc/mutation/lowered-cpp/interpolate/interpolate.halide_generated.cpp:9843:38
interpolate,cxx_default_on_emitted_cpp,5eb72c8d,3,6,cxx_mul_to_div,interpolate.halide_generated.cpp,9918,51,generator_specific,0,0,0,,,,0,3.448,cxx_mul_to_div:/mnt/scratch1/ardi/dsl_mut/HM-armc/mutation/lowered-cpp/interpolate/interpolate.halide_generated.cpp:9918:51
interpolate,cxx_default_on_emitted_cpp,5eb72c8d,3,6,cxx_mul_to_div,interpolate.halide_generated.cpp,8750,36,generator_specific,0,0,0,,,,0,3.571,cxx_mul_to_div:/mnt/scratch1/ardi/dsl_mut/HM-armc/mutation/lowered-cpp/interpolate/interpolate.halide_generated.cpp:8750:36
interpolate,cxx_default_on_emitted_cpp,5eb72c8d,3,6,cxx_add_to_sub,interpolate.halide_generated.cpp,4888,27,generator_specific,0,0,1,,,test2_golden,0,3.639,cxx_add_to_sub:/mnt/scratch1/ardi/dsl_mut/HM-armc/mutation/lowered-cpp/interpolate/interpolate.halide_generated.cpp:4888:27
interpolate,cxx_default_on_emitted_cpp,5eb72c8d,3,6,cxx_add_to_sub,interpolate.halide_generated.cpp,7297,37,generator_specific,0,0,0,,,,0,3.658,cxx_add_to_sub:/mnt/scratch1/ardi/dsl_mut/HM-armc/mutation/lowered-cpp/interpolate/interpolate.halide_generated.cpp:7297:37
interpolate,cxx_default_on_emitted_cpp,5eb72c8d,3,6,cxx_mul_to_div,interpolate.halide_generated.cpp,4464,23,generator_specific,0,0,1,,,test2_golden,0,3.704,cxx_mul_to_div:/mnt/scratch1/ardi/dsl_mut/HM-armc/mutation/lowered-cpp/interpolate/interpolate.halide_generated.cpp:4464:23
interpolate,cxx_default_on_emitted_cpp,5eb72c8d,3,6,cxx_lt_to_ge,interpolate.halide_generated.cpp,6832,69,generator_specific,0,0,1,,,test2_golden,0,3.592,cxx_lt_to_ge:/mnt/scratch1/ardi/dsl_mut/HM-armc/mutation/lowered-cpp/interpolate/interpolate.halide_generated.cpp:6832:69
interpolate,cxx_default_on_emitted_cpp,5eb72c8d,3,6,cxx_sub_to_add,interpolate.halide_generated.cpp,12295,33,generator_specific,0,0,0,,,,0,3.803,cxx_sub_to_add:/mnt/scratch1/ardi/dsl_mut/HM-armc/mutation/lowered-cpp/interpolate/interpolate.halide_generated.cpp:12295:33
interpolate,cxx_default_on_emitted_cpp,5eb72c8d,3,6,cxx_add_to_sub,interpolate.halide_generated.cpp,3912,26,generator_specific,0,0,1,,,test2_golden,0,3.830,cxx_add_to_sub:/mnt/scratch1/ardi/dsl_mut/HM-armc/mutation/lowered-cpp/interpolate/interpolate.halide_generated.cpp:3912:26
interpolate,cxx_default_on_emitted_cpp,5eb72c8d,3,6,cxx_add_to_sub,interpolate.halide_generated.cpp,7123,37,generator_specific,0,0,0,,,,0,3.795,cxx_add_to_sub:/mnt/scratch1/ardi/dsl_mut/HM-armc/mutation/lowered-cpp/interpolate/interpolate.halide_generated.cpp:7123:37
interpolate,cxx_default_on_emitted_cpp,5eb72c8d,3,6,cxx_lt_to_le,interpolate.halide_generated.cpp,9246,86,generator_specific,0,0,0,,,,0,3.685,cxx_lt_to_le:/mnt/scratch1/ardi/dsl_mut/HM-armc/mutation/lowered-cpp/interpolate/interpolate.halide_generated.cpp:9246:86
interpolate,cxx_default_on_emitted_cpp,5eb72c8d,3,6,cxx_mul_to_div,interpolate.halide_generated.cpp,6803,37,generator_specific,0,0,1,,,test2_golden,0,3.868,cxx_mul_to_div:/mnt/scratch1/ardi/dsl_mut/HM-armc/mutation/lowered-cpp/interpolate/interpolate.halide_generated.cpp:6803:37
interpolate,cxx_default_on_emitted_cpp,5eb72c8d,3,6,cxx_mul_to_div,interpolate.halide_generated.cpp,8900,55,generator_specific,0,0,0,,,,0,3.574,cxx_mul_to_div:/mnt/scratch1/ardi/dsl_mut/HM-armc/mutation/lowered-cpp/interpolate/interpolate.halide_generated.cpp:8900:55
interpolate,cxx_default_on_emitted_cpp,5eb72c8d,3,6,cxx_add_to_sub,interpolate.halide_generated.cpp,4997,26,generator_specific,0,0,0,,,,0,3.810,cxx_add_to_sub:/mnt/scratch1/ardi/dsl_mut/HM-armc/mutation/lowered-cpp/interpolate/interpolate.halide_generated.cpp:4997:26
interpolate,cxx_default_on_emitted_cpp,5eb72c8d,3,6,cxx_add_to_sub,interpolate.halide_generated.cpp,10464,24,generator_specific,0,0,0,,,,0,3.576,cxx_add_to_sub:/mnt/scratch1/ardi/dsl_mut/HM-armc/mutation/lowered-cpp/interpolate/interpolate.halide_generated.cpp:10464:24
interpolate,cxx_default_on_emitted_cpp,5eb72c8d,3,6,cxx_sub_to_add,interpolate.halide_generated.cpp,6431,34,generator_specific,0,0,1,,,test2_golden,0,3.860,cxx_sub_to_add:/mnt/scratch1/ardi/dsl_mut/HM-armc/mutation/lowered-cpp/interpolate/interpolate.halide_generated.cpp:6431:34
interpolate,cxx_default_on_emitted_cpp,5eb72c8d,3,6,cxx_add_to_sub,interpolate.halide_generated.cpp,4944,26,generator_specific,0,0,0,,,,0,3.856,cxx_add_to_sub:/mnt/scratch1/ardi/dsl_mut/HM-armc/mutation/lowered-cpp/interpolate/interpolate.halide_generated.cpp:4944:26
interpolate,cxx_default_on_emitted_cpp,5eb72c8d,3,6,cxx_add_to_sub,interpolate.halide_generated.cpp,9222,35,generator_specific,0,0,0,,,,0,4.064,cxx_add_to_sub:/mnt/scratch1/ardi/dsl_mut/HM-armc/mutation/lowered-cpp/interpolate/interpolate.halide_generated.cpp:9222:35
interpolate,cxx_default_on_emitted_cpp,5eb72c8d,3,6,cxx_lt_to_le,interpolate.halide_generated.cpp,5477,62,generator_specific,0,0,1,,,test2_golden,0,3.962,cxx_lt_to_le:/mnt/scratch1/ardi/dsl_mut/HM-armc/mutation/lowered-cpp/interpolate/interpolate.halide_generated.cpp:5477:62
interpolate,cxx_default_on_emitted_cpp,5eb72c8d,3,6,cxx_add_to_sub,interpolate.halide_generated.cpp,8145,36,generator_specific,0,0,0,,,,0,3.938,cxx_add_to_sub:/mnt/scratch1/ardi/dsl_mut/HM-armc/mutation/lowered-cpp/interpolate/interpolate.halide_generated.cpp:8145:36
interpolate,cxx_default_on_emitted_cpp,5eb72c8d,3,6,cxx_lt_to_ge,interpolate.halide_generated.cpp,7713,28,generator_specific,0,0,1,,,test2_golden,0,4.018,cxx_lt_to_ge:/mnt/scratch1/ardi/dsl_mut/HM-armc/mutation/lowered-cpp/interpolate/interpolate.halide_generated.cpp:7713:28
interpolate,cxx_default_on_emitted_cpp,5eb72c8d,3,6,cxx_sub_to_add,interpolate.halide_generated.cpp,11576,30,generator_specific,0,0,0,,,,0,4.013,cxx_sub_to_add:/mnt/scratch1/ardi/dsl_mut/HM-armc/mutation/lowered-cpp/interpolate/interpolate.halide_generated.cpp:11576:30
interpolate,cxx_default_on_emitted_cpp,5eb72c8d,3,6,cxx_mul_to_div,interpolate.halide_generated.cpp,10014,36,generator_specific,0,0,0,,,,0,4.011,cxx_mul_to_div:/mnt/scratch1/ardi/dsl_mut/HM-armc/mutation/lowered-cpp/interpolate/interpolate.halide_generated.cpp:10014:36
interpolate,cxx_default_on_emitted_cpp,5eb72c8d,3,6,cxx_add_to_sub,interpolate.halide_generated.cpp,4317,26,generator_specific,0,0,1,,,test2_golden,0,3.998,cxx_add_to_sub:/mnt/scratch1/ardi/dsl_mut/HM-armc/mutation/lowered-cpp/interpolate/interpolate.halide_generated.cpp:4317:26
interpolate,cxx_default_on_emitted_cpp,5eb72c8d,3,6,cxx_sub_to_add,interpolate.halide_generated.cpp,11842,32,generator_specific,0,0,1,,,test2_golden,0,3.418,cxx_sub_to_add:/mnt/scratch1/ardi/dsl_mut/HM-armc/mutation/lowered-cpp/interpolate/interpolate.halide_generated.cpp:11842:32
interpolate,cxx_default_on_emitted_cpp,5eb72c8d,3,6,cxx_add_to_sub,interpolate.halide_generated.cpp,4923,29,generator_specific,0,0,1,,,test2_golden,0,3.932,cxx_add_to_sub:/mnt/scratch1/ardi/dsl_mut/HM-armc/mutation/lowered-cpp/interpolate/interpolate.halide_generated.cpp:4923:29
interpolate,cxx_default_on_emitted_cpp,5eb72c8d,3,6,cxx_add_to_sub,interpolate.halide_generated.cpp,6760,37,generator_specific,-11,1,1,,,test1_demo;test2_golden,0,0.328,cxx_add_to_sub:/mnt/scratch1/ardi/dsl_mut/HM-armc/mutation/lowered-cpp/interpolate/interpolate.halide_generated.cpp:6760:37
interpolate,cxx_default_on_emitted_cpp,5eb72c8d,3,6,cxx_sub_to_add,interpolate.halide_generated.cpp,10248,35,generator_specific,0,0,0,,,,0,3.791,cxx_sub_to_add:/mnt/scratch1/ardi/dsl_mut/HM-armc/mutation/lowered-cpp/interpolate/interpolate.halide_generated.cpp:10248:35
interpolate,cxx_default_on_emitted_cpp,5eb72c8d,3,6,cxx_mul_to_div,interpolate.halide_generated.cpp,11429,28,generator_specific,0,0,1,,,test2_golden,0,3.940,cxx_mul_to_div:/mnt/scratch1/ardi/dsl_mut/HM-armc/mutation/lowered-cpp/interpolate/interpolate.halide_generated.cpp:11429:28
interpolate,cxx_default_on_emitted_cpp,5eb72c8d,3,6,cxx_add_to_sub,interpolate.halide_generated.cpp,9941,37,generator_specific,0,0,0,,,,0,3.624,cxx_add_to_sub:/mnt/scratch1/ardi/dsl_mut/HM-armc/mutation/lowered-cpp/interpolate/interpolate.halide_generated.cpp:9941:37
interpolate,cxx_default_on_emitted_cpp,5eb72c8d,3,6,cxx_add_to_sub,interpolate.halide_generated.cpp,4527,25,generator_specific,0,0,1,,,test2_golden,0,4.037,cxx_add_to_sub:/mnt/scratch1/ardi/dsl_mut/HM-armc/mutation/lowered-cpp/interpolate/interpolate.halide_generated.cpp:4527:25
interpolate,cxx_default_on_emitted_cpp,5eb72c8d,3,6,cxx_add_to_sub,interpolate.halide_generated.cpp,8940,28,generator_specific,0,0,1,,,test2_golden,0,4.271,cxx_add_to_sub:/mnt/scratch1/ardi/dsl_mut/HM-armc/mutation/lowered-cpp/interpolate/interpolate.halide_generated.cpp:8940:28
interpolate,cxx_default_on_emitted_cpp,5eb72c8d,3,6,cxx_add_to_sub,interpolate.halide_generated.cpp,4128,55,generator_specific,0,0,1,,,test2_golden,0,4.662,cxx_add_to_sub:/mnt/scratch1/ardi/dsl_mut/HM-armc/mutation/lowered-cpp/interpolate/interpolate.halide_generated.cpp:4128:55
interpolate,cxx_default_on_emitted_cpp,5eb72c8d,3,6,cxx_add_to_sub,interpolate.halide_generated.cpp,3794,28,generator_specific,0,0,1,,,test2_golden,0,4.162,cxx_add_to_sub:/mnt/scratch1/ardi/dsl_mut/HM-armc/mutation/lowered-cpp/interpolate/interpolate.halide_generated.cpp:3794:28
interpolate,cxx_default_on_emitted_cpp,5eb72c8d,3,6,cxx_mul_to_div,interpolate.halide_generated.cpp,9244,51,generator_specific,0,0,0,,,,0,4.477,cxx_mul_to_div:/mnt/scratch1/ardi/dsl_mut/HM-armc/mutation/lowered-cpp/interpolate/interpolate.halide_generated.cpp:9244:51
interpolate,cxx_default_on_emitted_cpp,5eb72c8d,3,6,cxx_ne_to_eq,interpolate.halide_generated.cpp,6390,34,generator_specific,-6,1,1,,,test1_demo;test2_golden,0,0.506,cxx_ne_to_eq:/mnt/scratch1/ardi/dsl_mut/HM-armc/mutation/lowered-cpp/interpolate/interpolate.halide_generated.cpp:6390:34
interpolate,cxx_default_on_emitted_cpp,5eb72c8d,3,6,cxx_add_to_sub,interpolate.halide_generated.cpp,9281,38,generator_specific,0,0,0,,,,0,4.199,cxx_add_to_sub:/mnt/scratch1/ardi/dsl_mut/HM-armc/mutation/lowered-cpp/interpolate/interpolate.halide_generated.cpp:9281:38
interpolate,cxx_default_on_emitted_cpp,5eb72c8d,3,6,cxx_mul_to_div,interpolate.halide_generated.cpp,11467,75,generator_specific,-11,1,1,,,test1_demo;test2_golden,0,0.622,cxx_mul_to_div:/mnt/scratch1/ardi/dsl_mut/HM-armc/mutation/lowered-cpp/interpolate/interpolate.halide_generated.cpp:11467:75
interpolate,cxx_default_on_emitted_cpp,5eb72c8d,3,6,cxx_add_to_sub,interpolate.halide_generated.cpp,9381,37,generator_specific,0,0,0,,,,0,4.074,cxx_add_to_sub:/mnt/scratch1/ardi/dsl_mut/HM-armc/mutation/lowered-cpp/interpolate/interpolate.halide_generated.cpp:9381:37
interpolate,cxx_default_on_emitted_cpp,5eb72c8d,3,6,cxx_add_to_sub,interpolate.halide_generated.cpp,4538,25,generator_specific,0,0,0,,,,0,4.272,cxx_add_to_sub:/mnt/scratch1/ardi/dsl_mut/HM-armc/mutation/lowered-cpp/interpolate/interpolate.halide_generated.cpp:4538:25
interpolate,cxx_default_on_emitted_cpp,5eb72c8d,3,6,cxx_post_inc_to_post_dec,interpolate.halide_generated.cpp,3270,40,boilerplate,0,0,1,,,test2_golden,0,4.531,cxx_post_inc_to_post_dec:/mnt/scratch1/ardi/dsl_mut/HM-armc/mutation/lowered-cpp/interpolate/interpolate.halide_generated.cpp:3270:40
interpolate,cxx_default_on_emitted_cpp,5eb72c8d,3,6,cxx_sub_to_add,interpolate.halide_generated.cpp,6490,35,generator_specific,-11,1,1,,,test1_demo;test2_golden,0,0.691,cxx_sub_to_add:/mnt/scratch1/ardi/dsl_mut/HM-armc/mutation/lowered-cpp/interpolate/interpolate.halide_generated.cpp:6490:35
interpolate,cxx_default_on_emitted_cpp,5eb72c8d,3,6,cxx_mul_to_div,interpolate.halide_generated.cpp,8435,36,generator_specific,0,0,1,,,test2_golden,0,4.292,cxx_mul_to_div:/mnt/scratch1/ardi/dsl_mut/HM-armc/mutation/lowered-cpp/interpolate/interpolate.halide_generated.cpp:8435:36
interpolate,cxx_default_on_emitted_cpp,5eb72c8d,3,6,cxx_add_to_sub,interpolate.halide_generated.cpp,10139,36,generator_specific,0,0,0,,,,0,4.135,cxx_add_to_sub:/mnt/scratch1/ardi/dsl_mut/HM-armc/mutation/lowered-cpp/interpolate/interpolate.halide_generated.cpp:10139:36
interpolate,cxx_default_on_emitted_cpp,5eb72c8d,3,6,cxx_mul_to_div,interpolate.halide_generated.cpp,3700,54,generator_specific,0,0,1,,,test2_golden,0,4.789,cxx_mul_to_div:/mnt/scratch1/ardi/dsl_mut/HM-armc/mutation/lowered-cpp/interpolate/interpolate.halide_generated.cpp:3700:54
interpolate,cxx_default_on_emitted_cpp,5eb72c8d,3,6,cxx_add_to_sub,interpolate.halide_generated.cpp,4931,26,generator_specific,0,0,1,,,test2_golden,0,4.338,cxx_add_to_sub:/mnt/scratch1/ardi/dsl_mut/HM-armc/mutation/lowered-cpp/interpolate/interpolate.halide_generated.cpp:4931:26
interpolate,cxx_default_on_emitted_cpp,5eb72c8d,3,6,cxx_add_to_sub,interpolate.halide_generated.cpp,7833,37,generator_specific,0,0,0,,,,0,4.166,cxx_add_to_sub:/mnt/scratch1/ardi/dsl_mut/HM-armc/mutation/lowered-cpp/interpolate/interpolate.halide_generated.cpp:7833:37
interpolate,cxx_default_on_emitted_cpp,5eb72c8d,3,6,cxx_add_to_sub,interpolate.halide_generated.cpp,7769,37,generator_specific,-11,1,1,,,test1_demo;test2_golden,0,0.394,cxx_add_to_sub:/mnt/scratch1/ardi/dsl_mut/HM-armc/mutation/lowered-cpp/interpolate/interpolate.halide_generated.cpp:7769:37
interpolate,cxx_default_on_emitted_cpp,5eb72c8d,3,6,cxx_gt_to_ge,interpolate.halide_generated.cpp,8874,15,generator_specific,0,0,1,,,test2_golden,0,4.051,cxx_gt_to_ge:/mnt/scratch1/ardi/dsl_mut/HM-armc/mutation/lowered-cpp/interpolate/interpolate.halide_generated.cpp:8874:15
interpolate,cxx_default_on_emitted_cpp,5eb72c8d,3,6,cxx_mul_to_div,interpolate.halide_generated.cpp,3822,26,generator_specific,0,0,1,,,test2_golden,0,4.576,cxx_mul_to_div:/mnt/scratch1/ardi/dsl_mut/HM-armc/mutation/lowered-cpp/interpolate/interpolate.halide_generated.cpp:3822:26
interpolate,cxx_default_on_emitted_cpp,5eb72c8d,3,6,cxx_add_to_sub,interpolate.halide_generated.cpp,5738,26,generator_specific,0,0,1,,,test2_golden,0,4.164,cxx_add_to_sub:/mnt/scratch1/ardi/dsl_mut/HM-armc/mutation/lowered-cpp/interpolate/interpolate.halide_generated.cpp:5738:26
interpolate,cxx_default_on_emitted_cpp,5eb72c8d,3,6,cxx_add_to_sub,interpolate.halide_generated.cpp,5142,27,generator_specific,-6,1,1,,,test1_demo;test2_golden,0,0.604,cxx_add_to_sub:/mnt/scratch1/ardi/dsl_mut/HM-armc/mutation/lowered-cpp/interpolate/interpolate.halide_generated.cpp:5142:27
interpolate,cxx_default_on_emitted_cpp,5eb72c8d,3,6,cxx_mul_to_div,interpolate.halide_generated.cpp,6389,81,generator_specific,-11,1,1,,,test1_demo;test2_golden,0,0.772,cxx_mul_to_div:/mnt/scratch1/ardi/dsl_mut/HM-armc/mutation/lowered-cpp/interpolate/interpolate.halide_generated.cpp:6389:81
interpolate,cxx_default_on_emitted_cpp,5eb72c8d,3,6,cxx_add_to_sub,interpolate.halide_generated.cpp,4462,23,generator_specific,-11,1,1,,,test1_demo;test2_golden,0,0.825,cxx_add_to_sub:/mnt/scratch1/ardi/dsl_mut/HM-armc/mutation/lowered-cpp/interpolate/interpolate.halide_generated.cpp:4462:23
interpolate,cxx_default_on_emitted_cpp,5eb72c8d,3,6,cxx_add_to_sub,interpolate.halide_generated.cpp,9689,36,generator_specific,0,0,0,,,,0,4.267,cxx_add_to_sub:/mnt/scratch1/ardi/dsl_mut/HM-armc/mutation/lowered-cpp/interpolate/interpolate.halide_generated.cpp:9689:36
interpolate,cxx_default_on_emitted_cpp,5eb72c8d,3,6,cxx_add_to_sub,interpolate.halide_generated.cpp,4502,24,generator_specific,0,0,1,,,test2_golden,0,4.981,cxx_add_to_sub:/mnt/scratch1/ardi/dsl_mut/HM-armc/mutation/lowered-cpp/interpolate/interpolate.halide_generated.cpp:4502:24
interpolate,cxx_default_on_emitted_cpp,5eb72c8d,3,6,cxx_sub_to_add,interpolate.halide_generated.cpp,12307,33,generator_specific,0,0,1,,,test2_golden,0,4.507,cxx_sub_to_add:/mnt/scratch1/ardi/dsl_mut/HM-armc/mutation/lowered-cpp/interpolate/interpolate.halide_generated.cpp:12307:33
interpolate,cxx_default_on_emitted_cpp,5eb72c8d,3,6,cxx_mul_to_div,interpolate.halide_generated.cpp,6842,36,generator_specific,-8,1,1,,,test1_demo;test2_golden,0,0.348,cxx_mul_to_div:/mnt/scratch1/ardi/dsl_mut/HM-armc/mutation/lowered-cpp/interpolate/interpolate.halide_generated.cpp:6842:36
interpolate,cxx_default_on_emitted_cpp,5eb72c8d,3,6,cxx_add_to_sub,interpolate.halide_generated.cpp,11668,30,generator_specific,0,0,0,,,,0,3.794,cxx_add_to_sub:/mnt/scratch1/ardi/dsl_mut/HM-armc/mutation/lowered-cpp/interpolate/interpolate.halide_generated.cpp:11668:30
interpolate,cxx_default_on_emitted_cpp,5eb72c8d,3,6,cxx_remove_void_call,interpolate.halide_generated.cpp,5713,5,generator_specific,0,0,1,,,test2_golden,0,4.251,cxx_remove_void_call:/mnt/scratch1/ardi/dsl_mut/HM-armc/mutation/lowered-cpp/interpolate/interpolate.halide_generated.cpp:5713:5
interpolate,cxx_default_on_emitted_cpp,5eb72c8d,3,6,cxx_add_to_sub,interpolate.halide_generated.cpp,4074,26,generator_specific,0,0,0,,,,0,3.324,cxx_add_to_sub:/mnt/scratch1/ardi/dsl_mut/HM-armc/mutation/lowered-cpp/interpolate/interpolate.halide_generated.cpp:4074:26
interpolate,cxx_default_on_emitted_cpp,5eb72c8d,3,6,cxx_lt_to_le,interpolate.halide_generated.cpp,3250,30,boilerplate,0,0,1,,,test2_golden,0,3.426,cxx_lt_to_le:/mnt/scratch1/ardi/dsl_mut/HM-armc/mutation/lowered-cpp/interpolate/interpolate.halide_generated.cpp:3250:30
interpolate,cxx_default_on_emitted_cpp,5eb72c8d,3,6,cxx_add_to_sub,interpolate.halide_generated.cpp,7913,90,generator_specific,0,0,1,,,test2_golden,0,3.336,cxx_add_to_sub:/mnt/scratch1/ardi/dsl_mut/HM-armc/mutation/lowered-cpp/interpolate/interpolate.halide_generated.cpp:7913:90
interpolate,cxx_default_on_emitted_cpp,5eb72c8d,3,6,cxx_sub_to_add,interpolate.halide_generated.cpp,9491,37,generator_specific,0,0,1,,,test2_golden,0,3.865,cxx_sub_to_add:/mnt/scratch1/ardi/dsl_mut/HM-armc/mutation/lowered-cpp/interpolate/interpolate.halide_generated.cpp:9491:37
interpolate,cxx_default_on_emitted_cpp,5eb72c8d,3,6,cxx_add_to_sub,interpolate.halide_generated.cpp,6192,25,generator_specific,0,0,0,,,,0,3.777,cxx_add_to_sub:/mnt/scratch1/ardi/dsl_mut/HM-armc/mutation/lowered-cpp/interpolate/interpolate.halide_generated.cpp:6192:25
interpolate,cxx_default_on_emitted_cpp,5eb72c8d,3,6,cxx_add_to_sub,interpolate.halide_generated.cpp,5292,27,generator_specific,0,0,1,,,test2_golden,0,3.812,cxx_add_to_sub:/mnt/scratch1/ardi/dsl_mut/HM-armc/mutation/lowered-cpp/interpolate/interpolate.halide_generated.cpp:5292:27
interpolate,cxx_default_on_emitted_cpp,5eb72c8d,3,6,cxx_mul_to_div,interpolate.halide_generated.cpp,8185,36,generator_specific,0,0,0,,,,0,3.707,cxx_mul_to_div:/mnt/scratch1/ardi/dsl_mut/HM-armc/mutation/lowered-cpp/interpolate/interpolate.halide_generated.cpp:8185:36
interpolate,cxx_default_on_emitted_cpp,5eb72c8d,3,6,cxx_add_to_sub,interpolate.halide_generated.cpp,11679,30,generator_specific,0,0,0,,,,0,3.512,cxx_add_to_sub:/mnt/scratch1/ardi/dsl_mut/HM-armc/mutation/lowered-cpp/interpolate/interpolate.halide_generated.cpp:11679:30
interpolate,cxx_default_on_emitted_cpp,5eb72c8d,3,6,cxx_lt_to_le,interpolate.halide_generated.cpp,5280,57,generator_specific,-6,1,1,,,test1_demo;test2_golden,0,0.292,cxx_lt_to_le:/mnt/scratch1/ardi/dsl_mut/HM-armc/mutation/lowered-cpp/interpolate/interpolate.halide_generated.cpp:5280:57
interpolate,cxx_default_on_emitted_cpp,5eb72c8d,3,6,cxx_add_to_sub,interpolate.halide_generated.cpp,8663,35,generator_specific,0,0,0,,,,0,3.888,cxx_add_to_sub:/mnt/scratch1/ardi/dsl_mut/HM-armc/mutation/lowered-cpp/interpolate/interpolate.halide_generated.cpp:8663:35
interpolate,cxx_default_on_emitted_cpp,5eb72c8d,3,6,cxx_add_to_sub,interpolate.halide_generated.cpp,8317,35,generator_specific,0,0,0,,,,0,3.694,cxx_add_to_sub:/mnt/scratch1/ardi/dsl_mut/HM-armc/mutation/lowered-cpp/interpolate/interpolate.halide_generated.cpp:8317:35
interpolate,cxx_default_on_emitted_cpp,5eb72c8d,3,6,cxx_add_to_sub,interpolate.halide_generated.cpp,3860,26,generator_specific,0,0,1,,,test2_golden,0,3.904,cxx_add_to_sub:/mnt/scratch1/ardi/dsl_mut/HM-armc/mutation/lowered-cpp/interpolate/interpolate.halide_generated.cpp:3860:26
interpolate,cxx_default_on_emitted_cpp,5eb72c8d,3,6,cxx_lt_to_le,interpolate.halide_generated.cpp,3951,119,generator_specific,0,0,0,,,,0,4.702,cxx_lt_to_le:/mnt/scratch1/ardi/dsl_mut/HM-armc/mutation/lowered-cpp/interpolate/interpolate.halide_generated.cpp:3951:119
interpolate,cxx_default_on_emitted_cpp,5eb72c8d,3,6,cxx_mul_to_div,interpolate.halide_generated.cpp,6621,37,generator_specific,0,0,1,,,test2_golden,0,4.014,cxx_mul_to_div:/mnt/scratch1/ardi/dsl_mut/HM-armc/mutation/lowered-cpp/interpolate/interpolate.halide_generated.cpp:6621:37
interpolate,cxx_default_on_emitted_cpp,5eb72c8d,3,6,cxx_replace_scalar_call,interpolate.halide_generated.cpp,4971,19,generator_specific,0,0,0,,,,0,4.458,cxx_replace_scalar_call:/mnt/scratch1/ardi/dsl_mut/HM-armc/mutation/lowered-cpp/interpolate/interpolate.halide_generated.cpp:4971:19
interpolate,cxx_default_on_emitted_cpp,5eb72c8d,3,6,cxx_add_to_sub,interpolate.halide_generated.cpp,6605,37,generator_specific,0,0,1,,,test2_golden,0,3.786,cxx_add_to_sub:/mnt/scratch1/ardi/dsl_mut/HM-armc/mutation/lowered-cpp/interpolate/interpolate.halide_generated.cpp:6605:37
interpolate,cxx_default_on_emitted_cpp,5eb72c8d,3,6,cxx_add_to_sub,interpolate.halide_generated.cpp,7747,37,generator_specific,0,0,1,,,test2_golden,0,4.324,cxx_add_to_sub:/mnt/scratch1/ardi/dsl_mut/HM-armc/mutation/lowered-cpp/interpolate/interpolate.halide_generated.cpp:7747:37
interpolate,cxx_default_on_emitted_cpp,5eb72c8d,3,6,cxx_add_to_sub,interpolate.halide_generated.cpp,3906,25,generator_specific,0,0,0,,,,0,3.736,cxx_add_to_sub:/mnt/scratch1/ardi/dsl_mut/HM-armc/mutation/lowered-cpp/interpolate/interpolate.halide_generated.cpp:3906:25
interpolate,cxx_default_on_emitted_cpp,5eb72c8d,3,6,cxx_mul_to_div,interpolate.halide_generated.cpp,3780,25,generator_specific,0,0,1,,,test2_golden,0,4.070,cxx_mul_to_div:/mnt/scratch1/ardi/dsl_mut/HM-armc/mutation/lowered-cpp/interpolate/interpolate.halide_generated.cpp:3780:25
interpolate,cxx_default_on_emitted_cpp,5eb72c8d,3,6,cxx_mul_to_div,interpolate.halide_generated.cpp,7220,37,generator_specific,0,0,1,,,test2_golden,0,3.365,cxx_mul_to_div:/mnt/scratch1/ardi/dsl_mut/HM-armc/mutation/lowered-cpp/interpolate/interpolate.halide_generated.cpp:7220:37
interpolate,cxx_default_on_emitted_cpp,5eb72c8d,3,6,cxx_add_to_sub,interpolate.halide_generated.cpp,10462,24,generator_specific,0,0,0,,,,0,4.007,cxx_add_to_sub:/mnt/scratch1/ardi/dsl_mut/HM-armc/mutation/lowered-cpp/interpolate/interpolate.halide_generated.cpp:10462:24
interpolate,cxx_default_on_emitted_cpp,5eb72c8d,3,6,cxx_mul_to_div,interpolate.halide_generated.cpp,7202,51,generator_specific,0,0,1,,,test2_golden,0,3.682,cxx_mul_to_div:/mnt/scratch1/ardi/dsl_mut/HM-armc/mutation/lowered-cpp/interpolate/interpolate.halide_generated.cpp:7202:51
interpolate,cxx_default_on_emitted_cpp,5eb72c8d,3,6,cxx_add_to_sub,interpolate.halide_generated.cpp,8499,36,generator_specific,0,0,1,,,test2_golden,0,4.304,cxx_add_to_sub:/mnt/scratch1/ardi/dsl_mut/HM-armc/mutation/lowered-cpp/interpolate/interpolate.halide_generated.cpp:8499:36
interpolate,cxx_default_on_emitted_cpp,5eb72c8d,3,6,cxx_mul_to_div,interpolate.halide_generated.cpp,5125,26,generator_specific,0,0,1,,,test2_golden,0,4.036,cxx_mul_to_div:/mnt/scratch1/ardi/dsl_mut/HM-armc/mutation/lowered-cpp/interpolate/interpolate.halide_generated.cpp:5125:26
interpolate,cxx_default_on_emitted_cpp,5eb72c8d,3,6,cxx_lt_to_le,interpolate.halide_generated.cpp,5471,57,generator_specific,-6,1,1,,,test1_demo;test2_golden,0,0.346,cxx_lt_to_le:/mnt/scratch1/ardi/dsl_mut/HM-armc/mutation/lowered-cpp/interpolate/interpolate.halide_generated.cpp:5471:57
interpolate,cxx_default_on_emitted_cpp,5eb72c8d,3,6,cxx_add_to_sub,interpolate.halide_generated.cpp,5286,26,generator_specific,0,0,1,,,test2_golden,0,3.646,cxx_add_to_sub:/mnt/scratch1/ardi/dsl_mut/HM-armc/mutation/lowered-cpp/interpolate/interpolate.halide_generated.cpp:5286:26
interpolate,cxx_default_on_emitted_cpp,5eb72c8d,3,6,cxx_add_to_sub,interpolate.halide_generated.cpp,9920,90,generator_specific,0,0,0,,,,0,3.546,cxx_add_to_sub:/mnt/scratch1/ardi/dsl_mut/HM-armc/mutation/lowered-cpp/interpolate/interpolate.halide_generated.cpp:9920:90
interpolate,cxx_default_on_emitted_cpp,5eb72c8d,3,6,cxx_post_inc_to_post_dec,interpolate.halide_generated.cpp,9470,127,generator_specific,0,0,0,,,,0,3.931,cxx_post_inc_to_post_dec:/mnt/scratch1/ardi/dsl_mut/HM-armc/mutation/lowered-cpp/interpolate/interpolate.halide_generated.cpp:9470:127
interpolate,cxx_default_on_emitted_cpp,5eb72c8d,3,6,cxx_lt_to_le,interpolate.halide_generated.cpp,3357,30,boilerplate,0,0,0,,,,0,3.806,cxx_lt_to_le:/mnt/scratch1/ardi/dsl_mut/HM-armc/mutation/lowered-cpp/interpolate/interpolate.halide_generated.cpp:3357:30
interpolate,cxx_default_on_emitted_cpp,5eb72c8d,3,6,cxx_add_to_sub,interpolate.halide_generated.cpp,5516,26,generator_specific,0,0,1,,,test2_golden,0,4.076,cxx_add_to_sub:/mnt/scratch1/ardi/dsl_mut/HM-armc/mutation/lowered-cpp/interpolate/interpolate.halide_generated.cpp:5516:26
interpolate,cxx_default_on_emitted_cpp,5eb72c8d,3,6,cxx_add_to_sub,interpolate.halide_generated.cpp,10370,35,generator_specific,0,0,0,,,,0,3.684,cxx_add_to_sub:/mnt/scratch1/ardi/dsl_mut/HM-armc/mutation/lowered-cpp/interpolate/interpolate.halide_generated.cpp:10370:35
interpolate,cxx_default_on_emitted_cpp,5eb72c8d,3,6,cxx_sub_to_add,interpolate.halide_generated.cpp,4855,25,generator_specific,0,0,0,,,,0,3.844,cxx_sub_to_add:/mnt/scratch1/ardi/dsl_mut/HM-armc/mutation/lowered-cpp/interpolate/interpolate.halide_generated.cpp:4855:25
interpolate,cxx_default_on_emitted_cpp,5eb72c8d,3,6,cxx_gt_to_ge,interpolate.halide_generated.cpp,8926,17,generator_specific,0,0,0,,,,0,4.539,cxx_gt_to_ge:/mnt/scratch1/ardi/dsl_mut/HM-armc/mutation/lowered-cpp/interpolate/interpolate.halide_generated.cpp:8926:17
interpolate,cxx_default_on_emitted_cpp,5eb72c8d,3,6,cxx_le_to_gt,interpolate.halide_generated.cpp,12022,30,generator_specific,-6,1,1,,,test1_demo;test2_golden,0,0.374,cxx_le_to_gt:/mnt/scratch1/ardi/dsl_mut/HM-armc/mutation/lowered-cpp/interpolate/interpolate.halide_generated.cpp:12022:30
interpolate,cxx_default_on_emitted_cpp,5eb72c8d,3,6,cxx_post_inc_to_post_dec,interpolate.halide_generated.cpp,6875,110,generator_specific,-11,1,1,,,test1_demo;test2_golden,0,0.382,cxx_post_inc_to_post_dec:/mnt/scratch1/ardi/dsl_mut/HM-armc/mutation/lowered-cpp/interpolate/interpolate.halide_generated.cpp:6875:110
interpolate,cxx_default_on_emitted_cpp,5eb72c8d,3,6,cxx_add_to_sub,interpolate.halide_generated.cpp,3914,28,generator_specific,0,0,1,,,test2_golden,0,3.493,cxx_add_to_sub:/mnt/scratch1/ardi/dsl_mut/HM-armc/mutation/lowered-cpp/interpolate/interpolate.halide_generated.cpp:3914:28
interpolate,cxx_default_on_emitted_cpp,5eb72c8d,3,6,cxx_lt_to_ge,interpolate.halide_generated.cpp,9905,69,generator_specific,0,0,0,,,,0,4.057,cxx_lt_to_ge:/mnt/scratch1/ardi/dsl_mut/HM-armc/mutation/lowered-cpp/interpolate/interpolate.halide_generated.cpp:9905:69
interpolate,cxx_default_on_emitted_cpp,5eb72c8d,3,6,cxx_lt_to_ge,interpolate.halide_generated.cpp,9210,28,generator_specific,0,0,0,,,,0,3.817,cxx_lt_to_ge:/mnt/scratch1/ardi/dsl_mut/HM-armc/mutation/lowered-cpp/interpolate/interpolate.halide_generated.cpp:9210:28
interpolate,cxx_default_on_emitted_cpp,5eb72c8d,3,6,cxx_add_to_sub,interpolate.halide_generated.cpp,10160,38,generator_specific,0,0,0,,,,0,4.000,cxx_add_to_sub:/mnt/scratch1/ardi/dsl_mut/HM-armc/mutation/lowered-cpp/interpolate/interpolate.halide_generated.cpp:10160:38
interpolate,cxx_default_on_emitted_cpp,5eb72c8d,3,6,cxx_sub_to_add,interpolate.halide_generated.cpp,7114,37,generator_specific,-6,1,1,,,test1_demo;test2_golden,0,0.338,cxx_sub_to_add:/mnt/scratch1/ardi/dsl_mut/HM-armc/mutation/lowered-cpp/interpolate/interpolate.halide_generated.cpp:7114:37
interpolate,cxx_default_on_emitted_cpp,5eb72c8d,3,6,cxx_add_to_sub,interpolate.halide_generated.cpp,10375,36,generator_specific,0,0,0,,,,0,4.274,cxx_add_to_sub:/mnt/scratch1/ardi/dsl_mut/HM-armc/mutation/lowered-cpp/interpolate/interpolate.halide_generated.cpp:10375:36
interpolate,cxx_default_on_emitted_cpp,5eb72c8d,3,6,cxx_add_to_sub,interpolate.halide_generated.cpp,7148,38,generator_specific,0,0,1,,,test2_golden,0,4.167,cxx_add_to_sub:/mnt/scratch1/ardi/dsl_mut/HM-armc/mutation/lowered-cpp/interpolate/interpolate.halide_generated.cpp:7148:38
interpolate,cxx_default_on_emitted_cpp,5eb72c8d,3,6,cxx_add_to_sub,interpolate.halide_generated.cpp,6584,60,generator_specific,-11,1,1,,,test1_demo;test2_golden,0,0.426,cxx_add_to_sub:/mnt/scratch1/ardi/dsl_mut/HM-armc/mutation/lowered-cpp/interpolate/interpolate.halide_generated.cpp:6584:60
interpolate,cxx_default_on_emitted_cpp,5eb72c8d,3,6,cxx_mul_to_div,interpolate.halide_generated.cpp,6232,73,generator_specific,-11,1,1,,,test1_demo;test2_golden,0,0.341,cxx_mul_to_div:/mnt/scratch1/ardi/dsl_mut/HM-armc/mutation/lowered-cpp/interpolate/interpolate.halide_generated.cpp:6232:73
interpolate,cxx_default_on_emitted_cpp,5eb72c8d,3,6,cxx_post_inc_to_post_dec,interpolate.halide_generated.cpp,6530,110,generator_specific,0,0,0,,,,0,4.307,cxx_post_inc_to_post_dec:/mnt/scratch1/ardi/dsl_mut/HM-armc/mutation/lowered-cpp/interpolate/interpolate.halide_generated.cpp:6530:110
interpolate,cxx_default_on_emitted_cpp,5eb72c8d,3,6,cxx_replace_scalar_call,interpolate.halide_generated.cpp,10456,18,generator_specific,0,0,0,,,,0,5.728,cxx_replace_scalar_call:/mnt/scratch1/ardi/dsl_mut/HM-armc/mutation/lowered-cpp/interpolate/interpolate.halide_generated.cpp:10456:18
interpolate,cxx_default_on_emitted_cpp,5eb72c8d,3,6,cxx_mul_to_div,interpolate.halide_generated.cpp,11662,30,generator_specific,0,0,0,,,,0,4.169,cxx_mul_to_div:/mnt/scratch1/ardi/dsl_mut/HM-armc/mutation/lowered-cpp/interpolate/interpolate.halide_generated.cpp:11662:30
interpolate,cxx_default_on_emitted_cpp,5eb72c8d,3,6,cxx_le_to_gt,interpolate.halide_generated.cpp,10716,18,generator_specific,-6,1,1,,,test1_demo;test2_golden,0,0.571,cxx_le_to_gt:/mnt/scratch1/ardi/dsl_mut/HM-armc/mutation/lowered-cpp/interpolate/interpolate.halide_generated.cpp:10716:18
interpolate,cxx_default_on_emitted_cpp,5eb72c8d,3,6,cxx_sub_to_add,interpolate.halide_generated.cpp,10165,35,generator_specific,0,0,0,,,,0,4.193,cxx_sub_to_add:/mnt/scratch1/ardi/dsl_mut/HM-armc/mutation/lowered-cpp/interpolate/interpolate.halide_generated.cpp:10165:35
interpolate,cxx_default_on_emitted_cpp,5eb72c8d,3,6,cxx_add_to_sub,interpolate.halide_generated.cpp,9971,38,generator_specific,0,0,0,,,,0,3.662,cxx_add_to_sub:/mnt/scratch1/ardi/dsl_mut/HM-armc/mutation/lowered-cpp/interpolate/interpolate.halide_generated.cpp:9971:38
interpolate,cxx_default_on_emitted_cpp,5eb72c8d,3,6,cxx_add_to_sub,interpolate.halide_generated.cpp,5724,27,generator_specific,0,0,1,,,test2_golden,0,3.871,cxx_add_to_sub:/mnt/scratch1/ardi/dsl_mut/HM-armc/mutation/lowered-cpp/interpolate/interpolate.halide_generated.cpp:5724:27
interpolate,cxx_default_on_emitted_cpp,5eb72c8d,3,6,cxx_eq_to_ne,interpolate.halide_generated.cpp,11361,50,generator_specific,0,0,0,,,,0,3.878,cxx_eq_to_ne:/mnt/scratch1/ardi/dsl_mut/HM-armc/mutation/lowered-cpp/interpolate/interpolate.halide_generated.cpp:11361:50
interpolate,cxx_default_on_emitted_cpp,5eb72c8d,3,6,cxx_add_to_sub,interpolate.halide_generated.cpp,4511,24,generator_specific,0,0,1,,,test2_golden,0,3.454,cxx_add_to_sub:/mnt/scratch1/ardi/dsl_mut/HM-armc/mutation/lowered-cpp/interpolate/interpolate.halide_generated.cpp:4511:24
interpolate,cxx_default_on_emitted_cpp,5eb72c8d,3,6,cxx_add_to_sub,interpolate.halide_generated.cpp,10712,26,generator_specific,0,0,1,,,test2_golden,0,4.178,cxx_add_to_sub:/mnt/scratch1/ardi/dsl_mut/HM-armc/mutation/lowered-cpp/interpolate/interpolate.halide_generated.cpp:10712:26
interpolate,cxx_default_on_emitted_cpp,5eb72c8d,3,6,cxx_mul_to_div,interpolate.halide_generated.cpp,4466,23,generator_specific,-11,1,1,,,test1_demo;test2_golden,0,0.456,cxx_mul_to_div:/mnt/scratch1/ardi/dsl_mut/HM-armc/mutation/lowered-cpp/interpolate/interpolate.halide_generated.cpp:4466:23
interpolate,cxx_default_on_emitted_cpp,5eb72c8d,3,6,cxx_add_to_sub,interpolate.halide_generated.cpp,8945,29,generator_specific,0,0,1,,,test2_golden,0,4.433,cxx_add_to_sub:/mnt/scratch1/ardi/dsl_mut/HM-armc/mutation/lowered-cpp/interpolate/interpolate.halide_generated.cpp:8945:29
interpolate,cxx_default_on_emitted_cpp,5eb72c8d,3,6,cxx_add_to_sub,interpolate.halide_generated.cpp,8176,36,generator_specific,0,0,0,,,,0,4.241,cxx_add_to_sub:/mnt/scratch1/ardi/dsl_mut/HM-armc/mutation/lowered-cpp/interpolate/interpolate.halide_generated.cpp:8176:36
interpolate,cxx_default_on_emitted_cpp,5eb72c8d,3,6,cxx_add_to_sub,interpolate.halide_generated.cpp,6947,38,generator_specific,0,0,0,,,,0,4.067,cxx_add_to_sub:/mnt/scratch1/ardi/dsl_mut/HM-armc/mutation/lowered-cpp/interpolate/interpolate.halide_generated.cpp:6947:38
interpolate,cxx_default_on_emitted_cpp,5eb72c8d,3,6,cxx_add_to_sub,interpolate.halide_generated.cpp,10135,38,generator_specific,0,0,0,,,,0,5.281,cxx_add_to_sub:/mnt/scratch1/ardi/dsl_mut/HM-armc/mutation/lowered-cpp/interpolate/interpolate.halide_generated.cpp:10135:38
interpolate,cxx_default_on_emitted_cpp,5eb72c8d,3,6,cxx_add_to_sub,interpolate.halide_generated.cpp,4345,27,generator_specific,-11,1,1,,,test1_demo;test2_golden,0,0.291,cxx_add_to_sub:/mnt/scratch1/ardi/dsl_mut/HM-armc/mutation/lowered-cpp/interpolate/interpolate.halide_generated.cpp:4345:27
interpolate,cxx_default_on_emitted_cpp,5eb72c8d,3,6,cxx_sub_to_add,interpolate.halide_generated.cpp,12288,33,generator_specific,0,0,0,,,,0,4.021,cxx_sub_to_add:/mnt/scratch1/ardi/dsl_mut/HM-armc/mutation/lowered-cpp/interpolate/interpolate.halide_generated.cpp:12288:33
interpolate,cxx_default_on_emitted_cpp,5eb72c8d,3,6,cxx_add_to_sub,interpolate.halide_generated.cpp,7777,38,generator_specific,-11,1,1,,,test1_demo;test2_golden,0,0.450,cxx_add_to_sub:/mnt/scratch1/ardi/dsl_mut/HM-armc/mutation/lowered-cpp/interpolate/interpolate.halide_generated.cpp:7777:38
interpolate,cxx_default_on_emitted_cpp,5eb72c8d,3,6,cxx_add_to_sub,interpolate.halide_generated.cpp,4493,25,generator_specific,0,0,1,,,test2_golden,0,3.471,cxx_add_to_sub:/mnt/scratch1/ardi/dsl_mut/HM-armc/mutation/lowered-cpp/interpolate/interpolate.halide_generated.cpp:4493:25
interpolate,cxx_default_on_emitted_cpp,5eb72c8d,3,6,cxx_gt_to_ge,interpolate.halide_generated.cpp,6207,15,generator_specific,0,0,0,,,,0,4.265,cxx_gt_to_ge:/mnt/scratch1/ardi/dsl_mut/HM-armc/mutation/lowered-cpp/interpolate/interpolate.halide_generated.cpp:6207:15
interpolate,cxx_default_on_emitted_cpp,5eb72c8d,3,6,cxx_add_to_sub,interpolate.halide_generated.cpp,7354,35,generator_specific,-6,1,1,,,test1_demo;test2_golden,0,0.330,cxx_add_to_sub:/mnt/scratch1/ardi/dsl_mut/HM-armc/mutation/lowered-cpp/interpolate/interpolate.halide_generated.cpp:7354:35
interpolate,cxx_default_on_emitted_cpp,5eb72c8d,3,6,cxx_add_to_sub,interpolate.halide_generated.cpp,9193,38,generator_specific,0,0,1,,,test2_golden,0,3.901,cxx_add_to_sub:/mnt/scratch1/ardi/dsl_mut/HM-armc/mutation/lowered-cpp/interpolate/interpolate.halide_generated.cpp:9193:38
interpolate,cxx_default_on_emitted_cpp,5eb72c8d,3,6,cxx_post_inc_to_post_dec,interpolate.halide_generated.cpp,4154,156,generator_specific,-11,1,1,,,test1_demo;test2_golden,0,0.283,cxx_post_inc_to_post_dec:/mnt/scratch1/ardi/dsl_mut/HM-armc/mutation/lowered-cpp/interpolate/interpolate.halide_generated.cpp:4154:156
interpolate,cxx_default_on_emitted_cpp,5eb72c8d,3,6,cxx_gt_to_ge,interpolate.halide_generated.cpp,11236,73,generator_specific,0,0,0,,,,0,3.525,cxx_gt_to_ge:/mnt/scratch1/ardi/dsl_mut/HM-armc/mutation/lowered-cpp/interpolate/interpolate.halide_generated.cpp:11236:73
interpolate,cxx_default_on_emitted_cpp,5eb72c8d,3,6,cxx_add_to_sub,interpolate.halide_generated.cpp,8491,36,generator_specific,0,0,1,,,test2_golden,0,3.454,cxx_add_to_sub:/mnt/scratch1/ardi/dsl_mut/HM-armc/mutation/lowered-cpp/interpolate/interpolate.halide_generated.cpp:8491:36
interpolate,cxx_default_on_emitted_cpp,5eb72c8d,3,6,cxx_mul_to_div,interpolate.halide_generated.cpp,8155,35,generator_specific,0,0,0,,,,0,3.604,cxx_mul_to_div:/mnt/scratch1/ardi/dsl_mut/HM-armc/mutation/lowered-cpp/interpolate/interpolate.halide_generated.cpp:8155:35
interpolate,cxx_default_on_emitted_cpp,5eb72c8d,3,6,cxx_add_to_sub,interpolate.halide_generated.cpp,7324,38,generator_specific,0,0,1,,,test2_golden,0,3.553,cxx_add_to_sub:/mnt/scratch1/ardi/dsl_mut/HM-armc/mutation/lowered-cpp/interpolate/interpolate.halide_generated.cpp:7324:38
interpolate,cxx_default_on_emitted_cpp,5eb72c8d,3,6,cxx_add_to_sub,interpolate.halide_generated.cpp,9266,37,generator_specific,0,0,0,,,,0,3.813,cxx_add_to_sub:/mnt/scratch1/ardi/dsl_mut/HM-armc/mutation/lowered-cpp/interpolate/interpolate.halide_generated.cpp:9266:37
interpolate,cxx_default_on_emitted_cpp,5eb72c8d,3,6,cxx_add_to_sub,interpolate.halide_generated.cpp,12167,33,generator_specific,0,0,0,,,,0,3.672,cxx_add_to_sub:/mnt/scratch1/ardi/dsl_mut/HM-armc/mutation/lowered-cpp/interpolate/interpolate.halide_generated.cpp:12167:33
interpolate,cxx_default_on_emitted_cpp,5eb72c8d,3,6,cxx_add_to_sub,interpolate.halide_generated.cpp,9317,38,generator_specific,0,0,0,,,,0,3.864,cxx_add_to_sub:/mnt/scratch1/ardi/dsl_mut/HM-armc/mutation/lowered-cpp/interpolate/interpolate.halide_generated.cpp:9317:38
interpolate,cxx_default_on_emitted_cpp,5eb72c8d,3,6,cxx_mul_to_div,interpolate.halide_generated.cpp,10105,35,generator_specific,0,0,0,,,,0,3.769,cxx_mul_to_div:/mnt/scratch1/ardi/dsl_mut/HM-armc/mutation/lowered-cpp/interpolate/interpolate.halide_generated.cpp:10105:35
interpolate,cxx_default_on_emitted_cpp,5eb72c8d,3,6,cxx_add_to_sub,interpolate.halide_generated.cpp,9685,36,generator_specific,0,0,0,,,,0,3.591,cxx_add_to_sub:/mnt/scratch1/ardi/dsl_mut/HM-armc/mutation/lowered-cpp/interpolate/interpolate.halide_generated.cpp:9685:36
interpolate,cxx_default_on_emitted_cpp,5eb72c8d,3,6,cxx_add_to_sub,interpolate.halide_generated.cpp,4552,25,generator_specific,0,0,0,,,,0,3.420,cxx_add_to_sub:/mnt/scratch1/ardi/dsl_mut/HM-armc/mutation/lowered-cpp/interpolate/interpolate.halide_generated.cpp:4552:25
interpolate,cxx_default_on_emitted_cpp,5eb72c8d,3,6,cxx_add_to_sub,interpolate.halide_generated.cpp,9271,37,generator_specific,0,0,0,,,,0,3.872,cxx_add_to_sub:/mnt/scratch1/ardi/dsl_mut/HM-armc/mutation/lowered-cpp/interpolate/interpolate.halide_generated.cpp:9271:37
interpolate,cxx_default_on_emitted_cpp,5eb72c8d,3,6,cxx_mul_to_div,interpolate.halide_generated.cpp,10271,35,generator_specific,0,0,0,,,,0,3.753,cxx_mul_to_div:/mnt/scratch1/ardi/dsl_mut/HM-armc/mutation/lowered-cpp/interpolate/interpolate.halide_generated.cpp:10271:35
interpolate,cxx_default_on_emitted_cpp,5eb72c8d,3,6,cxx_remove_void_call,interpolate.halide_generated.cpp,3620,2,generator_specific,0,0,0,,,,0,4.225,cxx_remove_void_call:/mnt/scratch1/ardi/dsl_mut/HM-armc/mutation/lowered-cpp/interpolate/interpolate.halide_generated.cpp:3620:2
interpolate,cxx_default_on_emitted_cpp,5eb72c8d,3,6,cxx_mul_to_div,interpolate.halide_generated.cpp,6198,25,generator_specific,0,0,1,,,test2_golden,0,3.865,cxx_mul_to_div:/mnt/scratch1/ardi/dsl_mut/HM-armc/mutation/lowered-cpp/interpolate/interpolate.halide_generated.cpp:6198:25
interpolate,cxx_default_on_emitted_cpp,5eb72c8d,3,6,cxx_add_to_sub,interpolate.halide_generated.cpp,10203,36,generator_specific,0,0,0,,,,0,3.440,cxx_add_to_sub:/mnt/scratch1/ardi/dsl_mut/HM-armc/mutation/lowered-cpp/interpolate/interpolate.halide_generated.cpp:10203:36
interpolate,cxx_default_on_emitted_cpp,5eb72c8d,3,6,cxx_add_to_sub,interpolate.halide_generated.cpp,4748,24,generator_specific,0,0,0,,,,0,3.811,cxx_add_to_sub:/mnt/scratch1/ardi/dsl_mut/HM-armc/mutation/lowered-cpp/interpolate/interpolate.halide_generated.cpp:4748:24
interpolate,cxx_default_on_emitted_cpp,5eb72c8d,3,6,cxx_add_to_sub,interpolate.halide_generated.cpp,5118,26,generator_specific,0,0,1,,,test2_golden,0,3.997,cxx_add_to_sub:/mnt/scratch1/ardi/dsl_mut/HM-armc/mutation/lowered-cpp/interpolate/interpolate.halide_generated.cpp:5118:26
interpolate,cxx_default_on_emitted_cpp,5eb72c8d,3,6,cxx_mul_to_div,interpolate.halide_generated.cpp,7701,37,generator_specific,0,0,0,,,,0,3.565,cxx_mul_to_div:/mnt/scratch1/ardi/dsl_mut/HM-armc/mutation/lowered-cpp/interpolate/interpolate.halide_generated.cpp:7701:37
interpolate,cxx_default_on_emitted_cpp,5eb72c8d,3,6,cxx_add_to_sub,interpolate.halide_generated.cpp,7666,79,generator_specific,0,0,0,,,,0,3.911,cxx_add_to_sub:/mnt/scratch1/ardi/dsl_mut/HM-armc/mutation/lowered-cpp/interpolate/interpolate.halide_generated.cpp:7666:79
interpolate,cxx_default_on_emitted_cpp,5eb72c8d,3,6,cxx_add_to_sub,interpolate.halide_generated.cpp,7939,38,generator_specific,0,0,1,,,test2_golden,0,3.659,cxx_add_to_sub:/mnt/scratch1/ardi/dsl_mut/HM-armc/mutation/lowered-cpp/interpolate/interpolate.halide_generated.cpp:7939:38
interpolate,cxx_default_on_emitted_cpp,5eb72c8d,3,6,cxx_mul_to_div,interpolate.halide_generated.cpp,4285,44,generator_specific,0,0,1,,,test2_golden,0,3.809,cxx_mul_to_div:/mnt/scratch1/ardi/dsl_mut/HM-armc/mutation/lowered-cpp/interpolate/interpolate.halide_generated.cpp:4285:44
interpolate,cxx_default_on_emitted_cpp,5eb72c8d,3,6,cxx_add_to_sub,interpolate.halide_generated.cpp,7839,37,generator_specific,0,0,1,,,test2_golden,0,3.471,cxx_add_to_sub:/mnt/scratch1/ardi/dsl_mut/HM-armc/mutation/lowered-cpp/interpolate/interpolate.halide_generated.cpp:7839:37
interpolate,cxx_default_on_emitted_cpp,5eb72c8d,3,6,cxx_sub_to_add,interpolate.halide_generated.cpp,3752,26,generator_specific,0,0,1,,,test2_golden,0,4.094,cxx_sub_to_add:/mnt/scratch1/ardi/dsl_mut/HM-armc/mutation/lowered-cpp/interpolate/interpolate.halide_generated.cpp:3752:26
interpolate,cxx_default_on_emitted_cpp,5eb72c8d,3,6,cxx_lt_to_le,interpolate.halide_generated.cpp,7413,75,generator_specific,-6,1,1,,,test1_demo;test2_golden,0,0.329,cxx_lt_to_le:/mnt/scratch1/ardi/dsl_mut/HM-armc/mutation/lowered-cpp/interpolate/interpolate.halide_generated.cpp:7413:75
interpolate,cxx_default_on_emitted_cpp,5eb72c8d,3,6,cxx_mul_to_div,interpolate.halide_generated.cpp,12178,33,generator_specific,0,0,0,,,,0,4.010,cxx_mul_to_div:/mnt/scratch1/ardi/dsl_mut/HM-armc/mutation/lowered-cpp/interpolate/interpolate.halide_generated.cpp:12178:33
interpolate,cxx_default_on_emitted_cpp,5eb72c8d,3,6,cxx_add_to_sub,interpolate.halide_generated.cpp,7217,37,generator_specific,0,0,1,,,test2_golden,0,3.247,cxx_add_to_sub:/mnt/scratch1/ardi/dsl_mut/HM-armc/mutation/lowered-cpp/interpolate/interpolate.halide_generated.cpp:7217:37
interpolate,cxx_default_on_emitted_cpp,5eb72c8d,3,6,cxx_sub_to_add,interpolate.halide_generated.cpp,12291,33,generator_specific,0,0,0,,,,0,3.955,cxx_sub_to_add:/mnt/scratch1/ardi/dsl_mut/HM-armc/mutation/lowered-cpp/interpolate/interpolate.halide_generated.cpp:12291:33
interpolate,cxx_default_on_emitted_cpp,5eb72c8d,3,6,cxx_add_to_sub,interpolate.halide_generated.cpp,7581,37,generator_specific,0,0,1,,,test2_golden,0,4.354,cxx_add_to_sub:/mnt/scratch1/ardi/dsl_mut/HM-armc/mutation/lowered-cpp/interpolate/interpolate.halide_generated.cpp:7581:37
interpolate,cxx_default_on_emitted_cpp,5eb72c8d,3,6,cxx_add_to_sub,interpolate.halide_generated.cpp,6785,38,generator_specific,0,0,1,,,test2_golden,0,3.970,cxx_add_to_sub:/mnt/scratch1/ardi/dsl_mut/HM-armc/mutation/lowered-cpp/interpolate/interpolate.halide_generated.cpp:6785:38
interpolate,cxx_default_on_emitted_cpp,5eb72c8d,3,6,cxx_add_to_sub,interpolate.halide_generated.cpp,10257,35,generator_specific,0,0,0,,,,0,3.756,cxx_add_to_sub:/mnt/scratch1/ardi/dsl_mut/HM-armc/mutation/lowered-cpp/interpolate/interpolate.halide_generated.cpp:10257:35
interpolate,cxx_default_on_emitted_cpp,5eb72c8d,3,6,cxx_remove_void_call,interpolate.halide_generated.cpp,4814,2,generator_specific,0,0,0,,,,0,3.888,cxx_remove_void_call:/mnt/scratch1/ardi/dsl_mut/HM-armc/mutation/lowered-cpp/interpolate/interpolate.halide_generated.cpp:4814:2
interpolate,cxx_default_on_emitted_cpp,5eb72c8d,3,6,cxx_add_to_sub,interpolate.halide_generated.cpp,9517,38,generator_specific,0,0,1,,,test2_golden,0,3.883,cxx_add_to_sub:/mnt/scratch1/ardi/dsl_mut/HM-armc/mutation/lowered-cpp/interpolate/interpolate.halide_generated.cpp:9517:38
interpolate,cxx_default_on_emitted_cpp,5eb72c8d,3,6,cxx_add_to_sub,interpolate.halide_generated.cpp,7662,37,generator_specific,0,0,0,,,,0,3.579,cxx_add_to_sub:/mnt/scratch1/ardi/dsl_mut/HM-armc/mutation/lowered-cpp/interpolate/interpolate.halide_generated.cpp:7662:37
interpolate,cxx_default_on_emitted_cpp,5eb72c8d,3,6,cxx_ne_to_eq,interpolate.halide_generated.cpp,11072,26,generator_specific,-6,1,1,,,test1_demo;test2_golden,0,0.253,cxx_ne_to_eq:/mnt/scratch1/ardi/dsl_mut/HM-armc/mutation/lowered-cpp/interpolate/interpolate.halide_generated.cpp:11072:26
interpolate,cxx_default_on_emitted_cpp,5eb72c8d,3,6,cxx_add_to_sub,interpolate.halide_generated.cpp,7655,37,generator_specific,0,0,0,,,,0,3.882,cxx_add_to_sub:/mnt/scratch1/ardi/dsl_mut/HM-armc/mutation/lowered-cpp/interpolate/interpolate.halide_generated.cpp:7655:37
interpolate,cxx_default_on_emitted_cpp,5eb72c8d,3,6,cxx_add_to_sub,interpolate.halide_generated.cpp,6226,27,generator_specific,-6,1,1,,,test1_demo;test2_golden,0,0.338,cxx_add_to_sub:/mnt/scratch1/ardi/dsl_mut/HM-armc/mutation/lowered-cpp/interpolate/interpolate.halide_generated.cpp:6226:27
interpolate,cxx_default_on_emitted_cpp,5eb72c8d,3,6,cxx_sub_to_add,interpolate.halide_generated.cpp,4866,25,generator_specific,0,0,1,,,test2_golden,0,4.408,cxx_sub_to_add:/mnt/scratch1/ardi/dsl_mut/HM-armc/mutation/lowered-cpp/interpolate/interpolate.halide_generated.cpp:4866:25
interpolate,cxx_default_on_emitted_cpp,5eb72c8d,3,6,cxx_lt_to_ge,interpolate.halide_generated.cpp,9775,28,generator_specific,0,0,0,,,,0,3.810,cxx_lt_to_ge:/mnt/scratch1/ardi/dsl_mut/HM-armc/mutation/lowered-cpp/interpolate/interpolate.halide_generated.cpp:9775:28
interpolate,cxx_default_on_emitted_cpp,5eb72c8d,3,6,cxx_sub_to_add,interpolate.halide_generated.cpp,5276,25,generator_specific,0,0,0,,,,0,3.431,cxx_sub_to_add:/mnt/scratch1/ardi/dsl_mut/HM-armc/mutation/lowered-cpp/interpolate/interpolate.halide_generated.cpp:5276:25
interpolate,cxx_default_on_emitted_cpp,5eb72c8d,3,6,cxx_mul_to_div,interpolate.halide_generated.cpp,11031,25,generator_specific,0,0,0,,,,0,4.238,cxx_mul_to_div:/mnt/scratch1/ardi/dsl_mut/HM-armc/mutation/lowered-cpp/interpolate/interpolate.halide_generated.cpp:11031:25
interpolate,cxx_default_on_emitted_cpp,5eb72c8d,3,6,cxx_mul_to_div,interpolate.halide_generated.cpp,5190,26,generator_specific,0,0,0,,,,0,3.931,cxx_mul_to_div:/mnt/scratch1/ardi/dsl_mut/HM-armc/mutation/lowered-cpp/interpolate/interpolate.halide_generated.cpp:5190:26
interpolate,cxx_default_on_emitted_cpp,5eb72c8d,3,6,cxx_add_to_sub,interpolate.halide_generated.cpp,10144,36,generator_specific,0,0,0,,,,0,3.954,cxx_add_to_sub:/mnt/scratch1/ardi/dsl_mut/HM-armc/mutation/lowered-cpp/interpolate/interpolate.halide_generated.cpp:10144:36
interpolate,cxx_default_on_emitted_cpp,5eb72c8d,3,6,cxx_add_to_sub,interpolate.halide_generated.cpp,9763,37,generator_specific,0,0,0,,,,0,3.326,cxx_add_to_sub:/mnt/scratch1/ardi/dsl_mut/HM-armc/mutation/lowered-cpp/interpolate/interpolate.halide_generated.cpp:9763:37
interpolate,cxx_default_on_emitted_cpp,5eb72c8d,3,6,cxx_add_to_sub,interpolate.halide_generated.cpp,9751,38,generator_specific,0,0,1,,,test2_golden,0,3.430,cxx_add_to_sub:/mnt/scratch1/ardi/dsl_mut/HM-armc/mutation/lowered-cpp/interpolate/interpolate.halide_generated.cpp:9751:38
interpolate,cxx_default_on_emitted_cpp,5eb72c8d,3,6,cxx_sub_to_add,interpolate.halide_generated.cpp,8375,35,generator_specific,0,0,1,,,test2_golden,0,5.494,cxx_sub_to_add:/mnt/scratch1/ardi/dsl_mut/HM-armc/mutation/lowered-cpp/interpolate/interpolate.halide_generated.cpp:8375:35
interpolate,cxx_default_on_emitted_cpp,5eb72c8d,3,6,cxx_lt_to_ge,interpolate.halide_generated.cpp,6671,86,generator_specific,0,0,1,,,test2_golden,0,4.476,cxx_lt_to_ge:/mnt/scratch1/ardi/dsl_mut/HM-armc/mutation/lowered-cpp/interpolate/interpolate.halide_generated.cpp:6671:86
interpolate,cxx_default_on_emitted_cpp,5eb72c8d,3,6,cxx_mul_to_div,interpolate.halide_generated.cpp,7095,37,generator_specific,0,0,1,,,test2_golden,0,3.764,cxx_mul_to_div:/mnt/scratch1/ardi/dsl_mut/HM-armc/mutation/lowered-cpp/interpolate/interpolate.halide_generated.cpp:7095:37
interpolate,cxx_default_on_emitted_cpp,5eb72c8d,3,6,cxx_add_to_sub,interpolate.halide_generated.cpp,8298,35,generator_specific,0,0,0,,,,0,3.893,cxx_add_to_sub:/mnt/scratch1/ardi/dsl_mut/HM-armc/mutation/lowered-cpp/interpolate/interpolate.halide_generated.cpp:8298:35
interpolate,cxx_default_on_emitted_cpp,5eb72c8d,3,6,cxx_sub_to_add,interpolate.halide_generated.cpp,7033,37,generator_specific,0,0,1,,,test2_golden,0,4.507,cxx_sub_to_add:/mnt/scratch1/ardi/dsl_mut/HM-armc/mutation/lowered-cpp/interpolate/interpolate.halide_generated.cpp:7033:37
interpolate,cxx_default_on_emitted_cpp,5eb72c8d,3,6,cxx_mul_to_div,interpolate.halide_generated.cpp,9466,51,generator_specific,0,0,0,,,,0,4.364,cxx_mul_to_div:/mnt/scratch1/ardi/dsl_mut/HM-armc/mutation/lowered-cpp/interpolate/interpolate.halide_generated.cpp:9466:51
interpolate,cxx_default_on_emitted_cpp,5eb72c8d,3,6,cxx_le_to_gt,interpolate.halide_generated.cpp,10788,22,generator_specific,0,0,1,,,test2_golden,0,2.064,cxx_le_to_gt:/mnt/scratch1/ardi/dsl_mut/HM-armc/mutation/lowered-cpp/interpolate/interpolate.halide_generated.cpp:10788:22
interpolate,cxx_default_on_emitted_cpp,5eb72c8d,3,6,cxx_gt_to_ge,interpolate.halide_generated.cpp,11354,74,generator_specific,0,0,0,,,,0,4.654,cxx_gt_to_ge:/mnt/scratch1/ardi/dsl_mut/HM-armc/mutation/lowered-cpp/interpolate/interpolate.halide_generated.cpp:11354:74
interpolate,cxx_default_on_emitted_cpp,5eb72c8d,3,6,cxx_add_to_sub,interpolate.halide_generated.cpp,9881,38,generator_specific,0,0,0,,,,0,3.448,cxx_add_to_sub:/mnt/scratch1/ardi/dsl_mut/HM-armc/mutation/lowered-cpp/interpolate/interpolate.halide_generated.cpp:9881:38
interpolate,cxx_default_on_emitted_cpp,5eb72c8d,3,6,cxx_gt_to_le,interpolate.halide_generated.cpp,10966,22,generator_specific,-6,1,1,,,test1_demo;test2_golden,0,0.390,cxx_gt_to_le:/mnt/scratch1/ardi/dsl_mut/HM-armc/mutation/lowered-cpp/interpolate/interpolate.halide_generated.cpp:10966:22
interpolate,cxx_default_on_emitted_cpp,5eb72c8d,3,6,cxx_lt_to_ge,interpolate.halide_generated.cpp,9343,69,generator_specific,0,0,0,,,,0,3.645,cxx_lt_to_ge:/mnt/scratch1/ardi/dsl_mut/HM-armc/mutation/lowered-cpp/interpolate/interpolate.halide_generated.cpp:9343:69
interpolate,cxx_default_on_emitted_cpp,5eb72c8d,3,6,cxx_add_to_sub,interpolate.halide_generated.cpp,6203,26,generator_specific,-6,1,1,,,test1_demo;test2_golden,0,0.431,cxx_add_to_sub:/mnt/scratch1/ardi/dsl_mut/HM-armc/mutation/lowered-cpp/interpolate/interpolate.halide_generated.cpp:6203:26
interpolate,cxx_default_on_emitted_cpp,5eb72c8d,3,6,cxx_le_to_lt,interpolate.halide_generated.cpp,10770,22,generator_specific,0,0,1,,,test2_golden,0,2.063,cxx_le_to_lt:/mnt/scratch1/ardi/dsl_mut/HM-armc/mutation/lowered-cpp/interpolate/interpolate.halide_generated.cpp:10770:22
interpolate,cxx_default_on_emitted_cpp,5eb72c8d,3,6,cxx_mul_to_div,interpolate.halide_generated.cpp,11257,27,generator_specific,0,0,1,,,test2_golden,0,4.138,cxx_mul_to_div:/mnt/scratch1/ardi/dsl_mut/HM-armc/mutation/lowered-cpp/interpolate/interpolate.halide_generated.cpp:11257:27
interpolate,cxx_default_on_emitted_cpp,5eb72c8d,3,6,cxx_lt_to_le,interpolate.halide_generated.cpp,6698,75,generator_specific,0,0,0,,,,0,3.594,cxx_lt_to_le:/mnt/scratch1/ardi/dsl_mut/HM-armc/mutation/lowered-cpp/interpolate/interpolate.halide_generated.cpp:6698:75
interpolate,cxx_default_on_emitted_cpp,5eb72c8d,3,6,cxx_lt_to_ge,interpolate.halide_generated.cpp,9836,75,generator_specific,0,0,0,,,,0,3.564,cxx_lt_to_ge:/mnt/scratch1/ardi/dsl_mut/HM-armc/mutation/lowered-cpp/interpolate/interpolate.halide_generated.cpp:9836:75
interpolate,cxx_default_on_emitted_cpp,5eb72c8d,3,6,cxx_add_to_sub,interpolate.halide_generated.cpp,7633,37,generator_specific,0,0,1,,,test2_golden,0,3.347,cxx_add_to_sub:/mnt/scratch1/ardi/dsl_mut/HM-armc/mutation/lowered-cpp/interpolate/interpolate.halide_generated.cpp:7633:37
interpolate,cxx_default_on_emitted_cpp,5eb72c8d,3,6,cxx_mul_to_div,interpolate.halide_generated.cpp,8951,75,generator_specific,0,0,0,,,,0,3.664,cxx_mul_to_div:/mnt/scratch1/ardi/dsl_mut/HM-armc/mutation/lowered-cpp/interpolate/interpolate.halide_generated.cpp:8951:75
interpolate,cxx_default_on_emitted_cpp,5eb72c8d,3,6,cxx_add_to_sub,interpolate.halide_generated.cpp,8615,38,generator_specific,0,0,0,,,,0,3.473,cxx_add_to_sub:/mnt/scratch1/ardi/dsl_mut/HM-armc/mutation/lowered-cpp/interpolate/interpolate.halide_generated.cpp:8615:38
interpolate,cxx_default_on_emitted_cpp,5eb72c8d,3,6,cxx_ne_to_eq,interpolate.halide_generated.cpp,11097,23,generator_specific,0,0,0,,,,0,3.814,cxx_ne_to_eq:/mnt/scratch1/ardi/dsl_mut/HM-armc/mutation/lowered-cpp/interpolate/interpolate.halide_generated.cpp:11097:23
interpolate,cxx_default_on_emitted_cpp,5eb72c8d,3,6,cxx_add_to_sub,interpolate.halide_generated.cpp,7801,38,generator_specific,0,0,1,,,test2_golden,0,3.951,cxx_add_to_sub:/mnt/scratch1/ardi/dsl_mut/HM-armc/mutation/lowered-cpp/interpolate/interpolate.halide_generated.cpp:7801:38
interpolate,cxx_default_on_emitted_cpp,5eb72c8d,3,6,cxx_add_to_sub,interpolate.halide_generated.cpp,9429,38,generator_specific,0,0,0,,,,0,4.213,cxx_add_to_sub:/mnt/scratch1/ardi/dsl_mut/HM-armc/mutation/lowered-cpp/interpolate/interpolate.halide_generated.cpp:9429:38
interpolate,cxx_default_on_emitted_cpp,5eb72c8d,3,6,cxx_mul_to_div,interpolate.halide_generated.cpp,8073,49,generator_specific,0,0,0,,,,0,4.444,cxx_mul_to_div:/mnt/scratch1/ardi/dsl_mut/HM-armc/mutation/lowered-cpp/interpolate/interpolate.halide_generated.cpp:8073:49
interpolate,cxx_default_on_emitted_cpp,5eb72c8d,3,6,cxx_add_to_sub,interpolate.halide_generated.cpp,6748,37,generator_specific,0,0,1,,,test2_golden,0,3.392,cxx_add_to_sub:/mnt/scratch1/ardi/dsl_mut/HM-armc/mutation/lowered-cpp/interpolate/interpolate.halide_generated.cpp:6748:37
interpolate,cxx_default_on_emitted_cpp,5eb72c8d,3,6,cxx_mul_to_div,interpolate.halide_generated.cpp,7562,36,generator_specific,0,0,1,,,test2_golden,0,4.127,cxx_mul_to_div:/mnt/scratch1/ardi/dsl_mut/HM-armc/mutation/lowered-cpp/interpolate/interpolate.halide_generated.cpp:7562:36
interpolate,cxx_default_on_emitted_cpp,5eb72c8d,3,6,cxx_gt_to_le,interpolate.halide_generated.cpp,9023,33,generator_specific,0,0,0,,,,0,4.284,cxx_gt_to_le:/mnt/scratch1/ardi/dsl_mut/HM-armc/mutation/lowered-cpp/interpolate/interpolate.halide_generated.cpp:9023:33
interpolate,cxx_default_on_emitted_cpp,5eb72c8d,3,6,cxx_gt_to_le,interpolate.halide_generated.cpp,6311,76,generator_specific,-6,1,1,,,test1_demo;test2_golden,0,0.307,cxx_gt_to_le:/mnt/scratch1/ardi/dsl_mut/HM-armc/mutation/lowered-cpp/interpolate/interpolate.halide_generated.cpp:6311:76
interpolate,cxx_default_on_emitted_cpp,5eb72c8d,3,6,cxx_sub_to_add,interpolate.halide_generated.cpp,9919,36,generator_specific,0,0,0,,,,0,3.512,cxx_sub_to_add:/mnt/scratch1/ardi/dsl_mut/HM-armc/mutation/lowered-cpp/interpolate/interpolate.halide_generated.cpp:9919:36
interpolate,cxx_default_on_emitted_cpp,5eb72c8d,3,6,cxx_add_to_sub,interpolate.halide_generated.cpp,8675,36,generator_specific,0,0,0,,,,0,3.682,cxx_add_to_sub:/mnt/scratch1/ardi/dsl_mut/HM-armc/mutation/lowered-cpp/interpolate/interpolate.halide_generated.cpp:8675:36
interpolate,cxx_default_on_emitted_cpp,5eb72c8d,3,6,cxx_add_to_sub,interpolate.halide_generated.cpp,5481,27,generator_specific,0,0,1,,,test2_golden,0,4.473,cxx_add_to_sub:/mnt/scratch1/ardi/dsl_mut/HM-armc/mutation/lowered-cpp/interpolate/interpolate.halide_generated.cpp:5481:27
interpolate,cxx_default_on_emitted_cpp,5eb72c8d,3,6,cxx_post_inc_to_post_dec,interpolate.halide_generated.cpp,9104,95,generator_specific,0,0,1,,,test2_golden,0,4.266,cxx_post_inc_to_post_dec:/mnt/scratch1/ardi/dsl_mut/HM-armc/mutation/lowered-cpp/interpolate/interpolate.halide_generated.cpp:9104:95
interpolate,cxx_default_on_emitted_cpp,5eb72c8d,3,6,cxx_mul_to_div,interpolate.halide_generated.cpp,9144,36,generator_specific,0,0,0,,,,0,3.490,cxx_mul_to_div:/mnt/scratch1/ardi/dsl_mut/HM-armc/mutation/lowered-cpp/interpolate/interpolate.halide_generated.cpp:9144:36
interpolate,cxx_default_on_emitted_cpp,5eb72c8d,3,6,cxx_mul_to_div,interpolate.halide_generated.cpp,7521,37,generator_specific,0,0,0,,,,0,4.170,cxx_mul_to_div:/mnt/scratch1/ardi/dsl_mut/HM-armc/mutation/lowered-cpp/interpolate/interpolate.halide_generated.cpp:7521:37
interpolate,cxx_default_on_emitted_cpp,5eb72c8d,3,6,cxx_add_to_sub,interpolate.halide_generated.cpp,8481,35,generator_specific,0,0,1,,,test2_golden,0,4.407,cxx_add_to_sub:/mnt/scratch1/ardi/dsl_mut/HM-armc/mutation/lowered-cpp/interpolate/interpolate.halide_generated.cpp:8481:35
interpolate,cxx_default_on_emitted_cpp,5eb72c8d,3,6,cxx_mul_to_div,interpolate.halide_generated.cpp,9312,37,generator_specific,0,0,1,,,test2_golden,0,3.672,cxx_mul_to_div:/mnt/scratch1/ardi/dsl_mut/HM-armc/mutation/lowered-cpp/interpolate/interpolate.halide_generated.cpp:9312:37
interpolate,cxx_default_on_emitted_cpp,5eb72c8d,3,6,cxx_sub_to_add,interpolate.halide_generated.cpp,11719,31,generator_specific,0,0,0,,,,0,3.824,cxx_sub_to_add:/mnt/scratch1/ardi/dsl_mut/HM-armc/mutation/lowered-cpp/interpolate/interpolate.halide_generated.cpp:11719:31
interpolate,cxx_default_on_emitted_cpp,5eb72c8d,3,6,cxx_add_to_sub,interpolate.halide_generated.cpp,11907,32,generator_specific,0,0,0,,,,0,3.608,cxx_add_to_sub:/mnt/scratch1/ardi/dsl_mut/HM-armc/mutation/lowered-cpp/interpolate/interpolate.halide_generated.cpp:11907:32
interpolate,cxx_default_on_emitted_cpp,5eb72c8d,3,6,cxx_add_to_sub,interpolate.halide_generated.cpp,7994,37,generator_specific,0,0,0,,,,0,3.754,cxx_add_to_sub:/mnt/scratch1/ardi/dsl_mut/HM-armc/mutation/lowered-cpp/interpolate/interpolate.halide_generated.cpp:7994:37
interpolate,cxx_default_on_emitted_cpp,5eb72c8d,3,6,cxx_add_to_sub,interpolate.halide_generated.cpp,9723,37,generator_specific,0,0,1,,,test2_golden,0,3.774,cxx_add_to_sub:/mnt/scratch1/ardi/dsl_mut/HM-armc/mutation/lowered-cpp/interpolate/interpolate.halide_generated.cpp:9723:37
interpolate,cxx_default_on_emitted_cpp,5eb72c8d,3,6,cxx_lt_to_ge,interpolate.halide_generated.cpp,7348,28,generator_specific,0,0,1,,,test2_golden,0,3.791,cxx_lt_to_ge:/mnt/scratch1/ardi/dsl_mut/HM-armc/mutation/lowered-cpp/interpolate/interpolate.halide_generated.cpp:7348:28
interpolate,cxx_default_on_emitted_cpp,5eb72c8d,3,6,cxx_add_to_sub,interpolate.halide_generated.cpp,3754,28,generator_specific,0,0,0,,,,0,3.675,cxx_add_to_sub:/mnt/scratch1/ardi/dsl_mut/HM-armc/mutation/lowered-cpp/interpolate/interpolate.halide_generated.cpp:3754:28
interpolate,cxx_default_on_emitted_cpp,5eb72c8d,3,6,cxx_replace_scalar_call,interpolate.halide_generated.cpp,10445,18,generator_specific,-6,1,1,,,test1_demo;test2_golden,0,0.289,cxx_replace_scalar_call:/mnt/scratch1/ardi/dsl_mut/HM-armc/mutation/lowered-cpp/interpolate/interpolate.halide_generated.cpp:10445:18
interpolate,cxx_default_on_emitted_cpp,5eb72c8d,3,6,cxx_replace_scalar_call,interpolate.halide_generated.cpp,10577,18,generator_specific,0,0,0,,,,0,4.698,cxx_replace_scalar_call:/mnt/scratch1/ardi/dsl_mut/HM-armc/mutation/lowered-cpp/interpolate/interpolate.halide_generated.cpp:10577:18
interpolate,cxx_default_on_emitted_cpp,5eb72c8d,3,6,cxx_add_to_sub,interpolate.halide_generated.cpp,8341,49,generator_specific,0,0,1,,,test2_golden,0,4.181,cxx_add_to_sub:/mnt/scratch1/ardi/dsl_mut/HM-armc/mutation/lowered-cpp/interpolate/interpolate.halide_generated.cpp:8341:49
interpolate,cxx_default_on_emitted_cpp,5eb72c8d,3,6,cxx_le_to_lt,interpolate.halide_generated.cpp,12020,26,generator_specific,-6,1,1,,,test1_demo;test2_golden,0,0.367,cxx_le_to_lt:/mnt/scratch1/ardi/dsl_mut/HM-armc/mutation/lowered-cpp/interpolate/interpolate.halide_generated.cpp:12020:26
interpolate,cxx_default_on_emitted_cpp,5eb72c8d,3,6,cxx_remove_void_call,interpolate.halide_generated.cpp,4576,5,generator_specific,0,0,0,,,,0,3.941,cxx_remove_void_call:/mnt/scratch1/ardi/dsl_mut/HM-armc/mutation/lowered-cpp/interpolate/interpolate.halide_generated.cpp:4576:5
interpolate,cxx_default_on_emitted_cpp,5eb72c8d,3,6,cxx_add_to_sub,interpolate.halide_generated.cpp,4224,25,generator_specific,0,0,0,,,,0,3.843,cxx_add_to_sub:/mnt/scratch1/ardi/dsl_mut/HM-armc/mutation/lowered-cpp/interpolate/interpolate.halide_generated.cpp:4224:25
interpolate,cxx_default_on_emitted_cpp,5eb72c8d,3,6,cxx_mul_to_div,interpolate.halide_generated.cpp,7904,36,generator_specific,0,0,1,,,test2_golden,0,3.232,cxx_mul_to_div:/mnt/scratch1/ardi/dsl_mut/HM-armc/mutation/lowered-cpp/interpolate/interpolate.halide_generated.cpp:7904:36
interpolate,cxx_default_on_emitted_cpp,5eb72c8d,3,6,cxx_sub_to_add,interpolate.halide_generated.cpp,9682,35,generator_specific,0,0,0,,,,0,3.706,cxx_sub_to_add:/mnt/scratch1/ardi/dsl_mut/HM-armc/mutation/lowered-cpp/interpolate/interpolate.halide_generated.cpp:9682:35
interpolate,cxx_default_on_emitted_cpp,5eb72c8d,3,6,cxx_mul_to_div,interpolate.halide_generated.cpp,10031,37,generator_specific,0,0,0,,,,0,3.974,cxx_mul_to_div:/mnt/scratch1/ardi/dsl_mut/HM-armc/mutation/lowered-cpp/interpolate/interpolate.halide_generated.cpp:10031:37
interpolate,cxx_default_on_emitted_cpp,5eb72c8d,3,6,cxx_add_to_sub,interpolate.halide_generated.cpp,8688,36,generator_specific,0,0,0,,,,0,4.113,cxx_add_to_sub:/mnt/scratch1/ardi/dsl_mut/HM-armc/mutation/lowered-cpp/interpolate/interpolate.halide_generated.cpp:8688:36
interpolate,cxx_default_on_emitted_cpp,5eb72c8d,3,6,cxx_mul_to_div,interpolate.halide_generated.cpp,10019,51,generator_specific,0,0,1,,,test2_golden,0,3.824,cxx_mul_to_div:/mnt/scratch1/ardi/dsl_mut/HM-armc/mutation/lowered-cpp/interpolate/interpolate.halide_generated.cpp:10019:51
interpolate,cxx_default_on_emitted_cpp,5eb72c8d,3,6,cxx_add_to_sub,interpolate.halide_generated.cpp,9046,33,generator_specific,0,0,0,,,,0,3.718,cxx_add_to_sub:/mnt/scratch1/ardi/dsl_mut/HM-armc/mutation/lowered-cpp/interpolate/interpolate.halide_generated.cpp:9046:33
interpolate,cxx_default_on_emitted_cpp,5eb72c8d,3,6,cxx_add_to_sub,interpolate.halide_generated.cpp,12158,33,generator_specific,0,0,0,,,,0,3.850,cxx_add_to_sub:/mnt/scratch1/ardi/dsl_mut/HM-armc/mutation/lowered-cpp/interpolate/interpolate.halide_generated.cpp:12158:33
interpolate,cxx_default_on_emitted_cpp,5eb72c8d,3,6,cxx_mul_to_div,interpolate.halide_generated.cpp,11083,26,generator_specific,0,0,1,,,test2_golden,0,3.769,cxx_mul_to_div:/mnt/scratch1/ardi/dsl_mut/HM-armc/mutation/lowered-cpp/interpolate/interpolate.halide_generated.cpp:11083:26
interpolate,cxx_default_on_emitted_cpp,5eb72c8d,3,6,cxx_mul_to_div,interpolate.halide_generated.cpp,4238,26,generator_specific,0,0,0,,,,0,3.712,cxx_mul_to_div:/mnt/scratch1/ardi/dsl_mut/HM-armc/mutation/lowered-cpp/interpolate/interpolate.halide_generated.cpp:4238:26
interpolate,cxx_default_on_emitted_cpp,5eb72c8d,3,6,cxx_lt_to_le,interpolate.halide_generated.cpp,7745,86,generator_specific,-6,1,1,,,test1_demo;test2_golden,0,0.800,cxx_lt_to_le:/mnt/scratch1/ardi/dsl_mut/HM-armc/mutation/lowered-cpp/interpolate/interpolate.halide_generated.cpp:7745:86
interpolate,cxx_default_on_emitted_cpp,5eb72c8d,3,6,cxx_lt_to_le,interpolate.halide_generated.cpp,8349,81,generator_specific,0,0,1,,,test2_golden,0,4.188,cxx_lt_to_le:/mnt/scratch1/ardi/dsl_mut/HM-armc/mutation/lowered-cpp/interpolate/interpolate.halide_generated.cpp:8349:81
interpolate,cxx_default_on_emitted_cpp,5eb72c8d,3,6,cxx_mul_to_div,interpolate.halide_generated.cpp,7877,37,generator_specific,0,0,1,,,test2_golden,0,4.480,cxx_mul_to_div:/mnt/scratch1/ardi/dsl_mut/HM-armc/mutation/lowered-cpp/interpolate/interpolate.halide_generated.cpp:7877:37
interpolate,cxx_default_on_emitted_cpp,5eb72c8d,3,6,cxx_add_to_sub,interpolate.halide_generated.cpp,4277,25,generator_specific,0,0,1,,,test2_golden,0,3.624,cxx_add_to_sub:/mnt/scratch1/ardi/dsl_mut/HM-armc/mutation/lowered-cpp/interpolate/interpolate.halide_generated.cpp:4277:25
interpolate,cxx_default_on_emitted_cpp,5eb72c8d,3,6,cxx_sub_to_add,interpolate.halide_generated.cpp,5083,25,generator_specific,0,0,1,,,test2_golden,0,3.648,cxx_sub_to_add:/mnt/scratch1/ardi/dsl_mut/HM-armc/mutation/lowered-cpp/interpolate/interpolate.halide_generated.cpp:5083:25
interpolate,cxx_default_on_emitted_cpp,5eb72c8d,3,6,cxx_add_to_sub,interpolate.halide_generated.cpp,6854,37,generator_specific,0,0,1,,,test2_golden,0,3.190,cxx_add_to_sub:/mnt/scratch1/ardi/dsl_mut/HM-armc/mutation/lowered-cpp/interpolate/interpolate.halide_generated.cpp:6854:37
interpolate,cxx_default_on_emitted_cpp,5eb72c8d,3,6,cxx_add_to_sub,interpolate.halide_generated.cpp,4064,25,generator_specific,0,0,0,,,,0,3.936,cxx_add_to_sub:/mnt/scratch1/ardi/dsl_mut/HM-armc/mutation/lowered-cpp/interpolate/interpolate.halide_generated.cpp:4064:25
interpolate,cxx_default_on_emitted_cpp,5eb72c8d,3,6,cxx_sub_to_add,interpolate.halide_generated.cpp,11570,29,generator_specific,0,0,0,,,,0,3.374,cxx_sub_to_add:/mnt/scratch1/ardi/dsl_mut/HM-armc/mutation/lowered-cpp/interpolate/interpolate.halide_generated.cpp:11570:29
interpolate,cxx_default_on_emitted_cpp,5eb72c8d,3,6,cxx_add_to_sub,interpolate.halide_generated.cpp,7121,37,generator_specific,0,0,0,,,,0,3.467,cxx_add_to_sub:/mnt/scratch1/ardi/dsl_mut/HM-armc/mutation/lowered-cpp/interpolate/interpolate.halide_generated.cpp:7121:37
interpolate,cxx_default_on_emitted_cpp,5eb72c8d,3,6,cxx_mul_to_div,interpolate.halide_generated.cpp,11549,29,generator_specific,0,0,0,,,,0,4.552,cxx_mul_to_div:/mnt/scratch1/ardi/dsl_mut/HM-armc/mutation/lowered-cpp/interpolate/interpolate.halide_generated.cpp:11549:29
interpolate,cxx_default_on_emitted_cpp,5eb72c8d,3,6,cxx_replace_scalar_call,interpolate.halide_generated.cpp,10659,20,generator_specific,0,0,0,,,,0,6.016,cxx_replace_scalar_call:/mnt/scratch1/ardi/dsl_mut/HM-armc/mutation/lowered-cpp/interpolate/interpolate.halide_generated.cpp:10659:20
interpolate,cxx_default_on_emitted_cpp,5eb72c8d,3,6,cxx_add_to_sub,interpolate.halide_generated.cpp,7819,37,generator_specific,0,0,0,,,,0,5.527,cxx_add_to_sub:/mnt/scratch1/ardi/dsl_mut/HM-armc/mutation/lowered-cpp/interpolate/interpolate.halide_generated.cpp:7819:37
interpolate,cxx_default_on_emitted_cpp,5eb72c8d,3,6,cxx_add_to_sub,interpolate.halide_generated.cpp,7507,37,generator_specific,0,0,1,,,test2_golden,0,3.757,cxx_add_to_sub:/mnt/scratch1/ardi/dsl_mut/HM-armc/mutation/lowered-cpp/interpolate/interpolate.halide_generated.cpp:7507:37
interpolate,cxx_default_on_emitted_cpp,5eb72c8d,3,6,cxx_gt_to_ge,interpolate.halide_generated.cpp,10865,23,generator_specific,0,0,0,,,,0,3.386,cxx_gt_to_ge:/mnt/scratch1/ardi/dsl_mut/HM-armc/mutation/lowered-cpp/interpolate/interpolate.halide_generated.cpp:10865:23
interpolate,cxx_default_on_emitted_cpp,5eb72c8d,3,6,cxx_add_to_sub,interpolate.halide_generated.cpp,11106,26,generator_specific,0,0,0,,,,0,4.571,cxx_add_to_sub:/mnt/scratch1/ardi/dsl_mut/HM-armc/mutation/lowered-cpp/interpolate/interpolate.halide_generated.cpp:11106:26
interpolate,cxx_default_on_emitted_cpp,5eb72c8d,3,6,cxx_add_to_sub,interpolate.halide_generated.cpp,6671,90,generator_specific,0,0,1,,,test2_golden,0,3.604,cxx_add_to_sub:/mnt/scratch1/ardi/dsl_mut/HM-armc/mutation/lowered-cpp/interpolate/interpolate.halide_generated.cpp:6671:90
interpolate,cxx_default_on_emitted_cpp,5eb72c8d,3,6,cxx_add_to_sub,interpolate.halide_generated.cpp,9482,37,generator_specific,0,0,0,,,,0,4.947,cxx_add_to_sub:/mnt/scratch1/ardi/dsl_mut/HM-armc/mutation/lowered-cpp/interpolate/interpolate.halide_generated.cpp:9482:37
interpolate,cxx_default_on_emitted_cpp,5eb72c8d,3,6,cxx_mul_to_div,interpolate.halide_generated.cpp,7453,37,generator_specific,0,0,1,,,test2_golden,0,3.768,cxx_mul_to_div:/mnt/scratch1/ardi/dsl_mut/HM-armc/mutation/lowered-cpp/interpolate/interpolate.halide_generated.cpp:7453:37
interpolate,cxx_default_on_emitted_cpp,5eb72c8d,3,6,cxx_add_to_sub,interpolate.halide_generated.cpp,9065,34,generator_specific,0,0,0,,,,0,4.108,cxx_add_to_sub:/mnt/scratch1/ardi/dsl_mut/HM-armc/mutation/lowered-cpp/interpolate/interpolate.halide_generated.cpp:9065:34
interpolate,cxx_default_on_emitted_cpp,5eb72c8d,3,6,cxx_mul_to_div,interpolate.halide_generated.cpp,3911,25,generator_specific,-8,1,1,,,test1_demo;test2_golden,0,0.333,cxx_mul_to_div:/mnt/scratch1/ardi/dsl_mut/HM-armc/mutation/lowered-cpp/interpolate/interpolate.halide_generated.cpp:3911:25
interpolate,cxx_default_on_emitted_cpp,5eb72c8d,3,6,cxx_add_to_sub,interpolate.halide_generated.cpp,8260,36,generator_specific,0,0,0,,,,0,4.138,cxx_add_to_sub:/mnt/scratch1/ardi/dsl_mut/HM-armc/mutation/lowered-cpp/interpolate/interpolate.halide_generated.cpp:8260:36
interpolate,cxx_default_on_emitted_cpp,5eb72c8d,3,6,cxx_add_to_sub,interpolate.halide_generated.cpp,9875,37,generator_specific,0,0,1,,,test2_golden,0,5.147,cxx_add_to_sub:/mnt/scratch1/ardi/dsl_mut/HM-armc/mutation/lowered-cpp/interpolate/interpolate.halide_generated.cpp:9875:37
interpolate,cxx_default_on_emitted_cpp,5eb72c8d,3,6,cxx_add_to_sub,interpolate.halide_generated.cpp,6568,37,generator_specific,0,0,0,,,,0,3.664,cxx_add_to_sub:/mnt/scratch1/ardi/dsl_mut/HM-armc/mutation/lowered-cpp/interpolate/interpolate.halide_generated.cpp:6568:37
interpolate,cxx_default_on_emitted_cpp,5eb72c8d,3,6,cxx_sub_to_add,interpolate.halide_generated.cpp,6780,37,generator_specific,0,0,1,,,test2_golden,0,3.560,cxx_sub_to_add:/mnt/scratch1/ardi/dsl_mut/HM-armc/mutation/lowered-cpp/interpolate/interpolate.halide_generated.cpp:6780:37
interpolate,cxx_default_on_emitted_cpp,5eb72c8d,3,6,cxx_add_to_sub,interpolate.halide_generated.cpp,10479,24,generator_specific,0,0,0,,,,0,3.738,cxx_add_to_sub:/mnt/scratch1/ardi/dsl_mut/HM-armc/mutation/lowered-cpp/interpolate/interpolate.halide_generated.cpp:10479:24
interpolate,cxx_default_on_emitted_cpp,5eb72c8d,3,6,cxx_add_to_sub,interpolate.halide_generated.cpp,8070,35,generator_specific,0,0,0,,,,0,4.074,cxx_add_to_sub:/mnt/scratch1/ardi/dsl_mut/HM-armc/mutation/lowered-cpp/interpolate/interpolate.halide_generated.cpp:8070:35
interpolate,cxx_default_on_emitted_cpp,5eb72c8d,3,6,cxx_add_to_sub,interpolate.halide_generated.cpp,8099,36,generator_specific,0,0,0,,,,0,3.525,cxx_add_to_sub:/mnt/scratch1/ardi/dsl_mut/HM-armc/mutation/lowered-cpp/interpolate/interpolate.halide_generated.cpp:8099:36
interpolate,cxx_default_on_emitted_cpp,5eb72c8d,3,6,cxx_add_to_sub,interpolate.halide_generated.cpp,11251,27,generator_specific,0,0,0,,,,0,3.752,cxx_add_to_sub:/mnt/scratch1/ardi/dsl_mut/HM-armc/mutation/lowered-cpp/interpolate/interpolate.halide_generated.cpp:11251:27
interpolate,cxx_default_on_emitted_cpp,5eb72c8d,3,6,cxx_post_inc_to_post_dec,interpolate.halide_generated.cpp,9796,98,generator_specific,0,0,0,,,,0,3.627,cxx_post_inc_to_post_dec:/mnt/scratch1/ardi/dsl_mut/HM-armc/mutation/lowered-cpp/interpolate/interpolate.halide_generated.cpp:9796:98
interpolate,cxx_default_on_emitted_cpp,5eb72c8d,3,6,cxx_add_to_sub,interpolate.halide_generated.cpp,4310,27,generator_specific,0,0,1,,,test2_golden,0,3.976,cxx_add_to_sub:/mnt/scratch1/ardi/dsl_mut/HM-armc/mutation/lowered-cpp/interpolate/interpolate.halide_generated.cpp:4310:27
interpolate,cxx_default_on_emitted_cpp,5eb72c8d,3,6,cxx_lt_to_le,interpolate.halide_generated.cpp,6470,66,generator_specific,-11,1,1,,,test1_demo;test2_golden,0,0.618,cxx_lt_to_le:/mnt/scratch1/ardi/dsl_mut/HM-armc/mutation/lowered-cpp/interpolate/interpolate.halide_generated.cpp:6470:66
interpolate,cxx_default_on_emitted_cpp,5eb72c8d,3,6,cxx_add_to_sub,interpolate.halide_generated.cpp,8548,35,generator_specific,0,0,1,,,test2_golden,0,3.662,cxx_add_to_sub:/mnt/scratch1/ardi/dsl_mut/HM-armc/mutation/lowered-cpp/interpolate/interpolate.halide_generated.cpp:8548:35
interpolate,cxx_default_on_emitted_cpp,5eb72c8d,3,6,cxx_mul_to_div,interpolate.halide_generated.cpp,11574,29,generator_specific,0,0,1,,,test2_golden,0,3.717,cxx_mul_to_div:/mnt/scratch1/ardi/dsl_mut/HM-armc/mutation/lowered-cpp/interpolate/interpolate.halide_generated.cpp:11574:29
interpolate,cxx_default_on_emitted_cpp,5eb72c8d,3,6,cxx_add_to_sub,interpolate.halide_generated.cpp,7607,38,generator_specific,0,0,1,,,test2_golden,0,3.420,cxx_add_to_sub:/mnt/scratch1/ardi/dsl_mut/HM-armc/mutation/lowered-cpp/interpolate/interpolate.halide_generated.cpp:7607:38
interpolate,cxx_default_on_emitted_cpp,5eb72c8d,3,6,cxx_le_to_gt,interpolate.halide_generated.cpp,12043,26,generator_specific,-6,1,1,,,test1_demo;test2_golden,0,0.327,cxx_le_to_gt:/mnt/scratch1/ardi/dsl_mut/HM-armc/mutation/lowered-cpp/interpolate/interpolate.halide_generated.cpp:12043:26
interpolate,cxx_default_on_emitted_cpp,5eb72c8d,3,6,cxx_mul_to_div,interpolate.halide_generated.cpp,10043,38,generator_specific,0,0,0,,,,0,3.811,cxx_mul_to_div:/mnt/scratch1/ardi/dsl_mut/HM-armc/mutation/lowered-cpp/interpolate/interpolate.halide_generated.cpp:10043:38
interpolate,cxx_default_on_emitted_cpp,5eb72c8d,3,6,cxx_add_to_sub,interpolate.halide_generated.cpp,11188,26,generator_specific,0,0,0,,,,0,4.226,cxx_add_to_sub:/mnt/scratch1/ardi/dsl_mut/HM-armc/mutation/lowered-cpp/interpolate/interpolate.halide_generated.cpp:11188:26
interpolate,cxx_default_on_emitted_cpp,5eb72c8d,3,6,cxx_add_to_sub,interpolate.halide_generated.cpp,9550,35,generator_specific,0,0,0,,,,0,3.865,cxx_add_to_sub:/mnt/scratch1/ardi/dsl_mut/HM-armc/mutation/lowered-cpp/interpolate/interpolate.halide_generated.cpp:9550:35
interpolate,cxx_default_on_emitted_cpp,5eb72c8d,3,6,cxx_add_to_sub,interpolate.halide_generated.cpp,5571,27,generator_specific,0,0,1,,,test2_golden,0,3.714,cxx_add_to_sub:/mnt/scratch1/ardi/dsl_mut/HM-armc/mutation/lowered-cpp/interpolate/interpolate.halide_generated.cpp:5571:27
interpolate,cxx_default_on_emitted_cpp,5eb72c8d,3,6,cxx_add_to_sub,interpolate.halide_generated.cpp,9158,37,generator_specific,0,0,0,,,,0,3.977,cxx_add_to_sub:/mnt/scratch1/ardi/dsl_mut/HM-armc/mutation/lowered-cpp/interpolate/interpolate.halide_generated.cpp:9158:37
interpolate,cxx_default_on_emitted_cpp,5eb72c8d,3,6,cxx_remove_void_call,interpolate.halide_generated.cpp,285,13,boilerplate,0,0,0,,,,0,6.109,cxx_remove_void_call:/mnt/scratch1/ardi/dsl_mut/HM-armc/mutation/lowered-cpp/interpolate/interpolate.halide_generated.cpp:285:13
interpolate,cxx_default_on_emitted_cpp,5eb72c8d,3,6,cxx_mul_to_div,interpolate.halide_generated.cpp,11085,26,generator_specific,0,0,1,,,test2_golden,0,3.831,cxx_mul_to_div:/mnt/scratch1/ardi/dsl_mut/HM-armc/mutation/lowered-cpp/interpolate/interpolate.halide_generated.cpp:11085:26
interpolate,cxx_default_on_emitted_cpp,5eb72c8d,3,6,cxx_mul_to_div,interpolate.halide_generated.cpp,8069,35,generator_specific,0,0,1,,,test2_golden,0,3.715,cxx_mul_to_div:/mnt/scratch1/ardi/dsl_mut/HM-armc/mutation/lowered-cpp/interpolate/interpolate.halide_generated.cpp:8069:35
interpolate,cxx_default_on_emitted_cpp,5eb72c8d,3,6,cxx_eq_to_ne,interpolate.halide_generated.cpp,10662,22,generator_specific,-6,1,1,,,test1_demo;test2_golden,0,0.306,cxx_eq_to_ne:/mnt/scratch1/ardi/dsl_mut/HM-armc/mutation/lowered-cpp/interpolate/interpolate.halide_generated.cpp:10662:22
interpolate,cxx_default_on_emitted_cpp,5eb72c8d,3,6,cxx_le_to_lt,interpolate.halide_generated.cpp,10799,18,generator_specific,0,0,0,,,,0,4.848,cxx_le_to_lt:/mnt/scratch1/ardi/dsl_mut/HM-armc/mutation/lowered-cpp/interpolate/interpolate.halide_generated.cpp:10799:18
interpolate,cxx_default_on_emitted_cpp,5eb72c8d,3,6,cxx_mul_to_div,interpolate.halide_generated.cpp,5284,26,generator_specific,-8,1,1,,,test1_demo;test2_golden,0,0.336,cxx_mul_to_div:/mnt/scratch1/ardi/dsl_mut/HM-armc/mutation/lowered-cpp/interpolate/interpolate.halide_generated.cpp:5284:26
interpolate,cxx_default_on_emitted_cpp,5eb72c8d,3,6,cxx_gt_to_ge,interpolate.halide_generated.cpp,3659,22,generator_specific,0,0,0,,,,0,4.118,cxx_gt_to_ge:/mnt/scratch1/ardi/dsl_mut/HM-armc/mutation/lowered-cpp/interpolate/interpolate.halide_generated.cpp:3659:22
interpolate,cxx_default_on_emitted_cpp,5eb72c8d,3,6,cxx_lt_to_ge,interpolate.halide_generated.cpp,9322,28,generator_specific,0,0,0,,,,0,4.760,cxx_lt_to_ge:/mnt/scratch1/ardi/dsl_mut/HM-armc/mutation/lowered-cpp/interpolate/interpolate.halide_generated.cpp:9322:28
interpolate,cxx_default_on_emitted_cpp,5eb72c8d,3,6,cxx_mul_to_div,interpolate.halide_generated.cpp,4324,26,generator_specific,0,0,1,,,test2_golden,0,3.796,cxx_mul_to_div:/mnt/scratch1/ardi/dsl_mut/HM-armc/mutation/lowered-cpp/interpolate/interpolate.halide_generated.cpp:4324:26
interpolate,cxx_default_on_emitted_cpp,5eb72c8d,3,6,cxx_add_to_sub,interpolate.halide_generated.cpp,10296,36,generator_specific,0,0,0,,,,0,4.241,cxx_add_to_sub:/mnt/scratch1/ardi/dsl_mut/HM-armc/mutation/lowered-cpp/interpolate/interpolate.halide_generated.cpp:10296:36
interpolate,cxx_default_on_emitted_cpp,5eb72c8d,3,6,cxx_mul_to_div,interpolate.halide_generated.cpp,9916,51,generator_specific,0,0,0,,,,0,3.795,cxx_mul_to_div:/mnt/scratch1/ardi/dsl_mut/HM-armc/mutation/lowered-cpp/interpolate/interpolate.halide_generated.cpp:9916:51
interpolate,cxx_default_on_emitted_cpp,5eb72c8d,3,6,cxx_mul_to_div,interpolate.halide_generated.cpp,4306,26,generator_specific,0,0,1,,,test2_golden,0,3.743,cxx_mul_to_div:/mnt/scratch1/ardi/dsl_mut/HM-armc/mutation/lowered-cpp/interpolate/interpolate.halide_generated.cpp:4306:26
interpolate,cxx_default_on_emitted_cpp,5eb72c8d,3,6,cxx_add_to_sub,interpolate.halide_generated.cpp,7948,38,generator_specific,-11,1,1,,,test1_demo;test2_golden,0,0.356,cxx_add_to_sub:/mnt/scratch1/ardi/dsl_mut/HM-armc/mutation/lowered-cpp/interpolate/interpolate.halide_generated.cpp:7948:38
interpolate,cxx_default_on_emitted_cpp,5eb72c8d,3,6,cxx_add_to_sub,interpolate.halide_generated.cpp,7390,37,generator_specific,0,0,1,,,test2_golden,0,3.722,cxx_add_to_sub:/mnt/scratch1/ardi/dsl_mut/HM-armc/mutation/lowered-cpp/interpolate/interpolate.halide_generated.cpp:7390:37
interpolate,cxx_default_on_emitted_cpp,5eb72c8d,3,6,cxx_mul_to_div,interpolate.halide_generated.cpp,5365,26,generator_specific,0,0,0,,,,0,3.627,cxx_mul_to_div:/mnt/scratch1/ardi/dsl_mut/HM-armc/mutation/lowered-cpp/interpolate/interpolate.halide_generated.cpp:5365:26
interpolate,cxx_default_on_emitted_cpp,5eb72c8d,3,6,cxx_add_to_sub,interpolate.halide_generated.cpp,7413,79,generator_specific,0,0,1,,,test2_golden,0,3.777,cxx_add_to_sub:/mnt/scratch1/ardi/dsl_mut/HM-armc/mutation/lowered-cpp/interpolate/interpolate.halide_generated.cpp:7413:79
interpolate,cxx_default_on_emitted_cpp,5eb72c8d,3,6,cxx_add_to_sub,interpolate.halide_generated.cpp,6476,35,generator_specific,-11,1,1,,,test1_demo;test2_golden,0,0.477,cxx_add_to_sub:/mnt/scratch1/ardi/dsl_mut/HM-armc/mutation/lowered-cpp/interpolate/interpolate.halide_generated.cpp:6476:35
interpolate,cxx_default_on_emitted_cpp,5eb72c8d,3,6,cxx_add_to_sub,interpolate.halide_generated.cpp,3833,24,generator_specific,0,0,1,,,test2_golden,0,1.813,cxx_add_to_sub:/mnt/scratch1/ardi/dsl_mut/HM-armc/mutation/lowered-cpp/interpolate/interpolate.halide_generated.cpp:3833:24
interpolate,cxx_default_on_emitted_cpp,5eb72c8d,3,6,cxx_add_to_sub,interpolate.halide_generated.cpp,6764,37,generator_specific,0,0,1,,,test2_golden,0,3.510,cxx_add_to_sub:/mnt/scratch1/ardi/dsl_mut/HM-armc/mutation/lowered-cpp/interpolate/interpolate.halide_generated.cpp:6764:37
interpolate,cxx_default_on_emitted_cpp,5eb72c8d,3,6,cxx_add_to_sub,interpolate.halide_generated.cpp,7016,36,generator_specific,-11,1,1,,,test1_demo;test2_golden,0,0.619,cxx_add_to_sub:/mnt/scratch1/ardi/dsl_mut/HM-armc/mutation/lowered-cpp/interpolate/interpolate.halide_generated.cpp:7016:36
interpolate,cxx_default_on_emitted_cpp,5eb72c8d,3,6,cxx_replace_scalar_call,interpolate.halide_generated.cpp,4865,19,generator_specific,0,0,1,,,test2_golden,0,6.630,cxx_replace_scalar_call:/mnt/scratch1/ardi/dsl_mut/HM-armc/mutation/lowered-cpp/interpolate/interpolate.halide_generated.cpp:4865:19
interpolate,cxx_default_on_emitted_cpp,5eb72c8d,3,6,cxx_add_to_sub,interpolate.halide_generated.cpp,6735,37,generator_specific,0,0,0,,,,0,3.629,cxx_add_to_sub:/mnt/scratch1/ardi/dsl_mut/HM-armc/mutation/lowered-cpp/interpolate/interpolate.halide_generated.cpp:6735:37
interpolate,cxx_default_on_emitted_cpp,5eb72c8d,3,6,cxx_add_to_sub,interpolate.halide_generated.cpp,11686,30,generator_specific,0,0,1,,,test2_golden,0,4.184,cxx_add_to_sub:/mnt/scratch1/ardi/dsl_mut/HM-armc/mutation/lowered-cpp/interpolate/interpolate.halide_generated.cpp:11686:30
interpolate,cxx_default_on_emitted_cpp,5eb72c8d,3,6,cxx_add_to_sub,interpolate.halide_generated.cpp,7197,36,generator_specific,-6,1,1,,,test1_demo;test2_golden,0,0.730,cxx_add_to_sub:/mnt/scratch1/ardi/dsl_mut/HM-armc/mutation/lowered-cpp/interpolate/interpolate.halide_generated.cpp:7197:36
interpolate,cxx_default_on_emitted_cpp,5eb72c8d,3,6,cxx_add_to_sub,interpolate.halide_generated.cpp,5097,26,generator_specific,0,0,1,,,test2_golden,0,3.341,cxx_add_to_sub:/mnt/scratch1/ardi/dsl_mut/HM-armc/mutation/lowered-cpp/interpolate/interpolate.halide_generated.cpp:5097:26
interpolate,cxx_default_on_emitted_cpp,5eb72c8d,3,6,cxx_remove_void_call,interpolate.halide_generated.cpp,8556,14,generator_specific,0,0,1,,,test2_golden,0,3.919,cxx_remove_void_call:/mnt/scratch1/ardi/dsl_mut/HM-armc/mutation/lowered-cpp/interpolate/interpolate.halide_generated.cpp:8556:14
interpolate,cxx_default_on_emitted_cpp,5eb72c8d,3,6,cxx_add_to_sub,interpolate.halide_generated.cpp,5537,27,generator_specific,0,0,0,,,,0,3.949,cxx_add_to_sub:/mnt/scratch1/ardi/dsl_mut/HM-armc/mutation/lowered-cpp/interpolate/interpolate.halide_generated.cpp:5537:27
interpolate,cxx_default_on_emitted_cpp,5eb72c8d,3,6,cxx_add_to_sub,interpolate.halide_generated.cpp,5698,27,generator_specific,0,0,1,,,test2_golden,0,4.881,cxx_add_to_sub:/mnt/scratch1/ardi/dsl_mut/HM-armc/mutation/lowered-cpp/interpolate/interpolate.halide_generated.cpp:5698:27
interpolate,cxx_default_on_emitted_cpp,5eb72c8d,3,6,cxx_gt_to_le,interpolate.halide_generated.cpp,6382,34,generator_specific,-6,1,1,,,test1_demo;test2_golden,0,0.415,cxx_gt_to_le:/mnt/scratch1/ardi/dsl_mut/HM-armc/mutation/lowered-cpp/interpolate/interpolate.halide_generated.cpp:6382:34
interpolate,cxx_default_on_emitted_cpp,5eb72c8d,3,6,cxx_gt_to_le,interpolate.halide_generated.cpp,6383,22,generator_specific,-6,1,1,,,test1_demo;test2_golden,0,0.428,cxx_gt_to_le:/mnt/scratch1/ardi/dsl_mut/HM-armc/mutation/lowered-cpp/interpolate/interpolate.halide_generated.cpp:6383:22
interpolate,cxx_default_on_emitted_cpp,5eb72c8d,3,6,cxx_add_to_sub,interpolate.halide_generated.cpp,6299,29,generator_specific,-11,1,1,,,test1_demo;test2_golden,0,0.329,cxx_add_to_sub:/mnt/scratch1/ardi/dsl_mut/HM-armc/mutation/lowered-cpp/interpolate/interpolate.halide_generated.cpp:6299:29
interpolate,cxx_default_on_emitted_cpp,5eb72c8d,3,6,cxx_mul_to_div,interpolate.halide_generated.cpp,3791,25,generator_specific,-8,1,1,,,test1_demo;test2_golden,0,0.318,cxx_mul_to_div:/mnt/scratch1/ardi/dsl_mut/HM-armc/mutation/lowered-cpp/interpolate/interpolate.halide_generated.cpp:3791:25
interpolate,cxx_default_on_emitted_cpp,5eb72c8d,3,6,cxx_add_to_sub,interpolate.halide_generated.cpp,9493,37,generator_specific,0,0,0,,,,0,3.650,cxx_add_to_sub:/mnt/scratch1/ardi/dsl_mut/HM-armc/mutation/lowered-cpp/interpolate/interpolate.halide_generated.cpp:9493:37
interpolate,cxx_default_on_emitted_cpp,5eb72c8d,3,6,cxx_add_to_sub,interpolate.halide_generated.cpp,9513,38,generator_specific,0,0,0,,,,0,3.544,cxx_add_to_sub:/mnt/scratch1/ardi/dsl_mut/HM-armc/mutation/lowered-cpp/interpolate/interpolate.halide_generated.cpp:9513:38
interpolate,cxx_default_on_emitted_cpp,5eb72c8d,3,6,cxx_mul_to_div,interpolate.halide_generated.cpp,9023,78,generator_specific,0,0,0,,,,0,3.599,cxx_mul_to_div:/mnt/scratch1/ardi/dsl_mut/HM-armc/mutation/lowered-cpp/interpolate/interpolate.halide_generated.cpp:9023:78
interpolate,cxx_default_on_emitted_cpp,5eb72c8d,3,6,cxx_add_to_sub,interpolate.halide_generated.cpp,6683,37,generator_specific,0,0,0,,,,0,3.389,cxx_add_to_sub:/mnt/scratch1/ardi/dsl_mut/HM-armc/mutation/lowered-cpp/interpolate/interpolate.halide_generated.cpp:6683:37
interpolate,cxx_default_on_emitted_cpp,5eb72c8d,3,6,cxx_sub_to_add,interpolate.halide_generated.cpp,6924,37,generator_specific,0,0,0,,,,0,3.586,cxx_sub_to_add:/mnt/scratch1/ardi/dsl_mut/HM-armc/mutation/lowered-cpp/interpolate/interpolate.halide_generated.cpp:6924:37
interpolate,cxx_default_on_emitted_cpp,5eb72c8d,3,6,cxx_mul_to_div,interpolate.halide_generated.cpp,6612,37,generator_specific,0,0,1,,,test2_golden,0,3.833,cxx_mul_to_div:/mnt/scratch1/ardi/dsl_mut/HM-armc/mutation/lowered-cpp/interpolate/interpolate.halide_generated.cpp:6612:37
interpolate,cxx_default_on_emitted_cpp,5eb72c8d,3,6,cxx_add_to_sub,interpolate.halide_generated.cpp,10704,25,generator_specific,0,0,1,,,test2_golden,0,4.180,cxx_add_to_sub:/mnt/scratch1/ardi/dsl_mut/HM-armc/mutation/lowered-cpp/interpolate/interpolate.halide_generated.cpp:10704:25
interpolate,cxx_default_on_emitted_cpp,5eb72c8d,3,6,cxx_add_to_sub,interpolate.halide_generated.cpp,7800,37,generator_specific,0,0,1,,,test2_golden,0,4.024,cxx_add_to_sub:/mnt/scratch1/ardi/dsl_mut/HM-armc/mutation/lowered-cpp/interpolate/interpolate.halide_generated.cpp:7800:37
interpolate,cxx_default_on_emitted_cpp,5eb72c8d,3,6,cxx_sub_to_add,interpolate.halide_generated.cpp,10978,26,generator_specific,0,0,0,,,,0,3.854,cxx_sub_to_add:/mnt/scratch1/ardi/dsl_mut/HM-armc/mutation/lowered-cpp/interpolate/interpolate.halide_generated.cpp:10978:26
interpolate,cxx_default_on_emitted_cpp,5eb72c8d,3,6,cxx_replace_scalar_call,interpolate.halide_generated.cpp,190,12,boilerplate,0,0,1,,,test2_golden,0,3.043,cxx_replace_scalar_call:/mnt/scratch1/ardi/dsl_mut/HM-armc/mutation/lowered-cpp/interpolate/interpolate.halide_generated.cpp:190:12
interpolate,cxx_default_on_emitted_cpp,5eb72c8d,3,6,cxx_add_to_sub,interpolate.halide_generated.cpp,8002,38,generator_specific,0,0,0,,,,0,3.890,cxx_add_to_sub:/mnt/scratch1/ardi/dsl_mut/HM-armc/mutation/lowered-cpp/interpolate/interpolate.halide_generated.cpp:8002:38
interpolate,cxx_default_on_emitted_cpp,5eb72c8d,3,6,cxx_add_to_sub,interpolate.halide_generated.cpp,11934,32,generator_specific,0,0,1,,,test2_golden,0,5.701,cxx_add_to_sub:/mnt/scratch1/ardi/dsl_mut/HM-armc/mutation/lowered-cpp/interpolate/interpolate.halide_generated.cpp:11934:32
interpolate,cxx_default_on_emitted_cpp,5eb72c8d,3,6,cxx_mul_to_div,interpolate.halide_generated.cpp,4667,39,generator_specific,0,0,1,,,test2_golden,0,3.642,cxx_mul_to_div:/mnt/scratch1/ardi/dsl_mut/HM-armc/mutation/lowered-cpp/interpolate/interpolate.halide_generated.cpp:4667:39
interpolate,cxx_default_on_emitted_cpp,5eb72c8d,3,6,cxx_add_to_sub,interpolate.halide_generated.cpp,9951,38,generator_specific,0,0,1,,,test2_golden,0,3.579,cxx_add_to_sub:/mnt/scratch1/ardi/dsl_mut/HM-armc/mutation/lowered-cpp/interpolate/interpolate.halide_generated.cpp:9951:38
interpolate,cxx_default_on_emitted_cpp,5eb72c8d,3,6,cxx_add_to_sub,interpolate.halide_generated.cpp,4957,26,generator_specific,0,0,0,,,,0,4.013,cxx_add_to_sub:/mnt/scratch1/ardi/dsl_mut/HM-armc/mutation/lowered-cpp/interpolate/interpolate.halide_generated.cpp:4957:26
interpolate,cxx_default_on_emitted_cpp,5eb72c8d,3,6,cxx_add_to_sub,interpolate.halide_generated.cpp,10337,36,generator_specific,0,0,0,,,,0,4.581,cxx_add_to_sub:/mnt/scratch1/ardi/dsl_mut/HM-armc/mutation/lowered-cpp/interpolate/interpolate.halide_generated.cpp:10337:36
interpolate,cxx_default_on_emitted_cpp,5eb72c8d,3,6,cxx_add_to_sub,interpolate.halide_generated.cpp,5666,66,generator_specific,0,0,1,,,test2_golden,0,3.517,cxx_add_to_sub:/mnt/scratch1/ardi/dsl_mut/HM-armc/mutation/lowered-cpp/interpolate/interpolate.halide_generated.cpp:5666:66
interpolate,cxx_default_on_emitted_cpp,5eb72c8d,3,6,cxx_add_to_sub,interpolate.halide_generated.cpp,10291,35,generator_specific,0,0,0,,,,0,3.897,cxx_add_to_sub:/mnt/scratch1/ardi/dsl_mut/HM-armc/mutation/lowered-cpp/interpolate/interpolate.halide_generated.cpp:10291:35
interpolate,cxx_default_on_emitted_cpp,5eb72c8d,3,6,cxx_mul_to_div,interpolate.halide_generated.cpp,7637,37,generator_specific,0,0,1,,,test2_golden,0,3.797,cxx_mul_to_div:/mnt/scratch1/ardi/dsl_mut/HM-armc/mutation/lowered-cpp/interpolate/interpolate.halide_generated.cpp:7637:37
interpolate,cxx_default_on_emitted_cpp,5eb72c8d,3,6,cxx_mul_to_div,interpolate.halide_generated.cpp,9819,37,generator_specific,0,0,0,,,,0,3.348,cxx_mul_to_div:/mnt/scratch1/ardi/dsl_mut/HM-armc/mutation/lowered-cpp/interpolate/interpolate.halide_generated.cpp:9819:37
interpolate,cxx_default_on_emitted_cpp,5eb72c8d,3,6,cxx_mul_to_div,interpolate.halide_generated.cpp,10026,37,generator_specific,0,0,0,,,,0,4.140,cxx_mul_to_div:/mnt/scratch1/ardi/dsl_mut/HM-armc/mutation/lowered-cpp/interpolate/interpolate.halide_generated.cpp:10026:37
interpolate,cxx_default_on_emitted_cpp,5eb72c8d,3,6,cxx_add_to_sub,interpolate.halide_generated.cpp,3786,25,generator_specific,0,0,0,,,,0,3.753,cxx_add_to_sub:/mnt/scratch1/ardi/dsl_mut/HM-armc/mutation/lowered-cpp/interpolate/interpolate.halide_generated.cpp:3786:25
interpolate,cxx_default_on_emitted_cpp,5eb72c8d,3,6,cxx_add_to_sub,interpolate.halide_generated.cpp,4670,24,generator_specific,-11,1,1,,,test1_demo;test2_golden,0,0.323,cxx_add_to_sub:/mnt/scratch1/ardi/dsl_mut/HM-armc/mutation/lowered-cpp/interpolate/interpolate.halide_generated.cpp:4670:24
interpolate,cxx_default_on_emitted_cpp,5eb72c8d,3,6,cxx_add_to_sub,interpolate.halide_generated.cpp,12213,33,generator_specific,0,0,0,,,,0,4.735,cxx_add_to_sub:/mnt/scratch1/ardi/dsl_mut/HM-armc/mutation/lowered-cpp/interpolate/interpolate.halide_generated.cpp:12213:33
interpolate,cxx_default_on_emitted_cpp,5eb72c8d,3,6,cxx_add_to_sub,interpolate.halide_generated.cpp,8275,36,generator_specific,0,0,0,,,,0,3.706,cxx_add_to_sub:/mnt/scratch1/ardi/dsl_mut/HM-armc/mutation/lowered-cpp/interpolate/interpolate.halide_generated.cpp:8275:36
interpolate,cxx_default_on_emitted_cpp,5eb72c8d,3,6,cxx_add_to_sub,interpolate.halide_generated.cpp,5559,27,generator_specific,0,0,0,,,,0,4.053,cxx_add_to_sub:/mnt/scratch1/ardi/dsl_mut/HM-armc/mutation/lowered-cpp/interpolate/interpolate.halide_generated.cpp:5559:27
interpolate,cxx_default_on_emitted_cpp,5eb72c8d,3,6,cxx_mul_to_div,interpolate.halide_generated.cpp,3967,26,generator_specific,0,0,1,,,test2_golden,0,4.402,cxx_mul_to_div:/mnt/scratch1/ardi/dsl_mut/HM-armc/mutation/lowered-cpp/interpolate/interpolate.halide_generated.cpp:3967:26
interpolate,cxx_default_on_emitted_cpp,5eb72c8d,3,6,cxx_mul_to_div,interpolate.halide_generated.cpp,11583,58,generator_specific,0,0,0,,,,0,3.887,cxx_mul_to_div:/mnt/scratch1/ardi/dsl_mut/HM-armc/mutation/lowered-cpp/interpolate/interpolate.halide_generated.cpp:11583:58
interpolate,cxx_default_on_emitted_cpp,5eb72c8d,3,6,cxx_replace_scalar_call,interpolate.halide_generated.cpp,12603,9,wrapper_metadata,0,0,0,,,,0,4.955,cxx_replace_scalar_call:/mnt/scratch1/ardi/dsl_mut/HM-armc/mutation/lowered-cpp/interpolate/interpolate.halide_generated.cpp:12603:9
interpolate,cxx_default_on_emitted_cpp,5eb72c8d,3,6,cxx_add_to_sub,interpolate.halide_generated.cpp,3778,28,generator_specific,0,0,1,,,test2_golden,0,4.916,cxx_add_to_sub:/mnt/scratch1/ardi/dsl_mut/HM-armc/mutation/lowered-cpp/interpolate/interpolate.halide_generated.cpp:3778:28
interpolate,cxx_default_on_emitted_cpp,5eb72c8d,3,6,cxx_add_to_sub,interpolate.halide_generated.cpp,10133,36,generator_specific,0,0,0,,,,0,4.206,cxx_add_to_sub:/mnt/scratch1/ardi/dsl_mut/HM-armc/mutation/lowered-cpp/interpolate/interpolate.halide_generated.cpp:10133:36
interpolate,cxx_default_on_emitted_cpp,5eb72c8d,3,6,cxx_remove_void_call,interpolate.halide_generated.cpp,9544,16,generator_specific,0,0,1,,,test2_golden,0,3.986,cxx_remove_void_call:/mnt/scratch1/ardi/dsl_mut/HM-armc/mutation/lowered-cpp/interpolate/interpolate.halide_generated.cpp:9544:16
interpolate,cxx_default_on_emitted_cpp,5eb72c8d,3,6,cxx_replace_scalar_call,interpolate.halide_generated.cpp,10425,18,generator_specific,-6,1,1,,,test1_demo;test2_golden,0,0.288,cxx_replace_scalar_call:/mnt/scratch1/ardi/dsl_mut/HM-armc/mutation/lowered-cpp/interpolate/interpolate.halide_generated.cpp:10425:18
interpolate,cxx_default_on_emitted_cpp,5eb72c8d,3,6,cxx_add_to_sub,interpolate.halide_generated.cpp,4153,24,generator_specific,0,0,0,,,,0,4.267,cxx_add_to_sub:/mnt/scratch1/ardi/dsl_mut/HM-armc/mutation/lowered-cpp/interpolate/interpolate.halide_generated.cpp:4153:24
interpolate,cxx_default_on_emitted_cpp,5eb72c8d,3,6,cxx_add_to_sub,interpolate.halide_generated.cpp,4104,26,generator_specific,-11,1,1,,,test1_demo;test2_golden,0,0.248,cxx_add_to_sub:/mnt/scratch1/ardi/dsl_mut/HM-armc/mutation/lowered-cpp/interpolate/interpolate.halide_generated.cpp:4104:26
interpolate,cxx_default_on_emitted_cpp,5eb72c8d,3,6,cxx_replace_scalar_call,interpolate.halide_generated.cpp,10608,15,generator_specific,0,0,0,,,,0,5.449,cxx_replace_scalar_call:/mnt/scratch1/ardi/dsl_mut/HM-armc/mutation/lowered-cpp/interpolate/interpolate.halide_generated.cpp:10608:15
interpolate,cxx_default_on_emitted_cpp,5eb72c8d,3,6,cxx_sub_to_add,interpolate.halide_generated.cpp,7587,37,generator_specific,-6,1,1,,,test1_demo;test2_golden,0,0.504,cxx_sub_to_add:/mnt/scratch1/ardi/dsl_mut/HM-armc/mutation/lowered-cpp/interpolate/interpolate.halide_generated.cpp:7587:37
interpolate,cxx_default_on_emitted_cpp,5eb72c8d,3,6,cxx_sub_to_add,interpolate.halide_generated.cpp,4662,23,generator_specific,0,0,0,,,,0,4.237,cxx_sub_to_add:/mnt/scratch1/ardi/dsl_mut/HM-armc/mutation/lowered-cpp/interpolate/interpolate.halide_generated.cpp:4662:23
interpolate,cxx_default_on_emitted_cpp,5eb72c8d,3,6,cxx_add_to_sub,interpolate.halide_generated.cpp,9701,37,generator_specific,0,0,0,,,,0,3.355,cxx_add_to_sub:/mnt/scratch1/ardi/dsl_mut/HM-armc/mutation/lowered-cpp/interpolate/interpolate.halide_generated.cpp:9701:37
interpolate,cxx_default_on_emitted_cpp,5eb72c8d,3,6,cxx_sub_to_add,interpolate.halide_generated.cpp,11692,31,generator_specific,0,0,0,,,,0,3.984,cxx_sub_to_add:/mnt/scratch1/ardi/dsl_mut/HM-armc/mutation/lowered-cpp/interpolate/interpolate.halide_generated.cpp:11692:31
interpolate,cxx_default_on_emitted_cpp,5eb72c8d,3,6,cxx_add_to_sub,interpolate.halide_generated.cpp,8554,36,generator_specific,-11,1,1,,,test1_demo;test2_golden,0,0.622,cxx_add_to_sub:/mnt/scratch1/ardi/dsl_mut/HM-armc/mutation/lowered-cpp/interpolate/interpolate.halide_generated.cpp:8554:36
interpolate,cxx_default_on_emitted_cpp,5eb72c8d,3,6,cxx_replace_scalar_call,interpolate.halide_generated.cpp,10539,18,generator_specific,0,0,0,,,,0,5.031,cxx_replace_scalar_call:/mnt/scratch1/ardi/dsl_mut/HM-armc/mutation/lowered-cpp/interpolate/interpolate.halide_generated.cpp:10539:18
interpolate,cxx_default_on_emitted_cpp,5eb72c8d,3,6,cxx_add_to_sub,interpolate.halide_generated.cpp,6252,28,generator_specific,-11,1,1,,,test1_demo;test2_golden,0,0.383,cxx_add_to_sub:/mnt/scratch1/ardi/dsl_mut/HM-armc/mutation/lowered-cpp/interpolate/interpolate.halide_generated.cpp:6252:28
interpolate,cxx_default_on_emitted_cpp,5eb72c8d,3,6,cxx_add_to_sub,interpolate.halide_generated.cpp,7589,37,generator_specific,0,0,1,,,test2_golden,0,3.832,cxx_add_to_sub:/mnt/scratch1/ardi/dsl_mut/HM-armc/mutation/lowered-cpp/interpolate/interpolate.halide_generated.cpp:7589:37
interpolate,cxx_default_on_emitted_cpp,5eb72c8d,3,6,cxx_remove_void_call,interpolate.halide_generated.cpp,9658,16,generator_specific,0,0,0,,,,0,4.962,cxx_remove_void_call:/mnt/scratch1/ardi/dsl_mut/HM-armc/mutation/lowered-cpp/interpolate/interpolate.halide_generated.cpp:9658:16
interpolate,cxx_default_on_emitted_cpp,5eb72c8d,3,6,cxx_add_to_sub,interpolate.halide_generated.cpp,8752,36,generator_specific,0,0,0,,,,0,3.846,cxx_add_to_sub:/mnt/scratch1/ardi/dsl_mut/HM-armc/mutation/lowered-cpp/interpolate/interpolate.halide_generated.cpp:8752:36
interpolate,cxx_default_on_emitted_cpp,5eb72c8d,3,6,cxx_add_to_sub,interpolate.halide_generated.cpp,9306,38,generator_specific,0,0,0,,,,0,3.700,cxx_add_to_sub:/mnt/scratch1/ardi/dsl_mut/HM-armc/mutation/lowered-cpp/interpolate/interpolate.halide_generated.cpp:9306:38
interpolate,cxx_default_on_emitted_cpp,5eb72c8d,3,6,cxx_add_to_sub,interpolate.halide_generated.cpp,4484,25,generator_specific,-11,1,1,,,test1_demo;test2_golden,0,0.422,cxx_add_to_sub:/mnt/scratch1/ardi/dsl_mut/HM-armc/mutation/lowered-cpp/interpolate/interpolate.halide_generated.cpp:4484:25
interpolate,cxx_default_on_emitted_cpp,5eb72c8d,3,6,cxx_sub_to_add,interpolate.halide_generated.cpp,6457,34,generator_specific,0,0,1,,,test2_golden,0,3.616,cxx_sub_to_add:/mnt/scratch1/ardi/dsl_mut/HM-armc/mutation/lowered-cpp/interpolate/interpolate.halide_generated.cpp:6457:34
interpolate,cxx_default_on_emitted_cpp,5eb72c8d,3,6,cxx_lt_to_ge,interpolate.halide_generated.cpp,7885,28,generator_specific,0,0,1,,,test2_golden,0,3.497,cxx_lt_to_ge:/mnt/scratch1/ardi/dsl_mut/HM-armc/mutation/lowered-cpp/interpolate/interpolate.halide_generated.cpp:7885:28
interpolate,cxx_default_on_emitted_cpp,5eb72c8d,3,6,cxx_le_to_gt,interpolate.halide_generated.cpp,10722,22,generator_specific,0,0,1,,,test2_golden,0,1.802,cxx_le_to_gt:/mnt/scratch1/ardi/dsl_mut/HM-armc/mutation/lowered-cpp/interpolate/interpolate.halide_generated.cpp:10722:22
interpolate,cxx_default_on_emitted_cpp,5eb72c8d,3,6,cxx_add_to_sub,interpolate.halide_generated.cpp,9383,37,generator_specific,0,0,0,,,,0,4.247,cxx_add_to_sub:/mnt/scratch1/ardi/dsl_mut/HM-armc/mutation/lowered-cpp/interpolate/interpolate.halide_generated.cpp:9383:37
interpolate,cxx_default_on_emitted_cpp,5eb72c8d,3,6,cxx_eq_to_ne,interpolate.halide_generated.cpp,11178,23,generator_specific,0,0,1,,,test2_golden,0,1.775,cxx_eq_to_ne:/mnt/scratch1/ardi/dsl_mut/HM-armc/mutation/lowered-cpp/interpolate/interpolate.halide_generated.cpp:11178:23
interpolate,cxx_default_on_emitted_cpp,5eb72c8d,3,6,cxx_add_to_sub,interpolate.halide_generated.cpp,8446,36,generator_specific,0,0,1,,,test2_golden,0,4.151,cxx_add_to_sub:/mnt/scratch1/ardi/dsl_mut/HM-armc/mutation/lowered-cpp/interpolate/interpolate.halide_generated.cpp:8446:36
interpolate,cxx_default_on_emitted_cpp,5eb72c8d,3,6,cxx_gt_to_le,interpolate.halide_generated.cpp,11814,78,generator_specific,-6,1,1,,,test1_demo;test2_golden,0,0.347,cxx_gt_to_le:/mnt/scratch1/ardi/dsl_mut/HM-armc/mutation/lowered-cpp/interpolate/interpolate.halide_generated.cpp:11814:78
interpolate,cxx_default_on_emitted_cpp,5eb72c8d,3,6,cxx_add_to_sub,interpolate.halide_generated.cpp,6514,36,generator_specific,-11,1,1,,,test1_demo;test2_golden,0,0.339,cxx_add_to_sub:/mnt/scratch1/ardi/dsl_mut/HM-armc/mutation/lowered-cpp/interpolate/interpolate.halide_generated.cpp:6514:36
interpolate,cxx_default_on_emitted_cpp,5eb72c8d,3,6,cxx_add_to_sub,interpolate.halide_generated.cpp,4076,28,generator_specific,-11,1,1,,,test1_demo;test2_golden,0,0.776,cxx_add_to_sub:/mnt/scratch1/ardi/dsl_mut/HM-armc/mutation/lowered-cpp/interpolate/interpolate.halide_generated.cpp:4076:28
interpolate,cxx_default_on_emitted_cpp,5eb72c8d,3,6,cxx_add_to_sub,interpolate.halide_generated.cpp,8691,36,generator_specific,0,0,0,,,,0,4.701,cxx_add_to_sub:/mnt/scratch1/ardi/dsl_mut/HM-armc/mutation/lowered-cpp/interpolate/interpolate.halide_generated.cpp:8691:36
interpolate,cxx_default_on_emitted_cpp,5eb72c8d,3,6,cxx_add_to_sub,interpolate.halide_generated.cpp,4689,24,generator_specific,0,0,1,,,test2_golden,0,3.630,cxx_add_to_sub:/mnt/scratch1/ardi/dsl_mut/HM-armc/mutation/lowered-cpp/interpolate/interpolate.halide_generated.cpp:4689:24
interpolate,cxx_default_on_emitted_cpp,5eb72c8d,3,6,cxx_add_to_sub,interpolate.halide_generated.cpp,8077,36,generator_specific,0,0,0,,,,0,3.869,cxx_add_to_sub:/mnt/scratch1/ardi/dsl_mut/HM-armc/mutation/lowered-cpp/interpolate/interpolate.halide_generated.cpp:8077:36
interpolate,cxx_default_on_emitted_cpp,5eb72c8d,3,6,cxx_mul_to_div,interpolate.halide_generated.cpp,8391,35,generator_specific,0,0,1,,,test2_golden,0,3.368,cxx_mul_to_div:/mnt/scratch1/ardi/dsl_mut/HM-armc/mutation/lowered-cpp/interpolate/interpolate.halide_generated.cpp:8391:35
interpolate,cxx_default_on_emitted_cpp,5eb72c8d,3,6,cxx_add_to_sub,interpolate.halide_generated.cpp,10300,36,generator_specific,0,0,0,,,,0,3.615,cxx_add_to_sub:/mnt/scratch1/ardi/dsl_mut/HM-armc/mutation/lowered-cpp/interpolate/interpolate.halide_generated.cpp:10300:36
interpolate,cxx_default_on_emitted_cpp,5eb72c8d,3,6,cxx_add_to_sub,interpolate.halide_generated.cpp,9090,34,generator_specific,0,0,1,,,test2_golden,0,3.827,cxx_add_to_sub:/mnt/scratch1/ardi/dsl_mut/HM-armc/mutation/lowered-cpp/interpolate/interpolate.halide_generated.cpp:9090:34
interpolate,cxx_default_on_emitted_cpp,5eb72c8d,3,6,cxx_add_to_sub,interpolate.halide_generated.cpp,4142,118,generator_specific,0,0,1,,,test2_golden,0,3.808,cxx_add_to_sub:/mnt/scratch1/ardi/dsl_mut/HM-armc/mutation/lowered-cpp/interpolate/interpolate.halide_generated.cpp:4142:118
interpolate,cxx_default_on_emitted_cpp,5eb72c8d,3,6,cxx_sub_to_add,interpolate.halide_generated.cpp,7435,37,generator_specific,0,0,1,,,test2_golden,0,3.537,cxx_sub_to_add:/mnt/scratch1/ardi/dsl_mut/HM-armc/mutation/lowered-cpp/interpolate/interpolate.halide_generated.cpp:7435:37
interpolate,cxx_default_on_emitted_cpp,5eb72c8d,3,6,cxx_post_inc_to_post_dec,interpolate.halide_generated.cpp,5660,85,generator_specific,-11,1,1,,,test1_demo;test2_golden,0,0.422,cxx_post_inc_to_post_dec:/mnt/scratch1/ardi/dsl_mut/HM-armc/mutation/lowered-cpp/interpolate/interpolate.halide_generated.cpp:5660:85
interpolate,cxx_default_on_emitted_cpp,5eb72c8d,3,6,cxx_lt_to_ge,interpolate.halide_generated.cpp,7190,69,generator_specific,0,0,1,,,test2_golden,0,5.255,cxx_lt_to_ge:/mnt/scratch1/ardi/dsl_mut/HM-armc/mutation/lowered-cpp/interpolate/interpolate.halide_generated.cpp:7190:69
interpolate,cxx_default_on_emitted_cpp,5eb72c8d,3,6,cxx_add_to_sub,interpolate.halide_generated.cpp,8103,36,generator_specific,0,0,0,,,,0,4.539,cxx_add_to_sub:/mnt/scratch1/ardi/dsl_mut/HM-armc/mutation/lowered-cpp/interpolate/interpolate.halide_generated.cpp:8103:36
interpolate,cxx_default_on_emitted_cpp,5eb72c8d,3,6,cxx_add_to_sub,interpolate.halide_generated.cpp,3796,26,generator_specific,0,0,1,,,test2_golden,0,3.617,cxx_add_to_sub:/mnt/scratch1/ardi/dsl_mut/HM-armc/mutation/lowered-cpp/interpolate/interpolate.halide_generated.cpp:3796:26
interpolate,cxx_default_on_emitted_cpp,5eb72c8d,3,6,cxx_mul_to_div,interpolate.halide_generated.cpp,8065,35,generator_specific,0,0,0,,,,0,3.625,cxx_mul_to_div:/mnt/scratch1/ardi/dsl_mut/HM-armc/mutation/lowered-cpp/interpolate/interpolate.halide_generated.cpp:8065:35
interpolate,cxx_default_on_emitted_cpp,5eb72c8d,3,6,cxx_add_to_sub,interpolate.halide_generated.cpp,8695,36,generator_specific,0,0,0,,,,0,3.622,cxx_add_to_sub:/mnt/scratch1/ardi/dsl_mut/HM-armc/mutation/lowered-cpp/interpolate/interpolate.halide_generated.cpp:8695:36
interpolate,cxx_default_on_emitted_cpp,5eb72c8d,3,6,cxx_add_to_sub,interpolate.halide_generated.cpp,12038,34,generator_specific,0,0,0,,,,0,3.861,cxx_add_to_sub:/mnt/scratch1/ardi/dsl_mut/HM-armc/mutation/lowered-cpp/interpolate/interpolate.halide_generated.cpp:12038:34
interpolate,cxx_default_on_emitted_cpp,5eb72c8d,3,6,cxx_add_to_sub,interpolate.halide_generated.cpp,5718,26,generator_specific,0,0,1,,,test2_golden,0,3.856,cxx_add_to_sub:/mnt/scratch1/ardi/dsl_mut/HM-armc/mutation/lowered-cpp/interpolate/interpolate.halide_generated.cpp:5718:26
interpolate,cxx_default_on_emitted_cpp,5eb72c8d,3,6,cxx_gt_to_le,interpolate.halide_generated.cpp,6207,72,generator_specific,-6,1,1,,,test1_demo;test2_golden,0,0.582,cxx_gt_to_le:/mnt/scratch1/ardi/dsl_mut/HM-armc/mutation/lowered-cpp/interpolate/interpolate.halide_generated.cpp:6207:72
interpolate,cxx_default_on_emitted_cpp,5eb72c8d,3,6,cxx_add_to_sub,interpolate.halide_generated.cpp,10306,36,generator_specific,0,0,0,,,,0,4.285,cxx_add_to_sub:/mnt/scratch1/ardi/dsl_mut/HM-armc/mutation/lowered-cpp/interpolate/interpolate.halide_generated.cpp:10306:36
interpolate,cxx_default_on_emitted_cpp,5eb72c8d,3,6,cxx_gt_to_ge,interpolate.halide_generated.cpp,6232,28,generator_specific,0,0,0,,,,0,3.619,cxx_gt_to_ge:/mnt/scratch1/ardi/dsl_mut/HM-armc/mutation/lowered-cpp/interpolate/interpolate.halide_generated.cpp:6232:28
interpolate,cxx_default_on_emitted_cpp,5eb72c8d,3,6,cxx_add_to_sub,interpolate.halide_generated.cpp,8748,35,generator_specific,0,0,0,,,,0,3.621,cxx_add_to_sub:/mnt/scratch1/ardi/dsl_mut/HM-armc/mutation/lowered-cpp/interpolate/interpolate.halide_generated.cpp:8748:35
interpolate,cxx_default_on_emitted_cpp,5eb72c8d,3,6,cxx_mul_to_div,interpolate.halide_generated.cpp,12075,33,generator_specific,0,0,1,,,test2_golden,0,3.756,cxx_mul_to_div:/mnt/scratch1/ardi/dsl_mut/HM-armc/mutation/lowered-cpp/interpolate/interpolate.halide_generated.cpp:12075:33
interpolate,cxx_default_on_emitted_cpp,5eb72c8d,3,6,cxx_mul_to_div,interpolate.halide_generated.cpp,7740,36,generator_specific,0,0,1,,,test2_golden,0,4.154,cxx_mul_to_div:/mnt/scratch1/ardi/dsl_mut/HM-armc/mutation/lowered-cpp/interpolate/interpolate.halide_generated.cpp:7740:36
interpolate,cxx_default_on_emitted_cpp,5eb72c8d,3,6,cxx_eq_to_ne,interpolate.halide_generated.cpp,8933,51,generator_specific,0,0,0,,,,0,3.842,cxx_eq_to_ne:/mnt/scratch1/ardi/dsl_mut/HM-armc/mutation/lowered-cpp/interpolate/interpolate.halide_generated.cpp:8933:51
interpolate,cxx_default_on_emitted_cpp,5eb72c8d,3,6,cxx_lt_to_ge,interpolate.halide_generated.cpp,9106,28,generator_specific,0,0,0,,,,0,3.726,cxx_lt_to_ge:/mnt/scratch1/ardi/dsl_mut/HM-armc/mutation/lowered-cpp/interpolate/interpolate.halide_generated.cpp:9106:28
interpolate,cxx_default_on_emitted_cpp,5eb72c8d,3,6,cxx_sub_to_add,interpolate.halide_generated.cpp,9831,37,generator_specific,0,0,1,,,test2_golden,0,3.602,cxx_sub_to_add:/mnt/scratch1/ardi/dsl_mut/HM-armc/mutation/lowered-cpp/interpolate/interpolate.halide_generated.cpp:9831:37
interpolate,cxx_default_on_emitted_cpp,5eb72c8d,3,6,cxx_add_to_sub,interpolate.halide_generated.cpp,10179,36,generator_specific,0,0,0,,,,0,5.111,cxx_add_to_sub:/mnt/scratch1/ardi/dsl_mut/HM-armc/mutation/lowered-cpp/interpolate/interpolate.halide_generated.cpp:10179:36
interpolate,cxx_default_on_emitted_cpp,5eb72c8d,3,6,cxx_add_to_sub,interpolate.halide_generated.cpp,10221,36,generator_specific,0,0,1,,,test2_golden,0,3.810,cxx_add_to_sub:/mnt/scratch1/ardi/dsl_mut/HM-armc/mutation/lowered-cpp/interpolate/interpolate.halide_generated.cpp:10221:36
interpolate,cxx_default_on_emitted_cpp,5eb72c8d,3,6,cxx_add_to_sub,interpolate.halide_generated.cpp,4891,27,generator_specific,0,0,1,,,test2_golden,0,4.085,cxx_add_to_sub:/mnt/scratch1/ardi/dsl_mut/HM-armc/mutation/lowered-cpp/interpolate/interpolate.halide_generated.cpp:4891:27
interpolate,cxx_default_on_emitted_cpp,5eb72c8d,3,6,cxx_mul_to_div,interpolate.halide_generated.cpp,7585,37,generator_specific,0,0,1,,,test2_golden,0,4.392,cxx_mul_to_div:/mnt/scratch1/ardi/dsl_mut/HM-armc/mutation/lowered-cpp/interpolate/interpolate.halide_generated.cpp:7585:37
interpolate,cxx_default_on_emitted_cpp,5eb72c8d,3,6,cxx_add_to_sub,interpolate.halide_generated.cpp,8084,38,generator_specific,0,0,0,,,,0,3.432,cxx_add_to_sub:/mnt/scratch1/ardi/dsl_mut/HM-armc/mutation/lowered-cpp/interpolate/interpolate.halide_generated.cpp:8084:38
interpolate,cxx_default_on_emitted_cpp,5eb72c8d,3,6,cxx_lt_to_ge,interpolate.halide_generated.cpp,9548,28,generator_specific,0,0,1,,,test2_golden,0,3.858,cxx_lt_to_ge:/mnt/scratch1/ardi/dsl_mut/HM-armc/mutation/lowered-cpp/interpolate/interpolate.halide_generated.cpp:9548:28
interpolate,cxx_default_on_emitted_cpp,5eb72c8d,3,6,cxx_add_to_sub,interpolate.halide_generated.cpp,7139,38,generator_specific,0,0,1,,,test2_golden,0,4.387,cxx_add_to_sub:/mnt/scratch1/ardi/dsl_mut/HM-armc/mutation/lowered-cpp/interpolate/interpolate.halide_generated.cpp:7139:38
interpolate,cxx_default_on_emitted_cpp,5eb72c8d,3,6,cxx_post_inc_to_post_dec,interpolate.halide_generated.cpp,5455,96,generator_specific,-11,1,1,,,test1_demo;test2_golden,0,0.368,cxx_post_inc_to_post_dec:/mnt/scratch1/ardi/dsl_mut/HM-armc/mutation/lowered-cpp/interpolate/interpolate.halide_generated.cpp:5455:96
interpolate,cxx_default_on_emitted_cpp,5eb72c8d,3,6,cxx_add_to_sub,interpolate.halide_generated.cpp,12242,33,generator_specific,0,0,1,,,test2_golden,0,4.827,cxx_add_to_sub:/mnt/scratch1/ardi/dsl_mut/HM-armc/mutation/lowered-cpp/interpolate/interpolate.halide_generated.cpp:12242:33
interpolate,cxx_default_on_emitted_cpp,5eb72c8d,3,6,cxx_gt_to_le,interpolate.halide_generated.cpp,8998,77,generator_specific,0,0,0,,,,0,3.960,cxx_gt_to_le:/mnt/scratch1/ardi/dsl_mut/HM-armc/mutation/lowered-cpp/interpolate/interpolate.halide_generated.cpp:8998:77
interpolate,cxx_default_on_emitted_cpp,5eb72c8d,3,6,cxx_sub_to_add,interpolate.halide_generated.cpp,11572,29,generator_specific,0,0,0,,,,0,3.473,cxx_sub_to_add:/mnt/scratch1/ardi/dsl_mut/HM-armc/mutation/lowered-cpp/interpolate/interpolate.halide_generated.cpp:11572:29
interpolate,cxx_default_on_emitted_cpp,5eb72c8d,3,6,cxx_sub_to_add,interpolate.halide_generated.cpp,3709,22,generator_specific,0,0,1,,,test2_golden,0,3.422,cxx_sub_to_add:/mnt/scratch1/ardi/dsl_mut/HM-armc/mutation/lowered-cpp/interpolate/interpolate.halide_generated.cpp:3709:22
interpolate,cxx_default_on_emitted_cpp,5eb72c8d,3,6,cxx_add_to_sub,interpolate.halide_generated.cpp,7411,37,generator_specific,-11,1,1,,,test1_demo;test2_golden,0,0.332,cxx_add_to_sub:/mnt/scratch1/ardi/dsl_mut/HM-armc/mutation/lowered-cpp/interpolate/interpolate.halide_generated.cpp:7411:37
interpolate,cxx_default_on_emitted_cpp,5eb72c8d,3,6,cxx_add_to_sub,interpolate.halide_generated.cpp,8382,35,generator_specific,0,0,1,,,test2_golden,0,3.805,cxx_add_to_sub:/mnt/scratch1/ardi/dsl_mut/HM-armc/mutation/lowered-cpp/interpolate/interpolate.halide_generated.cpp:8382:35
interpolate,cxx_default_on_emitted_cpp,5eb72c8d,3,6,cxx_post_inc_to_post_dec,interpolate.halide_generated.cpp,4283,96,generator_specific,-11,1,1,,,test1_demo;test2_golden,0,0.252,cxx_post_inc_to_post_dec:/mnt/scratch1/ardi/dsl_mut/HM-armc/mutation/lowered-cpp/interpolate/interpolate.halide_generated.cpp:4283:96
interpolate,cxx_default_on_emitted_cpp,5eb72c8d,3,6,cxx_post_inc_to_post_dec,interpolate.halide_generated.cpp,5280,85,generator_specific,-11,1,1,,,test1_demo;test2_golden,0,0.337,cxx_post_inc_to_post_dec:/mnt/scratch1/ardi/dsl_mut/HM-armc/mutation/lowered-cpp/interpolate/interpolate.halide_generated.cpp:5280:85
interpolate,cxx_default_on_emitted_cpp,5eb72c8d,3,6,cxx_mul_to_div,interpolate.halide_generated.cpp,4174,25,generator_specific,0,0,0,,,,0,3.557,cxx_mul_to_div:/mnt/scratch1/ardi/dsl_mut/HM-armc/mutation/lowered-cpp/interpolate/interpolate.halide_generated.cpp:4174:25
interpolate,cxx_default_on_emitted_cpp,5eb72c8d,3,6,cxx_add_to_sub,interpolate.halide_generated.cpp,10061,38,generator_specific,0,0,1,,,test2_golden,0,3.909,cxx_add_to_sub:/mnt/scratch1/ardi/dsl_mut/HM-armc/mutation/lowered-cpp/interpolate/interpolate.halide_generated.cpp:10061:38
interpolate,cxx_default_on_emitted_cpp,5eb72c8d,3,6,cxx_sub_to_add,interpolate.halide_generated.cpp,5075,24,generator_specific,0,0,0,,,,0,3.682,cxx_sub_to_add:/mnt/scratch1/ardi/dsl_mut/HM-armc/mutation/lowered-cpp/interpolate/interpolate.halide_generated.cpp:5075:24
interpolate,cxx_default_on_emitted_cpp,5eb72c8d,3,6,cxx_add_to_sub,interpolate.halide_generated.cpp,3853,107,generator_specific,0,0,1,,,test2_golden,0,3.627,cxx_add_to_sub:/mnt/scratch1/ardi/dsl_mut/HM-armc/mutation/lowered-cpp/interpolate/interpolate.halide_generated.cpp:3853:107
interpolate,cxx_default_on_emitted_cpp,5eb72c8d,3,6,cxx_add_to_sub,interpolate.halide_generated.cpp,6899,38,generator_specific,0,0,1,,,test2_golden,0,4.019,cxx_add_to_sub:/mnt/scratch1/ardi/dsl_mut/HM-armc/mutation/lowered-cpp/interpolate/interpolate.halide_generated.cpp:6899:38
interpolate,cxx_default_on_emitted_cpp,5eb72c8d,3,6,cxx_remove_void_call,interpolate.halide_generated.cpp,9430,16,generator_specific,0,0,0,,,,0,3.729,cxx_remove_void_call:/mnt/scratch1/ardi/dsl_mut/HM-armc/mutation/lowered-cpp/interpolate/interpolate.halide_generated.cpp:9430:16
interpolate,cxx_default_on_emitted_cpp,5eb72c8d,3,6,cxx_add_to_sub,interpolate.halide_generated.cpp,11715,31,generator_specific,0,0,0,,,,0,3.562,cxx_add_to_sub:/mnt/scratch1/ardi/dsl_mut/HM-armc/mutation/lowered-cpp/interpolate/interpolate.halide_generated.cpp:11715:31
interpolate,cxx_default_on_emitted_cpp,5eb72c8d,3,6,cxx_add_to_sub,interpolate.halide_generated.cpp,8543,36,generator_specific,0,0,1,,,test2_golden,0,3.525,cxx_add_to_sub:/mnt/scratch1/ardi/dsl_mut/HM-armc/mutation/lowered-cpp/interpolate/interpolate.halide_generated.cpp:8543:36
interpolate,cxx_default_on_emitted_cpp,5eb72c8d,3,6,cxx_gt_to_le,interpolate.halide_generated.cpp,10945,23,generator_specific,0,0,0,,,,0,3.714,cxx_gt_to_le:/mnt/scratch1/ardi/dsl_mut/HM-armc/mutation/lowered-cpp/interpolate/interpolate.halide_generated.cpp:10945:23
interpolate,cxx_default_on_emitted_cpp,5eb72c8d,3,6,cxx_mul_to_div,interpolate.halide_generated.cpp,7923,37,generator_specific,0,0,1,,,test2_golden,0,3.671,cxx_mul_to_div:/mnt/scratch1/ardi/dsl_mut/HM-armc/mutation/lowered-cpp/interpolate/interpolate.halide_generated.cpp:7923:37
interpolate,cxx_default_on_emitted_cpp,5eb72c8d,3,6,cxx_sub_to_add,interpolate.halide_generated.cpp,11717,31,generator_specific,0,0,0,,,,0,3.598,cxx_sub_to_add:/mnt/scratch1/ardi/dsl_mut/HM-armc/mutation/lowered-cpp/interpolate/interpolate.halide_generated.cpp:11717:31
interpolate,cxx_default_on_emitted_cpp,5eb72c8d,3,6,cxx_add_to_sub,interpolate.halide_generated.cpp,6703,38,generator_specific,0,0,0,,,,0,4.462,cxx_add_to_sub:/mnt/scratch1/ardi/dsl_mut/HM-armc/mutation/lowered-cpp/interpolate/interpolate.halide_generated.cpp:6703:38
interpolate,cxx_default_on_emitted_cpp,5eb72c8d,3,6,cxx_sub_to_add,interpolate.halide_generated.cpp,12286,33,generator_specific,0,0,1,,,test2_golden,0,3.648,cxx_sub_to_add:/mnt/scratch1/ardi/dsl_mut/HM-armc/mutation/lowered-cpp/interpolate/interpolate.halide_generated.cpp:12286:33
interpolate,cxx_default_on_emitted_cpp,5eb72c8d,3,6,cxx_lt_to_le,interpolate.halide_generated.cpp,9662,28,generator_specific,0,0,0,,,,0,3.707,cxx_lt_to_le:/mnt/scratch1/ardi/dsl_mut/HM-armc/mutation/lowered-cpp/interpolate/interpolate.halide_generated.cpp:9662:28
interpolate,cxx_default_on_emitted_cpp,5eb72c8d,3,6,cxx_lt_to_le,interpolate.halide_generated.cpp,4872,57,generator_specific,-11,1,1,,,test1_demo;test2_golden,0,0.334,cxx_lt_to_le:/mnt/scratch1/ardi/dsl_mut/HM-armc/mutation/lowered-cpp/interpolate/interpolate.halide_generated.cpp:4872:57
interpolate,cxx_default_on_emitted_cpp,5eb72c8d,3,6,cxx_add_to_sub,interpolate.halide_generated.cpp,10033,60,generator_specific,0,0,1,,,test2_golden,0,3.671,cxx_add_to_sub:/mnt/scratch1/ardi/dsl_mut/HM-armc/mutation/lowered-cpp/interpolate/interpolate.halide_generated.cpp:10033:60
interpolate,cxx_default_on_emitted_cpp,5eb72c8d,3,6,cxx_post_inc_to_post_dec,interpolate.halide_generated.cpp,7729,98,generator_specific,-11,1,1,,,test1_demo;test2_golden,0,0.669,cxx_post_inc_to_post_dec:/mnt/scratch1/ardi/dsl_mut/HM-armc/mutation/lowered-cpp/interpolate/interpolate.halide_generated.cpp:7729:98
interpolate,cxx_default_on_emitted_cpp,5eb72c8d,3,6,cxx_add_to_sub,interpolate.halide_generated.cpp,10238,36,generator_specific,0,0,0,,,,0,4.309,cxx_add_to_sub:/mnt/scratch1/ardi/dsl_mut/HM-armc/mutation/lowered-cpp/interpolate/interpolate.halide_generated.cpp:10238:36
interpolate,cxx_default_on_emitted_cpp,5eb72c8d,3,6,cxx_add_to_sub,interpolate.halide_generated.cpp,12211,33,generator_specific,0,0,0,,,,0,3.493,cxx_add_to_sub:/mnt/scratch1/ardi/dsl_mut/HM-armc/mutation/lowered-cpp/interpolate/interpolate.halide_generated.cpp:12211:33
interpolate,cxx_default_on_emitted_cpp,5eb72c8d,3,6,cxx_lt_to_ge,interpolate.halide_generated.cpp,4475,57,generator_specific,0,0,1,,,test2_golden,0,3.800,cxx_lt_to_ge:/mnt/scratch1/ardi/dsl_mut/HM-armc/mutation/lowered-cpp/interpolate/interpolate.halide_generated.cpp:4475:57
interpolate,cxx_default_on_emitted_cpp,5eb72c8d,3,6,cxx_gt_to_ge,interpolate.halide_generated.cpp,10932,22,generator_specific,0,0,0,,,,0,3.421,cxx_gt_to_ge:/mnt/scratch1/ardi/dsl_mut/HM-armc/mutation/lowered-cpp/interpolate/interpolate.halide_generated.cpp:10932:22
interpolate,cxx_default_on_emitted_cpp,5eb72c8d,3,6,cxx_add_to_sub,interpolate.halide_generated.cpp,11602,30,generator_specific,0,0,1,,,test2_golden,0,3.709,cxx_add_to_sub:/mnt/scratch1/ardi/dsl_mut/HM-armc/mutation/lowered-cpp/interpolate/interpolate.halide_generated.cpp:11602:30
interpolate,cxx_default_on_emitted_cpp,5eb72c8d,3,6,cxx_lt_to_ge,interpolate.halide_generated.cpp,4459,64,generator_specific,0,0,1,,,test2_golden,0,3.884,cxx_lt_to_ge:/mnt/scratch1/ardi/dsl_mut/HM-armc/mutation/lowered-cpp/interpolate/interpolate.halide_generated.cpp:4459:64
interpolate,cxx_default_on_emitted_cpp,5eb72c8d,3,6,cxx_sub_to_add,interpolate.halide_generated.cpp,9747,37,generator_specific,0,0,0,,,,0,4.030,cxx_sub_to_add:/mnt/scratch1/ardi/dsl_mut/HM-armc/mutation/lowered-cpp/interpolate/interpolate.halide_generated.cpp:9747:37
interpolate,cxx_default_on_emitted_cpp,5eb72c8d,3,6,cxx_add_to_sub,interpolate.halide_generated.cpp,9781,35,generator_specific,0,0,0,,,,0,3.506,cxx_add_to_sub:/mnt/scratch1/ardi/dsl_mut/HM-armc/mutation/lowered-cpp/interpolate/interpolate.halide_generated.cpp:9781:35
interpolate,cxx_default_on_emitted_cpp,5eb72c8d,3,6,cxx_mul_to_div,interpolate.halide_generated.cpp,5269,25,generator_specific,0,0,1,,,test2_golden,0,3.482,cxx_mul_to_div:/mnt/scratch1/ardi/dsl_mut/HM-armc/mutation/lowered-cpp/interpolate/interpolate.halide_generated.cpp:5269:25
interpolate,cxx_default_on_emitted_cpp,5eb72c8d,3,6,cxx_add_to_sub,interpolate.halide_generated.cpp,6560,37,generator_specific,0,0,0,,,,0,3.490,cxx_add_to_sub:/mnt/scratch1/ardi/dsl_mut/HM-armc/mutation/lowered-cpp/interpolate/interpolate.halide_generated.cpp:6560:37
interpolate,cxx_default_on_emitted_cpp,5eb72c8d,3,6,cxx_add_to_sub,interpolate.halide_generated.cpp,8893,27,generator_specific,0,0,0,,,,0,3.523,cxx_add_to_sub:/mnt/scratch1/ardi/dsl_mut/HM-armc/mutation/lowered-cpp/interpolate/interpolate.halide_generated.cpp:8893:27
interpolate,cxx_default_on_emitted_cpp,5eb72c8d,3,6,cxx_add_to_sub,interpolate.halide_generated.cpp,10532,24,generator_specific,0,0,1,,,test2_golden,0,4.247,cxx_add_to_sub:/mnt/scratch1/ardi/dsl_mut/HM-armc/mutation/lowered-cpp/interpolate/interpolate.halide_generated.cpp:10532:24
interpolate,cxx_default_on_emitted_cpp,5eb72c8d,3,6,cxx_add_to_sub,interpolate.halide_generated.cpp,10077,37,generator_specific,0,0,0,,,,0,5.587,cxx_add_to_sub:/mnt/scratch1/ardi/dsl_mut/HM-armc/mutation/lowered-cpp/interpolate/interpolate.halide_generated.cpp:10077:37
interpolate,cxx_default_on_emitted_cpp,5eb72c8d,3,6,cxx_add_to_sub,interpolate.halide_generated.cpp,7109,60,generator_specific,0,0,1,,,test2_golden,0,3.936,cxx_add_to_sub:/mnt/scratch1/ardi/dsl_mut/HM-armc/mutation/lowered-cpp/interpolate/interpolate.halide_generated.cpp:7109:60
interpolate,cxx_default_on_emitted_cpp,5eb72c8d,3,6,cxx_add_to_sub,interpolate.halide_generated.cpp,5539,27,generator_specific,0,0,0,,,,0,4.502,cxx_add_to_sub:/mnt/scratch1/ardi/dsl_mut/HM-armc/mutation/lowered-cpp/interpolate/interpolate.halide_generated.cpp:5539:27
interpolate,cxx_default_on_emitted_cpp,5eb72c8d,3,6,cxx_add_to_sub,interpolate.halide_generated.cpp,5469,25,generator_specific,0,0,0,,,,0,3.895,cxx_add_to_sub:/mnt/scratch1/ardi/dsl_mut/HM-armc/mutation/lowered-cpp/interpolate/interpolate.halide_generated.cpp:5469:25
interpolate,cxx_default_on_emitted_cpp,5eb72c8d,3,6,cxx_remove_void_call,interpolate.halide_generated.cpp,6045,2,generator_specific,0,0,0,,,,0,3.298,cxx_remove_void_call:/mnt/scratch1/ardi/dsl_mut/HM-armc/mutation/lowered-cpp/interpolate/interpolate.halide_generated.cpp:6045:2
interpolate,cxx_default_on_emitted_cpp,5eb72c8d,3,6,cxx_sub_to_add,interpolate.halide_generated.cpp,10112,35,generator_specific,0,0,0,,,,0,4.265,cxx_sub_to_add:/mnt/scratch1/ardi/dsl_mut/HM-armc/mutation/lowered-cpp/interpolate/interpolate.halide_generated.cpp:10112:35
interpolate,cxx_default_on_emitted_cpp,5eb72c8d,3,6,cxx_sub_to_add,interpolate.halide_generated.cpp,12253,33,generator_specific,0,0,0,,,,0,3.954,cxx_sub_to_add:/mnt/scratch1/ardi/dsl_mut/HM-armc/mutation/lowered-cpp/interpolate/interpolate.halide_generated.cpp:12253:33
interpolate,cxx_default_on_emitted_cpp,5eb72c8d,3,6,cxx_le_to_gt,interpolate.halide_generated.cpp,10971,22,generator_specific,-6,1,1,,,test1_demo;test2_golden,0,0.276,cxx_le_to_gt:/mnt/scratch1/ardi/dsl_mut/HM-armc/mutation/lowered-cpp/interpolate/interpolate.halide_generated.cpp:10971:22
interpolate,cxx_default_on_emitted_cpp,5eb72c8d,3,6,cxx_sub_to_add,interpolate.halide_generated.cpp,6846,36,generator_specific,0,0,0,,,,0,3.348,cxx_sub_to_add:/mnt/scratch1/ardi/dsl_mut/HM-armc/mutation/lowered-cpp/interpolate/interpolate.halide_generated.cpp:6846:36
interpolate,cxx_default_on_emitted_cpp,5eb72c8d,3,6,cxx_add_to_sub,interpolate.halide_generated.cpp,6221,26,generator_specific,-6,1,1,,,test1_demo;test2_golden,0,0.333,cxx_add_to_sub:/mnt/scratch1/ardi/dsl_mut/HM-armc/mutation/lowered-cpp/interpolate/interpolate.halide_generated.cpp:6221:26
interpolate,cxx_default_on_emitted_cpp,5eb72c8d,3,6,cxx_mul_to_div,interpolate.halide_generated.cpp,6627,37,generator_specific,0,0,1,,,test2_golden,0,3.492,cxx_mul_to_div:/mnt/scratch1/ardi/dsl_mut/HM-armc/mutation/lowered-cpp/interpolate/interpolate.halide_generated.cpp:6627:37
interpolate,cxx_default_on_emitted_cpp,5eb72c8d,3,6,cxx_add_to_sub,interpolate.halide_generated.cpp,5338,26,generator_specific,0,0,0,,,,0,5.281,cxx_add_to_sub:/mnt/scratch1/ardi/dsl_mut/HM-armc/mutation/lowered-cpp/interpolate/interpolate.halide_generated.cpp:5338:26
interpolate,cxx_default_on_emitted_cpp,5eb72c8d,3,6,cxx_replace_scalar_call,interpolate.halide_generated.cpp,2508,22,boilerplate,-6,1,1,,,test1_demo;test2_golden,0,0.299,cxx_replace_scalar_call:/mnt/scratch1/ardi/dsl_mut/HM-armc/mutation/lowered-cpp/interpolate/interpolate.halide_generated.cpp:2508:22
interpolate,cxx_default_on_emitted_cpp,5eb72c8d,3,6,cxx_gt_to_ge,interpolate.halide_generated.cpp,9068,35,generator_specific,0,0,1,,,test2_golden,0,3.761,cxx_gt_to_ge:/mnt/scratch1/ardi/dsl_mut/HM-armc/mutation/lowered-cpp/interpolate/interpolate.halide_generated.cpp:9068:35
interpolate,cxx_default_on_emitted_cpp,5eb72c8d,3,6,cxx_add_to_sub,interpolate.halide_generated.cpp,3653,20,generator_specific,-11,1,1,,,test1_demo;test2_golden,0,0.301,cxx_add_to_sub:/mnt/scratch1/ardi/dsl_mut/HM-armc/mutation/lowered-cpp/interpolate/interpolate.halide_generated.cpp:3653:20
interpolate,cxx_default_on_emitted_cpp,5eb72c8d,3,6,cxx_replace_scalar_call,interpolate.halide_generated.cpp,10427,18,generator_specific,-6,1,1,,,test1_demo;test2_golden,0,0.344,cxx_replace_scalar_call:/mnt/scratch1/ardi/dsl_mut/HM-armc/mutation/lowered-cpp/interpolate/interpolate.halide_generated.cpp:10427:18
interpolate,cxx_default_on_emitted_cpp,5eb72c8d,3,6,cxx_add_to_sub,interpolate.halide_generated.cpp,4848,23,generator_specific,0,0,1,,,test2_golden,0,3.785,cxx_add_to_sub:/mnt/scratch1/ardi/dsl_mut/HM-armc/mutation/lowered-cpp/interpolate/interpolate.halide_generated.cpp:4848:23
interpolate,cxx_default_on_emitted_cpp,5eb72c8d,3,6,cxx_lt_to_le,interpolate.halide_generated.cpp,7233,75,generator_specific,0,0,0,,,,0,3.681,cxx_lt_to_le:/mnt/scratch1/ardi/dsl_mut/HM-armc/mutation/lowered-cpp/interpolate/interpolate.halide_generated.cpp:7233:75
interpolate,cxx_default_on_emitted_cpp,5eb72c8d,3,6,cxx_add_to_sub,interpolate.halide_generated.cpp,3798,28,generator_specific,0,0,1,,,test2_golden,0,3.683,cxx_add_to_sub:/mnt/scratch1/ardi/dsl_mut/HM-armc/mutation/lowered-cpp/interpolate/interpolate.halide_generated.cpp:3798:28
interpolate,cxx_default_on_emitted_cpp,5eb72c8d,3,6,cxx_add_to_sub,interpolate.halide_generated.cpp,4884,27,generator_specific,0,0,1,,,test2_golden,0,3.749,cxx_add_to_sub:/mnt/scratch1/ardi/dsl_mut/HM-armc/mutation/lowered-cpp/interpolate/interpolate.halide_generated.cpp:4884:27
interpolate,cxx_default_on_emitted_cpp,5eb72c8d,3,6,cxx_lt_to_le,interpolate.halide_generated.cpp,6499,69,generator_specific,-6,1,1,,,test1_demo;test2_golden,0,0.520,cxx_lt_to_le:/mnt/scratch1/ardi/dsl_mut/HM-armc/mutation/lowered-cpp/interpolate/interpolate.halide_generated.cpp:6499:69
interpolate,cxx_default_on_emitted_cpp,5eb72c8d,3,6,cxx_replace_scalar_call,interpolate.halide_generated.cpp,10785,20,generator_specific,0,0,0,,,,0,5.674,cxx_replace_scalar_call:/mnt/scratch1/ardi/dsl_mut/HM-armc/mutation/lowered-cpp/interpolate/interpolate.halide_generated.cpp:10785:20
interpolate,cxx_default_on_emitted_cpp,5eb72c8d,3,6,cxx_add_to_sub,interpolate.halide_generated.cpp,10223,36,generator_specific,0,0,0,,,,0,3.554,cxx_add_to_sub:/mnt/scratch1/ardi/dsl_mut/HM-armc/mutation/lowered-cpp/interpolate/interpolate.halide_generated.cpp:10223:36
interpolate,cxx_default_on_emitted_cpp,5eb72c8d,3,6,cxx_add_to_sub,interpolate.halide_generated.cpp,8095,36,generator_specific,0,0,0,,,,0,3.946,cxx_add_to_sub:/mnt/scratch1/ardi/dsl_mut/HM-armc/mutation/lowered-cpp/interpolate/interpolate.halide_generated.cpp:8095:36
interpolate,cxx_default_on_emitted_cpp,5eb72c8d,3,6,cxx_mul_to_div,interpolate.halide_generated.cpp,6285,57,generator_specific,0,0,0,,,,0,3.693,cxx_mul_to_div:/mnt/scratch1/ardi/dsl_mut/HM-armc/mutation/lowered-cpp/interpolate/interpolate.halide_generated.cpp:6285:57
interpolate,cxx_default_on_emitted_cpp,5eb72c8d,3,6,cxx_add_to_sub,interpolate.halide_generated.cpp,6448,34,generator_specific,-11,1,1,,,test1_demo;test2_golden,0,0.327,cxx_add_to_sub:/mnt/scratch1/ardi/dsl_mut/HM-armc/mutation/lowered-cpp/interpolate/interpolate.halide_generated.cpp:6448:34
interpolate,cxx_default_on_emitted_cpp,5eb72c8d,3,6,cxx_add_to_sub,interpolate.halide_generated.cpp,5149,26,generator_specific,0,0,0,,,,0,3.708,cxx_add_to_sub:/mnt/scratch1/ardi/dsl_mut/HM-armc/mutation/lowered-cpp/interpolate/interpolate.halide_generated.cpp:5149:26
interpolate,cxx_default_on_emitted_cpp,5eb72c8d,3,6,cxx_mul_to_div,interpolate.halide_generated.cpp,6685,37,generator_specific,0,0,0,,,,0,3.503,cxx_mul_to_div:/mnt/scratch1/ardi/dsl_mut/HM-armc/mutation/lowered-cpp/interpolate/interpolate.halide_generated.cpp:6685:37
interpolate,cxx_default_on_emitted_cpp,5eb72c8d,3,6,cxx_mul_to_div,interpolate.halide_generated.cpp,7406,37,generator_specific,0,0,1,,,test2_golden,0,3.714,cxx_mul_to_div:/mnt/scratch1/ardi/dsl_mut/HM-armc/mutation/lowered-cpp/interpolate/interpolate.halide_generated.cpp:7406:37
interpolate,cxx_default_on_emitted_cpp,5eb72c8d,3,6,cxx_mul_to_div,interpolate.halide_generated.cpp,8803,35,generator_specific,0,0,1,,,test2_golden,0,4.241,cxx_mul_to_div:/mnt/scratch1/ardi/dsl_mut/HM-armc/mutation/lowered-cpp/interpolate/interpolate.halide_generated.cpp:8803:35
interpolate,cxx_default_on_emitted_cpp,5eb72c8d,3,6,cxx_add_to_sub,interpolate.halide_generated.cpp,8523,36,generator_specific,0,0,1,,,test2_golden,0,3.621,cxx_add_to_sub:/mnt/scratch1/ardi/dsl_mut/HM-armc/mutation/lowered-cpp/interpolate/interpolate.halide_generated.cpp:8523:36
interpolate,cxx_default_on_emitted_cpp,5eb72c8d,3,6,cxx_gt_to_ge,interpolate.halide_generated.cpp,6285,75,generator_specific,0,0,1,,,test2_golden,0,3.648,cxx_gt_to_ge:/mnt/scratch1/ardi/dsl_mut/HM-armc/mutation/lowered-cpp/interpolate/interpolate.halide_generated.cpp:6285:75
interpolate,cxx_default_on_emitted_cpp,5eb72c8d,3,6,cxx_post_inc_to_post_dec,interpolate.halide_generated.cpp,5666,96,generator_specific,-11,1,1,,,test1_demo;test2_golden,0,0.413,cxx_post_inc_to_post_dec:/mnt/scratch1/ardi/dsl_mut/HM-armc/mutation/lowered-cpp/interpolate/interpolate.halide_generated.cpp:5666:96
interpolate,cxx_default_on_emitted_cpp,5eb72c8d,3,6,cxx_add_to_sub,interpolate.halide_generated.cpp,5726,27,generator_specific,0,0,1,,,test2_golden,0,3.609,cxx_add_to_sub:/mnt/scratch1/ardi/dsl_mut/HM-armc/mutation/lowered-cpp/interpolate/interpolate.halide_generated.cpp:5726:27
interpolate,cxx_default_on_emitted_cpp,5eb72c8d,3,6,cxx_add_to_sub,interpolate.halide_generated.cpp,10229,36,generator_specific,0,0,0,,,,0,3.639,cxx_add_to_sub:/mnt/scratch1/ardi/dsl_mut/HM-armc/mutation/lowered-cpp/interpolate/interpolate.halide_generated.cpp:10229:36
interpolate,cxx_default_on_emitted_cpp,5eb72c8d,3,6,cxx_replace_scalar_call,interpolate.halide_generated.cpp,10673,20,generator_specific,0,0,0,,,,0,4.839,cxx_replace_scalar_call:/mnt/scratch1/ardi/dsl_mut/HM-armc/mutation/lowered-cpp/interpolate/interpolate.halide_generated.cpp:10673:20
interpolate,cxx_default_on_emitted_cpp,5eb72c8d,3,6,cxx_le_to_lt,interpolate.halide_generated.cpp,10839,22,generator_specific,0,0,0,,,,0,3.689,cxx_le_to_lt:/mnt/scratch1/ardi/dsl_mut/HM-armc/mutation/lowered-cpp/interpolate/interpolate.halide_generated.cpp:10839:22
interpolate,cxx_default_on_emitted_cpp,5eb72c8d,3,6,cxx_add_to_sub,interpolate.halide_generated.cpp,4481,66,generator_specific,0,0,1,,,test2_golden,0,3.636,cxx_add_to_sub:/mnt/scratch1/ardi/dsl_mut/HM-armc/mutation/lowered-cpp/interpolate/interpolate.halide_generated.cpp:4481:66
interpolate,cxx_default_on_emitted_cpp,5eb72c8d,3,6,cxx_lt_to_ge,interpolate.halide_generated.cpp,9146,86,generator_specific,0,0,0,,,,0,4.431,cxx_lt_to_ge:/mnt/scratch1/ardi/dsl_mut/HM-armc/mutation/lowered-cpp/interpolate/interpolate.halide_generated.cpp:9146:86
interpolate,cxx_default_on_emitted_cpp,5eb72c8d,3,6,cxx_mul_to_div,interpolate.halide_generated.cpp,3815,26,generator_specific,0,0,0,,,,0,3.688,cxx_mul_to_div:/mnt/scratch1/ardi/dsl_mut/HM-armc/mutation/lowered-cpp/interpolate/interpolate.halide_generated.cpp:3815:26
interpolate,cxx_default_on_emitted_cpp,5eb72c8d,3,6,cxx_sub_to_add,interpolate.halide_generated.cpp,7035,37,generator_specific,0,0,1,,,test2_golden,0,3.762,cxx_sub_to_add:/mnt/scratch1/ardi/dsl_mut/HM-armc/mutation/lowered-cpp/interpolate/interpolate.halide_generated.cpp:7035:37
interpolate,cxx_default_on_emitted_cpp,5eb72c8d,3,6,cxx_sub_to_add,interpolate.halide_generated.cpp,6935,37,generator_specific,-11,1,1,,,test1_demo;test2_golden,0,0.391,cxx_sub_to_add:/mnt/scratch1/ardi/dsl_mut/HM-armc/mutation/lowered-cpp/interpolate/interpolate.halide_generated.cpp:6935:37
interpolate,cxx_default_on_emitted_cpp,5eb72c8d,3,6,cxx_add_to_sub,interpolate.halide_generated.cpp,9316,37,generator_specific,0,0,0,,,,0,5.302,cxx_add_to_sub:/mnt/scratch1/ardi/dsl_mut/HM-armc/mutation/lowered-cpp/interpolate/interpolate.halide_generated.cpp:9316:37
interpolate,cxx_default_on_emitted_cpp,5eb72c8d,3,6,cxx_add_to_sub,interpolate.halide_generated.cpp,9930,37,generator_specific,0,0,0,,,,0,4.673,cxx_add_to_sub:/mnt/scratch1/ardi/dsl_mut/HM-armc/mutation/lowered-cpp/interpolate/interpolate.halide_generated.cpp:9930:37
interpolate,cxx_default_on_emitted_cpp,5eb72c8d,3,6,cxx_mul_to_div,interpolate.halide_generated.cpp,6766,37,generator_specific,0,0,1,,,test2_golden,0,3.685,cxx_mul_to_div:/mnt/scratch1/ardi/dsl_mut/HM-armc/mutation/lowered-cpp/interpolate/interpolate.halide_generated.cpp:6766:37
interpolate,cxx_default_on_emitted_cpp,5eb72c8d,3,6,cxx_add_to_sub,interpolate.halide_generated.cpp,9116,35,generator_specific,0,0,0,,,,0,4.215,cxx_add_to_sub:/mnt/scratch1/ardi/dsl_mut/HM-armc/mutation/lowered-cpp/interpolate/interpolate.halide_generated.cpp:9116:35
interpolate,cxx_default_on_emitted_cpp,5eb72c8d,3,6,cxx_add_to_sub,interpolate.halide_generated.cpp,5461,43,generator_specific,0,0,1,,,test2_golden,0,4.118,cxx_add_to_sub:/mnt/scratch1/ardi/dsl_mut/HM-armc/mutation/lowered-cpp/interpolate/interpolate.halide_generated.cpp:5461:43
interpolate,cxx_default_on_emitted_cpp,5eb72c8d,3,6,cxx_add_to_sub,interpolate.halide_generated.cpp,12084,33,generator_specific,0,0,0,,,,0,4.112,cxx_add_to_sub:/mnt/scratch1/ardi/dsl_mut/HM-armc/mutation/lowered-cpp/interpolate/interpolate.halide_generated.cpp:12084:33
interpolate,cxx_default_on_emitted_cpp,5eb72c8d,3,6,cxx_add_to_sub,interpolate.halide_generated.cpp,6712,38,generator_specific,0,0,0,,,,0,3.544,cxx_add_to_sub:/mnt/scratch1/ardi/dsl_mut/HM-armc/mutation/lowered-cpp/interpolate/interpolate.halide_generated.cpp:6712:38
interpolate,cxx_default_on_emitted_cpp,5eb72c8d,3,6,cxx_add_to_sub,interpolate.halide_generated.cpp,11046,25,generator_specific,0,0,0,,,,0,3.416,cxx_add_to_sub:/mnt/scratch1/ardi/dsl_mut/HM-armc/mutation/lowered-cpp/interpolate/interpolate.halide_generated.cpp:11046:25
interpolate,cxx_default_on_emitted_cpp,5eb72c8d,3,6,cxx_replace_scalar_call,interpolate.halide_generated.cpp,4999,19,generator_specific,0,0,0,,,,0,4.980,cxx_replace_scalar_call:/mnt/scratch1/ardi/dsl_mut/HM-armc/mutation/lowered-cpp/interpolate/interpolate.halide_generated.cpp:4999:19
interpolate,cxx_default_on_emitted_cpp,5eb72c8d,3,6,cxx_add_to_sub,interpolate.halide_generated.cpp,4478,24,generator_specific,-11,1,1,,,test1_demo;test2_golden,0,0.347,cxx_add_to_sub:/mnt/scratch1/ardi/dsl_mut/HM-armc/mutation/lowered-cpp/interpolate/interpolate.halide_generated.cpp:4478:24
interpolate,cxx_default_on_emitted_cpp,5eb72c8d,3,6,cxx_mul_to_div,interpolate.halide_generated.cpp,8342,35,generator_specific,0,0,1,,,test2_golden,0,3.540,cxx_mul_to_div:/mnt/scratch1/ardi/dsl_mut/HM-armc/mutation/lowered-cpp/interpolate/interpolate.halide_generated.cpp:8342:35
interpolate,cxx_default_on_emitted_cpp,5eb72c8d,3,6,cxx_add_to_sub,interpolate.halide_generated.cpp,5678,27,generator_specific,0,0,1,,,test2_golden,0,4.347,cxx_add_to_sub:/mnt/scratch1/ardi/dsl_mut/HM-armc/mutation/lowered-cpp/interpolate/interpolate.halide_generated.cpp:5678:27
interpolate,cxx_default_on_emitted_cpp,5eb72c8d,3,6,cxx_add_to_sub,interpolate.halide_generated.cpp,9287,38,generator_specific,0,0,0,,,,0,3.378,cxx_add_to_sub:/mnt/scratch1/ardi/dsl_mut/HM-armc/mutation/lowered-cpp/interpolate/interpolate.halide_generated.cpp:9287:38
interpolate,cxx_default_on_emitted_cpp,5eb72c8d,3,6,cxx_lt_to_le,interpolate.halide_generated.cpp,4481,62,generator_specific,0,0,1,,,test2_golden,0,4.259,cxx_lt_to_le:/mnt/scratch1/ardi/dsl_mut/HM-armc/mutation/lowered-cpp/interpolate/interpolate.halide_generated.cpp:4481:62
interpolate,cxx_default_on_emitted_cpp,5eb72c8d,3,6,cxx_mul_to_div,interpolate.halide_generated.cpp,10466,24,generator_specific,0,0,1,,,test2_golden,0,3.609,cxx_mul_to_div:/mnt/scratch1/ardi/dsl_mut/HM-armc/mutation/lowered-cpp/interpolate/interpolate.halide_generated.cpp:10466:24
interpolate,cxx_default_on_emitted_cpp,5eb72c8d,3,6,cxx_mul_to_div,interpolate.halide_generated.cpp,8976,30,generator_specific,0,0,1,,,test2_golden,0,4.015,cxx_mul_to_div:/mnt/scratch1/ardi/dsl_mut/HM-armc/mutation/lowered-cpp/interpolate/interpolate.halide_generated.cpp:8976:30
interpolate,cxx_default_on_emitted_cpp,5eb72c8d,3,6,cxx_add_to_sub,interpolate.halide_generated.cpp,9395,38,generator_specific,0,0,1,,,test2_golden,0,4.287,cxx_add_to_sub:/mnt/scratch1/ardi/dsl_mut/HM-armc/mutation/lowered-cpp/interpolate/interpolate.halide_generated.cpp:9395:38
interpolate,cxx_default_on_emitted_cpp,5eb72c8d,3,6,cxx_replace_scalar_call,interpolate.halide_generated.cpp,10808,20,generator_specific,0,0,0,,,,0,4.719,cxx_replace_scalar_call:/mnt/scratch1/ardi/dsl_mut/HM-armc/mutation/lowered-cpp/interpolate/interpolate.halide_generated.cpp:10808:20
interpolate,cxx_default_on_emitted_cpp,5eb72c8d,3,6,cxx_add_to_sub,interpolate.halide_generated.cpp,5507,26,generator_specific,0,0,1,,,test2_golden,0,5.190,cxx_add_to_sub:/mnt/scratch1/ardi/dsl_mut/HM-armc/mutation/lowered-cpp/interpolate/interpolate.halide_generated.cpp:5507:26
interpolate,cxx_default_on_emitted_cpp,5eb72c8d,3,6,cxx_replace_scalar_call,interpolate.halide_generated.cpp,10443,18,generator_specific,-6,1,1,,,test1_demo;test2_golden,0,0.493,cxx_replace_scalar_call:/mnt/scratch1/ardi/dsl_mut/HM-armc/mutation/lowered-cpp/interpolate/interpolate.halide_generated.cpp:10443:18
interpolate,cxx_default_on_emitted_cpp,5eb72c8d,3,6,cxx_add_to_sub,interpolate.halide_generated.cpp,4473,23,generator_specific,-11,1,1,,,test1_demo;test2_golden,0,0.581,cxx_add_to_sub:/mnt/scratch1/ardi/dsl_mut/HM-armc/mutation/lowered-cpp/interpolate/interpolate.halide_generated.cpp:4473:23
interpolate,cxx_default_on_emitted_cpp,5eb72c8d,3,6,cxx_add_to_sub,interpolate.halide_generated.cpp,3721,24,generator_specific,0,0,1,,,test2_golden,0,3.924,cxx_add_to_sub:/mnt/scratch1/ardi/dsl_mut/HM-armc/mutation/lowered-cpp/interpolate/interpolate.halide_generated.cpp:3721:24
interpolate,cxx_default_on_emitted_cpp,5eb72c8d,3,6,cxx_add_to_sub,interpolate.halide_generated.cpp,10320,36,generator_specific,0,0,0,,,,0,3.819,cxx_add_to_sub:/mnt/scratch1/ardi/dsl_mut/HM-armc/mutation/lowered-cpp/interpolate/interpolate.halide_generated.cpp:10320:36
interpolate,cxx_default_on_emitted_cpp,5eb72c8d,3,6,cxx_add_to_sub,interpolate.halide_generated.cpp,6592,38,generator_specific,0,0,1,,,test2_golden,0,3.289,cxx_add_to_sub:/mnt/scratch1/ardi/dsl_mut/HM-armc/mutation/lowered-cpp/interpolate/interpolate.halide_generated.cpp:6592:38
interpolate,cxx_default_on_emitted_cpp,5eb72c8d,3,6,cxx_add_to_sub,interpolate.halide_generated.cpp,6799,37,generator_specific,0,0,1,,,test2_golden,0,3.896,cxx_add_to_sub:/mnt/scratch1/ardi/dsl_mut/HM-armc/mutation/lowered-cpp/interpolate/interpolate.halide_generated.cpp:6799:37
interpolate,cxx_default_on_emitted_cpp,5eb72c8d,3,6,cxx_mul_to_div,interpolate.halide_generated.cpp,9915,36,generator_specific,0,0,0,,,,0,4.259,cxx_mul_to_div:/mnt/scratch1/ardi/dsl_mut/HM-armc/mutation/lowered-cpp/interpolate/interpolate.halide_generated.cpp:9915:36
interpolate,cxx_default_on_emitted_cpp,5eb72c8d,3,6,cxx_add_to_sub,interpolate.halide_generated.cpp,12185,33,generator_specific,0,0,0,,,,0,4.013,cxx_add_to_sub:/mnt/scratch1/ardi/dsl_mut/HM-armc/mutation/lowered-cpp/interpolate/interpolate.halide_generated.cpp:12185:33
interpolate,cxx_default_on_emitted_cpp,5eb72c8d,3,6,cxx_lt_to_le,interpolate.halide_generated.cpp,3736,103,generator_specific,0,0,0,,,,0,4.840,cxx_lt_to_le:/mnt/scratch1/ardi/dsl_mut/HM-armc/mutation/lowered-cpp/interpolate/interpolate.halide_generated.cpp:3736:103
interpolate,cxx_default_on_emitted_cpp,5eb72c8d,3,6,cxx_add_to_sub,interpolate.halide_generated.cpp,7082,37,generator_specific,0,0,1,,,test2_golden,0,4.548,cxx_add_to_sub:/mnt/scratch1/ardi/dsl_mut/HM-armc/mutation/lowered-cpp/interpolate/interpolate.halide_generated.cpp:7082:37
interpolate,cxx_default_on_emitted_cpp,5eb72c8d,3,6,cxx_add_to_sub,interpolate.halide_generated.cpp,9590,37,generator_specific,0,0,0,,,,0,3.357,cxx_add_to_sub:/mnt/scratch1/ardi/dsl_mut/HM-armc/mutation/lowered-cpp/interpolate/interpolate.halide_generated.cpp:9590:37
interpolate,cxx_default_on_emitted_cpp,5eb72c8d,3,6,cxx_gt_to_le,interpolate.halide_generated.cpp,6258,29,generator_specific,-11,1,1,,,test1_demo;test2_golden,0,0.320,cxx_gt_to_le:/mnt/scratch1/ardi/dsl_mut/HM-armc/mutation/lowered-cpp/interpolate/interpolate.halide_generated.cpp:6258:29
interpolate,cxx_default_on_emitted_cpp,5eb72c8d,3,6,cxx_mul_to_div,interpolate.halide_generated.cpp,8488,36,generator_specific,0,0,1,,,test2_golden,0,4.963,cxx_mul_to_div:/mnt/scratch1/ardi/dsl_mut/HM-armc/mutation/lowered-cpp/interpolate/interpolate.halide_generated.cpp:8488:36
interpolate,cxx_default_on_emitted_cpp,5eb72c8d,3,6,cxx_gt_to_le,interpolate.halide_generated.cpp,8926,74,generator_specific,0,0,1,,,test2_golden,0,4.450,cxx_gt_to_le:/mnt/scratch1/ardi/dsl_mut/HM-armc/mutation/lowered-cpp/interpolate/interpolate.halide_generated.cpp:8926:74
interpolate,cxx_default_on_emitted_cpp,5eb72c8d,3,6,cxx_add_to_sub,interpolate.halide_generated.cpp,10313,36,generator_specific,0,0,0,,,,0,3.795,cxx_add_to_sub:/mnt/scratch1/ardi/dsl_mut/HM-armc/mutation/lowered-cpp/interpolate/interpolate.halide_generated.cpp:10313:36
interpolate,cxx_default_on_emitted_cpp,5eb72c8d,3,6,cxx_replace_scalar_call,interpolate.halide_generated.cpp,10796,20,generator_specific,0,0,0,,,,0,5.720,cxx_replace_scalar_call:/mnt/scratch1/ardi/dsl_mut/HM-armc/mutation/lowered-cpp/interpolate/interpolate.halide_generated.cpp:10796:20
interpolate,cxx_default_on_emitted_cpp,5eb72c8d,3,6,cxx_add_to_sub,interpolate.halide_generated.cpp,4519,24,generator_specific,0,0,1,,,test2_golden,0,4.091,cxx_add_to_sub:/mnt/scratch1/ardi/dsl_mut/HM-armc/mutation/lowered-cpp/interpolate/interpolate.halide_generated.cpp:4519:24
interpolate,cxx_default_on_emitted_cpp,5eb72c8d,3,6,cxx_mul_to_div,interpolate.halide_generated.cpp,8412,35,generator_specific,0,0,1,,,test2_golden,0,3.465,cxx_mul_to_div:/mnt/scratch1/ardi/dsl_mut/HM-armc/mutation/lowered-cpp/interpolate/interpolate.halide_generated.cpp:8412:35
interpolate,cxx_default_on_emitted_cpp,5eb72c8d,3,6,cxx_add_to_sub,interpolate.halide_generated.cpp,10455,24,generator_specific,0,0,1,,,test2_golden,0,3.481,cxx_add_to_sub:/mnt/scratch1/ardi/dsl_mut/HM-armc/mutation/lowered-cpp/interpolate/interpolate.halide_generated.cpp:10455:24
interpolate,cxx_default_on_emitted_cpp,5eb72c8d,3,6,cxx_mul_to_div,interpolate.halide_generated.cpp,9067,34,generator_specific,0,0,0,,,,0,4.068,cxx_mul_to_div:/mnt/scratch1/ardi/dsl_mut/HM-armc/mutation/lowered-cpp/interpolate/interpolate.halide_generated.cpp:9067:34
interpolate,cxx_default_on_emitted_cpp,5eb72c8d,3,6,cxx_mul_to_div,interpolate.halide_generated.cpp,7161,37,generator_specific,0,0,0,,,,0,3.382,cxx_mul_to_div:/mnt/scratch1/ardi/dsl_mut/HM-armc/mutation/lowered-cpp/interpolate/interpolate.halide_generated.cpp:7161:37
interpolate,cxx_default_on_emitted_cpp,5eb72c8d,3,6,cxx_sub_to_add,interpolate.halide_generated.cpp,6498,35,generator_specific,0,0,1,,,test2_golden,0,3.519,cxx_sub_to_add:/mnt/scratch1/ardi/dsl_mut/HM-armc/mutation/lowered-cpp/interpolate/interpolate.halide_generated.cpp:6498:35
interpolate,cxx_default_on_emitted_cpp,5eb72c8d,3,6,cxx_remove_void_call,interpolate.halide_generated.cpp,5240,2,generator_specific,0,0,1,,,test2_golden,0,3.896,cxx_remove_void_call:/mnt/scratch1/ardi/dsl_mut/HM-armc/mutation/lowered-cpp/interpolate/interpolate.halide_generated.cpp:5240:2
interpolate,cxx_default_on_emitted_cpp,5eb72c8d,3,6,cxx_add_to_sub,interpolate.halide_generated.cpp,4488,25,generator_specific,0,0,1,,,test2_golden,0,3.794,cxx_add_to_sub:/mnt/scratch1/ardi/dsl_mut/HM-armc/mutation/lowered-cpp/interpolate/interpolate.halide_generated.cpp:4488:25
interpolate,cxx_default_on_emitted_cpp,5eb72c8d,3,6,cxx_add_to_sub,interpolate.halide_generated.cpp,7067,38,generator_specific,0,0,1,,,test2_golden,0,3.383,cxx_add_to_sub:/mnt/scratch1/ardi/dsl_mut/HM-armc/mutation/lowered-cpp/interpolate/interpolate.halide_generated.cpp:7067:38
interpolate,cxx_default_on_emitted_cpp,5eb72c8d,3,6,cxx_mul_to_div,interpolate.halide_generated.cpp,4373,26,generator_specific,0,0,0,,,,0,5.046,cxx_mul_to_div:/mnt/scratch1/ardi/dsl_mut/HM-armc/mutation/lowered-cpp/interpolate/interpolate.halide_generated.cpp:4373:26
interpolate,cxx_default_on_emitted_cpp,5eb72c8d,3,6,cxx_add_to_sub,interpolate.halide_generated.cpp,3941,26,generator_specific,-11,1,1,,,test1_demo;test2_golden,0,0.255,cxx_add_to_sub:/mnt/scratch1/ardi/dsl_mut/HM-armc/mutation/lowered-cpp/interpolate/interpolate.halide_generated.cpp:3941:26
interpolate,cxx_default_on_emitted_cpp,5eb72c8d,3,6,cxx_add_to_sub,interpolate.halide_generated.cpp,11449,28,generator_specific,0,0,0,,,,0,3.727,cxx_add_to_sub:/mnt/scratch1/ardi/dsl_mut/HM-armc/mutation/lowered-cpp/interpolate/interpolate.halide_generated.cpp:11449:28
interpolate,cxx_default_on_emitted_cpp,5eb72c8d,3,6,cxx_add_to_sub,interpolate.halide_generated.cpp,10709,26,generator_specific,0,0,0,,,,0,4.507,cxx_add_to_sub:/mnt/scratch1/ardi/dsl_mut/HM-armc/mutation/lowered-cpp/interpolate/interpolate.halide_generated.cpp:10709:26
interpolate,cxx_default_on_emitted_cpp,5eb72c8d,3,6,cxx_add_to_sub,interpolate.halide_generated.cpp,4975,26,generator_specific,0,0,0,,,,0,3.621,cxx_add_to_sub:/mnt/scratch1/ardi/dsl_mut/HM-armc/mutation/lowered-cpp/interpolate/interpolate.halide_generated.cpp:4975:26
interpolate,cxx_default_on_emitted_cpp,5eb72c8d,3,6,cxx_gt_to_le,interpolate.halide_generated.cpp,8998,20,generator_specific,0,0,1,,,test2_golden,0,3.409,cxx_gt_to_le:/mnt/scratch1/ardi/dsl_mut/HM-armc/mutation/lowered-cpp/interpolate/interpolate.halide_generated.cpp:8998:20
interpolate,cxx_default_on_emitted_cpp,5eb72c8d,3,6,cxx_mul_to_div,interpolate.halide_generated.cpp,4026,25,generator_specific,0,0,0,,,,0,3.947,cxx_mul_to_div:/mnt/scratch1/ardi/dsl_mut/HM-armc/mutation/lowered-cpp/interpolate/interpolate.halide_generated.cpp:4026:25
interpolate,cxx_default_on_emitted_cpp,5eb72c8d,3,6,cxx_add_to_sub,interpolate.halide_generated.cpp,7078,38,generator_specific,0,0,1,,,test2_golden,0,3.347,cxx_add_to_sub:/mnt/scratch1/ardi/dsl_mut/HM-armc/mutation/lowered-cpp/interpolate/interpolate.halide_generated.cpp:7078:38
interpolate,cxx_default_on_emitted_cpp,5eb72c8d,3,6,cxx_add_to_sub,interpolate.halide_generated.cpp,6503,36,generator_specific,-11,1,1,,,test1_demo;test2_golden,0,0.695,cxx_add_to_sub:/mnt/scratch1/ardi/dsl_mut/HM-armc/mutation/lowered-cpp/interpolate/interpolate.halide_generated.cpp:6503:36
interpolate,cxx_default_on_emitted_cpp,5eb72c8d,3,6,cxx_add_to_sub,interpolate.halide_generated.cpp,7458,38,generator_specific,-11,1,1,,,test1_demo;test2_golden,0,0.690,cxx_add_to_sub:/mnt/scratch1/ardi/dsl_mut/HM-armc/mutation/lowered-cpp/interpolate/interpolate.halide_generated.cpp:7458:38
interpolate,cxx_default_on_emitted_cpp,5eb72c8d,3,6,cxx_add_to_sub,interpolate.halide_generated.cpp,9600,60,generator_specific,0,0,0,,,,0,3.751,cxx_add_to_sub:/mnt/scratch1/ardi/dsl_mut/HM-armc/mutation/lowered-cpp/interpolate/interpolate.halide_generated.cpp:9600:60
interpolate,cxx_default_on_emitted_cpp,5eb72c8d,3,6,cxx_sub_to_add,interpolate.halide_generated.cpp,4138,23,generator_specific,0,0,1,,,test2_golden,0,4.304,cxx_sub_to_add:/mnt/scratch1/ardi/dsl_mut/HM-armc/mutation/lowered-cpp/interpolate/interpolate.halide_generated.cpp:4138:23
interpolate,cxx_default_on_emitted_cpp,5eb72c8d,3,6,cxx_add_to_sub,interpolate.halide_generated.cpp,8919,28,generator_specific,0,0,0,,,,0,3.470,cxx_add_to_sub:/mnt/scratch1/ardi/dsl_mut/HM-armc/mutation/lowered-cpp/interpolate/interpolate.halide_generated.cpp:8919:28
interpolate,cxx_default_on_emitted_cpp,5eb72c8d,3,6,cxx_lt_to_le,interpolate.halide_generated.cpp,7666,75,generator_specific,0,0,0,,,,0,3.316,cxx_lt_to_le:/mnt/scratch1/ardi/dsl_mut/HM-armc/mutation/lowered-cpp/interpolate/interpolate.halide_generated.cpp:7666:75
interpolate,cxx_default_on_emitted_cpp,5eb72c8d,3,6,cxx_replace_scalar_call,interpolate.halide_generated.cpp,10520,18,generator_specific,0,0,1,,,test2_golden,0,4.969,cxx_replace_scalar_call:/mnt/scratch1/ardi/dsl_mut/HM-armc/mutation/lowered-cpp/interpolate/interpolate.halide_generated.cpp:10520:18
interpolate,cxx_default_on_emitted_cpp,5eb72c8d,3,6,cxx_add_to_sub,interpolate.halide_generated.cpp,10249,36,generator_specific,0,0,0,,,,0,3.741,cxx_add_to_sub:/mnt/scratch1/ardi/dsl_mut/HM-armc/mutation/lowered-cpp/interpolate/interpolate.halide_generated.cpp:10249:36
interpolate,cxx_default_on_emitted_cpp,5eb72c8d,3,6,cxx_add_to_sub,interpolate.halide_generated.cpp,5686,26,generator_specific,0,0,1,,,test2_golden,0,4.260,cxx_add_to_sub:/mnt/scratch1/ardi/dsl_mut/HM-armc/mutation/lowered-cpp/interpolate/interpolate.halide_generated.cpp:5686:26
interpolate,cxx_default_on_emitted_cpp,5eb72c8d,3,6,cxx_add_to_sub,interpolate.halide_generated.cpp,7974,37,generator_specific,0,0,1,,,test2_golden,0,4.056,cxx_add_to_sub:/mnt/scratch1/ardi/dsl_mut/HM-armc/mutation/lowered-cpp/interpolate/interpolate.halide_generated.cpp:7974:37
interpolate,cxx_default_on_emitted_cpp,5eb72c8d,3,6,cxx_add_to_sub,interpolate.halide_generated.cpp,7479,60,generator_specific,0,0,0,,,,0,3.914,cxx_add_to_sub:/mnt/scratch1/ardi/dsl_mut/HM-armc/mutation/lowered-cpp/interpolate/interpolate.halide_generated.cpp:7479:60
interpolate,cxx_default_on_emitted_cpp,5eb72c8d,3,6,cxx_mul_to_div,interpolate.halide_generated.cpp,7739,36,generator_specific,-8,1,1,,,test1_demo;test2_golden,0,0.387,cxx_mul_to_div:/mnt/scratch1/ardi/dsl_mut/HM-armc/mutation/lowered-cpp/interpolate/interpolate.halide_generated.cpp:7739:36
interpolate,cxx_default_on_emitted_cpp,5eb72c8d,3,6,cxx_add_to_sub,interpolate.halide_generated.cpp,6522,37,generator_specific,0,0,0,,,,0,3.889,cxx_add_to_sub:/mnt/scratch1/ardi/dsl_mut/HM-armc/mutation/lowered-cpp/interpolate/interpolate.halide_generated.cpp:6522:37
interpolate,cxx_default_on_emitted_cpp,5eb72c8d,3,6,cxx_sub_to_add,interpolate.halide_generated.cpp,5652,25,generator_specific,0,0,1,,,test2_golden,0,4.807,cxx_sub_to_add:/mnt/scratch1/ardi/dsl_mut/HM-armc/mutation/lowered-cpp/interpolate/interpolate.halide_generated.cpp:5652:25
interpolate,cxx_default_on_emitted_cpp,5eb72c8d,3,6,cxx_mul_to_div,interpolate.halide_generated.cpp,9705,37,generator_specific,0,0,0,,,,0,3.745,cxx_mul_to_div:/mnt/scratch1/ardi/dsl_mut/HM-armc/mutation/lowered-cpp/interpolate/interpolate.halide_generated.cpp:9705:37
interpolate,cxx_default_on_emitted_cpp,5eb72c8d,3,6,cxx_replace_scalar_call,interpolate.halide_generated.cpp,10626,15,generator_specific,0,0,0,,,,0,5.583,cxx_replace_scalar_call:/mnt/scratch1/ardi/dsl_mut/HM-armc/mutation/lowered-cpp/interpolate/interpolate.halide_generated.cpp:10626:15
interpolate,cxx_default_on_emitted_cpp,5eb72c8d,3,6,cxx_replace_scalar_call,interpolate.halide_generated.cpp,11032,19,generator_specific,0,0,0,,,,0,5.411,cxx_replace_scalar_call:/mnt/scratch1/ardi/dsl_mut/HM-armc/mutation/lowered-cpp/interpolate/interpolate.halide_generated.cpp:11032:19
interpolate,cxx_default_on_emitted_cpp,5eb72c8d,3,6,cxx_mul_to_div,interpolate.halide_generated.cpp,4532,25,generator_specific,-8,1,1,,,test1_demo;test2_golden,0,0.290,cxx_mul_to_div:/mnt/scratch1/ardi/dsl_mut/HM-armc/mutation/lowered-cpp/interpolate/interpolate.halide_generated.cpp:4532:25
interpolate,cxx_default_on_emitted_cpp,5eb72c8d,3,6,cxx_add_to_sub,interpolate.halide_generated.cpp,4266,25,generator_specific,-11,1,1,,,test1_demo;test2_golden,0,0.256,cxx_add_to_sub:/mnt/scratch1/ardi/dsl_mut/HM-armc/mutation/lowered-cpp/interpolate/interpolate.halide_generated.cpp:4266:25
interpolate,cxx_default_on_emitted_cpp,5eb72c8d,3,6,cxx_replace_scalar_call,interpolate.halide_generated.cpp,10562,18,generator_specific,0,0,1,,,test2_golden,0,5.715,cxx_replace_scalar_call:/mnt/scratch1/ardi/dsl_mut/HM-armc/mutation/lowered-cpp/interpolate/interpolate.halide_generated.cpp:10562:18
interpolate,cxx_default_on_emitted_cpp,5eb72c8d,3,6,cxx_replace_scalar_call,interpolate.halide_generated.cpp,10998,20,generator_specific,0,0,0,,,,0,4.793,cxx_replace_scalar_call:/mnt/scratch1/ardi/dsl_mut/HM-armc/mutation/lowered-cpp/interpolate/interpolate.halide_generated.cpp:10998:20
interpolate,cxx_default_on_emitted_cpp,5eb72c8d,3,6,cxx_add_to_sub,interpolate.halide_generated.cpp,9391,38,generator_specific,0,0,0,,,,0,3.751,cxx_add_to_sub:/mnt/scratch1/ardi/dsl_mut/HM-armc/mutation/lowered-cpp/interpolate/interpolate.halide_generated.cpp:9391:38
interpolate,cxx_default_on_emitted_cpp,5eb72c8d,3,6,cxx_add_to_sub,interpolate.halide_generated.cpp,3844,118,generator_specific,0,0,1,,,test2_golden,0,4.049,cxx_add_to_sub:/mnt/scratch1/ardi/dsl_mut/HM-armc/mutation/lowered-cpp/interpolate/interpolate.halide_generated.cpp:3844:118
interpolate,cxx_default_on_emitted_cpp,5eb72c8d,3,6,cxx_mul_to_div,interpolate.halide_generated.cpp,11081,26,generator_specific,-6,1,1,,,test1_demo;test2_golden,0,0.417,cxx_mul_to_div:/mnt/scratch1/ardi/dsl_mut/HM-armc/mutation/lowered-cpp/interpolate/interpolate.halide_generated.cpp:11081:26
interpolate,cxx_default_on_emitted_cpp,5eb72c8d,3,6,cxx_add_to_sub,interpolate.halide_generated.cpp,8029,37,generator_specific,0,0,1,,,test2_golden,0,3.455,cxx_add_to_sub:/mnt/scratch1/ardi/dsl_mut/HM-armc/mutation/lowered-cpp/interpolate/interpolate.halide_generated.cpp:8029:37
interpolate,cxx_default_on_emitted_cpp,5eb72c8d,3,6,cxx_add_to_sub,interpolate.halide_generated.cpp,8720,35,generator_specific,0,0,0,,,,0,4.267,cxx_add_to_sub:/mnt/scratch1/ardi/dsl_mut/HM-armc/mutation/lowered-cpp/interpolate/interpolate.halide_generated.cpp:8720:35
interpolate,cxx_default_on_emitted_cpp,5eb72c8d,3,6,cxx_mul_to_div,interpolate.halide_generated.cpp,7482,37,generator_specific,0,0,1,,,test2_golden,0,3.348,cxx_mul_to_div:/mnt/scratch1/ardi/dsl_mut/HM-armc/mutation/lowered-cpp/interpolate/interpolate.halide_generated.cpp:7482:37
interpolate,cxx_default_on_emitted_cpp,5eb72c8d,3,6,cxx_mul_to_div,interpolate.halide_generated.cpp,7763,37,generator_specific,0,0,1,,,test2_golden,0,3.290,cxx_mul_to_div:/mnt/scratch1/ardi/dsl_mut/HM-armc/mutation/lowered-cpp/interpolate/interpolate.halide_generated.cpp:7763:37
interpolate,cxx_default_on_emitted_cpp,5eb72c8d,3,6,cxx_lt_to_ge,interpolate.halide_generated.cpp,6945,75,generator_specific,0,0,1,,,test2_golden,0,4.087,cxx_lt_to_ge:/mnt/scratch1/ardi/dsl_mut/HM-armc/mutation/lowered-cpp/interpolate/interpolate.halide_generated.cpp:6945:75
interpolate,cxx_default_on_emitted_cpp,5eb72c8d,3,6,cxx_add_to_sub,interpolate.halide_generated.cpp,6944,37,generator_specific,0,0,0,,,,0,3.668,cxx_add_to_sub:/mnt/scratch1/ardi/dsl_mut/HM-armc/mutation/lowered-cpp/interpolate/interpolate.halide_generated.cpp:6944:37
interpolate,cxx_default_on_emitted_cpp,5eb72c8d,3,6,cxx_add_to_sub,interpolate.halide_generated.cpp,8038,37,generator_specific,0,0,0,,,,0,3.464,cxx_add_to_sub:/mnt/scratch1/ardi/dsl_mut/HM-armc/mutation/lowered-cpp/interpolate/interpolate.halide_generated.cpp:8038:37
interpolate,cxx_default_on_emitted_cpp,5eb72c8d,3,6,cxx_mul_to_div,interpolate.halide_generated.cpp,12174,33,generator_specific,0,0,0,,,,0,3.717,cxx_mul_to_div:/mnt/scratch1/ardi/dsl_mut/HM-armc/mutation/lowered-cpp/interpolate/interpolate.halide_generated.cpp:12174:33
interpolate,cxx_default_on_emitted_cpp,5eb72c8d,3,6,cxx_mul_to_div,interpolate.halide_generated.cpp,11891,32,generator_specific,0,0,0,,,,0,3.795,cxx_mul_to_div:/mnt/scratch1/ardi/dsl_mut/HM-armc/mutation/lowered-cpp/interpolate/interpolate.halide_generated.cpp:11891:32
interpolate,cxx_default_on_emitted_cpp,5eb72c8d,3,6,cxx_post_inc_to_post_dec,interpolate.halide_generated.cpp,2530,42,boilerplate,0,0,0,,,,0,4.569,cxx_post_inc_to_post_dec:/mnt/scratch1/ardi/dsl_mut/HM-armc/mutation/lowered-cpp/interpolate/interpolate.halide_generated.cpp:2530:42
interpolate,cxx_default_on_emitted_cpp,5eb72c8d,3,6,cxx_add_to_sub,interpolate.halide_generated.cpp,10754,26,generator_specific,0,0,0,,,,0,3.655,cxx_add_to_sub:/mnt/scratch1/ardi/dsl_mut/HM-armc/mutation/lowered-cpp/interpolate/interpolate.halide_generated.cpp:10754:26
interpolate,cxx_default_on_emitted_cpp,5eb72c8d,3,6,cxx_lt_to_le,interpolate.halide_generated.cpp,9273,75,generator_specific,0,0,1,,,test2_golden,0,4.702,cxx_lt_to_le:/mnt/scratch1/ardi/dsl_mut/HM-armc/mutation/lowered-cpp/interpolate/interpolate.halide_generated.cpp:9273:75
interpolate,cxx_default_on_emitted_cpp,5eb72c8d,3,6,cxx_add_to_sub,interpolate.halide_generated.cpp,7361,35,generator_specific,0,0,1,,,test2_golden,0,4.132,cxx_add_to_sub:/mnt/scratch1/ardi/dsl_mut/HM-armc/mutation/lowered-cpp/interpolate/interpolate.halide_generated.cpp:7361:35
interpolate,cxx_default_on_emitted_cpp,5eb72c8d,3,6,cxx_add_to_sub,interpolate.halide_generated.cpp,5081,43,generator_specific,0,0,1,,,test2_golden,0,3.812,cxx_add_to_sub:/mnt/scratch1/ardi/dsl_mut/HM-armc/mutation/lowered-cpp/interpolate/interpolate.halide_generated.cpp:5081:43
interpolate,cxx_default_on_emitted_cpp,5eb72c8d,3,6,cxx_add_to_sub,interpolate.halide_generated.cpp,8231,36,generator_specific,0,0,0,,,,0,3.177,cxx_add_to_sub:/mnt/scratch1/ardi/dsl_mut/HM-armc/mutation/lowered-cpp/interpolate/interpolate.halide_generated.cpp:8231:36
interpolate,cxx_default_on_emitted_cpp,5eb72c8d,3,6,cxx_add_to_sub,interpolate.halide_generated.cpp,6516,90,generator_specific,0,0,1,,,test2_golden,0,3.410,cxx_add_to_sub:/mnt/scratch1/ardi/dsl_mut/HM-armc/mutation/lowered-cpp/interpolate/interpolate.halide_generated.cpp:6516:90
interpolate,cxx_default_on_emitted_cpp,5eb72c8d,3,6,cxx_add_to_sub,interpolate.halide_generated.cpp,9960,38,generator_specific,0,0,0,,,,0,4.138,cxx_add_to_sub:/mnt/scratch1/ardi/dsl_mut/HM-armc/mutation/lowered-cpp/interpolate/interpolate.halide_generated.cpp:9960:38
interpolate,cxx_default_on_emitted_cpp,5eb72c8d,3,6,cxx_replace_scalar_call,interpolate.halide_generated.cpp,10767,19,generator_specific,0,0,0,,,,0,5.702,cxx_replace_scalar_call:/mnt/scratch1/ardi/dsl_mut/HM-armc/mutation/lowered-cpp/interpolate/interpolate.halide_generated.cpp:10767:19
interpolate,cxx_default_on_emitted_cpp,5eb72c8d,3,6,cxx_sub_to_add,interpolate.halide_generated.cpp,6520,37,generator_specific,0,0,1,,,test2_golden,0,3.649,cxx_sub_to_add:/mnt/scratch1/ardi/dsl_mut/HM-armc/mutation/lowered-cpp/interpolate/interpolate.halide_generated.cpp:6520:37
interpolate,cxx_default_on_emitted_cpp,5eb72c8d,3,6,cxx_lt_to_le,interpolate.halide_generated.cpp,5530,62,generator_specific,0,0,0,,,,0,3.842,cxx_lt_to_le:/mnt/scratch1/ardi/dsl_mut/HM-armc/mutation/lowered-cpp/interpolate/interpolate.halide_generated.cpp:5530:62
interpolate,cxx_default_on_emitted_cpp,5eb72c8d,3,6,cxx_mul_to_div,interpolate.halide_generated.cpp,8746,35,generator_specific,0,0,0,,,,0,3.858,cxx_mul_to_div:/mnt/scratch1/ardi/dsl_mut/HM-armc/mutation/lowered-cpp/interpolate/interpolate.halide_generated.cpp:8746:35
interpolate,cxx_default_on_emitted_cpp,5eb72c8d,3,6,cxx_add_to_sub,interpolate.halide_generated.cpp,12309,33,generator_specific,0,0,0,,,,0,4.004,cxx_add_to_sub:/mnt/scratch1/ardi/dsl_mut/HM-armc/mutation/lowered-cpp/interpolate/interpolate.halide_generated.cpp:12309:33
interpolate,cxx_default_on_emitted_cpp,5eb72c8d,3,6,cxx_post_inc_to_post_dec,interpolate.halide_generated.cpp,9836,110,generator_specific,0,0,0,,,,0,3.941,cxx_post_inc_to_post_dec:/mnt/scratch1/ardi/dsl_mut/HM-armc/mutation/lowered-cpp/interpolate/interpolate.halide_generated.cpp:9836:110
interpolate,cxx_default_on_emitted_cpp,5eb72c8d,3,6,cxx_add_to_sub,interpolate.halide_generated.cpp,6435,34,generator_specific,0,0,1,,,test2_golden,0,3.744,cxx_add_to_sub:/mnt/scratch1/ardi/dsl_mut/HM-armc/mutation/lowered-cpp/interpolate/interpolate.halide_generated.cpp:6435:34
interpolate,cxx_default_on_emitted_cpp,5eb72c8d,3,6,cxx_add_to_sub,interpolate.halide_generated.cpp,4690,24,generator_specific,0,0,1,,,test2_golden,0,4.421,cxx_add_to_sub:/mnt/scratch1/ardi/dsl_mut/HM-armc/mutation/lowered-cpp/interpolate/interpolate.halide_generated.cpp:4690:24
interpolate,cxx_default_on_emitted_cpp,5eb72c8d,3,6,cxx_replace_scalar_call,interpolate.halide_generated.cpp,5354,19,generator_specific,0,0,1,,,test2_golden,0,4.574,cxx_replace_scalar_call:/mnt/scratch1/ardi/dsl_mut/HM-armc/mutation/lowered-cpp/interpolate/interpolate.halide_generated.cpp:5354:19
interpolate,cxx_default_on_emitted_cpp,5eb72c8d,3,6,cxx_add_to_sub,interpolate.halide_generated.cpp,10565,24,generator_specific,0,0,0,,,,0,4.227,cxx_add_to_sub:/mnt/scratch1/ardi/dsl_mut/HM-armc/mutation/lowered-cpp/interpolate/interpolate.halide_generated.cpp:10565:24
interpolate,cxx_default_on_emitted_cpp,5eb72c8d,3,6,cxx_mul_to_div,interpolate.halide_generated.cpp,7213,37,generator_specific,0,0,1,,,test2_golden,0,4.036,cxx_mul_to_div:/mnt/scratch1/ardi/dsl_mut/HM-armc/mutation/lowered-cpp/interpolate/interpolate.halide_generated.cpp:7213:37
interpolate,cxx_default_on_emitted_cpp,5eb72c8d,3,6,cxx_add_to_sub,interpolate.halide_generated.cpp,7782,38,generator_specific,-11,1,1,,,test1_demo;test2_golden,0,0.616,cxx_add_to_sub:/mnt/scratch1/ardi/dsl_mut/HM-armc/mutation/lowered-cpp/interpolate/interpolate.halide_generated.cpp:7782:38
interpolate,cxx_default_on_emitted_cpp,5eb72c8d,3,6,cxx_replace_scalar_call,interpolate.halide_generated.cpp,10914,20,generator_specific,0,0,0,,,,0,5.181,cxx_replace_scalar_call:/mnt/scratch1/ardi/dsl_mut/HM-armc/mutation/lowered-cpp/interpolate/interpolate.halide_generated.cpp:10914:20
interpolate,cxx_default_on_emitted_cpp,5eb72c8d,3,6,cxx_mul_to_div,interpolate.halide_generated.cpp,8294,35,generator_specific,0,0,0,,,,0,3.722,cxx_mul_to_div:/mnt/scratch1/ardi/dsl_mut/HM-armc/mutation/lowered-cpp/interpolate/interpolate.halide_generated.cpp:8294:35
interpolate,cxx_default_on_emitted_cpp,5eb72c8d,3,6,cxx_sub_to_add,interpolate.halide_generated.cpp,9967,37,generator_specific,0,0,0,,,,0,4.393,cxx_sub_to_add:/mnt/scratch1/ardi/dsl_mut/HM-armc/mutation/lowered-cpp/interpolate/interpolate.halide_generated.cpp:9967:37
interpolate,cxx_default_on_emitted_cpp,5eb72c8d,3,6,cxx_add_to_sub,interpolate.halide_generated.cpp,4520,24,generator_specific,0,0,1,,,test2_golden,0,3.512,cxx_add_to_sub:/mnt/scratch1/ardi/dsl_mut/HM-armc/mutation/lowered-cpp/interpolate/interpolate.halide_generated.cpp:4520:24
interpolate,cxx_default_on_emitted_cpp,5eb72c8d,3,6,cxx_add_to_sub,interpolate.halide_generated.cpp,8864,25,generator_specific,0,0,0,,,,0,3.581,cxx_add_to_sub:/mnt/scratch1/ardi/dsl_mut/HM-armc/mutation/lowered-cpp/interpolate/interpolate.halide_generated.cpp:8864:25
interpolate,cxx_default_on_emitted_cpp,5eb72c8d,3,6,cxx_mul_to_div,interpolate.halide_generated.cpp,8058,35,generator_specific,0,0,0,,,,0,4.402,cxx_mul_to_div:/mnt/scratch1/ardi/dsl_mut/HM-armc/mutation/lowered-cpp/interpolate/interpolate.halide_generated.cpp:8058:35
interpolate,cxx_default_on_emitted_cpp,5eb72c8d,3,6,cxx_sub_to_add,interpolate.halide_generated.cpp,7008,35,generator_specific,0,0,0,,,,0,4.109,cxx_sub_to_add:/mnt/scratch1/ardi/dsl_mut/HM-armc/mutation/lowered-cpp/interpolate/interpolate.halide_generated.cpp:7008:35
interpolate,cxx_default_on_emitted_cpp,5eb72c8d,3,6,cxx_le_to_gt,interpolate.halide_generated.cpp,10874,22,generator_specific,-6,1,1,,,test1_demo;test2_golden,0,0.297,cxx_le_to_gt:/mnt/scratch1/ardi/dsl_mut/HM-armc/mutation/lowered-cpp/interpolate/interpolate.halide_generated.cpp:10874:22
interpolate,cxx_default_on_emitted_cpp,5eb72c8d,3,6,cxx_add_to_sub,interpolate.halide_generated.cpp,8638,35,generator_specific,0,0,0,,,,0,4.800,cxx_add_to_sub:/mnt/scratch1/ardi/dsl_mut/HM-armc/mutation/lowered-cpp/interpolate/interpolate.halide_generated.cpp:8638:35
interpolate,cxx_default_on_emitted_cpp,5eb72c8d,3,6,cxx_add_to_sub,interpolate.halide_generated.cpp,8165,36,generator_specific,0,0,0,,,,0,4.164,cxx_add_to_sub:/mnt/scratch1/ardi/dsl_mut/HM-armc/mutation/lowered-cpp/interpolate/interpolate.halide_generated.cpp:8165:36
interpolate,cxx_default_on_emitted_cpp,5eb72c8d,3,6,cxx_add_to_sub,interpolate.halide_generated.cpp,6753,60,generator_specific,0,0,1,,,test2_golden,0,3.992,cxx_add_to_sub:/mnt/scratch1/ardi/dsl_mut/HM-armc/mutation/lowered-cpp/interpolate/interpolate.halide_generated.cpp:6753:60
interpolate,cxx_default_on_emitted_cpp,5eb72c8d,3,6,cxx_mul_to_div,interpolate.halide_generated.cpp,4984,26,generator_specific,0,0,0,,,,0,3.767,cxx_mul_to_div:/mnt/scratch1/ardi/dsl_mut/HM-armc/mutation/lowered-cpp/interpolate/interpolate.halide_generated.cpp:4984:26
interpolate,cxx_default_on_emitted_cpp,5eb72c8d,3,6,cxx_add_to_sub,interpolate.halide_generated.cpp,4122,26,generator_specific,-11,1,1,,,test1_demo;test2_golden,0,0.308,cxx_add_to_sub:/mnt/scratch1/ardi/dsl_mut/HM-armc/mutation/lowered-cpp/interpolate/interpolate.halide_generated.cpp:4122:26
interpolate,cxx_default_on_emitted_cpp,5eb72c8d,3,6,cxx_lt_to_ge,interpolate.halide_generated.cpp,5719,62,generator_specific,0,0,0,,,,0,3.451,cxx_lt_to_ge:/mnt/scratch1/ardi/dsl_mut/HM-armc/mutation/lowered-cpp/interpolate/interpolate.halide_generated.cpp:5719:62
interpolate,cxx_default_on_emitted_cpp,5eb72c8d,3,6,cxx_lt_to_le,interpolate.halide_generated.cpp,5264,64,generator_specific,-6,1,1,,,test1_demo;test2_golden,0,0.353,cxx_lt_to_le:/mnt/scratch1/ardi/dsl_mut/HM-armc/mutation/lowered-cpp/interpolate/interpolate.halide_generated.cpp:5264:64
interpolate,cxx_default_on_emitted_cpp,5eb72c8d,3,6,cxx_add_to_sub,interpolate.halide_generated.cpp,4081,26,generator_specific,-11,1,1,,,test1_demo;test2_golden,0,0.243,cxx_add_to_sub:/mnt/scratch1/ardi/dsl_mut/HM-armc/mutation/lowered-cpp/interpolate/interpolate.halide_generated.cpp:4081:26
interpolate,cxx_default_on_emitted_cpp,5eb72c8d,3,6,cxx_add_to_sub,interpolate.halide_generated.cpp,8686,36,generator_specific,0,0,0,,,,0,3.734,cxx_add_to_sub:/mnt/scratch1/ardi/dsl_mut/HM-armc/mutation/lowered-cpp/interpolate/interpolate.halide_generated.cpp:8686:36
interpolate,cxx_default_on_emitted_cpp,5eb72c8d,3,6,cxx_mul_to_div,interpolate.halide_generated.cpp,6667,51,generator_specific,0,0,1,,,test2_golden,0,3.265,cxx_mul_to_div:/mnt/scratch1/ardi/dsl_mut/HM-armc/mutation/lowered-cpp/interpolate/interpolate.halide_generated.cpp:6667:51
interpolate,cxx_default_on_emitted_cpp,5eb72c8d,3,6,cxx_add_to_sub,interpolate.halide_generated.cpp,8257,36,generator_specific,0,0,0,,,,0,4.079,cxx_add_to_sub:/mnt/scratch1/ardi/dsl_mut/HM-armc/mutation/lowered-cpp/interpolate/interpolate.halide_generated.cpp:8257:36
interpolate,cxx_default_on_emitted_cpp,5eb72c8d,3,6,cxx_lt_to_le,interpolate.halide_generated.cpp,8071,65,generator_specific,0,0,0,,,,0,3.962,cxx_lt_to_le:/mnt/scratch1/ardi/dsl_mut/HM-armc/mutation/lowered-cpp/interpolate/interpolate.halide_generated.cpp:8071:65
interpolate,cxx_default_on_emitted_cpp,5eb72c8d,3,6,cxx_sub_to_add,interpolate.halide_generated.cpp,4254,22,generator_specific,-11,1,1,,,test1_demo;test2_golden,0,0.499,cxx_sub_to_add:/mnt/scratch1/ardi/dsl_mut/HM-armc/mutation/lowered-cpp/interpolate/interpolate.halide_generated.cpp:4254:22
interpolate,cxx_default_on_emitted_cpp,5eb72c8d,3,6,cxx_add_to_sub,interpolate.halide_generated.cpp,7105,37,generator_specific,0,0,0,,,,0,3.533,cxx_add_to_sub:/mnt/scratch1/ardi/dsl_mut/HM-armc/mutation/lowered-cpp/interpolate/interpolate.halide_generated.cpp:7105:37
interpolate,cxx_default_on_emitted_cpp,5eb72c8d,3,6,cxx_add_to_sub,interpolate.halide_generated.cpp,8367,36,generator_specific,0,0,1,,,test2_golden,0,4.300,cxx_add_to_sub:/mnt/scratch1/ardi/dsl_mut/HM-armc/mutation/lowered-cpp/interpolate/interpolate.halide_generated.cpp:8367:36
interpolate,cxx_default_on_emitted_cpp,5eb72c8d,3,6,cxx_mul_to_div,interpolate.halide_generated.cpp,4315,26,generator_specific,0,0,1,,,test2_golden,0,4.447,cxx_mul_to_div:/mnt/scratch1/ardi/dsl_mut/HM-armc/mutation/lowered-cpp/interpolate/interpolate.halide_generated.cpp:4315:26
interpolate,cxx_default_on_emitted_cpp,5eb72c8d,3,6,cxx_add_to_sub,interpolate.halide_generated.cpp,6538,38,generator_specific,0,0,0,,,,0,3.547,cxx_add_to_sub:/mnt/scratch1/ardi/dsl_mut/HM-armc/mutation/lowered-cpp/interpolate/interpolate.halide_generated.cpp:6538:38
interpolate,cxx_default_on_emitted_cpp,5eb72c8d,3,6,cxx_add_to_sub,interpolate.halide_generated.cpp,4927,29,generator_specific,0,0,1,,,test2_golden,0,3.731,cxx_add_to_sub:/mnt/scratch1/ardi/dsl_mut/HM-armc/mutation/lowered-cpp/interpolate/interpolate.halide_generated.cpp:4927:29
interpolate,cxx_default_on_emitted_cpp,5eb72c8d,3,6,cxx_mul_to_div,interpolate.halide_generated.cpp,4355,26,generator_specific,0,0,0,,,,0,3.830,cxx_mul_to_div:/mnt/scratch1/ardi/dsl_mut/HM-armc/mutation/lowered-cpp/interpolate/interpolate.halide_generated.cpp:4355:26
interpolate,cxx_default_on_emitted_cpp,5eb72c8d,3,6,cxx_add_to_sub,interpolate.halide_generated.cpp,3820,26,generator_specific,0,0,1,,,test2_golden,0,4.301,cxx_add_to_sub:/mnt/scratch1/ardi/dsl_mut/HM-armc/mutation/lowered-cpp/interpolate/interpolate.halide_generated.cpp:3820:26
interpolate,cxx_default_on_emitted_cpp,5eb72c8d,3,6,cxx_add_to_sub,interpolate.halide_generated.cpp,3958,26,generator_specific,0,0,1,,,test2_golden,0,4.315,cxx_add_to_sub:/mnt/scratch1/ardi/dsl_mut/HM-armc/mutation/lowered-cpp/interpolate/interpolate.halide_generated.cpp:3958:26
interpolate,cxx_default_on_emitted_cpp,5eb72c8d,3,6,cxx_add_to_sub,interpolate.halide_generated.cpp,12202,33,generator_specific,0,0,0,,,,0,3.579,cxx_add_to_sub:/mnt/scratch1/ardi/dsl_mut/HM-armc/mutation/lowered-cpp/interpolate/interpolate.halide_generated.cpp:12202:33
interpolate,cxx_default_on_emitted_cpp,5eb72c8d,3,6,cxx_replace_scalar_call,interpolate.halide_generated.cpp,11021,19,generator_specific,0,0,0,,,,0,5.306,cxx_replace_scalar_call:/mnt/scratch1/ardi/dsl_mut/HM-armc/mutation/lowered-cpp/interpolate/interpolate.halide_generated.cpp:11021:19
interpolate,cxx_default_on_emitted_cpp,5eb72c8d,3,6,cxx_add_to_sub,interpolate.halide_generated.cpp,7398,37,generator_specific,0,0,1,,,test2_golden,0,4.333,cxx_add_to_sub:/mnt/scratch1/ardi/dsl_mut/HM-armc/mutation/lowered-cpp/interpolate/interpolate.halide_generated.cpp:7398:37
interpolate,cxx_default_on_emitted_cpp,5eb72c8d,3,6,cxx_add_to_sub,interpolate.halide_generated.cpp,8890,26,generator_specific,0,0,0,,,,0,3.577,cxx_add_to_sub:/mnt/scratch1/ardi/dsl_mut/HM-armc/mutation/lowered-cpp/interpolate/interpolate.halide_generated.cpp:8890:26
interpolate,cxx_default_on_emitted_cpp,5eb72c8d,3,6,cxx_mul_to_div,interpolate.halide_generated.cpp,8665,35,generator_specific,0,0,0,,,,0,3.636,cxx_mul_to_div:/mnt/scratch1/ardi/dsl_mut/HM-armc/mutation/lowered-cpp/interpolate/interpolate.halide_generated.cpp:8665:35
interpolate,cxx_default_on_emitted_cpp,5eb72c8d,3,6,cxx_lt_to_le,interpolate.halide_generated.cpp,9385,75,generator_specific,0,0,0,,,,0,3.770,cxx_lt_to_le:/mnt/scratch1/ardi/dsl_mut/HM-armc/mutation/lowered-cpp/interpolate/interpolate.halide_generated.cpp:9385:75
interpolate,cxx_default_on_emitted_cpp,5eb72c8d,3,6,cxx_add_to_sub,interpolate.halide_generated.cpp,7779,38,generator_specific,-11,1,1,,,test1_demo;test2_golden,0,0.338,cxx_add_to_sub:/mnt/scratch1/ardi/dsl_mut/HM-armc/mutation/lowered-cpp/interpolate/interpolate.halide_generated.cpp:7779:38
interpolate,cxx_default_on_emitted_cpp,5eb72c8d,3,6,cxx_remove_void_call,interpolate.halide_generated.cpp,8486,14,generator_specific,0,0,1,,,test2_golden,0,3.572,cxx_remove_void_call:/mnt/scratch1/ardi/dsl_mut/HM-armc/mutation/lowered-cpp/interpolate/interpolate.halide_generated.cpp:8486:14
interpolate,cxx_default_on_emitted_cpp,5eb72c8d,3,6,cxx_add_to_sub,interpolate.halide_generated.cpp,7496,38,generator_specific,0,0,0,,,,0,3.986,cxx_add_to_sub:/mnt/scratch1/ardi/dsl_mut/HM-armc/mutation/lowered-cpp/interpolate/interpolate.halide_generated.cpp:7496:38
interpolate,cxx_default_on_emitted_cpp,5eb72c8d,3,6,cxx_add_to_sub,interpolate.halide_generated.cpp,10232,36,generator_specific,0,0,0,,,,0,3.562,cxx_add_to_sub:/mnt/scratch1/ardi/dsl_mut/HM-armc/mutation/lowered-cpp/interpolate/interpolate.halide_generated.cpp:10232:36
interpolate,cxx_default_on_emitted_cpp,5eb72c8d,3,6,cxx_eq_to_ne,interpolate.halide_generated.cpp,6409,57,generator_specific,0,0,0,,,,0,3.692,cxx_eq_to_ne:/mnt/scratch1/ardi/dsl_mut/HM-armc/mutation/lowered-cpp/interpolate/interpolate.halide_generated.cpp:6409:57
interpolate,cxx_default_on_emitted_cpp,5eb72c8d,3,6,cxx_gt_to_le,interpolate.halide_generated.cpp,6259,17,generator_specific,-6,1,1,,,test1_demo;test2_golden,0,0.346,cxx_gt_to_le:/mnt/scratch1/ardi/dsl_mut/HM-armc/mutation/lowered-cpp/interpolate/interpolate.halide_generated.cpp:6259:17
interpolate,cxx_default_on_emitted_cpp,5eb72c8d,3,6,cxx_add_to_sub,interpolate.halide_generated.cpp,3994,26,generator_specific,0,0,1,,,test2_golden,0,3.698,cxx_add_to_sub:/mnt/scratch1/ardi/dsl_mut/HM-armc/mutation/lowered-cpp/interpolate/interpolate.halide_generated.cpp:3994:26
interpolate,cxx_default_on_emitted_cpp,5eb72c8d,3,6,cxx_mul_to_div,interpolate.halide_generated.cpp,4573,40,generator_specific,0,0,0,,,,0,3.624,cxx_mul_to_div:/mnt/scratch1/ardi/dsl_mut/HM-armc/mutation/lowered-cpp/interpolate/interpolate.halide_generated.cpp:4573:40
interpolate,cxx_default_on_emitted_cpp,5eb72c8d,3,6,cxx_replace_scalar_call,interpolate.halide_generated.cpp,5074,18,generator_specific,0,0,1,,,test2_golden,0,4.731,cxx_replace_scalar_call:/mnt/scratch1/ardi/dsl_mut/HM-armc/mutation/lowered-cpp/interpolate/interpolate.halide_generated.cpp:5074:18
interpolate,cxx_default_on_emitted_cpp,5eb72c8d,3,6,cxx_mul_to_div,interpolate.halide_generated.cpp,11837,32,generator_specific,0,0,1,,,test2_golden,0,3.594,cxx_mul_to_div:/mnt/scratch1/ardi/dsl_mut/HM-armc/mutation/lowered-cpp/interpolate/interpolate.halide_generated.cpp:11837:32
interpolate,cxx_default_on_emitted_cpp,5eb72c8d,3,6,cxx_mul_to_div,interpolate.halide_generated.cpp,5072,41,generator_specific,0,0,1,,,test2_golden,0,3.443,cxx_mul_to_div:/mnt/scratch1/ardi/dsl_mut/HM-armc/mutation/lowered-cpp/interpolate/interpolate.halide_generated.cpp:5072:41
interpolate,cxx_default_on_emitted_cpp,5eb72c8d,3,6,cxx_add_to_sub,interpolate.halide_generated.cpp,10049,38,generator_specific,0,0,0,,,,0,4.303,cxx_add_to_sub:/mnt/scratch1/ardi/dsl_mut/HM-armc/mutation/lowered-cpp/interpolate/interpolate.halide_generated.cpp:10049:38
interpolate,cxx_default_on_emitted_cpp,5eb72c8d,3,6,cxx_add_to_sub,interpolate.halide_generated.cpp,5716,26,generator_specific,-11,1,1,,,test1_demo;test2_golden,0,0.558,cxx_add_to_sub:/mnt/scratch1/ardi/dsl_mut/HM-armc/mutation/lowered-cpp/interpolate/interpolate.halide_generated.cpp:5716:26
interpolate,cxx_default_on_emitted_cpp,5eb72c8d,3,6,cxx_sub_to_add,interpolate.halide_generated.cpp,9376,37,generator_specific,0,0,0,,,,0,3.995,cxx_sub_to_add:/mnt/scratch1/ardi/dsl_mut/HM-armc/mutation/lowered-cpp/interpolate/interpolate.halide_generated.cpp:9376:37
interpolate,cxx_default_on_emitted_cpp,5eb72c8d,3,6,cxx_add_to_sub,interpolate.halide_generated.cpp,12187,33,generator_specific,0,0,0,,,,0,4.300,cxx_add_to_sub:/mnt/scratch1/ardi/dsl_mut/HM-armc/mutation/lowered-cpp/interpolate/interpolate.halide_generated.cpp:12187:33
interpolate,cxx_default_on_emitted_cpp,5eb72c8d,3,6,cxx_mul_to_div,interpolate.halide_generated.cpp,9275,55,generator_specific,0,0,0,,,,0,4.803,cxx_mul_to_div:/mnt/scratch1/ardi/dsl_mut/HM-armc/mutation/lowered-cpp/interpolate/interpolate.halide_generated.cpp:9275:55
interpolate,cxx_default_on_emitted_cpp,5eb72c8d,3,6,cxx_add_to_sub,interpolate.halide_generated.cpp,8629,35,generator_specific,0,0,0,,,,0,3.600,cxx_add_to_sub:/mnt/scratch1/ardi/dsl_mut/HM-armc/mutation/lowered-cpp/interpolate/interpolate.halide_generated.cpp:8629:35
interpolate,cxx_default_on_emitted_cpp,5eb72c8d,3,6,cxx_mul_to_div,interpolate.halide_generated.cpp,6276,28,generator_specific,0,0,1,,,test2_golden,0,3.199,cxx_mul_to_div:/mnt/scratch1/ardi/dsl_mut/HM-armc/mutation/lowered-cpp/interpolate/interpolate.halide_generated.cpp:6276:28
interpolate,cxx_default_on_emitted_cpp,5eb72c8d,3,6,cxx_le_to_lt,interpolate.halide_generated.cpp,10891,22,generator_specific,0,0,0,,,,0,4.289,cxx_le_to_lt:/mnt/scratch1/ardi/dsl_mut/HM-armc/mutation/lowered-cpp/interpolate/interpolate.halide_generated.cpp:10891:22
interpolate,cxx_default_on_emitted_cpp,5eb72c8d,3,6,cxx_add_to_sub,interpolate.halide_generated.cpp,8736,36,generator_specific,0,0,1,,,test2_golden,0,5.600,cxx_add_to_sub:/mnt/scratch1/ardi/dsl_mut/HM-armc/mutation/lowered-cpp/interpolate/interpolate.halide_generated.cpp:8736:36
interpolate,cxx_default_on_emitted_cpp,5eb72c8d,3,6,cxx_sub_to_add,interpolate.halide_generated.cpp,11260,27,generator_specific,0,0,0,,,,0,5.000,cxx_sub_to_add:/mnt/scratch1/ardi/dsl_mut/HM-armc/mutation/lowered-cpp/interpolate/interpolate.halide_generated.cpp:11260:27
interpolate,cxx_default_on_emitted_cpp,5eb72c8d,3,6,cxx_add_to_sub,interpolate.halide_generated.cpp,6757,37,generator_specific,0,0,1,,,test2_golden,0,4.258,cxx_add_to_sub:/mnt/scratch1/ardi/dsl_mut/HM-armc/mutation/lowered-cpp/interpolate/interpolate.halide_generated.cpp:6757:37
interpolate,cxx_default_on_emitted_cpp,5eb72c8d,3,6,cxx_sub_to_add,interpolate.halide_generated.cpp,12145,33,generator_specific,0,0,1,,,test2_golden,0,5.088,cxx_sub_to_add:/mnt/scratch1/ardi/dsl_mut/HM-armc/mutation/lowered-cpp/interpolate/interpolate.halide_generated.cpp:12145:33
interpolate,cxx_default_on_emitted_cpp,5eb72c8d,3,6,cxx_post_inc_to_post_dec,interpolate.halide_generated.cpp,3853,155,generator_specific,-11,1,1,,,test1_demo;test2_golden,0,0.441,cxx_post_inc_to_post_dec:/mnt/scratch1/ardi/dsl_mut/HM-armc/mutation/lowered-cpp/interpolate/interpolate.halide_generated.cpp:3853:155
interpolate,cxx_default_on_emitted_cpp,5eb72c8d,3,6,cxx_lt_to_le,interpolate.halide_generated.cpp,7009,69,generator_specific,-11,1,1,,,test1_demo;test2_golden,0,0.632,cxx_lt_to_le:/mnt/scratch1/ardi/dsl_mut/HM-armc/mutation/lowered-cpp/interpolate/interpolate.halide_generated.cpp:7009:69
interpolate,cxx_default_on_emitted_cpp,5eb72c8d,3,6,cxx_add_to_sub,interpolate.halide_generated.cpp,8808,36,generator_specific,0,0,0,,,,0,3.615,cxx_add_to_sub:/mnt/scratch1/ardi/dsl_mut/HM-armc/mutation/lowered-cpp/interpolate/interpolate.halide_generated.cpp:8808:36
interpolate,cxx_default_on_emitted_cpp,5eb72c8d,3,6,cxx_mul_to_div,interpolate.halide_generated.cpp,8643,35,generator_specific,0,0,0,,,,0,4.417,cxx_mul_to_div:/mnt/scratch1/ardi/dsl_mut/HM-armc/mutation/lowered-cpp/interpolate/interpolate.halide_generated.cpp:8643:35
interpolate,cxx_default_on_emitted_cpp,5eb72c8d,3,6,cxx_post_inc_to_post_dec,interpolate.halide_generated.cpp,10034,110,generator_specific,0,0,0,,,,0,4.693,cxx_post_inc_to_post_dec:/mnt/scratch1/ardi/dsl_mut/HM-armc/mutation/lowered-cpp/interpolate/interpolate.halide_generated.cpp:10034:110
interpolate,cxx_default_on_emitted_cpp,5eb72c8d,3,6,cxx_add_to_sub,interpolate.halide_generated.cpp,5527,26,generator_specific,-11,1,1,,,test1_demo;test2_golden,0,0.715,cxx_add_to_sub:/mnt/scratch1/ardi/dsl_mut/HM-armc/mutation/lowered-cpp/interpolate/interpolate.halide_generated.cpp:5527:26
interpolate,cxx_default_on_emitted_cpp,5eb72c8d,3,6,cxx_add_to_sub,interpolate.halide_generated.cpp,4052,26,generator_specific,0,0,1,,,test2_golden,0,3.581,cxx_add_to_sub:/mnt/scratch1/ardi/dsl_mut/HM-armc/mutation/lowered-cpp/interpolate/interpolate.halide_generated.cpp:4052:26
interpolate,cxx_default_on_emitted_cpp,5eb72c8d,3,6,cxx_mul_to_div,interpolate.halide_generated.cpp,8969,29,generator_specific,0,0,0,,,,0,3.663,cxx_mul_to_div:/mnt/scratch1/ardi/dsl_mut/HM-armc/mutation/lowered-cpp/interpolate/interpolate.halide_generated.cpp:8969:29
interpolate,cxx_default_on_emitted_cpp,5eb72c8d,3,6,cxx_mul_to_div,interpolate.halide_generated.cpp,8216,35,generator_specific,0,0,0,,,,0,3.810,cxx_mul_to_div:/mnt/scratch1/ardi/dsl_mut/HM-armc/mutation/lowered-cpp/interpolate/interpolate.halide_generated.cpp:8216:35
interpolate,cxx_default_on_emitted_cpp,5eb72c8d,3,6,cxx_add_to_sub,interpolate.halide_generated.cpp,4916,29,generator_specific,0,0,1,,,test2_golden,0,3.529,cxx_add_to_sub:/mnt/scratch1/ardi/dsl_mut/HM-armc/mutation/lowered-cpp/interpolate/interpolate.halide_generated.cpp:4916:29
interpolate,cxx_default_on_emitted_cpp,5eb72c8d,3,6,cxx_add_to_sub,interpolate.halide_generated.cpp,8097,36,generator_specific,0,0,0,,,,0,3.484,cxx_add_to_sub:/mnt/scratch1/ardi/dsl_mut/HM-armc/mutation/lowered-cpp/interpolate/interpolate.halide_generated.cpp:8097:36
interpolate,cxx_default_on_emitted_cpp,5eb72c8d,3,6,cxx_add_to_sub,interpolate.halide_generated.cpp,3772,26,generator_specific,0,0,1,,,test2_golden,0,4.104,cxx_add_to_sub:/mnt/scratch1/ardi/dsl_mut/HM-armc/mutation/lowered-cpp/interpolate/interpolate.halide_generated.cpp:3772:26
interpolate,cxx_default_on_emitted_cpp,5eb72c8d,3,6,cxx_add_to_sub,interpolate.halide_generated.cpp,7646,37,generator_specific,0,0,0,,,,0,3.805,cxx_add_to_sub:/mnt/scratch1/ardi/dsl_mut/HM-armc/mutation/lowered-cpp/interpolate/interpolate.halide_generated.cpp:7646:37
interpolate,cxx_default_on_emitted_cpp,5eb72c8d,3,6,cxx_add_to_sub,interpolate.halide_generated.cpp,4914,29,generator_specific,0,0,1,,,test2_golden,0,3.544,cxx_add_to_sub:/mnt/scratch1/ardi/dsl_mut/HM-armc/mutation/lowered-cpp/interpolate/interpolate.halide_generated.cpp:4914:29
interpolate,cxx_default_on_emitted_cpp,5eb72c8d,3,6,cxx_add_to_sub,interpolate.halide_generated.cpp,4989,29,generator_specific,0,0,0,,,,0,4.081,cxx_add_to_sub:/mnt/scratch1/ardi/dsl_mut/HM-armc/mutation/lowered-cpp/interpolate/interpolate.halide_generated.cpp:4989:29
interpolate,cxx_default_on_emitted_cpp,5eb72c8d,3,6,cxx_lt_to_le,interpolate.halide_generated.cpp,7551,69,generator_specific,-6,1,1,,,test1_demo;test2_golden,0,0.363,cxx_lt_to_le:/mnt/scratch1/ardi/dsl_mut/HM-armc/mutation/lowered-cpp/interpolate/interpolate.halide_generated.cpp:7551:69
interpolate,cxx_default_on_emitted_cpp,5eb72c8d,3,6,cxx_mul_to_div,interpolate.halide_generated.cpp,3954,26,generator_specific,0,0,1,,,test2_golden,0,4.040,cxx_mul_to_div:/mnt/scratch1/ardi/dsl_mut/HM-armc/mutation/lowered-cpp/interpolate/interpolate.halide_generated.cpp:3954:26
interpolate,cxx_default_on_emitted_cpp,5eb72c8d,3,6,cxx_sub_to_add,interpolate.halide_generated.cpp,11803,31,generator_specific,-6,1,1,,,test1_demo;test2_golden,0,0.405,cxx_sub_to_add:/mnt/scratch1/ardi/dsl_mut/HM-armc/mutation/lowered-cpp/interpolate/interpolate.halide_generated.cpp:11803:31
interpolate,cxx_default_on_emitted_cpp,5eb72c8d,3,6,cxx_gt_to_le,interpolate.halide_generated.cpp,6285,18,generator_specific,-6,1,1,,,test1_demo;test2_golden,0,0.372,cxx_gt_to_le:/mnt/scratch1/ardi/dsl_mut/HM-armc/mutation/lowered-cpp/interpolate/interpolate.halide_generated.cpp:6285:18
interpolate,cxx_default_on_emitted_cpp,5eb72c8d,3,6,cxx_add_to_sub,interpolate.halide_generated.cpp,8507,36,generator_specific,0,0,1,,,test2_golden,0,4.370,cxx_add_to_sub:/mnt/scratch1/ardi/dsl_mut/HM-armc/mutation/lowered-cpp/interpolate/interpolate.halide_generated.cpp:8507:36
interpolate,cxx_default_on_emitted_cpp,5eb72c8d,3,6,cxx_sub_to_add,interpolate.halide_generated.cpp,7189,35,generator_specific,0,0,0,,,,0,4.161,cxx_sub_to_add:/mnt/scratch1/ardi/dsl_mut/HM-armc/mutation/lowered-cpp/interpolate/interpolate.halide_generated.cpp:7189:35
interpolate,cxx_default_on_emitted_cpp,5eb72c8d,3,6,cxx_add_to_sub,interpolate.halide_generated.cpp,9334,35,generator_specific,0,0,0,,,,0,4.871,cxx_add_to_sub:/mnt/scratch1/ardi/dsl_mut/HM-armc/mutation/lowered-cpp/interpolate/interpolate.halide_generated.cpp:9334:35
interpolate,cxx_default_on_emitted_cpp,5eb72c8d,3,6,cxx_add_to_sub,interpolate.halide_generated.cpp,7169,35,generator_specific,-6,1,1,,,test1_demo;test2_golden,0,0.580,cxx_add_to_sub:/mnt/scratch1/ardi/dsl_mut/HM-armc/mutation/lowered-cpp/interpolate/interpolate.halide_generated.cpp:7169:35
interpolate,cxx_default_on_emitted_cpp,5eb72c8d,3,6,cxx_gt_to_ge,interpolate.halide_generated.cpp,11696,20,generator_specific,0,0,0,,,,0,3.722,cxx_gt_to_ge:/mnt/scratch1/ardi/dsl_mut/HM-armc/mutation/lowered-cpp/interpolate/interpolate.halide_generated.cpp:11696:20
interpolate,cxx_default_on_emitted_cpp,5eb72c8d,3,6,cxx_mul_to_div,interpolate.halide_generated.cpp,7594,55,generator_specific,0,0,1,,,test2_golden,0,4.093,cxx_mul_to_div:/mnt/scratch1/ardi/dsl_mut/HM-armc/mutation/lowered-cpp/interpolate/interpolate.halide_generated.cpp:7594:55
interpolate,cxx_default_on_emitted_cpp,5eb72c8d,3,6,cxx_lt_to_le,interpolate.halide_generated.cpp,6187,34,generator_specific,0,0,0,,,,0,3.896,cxx_lt_to_le:/mnt/scratch1/ardi/dsl_mut/HM-armc/mutation/lowered-cpp/interpolate/interpolate.halide_generated.cpp:6187:34
interpolate,cxx_default_on_emitted_cpp,5eb72c8d,3,6,cxx_mul_to_div,interpolate.halide_generated.cpp,10574,24,generator_specific,0,0,0,,,,0,4.204,cxx_mul_to_div:/mnt/scratch1/ardi/dsl_mut/HM-armc/mutation/lowered-cpp/interpolate/interpolate.halide_generated.cpp:10574:24
interpolate,cxx_default_on_emitted_cpp,5eb72c8d,3,6,cxx_replace_scalar_call,interpolate.halide_generated.cpp,10575,18,generator_specific,0,0,0,,,,0,4.874,cxx_replace_scalar_call:/mnt/scratch1/ardi/dsl_mut/HM-armc/mutation/lowered-cpp/interpolate/interpolate.halide_generated.cpp:10575:18
interpolate,cxx_default_on_emitted_cpp,5eb72c8d,3,6,cxx_mul_to_div,interpolate.halide_generated.cpp,11236,55,generator_specific,0,0,0,,,,0,3.577,cxx_mul_to_div:/mnt/scratch1/ardi/dsl_mut/HM-armc/mutation/lowered-cpp/interpolate/interpolate.halide_generated.cpp:11236:55
interpolate,cxx_default_on_emitted_cpp,5eb72c8d,3,6,cxx_mul_to_div,interpolate.halide_generated.cpp,4338,27,generator_specific,-8,1,1,,,test1_demo;test2_golden,0,0.300,cxx_mul_to_div:/mnt/scratch1/ardi/dsl_mut/HM-armc/mutation/lowered-cpp/interpolate/interpolate.halide_generated.cpp:4338:27
interpolate,cxx_default_on_emitted_cpp,5eb72c8d,3,6,cxx_replace_scalar_call,interpolate.halide_generated.cpp,5378,19,generator_specific,0,0,0,,,,0,4.752,cxx_replace_scalar_call:/mnt/scratch1/ardi/dsl_mut/HM-armc/mutation/lowered-cpp/interpolate/interpolate.halide_generated.cpp:5378:19
interpolate,cxx_default_on_emitted_cpp,5eb72c8d,3,6,cxx_mul_to_div,interpolate.halide_generated.cpp,11242,74,generator_specific,-11,1,1,,,test1_demo;test2_golden,0,0.345,cxx_mul_to_div:/mnt/scratch1/ardi/dsl_mut/HM-armc/mutation/lowered-cpp/interpolate/interpolate.halide_generated.cpp:11242:74
interpolate,cxx_default_on_emitted_cpp,5eb72c8d,3,6,cxx_add_to_sub,interpolate.halide_generated.cpp,8433,36,generator_specific,0,0,1,,,test2_golden,0,4.130,cxx_add_to_sub:/mnt/scratch1/ardi/dsl_mut/HM-armc/mutation/lowered-cpp/interpolate/interpolate.halide_generated.cpp:8433:36
interpolate,cxx_default_on_emitted_cpp,5eb72c8d,3,6,cxx_add_to_sub,interpolate.halide_generated.cpp,7031,37,generator_specific,0,0,1,,,test2_golden,0,4.578,cxx_add_to_sub:/mnt/scratch1/ardi/dsl_mut/HM-armc/mutation/lowered-cpp/interpolate/interpolate.halide_generated.cpp:7031:37
interpolate,cxx_default_on_emitted_cpp,5eb72c8d,3,6,cxx_add_to_sub,interpolate.halide_generated.cpp,7528,49,generator_specific,-6,1,1,,,test1_demo;test2_golden,0,0.500,cxx_add_to_sub:/mnt/scratch1/ardi/dsl_mut/HM-armc/mutation/lowered-cpp/interpolate/interpolate.halide_generated.cpp:7528:49
interpolate,cxx_default_on_emitted_cpp,5eb72c8d,3,6,cxx_lt_to_le,interpolate.halide_generated.cpp,7592,75,generator_specific,0,0,0,,,,0,4.073,cxx_lt_to_le:/mnt/scratch1/ardi/dsl_mut/HM-armc/mutation/lowered-cpp/interpolate/interpolate.halide_generated.cpp:7592:75
interpolate,cxx_default_on_emitted_cpp,5eb72c8d,3,6,cxx_add_to_sub,interpolate.halide_generated.cpp,9554,35,generator_specific,0,0,1,,,test2_golden,0,3.300,cxx_add_to_sub:/mnt/scratch1/ardi/dsl_mut/HM-armc/mutation/lowered-cpp/interpolate/interpolate.halide_generated.cpp:9554:35
interpolate,cxx_default_on_emitted_cpp,5eb72c8d,3,6,cxx_add_to_sub,interpolate.halide_generated.cpp,9393,38,generator_specific,0,0,0,,,,0,4.873,cxx_add_to_sub:/mnt/scratch1/ardi/dsl_mut/HM-armc/mutation/lowered-cpp/interpolate/interpolate.halide_generated.cpp:9393:38
interpolate,cxx_default_on_emitted_cpp,5eb72c8d,3,6,cxx_add_to_sub,interpolate.halide_generated.cpp,8503,36,generator_specific,0,0,1,,,test2_golden,0,3.645,cxx_add_to_sub:/mnt/scratch1/ardi/dsl_mut/HM-armc/mutation/lowered-cpp/interpolate/interpolate.halide_generated.cpp:8503:36
interpolate,cxx_default_on_emitted_cpp,5eb72c8d,3,6,cxx_add_to_sub,interpolate.halide_generated.cpp,4039,25,generator_specific,0,0,1,,,test2_golden,0,3.670,cxx_add_to_sub:/mnt/scratch1/ardi/dsl_mut/HM-armc/mutation/lowered-cpp/interpolate/interpolate.halide_generated.cpp:4039:25
interpolate,cxx_default_on_emitted_cpp,5eb72c8d,3,6,cxx_add_to_sub,interpolate.halide_generated.cpp,6863,37,generator_specific,0,0,1,,,test2_golden,0,3.459,cxx_add_to_sub:/mnt/scratch1/ardi/dsl_mut/HM-armc/mutation/lowered-cpp/interpolate/interpolate.halide_generated.cpp:6863:37
interpolate,cxx_default_on_emitted_cpp,5eb72c8d,3,6,cxx_add_to_sub,interpolate.halide_generated.cpp,11100,26,generator_specific,0,0,0,,,,0,4.138,cxx_add_to_sub:/mnt/scratch1/ardi/dsl_mut/HM-armc/mutation/lowered-cpp/interpolate/interpolate.halide_generated.cpp:11100:26
interpolate,cxx_default_on_emitted_cpp,5eb72c8d,3,6,cxx_le_to_gt,interpolate.halide_generated.cpp,10738,18,generator_specific,-6,1,1,,,test1_demo;test2_golden,0,0.445,cxx_le_to_gt:/mnt/scratch1/ardi/dsl_mut/HM-armc/mutation/lowered-cpp/interpolate/interpolate.halide_generated.cpp:10738:18
interpolate,cxx_default_on_emitted_cpp,5eb72c8d,3,6,cxx_add_to_sub,interpolate.halide_generated.cpp,9108,49,generator_specific,0,0,0,,,,0,3.749,cxx_add_to_sub:/mnt/scratch1/ardi/dsl_mut/HM-armc/mutation/lowered-cpp/interpolate/interpolate.halide_generated.cpp:9108:49
interpolate,cxx_default_on_emitted_cpp,5eb72c8d,3,6,cxx_add_to_sub,interpolate.halide_generated.cpp,8135,35,generator_specific,0,0,0,,,,0,3.976,cxx_add_to_sub:/mnt/scratch1/ardi/dsl_mut/HM-armc/mutation/lowered-cpp/interpolate/interpolate.halide_generated.cpp:8135:35
interpolate,cxx_default_on_emitted_cpp,5eb72c8d,3,6,cxx_sub_to_add,interpolate.halide_generated.cpp,7370,35,generator_specific,0,0,0,,,,0,4.236,cxx_sub_to_add:/mnt/scratch1/ardi/dsl_mut/HM-armc/mutation/lowered-cpp/interpolate/interpolate.halide_generated.cpp:7370:35
interpolate,cxx_default_on_emitted_cpp,5eb72c8d,3,6,cxx_mul_to_div,interpolate.halide_generated.cpp,7644,37,generator_specific,0,0,0,,,,0,3.968,cxx_mul_to_div:/mnt/scratch1/ardi/dsl_mut/HM-armc/mutation/lowered-cpp/interpolate/interpolate.halide_generated.cpp:7644:37
interpolate,cxx_default_on_emitted_cpp,5eb72c8d,3,6,cxx_add_to_sub,interpolate.halide_generated.cpp,6937,37,generator_specific,0,0,1,,,test2_golden,0,4.219,cxx_add_to_sub:/mnt/scratch1/ardi/dsl_mut/HM-armc/mutation/lowered-cpp/interpolate/interpolate.halide_generated.cpp:6937:37
interpolate,cxx_default_on_emitted_cpp,5eb72c8d,3,6,cxx_sub_to_add,interpolate.halide_generated.cpp,9673,35,generator_specific,0,0,0,,,,0,3.630,cxx_sub_to_add:/mnt/scratch1/ardi/dsl_mut/HM-armc/mutation/lowered-cpp/interpolate/interpolate.halide_generated.cpp:9673:35
interpolate,cxx_default_on_emitted_cpp,5eb72c8d,3,6,cxx_gt_to_le,interpolate.halide_generated.cpp,9050,79,generator_specific,0,0,1,,,test2_golden,0,3.578,cxx_gt_to_le:/mnt/scratch1/ardi/dsl_mut/HM-armc/mutation/lowered-cpp/interpolate/interpolate.halide_generated.cpp:9050:79
interpolate,cxx_default_on_emitted_cpp,5eb72c8d,3,6,cxx_add_to_sub,interpolate.halide_generated.cpp,9911,36,generator_specific,0,0,0,,,,0,4.838,cxx_add_to_sub:/mnt/scratch1/ardi/dsl_mut/HM-armc/mutation/lowered-cpp/interpolate/interpolate.halide_generated.cpp:9911:36
interpolate,cxx_default_on_emitted_cpp,5eb72c8d,3,6,cxx_replace_scalar_call,interpolate.halide_generated.cpp,10546,18,generator_specific,0,0,0,,,,0,4.851,cxx_replace_scalar_call:/mnt/scratch1/ardi/dsl_mut/HM-armc/mutation/lowered-cpp/interpolate/interpolate.halide_generated.cpp:10546:18
interpolate,cxx_default_on_emitted_cpp,5eb72c8d,3,6,cxx_add_to_sub,interpolate.halide_generated.cpp,8497,36,generator_specific,0,0,1,,,test2_golden,0,4.410,cxx_add_to_sub:/mnt/scratch1/ardi/dsl_mut/HM-armc/mutation/lowered-cpp/interpolate/interpolate.halide_generated.cpp:8497:36
interpolate,cxx_default_on_emitted_cpp,5eb72c8d,3,6,cxx_mul_to_div,interpolate.halide_generated.cpp,7908,36,generator_specific,0,0,1,,,test2_golden,0,3.581,cxx_mul_to_div:/mnt/scratch1/ardi/dsl_mut/HM-armc/mutation/lowered-cpp/interpolate/interpolate.halide_generated.cpp:7908:36
interpolate,cxx_default_on_emitted_cpp,5eb72c8d,3,6,cxx_add_to_sub,interpolate.halide_generated.cpp,9428,37,generator_specific,0,0,0,,,,0,3.502,cxx_add_to_sub:/mnt/scratch1/ardi/dsl_mut/HM-armc/mutation/lowered-cpp/interpolate/interpolate.halide_generated.cpp:9428:37
interpolate,cxx_default_on_emitted_cpp,5eb72c8d,3,6,cxx_sub_to_add,interpolate.halide_generated.cpp,7284,37,generator_specific,0,0,0,,,,0,3.123,cxx_sub_to_add:/mnt/scratch1/ardi/dsl_mut/HM-armc/mutation/lowered-cpp/interpolate/interpolate.halide_generated.cpp:7284:37
interpolate,cxx_default_on_emitted_cpp,5eb72c8d,3,6,cxx_mul_to_div,interpolate.halide_generated.cpp,7933,38,generator_specific,0,0,1,,,test2_golden,0,3.898,cxx_mul_to_div:/mnt/scratch1/ardi/dsl_mut/HM-armc/mutation/lowered-cpp/interpolate/interpolate.halide_generated.cpp:7933:38
interpolate,cxx_default_on_emitted_cpp,5eb72c8d,3,6,cxx_remove_void_call,interpolate.halide_generated.cpp,10422,2,generator_specific,0,0,0,,,,0,3.713,cxx_remove_void_call:/mnt/scratch1/ardi/dsl_mut/HM-armc/mutation/lowered-cpp/interpolate/interpolate.halide_generated.cpp:10422:2
interpolate,cxx_default_on_emitted_cpp,5eb72c8d,3,6,cxx_mul_to_div,interpolate.halide_generated.cpp,8562,35,generator_specific,0,0,0,,,,0,3.455,cxx_mul_to_div:/mnt/scratch1/ardi/dsl_mut/HM-armc/mutation/lowered-cpp/interpolate/interpolate.halide_generated.cpp:8562:35
interpolate,cxx_default_on_emitted_cpp,5eb72c8d,3,6,cxx_add_to_sub,interpolate.halide_generated.cpp,4863,24,generator_specific,0,0,1,,,test2_golden,0,4.281,cxx_add_to_sub:/mnt/scratch1/ardi/dsl_mut/HM-armc/mutation/lowered-cpp/interpolate/interpolate.halide_generated.cpp:4863:24
interpolate,cxx_default_on_emitted_cpp,5eb72c8d,3,6,cxx_add_to_sub,interpolate.halide_generated.cpp,8817,36,generator_specific,0,0,0,,,,0,3.691,cxx_add_to_sub:/mnt/scratch1/ardi/dsl_mut/HM-armc/mutation/lowered-cpp/interpolate/interpolate.halide_generated.cpp:8817:36
interpolate,cxx_default_on_emitted_cpp,5eb72c8d,3,6,cxx_lt_to_le,interpolate.halide_generated.cpp,7770,75,generator_specific,0,0,0,,,,0,3.691,cxx_lt_to_le:/mnt/scratch1/ardi/dsl_mut/HM-armc/mutation/lowered-cpp/interpolate/interpolate.halide_generated.cpp:7770:75
interpolate,cxx_default_on_emitted_cpp,5eb72c8d,3,6,cxx_add_to_sub,interpolate.halide_generated.cpp,10477,24,generator_specific,0,0,1,,,test2_golden,0,4.378,cxx_add_to_sub:/mnt/scratch1/ardi/dsl_mut/HM-armc/mutation/lowered-cpp/interpolate/interpolate.halide_generated.cpp:10477:24
interpolate,cxx_default_on_emitted_cpp,5eb72c8d,3,6,cxx_add_to_sub,interpolate.halide_generated.cpp,8121,36,generator_specific,0,0,0,,,,0,3.391,cxx_add_to_sub:/mnt/scratch1/ardi/dsl_mut/HM-armc/mutation/lowered-cpp/interpolate/interpolate.halide_generated.cpp:8121:36
interpolate,cxx_default_on_emitted_cpp,5eb72c8d,3,6,cxx_add_to_sub,interpolate.halide_generated.cpp,3891,28,generator_specific,0,0,1,,,test2_golden,0,3.345,cxx_add_to_sub:/mnt/scratch1/ardi/dsl_mut/HM-armc/mutation/lowered-cpp/interpolate/interpolate.halide_generated.cpp:3891:28
interpolate,cxx_default_on_emitted_cpp,5eb72c8d,3,6,cxx_mul_to_div,interpolate.halide_generated.cpp,12170,33,generator_specific,0,0,0,,,,0,3.476,cxx_mul_to_div:/mnt/scratch1/ardi/dsl_mut/HM-armc/mutation/lowered-cpp/interpolate/interpolate.halide_generated.cpp:12170:33
interpolate,cxx_default_on_emitted_cpp,5eb72c8d,3,6,cxx_sub_to_add,interpolate.halide_generated.cpp,4471,23,generator_specific,0,0,1,,,test2_golden,0,3.335,cxx_sub_to_add:/mnt/scratch1/ardi/dsl_mut/HM-armc/mutation/lowered-cpp/interpolate/interpolate.halide_generated.cpp:4471:23
interpolate,cxx_default_on_emitted_cpp,5eb72c8d,3,6,cxx_mul_to_div,interpolate.halide_generated.cpp,8906,75,generator_specific,0,0,0,,,,0,3.248,cxx_mul_to_div:/mnt/scratch1/ardi/dsl_mut/HM-armc/mutation/lowered-cpp/interpolate/interpolate.halide_generated.cpp:8906:75
interpolate,cxx_default_on_emitted_cpp,5eb72c8d,3,6,cxx_gt_to_ge,interpolate.halide_generated.cpp,9049,34,generator_specific,0,0,0,,,,0,3.100,cxx_gt_to_ge:/mnt/scratch1/ardi/dsl_mut/HM-armc/mutation/lowered-cpp/interpolate/interpolate.halide_generated.cpp:9049:34
interpolate,cxx_default_on_emitted_cpp,5eb72c8d,3,6,cxx_post_inc_to_post_dec,interpolate.halide_generated.cpp,9920,127,generator_specific,0,0,0,,,,0,3.443,cxx_post_inc_to_post_dec:/mnt/scratch1/ardi/dsl_mut/HM-armc/mutation/lowered-cpp/interpolate/interpolate.halide_generated.cpp:9920:127
interpolate,cxx_default_on_emitted_cpp,5eb72c8d,3,6,cxx_add_to_sub,interpolate.halide_generated.cpp,3813,26,generator_specific,0,0,0,,,,0,3.644,cxx_add_to_sub:/mnt/scratch1/ardi/dsl_mut/HM-armc/mutation/lowered-cpp/interpolate/interpolate.halide_generated.cpp:3813:26
interpolate,cxx_default_on_emitted_cpp,5eb72c8d,3,6,cxx_mul_to_div,interpolate.halide_generated.cpp,9655,37,generator_specific,0,0,0,,,,0,3.794,cxx_mul_to_div:/mnt/scratch1/ardi/dsl_mut/HM-armc/mutation/lowered-cpp/interpolate/interpolate.halide_generated.cpp:9655:37
interpolate,cxx_default_on_emitted_cpp,5eb72c8d,3,6,cxx_le_to_lt,interpolate.halide_generated.cpp,10782,18,generator_specific,0,0,0,,,,0,3.651,cxx_le_to_lt:/mnt/scratch1/ardi/dsl_mut/HM-armc/mutation/lowered-cpp/interpolate/interpolate.halide_generated.cpp:10782:18
interpolate,cxx_default_on_emitted_cpp,5eb72c8d,3,6,cxx_sub_to_add,interpolate.halide_generated.cpp,6459,34,generator_specific,0,0,0,,,,0,3.002,cxx_sub_to_add:/mnt/scratch1/ardi/dsl_mut/HM-armc/mutation/lowered-cpp/interpolate/interpolate.halide_generated.cpp:6459:34
interpolate,cxx_default_on_emitted_cpp,5eb72c8d,3,6,cxx_add_to_sub,interpolate.halide_generated.cpp,6794,38,generator_specific,0,0,1,,,test2_golden,0,3.240,cxx_add_to_sub:/mnt/scratch1/ardi/dsl_mut/HM-armc/mutation/lowered-cpp/interpolate/interpolate.halide_generated.cpp:6794:38
interpolate,cxx_default_on_emitted_cpp,5eb72c8d,3,6,cxx_add_to_sub,interpolate.halide_generated.cpp,7392,37,generator_specific,0,0,1,,,test2_golden,0,2.999,cxx_add_to_sub:/mnt/scratch1/ardi/dsl_mut/HM-armc/mutation/lowered-cpp/interpolate/interpolate.halide_generated.cpp:7392:37
interpolate,cxx_default_on_emitted_cpp,5eb72c8d,3,6,cxx_add_to_sub,interpolate.halide_generated.cpp,7925,60,generator_specific,0,0,1,,,test2_golden,0,3.177,cxx_add_to_sub:/mnt/scratch1/ardi/dsl_mut/HM-armc/mutation/lowered-cpp/interpolate/interpolate.halide_generated.cpp:7925:60
interpolate,cxx_default_on_emitted_cpp,5eb72c8d,3,6,cxx_sub_to_add,interpolate.halide_generated.cpp,8702,35,generator_specific,0,0,0,,,,0,3.696,cxx_sub_to_add:/mnt/scratch1/ardi/dsl_mut/HM-armc/mutation/lowered-cpp/interpolate/interpolate.halide_generated.cpp:8702:35
interpolate,cxx_default_on_emitted_cpp,5eb72c8d,3,6,cxx_mul_to_div,interpolate.halide_generated.cpp,4288,27,generator_specific,0,0,1,,,test2_golden,0,3.270,cxx_mul_to_div:/mnt/scratch1/ardi/dsl_mut/HM-armc/mutation/lowered-cpp/interpolate/interpolate.halide_generated.cpp:4288:27
interpolate,cxx_default_on_emitted_cpp,5eb72c8d,3,6,cxx_add_to_sub,interpolate.halide_generated.cpp,5307,26,generator_specific,0,0,1,,,test2_golden,0,3.253,cxx_add_to_sub:/mnt/scratch1/ardi/dsl_mut/HM-armc/mutation/lowered-cpp/interpolate/interpolate.halide_generated.cpp:5307:26
interpolate,cxx_default_on_emitted_cpp,5eb72c8d,3,6,cxx_sub_to_add,interpolate.halide_generated.cpp,9716,37,generator_specific,0,0,0,,,,0,3.135,cxx_sub_to_add:/mnt/scratch1/ardi/dsl_mut/HM-armc/mutation/lowered-cpp/interpolate/interpolate.halide_generated.cpp:9716:37
interpolate,cxx_default_on_emitted_cpp,5eb72c8d,3,6,cxx_lt_to_le,interpolate.halide_generated.cpp,7527,28,generator_specific,0,0,0,,,,0,3.188,cxx_lt_to_le:/mnt/scratch1/ardi/dsl_mut/HM-armc/mutation/lowered-cpp/interpolate/interpolate.halide_generated.cpp:7527:28
interpolate,cxx_default_on_emitted_cpp,5eb72c8d,3,6,cxx_mul_to_div,interpolate.halide_generated.cpp,10883,25,generator_specific,0,0,0,,,,0,3.922,cxx_mul_to_div:/mnt/scratch1/ardi/dsl_mut/HM-armc/mutation/lowered-cpp/interpolate/interpolate.halide_generated.cpp:10883:25
interpolate,cxx_default_on_emitted_cpp,5eb72c8d,3,6,cxx_add_to_sub,interpolate.halide_generated.cpp,9461,36,generator_specific,0,0,0,,,,0,3.240,cxx_add_to_sub:/mnt/scratch1/ardi/dsl_mut/HM-armc/mutation/lowered-cpp/interpolate/interpolate.halide_generated.cpp:9461:36
interpolate,cxx_default_on_emitted_cpp,5eb72c8d,3,6,cxx_add_to_sub,interpolate.halide_generated.cpp,9787,35,generator_specific,0,0,0,,,,0,3.237,cxx_add_to_sub:/mnt/scratch1/ardi/dsl_mut/HM-armc/mutation/lowered-cpp/interpolate/interpolate.halide_generated.cpp:9787:35
interpolate,cxx_default_on_emitted_cpp,5eb72c8d,3,6,cxx_mul_to_div,interpolate.halide_generated.cpp,9721,37,generator_specific,0,0,0,,,,0,3.651,cxx_mul_to_div:/mnt/scratch1/ardi/dsl_mut/HM-armc/mutation/lowered-cpp/interpolate/interpolate.halide_generated.cpp:9721:37
interpolate,cxx_default_on_emitted_cpp,5eb72c8d,3,6,cxx_post_inc_to_post_dec,interpolate.halide_generated.cpp,7124,110,generator_specific,-9,1,0,,,test1_demo,1,60.070,cxx_post_inc_to_post_dec:/mnt/scratch1/ardi/dsl_mut/HM-armc/mutation/lowered-cpp/interpolate/interpolate.halide_generated.cpp:7124:110
interpolate,cxx_default_on_emitted_cpp,5eb72c8d,3,6,cxx_lt_to_ge,interpolate.halide_generated.cpp,8579,81,generator_specific,-9,1,0,,,test1_demo,1,60.072,cxx_lt_to_ge:/mnt/scratch1/ardi/dsl_mut/HM-armc/mutation/lowered-cpp/interpolate/interpolate.halide_generated.cpp:8579:81
interpolate,cxx_default_on_emitted_cpp,5eb72c8d,3,6,cxx_lt_to_ge,interpolate.halide_generated.cpp,3722,114,generator_specific,-9,1,0,,,test1_demo,1,60.069,cxx_lt_to_ge:/mnt/scratch1/ardi/dsl_mut/HM-armc/mutation/lowered-cpp/interpolate/interpolate.halide_generated.cpp:3722:114
