app,arm,mull_commit,slice_index,slice_count,mutator,file,line,column,region,exit_code,test1_demo,test2_golden,test2_written,test3_perf,killed_by,timed_out,wall_seconds,mutant_key
lens_blur,cxx_default_on_emitted_cpp,5eb72c8d,6,16,cxx_add_to_sub,lens_blur.halide_generated.cpp,3907,25,generator_specific,-11,1,1,,,test1_demo;test2_golden,0,0.025,cxx_add_to_sub:/mnt/scratch1/ardi/dsl_mut/HM-armc/mutation/lowered-cpp/lens_blur/lens_blur.halide_generated.cpp:3907:25
lens_blur,cxx_default_on_emitted_cpp,5eb72c8d,6,16,cxx_sub_to_add,lens_blur.halide_generated.cpp,9291,34,generator_specific,-6,1,1,,,test1_demo;test2_golden,0,0.249,cxx_sub_to_add:/mnt/scratch1/ardi/dsl_mut/HM-armc/mutation/lowered-cpp/lens_blur/lens_blur.halide_generated.cpp:9291:34
lens_blur,cxx_default_on_emitted_cpp,5eb72c8d,6,16,cxx_post_inc_to_post_dec,lens_blur.halide_generated.cpp,7277,123,generator_specific,-11,1,1,,,test1_demo;test2_golden,0,0.256,cxx_post_inc_to_post_dec:/mnt/scratch1/ardi/dsl_mut/HM-armc/mutation/lowered-cpp/lens_blur/lens_blur.halide_generated.cpp:7277:123
lens_blur,cxx_default_on_emitted_cpp,5eb72c8d,6,16,cxx_gt_to_le,lens_blur.halide_generated.cpp,8671,78,generator_specific,-6,1,1,,,test1_demo;test2_golden,0,0.255,cxx_gt_to_le:/mnt/scratch1/ardi/dsl_mut/HM-armc/mutation/lowered-cpp/lens_blur/lens_blur.halide_generated.cpp:8671:78
lens_blur,cxx_default_on_emitted_cpp,5eb72c8d,6,16,cxx_sub_to_add,lens_blur.halide_generated.cpp,11038,38,generator_specific,-11,1,1,,,test1_demo;test2_golden,0,0.309,cxx_sub_to_add:/mnt/scratch1/ardi/dsl_mut/HM-armc/mutation/lowered-cpp/lens_blur/lens_blur.halide_generated.cpp:11038:38
lens_blur,cxx_default_on_emitted_cpp,5eb72c8d,6,16,cxx_add_to_sub,lens_blur.halide_generated.cpp,10372,38,generator_specific,-6,1,1,,,test1_demo;test2_golden,0,0.243,cxx_add_to_sub:/mnt/scratch1/ardi/dsl_mut/HM-armc/mutation/lowered-cpp/lens_blur/lens_blur.halide_generated.cpp:10372:38
lens_blur,cxx_default_on_emitted_cpp,5eb72c8d,6,16,cxx_add_to_sub,lens_blur.halide_generated.cpp,5918,30,generator_specific,-11,1,1,,,test1_demo;test2_golden,0,0.306,cxx_add_to_sub:/mnt/scratch1/ardi/dsl_mut/HM-armc/mutation/lowered-cpp/lens_blur/lens_blur.halide_generated.cpp:5918:30
lens_blur,cxx_default_on_emitted_cpp,5eb72c8d,6,16,cxx_lt_to_le,lens_blur.halide_generated.cpp,4667,45,generator_specific,-6,1,1,,,test1_demo;test2_golden,0,1.092,cxx_lt_to_le:/mnt/scratch1/ardi/dsl_mut/HM-armc/mutation/lowered-cpp/lens_blur/lens_blur.halide_generated.cpp:4667:45
lens_blur,cxx_default_on_emitted_cpp,5eb72c8d,6,16,cxx_add_to_sub,lens_blur.halide_generated.cpp,13675,26,generator_specific,0,0,0,,,,0,14.857,cxx_add_to_sub:/mnt/scratch1/ardi/dsl_mut/HM-armc/mutation/lowered-cpp/lens_blur/lens_blur.halide_generated.cpp:13675:26
lens_blur,cxx_default_on_emitted_cpp,5eb72c8d,6,16,cxx_add_to_sub,lens_blur.halide_generated.cpp,9400,36,generator_specific,0,0,1,,,test2_golden,0,14.944,cxx_add_to_sub:/mnt/scratch1/ardi/dsl_mut/HM-armc/mutation/lowered-cpp/lens_blur/lens_blur.halide_generated.cpp:9400:36
lens_blur,cxx_default_on_emitted_cpp,5eb72c8d,6,16,cxx_add_to_sub,lens_blur.halide_generated.cpp,8085,34,generator_specific,0,0,0,,,,0,14.968,cxx_add_to_sub:/mnt/scratch1/ardi/dsl_mut/HM-armc/mutation/lowered-cpp/lens_blur/lens_blur.halide_generated.cpp:8085:34
lens_blur,cxx_default_on_emitted_cpp,5eb72c8d,6,16,cxx_add_to_sub,lens_blur.halide_generated.cpp,11510,28,generator_specific,0,0,0,,,,0,15.023,cxx_add_to_sub:/mnt/scratch1/ardi/dsl_mut/HM-armc/mutation/lowered-cpp/lens_blur/lens_blur.halide_generated.cpp:11510:28
lens_blur,cxx_default_on_emitted_cpp,5eb72c8d,6,16,cxx_add_to_sub,lens_blur.halide_generated.cpp,11137,38,generator_specific,0,0,0,,,,0,15.037,cxx_add_to_sub:/mnt/scratch1/ardi/dsl_mut/HM-armc/mutation/lowered-cpp/lens_blur/lens_blur.halide_generated.cpp:11137:38
lens_blur,cxx_default_on_emitted_cpp,5eb72c8d,6,16,cxx_mul_to_div,lens_blur.halide_generated.cpp,11462,24,generator_specific,0,0,1,,,test2_golden,0,15.049,cxx_mul_to_div:/mnt/scratch1/ardi/dsl_mut/HM-armc/mutation/lowered-cpp/lens_blur/lens_blur.halide_generated.cpp:11462:24
lens_blur,cxx_default_on_emitted_cpp,5eb72c8d,6,16,cxx_mul_to_div,lens_blur.halide_generated.cpp,10774,38,generator_specific,0,0,0,,,,0,15.066,cxx_mul_to_div:/mnt/scratch1/ardi/dsl_mut/HM-armc/mutation/lowered-cpp/lens_blur/lens_blur.halide_generated.cpp:10774:38
lens_blur,cxx_default_on_emitted_cpp,5eb72c8d,6,16,cxx_mul_to_div,lens_blur.halide_generated.cpp,6924,29,generator_specific,0,0,0,,,,0,15.053,cxx_mul_to_div:/mnt/scratch1/ardi/dsl_mut/HM-armc/mutation/lowered-cpp/lens_blur/lens_blur.halide_generated.cpp:6924:29
lens_blur,cxx_default_on_emitted_cpp,5eb72c8d,6,16,cxx_add_to_sub,lens_blur.halide_generated.cpp,12761,25,generator_specific,0,0,0,,,,0,15.063,cxx_add_to_sub:/mnt/scratch1/ardi/dsl_mut/HM-armc/mutation/lowered-cpp/lens_blur/lens_blur.halide_generated.cpp:12761:25
lens_blur,cxx_default_on_emitted_cpp,5eb72c8d,6,16,cxx_add_to_sub,lens_blur.halide_generated.cpp,5713,24,generator_specific,0,0,0,,,,0,15.064,cxx_add_to_sub:/mnt/scratch1/ardi/dsl_mut/HM-armc/mutation/lowered-cpp/lens_blur/lens_blur.halide_generated.cpp:5713:24
lens_blur,cxx_default_on_emitted_cpp,5eb72c8d,6,16,cxx_sub_to_add,lens_blur.halide_generated.cpp,13386,21,generator_specific,0,0,0,,,,0,15.081,cxx_sub_to_add:/mnt/scratch1/ardi/dsl_mut/HM-armc/mutation/lowered-cpp/lens_blur/lens_blur.halide_generated.cpp:13386:21
lens_blur,cxx_default_on_emitted_cpp,5eb72c8d,6,16,cxx_mul_to_div,lens_blur.halide_generated.cpp,8479,31,generator_specific,0,0,1,,,test2_golden,0,15.067,cxx_mul_to_div:/mnt/scratch1/ardi/dsl_mut/HM-armc/mutation/lowered-cpp/lens_blur/lens_blur.halide_generated.cpp:8479:31
lens_blur,cxx_default_on_emitted_cpp,5eb72c8d,6,16,cxx_sub_to_add,lens_blur.halide_generated.cpp,6089,27,generator_specific,0,0,0,,,,0,15.084,cxx_sub_to_add:/mnt/scratch1/ardi/dsl_mut/HM-armc/mutation/lowered-cpp/lens_blur/lens_blur.halide_generated.cpp:6089:27
lens_blur,cxx_default_on_emitted_cpp,5eb72c8d,6,16,cxx_add_to_sub,lens_blur.halide_generated.cpp,7425,31,generator_specific,0,0,0,,,,0,15.062,cxx_add_to_sub:/mnt/scratch1/ardi/dsl_mut/HM-armc/mutation/lowered-cpp/lens_blur/lens_blur.halide_generated.cpp:7425:31
lens_blur,cxx_default_on_emitted_cpp,5eb72c8d,6,16,cxx_add_to_sub,lens_blur.halide_generated.cpp,14101,27,generator_specific,0,0,0,,,,0,15.090,cxx_add_to_sub:/mnt/scratch1/ardi/dsl_mut/HM-armc/mutation/lowered-cpp/lens_blur/lens_blur.halide_generated.cpp:14101:27
lens_blur,cxx_default_on_emitted_cpp,5eb72c8d,6,16,cxx_add_to_sub,lens_blur.halide_generated.cpp,6018,27,generator_specific,0,0,0,,,,0,15.121,cxx_add_to_sub:/mnt/scratch1/ardi/dsl_mut/HM-armc/mutation/lowered-cpp/lens_blur/lens_blur.halide_generated.cpp:6018:27
lens_blur,cxx_default_on_emitted_cpp,5eb72c8d,6,16,cxx_add_to_sub,lens_blur.halide_generated.cpp,6466,31,generator_specific,0,0,0,,,,0,15.124,cxx_add_to_sub:/mnt/scratch1/ardi/dsl_mut/HM-armc/mutation/lowered-cpp/lens_blur/lens_blur.halide_generated.cpp:6466:31
lens_blur,cxx_default_on_emitted_cpp,5eb72c8d,6,16,cxx_gt_to_le,lens_blur.halide_generated.cpp,13233,23,generator_specific,0,0,0,,,,0,15.108,cxx_gt_to_le:/mnt/scratch1/ardi/dsl_mut/HM-armc/mutation/lowered-cpp/lens_blur/lens_blur.halide_generated.cpp:13233:23
lens_blur,cxx_default_on_emitted_cpp,5eb72c8d,6,16,cxx_add_to_sub,lens_blur.halide_generated.cpp,6095,28,generator_specific,0,0,0,,,,0,15.099,cxx_add_to_sub:/mnt/scratch1/ardi/dsl_mut/HM-armc/mutation/lowered-cpp/lens_blur/lens_blur.halide_generated.cpp:6095:28
lens_blur,cxx_default_on_emitted_cpp,5eb72c8d,6,16,cxx_add_to_sub,lens_blur.halide_generated.cpp,6512,31,generator_specific,0,0,0,,,,0,15.150,cxx_add_to_sub:/mnt/scratch1/ardi/dsl_mut/HM-armc/mutation/lowered-cpp/lens_blur/lens_blur.halide_generated.cpp:6512:31
lens_blur,cxx_default_on_emitted_cpp,5eb72c8d,6,16,cxx_mul_to_div,lens_blur.halide_generated.cpp,9429,35,generator_specific,0,0,0,,,,0,15.123,cxx_mul_to_div:/mnt/scratch1/ardi/dsl_mut/HM-armc/mutation/lowered-cpp/lens_blur/lens_blur.halide_generated.cpp:9429:35
lens_blur,cxx_default_on_emitted_cpp,5eb72c8d,6,16,cxx_add_to_sub,lens_blur.halide_generated.cpp,8299,33,generator_specific,0,0,0,,,,0,15.145,cxx_add_to_sub:/mnt/scratch1/ardi/dsl_mut/HM-armc/mutation/lowered-cpp/lens_blur/lens_blur.halide_generated.cpp:8299:33
lens_blur,cxx_default_on_emitted_cpp,5eb72c8d,6,16,cxx_add_to_sub,lens_blur.halide_generated.cpp,13957,27,generator_specific,0,0,0,,,,0,15.130,cxx_add_to_sub:/mnt/scratch1/ardi/dsl_mut/HM-armc/mutation/lowered-cpp/lens_blur/lens_blur.halide_generated.cpp:13957:27
lens_blur,cxx_default_on_emitted_cpp,5eb72c8d,6,16,cxx_add_to_sub,lens_blur.halide_generated.cpp,13908,27,generator_specific,0,0,0,,,,0,15.139,cxx_add_to_sub:/mnt/scratch1/ardi/dsl_mut/HM-armc/mutation/lowered-cpp/lens_blur/lens_blur.halide_generated.cpp:13908:27
lens_blur,cxx_default_on_emitted_cpp,5eb72c8d,6,16,cxx_add_to_sub,lens_blur.halide_generated.cpp,6020,28,generator_specific,0,0,0,,,,0,15.161,cxx_add_to_sub:/mnt/scratch1/ardi/dsl_mut/HM-armc/mutation/lowered-cpp/lens_blur/lens_blur.halide_generated.cpp:6020:28
lens_blur,cxx_default_on_emitted_cpp,5eb72c8d,6,16,cxx_add_to_sub,lens_blur.halide_generated.cpp,5437,27,generator_specific,0,0,0,,,,0,15.181,cxx_add_to_sub:/mnt/scratch1/ardi/dsl_mut/HM-armc/mutation/lowered-cpp/lens_blur/lens_blur.halide_generated.cpp:5437:27
lens_blur,cxx_default_on_emitted_cpp,5eb72c8d,6,16,cxx_add_to_sub,lens_blur.halide_generated.cpp,11353,38,generator_specific,0,0,0,,,,0,15.222,cxx_add_to_sub:/mnt/scratch1/ardi/dsl_mut/HM-armc/mutation/lowered-cpp/lens_blur/lens_blur.halide_generated.cpp:11353:38
lens_blur,cxx_default_on_emitted_cpp,5eb72c8d,6,16,cxx_sub_to_add,lens_blur.halide_generated.cpp,8484,31,generator_specific,0,0,1,,,test2_golden,0,15.174,cxx_sub_to_add:/mnt/scratch1/ardi/dsl_mut/HM-armc/mutation/lowered-cpp/lens_blur/lens_blur.halide_generated.cpp:8484:31
lens_blur,cxx_default_on_emitted_cpp,5eb72c8d,6,16,cxx_sub_to_add,lens_blur.halide_generated.cpp,10274,37,generator_specific,0,0,0,,,,0,15.214,cxx_sub_to_add:/mnt/scratch1/ardi/dsl_mut/HM-armc/mutation/lowered-cpp/lens_blur/lens_blur.halide_generated.cpp:10274:37
lens_blur,cxx_default_on_emitted_cpp,5eb72c8d,6,16,cxx_add_to_sub,lens_blur.halide_generated.cpp,9661,35,generator_specific,0,0,0,,,,0,15.200,cxx_add_to_sub:/mnt/scratch1/ardi/dsl_mut/HM-armc/mutation/lowered-cpp/lens_blur/lens_blur.halide_generated.cpp:9661:35
lens_blur,cxx_default_on_emitted_cpp,5eb72c8d,6,16,cxx_add_to_sub,lens_blur.halide_generated.cpp,5828,27,generator_specific,0,0,0,,,,0,15.229,cxx_add_to_sub:/mnt/scratch1/ardi/dsl_mut/HM-armc/mutation/lowered-cpp/lens_blur/lens_blur.halide_generated.cpp:5828:27
lens_blur,cxx_default_on_emitted_cpp,5eb72c8d,6,16,cxx_add_to_sub,lens_blur.halide_generated.cpp,4273,24,generator_specific,-11,1,1,,,test1_demo;test2_golden,0,0.058,cxx_add_to_sub:/mnt/scratch1/ardi/dsl_mut/HM-armc/mutation/lowered-cpp/lens_blur/lens_blur.halide_generated.cpp:4273:24
lens_blur,cxx_default_on_emitted_cpp,5eb72c8d,6,16,cxx_add_to_sub,lens_blur.halide_generated.cpp,14071,27,generator_specific,0,0,0,,,,0,15.302,cxx_add_to_sub:/mnt/scratch1/ardi/dsl_mut/HM-armc/mutation/lowered-cpp/lens_blur/lens_blur.halide_generated.cpp:14071:27
lens_blur,cxx_default_on_emitted_cpp,5eb72c8d,6,16,cxx_add_to_sub,lens_blur.halide_generated.cpp,8650,30,generator_specific,0,0,0,,,,0,15.313,cxx_add_to_sub:/mnt/scratch1/ardi/dsl_mut/HM-armc/mutation/lowered-cpp/lens_blur/lens_blur.halide_generated.cpp:8650:30
lens_blur,cxx_default_on_emitted_cpp,5eb72c8d,6,16,cxx_add_to_sub,lens_blur.halide_generated.cpp,9203,35,generator_specific,0,0,1,,,test2_golden,0,15.287,cxx_add_to_sub:/mnt/scratch1/ardi/dsl_mut/HM-armc/mutation/lowered-cpp/lens_blur/lens_blur.halide_generated.cpp:9203:35
lens_blur,cxx_default_on_emitted_cpp,5eb72c8d,6,16,cxx_add_to_sub,lens_blur.halide_generated.cpp,9439,36,generator_specific,0,0,0,,,,0,15.286,cxx_add_to_sub:/mnt/scratch1/ardi/dsl_mut/HM-armc/mutation/lowered-cpp/lens_blur/lens_blur.halide_generated.cpp:9439:36
lens_blur,cxx_default_on_emitted_cpp,5eb72c8d,6,16,cxx_sub_to_add,lens_blur.halide_generated.cpp,9384,35,generator_specific,-11,1,1,,,test1_demo;test2_golden,0,0.267,cxx_sub_to_add:/mnt/scratch1/ardi/dsl_mut/HM-armc/mutation/lowered-cpp/lens_blur/lens_blur.halide_generated.cpp:9384:35
lens_blur,cxx_default_on_emitted_cpp,5eb72c8d,6,16,cxx_add_to_sub,lens_blur.halide_generated.cpp,6979,32,generator_specific,0,0,0,,,,0,15.377,cxx_add_to_sub:/mnt/scratch1/ardi/dsl_mut/HM-armc/mutation/lowered-cpp/lens_blur/lens_blur.halide_generated.cpp:6979:32
lens_blur,cxx_default_on_emitted_cpp,5eb72c8d,6,16,cxx_ne_to_eq,lens_blur.halide_generated.cpp,4088,17,generator_specific,-6,1,1,,,test1_demo;test2_golden,0,0.021,cxx_ne_to_eq:/mnt/scratch1/ardi/dsl_mut/HM-armc/mutation/lowered-cpp/lens_blur/lens_blur.halide_generated.cpp:4088:17
lens_blur,cxx_default_on_emitted_cpp,5eb72c8d,6,16,cxx_add_to_sub,lens_blur.halide_generated.cpp,8958,35,generator_specific,0,0,0,,,,0,15.361,cxx_add_to_sub:/mnt/scratch1/ardi/dsl_mut/HM-armc/mutation/lowered-cpp/lens_blur/lens_blur.halide_generated.cpp:8958:35
lens_blur,cxx_default_on_emitted_cpp,5eb72c8d,6,16,cxx_sub_to_add,lens_blur.halide_generated.cpp,9105,34,generator_specific,0,0,0,,,,0,15.125,cxx_sub_to_add:/mnt/scratch1/ardi/dsl_mut/HM-armc/mutation/lowered-cpp/lens_blur/lens_blur.halide_generated.cpp:9105:34
lens_blur,cxx_default_on_emitted_cpp,5eb72c8d,6,16,cxx_add_to_sub,lens_blur.halide_generated.cpp,8854,32,generator_specific,0,0,0,,,,0,15.406,cxx_add_to_sub:/mnt/scratch1/ardi/dsl_mut/HM-armc/mutation/lowered-cpp/lens_blur/lens_blur.halide_generated.cpp:8854:32
lens_blur,cxx_default_on_emitted_cpp,5eb72c8d,6,16,cxx_add_to_sub,lens_blur.halide_generated.cpp,10591,35,generator_specific,-6,1,1,,,test1_demo;test2_golden,0,0.250,cxx_add_to_sub:/mnt/scratch1/ardi/dsl_mut/HM-armc/mutation/lowered-cpp/lens_blur/lens_blur.halide_generated.cpp:10591:35
lens_blur,cxx_default_on_emitted_cpp,5eb72c8d,6,16,cxx_post_inc_to_post_dec,lens_blur.halide_generated.cpp,5834,106,generator_specific,-11,1,1,,,test1_demo;test2_golden,0,0.299,cxx_post_inc_to_post_dec:/mnt/scratch1/ardi/dsl_mut/HM-armc/mutation/lowered-cpp/lens_blur/lens_blur.halide_generated.cpp:5834:106
lens_blur,cxx_default_on_emitted_cpp,5eb72c8d,6,16,cxx_mul_to_div,lens_blur.halide_generated.cpp,3850,24,generator_specific,0,0,1,,,test2_golden,0,15.581,cxx_mul_to_div:/mnt/scratch1/ardi/dsl_mut/HM-armc/mutation/lowered-cpp/lens_blur/lens_blur.halide_generated.cpp:3850:24
lens_blur,cxx_default_on_emitted_cpp,5eb72c8d,6,16,cxx_replace_scalar_call,lens_blur.halide_generated.cpp,12570,18,generator_specific,0,0,0,,,,0,15.603,cxx_replace_scalar_call:/mnt/scratch1/ardi/dsl_mut/HM-armc/mutation/lowered-cpp/lens_blur/lens_blur.halide_generated.cpp:12570:18
lens_blur,cxx_default_on_emitted_cpp,5eb72c8d,6,16,cxx_add_to_sub,lens_blur.halide_generated.cpp,12962,26,generator_specific,0,0,0,,,,0,15.655,cxx_add_to_sub:/mnt/scratch1/ardi/dsl_mut/HM-armc/mutation/lowered-cpp/lens_blur/lens_blur.halide_generated.cpp:12962:26
lens_blur,cxx_default_on_emitted_cpp,5eb72c8d,6,16,cxx_add_to_sub,lens_blur.halide_generated.cpp,10501,38,generator_specific,0,0,0,,,,0,15.668,cxx_add_to_sub:/mnt/scratch1/ardi/dsl_mut/HM-armc/mutation/lowered-cpp/lens_blur/lens_blur.halide_generated.cpp:10501:38
lens_blur,cxx_default_on_emitted_cpp,5eb72c8d,6,16,cxx_mul_to_div,lens_blur.halide_generated.cpp,8999,34,generator_specific,0,0,0,,,,0,15.684,cxx_mul_to_div:/mnt/scratch1/ardi/dsl_mut/HM-armc/mutation/lowered-cpp/lens_blur/lens_blur.halide_generated.cpp:8999:34
lens_blur,cxx_default_on_emitted_cpp,5eb72c8d,6,16,cxx_add_to_sub,lens_blur.halide_generated.cpp,5628,29,generator_specific,-11,1,1,,,test1_demo;test2_golden,0,0.310,cxx_add_to_sub:/mnt/scratch1/ardi/dsl_mut/HM-armc/mutation/lowered-cpp/lens_blur/lens_blur.halide_generated.cpp:5628:29
lens_blur,cxx_default_on_emitted_cpp,5eb72c8d,6,16,cxx_add_to_sub,lens_blur.halide_generated.cpp,3763,25,generator_specific,-11,1,1,,,test1_demo;test2_golden,0,0.737,cxx_add_to_sub:/mnt/scratch1/ardi/dsl_mut/HM-armc/mutation/lowered-cpp/lens_blur/lens_blur.halide_generated.cpp:3763:25
lens_blur,cxx_default_on_emitted_cpp,5eb72c8d,6,16,cxx_add_to_sub,lens_blur.halide_generated.cpp,4337,27,generator_specific,0,0,0,,,,0,15.918,cxx_add_to_sub:/mnt/scratch1/ardi/dsl_mut/HM-armc/mutation/lowered-cpp/lens_blur/lens_blur.halide_generated.cpp:4337:27
lens_blur,cxx_default_on_emitted_cpp,5eb72c8d,6,16,cxx_add_to_sub,lens_blur.halide_generated.cpp,5990,30,generator_specific,-11,1,1,,,test1_demo;test2_golden,0,0.250,cxx_add_to_sub:/mnt/scratch1/ardi/dsl_mut/HM-armc/mutation/lowered-cpp/lens_blur/lens_blur.halide_generated.cpp:5990:30
lens_blur,cxx_default_on_emitted_cpp,5eb72c8d,6,16,cxx_add_to_sub,lens_blur.halide_generated.cpp,9850,37,generator_specific,0,0,0,,,,0,15.970,cxx_add_to_sub:/mnt/scratch1/ardi/dsl_mut/HM-armc/mutation/lowered-cpp/lens_blur/lens_blur.halide_generated.cpp:9850:37
lens_blur,cxx_default_on_emitted_cpp,5eb72c8d,6,16,cxx_sub_to_add,lens_blur.halide_generated.cpp,6072,25,generator_specific,0,0,0,,,,0,15.695,cxx_sub_to_add:/mnt/scratch1/ardi/dsl_mut/HM-armc/mutation/lowered-cpp/lens_blur/lens_blur.halide_generated.cpp:6072:25
lens_blur,cxx_default_on_emitted_cpp,5eb72c8d,6,16,cxx_mul_to_div,lens_blur.halide_generated.cpp,12143,32,generator_specific,-8,1,1,,,test1_demo;test2_golden,0,0.472,cxx_mul_to_div:/mnt/scratch1/ardi/dsl_mut/HM-armc/mutation/lowered-cpp/lens_blur/lens_blur.halide_generated.cpp:12143:32
lens_blur,cxx_default_on_emitted_cpp,5eb72c8d,6,16,cxx_add_to_sub,lens_blur.halide_generated.cpp,11535,29,generator_specific,0,0,0,,,,0,16.117,cxx_add_to_sub:/mnt/scratch1/ardi/dsl_mut/HM-armc/mutation/lowered-cpp/lens_blur/lens_blur.halide_generated.cpp:11535:29
lens_blur,cxx_default_on_emitted_cpp,5eb72c8d,6,16,cxx_mul_to_div,lens_blur.halide_generated.cpp,10296,37,generator_specific,0,0,0,,,,0,15.847,cxx_mul_to_div:/mnt/scratch1/ardi/dsl_mut/HM-armc/mutation/lowered-cpp/lens_blur/lens_blur.halide_generated.cpp:10296:37
lens_blur,cxx_default_on_emitted_cpp,5eb72c8d,6,16,cxx_add_to_sub,lens_blur.halide_generated.cpp,13583,26,generator_specific,0,0,0,,,,0,15.444,cxx_add_to_sub:/mnt/scratch1/ardi/dsl_mut/HM-armc/mutation/lowered-cpp/lens_blur/lens_blur.halide_generated.cpp:13583:26
lens_blur,cxx_default_on_emitted_cpp,5eb72c8d,6,16,cxx_mul_to_div,lens_blur.halide_generated.cpp,7552,50,generator_specific,0,0,0,,,,0,15.475,cxx_mul_to_div:/mnt/scratch1/ardi/dsl_mut/HM-armc/mutation/lowered-cpp/lens_blur/lens_blur.halide_generated.cpp:7552:50
lens_blur,cxx_default_on_emitted_cpp,5eb72c8d,6,16,cxx_lt_to_le,lens_blur.halide_generated.cpp,5956,85,generator_specific,0,0,0,,,,0,16.661,cxx_lt_to_le:/mnt/scratch1/ardi/dsl_mut/HM-armc/mutation/lowered-cpp/lens_blur/lens_blur.halide_generated.cpp:5956:85
lens_blur,cxx_default_on_emitted_cpp,5eb72c8d,6,16,cxx_lt_to_le,lens_blur.halide_generated.cpp,6580,70,generator_specific,0,0,0,,,,0,16.845,cxx_lt_to_le:/mnt/scratch1/ardi/dsl_mut/HM-armc/mutation/lowered-cpp/lens_blur/lens_blur.halide_generated.cpp:6580:70
lens_blur,cxx_default_on_emitted_cpp,5eb72c8d,6,16,cxx_mul_to_div,lens_blur.halide_generated.cpp,13444,26,generator_specific,0,0,0,,,,0,15.121,cxx_mul_to_div:/mnt/scratch1/ardi/dsl_mut/HM-armc/mutation/lowered-cpp/lens_blur/lens_blur.halide_generated.cpp:13444:26
lens_blur,cxx_default_on_emitted_cpp,5eb72c8d,6,16,cxx_lt_to_ge,lens_blur.halide_generated.cpp,7413,88,generator_specific,0,0,0,,,,0,14.978,cxx_lt_to_ge:/mnt/scratch1/ardi/dsl_mut/HM-armc/mutation/lowered-cpp/lens_blur/lens_blur.halide_generated.cpp:7413:88
lens_blur,cxx_default_on_emitted_cpp,5eb72c8d,6,16,cxx_remove_void_call,lens_blur.halide_generated.cpp,11666,6,generator_specific,0,0,0,,,,0,15.062,cxx_remove_void_call:/mnt/scratch1/ardi/dsl_mut/HM-armc/mutation/lowered-cpp/lens_blur/lens_blur.halide_generated.cpp:11666:6
lens_blur,cxx_default_on_emitted_cpp,5eb72c8d,6,16,cxx_add_to_sub,lens_blur.halide_generated.cpp,8754,33,generator_specific,0,0,1,,,test2_golden,0,15.061,cxx_add_to_sub:/mnt/scratch1/ardi/dsl_mut/HM-armc/mutation/lowered-cpp/lens_blur/lens_blur.halide_generated.cpp:8754:33
lens_blur,cxx_default_on_emitted_cpp,5eb72c8d,6,16,cxx_add_to_sub,lens_blur.halide_generated.cpp,12881,26,generator_specific,0,0,0,,,,0,15.096,cxx_add_to_sub:/mnt/scratch1/ardi/dsl_mut/HM-armc/mutation/lowered-cpp/lens_blur/lens_blur.halide_generated.cpp:12881:26
lens_blur,cxx_default_on_emitted_cpp,5eb72c8d,6,16,cxx_sub_to_add,lens_blur.halide_generated.cpp,7718,29,generator_specific,0,0,0,,,,0,15.143,cxx_sub_to_add:/mnt/scratch1/ardi/dsl_mut/HM-armc/mutation/lowered-cpp/lens_blur/lens_blur.halide_generated.cpp:7718:29
lens_blur,cxx_default_on_emitted_cpp,5eb72c8d,6,16,cxx_add_to_sub,lens_blur.halide_generated.cpp,3857,23,generator_specific,0,0,1,,,test2_golden,0,15.104,cxx_add_to_sub:/mnt/scratch1/ardi/dsl_mut/HM-armc/mutation/lowered-cpp/lens_blur/lens_blur.halide_generated.cpp:3857:23
lens_blur,cxx_default_on_emitted_cpp,5eb72c8d,6,16,cxx_le_to_gt,lens_blur.halide_generated.cpp,12974,22,generator_specific,0,0,1,,,test2_golden,0,0.052,cxx_le_to_gt:/mnt/scratch1/ardi/dsl_mut/HM-armc/mutation/lowered-cpp/lens_blur/lens_blur.halide_generated.cpp:12974:22
lens_blur,cxx_default_on_emitted_cpp,5eb72c8d,6,16,cxx_add_to_sub,lens_blur.halide_generated.cpp,8489,56,generator_specific,0,0,0,,,,0,15.183,cxx_add_to_sub:/mnt/scratch1/ardi/dsl_mut/HM-armc/mutation/lowered-cpp/lens_blur/lens_blur.halide_generated.cpp:8489:56
lens_blur,cxx_default_on_emitted_cpp,5eb72c8d,6,16,cxx_mul_to_div,lens_blur.halide_generated.cpp,10932,38,generator_specific,0,0,0,,,,0,15.157,cxx_mul_to_div:/mnt/scratch1/ardi/dsl_mut/HM-armc/mutation/lowered-cpp/lens_blur/lens_blur.halide_generated.cpp:10932:38
lens_blur,cxx_default_on_emitted_cpp,5eb72c8d,6,16,cxx_add_to_sub,lens_blur.halide_generated.cpp,7549,30,generator_specific,0,0,0,,,,0,15.176,cxx_add_to_sub:/mnt/scratch1/ardi/dsl_mut/HM-armc/mutation/lowered-cpp/lens_blur/lens_blur.halide_generated.cpp:7549:30
lens_blur,cxx_default_on_emitted_cpp,5eb72c8d,6,16,cxx_add_to_sub,lens_blur.halide_generated.cpp,6718,26,generator_specific,0,0,0,,,,0,15.212,cxx_add_to_sub:/mnt/scratch1/ardi/dsl_mut/HM-armc/mutation/lowered-cpp/lens_blur/lens_blur.halide_generated.cpp:6718:26
lens_blur,cxx_default_on_emitted_cpp,5eb72c8d,6,16,cxx_sub_to_add,lens_blur.halide_generated.cpp,7892,31,generator_specific,0,0,0,,,,0,15.376,cxx_sub_to_add:/mnt/scratch1/ardi/dsl_mut/HM-armc/mutation/lowered-cpp/lens_blur/lens_blur.halide_generated.cpp:7892:31
lens_blur,cxx_default_on_emitted_cpp,5eb72c8d,6,16,cxx_gt_to_ge,lens_blur.halide_generated.cpp,8839,79,generator_specific,0,0,0,,,,0,15.189,cxx_gt_to_ge:/mnt/scratch1/ardi/dsl_mut/HM-armc/mutation/lowered-cpp/lens_blur/lens_blur.halide_generated.cpp:8839:79
lens_blur,cxx_default_on_emitted_cpp,5eb72c8d,6,16,cxx_add_to_sub,lens_blur.halide_generated.cpp,11058,38,generator_specific,0,0,1,,,test2_golden,0,15.226,cxx_add_to_sub:/mnt/scratch1/ardi/dsl_mut/HM-armc/mutation/lowered-cpp/lens_blur/lens_blur.halide_generated.cpp:11058:38
lens_blur,cxx_default_on_emitted_cpp,5eb72c8d,6,16,cxx_add_to_sub,lens_blur.halide_generated.cpp,10744,39,generator_specific,0,0,0,,,,0,15.207,cxx_add_to_sub:/mnt/scratch1/ardi/dsl_mut/HM-armc/mutation/lowered-cpp/lens_blur/lens_blur.halide_generated.cpp:10744:39
lens_blur,cxx_default_on_emitted_cpp,5eb72c8d,6,16,cxx_mul_to_div,lens_blur.halide_generated.cpp,4567,31,generator_specific,0,0,0,,,,0,15.223,cxx_mul_to_div:/mnt/scratch1/ardi/dsl_mut/HM-armc/mutation/lowered-cpp/lens_blur/lens_blur.halide_generated.cpp:4567:31
lens_blur,cxx_default_on_emitted_cpp,5eb72c8d,6,16,cxx_sub_to_add,lens_blur.halide_generated.cpp,6077,26,generator_specific,-6,1,1,,,test1_demo;test2_golden,0,0.433,cxx_sub_to_add:/mnt/scratch1/ardi/dsl_mut/HM-armc/mutation/lowered-cpp/lens_blur/lens_blur.halide_generated.cpp:6077:26
lens_blur,cxx_default_on_emitted_cpp,5eb72c8d,6,16,cxx_add_to_sub,lens_blur.halide_generated.cpp,6383,31,generator_specific,0,0,0,,,,0,15.203,cxx_add_to_sub:/mnt/scratch1/ardi/dsl_mut/HM-armc/mutation/lowered-cpp/lens_blur/lens_blur.halide_generated.cpp:6383:31
lens_blur,cxx_default_on_emitted_cpp,5eb72c8d,6,16,cxx_post_inc_to_post_dec,lens_blur.halide_generated.cpp,6792,122,generator_specific,-11,1,1,,,test1_demo;test2_golden,0,0.352,cxx_post_inc_to_post_dec:/mnt/scratch1/ardi/dsl_mut/HM-armc/mutation/lowered-cpp/lens_blur/lens_blur.halide_generated.cpp:6792:122
lens_blur,cxx_default_on_emitted_cpp,5eb72c8d,6,16,cxx_le_to_lt,lens_blur.halide_generated.cpp,13259,22,generator_specific,0,0,0,,,,0,15.064,cxx_le_to_lt:/mnt/scratch1/ardi/dsl_mut/HM-armc/mutation/lowered-cpp/lens_blur/lens_blur.halide_generated.cpp:13259:22
lens_blur,cxx_default_on_emitted_cpp,5eb72c8d,6,16,cxx_add_to_sub,lens_blur.halide_generated.cpp,7792,32,generator_specific,0,0,0,,,,0,15.085,cxx_add_to_sub:/mnt/scratch1/ardi/dsl_mut/HM-armc/mutation/lowered-cpp/lens_blur/lens_blur.halide_generated.cpp:7792:32
lens_blur,cxx_default_on_emitted_cpp,5eb72c8d,6,16,cxx_sub_to_add,lens_blur.halide_generated.cpp,13175,25,generator_specific,0,0,0,,,,0,15.209,cxx_sub_to_add:/mnt/scratch1/ardi/dsl_mut/HM-armc/mutation/lowered-cpp/lens_blur/lens_blur.halide_generated.cpp:13175:25
lens_blur,cxx_default_on_emitted_cpp,5eb72c8d,6,16,cxx_gt_to_le,lens_blur.halide_generated.cpp,13878,73,generator_specific,-6,1,1,,,test1_demo;test2_golden,0,0.040,cxx_gt_to_le:/mnt/scratch1/ardi/dsl_mut/HM-armc/mutation/lowered-cpp/lens_blur/lens_blur.halide_generated.cpp:13878:73
lens_blur,cxx_default_on_emitted_cpp,5eb72c8d,6,16,cxx_sub_to_add,lens_blur.halide_generated.cpp,8823,32,generator_specific,0,0,0,,,,0,15.161,cxx_sub_to_add:/mnt/scratch1/ardi/dsl_mut/HM-armc/mutation/lowered-cpp/lens_blur/lens_blur.halide_generated.cpp:8823:32
lens_blur,cxx_default_on_emitted_cpp,5eb72c8d,6,16,cxx_sub_to_add,lens_blur.halide_generated.cpp,7430,31,generator_specific,0,0,0,,,,0,15.328,cxx_sub_to_add:/mnt/scratch1/ardi/dsl_mut/HM-armc/mutation/lowered-cpp/lens_blur/lens_blur.halide_generated.cpp:7430:31
lens_blur,cxx_default_on_emitted_cpp,5eb72c8d,6,16,cxx_add_to_sub,lens_blur.halide_generated.cpp,7240,29,generator_specific,-6,1,1,,,test1_demo;test2_golden,0,0.339,cxx_add_to_sub:/mnt/scratch1/ardi/dsl_mut/HM-armc/mutation/lowered-cpp/lens_blur/lens_blur.halide_generated.cpp:7240:29
lens_blur,cxx_default_on_emitted_cpp,5eb72c8d,6,16,cxx_post_inc_to_post_dec,lens_blur.halide_generated.cpp,5593,119,generator_specific,-11,1,1,,,test1_demo;test2_golden,0,0.272,cxx_post_inc_to_post_dec:/mnt/scratch1/ardi/dsl_mut/HM-armc/mutation/lowered-cpp/lens_blur/lens_blur.halide_generated.cpp:5593:119
lens_blur,cxx_default_on_emitted_cpp,5eb72c8d,6,16,cxx_sub_to_add,lens_blur.halide_generated.cpp,5365,27,generator_specific,0,0,0,,,,0,15.221,cxx_sub_to_add:/mnt/scratch1/ardi/dsl_mut/HM-armc/mutation/lowered-cpp/lens_blur/lens_blur.halide_generated.cpp:5365:27
lens_blur,cxx_default_on_emitted_cpp,5eb72c8d,6,16,cxx_add_to_sub,lens_blur.halide_generated.cpp,8528,32,generator_specific,0,0,0,,,,0,15.170,cxx_add_to_sub:/mnt/scratch1/ardi/dsl_mut/HM-armc/mutation/lowered-cpp/lens_blur/lens_blur.halide_generated.cpp:8528:32
lens_blur,cxx_default_on_emitted_cpp,5eb72c8d,6,16,cxx_post_inc_to_post_dec,lens_blur.halide_generated.cpp,7052,122,generator_specific,-11,1,1,,,test1_demo;test2_golden,0,0.252,cxx_post_inc_to_post_dec:/mnt/scratch1/ardi/dsl_mut/HM-armc/mutation/lowered-cpp/lens_blur/lens_blur.halide_generated.cpp:7052:122
lens_blur,cxx_default_on_emitted_cpp,5eb72c8d,6,16,cxx_gt_to_le,lens_blur.halide_generated.cpp,13142,22,generator_specific,-6,1,1,,,test1_demo;test2_golden,0,0.021,cxx_gt_to_le:/mnt/scratch1/ardi/dsl_mut/HM-armc/mutation/lowered-cpp/lens_blur/lens_blur.halide_generated.cpp:13142:22
lens_blur,cxx_default_on_emitted_cpp,5eb72c8d,6,16,cxx_remove_void_call,lens_blur.halide_generated.cpp,11652,7,generator_specific,0,0,1,,,test2_golden,0,15.417,cxx_remove_void_call:/mnt/scratch1/ardi/dsl_mut/HM-armc/mutation/lowered-cpp/lens_blur/lens_blur.halide_generated.cpp:11652:7
lens_blur,cxx_default_on_emitted_cpp,5eb72c8d,6,16,cxx_add_to_sub,lens_blur.halide_generated.cpp,11695,31,generator_specific,0,0,0,,,,0,15.670,cxx_add_to_sub:/mnt/scratch1/ardi/dsl_mut/HM-armc/mutation/lowered-cpp/lens_blur/lens_blur.halide_generated.cpp:11695:31
lens_blur,cxx_default_on_emitted_cpp,5eb72c8d,6,16,cxx_add_to_sub,lens_blur.halide_generated.cpp,6047,30,generator_specific,-11,1,1,,,test1_demo;test2_golden,0,0.272,cxx_add_to_sub:/mnt/scratch1/ardi/dsl_mut/HM-armc/mutation/lowered-cpp/lens_blur/lens_blur.halide_generated.cpp:6047:30
lens_blur,cxx_default_on_emitted_cpp,5eb72c8d,6,16,cxx_mul_to_div,lens_blur.halide_generated.cpp,4059,24,generator_specific,0,0,1,,,test2_golden,0,15.126,cxx_mul_to_div:/mnt/scratch1/ardi/dsl_mut/HM-armc/mutation/lowered-cpp/lens_blur/lens_blur.halide_generated.cpp:4059:24
lens_blur,cxx_default_on_emitted_cpp,5eb72c8d,6,16,cxx_remove_void_call,lens_blur.halide_generated.cpp,11907,2,generator_specific,0,0,0,,,,0,15.344,cxx_remove_void_call:/mnt/scratch1/ardi/dsl_mut/HM-armc/mutation/lowered-cpp/lens_blur/lens_blur.halide_generated.cpp:11907:2
lens_blur,cxx_default_on_emitted_cpp,5eb72c8d,6,16,cxx_add_to_sub,lens_blur.halide_generated.cpp,5168,24,generator_specific,0,0,0,,,,0,15.805,cxx_add_to_sub:/mnt/scratch1/ardi/dsl_mut/HM-armc/mutation/lowered-cpp/lens_blur/lens_blur.halide_generated.cpp:5168:24
lens_blur,cxx_default_on_emitted_cpp,5eb72c8d,6,16,cxx_mul_to_div,lens_blur.halide_generated.cpp,5588,24,generator_specific,0,0,0,,,,0,15.677,cxx_mul_to_div:/mnt/scratch1/ardi/dsl_mut/HM-armc/mutation/lowered-cpp/lens_blur/lens_blur.halide_generated.cpp:5588:24
lens_blur,cxx_default_on_emitted_cpp,5eb72c8d,6,16,cxx_mul_to_div,lens_blur.halide_generated.cpp,8183,77,generator_specific,0,0,0,,,,0,15.124,cxx_mul_to_div:/mnt/scratch1/ardi/dsl_mut/HM-armc/mutation/lowered-cpp/lens_blur/lens_blur.halide_generated.cpp:8183:77
lens_blur,cxx_default_on_emitted_cpp,5eb72c8d,6,16,cxx_add_to_sub,lens_blur.halide_generated.cpp,8031,86,generator_specific,0,0,0,,,,0,15.412,cxx_add_to_sub:/mnt/scratch1/ardi/dsl_mut/HM-armc/mutation/lowered-cpp/lens_blur/lens_blur.halide_generated.cpp:8031:86
lens_blur,cxx_default_on_emitted_cpp,5eb72c8d,6,16,cxx_mul_to_div,lens_blur.halide_generated.cpp,10877,38,generator_specific,0,0,0,,,,0,15.426,cxx_mul_to_div:/mnt/scratch1/ardi/dsl_mut/HM-armc/mutation/lowered-cpp/lens_blur/lens_blur.halide_generated.cpp:10877:38
lens_blur,cxx_default_on_emitted_cpp,5eb72c8d,6,16,cxx_add_to_sub,lens_blur.halide_generated.cpp,9274,33,generator_specific,0,0,0,,,,0,15.300,cxx_add_to_sub:/mnt/scratch1/ardi/dsl_mut/HM-armc/mutation/lowered-cpp/lens_blur/lens_blur.halide_generated.cpp:9274:33
lens_blur,cxx_default_on_emitted_cpp,5eb72c8d,6,16,cxx_add_to_sub,lens_blur.halide_generated.cpp,13006,26,generator_specific,0,0,0,,,,0,15.142,cxx_add_to_sub:/mnt/scratch1/ardi/dsl_mut/HM-armc/mutation/lowered-cpp/lens_blur/lens_blur.halide_generated.cpp:13006:26
lens_blur,cxx_default_on_emitted_cpp,5eb72c8d,6,16,cxx_replace_scalar_call,lens_blur.halide_generated.cpp,12567,18,generator_specific,0,0,0,,,,0,14.994,cxx_replace_scalar_call:/mnt/scratch1/ardi/dsl_mut/HM-armc/mutation/lowered-cpp/lens_blur/lens_blur.halide_generated.cpp:12567:18
lens_blur,cxx_default_on_emitted_cpp,5eb72c8d,6,16,cxx_add_to_sub,lens_blur.halide_generated.cpp,8541,33,generator_specific,0,0,0,,,,0,15.318,cxx_add_to_sub:/mnt/scratch1/ardi/dsl_mut/HM-armc/mutation/lowered-cpp/lens_blur/lens_blur.halide_generated.cpp:8541:33
lens_blur,cxx_default_on_emitted_cpp,5eb72c8d,6,16,cxx_add_to_sub,lens_blur.halide_generated.cpp,9792,34,generator_specific,0,0,0,,,,0,15.945,cxx_add_to_sub:/mnt/scratch1/ardi/dsl_mut/HM-armc/mutation/lowered-cpp/lens_blur/lens_blur.halide_generated.cpp:9792:34
lens_blur,cxx_default_on_emitted_cpp,5eb72c8d,6,16,cxx_sub_to_add,lens_blur.halide_generated.cpp,9931,37,generator_specific,0,0,0,,,,0,16.179,cxx_sub_to_add:/mnt/scratch1/ardi/dsl_mut/HM-armc/mutation/lowered-cpp/lens_blur/lens_blur.halide_generated.cpp:9931:37
lens_blur,cxx_default_on_emitted_cpp,5eb72c8d,6,16,cxx_add_to_sub,lens_blur.halide_generated.cpp,8547,35,generator_specific,0,0,0,,,,0,15.488,cxx_add_to_sub:/mnt/scratch1/ardi/dsl_mut/HM-armc/mutation/lowered-cpp/lens_blur/lens_blur.halide_generated.cpp:8547:35
lens_blur,cxx_default_on_emitted_cpp,5eb72c8d,6,16,cxx_sub_to_add,lens_blur.halide_generated.cpp,9084,34,generator_specific,0,0,1,,,test2_golden,0,15.326,cxx_sub_to_add:/mnt/scratch1/ardi/dsl_mut/HM-armc/mutation/lowered-cpp/lens_blur/lens_blur.halide_generated.cpp:9084:34
lens_blur,cxx_default_on_emitted_cpp,5eb72c8d,6,16,cxx_sub_to_add,lens_blur.halide_generated.cpp,5756,25,generator_specific,0,0,0,,,,0,15.398,cxx_sub_to_add:/mnt/scratch1/ardi/dsl_mut/HM-armc/mutation/lowered-cpp/lens_blur/lens_blur.halide_generated.cpp:5756:25
lens_blur,cxx_default_on_emitted_cpp,5eb72c8d,6,16,cxx_add_to_sub,lens_blur.halide_generated.cpp,11768,29,generator_specific,-11,1,1,,,test1_demo;test2_golden,0,0.381,cxx_add_to_sub:/mnt/scratch1/ardi/dsl_mut/HM-armc/mutation/lowered-cpp/lens_blur/lens_blur.halide_generated.cpp:11768:29
lens_blur,cxx_default_on_emitted_cpp,5eb72c8d,6,16,cxx_replace_scalar_call,lens_blur.halide_generated.cpp,12484,18,generator_specific,0,0,0,,,,0,15.796,cxx_replace_scalar_call:/mnt/scratch1/ardi/dsl_mut/HM-armc/mutation/lowered-cpp/lens_blur/lens_blur.halide_generated.cpp:12484:18
lens_blur,cxx_default_on_emitted_cpp,5eb72c8d,6,16,cxx_add_to_sub,lens_blur.halide_generated.cpp,5732,25,generator_specific,0,0,0,,,,0,15.307,cxx_add_to_sub:/mnt/scratch1/ardi/dsl_mut/HM-armc/mutation/lowered-cpp/lens_blur/lens_blur.halide_generated.cpp:5732:25
lens_blur,cxx_default_on_emitted_cpp,5eb72c8d,6,16,cxx_div_to_mul,lens_blur.halide_generated.cpp,12345,27,generator_specific,0,0,1,,,test2_golden,0,15.692,cxx_div_to_mul:/mnt/scratch1/ardi/dsl_mut/HM-armc/mutation/lowered-cpp/lens_blur/lens_blur.halide_generated.cpp:12345:27
lens_blur,cxx_default_on_emitted_cpp,5eb72c8d,6,16,cxx_sub_to_add,lens_blur.halide_generated.cpp,4735,27,generator_specific,0,0,0,,,,0,15.775,cxx_sub_to_add:/mnt/scratch1/ardi/dsl_mut/HM-armc/mutation/lowered-cpp/lens_blur/lens_blur.halide_generated.cpp:4735:27
lens_blur,cxx_default_on_emitted_cpp,5eb72c8d,6,16,cxx_lt_to_le,lens_blur.halide_generated.cpp,4611,53,generator_specific,0,0,0,,,,0,16.820,cxx_lt_to_le:/mnt/scratch1/ardi/dsl_mut/HM-armc/mutation/lowered-cpp/lens_blur/lens_blur.halide_generated.cpp:4611:53
lens_blur,cxx_default_on_emitted_cpp,5eb72c8d,6,16,cxx_add_to_sub,lens_blur.halide_generated.cpp,12645,24,generator_specific,0,0,0,,,,0,15.972,cxx_add_to_sub:/mnt/scratch1/ardi/dsl_mut/HM-armc/mutation/lowered-cpp/lens_blur/lens_blur.halide_generated.cpp:12645:24
lens_blur,cxx_default_on_emitted_cpp,5eb72c8d,6,16,cxx_add_to_sub,lens_blur.halide_generated.cpp,8975,34,generator_specific,0,0,0,,,,0,15.366,cxx_add_to_sub:/mnt/scratch1/ardi/dsl_mut/HM-armc/mutation/lowered-cpp/lens_blur/lens_blur.halide_generated.cpp:8975:34
lens_blur,cxx_default_on_emitted_cpp,5eb72c8d,6,16,cxx_lt_to_le,lens_blur.halide_generated.cpp,3372,25,boilerplate,0,0,0,,,,0,16.937,cxx_lt_to_le:/mnt/scratch1/ardi/dsl_mut/HM-armc/mutation/lowered-cpp/lens_blur/lens_blur.halide_generated.cpp:3372:25
lens_blur,cxx_default_on_emitted_cpp,5eb72c8d,6,16,cxx_add_to_sub,lens_blur.halide_generated.cpp,11607,29,generator_specific,0,0,0,,,,0,15.326,cxx_add_to_sub:/mnt/scratch1/ardi/dsl_mut/HM-armc/mutation/lowered-cpp/lens_blur/lens_blur.halide_generated.cpp:11607:29
lens_blur,cxx_default_on_emitted_cpp,5eb72c8d,6,16,cxx_add_to_sub,lens_blur.halide_generated.cpp,9157,35,generator_specific,0,0,0,,,,0,16.089,cxx_add_to_sub:/mnt/scratch1/ardi/dsl_mut/HM-armc/mutation/lowered-cpp/lens_blur/lens_blur.halide_generated.cpp:9157:35
lens_blur,cxx_default_on_emitted_cpp,5eb72c8d,6,16,cxx_replace_scalar_call,lens_blur.halide_generated.cpp,12435,18,generator_specific,0,0,0,,,,0,18.374,cxx_replace_scalar_call:/mnt/scratch1/ardi/dsl_mut/HM-armc/mutation/lowered-cpp/lens_blur/lens_blur.halide_generated.cpp:12435:18
lens_blur,cxx_default_on_emitted_cpp,5eb72c8d,6,16,cxx_add_to_sub,lens_blur.halide_generated.cpp,4397,29,generator_specific,0,0,0,,,,0,14.951,cxx_add_to_sub:/mnt/scratch1/ardi/dsl_mut/HM-armc/mutation/lowered-cpp/lens_blur/lens_blur.halide_generated.cpp:4397:29
lens_blur,cxx_default_on_emitted_cpp,5eb72c8d,6,16,cxx_sub_to_add,lens_blur.halide_generated.cpp,7707,29,generator_specific,0,0,0,,,,0,15.083,cxx_sub_to_add:/mnt/scratch1/ardi/dsl_mut/HM-armc/mutation/lowered-cpp/lens_blur/lens_blur.halide_generated.cpp:7707:29
lens_blur,cxx_default_on_emitted_cpp,5eb72c8d,6,16,cxx_add_to_sub,lens_blur.halide_generated.cpp,11639,28,generator_specific,0,0,0,,,,0,15.140,cxx_add_to_sub:/mnt/scratch1/ardi/dsl_mut/HM-armc/mutation/lowered-cpp/lens_blur/lens_blur.halide_generated.cpp:11639:28
lens_blur,cxx_default_on_emitted_cpp,5eb72c8d,6,16,cxx_add_to_sub,lens_blur.halide_generated.cpp,7375,31,generator_specific,0,0,0,,,,0,15.317,cxx_add_to_sub:/mnt/scratch1/ardi/dsl_mut/HM-armc/mutation/lowered-cpp/lens_blur/lens_blur.halide_generated.cpp:7375:31
lens_blur,cxx_default_on_emitted_cpp,5eb72c8d,6,16,cxx_add_to_sub,lens_blur.halide_generated.cpp,11738,28,generator_specific,0,0,1,,,test2_golden,0,15.098,cxx_add_to_sub:/mnt/scratch1/ardi/dsl_mut/HM-armc/mutation/lowered-cpp/lens_blur/lens_blur.halide_generated.cpp:11738:28
lens_blur,cxx_default_on_emitted_cpp,5eb72c8d,6,16,cxx_mul_to_div,lens_blur.halide_generated.cpp,10685,46,generator_specific,0,0,0,,,,0,15.195,cxx_mul_to_div:/mnt/scratch1/ardi/dsl_mut/HM-armc/mutation/lowered-cpp/lens_blur/lens_blur.halide_generated.cpp:10685:46
lens_blur,cxx_default_on_emitted_cpp,5eb72c8d,6,16,cxx_add_to_sub,lens_blur.halide_generated.cpp,6993,32,generator_specific,0,0,0,,,,0,15.134,cxx_add_to_sub:/mnt/scratch1/ardi/dsl_mut/HM-armc/mutation/lowered-cpp/lens_blur/lens_blur.halide_generated.cpp:6993:32
lens_blur,cxx_default_on_emitted_cpp,5eb72c8d,6,16,cxx_add_to_sub,lens_blur.halide_generated.cpp,8051,31,generator_specific,0,0,0,,,,0,15.170,cxx_add_to_sub:/mnt/scratch1/ardi/dsl_mut/HM-armc/mutation/lowered-cpp/lens_blur/lens_blur.halide_generated.cpp:8051:31
lens_blur,cxx_default_on_emitted_cpp,5eb72c8d,6,16,cxx_sub_to_add,lens_blur.halide_generated.cpp,8877,33,generator_specific,0,0,0,,,,0,15.206,cxx_sub_to_add:/mnt/scratch1/ardi/dsl_mut/HM-armc/mutation/lowered-cpp/lens_blur/lens_blur.halide_generated.cpp:8877:33
lens_blur,cxx_default_on_emitted_cpp,5eb72c8d,6,16,cxx_sub_to_add,lens_blur.halide_generated.cpp,4054,23,generator_specific,0,0,0,,,,0,15.159,cxx_sub_to_add:/mnt/scratch1/ardi/dsl_mut/HM-armc/mutation/lowered-cpp/lens_blur/lens_blur.halide_generated.cpp:4054:23
lens_blur,cxx_default_on_emitted_cpp,5eb72c8d,6,16,cxx_add_to_sub,lens_blur.halide_generated.cpp,7875,34,generator_specific,0,0,0,,,,0,15.181,cxx_add_to_sub:/mnt/scratch1/ardi/dsl_mut/HM-armc/mutation/lowered-cpp/lens_blur/lens_blur.halide_generated.cpp:7875:34
lens_blur,cxx_default_on_emitted_cpp,5eb72c8d,6,16,cxx_add_to_sub,lens_blur.halide_generated.cpp,6898,30,generator_specific,0,0,0,,,,0,15.318,cxx_add_to_sub:/mnt/scratch1/ardi/dsl_mut/HM-armc/mutation/lowered-cpp/lens_blur/lens_blur.halide_generated.cpp:6898:30
lens_blur,cxx_default_on_emitted_cpp,5eb72c8d,6,16,cxx_remove_void_call,lens_blur.halide_generated.cpp,3727,5,generator_specific,0,0,1,,,test2_golden,0,15.091,cxx_remove_void_call:/mnt/scratch1/ardi/dsl_mut/HM-armc/mutation/lowered-cpp/lens_blur/lens_blur.halide_generated.cpp:3727:5
lens_blur,cxx_default_on_emitted_cpp,5eb72c8d,6,16,cxx_sub_to_add,lens_blur.halide_generated.cpp,4780,30,generator_specific,0,0,0,,,,0,15.263,cxx_sub_to_add:/mnt/scratch1/ardi/dsl_mut/HM-armc/mutation/lowered-cpp/lens_blur/lens_blur.halide_generated.cpp:4780:30
lens_blur,cxx_default_on_emitted_cpp,5eb72c8d,6,16,cxx_add_to_sub,lens_blur.halide_generated.cpp,6503,28,generator_specific,0,0,0,,,,0,15.207,cxx_add_to_sub:/mnt/scratch1/ardi/dsl_mut/HM-armc/mutation/lowered-cpp/lens_blur/lens_blur.halide_generated.cpp:6503:28
lens_blur,cxx_default_on_emitted_cpp,5eb72c8d,6,16,cxx_gt_to_le,lens_blur.halide_generated.cpp,6276,28,generator_specific,0,0,0,,,,0,15.131,cxx_gt_to_le:/mnt/scratch1/ardi/dsl_mut/HM-armc/mutation/lowered-cpp/lens_blur/lens_blur.halide_generated.cpp:6276:28
lens_blur,cxx_default_on_emitted_cpp,5eb72c8d,6,16,cxx_add_to_sub,lens_blur.halide_generated.cpp,3804,27,generator_specific,0,0,1,,,test2_golden,0,15.275,cxx_add_to_sub:/mnt/scratch1/ardi/dsl_mut/HM-armc/mutation/lowered-cpp/lens_blur/lens_blur.halide_generated.cpp:3804:27
lens_blur,cxx_default_on_emitted_cpp,5eb72c8d,6,16,cxx_add_to_sub,lens_blur.halide_generated.cpp,7992,34,generator_specific,0,0,0,,,,0,15.149,cxx_add_to_sub:/mnt/scratch1/ardi/dsl_mut/HM-armc/mutation/lowered-cpp/lens_blur/lens_blur.halide_generated.cpp:7992:34
lens_blur,cxx_default_on_emitted_cpp,5eb72c8d,6,16,cxx_mul_to_div,lens_blur.halide_generated.cpp,4640,28,generator_specific,0,0,0,,,,0,15.336,cxx_mul_to_div:/mnt/scratch1/ardi/dsl_mut/HM-armc/mutation/lowered-cpp/lens_blur/lens_blur.halide_generated.cpp:4640:28
lens_blur,cxx_default_on_emitted_cpp,5eb72c8d,6,16,cxx_mul_to_div,lens_blur.halide_generated.cpp,12156,34,generator_specific,0,0,1,,,test2_golden,0,15.567,cxx_mul_to_div:/mnt/scratch1/ardi/dsl_mut/HM-armc/mutation/lowered-cpp/lens_blur/lens_blur.halide_generated.cpp:12156:34
lens_blur,cxx_default_on_emitted_cpp,5eb72c8d,6,16,cxx_add_to_sub,lens_blur.halide_generated.cpp,5217,23,generator_specific,0,0,0,,,,0,15.665,cxx_add_to_sub:/mnt/scratch1/ardi/dsl_mut/HM-armc/mutation/lowered-cpp/lens_blur/lens_blur.halide_generated.cpp:5217:23
lens_blur,cxx_default_on_emitted_cpp,5eb72c8d,6,16,cxx_sub_to_add,lens_blur.halide_generated.cpp,6807,29,generator_specific,-11,1,1,,,test1_demo;test2_golden,0,0.327,cxx_sub_to_add:/mnt/scratch1/ardi/dsl_mut/HM-armc/mutation/lowered-cpp/lens_blur/lens_blur.halide_generated.cpp:6807:29
lens_blur,cxx_default_on_emitted_cpp,5eb72c8d,6,16,cxx_mul_to_div,lens_blur.halide_generated.cpp,14086,27,generator_specific,0,0,0,,,,0,15.191,cxx_mul_to_div:/mnt/scratch1/ardi/dsl_mut/HM-armc/mutation/lowered-cpp/lens_blur/lens_blur.halide_generated.cpp:14086:27
lens_blur,cxx_default_on_emitted_cpp,5eb72c8d,6,16,cxx_add_to_sub,lens_blur.halide_generated.cpp,9082,34,generator_specific,0,0,0,,,,0,15.738,cxx_add_to_sub:/mnt/scratch1/ardi/dsl_mut/HM-armc/mutation/lowered-cpp/lens_blur/lens_blur.halide_generated.cpp:9082:34
lens_blur,cxx_default_on_emitted_cpp,5eb72c8d,6,16,cxx_add_to_sub,lens_blur.halide_generated.cpp,12110,34,generator_specific,0,0,1,,,test2_golden,0,15.265,cxx_add_to_sub:/mnt/scratch1/ardi/dsl_mut/HM-armc/mutation/lowered-cpp/lens_blur/lens_blur.halide_generated.cpp:12110:34
lens_blur,cxx_default_on_emitted_cpp,5eb72c8d,6,16,cxx_add_to_sub,lens_blur.halide_generated.cpp,14359,28,generator_specific,0,0,0,,,,0,15.781,cxx_add_to_sub:/mnt/scratch1/ardi/dsl_mut/HM-armc/mutation/lowered-cpp/lens_blur/lens_blur.halide_generated.cpp:14359:28
lens_blur,cxx_default_on_emitted_cpp,5eb72c8d,6,16,cxx_add_to_sub,lens_blur.halide_generated.cpp,11584,29,generator_specific,0,0,0,,,,0,15.181,cxx_add_to_sub:/mnt/scratch1/ardi/dsl_mut/HM-armc/mutation/lowered-cpp/lens_blur/lens_blur.halide_generated.cpp:11584:29
lens_blur,cxx_default_on_emitted_cpp,5eb72c8d,6,16,cxx_sub_to_add,lens_blur.halide_generated.cpp,9819,36,generator_specific,0,0,0,,,,0,15.598,cxx_sub_to_add:/mnt/scratch1/ardi/dsl_mut/HM-armc/mutation/lowered-cpp/lens_blur/lens_blur.halide_generated.cpp:9819:36
lens_blur,cxx_default_on_emitted_cpp,5eb72c8d,6,16,cxx_add_to_sub,lens_blur.halide_generated.cpp,13828,26,generator_specific,0,0,0,,,,0,15.189,cxx_add_to_sub:/mnt/scratch1/ardi/dsl_mut/HM-armc/mutation/lowered-cpp/lens_blur/lens_blur.halide_generated.cpp:13828:26
lens_blur,cxx_default_on_emitted_cpp,5eb72c8d,6,16,cxx_add_to_sub,lens_blur.halide_generated.cpp,10399,37,generator_specific,0,0,0,,,,0,15.463,cxx_add_to_sub:/mnt/scratch1/ardi/dsl_mut/HM-armc/mutation/lowered-cpp/lens_blur/lens_blur.halide_generated.cpp:10399:37
lens_blur,cxx_default_on_emitted_cpp,5eb72c8d,6,16,cxx_add_to_sub,lens_blur.halide_generated.cpp,9540,35,generator_specific,0,0,0,,,,0,15.134,cxx_add_to_sub:/mnt/scratch1/ardi/dsl_mut/HM-armc/mutation/lowered-cpp/lens_blur/lens_blur.halide_generated.cpp:9540:35
lens_blur,cxx_default_on_emitted_cpp,5eb72c8d,6,16,cxx_add_to_sub,lens_blur.halide_generated.cpp,5439,29,generator_specific,-11,1,1,,,test1_demo;test2_golden,0,0.285,cxx_add_to_sub:/mnt/scratch1/ardi/dsl_mut/HM-armc/mutation/lowered-cpp/lens_blur/lens_blur.halide_generated.cpp:5439:29
lens_blur,cxx_default_on_emitted_cpp,5eb72c8d,6,16,cxx_mul_to_div,lens_blur.halide_generated.cpp,8245,52,generator_specific,0,0,0,,,,0,15.412,cxx_mul_to_div:/mnt/scratch1/ardi/dsl_mut/HM-armc/mutation/lowered-cpp/lens_blur/lens_blur.halide_generated.cpp:8245:52
lens_blur,cxx_default_on_emitted_cpp,5eb72c8d,6,16,cxx_add_to_sub,lens_blur.halide_generated.cpp,6661,29,generator_specific,0,0,0,,,,0,15.636,cxx_add_to_sub:/mnt/scratch1/ardi/dsl_mut/HM-armc/mutation/lowered-cpp/lens_blur/lens_blur.halide_generated.cpp:6661:29
lens_blur,cxx_default_on_emitted_cpp,5eb72c8d,6,16,cxx_add_to_sub,lens_blur.halide_generated.cpp,9664,36,generator_specific,0,0,0,,,,0,16.096,cxx_add_to_sub:/mnt/scratch1/ardi/dsl_mut/HM-armc/mutation/lowered-cpp/lens_blur/lens_blur.halide_generated.cpp:9664:36
lens_blur,cxx_default_on_emitted_cpp,5eb72c8d,6,16,cxx_add_to_sub,lens_blur.halide_generated.cpp,7990,32,generator_specific,0,0,0,,,,0,15.329,cxx_add_to_sub:/mnt/scratch1/ardi/dsl_mut/HM-armc/mutation/lowered-cpp/lens_blur/lens_blur.halide_generated.cpp:7990:32
lens_blur,cxx_default_on_emitted_cpp,5eb72c8d,6,16,cxx_mul_to_div,lens_blur.halide_generated.cpp,14099,27,generator_specific,0,0,0,,,,0,15.706,cxx_mul_to_div:/mnt/scratch1/ardi/dsl_mut/HM-armc/mutation/lowered-cpp/lens_blur/lens_blur.halide_generated.cpp:14099:27
lens_blur,cxx_default_on_emitted_cpp,5eb72c8d,6,16,cxx_add_to_sub,lens_blur.halide_generated.cpp,7941,34,generator_specific,0,0,1,,,test2_golden,0,15.172,cxx_add_to_sub:/mnt/scratch1/ardi/dsl_mut/HM-armc/mutation/lowered-cpp/lens_blur/lens_blur.halide_generated.cpp:7941:34
lens_blur,cxx_default_on_emitted_cpp,5eb72c8d,6,16,cxx_add_to_sub,lens_blur.halide_generated.cpp,12726,24,generator_specific,0,0,0,,,,0,15.201,cxx_add_to_sub:/mnt/scratch1/ardi/dsl_mut/HM-armc/mutation/lowered-cpp/lens_blur/lens_blur.halide_generated.cpp:12726:24
lens_blur,cxx_default_on_emitted_cpp,5eb72c8d,6,16,cxx_add_to_sub,lens_blur.halide_generated.cpp,7065,75,generator_specific,0,0,0,,,,0,15.200,cxx_add_to_sub:/mnt/scratch1/ardi/dsl_mut/HM-armc/mutation/lowered-cpp/lens_blur/lens_blur.halide_generated.cpp:7065:75
lens_blur,cxx_default_on_emitted_cpp,5eb72c8d,6,16,cxx_add_to_sub,lens_blur.halide_generated.cpp,8573,32,generator_specific,0,0,0,,,,0,15.478,cxx_add_to_sub:/mnt/scratch1/ardi/dsl_mut/HM-armc/mutation/lowered-cpp/lens_blur/lens_blur.halide_generated.cpp:8573:32
lens_blur,cxx_default_on_emitted_cpp,5eb72c8d,6,16,cxx_add_to_sub,lens_blur.halide_generated.cpp,10780,39,generator_specific,0,0,0,,,,0,15.654,cxx_add_to_sub:/mnt/scratch1/ardi/dsl_mut/HM-armc/mutation/lowered-cpp/lens_blur/lens_blur.halide_generated.cpp:10780:39
lens_blur,cxx_default_on_emitted_cpp,5eb72c8d,6,16,cxx_add_to_sub,lens_blur.halide_generated.cpp,12103,34,generator_specific,0,0,1,,,test2_golden,0,15.524,cxx_add_to_sub:/mnt/scratch1/ardi/dsl_mut/HM-armc/mutation/lowered-cpp/lens_blur/lens_blur.halide_generated.cpp:12103:34
lens_blur,cxx_default_on_emitted_cpp,5eb72c8d,6,16,cxx_sub_to_add,lens_blur.halide_generated.cpp,14107,27,generator_specific,-6,1,1,,,test1_demo;test2_golden,0,1.168,cxx_sub_to_add:/mnt/scratch1/ardi/dsl_mut/HM-armc/mutation/lowered-cpp/lens_blur/lens_blur.halide_generated.cpp:14107:27
lens_blur,cxx_default_on_emitted_cpp,5eb72c8d,6,16,cxx_mul_to_div,lens_blur.halide_generated.cpp,5287,24,generator_specific,0,0,0,,,,0,15.291,cxx_mul_to_div:/mnt/scratch1/ardi/dsl_mut/HM-armc/mutation/lowered-cpp/lens_blur/lens_blur.halide_generated.cpp:5287:24
lens_blur,cxx_default_on_emitted_cpp,5eb72c8d,6,16,cxx_lt_to_le,lens_blur.halide_generated.cpp,7052,80,generator_specific,0,0,0,,,,0,16.511,cxx_lt_to_le:/mnt/scratch1/ardi/dsl_mut/HM-armc/mutation/lowered-cpp/lens_blur/lens_blur.halide_generated.cpp:7052:80
lens_blur,cxx_default_on_emitted_cpp,5eb72c8d,6,16,cxx_add_to_sub,lens_blur.halide_generated.cpp,8087,32,generator_specific,0,0,0,,,,0,15.828,cxx_add_to_sub:/mnt/scratch1/ardi/dsl_mut/HM-armc/mutation/lowered-cpp/lens_blur/lens_blur.halide_generated.cpp:8087:32
lens_blur,cxx_default_on_emitted_cpp,5eb72c8d,6,16,cxx_add_to_sub,lens_blur.halide_generated.cpp,8797,32,generator_specific,0,0,0,,,,0,16.084,cxx_add_to_sub:/mnt/scratch1/ardi/dsl_mut/HM-armc/mutation/lowered-cpp/lens_blur/lens_blur.halide_generated.cpp:8797:32
lens_blur,cxx_default_on_emitted_cpp,5eb72c8d,6,16,cxx_lt_to_le,lens_blur.halide_generated.cpp,10302,57,generator_specific,0,0,0,,,,0,16.724,cxx_lt_to_le:/mnt/scratch1/ardi/dsl_mut/HM-armc/mutation/lowered-cpp/lens_blur/lens_blur.halide_generated.cpp:10302:57
lens_blur,cxx_default_on_emitted_cpp,5eb72c8d,6,16,cxx_add_to_sub,lens_blur.halide_generated.cpp,8385,35,generator_specific,0,0,0,,,,0,15.522,cxx_add_to_sub:/mnt/scratch1/ardi/dsl_mut/HM-armc/mutation/lowered-cpp/lens_blur/lens_blur.halide_generated.cpp:8385:35
lens_blur,cxx_default_on_emitted_cpp,5eb72c8d,6,16,cxx_mul_to_div,lens_blur.halide_generated.cpp,7138,29,generator_specific,0,0,0,,,,0,15.653,cxx_mul_to_div:/mnt/scratch1/ardi/dsl_mut/HM-armc/mutation/lowered-cpp/lens_blur/lens_blur.halide_generated.cpp:7138:29
lens_blur,cxx_default_on_emitted_cpp,5eb72c8d,6,16,cxx_gt_to_le,lens_blur.halide_generated.cpp,13189,23,generator_specific,0,0,0,,,,0,15.877,cxx_gt_to_le:/mnt/scratch1/ardi/dsl_mut/HM-armc/mutation/lowered-cpp/lens_blur/lens_blur.halide_generated.cpp:13189:23
lens_blur,cxx_default_on_emitted_cpp,5eb72c8d,6,16,cxx_mul_to_div,lens_blur.halide_generated.cpp,6330,48,generator_specific,0,0,0,,,,0,15.749,cxx_mul_to_div:/mnt/scratch1/ardi/dsl_mut/HM-armc/mutation/lowered-cpp/lens_blur/lens_blur.halide_generated.cpp:6330:48
lens_blur,cxx_default_on_emitted_cpp,5eb72c8d,6,16,cxx_replace_scalar_call,lens_blur.halide_generated.cpp,12933,19,generator_specific,0,0,1,,,test2_golden,0,0.019,cxx_replace_scalar_call:/mnt/scratch1/ardi/dsl_mut/HM-armc/mutation/lowered-cpp/lens_blur/lens_blur.halide_generated.cpp:12933:19
lens_blur,cxx_default_on_emitted_cpp,5eb72c8d,6,16,cxx_gt_to_ge,lens_blur.halide_generated.cpp,4289,27,generator_specific,0,0,0,,,,0,15.549,cxx_gt_to_ge:/mnt/scratch1/ardi/dsl_mut/HM-armc/mutation/lowered-cpp/lens_blur/lens_blur.halide_generated.cpp:4289:27
lens_blur,cxx_default_on_emitted_cpp,5eb72c8d,6,16,cxx_add_to_sub,lens_blur.halide_generated.cpp,5262,23,generator_specific,0,0,0,,,,0,15.597,cxx_add_to_sub:/mnt/scratch1/ardi/dsl_mut/HM-armc/mutation/lowered-cpp/lens_blur/lens_blur.halide_generated.cpp:5262:23
lens_blur,cxx_default_on_emitted_cpp,5eb72c8d,6,16,cxx_mul_to_div,lens_blur.halide_generated.cpp,8531,32,generator_specific,0,0,0,,,,0,15.240,cxx_mul_to_div:/mnt/scratch1/ardi/dsl_mut/HM-armc/mutation/lowered-cpp/lens_blur/lens_blur.halide_generated.cpp:8531:32
lens_blur,cxx_default_on_emitted_cpp,5eb72c8d,6,16,cxx_lt_to_ge,lens_blur.halide_generated.cpp,4461,60,generator_specific,0,0,0,,,,0,12.438,cxx_lt_to_ge:/mnt/scratch1/ardi/dsl_mut/HM-armc/mutation/lowered-cpp/lens_blur/lens_blur.halide_generated.cpp:4461:60
lens_blur,cxx_default_on_emitted_cpp,5eb72c8d,6,16,cxx_mul_to_div,lens_blur.halide_generated.cpp,13926,29,generator_specific,0,0,0,,,,0,14.292,cxx_mul_to_div:/mnt/scratch1/ardi/dsl_mut/HM-armc/mutation/lowered-cpp/lens_blur/lens_blur.halide_generated.cpp:13926:29
lens_blur,cxx_default_on_emitted_cpp,5eb72c8d,6,16,cxx_add_to_sub,lens_blur.halide_generated.cpp,8095,31,generator_specific,0,0,0,,,,0,15.050,cxx_add_to_sub:/mnt/scratch1/ardi/dsl_mut/HM-armc/mutation/lowered-cpp/lens_blur/lens_blur.halide_generated.cpp:8095:31
lens_blur,cxx_default_on_emitted_cpp,5eb72c8d,6,16,cxx_add_to_sub,lens_blur.halide_generated.cpp,5467,26,generator_specific,0,0,0,,,,0,15.154,cxx_add_to_sub:/mnt/scratch1/ardi/dsl_mut/HM-armc/mutation/lowered-cpp/lens_blur/lens_blur.halide_generated.cpp:5467:26
lens_blur,cxx_default_on_emitted_cpp,5eb72c8d,6,16,cxx_add_to_sub,lens_blur.halide_generated.cpp,6083,27,generator_specific,0,0,0,,,,0,14.995,cxx_add_to_sub:/mnt/scratch1/ardi/dsl_mut/HM-armc/mutation/lowered-cpp/lens_blur/lens_blur.halide_generated.cpp:6083:27
lens_blur,cxx_default_on_emitted_cpp,5eb72c8d,6,16,cxx_add_to_sub,lens_blur.halide_generated.cpp,10695,38,generator_specific,0,0,0,,,,0,15.055,cxx_add_to_sub:/mnt/scratch1/ardi/dsl_mut/HM-armc/mutation/lowered-cpp/lens_blur/lens_blur.halide_generated.cpp:10695:38
lens_blur,cxx_default_on_emitted_cpp,5eb72c8d,6,16,cxx_remove_void_call,lens_blur.halide_generated.cpp,11993,5,generator_specific,0,0,1,,,test2_golden,0,15.020,cxx_remove_void_call:/mnt/scratch1/ardi/dsl_mut/HM-armc/mutation/lowered-cpp/lens_blur/lens_blur.halide_generated.cpp:11993:5
lens_blur,cxx_default_on_emitted_cpp,5eb72c8d,6,16,cxx_add_to_sub,lens_blur.halide_generated.cpp,5187,23,generator_specific,0,0,0,,,,0,15.070,cxx_add_to_sub:/mnt/scratch1/ardi/dsl_mut/HM-armc/mutation/lowered-cpp/lens_blur/lens_blur.halide_generated.cpp:5187:23
lens_blur,cxx_default_on_emitted_cpp,5eb72c8d,6,16,cxx_sub_to_add,lens_blur.halide_generated.cpp,5583,25,generator_specific,0,0,0,,,,0,15.427,cxx_sub_to_add:/mnt/scratch1/ardi/dsl_mut/HM-armc/mutation/lowered-cpp/lens_blur/lens_blur.halide_generated.cpp:5583:25
lens_blur,cxx_default_on_emitted_cpp,5eb72c8d,6,16,cxx_add_to_sub,lens_blur.halide_generated.cpp,10825,39,generator_specific,0,0,0,,,,0,15.193,cxx_add_to_sub:/mnt/scratch1/ardi/dsl_mut/HM-armc/mutation/lowered-cpp/lens_blur/lens_blur.halide_generated.cpp:10825:39
lens_blur,cxx_default_on_emitted_cpp,5eb72c8d,6,16,cxx_replace_scalar_call,lens_blur.halide_generated.cpp,12710,18,generator_specific,0,0,0,,,,0,15.085,cxx_replace_scalar_call:/mnt/scratch1/ardi/dsl_mut/HM-armc/mutation/lowered-cpp/lens_blur/lens_blur.halide_generated.cpp:12710:18
lens_blur,cxx_default_on_emitted_cpp,5eb72c8d,6,16,cxx_add_to_sub,lens_blur.halide_generated.cpp,9581,36,generator_specific,0,0,0,,,,0,15.045,cxx_add_to_sub:/mnt/scratch1/ardi/dsl_mut/HM-armc/mutation/lowered-cpp/lens_blur/lens_blur.halide_generated.cpp:9581:36
lens_blur,cxx_default_on_emitted_cpp,5eb72c8d,6,16,cxx_mul_to_div,lens_blur.halide_generated.cpp,13804,26,generator_specific,0,0,0,,,,0,15.097,cxx_mul_to_div:/mnt/scratch1/ardi/dsl_mut/HM-armc/mutation/lowered-cpp/lens_blur/lens_blur.halide_generated.cpp:13804:26
lens_blur,cxx_default_on_emitted_cpp,5eb72c8d,6,16,cxx_add_to_sub,lens_blur.halide_generated.cpp,7277,85,generator_specific,0,0,0,,,,0,15.402,cxx_add_to_sub:/mnt/scratch1/ardi/dsl_mut/HM-armc/mutation/lowered-cpp/lens_blur/lens_blur.halide_generated.cpp:7277:85
lens_blur,cxx_default_on_emitted_cpp,5eb72c8d,6,16,cxx_sub_to_add,lens_blur.halide_generated.cpp,8023,29,generator_specific,0,0,0,,,,0,15.334,cxx_sub_to_add:/mnt/scratch1/ardi/dsl_mut/HM-armc/mutation/lowered-cpp/lens_blur/lens_blur.halide_generated.cpp:8023:29
lens_blur,cxx_default_on_emitted_cpp,5eb72c8d,6,16,cxx_add_to_sub,lens_blur.halide_generated.cpp,11684,28,generator_specific,0,0,0,,,,0,15.246,cxx_add_to_sub:/mnt/scratch1/ardi/dsl_mut/HM-armc/mutation/lowered-cpp/lens_blur/lens_blur.halide_generated.cpp:11684:28
lens_blur,cxx_default_on_emitted_cpp,5eb72c8d,6,16,cxx_add_to_sub,lens_blur.halide_generated.cpp,11192,39,generator_specific,0,0,1,,,test2_golden,0,15.525,cxx_add_to_sub:/mnt/scratch1/ardi/dsl_mut/HM-armc/mutation/lowered-cpp/lens_blur/lens_blur.halide_generated.cpp:11192:39
lens_blur,cxx_default_on_emitted_cpp,5eb72c8d,6,16,cxx_add_to_sub,lens_blur.halide_generated.cpp,10942,39,generator_specific,0,0,0,,,,0,15.093,cxx_add_to_sub:/mnt/scratch1/ardi/dsl_mut/HM-armc/mutation/lowered-cpp/lens_blur/lens_blur.halide_generated.cpp:10942:39
lens_blur,cxx_default_on_emitted_cpp,5eb72c8d,6,16,cxx_add_to_sub,lens_blur.halide_generated.cpp,5754,25,generator_specific,0,0,0,,,,0,15.182,cxx_add_to_sub:/mnt/scratch1/ardi/dsl_mut/HM-armc/mutation/lowered-cpp/lens_blur/lens_blur.halide_generated.cpp:5754:25
lens_blur,cxx_default_on_emitted_cpp,5eb72c8d,6,16,cxx_mul_to_div,lens_blur.halide_generated.cpp,11139,38,generator_specific,0,0,0,,,,0,15.240,cxx_mul_to_div:/mnt/scratch1/ardi/dsl_mut/HM-armc/mutation/lowered-cpp/lens_blur/lens_blur.halide_generated.cpp:11139:38
lens_blur,cxx_default_on_emitted_cpp,5eb72c8d,6,16,cxx_mul_to_div,lens_blur.halide_generated.cpp,12540,24,generator_specific,0,0,0,,,,0,15.209,cxx_mul_to_div:/mnt/scratch1/ardi/dsl_mut/HM-armc/mutation/lowered-cpp/lens_blur/lens_blur.halide_generated.cpp:12540:24
lens_blur,cxx_default_on_emitted_cpp,5eb72c8d,6,16,cxx_add_to_sub,lens_blur.halide_generated.cpp,6933,30,generator_specific,-11,1,1,,,test1_demo;test2_golden,0,0.291,cxx_add_to_sub:/mnt/scratch1/ardi/dsl_mut/HM-armc/mutation/lowered-cpp/lens_blur/lens_blur.halide_generated.cpp:6933:30
lens_blur,cxx_default_on_emitted_cpp,5eb72c8d,6,16,cxx_mul_to_div,lens_blur.halide_generated.cpp,9969,36,generator_specific,0,0,0,,,,0,14.997,cxx_mul_to_div:/mnt/scratch1/ardi/dsl_mut/HM-armc/mutation/lowered-cpp/lens_blur/lens_blur.halide_generated.cpp:9969:36
lens_blur,cxx_default_on_emitted_cpp,5eb72c8d,6,16,cxx_add_to_sub,lens_blur.halide_generated.cpp,8402,35,generator_specific,0,0,0,,,,0,15.139,cxx_add_to_sub:/mnt/scratch1/ardi/dsl_mut/HM-armc/mutation/lowered-cpp/lens_blur/lens_blur.halide_generated.cpp:8402:35
lens_blur,cxx_default_on_emitted_cpp,5eb72c8d,6,16,cxx_mul_to_div,lens_blur.halide_generated.cpp,3676,22,generator_specific,0,0,1,,,test2_golden,0,15.358,cxx_mul_to_div:/mnt/scratch1/ardi/dsl_mut/HM-armc/mutation/lowered-cpp/lens_blur/lens_blur.halide_generated.cpp:3676:22
lens_blur,cxx_default_on_emitted_cpp,5eb72c8d,6,16,cxx_add_to_sub,lens_blur.halide_generated.cpp,10722,62,generator_specific,0,0,0,,,,0,15.377,cxx_add_to_sub:/mnt/scratch1/ardi/dsl_mut/HM-armc/mutation/lowered-cpp/lens_blur/lens_blur.halide_generated.cpp:10722:62
lens_blur,cxx_default_on_emitted_cpp,5eb72c8d,6,16,cxx_add_to_sub,lens_blur.halide_generated.cpp,13944,27,generator_specific,-11,1,1,,,test1_demo;test2_golden,0,0.280,cxx_add_to_sub:/mnt/scratch1/ardi/dsl_mut/HM-armc/mutation/lowered-cpp/lens_blur/lens_blur.halide_generated.cpp:13944:27
lens_blur,cxx_default_on_emitted_cpp,5eb72c8d,6,16,cxx_mul_to_div,lens_blur.halide_generated.cpp,9551,35,generator_specific,0,0,0,,,,0,15.588,cxx_mul_to_div:/mnt/scratch1/ardi/dsl_mut/HM-armc/mutation/lowered-cpp/lens_blur/lens_blur.halide_generated.cpp:9551:35
lens_blur,cxx_default_on_emitted_cpp,5eb72c8d,6,16,cxx_replace_scalar_call,lens_blur.halide_generated.cpp,5277,18,generator_specific,0,0,0,,,,0,15.605,cxx_replace_scalar_call:/mnt/scratch1/ardi/dsl_mut/HM-armc/mutation/lowered-cpp/lens_blur/lens_blur.halide_generated.cpp:5277:18
lens_blur,cxx_default_on_emitted_cpp,5eb72c8d,6,16,cxx_remove_void_call,lens_blur.halide_generated.cpp,11145,17,generator_specific,0,0,0,,,,0,15.187,cxx_remove_void_call:/mnt/scratch1/ardi/dsl_mut/HM-armc/mutation/lowered-cpp/lens_blur/lens_blur.halide_generated.cpp:11145:17
lens_blur,cxx_default_on_emitted_cpp,5eb72c8d,6,16,cxx_replace_scalar_call,lens_blur.halide_generated.cpp,12394,18,generator_specific,0,0,1,,,test2_golden,0,15.731,cxx_replace_scalar_call:/mnt/scratch1/ardi/dsl_mut/HM-armc/mutation/lowered-cpp/lens_blur/lens_blur.halide_generated.cpp:12394:18
lens_blur,cxx_default_on_emitted_cpp,5eb72c8d,6,16,cxx_add_to_sub,lens_blur.halide_generated.cpp,13613,26,generator_specific,0,0,0,,,,0,15.226,cxx_add_to_sub:/mnt/scratch1/ardi/dsl_mut/HM-armc/mutation/lowered-cpp/lens_blur/lens_blur.halide_generated.cpp:13613:26
lens_blur,cxx_default_on_emitted_cpp,5eb72c8d,6,16,cxx_remove_void_call,lens_blur.halide_generated.cpp,8146,10,generator_specific,0,0,0,,,,0,15.071,cxx_remove_void_call:/mnt/scratch1/ardi/dsl_mut/HM-armc/mutation/lowered-cpp/lens_blur/lens_blur.halide_generated.cpp:8146:10
lens_blur,cxx_default_on_emitted_cpp,5eb72c8d,6,16,cxx_sub_to_add,lens_blur.halide_generated.cpp,5599,26,generator_specific,0,0,0,,,,0,15.049,cxx_sub_to_add:/mnt/scratch1/ardi/dsl_mut/HM-armc/mutation/lowered-cpp/lens_blur/lens_blur.halide_generated.cpp:5599:26
lens_blur,cxx_default_on_emitted_cpp,5eb72c8d,6,16,cxx_add_to_sub,lens_blur.halide_generated.cpp,10757,39,generator_specific,0,0,0,,,,0,15.122,cxx_add_to_sub:/mnt/scratch1/ardi/dsl_mut/HM-armc/mutation/lowered-cpp/lens_blur/lens_blur.halide_generated.cpp:10757:39
lens_blur,cxx_default_on_emitted_cpp,5eb72c8d,6,16,cxx_add_to_sub,lens_blur.halide_generated.cpp,5398,29,generator_specific,-11,1,1,,,test1_demo;test2_golden,0,0.323,cxx_add_to_sub:/mnt/scratch1/ardi/dsl_mut/HM-armc/mutation/lowered-cpp/lens_blur/lens_blur.halide_generated.cpp:5398:29
lens_blur,cxx_default_on_emitted_cpp,5eb72c8d,6,16,cxx_add_to_sub,lens_blur.halide_generated.cpp,11105,39,generator_specific,0,0,0,,,,0,15.109,cxx_add_to_sub:/mnt/scratch1/ardi/dsl_mut/HM-armc/mutation/lowered-cpp/lens_blur/lens_blur.halide_generated.cpp:11105:39
lens_blur,cxx_default_on_emitted_cpp,5eb72c8d,6,16,cxx_mul_to_div,lens_blur.halide_generated.cpp,11998,26,generator_specific,0,0,0,,,,0,15.306,cxx_mul_to_div:/mnt/scratch1/ardi/dsl_mut/HM-armc/mutation/lowered-cpp/lens_blur/lens_blur.halide_generated.cpp:11998:26
lens_blur,cxx_default_on_emitted_cpp,5eb72c8d,6,16,cxx_add_to_sub,lens_blur.halide_generated.cpp,3756,25,generator_specific,-11,1,1,,,test1_demo;test2_golden,0,1.014,cxx_add_to_sub:/mnt/scratch1/ardi/dsl_mut/HM-armc/mutation/lowered-cpp/lens_blur/lens_blur.halide_generated.cpp:3756:25
lens_blur,cxx_default_on_emitted_cpp,5eb72c8d,6,16,cxx_sub_to_add,lens_blur.halide_generated.cpp,10237,36,generator_specific,0,0,0,,,,0,15.020,cxx_sub_to_add:/mnt/scratch1/ardi/dsl_mut/HM-armc/mutation/lowered-cpp/lens_blur/lens_blur.halide_generated.cpp:10237:36
lens_blur,cxx_default_on_emitted_cpp,5eb72c8d,6,16,cxx_add_to_sub,lens_blur.halide_generated.cpp,9611,36,generator_specific,0,0,0,,,,0,15.067,cxx_add_to_sub:/mnt/scratch1/ardi/dsl_mut/HM-armc/mutation/lowered-cpp/lens_blur/lens_blur.halide_generated.cpp:9611:36
lens_blur,cxx_default_on_emitted_cpp,5eb72c8d,6,16,cxx_sub_to_add,lens_blur.halide_generated.cpp,4340,30,generator_specific,0,0,0,,,,0,15.149,cxx_sub_to_add:/mnt/scratch1/ardi/dsl_mut/HM-armc/mutation/lowered-cpp/lens_blur/lens_blur.halide_generated.cpp:4340:30
lens_blur,cxx_default_on_emitted_cpp,5eb72c8d,6,16,cxx_add_to_sub,lens_blur.halide_generated.cpp,3733,33,generator_specific,0,0,1,,,test2_golden,0,15.400,cxx_add_to_sub:/mnt/scratch1/ardi/dsl_mut/HM-armc/mutation/lowered-cpp/lens_blur/lens_blur.halide_generated.cpp:3733:33
lens_blur,cxx_default_on_emitted_cpp,5eb72c8d,6,16,cxx_add_to_sub,lens_blur.halide_generated.cpp,8436,32,generator_specific,0,0,0,,,,0,15.218,cxx_add_to_sub:/mnt/scratch1/ardi/dsl_mut/HM-armc/mutation/lowered-cpp/lens_blur/lens_blur.halide_generated.cpp:8436:32
lens_blur,cxx_default_on_emitted_cpp,5eb72c8d,6,16,cxx_replace_scalar_call,lens_blur.halide_generated.cpp,12729,18,generator_specific,0,0,0,,,,0,15.735,cxx_replace_scalar_call:/mnt/scratch1/ardi/dsl_mut/HM-armc/mutation/lowered-cpp/lens_blur/lens_blur.halide_generated.cpp:12729:18
lens_blur,cxx_default_on_emitted_cpp,5eb72c8d,6,16,cxx_sub_to_add,lens_blur.halide_generated.cpp,6269,27,generator_specific,-6,1,1,,,test1_demo;test2_golden,0,0.416,cxx_sub_to_add:/mnt/scratch1/ardi/dsl_mut/HM-armc/mutation/lowered-cpp/lens_blur/lens_blur.halide_generated.cpp:6269:27
lens_blur,cxx_default_on_emitted_cpp,5eb72c8d,6,16,cxx_add_to_sub,lens_blur.halide_generated.cpp,10557,37,generator_specific,0,0,0,,,,0,15.036,cxx_add_to_sub:/mnt/scratch1/ardi/dsl_mut/HM-armc/mutation/lowered-cpp/lens_blur/lens_blur.halide_generated.cpp:10557:37
lens_blur,cxx_default_on_emitted_cpp,5eb72c8d,6,16,cxx_add_to_sub,lens_blur.halide_generated.cpp,5089,22,generator_specific,0,0,0,,,,0,15.562,cxx_add_to_sub:/mnt/scratch1/ardi/dsl_mut/HM-armc/mutation/lowered-cpp/lens_blur/lens_blur.halide_generated.cpp:5089:22
lens_blur,cxx_default_on_emitted_cpp,5eb72c8d,6,16,cxx_sub_to_add,lens_blur.halide_generated.cpp,8351,32,generator_specific,0,0,1,,,test2_golden,0,15.474,cxx_sub_to_add:/mnt/scratch1/ardi/dsl_mut/HM-armc/mutation/lowered-cpp/lens_blur/lens_blur.halide_generated.cpp:8351:32
lens_blur,cxx_default_on_emitted_cpp,5eb72c8d,6,16,cxx_add_to_sub,lens_blur.halide_generated.cpp,6885,29,generator_specific,0,0,0,,,,0,15.484,cxx_add_to_sub:/mnt/scratch1/ardi/dsl_mut/HM-armc/mutation/lowered-cpp/lens_blur/lens_blur.halide_generated.cpp:6885:29
lens_blur,cxx_default_on_emitted_cpp,5eb72c8d,6,16,cxx_replace_scalar_call,lens_blur.halide_generated.cpp,13202,20,generator_specific,0,0,0,,,,0,15.512,cxx_replace_scalar_call:/mnt/scratch1/ardi/dsl_mut/HM-armc/mutation/lowered-cpp/lens_blur/lens_blur.halide_generated.cpp:13202:20
lens_blur,cxx_default_on_emitted_cpp,5eb72c8d,6,16,cxx_sub_to_add,lens_blur.halide_generated.cpp,13871,26,generator_specific,-6,1,1,,,test1_demo;test2_golden,0,1.088,cxx_sub_to_add:/mnt/scratch1/ardi/dsl_mut/HM-armc/mutation/lowered-cpp/lens_blur/lens_blur.halide_generated.cpp:13871:26
lens_blur,cxx_default_on_emitted_cpp,5eb72c8d,6,16,cxx_add_to_sub,lens_blur.halide_generated.cpp,13473,26,generator_specific,0,0,1,,,test2_golden,0,15.366,cxx_add_to_sub:/mnt/scratch1/ardi/dsl_mut/HM-armc/mutation/lowered-cpp/lens_blur/lens_blur.halide_generated.cpp:13473:26
lens_blur,cxx_default_on_emitted_cpp,5eb72c8d,6,16,cxx_add_to_sub,lens_blur.halide_generated.cpp,5947,27,generator_specific,0,0,0,,,,0,16.307,cxx_add_to_sub:/mnt/scratch1/ardi/dsl_mut/HM-armc/mutation/lowered-cpp/lens_blur/lens_blur.halide_generated.cpp:5947:27
lens_blur,cxx_default_on_emitted_cpp,5eb72c8d,6,16,cxx_add_to_sub,lens_blur.halide_generated.cpp,7932,32,generator_specific,0,0,0,,,,0,16.010,cxx_add_to_sub:/mnt/scratch1/ardi/dsl_mut/HM-armc/mutation/lowered-cpp/lens_blur/lens_blur.halide_generated.cpp:7932:32
lens_blur,cxx_default_on_emitted_cpp,5eb72c8d,6,16,cxx_sub_to_add,lens_blur.halide_generated.cpp,12134,27,generator_specific,0,0,1,,,test2_golden,0,16.696,cxx_sub_to_add:/mnt/scratch1/ardi/dsl_mut/HM-armc/mutation/lowered-cpp/lens_blur/lens_blur.halide_generated.cpp:12134:27
lens_blur,cxx_default_on_emitted_cpp,5eb72c8d,6,16,cxx_sub_to_add,lens_blur.halide_generated.cpp,10246,36,generator_specific,0,0,0,,,,0,15.157,cxx_sub_to_add:/mnt/scratch1/ardi/dsl_mut/HM-armc/mutation/lowered-cpp/lens_blur/lens_blur.halide_generated.cpp:10246:36
lens_blur,cxx_default_on_emitted_cpp,5eb72c8d,6,16,cxx_lt_to_le,lens_blur.halide_generated.cpp,11969,75,generator_specific,0,0,1,,,test2_golden,0,16.561,cxx_lt_to_le:/mnt/scratch1/ardi/dsl_mut/HM-armc/mutation/lowered-cpp/lens_blur/lens_blur.halide_generated.cpp:11969:75
lens_blur,cxx_default_on_emitted_cpp,5eb72c8d,6,16,cxx_add_to_sub,lens_blur.halide_generated.cpp,11968,27,generator_specific,0,0,0,,,,0,15.718,cxx_add_to_sub:/mnt/scratch1/ardi/dsl_mut/HM-armc/mutation/lowered-cpp/lens_blur/lens_blur.halide_generated.cpp:11968:27
lens_blur,cxx_default_on_emitted_cpp,5eb72c8d,6,16,cxx_add_to_sub,lens_blur.halide_generated.cpp,5983,30,generator_specific,-11,1,1,,,test1_demo;test2_golden,0,0.410,cxx_add_to_sub:/mnt/scratch1/ardi/dsl_mut/HM-armc/mutation/lowered-cpp/lens_blur/lens_blur.halide_generated.cpp:5983:30
lens_blur,cxx_default_on_emitted_cpp,5eb72c8d,6,16,cxx_add_to_sub,lens_blur.halide_generated.cpp,8168,29,generator_specific,0,0,0,,,,0,15.257,cxx_add_to_sub:/mnt/scratch1/ardi/dsl_mut/HM-armc/mutation/lowered-cpp/lens_blur/lens_blur.halide_generated.cpp:8168:29
lens_blur,cxx_default_on_emitted_cpp,5eb72c8d,6,16,cxx_add_to_sub,lens_blur.halide_generated.cpp,6904,29,generator_specific,0,0,0,,,,0,14.995,cxx_add_to_sub:/mnt/scratch1/ardi/dsl_mut/HM-armc/mutation/lowered-cpp/lens_blur/lens_blur.halide_generated.cpp:6904:29
lens_blur,cxx_default_on_emitted_cpp,5eb72c8d,6,16,cxx_gt_to_ge,lens_blur.halide_generated.cpp,14118,74,generator_specific,0,0,0,,,,0,15.127,cxx_gt_to_ge:/mnt/scratch1/ardi/dsl_mut/HM-armc/mutation/lowered-cpp/lens_blur/lens_blur.halide_generated.cpp:14118:74
lens_blur,cxx_default_on_emitted_cpp,5eb72c8d,6,16,cxx_add_to_sub,lens_blur.halide_generated.cpp,9456,35,generator_specific,0,0,0,,,,0,15.093,cxx_add_to_sub:/mnt/scratch1/ardi/dsl_mut/HM-armc/mutation/lowered-cpp/lens_blur/lens_blur.halide_generated.cpp:9456:35
lens_blur,cxx_default_on_emitted_cpp,5eb72c8d,6,16,cxx_mul_to_div,lens_blur.halide_generated.cpp,5175,24,generator_specific,0,0,0,,,,0,15.163,cxx_mul_to_div:/mnt/scratch1/ardi/dsl_mut/HM-armc/mutation/lowered-cpp/lens_blur/lens_blur.halide_generated.cpp:5175:24
lens_blur,cxx_default_on_emitted_cpp,5eb72c8d,6,16,cxx_add_to_sub,lens_blur.halide_generated.cpp,5920,28,generator_specific,0,0,0,,,,0,15.195,cxx_add_to_sub:/mnt/scratch1/ardi/dsl_mut/HM-armc/mutation/lowered-cpp/lens_blur/lens_blur.halide_generated.cpp:5920:28
lens_blur,cxx_default_on_emitted_cpp,5eb72c8d,6,16,cxx_mul_to_div,lens_blur.halide_generated.cpp,11126,38,generator_specific,0,0,0,,,,0,15.018,cxx_mul_to_div:/mnt/scratch1/ardi/dsl_mut/HM-armc/mutation/lowered-cpp/lens_blur/lens_blur.halide_generated.cpp:11126:38
lens_blur,cxx_default_on_emitted_cpp,5eb72c8d,6,16,cxx_mul_to_div,lens_blur.halide_generated.cpp,11086,39,generator_specific,0,0,0,,,,0,15.198,cxx_mul_to_div:/mnt/scratch1/ardi/dsl_mut/HM-armc/mutation/lowered-cpp/lens_blur/lens_blur.halide_generated.cpp:11086:39
lens_blur,cxx_default_on_emitted_cpp,5eb72c8d,6,16,cxx_replace_scalar_call,lens_blur.halide_generated.cpp,4673,19,generator_specific,0,0,1,,,test2_golden,0,15.577,cxx_replace_scalar_call:/mnt/scratch1/ardi/dsl_mut/HM-armc/mutation/lowered-cpp/lens_blur/lens_blur.halide_generated.cpp:4673:19
lens_blur,cxx_default_on_emitted_cpp,5eb72c8d,6,16,cxx_remove_void_call,lens_blur.halide_generated.cpp,5003,2,generator_specific,0,0,0,,,,0,15.164,cxx_remove_void_call:/mnt/scratch1/ardi/dsl_mut/HM-armc/mutation/lowered-cpp/lens_blur/lens_blur.halide_generated.cpp:5003:2
lens_blur,cxx_default_on_emitted_cpp,5eb72c8d,6,16,cxx_sub_to_add,lens_blur.halide_generated.cpp,12720,24,generator_specific,0,0,0,,,,0,14.903,cxx_sub_to_add:/mnt/scratch1/ardi/dsl_mut/HM-armc/mutation/lowered-cpp/lens_blur/lens_blur.halide_generated.cpp:12720:24
lens_blur,cxx_default_on_emitted_cpp,5eb72c8d,6,16,cxx_add_to_sub,lens_blur.halide_generated.cpp,6090,27,generator_specific,0,0,0,,,,0,15.363,cxx_add_to_sub:/mnt/scratch1/ardi/dsl_mut/HM-armc/mutation/lowered-cpp/lens_blur/lens_blur.halide_generated.cpp:6090:27
lens_blur,cxx_default_on_emitted_cpp,5eb72c8d,6,16,cxx_add_to_sub,lens_blur.halide_generated.cpp,10949,38,generator_specific,0,0,0,,,,0,15.201,cxx_add_to_sub:/mnt/scratch1/ardi/dsl_mut/HM-armc/mutation/lowered-cpp/lens_blur/lens_blur.halide_generated.cpp:10949:38
lens_blur,cxx_default_on_emitted_cpp,5eb72c8d,6,16,cxx_replace_scalar_call,lens_blur.halide_generated.cpp,5196,18,generator_specific,0,0,0,,,,0,15.031,cxx_replace_scalar_call:/mnt/scratch1/ardi/dsl_mut/HM-armc/mutation/lowered-cpp/lens_blur/lens_blur.halide_generated.cpp:5196:18
lens_blur,cxx_default_on_emitted_cpp,5eb72c8d,6,16,cxx_add_to_sub,lens_blur.halide_generated.cpp,8788,32,generator_specific,0,0,0,,,,0,15.373,cxx_add_to_sub:/mnt/scratch1/ardi/dsl_mut/HM-armc/mutation/lowered-cpp/lens_blur/lens_blur.halide_generated.cpp:8788:32
lens_blur,cxx_default_on_emitted_cpp,5eb72c8d,6,16,cxx_add_to_sub,lens_blur.halide_generated.cpp,11675,28,generator_specific,0,0,0,,,,0,15.223,cxx_add_to_sub:/mnt/scratch1/ardi/dsl_mut/HM-armc/mutation/lowered-cpp/lens_blur/lens_blur.halide_generated.cpp:11675:28
lens_blur,cxx_default_on_emitted_cpp,5eb72c8d,6,16,cxx_replace_scalar_call,lens_blur.halide_generated.cpp,12516,18,generator_specific,0,0,0,,,,0,15.352,cxx_replace_scalar_call:/mnt/scratch1/ardi/dsl_mut/HM-armc/mutation/lowered-cpp/lens_blur/lens_blur.halide_generated.cpp:12516:18
lens_blur,cxx_default_on_emitted_cpp,5eb72c8d,6,16,cxx_add_to_sub,lens_blur.halide_generated.cpp,6270,27,generator_specific,-6,1,1,,,test1_demo;test2_golden,0,0.485,cxx_add_to_sub:/mnt/scratch1/ardi/dsl_mut/HM-armc/mutation/lowered-cpp/lens_blur/lens_blur.halide_generated.cpp:6270:27
lens_blur,cxx_default_on_emitted_cpp,5eb72c8d,6,16,cxx_add_to_sub,lens_blur.halide_generated.cpp,12208,34,generator_specific,0,0,1,,,test2_golden,0,15.298,cxx_add_to_sub:/mnt/scratch1/ardi/dsl_mut/HM-armc/mutation/lowered-cpp/lens_blur/lens_blur.halide_generated.cpp:12208:34
lens_blur,cxx_default_on_emitted_cpp,5eb72c8d,6,16,cxx_add_to_sub,lens_blur.halide_generated.cpp,5396,27,generator_specific,0,0,0,,,,0,15.081,cxx_add_to_sub:/mnt/scratch1/ardi/dsl_mut/HM-armc/mutation/lowered-cpp/lens_blur/lens_blur.halide_generated.cpp:5396:27
lens_blur,cxx_default_on_emitted_cpp,5eb72c8d,6,16,cxx_mul_to_div,lens_blur.halide_generated.cpp,4408,40,generator_specific,0,0,1,,,test2_golden,0,15.863,cxx_mul_to_div:/mnt/scratch1/ardi/dsl_mut/HM-armc/mutation/lowered-cpp/lens_blur/lens_blur.halide_generated.cpp:4408:40
lens_blur,cxx_default_on_emitted_cpp,5eb72c8d,6,16,cxx_add_to_sub,lens_blur.halide_generated.cpp,7627,31,generator_specific,0,0,0,,,,0,14.990,cxx_add_to_sub:/mnt/scratch1/ardi/dsl_mut/HM-armc/mutation/lowered-cpp/lens_blur/lens_blur.halide_generated.cpp:7627:31
lens_blur,cxx_default_on_emitted_cpp,5eb72c8d,6,16,cxx_mul_to_div,lens_blur.halide_generated.cpp,4266,24,generator_specific,0,0,0,,,,0,15.097,cxx_mul_to_div:/mnt/scratch1/ardi/dsl_mut/HM-armc/mutation/lowered-cpp/lens_blur/lens_blur.halide_generated.cpp:4266:24
lens_blur,cxx_default_on_emitted_cpp,5eb72c8d,6,16,cxx_lt_to_ge,lens_blur.halide_generated.cpp,3663,27,generator_specific,0,0,1,,,test2_golden,0,15.447,cxx_lt_to_ge:/mnt/scratch1/ardi/dsl_mut/HM-armc/mutation/lowered-cpp/lens_blur/lens_blur.halide_generated.cpp:3663:27
lens_blur,cxx_default_on_emitted_cpp,5eb72c8d,6,16,cxx_add_to_sub,lens_blur.halide_generated.cpp,7118,29,generator_specific,0,0,0,,,,0,15.336,cxx_add_to_sub:/mnt/scratch1/ardi/dsl_mut/HM-armc/mutation/lowered-cpp/lens_blur/lens_blur.halide_generated.cpp:7118:29
lens_blur,cxx_default_on_emitted_cpp,5eb72c8d,6,16,cxx_post_inc_to_post_dec,lens_blur.halide_generated.cpp,4310,61,generator_specific,-11,1,1,,,test1_demo;test2_golden,0,0.042,cxx_post_inc_to_post_dec:/mnt/scratch1/ardi/dsl_mut/HM-armc/mutation/lowered-cpp/lens_blur/lens_blur.halide_generated.cpp:4310:61
lens_blur,cxx_default_on_emitted_cpp,5eb72c8d,6,16,cxx_sub_to_add,lens_blur.halide_generated.cpp,9994,36,generator_specific,0,0,0,,,,0,15.200,cxx_sub_to_add:/mnt/scratch1/ardi/dsl_mut/HM-armc/mutation/lowered-cpp/lens_blur/lens_blur.halide_generated.cpp:9994:36
lens_blur,cxx_default_on_emitted_cpp,5eb72c8d,6,16,cxx_add_to_sub,lens_blur.halide_generated.cpp,5386,26,generator_specific,0,0,1,,,test2_golden,0,15.468,cxx_add_to_sub:/mnt/scratch1/ardi/dsl_mut/HM-armc/mutation/lowered-cpp/lens_blur/lens_blur.halide_generated.cpp:5386:26
lens_blur,cxx_default_on_emitted_cpp,5eb72c8d,6,16,cxx_mul_to_div,lens_blur.halide_generated.cpp,5656,26,generator_specific,0,0,0,,,,0,15.258,cxx_mul_to_div:/mnt/scratch1/ardi/dsl_mut/HM-armc/mutation/lowered-cpp/lens_blur/lens_blur.halide_generated.cpp:5656:26
lens_blur,cxx_default_on_emitted_cpp,5eb72c8d,6,16,cxx_add_to_sub,lens_blur.halide_generated.cpp,6172,28,generator_specific,0,0,0,,,,0,15.527,cxx_add_to_sub:/mnt/scratch1/ardi/dsl_mut/HM-armc/mutation/lowered-cpp/lens_blur/lens_blur.halide_generated.cpp:6172:28
lens_blur,cxx_default_on_emitted_cpp,5eb72c8d,6,16,cxx_gt_to_ge,lens_blur.halide_generated.cpp,10206,25,generator_specific,0,0,0,,,,0,15.462,cxx_gt_to_ge:/mnt/scratch1/ardi/dsl_mut/HM-armc/mutation/lowered-cpp/lens_blur/lens_blur.halide_generated.cpp:10206:25
lens_blur,cxx_default_on_emitted_cpp,5eb72c8d,6,16,cxx_remove_void_call,lens_blur.halide_generated.cpp,7396,9,generator_specific,0,0,0,,,,0,15.107,cxx_remove_void_call:/mnt/scratch1/ardi/dsl_mut/HM-armc/mutation/lowered-cpp/lens_blur/lens_blur.halide_generated.cpp:7396:9
lens_blur,cxx_default_on_emitted_cpp,5eb72c8d,6,16,cxx_le_to_gt,lens_blur.halide_generated.cpp,12988,18,generator_specific,-6,1,1,,,test1_demo;test2_golden,0,0.022,cxx_le_to_gt:/mnt/scratch1/ardi/dsl_mut/HM-armc/mutation/lowered-cpp/lens_blur/lens_blur.halide_generated.cpp:12988:18
lens_blur,cxx_default_on_emitted_cpp,5eb72c8d,6,16,cxx_add_to_sub,lens_blur.halide_generated.cpp,10850,39,generator_specific,0,0,1,,,test2_golden,0,15.891,cxx_add_to_sub:/mnt/scratch1/ardi/dsl_mut/HM-armc/mutation/lowered-cpp/lens_blur/lens_blur.halide_generated.cpp:10850:39
lens_blur,cxx_default_on_emitted_cpp,5eb72c8d,6,16,cxx_mul_to_div,lens_blur.halide_generated.cpp,12485,24,generator_specific,0,0,0,,,,0,15.063,cxx_mul_to_div:/mnt/scratch1/ardi/dsl_mut/HM-armc/mutation/lowered-cpp/lens_blur/lens_blur.halide_generated.cpp:12485:24
lens_blur,cxx_default_on_emitted_cpp,5eb72c8d,6,16,cxx_replace_scalar_call,lens_blur.halide_generated.cpp,13387,19,generator_specific,0,0,0,,,,0,14.999,cxx_replace_scalar_call:/mnt/scratch1/ardi/dsl_mut/HM-armc/mutation/lowered-cpp/lens_blur/lens_blur.halide_generated.cpp:13387:19
lens_blur,cxx_default_on_emitted_cpp,5eb72c8d,6,16,cxx_mul_to_div,lens_blur.halide_generated.cpp,4824,42,generator_specific,0,0,0,,,,0,15.395,cxx_mul_to_div:/mnt/scratch1/ardi/dsl_mut/HM-armc/mutation/lowered-cpp/lens_blur/lens_blur.halide_generated.cpp:4824:42
lens_blur,cxx_default_on_emitted_cpp,5eb72c8d,6,16,cxx_add_to_sub,lens_blur.halide_generated.cpp,7110,32,generator_specific,0,0,0,,,,0,15.685,cxx_add_to_sub:/mnt/scratch1/ardi/dsl_mut/HM-armc/mutation/lowered-cpp/lens_blur/lens_blur.halide_generated.cpp:7110:32
lens_blur,cxx_default_on_emitted_cpp,5eb72c8d,6,16,cxx_sub_to_add,lens_blur.halide_generated.cpp,12014,26,generator_specific,0,0,1,,,test2_golden,0,15.076,cxx_sub_to_add:/mnt/scratch1/ardi/dsl_mut/HM-armc/mutation/lowered-cpp/lens_blur/lens_blur.halide_generated.cpp:12014:26
lens_blur,cxx_default_on_emitted_cpp,5eb72c8d,6,16,cxx_replace_scalar_call,lens_blur.halide_generated.cpp,12523,18,generator_specific,0,0,0,,,,0,16.058,cxx_replace_scalar_call:/mnt/scratch1/ardi/dsl_mut/HM-armc/mutation/lowered-cpp/lens_blur/lens_blur.halide_generated.cpp:12523:18
lens_blur,cxx_default_on_emitted_cpp,5eb72c8d,6,16,cxx_add_to_sub,lens_blur.halide_generated.cpp,7313,31,generator_specific,0,0,0,,,,0,15.119,cxx_add_to_sub:/mnt/scratch1/ardi/dsl_mut/HM-armc/mutation/lowered-cpp/lens_blur/lens_blur.halide_generated.cpp:7313:31
lens_blur,cxx_default_on_emitted_cpp,5eb72c8d,6,16,cxx_add_to_sub,lens_blur.halide_generated.cpp,12900,26,generator_specific,0,0,0,,,,0,15.108,cxx_add_to_sub:/mnt/scratch1/ardi/dsl_mut/HM-armc/mutation/lowered-cpp/lens_blur/lens_blur.halide_generated.cpp:12900:26
lens_blur,cxx_default_on_emitted_cpp,5eb72c8d,6,16,cxx_mul_to_div,lens_blur.halide_generated.cpp,10322,37,generator_specific,0,0,0,,,,0,15.066,cxx_mul_to_div:/mnt/scratch1/ardi/dsl_mut/HM-armc/mutation/lowered-cpp/lens_blur/lens_blur.halide_generated.cpp:10322:37
lens_blur,cxx_default_on_emitted_cpp,5eb72c8d,6,16,cxx_add_to_sub,lens_blur.halide_generated.cpp,7676,28,generator_specific,0,0,0,,,,0,15.077,cxx_add_to_sub:/mnt/scratch1/ardi/dsl_mut/HM-armc/mutation/lowered-cpp/lens_blur/lens_blur.halide_generated.cpp:7676:28
lens_blur,cxx_default_on_emitted_cpp,5eb72c8d,6,16,cxx_add_to_sub,lens_blur.halide_generated.cpp,7170,27,generator_specific,0,0,0,,,,0,15.987,cxx_add_to_sub:/mnt/scratch1/ardi/dsl_mut/HM-armc/mutation/lowered-cpp/lens_blur/lens_blur.halide_generated.cpp:7170:27
lens_blur,cxx_default_on_emitted_cpp,5eb72c8d,6,16,cxx_mul_to_div,lens_blur.halide_generated.cpp,11516,28,generator_specific,-11,1,1,,,test1_demo;test2_golden,0,0.559,cxx_mul_to_div:/mnt/scratch1/ardi/dsl_mut/HM-armc/mutation/lowered-cpp/lens_blur/lens_blur.halide_generated.cpp:11516:28
lens_blur,cxx_default_on_emitted_cpp,5eb72c8d,6,16,cxx_add_to_sub,lens_blur.halide_generated.cpp,14157,28,generator_specific,0,0,0,,,,0,14.995,cxx_add_to_sub:/mnt/scratch1/ardi/dsl_mut/HM-armc/mutation/lowered-cpp/lens_blur/lens_blur.halide_generated.cpp:14157:28
lens_blur,cxx_default_on_emitted_cpp,5eb72c8d,6,16,cxx_sub_to_add,lens_blur.halide_generated.cpp,13457,26,generator_specific,0,0,0,,,,0,16.167,cxx_sub_to_add:/mnt/scratch1/ardi/dsl_mut/HM-armc/mutation/lowered-cpp/lens_blur/lens_blur.halide_generated.cpp:13457:26
lens_blur,cxx_default_on_emitted_cpp,5eb72c8d,6,16,cxx_mul_to_div,lens_blur.halide_generated.cpp,12698,24,generator_specific,0,0,0,,,,0,15.061,cxx_mul_to_div:/mnt/scratch1/ardi/dsl_mut/HM-armc/mutation/lowered-cpp/lens_blur/lens_blur.halide_generated.cpp:12698:24
lens_blur,cxx_default_on_emitted_cpp,5eb72c8d,6,16,cxx_add_to_sub,lens_blur.halide_generated.cpp,11802,28,generator_specific,0,0,0,,,,0,15.313,cxx_add_to_sub:/mnt/scratch1/ardi/dsl_mut/HM-armc/mutation/lowered-cpp/lens_blur/lens_blur.halide_generated.cpp:11802:28
lens_blur,cxx_default_on_emitted_cpp,5eb72c8d,6,16,cxx_add_to_sub,lens_blur.halide_generated.cpp,6128,27,generator_specific,0,0,0,,,,0,15.186,cxx_add_to_sub:/mnt/scratch1/ardi/dsl_mut/HM-armc/mutation/lowered-cpp/lens_blur/lens_blur.halide_generated.cpp:6128:27
lens_blur,cxx_default_on_emitted_cpp,5eb72c8d,6,16,cxx_gt_to_ge,lens_blur.halide_generated.cpp,14116,29,generator_specific,0,0,0,,,,0,15.792,cxx_gt_to_ge:/mnt/scratch1/ardi/dsl_mut/HM-armc/mutation/lowered-cpp/lens_blur/lens_blur.halide_generated.cpp:14116:29
lens_blur,cxx_default_on_emitted_cpp,5eb72c8d,6,16,cxx_add_to_sub,lens_blur.halide_generated.cpp,12502,24,generator_specific,0,0,0,,,,0,16.128,cxx_add_to_sub:/mnt/scratch1/ardi/dsl_mut/HM-armc/mutation/lowered-cpp/lens_blur/lens_blur.halide_generated.cpp:12502:24
lens_blur,cxx_default_on_emitted_cpp,5eb72c8d,6,16,cxx_add_to_sub,lens_blur.halide_generated.cpp,13811,26,generator_specific,0,0,0,,,,0,17.454,cxx_add_to_sub:/mnt/scratch1/ardi/dsl_mut/HM-armc/mutation/lowered-cpp/lens_blur/lens_blur.halide_generated.cpp:13811:26
lens_blur,cxx_default_on_emitted_cpp,5eb72c8d,6,16,cxx_lt_to_le,lens_blur.halide_generated.cpp,257,15,boilerplate,0,0,0,,,,0,17.031,cxx_lt_to_le:/mnt/scratch1/ardi/dsl_mut/HM-armc/mutation/lowered-cpp/lens_blur/lens_blur.halide_generated.cpp:257:15
lens_blur,cxx_default_on_emitted_cpp,5eb72c8d,6,16,cxx_mul_to_div,lens_blur.halide_generated.cpp,14209,28,generator_specific,0,0,0,,,,0,15.855,cxx_mul_to_div:/mnt/scratch1/ardi/dsl_mut/HM-armc/mutation/lowered-cpp/lens_blur/lens_blur.halide_generated.cpp:14209:28
lens_blur,cxx_default_on_emitted_cpp,5eb72c8d,6,16,cxx_add_to_sub,lens_blur.halide_generated.cpp,5424,27,generator_specific,0,0,0,,,,0,15.128,cxx_add_to_sub:/mnt/scratch1/ardi/dsl_mut/HM-armc/mutation/lowered-cpp/lens_blur/lens_blur.halide_generated.cpp:5424:27
lens_blur,cxx_default_on_emitted_cpp,5eb72c8d,6,16,cxx_replace_scalar_call,lens_blur.halide_generated.cpp,12743,18,generator_specific,0,0,0,,,,0,14.977,cxx_replace_scalar_call:/mnt/scratch1/ardi/dsl_mut/HM-armc/mutation/lowered-cpp/lens_blur/lens_blur.halide_generated.cpp:12743:18
lens_blur,cxx_default_on_emitted_cpp,5eb72c8d,6,16,cxx_remove_void_call,lens_blur.halide_generated.cpp,5937,6,generator_specific,0,0,0,,,,0,14.666,cxx_remove_void_call:/mnt/scratch1/ardi/dsl_mut/HM-armc/mutation/lowered-cpp/lens_blur/lens_blur.halide_generated.cpp:5937:6
lens_blur,cxx_default_on_emitted_cpp,5eb72c8d,6,16,cxx_add_to_sub,lens_blur.halide_generated.cpp,7824,32,generator_specific,0,0,0,,,,0,15.460,cxx_add_to_sub:/mnt/scratch1/ardi/dsl_mut/HM-armc/mutation/lowered-cpp/lens_blur/lens_blur.halide_generated.cpp:7824:32
lens_blur,cxx_default_on_emitted_cpp,5eb72c8d,6,16,cxx_add_to_sub,lens_blur.halide_generated.cpp,11598,28,generator_specific,0,0,1,,,test2_golden,0,15.703,cxx_add_to_sub:/mnt/scratch1/ardi/dsl_mut/HM-armc/mutation/lowered-cpp/lens_blur/lens_blur.halide_generated.cpp:11598:28
lens_blur,cxx_default_on_emitted_cpp,5eb72c8d,6,16,cxx_add_to_sub,lens_blur.halide_generated.cpp,7930,34,generator_specific,0,0,0,,,,0,15.444,cxx_add_to_sub:/mnt/scratch1/ardi/dsl_mut/HM-armc/mutation/lowered-cpp/lens_blur/lens_blur.halide_generated.cpp:7930:34
lens_blur,cxx_default_on_emitted_cpp,5eb72c8d,6,16,cxx_mul_to_div,lens_blur.halide_generated.cpp,9130,34,generator_specific,0,0,0,,,,0,15.256,cxx_mul_to_div:/mnt/scratch1/ardi/dsl_mut/HM-armc/mutation/lowered-cpp/lens_blur/lens_blur.halide_generated.cpp:9130:34
lens_blur,cxx_default_on_emitted_cpp,5eb72c8d,6,16,cxx_mul_to_div,lens_blur.halide_generated.cpp,8138,31,generator_specific,0,0,0,,,,0,15.360,cxx_mul_to_div:/mnt/scratch1/ardi/dsl_mut/HM-armc/mutation/lowered-cpp/lens_blur/lens_blur.halide_generated.cpp:8138:31
lens_blur,cxx_default_on_emitted_cpp,5eb72c8d,6,16,cxx_add_to_sub,lens_blur.halide_generated.cpp,11593,29,generator_specific,0,0,0,,,,0,15.168,cxx_add_to_sub:/mnt/scratch1/ardi/dsl_mut/HM-armc/mutation/lowered-cpp/lens_blur/lens_blur.halide_generated.cpp:11593:29
lens_blur,cxx_default_on_emitted_cpp,5eb72c8d,6,16,cxx_add_to_sub,lens_blur.halide_generated.cpp,8961,35,generator_specific,0,0,0,,,,0,15.343,cxx_add_to_sub:/mnt/scratch1/ardi/dsl_mut/HM-armc/mutation/lowered-cpp/lens_blur/lens_blur.halide_generated.cpp:8961:35
lens_blur,cxx_default_on_emitted_cpp,5eb72c8d,6,16,cxx_add_to_sub,lens_blur.halide_generated.cpp,10051,36,generator_specific,0,0,1,,,test2_golden,0,15.539,cxx_add_to_sub:/mnt/scratch1/ardi/dsl_mut/HM-armc/mutation/lowered-cpp/lens_blur/lens_blur.halide_generated.cpp:10051:36
lens_blur,cxx_default_on_emitted_cpp,5eb72c8d,6,16,cxx_add_to_sub,lens_blur.halide_generated.cpp,10504,37,generator_specific,0,0,0,,,,0,15.274,cxx_add_to_sub:/mnt/scratch1/ardi/dsl_mut/HM-armc/mutation/lowered-cpp/lens_blur/lens_blur.halide_generated.cpp:10504:37
lens_blur,cxx_default_on_emitted_cpp,5eb72c8d,6,16,cxx_add_to_sub,lens_blur.halide_generated.cpp,12511,24,generator_specific,0,0,0,,,,0,15.319,cxx_add_to_sub:/mnt/scratch1/ardi/dsl_mut/HM-armc/mutation/lowered-cpp/lens_blur/lens_blur.halide_generated.cpp:12511:24
lens_blur,cxx_default_on_emitted_cpp,5eb72c8d,6,16,cxx_mul_to_div,lens_blur.halide_generated.cpp,13264,26,generator_specific,0,0,0,,,,0,15.328,cxx_mul_to_div:/mnt/scratch1/ardi/dsl_mut/HM-armc/mutation/lowered-cpp/lens_blur/lens_blur.halide_generated.cpp:13264:26
lens_blur,cxx_default_on_emitted_cpp,5eb72c8d,6,16,cxx_add_to_sub,lens_blur.halide_generated.cpp,9530,36,generator_specific,-11,1,1,,,test1_demo;test2_golden,0,0.321,cxx_add_to_sub:/mnt/scratch1/ardi/dsl_mut/HM-armc/mutation/lowered-cpp/lens_blur/lens_blur.halide_generated.cpp:9530:36
lens_blur,cxx_default_on_emitted_cpp,5eb72c8d,6,16,cxx_add_to_sub,lens_blur.halide_generated.cpp,11686,62,generator_specific,0,0,0,,,,0,14.512,cxx_add_to_sub:/mnt/scratch1/ardi/dsl_mut/HM-armc/mutation/lowered-cpp/lens_blur/lens_blur.halide_generated.cpp:11686:62
lens_blur,cxx_default_on_emitted_cpp,5eb72c8d,6,16,cxx_add_to_sub,lens_blur.halide_generated.cpp,6576,28,generator_specific,0,0,0,,,,0,15.418,cxx_add_to_sub:/mnt/scratch1/ardi/dsl_mut/HM-armc/mutation/lowered-cpp/lens_blur/lens_blur.halide_generated.cpp:6576:28
lens_blur,cxx_default_on_emitted_cpp,5eb72c8d,6,16,cxx_replace_scalar_call,lens_blur.halide_generated.cpp,12951,20,generator_specific,0,0,0,,,,0,15.648,cxx_replace_scalar_call:/mnt/scratch1/ardi/dsl_mut/HM-armc/mutation/lowered-cpp/lens_blur/lens_blur.halide_generated.cpp:12951:20
lens_blur,cxx_default_on_emitted_cpp,5eb72c8d,6,16,cxx_div_to_mul,lens_blur.halide_generated.cpp,4234,29,generator_specific,0,0,0,,,,0,15.345,cxx_div_to_mul:/mnt/scratch1/ardi/dsl_mut/HM-armc/mutation/lowered-cpp/lens_blur/lens_blur.halide_generated.cpp:4234:29
lens_blur,cxx_default_on_emitted_cpp,5eb72c8d,6,16,cxx_add_to_sub,lens_blur.halide_generated.cpp,5698,26,generator_specific,0,0,0,,,,0,15.179,cxx_add_to_sub:/mnt/scratch1/ardi/dsl_mut/HM-armc/mutation/lowered-cpp/lens_blur/lens_blur.halide_generated.cpp:5698:26
lens_blur,cxx_default_on_emitted_cpp,5eb72c8d,6,16,cxx_replace_scalar_call,lens_blur.halide_generated.cpp,5233,18,generator_specific,0,0,0,,,,0,15.519,cxx_replace_scalar_call:/mnt/scratch1/ardi/dsl_mut/HM-armc/mutation/lowered-cpp/lens_blur/lens_blur.halide_generated.cpp:5233:18
lens_blur,cxx_default_on_emitted_cpp,5eb72c8d,6,16,cxx_add_to_sub,lens_blur.halide_generated.cpp,4066,24,generator_specific,-11,1,1,,,test1_demo;test2_golden,0,0.032,cxx_add_to_sub:/mnt/scratch1/ardi/dsl_mut/HM-armc/mutation/lowered-cpp/lens_blur/lens_blur.halide_generated.cpp:4066:24
lens_blur,cxx_default_on_emitted_cpp,5eb72c8d,6,16,cxx_sub_to_add,lens_blur.halide_generated.cpp,8749,33,generator_specific,0,0,0,,,,0,15.492,cxx_sub_to_add:/mnt/scratch1/ardi/dsl_mut/HM-armc/mutation/lowered-cpp/lens_blur/lens_blur.halide_generated.cpp:8749:33
lens_blur,cxx_default_on_emitted_cpp,5eb72c8d,6,16,cxx_add_to_sub,lens_blur.halide_generated.cpp,9840,36,generator_specific,0,0,0,,,,0,15.217,cxx_add_to_sub:/mnt/scratch1/ardi/dsl_mut/HM-armc/mutation/lowered-cpp/lens_blur/lens_blur.halide_generated.cpp:9840:36
lens_blur,cxx_default_on_emitted_cpp,5eb72c8d,6,16,cxx_mul_to_div,lens_blur.halide_generated.cpp,13596,26,generator_specific,0,0,0,,,,0,15.530,cxx_mul_to_div:/mnt/scratch1/ardi/dsl_mut/HM-armc/mutation/lowered-cpp/lens_blur/lens_blur.halide_generated.cpp:13596:26
lens_blur,cxx_default_on_emitted_cpp,5eb72c8d,6,16,cxx_mul_to_div,lens_blur.halide_generated.cpp,10990,38,generator_specific,0,0,0,,,,0,15.706,cxx_mul_to_div:/mnt/scratch1/ardi/dsl_mut/HM-armc/mutation/lowered-cpp/lens_blur/lens_blur.halide_generated.cpp:10990:38
lens_blur,cxx_default_on_emitted_cpp,5eb72c8d,6,16,cxx_add_to_sub,lens_blur.halide_generated.cpp,12700,24,generator_specific,0,0,0,,,,0,15.303,cxx_add_to_sub:/mnt/scratch1/ardi/dsl_mut/HM-armc/mutation/lowered-cpp/lens_blur/lens_blur.halide_generated.cpp:12700:24
lens_blur,cxx_default_on_emitted_cpp,5eb72c8d,6,16,cxx_replace_scalar_call,lens_blur.halide_generated.cpp,12457,18,generator_specific,0,0,0,,,,0,15.075,cxx_replace_scalar_call:/mnt/scratch1/ardi/dsl_mut/HM-armc/mutation/lowered-cpp/lens_blur/lens_blur.halide_generated.cpp:12457:18
lens_blur,cxx_default_on_emitted_cpp,5eb72c8d,6,16,cxx_mul_to_div,lens_blur.halide_generated.cpp,7583,30,generator_specific,0,0,0,,,,0,15.551,cxx_mul_to_div:/mnt/scratch1/ardi/dsl_mut/HM-armc/mutation/lowered-cpp/lens_blur/lens_blur.halide_generated.cpp:7583:30
lens_blur,cxx_default_on_emitted_cpp,5eb72c8d,6,16,cxx_add_to_sub,lens_blur.halide_generated.cpp,8151,29,generator_specific,0,0,0,,,,0,15.476,cxx_add_to_sub:/mnt/scratch1/ardi/dsl_mut/HM-armc/mutation/lowered-cpp/lens_blur/lens_blur.halide_generated.cpp:8151:29
lens_blur,cxx_default_on_emitted_cpp,5eb72c8d,6,16,cxx_add_to_sub,lens_blur.halide_generated.cpp,12692,24,generator_specific,0,0,0,,,,0,15.079,cxx_add_to_sub:/mnt/scratch1/ardi/dsl_mut/HM-armc/mutation/lowered-cpp/lens_blur/lens_blur.halide_generated.cpp:12692:24
lens_blur,cxx_default_on_emitted_cpp,5eb72c8d,6,16,cxx_mul_to_div,lens_blur.halide_generated.cpp,13951,27,generator_specific,0,0,0,,,,0,15.289,cxx_mul_to_div:/mnt/scratch1/ardi/dsl_mut/HM-armc/mutation/lowered-cpp/lens_blur/lens_blur.halide_generated.cpp:13951:27
lens_blur,cxx_default_on_emitted_cpp,5eb72c8d,6,16,cxx_add_to_sub,lens_blur.halide_generated.cpp,7585,30,generator_specific,0,0,0,,,,0,15.649,cxx_add_to_sub:/mnt/scratch1/ardi/dsl_mut/HM-armc/mutation/lowered-cpp/lens_blur/lens_blur.halide_generated.cpp:7585:30
lens_blur,cxx_default_on_emitted_cpp,5eb72c8d,6,16,cxx_add_to_sub,lens_blur.halide_generated.cpp,7877,32,generator_specific,0,0,0,,,,0,15.253,cxx_add_to_sub:/mnt/scratch1/ardi/dsl_mut/HM-armc/mutation/lowered-cpp/lens_blur/lens_blur.halide_generated.cpp:7877:32
lens_blur,cxx_default_on_emitted_cpp,5eb72c8d,6,16,cxx_add_to_sub,lens_blur.halide_generated.cpp,5545,29,generator_specific,-11,1,1,,,test1_demo;test2_golden,0,0.309,cxx_add_to_sub:/mnt/scratch1/ardi/dsl_mut/HM-armc/mutation/lowered-cpp/lens_blur/lens_blur.halide_generated.cpp:5545:29
lens_blur,cxx_default_on_emitted_cpp,5eb72c8d,6,16,cxx_lt_to_le,lens_blur.halide_generated.cpp,3409,44,boilerplate,0,0,0,,,,0,16.734,cxx_lt_to_le:/mnt/scratch1/ardi/dsl_mut/HM-armc/mutation/lowered-cpp/lens_blur/lens_blur.halide_generated.cpp:3409:44
lens_blur,cxx_default_on_emitted_cpp,5eb72c8d,6,16,cxx_sub_to_add,lens_blur.halide_generated.cpp,10712,38,generator_specific,0,0,0,,,,0,15.444,cxx_sub_to_add:/mnt/scratch1/ardi/dsl_mut/HM-armc/mutation/lowered-cpp/lens_blur/lens_blur.halide_generated.cpp:10712:38
lens_blur,cxx_default_on_emitted_cpp,5eb72c8d,6,16,cxx_add_to_sub,lens_blur.halide_generated.cpp,7390,30,generator_specific,0,0,0,,,,0,15.482,cxx_add_to_sub:/mnt/scratch1/ardi/dsl_mut/HM-armc/mutation/lowered-cpp/lens_blur/lens_blur.halide_generated.cpp:7390:30
lens_blur,cxx_default_on_emitted_cpp,5eb72c8d,6,16,cxx_add_to_sub,lens_blur.halide_generated.cpp,3751,42,generator_specific,0,0,1,,,test2_golden,0,15.633,cxx_add_to_sub:/mnt/scratch1/ardi/dsl_mut/HM-armc/mutation/lowered-cpp/lens_blur/lens_blur.halide_generated.cpp:3751:42
lens_blur,cxx_default_on_emitted_cpp,5eb72c8d,6,16,cxx_mul_to_div,lens_blur.halide_generated.cpp,6986,29,generator_specific,0,0,0,,,,0,15.605,cxx_mul_to_div:/mnt/scratch1/ardi/dsl_mut/HM-armc/mutation/lowered-cpp/lens_blur/lens_blur.halide_generated.cpp:6986:29
lens_blur,cxx_default_on_emitted_cpp,5eb72c8d,6,16,cxx_add_to_sub,lens_blur.halide_generated.cpp,6419,28,generator_specific,0,0,0,,,,0,15.102,cxx_add_to_sub:/mnt/scratch1/ardi/dsl_mut/HM-armc/mutation/lowered-cpp/lens_blur/lens_blur.halide_generated.cpp:6419:28
lens_blur,cxx_default_on_emitted_cpp,5eb72c8d,6,16,cxx_replace_scalar_call,lens_blur.halide_generated.cpp,12872,20,generator_specific,0,0,0,,,,0,15.624,cxx_replace_scalar_call:/mnt/scratch1/ardi/dsl_mut/HM-armc/mutation/lowered-cpp/lens_blur/lens_blur.halide_generated.cpp:12872:20
lens_blur,cxx_default_on_emitted_cpp,5eb72c8d,6,16,cxx_add_to_sub,lens_blur.halide_generated.cpp,12568,24,generator_specific,0,0,0,,,,0,15.184,cxx_add_to_sub:/mnt/scratch1/ardi/dsl_mut/HM-armc/mutation/lowered-cpp/lens_blur/lens_blur.halide_generated.cpp:12568:24
lens_blur,cxx_default_on_emitted_cpp,5eb72c8d,6,16,cxx_mul_to_div,lens_blur.halide_generated.cpp,8342,32,generator_specific,0,0,0,,,,0,15.540,cxx_mul_to_div:/mnt/scratch1/ardi/dsl_mut/HM-armc/mutation/lowered-cpp/lens_blur/lens_blur.halide_generated.cpp:8342:32
lens_blur,cxx_default_on_emitted_cpp,5eb72c8d,6,16,cxx_post_inc_to_post_dec,lens_blur.halide_generated.cpp,4390,87,generator_specific,-11,1,1,,,test1_demo;test2_golden,0,0.055,cxx_post_inc_to_post_dec:/mnt/scratch1/ardi/dsl_mut/HM-armc/mutation/lowered-cpp/lens_blur/lens_blur.halide_generated.cpp:4390:87
lens_blur,cxx_default_on_emitted_cpp,5eb72c8d,6,16,cxx_sub_to_add,lens_blur.halide_generated.cpp,7770,30,generator_specific,0,0,0,,,,0,15.245,cxx_sub_to_add:/mnt/scratch1/ardi/dsl_mut/HM-armc/mutation/lowered-cpp/lens_blur/lens_blur.halide_generated.cpp:7770:30
lens_blur,cxx_default_on_emitted_cpp,5eb72c8d,6,16,cxx_add_to_sub,lens_blur.halide_generated.cpp,6995,30,generator_specific,0,0,0,,,,0,15.348,cxx_add_to_sub:/mnt/scratch1/ardi/dsl_mut/HM-armc/mutation/lowered-cpp/lens_blur/lens_blur.halide_generated.cpp:6995:30
lens_blur,cxx_default_on_emitted_cpp,5eb72c8d,6,16,cxx_mul_to_div,lens_blur.halide_generated.cpp,10008,36,generator_specific,0,0,1,,,test2_golden,0,15.188,cxx_mul_to_div:/mnt/scratch1/ardi/dsl_mut/HM-armc/mutation/lowered-cpp/lens_blur/lens_blur.halide_generated.cpp:10008:36
lens_blur,cxx_default_on_emitted_cpp,5eb72c8d,6,16,cxx_mul_to_div,lens_blur.halide_generated.cpp,4289,70,generator_specific,-6,1,1,,,test1_demo;test2_golden,0,0.059,cxx_mul_to_div:/mnt/scratch1/ardi/dsl_mut/HM-armc/mutation/lowered-cpp/lens_blur/lens_blur.halide_generated.cpp:4289:70
lens_blur,cxx_default_on_emitted_cpp,5eb72c8d,6,16,cxx_post_inc_to_post_dec,lens_blur.halide_generated.cpp,10026,82,generator_specific,-9,1,0,,,test1_demo,1,94.384,cxx_post_inc_to_post_dec:/mnt/scratch1/ardi/dsl_mut/HM-armc/mutation/lowered-cpp/lens_blur/lens_blur.halide_generated.cpp:10026:82
lens_blur,cxx_default_on_emitted_cpp,5eb72c8d,6,16,cxx_add_to_sub,lens_blur.halide_generated.cpp,9322,33,generator_specific,-6,1,1,,,test1_demo;test2_golden,0,0.376,cxx_add_to_sub:/mnt/scratch1/ardi/dsl_mut/HM-armc/mutation/lowered-cpp/lens_blur/lens_blur.halide_generated.cpp:9322:33
lens_blur,cxx_default_on_emitted_cpp,5eb72c8d,6,16,cxx_sub_to_add,lens_blur.halide_generated.cpp,4124,30,generator_specific,0,0,0,,,,0,16.172,cxx_sub_to_add:/mnt/scratch1/ardi/dsl_mut/HM-armc/mutation/lowered-cpp/lens_blur/lens_blur.halide_generated.cpp:4124:30
lens_blur,cxx_default_on_emitted_cpp,5eb72c8d,6,16,cxx_add_to_sub,lens_blur.halide_generated.cpp,14131,28,generator_specific,0,0,0,,,,0,16.097,cxx_add_to_sub:/mnt/scratch1/ardi/dsl_mut/HM-armc/mutation/lowered-cpp/lens_blur/lens_blur.halide_generated.cpp:14131:28
lens_blur,cxx_default_on_emitted_cpp,5eb72c8d,6,16,cxx_add_to_sub,lens_blur.halide_generated.cpp,5932,27,generator_specific,0,0,0,,,,0,15.741,cxx_add_to_sub:/mnt/scratch1/ardi/dsl_mut/HM-armc/mutation/lowered-cpp/lens_blur/lens_blur.halide_generated.cpp:5932:27
lens_blur,cxx_default_on_emitted_cpp,5eb72c8d,6,16,cxx_add_to_sub,lens_blur.halide_generated.cpp,7347,30,generator_specific,0,0,0,,,,0,15.329,cxx_add_to_sub:/mnt/scratch1/ardi/dsl_mut/HM-armc/mutation/lowered-cpp/lens_blur/lens_blur.halide_generated.cpp:7347:30
lens_blur,cxx_default_on_emitted_cpp,5eb72c8d,6,16,cxx_mul_to_div,lens_blur.halide_generated.cpp,4598,42,generator_specific,0,0,1,,,test2_golden,0,15.878,cxx_mul_to_div:/mnt/scratch1/ardi/dsl_mut/HM-armc/mutation/lowered-cpp/lens_blur/lens_blur.halide_generated.cpp:4598:42
lens_blur,cxx_default_on_emitted_cpp,5eb72c8d,6,16,cxx_add_to_sub,lens_blur.halide_generated.cpp,8268,33,generator_specific,0,0,0,,,,0,15.553,cxx_add_to_sub:/mnt/scratch1/ardi/dsl_mut/HM-armc/mutation/lowered-cpp/lens_blur/lens_blur.halide_generated.cpp:8268:33
lens_blur,cxx_default_on_emitted_cpp,5eb72c8d,6,16,cxx_lt_to_ge,lens_blur.halide_generated.cpp,4390,58,generator_specific,0,0,0,,,,0,16.066,cxx_lt_to_ge:/mnt/scratch1/ardi/dsl_mut/HM-armc/mutation/lowered-cpp/lens_blur/lens_blur.halide_generated.cpp:4390:58
lens_blur,cxx_default_on_emitted_cpp,5eb72c8d,6,16,cxx_add_to_sub,lens_blur.halide_generated.cpp,10474,37,generator_specific,-6,1,1,,,test1_demo;test2_golden,0,8.237,cxx_add_to_sub:/mnt/scratch1/ardi/dsl_mut/HM-armc/mutation/lowered-cpp/lens_blur/lens_blur.halide_generated.cpp:10474:37
lens_blur,cxx_default_on_emitted_cpp,5eb72c8d,6,16,cxx_sub_to_add,lens_blur.halide_generated.cpp,6578,28,generator_specific,0,0,0,,,,0,15.217,cxx_sub_to_add:/mnt/scratch1/ardi/dsl_mut/HM-armc/mutation/lowered-cpp/lens_blur/lens_blur.halide_generated.cpp:6578:28
lens_blur,cxx_default_on_emitted_cpp,5eb72c8d,6,16,cxx_add_to_sub,lens_blur.halide_generated.cpp,9110,34,generator_specific,0,0,1,,,test2_golden,0,15.158,cxx_add_to_sub:/mnt/scratch1/ardi/dsl_mut/HM-armc/mutation/lowered-cpp/lens_blur/lens_blur.halide_generated.cpp:9110:34
lens_blur,cxx_default_on_emitted_cpp,5eb72c8d,6,16,cxx_add_to_sub,lens_blur.halide_generated.cpp,6560,27,generator_specific,0,0,0,,,,0,15.079,cxx_add_to_sub:/mnt/scratch1/ardi/dsl_mut/HM-armc/mutation/lowered-cpp/lens_blur/lens_blur.halide_generated.cpp:6560:27
lens_blur,cxx_default_on_emitted_cpp,5eb72c8d,6,16,cxx_add_to_sub,lens_blur.halide_generated.cpp,11016,36,generator_specific,0,0,1,,,test2_golden,0,15.087,cxx_add_to_sub:/mnt/scratch1/ardi/dsl_mut/HM-armc/mutation/lowered-cpp/lens_blur/lens_blur.halide_generated.cpp:11016:36
lens_blur,cxx_default_on_emitted_cpp,5eb72c8d,6,16,cxx_sub_to_add,lens_blur.halide_generated.cpp,4339,30,generator_specific,0,0,0,,,,0,15.105,cxx_sub_to_add:/mnt/scratch1/ardi/dsl_mut/HM-armc/mutation/lowered-cpp/lens_blur/lens_blur.halide_generated.cpp:4339:30
lens_blur,cxx_default_on_emitted_cpp,5eb72c8d,6,16,cxx_mul_to_div,lens_blur.halide_generated.cpp,10432,37,generator_specific,0,0,0,,,,0,15.786,cxx_mul_to_div:/mnt/scratch1/ardi/dsl_mut/HM-armc/mutation/lowered-cpp/lens_blur/lens_blur.halide_generated.cpp:10432:37
lens_blur,cxx_default_on_emitted_cpp,5eb72c8d,6,16,cxx_add_to_sub,lens_blur.halide_generated.cpp,11314,39,generator_specific,0,0,0,,,,0,15.113,cxx_add_to_sub:/mnt/scratch1/ardi/dsl_mut/HM-armc/mutation/lowered-cpp/lens_blur/lens_blur.halide_generated.cpp:11314:39
lens_blur,cxx_default_on_emitted_cpp,5eb72c8d,6,16,cxx_add_to_sub,lens_blur.halide_generated.cpp,5364,26,generator_specific,-11,1,1,,,test1_demo;test2_golden,0,0.442,cxx_add_to_sub:/mnt/scratch1/ardi/dsl_mut/HM-armc/mutation/lowered-cpp/lens_blur/lens_blur.halide_generated.cpp:5364:26
lens_blur,cxx_default_on_emitted_cpp,5eb72c8d,6,16,cxx_add_to_sub,lens_blur.halide_generated.cpp,8477,31,generator_specific,0,0,0,,,,0,15.239,cxx_add_to_sub:/mnt/scratch1/ardi/dsl_mut/HM-armc/mutation/lowered-cpp/lens_blur/lens_blur.halide_generated.cpp:8477:31
lens_blur,cxx_default_on_emitted_cpp,5eb72c8d,6,16,cxx_sub_to_add,lens_blur.halide_generated.cpp,9837,36,generator_specific,0,0,0,,,,0,15.056,cxx_sub_to_add:/mnt/scratch1/ardi/dsl_mut/HM-armc/mutation/lowered-cpp/lens_blur/lens_blur.halide_generated.cpp:9837:36
lens_blur,cxx_default_on_emitted_cpp,5eb72c8d,6,16,cxx_sub_to_add,lens_blur.halide_generated.cpp,7212,28,generator_specific,0,0,0,,,,0,15.080,cxx_sub_to_add:/mnt/scratch1/ardi/dsl_mut/HM-armc/mutation/lowered-cpp/lens_blur/lens_blur.halide_generated.cpp:7212:28
lens_blur,cxx_default_on_emitted_cpp,5eb72c8d,6,16,cxx_add_to_sub,lens_blur.halide_generated.cpp,8296,32,generator_specific,0,0,0,,,,0,15.384,cxx_add_to_sub:/mnt/scratch1/ardi/dsl_mut/HM-armc/mutation/lowered-cpp/lens_blur/lens_blur.halide_generated.cpp:8296:32
lens_blur,cxx_default_on_emitted_cpp,5eb72c8d,6,16,cxx_remove_void_call,lens_blur.halide_generated.cpp,3629,2,generator_specific,0,0,0,,,,0,15.129,cxx_remove_void_call:/mnt/scratch1/ardi/dsl_mut/HM-armc/mutation/lowered-cpp/lens_blur/lens_blur.halide_generated.cpp:3629:2
lens_blur,cxx_default_on_emitted_cpp,5eb72c8d,6,16,cxx_add_to_sub,lens_blur.halide_generated.cpp,6635,28,generator_specific,0,0,0,,,,0,15.135,cxx_add_to_sub:/mnt/scratch1/ardi/dsl_mut/HM-armc/mutation/lowered-cpp/lens_blur/lens_blur.halide_generated.cpp:6635:28
lens_blur,cxx_default_on_emitted_cpp,5eb72c8d,6,16,cxx_replace_scalar_call,lens_blur.halide_generated.cpp,12707,18,generator_specific,0,0,0,,,,0,15.189,cxx_replace_scalar_call:/mnt/scratch1/ardi/dsl_mut/HM-armc/mutation/lowered-cpp/lens_blur/lens_blur.halide_generated.cpp:12707:18
lens_blur,cxx_default_on_emitted_cpp,5eb72c8d,6,16,cxx_mul_to_div,lens_blur.halide_generated.cpp,7191,28,generator_specific,0,0,0,,,,0,15.327,cxx_mul_to_div:/mnt/scratch1/ardi/dsl_mut/HM-armc/mutation/lowered-cpp/lens_blur/lens_blur.halide_generated.cpp:7191:28
lens_blur,cxx_default_on_emitted_cpp,5eb72c8d,6,16,cxx_sub_to_add,lens_blur.halide_generated.cpp,4236,29,generator_specific,0,0,0,,,,0,15.445,cxx_sub_to_add:/mnt/scratch1/ardi/dsl_mut/HM-armc/mutation/lowered-cpp/lens_blur/lens_blur.halide_generated.cpp:4236:29
lens_blur,cxx_default_on_emitted_cpp,5eb72c8d,6,16,cxx_add_to_sub,lens_blur.halide_generated.cpp,7311,33,generator_specific,0,0,0,,,,0,15.104,cxx_add_to_sub:/mnt/scratch1/ardi/dsl_mut/HM-armc/mutation/lowered-cpp/lens_blur/lens_blur.halide_generated.cpp:7311:33
lens_blur,cxx_default_on_emitted_cpp,5eb72c8d,6,16,cxx_add_to_sub,lens_blur.halide_generated.cpp,6731,27,generator_specific,0,0,0,,,,0,15.545,cxx_add_to_sub:/mnt/scratch1/ardi/dsl_mut/HM-armc/mutation/lowered-cpp/lens_blur/lens_blur.halide_generated.cpp:6731:27
lens_blur,cxx_default_on_emitted_cpp,5eb72c8d,6,16,cxx_add_to_sub,lens_blur.halide_generated.cpp,10911,39,generator_specific,0,0,0,,,,0,15.104,cxx_add_to_sub:/mnt/scratch1/ardi/dsl_mut/HM-armc/mutation/lowered-cpp/lens_blur/lens_blur.halide_generated.cpp:10911:39
lens_blur,cxx_default_on_emitted_cpp,5eb72c8d,6,16,cxx_add_to_sub,lens_blur.halide_generated.cpp,8648,31,generator_specific,0,0,0,,,,0,15.856,cxx_add_to_sub:/mnt/scratch1/ardi/dsl_mut/HM-armc/mutation/lowered-cpp/lens_blur/lens_blur.halide_generated.cpp:8648:31
lens_blur,cxx_default_on_emitted_cpp,5eb72c8d,6,16,cxx_remove_void_call,lens_blur.halide_generated.cpp,8466,11,generator_specific,0,0,1,,,test2_golden,0,15.219,cxx_remove_void_call:/mnt/scratch1/ardi/dsl_mut/HM-armc/mutation/lowered-cpp/lens_blur/lens_blur.halide_generated.cpp:8466:11
lens_blur,cxx_default_on_emitted_cpp,5eb72c8d,6,16,cxx_sub_to_add,lens_blur.halide_generated.cpp,6318,28,generator_specific,0,0,0,,,,0,15.250,cxx_sub_to_add:/mnt/scratch1/ardi/dsl_mut/HM-armc/mutation/lowered-cpp/lens_blur/lens_blur.halide_generated.cpp:6318:28
lens_blur,cxx_default_on_emitted_cpp,5eb72c8d,6,16,cxx_add_to_sub,lens_blur.halide_generated.cpp,10496,37,generator_specific,0,0,0,,,,0,15.748,cxx_add_to_sub:/mnt/scratch1/ardi/dsl_mut/HM-armc/mutation/lowered-cpp/lens_blur/lens_blur.halide_generated.cpp:10496:37
lens_blur,cxx_default_on_emitted_cpp,5eb72c8d,6,16,cxx_gt_to_ge,lens_blur.halide_generated.cpp,13877,28,generator_specific,0,0,0,,,,0,15.216,cxx_gt_to_ge:/mnt/scratch1/ardi/dsl_mut/HM-armc/mutation/lowered-cpp/lens_blur/lens_blur.halide_generated.cpp:13877:28
lens_blur,cxx_default_on_emitted_cpp,5eb72c8d,6,16,cxx_add_to_sub,lens_blur.halide_generated.cpp,8392,35,generator_specific,0,0,1,,,test2_golden,0,15.035,cxx_add_to_sub:/mnt/scratch1/ardi/dsl_mut/HM-armc/mutation/lowered-cpp/lens_blur/lens_blur.halide_generated.cpp:8392:35
lens_blur,cxx_default_on_emitted_cpp,5eb72c8d,6,16,cxx_add_to_sub,lens_blur.halide_generated.cpp,6061,27,generator_specific,0,0,0,,,,0,15.037,cxx_add_to_sub:/mnt/scratch1/ardi/dsl_mut/HM-armc/mutation/lowered-cpp/lens_blur/lens_blur.halide_generated.cpp:6061:27
lens_blur,cxx_default_on_emitted_cpp,5eb72c8d,6,16,cxx_add_to_sub,lens_blur.halide_generated.cpp,5640,27,generator_specific,0,0,0,,,,0,15.672,cxx_add_to_sub:/mnt/scratch1/ardi/dsl_mut/HM-armc/mutation/lowered-cpp/lens_blur/lens_blur.halide_generated.cpp:5640:27
lens_blur,cxx_default_on_emitted_cpp,5eb72c8d,6,16,cxx_add_to_sub,lens_blur.halide_generated.cpp,7826,34,generator_specific,0,0,0,,,,0,15.151,cxx_add_to_sub:/mnt/scratch1/ardi/dsl_mut/HM-armc/mutation/lowered-cpp/lens_blur/lens_blur.halide_generated.cpp:7826:34
lens_blur,cxx_default_on_emitted_cpp,5eb72c8d,6,16,cxx_sub_to_add,lens_blur.halide_generated.cpp,7547,30,generator_specific,0,0,0,,,,0,15.120,cxx_sub_to_add:/mnt/scratch1/ardi/dsl_mut/HM-armc/mutation/lowered-cpp/lens_blur/lens_blur.halide_generated.cpp:7547:30
lens_blur,cxx_default_on_emitted_cpp,5eb72c8d,6,16,cxx_lt_to_le,lens_blur.halide_generated.cpp,11463,52,generator_specific,0,0,0,,,,0,16.982,cxx_lt_to_le:/mnt/scratch1/ardi/dsl_mut/HM-armc/mutation/lowered-cpp/lens_blur/lens_blur.halide_generated.cpp:11463:52
lens_blur,cxx_default_on_emitted_cpp,5eb72c8d,6,16,cxx_mul_to_div,lens_blur.halide_generated.cpp,11197,38,generator_specific,0,0,0,,,,0,15.074,cxx_mul_to_div:/mnt/scratch1/ardi/dsl_mut/HM-armc/mutation/lowered-cpp/lens_blur/lens_blur.halide_generated.cpp:11197:38
lens_blur,cxx_default_on_emitted_cpp,5eb72c8d,6,16,cxx_add_to_sub,lens_blur.halide_generated.cpp,7712,29,generator_specific,0,0,0,,,,0,15.300,cxx_add_to_sub:/mnt/scratch1/ardi/dsl_mut/HM-armc/mutation/lowered-cpp/lens_blur/lens_blur.halide_generated.cpp:7712:29
lens_blur,cxx_default_on_emitted_cpp,5eb72c8d,6,16,cxx_add_to_sub,lens_blur.halide_generated.cpp,7095,29,generator_specific,0,0,0,,,,0,15.089,cxx_add_to_sub:/mnt/scratch1/ardi/dsl_mut/HM-armc/mutation/lowered-cpp/lens_blur/lens_blur.halide_generated.cpp:7095:29
lens_blur,cxx_default_on_emitted_cpp,5eb72c8d,6,16,cxx_mul_to_div,lens_blur.halide_generated.cpp,13798,26,generator_specific,0,0,0,,,,0,15.409,cxx_mul_to_div:/mnt/scratch1/ardi/dsl_mut/HM-armc/mutation/lowered-cpp/lens_blur/lens_blur.halide_generated.cpp:13798:26
lens_blur,cxx_default_on_emitted_cpp,5eb72c8d,6,16,cxx_add_to_sub,lens_blur.halide_generated.cpp,7207,28,generator_specific,0,0,0,,,,0,15.869,cxx_add_to_sub:/mnt/scratch1/ardi/dsl_mut/HM-armc/mutation/lowered-cpp/lens_blur/lens_blur.halide_generated.cpp:7207:28
lens_blur,cxx_default_on_emitted_cpp,5eb72c8d,6,16,cxx_add_to_sub,lens_blur.halide_generated.cpp,9902,37,generator_specific,0,0,1,,,test2_golden,0,14.892,cxx_add_to_sub:/mnt/scratch1/ardi/dsl_mut/HM-armc/mutation/lowered-cpp/lens_blur/lens_blur.halide_generated.cpp:9902:37
lens_blur,cxx_default_on_emitted_cpp,5eb72c8d,6,16,cxx_add_to_sub,lens_blur.halide_generated.cpp,4508,27,generator_specific,0,0,0,,,,0,15.176,cxx_add_to_sub:/mnt/scratch1/ardi/dsl_mut/HM-armc/mutation/lowered-cpp/lens_blur/lens_blur.halide_generated.cpp:4508:27
lens_blur,cxx_default_on_emitted_cpp,5eb72c8d,6,16,cxx_replace_scalar_call,lens_blur.halide_generated.cpp,11504,43,generator_specific,0,0,0,,,,0,15.670,cxx_replace_scalar_call:/mnt/scratch1/ardi/dsl_mut/HM-armc/mutation/lowered-cpp/lens_blur/lens_blur.halide_generated.cpp:11504:43
lens_blur,cxx_default_on_emitted_cpp,5eb72c8d,6,16,cxx_add_to_sub,lens_blur.halide_generated.cpp,3787,23,generator_specific,0,0,1,,,test2_golden,0,15.079,cxx_add_to_sub:/mnt/scratch1/ardi/dsl_mut/HM-armc/mutation/lowered-cpp/lens_blur/lens_blur.halide_generated.cpp:3787:23
lens_blur,cxx_default_on_emitted_cpp,5eb72c8d,6,16,cxx_add_to_sub,lens_blur.halide_generated.cpp,8383,33,generator_specific,0,0,0,,,,0,14.783,cxx_add_to_sub:/mnt/scratch1/ardi/dsl_mut/HM-armc/mutation/lowered-cpp/lens_blur/lens_blur.halide_generated.cpp:8383:33
lens_blur,cxx_default_on_emitted_cpp,5eb72c8d,6,16,cxx_add_to_sub,lens_blur.halide_generated.cpp,10358,38,generator_specific,0,0,0,,,,0,14.587,cxx_add_to_sub:/mnt/scratch1/ardi/dsl_mut/HM-armc/mutation/lowered-cpp/lens_blur/lens_blur.halide_generated.cpp:10358:38
lens_blur,cxx_default_on_emitted_cpp,5eb72c8d,6,16,cxx_gt_to_ge,lens_blur.halide_generated.cpp,9296,80,generator_specific,0,0,0,,,,0,15.125,cxx_gt_to_ge:/mnt/scratch1/ardi/dsl_mut/HM-armc/mutation/lowered-cpp/lens_blur/lens_blur.halide_generated.cpp:9296:80
lens_blur,cxx_default_on_emitted_cpp,5eb72c8d,6,16,cxx_add_to_sub,lens_blur.halide_generated.cpp,7377,33,generator_specific,0,0,0,,,,0,15.401,cxx_add_to_sub:/mnt/scratch1/ardi/dsl_mut/HM-armc/mutation/lowered-cpp/lens_blur/lens_blur.halide_generated.cpp:7377:33
lens_blur,cxx_default_on_emitted_cpp,5eb72c8d,6,16,cxx_mul_to_div,lens_blur.halide_generated.cpp,13139,25,generator_specific,0,0,0,,,,0,14.694,cxx_mul_to_div:/mnt/scratch1/ardi/dsl_mut/HM-armc/mutation/lowered-cpp/lens_blur/lens_blur.halide_generated.cpp:13139:25
lens_blur,cxx_default_on_emitted_cpp,5eb72c8d,6,16,cxx_add_to_sub,lens_blur.halide_generated.cpp,5270,24,generator_specific,0,0,0,,,,0,14.544,cxx_add_to_sub:/mnt/scratch1/ardi/dsl_mut/HM-armc/mutation/lowered-cpp/lens_blur/lens_blur.halide_generated.cpp:5270:24
lens_blur,cxx_default_on_emitted_cpp,5eb72c8d,6,16,cxx_mul_to_div,lens_blur.halide_generated.cpp,14118,56,generator_specific,0,0,0,,,,0,15.334,cxx_mul_to_div:/mnt/scratch1/ardi/dsl_mut/HM-armc/mutation/lowered-cpp/lens_blur/lens_blur.halide_generated.cpp:14118:56
lens_blur,cxx_default_on_emitted_cpp,5eb72c8d,6,16,cxx_add_to_sub,lens_blur.halide_generated.cpp,6401,29,generator_specific,0,0,0,,,,0,14.855,cxx_add_to_sub:/mnt/scratch1/ardi/dsl_mut/HM-armc/mutation/lowered-cpp/lens_blur/lens_blur.halide_generated.cpp:6401:29
lens_blur,cxx_default_on_emitted_cpp,5eb72c8d,6,16,cxx_add_to_sub,lens_blur.halide_generated.cpp,11097,39,generator_specific,0,0,1,,,test2_golden,0,14.655,cxx_add_to_sub:/mnt/scratch1/ardi/dsl_mut/HM-armc/mutation/lowered-cpp/lens_blur/lens_blur.halide_generated.cpp:11097:39
lens_blur,cxx_default_on_emitted_cpp,5eb72c8d,6,16,cxx_add_to_sub,lens_blur.halide_generated.cpp,13380,25,generator_specific,0,0,0,,,,0,13.948,cxx_add_to_sub:/mnt/scratch1/ardi/dsl_mut/HM-armc/mutation/lowered-cpp/lens_blur/lens_blur.halide_generated.cpp:13380:25
lens_blur,cxx_default_on_emitted_cpp,5eb72c8d,6,16,cxx_add_to_sub,lens_blur.halide_generated.cpp,14057,27,generator_specific,0,0,0,,,,0,14.734,cxx_add_to_sub:/mnt/scratch1/ardi/dsl_mut/HM-armc/mutation/lowered-cpp/lens_blur/lens_blur.halide_generated.cpp:14057:27
lens_blur,cxx_default_on_emitted_cpp,5eb72c8d,6,16,cxx_replace_scalar_call,lens_blur.halide_generated.cpp,12426,18,generator_specific,0,0,0,,,,0,14.748,cxx_replace_scalar_call:/mnt/scratch1/ardi/dsl_mut/HM-armc/mutation/lowered-cpp/lens_blur/lens_blur.halide_generated.cpp:12426:18
lens_blur,cxx_default_on_emitted_cpp,5eb72c8d,6,16,cxx_sub_to_add,lens_blur.halide_generated.cpp,11029,36,generator_specific,0,0,0,,,,0,15.033,cxx_sub_to_add:/mnt/scratch1/ardi/dsl_mut/HM-armc/mutation/lowered-cpp/lens_blur/lens_blur.halide_generated.cpp:11029:36
lens_blur,cxx_default_on_emitted_cpp,5eb72c8d,6,16,cxx_sub_to_add,lens_blur.halide_generated.cpp,13063,25,generator_specific,0,0,0,,,,0,13.919,cxx_sub_to_add:/mnt/scratch1/ardi/dsl_mut/HM-armc/mutation/lowered-cpp/lens_blur/lens_blur.halide_generated.cpp:13063:25
lens_blur,cxx_default_on_emitted_cpp,5eb72c8d,6,16,cxx_replace_scalar_call,lens_blur.halide_generated.cpp,12642,18,generator_specific,0,0,0,,,,0,12.098,cxx_replace_scalar_call:/mnt/scratch1/ardi/dsl_mut/HM-armc/mutation/lowered-cpp/lens_blur/lens_blur.halide_generated.cpp:12642:18
