app,arm,mull_commit,slice_index,slice_count,mutator,file,line,column,region,exit_code,test1_demo,test2_golden,test2_written,test3_perf,killed_by,timed_out,wall_seconds,mutant_key
lens_blur,cxx_default_on_emitted_cpp,5eb72c8d,14,16,cxx_post_inc_to_post_dec,lens_blur.halide_generated.cpp,4279,92,generator_specific,-11,1,1,,,test1_demo;test2_golden,0,0.042,cxx_post_inc_to_post_dec:/mnt/scratch1/ardi/dsl_mut/HM-armc/mutation/lowered-cpp/lens_blur/lens_blur.halide_generated.cpp:4279:92
lens_blur,cxx_default_on_emitted_cpp,5eb72c8d,14,16,cxx_eq_to_ne,lens_blur.halide_generated.cpp,13022,22,generator_specific,-6,1,1,,,test1_demo;test2_golden,0,0.016,cxx_eq_to_ne:/mnt/scratch1/ardi/dsl_mut/HM-armc/mutation/lowered-cpp/lens_blur/lens_blur.halide_generated.cpp:13022:22
lens_blur,cxx_default_on_emitted_cpp,5eb72c8d,14,16,cxx_post_inc_to_post_dec,lens_blur.halide_generated.cpp,8227,125,generator_specific,-11,1,1,,,test1_demo;test2_golden,0,0.193,cxx_post_inc_to_post_dec:/mnt/scratch1/ardi/dsl_mut/HM-armc/mutation/lowered-cpp/lens_blur/lens_blur.halide_generated.cpp:8227:125
lens_blur,cxx_default_on_emitted_cpp,5eb72c8d,14,16,cxx_add_to_sub,lens_blur.halide_generated.cpp,7520,31,generator_specific,-11,1,1,,,test1_demo;test2_golden,0,0.199,cxx_add_to_sub:/mnt/scratch1/ardi/dsl_mut/HM-armc/mutation/lowered-cpp/lens_blur/lens_blur.halide_generated.cpp:7520:31
lens_blur,cxx_default_on_emitted_cpp,5eb72c8d,14,16,cxx_add_to_sub,lens_blur.halide_generated.cpp,5422,29,generator_specific,-11,1,1,,,test1_demo;test2_golden,0,0.228,cxx_add_to_sub:/mnt/scratch1/ardi/dsl_mut/HM-armc/mutation/lowered-cpp/lens_blur/lens_blur.halide_generated.cpp:5422:29
lens_blur,cxx_default_on_emitted_cpp,5eb72c8d,14,16,cxx_lt_to_ge,lens_blur.halide_generated.cpp,7789,73,generator_specific,-11,1,1,,,test1_demo;test2_golden,0,0.212,cxx_lt_to_ge:/mnt/scratch1/ardi/dsl_mut/HM-armc/mutation/lowered-cpp/lens_blur/lens_blur.halide_generated.cpp:7789:73
lens_blur,cxx_default_on_emitted_cpp,5eb72c8d,14,16,cxx_add_to_sub,lens_blur.halide_generated.cpp,3739,22,generator_specific,-11,1,1,,,test1_demo;test2_golden,0,0.011,cxx_add_to_sub:/mnt/scratch1/ardi/dsl_mut/HM-armc/mutation/lowered-cpp/lens_blur/lens_blur.halide_generated.cpp:3739:22
lens_blur,cxx_default_on_emitted_cpp,5eb72c8d,14,16,cxx_gt_to_le,lens_blur.halide_generated.cpp,14118,17,generator_specific,-6,1,1,,,test1_demo;test2_golden,0,0.276,cxx_gt_to_le:/mnt/scratch1/ardi/dsl_mut/HM-armc/mutation/lowered-cpp/lens_blur/lens_blur.halide_generated.cpp:14118:17
lens_blur,cxx_default_on_emitted_cpp,5eb72c8d,14,16,cxx_add_to_sub,lens_blur.halide_generated.cpp,4642,28,generator_specific,-11,1,1,,,test1_demo;test2_golden,0,0.038,cxx_add_to_sub:/mnt/scratch1/ardi/dsl_mut/HM-armc/mutation/lowered-cpp/lens_blur/lens_blur.halide_generated.cpp:4642:28
lens_blur,cxx_default_on_emitted_cpp,5eb72c8d,14,16,cxx_mul_to_div,lens_blur.halide_generated.cpp,11483,25,generator_specific,-8,1,1,,,test1_demo;test2_golden,0,0.307,cxx_mul_to_div:/mnt/scratch1/ardi/dsl_mut/HM-armc/mutation/lowered-cpp/lens_blur/lens_blur.halide_generated.cpp:11483:25
lens_blur,cxx_default_on_emitted_cpp,5eb72c8d,14,16,cxx_add_to_sub,lens_blur.halide_generated.cpp,6182,30,generator_specific,-11,1,1,,,test1_demo;test2_golden,0,0.312,cxx_add_to_sub:/mnt/scratch1/ardi/dsl_mut/HM-armc/mutation/lowered-cpp/lens_blur/lens_blur.halide_generated.cpp:6182:30
lens_blur,cxx_default_on_emitted_cpp,5eb72c8d,14,16,cxx_sub_to_add,lens_blur.halide_generated.cpp,7904,31,generator_specific,-11,1,1,,,test1_demo;test2_golden,0,0.198,cxx_sub_to_add:/mnt/scratch1/ardi/dsl_mut/HM-armc/mutation/lowered-cpp/lens_blur/lens_blur.halide_generated.cpp:7904:31
lens_blur,cxx_default_on_emitted_cpp,5eb72c8d,14,16,cxx_gt_to_le,lens_blur.halide_generated.cpp,11999,15,generator_specific,-6,1,1,,,test1_demo;test2_golden,0,0.388,cxx_gt_to_le:/mnt/scratch1/ardi/dsl_mut/HM-armc/mutation/lowered-cpp/lens_blur/lens_blur.halide_generated.cpp:11999:15
lens_blur,cxx_default_on_emitted_cpp,5eb72c8d,14,16,cxx_add_to_sub,lens_blur.halide_generated.cpp,4712,44,generator_specific,0,0,0,,,,0,12.451,cxx_add_to_sub:/mnt/scratch1/ardi/dsl_mut/HM-armc/mutation/lowered-cpp/lens_blur/lens_blur.halide_generated.cpp:4712:44
lens_blur,cxx_default_on_emitted_cpp,5eb72c8d,14,16,cxx_add_to_sub,lens_blur.halide_generated.cpp,9359,35,generator_specific,0,0,0,,,,0,12.602,cxx_add_to_sub:/mnt/scratch1/ardi/dsl_mut/HM-armc/mutation/lowered-cpp/lens_blur/lens_blur.halide_generated.cpp:9359:35
lens_blur,cxx_default_on_emitted_cpp,5eb72c8d,14,16,cxx_mul_to_div,lens_blur.halide_generated.cpp,11250,38,generator_specific,0,0,0,,,,0,12.626,cxx_mul_to_div:/mnt/scratch1/ardi/dsl_mut/HM-armc/mutation/lowered-cpp/lens_blur/lens_blur.halide_generated.cpp:11250:38
lens_blur,cxx_default_on_emitted_cpp,5eb72c8d,14,16,cxx_add_to_sub,lens_blur.halide_generated.cpp,7006,29,generator_specific,0,0,0,,,,0,12.646,cxx_add_to_sub:/mnt/scratch1/ardi/dsl_mut/HM-armc/mutation/lowered-cpp/lens_blur/lens_blur.halide_generated.cpp:7006:29
lens_blur,cxx_default_on_emitted_cpp,5eb72c8d,14,16,cxx_add_to_sub,lens_blur.halide_generated.cpp,7586,31,generator_specific,0,0,0,,,,0,12.689,cxx_add_to_sub:/mnt/scratch1/ardi/dsl_mut/HM-armc/mutation/lowered-cpp/lens_blur/lens_blur.halide_generated.cpp:7586:31
lens_blur,cxx_default_on_emitted_cpp,5eb72c8d,14,16,cxx_add_to_sub,lens_blur.halide_generated.cpp,10986,39,generator_specific,0,0,0,,,,0,12.733,cxx_add_to_sub:/mnt/scratch1/ardi/dsl_mut/HM-armc/mutation/lowered-cpp/lens_blur/lens_blur.halide_generated.cpp:10986:39
lens_blur,cxx_default_on_emitted_cpp,5eb72c8d,14,16,cxx_add_to_sub,lens_blur.halide_generated.cpp,11331,38,generator_specific,0,0,0,,,,0,12.742,cxx_add_to_sub:/mnt/scratch1/ardi/dsl_mut/HM-armc/mutation/lowered-cpp/lens_blur/lens_blur.halide_generated.cpp:11331:38
lens_blur,cxx_default_on_emitted_cpp,5eb72c8d,14,16,cxx_eq_to_ne,lens_blur.halide_generated.cpp,6769,51,generator_specific,0,0,0,,,,0,12.716,cxx_eq_to_ne:/mnt/scratch1/ardi/dsl_mut/HM-armc/mutation/lowered-cpp/lens_blur/lens_blur.halide_generated.cpp:6769:51
lens_blur,cxx_default_on_emitted_cpp,5eb72c8d,14,16,cxx_mul_to_div,lens_blur.halide_generated.cpp,10339,37,generator_specific,0,0,0,,,,0,12.703,cxx_mul_to_div:/mnt/scratch1/ardi/dsl_mut/HM-armc/mutation/lowered-cpp/lens_blur/lens_blur.halide_generated.cpp:10339:37
lens_blur,cxx_default_on_emitted_cpp,5eb72c8d,14,16,cxx_add_to_sub,lens_blur.halide_generated.cpp,14395,28,generator_specific,0,0,0,,,,0,12.697,cxx_add_to_sub:/mnt/scratch1/ardi/dsl_mut/HM-armc/mutation/lowered-cpp/lens_blur/lens_blur.halide_generated.cpp:14395:28
lens_blur,cxx_default_on_emitted_cpp,5eb72c8d,14,16,cxx_mul_to_div,lens_blur.halide_generated.cpp,10075,36,generator_specific,0,0,0,,,,0,12.734,cxx_mul_to_div:/mnt/scratch1/ardi/dsl_mut/HM-armc/mutation/lowered-cpp/lens_blur/lens_blur.halide_generated.cpp:10075:36
lens_blur,cxx_default_on_emitted_cpp,5eb72c8d,14,16,cxx_add_to_sub,lens_blur.halide_generated.cpp,10933,39,generator_specific,0,0,0,,,,0,12.770,cxx_add_to_sub:/mnt/scratch1/ardi/dsl_mut/HM-armc/mutation/lowered-cpp/lens_blur/lens_blur.halide_generated.cpp:10933:39
lens_blur,cxx_default_on_emitted_cpp,5eb72c8d,14,16,cxx_mul_to_div,lens_blur.halide_generated.cpp,14516,29,generator_specific,0,0,0,,,,0,12.782,cxx_mul_to_div:/mnt/scratch1/ardi/dsl_mut/HM-armc/mutation/lowered-cpp/lens_blur/lens_blur.halide_generated.cpp:14516:29
lens_blur,cxx_default_on_emitted_cpp,5eb72c8d,14,16,cxx_mul_to_div,lens_blur.halide_generated.cpp,7367,30,generator_specific,0,0,0,,,,0,12.833,cxx_mul_to_div:/mnt/scratch1/ardi/dsl_mut/HM-armc/mutation/lowered-cpp/lens_blur/lens_blur.halide_generated.cpp:7367:30
lens_blur,cxx_default_on_emitted_cpp,5eb72c8d,14,16,cxx_mul_to_div,lens_blur.halide_generated.cpp,10127,36,generator_specific,0,0,0,,,,0,12.812,cxx_mul_to_div:/mnt/scratch1/ardi/dsl_mut/HM-armc/mutation/lowered-cpp/lens_blur/lens_blur.halide_generated.cpp:10127:36
lens_blur,cxx_default_on_emitted_cpp,5eb72c8d,14,16,cxx_add_to_sub,lens_blur.halide_generated.cpp,7453,30,generator_specific,0,0,0,,,,0,12.887,cxx_add_to_sub:/mnt/scratch1/ardi/dsl_mut/HM-armc/mutation/lowered-cpp/lens_blur/lens_blur.halide_generated.cpp:7453:30
lens_blur,cxx_default_on_emitted_cpp,5eb72c8d,14,16,cxx_add_to_sub,lens_blur.halide_generated.cpp,9655,36,generator_specific,0,0,0,,,,0,12.668,cxx_add_to_sub:/mnt/scratch1/ardi/dsl_mut/HM-armc/mutation/lowered-cpp/lens_blur/lens_blur.halide_generated.cpp:9655:36
lens_blur,cxx_default_on_emitted_cpp,5eb72c8d,14,16,cxx_add_to_sub,lens_blur.halide_generated.cpp,10276,37,generator_specific,0,0,0,,,,0,12.885,cxx_add_to_sub:/mnt/scratch1/ardi/dsl_mut/HM-armc/mutation/lowered-cpp/lens_blur/lens_blur.halide_generated.cpp:10276:37
lens_blur,cxx_default_on_emitted_cpp,5eb72c8d,14,16,cxx_sub_to_add,lens_blur.halide_generated.cpp,5826,27,generator_specific,0,0,0,,,,0,12.901,cxx_sub_to_add:/mnt/scratch1/ardi/dsl_mut/HM-armc/mutation/lowered-cpp/lens_blur/lens_blur.halide_generated.cpp:5826:27
lens_blur,cxx_default_on_emitted_cpp,5eb72c8d,14,16,cxx_add_to_sub,lens_blur.halide_generated.cpp,6977,30,generator_specific,0,0,0,,,,0,12.900,cxx_add_to_sub:/mnt/scratch1/ardi/dsl_mut/HM-armc/mutation/lowered-cpp/lens_blur/lens_blur.halide_generated.cpp:6977:30
lens_blur,cxx_default_on_emitted_cpp,5eb72c8d,14,16,cxx_add_to_sub,lens_blur.halide_generated.cpp,8780,32,generator_specific,0,0,0,,,,0,12.935,cxx_add_to_sub:/mnt/scratch1/ardi/dsl_mut/HM-armc/mutation/lowered-cpp/lens_blur/lens_blur.halide_generated.cpp:8780:32
lens_blur,cxx_default_on_emitted_cpp,5eb72c8d,14,16,cxx_add_to_sub,lens_blur.halide_generated.cpp,9228,32,generator_specific,0,0,0,,,,0,12.903,cxx_add_to_sub:/mnt/scratch1/ardi/dsl_mut/HM-armc/mutation/lowered-cpp/lens_blur/lens_blur.halide_generated.cpp:9228:32
lens_blur,cxx_default_on_emitted_cpp,5eb72c8d,14,16,cxx_add_to_sub,lens_blur.halide_generated.cpp,14079,27,generator_specific,0,0,0,,,,0,12.955,cxx_add_to_sub:/mnt/scratch1/ardi/dsl_mut/HM-armc/mutation/lowered-cpp/lens_blur/lens_blur.halide_generated.cpp:14079:27
lens_blur,cxx_default_on_emitted_cpp,5eb72c8d,14,16,cxx_add_to_sub,lens_blur.halide_generated.cpp,7666,29,generator_specific,0,0,0,,,,0,12.972,cxx_add_to_sub:/mnt/scratch1/ardi/dsl_mut/HM-armc/mutation/lowered-cpp/lens_blur/lens_blur.halide_generated.cpp:7666:29
lens_blur,cxx_default_on_emitted_cpp,5eb72c8d,14,16,cxx_sub_to_add,lens_blur.halide_generated.cpp,5488,27,generator_specific,0,0,0,,,,0,12.965,cxx_sub_to_add:/mnt/scratch1/ardi/dsl_mut/HM-armc/mutation/lowered-cpp/lens_blur/lens_blur.halide_generated.cpp:5488:27
lens_blur,cxx_default_on_emitted_cpp,5eb72c8d,14,16,cxx_add_to_sub,lens_blur.halide_generated.cpp,6028,28,generator_specific,0,0,0,,,,0,12.989,cxx_add_to_sub:/mnt/scratch1/ardi/dsl_mut/HM-armc/mutation/lowered-cpp/lens_blur/lens_blur.halide_generated.cpp:6028:28
lens_blur,cxx_default_on_emitted_cpp,5eb72c8d,14,16,cxx_mul_to_div,lens_blur.halide_generated.cpp,9174,34,generator_specific,0,0,0,,,,0,13.007,cxx_mul_to_div:/mnt/scratch1/ardi/dsl_mut/HM-armc/mutation/lowered-cpp/lens_blur/lens_blur.halide_generated.cpp:9174:34
lens_blur,cxx_default_on_emitted_cpp,5eb72c8d,14,16,cxx_add_to_sub,lens_blur.halide_generated.cpp,12052,26,generator_specific,0,0,1,,,test2_golden,0,13.046,cxx_add_to_sub:/mnt/scratch1/ardi/dsl_mut/HM-armc/mutation/lowered-cpp/lens_blur/lens_blur.halide_generated.cpp:12052:26
lens_blur,cxx_default_on_emitted_cpp,5eb72c8d,14,16,cxx_mul_to_div,lens_blur.halide_generated.cpp,5469,26,generator_specific,0,0,0,,,,0,13.012,cxx_mul_to_div:/mnt/scratch1/ardi/dsl_mut/HM-armc/mutation/lowered-cpp/lens_blur/lens_blur.halide_generated.cpp:5469:26
lens_blur,cxx_default_on_emitted_cpp,5eb72c8d,14,16,cxx_le_to_lt,lens_blur.halide_generated.cpp,12915,22,generator_specific,0,0,1,,,test2_golden,0,0.038,cxx_le_to_lt:/mnt/scratch1/ardi/dsl_mut/HM-armc/mutation/lowered-cpp/lens_blur/lens_blur.halide_generated.cpp:12915:22
lens_blur,cxx_default_on_emitted_cpp,5eb72c8d,14,16,cxx_mul_to_div,lens_blur.halide_generated.cpp,9899,36,generator_specific,0,0,0,,,,0,13.033,cxx_mul_to_div:/mnt/scratch1/ardi/dsl_mut/HM-armc/mutation/lowered-cpp/lens_blur/lens_blur.halide_generated.cpp:9899:36
lens_blur,cxx_default_on_emitted_cpp,5eb72c8d,14,16,cxx_add_to_sub,lens_blur.halide_generated.cpp,9126,35,generator_specific,0,0,1,,,test2_golden,0,13.060,cxx_add_to_sub:/mnt/scratch1/ardi/dsl_mut/HM-armc/mutation/lowered-cpp/lens_blur/lens_blur.halide_generated.cpp:9126:35
lens_blur,cxx_default_on_emitted_cpp,5eb72c8d,14,16,cxx_mul_to_div,lens_blur.halide_generated.cpp,4290,54,generator_specific,0,0,0,,,,0,13.083,cxx_mul_to_div:/mnt/scratch1/ardi/dsl_mut/HM-armc/mutation/lowered-cpp/lens_blur/lens_blur.halide_generated.cpp:4290:54
lens_blur,cxx_default_on_emitted_cpp,5eb72c8d,14,16,cxx_mul_to_div,lens_blur.halide_generated.cpp,8816,32,generator_specific,0,0,0,,,,0,13.077,cxx_mul_to_div:/mnt/scratch1/ardi/dsl_mut/HM-armc/mutation/lowered-cpp/lens_blur/lens_blur.halide_generated.cpp:8816:32
lens_blur,cxx_default_on_emitted_cpp,5eb72c8d,14,16,cxx_mul_to_div,lens_blur.halide_generated.cpp,9490,35,generator_specific,0,0,0,,,,0,13.092,cxx_mul_to_div:/mnt/scratch1/ardi/dsl_mut/HM-armc/mutation/lowered-cpp/lens_blur/lens_blur.halide_generated.cpp:9490:35
lens_blur,cxx_default_on_emitted_cpp,5eb72c8d,14,16,cxx_add_to_sub,lens_blur.halide_generated.cpp,4148,30,generator_specific,-11,1,1,,,test1_demo;test2_golden,0,0.017,cxx_add_to_sub:/mnt/scratch1/ardi/dsl_mut/HM-armc/mutation/lowered-cpp/lens_blur/lens_blur.halide_generated.cpp:4148:30
lens_blur,cxx_default_on_emitted_cpp,5eb72c8d,14,16,cxx_sub_to_add,lens_blur.halide_generated.cpp,10670,37,generator_specific,0,0,0,,,,0,13.115,cxx_sub_to_add:/mnt/scratch1/ardi/dsl_mut/HM-armc/mutation/lowered-cpp/lens_blur/lens_blur.halide_generated.cpp:10670:37
lens_blur,cxx_default_on_emitted_cpp,5eb72c8d,14,16,cxx_add_to_sub,lens_blur.halide_generated.cpp,4658,23,generator_specific,0,0,0,,,,0,13.127,cxx_add_to_sub:/mnt/scratch1/ardi/dsl_mut/HM-armc/mutation/lowered-cpp/lens_blur/lens_blur.halide_generated.cpp:4658:23
lens_blur,cxx_default_on_emitted_cpp,5eb72c8d,14,16,cxx_add_to_sub,lens_blur.halide_generated.cpp,6360,29,generator_specific,0,0,0,,,,0,12.883,cxx_add_to_sub:/mnt/scratch1/ardi/dsl_mut/HM-armc/mutation/lowered-cpp/lens_blur/lens_blur.halide_generated.cpp:6360:29
lens_blur,cxx_default_on_emitted_cpp,5eb72c8d,14,16,cxx_mul_to_div,lens_blur.halide_generated.cpp,9371,35,generator_specific,0,0,0,,,,0,13.174,cxx_mul_to_div:/mnt/scratch1/ardi/dsl_mut/HM-armc/mutation/lowered-cpp/lens_blur/lens_blur.halide_generated.cpp:9371:35
lens_blur,cxx_default_on_emitted_cpp,5eb72c8d,14,16,cxx_gt_to_ge,lens_blur.halide_generated.cpp,13412,72,generator_specific,0,0,0,,,,0,13.154,cxx_gt_to_ge:/mnt/scratch1/ardi/dsl_mut/HM-armc/mutation/lowered-cpp/lens_blur/lens_blur.halide_generated.cpp:13412:72
lens_blur,cxx_default_on_emitted_cpp,5eb72c8d,14,16,cxx_add_to_sub,lens_blur.halide_generated.cpp,8865,32,generator_specific,0,0,0,,,,0,13.144,cxx_add_to_sub:/mnt/scratch1/ardi/dsl_mut/HM-armc/mutation/lowered-cpp/lens_blur/lens_blur.halide_generated.cpp:8865:32
lens_blur,cxx_default_on_emitted_cpp,5eb72c8d,14,16,cxx_add_to_sub,lens_blur.halide_generated.cpp,5191,24,generator_specific,0,0,0,,,,0,13.215,cxx_add_to_sub:/mnt/scratch1/ardi/dsl_mut/HM-armc/mutation/lowered-cpp/lens_blur/lens_blur.halide_generated.cpp:5191:24
lens_blur,cxx_default_on_emitted_cpp,5eb72c8d,14,16,cxx_mul_to_div,lens_blur.halide_generated.cpp,6562,27,generator_specific,0,0,0,,,,0,13.182,cxx_mul_to_div:/mnt/scratch1/ardi/dsl_mut/HM-armc/mutation/lowered-cpp/lens_blur/lens_blur.halide_generated.cpp:6562:27
lens_blur,cxx_default_on_emitted_cpp,5eb72c8d,14,16,cxx_add_to_sub,lens_blur.halide_generated.cpp,11173,38,generator_specific,0,0,1,,,test2_golden,0,12.971,cxx_add_to_sub:/mnt/scratch1/ardi/dsl_mut/HM-armc/mutation/lowered-cpp/lens_blur/lens_blur.halide_generated.cpp:11173:38
lens_blur,cxx_default_on_emitted_cpp,5eb72c8d,14,16,cxx_add_to_sub,lens_blur.halide_generated.cpp,13789,26,generator_specific,0,0,0,,,,0,13.227,cxx_add_to_sub:/mnt/scratch1/ardi/dsl_mut/HM-armc/mutation/lowered-cpp/lens_blur/lens_blur.halide_generated.cpp:13789:26
lens_blur,cxx_default_on_emitted_cpp,5eb72c8d,14,16,cxx_add_to_sub,lens_blur.halide_generated.cpp,5646,29,generator_specific,-11,1,1,,,test1_demo;test2_golden,0,0.286,cxx_add_to_sub:/mnt/scratch1/ardi/dsl_mut/HM-armc/mutation/lowered-cpp/lens_blur/lens_blur.halide_generated.cpp:5646:29
lens_blur,cxx_default_on_emitted_cpp,5eb72c8d,14,16,cxx_add_to_sub,lens_blur.halide_generated.cpp,7702,28,generator_specific,0,0,0,,,,0,13.343,cxx_add_to_sub:/mnt/scratch1/ardi/dsl_mut/HM-armc/mutation/lowered-cpp/lens_blur/lens_blur.halide_generated.cpp:7702:28
lens_blur,cxx_default_on_emitted_cpp,5eb72c8d,14,16,cxx_le_to_gt,lens_blur.halide_generated.cpp,12875,22,generator_specific,0,0,1,,,test2_golden,0,0.033,cxx_le_to_gt:/mnt/scratch1/ardi/dsl_mut/HM-armc/mutation/lowered-cpp/lens_blur/lens_blur.halide_generated.cpp:12875:22
lens_blur,cxx_default_on_emitted_cpp,5eb72c8d,14,16,cxx_add_to_sub,lens_blur.halide_generated.cpp,6456,29,generator_specific,0,0,0,,,,0,13.395,cxx_add_to_sub:/mnt/scratch1/ardi/dsl_mut/HM-armc/mutation/lowered-cpp/lens_blur/lens_blur.halide_generated.cpp:6456:29
lens_blur,cxx_default_on_emitted_cpp,5eb72c8d,14,16,cxx_add_to_sub,lens_blur.halide_generated.cpp,9946,37,generator_specific,0,0,0,,,,0,13.440,cxx_add_to_sub:/mnt/scratch1/ardi/dsl_mut/HM-armc/mutation/lowered-cpp/lens_blur/lens_blur.halide_generated.cpp:9946:37
lens_blur,cxx_default_on_emitted_cpp,5eb72c8d,14,16,cxx_sub_to_add,lens_blur.halide_generated.cpp,7534,29,generator_specific,-6,1,1,,,test1_demo;test2_golden,0,0.288,cxx_sub_to_add:/mnt/scratch1/ardi/dsl_mut/HM-armc/mutation/lowered-cpp/lens_blur/lens_blur.halide_generated.cpp:7534:29
lens_blur,cxx_default_on_emitted_cpp,5eb72c8d,14,16,cxx_mul_to_div,lens_blur.halide_generated.cpp,8298,32,generator_specific,0,0,0,,,,0,13.609,cxx_mul_to_div:/mnt/scratch1/ardi/dsl_mut/HM-armc/mutation/lowered-cpp/lens_blur/lens_blur.halide_generated.cpp:8298:32
lens_blur,cxx_default_on_emitted_cpp,5eb72c8d,14,16,cxx_replace_scalar_call,lens_blur.halide_generated.cpp,12677,18,generator_specific,0,0,0,,,,0,13.706,cxx_replace_scalar_call:/mnt/scratch1/ardi/dsl_mut/HM-armc/mutation/lowered-cpp/lens_blur/lens_blur.halide_generated.cpp:12677:18
lens_blur,cxx_default_on_emitted_cpp,5eb72c8d,14,16,cxx_add_to_sub,lens_blur.halide_generated.cpp,9154,34,generator_specific,0,0,0,,,,0,13.645,cxx_add_to_sub:/mnt/scratch1/ardi/dsl_mut/HM-armc/mutation/lowered-cpp/lens_blur/lens_blur.halide_generated.cpp:9154:34
lens_blur,cxx_default_on_emitted_cpp,5eb72c8d,14,16,cxx_add_to_sub,lens_blur.halide_generated.cpp,7883,31,generator_specific,0,0,0,,,,0,13.879,cxx_add_to_sub:/mnt/scratch1/ardi/dsl_mut/HM-armc/mutation/lowered-cpp/lens_blur/lens_blur.halide_generated.cpp:7883:31
lens_blur,cxx_default_on_emitted_cpp,5eb72c8d,14,16,cxx_gt_to_le,lens_blur.halide_generated.cpp,10627,83,generator_specific,-6,1,1,,,test1_demo;test2_golden,0,0.329,cxx_gt_to_le:/mnt/scratch1/ardi/dsl_mut/HM-armc/mutation/lowered-cpp/lens_blur/lens_blur.halide_generated.cpp:10627:83
lens_blur,cxx_default_on_emitted_cpp,5eb72c8d,14,16,cxx_add_to_sub,lens_blur.halide_generated.cpp,5536,27,generator_specific,0,0,0,,,,0,13.529,cxx_add_to_sub:/mnt/scratch1/ardi/dsl_mut/HM-armc/mutation/lowered-cpp/lens_blur/lens_blur.halide_generated.cpp:5536:27
lens_blur,cxx_default_on_emitted_cpp,5eb72c8d,14,16,cxx_add_to_sub,lens_blur.halide_generated.cpp,5575,26,generator_specific,0,0,0,,,,0,13.718,cxx_add_to_sub:/mnt/scratch1/ardi/dsl_mut/HM-armc/mutation/lowered-cpp/lens_blur/lens_blur.halide_generated.cpp:5575:26
lens_blur,cxx_default_on_emitted_cpp,5eb72c8d,14,16,cxx_add_to_sub,lens_blur.halide_generated.cpp,10350,38,generator_specific,0,0,0,,,,0,13.485,cxx_add_to_sub:/mnt/scratch1/ardi/dsl_mut/HM-armc/mutation/lowered-cpp/lens_blur/lens_blur.halide_generated.cpp:10350:38
lens_blur,cxx_default_on_emitted_cpp,5eb72c8d,14,16,cxx_add_to_sub,lens_blur.halide_generated.cpp,13913,27,generator_specific,0,0,0,,,,0,11.926,cxx_add_to_sub:/mnt/scratch1/ardi/dsl_mut/HM-armc/mutation/lowered-cpp/lens_blur/lens_blur.halide_generated.cpp:13913:27
lens_blur,cxx_default_on_emitted_cpp,5eb72c8d,14,16,cxx_mul_to_div,lens_blur.halide_generated.cpp,6760,74,generator_specific,0,0,0,,,,0,12.727,cxx_mul_to_div:/mnt/scratch1/ardi/dsl_mut/HM-armc/mutation/lowered-cpp/lens_blur/lens_blur.halide_generated.cpp:6760:74
lens_blur,cxx_default_on_emitted_cpp,5eb72c8d,14,16,cxx_add_to_sub,lens_blur.halide_generated.cpp,6492,29,generator_specific,0,0,0,,,,0,12.894,cxx_add_to_sub:/mnt/scratch1/ardi/dsl_mut/HM-armc/mutation/lowered-cpp/lens_blur/lens_blur.halide_generated.cpp:6492:29
lens_blur,cxx_default_on_emitted_cpp,5eb72c8d,14,16,cxx_add_to_sub,lens_blur.halide_generated.cpp,9285,33,generator_specific,0,0,0,,,,0,12.843,cxx_add_to_sub:/mnt/scratch1/ardi/dsl_mut/HM-armc/mutation/lowered-cpp/lens_blur/lens_blur.halide_generated.cpp:9285:33
lens_blur,cxx_default_on_emitted_cpp,5eb72c8d,14,16,cxx_add_to_sub,lens_blur.halide_generated.cpp,8897,33,generator_specific,0,0,0,,,,0,12.958,cxx_add_to_sub:/mnt/scratch1/ardi/dsl_mut/HM-armc/mutation/lowered-cpp/lens_blur/lens_blur.halide_generated.cpp:8897:33
lens_blur,cxx_default_on_emitted_cpp,5eb72c8d,14,16,cxx_sub_to_add,lens_blur.halide_generated.cpp,14426,29,generator_specific,0,0,0,,,,0,12.796,cxx_sub_to_add:/mnt/scratch1/ardi/dsl_mut/HM-armc/mutation/lowered-cpp/lens_blur/lens_blur.halide_generated.cpp:14426:29
lens_blur,cxx_default_on_emitted_cpp,5eb72c8d,14,16,cxx_mul_to_div,lens_blur.halide_generated.cpp,4616,30,generator_specific,0,0,0,,,,0,12.866,cxx_mul_to_div:/mnt/scratch1/ardi/dsl_mut/HM-armc/mutation/lowered-cpp/lens_blur/lens_blur.halide_generated.cpp:4616:30
lens_blur,cxx_default_on_emitted_cpp,5eb72c8d,14,16,cxx_add_to_sub,lens_blur.halide_generated.cpp,5805,26,generator_specific,0,0,0,,,,0,12.839,cxx_add_to_sub:/mnt/scratch1/ardi/dsl_mut/HM-armc/mutation/lowered-cpp/lens_blur/lens_blur.halide_generated.cpp:5805:26
lens_blur,cxx_default_on_emitted_cpp,5eb72c8d,14,16,cxx_sub_to_add,lens_blur.halide_generated.cpp,6248,26,generator_specific,0,0,0,,,,0,13.104,cxx_sub_to_add:/mnt/scratch1/ardi/dsl_mut/HM-armc/mutation/lowered-cpp/lens_blur/lens_blur.halide_generated.cpp:6248:26
lens_blur,cxx_default_on_emitted_cpp,5eb72c8d,14,16,cxx_add_to_sub,lens_blur.halide_generated.cpp,7262,29,generator_specific,0,0,0,,,,0,13.004,cxx_add_to_sub:/mnt/scratch1/ardi/dsl_mut/HM-armc/mutation/lowered-cpp/lens_blur/lens_blur.halide_generated.cpp:7262:29
lens_blur,cxx_default_on_emitted_cpp,5eb72c8d,14,16,cxx_div_to_mul,lens_blur.halide_generated.cpp,4601,29,generator_specific,0,0,0,,,,0,12.951,cxx_div_to_mul:/mnt/scratch1/ardi/dsl_mut/HM-armc/mutation/lowered-cpp/lens_blur/lens_blur.halide_generated.cpp:4601:29
lens_blur,cxx_default_on_emitted_cpp,5eb72c8d,14,16,cxx_add_to_sub,lens_blur.halide_generated.cpp,8312,35,generator_specific,0,0,0,,,,0,12.773,cxx_add_to_sub:/mnt/scratch1/ardi/dsl_mut/HM-armc/mutation/lowered-cpp/lens_blur/lens_blur.halide_generated.cpp:8312:35
lens_blur,cxx_default_on_emitted_cpp,5eb72c8d,14,16,cxx_sub_to_add,lens_blur.halide_generated.cpp,12050,26,generator_specific,0,0,1,,,test2_golden,0,12.787,cxx_sub_to_add:/mnt/scratch1/ardi/dsl_mut/HM-armc/mutation/lowered-cpp/lens_blur/lens_blur.halide_generated.cpp:12050:26
lens_blur,cxx_default_on_emitted_cpp,5eb72c8d,14,16,cxx_mul_to_div,lens_blur.halide_generated.cpp,11236,38,generator_specific,0,0,0,,,,0,13.179,cxx_mul_to_div:/mnt/scratch1/ardi/dsl_mut/HM-armc/mutation/lowered-cpp/lens_blur/lens_blur.halide_generated.cpp:11236:38
lens_blur,cxx_default_on_emitted_cpp,5eb72c8d,14,16,cxx_lt_to_ge,lens_blur.halide_generated.cpp,11071,58,generator_specific,0,0,1,,,test2_golden,0,13.185,cxx_lt_to_ge:/mnt/scratch1/ardi/dsl_mut/HM-armc/mutation/lowered-cpp/lens_blur/lens_blur.halide_generated.cpp:11071:58
lens_blur,cxx_default_on_emitted_cpp,5eb72c8d,14,16,cxx_gt_to_ge,lens_blur.halide_generated.cpp,4690,72,generator_specific,0,0,0,,,,0,12.737,cxx_gt_to_ge:/mnt/scratch1/ardi/dsl_mut/HM-armc/mutation/lowered-cpp/lens_blur/lens_blur.halide_generated.cpp:4690:72
lens_blur,cxx_default_on_emitted_cpp,5eb72c8d,14,16,cxx_mul_to_div,lens_blur.halide_generated.cpp,9350,34,generator_specific,0,0,0,,,,0,13.237,cxx_mul_to_div:/mnt/scratch1/ardi/dsl_mut/HM-armc/mutation/lowered-cpp/lens_blur/lens_blur.halide_generated.cpp:9350:34
lens_blur,cxx_default_on_emitted_cpp,5eb72c8d,14,16,cxx_replace_scalar_call,lens_blur.halide_generated.cpp,12448,18,generator_specific,0,0,0,,,,0,12.937,cxx_replace_scalar_call:/mnt/scratch1/ardi/dsl_mut/HM-armc/mutation/lowered-cpp/lens_blur/lens_blur.halide_generated.cpp:12448:18
lens_blur,cxx_default_on_emitted_cpp,5eb72c8d,14,16,cxx_add_to_sub,lens_blur.halide_generated.cpp,8305,35,generator_specific,0,0,0,,,,0,12.996,cxx_add_to_sub:/mnt/scratch1/ardi/dsl_mut/HM-armc/mutation/lowered-cpp/lens_blur/lens_blur.halide_generated.cpp:8305:35
lens_blur,cxx_default_on_emitted_cpp,5eb72c8d,14,16,cxx_sub_to_add,lens_blur.halide_generated.cpp,9336,34,generator_specific,-11,1,1,,,test1_demo;test2_golden,0,0.273,cxx_sub_to_add:/mnt/scratch1/ardi/dsl_mut/HM-armc/mutation/lowered-cpp/lens_blur/lens_blur.halide_generated.cpp:9336:34
lens_blur,cxx_default_on_emitted_cpp,5eb72c8d,14,16,cxx_mul_to_div,lens_blur.halide_generated.cpp,11229,38,generator_specific,0,0,0,,,,0,13.094,cxx_mul_to_div:/mnt/scratch1/ardi/dsl_mut/HM-armc/mutation/lowered-cpp/lens_blur/lens_blur.halide_generated.cpp:11229:38
lens_blur,cxx_default_on_emitted_cpp,5eb72c8d,14,16,cxx_add_to_sub,lens_blur.halide_generated.cpp,8904,34,generator_specific,0,0,0,,,,0,13.079,cxx_add_to_sub:/mnt/scratch1/ardi/dsl_mut/HM-armc/mutation/lowered-cpp/lens_blur/lens_blur.halide_generated.cpp:8904:34
lens_blur,cxx_default_on_emitted_cpp,5eb72c8d,14,16,cxx_add_to_sub,lens_blur.halide_generated.cpp,7998,32,generator_specific,0,0,0,,,,0,13.030,cxx_add_to_sub:/mnt/scratch1/ardi/dsl_mut/HM-armc/mutation/lowered-cpp/lens_blur/lens_blur.halide_generated.cpp:7998:32
lens_blur,cxx_default_on_emitted_cpp,5eb72c8d,14,16,cxx_add_to_sub,lens_blur.halide_generated.cpp,11698,29,generator_specific,0,0,0,,,,0,13.007,cxx_add_to_sub:/mnt/scratch1/ardi/dsl_mut/HM-armc/mutation/lowered-cpp/lens_blur/lens_blur.halide_generated.cpp:11698:29
lens_blur,cxx_default_on_emitted_cpp,5eb72c8d,14,16,cxx_add_to_sub,lens_blur.halide_generated.cpp,11796,28,generator_specific,0,0,0,,,,0,12.900,cxx_add_to_sub:/mnt/scratch1/ardi/dsl_mut/HM-armc/mutation/lowered-cpp/lens_blur/lens_blur.halide_generated.cpp:11796:28
lens_blur,cxx_default_on_emitted_cpp,5eb72c8d,14,16,cxx_add_to_sub,lens_blur.halide_generated.cpp,7550,76,generator_specific,0,0,0,,,,0,12.974,cxx_add_to_sub:/mnt/scratch1/ardi/dsl_mut/HM-armc/mutation/lowered-cpp/lens_blur/lens_blur.halide_generated.cpp:7550:76
lens_blur,cxx_default_on_emitted_cpp,5eb72c8d,14,16,cxx_add_to_sub,lens_blur.halide_generated.cpp,7132,32,generator_specific,0,0,0,,,,0,12.793,cxx_add_to_sub:/mnt/scratch1/ardi/dsl_mut/HM-armc/mutation/lowered-cpp/lens_blur/lens_blur.halide_generated.cpp:7132:32
lens_blur,cxx_default_on_emitted_cpp,5eb72c8d,14,16,cxx_sub_to_add,lens_blur.halide_generated.cpp,14182,28,generator_specific,0,0,1,,,test2_golden,0,13.528,cxx_sub_to_add:/mnt/scratch1/ardi/dsl_mut/HM-armc/mutation/lowered-cpp/lens_blur/lens_blur.halide_generated.cpp:14182:28
lens_blur,cxx_default_on_emitted_cpp,5eb72c8d,14,16,cxx_add_to_sub,lens_blur.halide_generated.cpp,8303,33,generator_specific,0,0,0,,,,0,13.030,cxx_add_to_sub:/mnt/scratch1/ardi/dsl_mut/HM-armc/mutation/lowered-cpp/lens_blur/lens_blur.halide_generated.cpp:8303:33
lens_blur,cxx_default_on_emitted_cpp,5eb72c8d,14,16,cxx_sub_to_add,lens_blur.halide_generated.cpp,9695,34,generator_specific,0,0,0,,,,0,12.977,cxx_sub_to_add:/mnt/scratch1/ardi/dsl_mut/HM-armc/mutation/lowered-cpp/lens_blur/lens_blur.halide_generated.cpp:9695:34
lens_blur,cxx_default_on_emitted_cpp,5eb72c8d,14,16,cxx_add_to_sub,lens_blur.halide_generated.cpp,7476,31,generator_specific,0,0,0,,,,0,13.139,cxx_add_to_sub:/mnt/scratch1/ardi/dsl_mut/HM-armc/mutation/lowered-cpp/lens_blur/lens_blur.halide_generated.cpp:7476:31
lens_blur,cxx_default_on_emitted_cpp,5eb72c8d,14,16,cxx_add_to_sub,lens_blur.halide_generated.cpp,5430,26,generator_specific,0,0,0,,,,0,12.740,cxx_add_to_sub:/mnt/scratch1/ardi/dsl_mut/HM-armc/mutation/lowered-cpp/lens_blur/lens_blur.halide_generated.cpp:5430:26
lens_blur,cxx_default_on_emitted_cpp,5eb72c8d,14,16,cxx_add_to_sub,lens_blur.halide_generated.cpp,10548,37,generator_specific,0,0,0,,,,0,13.030,cxx_add_to_sub:/mnt/scratch1/ardi/dsl_mut/HM-armc/mutation/lowered-cpp/lens_blur/lens_blur.halide_generated.cpp:10548:37
lens_blur,cxx_default_on_emitted_cpp,5eb72c8d,14,16,cxx_add_to_sub,lens_blur.halide_generated.cpp,8621,30,generator_specific,0,0,0,,,,0,13.448,cxx_add_to_sub:/mnt/scratch1/ardi/dsl_mut/HM-armc/mutation/lowered-cpp/lens_blur/lens_blur.halide_generated.cpp:8621:30
lens_blur,cxx_default_on_emitted_cpp,5eb72c8d,14,16,cxx_add_to_sub,lens_blur.halide_generated.cpp,12154,34,generator_specific,0,0,1,,,test2_golden,0,12.917,cxx_add_to_sub:/mnt/scratch1/ardi/dsl_mut/HM-armc/mutation/lowered-cpp/lens_blur/lens_blur.halide_generated.cpp:12154:34
lens_blur,cxx_default_on_emitted_cpp,5eb72c8d,14,16,cxx_add_to_sub,lens_blur.halide_generated.cpp,13774,26,generator_specific,0,0,0,,,,0,13.361,cxx_add_to_sub:/mnt/scratch1/ardi/dsl_mut/HM-armc/mutation/lowered-cpp/lens_blur/lens_blur.halide_generated.cpp:13774:26
lens_blur,cxx_default_on_emitted_cpp,5eb72c8d,14,16,cxx_mul_to_div,lens_blur.halide_generated.cpp,7047,28,generator_specific,0,0,1,,,test2_golden,0,13.393,cxx_mul_to_div:/mnt/scratch1/ardi/dsl_mut/HM-armc/mutation/lowered-cpp/lens_blur/lens_blur.halide_generated.cpp:7047:28
lens_blur,cxx_default_on_emitted_cpp,5eb72c8d,14,16,cxx_add_to_sub,lens_blur.halide_generated.cpp,6006,28,generator_specific,0,0,0,,,,0,13.379,cxx_add_to_sub:/mnt/scratch1/ardi/dsl_mut/HM-armc/mutation/lowered-cpp/lens_blur/lens_blur.halide_generated.cpp:6006:28
lens_blur,cxx_default_on_emitted_cpp,5eb72c8d,14,16,cxx_add_to_sub,lens_blur.halide_generated.cpp,4309,26,generator_specific,-11,1,1,,,test1_demo;test2_golden,0,0.059,cxx_add_to_sub:/mnt/scratch1/ardi/dsl_mut/HM-armc/mutation/lowered-cpp/lens_blur/lens_blur.halide_generated.cpp:4309:26
lens_blur,cxx_default_on_emitted_cpp,5eb72c8d,14,16,cxx_add_to_sub,lens_blur.halide_generated.cpp,5513,26,generator_specific,0,0,0,,,,0,13.489,cxx_add_to_sub:/mnt/scratch1/ardi/dsl_mut/HM-armc/mutation/lowered-cpp/lens_blur/lens_blur.halide_generated.cpp:5513:26
lens_blur,cxx_default_on_emitted_cpp,5eb72c8d,14,16,cxx_mul_to_div,lens_blur.halide_generated.cpp,7416,31,generator_specific,0,0,0,,,,0,13.228,cxx_mul_to_div:/mnt/scratch1/ardi/dsl_mut/HM-armc/mutation/lowered-cpp/lens_blur/lens_blur.halide_generated.cpp:7416:31
lens_blur,cxx_default_on_emitted_cpp,5eb72c8d,14,16,cxx_sub_to_add,lens_blur.halide_generated.cpp,11021,36,generator_specific,0,0,0,,,,0,13.584,cxx_sub_to_add:/mnt/scratch1/ardi/dsl_mut/HM-armc/mutation/lowered-cpp/lens_blur/lens_blur.halide_generated.cpp:11021:36
lens_blur,cxx_default_on_emitted_cpp,5eb72c8d,14,16,cxx_add_to_sub,lens_blur.halide_generated.cpp,8810,32,generator_specific,0,0,0,,,,0,13.136,cxx_add_to_sub:/mnt/scratch1/ardi/dsl_mut/HM-armc/mutation/lowered-cpp/lens_blur/lens_blur.halide_generated.cpp:8810:32
lens_blur,cxx_default_on_emitted_cpp,5eb72c8d,14,16,cxx_add_to_sub,lens_blur.halide_generated.cpp,5119,24,generator_specific,0,0,0,,,,0,13.500,cxx_add_to_sub:/mnt/scratch1/ardi/dsl_mut/HM-armc/mutation/lowered-cpp/lens_blur/lens_blur.halide_generated.cpp:5119:24
lens_blur,cxx_default_on_emitted_cpp,5eb72c8d,14,16,cxx_mul_to_div,lens_blur.halide_generated.cpp,10998,38,generator_specific,0,0,0,,,,0,14.052,cxx_mul_to_div:/mnt/scratch1/ardi/dsl_mut/HM-armc/mutation/lowered-cpp/lens_blur/lens_blur.halide_generated.cpp:10998:38
lens_blur,cxx_default_on_emitted_cpp,5eb72c8d,14,16,cxx_add_to_sub,lens_blur.halide_generated.cpp,4715,27,generator_specific,0,0,0,,,,0,13.593,cxx_add_to_sub:/mnt/scratch1/ardi/dsl_mut/HM-armc/mutation/lowered-cpp/lens_blur/lens_blur.halide_generated.cpp:4715:27
lens_blur,cxx_default_on_emitted_cpp,5eb72c8d,14,16,cxx_add_to_sub,lens_blur.halide_generated.cpp,6804,53,generator_specific,0,0,0,,,,0,12.964,cxx_add_to_sub:/mnt/scratch1/ardi/dsl_mut/HM-armc/mutation/lowered-cpp/lens_blur/lens_blur.halide_generated.cpp:6804:53
lens_blur,cxx_default_on_emitted_cpp,5eb72c8d,14,16,cxx_add_to_sub,lens_blur.halide_generated.cpp,6098,27,generator_specific,0,0,0,,,,0,13.583,cxx_add_to_sub:/mnt/scratch1/ardi/dsl_mut/HM-armc/mutation/lowered-cpp/lens_blur/lens_blur.halide_generated.cpp:6098:27
lens_blur,cxx_default_on_emitted_cpp,5eb72c8d,14,16,cxx_add_to_sub,lens_blur.halide_generated.cpp,8044,77,generator_specific,0,0,0,,,,0,13.463,cxx_add_to_sub:/mnt/scratch1/ardi/dsl_mut/HM-armc/mutation/lowered-cpp/lens_blur/lens_blur.halide_generated.cpp:8044:77
lens_blur,cxx_default_on_emitted_cpp,5eb72c8d,14,16,cxx_add_to_sub,lens_blur.halide_generated.cpp,9183,34,generator_specific,0,0,0,,,,0,12.989,cxx_add_to_sub:/mnt/scratch1/ardi/dsl_mut/HM-armc/mutation/lowered-cpp/lens_blur/lens_blur.halide_generated.cpp:9183:34
lens_blur,cxx_default_on_emitted_cpp,5eb72c8d,14,16,cxx_add_to_sub,lens_blur.halide_generated.cpp,10718,38,generator_specific,-6,1,1,,,test1_demo;test2_golden,0,0.211,cxx_add_to_sub:/mnt/scratch1/ardi/dsl_mut/HM-armc/mutation/lowered-cpp/lens_blur/lens_blur.halide_generated.cpp:10718:38
lens_blur,cxx_default_on_emitted_cpp,5eb72c8d,14,16,cxx_mul_to_div,lens_blur.halide_generated.cpp,12206,34,generator_specific,0,0,1,,,test2_golden,0,13.476,cxx_mul_to_div:/mnt/scratch1/ardi/dsl_mut/HM-armc/mutation/lowered-cpp/lens_blur/lens_blur.halide_generated.cpp:12206:34
lens_blur,cxx_default_on_emitted_cpp,5eb72c8d,14,16,cxx_add_to_sub,lens_blur.halide_generated.cpp,8266,35,generator_specific,0,0,0,,,,0,13.216,cxx_add_to_sub:/mnt/scratch1/ardi/dsl_mut/HM-armc/mutation/lowered-cpp/lens_blur/lens_blur.halide_generated.cpp:8266:35
lens_blur,cxx_default_on_emitted_cpp,5eb72c8d,14,16,cxx_mul_to_div,lens_blur.halide_generated.cpp,13959,27,generator_specific,0,0,0,,,,0,15.105,cxx_mul_to_div:/mnt/scratch1/ardi/dsl_mut/HM-armc/mutation/lowered-cpp/lens_blur/lens_blur.halide_generated.cpp:13959:27
lens_blur,cxx_default_on_emitted_cpp,5eb72c8d,14,16,cxx_add_to_sub,lens_blur.halide_generated.cpp,9188,35,generator_specific,0,0,0,,,,0,13.517,cxx_add_to_sub:/mnt/scratch1/ardi/dsl_mut/HM-armc/mutation/lowered-cpp/lens_blur/lens_blur.halide_generated.cpp:9188:35
lens_blur,cxx_default_on_emitted_cpp,5eb72c8d,14,16,cxx_add_to_sub,lens_blur.halide_generated.cpp,4463,41,generator_specific,0,0,0,,,,0,14.108,cxx_add_to_sub:/mnt/scratch1/ardi/dsl_mut/HM-armc/mutation/lowered-cpp/lens_blur/lens_blur.halide_generated.cpp:4463:41
lens_blur,cxx_default_on_emitted_cpp,5eb72c8d,14,16,cxx_replace_scalar_call,lens_blur.halide_generated.cpp,12404,18,generator_specific,0,0,1,,,test2_golden,0,14.287,cxx_replace_scalar_call:/mnt/scratch1/ardi/dsl_mut/HM-armc/mutation/lowered-cpp/lens_blur/lens_blur.halide_generated.cpp:12404:18
lens_blur,cxx_default_on_emitted_cpp,5eb72c8d,14,16,cxx_add_to_sub,lens_blur.halide_generated.cpp,10262,36,generator_specific,0,0,0,,,,0,13.394,cxx_add_to_sub:/mnt/scratch1/ardi/dsl_mut/HM-armc/mutation/lowered-cpp/lens_blur/lens_blur.halide_generated.cpp:10262:36
lens_blur,cxx_default_on_emitted_cpp,5eb72c8d,14,16,cxx_add_to_sub,lens_blur.halide_generated.cpp,9589,36,generator_specific,0,0,0,,,,0,12.849,cxx_add_to_sub:/mnt/scratch1/ardi/dsl_mut/HM-armc/mutation/lowered-cpp/lens_blur/lens_blur.halide_generated.cpp:9589:36
lens_blur,cxx_default_on_emitted_cpp,5eb72c8d,14,16,cxx_remove_void_call,lens_blur.halide_generated.cpp,10534,16,generator_specific,0,0,0,,,,0,12.907,cxx_remove_void_call:/mnt/scratch1/ardi/dsl_mut/HM-armc/mutation/lowered-cpp/lens_blur/lens_blur.halide_generated.cpp:10534:16
lens_blur,cxx_default_on_emitted_cpp,5eb72c8d,14,16,cxx_mul_to_div,lens_blur.halide_generated.cpp,5122,24,generator_specific,0,0,0,,,,0,12.781,cxx_mul_to_div:/mnt/scratch1/ardi/dsl_mut/HM-armc/mutation/lowered-cpp/lens_blur/lens_blur.halide_generated.cpp:5122:24
lens_blur,cxx_default_on_emitted_cpp,5eb72c8d,14,16,cxx_mul_to_div,lens_blur.halide_generated.cpp,10969,38,generator_specific,0,0,0,,,,0,12.823,cxx_mul_to_div:/mnt/scratch1/ardi/dsl_mut/HM-armc/mutation/lowered-cpp/lens_blur/lens_blur.halide_generated.cpp:10969:38
lens_blur,cxx_default_on_emitted_cpp,5eb72c8d,14,16,cxx_add_to_sub,lens_blur.halide_generated.cpp,12678,24,generator_specific,0,0,0,,,,0,13.055,cxx_add_to_sub:/mnt/scratch1/ardi/dsl_mut/HM-armc/mutation/lowered-cpp/lens_blur/lens_blur.halide_generated.cpp:12678:24
lens_blur,cxx_default_on_emitted_cpp,5eb72c8d,14,16,cxx_mul_to_div,lens_blur.halide_generated.cpp,10833,38,generator_specific,0,0,0,,,,0,13.080,cxx_mul_to_div:/mnt/scratch1/ardi/dsl_mut/HM-armc/mutation/lowered-cpp/lens_blur/lens_blur.halide_generated.cpp:10833:38
lens_blur,cxx_default_on_emitted_cpp,5eb72c8d,14,16,cxx_add_to_sub,lens_blur.halide_generated.cpp,9002,34,generator_specific,0,0,0,,,,0,12.827,cxx_add_to_sub:/mnt/scratch1/ardi/dsl_mut/HM-armc/mutation/lowered-cpp/lens_blur/lens_blur.halide_generated.cpp:9002:34
lens_blur,cxx_default_on_emitted_cpp,5eb72c8d,14,16,cxx_add_to_sub,lens_blur.halide_generated.cpp,13608,26,generator_specific,0,0,0,,,,0,12.841,cxx_add_to_sub:/mnt/scratch1/ardi/dsl_mut/HM-armc/mutation/lowered-cpp/lens_blur/lens_blur.halide_generated.cpp:13608:26
lens_blur,cxx_default_on_emitted_cpp,5eb72c8d,14,16,cxx_add_to_sub,lens_blur.halide_generated.cpp,14386,28,generator_specific,0,0,0,,,,0,13.052,cxx_add_to_sub:/mnt/scratch1/ardi/dsl_mut/HM-armc/mutation/lowered-cpp/lens_blur/lens_blur.halide_generated.cpp:14386:28
lens_blur,cxx_default_on_emitted_cpp,5eb72c8d,14,16,cxx_add_to_sub,lens_blur.halide_generated.cpp,8733,34,generator_specific,0,0,0,,,,0,12.853,cxx_add_to_sub:/mnt/scratch1/ardi/dsl_mut/HM-armc/mutation/lowered-cpp/lens_blur/lens_blur.halide_generated.cpp:8733:34
lens_blur,cxx_default_on_emitted_cpp,5eb72c8d,14,16,cxx_gt_to_ge,lens_blur.halide_generated.cpp,13220,22,generator_specific,0,0,0,,,,0,12.777,cxx_gt_to_ge:/mnt/scratch1/ardi/dsl_mut/HM-armc/mutation/lowered-cpp/lens_blur/lens_blur.halide_generated.cpp:13220:22
lens_blur,cxx_default_on_emitted_cpp,5eb72c8d,14,16,cxx_mul_to_div,lens_blur.halide_generated.cpp,13660,26,generator_specific,0,0,0,,,,0,13.025,cxx_mul_to_div:/mnt/scratch1/ardi/dsl_mut/HM-armc/mutation/lowered-cpp/lens_blur/lens_blur.halide_generated.cpp:13660:26
lens_blur,cxx_default_on_emitted_cpp,5eb72c8d,14,16,cxx_add_to_sub,lens_blur.halide_generated.cpp,12266,34,generator_specific,0,0,1,,,test2_golden,0,13.075,cxx_add_to_sub:/mnt/scratch1/ardi/dsl_mut/HM-armc/mutation/lowered-cpp/lens_blur/lens_blur.halide_generated.cpp:12266:34
lens_blur,cxx_default_on_emitted_cpp,5eb72c8d,14,16,cxx_add_to_sub,lens_blur.halide_generated.cpp,7236,28,generator_specific,0,0,0,,,,0,12.906,cxx_add_to_sub:/mnt/scratch1/ardi/dsl_mut/HM-armc/mutation/lowered-cpp/lens_blur/lens_blur.halide_generated.cpp:7236:28
lens_blur,cxx_default_on_emitted_cpp,5eb72c8d,14,16,cxx_add_to_sub,lens_blur.halide_generated.cpp,7512,30,generator_specific,0,0,0,,,,0,12.893,cxx_add_to_sub:/mnt/scratch1/ardi/dsl_mut/HM-armc/mutation/lowered-cpp/lens_blur/lens_blur.halide_generated.cpp:7512:30
lens_blur,cxx_default_on_emitted_cpp,5eb72c8d,14,16,cxx_add_to_sub,lens_blur.halide_generated.cpp,12591,24,generator_specific,0,0,0,,,,0,13.104,cxx_add_to_sub:/mnt/scratch1/ardi/dsl_mut/HM-armc/mutation/lowered-cpp/lens_blur/lens_blur.halide_generated.cpp:12591:24
lens_blur,cxx_default_on_emitted_cpp,5eb72c8d,14,16,cxx_add_to_sub,lens_blur.halide_generated.cpp,11518,28,generator_specific,-11,1,1,,,test1_demo;test2_golden,0,0.339,cxx_add_to_sub:/mnt/scratch1/ardi/dsl_mut/HM-armc/mutation/lowered-cpp/lens_blur/lens_blur.halide_generated.cpp:11518:28
lens_blur,cxx_default_on_emitted_cpp,5eb72c8d,14,16,cxx_add_to_sub,lens_blur.halide_generated.cpp,10653,36,generator_specific,0,0,0,,,,0,13.285,cxx_add_to_sub:/mnt/scratch1/ardi/dsl_mut/HM-armc/mutation/lowered-cpp/lens_blur/lens_blur.halide_generated.cpp:10653:36
lens_blur,cxx_default_on_emitted_cpp,5eb72c8d,14,16,cxx_add_to_sub,lens_blur.halide_generated.cpp,13738,26,generator_specific,0,0,0,,,,0,12.796,cxx_add_to_sub:/mnt/scratch1/ardi/dsl_mut/HM-armc/mutation/lowered-cpp/lens_blur/lens_blur.halide_generated.cpp:13738:26
lens_blur,cxx_default_on_emitted_cpp,5eb72c8d,14,16,cxx_add_to_sub,lens_blur.halide_generated.cpp,10516,38,generator_specific,0,0,0,,,,0,13.038,cxx_add_to_sub:/mnt/scratch1/ardi/dsl_mut/HM-armc/mutation/lowered-cpp/lens_blur/lens_blur.halide_generated.cpp:10516:38
lens_blur,cxx_default_on_emitted_cpp,5eb72c8d,14,16,cxx_mul_to_div,lens_blur.halide_generated.cpp,13946,27,generator_specific,0,0,1,,,test2_golden,0,13.256,cxx_mul_to_div:/mnt/scratch1/ardi/dsl_mut/HM-armc/mutation/lowered-cpp/lens_blur/lens_blur.halide_generated.cpp:13946:27
lens_blur,cxx_default_on_emitted_cpp,5eb72c8d,14,16,cxx_add_to_sub,lens_blur.halide_generated.cpp,8335,32,generator_specific,0,0,0,,,,0,13.272,cxx_add_to_sub:/mnt/scratch1/ardi/dsl_mut/HM-armc/mutation/lowered-cpp/lens_blur/lens_blur.halide_generated.cpp:8335:32
lens_blur,cxx_default_on_emitted_cpp,5eb72c8d,14,16,cxx_add_to_sub,lens_blur.halide_generated.cpp,8451,35,generator_specific,0,0,0,,,,0,13.145,cxx_add_to_sub:/mnt/scratch1/ardi/dsl_mut/HM-armc/mutation/lowered-cpp/lens_blur/lens_blur.halide_generated.cpp:8451:35
lens_blur,cxx_default_on_emitted_cpp,5eb72c8d,14,16,cxx_add_to_sub,lens_blur.halide_generated.cpp,5146,24,generator_specific,0,0,0,,,,0,13.202,cxx_add_to_sub:/mnt/scratch1/ardi/dsl_mut/HM-armc/mutation/lowered-cpp/lens_blur/lens_blur.halide_generated.cpp:5146:24
lens_blur,cxx_default_on_emitted_cpp,5eb72c8d,14,16,cxx_mul_to_div,lens_blur.halide_generated.cpp,9645,35,generator_specific,0,0,0,,,,0,13.238,cxx_mul_to_div:/mnt/scratch1/ardi/dsl_mut/HM-armc/mutation/lowered-cpp/lens_blur/lens_blur.halide_generated.cpp:9645:35
lens_blur,cxx_default_on_emitted_cpp,5eb72c8d,14,16,cxx_mul_to_div,lens_blur.halide_generated.cpp,8315,32,generator_specific,0,0,0,,,,0,13.104,cxx_mul_to_div:/mnt/scratch1/ardi/dsl_mut/HM-armc/mutation/lowered-cpp/lens_blur/lens_blur.halide_generated.cpp:8315:32
lens_blur,cxx_default_on_emitted_cpp,5eb72c8d,14,16,cxx_sub_to_add,lens_blur.halide_generated.cpp,8039,31,generator_specific,0,0,0,,,,0,13.116,cxx_sub_to_add:/mnt/scratch1/ardi/dsl_mut/HM-armc/mutation/lowered-cpp/lens_blur/lens_blur.halide_generated.cpp:8039:31
lens_blur,cxx_default_on_emitted_cpp,5eb72c8d,14,16,cxx_sub_to_add,lens_blur.halide_generated.cpp,4348,30,generator_specific,0,0,0,,,,0,12.824,cxx_sub_to_add:/mnt/scratch1/ardi/dsl_mut/HM-armc/mutation/lowered-cpp/lens_blur/lens_blur.halide_generated.cpp:4348:30
lens_blur,cxx_default_on_emitted_cpp,5eb72c8d,14,16,cxx_add_to_sub,lens_blur.halide_generated.cpp,8243,78,generator_specific,0,0,0,,,,0,13.467,cxx_add_to_sub:/mnt/scratch1/ardi/dsl_mut/HM-armc/mutation/lowered-cpp/lens_blur/lens_blur.halide_generated.cpp:8243:78
lens_blur,cxx_default_on_emitted_cpp,5eb72c8d,14,16,cxx_add_to_sub,lens_blur.halide_generated.cpp,11178,39,generator_specific,0,0,0,,,,0,12.859,cxx_add_to_sub:/mnt/scratch1/ardi/dsl_mut/HM-armc/mutation/lowered-cpp/lens_blur/lens_blur.halide_generated.cpp:11178:39
lens_blur,cxx_default_on_emitted_cpp,5eb72c8d,14,16,cxx_add_to_sub,lens_blur.halide_generated.cpp,6962,32,generator_specific,0,0,0,,,,0,13.695,cxx_add_to_sub:/mnt/scratch1/ardi/dsl_mut/HM-armc/mutation/lowered-cpp/lens_blur/lens_blur.halide_generated.cpp:6962:32
lens_blur,cxx_default_on_emitted_cpp,5eb72c8d,14,16,cxx_add_to_sub,lens_blur.halide_generated.cpp,10853,38,generator_specific,0,0,0,,,,0,13.133,cxx_add_to_sub:/mnt/scratch1/ardi/dsl_mut/HM-armc/mutation/lowered-cpp/lens_blur/lens_blur.halide_generated.cpp:10853:38
lens_blur,cxx_default_on_emitted_cpp,5eb72c8d,14,16,cxx_gt_to_ge,lens_blur.halide_generated.cpp,14410,77,generator_specific,0,0,0,,,,0,13.327,cxx_gt_to_ge:/mnt/scratch1/ardi/dsl_mut/HM-armc/mutation/lowered-cpp/lens_blur/lens_blur.halide_generated.cpp:14410:77
lens_blur,cxx_default_on_emitted_cpp,5eb72c8d,14,16,cxx_sub_to_add,lens_blur.halide_generated.cpp,6335,29,generator_specific,0,0,0,,,,0,13.277,cxx_sub_to_add:/mnt/scratch1/ardi/dsl_mut/HM-armc/mutation/lowered-cpp/lens_blur/lens_blur.halide_generated.cpp:6335:29
lens_blur,cxx_default_on_emitted_cpp,5eb72c8d,14,16,cxx_gt_to_ge,lens_blur.halide_generated.cpp,7247,75,generator_specific,0,0,0,,,,0,13.289,cxx_gt_to_ge:/mnt/scratch1/ardi/dsl_mut/HM-armc/mutation/lowered-cpp/lens_blur/lens_blur.halide_generated.cpp:7247:75
lens_blur,cxx_default_on_emitted_cpp,5eb72c8d,14,16,cxx_add_to_sub,lens_blur.halide_generated.cpp,6264,26,generator_specific,0,0,0,,,,0,13.294,cxx_add_to_sub:/mnt/scratch1/ardi/dsl_mut/HM-armc/mutation/lowered-cpp/lens_blur/lens_blur.halide_generated.cpp:6264:26
lens_blur,cxx_default_on_emitted_cpp,5eb72c8d,14,16,cxx_add_to_sub,lens_blur.halide_generated.cpp,8835,33,generator_specific,-6,1,1,,,test1_demo;test2_golden,0,0.221,cxx_add_to_sub:/mnt/scratch1/ardi/dsl_mut/HM-armc/mutation/lowered-cpp/lens_blur/lens_blur.halide_generated.cpp:8835:33
lens_blur,cxx_default_on_emitted_cpp,5eb72c8d,14,16,cxx_mul_to_div,lens_blur.halide_generated.cpp,6277,55,generator_specific,0,0,0,,,,0,13.162,cxx_mul_to_div:/mnt/scratch1/ardi/dsl_mut/HM-armc/mutation/lowered-cpp/lens_blur/lens_blur.halide_generated.cpp:6277:55
lens_blur,cxx_default_on_emitted_cpp,5eb72c8d,14,16,cxx_add_to_sub,lens_blur.halide_generated.cpp,7035,30,generator_specific,-6,1,1,,,test1_demo;test2_golden,0,0.226,cxx_add_to_sub:/mnt/scratch1/ardi/dsl_mut/HM-armc/mutation/lowered-cpp/lens_blur/lens_blur.halide_generated.cpp:7035:30
lens_blur,cxx_default_on_emitted_cpp,5eb72c8d,14,16,cxx_add_to_sub,lens_blur.halide_generated.cpp,7902,31,generator_specific,0,0,0,,,,0,13.292,cxx_add_to_sub:/mnt/scratch1/ardi/dsl_mut/HM-armc/mutation/lowered-cpp/lens_blur/lens_blur.halide_generated.cpp:7902:31
lens_blur,cxx_default_on_emitted_cpp,5eb72c8d,14,16,cxx_sub_to_add,lens_blur.halide_generated.cpp,4779,30,generator_specific,0,0,0,,,,0,13.089,cxx_sub_to_add:/mnt/scratch1/ardi/dsl_mut/HM-armc/mutation/lowered-cpp/lens_blur/lens_blur.halide_generated.cpp:4779:30
lens_blur,cxx_default_on_emitted_cpp,5eb72c8d,14,16,cxx_add_to_sub,lens_blur.halide_generated.cpp,5113,22,generator_specific,0,0,0,,,,0,13.508,cxx_add_to_sub:/mnt/scratch1/ardi/dsl_mut/HM-armc/mutation/lowered-cpp/lens_blur/lens_blur.halide_generated.cpp:5113:22
lens_blur,cxx_default_on_emitted_cpp,5eb72c8d,14,16,cxx_replace_scalar_call,lens_blur.halide_generated.cpp,12606,18,generator_specific,0,0,0,,,,0,13.034,cxx_replace_scalar_call:/mnt/scratch1/ardi/dsl_mut/HM-armc/mutation/lowered-cpp/lens_blur/lens_blur.halide_generated.cpp:12606:18
lens_blur,cxx_default_on_emitted_cpp,5eb72c8d,14,16,cxx_add_to_sub,lens_blur.halide_generated.cpp,10814,39,generator_specific,0,0,1,,,test2_golden,0,13.592,cxx_add_to_sub:/mnt/scratch1/ardi/dsl_mut/HM-armc/mutation/lowered-cpp/lens_blur/lens_blur.halide_generated.cpp:10814:39
lens_blur,cxx_default_on_emitted_cpp,5eb72c8d,14,16,cxx_add_to_sub,lens_blur.halide_generated.cpp,8246,33,generator_specific,0,0,0,,,,0,13.112,cxx_add_to_sub:/mnt/scratch1/ardi/dsl_mut/HM-armc/mutation/lowered-cpp/lens_blur/lens_blur.halide_generated.cpp:8246:33
lens_blur,cxx_default_on_emitted_cpp,5eb72c8d,14,16,cxx_lt_to_ge,lens_blur.halide_generated.cpp,9808,55,generator_specific,0,0,0,,,,0,13.970,cxx_lt_to_ge:/mnt/scratch1/ardi/dsl_mut/HM-armc/mutation/lowered-cpp/lens_blur/lens_blur.halide_generated.cpp:9808:55
lens_blur,cxx_default_on_emitted_cpp,5eb72c8d,14,16,cxx_le_to_lt,lens_blur.halide_generated.cpp,13181,22,generator_specific,0,0,0,,,,0,13.203,cxx_le_to_lt:/mnt/scratch1/ardi/dsl_mut/HM-armc/mutation/lowered-cpp/lens_blur/lens_blur.halide_generated.cpp:13181:22
lens_blur,cxx_default_on_emitted_cpp,5eb72c8d,14,16,cxx_add_to_sub,lens_blur.halide_generated.cpp,5836,28,generator_specific,-11,1,1,,,test1_demo;test2_golden,0,0.363,cxx_add_to_sub:/mnt/scratch1/ardi/dsl_mut/HM-armc/mutation/lowered-cpp/lens_blur/lens_blur.halide_generated.cpp:5836:28
lens_blur,cxx_default_on_emitted_cpp,5eb72c8d,14,16,cxx_add_to_sub,lens_blur.halide_generated.cpp,5814,82,generator_specific,0,0,0,,,,0,13.360,cxx_add_to_sub:/mnt/scratch1/ardi/dsl_mut/HM-armc/mutation/lowered-cpp/lens_blur/lens_blur.halide_generated.cpp:5814:82
lens_blur,cxx_default_on_emitted_cpp,5eb72c8d,14,16,cxx_add_to_sub,lens_blur.halide_generated.cpp,7059,29,generator_specific,0,0,0,,,,0,13.413,cxx_add_to_sub:/mnt/scratch1/ardi/dsl_mut/HM-armc/mutation/lowered-cpp/lens_blur/lens_blur.halide_generated.cpp:7059:29
lens_blur,cxx_default_on_emitted_cpp,5eb72c8d,14,16,cxx_add_to_sub,lens_blur.halide_generated.cpp,13631,26,generator_specific,0,0,0,,,,0,13.171,cxx_add_to_sub:/mnt/scratch1/ardi/dsl_mut/HM-armc/mutation/lowered-cpp/lens_blur/lens_blur.halide_generated.cpp:13631:26
lens_blur,cxx_default_on_emitted_cpp,5eb72c8d,14,16,cxx_add_to_sub,lens_blur.halide_generated.cpp,4255,28,generator_specific,-11,1,1,,,test1_demo;test2_golden,0,0.035,cxx_add_to_sub:/mnt/scratch1/ardi/dsl_mut/HM-armc/mutation/lowered-cpp/lens_blur/lens_blur.halide_generated.cpp:4255:28
lens_blur,cxx_default_on_emitted_cpp,5eb72c8d,14,16,cxx_mul_to_div,lens_blur.halide_generated.cpp,10109,36,generator_specific,0,0,0,,,,0,12.843,cxx_mul_to_div:/mnt/scratch1/ardi/dsl_mut/HM-armc/mutation/lowered-cpp/lens_blur/lens_blur.halide_generated.cpp:10109:36
lens_blur,cxx_default_on_emitted_cpp,5eb72c8d,14,16,cxx_add_to_sub,lens_blur.halide_generated.cpp,8684,31,generator_specific,0,0,0,,,,0,13.616,cxx_add_to_sub:/mnt/scratch1/ardi/dsl_mut/HM-armc/mutation/lowered-cpp/lens_blur/lens_blur.halide_generated.cpp:8684:31
lens_blur,cxx_default_on_emitted_cpp,5eb72c8d,14,16,cxx_replace_scalar_call,lens_blur.halide_generated.cpp,12615,18,generator_specific,0,0,0,,,,0,13.204,cxx_replace_scalar_call:/mnt/scratch1/ardi/dsl_mut/HM-armc/mutation/lowered-cpp/lens_blur/lens_blur.halide_generated.cpp:12615:18
lens_blur,cxx_default_on_emitted_cpp,5eb72c8d,14,16,cxx_add_to_sub,lens_blur.halide_generated.cpp,11819,28,generator_specific,-11,1,1,,,test1_demo;test2_golden,0,0.606,cxx_add_to_sub:/mnt/scratch1/ardi/dsl_mut/HM-armc/mutation/lowered-cpp/lens_blur/lens_blur.halide_generated.cpp:11819:28
lens_blur,cxx_default_on_emitted_cpp,5eb72c8d,14,16,cxx_add_to_sub,lens_blur.halide_generated.cpp,12944,26,generator_specific,0,0,0,,,,0,13.167,cxx_add_to_sub:/mnt/scratch1/ardi/dsl_mut/HM-armc/mutation/lowered-cpp/lens_blur/lens_blur.halide_generated.cpp:12944:26
lens_blur,cxx_default_on_emitted_cpp,5eb72c8d,14,16,cxx_sub_to_add,lens_blur.halide_generated.cpp,8253,33,generator_specific,0,0,0,,,,0,14.025,cxx_sub_to_add:/mnt/scratch1/ardi/dsl_mut/HM-armc/mutation/lowered-cpp/lens_blur/lens_blur.halide_generated.cpp:8253:33
lens_blur,cxx_default_on_emitted_cpp,5eb72c8d,14,16,cxx_remove_void_call,lens_blur.halide_generated.cpp,5457,5,generator_specific,0,0,1,,,test2_golden,0,11.375,cxx_remove_void_call:/mnt/scratch1/ardi/dsl_mut/HM-armc/mutation/lowered-cpp/lens_blur/lens_blur.halide_generated.cpp:5457:5
lens_blur,cxx_default_on_emitted_cpp,5eb72c8d,14,16,cxx_add_to_sub,lens_blur.halide_generated.cpp,9681,33,generator_specific,0,0,0,,,,0,12.903,cxx_add_to_sub:/mnt/scratch1/ardi/dsl_mut/HM-armc/mutation/lowered-cpp/lens_blur/lens_blur.halide_generated.cpp:9681:33
lens_blur,cxx_default_on_emitted_cpp,5eb72c8d,14,16,cxx_add_to_sub,lens_blur.halide_generated.cpp,5452,26,generator_specific,0,0,1,,,test2_golden,0,12.722,cxx_add_to_sub:/mnt/scratch1/ardi/dsl_mut/HM-armc/mutation/lowered-cpp/lens_blur/lens_blur.halide_generated.cpp:5452:26
lens_blur,cxx_default_on_emitted_cpp,5eb72c8d,14,16,cxx_mul_to_div,lens_blur.halide_generated.cpp,8752,33,generator_specific,0,0,0,,,,0,12.909,cxx_mul_to_div:/mnt/scratch1/ardi/dsl_mut/HM-armc/mutation/lowered-cpp/lens_blur/lens_blur.halide_generated.cpp:8752:33
lens_blur,cxx_default_on_emitted_cpp,5eb72c8d,14,16,cxx_sub_to_add,lens_blur.halide_generated.cpp,9343,34,generator_specific,0,0,0,,,,0,12.736,cxx_sub_to_add:/mnt/scratch1/ardi/dsl_mut/HM-armc/mutation/lowered-cpp/lens_blur/lens_blur.halide_generated.cpp:9343:34
lens_blur,cxx_default_on_emitted_cpp,5eb72c8d,14,16,cxx_add_to_sub,lens_blur.halide_generated.cpp,9669,35,generator_specific,0,0,0,,,,0,12.790,cxx_add_to_sub:/mnt/scratch1/ardi/dsl_mut/HM-armc/mutation/lowered-cpp/lens_blur/lens_blur.halide_generated.cpp:9669:35
lens_blur,cxx_default_on_emitted_cpp,5eb72c8d,14,16,cxx_sub_to_add,lens_blur.halide_generated.cpp,7273,29,generator_specific,0,0,0,,,,0,12.811,cxx_sub_to_add:/mnt/scratch1/ardi/dsl_mut/HM-armc/mutation/lowered-cpp/lens_blur/lens_blur.halide_generated.cpp:7273:29
lens_blur,cxx_default_on_emitted_cpp,5eb72c8d,14,16,cxx_mul_to_div,lens_blur.halide_generated.cpp,8727,33,generator_specific,0,0,0,,,,0,13.014,cxx_mul_to_div:/mnt/scratch1/ardi/dsl_mut/HM-armc/mutation/lowered-cpp/lens_blur/lens_blur.halide_generated.cpp:8727:33
lens_blur,cxx_default_on_emitted_cpp,5eb72c8d,14,16,cxx_add_to_sub,lens_blur.halide_generated.cpp,10617,36,generator_specific,0,0,0,,,,0,12.770,cxx_add_to_sub:/mnt/scratch1/ardi/dsl_mut/HM-armc/mutation/lowered-cpp/lens_blur/lens_blur.halide_generated.cpp:10617:36
lens_blur,cxx_default_on_emitted_cpp,5eb72c8d,14,16,cxx_sub_to_add,lens_blur.halide_generated.cpp,8492,32,generator_specific,0,0,0,,,,0,13.001,cxx_sub_to_add:/mnt/scratch1/ardi/dsl_mut/HM-armc/mutation/lowered-cpp/lens_blur/lens_blur.halide_generated.cpp:8492:32
lens_blur,cxx_default_on_emitted_cpp,5eb72c8d,14,16,cxx_mul_to_div,lens_blur.halide_generated.cpp,10348,37,generator_specific,0,0,0,,,,0,13.215,cxx_mul_to_div:/mnt/scratch1/ardi/dsl_mut/HM-armc/mutation/lowered-cpp/lens_blur/lens_blur.halide_generated.cpp:10348:37
lens_blur,cxx_default_on_emitted_cpp,5eb72c8d,14,16,cxx_add_to_sub,lens_blur.halide_generated.cpp,10488,38,generator_specific,0,0,0,,,,0,13.418,cxx_add_to_sub:/mnt/scratch1/ardi/dsl_mut/HM-armc/mutation/lowered-cpp/lens_blur/lens_blur.halide_generated.cpp:10488:38
lens_blur,cxx_default_on_emitted_cpp,5eb72c8d,14,16,cxx_mul_to_div,lens_blur.halide_generated.cpp,8013,31,generator_specific,0,0,0,,,,0,13.076,cxx_mul_to_div:/mnt/scratch1/ardi/dsl_mut/HM-armc/mutation/lowered-cpp/lens_blur/lens_blur.halide_generated.cpp:8013:31
lens_blur,cxx_default_on_emitted_cpp,5eb72c8d,14,16,cxx_add_to_sub,lens_blur.halide_generated.cpp,9996,36,generator_specific,0,0,0,,,,0,12.729,cxx_add_to_sub:/mnt/scratch1/ardi/dsl_mut/HM-armc/mutation/lowered-cpp/lens_blur/lens_blur.halide_generated.cpp:9996:36
lens_blur,cxx_default_on_emitted_cpp,5eb72c8d,14,16,cxx_add_to_sub,lens_blur.halide_generated.cpp,11350,39,generator_specific,0,0,1,,,test2_golden,0,13.444,cxx_add_to_sub:/mnt/scratch1/ardi/dsl_mut/HM-armc/mutation/lowered-cpp/lens_blur/lens_blur.halide_generated.cpp:11350:39
lens_blur,cxx_default_on_emitted_cpp,5eb72c8d,14,16,cxx_sub_to_add,lens_blur.halide_generated.cpp,13426,26,generator_specific,0,0,1,,,test2_golden,0,12.824,cxx_sub_to_add:/mnt/scratch1/ardi/dsl_mut/HM-armc/mutation/lowered-cpp/lens_blur/lens_blur.halide_generated.cpp:13426:26
lens_blur,cxx_default_on_emitted_cpp,5eb72c8d,14,16,cxx_mul_to_div,lens_blur.halide_generated.cpp,9048,34,generator_specific,0,0,0,,,,0,12.753,cxx_mul_to_div:/mnt/scratch1/ardi/dsl_mut/HM-armc/mutation/lowered-cpp/lens_blur/lens_blur.halide_generated.cpp:9048:34
lens_blur,cxx_default_on_emitted_cpp,5eb72c8d,14,16,cxx_add_to_sub,lens_blur.halide_generated.cpp,10394,38,generator_specific,0,0,0,,,,0,12.651,cxx_add_to_sub:/mnt/scratch1/ardi/dsl_mut/HM-armc/mutation/lowered-cpp/lens_blur/lens_blur.halide_generated.cpp:10394:38
lens_blur,cxx_default_on_emitted_cpp,5eb72c8d,14,16,cxx_mul_to_div,lens_blur.halide_generated.cpp,8181,31,generator_specific,-6,1,1,,,test1_demo;test2_golden,0,0.267,cxx_mul_to_div:/mnt/scratch1/ardi/dsl_mut/HM-armc/mutation/lowered-cpp/lens_blur/lens_blur.halide_generated.cpp:8181:31
lens_blur,cxx_default_on_emitted_cpp,5eb72c8d,14,16,cxx_add_to_sub,lens_blur.halide_generated.cpp,4777,30,generator_specific,0,0,0,,,,0,12.825,cxx_add_to_sub:/mnt/scratch1/ardi/dsl_mut/HM-armc/mutation/lowered-cpp/lens_blur/lens_blur.halide_generated.cpp:4777:30
lens_blur,cxx_default_on_emitted_cpp,5eb72c8d,14,16,cxx_lt_to_le,lens_blur.halide_generated.cpp,7771,82,generator_specific,0,0,0,,,,0,13.588,cxx_lt_to_le:/mnt/scratch1/ardi/dsl_mut/HM-armc/mutation/lowered-cpp/lens_blur/lens_blur.halide_generated.cpp:7771:82
lens_blur,cxx_default_on_emitted_cpp,5eb72c8d,14,16,cxx_replace_scalar_call,lens_blur.halide_generated.cpp,13421,21,generator_specific,0,0,0,,,,0,12.968,cxx_replace_scalar_call:/mnt/scratch1/ardi/dsl_mut/HM-armc/mutation/lowered-cpp/lens_blur/lens_blur.halide_generated.cpp:13421:21
lens_blur,cxx_default_on_emitted_cpp,5eb72c8d,14,16,cxx_remove_void_call,lens_blur.halide_generated.cpp,11814,7,generator_specific,0,0,0,,,,0,12.807,cxx_remove_void_call:/mnt/scratch1/ardi/dsl_mut/HM-armc/mutation/lowered-cpp/lens_blur/lens_blur.halide_generated.cpp:11814:7
lens_blur,cxx_default_on_emitted_cpp,5eb72c8d,14,16,cxx_remove_void_call,lens_blur.halide_generated.cpp,9624,14,generator_specific,0,0,0,,,,0,12.837,cxx_remove_void_call:/mnt/scratch1/ardi/dsl_mut/HM-armc/mutation/lowered-cpp/lens_blur/lens_blur.halide_generated.cpp:9624:14
lens_blur,cxx_default_on_emitted_cpp,5eb72c8d,14,16,cxx_add_to_sub,lens_blur.halide_generated.cpp,8227,87,generator_specific,0,0,1,,,test2_golden,0,12.848,cxx_add_to_sub:/mnt/scratch1/ardi/dsl_mut/HM-armc/mutation/lowered-cpp/lens_blur/lens_blur.halide_generated.cpp:8227:87
lens_blur,cxx_default_on_emitted_cpp,5eb72c8d,14,16,cxx_replace_scalar_call,lens_blur.halide_generated.cpp,12380,19,generator_specific,0,0,0,,,,0,12.776,cxx_replace_scalar_call:/mnt/scratch1/ardi/dsl_mut/HM-armc/mutation/lowered-cpp/lens_blur/lens_blur.halide_generated.cpp:12380:19
lens_blur,cxx_default_on_emitted_cpp,5eb72c8d,14,16,cxx_add_to_sub,lens_blur.halide_generated.cpp,4187,31,generator_specific,0,0,0,,,,0,13.211,cxx_add_to_sub:/mnt/scratch1/ardi/dsl_mut/HM-armc/mutation/lowered-cpp/lens_blur/lens_blur.halide_generated.cpp:4187:31
lens_blur,cxx_default_on_emitted_cpp,5eb72c8d,14,16,cxx_add_to_sub,lens_blur.halide_generated.cpp,8563,33,generator_specific,0,0,0,,,,0,12.843,cxx_add_to_sub:/mnt/scratch1/ardi/dsl_mut/HM-armc/mutation/lowered-cpp/lens_blur/lens_blur.halide_generated.cpp:8563:33
lens_blur,cxx_default_on_emitted_cpp,5eb72c8d,14,16,cxx_mul_to_div,lens_blur.halide_generated.cpp,11790,28,generator_specific,0,0,0,,,,0,13.009,cxx_mul_to_div:/mnt/scratch1/ardi/dsl_mut/HM-armc/mutation/lowered-cpp/lens_blur/lens_blur.halide_generated.cpp:11790:28
lens_blur,cxx_default_on_emitted_cpp,5eb72c8d,14,16,cxx_add_to_sub,lens_blur.halide_generated.cpp,12582,24,generator_specific,0,0,0,,,,0,12.880,cxx_add_to_sub:/mnt/scratch1/ardi/dsl_mut/HM-armc/mutation/lowered-cpp/lens_blur/lens_blur.halide_generated.cpp:12582:24
lens_blur,cxx_default_on_emitted_cpp,5eb72c8d,14,16,cxx_lt_to_le,lens_blur.halide_generated.cpp,6928,87,generator_specific,0,0,0,,,,0,12.943,cxx_lt_to_le:/mnt/scratch1/ardi/dsl_mut/HM-armc/mutation/lowered-cpp/lens_blur/lens_blur.halide_generated.cpp:6928:87
lens_blur,cxx_default_on_emitted_cpp,5eb72c8d,14,16,cxx_add_to_sub,lens_blur.halide_generated.cpp,9738,34,generator_specific,0,0,0,,,,0,12.698,cxx_add_to_sub:/mnt/scratch1/ardi/dsl_mut/HM-armc/mutation/lowered-cpp/lens_blur/lens_blur.halide_generated.cpp:9738:34
lens_blur,cxx_default_on_emitted_cpp,5eb72c8d,14,16,cxx_add_to_sub,lens_blur.halide_generated.cpp,10336,38,generator_specific,0,0,0,,,,0,14.060,cxx_add_to_sub:/mnt/scratch1/ardi/dsl_mut/HM-armc/mutation/lowered-cpp/lens_blur/lens_blur.halide_generated.cpp:10336:38
lens_blur,cxx_default_on_emitted_cpp,5eb72c8d,14,16,cxx_add_to_sub,lens_blur.halide_generated.cpp,7080,30,generator_specific,0,0,0,,,,0,12.948,cxx_add_to_sub:/mnt/scratch1/ardi/dsl_mut/HM-armc/mutation/lowered-cpp/lens_blur/lens_blur.halide_generated.cpp:7080:30
lens_blur,cxx_default_on_emitted_cpp,5eb72c8d,14,16,cxx_sub_to_add,lens_blur.halide_generated.cpp,4515,30,generator_specific,0,0,0,,,,0,13.488,cxx_sub_to_add:/mnt/scratch1/ardi/dsl_mut/HM-armc/mutation/lowered-cpp/lens_blur/lens_blur.halide_generated.cpp:4515:30
lens_blur,cxx_default_on_emitted_cpp,5eb72c8d,14,16,cxx_gt_to_ge,lens_blur.halide_generated.cpp,6277,73,generator_specific,0,0,0,,,,0,12.991,cxx_gt_to_ge:/mnt/scratch1/ardi/dsl_mut/HM-armc/mutation/lowered-cpp/lens_blur/lens_blur.halide_generated.cpp:6277:73
lens_blur,cxx_default_on_emitted_cpp,5eb72c8d,14,16,cxx_replace_scalar_call,lens_blur.halide_generated.cpp,13134,20,generator_specific,0,0,0,,,,0,13.394,cxx_replace_scalar_call:/mnt/scratch1/ardi/dsl_mut/HM-armc/mutation/lowered-cpp/lens_blur/lens_blur.halide_generated.cpp:13134:20
lens_blur,cxx_default_on_emitted_cpp,5eb72c8d,14,16,cxx_add_to_sub,lens_blur.halide_generated.cpp,11036,38,generator_specific,0,0,0,,,,0,13.562,cxx_add_to_sub:/mnt/scratch1/ardi/dsl_mut/HM-armc/mutation/lowered-cpp/lens_blur/lens_blur.halide_generated.cpp:11036:38
lens_blur,cxx_default_on_emitted_cpp,5eb72c8d,14,16,cxx_add_to_sub,lens_blur.halide_generated.cpp,13819,26,generator_specific,0,0,0,,,,0,13.293,cxx_add_to_sub:/mnt/scratch1/ardi/dsl_mut/HM-armc/mutation/lowered-cpp/lens_blur/lens_blur.halide_generated.cpp:13819:26
lens_blur,cxx_default_on_emitted_cpp,5eb72c8d,14,16,cxx_add_to_sub,lens_blur.halide_generated.cpp,5869,28,generator_specific,0,0,0,,,,0,13.442,cxx_add_to_sub:/mnt/scratch1/ardi/dsl_mut/HM-armc/mutation/lowered-cpp/lens_blur/lens_blur.halide_generated.cpp:5869:28
lens_blur,cxx_default_on_emitted_cpp,5eb72c8d,14,16,cxx_add_to_sub,lens_blur.halide_generated.cpp,6296,27,generator_specific,0,0,0,,,,0,12.973,cxx_add_to_sub:/mnt/scratch1/ardi/dsl_mut/HM-armc/mutation/lowered-cpp/lens_blur/lens_blur.halide_generated.cpp:6296:27
lens_blur,cxx_default_on_emitted_cpp,5eb72c8d,14,16,cxx_add_to_sub,lens_blur.halide_generated.cpp,14514,29,generator_specific,0,0,1,,,test2_golden,0,12.714,cxx_add_to_sub:/mnt/scratch1/ardi/dsl_mut/HM-armc/mutation/lowered-cpp/lens_blur/lens_blur.halide_generated.cpp:14514:29
lens_blur,cxx_default_on_emitted_cpp,5eb72c8d,14,16,cxx_mul_to_div,lens_blur.halide_generated.cpp,11117,38,generator_specific,0,0,0,,,,0,13.170,cxx_mul_to_div:/mnt/scratch1/ardi/dsl_mut/HM-armc/mutation/lowered-cpp/lens_blur/lens_blur.halide_generated.cpp:11117:38
lens_blur,cxx_default_on_emitted_cpp,5eb72c8d,14,16,cxx_mul_to_div,lens_blur.halide_generated.cpp,11150,39,generator_specific,0,0,0,,,,0,13.147,cxx_mul_to_div:/mnt/scratch1/ardi/dsl_mut/HM-armc/mutation/lowered-cpp/lens_blur/lens_blur.halide_generated.cpp:11150:39
lens_blur,cxx_default_on_emitted_cpp,5eb72c8d,14,16,cxx_add_to_sub,lens_blur.halide_generated.cpp,7086,32,generator_specific,0,0,0,,,,0,13.248,cxx_add_to_sub:/mnt/scratch1/ardi/dsl_mut/HM-armc/mutation/lowered-cpp/lens_blur/lens_blur.halide_generated.cpp:7086:32
lens_blur,cxx_default_on_emitted_cpp,5eb72c8d,14,16,cxx_mul_to_div,lens_blur.halide_generated.cpp,9958,36,generator_specific,0,0,0,,,,0,13.123,cxx_mul_to_div:/mnt/scratch1/ardi/dsl_mut/HM-armc/mutation/lowered-cpp/lens_blur/lens_blur.halide_generated.cpp:9958:36
lens_blur,cxx_default_on_emitted_cpp,5eb72c8d,14,16,cxx_add_to_sub,lens_blur.halide_generated.cpp,9175,35,generator_specific,0,0,0,,,,0,13.287,cxx_add_to_sub:/mnt/scratch1/ardi/dsl_mut/HM-armc/mutation/lowered-cpp/lens_blur/lens_blur.halide_generated.cpp:9175:35
lens_blur,cxx_default_on_emitted_cpp,5eb72c8d,14,16,cxx_mul_to_div,lens_blur.halide_generated.cpp,8991,34,generator_specific,0,0,0,,,,0,13.283,cxx_mul_to_div:/mnt/scratch1/ardi/dsl_mut/HM-armc/mutation/lowered-cpp/lens_blur/lens_blur.halide_generated.cpp:8991:34
lens_blur,cxx_default_on_emitted_cpp,5eb72c8d,14,16,cxx_add_to_sub,lens_blur.halide_generated.cpp,12689,24,generator_specific,0,0,0,,,,0,13.128,cxx_add_to_sub:/mnt/scratch1/ardi/dsl_mut/HM-armc/mutation/lowered-cpp/lens_blur/lens_blur.halide_generated.cpp:12689:24
lens_blur,cxx_default_on_emitted_cpp,5eb72c8d,14,16,cxx_add_to_sub,lens_blur.halide_generated.cpp,11548,29,generator_specific,-11,1,1,,,test1_demo;test2_golden,0,0.349,cxx_add_to_sub:/mnt/scratch1/ardi/dsl_mut/HM-armc/mutation/lowered-cpp/lens_blur/lens_blur.halide_generated.cpp:11548:29
lens_blur,cxx_default_on_emitted_cpp,5eb72c8d,14,16,cxx_add_to_sub,lens_blur.halide_generated.cpp,10897,38,generator_specific,0,0,0,,,,0,13.595,cxx_add_to_sub:/mnt/scratch1/ardi/dsl_mut/HM-armc/mutation/lowered-cpp/lens_blur/lens_blur.halide_generated.cpp:10897:38
lens_blur,cxx_default_on_emitted_cpp,5eb72c8d,14,16,cxx_replace_scalar_call,lens_blur.halide_generated.cpp,13246,20,generator_specific,0,0,0,,,,0,13.074,cxx_replace_scalar_call:/mnt/scratch1/ardi/dsl_mut/HM-armc/mutation/lowered-cpp/lens_blur/lens_blur.halide_generated.cpp:13246:20
lens_blur,cxx_default_on_emitted_cpp,5eb72c8d,14,16,cxx_lt_to_ge,lens_blur.halide_generated.cpp,4244,41,generator_specific,0,0,0,,,,0,13.462,cxx_lt_to_ge:/mnt/scratch1/ardi/dsl_mut/HM-armc/mutation/lowered-cpp/lens_blur/lens_blur.halide_generated.cpp:4244:41
lens_blur,cxx_default_on_emitted_cpp,5eb72c8d,14,16,cxx_add_to_sub,lens_blur.halide_generated.cpp,5289,24,generator_specific,0,0,0,,,,0,13.282,cxx_add_to_sub:/mnt/scratch1/ardi/dsl_mut/HM-armc/mutation/lowered-cpp/lens_blur/lens_blur.halide_generated.cpp:5289:24
lens_blur,cxx_default_on_emitted_cpp,5eb72c8d,14,16,cxx_add_to_sub,lens_blur.halide_generated.cpp,5538,29,generator_specific,-11,1,1,,,test1_demo;test2_golden,0,0.385,cxx_add_to_sub:/mnt/scratch1/ardi/dsl_mut/HM-armc/mutation/lowered-cpp/lens_blur/lens_blur.halide_generated.cpp:5538:29
lens_blur,cxx_default_on_emitted_cpp,5eb72c8d,14,16,cxx_ne_to_eq,lens_blur.halide_generated.cpp,4479,17,generator_specific,-6,1,1,,,test1_demo;test2_golden,0,0.026,cxx_ne_to_eq:/mnt/scratch1/ardi/dsl_mut/HM-armc/mutation/lowered-cpp/lens_blur/lens_blur.halide_generated.cpp:4479:17
lens_blur,cxx_default_on_emitted_cpp,5eb72c8d,14,16,cxx_add_to_sub,lens_blur.halide_generated.cpp,10761,38,generator_specific,0,0,0,,,,0,15.163,cxx_add_to_sub:/mnt/scratch1/ardi/dsl_mut/HM-armc/mutation/lowered-cpp/lens_blur/lens_blur.halide_generated.cpp:10761:38
lens_blur,cxx_default_on_emitted_cpp,5eb72c8d,14,16,cxx_add_to_sub,lens_blur.halide_generated.cpp,5391,26,generator_specific,0,0,1,,,test2_golden,0,13.097,cxx_add_to_sub:/mnt/scratch1/ardi/dsl_mut/HM-armc/mutation/lowered-cpp/lens_blur/lens_blur.halide_generated.cpp:5391:26
lens_blur,cxx_default_on_emitted_cpp,5eb72c8d,14,16,cxx_add_to_sub,lens_blur.halide_generated.cpp,7369,30,generator_specific,0,0,0,,,,0,12.869,cxx_add_to_sub:/mnt/scratch1/ardi/dsl_mut/HM-armc/mutation/lowered-cpp/lens_blur/lens_blur.halide_generated.cpp:7369:30
lens_blur,cxx_default_on_emitted_cpp,5eb72c8d,14,16,cxx_add_to_sub,lens_blur.halide_generated.cpp,7784,31,generator_specific,0,0,0,,,,0,12.930,cxx_add_to_sub:/mnt/scratch1/ardi/dsl_mut/HM-armc/mutation/lowered-cpp/lens_blur/lens_blur.halide_generated.cpp:7784:31
lens_blur,cxx_default_on_emitted_cpp,5eb72c8d,14,16,cxx_mul_to_div,lens_blur.halide_generated.cpp,9961,36,generator_specific,0,0,0,,,,0,12.802,cxx_mul_to_div:/mnt/scratch1/ardi/dsl_mut/HM-armc/mutation/lowered-cpp/lens_blur/lens_blur.halide_generated.cpp:9961:36
lens_blur,cxx_default_on_emitted_cpp,5eb72c8d,14,16,cxx_add_to_sub,lens_blur.halide_generated.cpp,5267,24,generator_specific,0,0,0,,,,0,13.214,cxx_add_to_sub:/mnt/scratch1/ardi/dsl_mut/HM-armc/mutation/lowered-cpp/lens_blur/lens_blur.halide_generated.cpp:5267:24
lens_blur,cxx_default_on_emitted_cpp,5eb72c8d,14,16,cxx_mul_to_div,lens_blur.halide_generated.cpp,6501,28,generator_specific,0,0,0,,,,0,13.142,cxx_mul_to_div:/mnt/scratch1/ardi/dsl_mut/HM-armc/mutation/lowered-cpp/lens_blur/lens_blur.halide_generated.cpp:6501:28
lens_blur,cxx_default_on_emitted_cpp,5eb72c8d,14,16,cxx_add_to_sub,lens_blur.halide_generated.cpp,7282,30,generator_specific,0,0,0,,,,0,12.988,cxx_add_to_sub:/mnt/scratch1/ardi/dsl_mut/HM-armc/mutation/lowered-cpp/lens_blur/lens_blur.halide_generated.cpp:7282:30
lens_blur,cxx_default_on_emitted_cpp,5eb72c8d,14,16,cxx_gt_to_ge,lens_blur.halide_generated.cpp,4472,16,generator_specific,0,0,0,,,,0,13.036,cxx_gt_to_ge:/mnt/scratch1/ardi/dsl_mut/HM-armc/mutation/lowered-cpp/lens_blur/lens_blur.halide_generated.cpp:4472:16
lens_blur,cxx_default_on_emitted_cpp,5eb72c8d,14,16,cxx_sub_to_add,lens_blur.halide_generated.cpp,5810,26,generator_specific,0,0,0,,,,0,12.974,cxx_sub_to_add:/mnt/scratch1/ardi/dsl_mut/HM-armc/mutation/lowered-cpp/lens_blur/lens_blur.halide_generated.cpp:5810:26
lens_blur,cxx_default_on_emitted_cpp,5eb72c8d,14,16,cxx_sub_to_add,lens_blur.halide_generated.cpp,9863,37,generator_specific,0,0,0,,,,0,13.323,cxx_sub_to_add:/mnt/scratch1/ardi/dsl_mut/HM-armc/mutation/lowered-cpp/lens_blur/lens_blur.halide_generated.cpp:9863:37
lens_blur,cxx_default_on_emitted_cpp,5eb72c8d,14,16,cxx_mul_to_div,lens_blur.halide_generated.cpp,12449,24,generator_specific,0,0,0,,,,0,12.994,cxx_mul_to_div:/mnt/scratch1/ardi/dsl_mut/HM-armc/mutation/lowered-cpp/lens_blur/lens_blur.halide_generated.cpp:12449:24
lens_blur,cxx_default_on_emitted_cpp,5eb72c8d,14,16,cxx_replace_scalar_call,lens_blur.halide_generated.cpp,12810,15,generator_specific,0,0,0,,,,0,12.977,cxx_replace_scalar_call:/mnt/scratch1/ardi/dsl_mut/HM-armc/mutation/lowered-cpp/lens_blur/lens_blur.halide_generated.cpp:12810:15
lens_blur,cxx_default_on_emitted_cpp,5eb72c8d,14,16,cxx_add_to_sub,lens_blur.halide_generated.cpp,6396,28,generator_specific,0,0,0,,,,0,13.538,cxx_add_to_sub:/mnt/scratch1/ardi/dsl_mut/HM-armc/mutation/lowered-cpp/lens_blur/lens_blur.halide_generated.cpp:6396:28
lens_blur,cxx_default_on_emitted_cpp,5eb72c8d,14,16,cxx_add_to_sub,lens_blur.halide_generated.cpp,4243,27,generator_specific,-11,1,1,,,test1_demo;test2_golden,0,0.050,cxx_add_to_sub:/mnt/scratch1/ardi/dsl_mut/HM-armc/mutation/lowered-cpp/lens_blur/lens_blur.halide_generated.cpp:4243:27
lens_blur,cxx_default_on_emitted_cpp,5eb72c8d,14,16,cxx_replace_scalar_call,lens_blur.halide_generated.cpp,11832,16,generator_specific,0,0,0,,,,0,13.058,cxx_replace_scalar_call:/mnt/scratch1/ardi/dsl_mut/HM-armc/mutation/lowered-cpp/lens_blur/lens_blur.halide_generated.cpp:11832:16
lens_blur,cxx_default_on_emitted_cpp,5eb72c8d,14,16,cxx_sub_to_add,lens_blur.halide_generated.cpp,7050,28,generator_specific,0,0,0,,,,0,13.142,cxx_sub_to_add:/mnt/scratch1/ardi/dsl_mut/HM-armc/mutation/lowered-cpp/lens_blur/lens_blur.halide_generated.cpp:7050:28
lens_blur,cxx_default_on_emitted_cpp,5eb72c8d,14,16,cxx_add_to_sub,lens_blur.halide_generated.cpp,14109,27,generator_specific,0,0,0,,,,0,13.099,cxx_add_to_sub:/mnt/scratch1/ardi/dsl_mut/HM-armc/mutation/lowered-cpp/lens_blur/lens_blur.halide_generated.cpp:14109:27
lens_blur,cxx_default_on_emitted_cpp,5eb72c8d,14,16,cxx_add_to_sub,lens_blur.halide_generated.cpp,7818,31,generator_specific,0,0,0,,,,0,12.882,cxx_add_to_sub:/mnt/scratch1/ardi/dsl_mut/HM-armc/mutation/lowered-cpp/lens_blur/lens_blur.halide_generated.cpp:7818:31
lens_blur,cxx_default_on_emitted_cpp,5eb72c8d,14,16,cxx_add_to_sub,lens_blur.halide_generated.cpp,7413,92,generator_specific,0,0,0,,,,0,13.123,cxx_add_to_sub:/mnt/scratch1/ardi/dsl_mut/HM-armc/mutation/lowered-cpp/lens_blur/lens_blur.halide_generated.cpp:7413:92
lens_blur,cxx_default_on_emitted_cpp,5eb72c8d,14,16,cxx_sub_to_add,lens_blur.halide_generated.cpp,10465,37,generator_specific,0,0,0,,,,0,13.272,cxx_sub_to_add:/mnt/scratch1/ardi/dsl_mut/HM-armc/mutation/lowered-cpp/lens_blur/lens_blur.halide_generated.cpp:10465:37
lens_blur,cxx_default_on_emitted_cpp,5eb72c8d,14,16,cxx_mul_to_div,lens_blur.halide_generated.cpp,10582,37,generator_specific,0,0,0,,,,0,13.033,cxx_mul_to_div:/mnt/scratch1/ardi/dsl_mut/HM-armc/mutation/lowered-cpp/lens_blur/lens_blur.halide_generated.cpp:10582:37
lens_blur,cxx_default_on_emitted_cpp,5eb72c8d,14,16,cxx_lt_to_le,lens_blur.halide_generated.cpp,7295,72,generator_specific,0,0,0,,,,0,13.110,cxx_lt_to_le:/mnt/scratch1/ardi/dsl_mut/HM-armc/mutation/lowered-cpp/lens_blur/lens_blur.halide_generated.cpp:7295:72
lens_blur,cxx_default_on_emitted_cpp,5eb72c8d,14,16,cxx_add_to_sub,lens_blur.halide_generated.cpp,13657,26,generator_specific,0,0,0,,,,0,13.140,cxx_add_to_sub:/mnt/scratch1/ardi/dsl_mut/HM-armc/mutation/lowered-cpp/lens_blur/lens_blur.halide_generated.cpp:13657:26
lens_blur,cxx_default_on_emitted_cpp,5eb72c8d,14,16,cxx_add_to_sub,lens_blur.halide_generated.cpp,4117,27,generator_specific,0,0,0,,,,0,12.977,cxx_add_to_sub:/mnt/scratch1/ardi/dsl_mut/HM-armc/mutation/lowered-cpp/lens_blur/lens_blur.halide_generated.cpp:4117:27
lens_blur,cxx_default_on_emitted_cpp,5eb72c8d,14,16,cxx_add_to_sub,lens_blur.halide_generated.cpp,7968,31,generator_specific,0,0,1,,,test2_golden,0,12.786,cxx_add_to_sub:/mnt/scratch1/ardi/dsl_mut/HM-armc/mutation/lowered-cpp/lens_blur/lens_blur.halide_generated.cpp:7968:31
lens_blur,cxx_default_on_emitted_cpp,5eb72c8d,14,16,cxx_mul_to_div,lens_blur.halide_generated.cpp,13382,25,generator_specific,0,0,0,,,,0,13.037,cxx_mul_to_div:/mnt/scratch1/ardi/dsl_mut/HM-armc/mutation/lowered-cpp/lens_blur/lens_blur.halide_generated.cpp:13382:25
lens_blur,cxx_default_on_emitted_cpp,5eb72c8d,14,16,cxx_add_to_sub,lens_blur.halide_generated.cpp,12546,24,generator_specific,0,0,0,,,,0,13.072,cxx_add_to_sub:/mnt/scratch1/ardi/dsl_mut/HM-armc/mutation/lowered-cpp/lens_blur/lens_blur.halide_generated.cpp:12546:24
lens_blur,cxx_default_on_emitted_cpp,5eb72c8d,14,16,cxx_mul_to_div,lens_blur.halide_generated.cpp,7284,30,generator_specific,0,0,0,,,,0,13.504,cxx_mul_to_div:/mnt/scratch1/ardi/dsl_mut/HM-armc/mutation/lowered-cpp/lens_blur/lens_blur.halide_generated.cpp:7284:30
lens_blur,cxx_default_on_emitted_cpp,5eb72c8d,14,16,cxx_add_to_sub,lens_blur.halide_generated.cpp,12708,24,generator_specific,0,0,0,,,,0,13.093,cxx_add_to_sub:/mnt/scratch1/ardi/dsl_mut/HM-armc/mutation/lowered-cpp/lens_blur/lens_blur.halide_generated.cpp:12708:24
lens_blur,cxx_default_on_emitted_cpp,5eb72c8d,14,16,cxx_add_to_sub,lens_blur.halide_generated.cpp,11631,28,generator_specific,0,0,0,,,,0,12.897,cxx_add_to_sub:/mnt/scratch1/ardi/dsl_mut/HM-armc/mutation/lowered-cpp/lens_blur/lens_blur.halide_generated.cpp:11631:28
lens_blur,cxx_default_on_emitted_cpp,5eb72c8d,14,16,cxx_add_to_sub,lens_blur.halide_generated.cpp,8133,32,generator_specific,0,0,0,,,,0,12.714,cxx_add_to_sub:/mnt/scratch1/ardi/dsl_mut/HM-armc/mutation/lowered-cpp/lens_blur/lens_blur.halide_generated.cpp:8133:32
lens_blur,cxx_default_on_emitted_cpp,5eb72c8d,14,16,cxx_mul_to_div,lens_blur.halide_generated.cpp,10000,36,generator_specific,0,0,0,,,,0,12.732,cxx_mul_to_div:/mnt/scratch1/ardi/dsl_mut/HM-armc/mutation/lowered-cpp/lens_blur/lens_blur.halide_generated.cpp:10000:36
lens_blur,cxx_default_on_emitted_cpp,5eb72c8d,14,16,cxx_add_to_sub,lens_blur.halide_generated.cpp,7536,29,generator_specific,0,0,0,,,,0,13.512,cxx_add_to_sub:/mnt/scratch1/ardi/dsl_mut/HM-armc/mutation/lowered-cpp/lens_blur/lens_blur.halide_generated.cpp:7536:29
lens_blur,cxx_default_on_emitted_cpp,5eb72c8d,14,16,cxx_gt_to_ge,lens_blur.halide_generated.cpp,5785,72,generator_specific,0,0,0,,,,0,13.286,cxx_gt_to_ge:/mnt/scratch1/ardi/dsl_mut/HM-armc/mutation/lowered-cpp/lens_blur/lens_blur.halide_generated.cpp:5785:72
lens_blur,cxx_default_on_emitted_cpp,5eb72c8d,14,16,cxx_sub_to_add,lens_blur.halide_generated.cpp,10228,36,generator_specific,0,0,0,,,,0,13.664,cxx_sub_to_add:/mnt/scratch1/ardi/dsl_mut/HM-armc/mutation/lowered-cpp/lens_blur/lens_blur.halide_generated.cpp:10228:36
lens_blur,cxx_default_on_emitted_cpp,5eb72c8d,14,16,cxx_add_to_sub,lens_blur.halide_generated.cpp,5910,27,generator_specific,0,0,0,,,,0,13.279,cxx_add_to_sub:/mnt/scratch1/ardi/dsl_mut/HM-armc/mutation/lowered-cpp/lens_blur/lens_blur.halide_generated.cpp:5910:27
lens_blur,cxx_default_on_emitted_cpp,5eb72c8d,14,16,cxx_mul_to_div,lens_blur.halide_generated.cpp,5359,46,generator_specific,0,0,0,,,,0,13.301,cxx_mul_to_div:/mnt/scratch1/ardi/dsl_mut/HM-armc/mutation/lowered-cpp/lens_blur/lens_blur.halide_generated.cpp:5359:46
lens_blur,cxx_default_on_emitted_cpp,5eb72c8d,14,16,cxx_add_to_sub,lens_blur.halide_generated.cpp,6365,31,generator_specific,0,0,0,,,,0,13.536,cxx_add_to_sub:/mnt/scratch1/ardi/dsl_mut/HM-armc/mutation/lowered-cpp/lens_blur/lens_blur.halide_generated.cpp:6365:31
lens_blur,cxx_default_on_emitted_cpp,5eb72c8d,14,16,cxx_add_to_sub,lens_blur.halide_generated.cpp,5409,26,generator_specific,0,0,1,,,test2_golden,0,13.406,cxx_add_to_sub:/mnt/scratch1/ardi/dsl_mut/HM-armc/mutation/lowered-cpp/lens_blur/lens_blur.halide_generated.cpp:5409:26
lens_blur,cxx_default_on_emitted_cpp,5eb72c8d,14,16,cxx_mul_to_div,lens_blur.halide_generated.cpp,9454,35,generator_specific,0,0,0,,,,0,12.967,cxx_mul_to_div:/mnt/scratch1/ardi/dsl_mut/HM-armc/mutation/lowered-cpp/lens_blur/lens_blur.halide_generated.cpp:9454:35
lens_blur,cxx_default_on_emitted_cpp,5eb72c8d,14,16,cxx_add_to_sub,lens_blur.halide_generated.cpp,6409,29,generator_specific,0,0,0,,,,0,13.571,cxx_add_to_sub:/mnt/scratch1/ardi/dsl_mut/HM-armc/mutation/lowered-cpp/lens_blur/lens_blur.halide_generated.cpp:6409:29
lens_blur,cxx_default_on_emitted_cpp,5eb72c8d,14,16,cxx_add_to_sub,lens_blur.halide_generated.cpp,6896,32,generator_specific,0,0,0,,,,0,12.790,cxx_add_to_sub:/mnt/scratch1/ardi/dsl_mut/HM-armc/mutation/lowered-cpp/lens_blur/lens_blur.halide_generated.cpp:6896:32
lens_blur,cxx_default_on_emitted_cpp,5eb72c8d,14,16,cxx_le_to_gt,lens_blur.halide_generated.cpp,13330,18,generator_specific,-6,1,1,,,test1_demo;test2_golden,0,0.018,cxx_le_to_gt:/mnt/scratch1/ardi/dsl_mut/HM-armc/mutation/lowered-cpp/lens_blur/lens_blur.halide_generated.cpp:13330:18
lens_blur,cxx_default_on_emitted_cpp,5eb72c8d,14,16,cxx_add_to_sub,lens_blur.halide_generated.cpp,12893,25,generator_specific,0,0,0,,,,0,13.210,cxx_add_to_sub:/mnt/scratch1/ardi/dsl_mut/HM-armc/mutation/lowered-cpp/lens_blur/lens_blur.halide_generated.cpp:12893:25
lens_blur,cxx_default_on_emitted_cpp,5eb72c8d,14,16,cxx_add_to_sub,lens_blur.halide_generated.cpp,9252,33,generator_specific,0,0,0,,,,0,13.276,cxx_add_to_sub:/mnt/scratch1/ardi/dsl_mut/HM-armc/mutation/lowered-cpp/lens_blur/lens_blur.halide_generated.cpp:9252:33
lens_blur,cxx_default_on_emitted_cpp,5eb72c8d,14,16,cxx_add_to_sub,lens_blur.halide_generated.cpp,10355,37,generator_specific,0,0,0,,,,0,13.407,cxx_add_to_sub:/mnt/scratch1/ardi/dsl_mut/HM-armc/mutation/lowered-cpp/lens_blur/lens_blur.halide_generated.cpp:10355:37
lens_blur,cxx_default_on_emitted_cpp,5eb72c8d,14,16,cxx_mul_to_div,lens_blur.halide_generated.cpp,13822,26,generator_specific,0,0,0,,,,0,13.782,cxx_mul_to_div:/mnt/scratch1/ardi/dsl_mut/HM-armc/mutation/lowered-cpp/lens_blur/lens_blur.halide_generated.cpp:13822:26
lens_blur,cxx_default_on_emitted_cpp,5eb72c8d,14,16,cxx_add_to_sub,lens_blur.halide_generated.cpp,10034,37,generator_specific,0,0,0,,,,0,14.130,cxx_add_to_sub:/mnt/scratch1/ardi/dsl_mut/HM-armc/mutation/lowered-cpp/lens_blur/lens_blur.halide_generated.cpp:10034:37
lens_blur,cxx_default_on_emitted_cpp,5eb72c8d,14,16,cxx_mul_to_div,lens_blur.halide_generated.cpp,11049,38,generator_specific,0,0,0,,,,0,13.486,cxx_mul_to_div:/mnt/scratch1/ardi/dsl_mut/HM-armc/mutation/lowered-cpp/lens_blur/lens_blur.halide_generated.cpp:11049:38
lens_blur,cxx_default_on_emitted_cpp,5eb72c8d,14,16,cxx_add_to_sub,lens_blur.halide_generated.cpp,3714,23,generator_specific,-11,1,1,,,test1_demo;test2_golden,0,0.019,cxx_add_to_sub:/mnt/scratch1/ardi/dsl_mut/HM-armc/mutation/lowered-cpp/lens_blur/lens_blur.halide_generated.cpp:3714:23
lens_blur,cxx_default_on_emitted_cpp,5eb72c8d,14,16,cxx_mul_to_div,lens_blur.halide_generated.cpp,8939,43,generator_specific,0,0,0,,,,0,14.571,cxx_mul_to_div:/mnt/scratch1/ardi/dsl_mut/HM-armc/mutation/lowered-cpp/lens_blur/lens_blur.halide_generated.cpp:8939:43
lens_blur,cxx_default_on_emitted_cpp,5eb72c8d,14,16,cxx_gt_to_ge,lens_blur.halide_generated.cpp,4081,72,generator_specific,0,0,0,,,,0,13.858,cxx_gt_to_ge:/mnt/scratch1/ardi/dsl_mut/HM-armc/mutation/lowered-cpp/lens_blur/lens_blur.halide_generated.cpp:4081:72
lens_blur,cxx_default_on_emitted_cpp,5eb72c8d,14,16,cxx_sub_to_add,lens_blur.halide_generated.cpp,8359,32,generator_specific,0,0,0,,,,0,13.975,cxx_sub_to_add:/mnt/scratch1/ardi/dsl_mut/HM-armc/mutation/lowered-cpp/lens_blur/lens_blur.halide_generated.cpp:8359:32
lens_blur,cxx_default_on_emitted_cpp,5eb72c8d,14,16,cxx_mul_to_div,lens_blur.halide_generated.cpp,8924,34,generator_specific,0,0,0,,,,0,13.220,cxx_mul_to_div:/mnt/scratch1/ardi/dsl_mut/HM-armc/mutation/lowered-cpp/lens_blur/lens_blur.halide_generated.cpp:8924:34
lens_blur,cxx_default_on_emitted_cpp,5eb72c8d,14,16,cxx_mul_to_div,lens_blur.halide_generated.cpp,13866,26,generator_specific,0,0,0,,,,0,14.018,cxx_mul_to_div:/mnt/scratch1/ardi/dsl_mut/HM-armc/mutation/lowered-cpp/lens_blur/lens_blur.halide_generated.cpp:13866:26
lens_blur,cxx_default_on_emitted_cpp,5eb72c8d,14,16,cxx_add_to_sub,lens_blur.halide_generated.cpp,7756,29,generator_specific,0,0,0,,,,0,13.706,cxx_add_to_sub:/mnt/scratch1/ardi/dsl_mut/HM-armc/mutation/lowered-cpp/lens_blur/lens_blur.halide_generated.cpp:7756:29
lens_blur,cxx_default_on_emitted_cpp,5eb72c8d,14,16,cxx_gt_to_ge,lens_blur.halide_generated.cpp,11999,72,generator_specific,0,0,0,,,,0,13.244,cxx_gt_to_ge:/mnt/scratch1/ardi/dsl_mut/HM-armc/mutation/lowered-cpp/lens_blur/lens_blur.halide_generated.cpp:11999:72
lens_blur,cxx_default_on_emitted_cpp,5eb72c8d,14,16,cxx_le_to_lt,lens_blur.halide_generated.cpp,13346,18,generator_specific,0,0,0,,,,0,12.995,cxx_le_to_lt:/mnt/scratch1/ardi/dsl_mut/HM-armc/mutation/lowered-cpp/lens_blur/lens_blur.halide_generated.cpp:13346:18
lens_blur,cxx_default_on_emitted_cpp,5eb72c8d,14,16,cxx_add_to_sub,lens_blur.halide_generated.cpp,6669,29,generator_specific,0,0,0,,,,0,12.732,cxx_add_to_sub:/mnt/scratch1/ardi/dsl_mut/HM-armc/mutation/lowered-cpp/lens_blur/lens_blur.halide_generated.cpp:6669:29
lens_blur,cxx_default_on_emitted_cpp,5eb72c8d,14,16,cxx_add_to_sub,lens_blur.halide_generated.cpp,12934,25,generator_specific,0,0,0,,,,0,12.736,cxx_add_to_sub:/mnt/scratch1/ardi/dsl_mut/HM-armc/mutation/lowered-cpp/lens_blur/lens_blur.halide_generated.cpp:12934:25
lens_blur,cxx_default_on_emitted_cpp,5eb72c8d,14,16,cxx_replace_scalar_call,lens_blur.halide_generated.cpp,5268,18,generator_specific,0,0,0,,,,0,13.065,cxx_replace_scalar_call:/mnt/scratch1/ardi/dsl_mut/HM-armc/mutation/lowered-cpp/lens_blur/lens_blur.halide_generated.cpp:5268:18
lens_blur,cxx_default_on_emitted_cpp,5eb72c8d,14,16,cxx_add_to_sub,lens_blur.halide_generated.cpp,12996,25,generator_specific,0,0,0,,,,0,13.005,cxx_add_to_sub:/mnt/scratch1/ardi/dsl_mut/HM-armc/mutation/lowered-cpp/lens_blur/lens_blur.halide_generated.cpp:12996:25
lens_blur,cxx_default_on_emitted_cpp,5eb72c8d,14,16,cxx_add_to_sub,lens_blur.halide_generated.cpp,8536,35,generator_specific,0,0,0,,,,0,13.797,cxx_add_to_sub:/mnt/scratch1/ardi/dsl_mut/HM-armc/mutation/lowered-cpp/lens_blur/lens_blur.halide_generated.cpp:8536:35
lens_blur,cxx_default_on_emitted_cpp,5eb72c8d,14,16,cxx_lt_to_ge,lens_blur.halide_generated.cpp,6091,69,generator_specific,0,0,0,,,,0,12.749,cxx_lt_to_ge:/mnt/scratch1/ardi/dsl_mut/HM-armc/mutation/lowered-cpp/lens_blur/lens_blur.halide_generated.cpp:6091:69
lens_blur,cxx_default_on_emitted_cpp,5eb72c8d,14,16,cxx_add_to_sub,lens_blur.halide_generated.cpp,4513,30,generator_specific,-11,1,1,,,test1_demo;test2_golden,0,0.040,cxx_add_to_sub:/mnt/scratch1/ardi/dsl_mut/HM-armc/mutation/lowered-cpp/lens_blur/lens_blur.halide_generated.cpp:4513:30
lens_blur,cxx_default_on_emitted_cpp,5eb72c8d,14,16,cxx_sub_to_add,lens_blur.halide_generated.cpp,7782,31,generator_specific,0,0,0,,,,0,13.046,cxx_sub_to_add:/mnt/scratch1/ardi/dsl_mut/HM-armc/mutation/lowered-cpp/lens_blur/lens_blur.halide_generated.cpp:7782:31
lens_blur,cxx_default_on_emitted_cpp,5eb72c8d,14,16,cxx_mul_to_div,lens_blur.halide_generated.cpp,6865,29,generator_specific,0,0,0,,,,0,12.892,cxx_mul_to_div:/mnt/scratch1/ardi/dsl_mut/HM-armc/mutation/lowered-cpp/lens_blur/lens_blur.halide_generated.cpp:6865:29
lens_blur,cxx_default_on_emitted_cpp,5eb72c8d,14,16,cxx_add_to_sub,lens_blur.halide_generated.cpp,3746,24,generator_specific,0,0,1,,,test2_golden,0,13.054,cxx_add_to_sub:/mnt/scratch1/ardi/dsl_mut/HM-armc/mutation/lowered-cpp/lens_blur/lens_blur.halide_generated.cpp:3746:24
lens_blur,cxx_default_on_emitted_cpp,5eb72c8d,14,16,cxx_add_to_sub,lens_blur.halide_generated.cpp,12088,32,generator_specific,0,0,1,,,test2_golden,0,13.432,cxx_add_to_sub:/mnt/scratch1/ardi/dsl_mut/HM-armc/mutation/lowered-cpp/lens_blur/lens_blur.halide_generated.cpp:12088:32
lens_blur,cxx_default_on_emitted_cpp,5eb72c8d,14,16,cxx_mul_to_div,lens_blur.halide_generated.cpp,4073,33,generator_specific,0,0,0,,,,0,13.719,cxx_mul_to_div:/mnt/scratch1/ardi/dsl_mut/HM-armc/mutation/lowered-cpp/lens_blur/lens_blur.halide_generated.cpp:4073:33
lens_blur,cxx_default_on_emitted_cpp,5eb72c8d,14,16,cxx_add_to_sub,lens_blur.halide_generated.cpp,7196,27,generator_specific,0,0,0,,,,0,13.131,cxx_add_to_sub:/mnt/scratch1/ardi/dsl_mut/HM-armc/mutation/lowered-cpp/lens_blur/lens_blur.halide_generated.cpp:7196:27
lens_blur,cxx_default_on_emitted_cpp,5eb72c8d,14,16,cxx_add_to_sub,lens_blur.halide_generated.cpp,7624,30,generator_specific,0,0,0,,,,0,13.344,cxx_add_to_sub:/mnt/scratch1/ardi/dsl_mut/HM-armc/mutation/lowered-cpp/lens_blur/lens_blur.halide_generated.cpp:7624:30
lens_blur,cxx_default_on_emitted_cpp,5eb72c8d,14,16,cxx_add_to_sub,lens_blur.halide_generated.cpp,9052,35,generator_specific,0,0,0,,,,0,12.795,cxx_add_to_sub:/mnt/scratch1/ardi/dsl_mut/HM-armc/mutation/lowered-cpp/lens_blur/lens_blur.halide_generated.cpp:9052:35
lens_blur,cxx_default_on_emitted_cpp,5eb72c8d,14,16,cxx_add_to_sub,lens_blur.halide_generated.cpp,10919,39,generator_specific,0,0,0,,,,0,12.911,cxx_add_to_sub:/mnt/scratch1/ardi/dsl_mut/HM-armc/mutation/lowered-cpp/lens_blur/lens_blur.halide_generated.cpp:10919:39
lens_blur,cxx_default_on_emitted_cpp,5eb72c8d,14,16,cxx_add_to_sub,lens_blur.halide_generated.cpp,9352,34,generator_specific,0,0,0,,,,0,12.972,cxx_add_to_sub:/mnt/scratch1/ardi/dsl_mut/HM-armc/mutation/lowered-cpp/lens_blur/lens_blur.halide_generated.cpp:9352:34
lens_blur,cxx_default_on_emitted_cpp,5eb72c8d,14,16,cxx_add_to_sub,lens_blur.halide_generated.cpp,8565,35,generator_specific,0,0,0,,,,0,13.066,cxx_add_to_sub:/mnt/scratch1/ardi/dsl_mut/HM-armc/mutation/lowered-cpp/lens_blur/lens_blur.halide_generated.cpp:8565:35
lens_blur,cxx_default_on_emitted_cpp,5eb72c8d,14,16,cxx_mul_to_div,lens_blur.halide_generated.cpp,10476,37,generator_specific,0,0,0,,,,0,13.158,cxx_mul_to_div:/mnt/scratch1/ardi/dsl_mut/HM-armc/mutation/lowered-cpp/lens_blur/lens_blur.halide_generated.cpp:10476:37
lens_blur,cxx_default_on_emitted_cpp,5eb72c8d,14,16,cxx_add_to_sub,lens_blur.halide_generated.cpp,10067,37,generator_specific,0,0,0,,,,0,12.840,cxx_add_to_sub:/mnt/scratch1/ardi/dsl_mut/HM-armc/mutation/lowered-cpp/lens_blur/lens_blur.halide_generated.cpp:10067:37
lens_blur,cxx_default_on_emitted_cpp,5eb72c8d,14,16,cxx_add_to_sub,lens_blur.halide_generated.cpp,5843,28,generator_specific,0,0,0,,,,0,13.168,cxx_add_to_sub:/mnt/scratch1/ardi/dsl_mut/HM-armc/mutation/lowered-cpp/lens_blur/lens_blur.halide_generated.cpp:5843:28
lens_blur,cxx_default_on_emitted_cpp,5eb72c8d,14,16,cxx_mul_to_div,lens_blur.halide_generated.cpp,10728,39,generator_specific,0,0,0,,,,0,13.069,cxx_mul_to_div:/mnt/scratch1/ardi/dsl_mut/HM-armc/mutation/lowered-cpp/lens_blur/lens_blur.halide_generated.cpp:10728:39
lens_blur,cxx_default_on_emitted_cpp,5eb72c8d,14,16,cxx_add_to_sub,lens_blur.halide_generated.cpp,6890,30,generator_specific,0,0,0,,,,0,13.099,cxx_add_to_sub:/mnt/scratch1/ardi/dsl_mut/HM-armc/mutation/lowered-cpp/lens_blur/lens_blur.halide_generated.cpp:6890:30
lens_blur,cxx_default_on_emitted_cpp,5eb72c8d,14,16,cxx_add_to_sub,lens_blur.halide_generated.cpp,7541,30,generator_specific,0,0,0,,,,0,13.203,cxx_add_to_sub:/mnt/scratch1/ardi/dsl_mut/HM-armc/mutation/lowered-cpp/lens_blur/lens_blur.halide_generated.cpp:7541:30
lens_blur,cxx_default_on_emitted_cpp,5eb72c8d,14,16,cxx_add_to_sub,lens_blur.halide_generated.cpp,8131,34,generator_specific,0,0,0,,,,0,13.888,cxx_add_to_sub:/mnt/scratch1/ardi/dsl_mut/HM-armc/mutation/lowered-cpp/lens_blur/lens_blur.halide_generated.cpp:8131:34
lens_blur,cxx_default_on_emitted_cpp,5eb72c8d,14,16,cxx_add_to_sub,lens_blur.halide_generated.cpp,10605,35,generator_specific,-6,1,1,,,test1_demo;test2_golden,0,0.217,cxx_add_to_sub:/mnt/scratch1/ardi/dsl_mut/HM-armc/mutation/lowered-cpp/lens_blur/lens_blur.halide_generated.cpp:10605:35
lens_blur,cxx_default_on_emitted_cpp,5eb72c8d,14,16,cxx_lt_to_le,lens_blur.halide_generated.cpp,3673,47,generator_specific,0,0,0,,,,0,13.250,cxx_lt_to_le:/mnt/scratch1/ardi/dsl_mut/HM-armc/mutation/lowered-cpp/lens_blur/lens_blur.halide_generated.cpp:3673:47
lens_blur,cxx_default_on_emitted_cpp,5eb72c8d,14,16,cxx_gt_to_le,lens_blur.halide_generated.cpp,11939,71,generator_specific,-6,1,1,,,test1_demo;test2_golden,0,0.595,cxx_gt_to_le:/mnt/scratch1/ardi/dsl_mut/HM-armc/mutation/lowered-cpp/lens_blur/lens_blur.halide_generated.cpp:11939:71
lens_blur,cxx_default_on_emitted_cpp,5eb72c8d,14,16,cxx_mul_to_div,lens_blur.halide_generated.cpp,11294,38,generator_specific,0,0,0,,,,0,13.679,cxx_mul_to_div:/mnt/scratch1/ardi/dsl_mut/HM-armc/mutation/lowered-cpp/lens_blur/lens_blur.halide_generated.cpp:11294:38
lens_blur,cxx_default_on_emitted_cpp,5eb72c8d,14,16,cxx_gt_to_le,lens_blur.halide_generated.cpp,8837,34,generator_specific,0,0,0,,,,0,12.844,cxx_gt_to_le:/mnt/scratch1/ardi/dsl_mut/HM-armc/mutation/lowered-cpp/lens_blur/lens_blur.halide_generated.cpp:8837:34
lens_blur,cxx_default_on_emitted_cpp,5eb72c8d,14,16,cxx_mul_to_div,lens_blur.halide_generated.cpp,8670,78,generator_specific,0,0,0,,,,0,13.805,cxx_mul_to_div:/mnt/scratch1/ardi/dsl_mut/HM-armc/mutation/lowered-cpp/lens_blur/lens_blur.halide_generated.cpp:8670:78
lens_blur,cxx_default_on_emitted_cpp,5eb72c8d,14,16,cxx_add_to_sub,lens_blur.halide_generated.cpp,13598,26,generator_specific,0,0,0,,,,0,14.287,cxx_add_to_sub:/mnt/scratch1/ardi/dsl_mut/HM-armc/mutation/lowered-cpp/lens_blur/lens_blur.halide_generated.cpp:13598:26
lens_blur,cxx_default_on_emitted_cpp,5eb72c8d,14,16,cxx_add_to_sub,lens_blur.halide_generated.cpp,4764,30,generator_specific,-11,1,1,,,test1_demo;test2_golden,0,0.057,cxx_add_to_sub:/mnt/scratch1/ardi/dsl_mut/HM-armc/mutation/lowered-cpp/lens_blur/lens_blur.halide_generated.cpp:4764:30
lens_blur,cxx_default_on_emitted_cpp,5eb72c8d,14,16,cxx_mul_to_div,lens_blur.halide_generated.cpp,9138,34,generator_specific,0,0,0,,,,0,13.811,cxx_mul_to_div:/mnt/scratch1/ardi/dsl_mut/HM-armc/mutation/lowered-cpp/lens_blur/lens_blur.halide_generated.cpp:9138:34
lens_blur,cxx_default_on_emitted_cpp,5eb72c8d,14,16,cxx_add_to_sub,lens_blur.halide_generated.cpp,9894,37,generator_specific,0,0,1,,,test2_golden,0,13.419,cxx_add_to_sub:/mnt/scratch1/ardi/dsl_mut/HM-armc/mutation/lowered-cpp/lens_blur/lens_blur.halide_generated.cpp:9894:37
lens_blur,cxx_default_on_emitted_cpp,5eb72c8d,14,16,cxx_add_to_sub,lens_blur.halide_generated.cpp,5172,23,generator_specific,0,0,0,,,,0,13.137,cxx_add_to_sub:/mnt/scratch1/ardi/dsl_mut/HM-armc/mutation/lowered-cpp/lens_blur/lens_blur.halide_generated.cpp:5172:23
lens_blur,cxx_default_on_emitted_cpp,5eb72c8d,14,16,cxx_mul_to_div,lens_blur.halide_generated.cpp,6302,27,generator_specific,0,0,0,,,,0,13.179,cxx_mul_to_div:/mnt/scratch1/ardi/dsl_mut/HM-armc/mutation/lowered-cpp/lens_blur/lens_blur.halide_generated.cpp:6302:27
lens_blur,cxx_default_on_emitted_cpp,5eb72c8d,14,16,cxx_add_to_sub,lens_blur.halide_generated.cpp,6930,57,generator_specific,0,0,0,,,,0,13.302,cxx_add_to_sub:/mnt/scratch1/ardi/dsl_mut/HM-armc/mutation/lowered-cpp/lens_blur/lens_blur.halide_generated.cpp:6930:57
lens_blur,cxx_default_on_emitted_cpp,5eb72c8d,14,16,cxx_add_to_sub,lens_blur.halide_generated.cpp,6521,28,generator_specific,0,0,0,,,,0,13.094,cxx_add_to_sub:/mnt/scratch1/ardi/dsl_mut/HM-armc/mutation/lowered-cpp/lens_blur/lens_blur.halide_generated.cpp:6521:28
lens_blur,cxx_default_on_emitted_cpp,5eb72c8d,14,16,cxx_sub_to_add,lens_blur.halide_generated.cpp,4317,30,generator_specific,0,0,1,,,test2_golden,0,14.111,cxx_sub_to_add:/mnt/scratch1/ardi/dsl_mut/HM-armc/mutation/lowered-cpp/lens_blur/lens_blur.halide_generated.cpp:4317:30
lens_blur,cxx_default_on_emitted_cpp,5eb72c8d,14,16,cxx_mul_to_div,lens_blur.halide_generated.cpp,10555,37,generator_specific,0,0,0,,,,0,13.168,cxx_mul_to_div:/mnt/scratch1/ardi/dsl_mut/HM-armc/mutation/lowered-cpp/lens_blur/lens_blur.halide_generated.cpp:10555:37
lens_blur,cxx_default_on_emitted_cpp,5eb72c8d,14,16,cxx_add_to_sub,lens_blur.halide_generated.cpp,9978,36,generator_specific,0,0,0,,,,0,13.410,cxx_add_to_sub:/mnt/scratch1/ardi/dsl_mut/HM-armc/mutation/lowered-cpp/lens_blur/lens_blur.halide_generated.cpp:9978:36
lens_blur,cxx_default_on_emitted_cpp,5eb72c8d,14,16,cxx_sub_to_add,lens_blur.halide_generated.cpp,9788,35,generator_specific,0,0,0,,,,0,13.070,cxx_sub_to_add:/mnt/scratch1/ardi/dsl_mut/HM-armc/mutation/lowered-cpp/lens_blur/lens_blur.halide_generated.cpp:9788:35
lens_blur,cxx_default_on_emitted_cpp,5eb72c8d,14,16,cxx_add_to_sub,lens_blur.halide_generated.cpp,13644,26,generator_specific,0,0,0,,,,0,13.226,cxx_add_to_sub:/mnt/scratch1/ardi/dsl_mut/HM-armc/mutation/lowered-cpp/lens_blur/lens_blur.halide_generated.cpp:13644:26
lens_blur,cxx_default_on_emitted_cpp,5eb72c8d,14,16,cxx_mul_to_div,lens_blur.halide_generated.cpp,13038,25,generator_specific,0,0,0,,,,0,13.180,cxx_mul_to_div:/mnt/scratch1/ardi/dsl_mut/HM-armc/mutation/lowered-cpp/lens_blur/lens_blur.halide_generated.cpp:13038:25
lens_blur,cxx_default_on_emitted_cpp,5eb72c8d,14,16,cxx_add_to_sub,lens_blur.halide_generated.cpp,3681,22,generator_specific,0,0,1,,,test2_golden,0,13.473,cxx_add_to_sub:/mnt/scratch1/ardi/dsl_mut/HM-armc/mutation/lowered-cpp/lens_blur/lens_blur.halide_generated.cpp:3681:22
lens_blur,cxx_default_on_emitted_cpp,5eb72c8d,14,16,cxx_replace_scalar_call,lens_blur.halide_generated.cpp,12596,18,generator_specific,0,0,0,,,,0,12.991,cxx_replace_scalar_call:/mnt/scratch1/ardi/dsl_mut/HM-armc/mutation/lowered-cpp/lens_blur/lens_blur.halide_generated.cpp:12596:18
lens_blur,cxx_default_on_emitted_cpp,5eb72c8d,14,16,cxx_add_to_sub,lens_blur.halide_generated.cpp,5474,88,generator_specific,0,0,0,,,,0,12.945,cxx_add_to_sub:/mnt/scratch1/ardi/dsl_mut/HM-armc/mutation/lowered-cpp/lens_blur/lens_blur.halide_generated.cpp:5474:88
lens_blur,cxx_default_on_emitted_cpp,5eb72c8d,14,16,cxx_remove_void_call,lens_blur.halide_generated.cpp,11657,6,generator_specific,0,0,1,,,test2_golden,0,12.445,cxx_remove_void_call:/mnt/scratch1/ardi/dsl_mut/HM-armc/mutation/lowered-cpp/lens_blur/lens_blur.halide_generated.cpp:11657:6
lens_blur,cxx_default_on_emitted_cpp,5eb72c8d,14,16,cxx_sub_to_add,lens_blur.halide_generated.cpp,10667,37,generator_specific,0,0,0,,,,0,13.622,cxx_sub_to_add:/mnt/scratch1/ardi/dsl_mut/HM-armc/mutation/lowered-cpp/lens_blur/lens_blur.halide_generated.cpp:10667:37
lens_blur,cxx_default_on_emitted_cpp,5eb72c8d,14,16,cxx_add_to_sub,lens_blur.halide_generated.cpp,11249,38,generator_specific,0,0,0,,,,0,13.774,cxx_add_to_sub:/mnt/scratch1/ardi/dsl_mut/HM-armc/mutation/lowered-cpp/lens_blur/lens_blur.halide_generated.cpp:11249:38
lens_blur,cxx_default_on_emitted_cpp,5eb72c8d,14,16,cxx_sub_to_add,lens_blur.halide_generated.cpp,8882,33,generator_specific,0,0,0,,,,0,12.609,cxx_sub_to_add:/mnt/scratch1/ardi/dsl_mut/HM-armc/mutation/lowered-cpp/lens_blur/lens_blur.halide_generated.cpp:8882:33
lens_blur,cxx_default_on_emitted_cpp,5eb72c8d,14,16,cxx_add_to_sub,lens_blur.halide_generated.cpp,6805,29,generator_specific,0,0,0,,,,0,13.972,cxx_add_to_sub:/mnt/scratch1/ardi/dsl_mut/HM-armc/mutation/lowered-cpp/lens_blur/lens_blur.halide_generated.cpp:6805:29
lens_blur,cxx_default_on_emitted_cpp,5eb72c8d,14,16,cxx_add_to_sub,lens_blur.halide_generated.cpp,8591,32,generator_specific,0,0,0,,,,0,13.139,cxx_add_to_sub:/mnt/scratch1/ardi/dsl_mut/HM-armc/mutation/lowered-cpp/lens_blur/lens_blur.halide_generated.cpp:8591:32
lens_blur,cxx_default_on_emitted_cpp,5eb72c8d,14,16,cxx_mul_to_div,lens_blur.halide_generated.cpp,6706,27,generator_specific,0,0,0,,,,0,12.959,cxx_mul_to_div:/mnt/scratch1/ardi/dsl_mut/HM-armc/mutation/lowered-cpp/lens_blur/lens_blur.halide_generated.cpp:6706:27
lens_blur,cxx_default_on_emitted_cpp,5eb72c8d,14,16,cxx_sub_to_add,lens_blur.halide_generated.cpp,11559,29,generator_specific,0,0,0,,,,0,12.120,cxx_sub_to_add:/mnt/scratch1/ardi/dsl_mut/HM-armc/mutation/lowered-cpp/lens_blur/lens_blur.halide_generated.cpp:11559:29
lens_blur,cxx_default_on_emitted_cpp,5eb72c8d,14,16,cxx_add_to_sub,lens_blur.halide_generated.cpp,10195,35,generator_specific,0,0,0,,,,0,11.432,cxx_add_to_sub:/mnt/scratch1/ardi/dsl_mut/HM-armc/mutation/lowered-cpp/lens_blur/lens_blur.halide_generated.cpp:10195:35
lens_blur,cxx_default_on_emitted_cpp,5eb72c8d,14,16,cxx_remove_void_call,lens_blur.halide_generated.cpp,3632,2,generator_specific,0,0,0,,,,0,11.838,cxx_remove_void_call:/mnt/scratch1/ardi/dsl_mut/HM-armc/mutation/lowered-cpp/lens_blur/lens_blur.halide_generated.cpp:3632:2
lens_blur,cxx_default_on_emitted_cpp,5eb72c8d,14,16,cxx_add_to_sub,lens_blur.halide_generated.cpp,5081,22,generator_specific,0,0,0,,,,0,11.629,cxx_add_to_sub:/mnt/scratch1/ardi/dsl_mut/HM-armc/mutation/lowered-cpp/lens_blur/lens_blur.halide_generated.cpp:5081:22
lens_blur,cxx_default_on_emitted_cpp,5eb72c8d,14,16,cxx_add_to_sub,lens_blur.halide_generated.cpp,8987,35,generator_specific,0,0,0,,,,0,11.908,cxx_add_to_sub:/mnt/scratch1/ardi/dsl_mut/HM-armc/mutation/lowered-cpp/lens_blur/lens_blur.halide_generated.cpp:8987:35
lens_blur,cxx_default_on_emitted_cpp,5eb72c8d,14,16,cxx_sub_to_add,lens_blur.halide_generated.cpp,4766,30,generator_specific,0,0,0,,,,0,11.508,cxx_sub_to_add:/mnt/scratch1/ardi/dsl_mut/HM-armc/mutation/lowered-cpp/lens_blur/lens_blur.halide_generated.cpp:4766:30
lens_blur,cxx_default_on_emitted_cpp,5eb72c8d,14,16,cxx_sub_to_add,lens_blur.halide_generated.cpp,7773,31,generator_specific,0,0,0,,,,0,11.902,cxx_sub_to_add:/mnt/scratch1/ardi/dsl_mut/HM-armc/mutation/lowered-cpp/lens_blur/lens_blur.halide_generated.cpp:7773:31
lens_blur,cxx_default_on_emitted_cpp,5eb72c8d,14,16,cxx_lt_to_ge,lens_blur.halide_generated.cpp,9353,54,generator_specific,0,0,1,,,test2_golden,0,11.631,cxx_lt_to_ge:/mnt/scratch1/ardi/dsl_mut/HM-armc/mutation/lowered-cpp/lens_blur/lens_blur.halide_generated.cpp:9353:54
lens_blur,cxx_default_on_emitted_cpp,5eb72c8d,14,16,cxx_add_to_sub,lens_blur.halide_generated.cpp,13842,26,generator_specific,0,0,0,,,,0,11.759,cxx_add_to_sub:/mnt/scratch1/ardi/dsl_mut/HM-armc/mutation/lowered-cpp/lens_blur/lens_blur.halide_generated.cpp:13842:26
lens_blur,cxx_default_on_emitted_cpp,5eb72c8d,14,16,cxx_add_to_sub,lens_blur.halide_generated.cpp,4680,48,generator_specific,0,0,0,,,,0,11.631,cxx_add_to_sub:/mnt/scratch1/ardi/dsl_mut/HM-armc/mutation/lowered-cpp/lens_blur/lens_blur.halide_generated.cpp:4680:48
lens_blur,cxx_default_on_emitted_cpp,5eb72c8d,14,16,cxx_sub_to_add,lens_blur.halide_generated.cpp,8224,31,generator_specific,0,0,0,,,,0,11.734,cxx_sub_to_add:/mnt/scratch1/ardi/dsl_mut/HM-armc/mutation/lowered-cpp/lens_blur/lens_blur.halide_generated.cpp:8224:31
lens_blur,cxx_default_on_emitted_cpp,5eb72c8d,14,16,cxx_add_to_sub,lens_blur.halide_generated.cpp,6079,26,generator_specific,0,0,0,,,,0,11.643,cxx_add_to_sub:/mnt/scratch1/ardi/dsl_mut/HM-armc/mutation/lowered-cpp/lens_blur/lens_blur.halide_generated.cpp:6079:26
lens_blur,cxx_default_on_emitted_cpp,5eb72c8d,14,16,cxx_mul_to_div,lens_blur.halide_generated.cpp,10820,38,generator_specific,0,0,0,,,,0,11.678,cxx_mul_to_div:/mnt/scratch1/ardi/dsl_mut/HM-armc/mutation/lowered-cpp/lens_blur/lens_blur.halide_generated.cpp:10820:38
lens_blur,cxx_default_on_emitted_cpp,5eb72c8d,14,16,cxx_add_to_sub,lens_blur.halide_generated.cpp,4430,45,generator_specific,0,0,0,,,,0,11.614,cxx_add_to_sub:/mnt/scratch1/ardi/dsl_mut/HM-armc/mutation/lowered-cpp/lens_blur/lens_blur.halide_generated.cpp:4430:45
lens_blur,cxx_default_on_emitted_cpp,5eb72c8d,14,16,cxx_mul_to_div,lens_blur.halide_generated.cpp,7644,30,generator_specific,0,0,0,,,,0,11.797,cxx_mul_to_div:/mnt/scratch1/ardi/dsl_mut/HM-armc/mutation/lowered-cpp/lens_blur/lens_blur.halide_generated.cpp:7644:30
lens_blur,cxx_default_on_emitted_cpp,5eb72c8d,14,16,cxx_add_to_sub,lens_blur.halide_generated.cpp,3669,20,generator_specific,0,0,0,,,,0,11.615,cxx_add_to_sub:/mnt/scratch1/ardi/dsl_mut/HM-armc/mutation/lowered-cpp/lens_blur/lens_blur.halide_generated.cpp:3669:20
lens_blur,cxx_default_on_emitted_cpp,5eb72c8d,14,16,cxx_add_to_sub,lens_blur.halide_generated.cpp,8969,35,generator_specific,0,0,0,,,,0,11.460,cxx_add_to_sub:/mnt/scratch1/ardi/dsl_mut/HM-armc/mutation/lowered-cpp/lens_blur/lens_blur.halide_generated.cpp:8969:35
lens_blur,cxx_default_on_emitted_cpp,5eb72c8d,14,16,cxx_mul_to_div,lens_blur.halide_generated.cpp,9616,35,generator_specific,0,0,0,,,,0,11.672,cxx_mul_to_div:/mnt/scratch1/ardi/dsl_mut/HM-armc/mutation/lowered-cpp/lens_blur/lens_blur.halide_generated.cpp:9616:35
lens_blur,cxx_default_on_emitted_cpp,5eb72c8d,14,16,cxx_add_to_sub,lens_blur.halide_generated.cpp,7101,30,generator_specific,0,0,0,,,,0,11.614,cxx_add_to_sub:/mnt/scratch1/ardi/dsl_mut/HM-armc/mutation/lowered-cpp/lens_blur/lens_blur.halide_generated.cpp:7101:30
lens_blur,cxx_default_on_emitted_cpp,5eb72c8d,14,16,cxx_add_to_sub,lens_blur.halide_generated.cpp,5833,27,generator_specific,0,0,0,,,,0,11.565,cxx_add_to_sub:/mnt/scratch1/ardi/dsl_mut/HM-armc/mutation/lowered-cpp/lens_blur/lens_blur.halide_generated.cpp:5833:27
lens_blur,cxx_default_on_emitted_cpp,5eb72c8d,14,16,cxx_add_to_sub,lens_blur.halide_generated.cpp,8461,32,generator_specific,0,0,0,,,,0,11.681,cxx_add_to_sub:/mnt/scratch1/ardi/dsl_mut/HM-armc/mutation/lowered-cpp/lens_blur/lens_blur.halide_generated.cpp:8461:32
lens_blur,cxx_default_on_emitted_cpp,5eb72c8d,14,16,cxx_add_to_sub,lens_blur.halide_generated.cpp,9548,35,generator_specific,0,0,1,,,test2_golden,0,11.918,cxx_add_to_sub:/mnt/scratch1/ardi/dsl_mut/HM-armc/mutation/lowered-cpp/lens_blur/lens_blur.halide_generated.cpp:9548:35
lens_blur,cxx_default_on_emitted_cpp,5eb72c8d,14,16,cxx_mul_to_div,lens_blur.halide_generated.cpp,13840,26,generator_specific,0,0,0,,,,0,11.855,cxx_mul_to_div:/mnt/scratch1/ardi/dsl_mut/HM-armc/mutation/lowered-cpp/lens_blur/lens_blur.halide_generated.cpp:13840:26
lens_blur,cxx_default_on_emitted_cpp,5eb72c8d,14,16,cxx_sub_to_add,lens_blur.halide_generated.cpp,9560,35,generator_specific,0,0,0,,,,0,11.572,cxx_sub_to_add:/mnt/scratch1/ardi/dsl_mut/HM-armc/mutation/lowered-cpp/lens_blur/lens_blur.halide_generated.cpp:9560:35
lens_blur,cxx_default_on_emitted_cpp,5eb72c8d,14,16,cxx_add_to_sub,lens_blur.halide_generated.cpp,12129,30,generator_specific,0,0,1,,,test2_golden,0,11.981,cxx_add_to_sub:/mnt/scratch1/ardi/dsl_mut/HM-armc/mutation/lowered-cpp/lens_blur/lens_blur.halide_generated.cpp:12129:30
lens_blur,cxx_default_on_emitted_cpp,5eb72c8d,14,16,cxx_add_to_sub,lens_blur.halide_generated.cpp,11325,39,generator_specific,0,0,0,,,,0,11.662,cxx_add_to_sub:/mnt/scratch1/ardi/dsl_mut/HM-armc/mutation/lowered-cpp/lens_blur/lens_blur.halide_generated.cpp:11325:39
lens_blur,cxx_default_on_emitted_cpp,5eb72c8d,14,16,cxx_add_to_sub,lens_blur.halide_generated.cpp,9340,33,generator_specific,0,0,0,,,,0,11.546,cxx_add_to_sub:/mnt/scratch1/ardi/dsl_mut/HM-armc/mutation/lowered-cpp/lens_blur/lens_blur.halide_generated.cpp:9340:33
lens_blur,cxx_default_on_emitted_cpp,5eb72c8d,14,16,cxx_add_to_sub,lens_blur.halide_generated.cpp,6781,28,generator_specific,0,0,0,,,,0,11.729,cxx_add_to_sub:/mnt/scratch1/ardi/dsl_mut/HM-armc/mutation/lowered-cpp/lens_blur/lens_blur.halide_generated.cpp:6781:28
lens_blur,cxx_default_on_emitted_cpp,5eb72c8d,14,16,cxx_replace_scalar_call,lens_blur.halide_generated.cpp,2493,17,boilerplate,0,0,0,,,,0,11.887,cxx_replace_scalar_call:/mnt/scratch1/ardi/dsl_mut/HM-armc/mutation/lowered-cpp/lens_blur/lens_blur.halide_generated.cpp:2493:17
lens_blur,cxx_default_on_emitted_cpp,5eb72c8d,14,16,cxx_post_inc_to_post_dec,lens_blur.halide_generated.cpp,8760,79,generator_specific,-9,1,0,,,test1_demo,1,90.597,cxx_post_inc_to_post_dec:/mnt/scratch1/ardi/dsl_mut/HM-armc/mutation/lowered-cpp/lens_blur/lens_blur.halide_generated.cpp:8760:79
