app,arm,mull_commit,slice_index,slice_count,mutator,file,line,column,region,exit_code,test1_demo,test2_golden,test2_written,test3_perf,killed_by,timed_out,wall_seconds,mutant_key
lens_blur,cxx_default_on_emitted_cpp,5eb72c8d,4,16,cxx_eq_to_ne,lens_blur.halide_generated.cpp,12852,22,generator_specific,-6,1,1,,,test1_demo;test2_golden,0,0.017,cxx_eq_to_ne:/mnt/scratch1/ardi/dsl_mut/HM-armc/mutation/lowered-cpp/lens_blur/lens_blur.halide_generated.cpp:12852:22
lens_blur,cxx_default_on_emitted_cpp,5eb72c8d,4,16,cxx_le_to_lt,lens_blur.halide_generated.cpp,12892,22,generator_specific,0,0,1,,,test2_golden,0,0.025,cxx_le_to_lt:/mnt/scratch1/ardi/dsl_mut/HM-armc/mutation/lowered-cpp/lens_blur/lens_blur.halide_generated.cpp:12892:22
lens_blur,cxx_default_on_emitted_cpp,5eb72c8d,4,16,cxx_gt_to_le,lens_blur.halide_generated.cpp,8184,77,generator_specific,-6,1,1,,,test1_demo;test2_golden,0,0.209,cxx_gt_to_le:/mnt/scratch1/ardi/dsl_mut/HM-armc/mutation/lowered-cpp/lens_blur/lens_blur.halide_generated.cpp:8184:77
lens_blur,cxx_default_on_emitted_cpp,5eb72c8d,4,16,cxx_post_inc_to_post_dec,lens_blur.halide_generated.cpp,8937,80,generator_specific,-11,1,1,,,test1_demo;test2_golden,0,0.214,cxx_post_inc_to_post_dec:/mnt/scratch1/ardi/dsl_mut/HM-armc/mutation/lowered-cpp/lens_blur/lens_blur.halide_generated.cpp:8937:80
lens_blur,cxx_default_on_emitted_cpp,5eb72c8d,4,16,cxx_add_to_sub,lens_blur.halide_generated.cpp,5653,29,generator_specific,-11,1,1,,,test1_demo;test2_golden,0,0.240,cxx_add_to_sub:/mnt/scratch1/ardi/dsl_mut/HM-armc/mutation/lowered-cpp/lens_blur/lens_blur.halide_generated.cpp:5653:29
lens_blur,cxx_default_on_emitted_cpp,5eb72c8d,4,16,cxx_add_to_sub,lens_blur.halide_generated.cpp,5875,30,generator_specific,-11,1,1,,,test1_demo;test2_golden,0,0.246,cxx_add_to_sub:/mnt/scratch1/ardi/dsl_mut/HM-armc/mutation/lowered-cpp/lens_blur/lens_blur.halide_generated.cpp:5875:30
lens_blur,cxx_default_on_emitted_cpp,5eb72c8d,4,16,cxx_add_to_sub,lens_blur.halide_generated.cpp,5305,25,generator_specific,-6,1,1,,,test1_demo;test2_golden,0,0.271,cxx_add_to_sub:/mnt/scratch1/ardi/dsl_mut/HM-armc/mutation/lowered-cpp/lens_blur/lens_blur.halide_generated.cpp:5305:25
lens_blur,cxx_default_on_emitted_cpp,5eb72c8d,4,16,cxx_add_to_sub,lens_blur.halide_generated.cpp,4262,33,generator_specific,-11,1,1,,,test1_demo;test2_golden,0,0.038,cxx_add_to_sub:/mnt/scratch1/ardi/dsl_mut/HM-armc/mutation/lowered-cpp/lens_blur/lens_blur.halide_generated.cpp:4262:33
lens_blur,cxx_default_on_emitted_cpp,5eb72c8d,4,16,cxx_add_to_sub,lens_blur.halide_generated.cpp,7395,31,generator_specific,-6,1,1,,,test1_demo;test2_golden,0,0.273,cxx_add_to_sub:/mnt/scratch1/ardi/dsl_mut/HM-armc/mutation/lowered-cpp/lens_blur/lens_blur.halide_generated.cpp:7395:31
lens_blur,cxx_default_on_emitted_cpp,5eb72c8d,4,16,cxx_gt_to_le,lens_blur.halide_generated.cpp,14117,29,generator_specific,-11,1,1,,,test1_demo;test2_golden,0,0.413,cxx_gt_to_le:/mnt/scratch1/ardi/dsl_mut/HM-armc/mutation/lowered-cpp/lens_blur/lens_blur.halide_generated.cpp:14117:29
lens_blur,cxx_default_on_emitted_cpp,5eb72c8d,4,16,cxx_add_to_sub,lens_blur.halide_generated.cpp,11974,28,generator_specific,-11,1,1,,,test1_demo;test2_golden,0,0.454,cxx_add_to_sub:/mnt/scratch1/ardi/dsl_mut/HM-armc/mutation/lowered-cpp/lens_blur/lens_blur.halide_generated.cpp:11974:28
lens_blur,cxx_default_on_emitted_cpp,5eb72c8d,4,16,cxx_add_to_sub,lens_blur.halide_generated.cpp,3835,25,generator_specific,-11,1,1,,,test1_demo;test2_golden,0,0.638,cxx_add_to_sub:/mnt/scratch1/ardi/dsl_mut/HM-armc/mutation/lowered-cpp/lens_blur/lens_blur.halide_generated.cpp:3835:25
lens_blur,cxx_default_on_emitted_cpp,5eb72c8d,4,16,cxx_mul_to_div,lens_blur.halide_generated.cpp,11945,62,generator_specific,-6,1,1,,,test1_demo;test2_golden,0,0.647,cxx_mul_to_div:/mnt/scratch1/ardi/dsl_mut/HM-armc/mutation/lowered-cpp/lens_blur/lens_blur.halide_generated.cpp:11945:62
lens_blur,cxx_default_on_emitted_cpp,5eb72c8d,4,16,cxx_mul_to_div,lens_blur.halide_generated.cpp,9654,35,generator_specific,0,0,0,,,,0,12.914,cxx_mul_to_div:/mnt/scratch1/ardi/dsl_mut/HM-armc/mutation/lowered-cpp/lens_blur/lens_blur.halide_generated.cpp:9654:35
lens_blur,cxx_default_on_emitted_cpp,5eb72c8d,4,16,cxx_replace_scalar_call,lens_blur.halide_generated.cpp,12424,18,generator_specific,0,0,1,,,test2_golden,0,12.948,cxx_replace_scalar_call:/mnt/scratch1/ardi/dsl_mut/HM-armc/mutation/lowered-cpp/lens_blur/lens_blur.halide_generated.cpp:12424:18
lens_blur,cxx_default_on_emitted_cpp,5eb72c8d,4,16,cxx_add_to_sub,lens_blur.halide_generated.cpp,11495,26,generator_specific,0,0,0,,,,0,12.978,cxx_add_to_sub:/mnt/scratch1/ardi/dsl_mut/HM-armc/mutation/lowered-cpp/lens_blur/lens_blur.halide_generated.cpp:11495:26
lens_blur,cxx_default_on_emitted_cpp,5eb72c8d,4,16,cxx_add_to_sub,lens_blur.halide_generated.cpp,7974,32,generator_specific,0,0,0,,,,0,12.959,cxx_add_to_sub:/mnt/scratch1/ardi/dsl_mut/HM-armc/mutation/lowered-cpp/lens_blur/lens_blur.halide_generated.cpp:7974:32
lens_blur,cxx_default_on_emitted_cpp,5eb72c8d,4,16,cxx_lt_to_le,lens_blur.halide_generated.cpp,9116,54,generator_specific,0,0,0,,,,0,12.926,cxx_lt_to_le:/mnt/scratch1/ardi/dsl_mut/HM-armc/mutation/lowered-cpp/lens_blur/lens_blur.halide_generated.cpp:9116:54
lens_blur,cxx_default_on_emitted_cpp,5eb72c8d,4,16,cxx_add_to_sub,lens_blur.halide_generated.cpp,7353,33,generator_specific,0,0,0,,,,0,12.962,cxx_add_to_sub:/mnt/scratch1/ardi/dsl_mut/HM-armc/mutation/lowered-cpp/lens_blur/lens_blur.halide_generated.cpp:7353:33
lens_blur,cxx_default_on_emitted_cpp,5eb72c8d,4,16,cxx_sub_to_add,lens_blur.halide_generated.cpp,13397,25,generator_specific,0,0,0,,,,0,12.971,cxx_sub_to_add:/mnt/scratch1/ardi/dsl_mut/HM-armc/mutation/lowered-cpp/lens_blur/lens_blur.halide_generated.cpp:13397:25
lens_blur,cxx_default_on_emitted_cpp,5eb72c8d,4,16,cxx_add_to_sub,lens_blur.halide_generated.cpp,8329,35,generator_specific,0,0,0,,,,0,12.987,cxx_add_to_sub:/mnt/scratch1/ardi/dsl_mut/HM-armc/mutation/lowered-cpp/lens_blur/lens_blur.halide_generated.cpp:8329:35
lens_blur,cxx_default_on_emitted_cpp,5eb72c8d,4,16,cxx_add_to_sub,lens_blur.halide_generated.cpp,7011,30,generator_specific,0,0,0,,,,0,12.964,cxx_add_to_sub:/mnt/scratch1/ardi/dsl_mut/HM-armc/mutation/lowered-cpp/lens_blur/lens_blur.halide_generated.cpp:7011:30
lens_blur,cxx_default_on_emitted_cpp,5eb72c8d,4,16,cxx_replace_scalar_call,lens_blur.halide_generated.cpp,11717,21,generator_specific,0,0,0,,,,0,12.970,cxx_replace_scalar_call:/mnt/scratch1/ardi/dsl_mut/HM-armc/mutation/lowered-cpp/lens_blur/lens_blur.halide_generated.cpp:11717:21
lens_blur,cxx_default_on_emitted_cpp,5eb72c8d,4,16,cxx_add_to_sub,lens_blur.halide_generated.cpp,11132,39,generator_specific,0,0,0,,,,0,12.960,cxx_add_to_sub:/mnt/scratch1/ardi/dsl_mut/HM-armc/mutation/lowered-cpp/lens_blur/lens_blur.halide_generated.cpp:11132:39
lens_blur,cxx_default_on_emitted_cpp,5eb72c8d,4,16,cxx_mul_to_div,lens_blur.halide_generated.cpp,7821,31,generator_specific,0,0,0,,,,0,13.008,cxx_mul_to_div:/mnt/scratch1/ardi/dsl_mut/HM-armc/mutation/lowered-cpp/lens_blur/lens_blur.halide_generated.cpp:7821:31
lens_blur,cxx_default_on_emitted_cpp,5eb72c8d,4,16,cxx_remove_void_call,lens_blur.halide_generated.cpp,11668,6,generator_specific,0,0,0,,,,0,13.045,cxx_remove_void_call:/mnt/scratch1/ardi/dsl_mut/HM-armc/mutation/lowered-cpp/lens_blur/lens_blur.halide_generated.cpp:11668:6
lens_blur,cxx_default_on_emitted_cpp,5eb72c8d,4,16,cxx_sub_to_add,lens_blur.halide_generated.cpp,10449,37,generator_specific,0,0,0,,,,0,13.025,cxx_sub_to_add:/mnt/scratch1/ardi/dsl_mut/HM-armc/mutation/lowered-cpp/lens_blur/lens_blur.halide_generated.cpp:10449:37
lens_blur,cxx_default_on_emitted_cpp,5eb72c8d,4,16,cxx_mul_to_div,lens_blur.halide_generated.cpp,4435,28,generator_specific,0,0,0,,,,0,13.090,cxx_mul_to_div:/mnt/scratch1/ardi/dsl_mut/HM-armc/mutation/lowered-cpp/lens_blur/lens_blur.halide_generated.cpp:4435:28
lens_blur,cxx_default_on_emitted_cpp,5eb72c8d,4,16,cxx_add_to_sub,lens_blur.halide_generated.cpp,8199,30,generator_specific,0,0,1,,,test2_golden,0,13.092,cxx_add_to_sub:/mnt/scratch1/ardi/dsl_mut/HM-armc/mutation/lowered-cpp/lens_blur/lens_blur.halide_generated.cpp:8199:30
lens_blur,cxx_default_on_emitted_cpp,5eb72c8d,4,16,cxx_add_to_sub,lens_blur.halide_generated.cpp,9609,35,generator_specific,0,0,0,,,,0,13.060,cxx_add_to_sub:/mnt/scratch1/ardi/dsl_mut/HM-armc/mutation/lowered-cpp/lens_blur/lens_blur.halide_generated.cpp:9609:35
lens_blur,cxx_default_on_emitted_cpp,5eb72c8d,4,16,cxx_add_to_sub,lens_blur.halide_generated.cpp,6615,28,generator_specific,0,0,0,,,,0,13.084,cxx_add_to_sub:/mnt/scratch1/ardi/dsl_mut/HM-armc/mutation/lowered-cpp/lens_blur/lens_blur.halide_generated.cpp:6615:28
lens_blur,cxx_default_on_emitted_cpp,5eb72c8d,4,16,cxx_add_to_sub,lens_blur.halide_generated.cpp,8431,35,generator_specific,0,0,0,,,,0,13.122,cxx_add_to_sub:/mnt/scratch1/ardi/dsl_mut/HM-armc/mutation/lowered-cpp/lens_blur/lens_blur.halide_generated.cpp:8431:35
lens_blur,cxx_default_on_emitted_cpp,5eb72c8d,4,16,cxx_add_to_sub,lens_blur.halide_generated.cpp,10193,35,generator_specific,0,0,0,,,,0,13.144,cxx_add_to_sub:/mnt/scratch1/ardi/dsl_mut/HM-armc/mutation/lowered-cpp/lens_blur/lens_blur.halide_generated.cpp:10193:35
lens_blur,cxx_default_on_emitted_cpp,5eb72c8d,4,16,cxx_mul_to_div,lens_blur.halide_generated.cpp,9893,36,generator_specific,0,0,0,,,,0,13.173,cxx_mul_to_div:/mnt/scratch1/ardi/dsl_mut/HM-armc/mutation/lowered-cpp/lens_blur/lens_blur.halide_generated.cpp:9893:36
lens_blur,cxx_default_on_emitted_cpp,5eb72c8d,4,16,cxx_gt_to_le,lens_blur.halide_generated.cpp,6761,29,generator_specific,0,0,0,,,,0,13.149,cxx_gt_to_le:/mnt/scratch1/ardi/dsl_mut/HM-armc/mutation/lowered-cpp/lens_blur/lens_blur.halide_generated.cpp:6761:29
lens_blur,cxx_default_on_emitted_cpp,5eb72c8d,4,16,cxx_mul_to_div,lens_blur.halide_generated.cpp,7532,29,generator_specific,0,0,0,,,,0,13.203,cxx_mul_to_div:/mnt/scratch1/ardi/dsl_mut/HM-armc/mutation/lowered-cpp/lens_blur/lens_blur.halide_generated.cpp:7532:29
lens_blur,cxx_default_on_emitted_cpp,5eb72c8d,4,16,cxx_add_to_sub,lens_blur.halide_generated.cpp,9811,36,generator_specific,0,0,0,,,,0,13.194,cxx_add_to_sub:/mnt/scratch1/ardi/dsl_mut/HM-armc/mutation/lowered-cpp/lens_blur/lens_blur.halide_generated.cpp:9811:36
lens_blur,cxx_default_on_emitted_cpp,5eb72c8d,4,16,cxx_replace_scalar_call,lens_blur.halide_generated.cpp,12468,18,generator_specific,0,0,0,,,,0,13.214,cxx_replace_scalar_call:/mnt/scratch1/ardi/dsl_mut/HM-armc/mutation/lowered-cpp/lens_blur/lens_blur.halide_generated.cpp:12468:18
lens_blur,cxx_default_on_emitted_cpp,5eb72c8d,4,16,cxx_lt_to_le,lens_blur.halide_generated.cpp,8031,82,generator_specific,0,0,0,,,,0,12.937,cxx_lt_to_le:/mnt/scratch1/ardi/dsl_mut/HM-armc/mutation/lowered-cpp/lens_blur/lens_blur.halide_generated.cpp:8031:82
lens_blur,cxx_default_on_emitted_cpp,5eb72c8d,4,16,cxx_add_to_sub,lens_blur.halide_generated.cpp,9432,35,generator_specific,0,0,0,,,,0,13.254,cxx_add_to_sub:/mnt/scratch1/ardi/dsl_mut/HM-armc/mutation/lowered-cpp/lens_blur/lens_blur.halide_generated.cpp:9432:35
lens_blur,cxx_default_on_emitted_cpp,5eb72c8d,4,16,cxx_sub_to_add,lens_blur.halide_generated.cpp,4746,30,generator_specific,0,0,0,,,,0,13.257,cxx_sub_to_add:/mnt/scratch1/ardi/dsl_mut/HM-armc/mutation/lowered-cpp/lens_blur/lens_blur.halide_generated.cpp:4746:30
lens_blur,cxx_default_on_emitted_cpp,5eb72c8d,4,16,cxx_add_to_sub,lens_blur.halide_generated.cpp,14403,28,generator_specific,0,0,0,,,,0,13.260,cxx_add_to_sub:/mnt/scratch1/ardi/dsl_mut/HM-armc/mutation/lowered-cpp/lens_blur/lens_blur.halide_generated.cpp:14403:28
lens_blur,cxx_default_on_emitted_cpp,5eb72c8d,4,16,cxx_lt_to_le,lens_blur.halide_generated.cpp,8044,73,generator_specific,0,0,0,,,,0,13.274,cxx_lt_to_le:/mnt/scratch1/ardi/dsl_mut/HM-armc/mutation/lowered-cpp/lens_blur/lens_blur.halide_generated.cpp:8044:73
lens_blur,cxx_default_on_emitted_cpp,5eb72c8d,4,16,cxx_replace_scalar_call,lens_blur.halide_generated.cpp,3728,17,generator_specific,0,0,1,,,test2_golden,0,13.279,cxx_replace_scalar_call:/mnt/scratch1/ardi/dsl_mut/HM-armc/mutation/lowered-cpp/lens_blur/lens_blur.halide_generated.cpp:3728:17
lens_blur,cxx_default_on_emitted_cpp,5eb72c8d,4,16,cxx_replace_scalar_call,lens_blur.halide_generated.cpp,13082,20,generator_specific,0,0,0,,,,0,13.234,cxx_replace_scalar_call:/mnt/scratch1/ardi/dsl_mut/HM-armc/mutation/lowered-cpp/lens_blur/lens_blur.halide_generated.cpp:13082:20
lens_blur,cxx_default_on_emitted_cpp,5eb72c8d,4,16,cxx_add_to_sub,lens_blur.halide_generated.cpp,7885,31,generator_specific,0,0,0,,,,0,13.305,cxx_add_to_sub:/mnt/scratch1/ardi/dsl_mut/HM-armc/mutation/lowered-cpp/lens_blur/lens_blur.halide_generated.cpp:7885:31
lens_blur,cxx_default_on_emitted_cpp,5eb72c8d,4,16,cxx_mul_to_div,lens_blur.halide_generated.cpp,10992,38,generator_specific,0,0,0,,,,0,13.271,cxx_mul_to_div:/mnt/scratch1/ardi/dsl_mut/HM-armc/mutation/lowered-cpp/lens_blur/lens_blur.halide_generated.cpp:10992:38
lens_blur,cxx_default_on_emitted_cpp,5eb72c8d,4,16,cxx_add_to_sub,lens_blur.halide_generated.cpp,8291,35,generator_specific,0,0,0,,,,0,13.329,cxx_add_to_sub:/mnt/scratch1/ardi/dsl_mut/HM-armc/mutation/lowered-cpp/lens_blur/lens_blur.halide_generated.cpp:8291:35
lens_blur,cxx_default_on_emitted_cpp,5eb72c8d,4,16,cxx_sub_to_add,lens_blur.halide_generated.cpp,5812,26,generator_specific,-11,1,1,,,test1_demo;test2_golden,0,0.209,cxx_sub_to_add:/mnt/scratch1/ardi/dsl_mut/HM-armc/mutation/lowered-cpp/lens_blur/lens_blur.halide_generated.cpp:5812:26
lens_blur,cxx_default_on_emitted_cpp,5eb72c8d,4,16,cxx_add_to_sub,lens_blur.halide_generated.cpp,4429,27,generator_specific,-11,1,1,,,test1_demo;test2_golden,0,0.027,cxx_add_to_sub:/mnt/scratch1/ardi/dsl_mut/HM-armc/mutation/lowered-cpp/lens_blur/lens_blur.halide_generated.cpp:4429:27
lens_blur,cxx_default_on_emitted_cpp,5eb72c8d,4,16,cxx_add_to_sub,lens_blur.halide_generated.cpp,5432,26,generator_specific,0,0,1,,,test2_golden,0,13.368,cxx_add_to_sub:/mnt/scratch1/ardi/dsl_mut/HM-armc/mutation/lowered-cpp/lens_blur/lens_blur.halide_generated.cpp:5432:26
lens_blur,cxx_default_on_emitted_cpp,5eb72c8d,4,16,cxx_gt_to_ge,lens_blur.halide_generated.cpp,13064,22,generator_specific,0,0,0,,,,0,13.368,cxx_gt_to_ge:/mnt/scratch1/ardi/dsl_mut/HM-armc/mutation/lowered-cpp/lens_blur/lens_blur.halide_generated.cpp:13064:22
lens_blur,cxx_default_on_emitted_cpp,5eb72c8d,4,16,cxx_mul_to_div,lens_blur.halide_generated.cpp,12269,31,generator_specific,0,0,1,,,test2_golden,0,13.360,cxx_mul_to_div:/mnt/scratch1/ardi/dsl_mut/HM-armc/mutation/lowered-cpp/lens_blur/lens_blur.halide_generated.cpp:12269:31
lens_blur,cxx_default_on_emitted_cpp,5eb72c8d,4,16,cxx_mul_to_div,lens_blur.halide_generated.cpp,12287,31,generator_specific,0,0,1,,,test2_golden,0,13.370,cxx_mul_to_div:/mnt/scratch1/ardi/dsl_mut/HM-armc/mutation/lowered-cpp/lens_blur/lens_blur.halide_generated.cpp:12287:31
lens_blur,cxx_default_on_emitted_cpp,5eb72c8d,4,16,cxx_gt_to_le,lens_blur.halide_generated.cpp,5785,15,generator_specific,-6,1,1,,,test1_demo;test2_golden,0,0.326,cxx_gt_to_le:/mnt/scratch1/ardi/dsl_mut/HM-armc/mutation/lowered-cpp/lens_blur/lens_blur.halide_generated.cpp:5785:15
lens_blur,cxx_default_on_emitted_cpp,5eb72c8d,4,16,cxx_add_to_sub,lens_blur.halide_generated.cpp,6697,26,generator_specific,0,0,0,,,,0,13.388,cxx_add_to_sub:/mnt/scratch1/ardi/dsl_mut/HM-armc/mutation/lowered-cpp/lens_blur/lens_blur.halide_generated.cpp:6697:26
lens_blur,cxx_default_on_emitted_cpp,5eb72c8d,4,16,cxx_mul_to_div,lens_blur.halide_generated.cpp,5212,24,generator_specific,0,0,0,,,,0,13.455,cxx_mul_to_div:/mnt/scratch1/ardi/dsl_mut/HM-armc/mutation/lowered-cpp/lens_blur/lens_blur.halide_generated.cpp:5212:24
lens_blur,cxx_default_on_emitted_cpp,5eb72c8d,4,16,cxx_add_to_sub,lens_blur.halide_generated.cpp,11184,38,generator_specific,0,0,0,,,,0,13.484,cxx_add_to_sub:/mnt/scratch1/ardi/dsl_mut/HM-armc/mutation/lowered-cpp/lens_blur/lens_blur.halide_generated.cpp:11184:38
lens_blur,cxx_default_on_emitted_cpp,5eb72c8d,4,16,cxx_add_to_sub,lens_blur.halide_generated.cpp,6139,30,generator_specific,-11,1,1,,,test1_demo;test2_golden,0,0.407,cxx_add_to_sub:/mnt/scratch1/ardi/dsl_mut/HM-armc/mutation/lowered-cpp/lens_blur/lens_blur.halide_generated.cpp:6139:30
lens_blur,cxx_default_on_emitted_cpp,5eb72c8d,4,16,cxx_add_to_sub,lens_blur.halide_generated.cpp,7912,32,generator_specific,-11,1,1,,,test1_demo;test2_golden,0,0.251,cxx_add_to_sub:/mnt/scratch1/ardi/dsl_mut/HM-armc/mutation/lowered-cpp/lens_blur/lens_blur.halide_generated.cpp:7912:32
lens_blur,cxx_default_on_emitted_cpp,5eb72c8d,4,16,cxx_add_to_sub,lens_blur.halide_generated.cpp,11207,38,generator_specific,0,0,0,,,,0,13.330,cxx_add_to_sub:/mnt/scratch1/ardi/dsl_mut/HM-armc/mutation/lowered-cpp/lens_blur/lens_blur.halide_generated.cpp:11207:38
lens_blur,cxx_default_on_emitted_cpp,5eb72c8d,4,16,cxx_add_to_sub,lens_blur.halide_generated.cpp,5558,29,generator_specific,-11,1,1,,,test1_demo;test2_golden,0,0.264,cxx_add_to_sub:/mnt/scratch1/ardi/dsl_mut/HM-armc/mutation/lowered-cpp/lens_blur/lens_blur.halide_generated.cpp:5558:29
lens_blur,cxx_default_on_emitted_cpp,5eb72c8d,4,16,cxx_ne_to_eq,lens_blur.halide_generated.cpp,2529,15,boilerplate,0,0,0,,,,0,13.594,cxx_ne_to_eq:/mnt/scratch1/ardi/dsl_mut/HM-armc/mutation/lowered-cpp/lens_blur/lens_blur.halide_generated.cpp:2529:15
lens_blur,cxx_default_on_emitted_cpp,5eb72c8d,4,16,cxx_add_to_sub,lens_blur.halide_generated.cpp,5442,29,generator_specific,-11,1,1,,,test1_demo;test2_golden,0,0.265,cxx_add_to_sub:/mnt/scratch1/ardi/dsl_mut/HM-armc/mutation/lowered-cpp/lens_blur/lens_blur.halide_generated.cpp:5442:29
lens_blur,cxx_default_on_emitted_cpp,5eb72c8d,4,16,cxx_sub_to_add,lens_blur.halide_generated.cpp,7044,27,generator_specific,0,0,0,,,,0,13.382,cxx_sub_to_add:/mnt/scratch1/ardi/dsl_mut/HM-armc/mutation/lowered-cpp/lens_blur/lens_blur.halide_generated.cpp:7044:27
lens_blur,cxx_default_on_emitted_cpp,5eb72c8d,4,16,cxx_add_to_sub,lens_blur.halide_generated.cpp,9886,36,generator_specific,0,0,0,,,,0,13.599,cxx_add_to_sub:/mnt/scratch1/ardi/dsl_mut/HM-armc/mutation/lowered-cpp/lens_blur/lens_blur.halide_generated.cpp:9886:36
lens_blur,cxx_default_on_emitted_cpp,5eb72c8d,4,16,cxx_add_to_sub,lens_blur.halide_generated.cpp,5272,24,generator_specific,0,0,0,,,,0,13.692,cxx_add_to_sub:/mnt/scratch1/ardi/dsl_mut/HM-armc/mutation/lowered-cpp/lens_blur/lens_blur.halide_generated.cpp:5272:24
lens_blur,cxx_default_on_emitted_cpp,5eb72c8d,4,16,cxx_add_to_sub,lens_blur.halide_generated.cpp,6212,25,generator_specific,0,0,0,,,,0,13.547,cxx_add_to_sub:/mnt/scratch1/ardi/dsl_mut/HM-armc/mutation/lowered-cpp/lens_blur/lens_blur.halide_generated.cpp:6212:25
lens_blur,cxx_default_on_emitted_cpp,5eb72c8d,4,16,cxx_gt_to_ge,lens_blur.halide_generated.cpp,4690,16,generator_specific,0,0,0,,,,0,13.845,cxx_gt_to_ge:/mnt/scratch1/ardi/dsl_mut/HM-armc/mutation/lowered-cpp/lens_blur/lens_blur.halide_generated.cpp:4690:16
lens_blur,cxx_default_on_emitted_cpp,5eb72c8d,4,16,cxx_add_to_sub,lens_blur.halide_generated.cpp,10316,38,generator_specific,0,0,0,,,,0,13.489,cxx_add_to_sub:/mnt/scratch1/ardi/dsl_mut/HM-armc/mutation/lowered-cpp/lens_blur/lens_blur.halide_generated.cpp:10316:38
lens_blur,cxx_default_on_emitted_cpp,5eb72c8d,4,16,cxx_mul_to_div,lens_blur.halide_generated.cpp,7245,75,generator_specific,0,0,0,,,,0,14.202,cxx_mul_to_div:/mnt/scratch1/ardi/dsl_mut/HM-armc/mutation/lowered-cpp/lens_blur/lens_blur.halide_generated.cpp:7245:75
lens_blur,cxx_default_on_emitted_cpp,5eb72c8d,4,16,cxx_add_to_sub,lens_blur.halide_generated.cpp,6141,28,generator_specific,0,0,0,,,,0,13.629,cxx_add_to_sub:/mnt/scratch1/ardi/dsl_mut/HM-armc/mutation/lowered-cpp/lens_blur/lens_blur.halide_generated.cpp:6141:28
lens_blur,cxx_default_on_emitted_cpp,5eb72c8d,4,16,cxx_add_to_sub,lens_blur.halide_generated.cpp,6850,32,generator_specific,0,0,0,,,,0,14.036,cxx_add_to_sub:/mnt/scratch1/ardi/dsl_mut/HM-armc/mutation/lowered-cpp/lens_blur/lens_blur.halide_generated.cpp:6850:32
lens_blur,cxx_default_on_emitted_cpp,5eb72c8d,4,16,cxx_eq_to_ne,lens_blur.halide_generated.cpp,12838,22,generator_specific,-6,1,1,,,test1_demo;test2_golden,0,0.020,cxx_eq_to_ne:/mnt/scratch1/ardi/dsl_mut/HM-armc/mutation/lowered-cpp/lens_blur/lens_blur.halide_generated.cpp:12838:22
lens_blur,cxx_default_on_emitted_cpp,5eb72c8d,4,16,cxx_replace_scalar_call,lens_blur.halide_generated.cpp,12389,18,generator_specific,0,0,1,,,test2_golden,0,15.231,cxx_replace_scalar_call:/mnt/scratch1/ardi/dsl_mut/HM-armc/mutation/lowered-cpp/lens_blur/lens_blur.halide_generated.cpp:12389:18
lens_blur,cxx_default_on_emitted_cpp,5eb72c8d,4,16,cxx_add_to_sub,lens_blur.halide_generated.cpp,7116,29,generator_specific,0,0,0,,,,0,13.054,cxx_add_to_sub:/mnt/scratch1/ardi/dsl_mut/HM-armc/mutation/lowered-cpp/lens_blur/lens_blur.halide_generated.cpp:7116:29
lens_blur,cxx_default_on_emitted_cpp,5eb72c8d,4,16,cxx_sub_to_add,lens_blur.halide_generated.cpp,5973,28,generator_specific,0,0,0,,,,0,13.098,cxx_sub_to_add:/mnt/scratch1/ardi/dsl_mut/HM-armc/mutation/lowered-cpp/lens_blur/lens_blur.halide_generated.cpp:5973:28
lens_blur,cxx_default_on_emitted_cpp,5eb72c8d,4,16,cxx_eq_to_ne,lens_blur.halide_generated.cpp,5792,49,generator_specific,0,0,0,,,,0,13.089,cxx_eq_to_ne:/mnt/scratch1/ardi/dsl_mut/HM-armc/mutation/lowered-cpp/lens_blur/lens_blur.halide_generated.cpp:5792:49
lens_blur,cxx_default_on_emitted_cpp,5eb72c8d,4,16,cxx_mul_to_div,lens_blur.halide_generated.cpp,3842,32,generator_specific,0,0,1,,,test2_golden,0,13.117,cxx_mul_to_div:/mnt/scratch1/ardi/dsl_mut/HM-armc/mutation/lowered-cpp/lens_blur/lens_blur.halide_generated.cpp:3842:32
lens_blur,cxx_default_on_emitted_cpp,5eb72c8d,4,16,cxx_add_to_sub,lens_blur.halide_generated.cpp,6266,26,generator_specific,0,0,0,,,,0,13.092,cxx_add_to_sub:/mnt/scratch1/ardi/dsl_mut/HM-armc/mutation/lowered-cpp/lens_blur/lens_blur.halide_generated.cpp:6266:26
lens_blur,cxx_default_on_emitted_cpp,5eb72c8d,4,16,cxx_mul_to_div,lens_blur.halide_generated.cpp,4313,32,generator_specific,0,0,0,,,,0,13.202,cxx_mul_to_div:/mnt/scratch1/ardi/dsl_mut/HM-armc/mutation/lowered-cpp/lens_blur/lens_blur.halide_generated.cpp:4313:32
lens_blur,cxx_default_on_emitted_cpp,5eb72c8d,4,16,cxx_sub_to_add,lens_blur.halide_generated.cpp,11088,39,generator_specific,0,0,0,,,,0,13.320,cxx_sub_to_add:/mnt/scratch1/ardi/dsl_mut/HM-armc/mutation/lowered-cpp/lens_blur/lens_blur.halide_generated.cpp:11088:39
lens_blur,cxx_default_on_emitted_cpp,5eb72c8d,4,16,cxx_add_to_sub,lens_blur.halide_generated.cpp,6239,26,generator_specific,0,0,0,,,,0,13.009,cxx_add_to_sub:/mnt/scratch1/ardi/dsl_mut/HM-armc/mutation/lowered-cpp/lens_blur/lens_blur.halide_generated.cpp:6239:26
lens_blur,cxx_default_on_emitted_cpp,5eb72c8d,4,16,cxx_sub_to_add,lens_blur.halide_generated.cpp,11020,37,generator_specific,0,0,0,,,,0,13.039,cxx_sub_to_add:/mnt/scratch1/ardi/dsl_mut/HM-armc/mutation/lowered-cpp/lens_blur/lens_blur.halide_generated.cpp:11020:37
lens_blur,cxx_default_on_emitted_cpp,5eb72c8d,4,16,cxx_sub_to_add,lens_blur.halide_generated.cpp,8879,33,generator_specific,-11,1,1,,,test1_demo;test2_golden,0,0.259,cxx_sub_to_add:/mnt/scratch1/ardi/dsl_mut/HM-armc/mutation/lowered-cpp/lens_blur/lens_blur.halide_generated.cpp:8879:33
lens_blur,cxx_default_on_emitted_cpp,5eb72c8d,4,16,cxx_mul_to_div,lens_blur.halide_generated.cpp,9213,34,generator_specific,0,0,0,,,,0,13.345,cxx_mul_to_div:/mnt/scratch1/ardi/dsl_mut/HM-armc/mutation/lowered-cpp/lens_blur/lens_blur.halide_generated.cpp:9213:34
lens_blur,cxx_default_on_emitted_cpp,5eb72c8d,4,16,cxx_lt_to_ge,lens_blur.halide_generated.cpp,3749,62,generator_specific,0,0,1,,,test2_golden,0,13.000,cxx_lt_to_ge:/mnt/scratch1/ardi/dsl_mut/HM-armc/mutation/lowered-cpp/lens_blur/lens_blur.halide_generated.cpp:3749:62
lens_blur,cxx_default_on_emitted_cpp,5eb72c8d,4,16,cxx_add_to_sub,lens_blur.halide_generated.cpp,6608,31,generator_specific,0,0,0,,,,0,13.253,cxx_add_to_sub:/mnt/scratch1/ardi/dsl_mut/HM-armc/mutation/lowered-cpp/lens_blur/lens_blur.halide_generated.cpp:6608:31
lens_blur,cxx_default_on_emitted_cpp,5eb72c8d,4,16,cxx_add_to_sub,lens_blur.halide_generated.cpp,8992,35,generator_specific,0,0,0,,,,0,13.133,cxx_add_to_sub:/mnt/scratch1/ardi/dsl_mut/HM-armc/mutation/lowered-cpp/lens_blur/lens_blur.halide_generated.cpp:8992:35
lens_blur,cxx_default_on_emitted_cpp,5eb72c8d,4,16,cxx_add_to_sub,lens_blur.halide_generated.cpp,7604,30,generator_specific,0,0,0,,,,0,13.457,cxx_add_to_sub:/mnt/scratch1/ardi/dsl_mut/HM-armc/mutation/lowered-cpp/lens_blur/lens_blur.halide_generated.cpp:7604:30
lens_blur,cxx_default_on_emitted_cpp,5eb72c8d,4,16,cxx_add_to_sub,lens_blur.halide_generated.cpp,14384,28,generator_specific,0,0,0,,,,0,13.083,cxx_add_to_sub:/mnt/scratch1/ardi/dsl_mut/HM-armc/mutation/lowered-cpp/lens_blur/lens_blur.halide_generated.cpp:14384:28
lens_blur,cxx_default_on_emitted_cpp,5eb72c8d,4,16,cxx_mul_to_div,lens_blur.halide_generated.cpp,9566,35,generator_specific,0,0,0,,,,0,13.317,cxx_mul_to_div:/mnt/scratch1/ardi/dsl_mut/HM-armc/mutation/lowered-cpp/lens_blur/lens_blur.halide_generated.cpp:9566:35
lens_blur,cxx_default_on_emitted_cpp,5eb72c8d,4,16,cxx_replace_scalar_call,lens_blur.halide_generated.cpp,12971,20,generator_specific,0,0,0,,,,0,13.223,cxx_replace_scalar_call:/mnt/scratch1/ardi/dsl_mut/HM-armc/mutation/lowered-cpp/lens_blur/lens_blur.halide_generated.cpp:12971:20
lens_blur,cxx_default_on_emitted_cpp,5eb72c8d,4,16,cxx_add_to_sub,lens_blur.halide_generated.cpp,13898,27,generator_specific,0,0,0,,,,0,13.290,cxx_add_to_sub:/mnt/scratch1/ardi/dsl_mut/HM-armc/mutation/lowered-cpp/lens_blur/lens_blur.halide_generated.cpp:13898:27
lens_blur,cxx_default_on_emitted_cpp,5eb72c8d,4,16,cxx_add_to_sub,lens_blur.halide_generated.cpp,9670,35,generator_specific,0,0,0,,,,0,13.308,cxx_add_to_sub:/mnt/scratch1/ardi/dsl_mut/HM-armc/mutation/lowered-cpp/lens_blur/lens_blur.halide_generated.cpp:9670:35
lens_blur,cxx_default_on_emitted_cpp,5eb72c8d,4,16,cxx_add_to_sub,lens_blur.halide_generated.cpp,10420,38,generator_specific,0,0,0,,,,0,13.114,cxx_add_to_sub:/mnt/scratch1/ardi/dsl_mut/HM-armc/mutation/lowered-cpp/lens_blur/lens_blur.halide_generated.cpp:10420:38
lens_blur,cxx_default_on_emitted_cpp,5eb72c8d,4,16,cxx_remove_void_call,lens_blur.halide_generated.cpp,11435,2,generator_specific,0,0,0,,,,0,13.561,cxx_remove_void_call:/mnt/scratch1/ardi/dsl_mut/HM-armc/mutation/lowered-cpp/lens_blur/lens_blur.halide_generated.cpp:11435:2
lens_blur,cxx_default_on_emitted_cpp,5eb72c8d,4,16,cxx_replace_scalar_call,lens_blur.halide_generated.cpp,12386,19,generator_specific,-6,1,1,,,test1_demo;test2_golden,0,0.021,cxx_replace_scalar_call:/mnt/scratch1/ardi/dsl_mut/HM-armc/mutation/lowered-cpp/lens_blur/lens_blur.halide_generated.cpp:12386:19
lens_blur,cxx_default_on_emitted_cpp,5eb72c8d,4,16,cxx_le_to_gt,lens_blur.halide_generated.cpp,3662,17,generator_specific,-11,1,1,,,test1_demo;test2_golden,0,0.025,cxx_le_to_gt:/mnt/scratch1/ardi/dsl_mut/HM-armc/mutation/lowered-cpp/lens_blur/lens_blur.halide_generated.cpp:3662:17
lens_blur,cxx_default_on_emitted_cpp,5eb72c8d,4,16,cxx_mul_to_div,lens_blur.halide_generated.cpp,10257,36,generator_specific,0,0,0,,,,0,13.028,cxx_mul_to_div:/mnt/scratch1/ardi/dsl_mut/HM-armc/mutation/lowered-cpp/lens_blur/lens_blur.halide_generated.cpp:10257:36
lens_blur,cxx_default_on_emitted_cpp,5eb72c8d,4,16,cxx_add_to_sub,lens_blur.halide_generated.cpp,9036,35,generator_specific,0,0,0,,,,0,13.317,cxx_add_to_sub:/mnt/scratch1/ardi/dsl_mut/HM-armc/mutation/lowered-cpp/lens_blur/lens_blur.halide_generated.cpp:9036:35
lens_blur,cxx_default_on_emitted_cpp,5eb72c8d,4,16,cxx_mul_to_div,lens_blur.halide_generated.cpp,4288,26,generator_specific,0,0,0,,,,0,13.497,cxx_mul_to_div:/mnt/scratch1/ardi/dsl_mut/HM-armc/mutation/lowered-cpp/lens_blur/lens_blur.halide_generated.cpp:4288:26
lens_blur,cxx_default_on_emitted_cpp,5eb72c8d,4,16,cxx_add_to_sub,lens_blur.halide_generated.cpp,8646,31,generator_specific,0,0,0,,,,0,13.345,cxx_add_to_sub:/mnt/scratch1/ardi/dsl_mut/HM-armc/mutation/lowered-cpp/lens_blur/lens_blur.halide_generated.cpp:8646:31
lens_blur,cxx_default_on_emitted_cpp,5eb72c8d,4,16,cxx_mul_to_div,lens_blur.halide_generated.cpp,10776,38,generator_specific,0,0,0,,,,0,13.673,cxx_mul_to_div:/mnt/scratch1/ardi/dsl_mut/HM-armc/mutation/lowered-cpp/lens_blur/lens_blur.halide_generated.cpp:10776:38
lens_blur,cxx_default_on_emitted_cpp,5eb72c8d,4,16,cxx_mul_to_div,lens_blur.halide_generated.cpp,7602,30,generator_specific,0,0,0,,,,0,13.603,cxx_mul_to_div:/mnt/scratch1/ardi/dsl_mut/HM-armc/mutation/lowered-cpp/lens_blur/lens_blur.halide_generated.cpp:7602:30
lens_blur,cxx_default_on_emitted_cpp,5eb72c8d,4,16,cxx_mul_to_div,lens_blur.halide_generated.cpp,10626,83,generator_specific,0,0,0,,,,0,13.423,cxx_mul_to_div:/mnt/scratch1/ardi/dsl_mut/HM-armc/mutation/lowered-cpp/lens_blur/lens_blur.halide_generated.cpp:10626:83
lens_blur,cxx_default_on_emitted_cpp,5eb72c8d,4,16,cxx_add_to_sub,lens_blur.halide_generated.cpp,9744,35,generator_specific,-6,1,1,,,test1_demo;test2_golden,0,0.262,cxx_add_to_sub:/mnt/scratch1/ardi/dsl_mut/HM-armc/mutation/lowered-cpp/lens_blur/lens_blur.halide_generated.cpp:9744:35
lens_blur,cxx_default_on_emitted_cpp,5eb72c8d,4,16,cxx_add_to_sub,lens_blur.halide_generated.cpp,9666,36,generator_specific,0,0,0,,,,0,13.704,cxx_add_to_sub:/mnt/scratch1/ardi/dsl_mut/HM-armc/mutation/lowered-cpp/lens_blur/lens_blur.halide_generated.cpp:9666:36
lens_blur,cxx_default_on_emitted_cpp,5eb72c8d,4,16,cxx_add_to_sub,lens_blur.halide_generated.cpp,9000,34,generator_specific,0,0,0,,,,0,13.486,cxx_add_to_sub:/mnt/scratch1/ardi/dsl_mut/HM-armc/mutation/lowered-cpp/lens_blur/lens_blur.halide_generated.cpp:9000:34
lens_blur,cxx_default_on_emitted_cpp,5eb72c8d,4,16,cxx_sub_to_add,lens_blur.halide_generated.cpp,9368,35,generator_specific,0,0,1,,,test2_golden,0,13.257,cxx_sub_to_add:/mnt/scratch1/ardi/dsl_mut/HM-armc/mutation/lowered-cpp/lens_blur/lens_blur.halide_generated.cpp:9368:35
lens_blur,cxx_default_on_emitted_cpp,5eb72c8d,4,16,cxx_mul_to_div,lens_blur.halide_generated.cpp,9697,34,generator_specific,0,0,0,,,,0,13.368,cxx_mul_to_div:/mnt/scratch1/ardi/dsl_mut/HM-armc/mutation/lowered-cpp/lens_blur/lens_blur.halide_generated.cpp:9697:34
lens_blur,cxx_default_on_emitted_cpp,5eb72c8d,4,16,cxx_add_to_sub,lens_blur.halide_generated.cpp,8116,31,generator_specific,0,0,0,,,,0,13.416,cxx_add_to_sub:/mnt/scratch1/ardi/dsl_mut/HM-armc/mutation/lowered-cpp/lens_blur/lens_blur.halide_generated.cpp:8116:31
lens_blur,cxx_default_on_emitted_cpp,5eb72c8d,4,16,cxx_add_to_sub,lens_blur.halide_generated.cpp,9109,34,generator_specific,-11,1,1,,,test1_demo;test2_golden,0,0.218,cxx_add_to_sub:/mnt/scratch1/ardi/dsl_mut/HM-armc/mutation/lowered-cpp/lens_blur/lens_blur.halide_generated.cpp:9109:34
lens_blur,cxx_default_on_emitted_cpp,5eb72c8d,4,16,cxx_add_to_sub,lens_blur.halide_generated.cpp,11794,28,generator_specific,0,0,0,,,,0,13.522,cxx_add_to_sub:/mnt/scratch1/ardi/dsl_mut/HM-armc/mutation/lowered-cpp/lens_blur/lens_blur.halide_generated.cpp:11794:28
lens_blur,cxx_default_on_emitted_cpp,5eb72c8d,4,16,cxx_sub_to_add,lens_blur.halide_generated.cpp,10470,37,generator_specific,0,0,0,,,,0,13.635,cxx_sub_to_add:/mnt/scratch1/ardi/dsl_mut/HM-armc/mutation/lowered-cpp/lens_blur/lens_blur.halide_generated.cpp:10470:37
lens_blur,cxx_default_on_emitted_cpp,5eb72c8d,4,16,cxx_add_to_sub,lens_blur.halide_generated.cpp,5565,29,generator_specific,-11,1,1,,,test1_demo;test2_golden,0,0.337,cxx_add_to_sub:/mnt/scratch1/ardi/dsl_mut/HM-armc/mutation/lowered-cpp/lens_blur/lens_blur.halide_generated.cpp:5565:29
lens_blur,cxx_default_on_emitted_cpp,5eb72c8d,4,16,cxx_add_to_sub,lens_blur.halide_generated.cpp,9375,35,generator_specific,0,0,1,,,test2_golden,0,13.820,cxx_add_to_sub:/mnt/scratch1/ardi/dsl_mut/HM-armc/mutation/lowered-cpp/lens_blur/lens_blur.halide_generated.cpp:9375:35
lens_blur,cxx_default_on_emitted_cpp,5eb72c8d,4,16,cxx_mul_to_div,lens_blur.halide_generated.cpp,6799,29,generator_specific,0,0,0,,,,0,13.951,cxx_mul_to_div:/mnt/scratch1/ardi/dsl_mut/HM-armc/mutation/lowered-cpp/lens_blur/lens_blur.halide_generated.cpp:6799:29
lens_blur,cxx_default_on_emitted_cpp,5eb72c8d,4,16,cxx_add_to_sub,lens_blur.halide_generated.cpp,6673,28,generator_specific,0,0,0,,,,0,13.514,cxx_add_to_sub:/mnt/scratch1/ardi/dsl_mut/HM-armc/mutation/lowered-cpp/lens_blur/lens_blur.halide_generated.cpp:6673:28
lens_blur,cxx_default_on_emitted_cpp,5eb72c8d,4,16,cxx_add_to_sub,lens_blur.halide_generated.cpp,11808,28,generator_specific,0,0,0,,,,0,13.702,cxx_add_to_sub:/mnt/scratch1/ardi/dsl_mut/HM-armc/mutation/lowered-cpp/lens_blur/lens_blur.halide_generated.cpp:11808:28
lens_blur,cxx_default_on_emitted_cpp,5eb72c8d,4,16,cxx_lt_to_le,lens_blur.halide_generated.cpp,4837,53,generator_specific,0,0,0,,,,0,13.294,cxx_lt_to_le:/mnt/scratch1/ardi/dsl_mut/HM-armc/mutation/lowered-cpp/lens_blur/lens_blur.halide_generated.cpp:4837:53
lens_blur,cxx_default_on_emitted_cpp,5eb72c8d,4,16,cxx_add_to_sub,lens_blur.halide_generated.cpp,11243,38,generator_specific,-11,1,1,,,test1_demo;test2_golden,0,0.278,cxx_add_to_sub:/mnt/scratch1/ardi/dsl_mut/HM-armc/mutation/lowered-cpp/lens_blur/lens_blur.halide_generated.cpp:11243:38
lens_blur,cxx_default_on_emitted_cpp,5eb72c8d,4,16,cxx_sub_to_add,lens_blur.halide_generated.cpp,6789,28,generator_specific,0,0,0,,,,0,13.723,cxx_sub_to_add:/mnt/scratch1/ardi/dsl_mut/HM-armc/mutation/lowered-cpp/lens_blur/lens_blur.halide_generated.cpp:6789:28
lens_blur,cxx_default_on_emitted_cpp,5eb72c8d,4,16,cxx_add_to_sub,lens_blur.halide_generated.cpp,8652,30,generator_specific,0,0,0,,,,0,13.469,cxx_add_to_sub:/mnt/scratch1/ardi/dsl_mut/HM-armc/mutation/lowered-cpp/lens_blur/lens_blur.halide_generated.cpp:8652:30
lens_blur,cxx_default_on_emitted_cpp,5eb72c8d,4,16,cxx_replace_scalar_call,lens_blur.halide_generated.cpp,12841,20,generator_specific,0,0,0,,,,0,12.981,cxx_replace_scalar_call:/mnt/scratch1/ardi/dsl_mut/HM-armc/mutation/lowered-cpp/lens_blur/lens_blur.halide_generated.cpp:12841:20
lens_blur,cxx_default_on_emitted_cpp,5eb72c8d,4,16,cxx_eq_to_ne,lens_blur.halide_generated.cpp,12006,38,generator_specific,0,0,0,,,,0,13.039,cxx_eq_to_ne:/mnt/scratch1/ardi/dsl_mut/HM-armc/mutation/lowered-cpp/lens_blur/lens_blur.halide_generated.cpp:12006:38
lens_blur,cxx_default_on_emitted_cpp,5eb72c8d,4,16,cxx_add_to_sub,lens_blur.halide_generated.cpp,7553,31,generator_specific,0,0,0,,,,0,13.625,cxx_add_to_sub:/mnt/scratch1/ardi/dsl_mut/HM-armc/mutation/lowered-cpp/lens_blur/lens_blur.halide_generated.cpp:7553:31
lens_blur,cxx_default_on_emitted_cpp,5eb72c8d,4,16,cxx_add_to_sub,lens_blur.halide_generated.cpp,6016,27,generator_specific,0,0,0,,,,0,13.465,cxx_add_to_sub:/mnt/scratch1/ardi/dsl_mut/HM-armc/mutation/lowered-cpp/lens_blur/lens_blur.halide_generated.cpp:6016:27
lens_blur,cxx_default_on_emitted_cpp,5eb72c8d,4,16,cxx_add_to_sub,lens_blur.halide_generated.cpp,8945,35,generator_specific,0,0,0,,,,0,13.056,cxx_add_to_sub:/mnt/scratch1/ardi/dsl_mut/HM-armc/mutation/lowered-cpp/lens_blur/lens_blur.halide_generated.cpp:8945:35
lens_blur,cxx_default_on_emitted_cpp,5eb72c8d,4,16,cxx_add_to_sub,lens_blur.halide_generated.cpp,12074,28,generator_specific,0,0,1,,,test2_golden,0,13.778,cxx_add_to_sub:/mnt/scratch1/ardi/dsl_mut/HM-armc/mutation/lowered-cpp/lens_blur/lens_blur.halide_generated.cpp:12074:28
lens_blur,cxx_default_on_emitted_cpp,5eb72c8d,4,16,cxx_add_to_sub,lens_blur.halide_generated.cpp,7320,31,generator_specific,0,0,0,,,,0,13.455,cxx_add_to_sub:/mnt/scratch1/ardi/dsl_mut/HM-armc/mutation/lowered-cpp/lens_blur/lens_blur.halide_generated.cpp:7320:31
lens_blur,cxx_default_on_emitted_cpp,5eb72c8d,4,16,cxx_mul_to_div,lens_blur.halide_generated.cpp,5531,26,generator_specific,0,0,0,,,,0,13.631,cxx_mul_to_div:/mnt/scratch1/ardi/dsl_mut/HM-armc/mutation/lowered-cpp/lens_blur/lens_blur.halide_generated.cpp:5531:26
lens_blur,cxx_default_on_emitted_cpp,5eb72c8d,4,16,cxx_add_to_sub,lens_blur.halide_generated.cpp,10184,35,generator_specific,0,0,0,,,,0,13.298,cxx_add_to_sub:/mnt/scratch1/ardi/dsl_mut/HM-armc/mutation/lowered-cpp/lens_blur/lens_blur.halide_generated.cpp:10184:35
lens_blur,cxx_default_on_emitted_cpp,5eb72c8d,4,16,cxx_add_to_sub,lens_blur.halide_generated.cpp,5221,24,generator_specific,0,0,0,,,,0,13.792,cxx_add_to_sub:/mnt/scratch1/ardi/dsl_mut/HM-armc/mutation/lowered-cpp/lens_blur/lens_blur.halide_generated.cpp:5221:24
lens_blur,cxx_default_on_emitted_cpp,5eb72c8d,4,16,cxx_replace_scalar_call,lens_blur.halide_generated.cpp,13396,19,generator_specific,-11,1,1,,,test1_demo;test2_golden,0,0.671,cxx_replace_scalar_call:/mnt/scratch1/ardi/dsl_mut/HM-armc/mutation/lowered-cpp/lens_blur/lens_blur.halide_generated.cpp:13396:19
lens_blur,cxx_default_on_emitted_cpp,5eb72c8d,4,16,cxx_add_to_sub,lens_blur.halide_generated.cpp,9518,36,generator_specific,0,0,0,,,,0,14.566,cxx_add_to_sub:/mnt/scratch1/ardi/dsl_mut/HM-armc/mutation/lowered-cpp/lens_blur/lens_blur.halide_generated.cpp:9518:36
lens_blur,cxx_default_on_emitted_cpp,5eb72c8d,4,16,cxx_ne_to_eq,lens_blur.halide_generated.cpp,12361,21,generator_specific,-6,1,1,,,test1_demo;test2_golden,0,0.013,cxx_ne_to_eq:/mnt/scratch1/ardi/dsl_mut/HM-armc/mutation/lowered-cpp/lens_blur/lens_blur.halide_generated.cpp:12361:21
lens_blur,cxx_default_on_emitted_cpp,5eb72c8d,4,16,cxx_add_to_sub,lens_blur.halide_generated.cpp,12636,24,generator_specific,0,0,0,,,,0,13.355,cxx_add_to_sub:/mnt/scratch1/ardi/dsl_mut/HM-armc/mutation/lowered-cpp/lens_blur/lens_blur.halide_generated.cpp:12636:24
lens_blur,cxx_default_on_emitted_cpp,5eb72c8d,4,16,cxx_add_to_sub,lens_blur.halide_generated.cpp,6030,30,generator_specific,-11,1,1,,,test1_demo;test2_golden,0,0.251,cxx_add_to_sub:/mnt/scratch1/ardi/dsl_mut/HM-armc/mutation/lowered-cpp/lens_blur/lens_blur.halide_generated.cpp:6030:30
lens_blur,cxx_default_on_emitted_cpp,5eb72c8d,4,16,cxx_add_to_sub,lens_blur.halide_generated.cpp,12075,56,generator_specific,0,0,1,,,test2_golden,0,9.151,cxx_add_to_sub:/mnt/scratch1/ardi/dsl_mut/HM-armc/mutation/lowered-cpp/lens_blur/lens_blur.halide_generated.cpp:12075:56
lens_blur,cxx_default_on_emitted_cpp,5eb72c8d,4,16,cxx_add_to_sub,lens_blur.halide_generated.cpp,3789,23,generator_specific,0,0,1,,,test2_golden,0,13.071,cxx_add_to_sub:/mnt/scratch1/ardi/dsl_mut/HM-armc/mutation/lowered-cpp/lens_blur/lens_blur.halide_generated.cpp:3789:23
lens_blur,cxx_default_on_emitted_cpp,5eb72c8d,4,16,cxx_mul_to_div,lens_blur.halide_generated.cpp,5959,28,generator_specific,0,0,0,,,,0,13.010,cxx_mul_to_div:/mnt/scratch1/ardi/dsl_mut/HM-armc/mutation/lowered-cpp/lens_blur/lens_blur.halide_generated.cpp:5959:28
lens_blur,cxx_default_on_emitted_cpp,5eb72c8d,4,16,cxx_mul_to_div,lens_blur.halide_generated.cpp,13756,26,generator_specific,0,0,0,,,,0,13.375,cxx_mul_to_div:/mnt/scratch1/ardi/dsl_mut/HM-armc/mutation/lowered-cpp/lens_blur/lens_blur.halide_generated.cpp:13756:26
lens_blur,cxx_default_on_emitted_cpp,5eb72c8d,4,16,cxx_replace_scalar_call,lens_blur.halide_generated.cpp,12507,18,generator_specific,0,0,0,,,,0,13.350,cxx_replace_scalar_call:/mnt/scratch1/ardi/dsl_mut/HM-armc/mutation/lowered-cpp/lens_blur/lens_blur.halide_generated.cpp:12507:18
lens_blur,cxx_default_on_emitted_cpp,5eb72c8d,4,16,cxx_mul_to_div,lens_blur.halide_generated.cpp,6680,28,generator_specific,0,0,0,,,,0,12.978,cxx_mul_to_div:/mnt/scratch1/ardi/dsl_mut/HM-armc/mutation/lowered-cpp/lens_blur/lens_blur.halide_generated.cpp:6680:28
lens_blur,cxx_default_on_emitted_cpp,5eb72c8d,4,16,cxx_gt_to_ge,lens_blur.halide_generated.cpp,4081,16,generator_specific,0,0,0,,,,0,13.378,cxx_gt_to_ge:/mnt/scratch1/ardi/dsl_mut/HM-armc/mutation/lowered-cpp/lens_blur/lens_blur.halide_generated.cpp:4081:16
lens_blur,cxx_default_on_emitted_cpp,5eb72c8d,4,16,cxx_add_to_sub,lens_blur.halide_generated.cpp,10812,39,generator_specific,0,0,0,,,,0,13.078,cxx_add_to_sub:/mnt/scratch1/ardi/dsl_mut/HM-armc/mutation/lowered-cpp/lens_blur/lens_blur.halide_generated.cpp:10812:39
lens_blur,cxx_default_on_emitted_cpp,5eb72c8d,4,16,cxx_le_to_lt,lens_blur.halide_generated.cpp,13103,22,generator_specific,0,0,0,,,,0,12.963,cxx_le_to_lt:/mnt/scratch1/ardi/dsl_mut/HM-armc/mutation/lowered-cpp/lens_blur/lens_blur.halide_generated.cpp:13103:22
lens_blur,cxx_default_on_emitted_cpp,5eb72c8d,4,16,cxx_mul_to_div,lens_blur.halide_generated.cpp,11313,38,generator_specific,0,0,0,,,,0,13.005,cxx_mul_to_div:/mnt/scratch1/ardi/dsl_mut/HM-armc/mutation/lowered-cpp/lens_blur/lens_blur.halide_generated.cpp:11313:38
lens_blur,cxx_default_on_emitted_cpp,5eb72c8d,4,16,cxx_add_to_sub,lens_blur.halide_generated.cpp,7949,32,generator_specific,0,0,0,,,,0,13.021,cxx_add_to_sub:/mnt/scratch1/ardi/dsl_mut/HM-armc/mutation/lowered-cpp/lens_blur/lens_blur.halide_generated.cpp:7949:32
lens_blur,cxx_default_on_emitted_cpp,5eb72c8d,4,16,cxx_mul_to_div,lens_blur.halide_generated.cpp,7709,29,generator_specific,0,0,0,,,,0,13.401,cxx_mul_to_div:/mnt/scratch1/ardi/dsl_mut/HM-armc/mutation/lowered-cpp/lens_blur/lens_blur.halide_generated.cpp:7709:29
lens_blur,cxx_default_on_emitted_cpp,5eb72c8d,4,16,cxx_add_to_sub,lens_blur.halide_generated.cpp,10410,37,generator_specific,0,0,1,,,test2_golden,0,13.081,cxx_add_to_sub:/mnt/scratch1/ardi/dsl_mut/HM-armc/mutation/lowered-cpp/lens_blur/lens_blur.halide_generated.cpp:10410:37
lens_blur,cxx_default_on_emitted_cpp,5eb72c8d,4,16,cxx_add_to_sub,lens_blur.halide_generated.cpp,7597,31,generator_specific,0,0,0,,,,0,13.221,cxx_add_to_sub:/mnt/scratch1/ardi/dsl_mut/HM-armc/mutation/lowered-cpp/lens_blur/lens_blur.halide_generated.cpp:7597:31
lens_blur,cxx_default_on_emitted_cpp,5eb72c8d,4,16,cxx_sub_to_add,lens_blur.halide_generated.cpp,6564,27,generator_specific,-6,1,1,,,test1_demo;test2_golden,0,0.298,cxx_sub_to_add:/mnt/scratch1/ardi/dsl_mut/HM-armc/mutation/lowered-cpp/lens_blur/lens_blur.halide_generated.cpp:6564:27
lens_blur,cxx_default_on_emitted_cpp,5eb72c8d,4,16,cxx_add_to_sub,lens_blur.halide_generated.cpp,12621,24,generator_specific,0,0,0,,,,0,13.280,cxx_add_to_sub:/mnt/scratch1/ardi/dsl_mut/HM-armc/mutation/lowered-cpp/lens_blur/lens_blur.halide_generated.cpp:12621:24
lens_blur,cxx_default_on_emitted_cpp,5eb72c8d,4,16,cxx_add_to_sub,lens_blur.halide_generated.cpp,7351,31,generator_specific,0,0,0,,,,0,13.564,cxx_add_to_sub:/mnt/scratch1/ardi/dsl_mut/HM-armc/mutation/lowered-cpp/lens_blur/lens_blur.halide_generated.cpp:7351:31
lens_blur,cxx_default_on_emitted_cpp,5eb72c8d,4,16,cxx_sub_to_add,lens_blur.halide_generated.cpp,8222,31,generator_specific,-6,1,1,,,test1_demo;test2_golden,0,0.392,cxx_sub_to_add:/mnt/scratch1/ardi/dsl_mut/HM-armc/mutation/lowered-cpp/lens_blur/lens_blur.halide_generated.cpp:8222:31
lens_blur,cxx_default_on_emitted_cpp,5eb72c8d,4,16,cxx_add_to_sub,lens_blur.halide_generated.cpp,4675,24,generator_specific,0,0,1,,,test2_golden,0,13.070,cxx_add_to_sub:/mnt/scratch1/ardi/dsl_mut/HM-armc/mutation/lowered-cpp/lens_blur/lens_blur.halide_generated.cpp:4675:24
lens_blur,cxx_default_on_emitted_cpp,5eb72c8d,4,16,cxx_sub_to_add,lens_blur.halide_generated.cpp,7060,29,generator_specific,0,0,0,,,,0,13.148,cxx_sub_to_add:/mnt/scratch1/ardi/dsl_mut/HM-armc/mutation/lowered-cpp/lens_blur/lens_blur.halide_generated.cpp:7060:29
lens_blur,cxx_default_on_emitted_cpp,5eb72c8d,4,16,cxx_lt_to_le,lens_blur.halide_generated.cpp,10026,56,generator_specific,0,0,0,,,,0,13.165,cxx_lt_to_le:/mnt/scratch1/ardi/dsl_mut/HM-armc/mutation/lowered-cpp/lens_blur/lens_blur.halide_generated.cpp:10026:56
lens_blur,cxx_default_on_emitted_cpp,5eb72c8d,4,16,cxx_mul_to_div,lens_blur.halide_generated.cpp,13792,26,generator_specific,0,0,0,,,,0,13.591,cxx_mul_to_div:/mnt/scratch1/ardi/dsl_mut/HM-armc/mutation/lowered-cpp/lens_blur/lens_blur.halide_generated.cpp:13792:26
lens_blur,cxx_default_on_emitted_cpp,5eb72c8d,4,16,cxx_add_to_sub,lens_blur.halide_generated.cpp,13646,26,generator_specific,0,0,0,,,,0,13.452,cxx_add_to_sub:/mnt/scratch1/ardi/dsl_mut/HM-armc/mutation/lowered-cpp/lens_blur/lens_blur.halide_generated.cpp:13646:26
lens_blur,cxx_default_on_emitted_cpp,5eb72c8d,4,16,cxx_replace_scalar_call,lens_blur.halide_generated.cpp,5150,18,generator_specific,0,0,0,,,,0,13.042,cxx_replace_scalar_call:/mnt/scratch1/ardi/dsl_mut/HM-armc/mutation/lowered-cpp/lens_blur/lens_blur.halide_generated.cpp:5150:18
lens_blur,cxx_default_on_emitted_cpp,5eb72c8d,4,16,cxx_sub_to_add,lens_blur.halide_generated.cpp,6259,26,generator_specific,0,0,0,,,,0,13.288,cxx_sub_to_add:/mnt/scratch1/ardi/dsl_mut/HM-armc/mutation/lowered-cpp/lens_blur/lens_blur.halide_generated.cpp:6259:26
lens_blur,cxx_default_on_emitted_cpp,5eb72c8d,4,16,cxx_post_inc_to_post_dec,lens_blur.halide_generated.cpp,6091,106,generator_specific,-11,1,1,,,test1_demo;test2_golden,0,0.256,cxx_post_inc_to_post_dec:/mnt/scratch1/ardi/dsl_mut/HM-armc/mutation/lowered-cpp/lens_blur/lens_blur.halide_generated.cpp:6091:106
lens_blur,cxx_default_on_emitted_cpp,5eb72c8d,4,16,cxx_add_to_sub,lens_blur.halide_generated.cpp,9568,35,generator_specific,-11,1,1,,,test1_demo;test2_golden,0,0.221,cxx_add_to_sub:/mnt/scratch1/ardi/dsl_mut/HM-armc/mutation/lowered-cpp/lens_blur/lens_blur.halide_generated.cpp:9568:35
lens_blur,cxx_default_on_emitted_cpp,5eb72c8d,4,16,cxx_add_to_sub,lens_blur.halide_generated.cpp,5556,27,generator_specific,0,0,0,,,,0,13.329,cxx_add_to_sub:/mnt/scratch1/ardi/dsl_mut/HM-armc/mutation/lowered-cpp/lens_blur/lens_blur.halide_generated.cpp:5556:27
lens_blur,cxx_default_on_emitted_cpp,5eb72c8d,4,16,cxx_sub_to_add,lens_blur.halide_generated.cpp,4627,29,generator_specific,0,0,0,,,,0,13.137,cxx_sub_to_add:/mnt/scratch1/ardi/dsl_mut/HM-armc/mutation/lowered-cpp/lens_blur/lens_blur.halide_generated.cpp:4627:29
lens_blur,cxx_default_on_emitted_cpp,5eb72c8d,4,16,cxx_add_to_sub,lens_blur.halide_generated.cpp,8804,31,generator_specific,0,0,0,,,,0,13.581,cxx_add_to_sub:/mnt/scratch1/ardi/dsl_mut/HM-armc/mutation/lowered-cpp/lens_blur/lens_blur.halide_generated.cpp:8804:31
lens_blur,cxx_default_on_emitted_cpp,5eb72c8d,4,16,cxx_add_to_sub,lens_blur.halide_generated.cpp,5507,29,generator_specific,-11,1,1,,,test1_demo;test2_golden,0,0.298,cxx_add_to_sub:/mnt/scratch1/ardi/dsl_mut/HM-armc/mutation/lowered-cpp/lens_blur/lens_blur.halide_generated.cpp:5507:29
lens_blur,cxx_default_on_emitted_cpp,5eb72c8d,4,16,cxx_add_to_sub,lens_blur.halide_generated.cpp,9421,35,generator_specific,0,0,0,,,,0,13.564,cxx_add_to_sub:/mnt/scratch1/ardi/dsl_mut/HM-armc/mutation/lowered-cpp/lens_blur/lens_blur.halide_generated.cpp:9421:35
lens_blur,cxx_default_on_emitted_cpp,5eb72c8d,4,16,cxx_add_to_sub,lens_blur.halide_generated.cpp,11077,39,generator_specific,0,0,0,,,,0,13.368,cxx_add_to_sub:/mnt/scratch1/ardi/dsl_mut/HM-armc/mutation/lowered-cpp/lens_blur/lens_blur.halide_generated.cpp:11077:39
lens_blur,cxx_default_on_emitted_cpp,5eb72c8d,4,16,cxx_add_to_sub,lens_blur.halide_generated.cpp,8593,32,generator_specific,0,0,0,,,,0,13.388,cxx_add_to_sub:/mnt/scratch1/ardi/dsl_mut/HM-armc/mutation/lowered-cpp/lens_blur/lens_blur.halide_generated.cpp:8593:32
lens_blur,cxx_default_on_emitted_cpp,5eb72c8d,4,16,cxx_add_to_sub,lens_blur.halide_generated.cpp,11070,38,generator_specific,0,0,0,,,,0,13.341,cxx_add_to_sub:/mnt/scratch1/ardi/dsl_mut/HM-armc/mutation/lowered-cpp/lens_blur/lens_blur.halide_generated.cpp:11070:38
lens_blur,cxx_default_on_emitted_cpp,5eb72c8d,4,16,cxx_add_to_sub,lens_blur.halide_generated.cpp,9097,34,generator_specific,0,0,1,,,test2_golden,0,13.785,cxx_add_to_sub:/mnt/scratch1/ardi/dsl_mut/HM-armc/mutation/lowered-cpp/lens_blur/lens_blur.halide_generated.cpp:9097:34
lens_blur,cxx_default_on_emitted_cpp,5eb72c8d,4,16,cxx_mul_to_div,lens_blur.halide_generated.cpp,9901,36,generator_specific,0,0,0,,,,0,13.584,cxx_mul_to_div:/mnt/scratch1/ardi/dsl_mut/HM-armc/mutation/lowered-cpp/lens_blur/lens_blur.halide_generated.cpp:9901:36
lens_blur,cxx_default_on_emitted_cpp,5eb72c8d,4,16,cxx_mul_to_div,lens_blur.halide_generated.cpp,10710,38,generator_specific,0,0,1,,,test2_golden,0,13.249,cxx_mul_to_div:/mnt/scratch1/ardi/dsl_mut/HM-armc/mutation/lowered-cpp/lens_blur/lens_blur.halide_generated.cpp:10710:38
lens_blur,cxx_default_on_emitted_cpp,5eb72c8d,4,16,cxx_add_to_sub,lens_blur.halide_generated.cpp,6319,52,generator_specific,0,0,0,,,,0,13.532,cxx_add_to_sub:/mnt/scratch1/ardi/dsl_mut/HM-armc/mutation/lowered-cpp/lens_blur/lens_blur.halide_generated.cpp:6319:52
lens_blur,cxx_default_on_emitted_cpp,5eb72c8d,4,16,cxx_sub_to_add,lens_blur.halide_generated.cpp,7525,29,generator_specific,0,0,0,,,,0,13.182,cxx_sub_to_add:/mnt/scratch1/ardi/dsl_mut/HM-armc/mutation/lowered-cpp/lens_blur/lens_blur.halide_generated.cpp:7525:29
lens_blur,cxx_default_on_emitted_cpp,5eb72c8d,4,16,cxx_post_inc_to_post_dec,lens_blur.halide_generated.cpp,4712,61,generator_specific,-11,1,1,,,test1_demo;test2_golden,0,0.013,cxx_post_inc_to_post_dec:/mnt/scratch1/ardi/dsl_mut/HM-armc/mutation/lowered-cpp/lens_blur/lens_blur.halide_generated.cpp:4712:61
lens_blur,cxx_default_on_emitted_cpp,5eb72c8d,4,16,cxx_add_to_sub,lens_blur.halide_generated.cpp,9402,36,generator_specific,0,0,0,,,,0,13.276,cxx_add_to_sub:/mnt/scratch1/ardi/dsl_mut/HM-armc/mutation/lowered-cpp/lens_blur/lens_blur.halide_generated.cpp:9402:36
lens_blur,cxx_default_on_emitted_cpp,5eb72c8d,4,16,cxx_add_to_sub,lens_blur.halide_generated.cpp,13758,26,generator_specific,0,0,0,,,,0,13.725,cxx_add_to_sub:/mnt/scratch1/ardi/dsl_mut/HM-armc/mutation/lowered-cpp/lens_blur/lens_blur.halide_generated.cpp:13758:26
lens_blur,cxx_default_on_emitted_cpp,5eb72c8d,4,16,cxx_add_to_sub,lens_blur.halide_generated.cpp,10908,39,generator_specific,0,0,0,,,,0,13.419,cxx_add_to_sub:/mnt/scratch1/ardi/dsl_mut/HM-armc/mutation/lowered-cpp/lens_blur/lens_blur.halide_generated.cpp:10908:39
lens_blur,cxx_default_on_emitted_cpp,5eb72c8d,4,16,cxx_mul_to_div,lens_blur.halide_generated.cpp,8669,78,generator_specific,0,0,0,,,,0,13.734,cxx_mul_to_div:/mnt/scratch1/ardi/dsl_mut/HM-armc/mutation/lowered-cpp/lens_blur/lens_blur.halide_generated.cpp:8669:78
lens_blur,cxx_default_on_emitted_cpp,5eb72c8d,4,16,cxx_add_to_sub,lens_blur.halide_generated.cpp,6783,28,generator_specific,0,0,0,,,,0,13.992,cxx_add_to_sub:/mnt/scratch1/ardi/dsl_mut/HM-armc/mutation/lowered-cpp/lens_blur/lens_blur.halide_generated.cpp:6783:28
lens_blur,cxx_default_on_emitted_cpp,5eb72c8d,4,16,cxx_mul_to_div,lens_blur.halide_generated.cpp,11617,28,generator_specific,0,0,0,,,,0,13.036,cxx_mul_to_div:/mnt/scratch1/ardi/dsl_mut/HM-armc/mutation/lowered-cpp/lens_blur/lens_blur.halide_generated.cpp:11617:28
lens_blur,cxx_default_on_emitted_cpp,5eb72c8d,4,16,cxx_replace_scalar_call,lens_blur.halide_generated.cpp,13354,17,generator_specific,0,0,0,,,,0,13.488,cxx_replace_scalar_call:/mnt/scratch1/ardi/dsl_mut/HM-armc/mutation/lowered-cpp/lens_blur/lens_blur.halide_generated.cpp:13354:17
lens_blur,cxx_default_on_emitted_cpp,5eb72c8d,4,16,cxx_add_to_sub,lens_blur.halide_generated.cpp,12982,26,generator_specific,0,0,0,,,,0,13.286,cxx_add_to_sub:/mnt/scratch1/ardi/dsl_mut/HM-armc/mutation/lowered-cpp/lens_blur/lens_blur.halide_generated.cpp:12982:26
lens_blur,cxx_default_on_emitted_cpp,5eb72c8d,4,16,cxx_add_to_sub,lens_blur.halide_generated.cpp,13655,26,generator_specific,0,0,0,,,,0,13.489,cxx_add_to_sub:/mnt/scratch1/ardi/dsl_mut/HM-armc/mutation/lowered-cpp/lens_blur/lens_blur.halide_generated.cpp:13655:26
lens_blur,cxx_default_on_emitted_cpp,5eb72c8d,4,16,cxx_mul_to_div,lens_blur.halide_generated.cpp,12262,34,generator_specific,0,0,1,,,test2_golden,0,13.482,cxx_mul_to_div:/mnt/scratch1/ardi/dsl_mut/HM-armc/mutation/lowered-cpp/lens_blur/lens_blur.halide_generated.cpp:12262:34
lens_blur,cxx_default_on_emitted_cpp,5eb72c8d,4,16,cxx_add_to_sub,lens_blur.halide_generated.cpp,8906,34,generator_specific,0,0,0,,,,0,13.728,cxx_add_to_sub:/mnt/scratch1/ardi/dsl_mut/HM-armc/mutation/lowered-cpp/lens_blur/lens_blur.halide_generated.cpp:8906:34
lens_blur,cxx_default_on_emitted_cpp,5eb72c8d,4,16,cxx_replace_scalar_call,lens_blur.halide_generated.cpp,12396,18,generator_specific,-6,1,1,,,test1_demo;test2_golden,0,0.429,cxx_replace_scalar_call:/mnt/scratch1/ardi/dsl_mut/HM-armc/mutation/lowered-cpp/lens_blur/lens_blur.halide_generated.cpp:12396:18
lens_blur,cxx_default_on_emitted_cpp,5eb72c8d,4,16,cxx_add_to_sub,lens_blur.halide_generated.cpp,7436,33,generator_specific,0,0,0,,,,0,13.866,cxx_add_to_sub:/mnt/scratch1/ardi/dsl_mut/HM-armc/mutation/lowered-cpp/lens_blur/lens_blur.halide_generated.cpp:7436:33
lens_blur,cxx_default_on_emitted_cpp,5eb72c8d,4,16,cxx_add_to_sub,lens_blur.halide_generated.cpp,11067,38,generator_specific,-11,1,1,,,test1_demo;test2_golden,0,0.253,cxx_add_to_sub:/mnt/scratch1/ardi/dsl_mut/HM-armc/mutation/lowered-cpp/lens_blur/lens_blur.halide_generated.cpp:11067:38
lens_blur,cxx_default_on_emitted_cpp,5eb72c8d,4,16,cxx_add_to_sub,lens_blur.halide_generated.cpp,10305,38,generator_specific,0,0,0,,,,0,13.451,cxx_add_to_sub:/mnt/scratch1/ardi/dsl_mut/HM-armc/mutation/lowered-cpp/lens_blur/lens_blur.halide_generated.cpp:10305:38
lens_blur,cxx_default_on_emitted_cpp,5eb72c8d,4,16,cxx_add_to_sub,lens_blur.halide_generated.cpp,10349,38,generator_specific,0,0,0,,,,0,13.337,cxx_add_to_sub:/mnt/scratch1/ardi/dsl_mut/HM-armc/mutation/lowered-cpp/lens_blur/lens_blur.halide_generated.cpp:10349:38
lens_blur,cxx_default_on_emitted_cpp,5eb72c8d,4,16,cxx_replace_scalar_call,lens_blur.halide_generated.cpp,12499,18,generator_specific,0,0,0,,,,0,13.840,cxx_replace_scalar_call:/mnt/scratch1/ardi/dsl_mut/HM-armc/mutation/lowered-cpp/lens_blur/lens_blur.halide_generated.cpp:12499:18
lens_blur,cxx_default_on_emitted_cpp,5eb72c8d,4,16,cxx_add_to_sub,lens_blur.halide_generated.cpp,7734,30,generator_specific,-6,1,1,,,test1_demo;test2_golden,0,0.241,cxx_add_to_sub:/mnt/scratch1/ardi/dsl_mut/HM-armc/mutation/lowered-cpp/lens_blur/lens_blur.halide_generated.cpp:7734:30
lens_blur,cxx_default_on_emitted_cpp,5eb72c8d,4,16,cxx_replace_scalar_call,lens_blur.halide_generated.cpp,12401,19,generator_specific,-6,1,1,,,test1_demo;test2_golden,0,0.017,cxx_replace_scalar_call:/mnt/scratch1/ardi/dsl_mut/HM-armc/mutation/lowered-cpp/lens_blur/lens_blur.halide_generated.cpp:12401:19
lens_blur,cxx_default_on_emitted_cpp,5eb72c8d,4,16,cxx_gt_to_ge,lens_blur.halide_generated.cpp,8838,34,generator_specific,0,0,0,,,,0,13.294,cxx_gt_to_ge:/mnt/scratch1/ardi/dsl_mut/HM-armc/mutation/lowered-cpp/lens_blur/lens_blur.halide_generated.cpp:8838:34
lens_blur,cxx_default_on_emitted_cpp,5eb72c8d,4,16,cxx_add_to_sub,lens_blur.halide_generated.cpp,11609,29,generator_specific,0,0,0,,,,0,13.655,cxx_add_to_sub:/mnt/scratch1/ardi/dsl_mut/HM-armc/mutation/lowered-cpp/lens_blur/lens_blur.halide_generated.cpp:11609:29
lens_blur,cxx_default_on_emitted_cpp,5eb72c8d,4,16,cxx_mul_to_div,lens_blur.halide_generated.cpp,12299,32,generator_specific,0,0,1,,,test2_golden,0,13.772,cxx_mul_to_div:/mnt/scratch1/ardi/dsl_mut/HM-armc/mutation/lowered-cpp/lens_blur/lens_blur.halide_generated.cpp:12299:32
lens_blur,cxx_default_on_emitted_cpp,5eb72c8d,4,16,cxx_add_to_sub,lens_blur.halide_generated.cpp,11633,28,generator_specific,0,0,0,,,,0,13.181,cxx_add_to_sub:/mnt/scratch1/ardi/dsl_mut/HM-armc/mutation/lowered-cpp/lens_blur/lens_blur.halide_generated.cpp:11633:28
lens_blur,cxx_default_on_emitted_cpp,5eb72c8d,4,16,cxx_mul_to_div,lens_blur.halide_generated.cpp,9952,36,generator_specific,0,0,0,,,,0,13.755,cxx_mul_to_div:/mnt/scratch1/ardi/dsl_mut/HM-armc/mutation/lowered-cpp/lens_blur/lens_blur.halide_generated.cpp:9952:36
lens_blur,cxx_default_on_emitted_cpp,5eb72c8d,4,16,cxx_sub_to_add,lens_blur.halide_generated.cpp,10198,36,generator_specific,-6,1,1,,,test1_demo;test2_golden,0,0.364,cxx_sub_to_add:/mnt/scratch1/ardi/dsl_mut/HM-armc/mutation/lowered-cpp/lens_blur/lens_blur.halide_generated.cpp:10198:36
lens_blur,cxx_default_on_emitted_cpp,5eb72c8d,4,16,cxx_gt_to_ge,lens_blur.halide_generated.cpp,6275,28,generator_specific,0,0,0,,,,0,13.024,cxx_gt_to_ge:/mnt/scratch1/ardi/dsl_mut/HM-armc/mutation/lowered-cpp/lens_blur/lens_blur.halide_generated.cpp:6275:28
lens_blur,cxx_default_on_emitted_cpp,5eb72c8d,4,16,cxx_mul_to_div,lens_blur.halide_generated.cpp,9835,36,generator_specific,0,0,0,,,,0,13.075,cxx_mul_to_div:/mnt/scratch1/ardi/dsl_mut/HM-armc/mutation/lowered-cpp/lens_blur/lens_blur.halide_generated.cpp:9835:36
lens_blur,cxx_default_on_emitted_cpp,5eb72c8d,4,16,cxx_sub_to_add,lens_blur.halide_generated.cpp,11043,38,generator_specific,0,0,0,,,,0,12.970,cxx_sub_to_add:/mnt/scratch1/ardi/dsl_mut/HM-armc/mutation/lowered-cpp/lens_blur/lens_blur.halide_generated.cpp:11043:38
lens_blur,cxx_default_on_emitted_cpp,5eb72c8d,4,16,cxx_replace_scalar_call,lens_blur.halide_generated.cpp,5136,18,generator_specific,0,0,0,,,,0,13.127,cxx_replace_scalar_call:/mnt/scratch1/ardi/dsl_mut/HM-armc/mutation/lowered-cpp/lens_blur/lens_blur.halide_generated.cpp:5136:18
lens_blur,cxx_default_on_emitted_cpp,5eb72c8d,4,16,cxx_sub_to_add,lens_blur.halide_generated.cpp,8926,34,generator_specific,0,0,0,,,,0,13.292,cxx_sub_to_add:/mnt/scratch1/ardi/dsl_mut/HM-armc/mutation/lowered-cpp/lens_blur/lens_blur.halide_generated.cpp:8926:34
lens_blur,cxx_default_on_emitted_cpp,5eb72c8d,4,16,cxx_replace_scalar_call,lens_blur.halide_generated.cpp,12705,18,generator_specific,0,0,0,,,,0,12.973,cxx_replace_scalar_call:/mnt/scratch1/ardi/dsl_mut/HM-armc/mutation/lowered-cpp/lens_blur/lens_blur.halide_generated.cpp:12705:18
lens_blur,cxx_default_on_emitted_cpp,5eb72c8d,4,16,cxx_add_to_sub,lens_blur.halide_generated.cpp,10550,38,generator_specific,0,0,0,,,,0,13.378,cxx_add_to_sub:/mnt/scratch1/ardi/dsl_mut/HM-armc/mutation/lowered-cpp/lens_blur/lens_blur.halide_generated.cpp:10550:38
lens_blur,cxx_default_on_emitted_cpp,5eb72c8d,4,16,cxx_add_to_sub,lens_blur.halide_generated.cpp,8776,31,generator_specific,0,0,0,,,,0,12.963,cxx_add_to_sub:/mnt/scratch1/ardi/dsl_mut/HM-armc/mutation/lowered-cpp/lens_blur/lens_blur.halide_generated.cpp:8776:31
lens_blur,cxx_default_on_emitted_cpp,5eb72c8d,4,16,cxx_add_to_sub,lens_blur.halide_generated.cpp,6523,28,generator_specific,0,0,0,,,,0,13.070,cxx_add_to_sub:/mnt/scratch1/ardi/dsl_mut/HM-armc/mutation/lowered-cpp/lens_blur/lens_blur.halide_generated.cpp:6523:28
lens_blur,cxx_default_on_emitted_cpp,5eb72c8d,4,16,cxx_mul_to_div,lens_blur.halide_generated.cpp,11474,25,generator_specific,0,0,0,,,,0,12.989,cxx_mul_to_div:/mnt/scratch1/ardi/dsl_mut/HM-armc/mutation/lowered-cpp/lens_blur/lens_blur.halide_generated.cpp:11474:25
lens_blur,cxx_default_on_emitted_cpp,5eb72c8d,4,16,cxx_replace_scalar_call,lens_blur.halide_generated.cpp,12626,18,generator_specific,0,0,0,,,,0,13.121,cxx_replace_scalar_call:/mnt/scratch1/ardi/dsl_mut/HM-armc/mutation/lowered-cpp/lens_blur/lens_blur.halide_generated.cpp:12626:18
lens_blur,cxx_default_on_emitted_cpp,5eb72c8d,4,16,cxx_add_to_sub,lens_blur.halide_generated.cpp,4520,30,generator_specific,0,0,0,,,,0,13.408,cxx_add_to_sub:/mnt/scratch1/ardi/dsl_mut/HM-armc/mutation/lowered-cpp/lens_blur/lens_blur.halide_generated.cpp:4520:30
lens_blur,cxx_default_on_emitted_cpp,5eb72c8d,4,16,cxx_add_to_sub,lens_blur.halide_generated.cpp,11200,39,generator_specific,0,0,1,,,test2_golden,0,13.492,cxx_add_to_sub:/mnt/scratch1/ardi/dsl_mut/HM-armc/mutation/lowered-cpp/lens_blur/lens_blur.halide_generated.cpp:11200:39
lens_blur,cxx_default_on_emitted_cpp,5eb72c8d,4,16,cxx_replace_scalar_call,lens_blur.halide_generated.cpp,5090,17,generator_specific,0,0,0,,,,0,13.429,cxx_replace_scalar_call:/mnt/scratch1/ardi/dsl_mut/HM-armc/mutation/lowered-cpp/lens_blur/lens_blur.halide_generated.cpp:5090:17
lens_blur,cxx_default_on_emitted_cpp,5eb72c8d,4,16,cxx_mul_to_div,lens_blur.halide_generated.cpp,5227,24,generator_specific,0,0,0,,,,0,13.371,cxx_mul_to_div:/mnt/scratch1/ardi/dsl_mut/HM-armc/mutation/lowered-cpp/lens_blur/lens_blur.halide_generated.cpp:5227:24
lens_blur,cxx_default_on_emitted_cpp,5eb72c8d,4,16,cxx_replace_scalar_call,lens_blur.halide_generated.cpp,12684,18,generator_specific,0,0,0,,,,0,13.226,cxx_replace_scalar_call:/mnt/scratch1/ardi/dsl_mut/HM-armc/mutation/lowered-cpp/lens_blur/lens_blur.halide_generated.cpp:12684:18
lens_blur,cxx_default_on_emitted_cpp,5eb72c8d,4,16,cxx_add_to_sub,lens_blur.halide_generated.cpp,7434,31,generator_specific,0,0,0,,,,0,13.414,cxx_add_to_sub:/mnt/scratch1/ardi/dsl_mut/HM-armc/mutation/lowered-cpp/lens_blur/lens_blur.halide_generated.cpp:7434:31
lens_blur,cxx_default_on_emitted_cpp,5eb72c8d,4,16,cxx_add_to_sub,lens_blur.halide_generated.cpp,14060,27,generator_specific,0,0,0,,,,0,13.308,cxx_add_to_sub:/mnt/scratch1/ardi/dsl_mut/HM-armc/mutation/lowered-cpp/lens_blur/lens_blur.halide_generated.cpp:14060:27
lens_blur,cxx_default_on_emitted_cpp,5eb72c8d,4,16,cxx_add_to_sub,lens_blur.halide_generated.cpp,6812,30,generator_specific,0,0,0,,,,0,13.159,cxx_add_to_sub:/mnt/scratch1/ardi/dsl_mut/HM-armc/mutation/lowered-cpp/lens_blur/lens_blur.halide_generated.cpp:6812:30
lens_blur,cxx_default_on_emitted_cpp,5eb72c8d,4,16,cxx_sub_to_add,lens_blur.halide_generated.cpp,4324,30,generator_specific,0,0,0,,,,0,13.924,cxx_sub_to_add:/mnt/scratch1/ardi/dsl_mut/HM-armc/mutation/lowered-cpp/lens_blur/lens_blur.halide_generated.cpp:4324:30
lens_blur,cxx_default_on_emitted_cpp,5eb72c8d,4,16,cxx_replace_scalar_call,lens_blur.halide_generated.cpp,12827,20,generator_specific,0,0,0,,,,0,13.371,cxx_replace_scalar_call:/mnt/scratch1/ardi/dsl_mut/HM-armc/mutation/lowered-cpp/lens_blur/lens_blur.halide_generated.cpp:12827:20
lens_blur,cxx_default_on_emitted_cpp,5eb72c8d,4,16,cxx_add_to_sub,lens_blur.halide_generated.cpp,11969,79,generator_specific,0,0,1,,,test2_golden,0,12.812,cxx_add_to_sub:/mnt/scratch1/ardi/dsl_mut/HM-armc/mutation/lowered-cpp/lens_blur/lens_blur.halide_generated.cpp:11969:79
lens_blur,cxx_default_on_emitted_cpp,5eb72c8d,4,16,cxx_add_to_sub,lens_blur.halide_generated.cpp,6450,29,generator_specific,0,0,0,,,,0,13.317,cxx_add_to_sub:/mnt/scratch1/ardi/dsl_mut/HM-armc/mutation/lowered-cpp/lens_blur/lens_blur.halide_generated.cpp:6450:29
lens_blur,cxx_default_on_emitted_cpp,5eb72c8d,4,16,cxx_add_to_sub,lens_blur.halide_generated.cpp,7508,31,generator_specific,0,0,0,,,,0,13.276,cxx_add_to_sub:/mnt/scratch1/ardi/dsl_mut/HM-armc/mutation/lowered-cpp/lens_blur/lens_blur.halide_generated.cpp:7508:31
lens_blur,cxx_default_on_emitted_cpp,5eb72c8d,4,16,cxx_lt_to_ge,lens_blur.halide_generated.cpp,9392,55,generator_specific,0,0,0,,,,0,13.484,cxx_lt_to_ge:/mnt/scratch1/ardi/dsl_mut/HM-armc/mutation/lowered-cpp/lens_blur/lens_blur.halide_generated.cpp:9392:55
lens_blur,cxx_default_on_emitted_cpp,5eb72c8d,4,16,cxx_gt_to_le,lens_blur.halide_generated.cpp,13077,23,generator_specific,0,0,0,,,,0,13.465,cxx_gt_to_le:/mnt/scratch1/ardi/dsl_mut/HM-armc/mutation/lowered-cpp/lens_blur/lens_blur.halide_generated.cpp:13077:23
lens_blur,cxx_default_on_emitted_cpp,5eb72c8d,4,16,cxx_div_to_mul,lens_blur.halide_generated.cpp,4210,29,generator_specific,0,0,0,,,,0,13.180,cxx_div_to_mul:/mnt/scratch1/ardi/dsl_mut/HM-armc/mutation/lowered-cpp/lens_blur/lens_blur.halide_generated.cpp:4210:29
lens_blur,cxx_default_on_emitted_cpp,5eb72c8d,4,16,cxx_add_to_sub,lens_blur.halide_generated.cpp,3859,23,generator_specific,0,0,1,,,test2_golden,0,13.075,cxx_add_to_sub:/mnt/scratch1/ardi/dsl_mut/HM-armc/mutation/lowered-cpp/lens_blur/lens_blur.halide_generated.cpp:3859:23
lens_blur,cxx_default_on_emitted_cpp,5eb72c8d,4,16,cxx_add_to_sub,lens_blur.halide_generated.cpp,12575,24,generator_specific,0,0,0,,,,0,13.614,cxx_add_to_sub:/mnt/scratch1/ardi/dsl_mut/HM-armc/mutation/lowered-cpp/lens_blur/lens_blur.halide_generated.cpp:12575:24
lens_blur,cxx_default_on_emitted_cpp,5eb72c8d,4,16,cxx_add_to_sub,lens_blur.halide_generated.cpp,11113,38,generator_specific,0,0,0,,,,0,13.182,cxx_add_to_sub:/mnt/scratch1/ardi/dsl_mut/HM-armc/mutation/lowered-cpp/lens_blur/lens_blur.halide_generated.cpp:11113:38
lens_blur,cxx_default_on_emitted_cpp,5eb72c8d,4,16,cxx_eq_to_ne,lens_blur.halide_generated.cpp,13028,22,generator_specific,-6,1,1,,,test1_demo;test2_golden,0,0.022,cxx_eq_to_ne:/mnt/scratch1/ardi/dsl_mut/HM-armc/mutation/lowered-cpp/lens_blur/lens_blur.halide_generated.cpp:13028:22
lens_blur,cxx_default_on_emitted_cpp,5eb72c8d,4,16,cxx_mul_to_div,lens_blur.halide_generated.cpp,4246,33,generator_specific,0,0,1,,,test2_golden,0,13.435,cxx_mul_to_div:/mnt/scratch1/ardi/dsl_mut/HM-armc/mutation/lowered-cpp/lens_blur/lens_blur.halide_generated.cpp:4246:33
lens_blur,cxx_default_on_emitted_cpp,5eb72c8d,4,16,cxx_add_to_sub,lens_blur.halide_generated.cpp,5700,26,generator_specific,0,0,0,,,,0,12.996,cxx_add_to_sub:/mnt/scratch1/ardi/dsl_mut/HM-armc/mutation/lowered-cpp/lens_blur/lens_blur.halide_generated.cpp:5700:26
lens_blur,cxx_default_on_emitted_cpp,5eb72c8d,4,16,cxx_gt_to_le,lens_blur.halide_generated.cpp,5310,26,generator_specific,0,0,0,,,,0,14.015,cxx_gt_to_le:/mnt/scratch1/ardi/dsl_mut/HM-armc/mutation/lowered-cpp/lens_blur/lens_blur.halide_generated.cpp:5310:26
lens_blur,cxx_default_on_emitted_cpp,5eb72c8d,4,16,cxx_mul_to_div,lens_blur.halide_generated.cpp,4264,24,generator_specific,0,0,1,,,test2_golden,0,13.375,cxx_mul_to_div:/mnt/scratch1/ardi/dsl_mut/HM-armc/mutation/lowered-cpp/lens_blur/lens_blur.halide_generated.cpp:4264:24
lens_blur,cxx_default_on_emitted_cpp,5eb72c8d,4,16,cxx_add_to_sub,lens_blur.halide_generated.cpp,5745,25,generator_specific,0,0,0,,,,0,12.997,cxx_add_to_sub:/mnt/scratch1/ardi/dsl_mut/HM-armc/mutation/lowered-cpp/lens_blur/lens_blur.halide_generated.cpp:5745:25
lens_blur,cxx_default_on_emitted_cpp,5eb72c8d,4,16,cxx_add_to_sub,lens_blur.halide_generated.cpp,10340,37,generator_specific,0,0,0,,,,0,13.916,cxx_add_to_sub:/mnt/scratch1/ardi/dsl_mut/HM-armc/mutation/lowered-cpp/lens_blur/lens_blur.halide_generated.cpp:10340:37
lens_blur,cxx_default_on_emitted_cpp,5eb72c8d,4,16,cxx_ne_to_eq,lens_blur.halide_generated.cpp,7748,31,generator_specific,-6,1,1,,,test1_demo;test2_golden,0,0.298,cxx_ne_to_eq:/mnt/scratch1/ardi/dsl_mut/HM-armc/mutation/lowered-cpp/lens_blur/lens_blur.halide_generated.cpp:7748:31
lens_blur,cxx_default_on_emitted_cpp,5eb72c8d,4,16,cxx_add_to_sub,lens_blur.halide_generated.cpp,9254,33,generator_specific,0,0,0,,,,0,13.815,cxx_add_to_sub:/mnt/scratch1/ardi/dsl_mut/HM-armc/mutation/lowered-cpp/lens_blur/lens_blur.halide_generated.cpp:9254:33
lens_blur,cxx_default_on_emitted_cpp,5eb72c8d,4,16,cxx_add_to_sub,lens_blur.halide_generated.cpp,5678,26,generator_specific,0,0,0,,,,0,12.983,cxx_add_to_sub:/mnt/scratch1/ardi/dsl_mut/HM-armc/mutation/lowered-cpp/lens_blur/lens_blur.halide_generated.cpp:5678:26
lens_blur,cxx_default_on_emitted_cpp,5eb72c8d,4,16,cxx_add_to_sub,lens_blur.halide_generated.cpp,12672,24,generator_specific,0,0,0,,,,0,13.341,cxx_add_to_sub:/mnt/scratch1/ardi/dsl_mut/HM-armc/mutation/lowered-cpp/lens_blur/lens_blur.halide_generated.cpp:12672:24
lens_blur,cxx_default_on_emitted_cpp,5eb72c8d,4,16,cxx_add_to_sub,lens_blur.halide_generated.cpp,4671,33,generator_specific,0,0,0,,,,0,13.421,cxx_add_to_sub:/mnt/scratch1/ardi/dsl_mut/HM-armc/mutation/lowered-cpp/lens_blur/lens_blur.halide_generated.cpp:4671:33
lens_blur,cxx_default_on_emitted_cpp,5eb72c8d,4,16,cxx_add_to_sub,lens_blur.halide_generated.cpp,11713,29,generator_specific,-11,1,1,,,test1_demo;test2_golden,0,0.579,cxx_add_to_sub:/mnt/scratch1/ardi/dsl_mut/HM-armc/mutation/lowered-cpp/lens_blur/lens_blur.halide_generated.cpp:11713:29
lens_blur,cxx_default_on_emitted_cpp,5eb72c8d,4,16,cxx_le_to_gt,lens_blur.halide_generated.cpp,13355,35,generator_specific,-6,1,1,,,test1_demo;test2_golden,0,0.011,cxx_le_to_gt:/mnt/scratch1/ardi/dsl_mut/HM-armc/mutation/lowered-cpp/lens_blur/lens_blur.halide_generated.cpp:13355:35
lens_blur,cxx_default_on_emitted_cpp,5eb72c8d,4,16,cxx_add_to_sub,lens_blur.halide_generated.cpp,11700,29,generator_specific,-11,1,1,,,test1_demo;test2_golden,0,0.336,cxx_add_to_sub:/mnt/scratch1/ardi/dsl_mut/HM-armc/mutation/lowered-cpp/lens_blur/lens_blur.halide_generated.cpp:11700:29
lens_blur,cxx_default_on_emitted_cpp,5eb72c8d,4,16,cxx_add_to_sub,lens_blur.halide_generated.cpp,6153,30,generator_specific,-11,1,1,,,test1_demo;test2_golden,0,0.300,cxx_add_to_sub:/mnt/scratch1/ardi/dsl_mut/HM-armc/mutation/lowered-cpp/lens_blur/lens_blur.halide_generated.cpp:6153:30
lens_blur,cxx_default_on_emitted_cpp,5eb72c8d,4,16,cxx_ne_to_eq,lens_blur.halide_generated.cpp,6284,28,generator_specific,-6,1,1,,,test1_demo;test2_golden,0,0.254,cxx_ne_to_eq:/mnt/scratch1/ardi/dsl_mut/HM-armc/mutation/lowered-cpp/lens_blur/lens_blur.halide_generated.cpp:6284:28
lens_blur,cxx_default_on_emitted_cpp,5eb72c8d,4,16,cxx_add_to_sub,lens_blur.halide_generated.cpp,7498,33,generator_specific,0,0,0,,,,0,14.137,cxx_add_to_sub:/mnt/scratch1/ardi/dsl_mut/HM-armc/mutation/lowered-cpp/lens_blur/lens_blur.halide_generated.cpp:7498:33
lens_blur,cxx_default_on_emitted_cpp,5eb72c8d,4,16,cxx_mul_to_div,lens_blur.halide_generated.cpp,10875,38,generator_specific,0,0,0,,,,0,13.569,cxx_mul_to_div:/mnt/scratch1/ardi/dsl_mut/HM-armc/mutation/lowered-cpp/lens_blur/lens_blur.halide_generated.cpp:10875:38
lens_blur,cxx_default_on_emitted_cpp,5eb72c8d,4,16,cxx_mul_to_div,lens_blur.halide_generated.cpp,8950,35,generator_specific,0,0,0,,,,0,13.366,cxx_mul_to_div:/mnt/scratch1/ardi/dsl_mut/HM-armc/mutation/lowered-cpp/lens_blur/lens_blur.halide_generated.cpp:8950:35
lens_blur,cxx_default_on_emitted_cpp,5eb72c8d,4,16,cxx_mul_to_div,lens_blur.halide_generated.cpp,9844,36,generator_specific,0,0,0,,,,0,13.303,cxx_mul_to_div:/mnt/scratch1/ardi/dsl_mut/HM-armc/mutation/lowered-cpp/lens_blur/lens_blur.halide_generated.cpp:9844:36
lens_blur,cxx_default_on_emitted_cpp,5eb72c8d,4,16,cxx_replace_scalar_call,lens_blur.halide_generated.cpp,5129,18,generator_specific,0,0,0,,,,0,13.774,cxx_replace_scalar_call:/mnt/scratch1/ardi/dsl_mut/HM-armc/mutation/lowered-cpp/lens_blur/lens_blur.halide_generated.cpp:5129:18
lens_blur,cxx_default_on_emitted_cpp,5eb72c8d,4,16,cxx_lt_to_ge,lens_blur.halide_generated.cpp,10263,56,generator_specific,0,0,0,,,,0,13.311,cxx_lt_to_ge:/mnt/scratch1/ardi/dsl_mut/HM-armc/mutation/lowered-cpp/lens_blur/lens_blur.halide_generated.cpp:10263:56
lens_blur,cxx_default_on_emitted_cpp,5eb72c8d,4,16,cxx_add_to_sub,lens_blur.halide_generated.cpp,4634,27,generator_specific,-11,1,1,,,test1_demo;test2_golden,0,0.033,cxx_add_to_sub:/mnt/scratch1/ardi/dsl_mut/HM-armc/mutation/lowered-cpp/lens_blur/lens_blur.halide_generated.cpp:4634:27
lens_blur,cxx_default_on_emitted_cpp,5eb72c8d,4,16,cxx_add_to_sub,lens_blur.halide_generated.cpp,7729,29,generator_specific,0,0,0,,,,0,13.316,cxx_add_to_sub:/mnt/scratch1/ardi/dsl_mut/HM-armc/mutation/lowered-cpp/lens_blur/lens_blur.halide_generated.cpp:7729:29
lens_blur,cxx_default_on_emitted_cpp,5eb72c8d,4,16,cxx_mul_to_div,lens_blur.halide_generated.cpp,9610,35,generator_specific,0,0,0,,,,0,13.226,cxx_mul_to_div:/mnt/scratch1/ardi/dsl_mut/HM-armc/mutation/lowered-cpp/lens_blur/lens_blur.halide_generated.cpp:9610:35
lens_blur,cxx_default_on_emitted_cpp,5eb72c8d,4,16,cxx_add_to_sub,lens_blur.halide_generated.cpp,8360,94,generator_specific,0,0,1,,,test2_golden,0,13.733,cxx_add_to_sub:/mnt/scratch1/ardi/dsl_mut/HM-armc/mutation/lowered-cpp/lens_blur/lens_blur.halide_generated.cpp:8360:94
lens_blur,cxx_default_on_emitted_cpp,5eb72c8d,4,16,cxx_add_to_sub,lens_blur.halide_generated.cpp,6920,29,generator_specific,0,0,0,,,,0,14.055,cxx_add_to_sub:/mnt/scratch1/ardi/dsl_mut/HM-armc/mutation/lowered-cpp/lens_blur/lens_blur.halide_generated.cpp:6920:29
lens_blur,cxx_default_on_emitted_cpp,5eb72c8d,4,16,cxx_post_inc_to_post_dec,lens_blur.halide_generated.cpp,7907,134,generator_specific,-11,1,1,,,test1_demo;test2_golden,0,0.325,cxx_post_inc_to_post_dec:/mnt/scratch1/ardi/dsl_mut/HM-armc/mutation/lowered-cpp/lens_blur/lens_blur.halide_generated.cpp:7907:134
lens_blur,cxx_default_on_emitted_cpp,5eb72c8d,4,16,cxx_sub_to_add,lens_blur.halide_generated.cpp,6304,27,generator_specific,0,0,0,,,,0,13.291,cxx_sub_to_add:/mnt/scratch1/ardi/dsl_mut/HM-armc/mutation/lowered-cpp/lens_blur/lens_blur.halide_generated.cpp:6304:27
lens_blur,cxx_default_on_emitted_cpp,5eb72c8d,4,16,cxx_sub_to_add,lens_blur.halide_generated.cpp,9773,35,generator_specific,0,0,0,,,,0,14.344,cxx_sub_to_add:/mnt/scratch1/ardi/dsl_mut/HM-armc/mutation/lowered-cpp/lens_blur/lens_blur.halide_generated.cpp:9773:35
lens_blur,cxx_default_on_emitted_cpp,5eb72c8d,4,16,cxx_sub_to_add,lens_blur.halide_generated.cpp,5285,24,generator_specific,0,0,0,,,,0,13.621,cxx_sub_to_add:/mnt/scratch1/ardi/dsl_mut/HM-armc/mutation/lowered-cpp/lens_blur/lens_blur.halide_generated.cpp:5285:24
lens_blur,cxx_default_on_emitted_cpp,5eb72c8d,4,16,cxx_mul_to_div,lens_blur.halide_generated.cpp,5729,25,generator_specific,0,0,0,,,,0,13.187,cxx_mul_to_div:/mnt/scratch1/ardi/dsl_mut/HM-armc/mutation/lowered-cpp/lens_blur/lens_blur.halide_generated.cpp:5729:25
lens_blur,cxx_default_on_emitted_cpp,5eb72c8d,4,16,cxx_replace_scalar_call,lens_blur.halide_generated.cpp,4299,22,generator_specific,0,0,0,,,,0,12.981,cxx_replace_scalar_call:/mnt/scratch1/ardi/dsl_mut/HM-armc/mutation/lowered-cpp/lens_blur/lens_blur.halide_generated.cpp:4299:22
lens_blur,cxx_default_on_emitted_cpp,5eb72c8d,4,16,cxx_mul_to_div,lens_blur.halide_generated.cpp,12656,24,generator_specific,0,0,0,,,,0,13.085,cxx_mul_to_div:/mnt/scratch1/ardi/dsl_mut/HM-armc/mutation/lowered-cpp/lens_blur/lens_blur.halide_generated.cpp:12656:24
lens_blur,cxx_default_on_emitted_cpp,5eb72c8d,4,16,cxx_add_to_sub,lens_blur.halide_generated.cpp,12683,24,generator_specific,0,0,0,,,,0,12.915,cxx_add_to_sub:/mnt/scratch1/ardi/dsl_mut/HM-armc/mutation/lowered-cpp/lens_blur/lens_blur.halide_generated.cpp:12683:24
lens_blur,cxx_default_on_emitted_cpp,5eb72c8d,4,16,cxx_replace_scalar_call,lens_blur.halide_generated.cpp,12712,18,generator_specific,0,0,0,,,,0,13.709,cxx_replace_scalar_call:/mnt/scratch1/ardi/dsl_mut/HM-armc/mutation/lowered-cpp/lens_blur/lens_blur.halide_generated.cpp:12712:18
lens_blur,cxx_default_on_emitted_cpp,5eb72c8d,4,16,cxx_mul_to_div,lens_blur.halide_generated.cpp,11543,28,generator_specific,0,0,0,,,,0,13.158,cxx_mul_to_div:/mnt/scratch1/ardi/dsl_mut/HM-armc/mutation/lowered-cpp/lens_blur/lens_blur.halide_generated.cpp:11543:28
lens_blur,cxx_default_on_emitted_cpp,5eb72c8d,4,16,cxx_lt_to_ge,lens_blur.halide_generated.cpp,8898,53,generator_specific,0,0,0,,,,0,12.999,cxx_lt_to_ge:/mnt/scratch1/ardi/dsl_mut/HM-armc/mutation/lowered-cpp/lens_blur/lens_blur.halide_generated.cpp:8898:53
lens_blur,cxx_default_on_emitted_cpp,5eb72c8d,4,16,cxx_add_to_sub,lens_blur.halide_generated.cpp,4281,41,generator_specific,0,0,0,,,,0,12.943,cxx_add_to_sub:/mnt/scratch1/ardi/dsl_mut/HM-armc/mutation/lowered-cpp/lens_blur/lens_blur.halide_generated.cpp:4281:41
lens_blur,cxx_default_on_emitted_cpp,5eb72c8d,4,16,cxx_add_to_sub,lens_blur.halide_generated.cpp,13729,26,generator_specific,0,0,0,,,,0,13.295,cxx_add_to_sub:/mnt/scratch1/ardi/dsl_mut/HM-armc/mutation/lowered-cpp/lens_blur/lens_blur.halide_generated.cpp:13729:26
lens_blur,cxx_default_on_emitted_cpp,5eb72c8d,4,16,cxx_mul_to_div,lens_blur.halide_generated.cpp,5783,72,generator_specific,0,0,0,,,,0,13.052,cxx_mul_to_div:/mnt/scratch1/ardi/dsl_mut/HM-armc/mutation/lowered-cpp/lens_blur/lens_blur.halide_generated.cpp:5783:72
lens_blur,cxx_default_on_emitted_cpp,5eb72c8d,4,16,cxx_add_to_sub,lens_blur.halide_generated.cpp,8370,33,generator_specific,0,0,0,,,,0,13.249,cxx_add_to_sub:/mnt/scratch1/ardi/dsl_mut/HM-armc/mutation/lowered-cpp/lens_blur/lens_blur.halide_generated.cpp:8370:33
lens_blur,cxx_default_on_emitted_cpp,5eb72c8d,4,16,cxx_add_to_sub,lens_blur.halide_generated.cpp,3686,50,generator_specific,0,0,1,,,test2_golden,0,13.537,cxx_add_to_sub:/mnt/scratch1/ardi/dsl_mut/HM-armc/mutation/lowered-cpp/lens_blur/lens_blur.halide_generated.cpp:3686:50
lens_blur,cxx_default_on_emitted_cpp,5eb72c8d,4,16,cxx_add_to_sub,lens_blur.halide_generated.cpp,7976,34,generator_specific,0,0,0,,,,0,13.360,cxx_add_to_sub:/mnt/scratch1/ardi/dsl_mut/HM-armc/mutation/lowered-cpp/lens_blur/lens_blur.halide_generated.cpp:7976:34
lens_blur,cxx_default_on_emitted_cpp,5eb72c8d,4,16,cxx_gt_to_le,lens_blur.halide_generated.cpp,13254,22,generator_specific,-6,1,1,,,test1_demo;test2_golden,0,0.029,cxx_gt_to_le:/mnt/scratch1/ardi/dsl_mut/HM-armc/mutation/lowered-cpp/lens_blur/lens_blur.halide_generated.cpp:13254:22
lens_blur,cxx_default_on_emitted_cpp,5eb72c8d,4,16,cxx_add_to_sub,lens_blur.halide_generated.cpp,6874,30,generator_specific,0,0,0,,,,0,13.172,cxx_add_to_sub:/mnt/scratch1/ardi/dsl_mut/HM-armc/mutation/lowered-cpp/lens_blur/lens_blur.halide_generated.cpp:6874:30
lens_blur,cxx_default_on_emitted_cpp,5eb72c8d,4,16,cxx_add_to_sub,lens_blur.halide_generated.cpp,6545,28,generator_specific,0,0,0,,,,0,13.221,cxx_add_to_sub:/mnt/scratch1/ardi/dsl_mut/HM-armc/mutation/lowered-cpp/lens_blur/lens_blur.halide_generated.cpp:6545:28
lens_blur,cxx_default_on_emitted_cpp,5eb72c8d,4,16,cxx_replace_scalar_call,lens_blur.halide_generated.cpp,11704,21,generator_specific,0,0,0,,,,0,12.872,cxx_replace_scalar_call:/mnt/scratch1/ardi/dsl_mut/HM-armc/mutation/lowered-cpp/lens_blur/lens_blur.halide_generated.cpp:11704:21
lens_blur,cxx_default_on_emitted_cpp,5eb72c8d,4,16,cxx_add_to_sub,lens_blur.halide_generated.cpp,8708,56,generator_specific,0,0,0,,,,0,13.041,cxx_add_to_sub:/mnt/scratch1/ardi/dsl_mut/HM-armc/mutation/lowered-cpp/lens_blur/lens_blur.halide_generated.cpp:8708:56
lens_blur,cxx_default_on_emitted_cpp,5eb72c8d,4,16,cxx_add_to_sub,lens_blur.halide_generated.cpp,12445,24,generator_specific,0,0,0,,,,0,13.504,cxx_add_to_sub:/mnt/scratch1/ardi/dsl_mut/HM-armc/mutation/lowered-cpp/lens_blur/lens_blur.halide_generated.cpp:12445:24
lens_blur,cxx_default_on_emitted_cpp,5eb72c8d,4,16,cxx_replace_scalar_call,lens_blur.halide_generated.cpp,5204,18,generator_specific,0,0,0,,,,0,13.762,cxx_replace_scalar_call:/mnt/scratch1/ardi/dsl_mut/HM-armc/mutation/lowered-cpp/lens_blur/lens_blur.halide_generated.cpp:5204:18
lens_blur,cxx_default_on_emitted_cpp,5eb72c8d,4,16,cxx_gt_to_le,lens_blur.halide_generated.cpp,4471,27,generator_specific,-6,1,1,,,test1_demo;test2_golden,0,0.021,cxx_gt_to_le:/mnt/scratch1/ardi/dsl_mut/HM-armc/mutation/lowered-cpp/lens_blur/lens_blur.halide_generated.cpp:4471:27
lens_blur,cxx_default_on_emitted_cpp,5eb72c8d,4,16,cxx_mul_to_div,lens_blur.halide_generated.cpp,7741,58,generator_specific,0,0,0,,,,0,13.252,cxx_mul_to_div:/mnt/scratch1/ardi/dsl_mut/HM-armc/mutation/lowered-cpp/lens_blur/lens_blur.halide_generated.cpp:7741:58
lens_blur,cxx_default_on_emitted_cpp,5eb72c8d,4,16,cxx_add_to_sub,lens_blur.halide_generated.cpp,7841,31,generator_specific,0,0,0,,,,0,13.852,cxx_add_to_sub:/mnt/scratch1/ardi/dsl_mut/HM-armc/mutation/lowered-cpp/lens_blur/lens_blur.halide_generated.cpp:7841:31
lens_blur,cxx_default_on_emitted_cpp,5eb72c8d,4,16,cxx_add_to_sub,lens_blur.halide_generated.cpp,8641,30,generator_specific,0,0,0,,,,0,13.165,cxx_add_to_sub:/mnt/scratch1/ardi/dsl_mut/HM-armc/mutation/lowered-cpp/lens_blur/lens_blur.halide_generated.cpp:8641:30
lens_blur,cxx_default_on_emitted_cpp,5eb72c8d,4,16,cxx_add_to_sub,lens_blur.halide_generated.cpp,5770,25,generator_specific,0,0,0,,,,0,13.274,cxx_add_to_sub:/mnt/scratch1/ardi/dsl_mut/HM-armc/mutation/lowered-cpp/lens_blur/lens_blur.halide_generated.cpp:5770:25
lens_blur,cxx_default_on_emitted_cpp,5eb72c8d,4,16,cxx_mul_to_div,lens_blur.halide_generated.cpp,6424,28,generator_specific,0,0,0,,,,0,12.916,cxx_mul_to_div:/mnt/scratch1/ardi/dsl_mut/HM-armc/mutation/lowered-cpp/lens_blur/lens_blur.halide_generated.cpp:6424:28
lens_blur,cxx_default_on_emitted_cpp,5eb72c8d,4,16,cxx_replace_scalar_call,lens_blur.halide_generated.cpp,13280,20,generator_specific,0,0,0,,,,0,13.009,cxx_replace_scalar_call:/mnt/scratch1/ardi/dsl_mut/HM-armc/mutation/lowered-cpp/lens_blur/lens_blur.halide_generated.cpp:13280:20
lens_blur,cxx_default_on_emitted_cpp,5eb72c8d,4,16,cxx_add_to_sub,lens_blur.halide_generated.cpp,12865,26,generator_specific,0,0,0,,,,0,13.051,cxx_add_to_sub:/mnt/scratch1/ardi/dsl_mut/HM-armc/mutation/lowered-cpp/lens_blur/lens_blur.halide_generated.cpp:12865:26
lens_blur,cxx_default_on_emitted_cpp,5eb72c8d,4,16,cxx_mul_to_div,lens_blur.halide_generated.cpp,4049,23,generator_specific,0,0,0,,,,0,13.032,cxx_mul_to_div:/mnt/scratch1/ardi/dsl_mut/HM-armc/mutation/lowered-cpp/lens_blur/lens_blur.halide_generated.cpp:4049:23
lens_blur,cxx_default_on_emitted_cpp,5eb72c8d,4,16,cxx_add_to_sub,lens_blur.halide_generated.cpp,10058,37,generator_specific,0,0,0,,,,0,13.203,cxx_add_to_sub:/mnt/scratch1/ardi/dsl_mut/HM-armc/mutation/lowered-cpp/lens_blur/lens_blur.halide_generated.cpp:10058:37
lens_blur,cxx_default_on_emitted_cpp,5eb72c8d,4,16,cxx_add_to_sub,lens_blur.halide_generated.cpp,6955,32,generator_specific,0,0,0,,,,0,13.411,cxx_add_to_sub:/mnt/scratch1/ardi/dsl_mut/HM-armc/mutation/lowered-cpp/lens_blur/lens_blur.halide_generated.cpp:6955:32
lens_blur,cxx_default_on_emitted_cpp,5eb72c8d,4,16,cxx_add_to_sub,lens_blur.halide_generated.cpp,7337,31,generator_specific,0,0,0,,,,0,13.233,cxx_add_to_sub:/mnt/scratch1/ardi/dsl_mut/HM-armc/mutation/lowered-cpp/lens_blur/lens_blur.halide_generated.cpp:7337:31
lens_blur,cxx_default_on_emitted_cpp,5eb72c8d,4,16,cxx_add_to_sub,lens_blur.halide_generated.cpp,10323,38,generator_specific,0,0,0,,,,0,13.317,cxx_add_to_sub:/mnt/scratch1/ardi/dsl_mut/HM-armc/mutation/lowered-cpp/lens_blur/lens_blur.halide_generated.cpp:10323:38
lens_blur,cxx_default_on_emitted_cpp,5eb72c8d,4,16,cxx_sub_to_add,lens_blur.halide_generated.cpp,7545,30,generator_specific,0,0,0,,,,0,13.247,cxx_sub_to_add:/mnt/scratch1/ardi/dsl_mut/HM-armc/mutation/lowered-cpp/lens_blur/lens_blur.halide_generated.cpp:7545:30
lens_blur,cxx_default_on_emitted_cpp,5eb72c8d,4,16,cxx_add_to_sub,lens_blur.halide_generated.cpp,13567,26,generator_specific,0,0,0,,,,0,12.976,cxx_add_to_sub:/mnt/scratch1/ardi/dsl_mut/HM-armc/mutation/lowered-cpp/lens_blur/lens_blur.halide_generated.cpp:13567:26
lens_blur,cxx_default_on_emitted_cpp,5eb72c8d,4,16,cxx_mul_to_div,lens_blur.halide_generated.cpp,11741,28,generator_specific,0,0,0,,,,0,13.580,cxx_mul_to_div:/mnt/scratch1/ardi/dsl_mut/HM-armc/mutation/lowered-cpp/lens_blur/lens_blur.halide_generated.cpp:11741:28
lens_blur,cxx_default_on_emitted_cpp,5eb72c8d,4,16,cxx_add_to_sub,lens_blur.halide_generated.cpp,6117,30,generator_specific,-11,1,1,,,test1_demo;test2_golden,0,0.333,cxx_add_to_sub:/mnt/scratch1/ardi/dsl_mut/HM-armc/mutation/lowered-cpp/lens_blur/lens_blur.halide_generated.cpp:6117:30
lens_blur,cxx_default_on_emitted_cpp,5eb72c8d,4,16,cxx_add_to_sub,lens_blur.halide_generated.cpp,9192,34,generator_specific,0,0,0,,,,0,13.196,cxx_add_to_sub:/mnt/scratch1/ardi/dsl_mut/HM-armc/mutation/lowered-cpp/lens_blur/lens_blur.halide_generated.cpp:9192:34
lens_blur,cxx_default_on_emitted_cpp,5eb72c8d,4,16,cxx_le_to_lt,lens_blur.halide_generated.cpp,13129,22,generator_specific,0,0,0,,,,0,13.542,cxx_le_to_lt:/mnt/scratch1/ardi/dsl_mut/HM-armc/mutation/lowered-cpp/lens_blur/lens_blur.halide_generated.cpp:13129:22
lens_blur,cxx_default_on_emitted_cpp,5eb72c8d,4,16,cxx_add_to_sub,lens_blur.halide_generated.cpp,8337,32,generator_specific,0,0,0,,,,0,13.489,cxx_add_to_sub:/mnt/scratch1/ardi/dsl_mut/HM-armc/mutation/lowered-cpp/lens_blur/lens_blur.halide_generated.cpp:8337:32
lens_blur,cxx_default_on_emitted_cpp,5eb72c8d,4,16,cxx_mul_to_div,lens_blur.halide_generated.cpp,9945,36,generator_specific,0,0,1,,,test2_golden,0,12.918,cxx_mul_to_div:/mnt/scratch1/ardi/dsl_mut/HM-armc/mutation/lowered-cpp/lens_blur/lens_blur.halide_generated.cpp:9945:36
lens_blur,cxx_default_on_emitted_cpp,5eb72c8d,4,16,cxx_mul_to_div,lens_blur.halide_generated.cpp,6572,28,generator_specific,0,0,0,,,,0,13.626,cxx_mul_to_div:/mnt/scratch1/ardi/dsl_mut/HM-armc/mutation/lowered-cpp/lens_blur/lens_blur.halide_generated.cpp:6572:28
lens_blur,cxx_default_on_emitted_cpp,5eb72c8d,4,16,cxx_replace_scalar_call,lens_blur.halide_generated.cpp,12411,18,generator_specific,0,0,0,,,,0,13.780,cxx_replace_scalar_call:/mnt/scratch1/ardi/dsl_mut/HM-armc/mutation/lowered-cpp/lens_blur/lens_blur.halide_generated.cpp:12411:18
lens_blur,cxx_default_on_emitted_cpp,5eb72c8d,4,16,cxx_add_to_sub,lens_blur.halide_generated.cpp,8272,32,generator_specific,0,0,0,,,,0,13.268,cxx_add_to_sub:/mnt/scratch1/ardi/dsl_mut/HM-armc/mutation/lowered-cpp/lens_blur/lens_blur.halide_generated.cpp:8272:32
lens_blur,cxx_default_on_emitted_cpp,5eb72c8d,4,16,cxx_mul_to_div,lens_blur.halide_generated.cpp,7475,30,generator_specific,0,0,0,,,,0,13.541,cxx_mul_to_div:/mnt/scratch1/ardi/dsl_mut/HM-armc/mutation/lowered-cpp/lens_blur/lens_blur.halide_generated.cpp:7475:30
lens_blur,cxx_default_on_emitted_cpp,5eb72c8d,4,16,cxx_replace_scalar_call,lens_blur.halide_generated.cpp,5143,18,generator_specific,0,0,0,,,,0,13.515,cxx_replace_scalar_call:/mnt/scratch1/ardi/dsl_mut/HM-armc/mutation/lowered-cpp/lens_blur/lens_blur.halide_generated.cpp:5143:18
lens_blur,cxx_default_on_emitted_cpp,5eb72c8d,4,16,cxx_add_to_sub,lens_blur.halide_generated.cpp,5521,29,generator_specific,-11,1,1,,,test1_demo;test2_golden,0,0.306,cxx_add_to_sub:/mnt/scratch1/ardi/dsl_mut/HM-armc/mutation/lowered-cpp/lens_blur/lens_blur.halide_generated.cpp:5521:29
lens_blur,cxx_default_on_emitted_cpp,5eb72c8d,4,16,cxx_mul_to_div,lens_blur.halide_generated.cpp,4657,31,generator_specific,0,0,0,,,,0,13.157,cxx_mul_to_div:/mnt/scratch1/ardi/dsl_mut/HM-armc/mutation/lowered-cpp/lens_blur/lens_blur.halide_generated.cpp:4657:31
lens_blur,cxx_default_on_emitted_cpp,5eb72c8d,4,16,cxx_add_to_sub,lens_blur.halide_generated.cpp,8691,31,generator_specific,0,0,0,,,,0,13.653,cxx_add_to_sub:/mnt/scratch1/ardi/dsl_mut/HM-armc/mutation/lowered-cpp/lens_blur/lens_blur.halide_generated.cpp:8691:31
lens_blur,cxx_default_on_emitted_cpp,5eb72c8d,4,16,cxx_sub_to_add,lens_blur.halide_generated.cpp,11240,37,generator_specific,0,0,0,,,,0,13.193,cxx_sub_to_add:/mnt/scratch1/ardi/dsl_mut/HM-armc/mutation/lowered-cpp/lens_blur/lens_blur.halide_generated.cpp:11240:37
lens_blur,cxx_default_on_emitted_cpp,5eb72c8d,4,16,cxx_add_to_sub,lens_blur.halide_generated.cpp,12015,50,generator_specific,0,0,1,,,test2_golden,0,13.591,cxx_add_to_sub:/mnt/scratch1/ardi/dsl_mut/HM-armc/mutation/lowered-cpp/lens_blur/lens_blur.halide_generated.cpp:12015:50
lens_blur,cxx_default_on_emitted_cpp,5eb72c8d,4,16,cxx_mul_to_div,lens_blur.halide_generated.cpp,10765,38,generator_specific,0,0,0,,,,0,13.769,cxx_mul_to_div:/mnt/scratch1/ardi/dsl_mut/HM-armc/mutation/lowered-cpp/lens_blur/lens_blur.halide_generated.cpp:10765:38
lens_blur,cxx_default_on_emitted_cpp,5eb72c8d,4,16,cxx_sub_to_add,lens_blur.halide_generated.cpp,7275,29,generator_specific,-11,1,1,,,test1_demo;test2_golden,0,0.247,cxx_sub_to_add:/mnt/scratch1/ardi/dsl_mut/HM-armc/mutation/lowered-cpp/lens_blur/lens_blur.halide_generated.cpp:7275:29
lens_blur,cxx_default_on_emitted_cpp,5eb72c8d,4,16,cxx_add_to_sub,lens_blur.halide_generated.cpp,7234,28,generator_specific,0,0,0,,,,0,13.290,cxx_add_to_sub:/mnt/scratch1/ardi/dsl_mut/HM-armc/mutation/lowered-cpp/lens_blur/lens_blur.halide_generated.cpp:7234:28
lens_blur,cxx_default_on_emitted_cpp,5eb72c8d,4,16,cxx_add_to_sub,lens_blur.halide_generated.cpp,13435,26,generator_specific,0,0,0,,,,0,14.080,cxx_add_to_sub:/mnt/scratch1/ardi/dsl_mut/HM-armc/mutation/lowered-cpp/lens_blur/lens_blur.halide_generated.cpp:13435:26
lens_blur,cxx_default_on_emitted_cpp,5eb72c8d,4,16,cxx_sub_to_add,lens_blur.halide_generated.cpp,6913,29,generator_specific,0,0,0,,,,0,13.561,cxx_sub_to_add:/mnt/scratch1/ardi/dsl_mut/HM-armc/mutation/lowered-cpp/lens_blur/lens_blur.halide_generated.cpp:6913:29
lens_blur,cxx_default_on_emitted_cpp,5eb72c8d,4,16,cxx_add_to_sub,lens_blur.halide_generated.cpp,4744,30,generator_specific,-11,1,1,,,test1_demo;test2_golden,0,0.024,cxx_add_to_sub:/mnt/scratch1/ardi/dsl_mut/HM-armc/mutation/lowered-cpp/lens_blur/lens_blur.halide_generated.cpp:4744:30
lens_blur,cxx_default_on_emitted_cpp,5eb72c8d,4,16,cxx_add_to_sub,lens_blur.halide_generated.cpp,7595,33,generator_specific,0,0,0,,,,0,13.539,cxx_add_to_sub:/mnt/scratch1/ardi/dsl_mut/HM-armc/mutation/lowered-cpp/lens_blur/lens_blur.halide_generated.cpp:7595:33
lens_blur,cxx_default_on_emitted_cpp,5eb72c8d,4,16,cxx_add_to_sub,lens_blur.halide_generated.cpp,12068,29,generator_specific,-11,1,1,,,test1_demo;test2_golden,0,1.149,cxx_add_to_sub:/mnt/scratch1/ardi/dsl_mut/HM-armc/mutation/lowered-cpp/lens_blur/lens_blur.halide_generated.cpp:12068:29
lens_blur,cxx_default_on_emitted_cpp,5eb72c8d,4,16,cxx_add_to_sub,lens_blur.halide_generated.cpp,4271,24,generator_specific,0,0,1,,,test2_golden,0,13.598,cxx_add_to_sub:/mnt/scratch1/ardi/dsl_mut/HM-armc/mutation/lowered-cpp/lens_blur/lens_blur.halide_generated.cpp:4271:24
lens_blur,cxx_default_on_emitted_cpp,5eb72c8d,4,16,cxx_add_to_sub,lens_blur.halide_generated.cpp,12919,26,generator_specific,0,0,0,,,,0,14.223,cxx_add_to_sub:/mnt/scratch1/ardi/dsl_mut/HM-armc/mutation/lowered-cpp/lens_blur/lens_blur.halide_generated.cpp:12919:26
lens_blur,cxx_default_on_emitted_cpp,5eb72c8d,4,16,cxx_mul_to_div,lens_blur.halide_generated.cpp,12306,31,generator_specific,0,0,1,,,test2_golden,0,13.259,cxx_mul_to_div:/mnt/scratch1/ardi/dsl_mut/HM-armc/mutation/lowered-cpp/lens_blur/lens_blur.halide_generated.cpp:12306:31
lens_blur,cxx_default_on_emitted_cpp,5eb72c8d,4,16,cxx_replace_scalar_call,lens_blur.halide_generated.cpp,12653,18,generator_specific,0,0,0,,,,0,10.720,cxx_replace_scalar_call:/mnt/scratch1/ardi/dsl_mut/HM-armc/mutation/lowered-cpp/lens_blur/lens_blur.halide_generated.cpp:12653:18
lens_blur,cxx_default_on_emitted_cpp,5eb72c8d,4,16,cxx_mul_to_div,lens_blur.halide_generated.cpp,12724,26,generator_specific,0,0,0,,,,0,12.901,cxx_mul_to_div:/mnt/scratch1/ardi/dsl_mut/HM-armc/mutation/lowered-cpp/lens_blur/lens_blur.halide_generated.cpp:12724:26
lens_blur,cxx_default_on_emitted_cpp,5eb72c8d,4,16,cxx_mul_to_div,lens_blur.halide_generated.cpp,11335,38,generator_specific,0,0,0,,,,0,13.003,cxx_mul_to_div:/mnt/scratch1/ardi/dsl_mut/HM-armc/mutation/lowered-cpp/lens_blur/lens_blur.halide_generated.cpp:11335:38
lens_blur,cxx_default_on_emitted_cpp,5eb72c8d,4,16,cxx_add_to_sub,lens_blur.halide_generated.cpp,7335,33,generator_specific,0,0,0,,,,0,12.960,cxx_add_to_sub:/mnt/scratch1/ardi/dsl_mut/HM-armc/mutation/lowered-cpp/lens_blur/lens_blur.halide_generated.cpp:7335:33
lens_blur,cxx_default_on_emitted_cpp,5eb72c8d,4,16,cxx_add_to_sub,lens_blur.halide_generated.cpp,8048,31,generator_specific,0,0,0,,,,0,13.142,cxx_add_to_sub:/mnt/scratch1/ardi/dsl_mut/HM-armc/mutation/lowered-cpp/lens_blur/lens_blur.halide_generated.cpp:8048:31
lens_blur,cxx_default_on_emitted_cpp,5eb72c8d,4,16,cxx_mul_to_div,lens_blur.halide_generated.cpp,9438,35,generator_specific,0,0,0,,,,0,13.410,cxx_mul_to_div:/mnt/scratch1/ardi/dsl_mut/HM-armc/mutation/lowered-cpp/lens_blur/lens_blur.halide_generated.cpp:9438:35
lens_blur,cxx_default_on_emitted_cpp,5eb72c8d,4,16,cxx_mul_to_div,lens_blur.halide_generated.cpp,10981,38,generator_specific,0,0,0,,,,0,13.384,cxx_mul_to_div:/mnt/scratch1/ardi/dsl_mut/HM-armc/mutation/lowered-cpp/lens_blur/lens_blur.halide_generated.cpp:10981:38
lens_blur,cxx_default_on_emitted_cpp,5eb72c8d,4,16,cxx_add_to_sub,lens_blur.halide_generated.cpp,9283,33,generator_specific,0,0,0,,,,0,13.434,cxx_add_to_sub:/mnt/scratch1/ardi/dsl_mut/HM-armc/mutation/lowered-cpp/lens_blur/lens_blur.halide_generated.cpp:9283:33
lens_blur,cxx_default_on_emitted_cpp,5eb72c8d,4,16,cxx_mul_to_div,lens_blur.halide_generated.cpp,10463,37,generator_specific,0,0,0,,,,0,12.981,cxx_mul_to_div:/mnt/scratch1/ardi/dsl_mut/HM-armc/mutation/lowered-cpp/lens_blur/lens_blur.halide_generated.cpp:10463:37
lens_blur,cxx_default_on_emitted_cpp,5eb72c8d,4,16,cxx_sub_to_add,lens_blur.halide_generated.cpp,9475,36,generator_specific,0,0,0,,,,0,13.357,cxx_sub_to_add:/mnt/scratch1/ardi/dsl_mut/HM-armc/mutation/lowered-cpp/lens_blur/lens_blur.halide_generated.cpp:9475:36
lens_blur,cxx_default_on_emitted_cpp,5eb72c8d,4,16,cxx_mul_to_div,lens_blur.halide_generated.cpp,8721,33,generator_specific,0,0,0,,,,0,13.100,cxx_mul_to_div:/mnt/scratch1/ardi/dsl_mut/HM-armc/mutation/lowered-cpp/lens_blur/lens_blur.halide_generated.cpp:8721:33
lens_blur,cxx_default_on_emitted_cpp,5eb72c8d,4,16,cxx_add_to_sub,lens_blur.halide_generated.cpp,13960,27,generator_specific,0,0,0,,,,0,12.987,cxx_add_to_sub:/mnt/scratch1/ardi/dsl_mut/HM-armc/mutation/lowered-cpp/lens_blur/lens_blur.halide_generated.cpp:13960:27
lens_blur,cxx_default_on_emitted_cpp,5eb72c8d,4,16,cxx_mul_to_div,lens_blur.halide_generated.cpp,5758,25,generator_specific,0,0,0,,,,0,13.018,cxx_mul_to_div:/mnt/scratch1/ardi/dsl_mut/HM-armc/mutation/lowered-cpp/lens_blur/lens_blur.halide_generated.cpp:5758:25
lens_blur,cxx_default_on_emitted_cpp,5eb72c8d,4,16,cxx_mul_to_div,lens_blur.halide_generated.cpp,9059,34,generator_specific,0,0,0,,,,0,13.173,cxx_mul_to_div:/mnt/scratch1/ardi/dsl_mut/HM-armc/mutation/lowered-cpp/lens_blur/lens_blur.halide_generated.cpp:9059:34
lens_blur,cxx_default_on_emitted_cpp,5eb72c8d,4,16,cxx_add_to_sub,lens_blur.halide_generated.cpp,9807,35,generator_specific,0,0,0,,,,0,13.472,cxx_add_to_sub:/mnt/scratch1/ardi/dsl_mut/HM-armc/mutation/lowered-cpp/lens_blur/lens_blur.halide_generated.cpp:9807:35
lens_blur,cxx_default_on_emitted_cpp,5eb72c8d,4,16,cxx_add_to_sub,lens_blur.halide_generated.cpp,6506,29,generator_specific,0,0,0,,,,0,14.260,cxx_add_to_sub:/mnt/scratch1/ardi/dsl_mut/HM-armc/mutation/lowered-cpp/lens_blur/lens_blur.halide_generated.cpp:6506:29
lens_blur,cxx_default_on_emitted_cpp,5eb72c8d,4,16,cxx_add_to_sub,lens_blur.halide_generated.cpp,7156,32,generator_specific,0,0,0,,,,0,13.265,cxx_add_to_sub:/mnt/scratch1/ardi/dsl_mut/HM-armc/mutation/lowered-cpp/lens_blur/lens_blur.halide_generated.cpp:7156:32
lens_blur,cxx_default_on_emitted_cpp,5eb72c8d,4,16,cxx_add_to_sub,lens_blur.halide_generated.cpp,3866,25,generator_specific,0,0,1,,,test2_golden,0,13.209,cxx_add_to_sub:/mnt/scratch1/ardi/dsl_mut/HM-armc/mutation/lowered-cpp/lens_blur/lens_blur.halide_generated.cpp:3866:25
lens_blur,cxx_default_on_emitted_cpp,5eb72c8d,4,16,cxx_add_to_sub,lens_blur.halide_generated.cpp,4064,24,generator_specific,0,0,0,,,,0,13.083,cxx_add_to_sub:/mnt/scratch1/ardi/dsl_mut/HM-armc/mutation/lowered-cpp/lens_blur/lens_blur.halide_generated.cpp:4064:24
lens_blur,cxx_default_on_emitted_cpp,5eb72c8d,4,16,cxx_sub_to_add,lens_blur.halide_generated.cpp,9539,35,generator_specific,0,0,0,,,,0,13.264,cxx_sub_to_add:/mnt/scratch1/ardi/dsl_mut/HM-armc/mutation/lowered-cpp/lens_blur/lens_blur.halide_generated.cpp:9539:35
lens_blur,cxx_default_on_emitted_cpp,5eb72c8d,4,16,cxx_gt_to_ge,lens_blur.halide_generated.cpp,11939,14,generator_specific,0,0,0,,,,0,13.805,cxx_gt_to_ge:/mnt/scratch1/ardi/dsl_mut/HM-armc/mutation/lowered-cpp/lens_blur/lens_blur.halide_generated.cpp:11939:14
lens_blur,cxx_default_on_emitted_cpp,5eb72c8d,4,16,cxx_add_to_sub,lens_blur.halide_generated.cpp,5604,72,generator_specific,0,0,0,,,,0,13.476,cxx_add_to_sub:/mnt/scratch1/ardi/dsl_mut/HM-armc/mutation/lowered-cpp/lens_blur/lens_blur.halide_generated.cpp:5604:72
lens_blur,cxx_default_on_emitted_cpp,5eb72c8d,4,16,cxx_add_to_sub,lens_blur.halide_generated.cpp,13691,26,generator_specific,0,0,0,,,,0,13.339,cxx_add_to_sub:/mnt/scratch1/ardi/dsl_mut/HM-armc/mutation/lowered-cpp/lens_blur/lens_blur.halide_generated.cpp:13691:26
lens_blur,cxx_default_on_emitted_cpp,5eb72c8d,4,16,cxx_mul_to_div,lens_blur.halide_generated.cpp,12627,24,generator_specific,0,0,0,,,,0,13.402,cxx_mul_to_div:/mnt/scratch1/ardi/dsl_mut/HM-armc/mutation/lowered-cpp/lens_blur/lens_blur.halide_generated.cpp:12627:24
lens_blur,cxx_default_on_emitted_cpp,5eb72c8d,4,16,cxx_add_to_sub,lens_blur.halide_generated.cpp,11121,39,generator_specific,0,0,0,,,,0,13.735,cxx_add_to_sub:/mnt/scratch1/ardi/dsl_mut/HM-armc/mutation/lowered-cpp/lens_blur/lens_blur.halide_generated.cpp:11121:39
lens_blur,cxx_default_on_emitted_cpp,5eb72c8d,4,16,cxx_mul_to_div,lens_blur.halide_generated.cpp,9165,34,generator_specific,0,0,0,,,,0,13.085,cxx_mul_to_div:/mnt/scratch1/ardi/dsl_mut/HM-armc/mutation/lowered-cpp/lens_blur/lens_blur.halide_generated.cpp:9165:34
lens_blur,cxx_default_on_emitted_cpp,5eb72c8d,4,16,cxx_add_to_sub,lens_blur.halide_generated.cpp,7322,33,generator_specific,0,0,0,,,,0,13.404,cxx_add_to_sub:/mnt/scratch1/ardi/dsl_mut/HM-armc/mutation/lowered-cpp/lens_blur/lens_blur.halide_generated.cpp:7322:33
lens_blur,cxx_default_on_emitted_cpp,5eb72c8d,4,16,cxx_sub_to_add,lens_blur.halide_generated.cpp,10244,36,generator_specific,0,0,0,,,,0,13.482,cxx_sub_to_add:/mnt/scratch1/ardi/dsl_mut/HM-armc/mutation/lowered-cpp/lens_blur/lens_blur.halide_generated.cpp:10244:36
lens_blur,cxx_default_on_emitted_cpp,5eb72c8d,4,16,cxx_add_to_sub,lens_blur.halide_generated.cpp,9733,33,generator_specific,0,0,0,,,,0,13.135,cxx_add_to_sub:/mnt/scratch1/ardi/dsl_mut/HM-armc/mutation/lowered-cpp/lens_blur/lens_blur.halide_generated.cpp:9733:33
lens_blur,cxx_default_on_emitted_cpp,5eb72c8d,4,16,cxx_replace_scalar_call,lens_blur.halide_generated.cpp,12558,18,generator_specific,0,0,0,,,,0,13.381,cxx_replace_scalar_call:/mnt/scratch1/ardi/dsl_mut/HM-armc/mutation/lowered-cpp/lens_blur/lens_blur.halide_generated.cpp:12558:18
lens_blur,cxx_default_on_emitted_cpp,5eb72c8d,4,16,cxx_sub_to_add,lens_blur.halide_generated.cpp,8814,32,generator_specific,0,0,0,,,,0,13.391,cxx_sub_to_add:/mnt/scratch1/ardi/dsl_mut/HM-armc/mutation/lowered-cpp/lens_blur/lens_blur.halide_generated.cpp:8814:32
lens_blur,cxx_default_on_emitted_cpp,5eb72c8d,4,16,cxx_add_to_sub,lens_blur.halide_generated.cpp,9366,35,generator_specific,0,0,0,,,,0,13.482,cxx_add_to_sub:/mnt/scratch1/ardi/dsl_mut/HM-armc/mutation/lowered-cpp/lens_blur/lens_blur.halide_generated.cpp:9366:35
lens_blur,cxx_default_on_emitted_cpp,5eb72c8d,4,16,cxx_add_to_sub,lens_blur.halide_generated.cpp,11262,39,generator_specific,0,0,0,,,,0,13.891,cxx_add_to_sub:/mnt/scratch1/ardi/dsl_mut/HM-armc/mutation/lowered-cpp/lens_blur/lens_blur.halide_generated.cpp:11262:39
lens_blur,cxx_default_on_emitted_cpp,5eb72c8d,4,16,cxx_sub_to_add,lens_blur.halide_generated.cpp,10658,37,generator_specific,0,0,0,,,,0,13.360,cxx_sub_to_add:/mnt/scratch1/ardi/dsl_mut/HM-armc/mutation/lowered-cpp/lens_blur/lens_blur.halide_generated.cpp:10658:37
lens_blur,cxx_default_on_emitted_cpp,5eb72c8d,4,16,cxx_sub_to_add,lens_blur.halide_generated.cpp,6814,30,generator_specific,0,0,0,,,,0,13.301,cxx_sub_to_add:/mnt/scratch1/ardi/dsl_mut/HM-armc/mutation/lowered-cpp/lens_blur/lens_blur.halide_generated.cpp:6814:30
lens_blur,cxx_default_on_emitted_cpp,5eb72c8d,4,16,cxx_add_to_sub,lens_blur.halide_generated.cpp,10119,37,generator_specific,0,0,0,,,,0,13.176,cxx_add_to_sub:/mnt/scratch1/ardi/dsl_mut/HM-armc/mutation/lowered-cpp/lens_blur/lens_blur.halide_generated.cpp:10119:37
lens_blur,cxx_default_on_emitted_cpp,5eb72c8d,4,16,cxx_add_to_sub,lens_blur.halide_generated.cpp,5330,25,generator_specific,0,0,0,,,,0,12.786,cxx_add_to_sub:/mnt/scratch1/ardi/dsl_mut/HM-armc/mutation/lowered-cpp/lens_blur/lens_blur.halide_generated.cpp:5330:25
lens_blur,cxx_default_on_emitted_cpp,5eb72c8d,4,16,cxx_gt_to_ge,lens_blur.halide_generated.cpp,13878,16,generator_specific,0,0,0,,,,0,12.929,cxx_gt_to_ge:/mnt/scratch1/ardi/dsl_mut/HM-armc/mutation/lowered-cpp/lens_blur/lens_blur.halide_generated.cpp:13878:16
lens_blur,cxx_default_on_emitted_cpp,5eb72c8d,4,16,cxx_mul_to_div,lens_blur.halide_generated.cpp,9749,81,generator_specific,0,0,0,,,,0,12.958,cxx_mul_to_div:/mnt/scratch1/ardi/dsl_mut/HM-armc/mutation/lowered-cpp/lens_blur/lens_blur.halide_generated.cpp:9749:81
lens_blur,cxx_default_on_emitted_cpp,5eb72c8d,4,16,cxx_lt_to_le,lens_blur.halide_generated.cpp,7277,81,generator_specific,0,0,0,,,,0,13.365,cxx_lt_to_le:/mnt/scratch1/ardi/dsl_mut/HM-armc/mutation/lowered-cpp/lens_blur/lens_blur.halide_generated.cpp:7277:81
lens_blur,cxx_default_on_emitted_cpp,5eb72c8d,4,16,cxx_add_to_sub,lens_blur.halide_generated.cpp,14379,28,generator_specific,0,0,0,,,,0,13.237,cxx_add_to_sub:/mnt/scratch1/ardi/dsl_mut/HM-armc/mutation/lowered-cpp/lens_blur/lens_blur.halide_generated.cpp:14379:28
lens_blur,cxx_default_on_emitted_cpp,5eb72c8d,4,16,cxx_mul_to_div,lens_blur.halide_generated.cpp,12798,25,generator_specific,0,0,0,,,,0,13.028,cxx_mul_to_div:/mnt/scratch1/ardi/dsl_mut/HM-armc/mutation/lowered-cpp/lens_blur/lens_blur.halide_generated.cpp:12798:25
lens_blur,cxx_default_on_emitted_cpp,5eb72c8d,4,16,cxx_add_to_sub,lens_blur.halide_generated.cpp,5236,24,generator_specific,0,0,0,,,,0,13.444,cxx_add_to_sub:/mnt/scratch1/ardi/dsl_mut/HM-armc/mutation/lowered-cpp/lens_blur/lens_blur.halide_generated.cpp:5236:24
lens_blur,cxx_default_on_emitted_cpp,5eb72c8d,4,16,cxx_mul_to_div,lens_blur.halide_generated.cpp,6482,28,generator_specific,0,0,0,,,,0,13.133,cxx_mul_to_div:/mnt/scratch1/ardi/dsl_mut/HM-armc/mutation/lowered-cpp/lens_blur/lens_blur.halide_generated.cpp:6482:28
lens_blur,cxx_default_on_emitted_cpp,5eb72c8d,4,16,cxx_sub_to_add,lens_blur.halide_generated.cpp,4522,30,generator_specific,0,0,0,,,,0,13.446,cxx_sub_to_add:/mnt/scratch1/ardi/dsl_mut/HM-armc/mutation/lowered-cpp/lens_blur/lens_blur.halide_generated.cpp:4522:30
lens_blur,cxx_default_on_emitted_cpp,5eb72c8d,4,16,cxx_mul_to_div,lens_blur.halide_generated.cpp,11065,38,generator_specific,0,0,0,,,,0,13.571,cxx_mul_to_div:/mnt/scratch1/ardi/dsl_mut/HM-armc/mutation/lowered-cpp/lens_blur/lens_blur.halide_generated.cpp:11065:38
lens_blur,cxx_default_on_emitted_cpp,5eb72c8d,4,16,cxx_add_to_sub,lens_blur.halide_generated.cpp,6623,29,generator_specific,0,0,0,,,,0,13.407,cxx_add_to_sub:/mnt/scratch1/ardi/dsl_mut/HM-armc/mutation/lowered-cpp/lens_blur/lens_blur.halide_generated.cpp:6623:29
lens_blur,cxx_default_on_emitted_cpp,5eb72c8d,4,16,cxx_add_to_sub,lens_blur.halide_generated.cpp,10491,38,generator_specific,0,0,0,,,,0,13.065,cxx_add_to_sub:/mnt/scratch1/ardi/dsl_mut/HM-armc/mutation/lowered-cpp/lens_blur/lens_blur.halide_generated.cpp:10491:38
lens_blur,cxx_default_on_emitted_cpp,5eb72c8d,4,16,cxx_add_to_sub,lens_blur.halide_generated.cpp,3860,23,generator_specific,0,0,1,,,test2_golden,0,12.829,cxx_add_to_sub:/mnt/scratch1/ardi/dsl_mut/HM-armc/mutation/lowered-cpp/lens_blur/lens_blur.halide_generated.cpp:3860:23
lens_blur,cxx_default_on_emitted_cpp,5eb72c8d,4,16,cxx_add_to_sub,lens_blur.halide_generated.cpp,9159,35,generator_specific,0,0,0,,,,0,12.803,cxx_add_to_sub:/mnt/scratch1/ardi/dsl_mut/HM-armc/mutation/lowered-cpp/lens_blur/lens_blur.halide_generated.cpp:9159:35
lens_blur,cxx_default_on_emitted_cpp,5eb72c8d,4,16,cxx_add_to_sub,lens_blur.halide_generated.cpp,7530,29,generator_specific,0,0,1,,,test2_golden,0,12.779,cxx_add_to_sub:/mnt/scratch1/ardi/dsl_mut/HM-armc/mutation/lowered-cpp/lens_blur/lens_blur.halide_generated.cpp:7530:29
lens_blur,cxx_default_on_emitted_cpp,5eb72c8d,4,16,cxx_replace_scalar_call,lens_blur.halide_generated.cpp,12364,19,generator_specific,0,0,0,,,,0,13.538,cxx_replace_scalar_call:/mnt/scratch1/ardi/dsl_mut/HM-armc/mutation/lowered-cpp/lens_blur/lens_blur.halide_generated.cpp:12364:19
lens_blur,cxx_default_on_emitted_cpp,5eb72c8d,4,16,cxx_sub_to_add,lens_blur.halide_generated.cpp,13837,26,generator_specific,0,0,0,,,,0,13.078,cxx_sub_to_add:/mnt/scratch1/ardi/dsl_mut/HM-armc/mutation/lowered-cpp/lens_blur/lens_blur.halide_generated.cpp:13837:26
lens_blur,cxx_default_on_emitted_cpp,5eb72c8d,4,16,cxx_add_to_sub,lens_blur.halide_generated.cpp,6400,28,generator_specific,0,0,0,,,,0,12.396,cxx_add_to_sub:/mnt/scratch1/ardi/dsl_mut/HM-armc/mutation/lowered-cpp/lens_blur/lens_blur.halide_generated.cpp:6400:28
lens_blur,cxx_default_on_emitted_cpp,5eb72c8d,4,16,cxx_add_to_sub,lens_blur.halide_generated.cpp,11288,39,generator_specific,0,0,0,,,,0,11.952,cxx_add_to_sub:/mnt/scratch1/ardi/dsl_mut/HM-armc/mutation/lowered-cpp/lens_blur/lens_blur.halide_generated.cpp:11288:39
lens_blur,cxx_default_on_emitted_cpp,5eb72c8d,4,16,cxx_add_to_sub,lens_blur.halide_generated.cpp,7298,31,generator_specific,0,0,0,,,,0,11.378,cxx_add_to_sub:/mnt/scratch1/ardi/dsl_mut/HM-armc/mutation/lowered-cpp/lens_blur/lens_blur.halide_generated.cpp:7298:31
lens_blur,cxx_default_on_emitted_cpp,5eb72c8d,4,16,cxx_sub_to_add,lens_blur.halide_generated.cpp,9334,34,generator_specific,0,0,0,,,,0,11.386,cxx_sub_to_add:/mnt/scratch1/ardi/dsl_mut/HM-armc/mutation/lowered-cpp/lens_blur/lens_blur.halide_generated.cpp:9334:34
lens_blur,cxx_default_on_emitted_cpp,5eb72c8d,4,16,cxx_add_to_sub,lens_blur.halide_generated.cpp,9729,34,generator_specific,0,0,0,,,,0,11.400,cxx_add_to_sub:/mnt/scratch1/ardi/dsl_mut/HM-armc/mutation/lowered-cpp/lens_blur/lens_blur.halide_generated.cpp:9729:34
lens_blur,cxx_default_on_emitted_cpp,5eb72c8d,4,16,cxx_add_to_sub,lens_blur.halide_generated.cpp,5450,26,generator_specific,0,0,1,,,test2_golden,0,11.430,cxx_add_to_sub:/mnt/scratch1/ardi/dsl_mut/HM-armc/mutation/lowered-cpp/lens_blur/lens_blur.halide_generated.cpp:5450:26
lens_blur,cxx_default_on_emitted_cpp,5eb72c8d,4,16,cxx_add_to_sub,lens_blur.halide_generated.cpp,7345,30,generator_specific,0,0,0,,,,0,11.241,cxx_add_to_sub:/mnt/scratch1/ardi/dsl_mut/HM-armc/mutation/lowered-cpp/lens_blur/lens_blur.halide_generated.cpp:7345:30
lens_blur,cxx_default_on_emitted_cpp,5eb72c8d,4,16,cxx_add_to_sub,lens_blur.halide_generated.cpp,10061,37,generator_specific,0,0,1,,,test2_golden,0,11.429,cxx_add_to_sub:/mnt/scratch1/ardi/dsl_mut/HM-armc/mutation/lowered-cpp/lens_blur/lens_blur.halide_generated.cpp:10061:37
lens_blur,cxx_default_on_emitted_cpp,5eb72c8d,4,16,cxx_gt_to_ge,lens_blur.halide_generated.cpp,10627,26,generator_specific,0,0,0,,,,0,11.673,cxx_gt_to_ge:/mnt/scratch1/ardi/dsl_mut/HM-armc/mutation/lowered-cpp/lens_blur/lens_blur.halide_generated.cpp:10627:26
