app,arm,mull_commit,slice_index,slice_count,mutator,file,line,column,region,exit_code,test1_demo,test2_golden,test2_written,test3_perf,killed_by,timed_out,wall_seconds,mutant_key
local_laplacian,cxx_default_on_emitted_cpp,5eb72c8d,10,18,cxx_add_to_sub,local_laplacian.halide_generated.cpp,5356,34,generator_specific,-6,1,,,,test1_demo,0,5.557,cxx_add_to_sub:/mnt/scratch1/ardi/dsl_mut/HM-armc/mutation/lowered-cpp/local_laplacian/local_laplacian.halide_generated.cpp:5356:34
local_laplacian,cxx_default_on_emitted_cpp,5eb72c8d,10,18,cxx_le_to_lt,local_laplacian.halide_generated.cpp,9300,33,generator_specific,-6,1,,,,test1_demo,0,6.740,cxx_le_to_lt:/mnt/scratch1/ardi/dsl_mut/HM-armc/mutation/lowered-cpp/local_laplacian/local_laplacian.halide_generated.cpp:9300:33
local_laplacian,cxx_default_on_emitted_cpp,5eb72c8d,10,18,cxx_mul_to_div,local_laplacian.halide_generated.cpp,15827,43,generator_specific,0,0,1,,,test2_golden,0,16.391,cxx_mul_to_div:/mnt/scratch1/ardi/dsl_mut/HM-armc/mutation/lowered-cpp/local_laplacian/local_laplacian.halide_generated.cpp:15827:43
local_laplacian,cxx_default_on_emitted_cpp,5eb72c8d,10,18,cxx_add_to_sub,local_laplacian.halide_generated.cpp,4804,26,generator_specific,0,0,1,,,test2_golden,0,16.454,cxx_add_to_sub:/mnt/scratch1/ardi/dsl_mut/HM-armc/mutation/lowered-cpp/local_laplacian/local_laplacian.halide_generated.cpp:4804:26
local_laplacian,cxx_default_on_emitted_cpp,5eb72c8d,10,18,cxx_add_to_sub,local_laplacian.halide_generated.cpp,8271,40,generator_specific,0,0,1,,,test2_golden,0,16.499,cxx_add_to_sub:/mnt/scratch1/ardi/dsl_mut/HM-armc/mutation/lowered-cpp/local_laplacian/local_laplacian.halide_generated.cpp:8271:40
local_laplacian,cxx_default_on_emitted_cpp,5eb72c8d,10,18,cxx_add_to_sub,local_laplacian.halide_generated.cpp,7841,37,generator_specific,0,0,1,,,test2_golden,0,16.508,cxx_add_to_sub:/mnt/scratch1/ardi/dsl_mut/HM-armc/mutation/lowered-cpp/local_laplacian/local_laplacian.halide_generated.cpp:7841:37
local_laplacian,cxx_default_on_emitted_cpp,5eb72c8d,10,18,cxx_mul_to_div,local_laplacian.halide_generated.cpp,9468,36,generator_specific,0,0,1,,,test2_golden,0,16.646,cxx_mul_to_div:/mnt/scratch1/ardi/dsl_mut/HM-armc/mutation/lowered-cpp/local_laplacian/local_laplacian.halide_generated.cpp:9468:36
local_laplacian,cxx_default_on_emitted_cpp,5eb72c8d,10,18,cxx_add_to_sub,local_laplacian.halide_generated.cpp,12618,40,generator_specific,0,0,0,,,,0,16.722,cxx_add_to_sub:/mnt/scratch1/ardi/dsl_mut/HM-armc/mutation/lowered-cpp/local_laplacian/local_laplacian.halide_generated.cpp:12618:40
local_laplacian,cxx_default_on_emitted_cpp,5eb72c8d,10,18,cxx_add_to_sub,local_laplacian.halide_generated.cpp,14471,30,generator_specific,0,0,0,,,,0,16.836,cxx_add_to_sub:/mnt/scratch1/ardi/dsl_mut/HM-armc/mutation/lowered-cpp/local_laplacian/local_laplacian.halide_generated.cpp:14471:30
local_laplacian,cxx_default_on_emitted_cpp,5eb72c8d,10,18,cxx_sub_to_add,local_laplacian.halide_generated.cpp,12123,36,generator_specific,0,0,0,,,,0,17.034,cxx_sub_to_add:/mnt/scratch1/ardi/dsl_mut/HM-armc/mutation/lowered-cpp/local_laplacian/local_laplacian.halide_generated.cpp:12123:36
local_laplacian,cxx_default_on_emitted_cpp,5eb72c8d,10,18,cxx_add_to_sub,local_laplacian.halide_generated.cpp,8184,38,generator_specific,0,0,1,,,test2_golden,0,17.475,cxx_add_to_sub:/mnt/scratch1/ardi/dsl_mut/HM-armc/mutation/lowered-cpp/local_laplacian/local_laplacian.halide_generated.cpp:8184:38
local_laplacian,cxx_default_on_emitted_cpp,5eb72c8d,10,18,cxx_replace_scalar_call,local_laplacian.halide_generated.cpp,6236,18,generator_specific,0,0,1,,,test2_golden,0,17.571,cxx_replace_scalar_call:/mnt/scratch1/ardi/dsl_mut/HM-armc/mutation/lowered-cpp/local_laplacian/local_laplacian.halide_generated.cpp:6236:18
local_laplacian,cxx_default_on_emitted_cpp,5eb72c8d,10,18,cxx_add_to_sub,local_laplacian.halide_generated.cpp,11890,36,generator_specific,0,0,0,,,,0,17.617,cxx_add_to_sub:/mnt/scratch1/ardi/dsl_mut/HM-armc/mutation/lowered-cpp/local_laplacian/local_laplacian.halide_generated.cpp:11890:36
local_laplacian,cxx_default_on_emitted_cpp,5eb72c8d,10,18,cxx_sub_to_add,local_laplacian.halide_generated.cpp,14269,28,generator_specific,0,0,0,,,,0,17.743,cxx_sub_to_add:/mnt/scratch1/ardi/dsl_mut/HM-armc/mutation/lowered-cpp/local_laplacian/local_laplacian.halide_generated.cpp:14269:28
local_laplacian,cxx_default_on_emitted_cpp,5eb72c8d,10,18,cxx_mul_to_div,local_laplacian.halide_generated.cpp,12247,37,generator_specific,0,0,0,,,,0,18.045,cxx_mul_to_div:/mnt/scratch1/ardi/dsl_mut/HM-armc/mutation/lowered-cpp/local_laplacian/local_laplacian.halide_generated.cpp:12247:37
local_laplacian,cxx_default_on_emitted_cpp,5eb72c8d,10,18,cxx_sub_to_add,local_laplacian.halide_generated.cpp,12975,37,generator_specific,0,0,0,,,,0,18.320,cxx_sub_to_add:/mnt/scratch1/ardi/dsl_mut/HM-armc/mutation/lowered-cpp/local_laplacian/local_laplacian.halide_generated.cpp:12975:37
local_laplacian,cxx_default_on_emitted_cpp,5eb72c8d,10,18,cxx_mul_to_div,local_laplacian.halide_generated.cpp,7289,37,generator_specific,0,0,1,,,test2_golden,0,18.656,cxx_mul_to_div:/mnt/scratch1/ardi/dsl_mut/HM-armc/mutation/lowered-cpp/local_laplacian/local_laplacian.halide_generated.cpp:7289:37
local_laplacian,cxx_default_on_emitted_cpp,5eb72c8d,10,18,cxx_add_to_sub,local_laplacian.halide_generated.cpp,7372,38,generator_specific,0,0,1,,,test2_golden,0,19.360,cxx_add_to_sub:/mnt/scratch1/ardi/dsl_mut/HM-armc/mutation/lowered-cpp/local_laplacian/local_laplacian.halide_generated.cpp:7372:38
local_laplacian,cxx_default_on_emitted_cpp,5eb72c8d,10,18,cxx_add_to_sub,local_laplacian.halide_generated.cpp,16489,46,generator_specific,0,0,0,,,,0,19.603,cxx_add_to_sub:/mnt/scratch1/ardi/dsl_mut/HM-armc/mutation/lowered-cpp/local_laplacian/local_laplacian.halide_generated.cpp:16489:46
local_laplacian,cxx_default_on_emitted_cpp,5eb72c8d,10,18,cxx_mul_to_div,local_laplacian.halide_generated.cpp,10018,37,generator_specific,0,0,1,,,test2_golden,0,19.785,cxx_mul_to_div:/mnt/scratch1/ardi/dsl_mut/HM-armc/mutation/lowered-cpp/local_laplacian/local_laplacian.halide_generated.cpp:10018:37
local_laplacian,cxx_default_on_emitted_cpp,5eb72c8d,10,18,cxx_lt_to_le,local_laplacian.halide_generated.cpp,11078,30,generator_specific,0,0,0,,,,0,20.020,cxx_lt_to_le:/mnt/scratch1/ardi/dsl_mut/HM-armc/mutation/lowered-cpp/local_laplacian/local_laplacian.halide_generated.cpp:11078:30
local_laplacian,cxx_default_on_emitted_cpp,5eb72c8d,10,18,cxx_add_to_sub,local_laplacian.halide_generated.cpp,15923,44,generator_specific,0,0,1,,,test2_golden,0,20.292,cxx_add_to_sub:/mnt/scratch1/ardi/dsl_mut/HM-armc/mutation/lowered-cpp/local_laplacian/local_laplacian.halide_generated.cpp:15923:44
local_laplacian,cxx_default_on_emitted_cpp,5eb72c8d,10,18,cxx_add_to_sub,local_laplacian.halide_generated.cpp,5183,27,generator_specific,0,0,1,,,test2_golden,0,20.759,cxx_add_to_sub:/mnt/scratch1/ardi/dsl_mut/HM-armc/mutation/lowered-cpp/local_laplacian/local_laplacian.halide_generated.cpp:5183:27
local_laplacian,cxx_default_on_emitted_cpp,5eb72c8d,10,18,cxx_add_to_sub,local_laplacian.halide_generated.cpp,4941,26,generator_specific,0,0,1,,,test2_golden,0,21.342,cxx_add_to_sub:/mnt/scratch1/ardi/dsl_mut/HM-armc/mutation/lowered-cpp/local_laplacian/local_laplacian.halide_generated.cpp:4941:26
local_laplacian,cxx_default_on_emitted_cpp,5eb72c8d,10,18,cxx_add_to_sub,local_laplacian.halide_generated.cpp,10238,40,generator_specific,0,0,1,,,test2_golden,0,21.365,cxx_add_to_sub:/mnt/scratch1/ardi/dsl_mut/HM-armc/mutation/lowered-cpp/local_laplacian/local_laplacian.halide_generated.cpp:10238:40
local_laplacian,cxx_default_on_emitted_cpp,5eb72c8d,10,18,cxx_add_to_sub,local_laplacian.halide_generated.cpp,15597,38,generator_specific,0,0,1,,,test2_golden,0,22.836,cxx_add_to_sub:/mnt/scratch1/ardi/dsl_mut/HM-armc/mutation/lowered-cpp/local_laplacian/local_laplacian.halide_generated.cpp:15597:38
local_laplacian,cxx_default_on_emitted_cpp,5eb72c8d,10,18,cxx_sub_to_add,local_laplacian.halide_generated.cpp,14325,29,generator_specific,-11,1,,,,test1_demo,0,6.435,cxx_sub_to_add:/mnt/scratch1/ardi/dsl_mut/HM-armc/mutation/lowered-cpp/local_laplacian/local_laplacian.halide_generated.cpp:14325:29
local_laplacian,cxx_default_on_emitted_cpp,5eb72c8d,10,18,cxx_mul_to_div,local_laplacian.halide_generated.cpp,10755,39,generator_specific,0,0,0,,,,0,22.982,cxx_mul_to_div:/mnt/scratch1/ardi/dsl_mut/HM-armc/mutation/lowered-cpp/local_laplacian/local_laplacian.halide_generated.cpp:10755:39
local_laplacian,cxx_default_on_emitted_cpp,5eb72c8d,10,18,cxx_mul_to_div,local_laplacian.halide_generated.cpp,13204,24,generator_specific,0,0,1,,,test2_golden,0,23.700,cxx_mul_to_div:/mnt/scratch1/ardi/dsl_mut/HM-armc/mutation/lowered-cpp/local_laplacian/local_laplacian.halide_generated.cpp:13204:24
local_laplacian,cxx_default_on_emitted_cpp,5eb72c8d,10,18,cxx_add_to_sub,local_laplacian.halide_generated.cpp,12180,37,generator_specific,0,0,0,,,,0,24.579,cxx_add_to_sub:/mnt/scratch1/ardi/dsl_mut/HM-armc/mutation/lowered-cpp/local_laplacian/local_laplacian.halide_generated.cpp:12180:37
local_laplacian,cxx_default_on_emitted_cpp,5eb72c8d,10,18,cxx_add_to_sub,local_laplacian.halide_generated.cpp,12691,38,generator_specific,0,0,0,,,,0,19.771,cxx_add_to_sub:/mnt/scratch1/ardi/dsl_mut/HM-armc/mutation/lowered-cpp/local_laplacian/local_laplacian.halide_generated.cpp:12691:38
local_laplacian,cxx_default_on_emitted_cpp,5eb72c8d,10,18,cxx_add_to_sub,local_laplacian.halide_generated.cpp,5790,34,generator_specific,-6,1,,,,test1_demo,0,6.178,cxx_add_to_sub:/mnt/scratch1/ardi/dsl_mut/HM-armc/mutation/lowered-cpp/local_laplacian/local_laplacian.halide_generated.cpp:5790:34
local_laplacian,cxx_default_on_emitted_cpp,5eb72c8d,10,18,cxx_sub_to_add,local_laplacian.halide_generated.cpp,16107,45,generator_specific,0,0,1,,,test2_golden,0,27.233,cxx_sub_to_add:/mnt/scratch1/ardi/dsl_mut/HM-armc/mutation/lowered-cpp/local_laplacian/local_laplacian.halide_generated.cpp:16107:45
local_laplacian,cxx_default_on_emitted_cpp,5eb72c8d,10,18,cxx_lt_to_le,local_laplacian.halide_generated.cpp,13038,74,generator_specific,0,0,0,,,,0,23.091,cxx_lt_to_le:/mnt/scratch1/ardi/dsl_mut/HM-armc/mutation/lowered-cpp/local_laplacian/local_laplacian.halide_generated.cpp:13038:74
local_laplacian,cxx_default_on_emitted_cpp,5eb72c8d,10,18,cxx_add_to_sub,local_laplacian.halide_generated.cpp,7255,36,generator_specific,0,0,1,,,test2_golden,0,16.285,cxx_add_to_sub:/mnt/scratch1/ardi/dsl_mut/HM-armc/mutation/lowered-cpp/local_laplacian/local_laplacian.halide_generated.cpp:7255:36
local_laplacian,cxx_default_on_emitted_cpp,5eb72c8d,10,18,cxx_add_to_sub,local_laplacian.halide_generated.cpp,8884,40,generator_specific,0,0,1,,,test2_golden,0,17.498,cxx_add_to_sub:/mnt/scratch1/ardi/dsl_mut/HM-armc/mutation/lowered-cpp/local_laplacian/local_laplacian.halide_generated.cpp:8884:40
local_laplacian,cxx_default_on_emitted_cpp,5eb72c8d,10,18,cxx_add_to_sub,local_laplacian.halide_generated.cpp,4405,25,generator_specific,0,0,0,,,,0,17.294,cxx_add_to_sub:/mnt/scratch1/ardi/dsl_mut/HM-armc/mutation/lowered-cpp/local_laplacian/local_laplacian.halide_generated.cpp:4405:25
local_laplacian,cxx_default_on_emitted_cpp,5eb72c8d,10,18,cxx_add_to_sub,local_laplacian.halide_generated.cpp,8112,37,generator_specific,0,0,1,,,test2_golden,0,17.290,cxx_add_to_sub:/mnt/scratch1/ardi/dsl_mut/HM-armc/mutation/lowered-cpp/local_laplacian/local_laplacian.halide_generated.cpp:8112:37
local_laplacian,cxx_default_on_emitted_cpp,5eb72c8d,10,18,cxx_mul_to_div,local_laplacian.halide_generated.cpp,16346,46,generator_specific,0,0,1,,,test2_golden,0,19.183,cxx_mul_to_div:/mnt/scratch1/ardi/dsl_mut/HM-armc/mutation/lowered-cpp/local_laplacian/local_laplacian.halide_generated.cpp:16346:46
local_laplacian,cxx_default_on_emitted_cpp,5eb72c8d,10,18,cxx_add_to_sub,local_laplacian.halide_generated.cpp,8527,40,generator_specific,0,0,1,,,test2_golden,0,18.022,cxx_add_to_sub:/mnt/scratch1/ardi/dsl_mut/HM-armc/mutation/lowered-cpp/local_laplacian/local_laplacian.halide_generated.cpp:8527:40
local_laplacian,cxx_default_on_emitted_cpp,5eb72c8d,10,18,cxx_add_to_sub,local_laplacian.halide_generated.cpp,15874,43,generator_specific,0,0,1,,,test2_golden,0,19.201,cxx_add_to_sub:/mnt/scratch1/ardi/dsl_mut/HM-armc/mutation/lowered-cpp/local_laplacian/local_laplacian.halide_generated.cpp:15874:43
local_laplacian,cxx_default_on_emitted_cpp,5eb72c8d,10,18,cxx_add_to_sub,local_laplacian.halide_generated.cpp,10099,38,generator_specific,0,0,1,,,test2_golden,0,17.935,cxx_add_to_sub:/mnt/scratch1/ardi/dsl_mut/HM-armc/mutation/lowered-cpp/local_laplacian/local_laplacian.halide_generated.cpp:10099:38
local_laplacian,cxx_default_on_emitted_cpp,5eb72c8d,10,18,cxx_add_to_sub,local_laplacian.halide_generated.cpp,11476,47,generator_specific,0,0,0,,,,0,20.829,cxx_add_to_sub:/mnt/scratch1/ardi/dsl_mut/HM-armc/mutation/lowered-cpp/local_laplacian/local_laplacian.halide_generated.cpp:11476:47
local_laplacian,cxx_default_on_emitted_cpp,5eb72c8d,10,18,cxx_mul_to_div,local_laplacian.halide_generated.cpp,13303,24,generator_specific,0,0,1,,,test2_golden,0,17.650,cxx_mul_to_div:/mnt/scratch1/ardi/dsl_mut/HM-armc/mutation/lowered-cpp/local_laplacian/local_laplacian.halide_generated.cpp:13303:24
local_laplacian,cxx_default_on_emitted_cpp,5eb72c8d,10,18,cxx_add_to_sub,local_laplacian.halide_generated.cpp,11853,40,generator_specific,0,0,0,,,,0,19.413,cxx_add_to_sub:/mnt/scratch1/ardi/dsl_mut/HM-armc/mutation/lowered-cpp/local_laplacian/local_laplacian.halide_generated.cpp:11853:40
local_laplacian,cxx_default_on_emitted_cpp,5eb72c8d,10,18,cxx_add_to_sub,local_laplacian.halide_generated.cpp,11251,40,generator_specific,0,0,0,,,,0,17.014,cxx_add_to_sub:/mnt/scratch1/ardi/dsl_mut/HM-armc/mutation/lowered-cpp/local_laplacian/local_laplacian.halide_generated.cpp:11251:40
local_laplacian,cxx_default_on_emitted_cpp,5eb72c8d,10,18,cxx_mul_to_div,local_laplacian.halide_generated.cpp,9474,37,generator_specific,0,0,1,,,test2_golden,0,20.893,cxx_mul_to_div:/mnt/scratch1/ardi/dsl_mut/HM-armc/mutation/lowered-cpp/local_laplacian/local_laplacian.halide_generated.cpp:9474:37
local_laplacian,cxx_default_on_emitted_cpp,5eb72c8d,10,18,cxx_sub_to_add,local_laplacian.halide_generated.cpp,9652,37,generator_specific,-11,1,,,,test1_demo,0,6.228,cxx_sub_to_add:/mnt/scratch1/ardi/dsl_mut/HM-armc/mutation/lowered-cpp/local_laplacian/local_laplacian.halide_generated.cpp:9652:37
local_laplacian,cxx_default_on_emitted_cpp,5eb72c8d,10,18,cxx_mul_to_div,local_laplacian.halide_generated.cpp,4170,24,generator_specific,0,0,1,,,test2_golden,0,19.997,cxx_mul_to_div:/mnt/scratch1/ardi/dsl_mut/HM-armc/mutation/lowered-cpp/local_laplacian/local_laplacian.halide_generated.cpp:4170:24
local_laplacian,cxx_default_on_emitted_cpp,5eb72c8d,10,18,cxx_add_to_sub,local_laplacian.halide_generated.cpp,16179,44,generator_specific,0,0,0,,,,0,23.335,cxx_add_to_sub:/mnt/scratch1/ardi/dsl_mut/HM-armc/mutation/lowered-cpp/local_laplacian/local_laplacian.halide_generated.cpp:16179:44
local_laplacian,cxx_default_on_emitted_cpp,5eb72c8d,10,18,cxx_mul_to_div,local_laplacian.halide_generated.cpp,10054,37,generator_specific,0,0,1,,,test2_golden,0,23.982,cxx_mul_to_div:/mnt/scratch1/ardi/dsl_mut/HM-armc/mutation/lowered-cpp/local_laplacian/local_laplacian.halide_generated.cpp:10054:37
local_laplacian,cxx_default_on_emitted_cpp,5eb72c8d,10,18,cxx_add_to_sub,local_laplacian.halide_generated.cpp,15355,36,generator_specific,0,0,1,,,test2_golden,0,24.097,cxx_add_to_sub:/mnt/scratch1/ardi/dsl_mut/HM-armc/mutation/lowered-cpp/local_laplacian/local_laplacian.halide_generated.cpp:15355:36
local_laplacian,cxx_default_on_emitted_cpp,5eb72c8d,10,18,cxx_sub_to_add,local_laplacian.halide_generated.cpp,8696,36,generator_specific,0,0,1,,,test2_golden,0,19.972,cxx_sub_to_add:/mnt/scratch1/ardi/dsl_mut/HM-armc/mutation/lowered-cpp/local_laplacian/local_laplacian.halide_generated.cpp:8696:36
local_laplacian,cxx_default_on_emitted_cpp,5eb72c8d,10,18,cxx_add_to_sub,local_laplacian.halide_generated.cpp,9601,37,generator_specific,0,0,1,,,test2_golden,0,18.866,cxx_add_to_sub:/mnt/scratch1/ardi/dsl_mut/HM-armc/mutation/lowered-cpp/local_laplacian/local_laplacian.halide_generated.cpp:9601:37
local_laplacian,cxx_default_on_emitted_cpp,5eb72c8d,10,18,cxx_add_to_sub,local_laplacian.halide_generated.cpp,15914,42,generator_specific,0,0,1,,,test2_golden,0,22.836,cxx_add_to_sub:/mnt/scratch1/ardi/dsl_mut/HM-armc/mutation/lowered-cpp/local_laplacian/local_laplacian.halide_generated.cpp:15914:42
local_laplacian,cxx_default_on_emitted_cpp,5eb72c8d,10,18,cxx_lt_to_ge,local_laplacian.halide_generated.cpp,9303,33,generator_specific,-6,1,,,,test1_demo,0,7.462,cxx_lt_to_ge:/mnt/scratch1/ardi/dsl_mut/HM-armc/mutation/lowered-cpp/local_laplacian/local_laplacian.halide_generated.cpp:9303:33
local_laplacian,cxx_default_on_emitted_cpp,5eb72c8d,10,18,cxx_sub_to_add,local_laplacian.halide_generated.cpp,4920,25,generator_specific,0,0,1,,,test2_golden,0,20.908,cxx_sub_to_add:/mnt/scratch1/ardi/dsl_mut/HM-armc/mutation/lowered-cpp/local_laplacian/local_laplacian.halide_generated.cpp:4920:25
local_laplacian,cxx_default_on_emitted_cpp,5eb72c8d,10,18,cxx_add_to_sub,local_laplacian.halide_generated.cpp,16025,59,generator_specific,0,0,1,,,test2_golden,0,18.622,cxx_add_to_sub:/mnt/scratch1/ardi/dsl_mut/HM-armc/mutation/lowered-cpp/local_laplacian/local_laplacian.halide_generated.cpp:16025:59
local_laplacian,cxx_default_on_emitted_cpp,5eb72c8d,10,18,cxx_lt_to_le,local_laplacian.halide_generated.cpp,7986,68,generator_specific,0,0,0,,,,0,19.541,cxx_lt_to_le:/mnt/scratch1/ardi/dsl_mut/HM-armc/mutation/lowered-cpp/local_laplacian/local_laplacian.halide_generated.cpp:7986:68
local_laplacian,cxx_default_on_emitted_cpp,5eb72c8d,10,18,cxx_add_to_sub,local_laplacian.halide_generated.cpp,10408,38,generator_specific,0,0,0,,,,0,17.253,cxx_add_to_sub:/mnt/scratch1/ardi/dsl_mut/HM-armc/mutation/lowered-cpp/local_laplacian/local_laplacian.halide_generated.cpp:10408:38
local_laplacian,cxx_default_on_emitted_cpp,5eb72c8d,10,18,cxx_add_to_sub,local_laplacian.halide_generated.cpp,10708,37,generator_specific,0,0,1,,,test2_golden,0,20.166,cxx_add_to_sub:/mnt/scratch1/ardi/dsl_mut/HM-armc/mutation/lowered-cpp/local_laplacian/local_laplacian.halide_generated.cpp:10708:37
local_laplacian,cxx_default_on_emitted_cpp,5eb72c8d,10,18,cxx_add_to_sub,local_laplacian.halide_generated.cpp,6512,26,generator_specific,0,0,1,,,test2_golden,0,23.971,cxx_add_to_sub:/mnt/scratch1/ardi/dsl_mut/HM-armc/mutation/lowered-cpp/local_laplacian/local_laplacian.halide_generated.cpp:6512:26
local_laplacian,cxx_default_on_emitted_cpp,5eb72c8d,10,18,cxx_add_to_sub,local_laplacian.halide_generated.cpp,5377,26,generator_specific,0,0,1,,,test2_golden,0,19.441,cxx_add_to_sub:/mnt/scratch1/ardi/dsl_mut/HM-armc/mutation/lowered-cpp/local_laplacian/local_laplacian.halide_generated.cpp:5377:26
local_laplacian,cxx_default_on_emitted_cpp,5eb72c8d,10,18,cxx_mul_to_div,local_laplacian.halide_generated.cpp,4019,22,generator_specific,0,0,1,,,test2_golden,0,17.708,cxx_mul_to_div:/mnt/scratch1/ardi/dsl_mut/HM-armc/mutation/lowered-cpp/local_laplacian/local_laplacian.halide_generated.cpp:4019:22
local_laplacian,cxx_default_on_emitted_cpp,5eb72c8d,10,18,cxx_mul_to_div,local_laplacian.halide_generated.cpp,10489,37,generator_specific,0,0,0,,,,0,19.667,cxx_mul_to_div:/mnt/scratch1/ardi/dsl_mut/HM-armc/mutation/lowered-cpp/local_laplacian/local_laplacian.halide_generated.cpp:10489:37
local_laplacian,cxx_default_on_emitted_cpp,5eb72c8d,10,18,cxx_add_to_sub,local_laplacian.halide_generated.cpp,9672,51,generator_specific,-11,1,,,,test1_demo,0,5.176,cxx_add_to_sub:/mnt/scratch1/ardi/dsl_mut/HM-armc/mutation/lowered-cpp/local_laplacian/local_laplacian.halide_generated.cpp:9672:51
local_laplacian,cxx_default_on_emitted_cpp,5eb72c8d,10,18,cxx_div_to_mul,local_laplacian.halide_generated.cpp,10826,38,generator_specific,0,0,0,,,,0,18.476,cxx_div_to_mul:/mnt/scratch1/ardi/dsl_mut/HM-armc/mutation/lowered-cpp/local_laplacian/local_laplacian.halide_generated.cpp:10826:38
local_laplacian,cxx_default_on_emitted_cpp,5eb72c8d,10,18,cxx_sub_to_add,local_laplacian.halide_generated.cpp,12908,37,generator_specific,0,0,0,,,,0,16.531,cxx_sub_to_add:/mnt/scratch1/ardi/dsl_mut/HM-armc/mutation/lowered-cpp/local_laplacian/local_laplacian.halide_generated.cpp:12908:37
local_laplacian,cxx_default_on_emitted_cpp,5eb72c8d,10,18,cxx_mul_to_div,local_laplacian.halide_generated.cpp,4419,24,generator_specific,0,0,1,,,test2_golden,0,16.993,cxx_mul_to_div:/mnt/scratch1/ardi/dsl_mut/HM-armc/mutation/lowered-cpp/local_laplacian/local_laplacian.halide_generated.cpp:4419:24
local_laplacian,cxx_default_on_emitted_cpp,5eb72c8d,10,18,cxx_sub_to_add,local_laplacian.halide_generated.cpp,12865,37,generator_specific,0,0,0,,,,0,17.841,cxx_sub_to_add:/mnt/scratch1/ardi/dsl_mut/HM-armc/mutation/lowered-cpp/local_laplacian/local_laplacian.halide_generated.cpp:12865:37
local_laplacian,cxx_default_on_emitted_cpp,5eb72c8d,10,18,cxx_add_to_sub,local_laplacian.halide_generated.cpp,8548,38,generator_specific,0,0,1,,,test2_golden,0,17.493,cxx_add_to_sub:/mnt/scratch1/ardi/dsl_mut/HM-armc/mutation/lowered-cpp/local_laplacian/local_laplacian.halide_generated.cpp:8548:38
local_laplacian,cxx_default_on_emitted_cpp,5eb72c8d,10,18,cxx_add_to_sub,local_laplacian.halide_generated.cpp,4191,27,generator_specific,0,0,1,,,test2_golden,0,19.614,cxx_add_to_sub:/mnt/scratch1/ardi/dsl_mut/HM-armc/mutation/lowered-cpp/local_laplacian/local_laplacian.halide_generated.cpp:4191:27
local_laplacian,cxx_default_on_emitted_cpp,5eb72c8d,10,18,cxx_sub_to_add,local_laplacian.halide_generated.cpp,15340,36,generator_specific,0,0,1,,,test2_golden,0,17.280,cxx_sub_to_add:/mnt/scratch1/ardi/dsl_mut/HM-armc/mutation/lowered-cpp/local_laplacian/local_laplacian.halide_generated.cpp:15340:36
local_laplacian,cxx_default_on_emitted_cpp,5eb72c8d,10,18,cxx_add_to_sub,local_laplacian.halide_generated.cpp,7165,36,generator_specific,-6,1,,,,test1_demo,0,5.179,cxx_add_to_sub:/mnt/scratch1/ardi/dsl_mut/HM-armc/mutation/lowered-cpp/local_laplacian/local_laplacian.halide_generated.cpp:7165:36
local_laplacian,cxx_default_on_emitted_cpp,5eb72c8d,10,18,cxx_mul_to_div,local_laplacian.halide_generated.cpp,9739,40,generator_specific,0,0,1,,,test2_golden,0,22.477,cxx_mul_to_div:/mnt/scratch1/ardi/dsl_mut/HM-armc/mutation/lowered-cpp/local_laplacian/local_laplacian.halide_generated.cpp:9739:40
local_laplacian,cxx_default_on_emitted_cpp,5eb72c8d,10,18,cxx_mul_to_div,local_laplacian.halide_generated.cpp,5466,25,generator_specific,0,0,1,,,test2_golden,0,17.984,cxx_mul_to_div:/mnt/scratch1/ardi/dsl_mut/HM-armc/mutation/lowered-cpp/local_laplacian/local_laplacian.halide_generated.cpp:5466:25
local_laplacian,cxx_default_on_emitted_cpp,5eb72c8d,10,18,cxx_mul_to_div,local_laplacian.halide_generated.cpp,3673,21,generator_specific,0,0,0,,,,0,21.569,cxx_mul_to_div:/mnt/scratch1/ardi/dsl_mut/HM-armc/mutation/lowered-cpp/local_laplacian/local_laplacian.halide_generated.cpp:3673:21
local_laplacian,cxx_default_on_emitted_cpp,5eb72c8d,10,18,cxx_sub_to_add,local_laplacian.halide_generated.cpp,12007,37,generator_specific,0,0,0,,,,0,20.067,cxx_sub_to_add:/mnt/scratch1/ardi/dsl_mut/HM-armc/mutation/lowered-cpp/local_laplacian/local_laplacian.halide_generated.cpp:12007:37
local_laplacian,cxx_default_on_emitted_cpp,5eb72c8d,10,18,cxx_sub_to_add,local_laplacian.halide_generated.cpp,12016,37,generator_specific,0,0,0,,,,0,17.642,cxx_sub_to_add:/mnt/scratch1/ardi/dsl_mut/HM-armc/mutation/lowered-cpp/local_laplacian/local_laplacian.halide_generated.cpp:12016:37
local_laplacian,cxx_default_on_emitted_cpp,5eb72c8d,10,18,cxx_add_to_sub,local_laplacian.halide_generated.cpp,9165,38,generator_specific,0,0,1,,,test2_golden,0,22.211,cxx_add_to_sub:/mnt/scratch1/ardi/dsl_mut/HM-armc/mutation/lowered-cpp/local_laplacian/local_laplacian.halide_generated.cpp:9165:38
local_laplacian,cxx_default_on_emitted_cpp,5eb72c8d,10,18,cxx_add_to_sub,local_laplacian.halide_generated.cpp,14910,32,generator_specific,0,0,0,,,,0,19.928,cxx_add_to_sub:/mnt/scratch1/ardi/dsl_mut/HM-armc/mutation/lowered-cpp/local_laplacian/local_laplacian.halide_generated.cpp:14910:32
local_laplacian,cxx_default_on_emitted_cpp,5eb72c8d,10,18,cxx_add_to_sub,local_laplacian.halide_generated.cpp,14254,28,generator_specific,0,0,0,,,,0,18.561,cxx_add_to_sub:/mnt/scratch1/ardi/dsl_mut/HM-armc/mutation/lowered-cpp/local_laplacian/local_laplacian.halide_generated.cpp:14254:28
local_laplacian,cxx_default_on_emitted_cpp,5eb72c8d,10,18,cxx_mul_to_div,local_laplacian.halide_generated.cpp,12258,37,generator_specific,0,0,0,,,,0,24.581,cxx_mul_to_div:/mnt/scratch1/ardi/dsl_mut/HM-armc/mutation/lowered-cpp/local_laplacian/local_laplacian.halide_generated.cpp:12258:37
local_laplacian,cxx_default_on_emitted_cpp,5eb72c8d,10,18,cxx_replace_scalar_call,local_laplacian.halide_generated.cpp,6010,18,generator_specific,0,0,1,,,test2_golden,0,19.000,cxx_replace_scalar_call:/mnt/scratch1/ardi/dsl_mut/HM-armc/mutation/lowered-cpp/local_laplacian/local_laplacian.halide_generated.cpp:6010:18
local_laplacian,cxx_default_on_emitted_cpp,5eb72c8d,10,18,cxx_add_to_sub,local_laplacian.halide_generated.cpp,12528,40,generator_specific,0,0,0,,,,0,17.629,cxx_add_to_sub:/mnt/scratch1/ardi/dsl_mut/HM-armc/mutation/lowered-cpp/local_laplacian/local_laplacian.halide_generated.cpp:12528:40
local_laplacian,cxx_default_on_emitted_cpp,5eb72c8d,10,18,cxx_lt_to_ge,local_laplacian.halide_generated.cpp,13813,54,generator_specific,0,0,1,,,test2_golden,0,24.212,cxx_lt_to_ge:/mnt/scratch1/ardi/dsl_mut/HM-armc/mutation/lowered-cpp/local_laplacian/local_laplacian.halide_generated.cpp:13813:54
local_laplacian,cxx_default_on_emitted_cpp,5eb72c8d,10,18,cxx_add_to_sub,local_laplacian.halide_generated.cpp,9188,40,generator_specific,0,0,1,,,test2_golden,0,19.101,cxx_add_to_sub:/mnt/scratch1/ardi/dsl_mut/HM-armc/mutation/lowered-cpp/local_laplacian/local_laplacian.halide_generated.cpp:9188:40
local_laplacian,cxx_default_on_emitted_cpp,5eb72c8d,10,18,cxx_add_to_sub,local_laplacian.halide_generated.cpp,4444,24,generator_specific,0,0,1,,,test2_golden,0,19.272,cxx_add_to_sub:/mnt/scratch1/ardi/dsl_mut/HM-armc/mutation/lowered-cpp/local_laplacian/local_laplacian.halide_generated.cpp:4444:24
local_laplacian,cxx_default_on_emitted_cpp,5eb72c8d,10,18,cxx_replace_scalar_call,local_laplacian.halide_generated.cpp,5888,18,generator_specific,0,0,1,,,test2_golden,0,19.531,cxx_replace_scalar_call:/mnt/scratch1/ardi/dsl_mut/HM-armc/mutation/lowered-cpp/local_laplacian/local_laplacian.halide_generated.cpp:5888:18
local_laplacian,cxx_default_on_emitted_cpp,5eb72c8d,10,18,cxx_add_to_sub,local_laplacian.halide_generated.cpp,8610,36,generator_specific,0,0,0,,,,0,21.227,cxx_add_to_sub:/mnt/scratch1/ardi/dsl_mut/HM-armc/mutation/lowered-cpp/local_laplacian/local_laplacian.halide_generated.cpp:8610:36
local_laplacian,cxx_default_on_emitted_cpp,5eb72c8d,10,18,cxx_add_to_sub,local_laplacian.halide_generated.cpp,9285,37,generator_specific,0,0,1,,,test2_golden,0,19.796,cxx_add_to_sub:/mnt/scratch1/ardi/dsl_mut/HM-armc/mutation/lowered-cpp/local_laplacian/local_laplacian.halide_generated.cpp:9285:37
local_laplacian,cxx_default_on_emitted_cpp,5eb72c8d,10,18,cxx_lt_to_ge,local_laplacian.halide_generated.cpp,3687,43,generator_specific,0,0,1,,,test2_golden,0,22.172,cxx_lt_to_ge:/mnt/scratch1/ardi/dsl_mut/HM-armc/mutation/lowered-cpp/local_laplacian/local_laplacian.halide_generated.cpp:3687:43
local_laplacian,cxx_default_on_emitted_cpp,5eb72c8d,10,18,cxx_mul_to_div,local_laplacian.halide_generated.cpp,8913,38,generator_specific,0,0,0,,,,0,18.257,cxx_mul_to_div:/mnt/scratch1/ardi/dsl_mut/HM-armc/mutation/lowered-cpp/local_laplacian/local_laplacian.halide_generated.cpp:8913:38
local_laplacian,cxx_default_on_emitted_cpp,5eb72c8d,10,18,cxx_add_to_sub,local_laplacian.halide_generated.cpp,4781,24,generator_specific,0,0,1,,,test2_golden,0,23.807,cxx_add_to_sub:/mnt/scratch1/ardi/dsl_mut/HM-armc/mutation/lowered-cpp/local_laplacian/local_laplacian.halide_generated.cpp:4781:24
local_laplacian,cxx_default_on_emitted_cpp,5eb72c8d,10,18,cxx_mul_to_div,local_laplacian.halide_generated.cpp,4181,24,generator_specific,0,0,0,,,,0,20.750,cxx_mul_to_div:/mnt/scratch1/ardi/dsl_mut/HM-armc/mutation/lowered-cpp/local_laplacian/local_laplacian.halide_generated.cpp:4181:24
local_laplacian,cxx_default_on_emitted_cpp,5eb72c8d,10,18,cxx_mul_to_div,local_laplacian.halide_generated.cpp,16079,45,generator_specific,0,0,1,,,test2_golden,0,17.988,cxx_mul_to_div:/mnt/scratch1/ardi/dsl_mut/HM-armc/mutation/lowered-cpp/local_laplacian/local_laplacian.halide_generated.cpp:16079:45
local_laplacian,cxx_default_on_emitted_cpp,5eb72c8d,10,18,cxx_add_to_sub,local_laplacian.halide_generated.cpp,6468,39,generator_specific,0,0,1,,,test2_golden,0,20.258,cxx_add_to_sub:/mnt/scratch1/ardi/dsl_mut/HM-armc/mutation/lowered-cpp/local_laplacian/local_laplacian.halide_generated.cpp:6468:39
local_laplacian,cxx_default_on_emitted_cpp,5eb72c8d,10,18,cxx_sub_to_add,local_laplacian.halide_generated.cpp,9336,36,generator_specific,-11,1,,,,test1_demo,0,9.789,cxx_sub_to_add:/mnt/scratch1/ardi/dsl_mut/HM-armc/mutation/lowered-cpp/local_laplacian/local_laplacian.halide_generated.cpp:9336:36
local_laplacian,cxx_default_on_emitted_cpp,5eb72c8d,10,18,cxx_add_to_sub,local_laplacian.halide_generated.cpp,15765,42,generator_specific,0,0,1,,,test2_golden,0,18.146,cxx_add_to_sub:/mnt/scratch1/ardi/dsl_mut/HM-armc/mutation/lowered-cpp/local_laplacian/local_laplacian.halide_generated.cpp:15765:42
local_laplacian,cxx_default_on_emitted_cpp,5eb72c8d,10,18,cxx_add_to_sub,local_laplacian.halide_generated.cpp,15885,56,generator_specific,-11,1,,,,test1_demo,0,7.228,cxx_add_to_sub:/mnt/scratch1/ardi/dsl_mut/HM-armc/mutation/lowered-cpp/local_laplacian/local_laplacian.halide_generated.cpp:15885:56
local_laplacian,cxx_default_on_emitted_cpp,5eb72c8d,10,18,cxx_lt_to_ge,local_laplacian.halide_generated.cpp,11499,30,generator_specific,0,0,0,,,,0,21.280,cxx_lt_to_ge:/mnt/scratch1/ardi/dsl_mut/HM-armc/mutation/lowered-cpp/local_laplacian/local_laplacian.halide_generated.cpp:11499:30
local_laplacian,cxx_default_on_emitted_cpp,5eb72c8d,10,18,cxx_mul_to_div,local_laplacian.halide_generated.cpp,8694,34,generator_specific,0,0,1,,,test2_golden,0,17.789,cxx_mul_to_div:/mnt/scratch1/ardi/dsl_mut/HM-armc/mutation/lowered-cpp/local_laplacian/local_laplacian.halide_generated.cpp:8694:34
local_laplacian,cxx_default_on_emitted_cpp,5eb72c8d,10,18,cxx_add_to_sub,local_laplacian.halide_generated.cpp,16399,46,generator_specific,0,0,1,,,test2_golden,0,20.152,cxx_add_to_sub:/mnt/scratch1/ardi/dsl_mut/HM-armc/mutation/lowered-cpp/local_laplacian/local_laplacian.halide_generated.cpp:16399:46
local_laplacian,cxx_default_on_emitted_cpp,5eb72c8d,10,18,cxx_mul_to_div,local_laplacian.halide_generated.cpp,11356,37,generator_specific,0,0,0,,,,0,17.365,cxx_mul_to_div:/mnt/scratch1/ardi/dsl_mut/HM-armc/mutation/lowered-cpp/local_laplacian/local_laplacian.halide_generated.cpp:11356:37
local_laplacian,cxx_default_on_emitted_cpp,5eb72c8d,10,18,cxx_add_to_sub,local_laplacian.halide_generated.cpp,12532,38,generator_specific,0,0,0,,,,0,17.821,cxx_add_to_sub:/mnt/scratch1/ardi/dsl_mut/HM-armc/mutation/lowered-cpp/local_laplacian/local_laplacian.halide_generated.cpp:12532:38
local_laplacian,cxx_default_on_emitted_cpp,5eb72c8d,10,18,cxx_sub_to_add,local_laplacian.halide_generated.cpp,10157,40,generator_specific,0,0,1,,,test2_golden,0,16.653,cxx_sub_to_add:/mnt/scratch1/ardi/dsl_mut/HM-armc/mutation/lowered-cpp/local_laplacian/local_laplacian.halide_generated.cpp:10157:40
local_laplacian,cxx_default_on_emitted_cpp,5eb72c8d,10,18,cxx_add_to_sub,local_laplacian.halide_generated.cpp,12813,38,generator_specific,0,0,0,,,,0,16.857,cxx_add_to_sub:/mnt/scratch1/ardi/dsl_mut/HM-armc/mutation/lowered-cpp/local_laplacian/local_laplacian.halide_generated.cpp:12813:38
local_laplacian,cxx_default_on_emitted_cpp,5eb72c8d,10,18,cxx_add_to_sub,local_laplacian.halide_generated.cpp,16127,45,generator_specific,0,0,1,,,test2_golden,0,18.329,cxx_add_to_sub:/mnt/scratch1/ardi/dsl_mut/HM-armc/mutation/lowered-cpp/local_laplacian/local_laplacian.halide_generated.cpp:16127:45
local_laplacian,cxx_default_on_emitted_cpp,5eb72c8d,10,18,cxx_replace_scalar_call,local_laplacian.halide_generated.cpp,13377,18,generator_specific,0,0,0,,,,0,16.670,cxx_replace_scalar_call:/mnt/scratch1/ardi/dsl_mut/HM-armc/mutation/lowered-cpp/local_laplacian/local_laplacian.halide_generated.cpp:13377:18
local_laplacian,cxx_default_on_emitted_cpp,5eb72c8d,10,18,cxx_add_to_sub,local_laplacian.halide_generated.cpp,7882,36,generator_specific,0,0,0,,,,0,17.380,cxx_add_to_sub:/mnt/scratch1/ardi/dsl_mut/HM-armc/mutation/lowered-cpp/local_laplacian/local_laplacian.halide_generated.cpp:7882:36
local_laplacian,cxx_default_on_emitted_cpp,5eb72c8d,10,18,cxx_remove_void_call,local_laplacian.halide_generated.cpp,6196,4,generator_specific,0,0,1,,,test2_golden,0,17.567,cxx_remove_void_call:/mnt/scratch1/ardi/dsl_mut/HM-armc/mutation/lowered-cpp/local_laplacian/local_laplacian.halide_generated.cpp:6196:4
local_laplacian,cxx_default_on_emitted_cpp,5eb72c8d,10,18,cxx_mul_to_div,local_laplacian.halide_generated.cpp,9367,47,generator_specific,0,0,1,,,test2_golden,0,17.820,cxx_mul_to_div:/mnt/scratch1/ardi/dsl_mut/HM-armc/mutation/lowered-cpp/local_laplacian/local_laplacian.halide_generated.cpp:9367:47
local_laplacian,cxx_default_on_emitted_cpp,5eb72c8d,10,18,cxx_add_to_sub,local_laplacian.halide_generated.cpp,4824,26,generator_specific,0,0,1,,,test2_golden,0,20.436,cxx_add_to_sub:/mnt/scratch1/ardi/dsl_mut/HM-armc/mutation/lowered-cpp/local_laplacian/local_laplacian.halide_generated.cpp:4824:26
local_laplacian,cxx_default_on_emitted_cpp,5eb72c8d,10,18,cxx_add_to_sub,local_laplacian.halide_generated.cpp,6002,26,generator_specific,0,0,1,,,test2_golden,0,20.185,cxx_add_to_sub:/mnt/scratch1/ardi/dsl_mut/HM-armc/mutation/lowered-cpp/local_laplacian/local_laplacian.halide_generated.cpp:6002:26
local_laplacian,cxx_default_on_emitted_cpp,5eb72c8d,10,18,cxx_add_to_sub,local_laplacian.halide_generated.cpp,5602,27,generator_specific,0,0,1,,,test2_golden,0,19.278,cxx_add_to_sub:/mnt/scratch1/ardi/dsl_mut/HM-armc/mutation/lowered-cpp/local_laplacian/local_laplacian.halide_generated.cpp:5602:27
local_laplacian,cxx_default_on_emitted_cpp,5eb72c8d,10,18,cxx_mul_to_div,local_laplacian.halide_generated.cpp,9861,37,generator_specific,0,0,1,,,test2_golden,0,19.001,cxx_mul_to_div:/mnt/scratch1/ardi/dsl_mut/HM-armc/mutation/lowered-cpp/local_laplacian/local_laplacian.halide_generated.cpp:9861:37
local_laplacian,cxx_default_on_emitted_cpp,5eb72c8d,10,18,cxx_replace_scalar_call,local_laplacian.halide_generated.cpp,13256,18,generator_specific,0,0,1,,,test2_golden,0,16.829,cxx_replace_scalar_call:/mnt/scratch1/ardi/dsl_mut/HM-armc/mutation/lowered-cpp/local_laplacian/local_laplacian.halide_generated.cpp:13256:18
local_laplacian,cxx_default_on_emitted_cpp,5eb72c8d,10,18,cxx_add_to_sub,local_laplacian.halide_generated.cpp,10126,37,generator_specific,0,0,1,,,test2_golden,0,18.223,cxx_add_to_sub:/mnt/scratch1/ardi/dsl_mut/HM-armc/mutation/lowered-cpp/local_laplacian/local_laplacian.halide_generated.cpp:10126:37
local_laplacian,cxx_default_on_emitted_cpp,5eb72c8d,10,18,cxx_sub_to_add,local_laplacian.halide_generated.cpp,7287,37,generator_specific,0,0,1,,,test2_golden,0,25.398,cxx_sub_to_add:/mnt/scratch1/ardi/dsl_mut/HM-armc/mutation/lowered-cpp/local_laplacian/local_laplacian.halide_generated.cpp:7287:37
local_laplacian,cxx_default_on_emitted_cpp,5eb72c8d,10,18,cxx_mul_to_div,local_laplacian.halide_generated.cpp,5252,26,generator_specific,0,0,1,,,test2_golden,0,26.309,cxx_mul_to_div:/mnt/scratch1/ardi/dsl_mut/HM-armc/mutation/lowered-cpp/local_laplacian/local_laplacian.halide_generated.cpp:5252:26
local_laplacian,cxx_default_on_emitted_cpp,5eb72c8d,10,18,cxx_add_to_sub,local_laplacian.halide_generated.cpp,13461,25,generator_specific,0,0,0,,,,0,18.728,cxx_add_to_sub:/mnt/scratch1/ardi/dsl_mut/HM-armc/mutation/lowered-cpp/local_laplacian/local_laplacian.halide_generated.cpp:13461:25
local_laplacian,cxx_default_on_emitted_cpp,5eb72c8d,10,18,cxx_replace_scalar_call,local_laplacian.halide_generated.cpp,13355,18,generator_specific,0,0,0,,,,0,16.652,cxx_replace_scalar_call:/mnt/scratch1/ardi/dsl_mut/HM-armc/mutation/lowered-cpp/local_laplacian/local_laplacian.halide_generated.cpp:13355:18
local_laplacian,cxx_default_on_emitted_cpp,5eb72c8d,10,18,cxx_add_to_sub,local_laplacian.halide_generated.cpp,9838,37,generator_specific,0,0,1,,,test2_golden,0,23.356,cxx_add_to_sub:/mnt/scratch1/ardi/dsl_mut/HM-armc/mutation/lowered-cpp/local_laplacian/local_laplacian.halide_generated.cpp:9838:37
local_laplacian,cxx_default_on_emitted_cpp,5eb72c8d,10,18,cxx_sub_to_add,local_laplacian.halide_generated.cpp,9556,36,generator_specific,0,0,1,,,test2_golden,0,26.545,cxx_sub_to_add:/mnt/scratch1/ardi/dsl_mut/HM-armc/mutation/lowered-cpp/local_laplacian/local_laplacian.halide_generated.cpp:9556:36
local_laplacian,cxx_default_on_emitted_cpp,5eb72c8d,10,18,cxx_add_to_sub,local_laplacian.halide_generated.cpp,15186,34,generator_specific,0,0,0,,,,0,17.911,cxx_add_to_sub:/mnt/scratch1/ardi/dsl_mut/HM-armc/mutation/lowered-cpp/local_laplacian/local_laplacian.halide_generated.cpp:15186:34
local_laplacian,cxx_default_on_emitted_cpp,5eb72c8d,10,18,cxx_mul_to_div,local_laplacian.halide_generated.cpp,15928,43,generator_specific,-8,1,,,,test1_demo,0,5.407,cxx_mul_to_div:/mnt/scratch1/ardi/dsl_mut/HM-armc/mutation/lowered-cpp/local_laplacian/local_laplacian.halide_generated.cpp:15928:43
local_laplacian,cxx_default_on_emitted_cpp,5eb72c8d,10,18,cxx_lt_to_le,local_laplacian.halide_generated.cpp,15929,75,generator_specific,0,0,0,,,,0,21.608,cxx_lt_to_le:/mnt/scratch1/ardi/dsl_mut/HM-armc/mutation/lowered-cpp/local_laplacian/local_laplacian.halide_generated.cpp:15929:75
local_laplacian,cxx_default_on_emitted_cpp,5eb72c8d,10,18,cxx_add_to_sub,local_laplacian.halide_generated.cpp,5805,26,generator_specific,0,0,1,,,test2_golden,0,19.267,cxx_add_to_sub:/mnt/scratch1/ardi/dsl_mut/HM-armc/mutation/lowered-cpp/local_laplacian/local_laplacian.halide_generated.cpp:5805:26
local_laplacian,cxx_default_on_emitted_cpp,5eb72c8d,10,18,cxx_lt_to_ge,local_laplacian.halide_generated.cpp,4708,53,generator_specific,0,0,1,,,test2_golden,0,26.514,cxx_lt_to_ge:/mnt/scratch1/ardi/dsl_mut/HM-armc/mutation/lowered-cpp/local_laplacian/local_laplacian.halide_generated.cpp:4708:53
local_laplacian,cxx_default_on_emitted_cpp,5eb72c8d,10,18,cxx_lt_to_ge,local_laplacian.halide_generated.cpp,3250,30,boilerplate,0,0,1,,,test2_golden,0,27.822,cxx_lt_to_ge:/mnt/scratch1/ardi/dsl_mut/HM-armc/mutation/lowered-cpp/local_laplacian/local_laplacian.halide_generated.cpp:3250:30
local_laplacian,cxx_default_on_emitted_cpp,5eb72c8d,10,18,cxx_add_to_sub,local_laplacian.halide_generated.cpp,8136,40,generator_specific,0,0,1,,,test2_golden,0,31.575,cxx_add_to_sub:/mnt/scratch1/ardi/dsl_mut/HM-armc/mutation/lowered-cpp/local_laplacian/local_laplacian.halide_generated.cpp:8136:40
local_laplacian,cxx_default_on_emitted_cpp,5eb72c8d,10,18,cxx_mul_to_div,local_laplacian.halide_generated.cpp,16121,45,generator_specific,0,0,1,,,test2_golden,0,20.699,cxx_mul_to_div:/mnt/scratch1/ardi/dsl_mut/HM-armc/mutation/lowered-cpp/local_laplacian/local_laplacian.halide_generated.cpp:16121:45
local_laplacian,cxx_default_on_emitted_cpp,5eb72c8d,10,18,cxx_add_to_sub,local_laplacian.halide_generated.cpp,8085,38,generator_specific,0,0,1,,,test2_golden,0,30.806,cxx_add_to_sub:/mnt/scratch1/ardi/dsl_mut/HM-armc/mutation/lowered-cpp/local_laplacian/local_laplacian.halide_generated.cpp:8085:38
local_laplacian,cxx_default_on_emitted_cpp,5eb72c8d,10,18,cxx_add_to_sub,local_laplacian.halide_generated.cpp,12882,38,generator_specific,0,0,0,,,,0,19.400,cxx_add_to_sub:/mnt/scratch1/ardi/dsl_mut/HM-armc/mutation/lowered-cpp/local_laplacian/local_laplacian.halide_generated.cpp:12882:38
local_laplacian,cxx_default_on_emitted_cpp,5eb72c8d,10,18,cxx_mul_to_div,local_laplacian.halide_generated.cpp,5696,26,generator_specific,0,0,1,,,test2_golden,0,19.822,cxx_mul_to_div:/mnt/scratch1/ardi/dsl_mut/HM-armc/mutation/lowered-cpp/local_laplacian/local_laplacian.halide_generated.cpp:5696:26
local_laplacian,cxx_default_on_emitted_cpp,5eb72c8d,10,18,cxx_add_to_sub,local_laplacian.halide_generated.cpp,9392,38,generator_specific,0,0,1,,,test2_golden,0,18.174,cxx_add_to_sub:/mnt/scratch1/ardi/dsl_mut/HM-armc/mutation/lowered-cpp/local_laplacian/local_laplacian.halide_generated.cpp:9392:38
local_laplacian,cxx_default_on_emitted_cpp,5eb72c8d,10,18,cxx_mul_to_div,local_laplacian.halide_generated.cpp,11583,37,generator_specific,0,0,0,,,,0,19.157,cxx_mul_to_div:/mnt/scratch1/ardi/dsl_mut/HM-armc/mutation/lowered-cpp/local_laplacian/local_laplacian.halide_generated.cpp:11583:37
local_laplacian,cxx_default_on_emitted_cpp,5eb72c8d,10,18,cxx_add_to_sub,local_laplacian.halide_generated.cpp,10859,78,generator_specific,0,0,0,,,,0,18.734,cxx_add_to_sub:/mnt/scratch1/ardi/dsl_mut/HM-armc/mutation/lowered-cpp/local_laplacian/local_laplacian.halide_generated.cpp:10859:78
local_laplacian,cxx_default_on_emitted_cpp,5eb72c8d,10,18,cxx_add_to_sub,local_laplacian.halide_generated.cpp,8214,38,generator_specific,0,0,1,,,test2_golden,0,17.753,cxx_add_to_sub:/mnt/scratch1/ardi/dsl_mut/HM-armc/mutation/lowered-cpp/local_laplacian/local_laplacian.halide_generated.cpp:8214:38
local_laplacian,cxx_default_on_emitted_cpp,5eb72c8d,10,18,cxx_add_to_sub,local_laplacian.halide_generated.cpp,13260,24,generator_specific,0,0,1,,,test2_golden,0,17.172,cxx_add_to_sub:/mnt/scratch1/ardi/dsl_mut/HM-armc/mutation/lowered-cpp/local_laplacian/local_laplacian.halide_generated.cpp:13260:24
local_laplacian,cxx_default_on_emitted_cpp,5eb72c8d,10,18,cxx_mul_to_div,local_laplacian.halide_generated.cpp,5132,25,generator_specific,0,0,1,,,test2_golden,0,17.641,cxx_mul_to_div:/mnt/scratch1/ardi/dsl_mut/HM-armc/mutation/lowered-cpp/local_laplacian/local_laplacian.halide_generated.cpp:5132:25
local_laplacian,cxx_default_on_emitted_cpp,5eb72c8d,10,18,cxx_add_to_sub,local_laplacian.halide_generated.cpp,14435,29,generator_specific,0,0,0,,,,0,21.731,cxx_add_to_sub:/mnt/scratch1/ardi/dsl_mut/HM-armc/mutation/lowered-cpp/local_laplacian/local_laplacian.halide_generated.cpp:14435:29
local_laplacian,cxx_default_on_emitted_cpp,5eb72c8d,10,18,cxx_sub_to_add,local_laplacian.halide_generated.cpp,8303,37,generator_specific,0,0,1,,,test2_golden,0,18.657,cxx_sub_to_add:/mnt/scratch1/ardi/dsl_mut/HM-armc/mutation/lowered-cpp/local_laplacian/local_laplacian.halide_generated.cpp:8303:37
local_laplacian,cxx_default_on_emitted_cpp,5eb72c8d,10,18,cxx_add_to_sub,local_laplacian.halide_generated.cpp,8041,38,generator_specific,0,0,1,,,test2_golden,0,21.923,cxx_add_to_sub:/mnt/scratch1/ardi/dsl_mut/HM-armc/mutation/lowered-cpp/local_laplacian/local_laplacian.halide_generated.cpp:8041:38
local_laplacian,cxx_default_on_emitted_cpp,5eb72c8d,10,18,cxx_add_to_sub,local_laplacian.halide_generated.cpp,12323,36,generator_specific,0,0,0,,,,0,33.543,cxx_add_to_sub:/mnt/scratch1/ardi/dsl_mut/HM-armc/mutation/lowered-cpp/local_laplacian/local_laplacian.halide_generated.cpp:12323:36
local_laplacian,cxx_default_on_emitted_cpp,5eb72c8d,10,18,cxx_add_to_sub,local_laplacian.halide_generated.cpp,9237,38,generator_specific,0,0,1,,,test2_golden,0,24.647,cxx_add_to_sub:/mnt/scratch1/ardi/dsl_mut/HM-armc/mutation/lowered-cpp/local_laplacian/local_laplacian.halide_generated.cpp:9237:38
local_laplacian,cxx_default_on_emitted_cpp,5eb72c8d,10,18,cxx_mul_to_div,local_laplacian.halide_generated.cpp,10645,37,generator_specific,0,0,0,,,,0,20.000,cxx_mul_to_div:/mnt/scratch1/ardi/dsl_mut/HM-armc/mutation/lowered-cpp/local_laplacian/local_laplacian.halide_generated.cpp:10645:37
local_laplacian,cxx_default_on_emitted_cpp,5eb72c8d,10,18,cxx_add_to_sub,local_laplacian.halide_generated.cpp,8635,37,generator_specific,0,0,0,,,,0,20.699,cxx_add_to_sub:/mnt/scratch1/ardi/dsl_mut/HM-armc/mutation/lowered-cpp/local_laplacian/local_laplacian.halide_generated.cpp:8635:37
local_laplacian,cxx_default_on_emitted_cpp,5eb72c8d,10,18,cxx_add_to_sub,local_laplacian.halide_generated.cpp,3818,24,generator_specific,0,0,1,,,test2_golden,0,20.573,cxx_add_to_sub:/mnt/scratch1/ardi/dsl_mut/HM-armc/mutation/lowered-cpp/local_laplacian/local_laplacian.halide_generated.cpp:3818:24
local_laplacian,cxx_default_on_emitted_cpp,5eb72c8d,10,18,cxx_add_to_sub,local_laplacian.halide_generated.cpp,6480,26,generator_specific,0,0,1,,,test2_golden,0,19.921,cxx_add_to_sub:/mnt/scratch1/ardi/dsl_mut/HM-armc/mutation/lowered-cpp/local_laplacian/local_laplacian.halide_generated.cpp:6480:26
local_laplacian,cxx_default_on_emitted_cpp,5eb72c8d,10,18,cxx_add_to_sub,local_laplacian.halide_generated.cpp,6142,49,generator_specific,0,0,1,,,test2_golden,0,25.493,cxx_add_to_sub:/mnt/scratch1/ardi/dsl_mut/HM-armc/mutation/lowered-cpp/local_laplacian/local_laplacian.halide_generated.cpp:6142:49
local_laplacian,cxx_default_on_emitted_cpp,5eb72c8d,10,18,cxx_add_to_sub,local_laplacian.halide_generated.cpp,16471,45,generator_specific,0,0,1,,,test2_golden,0,23.366,cxx_add_to_sub:/mnt/scratch1/ardi/dsl_mut/HM-armc/mutation/lowered-cpp/local_laplacian/local_laplacian.halide_generated.cpp:16471:45
local_laplacian,cxx_default_on_emitted_cpp,5eb72c8d,10,18,cxx_add_to_sub,local_laplacian.halide_generated.cpp,5859,25,generator_specific,-11,1,,,,test1_demo,0,6.259,cxx_add_to_sub:/mnt/scratch1/ardi/dsl_mut/HM-armc/mutation/lowered-cpp/local_laplacian/local_laplacian.halide_generated.cpp:5859:25
local_laplacian,cxx_default_on_emitted_cpp,5eb72c8d,10,18,cxx_add_to_sub,local_laplacian.halide_generated.cpp,10593,37,generator_specific,0,0,0,,,,0,19.349,cxx_add_to_sub:/mnt/scratch1/ardi/dsl_mut/HM-armc/mutation/lowered-cpp/local_laplacian/local_laplacian.halide_generated.cpp:10593:37
local_laplacian,cxx_default_on_emitted_cpp,5eb72c8d,10,18,cxx_add_to_sub,local_laplacian.halide_generated.cpp,4971,25,generator_specific,0,0,1,,,test2_golden,0,19.292,cxx_add_to_sub:/mnt/scratch1/ardi/dsl_mut/HM-armc/mutation/lowered-cpp/local_laplacian/local_laplacian.halide_generated.cpp:4971:25
local_laplacian,cxx_default_on_emitted_cpp,5eb72c8d,10,18,cxx_add_to_sub,local_laplacian.halide_generated.cpp,16351,46,generator_specific,0,0,1,,,test2_golden,0,17.172,cxx_add_to_sub:/mnt/scratch1/ardi/dsl_mut/HM-armc/mutation/lowered-cpp/local_laplacian/local_laplacian.halide_generated.cpp:16351:46
local_laplacian,cxx_default_on_emitted_cpp,5eb72c8d,10,18,cxx_add_to_sub,local_laplacian.halide_generated.cpp,7738,38,generator_specific,0,0,1,,,test2_golden,0,16.753,cxx_add_to_sub:/mnt/scratch1/ardi/dsl_mut/HM-armc/mutation/lowered-cpp/local_laplacian/local_laplacian.halide_generated.cpp:7738:38
local_laplacian,cxx_default_on_emitted_cpp,5eb72c8d,10,18,cxx_add_to_sub,local_laplacian.halide_generated.cpp,11131,36,generator_specific,0,0,0,,,,0,17.546,cxx_add_to_sub:/mnt/scratch1/ardi/dsl_mut/HM-armc/mutation/lowered-cpp/local_laplacian/local_laplacian.halide_generated.cpp:11131:36
local_laplacian,cxx_default_on_emitted_cpp,5eb72c8d,10,18,cxx_sub_to_add,local_laplacian.halide_generated.cpp,4219,24,generator_specific,0,0,1,,,test2_golden,0,23.310,cxx_sub_to_add:/mnt/scratch1/ardi/dsl_mut/HM-armc/mutation/lowered-cpp/local_laplacian/local_laplacian.halide_generated.cpp:4219:24
local_laplacian,cxx_default_on_emitted_cpp,5eb72c8d,10,18,cxx_add_to_sub,local_laplacian.halide_generated.cpp,8256,38,generator_specific,0,0,1,,,test2_golden,0,29.748,cxx_add_to_sub:/mnt/scratch1/ardi/dsl_mut/HM-armc/mutation/lowered-cpp/local_laplacian/local_laplacian.halide_generated.cpp:8256:38
local_laplacian,cxx_default_on_emitted_cpp,5eb72c8d,10,18,cxx_add_to_sub,local_laplacian.halide_generated.cpp,15856,41,generator_specific,0,0,1,,,test2_golden,0,20.998,cxx_add_to_sub:/mnt/scratch1/ardi/dsl_mut/HM-armc/mutation/lowered-cpp/local_laplacian/local_laplacian.halide_generated.cpp:15856:41
local_laplacian,cxx_default_on_emitted_cpp,5eb72c8d,10,18,cxx_add_to_sub,local_laplacian.halide_generated.cpp,11487,36,generator_specific,0,0,0,,,,0,17.611,cxx_add_to_sub:/mnt/scratch1/ardi/dsl_mut/HM-armc/mutation/lowered-cpp/local_laplacian/local_laplacian.halide_generated.cpp:11487:36
local_laplacian,cxx_default_on_emitted_cpp,5eb72c8d,10,18,cxx_add_to_sub,local_laplacian.halide_generated.cpp,10939,28,generator_specific,0,0,0,,,,0,25.181,cxx_add_to_sub:/mnt/scratch1/ardi/dsl_mut/HM-armc/mutation/lowered-cpp/local_laplacian/local_laplacian.halide_generated.cpp:10939:28
local_laplacian,cxx_default_on_emitted_cpp,5eb72c8d,10,18,cxx_mul_to_div,local_laplacian.halide_generated.cpp,13759,23,generator_specific,0,0,0,,,,0,25.560,cxx_mul_to_div:/mnt/scratch1/ardi/dsl_mut/HM-armc/mutation/lowered-cpp/local_laplacian/local_laplacian.halide_generated.cpp:13759:23
local_laplacian,cxx_default_on_emitted_cpp,5eb72c8d,10,18,cxx_add_to_sub,local_laplacian.halide_generated.cpp,4479,24,generator_specific,0,0,1,,,test2_golden,0,16.925,cxx_add_to_sub:/mnt/scratch1/ardi/dsl_mut/HM-armc/mutation/lowered-cpp/local_laplacian/local_laplacian.halide_generated.cpp:4479:24
local_laplacian,cxx_default_on_emitted_cpp,5eb72c8d,10,18,cxx_sub_to_add,local_laplacian.halide_generated.cpp,15595,38,generator_specific,0,0,1,,,test2_golden,0,19.316,cxx_sub_to_add:/mnt/scratch1/ardi/dsl_mut/HM-armc/mutation/lowered-cpp/local_laplacian/local_laplacian.halide_generated.cpp:15595:38
local_laplacian,cxx_default_on_emitted_cpp,5eb72c8d,10,18,cxx_mul_to_div,local_laplacian.halide_generated.cpp,12991,37,generator_specific,0,0,0,,,,0,22.699,cxx_mul_to_div:/mnt/scratch1/ardi/dsl_mut/HM-armc/mutation/lowered-cpp/local_laplacian/local_laplacian.halide_generated.cpp:12991:37
local_laplacian,cxx_default_on_emitted_cpp,5eb72c8d,10,18,cxx_sub_to_add,local_laplacian.halide_generated.cpp,8284,37,generator_specific,0,0,1,,,test2_golden,0,27.656,cxx_sub_to_add:/mnt/scratch1/ardi/dsl_mut/HM-armc/mutation/lowered-cpp/local_laplacian/local_laplacian.halide_generated.cpp:8284:37
local_laplacian,cxx_default_on_emitted_cpp,5eb72c8d,10,18,cxx_add_to_sub,local_laplacian.halide_generated.cpp,14775,31,generator_specific,0,0,0,,,,0,23.185,cxx_add_to_sub:/mnt/scratch1/ardi/dsl_mut/HM-armc/mutation/lowered-cpp/local_laplacian/local_laplacian.halide_generated.cpp:14775:31
local_laplacian,cxx_default_on_emitted_cpp,5eb72c8d,10,18,cxx_ne_to_eq,local_laplacian.halide_generated.cpp,13108,21,generator_specific,-6,1,,,,test1_demo,0,0.264,cxx_ne_to_eq:/mnt/scratch1/ardi/dsl_mut/HM-armc/mutation/lowered-cpp/local_laplacian/local_laplacian.halide_generated.cpp:13108:21
local_laplacian,cxx_default_on_emitted_cpp,5eb72c8d,10,18,cxx_gt_to_ge,local_laplacian.halide_generated.cpp,13619,22,generator_specific,0,0,0,,,,0,22.357,cxx_gt_to_ge:/mnt/scratch1/ardi/dsl_mut/HM-armc/mutation/lowered-cpp/local_laplacian/local_laplacian.halide_generated.cpp:13619:22
local_laplacian,cxx_default_on_emitted_cpp,5eb72c8d,10,18,cxx_mul_to_div,local_laplacian.halide_generated.cpp,10252,37,generator_specific,0,0,1,,,test2_golden,0,16.725,cxx_mul_to_div:/mnt/scratch1/ardi/dsl_mut/HM-armc/mutation/lowered-cpp/local_laplacian/local_laplacian.halide_generated.cpp:10252:37
local_laplacian,cxx_default_on_emitted_cpp,5eb72c8d,10,18,cxx_post_inc_to_post_dec,local_laplacian.halide_generated.cpp,7986,100,generator_specific,-11,1,,,,test1_demo,0,5.647,cxx_post_inc_to_post_dec:/mnt/scratch1/ardi/dsl_mut/HM-armc/mutation/lowered-cpp/local_laplacian/local_laplacian.halide_generated.cpp:7986:100
local_laplacian,cxx_default_on_emitted_cpp,5eb72c8d,10,18,cxx_mul_to_div,local_laplacian.halide_generated.cpp,5590,27,generator_specific,0,0,1,,,test2_golden,0,19.669,cxx_mul_to_div:/mnt/scratch1/ardi/dsl_mut/HM-armc/mutation/lowered-cpp/local_laplacian/local_laplacian.halide_generated.cpp:5590:27
local_laplacian,cxx_default_on_emitted_cpp,5eb72c8d,10,18,cxx_add_to_sub,local_laplacian.halide_generated.cpp,4455,24,generator_specific,0,0,1,,,test2_golden,0,19.609,cxx_add_to_sub:/mnt/scratch1/ardi/dsl_mut/HM-armc/mutation/lowered-cpp/local_laplacian/local_laplacian.halide_generated.cpp:4455:24
local_laplacian,cxx_default_on_emitted_cpp,5eb72c8d,10,18,cxx_mul_to_div,local_laplacian.halide_generated.cpp,14477,30,generator_specific,0,0,1,,,test2_golden,0,18.869,cxx_mul_to_div:/mnt/scratch1/ardi/dsl_mut/HM-armc/mutation/lowered-cpp/local_laplacian/local_laplacian.halide_generated.cpp:14477:30
local_laplacian,cxx_default_on_emitted_cpp,5eb72c8d,10,18,cxx_add_to_sub,local_laplacian.halide_generated.cpp,8067,38,generator_specific,0,0,1,,,test2_golden,0,22.590,cxx_add_to_sub:/mnt/scratch1/ardi/dsl_mut/HM-armc/mutation/lowered-cpp/local_laplacian/local_laplacian.halide_generated.cpp:8067:38
local_laplacian,cxx_default_on_emitted_cpp,5eb72c8d,10,18,cxx_mul_to_div,local_laplacian.halide_generated.cpp,10623,37,generator_specific,0,0,0,,,,0,20.942,cxx_mul_to_div:/mnt/scratch1/ardi/dsl_mut/HM-armc/mutation/lowered-cpp/local_laplacian/local_laplacian.halide_generated.cpp:10623:37
local_laplacian,cxx_default_on_emitted_cpp,5eb72c8d,10,18,cxx_mul_to_div,local_laplacian.halide_generated.cpp,8536,37,generator_specific,0,0,1,,,test2_golden,0,18.259,cxx_mul_to_div:/mnt/scratch1/ardi/dsl_mut/HM-armc/mutation/lowered-cpp/local_laplacian/local_laplacian.halide_generated.cpp:8536:37
local_laplacian,cxx_default_on_emitted_cpp,5eb72c8d,10,18,cxx_add_to_sub,local_laplacian.halide_generated.cpp,3749,25,generator_specific,0,0,1,,,test2_golden,0,18.710,cxx_add_to_sub:/mnt/scratch1/ardi/dsl_mut/HM-armc/mutation/lowered-cpp/local_laplacian/local_laplacian.halide_generated.cpp:3749:25
local_laplacian,cxx_default_on_emitted_cpp,5eb72c8d,10,18,cxx_add_to_sub,local_laplacian.halide_generated.cpp,4724,25,generator_specific,-11,1,,,,test1_demo,0,5.819,cxx_add_to_sub:/mnt/scratch1/ardi/dsl_mut/HM-armc/mutation/lowered-cpp/local_laplacian/local_laplacian.halide_generated.cpp:4724:25
local_laplacian,cxx_default_on_emitted_cpp,5eb72c8d,10,18,cxx_remove_void_call,local_laplacian.halide_generated.cpp,11885,16,generator_specific,0,0,0,,,,0,18.272,cxx_remove_void_call:/mnt/scratch1/ardi/dsl_mut/HM-armc/mutation/lowered-cpp/local_laplacian/local_laplacian.halide_generated.cpp:11885:16
local_laplacian,cxx_default_on_emitted_cpp,5eb72c8d,10,18,cxx_mul_to_div,local_laplacian.halide_generated.cpp,7292,37,generator_specific,0,0,1,,,test2_golden,0,30.452,cxx_mul_to_div:/mnt/scratch1/ardi/dsl_mut/HM-armc/mutation/lowered-cpp/local_laplacian/local_laplacian.halide_generated.cpp:7292:37
local_laplacian,cxx_default_on_emitted_cpp,5eb72c8d,10,18,cxx_add_to_sub,local_laplacian.halide_generated.cpp,11135,36,generator_specific,0,0,0,,,,0,20.290,cxx_add_to_sub:/mnt/scratch1/ardi/dsl_mut/HM-armc/mutation/lowered-cpp/local_laplacian/local_laplacian.halide_generated.cpp:11135:36
local_laplacian,cxx_default_on_emitted_cpp,5eb72c8d,10,18,cxx_mul_to_div,local_laplacian.halide_generated.cpp,9131,37,generator_specific,0,0,1,,,test2_golden,0,19.321,cxx_mul_to_div:/mnt/scratch1/ardi/dsl_mut/HM-armc/mutation/lowered-cpp/local_laplacian/local_laplacian.halide_generated.cpp:9131:37
local_laplacian,cxx_default_on_emitted_cpp,5eb72c8d,10,18,cxx_mul_to_div,local_laplacian.halide_generated.cpp,5555,31,generator_specific,0,0,1,,,test2_golden,0,18.653,cxx_mul_to_div:/mnt/scratch1/ardi/dsl_mut/HM-armc/mutation/lowered-cpp/local_laplacian/local_laplacian.halide_generated.cpp:5555:31
local_laplacian,cxx_default_on_emitted_cpp,5eb72c8d,10,18,cxx_add_to_sub,local_laplacian.halide_generated.cpp,10221,37,generator_specific,0,0,1,,,test2_golden,0,28.841,cxx_add_to_sub:/mnt/scratch1/ardi/dsl_mut/HM-armc/mutation/lowered-cpp/local_laplacian/local_laplacian.halide_generated.cpp:10221:37
local_laplacian,cxx_default_on_emitted_cpp,5eb72c8d,10,18,cxx_add_to_sub,local_laplacian.halide_generated.cpp,8721,51,generator_specific,0,0,1,,,test2_golden,0,21.400,cxx_add_to_sub:/mnt/scratch1/ardi/dsl_mut/HM-armc/mutation/lowered-cpp/local_laplacian/local_laplacian.halide_generated.cpp:8721:51
local_laplacian,cxx_default_on_emitted_cpp,5eb72c8d,10,18,cxx_add_to_sub,local_laplacian.halide_generated.cpp,10616,37,generator_specific,0,0,0,,,,0,24.418,cxx_add_to_sub:/mnt/scratch1/ardi/dsl_mut/HM-armc/mutation/lowered-cpp/local_laplacian/local_laplacian.halide_generated.cpp:10616:37
local_laplacian,cxx_default_on_emitted_cpp,5eb72c8d,10,18,cxx_add_to_sub,local_laplacian.halide_generated.cpp,10765,38,generator_specific,0,0,1,,,test2_golden,0,17.424,cxx_add_to_sub:/mnt/scratch1/ardi/dsl_mut/HM-armc/mutation/lowered-cpp/local_laplacian/local_laplacian.halide_generated.cpp:10765:38
local_laplacian,cxx_default_on_emitted_cpp,5eb72c8d,10,18,cxx_add_to_sub,local_laplacian.halide_generated.cpp,11392,40,generator_specific,0,0,0,,,,0,16.672,cxx_add_to_sub:/mnt/scratch1/ardi/dsl_mut/HM-armc/mutation/lowered-cpp/local_laplacian/local_laplacian.halide_generated.cpp:11392:40
local_laplacian,cxx_default_on_emitted_cpp,5eb72c8d,10,18,cxx_sub_to_add,local_laplacian.halide_generated.cpp,14955,33,generator_specific,0,0,1,,,test2_golden,0,17.809,cxx_sub_to_add:/mnt/scratch1/ardi/dsl_mut/HM-armc/mutation/lowered-cpp/local_laplacian/local_laplacian.halide_generated.cpp:14955:33
local_laplacian,cxx_default_on_emitted_cpp,5eb72c8d,10,18,cxx_add_to_sub,local_laplacian.halide_generated.cpp,15838,43,generator_specific,0,0,1,,,test2_golden,0,16.789,cxx_add_to_sub:/mnt/scratch1/ardi/dsl_mut/HM-armc/mutation/lowered-cpp/local_laplacian/local_laplacian.halide_generated.cpp:15838:43
local_laplacian,cxx_default_on_emitted_cpp,5eb72c8d,10,18,cxx_mul_to_div,local_laplacian.halide_generated.cpp,8387,40,generator_specific,0,0,1,,,test2_golden,0,19.484,cxx_mul_to_div:/mnt/scratch1/ardi/dsl_mut/HM-armc/mutation/lowered-cpp/local_laplacian/local_laplacian.halide_generated.cpp:8387:40
local_laplacian,cxx_default_on_emitted_cpp,5eb72c8d,10,18,cxx_add_to_sub,local_laplacian.halide_generated.cpp,15071,33,generator_specific,0,0,0,,,,0,20.171,cxx_add_to_sub:/mnt/scratch1/ardi/dsl_mut/HM-armc/mutation/lowered-cpp/local_laplacian/local_laplacian.halide_generated.cpp:15071:33
local_laplacian,cxx_default_on_emitted_cpp,5eb72c8d,10,18,cxx_sub_to_add,local_laplacian.halide_generated.cpp,13888,26,generator_specific,0,0,0,,,,0,16.919,cxx_sub_to_add:/mnt/scratch1/ardi/dsl_mut/HM-armc/mutation/lowered-cpp/local_laplacian/local_laplacian.halide_generated.cpp:13888:26
local_laplacian,cxx_default_on_emitted_cpp,5eb72c8d,10,18,cxx_sub_to_add,local_laplacian.halide_generated.cpp,11626,37,generator_specific,0,0,0,,,,0,17.084,cxx_sub_to_add:/mnt/scratch1/ardi/dsl_mut/HM-armc/mutation/lowered-cpp/local_laplacian/local_laplacian.halide_generated.cpp:11626:37
local_laplacian,cxx_default_on_emitted_cpp,5eb72c8d,10,18,cxx_mul_to_div,local_laplacian.halide_generated.cpp,16266,47,generator_specific,0,0,1,,,test2_golden,0,19.793,cxx_mul_to_div:/mnt/scratch1/ardi/dsl_mut/HM-armc/mutation/lowered-cpp/local_laplacian/local_laplacian.halide_generated.cpp:16266:47
local_laplacian,cxx_default_on_emitted_cpp,5eb72c8d,10,18,cxx_add_to_sub,local_laplacian.halide_generated.cpp,8777,38,generator_specific,0,0,1,,,test2_golden,0,17.669,cxx_add_to_sub:/mnt/scratch1/ardi/dsl_mut/HM-armc/mutation/lowered-cpp/local_laplacian/local_laplacian.halide_generated.cpp:8777:38
local_laplacian,cxx_default_on_emitted_cpp,5eb72c8d,10,18,cxx_add_to_sub,local_laplacian.halide_generated.cpp,16181,45,generator_specific,0,0,0,,,,0,18.768,cxx_add_to_sub:/mnt/scratch1/ardi/dsl_mut/HM-armc/mutation/lowered-cpp/local_laplacian/local_laplacian.halide_generated.cpp:16181:45
local_laplacian,cxx_default_on_emitted_cpp,5eb72c8d,10,18,cxx_add_to_sub,local_laplacian.halide_generated.cpp,9357,51,generator_specific,-11,1,,,,test1_demo,0,5.156,cxx_add_to_sub:/mnt/scratch1/ardi/dsl_mut/HM-armc/mutation/lowered-cpp/local_laplacian/local_laplacian.halide_generated.cpp:9357:51
local_laplacian,cxx_default_on_emitted_cpp,5eb72c8d,10,18,cxx_add_to_sub,local_laplacian.halide_generated.cpp,4991,25,generator_specific,-11,1,,,,test1_demo,0,7.623,cxx_add_to_sub:/mnt/scratch1/ardi/dsl_mut/HM-armc/mutation/lowered-cpp/local_laplacian/local_laplacian.halide_generated.cpp:4991:25
local_laplacian,cxx_default_on_emitted_cpp,5eb72c8d,10,18,cxx_mul_to_div,local_laplacian.halide_generated.cpp,4194,24,generator_specific,0,0,0,,,,0,18.570,cxx_mul_to_div:/mnt/scratch1/ardi/dsl_mut/HM-armc/mutation/lowered-cpp/local_laplacian/local_laplacian.halide_generated.cpp:4194:24
local_laplacian,cxx_default_on_emitted_cpp,5eb72c8d,10,18,cxx_add_to_sub,local_laplacian.halide_generated.cpp,10321,38,generator_specific,0,0,0,,,,0,16.655,cxx_add_to_sub:/mnt/scratch1/ardi/dsl_mut/HM-armc/mutation/lowered-cpp/local_laplacian/local_laplacian.halide_generated.cpp:10321:38
local_laplacian,cxx_default_on_emitted_cpp,5eb72c8d,10,18,cxx_add_to_sub,local_laplacian.halide_generated.cpp,5857,25,generator_specific,0,0,1,,,test2_golden,0,17.700,cxx_add_to_sub:/mnt/scratch1/ardi/dsl_mut/HM-armc/mutation/lowered-cpp/local_laplacian/local_laplacian.halide_generated.cpp:5857:25
local_laplacian,cxx_default_on_emitted_cpp,5eb72c8d,10,18,cxx_replace_scalar_call,local_laplacian.halide_generated.cpp,13437,20,generator_specific,0,0,0,,,,0,17.914,cxx_replace_scalar_call:/mnt/scratch1/ardi/dsl_mut/HM-armc/mutation/lowered-cpp/local_laplacian/local_laplacian.halide_generated.cpp:13437:20
local_laplacian,cxx_default_on_emitted_cpp,5eb72c8d,10,18,cxx_le_to_lt,local_laplacian.halide_generated.cpp,13668,22,generator_specific,0,0,0,,,,0,23.389,cxx_le_to_lt:/mnt/scratch1/ardi/dsl_mut/HM-armc/mutation/lowered-cpp/local_laplacian/local_laplacian.halide_generated.cpp:13668:22
local_laplacian,cxx_default_on_emitted_cpp,5eb72c8d,10,18,cxx_mul_to_div,local_laplacian.halide_generated.cpp,11035,46,generator_specific,0,0,0,,,,0,18.582,cxx_mul_to_div:/mnt/scratch1/ardi/dsl_mut/HM-armc/mutation/lowered-cpp/local_laplacian/local_laplacian.halide_generated.cpp:11035:46
local_laplacian,cxx_default_on_emitted_cpp,5eb72c8d,10,18,cxx_replace_scalar_call,local_laplacian.halide_generated.cpp,2493,17,boilerplate,0,0,0,,,,0,19.758,cxx_replace_scalar_call:/mnt/scratch1/ardi/dsl_mut/HM-armc/mutation/lowered-cpp/local_laplacian/local_laplacian.halide_generated.cpp:2493:17
local_laplacian,cxx_default_on_emitted_cpp,5eb72c8d,10,18,cxx_sub_to_add,local_laplacian.halide_generated.cpp,14822,32,generator_specific,0,0,0,,,,0,20.642,cxx_sub_to_add:/mnt/scratch1/ardi/dsl_mut/HM-armc/mutation/lowered-cpp/local_laplacian/local_laplacian.halide_generated.cpp:14822:32
local_laplacian,cxx_default_on_emitted_cpp,5eb72c8d,10,18,cxx_add_to_sub,local_laplacian.halide_generated.cpp,8383,40,generator_specific,0,0,1,,,test2_golden,0,19.937,cxx_add_to_sub:/mnt/scratch1/ardi/dsl_mut/HM-armc/mutation/lowered-cpp/local_laplacian/local_laplacian.halide_generated.cpp:8383:40
local_laplacian,cxx_default_on_emitted_cpp,5eb72c8d,10,18,cxx_add_to_sub,local_laplacian.halide_generated.cpp,15022,33,generator_specific,0,0,0,,,,0,22.826,cxx_add_to_sub:/mnt/scratch1/ardi/dsl_mut/HM-armc/mutation/lowered-cpp/local_laplacian/local_laplacian.halide_generated.cpp:15022:33
local_laplacian,cxx_default_on_emitted_cpp,5eb72c8d,10,18,cxx_add_to_sub,local_laplacian.halide_generated.cpp,13170,24,generator_specific,0,0,1,,,test2_golden,0,24.280,cxx_add_to_sub:/mnt/scratch1/ardi/dsl_mut/HM-armc/mutation/lowered-cpp/local_laplacian/local_laplacian.halide_generated.cpp:13170:24
local_laplacian,cxx_default_on_emitted_cpp,5eb72c8d,10,18,cxx_gt_to_ge,local_laplacian.halide_generated.cpp,14294,75,generator_specific,0,0,0,,,,0,19.859,cxx_gt_to_ge:/mnt/scratch1/ardi/dsl_mut/HM-armc/mutation/lowered-cpp/local_laplacian/local_laplacian.halide_generated.cpp:14294:75
local_laplacian,cxx_default_on_emitted_cpp,5eb72c8d,10,18,cxx_lt_to_le,local_laplacian.halide_generated.cpp,10660,74,generator_specific,0,0,0,,,,0,21.611,cxx_lt_to_le:/mnt/scratch1/ardi/dsl_mut/HM-armc/mutation/lowered-cpp/local_laplacian/local_laplacian.halide_generated.cpp:10660:74
local_laplacian,cxx_default_on_emitted_cpp,5eb72c8d,10,18,cxx_add_to_sub,local_laplacian.halide_generated.cpp,4552,24,generator_specific,0,0,1,,,test2_golden,0,20.515,cxx_add_to_sub:/mnt/scratch1/ardi/dsl_mut/HM-armc/mutation/lowered-cpp/local_laplacian/local_laplacian.halide_generated.cpp:4552:24
local_laplacian,cxx_default_on_emitted_cpp,5eb72c8d,10,18,cxx_add_to_sub,local_laplacian.halide_generated.cpp,5863,26,generator_specific,0,0,1,,,test2_golden,0,21.175,cxx_add_to_sub:/mnt/scratch1/ardi/dsl_mut/HM-armc/mutation/lowered-cpp/local_laplacian/local_laplacian.halide_generated.cpp:5863:26
local_laplacian,cxx_default_on_emitted_cpp,5eb72c8d,10,18,cxx_replace_scalar_call,local_laplacian.halide_generated.cpp,5621,19,generator_specific,0,0,1,,,test2_golden,0,23.581,cxx_replace_scalar_call:/mnt/scratch1/ardi/dsl_mut/HM-armc/mutation/lowered-cpp/local_laplacian/local_laplacian.halide_generated.cpp:5621:19
local_laplacian,cxx_default_on_emitted_cpp,5eb72c8d,10,18,cxx_add_to_sub,local_laplacian.halide_generated.cpp,7947,47,generator_specific,-11,1,,,,test1_demo,0,26.770,cxx_add_to_sub:/mnt/scratch1/ardi/dsl_mut/HM-armc/mutation/lowered-cpp/local_laplacian/local_laplacian.halide_generated.cpp:7947:47
local_laplacian,cxx_default_on_emitted_cpp,5eb72c8d,10,18,cxx_add_to_sub,local_laplacian.halide_generated.cpp,5901,25,generator_specific,0,0,1,,,test2_golden,0,20.660,cxx_add_to_sub:/mnt/scratch1/ardi/dsl_mut/HM-armc/mutation/lowered-cpp/local_laplacian/local_laplacian.halide_generated.cpp:5901:25
local_laplacian,cxx_default_on_emitted_cpp,5eb72c8d,10,18,cxx_remove_void_call,local_laplacian.halide_generated.cpp,9293,16,generator_specific,0,0,1,,,test2_golden,0,19.775,cxx_remove_void_call:/mnt/scratch1/ardi/dsl_mut/HM-armc/mutation/lowered-cpp/local_laplacian/local_laplacian.halide_generated.cpp:9293:16
local_laplacian,cxx_default_on_emitted_cpp,5eb72c8d,10,18,cxx_mul_to_div,local_laplacian.halide_generated.cpp,13895,26,generator_specific,0,0,0,,,,0,20.584,cxx_mul_to_div:/mnt/scratch1/ardi/dsl_mut/HM-armc/mutation/lowered-cpp/local_laplacian/local_laplacian.halide_generated.cpp:13895:26
local_laplacian,cxx_default_on_emitted_cpp,5eb72c8d,10,18,cxx_add_to_sub,local_laplacian.halide_generated.cpp,15854,41,generator_specific,0,0,1,,,test2_golden,0,18.617,cxx_add_to_sub:/mnt/scratch1/ardi/dsl_mut/HM-armc/mutation/lowered-cpp/local_laplacian/local_laplacian.halide_generated.cpp:15854:41
local_laplacian,cxx_default_on_emitted_cpp,5eb72c8d,10,18,cxx_mul_to_div,local_laplacian.halide_generated.cpp,13822,26,generator_specific,0,0,1,,,test2_golden,0,21.755,cxx_mul_to_div:/mnt/scratch1/ardi/dsl_mut/HM-armc/mutation/lowered-cpp/local_laplacian/local_laplacian.halide_generated.cpp:13822:26
local_laplacian,cxx_default_on_emitted_cpp,5eb72c8d,10,18,cxx_ne_to_eq,local_laplacian.halide_generated.cpp,11007,25,generator_specific,0,0,0,,,,0,21.178,cxx_ne_to_eq:/mnt/scratch1/ardi/dsl_mut/HM-armc/mutation/lowered-cpp/local_laplacian/local_laplacian.halide_generated.cpp:11007:25
local_laplacian,cxx_default_on_emitted_cpp,5eb72c8d,10,18,cxx_add_to_sub,local_laplacian.halide_generated.cpp,11153,72,generator_specific,0,0,0,,,,0,21.166,cxx_add_to_sub:/mnt/scratch1/ardi/dsl_mut/HM-armc/mutation/lowered-cpp/local_laplacian/local_laplacian.halide_generated.cpp:11153:72
local_laplacian,cxx_default_on_emitted_cpp,5eb72c8d,10,18,cxx_post_inc_to_post_dec,local_laplacian.halide_generated.cpp,5586,69,generator_specific,-11,1,,,,test1_demo,0,5.160,cxx_post_inc_to_post_dec:/mnt/scratch1/ardi/dsl_mut/HM-armc/mutation/lowered-cpp/local_laplacian/local_laplacian.halide_generated.cpp:5586:69
local_laplacian,cxx_default_on_emitted_cpp,5eb72c8d,10,18,cxx_add_to_sub,local_laplacian.halide_generated.cpp,13525,26,generator_specific,0,0,0,,,,0,19.711,cxx_add_to_sub:/mnt/scratch1/ardi/dsl_mut/HM-armc/mutation/lowered-cpp/local_laplacian/local_laplacian.halide_generated.cpp:13525:26
local_laplacian,cxx_default_on_emitted_cpp,5eb72c8d,10,18,cxx_add_to_sub,local_laplacian.halide_generated.cpp,12608,38,generator_specific,0,0,0,,,,0,18.797,cxx_add_to_sub:/mnt/scratch1/ardi/dsl_mut/HM-armc/mutation/lowered-cpp/local_laplacian/local_laplacian.halide_generated.cpp:12608:38
local_laplacian,cxx_default_on_emitted_cpp,5eb72c8d,10,18,cxx_add_to_sub,local_laplacian.halide_generated.cpp,15299,35,generator_specific,0,0,0,,,,0,20.358,cxx_add_to_sub:/mnt/scratch1/ardi/dsl_mut/HM-armc/mutation/lowered-cpp/local_laplacian/local_laplacian.halide_generated.cpp:15299:35
local_laplacian,cxx_default_on_emitted_cpp,5eb72c8d,10,18,cxx_add_to_sub,local_laplacian.halide_generated.cpp,16568,46,generator_specific,0,0,0,,,,0,17.071,cxx_add_to_sub:/mnt/scratch1/ardi/dsl_mut/HM-armc/mutation/lowered-cpp/local_laplacian/local_laplacian.halide_generated.cpp:16568:46
local_laplacian,cxx_default_on_emitted_cpp,5eb72c8d,10,18,cxx_add_to_sub,local_laplacian.halide_generated.cpp,16566,46,generator_specific,0,0,0,,,,0,18.863,cxx_add_to_sub:/mnt/scratch1/ardi/dsl_mut/HM-armc/mutation/lowered-cpp/local_laplacian/local_laplacian.halide_generated.cpp:16566:46
local_laplacian,cxx_default_on_emitted_cpp,5eb72c8d,10,18,cxx_sub_to_add,local_laplacian.halide_generated.cpp,11671,40,generator_specific,0,0,0,,,,0,20.168,cxx_sub_to_add:/mnt/scratch1/ardi/dsl_mut/HM-armc/mutation/lowered-cpp/local_laplacian/local_laplacian.halide_generated.cpp:11671:40
local_laplacian,cxx_default_on_emitted_cpp,5eb72c8d,10,18,cxx_mul_to_div,local_laplacian.halide_generated.cpp,10546,37,generator_specific,0,0,0,,,,0,21.604,cxx_mul_to_div:/mnt/scratch1/ardi/dsl_mut/HM-armc/mutation/lowered-cpp/local_laplacian/local_laplacian.halide_generated.cpp:10546:37
local_laplacian,cxx_default_on_emitted_cpp,5eb72c8d,10,18,cxx_add_to_sub,local_laplacian.halide_generated.cpp,16547,45,generator_specific,0,0,1,,,test2_golden,0,18.690,cxx_add_to_sub:/mnt/scratch1/ardi/dsl_mut/HM-armc/mutation/lowered-cpp/local_laplacian/local_laplacian.halide_generated.cpp:16547:45
local_laplacian,cxx_default_on_emitted_cpp,5eb72c8d,10,18,cxx_add_to_sub,local_laplacian.halide_generated.cpp,11065,36,generator_specific,0,0,0,,,,0,21.807,cxx_add_to_sub:/mnt/scratch1/ardi/dsl_mut/HM-armc/mutation/lowered-cpp/local_laplacian/local_laplacian.halide_generated.cpp:11065:36
local_laplacian,cxx_default_on_emitted_cpp,5eb72c8d,10,18,cxx_mul_to_div,local_laplacian.halide_generated.cpp,4828,26,generator_specific,0,0,1,,,test2_golden,0,17.759,cxx_mul_to_div:/mnt/scratch1/ardi/dsl_mut/HM-armc/mutation/lowered-cpp/local_laplacian/local_laplacian.halide_generated.cpp:4828:26
local_laplacian,cxx_default_on_emitted_cpp,5eb72c8d,10,18,cxx_add_to_sub,local_laplacian.halide_generated.cpp,5240,27,generator_specific,0,0,1,,,test2_golden,0,18.229,cxx_add_to_sub:/mnt/scratch1/ardi/dsl_mut/HM-armc/mutation/lowered-cpp/local_laplacian/local_laplacian.halide_generated.cpp:5240:27
local_laplacian,cxx_default_on_emitted_cpp,5eb72c8d,10,18,cxx_add_to_sub,local_laplacian.halide_generated.cpp,6211,26,generator_specific,0,0,1,,,test2_golden,0,20.218,cxx_add_to_sub:/mnt/scratch1/ardi/dsl_mut/HM-armc/mutation/lowered-cpp/local_laplacian/local_laplacian.halide_generated.cpp:6211:26
local_laplacian,cxx_default_on_emitted_cpp,5eb72c8d,10,18,cxx_sub_to_add,local_laplacian.halide_generated.cpp,9661,37,generator_specific,0,0,1,,,test2_golden,0,17.568,cxx_sub_to_add:/mnt/scratch1/ardi/dsl_mut/HM-armc/mutation/lowered-cpp/local_laplacian/local_laplacian.halide_generated.cpp:9661:37
local_laplacian,cxx_default_on_emitted_cpp,5eb72c8d,10,18,cxx_add_to_sub,local_laplacian.halide_generated.cpp,7557,40,generator_specific,0,0,1,,,test2_golden,0,18.838,cxx_add_to_sub:/mnt/scratch1/ardi/dsl_mut/HM-armc/mutation/lowered-cpp/local_laplacian/local_laplacian.halide_generated.cpp:7557:40
local_laplacian,cxx_default_on_emitted_cpp,5eb72c8d,10,18,cxx_add_to_sub,local_laplacian.halide_generated.cpp,4726,25,generator_specific,-11,1,,,,test1_demo,0,5.255,cxx_add_to_sub:/mnt/scratch1/ardi/dsl_mut/HM-armc/mutation/lowered-cpp/local_laplacian/local_laplacian.halide_generated.cpp:4726:25
local_laplacian,cxx_default_on_emitted_cpp,5eb72c8d,10,18,cxx_mul_to_div,local_laplacian.halide_generated.cpp,5897,25,generator_specific,0,0,1,,,test2_golden,0,19.294,cxx_mul_to_div:/mnt/scratch1/ardi/dsl_mut/HM-armc/mutation/lowered-cpp/local_laplacian/local_laplacian.halide_generated.cpp:5897:25
local_laplacian,cxx_default_on_emitted_cpp,5eb72c8d,10,18,cxx_mul_to_div,local_laplacian.halide_generated.cpp,5402,25,generator_specific,0,0,1,,,test2_golden,0,18.038,cxx_mul_to_div:/mnt/scratch1/ardi/dsl_mut/HM-armc/mutation/lowered-cpp/local_laplacian/local_laplacian.halide_generated.cpp:5402:25
local_laplacian,cxx_default_on_emitted_cpp,5eb72c8d,10,18,cxx_replace_scalar_call,local_laplacian.halide_generated.cpp,13133,18,generator_specific,0,0,1,,,test2_golden,0,19.438,cxx_replace_scalar_call:/mnt/scratch1/ardi/dsl_mut/HM-armc/mutation/lowered-cpp/local_laplacian/local_laplacian.halide_generated.cpp:13133:18
local_laplacian,cxx_default_on_emitted_cpp,5eb72c8d,10,18,cxx_sub_to_add,local_laplacian.halide_generated.cpp,12289,37,generator_specific,0,0,0,,,,0,18.304,cxx_sub_to_add:/mnt/scratch1/ardi/dsl_mut/HM-armc/mutation/lowered-cpp/local_laplacian/local_laplacian.halide_generated.cpp:12289:37
local_laplacian,cxx_default_on_emitted_cpp,5eb72c8d,10,18,cxx_add_to_sub,local_laplacian.halide_generated.cpp,6191,25,generator_specific,0,0,1,,,test2_golden,0,19.776,cxx_add_to_sub:/mnt/scratch1/ardi/dsl_mut/HM-armc/mutation/lowered-cpp/local_laplacian/local_laplacian.halide_generated.cpp:6191:25
local_laplacian,cxx_default_on_emitted_cpp,5eb72c8d,10,18,cxx_lt_to_ge,local_laplacian.halide_generated.cpp,7209,29,generator_specific,0,0,0,,,,0,20.737,cxx_lt_to_ge:/mnt/scratch1/ardi/dsl_mut/HM-armc/mutation/lowered-cpp/local_laplacian/local_laplacian.halide_generated.cpp:7209:29
local_laplacian,cxx_default_on_emitted_cpp,5eb72c8d,10,18,cxx_mul_to_div,local_laplacian.halide_generated.cpp,16032,46,generator_specific,0,0,1,,,test2_golden,0,17.200,cxx_mul_to_div:/mnt/scratch1/ardi/dsl_mut/HM-armc/mutation/lowered-cpp/local_laplacian/local_laplacian.halide_generated.cpp:16032:46
local_laplacian,cxx_default_on_emitted_cpp,5eb72c8d,10,18,cxx_sub_to_add,local_laplacian.halide_generated.cpp,16249,46,generator_specific,0,0,1,,,test2_golden,0,20.218,cxx_sub_to_add:/mnt/scratch1/ardi/dsl_mut/HM-armc/mutation/lowered-cpp/local_laplacian/local_laplacian.halide_generated.cpp:16249:46
local_laplacian,cxx_default_on_emitted_cpp,5eb72c8d,10,18,cxx_replace_scalar_call,local_laplacian.halide_generated.cpp,5250,19,generator_specific,0,0,1,,,test2_golden,0,19.076,cxx_replace_scalar_call:/mnt/scratch1/ardi/dsl_mut/HM-armc/mutation/lowered-cpp/local_laplacian/local_laplacian.halide_generated.cpp:5250:19
local_laplacian,cxx_default_on_emitted_cpp,5eb72c8d,10,18,cxx_add_to_sub,local_laplacian.halide_generated.cpp,6254,25,generator_specific,0,0,1,,,test2_golden,0,18.368,cxx_add_to_sub:/mnt/scratch1/ardi/dsl_mut/HM-armc/mutation/lowered-cpp/local_laplacian/local_laplacian.halide_generated.cpp:6254:25
local_laplacian,cxx_default_on_emitted_cpp,5eb72c8d,10,18,cxx_add_to_sub,local_laplacian.halide_generated.cpp,7089,35,generator_specific,0,0,1,,,test2_golden,0,17.622,cxx_add_to_sub:/mnt/scratch1/ardi/dsl_mut/HM-armc/mutation/lowered-cpp/local_laplacian/local_laplacian.halide_generated.cpp:7089:35
local_laplacian,cxx_default_on_emitted_cpp,5eb72c8d,10,18,cxx_add_to_sub,local_laplacian.halide_generated.cpp,15179,34,generator_specific,0,0,0,,,,0,19.206,cxx_add_to_sub:/mnt/scratch1/ardi/dsl_mut/HM-armc/mutation/lowered-cpp/local_laplacian/local_laplacian.halide_generated.cpp:15179:34
local_laplacian,cxx_default_on_emitted_cpp,5eb72c8d,10,18,cxx_sub_to_add,local_laplacian.halide_generated.cpp,16603,46,generator_specific,0,0,1,,,test2_golden,0,19.932,cxx_sub_to_add:/mnt/scratch1/ardi/dsl_mut/HM-armc/mutation/lowered-cpp/local_laplacian/local_laplacian.halide_generated.cpp:16603:46
local_laplacian,cxx_default_on_emitted_cpp,5eb72c8d,10,18,cxx_add_to_sub,local_laplacian.halide_generated.cpp,7597,51,generator_specific,0,0,1,,,test2_golden,0,17.084,cxx_add_to_sub:/mnt/scratch1/ardi/dsl_mut/HM-armc/mutation/lowered-cpp/local_laplacian/local_laplacian.halide_generated.cpp:7597:51
local_laplacian,cxx_default_on_emitted_cpp,5eb72c8d,10,18,cxx_add_to_sub,local_laplacian.halide_generated.cpp,14647,31,generator_specific,0,0,0,,,,0,17.738,cxx_add_to_sub:/mnt/scratch1/ardi/dsl_mut/HM-armc/mutation/lowered-cpp/local_laplacian/local_laplacian.halide_generated.cpp:14647:31
local_laplacian,cxx_default_on_emitted_cpp,5eb72c8d,10,18,cxx_sub_to_add,local_laplacian.halide_generated.cpp,12229,37,generator_specific,0,0,0,,,,0,19.173,cxx_sub_to_add:/mnt/scratch1/ardi/dsl_mut/HM-armc/mutation/lowered-cpp/local_laplacian/local_laplacian.halide_generated.cpp:12229:37
local_laplacian,cxx_default_on_emitted_cpp,5eb72c8d,10,18,cxx_mul_to_div,local_laplacian.halide_generated.cpp,11321,37,generator_specific,0,0,0,,,,0,17.969,cxx_mul_to_div:/mnt/scratch1/ardi/dsl_mut/HM-armc/mutation/lowered-cpp/local_laplacian/local_laplacian.halide_generated.cpp:11321:37
local_laplacian,cxx_default_on_emitted_cpp,5eb72c8d,10,18,cxx_add_to_sub,local_laplacian.halide_generated.cpp,12900,40,generator_specific,0,0,0,,,,0,18.065,cxx_add_to_sub:/mnt/scratch1/ardi/dsl_mut/HM-armc/mutation/lowered-cpp/local_laplacian/local_laplacian.halide_generated.cpp:12900:40
local_laplacian,cxx_default_on_emitted_cpp,5eb72c8d,10,18,cxx_lt_to_le,local_laplacian.halide_generated.cpp,10648,63,generator_specific,0,0,0,,,,0,17.363,cxx_lt_to_le:/mnt/scratch1/ardi/dsl_mut/HM-armc/mutation/lowered-cpp/local_laplacian/local_laplacian.halide_generated.cpp:10648:63
local_laplacian,cxx_default_on_emitted_cpp,5eb72c8d,10,18,cxx_add_to_sub,local_laplacian.halide_generated.cpp,13534,26,generator_specific,0,0,0,,,,0,17.658,cxx_add_to_sub:/mnt/scratch1/ardi/dsl_mut/HM-armc/mutation/lowered-cpp/local_laplacian/local_laplacian.halide_generated.cpp:13534:26
local_laplacian,cxx_default_on_emitted_cpp,5eb72c8d,10,18,cxx_mul_to_div,local_laplacian.halide_generated.cpp,12854,37,generator_specific,0,0,0,,,,0,19.713,cxx_mul_to_div:/mnt/scratch1/ardi/dsl_mut/HM-armc/mutation/lowered-cpp/local_laplacian/local_laplacian.halide_generated.cpp:12854:37
local_laplacian,cxx_default_on_emitted_cpp,5eb72c8d,10,18,cxx_add_to_sub,local_laplacian.halide_generated.cpp,5273,27,generator_specific,-6,1,,,,test1_demo,0,10.725,cxx_add_to_sub:/mnt/scratch1/ardi/dsl_mut/HM-armc/mutation/lowered-cpp/local_laplacian/local_laplacian.halide_generated.cpp:5273:27
local_laplacian,cxx_default_on_emitted_cpp,5eb72c8d,10,18,cxx_mul_to_div,local_laplacian.halide_generated.cpp,16084,45,generator_specific,0,0,1,,,test2_golden,0,17.277,cxx_mul_to_div:/mnt/scratch1/ardi/dsl_mut/HM-armc/mutation/lowered-cpp/local_laplacian/local_laplacian.halide_generated.cpp:16084:45
local_laplacian,cxx_default_on_emitted_cpp,5eb72c8d,10,18,cxx_add_to_sub,local_laplacian.halide_generated.cpp,5195,26,generator_specific,0,0,1,,,test2_golden,0,18.104,cxx_add_to_sub:/mnt/scratch1/ardi/dsl_mut/HM-armc/mutation/lowered-cpp/local_laplacian/local_laplacian.halide_generated.cpp:5195:26
local_laplacian,cxx_default_on_emitted_cpp,5eb72c8d,10,18,cxx_add_to_sub,local_laplacian.halide_generated.cpp,15756,40,generator_specific,0,0,1,,,test2_golden,0,18.422,cxx_add_to_sub:/mnt/scratch1/ardi/dsl_mut/HM-armc/mutation/lowered-cpp/local_laplacian/local_laplacian.halide_generated.cpp:15756:40
local_laplacian,cxx_default_on_emitted_cpp,5eb72c8d,10,18,cxx_mul_to_div,local_laplacian.halide_generated.cpp,4211,24,generator_specific,0,0,1,,,test2_golden,0,18.828,cxx_mul_to_div:/mnt/scratch1/ardi/dsl_mut/HM-armc/mutation/lowered-cpp/local_laplacian/local_laplacian.halide_generated.cpp:4211:24
local_laplacian,cxx_default_on_emitted_cpp,5eb72c8d,10,18,cxx_add_to_sub,local_laplacian.halide_generated.cpp,12448,38,generator_specific,0,0,0,,,,0,17.403,cxx_add_to_sub:/mnt/scratch1/ardi/dsl_mut/HM-armc/mutation/lowered-cpp/local_laplacian/local_laplacian.halide_generated.cpp:12448:38
local_laplacian,cxx_default_on_emitted_cpp,5eb72c8d,10,18,cxx_add_to_sub,local_laplacian.halide_generated.cpp,16571,46,generator_specific,0,0,0,,,,0,19.788,cxx_add_to_sub:/mnt/scratch1/ardi/dsl_mut/HM-armc/mutation/lowered-cpp/local_laplacian/local_laplacian.halide_generated.cpp:16571:46
local_laplacian,cxx_default_on_emitted_cpp,5eb72c8d,10,18,cxx_add_to_sub,local_laplacian.halide_generated.cpp,7759,37,generator_specific,0,0,1,,,test2_golden,0,17.174,cxx_add_to_sub:/mnt/scratch1/ardi/dsl_mut/HM-armc/mutation/lowered-cpp/local_laplacian/local_laplacian.halide_generated.cpp:7759:37
local_laplacian,cxx_default_on_emitted_cpp,5eb72c8d,10,18,cxx_add_to_sub,local_laplacian.halide_generated.cpp,7923,36,generator_specific,0,0,0,,,,0,18.253,cxx_add_to_sub:/mnt/scratch1/ardi/dsl_mut/HM-armc/mutation/lowered-cpp/local_laplacian/local_laplacian.halide_generated.cpp:7923:36
local_laplacian,cxx_default_on_emitted_cpp,5eb72c8d,10,18,cxx_mul_to_div,local_laplacian.halide_generated.cpp,11431,37,generator_specific,0,0,0,,,,0,17.549,cxx_mul_to_div:/mnt/scratch1/ardi/dsl_mut/HM-armc/mutation/lowered-cpp/local_laplacian/local_laplacian.halide_generated.cpp:11431:37
local_laplacian,cxx_default_on_emitted_cpp,5eb72c8d,10,18,cxx_mul_to_div,local_laplacian.halide_generated.cpp,8192,37,generator_specific,0,0,1,,,test2_golden,0,18.073,cxx_mul_to_div:/mnt/scratch1/ardi/dsl_mut/HM-armc/mutation/lowered-cpp/local_laplacian/local_laplacian.halide_generated.cpp:8192:37
local_laplacian,cxx_default_on_emitted_cpp,5eb72c8d,10,18,cxx_add_to_sub,local_laplacian.halide_generated.cpp,10037,38,generator_specific,0,0,0,,,,0,18.482,cxx_add_to_sub:/mnt/scratch1/ardi/dsl_mut/HM-armc/mutation/lowered-cpp/local_laplacian/local_laplacian.halide_generated.cpp:10037:38
local_laplacian,cxx_default_on_emitted_cpp,5eb72c8d,10,18,cxx_replace_scalar_call,local_laplacian.halide_generated.cpp,13186,16,generator_specific,0,0,0,,,,0,17.594,cxx_replace_scalar_call:/mnt/scratch1/ardi/dsl_mut/HM-armc/mutation/lowered-cpp/local_laplacian/local_laplacian.halide_generated.cpp:13186:16
local_laplacian,cxx_default_on_emitted_cpp,5eb72c8d,10,18,cxx_add_to_sub,local_laplacian.halide_generated.cpp,9589,38,generator_specific,0,0,1,,,test2_golden,0,17.886,cxx_add_to_sub:/mnt/scratch1/ardi/dsl_mut/HM-armc/mutation/lowered-cpp/local_laplacian/local_laplacian.halide_generated.cpp:9589:38
local_laplacian,cxx_default_on_emitted_cpp,5eb72c8d,10,18,cxx_mul_to_div,local_laplacian.halide_generated.cpp,9049,37,generator_specific,0,0,1,,,test2_golden,0,18.886,cxx_mul_to_div:/mnt/scratch1/ardi/dsl_mut/HM-armc/mutation/lowered-cpp/local_laplacian/local_laplacian.halide_generated.cpp:9049:37
local_laplacian,cxx_default_on_emitted_cpp,5eb72c8d,10,18,cxx_mul_to_div,local_laplacian.halide_generated.cpp,16136,45,generator_specific,0,0,1,,,test2_golden,0,17.361,cxx_mul_to_div:/mnt/scratch1/ardi/dsl_mut/HM-armc/mutation/lowered-cpp/local_laplacian/local_laplacian.halide_generated.cpp:16136:45
local_laplacian,cxx_default_on_emitted_cpp,5eb72c8d,10,18,cxx_mul_to_div,local_laplacian.halide_generated.cpp,13777,25,generator_specific,0,0,0,,,,0,16.727,cxx_mul_to_div:/mnt/scratch1/ardi/dsl_mut/HM-armc/mutation/lowered-cpp/local_laplacian/local_laplacian.halide_generated.cpp:13777:25
local_laplacian,cxx_default_on_emitted_cpp,5eb72c8d,10,18,cxx_add_to_sub,local_laplacian.halide_generated.cpp,5787,25,generator_specific,0,0,1,,,test2_golden,0,17.930,cxx_add_to_sub:/mnt/scratch1/ardi/dsl_mut/HM-armc/mutation/lowered-cpp/local_laplacian/local_laplacian.halide_generated.cpp:5787:25
local_laplacian,cxx_default_on_emitted_cpp,5eb72c8d,10,18,cxx_sub_to_add,local_laplacian.halide_generated.cpp,3686,21,generator_specific,-11,1,,,,test1_demo,0,0.333,cxx_sub_to_add:/mnt/scratch1/ardi/dsl_mut/HM-armc/mutation/lowered-cpp/local_laplacian/local_laplacian.halide_generated.cpp:3686:21
local_laplacian,cxx_default_on_emitted_cpp,5eb72c8d,10,18,cxx_add_to_sub,local_laplacian.halide_generated.cpp,10244,38,generator_specific,0,0,1,,,test2_golden,0,18.751,cxx_add_to_sub:/mnt/scratch1/ardi/dsl_mut/HM-armc/mutation/lowered-cpp/local_laplacian/local_laplacian.halide_generated.cpp:10244:38
local_laplacian,cxx_default_on_emitted_cpp,5eb72c8d,10,18,cxx_add_to_sub,local_laplacian.halide_generated.cpp,13875,26,generator_specific,0,0,0,,,,0,20.120,cxx_add_to_sub:/mnt/scratch1/ardi/dsl_mut/HM-armc/mutation/lowered-cpp/local_laplacian/local_laplacian.halide_generated.cpp:13875:26
local_laplacian,cxx_default_on_emitted_cpp,5eb72c8d,10,18,cxx_add_to_sub,local_laplacian.halide_generated.cpp,4295,24,generator_specific,0,0,1,,,test2_golden,0,17.381,cxx_add_to_sub:/mnt/scratch1/ardi/dsl_mut/HM-armc/mutation/lowered-cpp/local_laplacian/local_laplacian.halide_generated.cpp:4295:24
local_laplacian,cxx_default_on_emitted_cpp,5eb72c8d,10,18,cxx_sub_to_add,local_laplacian.halide_generated.cpp,8448,37,generator_specific,0,0,1,,,test2_golden,0,18.994,cxx_sub_to_add:/mnt/scratch1/ardi/dsl_mut/HM-armc/mutation/lowered-cpp/local_laplacian/local_laplacian.halide_generated.cpp:8448:37
local_laplacian,cxx_default_on_emitted_cpp,5eb72c8d,10,18,cxx_add_to_sub,local_laplacian.halide_generated.cpp,7383,38,generator_specific,0,0,1,,,test2_golden,0,16.703,cxx_add_to_sub:/mnt/scratch1/ardi/dsl_mut/HM-armc/mutation/lowered-cpp/local_laplacian/local_laplacian.halide_generated.cpp:7383:38
local_laplacian,cxx_default_on_emitted_cpp,5eb72c8d,10,18,cxx_add_to_sub,local_laplacian.halide_generated.cpp,12365,38,generator_specific,0,0,0,,,,0,20.209,cxx_add_to_sub:/mnt/scratch1/ardi/dsl_mut/HM-armc/mutation/lowered-cpp/local_laplacian/local_laplacian.halide_generated.cpp:12365:38
local_laplacian,cxx_default_on_emitted_cpp,5eb72c8d,10,18,cxx_mul_to_div,local_laplacian.halide_generated.cpp,15103,71,generator_specific,-6,1,,,,test1_demo,0,4.798,cxx_mul_to_div:/mnt/scratch1/ardi/dsl_mut/HM-armc/mutation/lowered-cpp/local_laplacian/local_laplacian.halide_generated.cpp:15103:71
local_laplacian,cxx_default_on_emitted_cpp,5eb72c8d,10,18,cxx_lt_to_ge,local_laplacian.halide_generated.cpp,5360,45,generator_specific,0,0,1,,,test2_golden,0,19.651,cxx_lt_to_ge:/mnt/scratch1/ardi/dsl_mut/HM-armc/mutation/lowered-cpp/local_laplacian/local_laplacian.halide_generated.cpp:5360:45
local_laplacian,cxx_default_on_emitted_cpp,5eb72c8d,10,18,cxx_mul_to_div,local_laplacian.halide_generated.cpp,16331,46,generator_specific,0,0,1,,,test2_golden,0,20.508,cxx_mul_to_div:/mnt/scratch1/ardi/dsl_mut/HM-armc/mutation/lowered-cpp/local_laplacian/local_laplacian.halide_generated.cpp:16331:46
local_laplacian,cxx_default_on_emitted_cpp,5eb72c8d,10,18,cxx_mul_to_div,local_laplacian.halide_generated.cpp,9809,37,generator_specific,0,0,1,,,test2_golden,0,18.639,cxx_mul_to_div:/mnt/scratch1/ardi/dsl_mut/HM-armc/mutation/lowered-cpp/local_laplacian/local_laplacian.halide_generated.cpp:9809:37
local_laplacian,cxx_default_on_emitted_cpp,5eb72c8d,10,18,cxx_mul_to_div,local_laplacian.halide_generated.cpp,8104,36,generator_specific,0,0,1,,,test2_golden,0,18.297,cxx_mul_to_div:/mnt/scratch1/ardi/dsl_mut/HM-armc/mutation/lowered-cpp/local_laplacian/local_laplacian.halide_generated.cpp:8104:36
local_laplacian,cxx_default_on_emitted_cpp,5eb72c8d,10,18,cxx_add_to_sub,local_laplacian.halide_generated.cpp,8312,37,generator_specific,0,0,1,,,test2_golden,0,17.867,cxx_add_to_sub:/mnt/scratch1/ardi/dsl_mut/HM-armc/mutation/lowered-cpp/local_laplacian/local_laplacian.halide_generated.cpp:8312:37
local_laplacian,cxx_default_on_emitted_cpp,5eb72c8d,10,18,cxx_lt_to_ge,local_laplacian.halide_generated.cpp,2530,27,boilerplate,0,0,0,,,,0,19.963,cxx_lt_to_ge:/mnt/scratch1/ardi/dsl_mut/HM-armc/mutation/lowered-cpp/local_laplacian/local_laplacian.halide_generated.cpp:2530:27
local_laplacian,cxx_default_on_emitted_cpp,5eb72c8d,10,18,cxx_add_to_sub,local_laplacian.halide_generated.cpp,14374,29,generator_specific,0,0,1,,,test2_golden,0,18.959,cxx_add_to_sub:/mnt/scratch1/ardi/dsl_mut/HM-armc/mutation/lowered-cpp/local_laplacian/local_laplacian.halide_generated.cpp:14374:29
local_laplacian,cxx_default_on_emitted_cpp,5eb72c8d,10,18,cxx_mul_to_div,local_laplacian.halide_generated.cpp,10472,37,generator_specific,0,0,0,,,,0,17.676,cxx_mul_to_div:/mnt/scratch1/ardi/dsl_mut/HM-armc/mutation/lowered-cpp/local_laplacian/local_laplacian.halide_generated.cpp:10472:37
local_laplacian,cxx_default_on_emitted_cpp,5eb72c8d,10,18,cxx_replace_scalar_call,local_laplacian.halide_generated.cpp,13729,20,generator_specific,0,0,0,,,,0,16.716,cxx_replace_scalar_call:/mnt/scratch1/ardi/dsl_mut/HM-armc/mutation/lowered-cpp/local_laplacian/local_laplacian.halide_generated.cpp:13729:20
local_laplacian,cxx_default_on_emitted_cpp,5eb72c8d,10,18,cxx_mul_to_div,local_laplacian.halide_generated.cpp,4029,25,generator_specific,0,0,1,,,test2_golden,0,19.752,cxx_mul_to_div:/mnt/scratch1/ardi/dsl_mut/HM-armc/mutation/lowered-cpp/local_laplacian/local_laplacian.halide_generated.cpp:4029:25
local_laplacian,cxx_default_on_emitted_cpp,5eb72c8d,10,18,cxx_add_to_sub,local_laplacian.halide_generated.cpp,12634,37,generator_specific,0,0,0,,,,0,16.882,cxx_add_to_sub:/mnt/scratch1/ardi/dsl_mut/HM-armc/mutation/lowered-cpp/local_laplacian/local_laplacian.halide_generated.cpp:12634:37
local_laplacian,cxx_default_on_emitted_cpp,5eb72c8d,10,18,cxx_add_to_sub,local_laplacian.halide_generated.cpp,7900,37,generator_specific,0,0,0,,,,0,18.711,cxx_add_to_sub:/mnt/scratch1/ardi/dsl_mut/HM-armc/mutation/lowered-cpp/local_laplacian/local_laplacian.halide_generated.cpp:7900:37
local_laplacian,cxx_default_on_emitted_cpp,5eb72c8d,10,18,cxx_sub_to_add,local_laplacian.halide_generated.cpp,13618,25,generator_specific,0,0,0,,,,0,17.443,cxx_sub_to_add:/mnt/scratch1/ardi/dsl_mut/HM-armc/mutation/lowered-cpp/local_laplacian/local_laplacian.halide_generated.cpp:13618:25
local_laplacian,cxx_default_on_emitted_cpp,5eb72c8d,10,18,cxx_add_to_sub,local_laplacian.halide_generated.cpp,15843,41,generator_specific,0,0,1,,,test2_golden,0,16.976,cxx_add_to_sub:/mnt/scratch1/ardi/dsl_mut/HM-armc/mutation/lowered-cpp/local_laplacian/local_laplacian.halide_generated.cpp:15843:41
local_laplacian,cxx_default_on_emitted_cpp,5eb72c8d,10,18,cxx_add_to_sub,local_laplacian.halide_generated.cpp,14274,28,generator_specific,0,0,0,,,,0,18.950,cxx_add_to_sub:/mnt/scratch1/ardi/dsl_mut/HM-armc/mutation/lowered-cpp/local_laplacian/local_laplacian.halide_generated.cpp:14274:28
local_laplacian,cxx_default_on_emitted_cpp,5eb72c8d,10,18,cxx_add_to_sub,local_laplacian.halide_generated.cpp,7303,38,generator_specific,0,0,1,,,test2_golden,0,18.381,cxx_add_to_sub:/mnt/scratch1/ardi/dsl_mut/HM-armc/mutation/lowered-cpp/local_laplacian/local_laplacian.halide_generated.cpp:7303:38
local_laplacian,cxx_default_on_emitted_cpp,5eb72c8d,10,18,cxx_mul_to_div,local_laplacian.halide_generated.cpp,7436,37,generator_specific,0,0,1,,,test2_golden,0,16.505,cxx_mul_to_div:/mnt/scratch1/ardi/dsl_mut/HM-armc/mutation/lowered-cpp/local_laplacian/local_laplacian.halide_generated.cpp:7436:37
local_laplacian,cxx_default_on_emitted_cpp,5eb72c8d,10,18,cxx_add_to_sub,local_laplacian.halide_generated.cpp,5408,25,generator_specific,0,0,1,,,test2_golden,0,17.092,cxx_add_to_sub:/mnt/scratch1/ardi/dsl_mut/HM-armc/mutation/lowered-cpp/local_laplacian/local_laplacian.halide_generated.cpp:5408:25
local_laplacian,cxx_default_on_emitted_cpp,5eb72c8d,10,18,cxx_sub_to_add,local_laplacian.halide_generated.cpp,10490,37,generator_specific,0,0,0,,,,0,18.837,cxx_sub_to_add:/mnt/scratch1/ardi/dsl_mut/HM-armc/mutation/lowered-cpp/local_laplacian/local_laplacian.halide_generated.cpp:10490:37
local_laplacian,cxx_default_on_emitted_cpp,5eb72c8d,10,18,cxx_add_to_sub,local_laplacian.halide_generated.cpp,14223,28,generator_specific,0,0,0,,,,0,16.893,cxx_add_to_sub:/mnt/scratch1/ardi/dsl_mut/HM-armc/mutation/lowered-cpp/local_laplacian/local_laplacian.halide_generated.cpp:14223:28
local_laplacian,cxx_default_on_emitted_cpp,5eb72c8d,10,18,cxx_mul_to_div,local_laplacian.halide_generated.cpp,8690,34,generator_specific,0,0,1,,,test2_golden,0,18.504,cxx_mul_to_div:/mnt/scratch1/ardi/dsl_mut/HM-armc/mutation/lowered-cpp/local_laplacian/local_laplacian.halide_generated.cpp:8690:34
local_laplacian,cxx_default_on_emitted_cpp,5eb72c8d,10,18,cxx_mul_to_div,local_laplacian.halide_generated.cpp,12557,37,generator_specific,0,0,0,,,,0,16.695,cxx_mul_to_div:/mnt/scratch1/ardi/dsl_mut/HM-armc/mutation/lowered-cpp/local_laplacian/local_laplacian.halide_generated.cpp:12557:37
local_laplacian,cxx_default_on_emitted_cpp,5eb72c8d,10,18,cxx_sub_to_add,local_laplacian.halide_generated.cpp,7788,37,generator_specific,0,0,1,,,test2_golden,0,18.775,cxx_sub_to_add:/mnt/scratch1/ardi/dsl_mut/HM-armc/mutation/lowered-cpp/local_laplacian/local_laplacian.halide_generated.cpp:7788:37
local_laplacian,cxx_default_on_emitted_cpp,5eb72c8d,10,18,cxx_sub_to_add,local_laplacian.halide_generated.cpp,9332,36,generator_specific,-9,1,,,,test1_demo,1,127.034,cxx_sub_to_add:/mnt/scratch1/ardi/dsl_mut/HM-armc/mutation/lowered-cpp/local_laplacian/local_laplacian.halide_generated.cpp:9332:36
local_laplacian,cxx_default_on_emitted_cpp,5eb72c8d,10,18,cxx_mul_to_div,local_laplacian.halide_generated.cpp,10555,37,generator_specific,0,0,0,,,,0,19.144,cxx_mul_to_div:/mnt/scratch1/ardi/dsl_mut/HM-armc/mutation/lowered-cpp/local_laplacian/local_laplacian.halide_generated.cpp:10555:37
local_laplacian,cxx_default_on_emitted_cpp,5eb72c8d,10,18,cxx_gt_to_le,local_laplacian.halide_generated.cpp,7048,24,generator_specific,-6,1,,,,test1_demo,0,5.241,cxx_gt_to_le:/mnt/scratch1/ardi/dsl_mut/HM-armc/mutation/lowered-cpp/local_laplacian/local_laplacian.halide_generated.cpp:7048:24
local_laplacian,cxx_default_on_emitted_cpp,5eb72c8d,10,18,cxx_add_to_sub,local_laplacian.halide_generated.cpp,6139,25,generator_specific,0,0,1,,,test2_golden,0,21.365,cxx_add_to_sub:/mnt/scratch1/ardi/dsl_mut/HM-armc/mutation/lowered-cpp/local_laplacian/local_laplacian.halide_generated.cpp:6139:25
local_laplacian,cxx_default_on_emitted_cpp,5eb72c8d,10,18,cxx_add_to_sub,local_laplacian.halide_generated.cpp,4578,24,generator_specific,0,0,1,,,test2_golden,0,21.770,cxx_add_to_sub:/mnt/scratch1/ardi/dsl_mut/HM-armc/mutation/lowered-cpp/local_laplacian/local_laplacian.halide_generated.cpp:4578:24
local_laplacian,cxx_default_on_emitted_cpp,5eb72c8d,10,18,cxx_add_to_sub,local_laplacian.halide_generated.cpp,8467,38,generator_specific,0,0,1,,,test2_golden,0,21.530,cxx_add_to_sub:/mnt/scratch1/ardi/dsl_mut/HM-armc/mutation/lowered-cpp/local_laplacian/local_laplacian.halide_generated.cpp:8467:38
local_laplacian,cxx_default_on_emitted_cpp,5eb72c8d,10,18,cxx_mul_to_div,local_laplacian.halide_generated.cpp,10898,39,generator_specific,0,0,0,,,,0,20.524,cxx_mul_to_div:/mnt/scratch1/ardi/dsl_mut/HM-armc/mutation/lowered-cpp/local_laplacian/local_laplacian.halide_generated.cpp:10898:39
local_laplacian,cxx_default_on_emitted_cpp,5eb72c8d,10,18,cxx_mul_to_div,local_laplacian.halide_generated.cpp,5156,27,generator_specific,0,0,1,,,test2_golden,0,22.494,cxx_mul_to_div:/mnt/scratch1/ardi/dsl_mut/HM-armc/mutation/lowered-cpp/local_laplacian/local_laplacian.halide_generated.cpp:5156:27
local_laplacian,cxx_default_on_emitted_cpp,5eb72c8d,10,18,cxx_add_to_sub,local_laplacian.halide_generated.cpp,5649,26,generator_specific,0,0,1,,,test2_golden,0,20.874,cxx_add_to_sub:/mnt/scratch1/ardi/dsl_mut/HM-armc/mutation/lowered-cpp/local_laplacian/local_laplacian.halide_generated.cpp:5649:26
local_laplacian,cxx_default_on_emitted_cpp,5eb72c8d,10,18,cxx_add_to_sub,local_laplacian.halide_generated.cpp,15622,39,generator_specific,0,0,0,,,,0,25.020,cxx_add_to_sub:/mnt/scratch1/ardi/dsl_mut/HM-armc/mutation/lowered-cpp/local_laplacian/local_laplacian.halide_generated.cpp:15622:39
local_laplacian,cxx_default_on_emitted_cpp,5eb72c8d,10,18,cxx_add_to_sub,local_laplacian.halide_generated.cpp,9249,37,generator_specific,0,0,1,,,test2_golden,0,18.221,cxx_add_to_sub:/mnt/scratch1/ardi/dsl_mut/HM-armc/mutation/lowered-cpp/local_laplacian/local_laplacian.halide_generated.cpp:9249:37
local_laplacian,cxx_default_on_emitted_cpp,5eb72c8d,10,18,cxx_mul_to_div,local_laplacian.halide_generated.cpp,12933,37,generator_specific,0,0,0,,,,0,22.459,cxx_mul_to_div:/mnt/scratch1/ardi/dsl_mut/HM-armc/mutation/lowered-cpp/local_laplacian/local_laplacian.halide_generated.cpp:12933:37
local_laplacian,cxx_default_on_emitted_cpp,5eb72c8d,10,18,cxx_lt_to_le,local_laplacian.halide_generated.cpp,6130,46,generator_specific,-6,1,,,,test1_demo,0,5.169,cxx_lt_to_le:/mnt/scratch1/ardi/dsl_mut/HM-armc/mutation/lowered-cpp/local_laplacian/local_laplacian.halide_generated.cpp:6130:46
local_laplacian,cxx_default_on_emitted_cpp,5eb72c8d,10,18,cxx_add_to_sub,local_laplacian.halide_generated.cpp,9649,37,generator_specific,0,0,1,,,test2_golden,0,23.076,cxx_add_to_sub:/mnt/scratch1/ardi/dsl_mut/HM-armc/mutation/lowered-cpp/local_laplacian/local_laplacian.halide_generated.cpp:9649:37
local_laplacian,cxx_default_on_emitted_cpp,5eb72c8d,10,18,cxx_add_to_sub,local_laplacian.halide_generated.cpp,3743,23,generator_specific,0,0,1,,,test2_golden,0,18.516,cxx_add_to_sub:/mnt/scratch1/ardi/dsl_mut/HM-armc/mutation/lowered-cpp/local_laplacian/local_laplacian.halide_generated.cpp:3743:23
local_laplacian,cxx_default_on_emitted_cpp,5eb72c8d,10,18,cxx_add_to_sub,local_laplacian.halide_generated.cpp,11158,51,generator_specific,0,0,0,,,,0,21.371,cxx_add_to_sub:/mnt/scratch1/ardi/dsl_mut/HM-armc/mutation/lowered-cpp/local_laplacian/local_laplacian.halide_generated.cpp:11158:51
local_laplacian,cxx_default_on_emitted_cpp,5eb72c8d,10,18,cxx_gt_to_ge,local_laplacian.halide_generated.cpp,15097,80,generator_specific,0,0,0,,,,0,22.350,cxx_gt_to_ge:/mnt/scratch1/ardi/dsl_mut/HM-armc/mutation/lowered-cpp/local_laplacian/local_laplacian.halide_generated.cpp:15097:80
local_laplacian,cxx_default_on_emitted_cpp,5eb72c8d,10,18,cxx_add_to_sub,local_laplacian.halide_generated.cpp,7158,36,generator_specific,0,0,1,,,test2_golden,0,26.262,cxx_add_to_sub:/mnt/scratch1/ardi/dsl_mut/HM-armc/mutation/lowered-cpp/local_laplacian/local_laplacian.halide_generated.cpp:7158:36
local_laplacian,cxx_default_on_emitted_cpp,5eb72c8d,10,18,cxx_mul_to_div,local_laplacian.halide_generated.cpp,9094,40,generator_specific,0,0,1,,,test2_golden,0,20.961,cxx_mul_to_div:/mnt/scratch1/ardi/dsl_mut/HM-armc/mutation/lowered-cpp/local_laplacian/local_laplacian.halide_generated.cpp:9094:40
local_laplacian,cxx_default_on_emitted_cpp,5eb72c8d,10,18,cxx_add_to_sub,local_laplacian.halide_generated.cpp,16197,46,generator_specific,-6,1,,,,test1_demo,0,5.523,cxx_add_to_sub:/mnt/scratch1/ardi/dsl_mut/HM-armc/mutation/lowered-cpp/local_laplacian/local_laplacian.halide_generated.cpp:16197:46
local_laplacian,cxx_default_on_emitted_cpp,5eb72c8d,10,18,cxx_sub_to_add,local_laplacian.halide_generated.cpp,4514,24,generator_specific,0,0,1,,,test2_golden,0,24.564,cxx_sub_to_add:/mnt/scratch1/ardi/dsl_mut/HM-armc/mutation/lowered-cpp/local_laplacian/local_laplacian.halide_generated.cpp:4514:24
local_laplacian,cxx_default_on_emitted_cpp,5eb72c8d,10,18,cxx_add_to_sub,local_laplacian.halide_generated.cpp,15998,44,generator_specific,0,0,1,,,test2_golden,0,17.348,cxx_add_to_sub:/mnt/scratch1/ardi/dsl_mut/HM-armc/mutation/lowered-cpp/local_laplacian/local_laplacian.halide_generated.cpp:15998:44
local_laplacian,cxx_default_on_emitted_cpp,5eb72c8d,10,18,cxx_sub_to_add,local_laplacian.halide_generated.cpp,14480,30,generator_specific,-6,1,,,,test1_demo,0,6.147,cxx_sub_to_add:/mnt/scratch1/ardi/dsl_mut/HM-armc/mutation/lowered-cpp/local_laplacian/local_laplacian.halide_generated.cpp:14480:30
local_laplacian,cxx_default_on_emitted_cpp,5eb72c8d,10,18,cxx_add_to_sub,local_laplacian.halide_generated.cpp,6167,26,generator_specific,0,0,1,,,test2_golden,0,18.478,cxx_add_to_sub:/mnt/scratch1/ardi/dsl_mut/HM-armc/mutation/lowered-cpp/local_laplacian/local_laplacian.halide_generated.cpp:6167:26
local_laplacian,cxx_default_on_emitted_cpp,5eb72c8d,10,18,cxx_mul_to_div,local_laplacian.halide_generated.cpp,8901,37,generator_specific,0,0,1,,,test2_golden,0,24.643,cxx_mul_to_div:/mnt/scratch1/ardi/dsl_mut/HM-armc/mutation/lowered-cpp/local_laplacian/local_laplacian.halide_generated.cpp:8901:37
local_laplacian,cxx_default_on_emitted_cpp,5eb72c8d,10,18,cxx_add_to_sub,local_laplacian.halide_generated.cpp,9595,40,generator_specific,0,0,1,,,test2_golden,0,23.952,cxx_add_to_sub:/mnt/scratch1/ardi/dsl_mut/HM-armc/mutation/lowered-cpp/local_laplacian/local_laplacian.halide_generated.cpp:9595:40
local_laplacian,cxx_default_on_emitted_cpp,5eb72c8d,10,18,cxx_mul_to_div,local_laplacian.halide_generated.cpp,15819,42,generator_specific,0,0,1,,,test2_golden,0,19.598,cxx_mul_to_div:/mnt/scratch1/ardi/dsl_mut/HM-armc/mutation/lowered-cpp/local_laplacian/local_laplacian.halide_generated.cpp:15819:42
local_laplacian,cxx_default_on_emitted_cpp,5eb72c8d,10,18,cxx_replace_scalar_call,local_laplacian.halide_generated.cpp,5641,19,generator_specific,0,0,1,,,test2_golden,0,19.860,cxx_replace_scalar_call:/mnt/scratch1/ardi/dsl_mut/HM-armc/mutation/lowered-cpp/local_laplacian/local_laplacian.halide_generated.cpp:5641:19
local_laplacian,cxx_default_on_emitted_cpp,5eb72c8d,10,18,cxx_replace_scalar_call,local_laplacian.halide_generated.cpp,13611,20,generator_specific,0,0,0,,,,0,18.528,cxx_replace_scalar_call:/mnt/scratch1/ardi/dsl_mut/HM-armc/mutation/lowered-cpp/local_laplacian/local_laplacian.halide_generated.cpp:13611:20
local_laplacian,cxx_default_on_emitted_cpp,5eb72c8d,10,18,cxx_mul_to_div,local_laplacian.halide_generated.cpp,12539,37,generator_specific,0,0,0,,,,0,19.608,cxx_mul_to_div:/mnt/scratch1/ardi/dsl_mut/HM-armc/mutation/lowered-cpp/local_laplacian/local_laplacian.halide_generated.cpp:12539:37
local_laplacian,cxx_default_on_emitted_cpp,5eb72c8d,10,18,cxx_add_to_sub,local_laplacian.halide_generated.cpp,4516,24,generator_specific,0,0,1,,,test2_golden,0,18.765,cxx_add_to_sub:/mnt/scratch1/ardi/dsl_mut/HM-armc/mutation/lowered-cpp/local_laplacian/local_laplacian.halide_generated.cpp:4516:24
local_laplacian,cxx_default_on_emitted_cpp,5eb72c8d,10,18,cxx_add_to_sub,local_laplacian.halide_generated.cpp,7316,38,generator_specific,0,0,0,,,,0,18.808,cxx_add_to_sub:/mnt/scratch1/ardi/dsl_mut/HM-armc/mutation/lowered-cpp/local_laplacian/local_laplacian.halide_generated.cpp:7316:38
local_laplacian,cxx_default_on_emitted_cpp,5eb72c8d,10,18,cxx_add_to_sub,local_laplacian.halide_generated.cpp,10120,40,generator_specific,0,0,1,,,test2_golden,0,17.522,cxx_add_to_sub:/mnt/scratch1/ardi/dsl_mut/HM-armc/mutation/lowered-cpp/local_laplacian/local_laplacian.halide_generated.cpp:10120:40
local_laplacian,cxx_default_on_emitted_cpp,5eb72c8d,10,18,cxx_add_to_sub,local_laplacian.halide_generated.cpp,5380,26,generator_specific,0,0,1,,,test2_golden,0,17.633,cxx_add_to_sub:/mnt/scratch1/ardi/dsl_mut/HM-armc/mutation/lowered-cpp/local_laplacian/local_laplacian.halide_generated.cpp:5380:26
local_laplacian,cxx_default_on_emitted_cpp,5eb72c8d,10,18,cxx_sub_to_add,local_laplacian.halide_generated.cpp,15348,36,generator_specific,0,0,1,,,test2_golden,0,18.489,cxx_sub_to_add:/mnt/scratch1/ardi/dsl_mut/HM-armc/mutation/lowered-cpp/local_laplacian/local_laplacian.halide_generated.cpp:15348:36
local_laplacian,cxx_default_on_emitted_cpp,5eb72c8d,10,18,cxx_add_to_sub,local_laplacian.halide_generated.cpp,15046,33,generator_specific,0,0,0,,,,0,18.291,cxx_add_to_sub:/mnt/scratch1/ardi/dsl_mut/HM-armc/mutation/lowered-cpp/local_laplacian/local_laplacian.halide_generated.cpp:15046:33
local_laplacian,cxx_default_on_emitted_cpp,5eb72c8d,10,18,cxx_add_to_sub,local_laplacian.halide_generated.cpp,5847,26,generator_specific,-6,1,,,,test1_demo,0,7.063,cxx_add_to_sub:/mnt/scratch1/ardi/dsl_mut/HM-armc/mutation/lowered-cpp/local_laplacian/local_laplacian.halide_generated.cpp:5847:26
local_laplacian,cxx_default_on_emitted_cpp,5eb72c8d,10,18,cxx_add_to_sub,local_laplacian.halide_generated.cpp,4812,27,generator_specific,0,0,1,,,test2_golden,0,17.149,cxx_add_to_sub:/mnt/scratch1/ardi/dsl_mut/HM-armc/mutation/lowered-cpp/local_laplacian/local_laplacian.halide_generated.cpp:4812:27
local_laplacian,cxx_default_on_emitted_cpp,5eb72c8d,10,18,cxx_add_to_sub,local_laplacian.halide_generated.cpp,14621,31,generator_specific,-6,1,,,,test1_demo,0,4.845,cxx_add_to_sub:/mnt/scratch1/ardi/dsl_mut/HM-armc/mutation/lowered-cpp/local_laplacian/local_laplacian.halide_generated.cpp:14621:31
local_laplacian,cxx_default_on_emitted_cpp,5eb72c8d,10,18,cxx_sub_to_add,local_laplacian.halide_generated.cpp,5569,25,generator_specific,0,0,1,,,test2_golden,0,18.829,cxx_sub_to_add:/mnt/scratch1/ardi/dsl_mut/HM-armc/mutation/lowered-cpp/local_laplacian/local_laplacian.halide_generated.cpp:5569:25
local_laplacian,cxx_default_on_emitted_cpp,5eb72c8d,10,18,cxx_mul_to_div,local_laplacian.halide_generated.cpp,7755,37,generator_specific,0,0,1,,,test2_golden,0,17.981,cxx_mul_to_div:/mnt/scratch1/ardi/dsl_mut/HM-armc/mutation/lowered-cpp/local_laplacian/local_laplacian.halide_generated.cpp:7755:37
local_laplacian,cxx_default_on_emitted_cpp,5eb72c8d,10,18,cxx_mul_to_div,local_laplacian.halide_generated.cpp,14914,32,generator_specific,0,0,0,,,,0,17.955,cxx_mul_to_div:/mnt/scratch1/ardi/dsl_mut/HM-armc/mutation/lowered-cpp/local_laplacian/local_laplacian.halide_generated.cpp:14914:32
local_laplacian,cxx_default_on_emitted_cpp,5eb72c8d,10,18,cxx_add_to_sub,local_laplacian.halide_generated.cpp,6345,26,generator_specific,0,0,1,,,test2_golden,0,17.072,cxx_add_to_sub:/mnt/scratch1/ardi/dsl_mut/HM-armc/mutation/lowered-cpp/local_laplacian/local_laplacian.halide_generated.cpp:6345:26
local_laplacian,cxx_default_on_emitted_cpp,5eb72c8d,10,18,cxx_mul_to_div,local_laplacian.halide_generated.cpp,5148,26,generator_specific,0,0,1,,,test2_golden,0,18.070,cxx_mul_to_div:/mnt/scratch1/ardi/dsl_mut/HM-armc/mutation/lowered-cpp/local_laplacian/local_laplacian.halide_generated.cpp:5148:26
local_laplacian,cxx_default_on_emitted_cpp,5eb72c8d,10,18,cxx_add_to_sub,local_laplacian.halide_generated.cpp,9148,40,generator_specific,0,0,1,,,test2_golden,0,19.082,cxx_add_to_sub:/mnt/scratch1/ardi/dsl_mut/HM-armc/mutation/lowered-cpp/local_laplacian/local_laplacian.halide_generated.cpp:9148:40
local_laplacian,cxx_default_on_emitted_cpp,5eb72c8d,10,18,cxx_add_to_sub,local_laplacian.halide_generated.cpp,4271,24,generator_specific,0,0,1,,,test2_golden,0,18.660,cxx_add_to_sub:/mnt/scratch1/ardi/dsl_mut/HM-armc/mutation/lowered-cpp/local_laplacian/local_laplacian.halide_generated.cpp:4271:24
local_laplacian,cxx_default_on_emitted_cpp,5eb72c8d,10,18,cxx_add_to_sub,local_laplacian.halide_generated.cpp,15203,34,generator_specific,0,0,1,,,test2_golden,0,17.037,cxx_add_to_sub:/mnt/scratch1/ardi/dsl_mut/HM-armc/mutation/lowered-cpp/local_laplacian/local_laplacian.halide_generated.cpp:15203:34
local_laplacian,cxx_default_on_emitted_cpp,5eb72c8d,10,18,cxx_add_to_sub,local_laplacian.halide_generated.cpp,10202,38,generator_specific,0,0,1,,,test2_golden,0,18.524,cxx_add_to_sub:/mnt/scratch1/ardi/dsl_mut/HM-armc/mutation/lowered-cpp/local_laplacian/local_laplacian.halide_generated.cpp:10202:38
local_laplacian,cxx_default_on_emitted_cpp,5eb72c8d,10,18,cxx_add_to_sub,local_laplacian.halide_generated.cpp,16540,46,generator_specific,0,0,1,,,test2_golden,0,18.495,cxx_add_to_sub:/mnt/scratch1/ardi/dsl_mut/HM-armc/mutation/lowered-cpp/local_laplacian/local_laplacian.halide_generated.cpp:16540:46
local_laplacian,cxx_default_on_emitted_cpp,5eb72c8d,10,18,cxx_sub_to_add,local_laplacian.halide_generated.cpp,7326,40,generator_specific,0,0,0,,,,0,17.323,cxx_sub_to_add:/mnt/scratch1/ardi/dsl_mut/HM-armc/mutation/lowered-cpp/local_laplacian/local_laplacian.halide_generated.cpp:7326:40
local_laplacian,cxx_default_on_emitted_cpp,5eb72c8d,10,18,cxx_add_to_sub,local_laplacian.halide_generated.cpp,9297,47,generator_specific,0,0,0,,,,0,18.260,cxx_add_to_sub:/mnt/scratch1/ardi/dsl_mut/HM-armc/mutation/lowered-cpp/local_laplacian/local_laplacian.halide_generated.cpp:9297:47
local_laplacian,cxx_default_on_emitted_cpp,5eb72c8d,10,18,cxx_add_to_sub,local_laplacian.halide_generated.cpp,9798,38,generator_specific,0,0,1,,,test2_golden,0,17.725,cxx_add_to_sub:/mnt/scratch1/ardi/dsl_mut/HM-armc/mutation/lowered-cpp/local_laplacian/local_laplacian.halide_generated.cpp:9798:38
local_laplacian,cxx_default_on_emitted_cpp,5eb72c8d,10,18,cxx_add_to_sub,local_laplacian.halide_generated.cpp,15544,38,generator_specific,0,0,1,,,test2_golden,0,17.295,cxx_add_to_sub:/mnt/scratch1/ardi/dsl_mut/HM-armc/mutation/lowered-cpp/local_laplacian/local_laplacian.halide_generated.cpp:15544:38
local_laplacian,cxx_default_on_emitted_cpp,5eb72c8d,10,18,cxx_remove_void_call,local_laplacian.halide_generated.cpp,13105,2,generator_specific,0,0,0,,,,0,16.809,cxx_remove_void_call:/mnt/scratch1/ardi/dsl_mut/HM-armc/mutation/lowered-cpp/local_laplacian/local_laplacian.halide_generated.cpp:13105:2
local_laplacian,cxx_default_on_emitted_cpp,5eb72c8d,10,18,cxx_sub_to_add,local_laplacian.halide_generated.cpp,10351,40,generator_specific,0,0,0,,,,0,18.163,cxx_sub_to_add:/mnt/scratch1/ardi/dsl_mut/HM-armc/mutation/lowered-cpp/local_laplacian/local_laplacian.halide_generated.cpp:10351:40
local_laplacian,cxx_default_on_emitted_cpp,5eb72c8d,10,18,cxx_post_inc_to_post_dec,local_laplacian.halide_generated.cpp,9337,100,generator_specific,-11,1,,,,test1_demo,0,5.493,cxx_post_inc_to_post_dec:/mnt/scratch1/ardi/dsl_mut/HM-armc/mutation/lowered-cpp/local_laplacian/local_laplacian.halide_generated.cpp:9337:100
local_laplacian,cxx_default_on_emitted_cpp,5eb72c8d,10,18,cxx_add_to_sub,local_laplacian.halide_generated.cpp,9548,37,generator_specific,0,0,1,,,test2_golden,0,18.288,cxx_add_to_sub:/mnt/scratch1/ardi/dsl_mut/HM-armc/mutation/lowered-cpp/local_laplacian/local_laplacian.halide_generated.cpp:9548:37
local_laplacian,cxx_default_on_emitted_cpp,5eb72c8d,10,18,cxx_mul_to_div,local_laplacian.halide_generated.cpp,11868,37,generator_specific,0,0,0,,,,0,18.567,cxx_mul_to_div:/mnt/scratch1/ardi/dsl_mut/HM-armc/mutation/lowered-cpp/local_laplacian/local_laplacian.halide_generated.cpp:11868:37
local_laplacian,cxx_default_on_emitted_cpp,5eb72c8d,10,18,cxx_mul_to_div,local_laplacian.halide_generated.cpp,7773,37,generator_specific,0,0,1,,,test2_golden,0,18.153,cxx_mul_to_div:/mnt/scratch1/ardi/dsl_mut/HM-armc/mutation/lowered-cpp/local_laplacian/local_laplacian.halide_generated.cpp:7773:37
local_laplacian,cxx_default_on_emitted_cpp,5eb72c8d,10,18,cxx_mul_to_div,local_laplacian.halide_generated.cpp,4929,26,generator_specific,0,0,1,,,test2_golden,0,17.709,cxx_mul_to_div:/mnt/scratch1/ardi/dsl_mut/HM-armc/mutation/lowered-cpp/local_laplacian/local_laplacian.halide_generated.cpp:4929:26
local_laplacian,cxx_default_on_emitted_cpp,5eb72c8d,10,18,cxx_remove_void_call,local_laplacian.halide_generated.cpp,5762,2,generator_specific,0,0,0,,,,0,21.450,cxx_remove_void_call:/mnt/scratch1/ardi/dsl_mut/HM-armc/mutation/lowered-cpp/local_laplacian/local_laplacian.halide_generated.cpp:5762:2
local_laplacian,cxx_default_on_emitted_cpp,5eb72c8d,10,18,cxx_mul_to_div,local_laplacian.halide_generated.cpp,12568,37,generator_specific,0,0,0,,,,0,19.523,cxx_mul_to_div:/mnt/scratch1/ardi/dsl_mut/HM-armc/mutation/lowered-cpp/local_laplacian/local_laplacian.halide_generated.cpp:12568:37
local_laplacian,cxx_default_on_emitted_cpp,5eb72c8d,10,18,cxx_add_to_sub,local_laplacian.halide_generated.cpp,9080,38,generator_specific,0,0,1,,,test2_golden,0,19.175,cxx_add_to_sub:/mnt/scratch1/ardi/dsl_mut/HM-armc/mutation/lowered-cpp/local_laplacian/local_laplacian.halide_generated.cpp:9080:38
local_laplacian,cxx_default_on_emitted_cpp,5eb72c8d,10,18,cxx_add_to_sub,local_laplacian.halide_generated.cpp,5598,27,generator_specific,0,0,1,,,test2_golden,0,23.859,cxx_add_to_sub:/mnt/scratch1/ardi/dsl_mut/HM-armc/mutation/lowered-cpp/local_laplacian/local_laplacian.halide_generated.cpp:5598:27
local_laplacian,cxx_default_on_emitted_cpp,5eb72c8d,10,18,cxx_remove_void_call,local_laplacian.halide_generated.cpp,6815,2,generator_specific,0,0,0,,,,0,19.315,cxx_remove_void_call:/mnt/scratch1/ardi/dsl_mut/HM-armc/mutation/lowered-cpp/local_laplacian/local_laplacian.halide_generated.cpp:6815:2
local_laplacian,cxx_default_on_emitted_cpp,5eb72c8d,10,18,cxx_mul_to_div,local_laplacian.halide_generated.cpp,4507,24,generator_specific,0,0,1,,,test2_golden,0,16.106,cxx_mul_to_div:/mnt/scratch1/ardi/dsl_mut/HM-armc/mutation/lowered-cpp/local_laplacian/local_laplacian.halide_generated.cpp:4507:24
local_laplacian,cxx_default_on_emitted_cpp,5eb72c8d,10,18,cxx_add_to_sub,local_laplacian.halide_generated.cpp,3819,25,generator_specific,-11,1,,,,test1_demo,0,0.784,cxx_add_to_sub:/mnt/scratch1/ardi/dsl_mut/HM-armc/mutation/lowered-cpp/local_laplacian/local_laplacian.halide_generated.cpp:3819:25
local_laplacian,cxx_default_on_emitted_cpp,5eb72c8d,10,18,cxx_replace_scalar_call,local_laplacian.halide_generated.cpp,13289,18,generator_specific,0,0,1,,,test2_golden,0,16.654,cxx_replace_scalar_call:/mnt/scratch1/ardi/dsl_mut/HM-armc/mutation/lowered-cpp/local_laplacian/local_laplacian.halide_generated.cpp:13289:18
local_laplacian,cxx_default_on_emitted_cpp,5eb72c8d,10,18,cxx_add_to_sub,local_laplacian.halide_generated.cpp,8650,36,generator_specific,0,0,0,,,,0,20.718,cxx_add_to_sub:/mnt/scratch1/ardi/dsl_mut/HM-armc/mutation/lowered-cpp/local_laplacian/local_laplacian.halide_generated.cpp:8650:36
local_laplacian,cxx_default_on_emitted_cpp,5eb72c8d,10,18,cxx_sub_to_add,local_laplacian.halide_generated.cpp,12353,37,generator_specific,0,0,0,,,,0,21.229,cxx_sub_to_add:/mnt/scratch1/ardi/dsl_mut/HM-armc/mutation/lowered-cpp/local_laplacian/local_laplacian.halide_generated.cpp:12353:37
local_laplacian,cxx_default_on_emitted_cpp,5eb72c8d,10,18,cxx_sub_to_add,local_laplacian.halide_generated.cpp,9359,37,generator_specific,0,0,1,,,test2_golden,0,20.290,cxx_sub_to_add:/mnt/scratch1/ardi/dsl_mut/HM-armc/mutation/lowered-cpp/local_laplacian/local_laplacian.halide_generated.cpp:9359:37
local_laplacian,cxx_default_on_emitted_cpp,5eb72c8d,10,18,cxx_add_to_sub,local_laplacian.halide_generated.cpp,15084,33,generator_specific,0,0,0,,,,0,22.849,cxx_add_to_sub:/mnt/scratch1/ardi/dsl_mut/HM-armc/mutation/lowered-cpp/local_laplacian/local_laplacian.halide_generated.cpp:15084:33
local_laplacian,cxx_default_on_emitted_cpp,5eb72c8d,10,18,cxx_mul_to_div,local_laplacian.halide_generated.cpp,15035,33,generator_specific,0,0,0,,,,0,18.659,cxx_mul_to_div:/mnt/scratch1/ardi/dsl_mut/HM-armc/mutation/lowered-cpp/local_laplacian/local_laplacian.halide_generated.cpp:15035:33
local_laplacian,cxx_default_on_emitted_cpp,5eb72c8d,10,18,cxx_sub_to_add,local_laplacian.halide_generated.cpp,10263,40,generator_specific,0,0,1,,,test2_golden,0,16.540,cxx_sub_to_add:/mnt/scratch1/ardi/dsl_mut/HM-armc/mutation/lowered-cpp/local_laplacian/local_laplacian.halide_generated.cpp:10263:40
local_laplacian,cxx_default_on_emitted_cpp,5eb72c8d,10,18,cxx_add_to_sub,local_laplacian.halide_generated.cpp,16056,48,generator_specific,0,0,0,,,,0,18.994,cxx_add_to_sub:/mnt/scratch1/ardi/dsl_mut/HM-armc/mutation/lowered-cpp/local_laplacian/local_laplacian.halide_generated.cpp:16056:48
local_laplacian,cxx_default_on_emitted_cpp,5eb72c8d,10,18,cxx_remove_void_call,local_laplacian.halide_generated.cpp,5322,2,generator_specific,0,0,0,,,,0,16.342,cxx_remove_void_call:/mnt/scratch1/ardi/dsl_mut/HM-armc/mutation/lowered-cpp/local_laplacian/local_laplacian.halide_generated.cpp:5322:2
local_laplacian,cxx_default_on_emitted_cpp,5eb72c8d,10,18,cxx_sub_to_add,local_laplacian.halide_generated.cpp,7816,37,generator_specific,0,0,1,,,test2_golden,0,16.861,cxx_sub_to_add:/mnt/scratch1/ardi/dsl_mut/HM-armc/mutation/lowered-cpp/local_laplacian/local_laplacian.halide_generated.cpp:7816:37
local_laplacian,cxx_default_on_emitted_cpp,5eb72c8d,10,18,cxx_add_to_sub,local_laplacian.halide_generated.cpp,14957,33,generator_specific,0,0,1,,,test2_golden,0,16.998,cxx_add_to_sub:/mnt/scratch1/ardi/dsl_mut/HM-armc/mutation/lowered-cpp/local_laplacian/local_laplacian.halide_generated.cpp:14957:33
local_laplacian,cxx_default_on_emitted_cpp,5eb72c8d,10,18,cxx_div_to_mul,local_laplacian.halide_generated.cpp,16526,44,generator_specific,0,0,1,,,test2_golden,0,29.421,cxx_div_to_mul:/mnt/scratch1/ardi/dsl_mut/HM-armc/mutation/lowered-cpp/local_laplacian/local_laplacian.halide_generated.cpp:16526:44
local_laplacian,cxx_default_on_emitted_cpp,5eb72c8d,10,18,cxx_add_to_sub,local_laplacian.halide_generated.cpp,5982,24,generator_specific,0,0,0,,,,0,21.546,cxx_add_to_sub:/mnt/scratch1/ardi/dsl_mut/HM-armc/mutation/lowered-cpp/local_laplacian/local_laplacian.halide_generated.cpp:5982:24
local_laplacian,cxx_default_on_emitted_cpp,5eb72c8d,10,18,cxx_mul_to_div,local_laplacian.halide_generated.cpp,10261,37,generator_specific,0,0,1,,,test2_golden,0,24.876,cxx_mul_to_div:/mnt/scratch1/ardi/dsl_mut/HM-armc/mutation/lowered-cpp/local_laplacian/local_laplacian.halide_generated.cpp:10261:37
local_laplacian,cxx_default_on_emitted_cpp,5eb72c8d,10,18,cxx_add_to_sub,local_laplacian.halide_generated.cpp,9517,40,generator_specific,0,0,1,,,test2_golden,0,28.278,cxx_add_to_sub:/mnt/scratch1/ardi/dsl_mut/HM-armc/mutation/lowered-cpp/local_laplacian/local_laplacian.halide_generated.cpp:9517:40
local_laplacian,cxx_default_on_emitted_cpp,5eb72c8d,10,18,cxx_add_to_sub,local_laplacian.halide_generated.cpp,11283,38,generator_specific,0,0,0,,,,0,23.313,cxx_add_to_sub:/mnt/scratch1/ardi/dsl_mut/HM-armc/mutation/lowered-cpp/local_laplacian/local_laplacian.halide_generated.cpp:11283:38
local_laplacian,cxx_default_on_emitted_cpp,5eb72c8d,10,18,cxx_add_to_sub,local_laplacian.halide_generated.cpp,7646,38,generator_specific,0,0,1,,,test2_golden,0,17.485,cxx_add_to_sub:/mnt/scratch1/ardi/dsl_mut/HM-armc/mutation/lowered-cpp/local_laplacian/local_laplacian.halide_generated.cpp:7646:38
local_laplacian,cxx_default_on_emitted_cpp,5eb72c8d,10,18,cxx_mul_to_div,local_laplacian.halide_generated.cpp,8000,37,generator_specific,0,0,1,,,test2_golden,0,25.165,cxx_mul_to_div:/mnt/scratch1/ardi/dsl_mut/HM-armc/mutation/lowered-cpp/local_laplacian/local_laplacian.halide_generated.cpp:8000:37
local_laplacian,cxx_default_on_emitted_cpp,5eb72c8d,10,18,cxx_replace_scalar_call,local_laplacian.halide_generated.cpp,13261,18,generator_specific,0,0,1,,,test2_golden,0,20.317,cxx_replace_scalar_call:/mnt/scratch1/ardi/dsl_mut/HM-armc/mutation/lowered-cpp/local_laplacian/local_laplacian.halide_generated.cpp:13261:18
local_laplacian,cxx_default_on_emitted_cpp,5eb72c8d,10,18,cxx_sub_to_add,local_laplacian.halide_generated.cpp,8714,37,generator_specific,0,0,1,,,test2_golden,0,22.565,cxx_sub_to_add:/mnt/scratch1/ardi/dsl_mut/HM-armc/mutation/lowered-cpp/local_laplacian/local_laplacian.halide_generated.cpp:8714:37
local_laplacian,cxx_default_on_emitted_cpp,5eb72c8d,10,18,cxx_add_to_sub,local_laplacian.halide_generated.cpp,15516,73,generator_specific,0,0,1,,,test2_golden,0,24.719,cxx_add_to_sub:/mnt/scratch1/ardi/dsl_mut/HM-armc/mutation/lowered-cpp/local_laplacian/local_laplacian.halide_generated.cpp:15516:73
local_laplacian,cxx_default_on_emitted_cpp,5eb72c8d,10,18,cxx_sub_to_add,local_laplacian.halide_generated.cpp,8381,40,generator_specific,0,0,0,,,,0,19.060,cxx_sub_to_add:/mnt/scratch1/ardi/dsl_mut/HM-armc/mutation/lowered-cpp/local_laplacian/local_laplacian.halide_generated.cpp:8381:40
local_laplacian,cxx_default_on_emitted_cpp,5eb72c8d,10,18,cxx_mul_to_div,local_laplacian.halide_generated.cpp,10168,37,generator_specific,0,0,1,,,test2_golden,0,22.947,cxx_mul_to_div:/mnt/scratch1/ardi/dsl_mut/HM-armc/mutation/lowered-cpp/local_laplacian/local_laplacian.halide_generated.cpp:10168:37
local_laplacian,cxx_default_on_emitted_cpp,5eb72c8d,10,18,cxx_sub_to_add,local_laplacian.halide_generated.cpp,9575,37,generator_specific,0,0,1,,,test2_golden,0,24.688,cxx_sub_to_add:/mnt/scratch1/ardi/dsl_mut/HM-armc/mutation/lowered-cpp/local_laplacian/local_laplacian.halide_generated.cpp:9575:37
local_laplacian,cxx_default_on_emitted_cpp,5eb72c8d,10,18,cxx_add_to_sub,local_laplacian.halide_generated.cpp,5604,27,generator_specific,0,0,1,,,test2_golden,0,19.885,cxx_add_to_sub:/mnt/scratch1/ardi/dsl_mut/HM-armc/mutation/lowered-cpp/local_laplacian/local_laplacian.halide_generated.cpp:5604:27
local_laplacian,cxx_default_on_emitted_cpp,5eb72c8d,10,18,cxx_add_to_sub,local_laplacian.halide_generated.cpp,11598,37,generator_specific,0,0,0,,,,0,17.772,cxx_add_to_sub:/mnt/scratch1/ardi/dsl_mut/HM-armc/mutation/lowered-cpp/local_laplacian/local_laplacian.halide_generated.cpp:11598:37
local_laplacian,cxx_default_on_emitted_cpp,5eb72c8d,10,18,cxx_mul_to_div,local_laplacian.halide_generated.cpp,4567,24,generator_specific,0,0,1,,,test2_golden,0,16.842,cxx_mul_to_div:/mnt/scratch1/ardi/dsl_mut/HM-armc/mutation/lowered-cpp/local_laplacian/local_laplacian.halide_generated.cpp:4567:24
local_laplacian,cxx_default_on_emitted_cpp,5eb72c8d,10,18,cxx_gt_to_ge,local_laplacian.halide_generated.cpp,3358,25,boilerplate,0,0,0,,,,0,34.289,cxx_gt_to_ge:/mnt/scratch1/ardi/dsl_mut/HM-armc/mutation/lowered-cpp/local_laplacian/local_laplacian.halide_generated.cpp:3358:25
local_laplacian,cxx_default_on_emitted_cpp,5eb72c8d,10,18,cxx_add_to_sub,local_laplacian.halide_generated.cpp,5842,25,generator_specific,0,0,1,,,test2_golden,0,18.660,cxx_add_to_sub:/mnt/scratch1/ardi/dsl_mut/HM-armc/mutation/lowered-cpp/local_laplacian/local_laplacian.halide_generated.cpp:5842:25
