app,arm,mull_commit,slice_index,slice_count,mutator,file,line,column,region,exit_code,test1_demo,test2_golden,test2_written,test3_perf,killed_by,timed_out,wall_seconds,mutant_key
local_laplacian,cxx_default_on_emitted_cpp,5eb72c8d,8,18,cxx_add_to_sub,local_laplacian.halide_generated.cpp,16171,44,generator_specific,-6,1,,,,test1_demo,0,4.352,cxx_add_to_sub:/mnt/scratch1/ardi/dsl_mut/HM-armc/mutation/lowered-cpp/local_laplacian/local_laplacian.halide_generated.cpp:16171:44
local_laplacian,cxx_default_on_emitted_cpp,5eb72c8d,8,18,cxx_sub_to_add,local_laplacian.halide_generated.cpp,9351,37,generator_specific,-11,1,,,,test1_demo,0,5.250,cxx_sub_to_add:/mnt/scratch1/ardi/dsl_mut/HM-armc/mutation/lowered-cpp/local_laplacian/local_laplacian.halide_generated.cpp:9351:37
local_laplacian,cxx_default_on_emitted_cpp,5eb72c8d,8,18,cxx_add_to_sub,local_laplacian.halide_generated.cpp,7235,47,generator_specific,-11,1,,,,test1_demo,0,7.993,cxx_add_to_sub:/mnt/scratch1/ardi/dsl_mut/HM-armc/mutation/lowered-cpp/local_laplacian/local_laplacian.halide_generated.cpp:7235:47
local_laplacian,cxx_default_on_emitted_cpp,5eb72c8d,8,18,cxx_lt_to_ge,local_laplacian.halide_generated.cpp,4025,44,generator_specific,0,0,1,,,test2_golden,0,6.223,cxx_lt_to_ge:/mnt/scratch1/ardi/dsl_mut/HM-armc/mutation/lowered-cpp/local_laplacian/local_laplacian.halide_generated.cpp:4025:44
local_laplacian,cxx_default_on_emitted_cpp,5eb72c8d,8,18,cxx_eq_to_ne,local_laplacian.halide_generated.cpp,15474,34,generator_specific,0,0,1,,,test2_golden,0,13.259,cxx_eq_to_ne:/mnt/scratch1/ardi/dsl_mut/HM-armc/mutation/lowered-cpp/local_laplacian/local_laplacian.halide_generated.cpp:15474:34
local_laplacian,cxx_default_on_emitted_cpp,5eb72c8d,8,18,cxx_sub_to_add,local_laplacian.halide_generated.cpp,10073,38,generator_specific,-11,1,,,,test1_demo,0,11.367,cxx_sub_to_add:/mnt/scratch1/ardi/dsl_mut/HM-armc/mutation/lowered-cpp/local_laplacian/local_laplacian.halide_generated.cpp:10073:38
local_laplacian,cxx_default_on_emitted_cpp,5eb72c8d,8,18,cxx_mul_to_div,local_laplacian.halide_generated.cpp,13321,24,generator_specific,0,0,1,,,test2_golden,0,16.379,cxx_mul_to_div:/mnt/scratch1/ardi/dsl_mut/HM-armc/mutation/lowered-cpp/local_laplacian/local_laplacian.halide_generated.cpp:13321:24
local_laplacian,cxx_default_on_emitted_cpp,5eb72c8d,8,18,cxx_add_to_sub,local_laplacian.halide_generated.cpp,9051,38,generator_specific,0,0,0,,,,0,16.564,cxx_add_to_sub:/mnt/scratch1/ardi/dsl_mut/HM-armc/mutation/lowered-cpp/local_laplacian/local_laplacian.halide_generated.cpp:9051:38
local_laplacian,cxx_default_on_emitted_cpp,5eb72c8d,8,18,cxx_mul_to_div,local_laplacian.halide_generated.cpp,5042,25,generator_specific,0,0,1,,,test2_golden,0,16.671,cxx_mul_to_div:/mnt/scratch1/ardi/dsl_mut/HM-armc/mutation/lowered-cpp/local_laplacian/local_laplacian.halide_generated.cpp:5042:25
local_laplacian,cxx_default_on_emitted_cpp,5eb72c8d,8,18,cxx_add_to_sub,local_laplacian.halide_generated.cpp,12084,38,generator_specific,0,0,1,,,test2_golden,0,16.850,cxx_add_to_sub:/mnt/scratch1/ardi/dsl_mut/HM-armc/mutation/lowered-cpp/local_laplacian/local_laplacian.halide_generated.cpp:12084:38
local_laplacian,cxx_default_on_emitted_cpp,5eb72c8d,8,18,cxx_mul_to_div,local_laplacian.halide_generated.cpp,16359,46,generator_specific,0,0,1,,,test2_golden,0,16.857,cxx_mul_to_div:/mnt/scratch1/ardi/dsl_mut/HM-armc/mutation/lowered-cpp/local_laplacian/local_laplacian.halide_generated.cpp:16359:46
local_laplacian,cxx_default_on_emitted_cpp,5eb72c8d,8,18,cxx_add_to_sub,local_laplacian.halide_generated.cpp,9268,38,generator_specific,0,0,1,,,test2_golden,0,16.947,cxx_add_to_sub:/mnt/scratch1/ardi/dsl_mut/HM-armc/mutation/lowered-cpp/local_laplacian/local_laplacian.halide_generated.cpp:9268:38
local_laplacian,cxx_default_on_emitted_cpp,5eb72c8d,8,18,cxx_mul_to_div,local_laplacian.halide_generated.cpp,8457,37,generator_specific,0,0,1,,,test2_golden,0,16.943,cxx_mul_to_div:/mnt/scratch1/ardi/dsl_mut/HM-armc/mutation/lowered-cpp/local_laplacian/local_laplacian.halide_generated.cpp:8457:37
local_laplacian,cxx_default_on_emitted_cpp,5eb72c8d,8,18,cxx_add_to_sub,local_laplacian.halide_generated.cpp,4233,24,generator_specific,0,0,1,,,test2_golden,0,17.168,cxx_add_to_sub:/mnt/scratch1/ardi/dsl_mut/HM-armc/mutation/lowered-cpp/local_laplacian/local_laplacian.halide_generated.cpp:4233:24
local_laplacian,cxx_default_on_emitted_cpp,5eb72c8d,8,18,cxx_add_to_sub,local_laplacian.halide_generated.cpp,16322,48,generator_specific,0,0,1,,,test2_golden,0,17.223,cxx_add_to_sub:/mnt/scratch1/ardi/dsl_mut/HM-armc/mutation/lowered-cpp/local_laplacian/local_laplacian.halide_generated.cpp:16322:48
local_laplacian,cxx_default_on_emitted_cpp,5eb72c8d,8,18,cxx_mul_to_div,local_laplacian.halide_generated.cpp,4123,24,generator_specific,0,0,1,,,test2_golden,0,17.579,cxx_mul_to_div:/mnt/scratch1/ardi/dsl_mut/HM-armc/mutation/lowered-cpp/local_laplacian/local_laplacian.halide_generated.cpp:4123:24
local_laplacian,cxx_default_on_emitted_cpp,5eb72c8d,8,18,cxx_add_to_sub,local_laplacian.halide_generated.cpp,5559,24,generator_specific,0,0,1,,,test2_golden,0,17.616,cxx_add_to_sub:/mnt/scratch1/ardi/dsl_mut/HM-armc/mutation/lowered-cpp/local_laplacian/local_laplacian.halide_generated.cpp:5559:24
local_laplacian,cxx_default_on_emitted_cpp,5eb72c8d,8,18,cxx_add_to_sub,local_laplacian.halide_generated.cpp,6993,30,generator_specific,0,0,0,,,,0,17.753,cxx_add_to_sub:/mnt/scratch1/ardi/dsl_mut/HM-armc/mutation/lowered-cpp/local_laplacian/local_laplacian.halide_generated.cpp:6993:30
local_laplacian,cxx_default_on_emitted_cpp,5eb72c8d,8,18,cxx_mul_to_div,local_laplacian.halide_generated.cpp,4020,24,generator_specific,0,0,1,,,test2_golden,0,18.233,cxx_mul_to_div:/mnt/scratch1/ardi/dsl_mut/HM-armc/mutation/lowered-cpp/local_laplacian/local_laplacian.halide_generated.cpp:4020:24
local_laplacian,cxx_default_on_emitted_cpp,5eb72c8d,8,18,cxx_mul_to_div,local_laplacian.halide_generated.cpp,8123,37,generator_specific,0,0,1,,,test2_golden,0,18.652,cxx_mul_to_div:/mnt/scratch1/ardi/dsl_mut/HM-armc/mutation/lowered-cpp/local_laplacian/local_laplacian.halide_generated.cpp:8123:37
local_laplacian,cxx_default_on_emitted_cpp,5eb72c8d,8,18,cxx_sub_to_add,local_laplacian.halide_generated.cpp,15820,42,generator_specific,0,0,1,,,test2_golden,0,18.651,cxx_sub_to_add:/mnt/scratch1/ardi/dsl_mut/HM-armc/mutation/lowered-cpp/local_laplacian/local_laplacian.halide_generated.cpp:15820:42
local_laplacian,cxx_default_on_emitted_cpp,5eb72c8d,8,18,cxx_mul_to_div,local_laplacian.halide_generated.cpp,6458,25,generator_specific,0,0,1,,,test2_golden,0,18.992,cxx_mul_to_div:/mnt/scratch1/ardi/dsl_mut/HM-armc/mutation/lowered-cpp/local_laplacian/local_laplacian.halide_generated.cpp:6458:25
local_laplacian,cxx_default_on_emitted_cpp,5eb72c8d,8,18,cxx_mul_to_div,local_laplacian.halide_generated.cpp,14901,32,generator_specific,0,0,0,,,,0,19.051,cxx_mul_to_div:/mnt/scratch1/ardi/dsl_mut/HM-armc/mutation/lowered-cpp/local_laplacian/local_laplacian.halide_generated.cpp:14901:32
local_laplacian,cxx_default_on_emitted_cpp,5eb72c8d,8,18,cxx_add_to_sub,local_laplacian.halide_generated.cpp,14329,29,generator_specific,0,0,1,,,test2_golden,0,19.056,cxx_add_to_sub:/mnt/scratch1/ardi/dsl_mut/HM-armc/mutation/lowered-cpp/local_laplacian/local_laplacian.halide_generated.cpp:14329:29
local_laplacian,cxx_default_on_emitted_cpp,5eb72c8d,8,18,cxx_sub_to_add,local_laplacian.halide_generated.cpp,16017,45,generator_specific,0,0,1,,,test2_golden,0,19.366,cxx_sub_to_add:/mnt/scratch1/ardi/dsl_mut/HM-armc/mutation/lowered-cpp/local_laplacian/local_laplacian.halide_generated.cpp:16017:45
local_laplacian,cxx_default_on_emitted_cpp,5eb72c8d,8,18,cxx_mul_to_div,local_laplacian.halide_generated.cpp,9636,37,generator_specific,0,0,1,,,test2_golden,0,19.384,cxx_mul_to_div:/mnt/scratch1/ardi/dsl_mut/HM-armc/mutation/lowered-cpp/local_laplacian/local_laplacian.halide_generated.cpp:9636:37
local_laplacian,cxx_default_on_emitted_cpp,5eb72c8d,8,18,cxx_add_to_sub,local_laplacian.halide_generated.cpp,9741,38,generator_specific,0,0,1,,,test2_golden,0,19.490,cxx_add_to_sub:/mnt/scratch1/ardi/dsl_mut/HM-armc/mutation/lowered-cpp/local_laplacian/local_laplacian.halide_generated.cpp:9741:38
local_laplacian,cxx_default_on_emitted_cpp,5eb72c8d,8,18,cxx_mul_to_div,local_laplacian.halide_generated.cpp,5690,26,generator_specific,0,0,1,,,test2_golden,0,19.931,cxx_mul_to_div:/mnt/scratch1/ardi/dsl_mut/HM-armc/mutation/lowered-cpp/local_laplacian/local_laplacian.halide_generated.cpp:5690:26
local_laplacian,cxx_default_on_emitted_cpp,5eb72c8d,8,18,cxx_mul_to_div,local_laplacian.halide_generated.cpp,7726,37,generator_specific,0,0,1,,,test2_golden,0,20.047,cxx_mul_to_div:/mnt/scratch1/ardi/dsl_mut/HM-armc/mutation/lowered-cpp/local_laplacian/local_laplacian.halide_generated.cpp:7726:37
local_laplacian,cxx_default_on_emitted_cpp,5eb72c8d,8,18,cxx_post_inc_to_post_dec,local_laplacian.halide_generated.cpp,11180,86,generator_specific,0,0,0,,,,0,21.081,cxx_post_inc_to_post_dec:/mnt/scratch1/ardi/dsl_mut/HM-armc/mutation/lowered-cpp/local_laplacian/local_laplacian.halide_generated.cpp:11180:86
local_laplacian,cxx_default_on_emitted_cpp,5eb72c8d,8,18,cxx_lt_to_le,local_laplacian.halide_generated.cpp,3372,25,boilerplate,0,0,0,,,,0,21.604,cxx_lt_to_le:/mnt/scratch1/ardi/dsl_mut/HM-armc/mutation/lowered-cpp/local_laplacian/local_laplacian.halide_generated.cpp:3372:25
local_laplacian,cxx_default_on_emitted_cpp,5eb72c8d,8,18,cxx_add_to_sub,local_laplacian.halide_generated.cpp,14090,28,generator_specific,-11,1,,,,test1_demo,0,6.215,cxx_add_to_sub:/mnt/scratch1/ardi/dsl_mut/HM-armc/mutation/lowered-cpp/local_laplacian/local_laplacian.halide_generated.cpp:14090:28
local_laplacian,cxx_default_on_emitted_cpp,5eb72c8d,8,18,cxx_add_to_sub,local_laplacian.halide_generated.cpp,6026,24,generator_specific,0,0,1,,,test2_golden,0,17.369,cxx_add_to_sub:/mnt/scratch1/ardi/dsl_mut/HM-armc/mutation/lowered-cpp/local_laplacian/local_laplacian.halide_generated.cpp:6026:24
local_laplacian,cxx_default_on_emitted_cpp,5eb72c8d,8,18,cxx_add_to_sub,local_laplacian.halide_generated.cpp,14654,31,generator_specific,-11,1,,,,test1_demo,0,5.059,cxx_add_to_sub:/mnt/scratch1/ardi/dsl_mut/HM-armc/mutation/lowered-cpp/local_laplacian/local_laplacian.halide_generated.cpp:14654:31
local_laplacian,cxx_default_on_emitted_cpp,5eb72c8d,8,18,cxx_mul_to_div,local_laplacian.halide_generated.cpp,7248,36,generator_specific,0,0,1,,,test2_golden,0,26.716,cxx_mul_to_div:/mnt/scratch1/ardi/dsl_mut/HM-armc/mutation/lowered-cpp/local_laplacian/local_laplacian.halide_generated.cpp:7248:36
local_laplacian,cxx_default_on_emitted_cpp,5eb72c8d,8,18,cxx_add_to_sub,local_laplacian.halide_generated.cpp,5432,26,generator_specific,-11,1,,,,test1_demo,0,8.943,cxx_add_to_sub:/mnt/scratch1/ardi/dsl_mut/HM-armc/mutation/lowered-cpp/local_laplacian/local_laplacian.halide_generated.cpp:5432:26
local_laplacian,cxx_default_on_emitted_cpp,5eb72c8d,8,18,cxx_gt_to_ge,local_laplacian.halide_generated.cpp,7048,81,generator_specific,0,0,0,,,,0,18.379,cxx_gt_to_ge:/mnt/scratch1/ardi/dsl_mut/HM-armc/mutation/lowered-cpp/local_laplacian/local_laplacian.halide_generated.cpp:7048:81
local_laplacian,cxx_default_on_emitted_cpp,5eb72c8d,8,18,cxx_sub_to_add,local_laplacian.halide_generated.cpp,5352,25,generator_specific,-11,1,,,,test1_demo,0,7.972,cxx_sub_to_add:/mnt/scratch1/ardi/dsl_mut/HM-armc/mutation/lowered-cpp/local_laplacian/local_laplacian.halide_generated.cpp:5352:25
local_laplacian,cxx_default_on_emitted_cpp,5eb72c8d,8,18,cxx_mul_to_div,local_laplacian.halide_generated.cpp,4501,24,generator_specific,0,0,0,,,,0,18.398,cxx_mul_to_div:/mnt/scratch1/ardi/dsl_mut/HM-armc/mutation/lowered-cpp/local_laplacian/local_laplacian.halide_generated.cpp:4501:24
local_laplacian,cxx_default_on_emitted_cpp,5eb72c8d,8,18,cxx_mul_to_div,local_laplacian.halide_generated.cpp,15024,33,generator_specific,0,0,0,,,,0,16.574,cxx_mul_to_div:/mnt/scratch1/ardi/dsl_mut/HM-armc/mutation/lowered-cpp/local_laplacian/local_laplacian.halide_generated.cpp:15024:33
local_laplacian,cxx_default_on_emitted_cpp,5eb72c8d,8,18,cxx_lt_to_ge,local_laplacian.halide_generated.cpp,3745,60,generator_specific,0,0,1,,,test2_golden,0,16.318,cxx_lt_to_ge:/mnt/scratch1/ardi/dsl_mut/HM-armc/mutation/lowered-cpp/local_laplacian/local_laplacian.halide_generated.cpp:3745:60
local_laplacian,cxx_default_on_emitted_cpp,5eb72c8d,8,18,cxx_add_to_sub,local_laplacian.halide_generated.cpp,5869,26,generator_specific,0,0,1,,,test2_golden,0,16.399,cxx_add_to_sub:/mnt/scratch1/ardi/dsl_mut/HM-armc/mutation/lowered-cpp/local_laplacian/local_laplacian.halide_generated.cpp:5869:26
local_laplacian,cxx_default_on_emitted_cpp,5eb72c8d,8,18,cxx_mul_to_div,local_laplacian.halide_generated.cpp,14740,31,generator_specific,0,0,0,,,,0,16.697,cxx_mul_to_div:/mnt/scratch1/ardi/dsl_mut/HM-armc/mutation/lowered-cpp/local_laplacian/local_laplacian.halide_generated.cpp:14740:31
local_laplacian,cxx_default_on_emitted_cpp,5eb72c8d,8,18,cxx_add_to_sub,local_laplacian.halide_generated.cpp,16280,47,generator_specific,0,0,1,,,test2_golden,0,17.125,cxx_add_to_sub:/mnt/scratch1/ardi/dsl_mut/HM-armc/mutation/lowered-cpp/local_laplacian/local_laplacian.halide_generated.cpp:16280:47
local_laplacian,cxx_default_on_emitted_cpp,5eb72c8d,8,18,cxx_ne_to_eq,local_laplacian.halide_generated.cpp,1814,31,boilerplate,-6,1,,,,test1_demo,0,0.146,cxx_ne_to_eq:/mnt/scratch1/ardi/dsl_mut/HM-armc/mutation/lowered-cpp/local_laplacian/local_laplacian.halide_generated.cpp:1814:31
local_laplacian,cxx_default_on_emitted_cpp,5eb72c8d,8,18,cxx_mul_to_div,local_laplacian.halide_generated.cpp,13316,22,generator_specific,0,0,0,,,,0,17.220,cxx_mul_to_div:/mnt/scratch1/ardi/dsl_mut/HM-armc/mutation/lowered-cpp/local_laplacian/local_laplacian.halide_generated.cpp:13316:22
local_laplacian,cxx_default_on_emitted_cpp,5eb72c8d,8,18,cxx_mul_to_div,local_laplacian.halide_generated.cpp,10880,38,generator_specific,0,0,0,,,,0,16.698,cxx_mul_to_div:/mnt/scratch1/ardi/dsl_mut/HM-armc/mutation/lowered-cpp/local_laplacian/local_laplacian.halide_generated.cpp:10880:38
local_laplacian,cxx_default_on_emitted_cpp,5eb72c8d,8,18,cxx_replace_scalar_call,local_laplacian.halide_generated.cpp,4605,18,generator_specific,0,0,1,,,test2_golden,0,16.499,cxx_replace_scalar_call:/mnt/scratch1/ardi/dsl_mut/HM-armc/mutation/lowered-cpp/local_laplacian/local_laplacian.halide_generated.cpp:4605:18
local_laplacian,cxx_default_on_emitted_cpp,5eb72c8d,8,18,cxx_add_to_sub,local_laplacian.halide_generated.cpp,8683,36,generator_specific,0,0,1,,,test2_golden,0,16.623,cxx_add_to_sub:/mnt/scratch1/ardi/dsl_mut/HM-armc/mutation/lowered-cpp/local_laplacian/local_laplacian.halide_generated.cpp:8683:36
local_laplacian,cxx_default_on_emitted_cpp,5eb72c8d,8,18,cxx_sub_to_add,local_laplacian.halide_generated.cpp,14022,27,generator_specific,0,0,0,,,,0,16.647,cxx_sub_to_add:/mnt/scratch1/ardi/dsl_mut/HM-armc/mutation/lowered-cpp/local_laplacian/local_laplacian.halide_generated.cpp:14022:27
local_laplacian,cxx_default_on_emitted_cpp,5eb72c8d,8,18,cxx_add_to_sub,local_laplacian.halide_generated.cpp,12442,38,generator_specific,0,0,0,,,,0,17.734,cxx_add_to_sub:/mnt/scratch1/ardi/dsl_mut/HM-armc/mutation/lowered-cpp/local_laplacian/local_laplacian.halide_generated.cpp:12442:38
local_laplacian,cxx_default_on_emitted_cpp,5eb72c8d,8,18,cxx_add_to_sub,local_laplacian.halide_generated.cpp,15745,40,generator_specific,0,0,1,,,test2_golden,0,19.442,cxx_add_to_sub:/mnt/scratch1/ardi/dsl_mut/HM-armc/mutation/lowered-cpp/local_laplacian/local_laplacian.halide_generated.cpp:15745:40
local_laplacian,cxx_default_on_emitted_cpp,5eb72c8d,8,18,cxx_sub_to_add,local_laplacian.halide_generated.cpp,7133,35,generator_specific,0,0,1,,,test2_golden,0,22.608,cxx_sub_to_add:/mnt/scratch1/ardi/dsl_mut/HM-armc/mutation/lowered-cpp/local_laplacian/local_laplacian.halide_generated.cpp:7133:35
local_laplacian,cxx_default_on_emitted_cpp,5eb72c8d,8,18,cxx_add_to_sub,local_laplacian.halide_generated.cpp,3731,22,generator_specific,0,0,1,,,test2_golden,0,24.147,cxx_add_to_sub:/mnt/scratch1/ardi/dsl_mut/HM-armc/mutation/lowered-cpp/local_laplacian/local_laplacian.halide_generated.cpp:3731:22
local_laplacian,cxx_default_on_emitted_cpp,5eb72c8d,8,18,cxx_add_to_sub,local_laplacian.halide_generated.cpp,12351,51,generator_specific,0,0,0,,,,0,23.940,cxx_add_to_sub:/mnt/scratch1/ardi/dsl_mut/HM-armc/mutation/lowered-cpp/local_laplacian/local_laplacian.halide_generated.cpp:12351:51
local_laplacian,cxx_default_on_emitted_cpp,5eb72c8d,8,18,cxx_add_to_sub,local_laplacian.halide_generated.cpp,7849,37,generator_specific,0,0,1,,,test2_golden,0,24.864,cxx_add_to_sub:/mnt/scratch1/ardi/dsl_mut/HM-armc/mutation/lowered-cpp/local_laplacian/local_laplacian.halide_generated.cpp:7849:37
local_laplacian,cxx_default_on_emitted_cpp,5eb72c8d,8,18,cxx_add_to_sub,local_laplacian.halide_generated.cpp,12474,37,generator_specific,0,0,0,,,,0,20.557,cxx_add_to_sub:/mnt/scratch1/ardi/dsl_mut/HM-armc/mutation/lowered-cpp/local_laplacian/local_laplacian.halide_generated.cpp:12474:37
local_laplacian,cxx_default_on_emitted_cpp,5eb72c8d,8,18,cxx_remove_void_call,local_laplacian.halide_generated.cpp,6299,2,generator_specific,0,0,0,,,,0,25.676,cxx_remove_void_call:/mnt/scratch1/ardi/dsl_mut/HM-armc/mutation/lowered-cpp/local_laplacian/local_laplacian.halide_generated.cpp:6299:2
local_laplacian,cxx_default_on_emitted_cpp,5eb72c8d,8,18,cxx_sub_to_add,local_laplacian.halide_generated.cpp,9076,40,generator_specific,0,0,0,,,,0,24.365,cxx_sub_to_add:/mnt/scratch1/ardi/dsl_mut/HM-armc/mutation/lowered-cpp/local_laplacian/local_laplacian.halide_generated.cpp:9076:40
local_laplacian,cxx_default_on_emitted_cpp,5eb72c8d,8,18,cxx_mul_to_div,local_laplacian.halide_generated.cpp,12470,37,generator_specific,0,0,0,,,,0,26.311,cxx_mul_to_div:/mnt/scratch1/ardi/dsl_mut/HM-armc/mutation/lowered-cpp/local_laplacian/local_laplacian.halide_generated.cpp:12470:37
local_laplacian,cxx_default_on_emitted_cpp,5eb72c8d,8,18,cxx_mul_to_div,local_laplacian.halide_generated.cpp,5987,25,generator_specific,0,0,1,,,test2_golden,0,24.276,cxx_mul_to_div:/mnt/scratch1/ardi/dsl_mut/HM-armc/mutation/lowered-cpp/local_laplacian/local_laplacian.halide_generated.cpp:5987:25
local_laplacian,cxx_default_on_emitted_cpp,5eb72c8d,8,18,cxx_add_to_sub,local_laplacian.halide_generated.cpp,8654,36,generator_specific,0,0,0,,,,0,24.842,cxx_add_to_sub:/mnt/scratch1/ardi/dsl_mut/HM-armc/mutation/lowered-cpp/local_laplacian/local_laplacian.halide_generated.cpp:8654:36
local_laplacian,cxx_default_on_emitted_cpp,5eb72c8d,8,18,cxx_mul_to_div,local_laplacian.halide_generated.cpp,10407,40,generator_specific,0,0,0,,,,0,19.654,cxx_mul_to_div:/mnt/scratch1/ardi/dsl_mut/HM-armc/mutation/lowered-cpp/local_laplacian/local_laplacian.halide_generated.cpp:10407:40
local_laplacian,cxx_default_on_emitted_cpp,5eb72c8d,8,18,cxx_mul_to_div,local_laplacian.halide_generated.cpp,16337,46,generator_specific,0,0,1,,,test2_golden,0,20.833,cxx_mul_to_div:/mnt/scratch1/ardi/dsl_mut/HM-armc/mutation/lowered-cpp/local_laplacian/local_laplacian.halide_generated.cpp:16337:46
local_laplacian,cxx_default_on_emitted_cpp,5eb72c8d,8,18,cxx_add_to_sub,local_laplacian.halide_generated.cpp,6224,26,generator_specific,0,0,1,,,test2_golden,0,17.940,cxx_add_to_sub:/mnt/scratch1/ardi/dsl_mut/HM-armc/mutation/lowered-cpp/local_laplacian/local_laplacian.halide_generated.cpp:6224:26
local_laplacian,cxx_default_on_emitted_cpp,5eb72c8d,8,18,cxx_add_to_sub,local_laplacian.halide_generated.cpp,4036,25,generator_specific,0,0,1,,,test2_golden,0,28.155,cxx_add_to_sub:/mnt/scratch1/ardi/dsl_mut/HM-armc/mutation/lowered-cpp/local_laplacian/local_laplacian.halide_generated.cpp:4036:25
local_laplacian,cxx_default_on_emitted_cpp,5eb72c8d,8,18,cxx_add_to_sub,local_laplacian.halide_generated.cpp,12693,38,generator_specific,0,0,0,,,,0,15.924,cxx_add_to_sub:/mnt/scratch1/ardi/dsl_mut/HM-armc/mutation/lowered-cpp/local_laplacian/local_laplacian.halide_generated.cpp:12693:38
local_laplacian,cxx_default_on_emitted_cpp,5eb72c8d,8,18,cxx_mul_to_div,local_laplacian.halide_generated.cpp,14216,28,generator_specific,0,0,0,,,,0,22.151,cxx_mul_to_div:/mnt/scratch1/ardi/dsl_mut/HM-armc/mutation/lowered-cpp/local_laplacian/local_laplacian.halide_generated.cpp:14216:28
local_laplacian,cxx_default_on_emitted_cpp,5eb72c8d,8,18,cxx_add_to_sub,local_laplacian.halide_generated.cpp,7455,38,generator_specific,0,0,1,,,test2_golden,0,17.355,cxx_add_to_sub:/mnt/scratch1/ardi/dsl_mut/HM-armc/mutation/lowered-cpp/local_laplacian/local_laplacian.halide_generated.cpp:7455:38
local_laplacian,cxx_default_on_emitted_cpp,5eb72c8d,8,18,cxx_mul_to_div,local_laplacian.halide_generated.cpp,9588,37,generator_specific,0,0,1,,,test2_golden,0,16.995,cxx_mul_to_div:/mnt/scratch1/ardi/dsl_mut/HM-armc/mutation/lowered-cpp/local_laplacian/local_laplacian.halide_generated.cpp:9588:37
local_laplacian,cxx_default_on_emitted_cpp,5eb72c8d,8,18,cxx_sub_to_add,local_laplacian.halide_generated.cpp,7593,37,generator_specific,0,0,1,,,test2_golden,0,19.481,cxx_sub_to_add:/mnt/scratch1/ardi/dsl_mut/HM-armc/mutation/lowered-cpp/local_laplacian/local_laplacian.halide_generated.cpp:7593:37
local_laplacian,cxx_default_on_emitted_cpp,5eb72c8d,8,18,cxx_replace_scalar_call,local_laplacian.halide_generated.cpp,13216,18,generator_specific,0,0,1,,,test2_golden,0,15.104,cxx_replace_scalar_call:/mnt/scratch1/ardi/dsl_mut/HM-armc/mutation/lowered-cpp/local_laplacian/local_laplacian.halide_generated.cpp:13216:18
local_laplacian,cxx_default_on_emitted_cpp,5eb72c8d,8,18,cxx_sub_to_add,local_laplacian.halide_generated.cpp,9700,40,generator_specific,0,0,0,,,,0,24.507,cxx_sub_to_add:/mnt/scratch1/ardi/dsl_mut/HM-armc/mutation/lowered-cpp/local_laplacian/local_laplacian.halide_generated.cpp:9700:40
local_laplacian,cxx_default_on_emitted_cpp,5eb72c8d,8,18,cxx_add_to_sub,local_laplacian.halide_generated.cpp,8190,37,generator_specific,0,0,1,,,test2_golden,0,21.025,cxx_add_to_sub:/mnt/scratch1/ardi/dsl_mut/HM-armc/mutation/lowered-cpp/local_laplacian/local_laplacian.halide_generated.cpp:8190:37
local_laplacian,cxx_default_on_emitted_cpp,5eb72c8d,8,18,cxx_add_to_sub,local_laplacian.halide_generated.cpp,16253,47,generator_specific,0,0,1,,,test2_golden,0,18.739,cxx_add_to_sub:/mnt/scratch1/ardi/dsl_mut/HM-armc/mutation/lowered-cpp/local_laplacian/local_laplacian.halide_generated.cpp:16253:47
local_laplacian,cxx_default_on_emitted_cpp,5eb72c8d,8,18,cxx_gt_to_ge,local_laplacian.halide_generated.cpp,11000,80,generator_specific,0,0,0,,,,0,19.446,cxx_gt_to_ge:/mnt/scratch1/ardi/dsl_mut/HM-armc/mutation/lowered-cpp/local_laplacian/local_laplacian.halide_generated.cpp:11000:80
local_laplacian,cxx_default_on_emitted_cpp,5eb72c8d,8,18,cxx_add_to_sub,local_laplacian.halide_generated.cpp,4772,24,generator_specific,0,0,1,,,test2_golden,0,21.392,cxx_add_to_sub:/mnt/scratch1/ardi/dsl_mut/HM-armc/mutation/lowered-cpp/local_laplacian/local_laplacian.halide_generated.cpp:4772:24
local_laplacian,cxx_default_on_emitted_cpp,5eb72c8d,8,18,cxx_gt_to_ge,local_laplacian.halide_generated.cpp,14293,30,generator_specific,0,0,0,,,,0,20.117,cxx_gt_to_ge:/mnt/scratch1/ardi/dsl_mut/HM-armc/mutation/lowered-cpp/local_laplacian/local_laplacian.halide_generated.cpp:14293:30
local_laplacian,cxx_default_on_emitted_cpp,5eb72c8d,8,18,cxx_add_to_sub,local_laplacian.halide_generated.cpp,10282,38,generator_specific,0,0,1,,,test2_golden,0,19.798,cxx_add_to_sub:/mnt/scratch1/ardi/dsl_mut/HM-armc/mutation/lowered-cpp/local_laplacian/local_laplacian.halide_generated.cpp:10282:38
local_laplacian,cxx_default_on_emitted_cpp,5eb72c8d,8,18,cxx_mul_to_div,local_laplacian.halide_generated.cpp,10177,37,generator_specific,0,0,1,,,test2_golden,0,24.668,cxx_mul_to_div:/mnt/scratch1/ardi/dsl_mut/HM-armc/mutation/lowered-cpp/local_laplacian/local_laplacian.halide_generated.cpp:10177:37
local_laplacian,cxx_default_on_emitted_cpp,5eb72c8d,8,18,cxx_add_to_sub,local_laplacian.halide_generated.cpp,14918,32,generator_specific,0,0,0,,,,0,16.049,cxx_add_to_sub:/mnt/scratch1/ardi/dsl_mut/HM-armc/mutation/lowered-cpp/local_laplacian/local_laplacian.halide_generated.cpp:14918:32
local_laplacian,cxx_default_on_emitted_cpp,5eb72c8d,8,18,cxx_add_to_sub,local_laplacian.halide_generated.cpp,12891,38,generator_specific,0,0,0,,,,0,22.357,cxx_add_to_sub:/mnt/scratch1/ardi/dsl_mut/HM-armc/mutation/lowered-cpp/local_laplacian/local_laplacian.halide_generated.cpp:12891:38
local_laplacian,cxx_default_on_emitted_cpp,5eb72c8d,8,18,cxx_mul_to_div,local_laplacian.halide_generated.cpp,11875,37,generator_specific,0,0,0,,,,0,19.423,cxx_mul_to_div:/mnt/scratch1/ardi/dsl_mut/HM-armc/mutation/lowered-cpp/local_laplacian/local_laplacian.halide_generated.cpp:11875:37
local_laplacian,cxx_default_on_emitted_cpp,5eb72c8d,8,18,cxx_add_to_sub,local_laplacian.halide_generated.cpp,13412,25,generator_specific,0,0,0,,,,0,17.643,cxx_add_to_sub:/mnt/scratch1/ardi/dsl_mut/HM-armc/mutation/lowered-cpp/local_laplacian/local_laplacian.halide_generated.cpp:13412:25
local_laplacian,cxx_default_on_emitted_cpp,5eb72c8d,8,18,cxx_add_to_sub,local_laplacian.halide_generated.cpp,12749,38,generator_specific,0,0,0,,,,0,19.118,cxx_add_to_sub:/mnt/scratch1/ardi/dsl_mut/HM-armc/mutation/lowered-cpp/local_laplacian/local_laplacian.halide_generated.cpp:12749:38
local_laplacian,cxx_default_on_emitted_cpp,5eb72c8d,8,18,cxx_add_to_sub,local_laplacian.halide_generated.cpp,11444,37,generator_specific,0,0,0,,,,0,19.160,cxx_add_to_sub:/mnt/scratch1/ardi/dsl_mut/HM-armc/mutation/lowered-cpp/local_laplacian/local_laplacian.halide_generated.cpp:11444:37
local_laplacian,cxx_default_on_emitted_cpp,5eb72c8d,8,18,cxx_add_to_sub,local_laplacian.halide_generated.cpp,3793,24,generator_specific,0,0,1,,,test2_golden,0,20.502,cxx_add_to_sub:/mnt/scratch1/ardi/dsl_mut/HM-armc/mutation/lowered-cpp/local_laplacian/local_laplacian.halide_generated.cpp:3793:24
local_laplacian,cxx_default_on_emitted_cpp,5eb72c8d,8,18,cxx_mul_to_div,local_laplacian.halide_generated.cpp,7344,40,generator_specific,0,0,1,,,test2_golden,0,17.208,cxx_mul_to_div:/mnt/scratch1/ardi/dsl_mut/HM-armc/mutation/lowered-cpp/local_laplacian/local_laplacian.halide_generated.cpp:7344:40
local_laplacian,cxx_default_on_emitted_cpp,5eb72c8d,8,18,cxx_add_to_sub,local_laplacian.halide_generated.cpp,7684,38,generator_specific,0,0,1,,,test2_golden,0,21.419,cxx_add_to_sub:/mnt/scratch1/ardi/dsl_mut/HM-armc/mutation/lowered-cpp/local_laplacian/local_laplacian.halide_generated.cpp:7684:38
local_laplacian,cxx_default_on_emitted_cpp,5eb72c8d,8,18,cxx_add_to_sub,local_laplacian.halide_generated.cpp,4115,27,generator_specific,0,0,1,,,test2_golden,0,15.624,cxx_add_to_sub:/mnt/scratch1/ardi/dsl_mut/HM-armc/mutation/lowered-cpp/local_laplacian/local_laplacian.halide_generated.cpp:4115:27
local_laplacian,cxx_default_on_emitted_cpp,5eb72c8d,8,18,cxx_mul_to_div,local_laplacian.halide_generated.cpp,10108,37,generator_specific,0,0,1,,,test2_golden,0,16.066,cxx_mul_to_div:/mnt/scratch1/ardi/dsl_mut/HM-armc/mutation/lowered-cpp/local_laplacian/local_laplacian.halide_generated.cpp:10108:37
local_laplacian,cxx_default_on_emitted_cpp,5eb72c8d,8,18,cxx_mul_to_div,local_laplacian.halide_generated.cpp,16339,46,generator_specific,0,0,1,,,test2_golden,0,20.723,cxx_mul_to_div:/mnt/scratch1/ardi/dsl_mut/HM-armc/mutation/lowered-cpp/local_laplacian/local_laplacian.halide_generated.cpp:16339:46
local_laplacian,cxx_default_on_emitted_cpp,5eb72c8d,8,18,cxx_add_to_sub,local_laplacian.halide_generated.cpp,8286,37,generator_specific,0,0,1,,,test2_golden,0,20.680,cxx_add_to_sub:/mnt/scratch1/ardi/dsl_mut/HM-armc/mutation/lowered-cpp/local_laplacian/local_laplacian.halide_generated.cpp:8286:37
local_laplacian,cxx_default_on_emitted_cpp,5eb72c8d,8,18,cxx_mul_to_div,local_laplacian.halide_generated.cpp,7513,37,generator_specific,0,0,1,,,test2_golden,0,23.045,cxx_mul_to_div:/mnt/scratch1/ardi/dsl_mut/HM-armc/mutation/lowered-cpp/local_laplacian/local_laplacian.halide_generated.cpp:7513:37
local_laplacian,cxx_default_on_emitted_cpp,5eb72c8d,8,18,cxx_add_to_sub,local_laplacian.halide_generated.cpp,4014,23,generator_specific,0,0,1,,,test2_golden,0,11.450,cxx_add_to_sub:/mnt/scratch1/ardi/dsl_mut/HM-armc/mutation/lowered-cpp/local_laplacian/local_laplacian.halide_generated.cpp:4014:23
local_laplacian,cxx_default_on_emitted_cpp,5eb72c8d,8,18,cxx_sub_to_add,local_laplacian.halide_generated.cpp,3854,24,generator_specific,-11,1,,,,test1_demo,0,0.594,cxx_sub_to_add:/mnt/scratch1/ardi/dsl_mut/HM-armc/mutation/lowered-cpp/local_laplacian/local_laplacian.halide_generated.cpp:3854:24
local_laplacian,cxx_default_on_emitted_cpp,5eb72c8d,8,18,cxx_mul_to_div,local_laplacian.halide_generated.cpp,15605,85,generator_specific,-6,1,,,,test1_demo,0,5.172,cxx_mul_to_div:/mnt/scratch1/ardi/dsl_mut/HM-armc/mutation/lowered-cpp/local_laplacian/local_laplacian.halide_generated.cpp:15605:85
local_laplacian,cxx_default_on_emitted_cpp,5eb72c8d,8,18,cxx_sub_to_add,local_laplacian.halide_generated.cpp,12571,37,generator_specific,0,0,0,,,,0,19.762,cxx_sub_to_add:/mnt/scratch1/ardi/dsl_mut/HM-armc/mutation/lowered-cpp/local_laplacian/local_laplacian.halide_generated.cpp:12571:37
local_laplacian,cxx_default_on_emitted_cpp,5eb72c8d,8,18,cxx_add_to_sub,local_laplacian.halide_generated.cpp,6507,24,generator_specific,0,0,1,,,test2_golden,0,17.499,cxx_add_to_sub:/mnt/scratch1/ardi/dsl_mut/HM-armc/mutation/lowered-cpp/local_laplacian/local_laplacian.halide_generated.cpp:6507:24
local_laplacian,cxx_default_on_emitted_cpp,5eb72c8d,8,18,cxx_lt_to_le,local_laplacian.halide_generated.cpp,9038,59,generator_specific,0,0,0,,,,0,22.640,cxx_lt_to_le:/mnt/scratch1/ardi/dsl_mut/HM-armc/mutation/lowered-cpp/local_laplacian/local_laplacian.halide_generated.cpp:9038:59
local_laplacian,cxx_default_on_emitted_cpp,5eb72c8d,8,18,cxx_mul_to_div,local_laplacian.halide_generated.cpp,12968,37,generator_specific,0,0,0,,,,0,16.029,cxx_mul_to_div:/mnt/scratch1/ardi/dsl_mut/HM-armc/mutation/lowered-cpp/local_laplacian/local_laplacian.halide_generated.cpp:12968:37
local_laplacian,cxx_default_on_emitted_cpp,5eb72c8d,8,18,cxx_sub_to_add,local_laplacian.halide_generated.cpp,7584,37,generator_specific,0,0,1,,,test2_golden,0,20.363,cxx_sub_to_add:/mnt/scratch1/ardi/dsl_mut/HM-armc/mutation/lowered-cpp/local_laplacian/local_laplacian.halide_generated.cpp:7584:37
local_laplacian,cxx_default_on_emitted_cpp,5eb72c8d,8,18,cxx_sub_to_add,local_laplacian.halide_generated.cpp,9867,37,generator_specific,0,0,1,,,test2_golden,0,25.536,cxx_sub_to_add:/mnt/scratch1/ardi/dsl_mut/HM-armc/mutation/lowered-cpp/local_laplacian/local_laplacian.halide_generated.cpp:9867:37
local_laplacian,cxx_default_on_emitted_cpp,5eb72c8d,8,18,cxx_sub_to_add,local_laplacian.halide_generated.cpp,3679,21,generator_specific,0,0,0,,,,0,21.950,cxx_sub_to_add:/mnt/scratch1/ardi/dsl_mut/HM-armc/mutation/lowered-cpp/local_laplacian/local_laplacian.halide_generated.cpp:3679:21
local_laplacian,cxx_default_on_emitted_cpp,5eb72c8d,8,18,cxx_mul_to_div,local_laplacian.halide_generated.cpp,10564,37,generator_specific,0,0,0,,,,0,21.925,cxx_mul_to_div:/mnt/scratch1/ardi/dsl_mut/HM-armc/mutation/lowered-cpp/local_laplacian/local_laplacian.halide_generated.cpp:10564:37
local_laplacian,cxx_default_on_emitted_cpp,5eb72c8d,8,18,cxx_add_to_sub,local_laplacian.halide_generated.cpp,11602,37,generator_specific,0,0,0,,,,0,17.494,cxx_add_to_sub:/mnt/scratch1/ardi/dsl_mut/HM-armc/mutation/lowered-cpp/local_laplacian/local_laplacian.halide_generated.cpp:11602:37
local_laplacian,cxx_default_on_emitted_cpp,5eb72c8d,8,18,cxx_add_to_sub,local_laplacian.halide_generated.cpp,8674,36,generator_specific,0,0,0,,,,0,22.750,cxx_add_to_sub:/mnt/scratch1/ardi/dsl_mut/HM-armc/mutation/lowered-cpp/local_laplacian/local_laplacian.halide_generated.cpp:8674:36
local_laplacian,cxx_default_on_emitted_cpp,5eb72c8d,8,18,cxx_remove_void_call,local_laplacian.halide_generated.cpp,5100,2,generator_specific,0,0,0,,,,0,19.110,cxx_remove_void_call:/mnt/scratch1/ardi/dsl_mut/HM-armc/mutation/lowered-cpp/local_laplacian/local_laplacian.halide_generated.cpp:5100:2
local_laplacian,cxx_default_on_emitted_cpp,5eb72c8d,8,18,cxx_add_to_sub,local_laplacian.halide_generated.cpp,11079,48,generator_specific,0,0,0,,,,0,23.027,cxx_add_to_sub:/mnt/scratch1/ardi/dsl_mut/HM-armc/mutation/lowered-cpp/local_laplacian/local_laplacian.halide_generated.cpp:11079:48
local_laplacian,cxx_default_on_emitted_cpp,5eb72c8d,8,18,cxx_add_to_sub,local_laplacian.halide_generated.cpp,9752,38,generator_specific,0,0,1,,,test2_golden,0,20.083,cxx_add_to_sub:/mnt/scratch1/ardi/dsl_mut/HM-armc/mutation/lowered-cpp/local_laplacian/local_laplacian.halide_generated.cpp:9752:38
local_laplacian,cxx_default_on_emitted_cpp,5eb72c8d,8,18,cxx_add_to_sub,local_laplacian.halide_generated.cpp,16131,46,generator_specific,0,0,1,,,test2_golden,0,22.038,cxx_add_to_sub:/mnt/scratch1/ardi/dsl_mut/HM-armc/mutation/lowered-cpp/local_laplacian/local_laplacian.halide_generated.cpp:16131:46
local_laplacian,cxx_default_on_emitted_cpp,5eb72c8d,8,18,cxx_sub_to_add,local_laplacian.halide_generated.cpp,15512,39,generator_specific,0,0,1,,,test2_golden,0,16.978,cxx_sub_to_add:/mnt/scratch1/ardi/dsl_mut/HM-armc/mutation/lowered-cpp/local_laplacian/local_laplacian.halide_generated.cpp:15512:39
local_laplacian,cxx_default_on_emitted_cpp,5eb72c8d,8,18,cxx_mul_to_div,local_laplacian.halide_generated.cpp,9229,37,generator_specific,0,0,1,,,test2_golden,0,25.360,cxx_mul_to_div:/mnt/scratch1/ardi/dsl_mut/HM-armc/mutation/lowered-cpp/local_laplacian/local_laplacian.halide_generated.cpp:9229:37
local_laplacian,cxx_default_on_emitted_cpp,5eb72c8d,8,18,cxx_mul_to_div,local_laplacian.halide_generated.cpp,8006,37,generator_specific,0,0,1,,,test2_golden,0,19.409,cxx_mul_to_div:/mnt/scratch1/ardi/dsl_mut/HM-armc/mutation/lowered-cpp/local_laplacian/local_laplacian.halide_generated.cpp:8006:37
local_laplacian,cxx_default_on_emitted_cpp,5eb72c8d,8,18,cxx_mul_to_div,local_laplacian.halide_generated.cpp,15301,35,generator_specific,0,0,0,,,,0,18.808,cxx_mul_to_div:/mnt/scratch1/ardi/dsl_mut/HM-armc/mutation/lowered-cpp/local_laplacian/local_laplacian.halide_generated.cpp:15301:35
local_laplacian,cxx_default_on_emitted_cpp,5eb72c8d,8,18,cxx_add_to_sub,local_laplacian.halide_generated.cpp,5589,27,generator_specific,0,0,1,,,test2_golden,0,17.300,cxx_add_to_sub:/mnt/scratch1/ardi/dsl_mut/HM-armc/mutation/lowered-cpp/local_laplacian/local_laplacian.halide_generated.cpp:5589:27
local_laplacian,cxx_default_on_emitted_cpp,5eb72c8d,8,18,cxx_mul_to_div,local_laplacian.halide_generated.cpp,10971,59,generator_specific,0,0,0,,,,0,17.034,cxx_mul_to_div:/mnt/scratch1/ardi/dsl_mut/HM-armc/mutation/lowered-cpp/local_laplacian/local_laplacian.halide_generated.cpp:10971:59
local_laplacian,cxx_default_on_emitted_cpp,5eb72c8d,8,18,cxx_add_to_sub,local_laplacian.halide_generated.cpp,7972,36,generator_specific,0,0,1,,,test2_golden,0,18.453,cxx_add_to_sub:/mnt/scratch1/ardi/dsl_mut/HM-armc/mutation/lowered-cpp/local_laplacian/local_laplacian.halide_generated.cpp:7972:36
local_laplacian,cxx_default_on_emitted_cpp,5eb72c8d,8,18,cxx_gt_to_ge,local_laplacian.halide_generated.cpp,15325,82,generator_specific,0,0,0,,,,0,20.069,cxx_gt_to_ge:/mnt/scratch1/ardi/dsl_mut/HM-armc/mutation/lowered-cpp/local_laplacian/local_laplacian.halide_generated.cpp:15325:82
local_laplacian,cxx_default_on_emitted_cpp,5eb72c8d,8,18,cxx_lt_to_ge,local_laplacian.halide_generated.cpp,5984,52,generator_specific,0,0,1,,,test2_golden,0,20.737,cxx_lt_to_ge:/mnt/scratch1/ardi/dsl_mut/HM-armc/mutation/lowered-cpp/local_laplacian/local_laplacian.halide_generated.cpp:5984:52
local_laplacian,cxx_default_on_emitted_cpp,5eb72c8d,8,18,cxx_post_inc_to_post_dec,local_laplacian.halide_generated.cpp,10710,116,generator_specific,-11,1,,,,test1_demo,0,6.667,cxx_post_inc_to_post_dec:/mnt/scratch1/ardi/dsl_mut/HM-armc/mutation/lowered-cpp/local_laplacian/local_laplacian.halide_generated.cpp:10710:116
local_laplacian,cxx_default_on_emitted_cpp,5eb72c8d,8,18,cxx_sub_to_add,local_laplacian.halide_generated.cpp,7767,36,generator_specific,0,0,1,,,test2_golden,0,20.003,cxx_sub_to_add:/mnt/scratch1/ardi/dsl_mut/HM-armc/mutation/lowered-cpp/local_laplacian/local_laplacian.halide_generated.cpp:7767:36
local_laplacian,cxx_default_on_emitted_cpp,5eb72c8d,8,18,cxx_add_to_sub,local_laplacian.halide_generated.cpp,13237,24,generator_specific,0,0,0,,,,0,19.973,cxx_add_to_sub:/mnt/scratch1/ardi/dsl_mut/HM-armc/mutation/lowered-cpp/local_laplacian/local_laplacian.halide_generated.cpp:13237:24
local_laplacian,cxx_default_on_emitted_cpp,5eb72c8d,8,18,cxx_mul_to_div,local_laplacian.halide_generated.cpp,12640,38,generator_specific,0,0,0,,,,0,21.898,cxx_mul_to_div:/mnt/scratch1/ardi/dsl_mut/HM-armc/mutation/lowered-cpp/local_laplacian/local_laplacian.halide_generated.cpp:12640:38
local_laplacian,cxx_default_on_emitted_cpp,5eb72c8d,8,18,cxx_sub_to_add,local_laplacian.halide_generated.cpp,10704,37,generator_specific,0,0,0,,,,0,18.468,cxx_sub_to_add:/mnt/scratch1/ardi/dsl_mut/HM-armc/mutation/lowered-cpp/local_laplacian/local_laplacian.halide_generated.cpp:10704:37
local_laplacian,cxx_default_on_emitted_cpp,5eb72c8d,8,18,cxx_remove_void_call,local_laplacian.halide_generated.cpp,5478,4,generator_specific,0,0,1,,,test2_golden,0,17.519,cxx_remove_void_call:/mnt/scratch1/ardi/dsl_mut/HM-armc/mutation/lowered-cpp/local_laplacian/local_laplacian.halide_generated.cpp:5478:4
local_laplacian,cxx_default_on_emitted_cpp,5eb72c8d,8,18,cxx_gt_to_le,local_laplacian.halide_generated.cpp,15486,27,generator_specific,-6,1,,,,test1_demo,0,6.025,cxx_gt_to_le:/mnt/scratch1/ardi/dsl_mut/HM-armc/mutation/lowered-cpp/local_laplacian/local_laplacian.halide_generated.cpp:15486:27
local_laplacian,cxx_default_on_emitted_cpp,5eb72c8d,8,18,cxx_add_to_sub,local_laplacian.halide_generated.cpp,4819,26,generator_specific,0,0,1,,,test2_golden,0,18.229,cxx_add_to_sub:/mnt/scratch1/ardi/dsl_mut/HM-armc/mutation/lowered-cpp/local_laplacian/local_laplacian.halide_generated.cpp:4819:26
local_laplacian,cxx_default_on_emitted_cpp,5eb72c8d,8,18,cxx_sub_to_add,local_laplacian.halide_generated.cpp,14623,31,generator_specific,-11,1,,,,test1_demo,0,6.088,cxx_sub_to_add:/mnt/scratch1/ardi/dsl_mut/HM-armc/mutation/lowered-cpp/local_laplacian/local_laplacian.halide_generated.cpp:14623:31
local_laplacian,cxx_default_on_emitted_cpp,5eb72c8d,8,18,cxx_replace_scalar_call,local_laplacian.halide_generated.cpp,13159,18,generator_specific,0,0,0,,,,0,28.013,cxx_replace_scalar_call:/mnt/scratch1/ardi/dsl_mut/HM-armc/mutation/lowered-cpp/local_laplacian/local_laplacian.halide_generated.cpp:13159:18
local_laplacian,cxx_default_on_emitted_cpp,5eb72c8d,8,18,cxx_sub_to_add,local_laplacian.halide_generated.cpp,8490,36,generator_specific,0,0,1,,,test2_golden,0,18.132,cxx_sub_to_add:/mnt/scratch1/ardi/dsl_mut/HM-armc/mutation/lowered-cpp/local_laplacian/local_laplacian.halide_generated.cpp:8490:36
local_laplacian,cxx_default_on_emitted_cpp,5eb72c8d,8,18,cxx_add_to_sub,local_laplacian.halide_generated.cpp,11980,36,generator_specific,0,0,0,,,,0,19.280,cxx_add_to_sub:/mnt/scratch1/ardi/dsl_mut/HM-armc/mutation/lowered-cpp/local_laplacian/local_laplacian.halide_generated.cpp:11980:36
local_laplacian,cxx_default_on_emitted_cpp,5eb72c8d,8,18,cxx_add_to_sub,local_laplacian.halide_generated.cpp,12391,40,generator_specific,0,0,0,,,,0,18.571,cxx_add_to_sub:/mnt/scratch1/ardi/dsl_mut/HM-armc/mutation/lowered-cpp/local_laplacian/local_laplacian.halide_generated.cpp:12391:40
local_laplacian,cxx_default_on_emitted_cpp,5eb72c8d,8,18,cxx_post_inc_to_post_dec,local_laplacian.halide_generated.cpp,12688,86,generator_specific,0,0,0,,,,0,25.585,cxx_post_inc_to_post_dec:/mnt/scratch1/ardi/dsl_mut/HM-armc/mutation/lowered-cpp/local_laplacian/local_laplacian.halide_generated.cpp:12688:86
local_laplacian,cxx_default_on_emitted_cpp,5eb72c8d,8,18,cxx_add_to_sub,local_laplacian.halide_generated.cpp,10533,37,generator_specific,0,0,0,,,,0,26.358,cxx_add_to_sub:/mnt/scratch1/ardi/dsl_mut/HM-armc/mutation/lowered-cpp/local_laplacian/local_laplacian.halide_generated.cpp:10533:37
local_laplacian,cxx_default_on_emitted_cpp,5eb72c8d,8,18,cxx_add_to_sub,local_laplacian.halide_generated.cpp,11741,40,generator_specific,0,0,0,,,,0,16.329,cxx_add_to_sub:/mnt/scratch1/ardi/dsl_mut/HM-armc/mutation/lowered-cpp/local_laplacian/local_laplacian.halide_generated.cpp:11741:40
local_laplacian,cxx_default_on_emitted_cpp,5eb72c8d,8,18,cxx_mul_to_div,local_laplacian.halide_generated.cpp,9252,37,generator_specific,0,0,1,,,test2_golden,0,20.456,cxx_mul_to_div:/mnt/scratch1/ardi/dsl_mut/HM-armc/mutation/lowered-cpp/local_laplacian/local_laplacian.halide_generated.cpp:9252:37
local_laplacian,cxx_default_on_emitted_cpp,5eb72c8d,8,18,cxx_add_to_sub,local_laplacian.halide_generated.cpp,10968,31,generator_specific,0,0,0,,,,0,25.348,cxx_add_to_sub:/mnt/scratch1/ardi/dsl_mut/HM-armc/mutation/lowered-cpp/local_laplacian/local_laplacian.halide_generated.cpp:10968:31
local_laplacian,cxx_default_on_emitted_cpp,5eb72c8d,8,18,cxx_le_to_gt,local_laplacian.halide_generated.cpp,13500,22,generator_specific,0,0,1,,,test2_golden,0,1.980,cxx_le_to_gt:/mnt/scratch1/ardi/dsl_mut/HM-armc/mutation/lowered-cpp/local_laplacian/local_laplacian.halide_generated.cpp:13500:22
local_laplacian,cxx_default_on_emitted_cpp,5eb72c8d,8,18,cxx_replace_scalar_call,local_laplacian.halide_generated.cpp,6256,18,generator_specific,0,0,1,,,test2_golden,0,20.216,cxx_replace_scalar_call:/mnt/scratch1/ardi/dsl_mut/HM-armc/mutation/lowered-cpp/local_laplacian/local_laplacian.halide_generated.cpp:6256:18
local_laplacian,cxx_default_on_emitted_cpp,5eb72c8d,8,18,cxx_mul_to_div,local_laplacian.halide_generated.cpp,11417,37,generator_specific,0,0,0,,,,0,16.034,cxx_mul_to_div:/mnt/scratch1/ardi/dsl_mut/HM-armc/mutation/lowered-cpp/local_laplacian/local_laplacian.halide_generated.cpp:11417:37
local_laplacian,cxx_default_on_emitted_cpp,5eb72c8d,8,18,cxx_add_to_sub,local_laplacian.halide_generated.cpp,10718,38,generator_specific,0,0,0,,,,0,20.012,cxx_add_to_sub:/mnt/scratch1/ardi/dsl_mut/HM-armc/mutation/lowered-cpp/local_laplacian/local_laplacian.halide_generated.cpp:10718:38
local_laplacian,cxx_default_on_emitted_cpp,5eb72c8d,8,18,cxx_mul_to_div,local_laplacian.halide_generated.cpp,13562,25,generator_specific,0,0,0,,,,0,21.990,cxx_mul_to_div:/mnt/scratch1/ardi/dsl_mut/HM-armc/mutation/lowered-cpp/local_laplacian/local_laplacian.halide_generated.cpp:13562:25
local_laplacian,cxx_default_on_emitted_cpp,5eb72c8d,8,18,cxx_add_to_sub,local_laplacian.halide_generated.cpp,8297,51,generator_specific,0,0,1,,,test2_golden,0,18.427,cxx_add_to_sub:/mnt/scratch1/ardi/dsl_mut/HM-armc/mutation/lowered-cpp/local_laplacian/local_laplacian.halide_generated.cpp:8297:51
local_laplacian,cxx_default_on_emitted_cpp,5eb72c8d,8,18,cxx_sub_to_add,local_laplacian.halide_generated.cpp,10066,38,generator_specific,-11,1,,,,test1_demo,0,11.231,cxx_sub_to_add:/mnt/scratch1/ardi/dsl_mut/HM-armc/mutation/lowered-cpp/local_laplacian/local_laplacian.halide_generated.cpp:10066:38
local_laplacian,cxx_default_on_emitted_cpp,5eb72c8d,8,18,cxx_add_to_sub,local_laplacian.halide_generated.cpp,7724,37,generator_specific,0,0,1,,,test2_golden,0,19.127,cxx_add_to_sub:/mnt/scratch1/ardi/dsl_mut/HM-armc/mutation/lowered-cpp/local_laplacian/local_laplacian.halide_generated.cpp:7724:37
local_laplacian,cxx_default_on_emitted_cpp,5eb72c8d,8,18,cxx_mul_to_div,local_laplacian.halide_generated.cpp,4592,24,generator_specific,0,0,1,,,test2_golden,0,22.830,cxx_mul_to_div:/mnt/scratch1/ardi/dsl_mut/HM-armc/mutation/lowered-cpp/local_laplacian/local_laplacian.halide_generated.cpp:4592:24
local_laplacian,cxx_default_on_emitted_cpp,5eb72c8d,8,18,cxx_mul_to_div,local_laplacian.halide_generated.cpp,11806,37,generator_specific,0,0,0,,,,0,25.095,cxx_mul_to_div:/mnt/scratch1/ardi/dsl_mut/HM-armc/mutation/lowered-cpp/local_laplacian/local_laplacian.halide_generated.cpp:11806:37
local_laplacian,cxx_default_on_emitted_cpp,5eb72c8d,8,18,cxx_mul_to_div,local_laplacian.halide_generated.cpp,8842,37,generator_specific,0,0,1,,,test2_golden,0,20.990,cxx_mul_to_div:/mnt/scratch1/ardi/dsl_mut/HM-armc/mutation/lowered-cpp/local_laplacian/local_laplacian.halide_generated.cpp:8842:37
local_laplacian,cxx_default_on_emitted_cpp,5eb72c8d,8,18,cxx_gt_to_ge,local_laplacian.halide_generated.cpp,7001,20,generator_specific,0,0,0,,,,0,22.052,cxx_gt_to_ge:/mnt/scratch1/ardi/dsl_mut/HM-armc/mutation/lowered-cpp/local_laplacian/local_laplacian.halide_generated.cpp:7001:20
local_laplacian,cxx_default_on_emitted_cpp,5eb72c8d,8,18,cxx_le_to_gt,local_laplacian.halide_generated.cpp,13685,22,generator_specific,-6,1,,,,test1_demo,0,0.706,cxx_le_to_gt:/mnt/scratch1/ardi/dsl_mut/HM-armc/mutation/lowered-cpp/local_laplacian/local_laplacian.halide_generated.cpp:13685:22
local_laplacian,cxx_default_on_emitted_cpp,5eb72c8d,8,18,cxx_mul_to_div,local_laplacian.halide_generated.cpp,16393,46,generator_specific,0,0,1,,,test2_golden,0,19.186,cxx_mul_to_div:/mnt/scratch1/ardi/dsl_mut/HM-armc/mutation/lowered-cpp/local_laplacian/local_laplacian.halide_generated.cpp:16393:46
local_laplacian,cxx_default_on_emitted_cpp,5eb72c8d,8,18,cxx_add_to_sub,local_laplacian.halide_generated.cpp,11180,63,generator_specific,0,0,0,,,,0,21.668,cxx_add_to_sub:/mnt/scratch1/ardi/dsl_mut/HM-armc/mutation/lowered-cpp/local_laplacian/local_laplacian.halide_generated.cpp:11180:63
local_laplacian,cxx_default_on_emitted_cpp,5eb72c8d,8,18,cxx_mul_to_div,local_laplacian.halide_generated.cpp,12593,37,generator_specific,0,0,0,,,,0,19.308,cxx_mul_to_div:/mnt/scratch1/ardi/dsl_mut/HM-armc/mutation/lowered-cpp/local_laplacian/local_laplacian.halide_generated.cpp:12593:37
local_laplacian,cxx_default_on_emitted_cpp,5eb72c8d,8,18,cxx_add_to_sub,local_laplacian.halide_generated.cpp,13886,26,generator_specific,0,0,0,,,,0,40.192,cxx_add_to_sub:/mnt/scratch1/ardi/dsl_mut/HM-armc/mutation/lowered-cpp/local_laplacian/local_laplacian.halide_generated.cpp:13886:26
local_laplacian,cxx_default_on_emitted_cpp,5eb72c8d,8,18,cxx_add_to_sub,local_laplacian.halide_generated.cpp,12046,38,generator_specific,0,0,0,,,,0,16.646,cxx_add_to_sub:/mnt/scratch1/ardi/dsl_mut/HM-armc/mutation/lowered-cpp/local_laplacian/local_laplacian.halide_generated.cpp:12046:38
local_laplacian,cxx_default_on_emitted_cpp,5eb72c8d,8,18,cxx_add_to_sub,local_laplacian.halide_generated.cpp,5634,26,generator_specific,0,0,1,,,test2_golden,0,17.486,cxx_add_to_sub:/mnt/scratch1/ardi/dsl_mut/HM-armc/mutation/lowered-cpp/local_laplacian/local_laplacian.halide_generated.cpp:5634:26
local_laplacian,cxx_default_on_emitted_cpp,5eb72c8d,8,18,cxx_mul_to_div,local_laplacian.halide_generated.cpp,11074,36,generator_specific,0,0,0,,,,0,18.346,cxx_mul_to_div:/mnt/scratch1/ardi/dsl_mut/HM-armc/mutation/lowered-cpp/local_laplacian/local_laplacian.halide_generated.cpp:11074:36
local_laplacian,cxx_default_on_emitted_cpp,5eb72c8d,8,18,cxx_mul_to_div,local_laplacian.halide_generated.cpp,4984,25,generator_specific,0,0,1,,,test2_golden,0,18.626,cxx_mul_to_div:/mnt/scratch1/ardi/dsl_mut/HM-armc/mutation/lowered-cpp/local_laplacian/local_laplacian.halide_generated.cpp:4984:25
local_laplacian,cxx_default_on_emitted_cpp,5eb72c8d,8,18,cxx_mul_to_div,local_laplacian.halide_generated.cpp,10802,38,generator_specific,0,0,0,,,,0,18.576,cxx_mul_to_div:/mnt/scratch1/ardi/dsl_mut/HM-armc/mutation/lowered-cpp/local_laplacian/local_laplacian.halide_generated.cpp:10802:38
local_laplacian,cxx_default_on_emitted_cpp,5eb72c8d,8,18,cxx_add_to_sub,local_laplacian.halide_generated.cpp,14080,27,generator_specific,0,0,0,,,,0,19.982,cxx_add_to_sub:/mnt/scratch1/ardi/dsl_mut/HM-armc/mutation/lowered-cpp/local_laplacian/local_laplacian.halide_generated.cpp:14080:27
local_laplacian,cxx_default_on_emitted_cpp,5eb72c8d,8,18,cxx_add_to_sub,local_laplacian.halide_generated.cpp,10300,37,generator_specific,0,0,1,,,test2_golden,0,17.856,cxx_add_to_sub:/mnt/scratch1/ardi/dsl_mut/HM-armc/mutation/lowered-cpp/local_laplacian/local_laplacian.halide_generated.cpp:10300:37
local_laplacian,cxx_default_on_emitted_cpp,5eb72c8d,8,18,cxx_sub_to_add,local_laplacian.halide_generated.cpp,4525,24,generator_specific,0,0,1,,,test2_golden,0,17.337,cxx_sub_to_add:/mnt/scratch1/ardi/dsl_mut/HM-armc/mutation/lowered-cpp/local_laplacian/local_laplacian.halide_generated.cpp:4525:24
local_laplacian,cxx_default_on_emitted_cpp,5eb72c8d,8,18,cxx_add_to_sub,local_laplacian.halide_generated.cpp,12355,37,generator_specific,0,0,0,,,,0,19.152,cxx_add_to_sub:/mnt/scratch1/ardi/dsl_mut/HM-armc/mutation/lowered-cpp/local_laplacian/local_laplacian.halide_generated.cpp:12355:37
local_laplacian,cxx_default_on_emitted_cpp,5eb72c8d,8,18,cxx_sub_to_add,local_laplacian.halide_generated.cpp,11883,38,generator_specific,0,0,0,,,,0,16.378,cxx_sub_to_add:/mnt/scratch1/ardi/dsl_mut/HM-armc/mutation/lowered-cpp/local_laplacian/local_laplacian.halide_generated.cpp:11883:38
local_laplacian,cxx_default_on_emitted_cpp,5eb72c8d,8,18,cxx_mul_to_div,local_laplacian.halide_generated.cpp,12451,36,generator_specific,0,0,0,,,,0,17.256,cxx_mul_to_div:/mnt/scratch1/ardi/dsl_mut/HM-armc/mutation/lowered-cpp/local_laplacian/local_laplacian.halide_generated.cpp:12451:36
local_laplacian,cxx_default_on_emitted_cpp,5eb72c8d,8,18,cxx_add_to_sub,local_laplacian.halide_generated.cpp,11465,36,generator_specific,0,0,0,,,,0,26.003,cxx_add_to_sub:/mnt/scratch1/ardi/dsl_mut/HM-armc/mutation/lowered-cpp/local_laplacian/local_laplacian.halide_generated.cpp:11465:36
local_laplacian,cxx_default_on_emitted_cpp,5eb72c8d,8,18,cxx_mul_to_div,local_laplacian.halide_generated.cpp,9616,37,generator_specific,0,0,1,,,test2_golden,0,23.215,cxx_mul_to_div:/mnt/scratch1/ardi/dsl_mut/HM-armc/mutation/lowered-cpp/local_laplacian/local_laplacian.halide_generated.cpp:9616:37
local_laplacian,cxx_default_on_emitted_cpp,5eb72c8d,8,18,cxx_add_to_sub,local_laplacian.halide_generated.cpp,14587,30,generator_specific,0,0,0,,,,0,18.362,cxx_add_to_sub:/mnt/scratch1/ardi/dsl_mut/HM-armc/mutation/lowered-cpp/local_laplacian/local_laplacian.halide_generated.cpp:14587:30
local_laplacian,cxx_default_on_emitted_cpp,5eb72c8d,8,18,cxx_add_to_sub,local_laplacian.halide_generated.cpp,16508,46,generator_specific,0,0,0,,,,0,19.602,cxx_add_to_sub:/mnt/scratch1/ardi/dsl_mut/HM-armc/mutation/lowered-cpp/local_laplacian/local_laplacian.halide_generated.cpp:16508:46
local_laplacian,cxx_default_on_emitted_cpp,5eb72c8d,8,18,cxx_add_to_sub,local_laplacian.halide_generated.cpp,14708,31,generator_specific,0,0,1,,,test2_golden,0,21.585,cxx_add_to_sub:/mnt/scratch1/ardi/dsl_mut/HM-armc/mutation/lowered-cpp/local_laplacian/local_laplacian.halide_generated.cpp:14708:31
local_laplacian,cxx_default_on_emitted_cpp,5eb72c8d,8,18,cxx_add_to_sub,local_laplacian.halide_generated.cpp,8607,36,generator_specific,0,0,0,,,,0,21.081,cxx_add_to_sub:/mnt/scratch1/ardi/dsl_mut/HM-armc/mutation/lowered-cpp/local_laplacian/local_laplacian.halide_generated.cpp:8607:36
local_laplacian,cxx_default_on_emitted_cpp,5eb72c8d,8,18,cxx_add_to_sub,local_laplacian.halide_generated.cpp,12794,38,generator_specific,0,0,0,,,,0,19.505,cxx_add_to_sub:/mnt/scratch1/ardi/dsl_mut/HM-armc/mutation/lowered-cpp/local_laplacian/local_laplacian.halide_generated.cpp:12794:38
local_laplacian,cxx_default_on_emitted_cpp,5eb72c8d,8,18,cxx_mul_to_div,local_laplacian.halide_generated.cpp,14656,31,generator_specific,0,0,1,,,test2_golden,0,19.151,cxx_mul_to_div:/mnt/scratch1/ardi/dsl_mut/HM-armc/mutation/lowered-cpp/local_laplacian/local_laplacian.halide_generated.cpp:14656:31
local_laplacian,cxx_default_on_emitted_cpp,5eb72c8d,8,18,cxx_add_to_sub,local_laplacian.halide_generated.cpp,15530,40,generator_specific,0,0,1,,,test2_golden,0,25.481,cxx_add_to_sub:/mnt/scratch1/ardi/dsl_mut/HM-armc/mutation/lowered-cpp/local_laplacian/local_laplacian.halide_generated.cpp:15530:40
local_laplacian,cxx_default_on_emitted_cpp,5eb72c8d,8,18,cxx_mul_to_div,local_laplacian.halide_generated.cpp,14091,74,generator_specific,-11,1,,,,test1_demo,0,0.947,cxx_mul_to_div:/mnt/scratch1/ardi/dsl_mut/HM-armc/mutation/lowered-cpp/local_laplacian/local_laplacian.halide_generated.cpp:14091:74
local_laplacian,cxx_default_on_emitted_cpp,5eb72c8d,8,18,cxx_add_to_sub,local_laplacian.halide_generated.cpp,12874,37,generator_specific,0,0,0,,,,0,28.351,cxx_add_to_sub:/mnt/scratch1/ardi/dsl_mut/HM-armc/mutation/lowered-cpp/local_laplacian/local_laplacian.halide_generated.cpp:12874:37
local_laplacian,cxx_default_on_emitted_cpp,5eb72c8d,8,18,cxx_sub_to_add,local_laplacian.halide_generated.cpp,11785,37,generator_specific,0,0,0,,,,0,21.179,cxx_sub_to_add:/mnt/scratch1/ardi/dsl_mut/HM-armc/mutation/lowered-cpp/local_laplacian/local_laplacian.halide_generated.cpp:11785:37
local_laplacian,cxx_default_on_emitted_cpp,5eb72c8d,8,18,cxx_replace_scalar_call,local_laplacian.halide_generated.cpp,13749,20,generator_specific,0,0,0,,,,0,23.664,cxx_replace_scalar_call:/mnt/scratch1/ardi/dsl_mut/HM-armc/mutation/lowered-cpp/local_laplacian/local_laplacian.halide_generated.cpp:13749:20
local_laplacian,cxx_default_on_emitted_cpp,5eb72c8d,8,18,cxx_lt_to_le,local_laplacian.halide_generated.cpp,11481,29,generator_specific,0,0,0,,,,0,26.760,cxx_lt_to_le:/mnt/scratch1/ardi/dsl_mut/HM-armc/mutation/lowered-cpp/local_laplacian/local_laplacian.halide_generated.cpp:11481:29
local_laplacian,cxx_default_on_emitted_cpp,5eb72c8d,8,18,cxx_add_to_sub,local_laplacian.halide_generated.cpp,8090,38,generator_specific,0,0,1,,,test2_golden,0,18.622,cxx_add_to_sub:/mnt/scratch1/ardi/dsl_mut/HM-armc/mutation/lowered-cpp/local_laplacian/local_laplacian.halide_generated.cpp:8090:38
local_laplacian,cxx_default_on_emitted_cpp,5eb72c8d,8,18,cxx_mul_to_div,local_laplacian.halide_generated.cpp,12254,37,generator_specific,0,0,0,,,,0,18.115,cxx_mul_to_div:/mnt/scratch1/ardi/dsl_mut/HM-armc/mutation/lowered-cpp/local_laplacian/local_laplacian.halide_generated.cpp:12254:37
local_laplacian,cxx_default_on_emitted_cpp,5eb72c8d,8,18,cxx_add_to_sub,local_laplacian.halide_generated.cpp,6514,26,generator_specific,0,0,1,,,test2_golden,0,21.315,cxx_add_to_sub:/mnt/scratch1/ardi/dsl_mut/HM-armc/mutation/lowered-cpp/local_laplacian/local_laplacian.halide_generated.cpp:6514:26
local_laplacian,cxx_default_on_emitted_cpp,5eb72c8d,8,18,cxx_add_to_sub,local_laplacian.halide_generated.cpp,8154,37,generator_specific,0,0,1,,,test2_golden,0,21.018,cxx_add_to_sub:/mnt/scratch1/ardi/dsl_mut/HM-armc/mutation/lowered-cpp/local_laplacian/local_laplacian.halide_generated.cpp:8154:37
local_laplacian,cxx_default_on_emitted_cpp,5eb72c8d,8,18,cxx_replace_scalar_call,local_laplacian.halide_generated.cpp,13770,19,generator_specific,0,0,0,,,,0,29.640,cxx_replace_scalar_call:/mnt/scratch1/ardi/dsl_mut/HM-armc/mutation/lowered-cpp/local_laplacian/local_laplacian.halide_generated.cpp:13770:19
local_laplacian,cxx_default_on_emitted_cpp,5eb72c8d,8,18,cxx_add_to_sub,local_laplacian.halide_generated.cpp,5662,27,generator_specific,0,0,1,,,test2_golden,0,23.040,cxx_add_to_sub:/mnt/scratch1/ardi/dsl_mut/HM-armc/mutation/lowered-cpp/local_laplacian/local_laplacian.halide_generated.cpp:5662:27
local_laplacian,cxx_default_on_emitted_cpp,5eb72c8d,8,18,cxx_mul_to_div,local_laplacian.halide_generated.cpp,10618,37,generator_specific,0,0,0,,,,0,18.617,cxx_mul_to_div:/mnt/scratch1/ardi/dsl_mut/HM-armc/mutation/lowered-cpp/local_laplacian/local_laplacian.halide_generated.cpp:10618:37
local_laplacian,cxx_default_on_emitted_cpp,5eb72c8d,8,18,cxx_add_to_sub,local_laplacian.halide_generated.cpp,15286,35,generator_specific,0,0,0,,,,0,15.926,cxx_add_to_sub:/mnt/scratch1/ardi/dsl_mut/HM-armc/mutation/lowered-cpp/local_laplacian/local_laplacian.halide_generated.cpp:15286:35
local_laplacian,cxx_default_on_emitted_cpp,5eb72c8d,8,18,cxx_add_to_sub,local_laplacian.halide_generated.cpp,11877,37,generator_specific,0,0,0,,,,0,18.512,cxx_add_to_sub:/mnt/scratch1/ardi/dsl_mut/HM-armc/mutation/lowered-cpp/local_laplacian/local_laplacian.halide_generated.cpp:11877:37
local_laplacian,cxx_default_on_emitted_cpp,5eb72c8d,8,18,cxx_add_to_sub,local_laplacian.halide_generated.cpp,12945,38,generator_specific,0,0,0,,,,0,17.103,cxx_add_to_sub:/mnt/scratch1/ardi/dsl_mut/HM-armc/mutation/lowered-cpp/local_laplacian/local_laplacian.halide_generated.cpp:12945:38
local_laplacian,cxx_default_on_emitted_cpp,5eb72c8d,8,18,cxx_add_to_sub,local_laplacian.halide_generated.cpp,15989,44,generator_specific,0,0,0,,,,0,18.772,cxx_add_to_sub:/mnt/scratch1/ardi/dsl_mut/HM-armc/mutation/lowered-cpp/local_laplacian/local_laplacian.halide_generated.cpp:15989:44
local_laplacian,cxx_default_on_emitted_cpp,5eb72c8d,8,18,cxx_remove_void_call,local_laplacian.halide_generated.cpp,3895,5,generator_specific,0,0,1,,,test2_golden,0,21.832,cxx_remove_void_call:/mnt/scratch1/ardi/dsl_mut/HM-armc/mutation/lowered-cpp/local_laplacian/local_laplacian.halide_generated.cpp:3895:5
local_laplacian,cxx_default_on_emitted_cpp,5eb72c8d,8,18,cxx_mul_to_div,local_laplacian.halide_generated.cpp,5992,25,generator_specific,-8,1,,,,test1_demo,0,5.403,cxx_mul_to_div:/mnt/scratch1/ardi/dsl_mut/HM-armc/mutation/lowered-cpp/local_laplacian/local_laplacian.halide_generated.cpp:5992:25
local_laplacian,cxx_default_on_emitted_cpp,5eb72c8d,8,18,cxx_add_to_sub,local_laplacian.halide_generated.cpp,11564,36,generator_specific,0,0,0,,,,0,20.228,cxx_add_to_sub:/mnt/scratch1/ardi/dsl_mut/HM-armc/mutation/lowered-cpp/local_laplacian/local_laplacian.halide_generated.cpp:11564:36
local_laplacian,cxx_default_on_emitted_cpp,5eb72c8d,8,18,cxx_mul_to_div,local_laplacian.halide_generated.cpp,16615,45,generator_specific,0,0,0,,,,0,20.912,cxx_mul_to_div:/mnt/scratch1/ardi/dsl_mut/HM-armc/mutation/lowered-cpp/local_laplacian/local_laplacian.halide_generated.cpp:16615:45
local_laplacian,cxx_default_on_emitted_cpp,5eb72c8d,8,18,cxx_add_to_sub,local_laplacian.halide_generated.cpp,4505,24,generator_specific,0,0,1,,,test2_golden,0,18.187,cxx_add_to_sub:/mnt/scratch1/ardi/dsl_mut/HM-armc/mutation/lowered-cpp/local_laplacian/local_laplacian.halide_generated.cpp:4505:24
local_laplacian,cxx_default_on_emitted_cpp,5eb72c8d,8,18,cxx_add_to_sub,local_laplacian.halide_generated.cpp,8464,37,generator_specific,0,0,1,,,test2_golden,0,18.034,cxx_add_to_sub:/mnt/scratch1/ardi/dsl_mut/HM-armc/mutation/lowered-cpp/local_laplacian/local_laplacian.halide_generated.cpp:8464:37
local_laplacian,cxx_default_on_emitted_cpp,5eb72c8d,8,18,cxx_replace_scalar_call,local_laplacian.halide_generated.cpp,6348,18,generator_specific,0,0,1,,,test2_golden,0,21.954,cxx_replace_scalar_call:/mnt/scratch1/ardi/dsl_mut/HM-armc/mutation/lowered-cpp/local_laplacian/local_laplacian.halide_generated.cpp:6348:18
local_laplacian,cxx_default_on_emitted_cpp,5eb72c8d,8,18,cxx_add_to_sub,local_laplacian.halide_generated.cpp,4576,24,generator_specific,0,0,1,,,test2_golden,0,20.004,cxx_add_to_sub:/mnt/scratch1/ardi/dsl_mut/HM-armc/mutation/lowered-cpp/local_laplacian/local_laplacian.halide_generated.cpp:4576:24
local_laplacian,cxx_default_on_emitted_cpp,5eb72c8d,8,18,cxx_sub_to_add,local_laplacian.halide_generated.cpp,9964,37,generator_specific,0,0,1,,,test2_golden,0,17.145,cxx_sub_to_add:/mnt/scratch1/ardi/dsl_mut/HM-armc/mutation/lowered-cpp/local_laplacian/local_laplacian.halide_generated.cpp:9964:37
local_laplacian,cxx_default_on_emitted_cpp,5eb72c8d,8,18,cxx_add_to_sub,local_laplacian.halide_generated.cpp,4554,24,generator_specific,0,0,1,,,test2_golden,0,22.461,cxx_add_to_sub:/mnt/scratch1/ardi/dsl_mut/HM-armc/mutation/lowered-cpp/local_laplacian/local_laplacian.halide_generated.cpp:4554:24
local_laplacian,cxx_default_on_emitted_cpp,5eb72c8d,8,18,cxx_add_to_sub,local_laplacian.halide_generated.cpp,8314,37,generator_specific,0,0,1,,,test2_golden,0,17.545,cxx_add_to_sub:/mnt/scratch1/ardi/dsl_mut/HM-armc/mutation/lowered-cpp/local_laplacian/local_laplacian.halide_generated.cpp:8314:37
local_laplacian,cxx_default_on_emitted_cpp,5eb72c8d,8,18,cxx_add_to_sub,local_laplacian.halide_generated.cpp,12508,40,generator_specific,0,0,0,,,,0,25.292,cxx_add_to_sub:/mnt/scratch1/ardi/dsl_mut/HM-armc/mutation/lowered-cpp/local_laplacian/local_laplacian.halide_generated.cpp:12508:40
local_laplacian,cxx_default_on_emitted_cpp,5eb72c8d,8,18,cxx_replace_scalar_call,local_laplacian.halide_generated.cpp,6054,18,generator_specific,0,0,1,,,test2_golden,0,16.634,cxx_replace_scalar_call:/mnt/scratch1/ardi/dsl_mut/HM-armc/mutation/lowered-cpp/local_laplacian/local_laplacian.halide_generated.cpp:6054:18
local_laplacian,cxx_default_on_emitted_cpp,5eb72c8d,8,18,cxx_add_to_sub,local_laplacian.halide_generated.cpp,7045,35,generator_specific,-6,1,,,,test1_demo,0,4.588,cxx_add_to_sub:/mnt/scratch1/ardi/dsl_mut/HM-armc/mutation/lowered-cpp/local_laplacian/local_laplacian.halide_generated.cpp:7045:35
local_laplacian,cxx_default_on_emitted_cpp,5eb72c8d,8,18,cxx_add_to_sub,local_laplacian.halide_generated.cpp,14784,31,generator_specific,0,0,0,,,,0,16.722,cxx_add_to_sub:/mnt/scratch1/ardi/dsl_mut/HM-armc/mutation/lowered-cpp/local_laplacian/local_laplacian.halide_generated.cpp:14784:31
local_laplacian,cxx_default_on_emitted_cpp,5eb72c8d,8,18,cxx_add_to_sub,local_laplacian.halide_generated.cpp,15602,39,generator_specific,-6,1,,,,test1_demo,0,4.708,cxx_add_to_sub:/mnt/scratch1/ardi/dsl_mut/HM-armc/mutation/lowered-cpp/local_laplacian/local_laplacian.halide_generated.cpp:15602:39
local_laplacian,cxx_default_on_emitted_cpp,5eb72c8d,8,18,cxx_remove_void_call,local_laplacian.halide_generated.cpp,4666,2,generator_specific,0,0,0,,,,0,19.445,cxx_remove_void_call:/mnt/scratch1/ardi/dsl_mut/HM-armc/mutation/lowered-cpp/local_laplacian/local_laplacian.halide_generated.cpp:4666:2
local_laplacian,cxx_default_on_emitted_cpp,5eb72c8d,8,18,cxx_add_to_sub,local_laplacian.halide_generated.cpp,7081,35,generator_specific,0,0,1,,,test2_golden,0,22.193,cxx_add_to_sub:/mnt/scratch1/ardi/dsl_mut/HM-armc/mutation/lowered-cpp/local_laplacian/local_laplacian.halide_generated.cpp:7081:35
local_laplacian,cxx_default_on_emitted_cpp,5eb72c8d,8,18,cxx_sub_to_add,local_laplacian.halide_generated.cpp,11600,37,generator_specific,0,0,0,,,,0,17.980,cxx_sub_to_add:/mnt/scratch1/ardi/dsl_mut/HM-armc/mutation/lowered-cpp/local_laplacian/local_laplacian.halide_generated.cpp:11600:37
local_laplacian,cxx_default_on_emitted_cpp,5eb72c8d,8,18,cxx_replace_scalar_call,local_laplacian.halide_generated.cpp,13783,19,generator_specific,0,0,0,,,,0,17.759,cxx_replace_scalar_call:/mnt/scratch1/ardi/dsl_mut/HM-armc/mutation/lowered-cpp/local_laplacian/local_laplacian.halide_generated.cpp:13783:19
local_laplacian,cxx_default_on_emitted_cpp,5eb72c8d,8,18,cxx_add_to_sub,local_laplacian.halide_generated.cpp,9544,37,generator_specific,0,0,1,,,test2_golden,0,20.659,cxx_add_to_sub:/mnt/scratch1/ardi/dsl_mut/HM-armc/mutation/lowered-cpp/local_laplacian/local_laplacian.halide_generated.cpp:9544:37
local_laplacian,cxx_default_on_emitted_cpp,5eb72c8d,8,18,cxx_mul_to_div,local_laplacian.halide_generated.cpp,8292,38,generator_specific,0,0,1,,,test2_golden,0,18.225,cxx_mul_to_div:/mnt/scratch1/ardi/dsl_mut/HM-armc/mutation/lowered-cpp/local_laplacian/local_laplacian.halide_generated.cpp:8292:38
local_laplacian,cxx_default_on_emitted_cpp,5eb72c8d,8,18,cxx_mul_to_div,local_laplacian.halide_generated.cpp,14089,28,generator_specific,-11,1,,,,test1_demo,0,0.404,cxx_mul_to_div:/mnt/scratch1/ardi/dsl_mut/HM-armc/mutation/lowered-cpp/local_laplacian/local_laplacian.halide_generated.cpp:14089:28
local_laplacian,cxx_default_on_emitted_cpp,5eb72c8d,8,18,cxx_replace_scalar_call,local_laplacian.halide_generated.cpp,13298,18,generator_specific,0,0,1,,,test2_golden,0,20.012,cxx_replace_scalar_call:/mnt/scratch1/ardi/dsl_mut/HM-armc/mutation/lowered-cpp/local_laplacian/local_laplacian.halide_generated.cpp:13298:18
local_laplacian,cxx_default_on_emitted_cpp,5eb72c8d,8,18,cxx_sub_to_add,local_laplacian.halide_generated.cpp,11446,37,generator_specific,0,0,0,,,,0,16.442,cxx_sub_to_add:/mnt/scratch1/ardi/dsl_mut/HM-armc/mutation/lowered-cpp/local_laplacian/local_laplacian.halide_generated.cpp:11446:37
local_laplacian,cxx_default_on_emitted_cpp,5eb72c8d,8,18,cxx_add_to_sub,local_laplacian.halide_generated.cpp,8486,37,generator_specific,0,0,1,,,test2_golden,0,17.315,cxx_add_to_sub:/mnt/scratch1/ardi/dsl_mut/HM-armc/mutation/lowered-cpp/local_laplacian/local_laplacian.halide_generated.cpp:8486:37
local_laplacian,cxx_default_on_emitted_cpp,5eb72c8d,8,18,cxx_add_to_sub,local_laplacian.halide_generated.cpp,8810,38,generator_specific,0,0,1,,,test2_golden,0,17.463,cxx_add_to_sub:/mnt/scratch1/ardi/dsl_mut/HM-armc/mutation/lowered-cpp/local_laplacian/local_laplacian.halide_generated.cpp:8810:38
local_laplacian,cxx_default_on_emitted_cpp,5eb72c8d,8,18,cxx_add_to_sub,local_laplacian.halide_generated.cpp,14062,27,generator_specific,0,0,0,,,,0,17.625,cxx_add_to_sub:/mnt/scratch1/ardi/dsl_mut/HM-armc/mutation/lowered-cpp/local_laplacian/local_laplacian.halide_generated.cpp:14062:27
local_laplacian,cxx_default_on_emitted_cpp,5eb72c8d,8,18,cxx_mul_to_div,local_laplacian.halide_generated.cpp,4687,30,generator_specific,0,0,1,,,test2_golden,0,17.461,cxx_mul_to_div:/mnt/scratch1/ardi/dsl_mut/HM-armc/mutation/lowered-cpp/local_laplacian/local_laplacian.halide_generated.cpp:4687:30
local_laplacian,cxx_default_on_emitted_cpp,5eb72c8d,8,18,cxx_le_to_gt,local_laplacian.halide_generated.cpp,13514,18,generator_specific,-6,1,,,,test1_demo,0,0.184,cxx_le_to_gt:/mnt/scratch1/ardi/dsl_mut/HM-armc/mutation/lowered-cpp/local_laplacian/local_laplacian.halide_generated.cpp:13514:18
local_laplacian,cxx_default_on_emitted_cpp,5eb72c8d,8,18,cxx_add_to_sub,local_laplacian.halide_generated.cpp,9658,37,generator_specific,0,0,1,,,test2_golden,0,16.933,cxx_add_to_sub:/mnt/scratch1/ardi/dsl_mut/HM-armc/mutation/lowered-cpp/local_laplacian/local_laplacian.halide_generated.cpp:9658:37
local_laplacian,cxx_default_on_emitted_cpp,5eb72c8d,8,18,cxx_add_to_sub,local_laplacian.halide_generated.cpp,12750,38,generator_specific,0,0,0,,,,0,17.204,cxx_add_to_sub:/mnt/scratch1/ardi/dsl_mut/HM-armc/mutation/lowered-cpp/local_laplacian/local_laplacian.halide_generated.cpp:12750:38
local_laplacian,cxx_default_on_emitted_cpp,5eb72c8d,8,18,cxx_add_to_sub,local_laplacian.halide_generated.cpp,13002,40,generator_specific,0,0,0,,,,0,17.782,cxx_add_to_sub:/mnt/scratch1/ardi/dsl_mut/HM-armc/mutation/lowered-cpp/local_laplacian/local_laplacian.halide_generated.cpp:13002:40
local_laplacian,cxx_default_on_emitted_cpp,5eb72c8d,8,18,cxx_add_to_sub,local_laplacian.halide_generated.cpp,7146,35,generator_specific,-6,1,,,,test1_demo,0,10.292,cxx_add_to_sub:/mnt/scratch1/ardi/dsl_mut/HM-armc/mutation/lowered-cpp/local_laplacian/local_laplacian.halide_generated.cpp:7146:35
local_laplacian,cxx_default_on_emitted_cpp,5eb72c8d,8,18,cxx_mul_to_div,local_laplacian.halide_generated.cpp,14415,29,generator_specific,0,0,0,,,,0,17.178,cxx_mul_to_div:/mnt/scratch1/ardi/dsl_mut/HM-armc/mutation/lowered-cpp/local_laplacian/local_laplacian.halide_generated.cpp:14415:29
local_laplacian,cxx_default_on_emitted_cpp,5eb72c8d,8,18,cxx_mul_to_div,local_laplacian.halide_generated.cpp,8367,40,generator_specific,0,0,1,,,test2_golden,0,16.853,cxx_mul_to_div:/mnt/scratch1/ardi/dsl_mut/HM-armc/mutation/lowered-cpp/local_laplacian/local_laplacian.halide_generated.cpp:8367:40
local_laplacian,cxx_default_on_emitted_cpp,5eb72c8d,8,18,cxx_add_to_sub,local_laplacian.halide_generated.cpp,5878,26,generator_specific,0,0,1,,,test2_golden,0,16.746,cxx_add_to_sub:/mnt/scratch1/ardi/dsl_mut/HM-armc/mutation/lowered-cpp/local_laplacian/local_laplacian.halide_generated.cpp:5878:26
local_laplacian,cxx_default_on_emitted_cpp,5eb72c8d,8,18,cxx_mul_to_div,local_laplacian.halide_generated.cpp,9663,37,generator_specific,0,0,1,,,test2_golden,0,17.713,cxx_mul_to_div:/mnt/scratch1/ardi/dsl_mut/HM-armc/mutation/lowered-cpp/local_laplacian/local_laplacian.halide_generated.cpp:9663:37
local_laplacian,cxx_default_on_emitted_cpp,5eb72c8d,8,18,cxx_add_to_sub,local_laplacian.halide_generated.cpp,4589,24,generator_specific,0,0,1,,,test2_golden,0,17.286,cxx_add_to_sub:/mnt/scratch1/ardi/dsl_mut/HM-armc/mutation/lowered-cpp/local_laplacian/local_laplacian.halide_generated.cpp:4589:24
local_laplacian,cxx_default_on_emitted_cpp,5eb72c8d,8,18,cxx_div_to_mul,local_laplacian.halide_generated.cpp,10688,38,generator_specific,0,0,0,,,,0,17.936,cxx_div_to_mul:/mnt/scratch1/ardi/dsl_mut/HM-armc/mutation/lowered-cpp/local_laplacian/local_laplacian.halide_generated.cpp:10688:38
local_laplacian,cxx_default_on_emitted_cpp,5eb72c8d,8,18,cxx_add_to_sub,local_laplacian.halide_generated.cpp,12437,38,generator_specific,0,0,0,,,,0,18.622,cxx_add_to_sub:/mnt/scratch1/ardi/dsl_mut/HM-armc/mutation/lowered-cpp/local_laplacian/local_laplacian.halide_generated.cpp:12437:38
local_laplacian,cxx_default_on_emitted_cpp,5eb72c8d,8,18,cxx_gt_to_ge,local_laplacian.halide_generated.cpp,10942,17,generator_specific,0,0,0,,,,0,16.769,cxx_gt_to_ge:/mnt/scratch1/ardi/dsl_mut/HM-armc/mutation/lowered-cpp/local_laplacian/local_laplacian.halide_generated.cpp:10942:17
local_laplacian,cxx_default_on_emitted_cpp,5eb72c8d,8,18,cxx_mul_to_div,local_laplacian.halide_generated.cpp,10835,38,generator_specific,0,0,0,,,,0,16.902,cxx_mul_to_div:/mnt/scratch1/ardi/dsl_mut/HM-armc/mutation/lowered-cpp/local_laplacian/local_laplacian.halide_generated.cpp:10835:38
local_laplacian,cxx_default_on_emitted_cpp,5eb72c8d,8,18,cxx_mul_to_div,local_laplacian.halide_generated.cpp,5026,25,generator_specific,0,0,1,,,test2_golden,0,17.743,cxx_mul_to_div:/mnt/scratch1/ardi/dsl_mut/HM-armc/mutation/lowered-cpp/local_laplacian/local_laplacian.halide_generated.cpp:5026:25
local_laplacian,cxx_default_on_emitted_cpp,5eb72c8d,8,18,cxx_add_to_sub,local_laplacian.halide_generated.cpp,10096,37,generator_specific,0,0,1,,,test2_golden,0,17.257,cxx_add_to_sub:/mnt/scratch1/ardi/dsl_mut/HM-armc/mutation/lowered-cpp/local_laplacian/local_laplacian.halide_generated.cpp:10096:37
local_laplacian,cxx_default_on_emitted_cpp,5eb72c8d,8,18,cxx_add_to_sub,local_laplacian.halide_generated.cpp,7572,38,generator_specific,0,0,1,,,test2_golden,0,16.772,cxx_add_to_sub:/mnt/scratch1/ardi/dsl_mut/HM-armc/mutation/lowered-cpp/local_laplacian/local_laplacian.halide_generated.cpp:7572:38
local_laplacian,cxx_default_on_emitted_cpp,5eb72c8d,8,18,cxx_replace_scalar_call,local_laplacian.halide_generated.cpp,3786,20,generator_specific,0,0,1,,,test2_golden,0,18.114,cxx_replace_scalar_call:/mnt/scratch1/ardi/dsl_mut/HM-armc/mutation/lowered-cpp/local_laplacian/local_laplacian.halide_generated.cpp:3786:20
local_laplacian,cxx_default_on_emitted_cpp,5eb72c8d,8,18,cxx_add_to_sub,local_laplacian.halide_generated.cpp,12426,38,generator_specific,0,0,0,,,,0,17.421,cxx_add_to_sub:/mnt/scratch1/ardi/dsl_mut/HM-armc/mutation/lowered-cpp/local_laplacian/local_laplacian.halide_generated.cpp:12426:38
local_laplacian,cxx_default_on_emitted_cpp,5eb72c8d,8,18,cxx_mul_to_div,local_laplacian.halide_generated.cpp,7454,37,generator_specific,0,0,1,,,test2_golden,0,17.285,cxx_mul_to_div:/mnt/scratch1/ardi/dsl_mut/HM-armc/mutation/lowered-cpp/local_laplacian/local_laplacian.halide_generated.cpp:7454:37
local_laplacian,cxx_default_on_emitted_cpp,5eb72c8d,8,18,cxx_add_to_sub,local_laplacian.halide_generated.cpp,13034,38,generator_specific,0,0,0,,,,0,18.249,cxx_add_to_sub:/mnt/scratch1/ardi/dsl_mut/HM-armc/mutation/lowered-cpp/local_laplacian/local_laplacian.halide_generated.cpp:13034:38
local_laplacian,cxx_default_on_emitted_cpp,5eb72c8d,8,18,cxx_mul_to_div,local_laplacian.halide_generated.cpp,8707,37,generator_specific,0,0,1,,,test2_golden,0,18.458,cxx_mul_to_div:/mnt/scratch1/ardi/dsl_mut/HM-armc/mutation/lowered-cpp/local_laplacian/local_laplacian.halide_generated.cpp:8707:37
local_laplacian,cxx_default_on_emitted_cpp,5eb72c8d,8,18,cxx_add_to_sub,local_laplacian.halide_generated.cpp,10783,38,generator_specific,0,0,1,,,test2_golden,0,18.763,cxx_add_to_sub:/mnt/scratch1/ardi/dsl_mut/HM-armc/mutation/lowered-cpp/local_laplacian/local_laplacian.halide_generated.cpp:10783:38
local_laplacian,cxx_default_on_emitted_cpp,5eb72c8d,8,18,cxx_sub_to_add,local_laplacian.halide_generated.cpp,8299,37,generator_specific,0,0,1,,,test2_golden,0,18.196,cxx_sub_to_add:/mnt/scratch1/ardi/dsl_mut/HM-armc/mutation/lowered-cpp/local_laplacian/local_laplacian.halide_generated.cpp:8299:37
local_laplacian,cxx_default_on_emitted_cpp,5eb72c8d,8,18,cxx_mul_to_div,local_laplacian.halide_generated.cpp,8958,37,generator_specific,0,0,1,,,test2_golden,0,18.502,cxx_mul_to_div:/mnt/scratch1/ardi/dsl_mut/HM-armc/mutation/lowered-cpp/local_laplacian/local_laplacian.halide_generated.cpp:8958:37
local_laplacian,cxx_default_on_emitted_cpp,5eb72c8d,8,18,cxx_add_to_sub,local_laplacian.halide_generated.cpp,5016,26,generator_specific,0,0,1,,,test2_golden,0,17.197,cxx_add_to_sub:/mnt/scratch1/ardi/dsl_mut/HM-armc/mutation/lowered-cpp/local_laplacian/local_laplacian.halide_generated.cpp:5016:26
local_laplacian,cxx_default_on_emitted_cpp,5eb72c8d,8,18,cxx_replace_scalar_call,local_laplacian.halide_generated.cpp,3719,17,generator_specific,0,0,1,,,test2_golden,0,17.088,cxx_replace_scalar_call:/mnt/scratch1/ardi/dsl_mut/HM-armc/mutation/lowered-cpp/local_laplacian/local_laplacian.halide_generated.cpp:3719:17
local_laplacian,cxx_default_on_emitted_cpp,5eb72c8d,8,18,cxx_post_inc_to_post_dec,local_laplacian.halide_generated.cpp,6142,71,generator_specific,-11,1,,,,test1_demo,0,4.887,cxx_post_inc_to_post_dec:/mnt/scratch1/ardi/dsl_mut/HM-armc/mutation/lowered-cpp/local_laplacian/local_laplacian.halide_generated.cpp:6142:71
local_laplacian,cxx_default_on_emitted_cpp,5eb72c8d,8,18,cxx_add_to_sub,local_laplacian.halide_generated.cpp,9419,38,generator_specific,0,0,1,,,test2_golden,0,17.506,cxx_add_to_sub:/mnt/scratch1/ardi/dsl_mut/HM-armc/mutation/lowered-cpp/local_laplacian/local_laplacian.halide_generated.cpp:9419:38
local_laplacian,cxx_default_on_emitted_cpp,5eb72c8d,8,18,cxx_mul_to_div,local_laplacian.halide_generated.cpp,13291,24,generator_specific,0,0,1,,,test2_golden,0,17.475,cxx_mul_to_div:/mnt/scratch1/ardi/dsl_mut/HM-armc/mutation/lowered-cpp/local_laplacian/local_laplacian.halide_generated.cpp:13291:24
local_laplacian,cxx_default_on_emitted_cpp,5eb72c8d,8,18,cxx_mul_to_div,local_laplacian.halide_generated.cpp,9504,37,generator_specific,0,0,1,,,test2_golden,0,16.979,cxx_mul_to_div:/mnt/scratch1/ardi/dsl_mut/HM-armc/mutation/lowered-cpp/local_laplacian/local_laplacian.halide_generated.cpp:9504:37
local_laplacian,cxx_default_on_emitted_cpp,5eb72c8d,8,18,cxx_add_to_sub,local_laplacian.halide_generated.cpp,13323,24,generator_specific,0,0,0,,,,0,17.791,cxx_add_to_sub:/mnt/scratch1/ardi/dsl_mut/HM-armc/mutation/lowered-cpp/local_laplacian/local_laplacian.halide_generated.cpp:13323:24
local_laplacian,cxx_default_on_emitted_cpp,5eb72c8d,8,18,cxx_post_inc_to_post_dec,local_laplacian.halide_generated.cpp,5426,71,generator_specific,-9,1,,,,test1_demo,1,124.955,cxx_post_inc_to_post_dec:/mnt/scratch1/ardi/dsl_mut/HM-armc/mutation/lowered-cpp/local_laplacian/local_laplacian.halide_generated.cpp:5426:71
local_laplacian,cxx_default_on_emitted_cpp,5eb72c8d,8,18,cxx_add_to_sub,local_laplacian.halide_generated.cpp,12579,40,generator_specific,0,0,0,,,,0,16.728,cxx_add_to_sub:/mnt/scratch1/ardi/dsl_mut/HM-armc/mutation/lowered-cpp/local_laplacian/local_laplacian.halide_generated.cpp:12579:40
local_laplacian,cxx_default_on_emitted_cpp,5eb72c8d,8,18,cxx_eq_to_ne,local_laplacian.halide_generated.cpp,16208,58,generator_specific,0,0,0,,,,0,17.258,cxx_eq_to_ne:/mnt/scratch1/ardi/dsl_mut/HM-armc/mutation/lowered-cpp/local_laplacian/local_laplacian.halide_generated.cpp:16208:58
local_laplacian,cxx_default_on_emitted_cpp,5eb72c8d,8,18,cxx_mul_to_div,local_laplacian.halide_generated.cpp,16366,46,generator_specific,0,0,1,,,test2_golden,0,18.796,cxx_mul_to_div:/mnt/scratch1/ardi/dsl_mut/HM-armc/mutation/lowered-cpp/local_laplacian/local_laplacian.halide_generated.cpp:16366:46
local_laplacian,cxx_default_on_emitted_cpp,5eb72c8d,8,18,cxx_add_to_sub,local_laplacian.halide_generated.cpp,13279,24,generator_specific,0,0,1,,,test2_golden,0,17.592,cxx_add_to_sub:/mnt/scratch1/ardi/dsl_mut/HM-armc/mutation/lowered-cpp/local_laplacian/local_laplacian.halide_generated.cpp:13279:24
local_laplacian,cxx_default_on_emitted_cpp,5eb72c8d,8,18,cxx_replace_scalar_call,local_laplacian.halide_generated.cpp,13413,19,generator_specific,0,0,0,,,,0,16.450,cxx_replace_scalar_call:/mnt/scratch1/ardi/dsl_mut/HM-armc/mutation/lowered-cpp/local_laplacian/local_laplacian.halide_generated.cpp:13413:19
local_laplacian,cxx_default_on_emitted_cpp,5eb72c8d,8,18,cxx_mul_to_div,local_laplacian.halide_generated.cpp,15784,41,generator_specific,-6,1,,,,test1_demo,0,4.565,cxx_mul_to_div:/mnt/scratch1/ardi/dsl_mut/HM-armc/mutation/lowered-cpp/local_laplacian/local_laplacian.halide_generated.cpp:15784:41
local_laplacian,cxx_default_on_emitted_cpp,5eb72c8d,8,18,cxx_add_to_sub,local_laplacian.halide_generated.cpp,9234,37,generator_specific,0,0,1,,,test2_golden,0,18.744,cxx_add_to_sub:/mnt/scratch1/ardi/dsl_mut/HM-armc/mutation/lowered-cpp/local_laplacian/local_laplacian.halide_generated.cpp:9234:37
local_laplacian,cxx_default_on_emitted_cpp,5eb72c8d,8,18,cxx_add_to_sub,local_laplacian.halide_generated.cpp,15807,41,generator_specific,0,0,1,,,test2_golden,0,19.526,cxx_add_to_sub:/mnt/scratch1/ardi/dsl_mut/HM-armc/mutation/lowered-cpp/local_laplacian/local_laplacian.halide_generated.cpp:15807:41
local_laplacian,cxx_default_on_emitted_cpp,5eb72c8d,8,18,cxx_mul_to_div,local_laplacian.halide_generated.cpp,8138,37,generator_specific,0,0,1,,,test2_golden,0,18.573,cxx_mul_to_div:/mnt/scratch1/ardi/dsl_mut/HM-armc/mutation/lowered-cpp/local_laplacian/local_laplacian.halide_generated.cpp:8138:37
local_laplacian,cxx_default_on_emitted_cpp,5eb72c8d,8,18,cxx_add_to_sub,local_laplacian.halide_generated.cpp,13220,24,generator_specific,0,0,1,,,test2_golden,0,16.832,cxx_add_to_sub:/mnt/scratch1/ardi/dsl_mut/HM-armc/mutation/lowered-cpp/local_laplacian/local_laplacian.halide_generated.cpp:13220:24
local_laplacian,cxx_default_on_emitted_cpp,5eb72c8d,8,18,cxx_add_to_sub,local_laplacian.halide_generated.cpp,7385,38,generator_specific,0,0,1,,,test2_golden,0,18.137,cxx_add_to_sub:/mnt/scratch1/ardi/dsl_mut/HM-armc/mutation/lowered-cpp/local_laplacian/local_laplacian.halide_generated.cpp:7385:38
local_laplacian,cxx_default_on_emitted_cpp,5eb72c8d,8,18,cxx_add_to_sub,local_laplacian.halide_generated.cpp,8240,40,generator_specific,0,0,1,,,test2_golden,0,16.551,cxx_add_to_sub:/mnt/scratch1/ardi/dsl_mut/HM-armc/mutation/lowered-cpp/local_laplacian/local_laplacian.halide_generated.cpp:8240:40
local_laplacian,cxx_default_on_emitted_cpp,5eb72c8d,8,18,cxx_mul_to_div,local_laplacian.halide_generated.cpp,5792,25,generator_specific,0,0,1,,,test2_golden,0,16.892,cxx_mul_to_div:/mnt/scratch1/ardi/dsl_mut/HM-armc/mutation/lowered-cpp/local_laplacian/local_laplacian.halide_generated.cpp:5792:25
local_laplacian,cxx_default_on_emitted_cpp,5eb72c8d,8,18,cxx_add_to_sub,local_laplacian.halide_generated.cpp,5853,25,generator_specific,0,0,1,,,test2_golden,0,17.129,cxx_add_to_sub:/mnt/scratch1/ardi/dsl_mut/HM-armc/mutation/lowered-cpp/local_laplacian/local_laplacian.halide_generated.cpp:5853:25
local_laplacian,cxx_default_on_emitted_cpp,5eb72c8d,8,18,cxx_replace_scalar_call,local_laplacian.halide_generated.cpp,5558,18,generator_specific,0,0,1,,,test2_golden,0,19.089,cxx_replace_scalar_call:/mnt/scratch1/ardi/dsl_mut/HM-armc/mutation/lowered-cpp/local_laplacian/local_laplacian.halide_generated.cpp:5558:18
local_laplacian,cxx_default_on_emitted_cpp,5eb72c8d,8,18,cxx_add_to_sub,local_laplacian.halide_generated.cpp,15557,38,generator_specific,0,0,1,,,test2_golden,0,17.948,cxx_add_to_sub:/mnt/scratch1/ardi/dsl_mut/HM-armc/mutation/lowered-cpp/local_laplacian/local_laplacian.halide_generated.cpp:15557:38
local_laplacian,cxx_default_on_emitted_cpp,5eb72c8d,8,18,cxx_sub_to_add,local_laplacian.halide_generated.cpp,7139,35,generator_specific,0,0,1,,,test2_golden,0,18.377,cxx_sub_to_add:/mnt/scratch1/ardi/dsl_mut/HM-armc/mutation/lowered-cpp/local_laplacian/local_laplacian.halide_generated.cpp:7139:35
local_laplacian,cxx_default_on_emitted_cpp,5eb72c8d,8,18,cxx_mul_to_div,local_laplacian.halide_generated.cpp,3666,30,generator_specific,0,0,1,,,test2_golden,0,17.598,cxx_mul_to_div:/mnt/scratch1/ardi/dsl_mut/HM-armc/mutation/lowered-cpp/local_laplacian/local_laplacian.halide_generated.cpp:3666:30
local_laplacian,cxx_default_on_emitted_cpp,5eb72c8d,8,18,cxx_le_to_lt,local_laplacian.halide_generated.cpp,11075,33,generator_specific,0,0,0,,,,0,18.310,cxx_le_to_lt:/mnt/scratch1/ardi/dsl_mut/HM-armc/mutation/lowered-cpp/local_laplacian/local_laplacian.halide_generated.cpp:11075:33
local_laplacian,cxx_default_on_emitted_cpp,5eb72c8d,8,18,cxx_add_to_sub,local_laplacian.halide_generated.cpp,9029,37,generator_specific,0,0,1,,,test2_golden,0,17.483,cxx_add_to_sub:/mnt/scratch1/ardi/dsl_mut/HM-armc/mutation/lowered-cpp/local_laplacian/local_laplacian.halide_generated.cpp:9029:37
local_laplacian,cxx_default_on_emitted_cpp,5eb72c8d,8,18,cxx_mul_to_div,local_laplacian.halide_generated.cpp,4581,24,generator_specific,0,0,1,,,test2_golden,0,17.005,cxx_mul_to_div:/mnt/scratch1/ardi/dsl_mut/HM-armc/mutation/lowered-cpp/local_laplacian/local_laplacian.halide_generated.cpp:4581:24
local_laplacian,cxx_default_on_emitted_cpp,5eb72c8d,8,18,cxx_mul_to_div,local_laplacian.halide_generated.cpp,11017,35,generator_specific,0,0,0,,,,0,18.026,cxx_mul_to_div:/mnt/scratch1/ardi/dsl_mut/HM-armc/mutation/lowered-cpp/local_laplacian/local_laplacian.halide_generated.cpp:11017:35
local_laplacian,cxx_default_on_emitted_cpp,5eb72c8d,8,18,cxx_add_to_sub,local_laplacian.halide_generated.cpp,7521,38,generator_specific,0,0,1,,,test2_golden,0,17.934,cxx_add_to_sub:/mnt/scratch1/ardi/dsl_mut/HM-armc/mutation/lowered-cpp/local_laplacian/local_laplacian.halide_generated.cpp:7521:38
local_laplacian,cxx_default_on_emitted_cpp,5eb72c8d,8,18,cxx_mul_to_div,local_laplacian.halide_generated.cpp,6238,25,generator_specific,0,0,1,,,test2_golden,0,19.079,cxx_mul_to_div:/mnt/scratch1/ardi/dsl_mut/HM-armc/mutation/lowered-cpp/local_laplacian/local_laplacian.halide_generated.cpp:6238:25
local_laplacian,cxx_default_on_emitted_cpp,5eb72c8d,8,18,cxx_add_to_sub,local_laplacian.halide_generated.cpp,11889,47,generator_specific,0,0,0,,,,0,18.175,cxx_add_to_sub:/mnt/scratch1/ardi/dsl_mut/HM-armc/mutation/lowered-cpp/local_laplacian/local_laplacian.halide_generated.cpp:11889:47
local_laplacian,cxx_default_on_emitted_cpp,5eb72c8d,8,18,cxx_mul_to_div,local_laplacian.halide_generated.cpp,12361,47,generator_specific,0,0,0,,,,0,17.371,cxx_mul_to_div:/mnt/scratch1/ardi/dsl_mut/HM-armc/mutation/lowered-cpp/local_laplacian/local_laplacian.halide_generated.cpp:12361:47
local_laplacian,cxx_default_on_emitted_cpp,5eb72c8d,8,18,cxx_add_to_sub,local_laplacian.halide_generated.cpp,8179,38,generator_specific,0,0,1,,,test2_golden,0,17.479,cxx_add_to_sub:/mnt/scratch1/ardi/dsl_mut/HM-armc/mutation/lowered-cpp/local_laplacian/local_laplacian.halide_generated.cpp:8179:38
local_laplacian,cxx_default_on_emitted_cpp,5eb72c8d,8,18,cxx_add_to_sub,local_laplacian.halide_generated.cpp,5131,33,generator_specific,-6,1,,,,test1_demo,0,6.451,cxx_add_to_sub:/mnt/scratch1/ardi/dsl_mut/HM-armc/mutation/lowered-cpp/local_laplacian/local_laplacian.halide_generated.cpp:5131:33
local_laplacian,cxx_default_on_emitted_cpp,5eb72c8d,8,18,cxx_add_to_sub,local_laplacian.halide_generated.cpp,10230,37,generator_specific,0,0,1,,,test2_golden,0,17.824,cxx_add_to_sub:/mnt/scratch1/ardi/dsl_mut/HM-armc/mutation/lowered-cpp/local_laplacian/local_laplacian.halide_generated.cpp:10230:37
local_laplacian,cxx_default_on_emitted_cpp,5eb72c8d,8,18,cxx_mul_to_div,local_laplacian.halide_generated.cpp,10443,37,generator_specific,0,0,0,,,,0,18.989,cxx_mul_to_div:/mnt/scratch1/ardi/dsl_mut/HM-armc/mutation/lowered-cpp/local_laplacian/local_laplacian.halide_generated.cpp:10443:37
local_laplacian,cxx_default_on_emitted_cpp,5eb72c8d,8,18,cxx_mul_to_div,local_laplacian.halide_generated.cpp,10391,37,generator_specific,0,0,0,,,,0,17.819,cxx_mul_to_div:/mnt/scratch1/ardi/dsl_mut/HM-armc/mutation/lowered-cpp/local_laplacian/local_laplacian.halide_generated.cpp:10391:37
local_laplacian,cxx_default_on_emitted_cpp,5eb72c8d,8,18,cxx_sub_to_add,local_laplacian.halide_generated.cpp,14312,29,generator_specific,0,0,1,,,test2_golden,0,16.548,cxx_sub_to_add:/mnt/scratch1/ardi/dsl_mut/HM-armc/mutation/lowered-cpp/local_laplacian/local_laplacian.halide_generated.cpp:14312:29
local_laplacian,cxx_default_on_emitted_cpp,5eb72c8d,8,18,cxx_add_to_sub,local_laplacian.halide_generated.cpp,11973,36,generator_specific,0,0,0,,,,0,16.522,cxx_add_to_sub:/mnt/scratch1/ardi/dsl_mut/HM-armc/mutation/lowered-cpp/local_laplacian/local_laplacian.halide_generated.cpp:11973:36
local_laplacian,cxx_default_on_emitted_cpp,5eb72c8d,8,18,cxx_lt_to_le,local_laplacian.halide_generated.cpp,5656,44,generator_specific,0,0,0,,,,0,20.895,cxx_lt_to_le:/mnt/scratch1/ardi/dsl_mut/HM-armc/mutation/lowered-cpp/local_laplacian/local_laplacian.halide_generated.cpp:5656:44
local_laplacian,cxx_default_on_emitted_cpp,5eb72c8d,8,18,cxx_add_to_sub,local_laplacian.halide_generated.cpp,4313,25,generator_specific,-11,1,,,,test1_demo,0,0.253,cxx_add_to_sub:/mnt/scratch1/ardi/dsl_mut/HM-armc/mutation/lowered-cpp/local_laplacian/local_laplacian.halide_generated.cpp:4313:25
local_laplacian,cxx_default_on_emitted_cpp,5eb72c8d,8,18,cxx_gt_to_le,local_laplacian.halide_generated.cpp,14628,20,generator_specific,-6,1,,,,test1_demo,0,6.405,cxx_gt_to_le:/mnt/scratch1/ardi/dsl_mut/HM-armc/mutation/lowered-cpp/local_laplacian/local_laplacian.halide_generated.cpp:14628:20
local_laplacian,cxx_default_on_emitted_cpp,5eb72c8d,8,18,cxx_eq_to_ne,local_laplacian.halide_generated.cpp,13433,22,generator_specific,-6,1,,,,test1_demo,0,0.320,cxx_eq_to_ne:/mnt/scratch1/ardi/dsl_mut/HM-armc/mutation/lowered-cpp/local_laplacian/local_laplacian.halide_generated.cpp:13433:22
local_laplacian,cxx_default_on_emitted_cpp,5eb72c8d,8,18,cxx_replace_scalar_call,local_laplacian.halide_generated.cpp,5270,19,generator_specific,0,0,1,,,test2_golden,0,19.335,cxx_replace_scalar_call:/mnt/scratch1/ardi/dsl_mut/HM-armc/mutation/lowered-cpp/local_laplacian/local_laplacian.halide_generated.cpp:5270:19
local_laplacian,cxx_default_on_emitted_cpp,5eb72c8d,8,18,cxx_add_to_sub,local_laplacian.halide_generated.cpp,7509,38,generator_specific,0,0,1,,,test2_golden,0,16.326,cxx_add_to_sub:/mnt/scratch1/ardi/dsl_mut/HM-armc/mutation/lowered-cpp/local_laplacian/local_laplacian.halide_generated.cpp:7509:38
local_laplacian,cxx_default_on_emitted_cpp,5eb72c8d,8,18,cxx_add_to_sub,local_laplacian.halide_generated.cpp,4949,26,generator_specific,0,0,1,,,test2_golden,0,17.149,cxx_add_to_sub:/mnt/scratch1/ardi/dsl_mut/HM-armc/mutation/lowered-cpp/local_laplacian/local_laplacian.halide_generated.cpp:4949:26
local_laplacian,cxx_default_on_emitted_cpp,5eb72c8d,8,18,cxx_sub_to_add,local_laplacian.halide_generated.cpp,12083,37,generator_specific,0,0,0,,,,0,18.755,cxx_sub_to_add:/mnt/scratch1/ardi/dsl_mut/HM-armc/mutation/lowered-cpp/local_laplacian/local_laplacian.halide_generated.cpp:12083:37
local_laplacian,cxx_default_on_emitted_cpp,5eb72c8d,8,18,cxx_add_to_sub,local_laplacian.halide_generated.cpp,4975,25,generator_specific,0,0,1,,,test2_golden,0,17.055,cxx_add_to_sub:/mnt/scratch1/ardi/dsl_mut/HM-armc/mutation/lowered-cpp/local_laplacian/local_laplacian.halide_generated.cpp:4975:25
local_laplacian,cxx_default_on_emitted_cpp,5eb72c8d,8,18,cxx_add_to_sub,local_laplacian.halide_generated.cpp,16403,46,generator_specific,0,0,1,,,test2_golden,0,17.443,cxx_add_to_sub:/mnt/scratch1/ardi/dsl_mut/HM-armc/mutation/lowered-cpp/local_laplacian/local_laplacian.halide_generated.cpp:16403:46
local_laplacian,cxx_default_on_emitted_cpp,5eb72c8d,8,18,cxx_replace_scalar_call,local_laplacian.halide_generated.cpp,5824,18,generator_specific,0,0,1,,,test2_golden,0,17.484,cxx_replace_scalar_call:/mnt/scratch1/ardi/dsl_mut/HM-armc/mutation/lowered-cpp/local_laplacian/local_laplacian.halide_generated.cpp:5824:18
local_laplacian,cxx_default_on_emitted_cpp,5eb72c8d,8,18,cxx_mul_to_div,local_laplacian.halide_generated.cpp,5366,26,generator_specific,0,0,1,,,test2_golden,0,16.670,cxx_mul_to_div:/mnt/scratch1/ardi/dsl_mut/HM-armc/mutation/lowered-cpp/local_laplacian/local_laplacian.halide_generated.cpp:5366:26
local_laplacian,cxx_default_on_emitted_cpp,5eb72c8d,8,18,cxx_sub_to_add,local_laplacian.halide_generated.cpp,15124,34,generator_specific,0,0,1,,,test2_golden,0,17.850,cxx_sub_to_add:/mnt/scratch1/ardi/dsl_mut/HM-armc/mutation/lowered-cpp/local_laplacian/local_laplacian.halide_generated.cpp:15124:34
local_laplacian,cxx_default_on_emitted_cpp,5eb72c8d,8,18,cxx_mul_to_div,local_laplacian.halide_generated.cpp,8260,37,generator_specific,0,0,1,,,test2_golden,0,18.073,cxx_mul_to_div:/mnt/scratch1/ardi/dsl_mut/HM-armc/mutation/lowered-cpp/local_laplacian/local_laplacian.halide_generated.cpp:8260:37
local_laplacian,cxx_default_on_emitted_cpp,5eb72c8d,8,18,cxx_add_to_sub,local_laplacian.halide_generated.cpp,14059,27,generator_specific,0,0,1,,,test2_golden,0,15.891,cxx_add_to_sub:/mnt/scratch1/ardi/dsl_mut/HM-armc/mutation/lowered-cpp/local_laplacian/local_laplacian.halide_generated.cpp:14059:27
local_laplacian,cxx_default_on_emitted_cpp,5eb72c8d,8,18,cxx_add_to_sub,local_laplacian.halide_generated.cpp,15772,40,generator_specific,0,0,1,,,test2_golden,0,17.698,cxx_add_to_sub:/mnt/scratch1/ardi/dsl_mut/HM-armc/mutation/lowered-cpp/local_laplacian/local_laplacian.halide_generated.cpp:15772:40
local_laplacian,cxx_default_on_emitted_cpp,5eb72c8d,8,18,cxx_add_to_sub,local_laplacian.halide_generated.cpp,14615,30,generator_specific,0,0,0,,,,0,16.228,cxx_add_to_sub:/mnt/scratch1/ardi/dsl_mut/HM-armc/mutation/lowered-cpp/local_laplacian/local_laplacian.halide_generated.cpp:14615:30
local_laplacian,cxx_default_on_emitted_cpp,5eb72c8d,8,18,cxx_mul_to_div,local_laplacian.halide_generated.cpp,11743,37,generator_specific,0,0,0,,,,0,17.976,cxx_mul_to_div:/mnt/scratch1/ardi/dsl_mut/HM-armc/mutation/lowered-cpp/local_laplacian/local_laplacian.halide_generated.cpp:11743:37
local_laplacian,cxx_default_on_emitted_cpp,5eb72c8d,8,18,cxx_lt_to_le,local_laplacian.halide_generated.cpp,7149,61,generator_specific,0,0,1,,,test2_golden,0,19.133,cxx_lt_to_le:/mnt/scratch1/ardi/dsl_mut/HM-armc/mutation/lowered-cpp/local_laplacian/local_laplacian.halide_generated.cpp:7149:61
local_laplacian,cxx_default_on_emitted_cpp,5eb72c8d,8,18,cxx_sub_to_add,local_laplacian.halide_generated.cpp,14044,27,generator_specific,0,0,0,,,,0,17.242,cxx_sub_to_add:/mnt/scratch1/ardi/dsl_mut/HM-armc/mutation/lowered-cpp/local_laplacian/local_laplacian.halide_generated.cpp:14044:27
local_laplacian,cxx_default_on_emitted_cpp,5eb72c8d,8,18,cxx_add_to_sub,local_laplacian.halide_generated.cpp,3809,24,generator_specific,0,0,1,,,test2_golden,0,18.345,cxx_add_to_sub:/mnt/scratch1/ardi/dsl_mut/HM-armc/mutation/lowered-cpp/local_laplacian/local_laplacian.halide_generated.cpp:3809:24
local_laplacian,cxx_default_on_emitted_cpp,5eb72c8d,8,18,cxx_mul_to_div,local_laplacian.halide_generated.cpp,15817,42,generator_specific,-8,1,,,,test1_demo,0,4.162,cxx_mul_to_div:/mnt/scratch1/ardi/dsl_mut/HM-armc/mutation/lowered-cpp/local_laplacian/local_laplacian.halide_generated.cpp:15817:42
local_laplacian,cxx_default_on_emitted_cpp,5eb72c8d,8,18,cxx_add_to_sub,local_laplacian.halide_generated.cpp,15471,37,generator_specific,0,0,1,,,test2_golden,0,18.778,cxx_add_to_sub:/mnt/scratch1/ardi/dsl_mut/HM-armc/mutation/lowered-cpp/local_laplacian/local_laplacian.halide_generated.cpp:15471:37
local_laplacian,cxx_default_on_emitted_cpp,5eb72c8d,8,18,cxx_gt_to_le,local_laplacian.halide_generated.cpp,7030,23,generator_specific,-6,1,,,,test1_demo,0,7.944,cxx_gt_to_le:/mnt/scratch1/ardi/dsl_mut/HM-armc/mutation/lowered-cpp/local_laplacian/local_laplacian.halide_generated.cpp:7030:23
local_laplacian,cxx_default_on_emitted_cpp,5eb72c8d,8,18,cxx_sub_to_add,local_laplacian.halide_generated.cpp,16304,48,generator_specific,0,0,0,,,,0,17.918,cxx_sub_to_add:/mnt/scratch1/ardi/dsl_mut/HM-armc/mutation/lowered-cpp/local_laplacian/local_laplacian.halide_generated.cpp:16304:48
local_laplacian,cxx_default_on_emitted_cpp,5eb72c8d,8,18,cxx_add_to_sub,local_laplacian.halide_generated.cpp,7262,36,generator_specific,0,0,1,,,test2_golden,0,16.325,cxx_add_to_sub:/mnt/scratch1/ardi/dsl_mut/HM-armc/mutation/lowered-cpp/local_laplacian/local_laplacian.halide_generated.cpp:7262:36
local_laplacian,cxx_default_on_emitted_cpp,5eb72c8d,8,18,cxx_sub_to_add,local_laplacian.halide_generated.cpp,7352,38,generator_specific,0,0,1,,,test2_golden,0,17.535,cxx_sub_to_add:/mnt/scratch1/ardi/dsl_mut/HM-armc/mutation/lowered-cpp/local_laplacian/local_laplacian.halide_generated.cpp:7352:38
local_laplacian,cxx_default_on_emitted_cpp,5eb72c8d,8,18,cxx_mul_to_div,local_laplacian.halide_generated.cpp,7762,37,generator_specific,0,0,1,,,test2_golden,0,17.154,cxx_mul_to_div:/mnt/scratch1/ardi/dsl_mut/HM-armc/mutation/lowered-cpp/local_laplacian/local_laplacian.halide_generated.cpp:7762:37
local_laplacian,cxx_default_on_emitted_cpp,5eb72c8d,8,18,cxx_mul_to_div,local_laplacian.halide_generated.cpp,11767,37,generator_specific,0,0,0,,,,0,20.667,cxx_mul_to_div:/mnt/scratch1/ardi/dsl_mut/HM-armc/mutation/lowered-cpp/local_laplacian/local_laplacian.halide_generated.cpp:11767:37
local_laplacian,cxx_default_on_emitted_cpp,5eb72c8d,8,18,cxx_add_to_sub,local_laplacian.halide_generated.cpp,15417,37,generator_specific,-11,1,,,,test1_demo,0,7.084,cxx_add_to_sub:/mnt/scratch1/ardi/dsl_mut/HM-armc/mutation/lowered-cpp/local_laplacian/local_laplacian.halide_generated.cpp:15417:37
local_laplacian,cxx_default_on_emitted_cpp,5eb72c8d,8,18,cxx_add_to_sub,local_laplacian.halide_generated.cpp,12685,48,generator_specific,0,0,0,,,,0,22.097,cxx_add_to_sub:/mnt/scratch1/ardi/dsl_mut/HM-armc/mutation/lowered-cpp/local_laplacian/local_laplacian.halide_generated.cpp:12685:48
local_laplacian,cxx_default_on_emitted_cpp,5eb72c8d,8,18,cxx_replace_scalar_call,local_laplacian.halide_generated.cpp,13366,18,generator_specific,0,0,0,,,,0,19.828,cxx_replace_scalar_call:/mnt/scratch1/ardi/dsl_mut/HM-armc/mutation/lowered-cpp/local_laplacian/local_laplacian.halide_generated.cpp:13366:18
local_laplacian,cxx_default_on_emitted_cpp,5eb72c8d,8,18,cxx_add_to_sub,local_laplacian.halide_generated.cpp,11354,37,generator_specific,0,0,0,,,,0,20.154,cxx_add_to_sub:/mnt/scratch1/ardi/dsl_mut/HM-armc/mutation/lowered-cpp/local_laplacian/local_laplacian.halide_generated.cpp:11354:37
local_laplacian,cxx_default_on_emitted_cpp,5eb72c8d,8,18,cxx_add_to_sub,local_laplacian.halide_generated.cpp,16259,47,generator_specific,0,0,1,,,test2_golden,0,20.706,cxx_add_to_sub:/mnt/scratch1/ardi/dsl_mut/HM-armc/mutation/lowered-cpp/local_laplacian/local_laplacian.halide_generated.cpp:16259:47
local_laplacian,cxx_default_on_emitted_cpp,5eb72c8d,8,18,cxx_add_to_sub,local_laplacian.halide_generated.cpp,5003,26,generator_specific,-11,1,,,,test1_demo,0,9.984,cxx_add_to_sub:/mnt/scratch1/ardi/dsl_mut/HM-armc/mutation/lowered-cpp/local_laplacian/local_laplacian.halide_generated.cpp:5003:26
local_laplacian,cxx_default_on_emitted_cpp,5eb72c8d,8,18,cxx_add_to_sub,local_laplacian.halide_generated.cpp,15552,40,generator_specific,0,0,1,,,test2_golden,0,16.056,cxx_add_to_sub:/mnt/scratch1/ardi/dsl_mut/HM-armc/mutation/lowered-cpp/local_laplacian/local_laplacian.halide_generated.cpp:15552:40
local_laplacian,cxx_default_on_emitted_cpp,5eb72c8d,8,18,cxx_mul_to_div,local_laplacian.halide_generated.cpp,5392,25,generator_specific,0,0,1,,,test2_golden,0,15.809,cxx_mul_to_div:/mnt/scratch1/ardi/dsl_mut/HM-armc/mutation/lowered-cpp/local_laplacian/local_laplacian.halide_generated.cpp:5392:25
local_laplacian,cxx_default_on_emitted_cpp,5eb72c8d,8,18,cxx_mul_to_div,local_laplacian.halide_generated.cpp,10763,38,generator_specific,-8,1,,,,test1_demo,0,7.447,cxx_mul_to_div:/mnt/scratch1/ardi/dsl_mut/HM-armc/mutation/lowered-cpp/local_laplacian/local_laplacian.halide_generated.cpp:10763:38
local_laplacian,cxx_default_on_emitted_cpp,5eb72c8d,8,18,cxx_gt_to_le,local_laplacian.halide_generated.cpp,13796,72,generator_specific,-6,1,,,,test1_demo,0,0.149,cxx_gt_to_le:/mnt/scratch1/ardi/dsl_mut/HM-armc/mutation/lowered-cpp/local_laplacian/local_laplacian.halide_generated.cpp:13796:72
local_laplacian,cxx_default_on_emitted_cpp,5eb72c8d,8,18,cxx_mul_to_div,local_laplacian.halide_generated.cpp,9768,37,generator_specific,0,0,1,,,test2_golden,0,16.485,cxx_mul_to_div:/mnt/scratch1/ardi/dsl_mut/HM-armc/mutation/lowered-cpp/local_laplacian/local_laplacian.halide_generated.cpp:9768:37
local_laplacian,cxx_default_on_emitted_cpp,5eb72c8d,8,18,cxx_add_to_sub,local_laplacian.halide_generated.cpp,10146,37,generator_specific,0,0,1,,,test2_golden,0,22.001,cxx_add_to_sub:/mnt/scratch1/ardi/dsl_mut/HM-armc/mutation/lowered-cpp/local_laplacian/local_laplacian.halide_generated.cpp:10146:37
local_laplacian,cxx_default_on_emitted_cpp,5eb72c8d,8,18,cxx_add_to_sub,local_laplacian.halide_generated.cpp,6497,24,generator_specific,0,0,1,,,test2_golden,0,22.483,cxx_add_to_sub:/mnt/scratch1/ardi/dsl_mut/HM-armc/mutation/lowered-cpp/local_laplacian/local_laplacian.halide_generated.cpp:6497:24
local_laplacian,cxx_default_on_emitted_cpp,5eb72c8d,8,18,cxx_mul_to_div,local_laplacian.halide_generated.cpp,12796,38,generator_specific,0,0,0,,,,0,18.673,cxx_mul_to_div:/mnt/scratch1/ardi/dsl_mut/HM-armc/mutation/lowered-cpp/local_laplacian/local_laplacian.halide_generated.cpp:12796:38
local_laplacian,cxx_default_on_emitted_cpp,5eb72c8d,8,18,cxx_add_to_sub,local_laplacian.halide_generated.cpp,7860,47,generator_specific,0,0,0,,,,0,21.514,cxx_add_to_sub:/mnt/scratch1/ardi/dsl_mut/HM-armc/mutation/lowered-cpp/local_laplacian/local_laplacian.halide_generated.cpp:7860:47
local_laplacian,cxx_default_on_emitted_cpp,5eb72c8d,8,18,cxx_add_to_sub,local_laplacian.halide_generated.cpp,12174,38,generator_specific,0,0,0,,,,0,26.889,cxx_add_to_sub:/mnt/scratch1/ardi/dsl_mut/HM-armc/mutation/lowered-cpp/local_laplacian/local_laplacian.halide_generated.cpp:12174:38
local_laplacian,cxx_default_on_emitted_cpp,5eb72c8d,8,18,cxx_add_to_sub,local_laplacian.halide_generated.cpp,9314,47,generator_specific,0,0,0,,,,0,24.207,cxx_add_to_sub:/mnt/scratch1/ardi/dsl_mut/HM-armc/mutation/lowered-cpp/local_laplacian/local_laplacian.halide_generated.cpp:9314:47
local_laplacian,cxx_default_on_emitted_cpp,5eb72c8d,8,18,cxx_add_to_sub,local_laplacian.halide_generated.cpp,7402,38,generator_specific,0,0,1,,,test2_golden,0,17.642,cxx_add_to_sub:/mnt/scratch1/ardi/dsl_mut/HM-armc/mutation/lowered-cpp/local_laplacian/local_laplacian.halide_generated.cpp:7402:38
local_laplacian,cxx_default_on_emitted_cpp,5eb72c8d,8,18,cxx_add_to_sub,local_laplacian.halide_generated.cpp,16502,46,generator_specific,-11,1,,,,test1_demo,0,8.922,cxx_add_to_sub:/mnt/scratch1/ardi/dsl_mut/HM-armc/mutation/lowered-cpp/local_laplacian/local_laplacian.halide_generated.cpp:16502:46
local_laplacian,cxx_default_on_emitted_cpp,5eb72c8d,8,18,cxx_add_to_sub,local_laplacian.halide_generated.cpp,6000,26,generator_specific,0,0,1,,,test2_golden,0,19.242,cxx_add_to_sub:/mnt/scratch1/ardi/dsl_mut/HM-armc/mutation/lowered-cpp/local_laplacian/local_laplacian.halide_generated.cpp:6000:26
local_laplacian,cxx_default_on_emitted_cpp,5eb72c8d,8,18,cxx_mul_to_div,local_laplacian.halide_generated.cpp,10584,37,generator_specific,0,0,0,,,,0,18.452,cxx_mul_to_div:/mnt/scratch1/ardi/dsl_mut/HM-armc/mutation/lowered-cpp/local_laplacian/local_laplacian.halide_generated.cpp:10584:37
local_laplacian,cxx_default_on_emitted_cpp,5eb72c8d,8,18,cxx_mul_to_div,local_laplacian.halide_generated.cpp,8253,37,generator_specific,0,0,1,,,test2_golden,0,15.171,cxx_mul_to_div:/mnt/scratch1/ardi/dsl_mut/HM-armc/mutation/lowered-cpp/local_laplacian/local_laplacian.halide_generated.cpp:8253:37
local_laplacian,cxx_default_on_emitted_cpp,5eb72c8d,8,18,cxx_mul_to_div,local_laplacian.halide_generated.cpp,8268,37,generator_specific,0,0,1,,,test2_golden,0,25.799,cxx_mul_to_div:/mnt/scratch1/ardi/dsl_mut/HM-armc/mutation/lowered-cpp/local_laplacian/local_laplacian.halide_generated.cpp:8268:37
local_laplacian,cxx_default_on_emitted_cpp,5eb72c8d,8,18,cxx_mul_to_div,local_laplacian.halide_generated.cpp,7387,38,generator_specific,0,0,1,,,test2_golden,0,19.079,cxx_mul_to_div:/mnt/scratch1/ardi/dsl_mut/HM-armc/mutation/lowered-cpp/local_laplacian/local_laplacian.halide_generated.cpp:7387:38
local_laplacian,cxx_default_on_emitted_cpp,5eb72c8d,8,18,cxx_add_to_sub,local_laplacian.halide_generated.cpp,12014,37,generator_specific,0,0,0,,,,0,24.622,cxx_add_to_sub:/mnt/scratch1/ardi/dsl_mut/HM-armc/mutation/lowered-cpp/local_laplacian/local_laplacian.halide_generated.cpp:12014:37
local_laplacian,cxx_default_on_emitted_cpp,5eb72c8d,8,18,cxx_sub_to_add,local_laplacian.halide_generated.cpp,9334,36,generator_specific,0,0,0,,,,0,20.495,cxx_sub_to_add:/mnt/scratch1/ardi/dsl_mut/HM-armc/mutation/lowered-cpp/local_laplacian/local_laplacian.halide_generated.cpp:9334:36
local_laplacian,cxx_default_on_emitted_cpp,5eb72c8d,8,18,cxx_add_to_sub,local_laplacian.halide_generated.cpp,7601,51,generator_specific,0,0,1,,,test2_golden,0,18.993,cxx_add_to_sub:/mnt/scratch1/ardi/dsl_mut/HM-armc/mutation/lowered-cpp/local_laplacian/local_laplacian.halide_generated.cpp:7601:51
local_laplacian,cxx_default_on_emitted_cpp,5eb72c8d,8,18,cxx_mul_to_div,local_laplacian.halide_generated.cpp,5630,26,generator_specific,0,0,1,,,test2_golden,0,25.172,cxx_mul_to_div:/mnt/scratch1/ardi/dsl_mut/HM-armc/mutation/lowered-cpp/local_laplacian/local_laplacian.halide_generated.cpp:5630:26
local_laplacian,cxx_default_on_emitted_cpp,5eb72c8d,8,18,cxx_add_to_sub,local_laplacian.halide_generated.cpp,9101,38,generator_specific,0,0,1,,,test2_golden,0,15.763,cxx_add_to_sub:/mnt/scratch1/ardi/dsl_mut/HM-armc/mutation/lowered-cpp/local_laplacian/local_laplacian.halide_generated.cpp:9101:38
local_laplacian,cxx_default_on_emitted_cpp,5eb72c8d,8,18,cxx_mul_to_div,local_laplacian.halide_generated.cpp,9755,37,generator_specific,0,0,1,,,test2_golden,0,26.016,cxx_mul_to_div:/mnt/scratch1/ardi/dsl_mut/HM-armc/mutation/lowered-cpp/local_laplacian/local_laplacian.halide_generated.cpp:9755:37
local_laplacian,cxx_default_on_emitted_cpp,5eb72c8d,8,18,cxx_add_to_sub,local_laplacian.halide_generated.cpp,7246,36,generator_specific,0,0,1,,,test2_golden,0,23.801,cxx_add_to_sub:/mnt/scratch1/ardi/dsl_mut/HM-armc/mutation/lowered-cpp/local_laplacian/local_laplacian.halide_generated.cpp:7246:36
local_laplacian,cxx_default_on_emitted_cpp,5eb72c8d,8,18,cxx_add_to_sub,local_laplacian.halide_generated.cpp,6020,26,generator_specific,0,0,1,,,test2_golden,0,15.769,cxx_add_to_sub:/mnt/scratch1/ardi/dsl_mut/HM-armc/mutation/lowered-cpp/local_laplacian/local_laplacian.halide_generated.cpp:6020:26
local_laplacian,cxx_default_on_emitted_cpp,5eb72c8d,8,18,cxx_add_to_sub,local_laplacian.halide_generated.cpp,10963,30,generator_specific,0,0,0,,,,0,20.644,cxx_add_to_sub:/mnt/scratch1/ardi/dsl_mut/HM-armc/mutation/lowered-cpp/local_laplacian/local_laplacian.halide_generated.cpp:10963:30
local_laplacian,cxx_default_on_emitted_cpp,5eb72c8d,8,18,cxx_add_to_sub,local_laplacian.halide_generated.cpp,4597,27,generator_specific,0,0,1,,,test2_golden,0,16.974,cxx_add_to_sub:/mnt/scratch1/ardi/dsl_mut/HM-armc/mutation/lowered-cpp/local_laplacian/local_laplacian.halide_generated.cpp:4597:27
local_laplacian,cxx_default_on_emitted_cpp,5eb72c8d,8,18,cxx_add_to_sub,local_laplacian.halide_generated.cpp,11911,36,generator_specific,0,0,0,,,,0,22.071,cxx_add_to_sub:/mnt/scratch1/ardi/dsl_mut/HM-armc/mutation/lowered-cpp/local_laplacian/local_laplacian.halide_generated.cpp:11911:36
local_laplacian,cxx_default_on_emitted_cpp,5eb72c8d,8,18,cxx_mul_to_div,local_laplacian.halide_generated.cpp,10427,37,generator_specific,0,0,0,,,,0,21.344,cxx_mul_to_div:/mnt/scratch1/ardi/dsl_mut/HM-armc/mutation/lowered-cpp/local_laplacian/local_laplacian.halide_generated.cpp:10427:37
local_laplacian,cxx_default_on_emitted_cpp,5eb72c8d,8,18,cxx_mul_to_div,local_laplacian.halide_generated.cpp,10781,38,generator_specific,0,0,1,,,test2_golden,0,17.034,cxx_mul_to_div:/mnt/scratch1/ardi/dsl_mut/HM-armc/mutation/lowered-cpp/local_laplacian/local_laplacian.halide_generated.cpp:10781:38
local_laplacian,cxx_default_on_emitted_cpp,5eb72c8d,8,18,cxx_add_to_sub,local_laplacian.halide_generated.cpp,12513,40,generator_specific,0,0,0,,,,0,19.605,cxx_add_to_sub:/mnt/scratch1/ardi/dsl_mut/HM-armc/mutation/lowered-cpp/local_laplacian/local_laplacian.halide_generated.cpp:12513:40
local_laplacian,cxx_default_on_emitted_cpp,5eb72c8d,8,18,cxx_sub_to_add,local_laplacian.halide_generated.cpp,9432,40,generator_specific,0,0,0,,,,0,16.446,cxx_sub_to_add:/mnt/scratch1/ardi/dsl_mut/HM-armc/mutation/lowered-cpp/local_laplacian/local_laplacian.halide_generated.cpp:9432:40
local_laplacian,cxx_default_on_emitted_cpp,5eb72c8d,8,18,cxx_mul_to_div,local_laplacian.halide_generated.cpp,9241,37,generator_specific,0,0,1,,,test2_golden,0,20.350,cxx_mul_to_div:/mnt/scratch1/ardi/dsl_mut/HM-armc/mutation/lowered-cpp/local_laplacian/local_laplacian.halide_generated.cpp:9241:37
local_laplacian,cxx_default_on_emitted_cpp,5eb72c8d,8,18,cxx_add_to_sub,local_laplacian.halide_generated.cpp,15166,34,generator_specific,0,0,1,,,test2_golden,0,19.070,cxx_add_to_sub:/mnt/scratch1/ardi/dsl_mut/HM-armc/mutation/lowered-cpp/local_laplacian/local_laplacian.halide_generated.cpp:15166:34
local_laplacian,cxx_default_on_emitted_cpp,5eb72c8d,8,18,cxx_mul_to_div,local_laplacian.halide_generated.cpp,8323,37,generator_specific,0,0,1,,,test2_golden,0,17.484,cxx_mul_to_div:/mnt/scratch1/ardi/dsl_mut/HM-armc/mutation/lowered-cpp/local_laplacian/local_laplacian.halide_generated.cpp:8323:37
local_laplacian,cxx_default_on_emitted_cpp,5eb72c8d,8,18,cxx_sub_to_add,local_laplacian.halide_generated.cpp,12041,37,generator_specific,0,0,0,,,,0,19.136,cxx_sub_to_add:/mnt/scratch1/ardi/dsl_mut/HM-armc/mutation/lowered-cpp/local_laplacian/local_laplacian.halide_generated.cpp:12041:37
local_laplacian,cxx_default_on_emitted_cpp,5eb72c8d,8,18,cxx_add_to_sub,local_laplacian.halide_generated.cpp,11426,40,generator_specific,0,0,0,,,,0,18.847,cxx_add_to_sub:/mnt/scratch1/ardi/dsl_mut/HM-armc/mutation/lowered-cpp/local_laplacian/local_laplacian.halide_generated.cpp:11426:40
