app,arm,mull_commit,slice_index,slice_count,mutator,file,line,column,region,exit_code,test1_demo,test2_golden,test2_written,test3_perf,killed_by,timed_out,wall_seconds,mutant_key
stencil_chain,cxx_default_on_emitted_cpp,5eb72c8d,10,14,cxx_add_to_sub,stencil_chain.halide_generated.cpp,9074,39,generator_specific,-11,1,,,,test1_demo,0,0.205,cxx_add_to_sub:/mnt/scratch1/ardi/dsl_mut/HM-armc/mutation/lowered-cpp/stencil_chain/stencil_chain.halide_generated.cpp:9074:39
stencil_chain,cxx_default_on_emitted_cpp,5eb72c8d,10,14,cxx_post_inc_to_post_dec,stencil_chain.halide_generated.cpp,14969,228,generator_specific,-11,1,,,,test1_demo,0,0.284,cxx_post_inc_to_post_dec:/mnt/scratch1/ardi/dsl_mut/HM-armc/mutation/lowered-cpp/stencil_chain/stencil_chain.halide_generated.cpp:14969:228
stencil_chain,cxx_default_on_emitted_cpp,5eb72c8d,10,14,cxx_lt_to_ge,stencil_chain.halide_generated.cpp,13450,68,generator_specific,0,0,1,,,test2_golden,0,0.717,cxx_lt_to_ge:/mnt/scratch1/ardi/dsl_mut/HM-armc/mutation/lowered-cpp/stencil_chain/stencil_chain.halide_generated.cpp:13450:68
stencil_chain,cxx_default_on_emitted_cpp,5eb72c8d,10,14,cxx_add_to_sub,stencil_chain.halide_generated.cpp,14920,26,generator_specific,0,0,0,,,,0,0.802,cxx_add_to_sub:/mnt/scratch1/ardi/dsl_mut/HM-armc/mutation/lowered-cpp/stencil_chain/stencil_chain.halide_generated.cpp:14920:26
stencil_chain,cxx_default_on_emitted_cpp,5eb72c8d,10,14,cxx_mul_to_div,stencil_chain.halide_generated.cpp,3676,35,generator_specific,0,0,0,,,,0,0.845,cxx_mul_to_div:/mnt/scratch1/ardi/dsl_mut/HM-armc/mutation/lowered-cpp/stencil_chain/stencil_chain.halide_generated.cpp:3676:35
stencil_chain,cxx_default_on_emitted_cpp,5eb72c8d,10,14,cxx_add_to_sub,stencil_chain.halide_generated.cpp,10855,50,generator_specific,0,0,1,,,test2_golden,0,0.849,cxx_add_to_sub:/mnt/scratch1/ardi/dsl_mut/HM-armc/mutation/lowered-cpp/stencil_chain/stencil_chain.halide_generated.cpp:10855:50
stencil_chain,cxx_default_on_emitted_cpp,5eb72c8d,10,14,cxx_add_to_sub,stencil_chain.halide_generated.cpp,18210,48,generator_specific,0,0,1,,,test2_golden,0,0.841,cxx_add_to_sub:/mnt/scratch1/ardi/dsl_mut/HM-armc/mutation/lowered-cpp/stencil_chain/stencil_chain.halide_generated.cpp:18210:48
stencil_chain,cxx_default_on_emitted_cpp,5eb72c8d,10,14,cxx_add_to_sub,stencil_chain.halide_generated.cpp,11176,40,generator_specific,0,0,1,,,test2_golden,0,0.849,cxx_add_to_sub:/mnt/scratch1/ardi/dsl_mut/HM-armc/mutation/lowered-cpp/stencil_chain/stencil_chain.halide_generated.cpp:11176:40
stencil_chain,cxx_default_on_emitted_cpp,5eb72c8d,10,14,cxx_mul_to_div,stencil_chain.halide_generated.cpp,5503,36,generator_specific,0,0,1,,,test2_golden,0,0.850,cxx_mul_to_div:/mnt/scratch1/ardi/dsl_mut/HM-armc/mutation/lowered-cpp/stencil_chain/stencil_chain.halide_generated.cpp:5503:36
stencil_chain,cxx_default_on_emitted_cpp,5eb72c8d,10,14,cxx_mul_to_div,stencil_chain.halide_generated.cpp,9293,38,generator_specific,0,0,1,,,test2_golden,0,0.857,cxx_mul_to_div:/mnt/scratch1/ardi/dsl_mut/HM-armc/mutation/lowered-cpp/stencil_chain/stencil_chain.halide_generated.cpp:9293:38
stencil_chain,cxx_default_on_emitted_cpp,5eb72c8d,10,14,cxx_lt_to_le,stencil_chain.halide_generated.cpp,10171,66,generator_specific,0,0,0,,,,0,0.854,cxx_lt_to_le:/mnt/scratch1/ardi/dsl_mut/HM-armc/mutation/lowered-cpp/stencil_chain/stencil_chain.halide_generated.cpp:10171:66
stencil_chain,cxx_default_on_emitted_cpp,5eb72c8d,10,14,cxx_mul_to_div,stencil_chain.halide_generated.cpp,5932,38,generator_specific,0,0,1,,,test2_golden,0,0.874,cxx_mul_to_div:/mnt/scratch1/ardi/dsl_mut/HM-armc/mutation/lowered-cpp/stencil_chain/stencil_chain.halide_generated.cpp:5932:38
stencil_chain,cxx_default_on_emitted_cpp,5eb72c8d,10,14,cxx_add_to_sub,stencil_chain.halide_generated.cpp,16587,43,generator_specific,0,0,1,,,test2_golden,0,0.896,cxx_add_to_sub:/mnt/scratch1/ardi/dsl_mut/HM-armc/mutation/lowered-cpp/stencil_chain/stencil_chain.halide_generated.cpp:16587:43
stencil_chain,cxx_default_on_emitted_cpp,5eb72c8d,10,14,cxx_add_to_sub,stencil_chain.halide_generated.cpp,4180,41,generator_specific,0,0,1,,,test2_golden,0,0.919,cxx_add_to_sub:/mnt/scratch1/ardi/dsl_mut/HM-armc/mutation/lowered-cpp/stencil_chain/stencil_chain.halide_generated.cpp:4180:41
stencil_chain,cxx_default_on_emitted_cpp,5eb72c8d,10,14,cxx_add_to_sub,stencil_chain.halide_generated.cpp,17376,48,generator_specific,0,0,1,,,test2_golden,0,0.975,cxx_add_to_sub:/mnt/scratch1/ardi/dsl_mut/HM-armc/mutation/lowered-cpp/stencil_chain/stencil_chain.halide_generated.cpp:17376:48
stencil_chain,cxx_default_on_emitted_cpp,5eb72c8d,10,14,cxx_add_to_sub,stencil_chain.halide_generated.cpp,6433,97,generator_specific,0,0,1,,,test2_golden,0,0.987,cxx_add_to_sub:/mnt/scratch1/ardi/dsl_mut/HM-armc/mutation/lowered-cpp/stencil_chain/stencil_chain.halide_generated.cpp:6433:97
stencil_chain,cxx_default_on_emitted_cpp,5eb72c8d,10,14,cxx_mul_to_div,stencil_chain.halide_generated.cpp,8766,50,generator_specific,0,0,1,,,test2_golden,0,0.991,cxx_mul_to_div:/mnt/scratch1/ardi/dsl_mut/HM-armc/mutation/lowered-cpp/stencil_chain/stencil_chain.halide_generated.cpp:8766:50
stencil_chain,cxx_default_on_emitted_cpp,5eb72c8d,10,14,cxx_add_to_sub,stencil_chain.halide_generated.cpp,7619,45,generator_specific,0,0,1,,,test2_golden,0,0.988,cxx_add_to_sub:/mnt/scratch1/ardi/dsl_mut/HM-armc/mutation/lowered-cpp/stencil_chain/stencil_chain.halide_generated.cpp:7619:45
stencil_chain,cxx_default_on_emitted_cpp,5eb72c8d,10,14,cxx_mul_to_div,stencil_chain.halide_generated.cpp,13533,47,generator_specific,0,0,1,,,test2_golden,0,0.799,cxx_mul_to_div:/mnt/scratch1/ardi/dsl_mut/HM-armc/mutation/lowered-cpp/stencil_chain/stencil_chain.halide_generated.cpp:13533:47
stencil_chain,cxx_default_on_emitted_cpp,5eb72c8d,10,14,cxx_add_to_sub,stencil_chain.halide_generated.cpp,9694,40,generator_specific,0,0,1,,,test2_golden,0,0.985,cxx_add_to_sub:/mnt/scratch1/ardi/dsl_mut/HM-armc/mutation/lowered-cpp/stencil_chain/stencil_chain.halide_generated.cpp:9694:40
stencil_chain,cxx_default_on_emitted_cpp,5eb72c8d,10,14,cxx_add_to_sub,stencil_chain.halide_generated.cpp,14823,51,generator_specific,0,0,1,,,test2_golden,0,0.988,cxx_add_to_sub:/mnt/scratch1/ardi/dsl_mut/HM-armc/mutation/lowered-cpp/stencil_chain/stencil_chain.halide_generated.cpp:14823:51
stencil_chain,cxx_default_on_emitted_cpp,5eb72c8d,10,14,cxx_add_to_sub,stencil_chain.halide_generated.cpp,17829,47,generator_specific,0,0,1,,,test2_golden,0,0.990,cxx_add_to_sub:/mnt/scratch1/ardi/dsl_mut/HM-armc/mutation/lowered-cpp/stencil_chain/stencil_chain.halide_generated.cpp:17829:47
stencil_chain,cxx_default_on_emitted_cpp,5eb72c8d,10,14,cxx_add_to_sub,stencil_chain.halide_generated.cpp,13559,43,generator_specific,0,0,1,,,test2_golden,0,1.018,cxx_add_to_sub:/mnt/scratch1/ardi/dsl_mut/HM-armc/mutation/lowered-cpp/stencil_chain/stencil_chain.halide_generated.cpp:13559:43
stencil_chain,cxx_default_on_emitted_cpp,5eb72c8d,10,14,cxx_add_to_sub,stencil_chain.halide_generated.cpp,12553,44,generator_specific,0,0,1,,,test2_golden,0,1.004,cxx_add_to_sub:/mnt/scratch1/ardi/dsl_mut/HM-armc/mutation/lowered-cpp/stencil_chain/stencil_chain.halide_generated.cpp:12553:44
stencil_chain,cxx_default_on_emitted_cpp,5eb72c8d,10,14,cxx_post_inc_to_post_dec,stencil_chain.halide_generated.cpp,4015,87,generator_specific,-11,1,,,,test1_demo,0,0.216,cxx_post_inc_to_post_dec:/mnt/scratch1/ardi/dsl_mut/HM-armc/mutation/lowered-cpp/stencil_chain/stencil_chain.halide_generated.cpp:4015:87
stencil_chain,cxx_default_on_emitted_cpp,5eb72c8d,10,14,cxx_add_to_sub,stencil_chain.halide_generated.cpp,16704,42,generator_specific,0,0,1,,,test2_golden,0,1.054,cxx_add_to_sub:/mnt/scratch1/ardi/dsl_mut/HM-armc/mutation/lowered-cpp/stencil_chain/stencil_chain.halide_generated.cpp:16704:42
stencil_chain,cxx_default_on_emitted_cpp,5eb72c8d,10,14,cxx_add_to_sub,stencil_chain.halide_generated.cpp,17503,46,generator_specific,0,0,1,,,test2_golden,0,1.087,cxx_add_to_sub:/mnt/scratch1/ardi/dsl_mut/HM-armc/mutation/lowered-cpp/stencil_chain/stencil_chain.halide_generated.cpp:17503:46
stencil_chain,cxx_default_on_emitted_cpp,5eb72c8d,10,14,cxx_add_to_sub,stencil_chain.halide_generated.cpp,14375,46,generator_specific,0,0,1,,,test2_golden,0,1.086,cxx_add_to_sub:/mnt/scratch1/ardi/dsl_mut/HM-armc/mutation/lowered-cpp/stencil_chain/stencil_chain.halide_generated.cpp:14375:46
stencil_chain,cxx_default_on_emitted_cpp,5eb72c8d,10,14,cxx_gt_to_ge,stencil_chain.halide_generated.cpp,3358,25,boilerplate,0,0,0,,,,0,1.133,cxx_gt_to_ge:/mnt/scratch1/ardi/dsl_mut/HM-armc/mutation/lowered-cpp/stencil_chain/stencil_chain.halide_generated.cpp:3358:25
stencil_chain,cxx_default_on_emitted_cpp,5eb72c8d,10,14,cxx_add_to_sub,stencil_chain.halide_generated.cpp,18235,52,generator_specific,0,0,1,,,test2_golden,0,1.268,cxx_add_to_sub:/mnt/scratch1/ardi/dsl_mut/HM-armc/mutation/lowered-cpp/stencil_chain/stencil_chain.halide_generated.cpp:18235:52
stencil_chain,cxx_default_on_emitted_cpp,5eb72c8d,10,14,cxx_add_to_sub,stencil_chain.halide_generated.cpp,4354,42,generator_specific,0,0,1,,,test2_golden,0,0.855,cxx_add_to_sub:/mnt/scratch1/ardi/dsl_mut/HM-armc/mutation/lowered-cpp/stencil_chain/stencil_chain.halide_generated.cpp:4354:42
stencil_chain,cxx_default_on_emitted_cpp,5eb72c8d,10,14,cxx_add_to_sub,stencil_chain.halide_generated.cpp,3706,35,generator_specific,0,0,1,,,test2_golden,0,0.744,cxx_add_to_sub:/mnt/scratch1/ardi/dsl_mut/HM-armc/mutation/lowered-cpp/stencil_chain/stencil_chain.halide_generated.cpp:3706:35
stencil_chain,cxx_default_on_emitted_cpp,5eb72c8d,10,14,cxx_add_to_sub,stencil_chain.halide_generated.cpp,17936,46,generator_specific,0,0,1,,,test2_golden,0,0.743,cxx_add_to_sub:/mnt/scratch1/ardi/dsl_mut/HM-armc/mutation/lowered-cpp/stencil_chain/stencil_chain.halide_generated.cpp:17936:46
stencil_chain,cxx_default_on_emitted_cpp,5eb72c8d,10,14,cxx_add_to_sub,stencil_chain.halide_generated.cpp,16706,42,generator_specific,0,0,1,,,test2_golden,0,0.742,cxx_add_to_sub:/mnt/scratch1/ardi/dsl_mut/HM-armc/mutation/lowered-cpp/stencil_chain/stencil_chain.halide_generated.cpp:16706:42
stencil_chain,cxx_default_on_emitted_cpp,5eb72c8d,10,14,cxx_add_to_sub,stencil_chain.halide_generated.cpp,11070,36,generator_specific,0,0,1,,,test2_golden,0,0.763,cxx_add_to_sub:/mnt/scratch1/ardi/dsl_mut/HM-armc/mutation/lowered-cpp/stencil_chain/stencil_chain.halide_generated.cpp:11070:36
stencil_chain,cxx_default_on_emitted_cpp,5eb72c8d,10,14,cxx_add_to_sub,stencil_chain.halide_generated.cpp,10500,48,generator_specific,0,0,1,,,test2_golden,0,0.861,cxx_add_to_sub:/mnt/scratch1/ardi/dsl_mut/HM-armc/mutation/lowered-cpp/stencil_chain/stencil_chain.halide_generated.cpp:10500:48
stencil_chain,cxx_default_on_emitted_cpp,5eb72c8d,10,14,cxx_replace_scalar_call,stencil_chain.halide_generated.cpp,5470,28,generator_specific,0,0,1,,,test2_golden,0,0.742,cxx_replace_scalar_call:/mnt/scratch1/ardi/dsl_mut/HM-armc/mutation/lowered-cpp/stencil_chain/stencil_chain.halide_generated.cpp:5470:28
stencil_chain,cxx_default_on_emitted_cpp,5eb72c8d,10,14,cxx_add_to_sub,stencil_chain.halide_generated.cpp,7116,45,generator_specific,0,0,1,,,test2_golden,0,0.898,cxx_add_to_sub:/mnt/scratch1/ardi/dsl_mut/HM-armc/mutation/lowered-cpp/stencil_chain/stencil_chain.halide_generated.cpp:7116:45
stencil_chain,cxx_default_on_emitted_cpp,5eb72c8d,10,14,cxx_mul_to_div,stencil_chain.halide_generated.cpp,12095,43,generator_specific,0,0,1,,,test2_golden,0,0.906,cxx_mul_to_div:/mnt/scratch1/ardi/dsl_mut/HM-armc/mutation/lowered-cpp/stencil_chain/stencil_chain.halide_generated.cpp:12095:43
stencil_chain,cxx_default_on_emitted_cpp,5eb72c8d,10,14,cxx_add_to_sub,stencil_chain.halide_generated.cpp,12857,41,generator_specific,0,0,1,,,test2_golden,0,1.801,cxx_add_to_sub:/mnt/scratch1/ardi/dsl_mut/HM-armc/mutation/lowered-cpp/stencil_chain/stencil_chain.halide_generated.cpp:12857:41
stencil_chain,cxx_default_on_emitted_cpp,5eb72c8d,10,14,cxx_add_to_sub,stencil_chain.halide_generated.cpp,6054,38,generator_specific,0,0,1,,,test2_golden,0,0.943,cxx_add_to_sub:/mnt/scratch1/ardi/dsl_mut/HM-armc/mutation/lowered-cpp/stencil_chain/stencil_chain.halide_generated.cpp:6054:38
stencil_chain,cxx_default_on_emitted_cpp,5eb72c8d,10,14,cxx_add_to_sub,stencil_chain.halide_generated.cpp,16695,47,generator_specific,0,0,1,,,test2_golden,0,0.828,cxx_add_to_sub:/mnt/scratch1/ardi/dsl_mut/HM-armc/mutation/lowered-cpp/stencil_chain/stencil_chain.halide_generated.cpp:16695:47
stencil_chain,cxx_default_on_emitted_cpp,5eb72c8d,10,14,cxx_add_to_sub,stencil_chain.halide_generated.cpp,13603,47,generator_specific,0,0,1,,,test2_golden,0,0.746,cxx_add_to_sub:/mnt/scratch1/ardi/dsl_mut/HM-armc/mutation/lowered-cpp/stencil_chain/stencil_chain.halide_generated.cpp:13603:47
stencil_chain,cxx_default_on_emitted_cpp,5eb72c8d,10,14,cxx_add_to_sub,stencil_chain.halide_generated.cpp,18188,48,generator_specific,0,0,1,,,test2_golden,0,0.873,cxx_add_to_sub:/mnt/scratch1/ardi/dsl_mut/HM-armc/mutation/lowered-cpp/stencil_chain/stencil_chain.halide_generated.cpp:18188:48
stencil_chain,cxx_default_on_emitted_cpp,5eb72c8d,10,14,cxx_div_to_mul,stencil_chain.halide_generated.cpp,18357,26,generator_specific,0,0,0,,,,0,0.760,cxx_div_to_mul:/mnt/scratch1/ardi/dsl_mut/HM-armc/mutation/lowered-cpp/stencil_chain/stencil_chain.halide_generated.cpp:18357:26
stencil_chain,cxx_default_on_emitted_cpp,5eb72c8d,10,14,cxx_lt_to_le,stencil_chain.halide_generated.cpp,5476,156,generator_specific,0,0,0,,,,0,0.927,cxx_lt_to_le:/mnt/scratch1/ardi/dsl_mut/HM-armc/mutation/lowered-cpp/stencil_chain/stencil_chain.halide_generated.cpp:5476:156
stencil_chain,cxx_default_on_emitted_cpp,5eb72c8d,10,14,cxx_add_to_sub,stencil_chain.halide_generated.cpp,15966,41,generator_specific,0,0,1,,,test2_golden,0,0.971,cxx_add_to_sub:/mnt/scratch1/ardi/dsl_mut/HM-armc/mutation/lowered-cpp/stencil_chain/stencil_chain.halide_generated.cpp:15966:41
stencil_chain,cxx_default_on_emitted_cpp,5eb72c8d,10,14,cxx_mul_to_div,stencil_chain.halide_generated.cpp,12185,43,generator_specific,0,0,1,,,test2_golden,0,1.044,cxx_mul_to_div:/mnt/scratch1/ardi/dsl_mut/HM-armc/mutation/lowered-cpp/stencil_chain/stencil_chain.halide_generated.cpp:12185:43
stencil_chain,cxx_default_on_emitted_cpp,5eb72c8d,10,14,cxx_add_to_sub,stencil_chain.halide_generated.cpp,4528,43,generator_specific,0,0,1,,,test2_golden,0,0.995,cxx_add_to_sub:/mnt/scratch1/ardi/dsl_mut/HM-armc/mutation/lowered-cpp/stencil_chain/stencil_chain.halide_generated.cpp:4528:43
stencil_chain,cxx_default_on_emitted_cpp,5eb72c8d,10,14,cxx_mul_to_div,stencil_chain.halide_generated.cpp,10173,53,generator_specific,0,0,1,,,test2_golden,0,0.946,cxx_mul_to_div:/mnt/scratch1/ardi/dsl_mut/HM-armc/mutation/lowered-cpp/stencil_chain/stencil_chain.halide_generated.cpp:10173:53
stencil_chain,cxx_default_on_emitted_cpp,5eb72c8d,10,14,cxx_mul_to_div,stencil_chain.halide_generated.cpp,7322,42,generator_specific,0,0,1,,,test2_golden,0,1.134,cxx_mul_to_div:/mnt/scratch1/ardi/dsl_mut/HM-armc/mutation/lowered-cpp/stencil_chain/stencil_chain.halide_generated.cpp:7322:42
stencil_chain,cxx_default_on_emitted_cpp,5eb72c8d,10,14,cxx_add_to_sub,stencil_chain.halide_generated.cpp,6758,44,generator_specific,0,0,1,,,test2_golden,0,1.234,cxx_add_to_sub:/mnt/scratch1/ardi/dsl_mut/HM-armc/mutation/lowered-cpp/stencil_chain/stencil_chain.halide_generated.cpp:6758:44
stencil_chain,cxx_default_on_emitted_cpp,5eb72c8d,10,14,cxx_mul_to_div,stencil_chain.halide_generated.cpp,9409,42,generator_specific,0,0,1,,,test2_golden,0,0.747,cxx_mul_to_div:/mnt/scratch1/ardi/dsl_mut/HM-armc/mutation/lowered-cpp/stencil_chain/stencil_chain.halide_generated.cpp:9409:42
stencil_chain,cxx_default_on_emitted_cpp,5eb72c8d,10,14,cxx_add_to_sub,stencil_chain.halide_generated.cpp,10155,46,generator_specific,0,0,1,,,test2_golden,0,0.767,cxx_add_to_sub:/mnt/scratch1/ardi/dsl_mut/HM-armc/mutation/lowered-cpp/stencil_chain/stencil_chain.halide_generated.cpp:10155:46
stencil_chain,cxx_default_on_emitted_cpp,5eb72c8d,10,14,cxx_lt_to_ge,stencil_chain.halide_generated.cpp,13796,69,generator_specific,0,0,1,,,test2_golden,0,0.772,cxx_lt_to_ge:/mnt/scratch1/ardi/dsl_mut/HM-armc/mutation/lowered-cpp/stencil_chain/stencil_chain.halide_generated.cpp:13796:69
stencil_chain,cxx_default_on_emitted_cpp,5eb72c8d,10,14,cxx_add_to_sub,stencil_chain.halide_generated.cpp,12215,43,generator_specific,0,0,1,,,test2_golden,0,0.848,cxx_add_to_sub:/mnt/scratch1/ardi/dsl_mut/HM-armc/mutation/lowered-cpp/stencil_chain/stencil_chain.halide_generated.cpp:12215:43
stencil_chain,cxx_default_on_emitted_cpp,5eb72c8d,10,14,cxx_mul_to_div,stencil_chain.halide_generated.cpp,13125,42,generator_specific,0,0,1,,,test2_golden,0,0.887,cxx_mul_to_div:/mnt/scratch1/ardi/dsl_mut/HM-armc/mutation/lowered-cpp/stencil_chain/stencil_chain.halide_generated.cpp:13125:42
stencil_chain,cxx_default_on_emitted_cpp,5eb72c8d,10,14,cxx_mul_to_div,stencil_chain.halide_generated.cpp,14744,51,generator_specific,0,0,1,,,test2_golden,0,0.765,cxx_mul_to_div:/mnt/scratch1/ardi/dsl_mut/HM-armc/mutation/lowered-cpp/stencil_chain/stencil_chain.halide_generated.cpp:14744:51
stencil_chain,cxx_default_on_emitted_cpp,5eb72c8d,10,14,cxx_mul_to_div,stencil_chain.halide_generated.cpp,15666,40,generator_specific,0,0,1,,,test2_golden,0,0.768,cxx_mul_to_div:/mnt/scratch1/ardi/dsl_mut/HM-armc/mutation/lowered-cpp/stencil_chain/stencil_chain.halide_generated.cpp:15666:40
stencil_chain,cxx_default_on_emitted_cpp,5eb72c8d,10,14,cxx_add_to_sub,stencil_chain.halide_generated.cpp,15819,44,generator_specific,0,0,1,,,test2_golden,0,0.773,cxx_add_to_sub:/mnt/scratch1/ardi/dsl_mut/HM-armc/mutation/lowered-cpp/stencil_chain/stencil_chain.halide_generated.cpp:15819:44
stencil_chain,cxx_default_on_emitted_cpp,5eb72c8d,10,14,cxx_add_to_sub,stencil_chain.halide_generated.cpp,15603,38,generator_specific,0,0,1,,,test2_golden,0,2.246,cxx_add_to_sub:/mnt/scratch1/ardi/dsl_mut/HM-armc/mutation/lowered-cpp/stencil_chain/stencil_chain.halide_generated.cpp:15603:38
stencil_chain,cxx_default_on_emitted_cpp,5eb72c8d,10,14,cxx_lt_to_ge,stencil_chain.halide_generated.cpp,16529,66,generator_specific,0,0,1,,,test2_golden,0,0.754,cxx_lt_to_ge:/mnt/scratch1/ardi/dsl_mut/HM-armc/mutation/lowered-cpp/stencil_chain/stencil_chain.halide_generated.cpp:16529:66
stencil_chain,cxx_default_on_emitted_cpp,5eb72c8d,10,14,cxx_add_to_sub,stencil_chain.halide_generated.cpp,6410,43,generator_specific,0,0,1,,,test2_golden,0,0.747,cxx_add_to_sub:/mnt/scratch1/ardi/dsl_mut/HM-armc/mutation/lowered-cpp/stencil_chain/stencil_chain.halide_generated.cpp:6410:43
stencil_chain,cxx_default_on_emitted_cpp,5eb72c8d,10,14,cxx_remove_void_call,stencil_chain.halide_generated.cpp,4187,17,generator_specific,0,0,1,,,test2_golden,0,0.828,cxx_remove_void_call:/mnt/scratch1/ardi/dsl_mut/HM-armc/mutation/lowered-cpp/stencil_chain/stencil_chain.halide_generated.cpp:4187:17
stencil_chain,cxx_default_on_emitted_cpp,5eb72c8d,10,14,cxx_add_to_sub,stencil_chain.halide_generated.cpp,16119,40,generator_specific,0,0,1,,,test2_golden,0,0.767,cxx_add_to_sub:/mnt/scratch1/ardi/dsl_mut/HM-armc/mutation/lowered-cpp/stencil_chain/stencil_chain.halide_generated.cpp:16119:40
stencil_chain,cxx_default_on_emitted_cpp,5eb72c8d,10,14,cxx_add_to_sub,stencil_chain.halide_generated.cpp,10360,44,generator_specific,0,0,1,,,test2_golden,0,0.795,cxx_add_to_sub:/mnt/scratch1/ardi/dsl_mut/HM-armc/mutation/lowered-cpp/stencil_chain/stencil_chain.halide_generated.cpp:10360:44
stencil_chain,cxx_default_on_emitted_cpp,5eb72c8d,10,14,cxx_sub_to_add,stencil_chain.halide_generated.cpp,10176,43,generator_specific,0,0,1,,,test2_golden,0,1.035,cxx_sub_to_add:/mnt/scratch1/ardi/dsl_mut/HM-armc/mutation/lowered-cpp/stencil_chain/stencil_chain.halide_generated.cpp:10176:43
stencil_chain,cxx_default_on_emitted_cpp,5eb72c8d,10,14,cxx_add_to_sub,stencil_chain.halide_generated.cpp,13965,44,generator_specific,0,0,1,,,test2_golden,0,0.976,cxx_add_to_sub:/mnt/scratch1/ardi/dsl_mut/HM-armc/mutation/lowered-cpp/stencil_chain/stencil_chain.halide_generated.cpp:13965:44
stencil_chain,cxx_default_on_emitted_cpp,5eb72c8d,10,14,cxx_add_to_sub,stencil_chain.halide_generated.cpp,5424,50,generator_specific,0,0,1,,,test2_golden,0,1.003,cxx_add_to_sub:/mnt/scratch1/ardi/dsl_mut/HM-armc/mutation/lowered-cpp/stencil_chain/stencil_chain.halide_generated.cpp:5424:50
stencil_chain,cxx_default_on_emitted_cpp,5eb72c8d,10,14,cxx_add_to_sub,stencil_chain.halide_generated.cpp,14827,51,generator_specific,0,0,1,,,test2_golden,0,1.067,cxx_add_to_sub:/mnt/scratch1/ardi/dsl_mut/HM-armc/mutation/lowered-cpp/stencil_chain/stencil_chain.halide_generated.cpp:14827:51
stencil_chain,cxx_default_on_emitted_cpp,5eb72c8d,10,14,cxx_mul_to_div,stencil_chain.halide_generated.cpp,5099,45,generator_specific,0,0,0,,,,0,0.974,cxx_mul_to_div:/mnt/scratch1/ardi/dsl_mut/HM-armc/mutation/lowered-cpp/stencil_chain/stencil_chain.halide_generated.cpp:5099:45
stencil_chain,cxx_default_on_emitted_cpp,5eb72c8d,10,14,cxx_add_to_sub,stencil_chain.halide_generated.cpp,14591,48,generator_specific,0,0,1,,,test2_golden,0,2.171,cxx_add_to_sub:/mnt/scratch1/ardi/dsl_mut/HM-armc/mutation/lowered-cpp/stencil_chain/stencil_chain.halide_generated.cpp:14591:48
stencil_chain,cxx_default_on_emitted_cpp,5eb72c8d,10,14,cxx_add_to_sub,stencil_chain.halide_generated.cpp,11610,36,generator_specific,0,0,1,,,test2_golden,0,0.766,cxx_add_to_sub:/mnt/scratch1/ardi/dsl_mut/HM-armc/mutation/lowered-cpp/stencil_chain/stencil_chain.halide_generated.cpp:11610:36
stencil_chain,cxx_default_on_emitted_cpp,5eb72c8d,10,14,cxx_add_to_sub,stencil_chain.halide_generated.cpp,10321,47,generator_specific,0,0,1,,,test2_golden,0,0.952,cxx_add_to_sub:/mnt/scratch1/ardi/dsl_mut/HM-armc/mutation/lowered-cpp/stencil_chain/stencil_chain.halide_generated.cpp:10321:47
stencil_chain,cxx_default_on_emitted_cpp,5eb72c8d,10,14,cxx_mul_to_div,stencil_chain.halide_generated.cpp,13348,45,generator_specific,0,0,1,,,test2_golden,0,0.761,cxx_mul_to_div:/mnt/scratch1/ardi/dsl_mut/HM-armc/mutation/lowered-cpp/stencil_chain/stencil_chain.halide_generated.cpp:13348:45
stencil_chain,cxx_default_on_emitted_cpp,5eb72c8d,10,14,cxx_le_to_gt,stencil_chain.halide_generated.cpp,15831,32,generator_specific,0,0,1,,,test2_golden,0,0.888,cxx_le_to_gt:/mnt/scratch1/ardi/dsl_mut/HM-armc/mutation/lowered-cpp/stencil_chain/stencil_chain.halide_generated.cpp:15831:32
stencil_chain,cxx_default_on_emitted_cpp,5eb72c8d,10,14,cxx_add_to_sub,stencil_chain.halide_generated.cpp,17218,49,generator_specific,0,0,1,,,test2_golden,0,0.760,cxx_add_to_sub:/mnt/scratch1/ardi/dsl_mut/HM-armc/mutation/lowered-cpp/stencil_chain/stencil_chain.halide_generated.cpp:17218:49
stencil_chain,cxx_default_on_emitted_cpp,5eb72c8d,10,14,cxx_add_to_sub,stencil_chain.halide_generated.cpp,18233,52,generator_specific,0,0,1,,,test2_golden,0,2.263,cxx_add_to_sub:/mnt/scratch1/ardi/dsl_mut/HM-armc/mutation/lowered-cpp/stencil_chain/stencil_chain.halide_generated.cpp:18233:52
stencil_chain,cxx_default_on_emitted_cpp,5eb72c8d,10,14,cxx_add_to_sub,stencil_chain.halide_generated.cpp,11524,41,generator_specific,0,0,1,,,test2_golden,0,0.741,cxx_add_to_sub:/mnt/scratch1/ardi/dsl_mut/HM-armc/mutation/lowered-cpp/stencil_chain/stencil_chain.halide_generated.cpp:11524:41
stencil_chain,cxx_default_on_emitted_cpp,5eb72c8d,10,14,cxx_add_to_sub,stencil_chain.halide_generated.cpp,12730,43,generator_specific,0,0,1,,,test2_golden,0,0.760,cxx_add_to_sub:/mnt/scratch1/ardi/dsl_mut/HM-armc/mutation/lowered-cpp/stencil_chain/stencil_chain.halide_generated.cpp:12730:43
stencil_chain,cxx_default_on_emitted_cpp,5eb72c8d,10,14,cxx_add_to_sub,stencil_chain.halide_generated.cpp,17370,48,generator_specific,0,0,1,,,test2_golden,0,0.804,cxx_add_to_sub:/mnt/scratch1/ardi/dsl_mut/HM-armc/mutation/lowered-cpp/stencil_chain/stencil_chain.halide_generated.cpp:17370:48
stencil_chain,cxx_default_on_emitted_cpp,5eb72c8d,10,14,cxx_add_to_sub,stencil_chain.halide_generated.cpp,13758,42,generator_specific,0,0,1,,,test2_golden,0,0.947,cxx_add_to_sub:/mnt/scratch1/ardi/dsl_mut/HM-armc/mutation/lowered-cpp/stencil_chain/stencil_chain.halide_generated.cpp:13758:42
stencil_chain,cxx_default_on_emitted_cpp,5eb72c8d,10,14,cxx_add_to_sub,stencil_chain.halide_generated.cpp,14821,51,generator_specific,0,0,1,,,test2_golden,0,0.763,cxx_add_to_sub:/mnt/scratch1/ardi/dsl_mut/HM-armc/mutation/lowered-cpp/stencil_chain/stencil_chain.halide_generated.cpp:14821:51
stencil_chain,cxx_default_on_emitted_cpp,5eb72c8d,10,14,cxx_add_to_sub,stencil_chain.halide_generated.cpp,12975,40,generator_specific,0,0,1,,,test2_golden,0,0.780,cxx_add_to_sub:/mnt/scratch1/ardi/dsl_mut/HM-armc/mutation/lowered-cpp/stencil_chain/stencil_chain.halide_generated.cpp:12975:40
stencil_chain,cxx_default_on_emitted_cpp,5eb72c8d,10,14,cxx_sub_to_add,stencil_chain.halide_generated.cpp,12758,41,generator_specific,0,0,1,,,test2_golden,0,0.971,cxx_sub_to_add:/mnt/scratch1/ardi/dsl_mut/HM-armc/mutation/lowered-cpp/stencil_chain/stencil_chain.halide_generated.cpp:12758:41
stencil_chain,cxx_default_on_emitted_cpp,5eb72c8d,10,14,cxx_add_to_sub,stencil_chain.halide_generated.cpp,7955,42,generator_specific,0,0,1,,,test2_golden,0,1.030,cxx_add_to_sub:/mnt/scratch1/ardi/dsl_mut/HM-armc/mutation/lowered-cpp/stencil_chain/stencil_chain.halide_generated.cpp:7955:42
stencil_chain,cxx_default_on_emitted_cpp,5eb72c8d,10,14,cxx_add_to_sub,stencil_chain.halide_generated.cpp,15815,44,generator_specific,0,0,1,,,test2_golden,0,2.576,cxx_add_to_sub:/mnt/scratch1/ardi/dsl_mut/HM-armc/mutation/lowered-cpp/stencil_chain/stencil_chain.halide_generated.cpp:15815:44
stencil_chain,cxx_default_on_emitted_cpp,5eb72c8d,10,14,cxx_add_to_sub,stencil_chain.halide_generated.cpp,10323,47,generator_specific,0,0,1,,,test2_golden,0,0.978,cxx_add_to_sub:/mnt/scratch1/ardi/dsl_mut/HM-armc/mutation/lowered-cpp/stencil_chain/stencil_chain.halide_generated.cpp:10323:47
stencil_chain,cxx_default_on_emitted_cpp,5eb72c8d,10,14,cxx_add_to_sub,stencil_chain.halide_generated.cpp,14287,51,generator_specific,0,0,1,,,test2_golden,0,0.838,cxx_add_to_sub:/mnt/scratch1/ardi/dsl_mut/HM-armc/mutation/lowered-cpp/stencil_chain/stencil_chain.halide_generated.cpp:14287:51
stencil_chain,cxx_default_on_emitted_cpp,5eb72c8d,10,14,cxx_add_to_sub,stencil_chain.halide_generated.cpp,18041,46,generator_specific,0,0,1,,,test2_golden,0,0.836,cxx_add_to_sub:/mnt/scratch1/ardi/dsl_mut/HM-armc/mutation/lowered-cpp/stencil_chain/stencil_chain.halide_generated.cpp:18041:46
stencil_chain,cxx_default_on_emitted_cpp,5eb72c8d,10,14,cxx_add_to_sub,stencil_chain.halide_generated.cpp,8492,49,generator_specific,0,0,1,,,test2_golden,0,0.993,cxx_add_to_sub:/mnt/scratch1/ardi/dsl_mut/HM-armc/mutation/lowered-cpp/stencil_chain/stencil_chain.halide_generated.cpp:8492:49
stencil_chain,cxx_default_on_emitted_cpp,5eb72c8d,10,14,cxx_add_to_sub,stencil_chain.halide_generated.cpp,4890,47,generator_specific,0,0,1,,,test2_golden,0,2.699,cxx_add_to_sub:/mnt/scratch1/ardi/dsl_mut/HM-armc/mutation/lowered-cpp/stencil_chain/stencil_chain.halide_generated.cpp:4890:47
stencil_chain,cxx_default_on_emitted_cpp,5eb72c8d,10,14,cxx_add_to_sub,stencil_chain.halide_generated.cpp,17559,50,generator_specific,0,0,1,,,test2_golden,0,0.749,cxx_add_to_sub:/mnt/scratch1/ardi/dsl_mut/HM-armc/mutation/lowered-cpp/stencil_chain/stencil_chain.halide_generated.cpp:17559:50
stencil_chain,cxx_default_on_emitted_cpp,5eb72c8d,10,14,cxx_add_to_sub,stencil_chain.halide_generated.cpp,11568,36,generator_specific,0,0,1,,,test2_golden,0,2.475,cxx_add_to_sub:/mnt/scratch1/ardi/dsl_mut/HM-armc/mutation/lowered-cpp/stencil_chain/stencil_chain.halide_generated.cpp:11568:36
stencil_chain,cxx_default_on_emitted_cpp,5eb72c8d,10,14,cxx_add_to_sub,stencil_chain.halide_generated.cpp,15123,42,generator_specific,0,0,1,,,test2_golden,0,0.970,cxx_add_to_sub:/mnt/scratch1/ardi/dsl_mut/HM-armc/mutation/lowered-cpp/stencil_chain/stencil_chain.halide_generated.cpp:15123:42
stencil_chain,cxx_default_on_emitted_cpp,5eb72c8d,10,14,cxx_add_to_sub,stencil_chain.halide_generated.cpp,9784,44,generator_specific,0,0,1,,,test2_golden,0,0.951,cxx_add_to_sub:/mnt/scratch1/ardi/dsl_mut/HM-armc/mutation/lowered-cpp/stencil_chain/stencil_chain.halide_generated.cpp:9784:44
stencil_chain,cxx_default_on_emitted_cpp,5eb72c8d,10,14,cxx_mul_to_div,stencil_chain.halide_generated.cpp,13109,42,generator_specific,0,0,1,,,test2_golden,0,2.711,cxx_mul_to_div:/mnt/scratch1/ardi/dsl_mut/HM-armc/mutation/lowered-cpp/stencil_chain/stencil_chain.halide_generated.cpp:13109:42
stencil_chain,cxx_default_on_emitted_cpp,5eb72c8d,10,14,cxx_mul_to_div,stencil_chain.halide_generated.cpp,11443,41,generator_specific,0,0,1,,,test2_golden,0,0.789,cxx_mul_to_div:/mnt/scratch1/ardi/dsl_mut/HM-armc/mutation/lowered-cpp/stencil_chain/stencil_chain.halide_generated.cpp:11443:41
stencil_chain,cxx_default_on_emitted_cpp,5eb72c8d,10,14,cxx_add_to_sub,stencil_chain.halide_generated.cpp,17126,45,generator_specific,0,0,1,,,test2_golden,0,1.155,cxx_add_to_sub:/mnt/scratch1/ardi/dsl_mut/HM-armc/mutation/lowered-cpp/stencil_chain/stencil_chain.halide_generated.cpp:17126:45
stencil_chain,cxx_default_on_emitted_cpp,5eb72c8d,10,14,cxx_add_to_sub,stencil_chain.halide_generated.cpp,16799,42,generator_specific,0,0,1,,,test2_golden,0,0.821,cxx_add_to_sub:/mnt/scratch1/ardi/dsl_mut/HM-armc/mutation/lowered-cpp/stencil_chain/stencil_chain.halide_generated.cpp:16799:42
stencil_chain,cxx_default_on_emitted_cpp,5eb72c8d,10,14,cxx_add_to_sub,stencil_chain.halide_generated.cpp,13248,46,generator_specific,0,0,1,,,test2_golden,0,0.917,cxx_add_to_sub:/mnt/scratch1/ardi/dsl_mut/HM-armc/mutation/lowered-cpp/stencil_chain/stencil_chain.halide_generated.cpp:13248:46
stencil_chain,cxx_default_on_emitted_cpp,5eb72c8d,10,14,cxx_add_to_sub,stencil_chain.halide_generated.cpp,11350,39,generator_specific,0,0,1,,,test2_golden,0,0.784,cxx_add_to_sub:/mnt/scratch1/ardi/dsl_mut/HM-armc/mutation/lowered-cpp/stencil_chain/stencil_chain.halide_generated.cpp:11350:39
stencil_chain,cxx_default_on_emitted_cpp,5eb72c8d,10,14,cxx_add_to_sub,stencil_chain.halide_generated.cpp,11172,40,generator_specific,0,0,1,,,test2_golden,0,0.777,cxx_add_to_sub:/mnt/scratch1/ardi/dsl_mut/HM-armc/mutation/lowered-cpp/stencil_chain/stencil_chain.halide_generated.cpp:11172:40
stencil_chain,cxx_default_on_emitted_cpp,5eb72c8d,10,14,cxx_add_to_sub,stencil_chain.halide_generated.cpp,16894,44,generator_specific,0,0,1,,,test2_golden,0,0.755,cxx_add_to_sub:/mnt/scratch1/ardi/dsl_mut/HM-armc/mutation/lowered-cpp/stencil_chain/stencil_chain.halide_generated.cpp:16894:44
stencil_chain,cxx_default_on_emitted_cpp,5eb72c8d,10,14,cxx_replace_scalar_call,stencil_chain.halide_generated.cpp,19023,9,wrapper_metadata,0,0,0,,,,0,1.034,cxx_replace_scalar_call:/mnt/scratch1/ardi/dsl_mut/HM-armc/mutation/lowered-cpp/stencil_chain/stencil_chain.halide_generated.cpp:19023:9
stencil_chain,cxx_default_on_emitted_cpp,5eb72c8d,10,14,cxx_replace_scalar_call,stencil_chain.halide_generated.cpp,18308,19,generator_specific,-6,1,,,,test1_demo,0,0.152,cxx_replace_scalar_call:/mnt/scratch1/ardi/dsl_mut/HM-armc/mutation/lowered-cpp/stencil_chain/stencil_chain.halide_generated.cpp:18308:19
stencil_chain,cxx_default_on_emitted_cpp,5eb72c8d,10,14,cxx_add_to_sub,stencil_chain.halide_generated.cpp,18773,28,generator_specific,-11,1,,,,test1_demo,0,0.583,cxx_add_to_sub:/mnt/scratch1/ardi/dsl_mut/HM-armc/mutation/lowered-cpp/stencil_chain/stencil_chain.halide_generated.cpp:18773:28
stencil_chain,cxx_default_on_emitted_cpp,5eb72c8d,10,14,cxx_add_to_sub,stencil_chain.halide_generated.cpp,4533,43,generator_specific,0,0,1,,,test2_golden,0,0.781,cxx_add_to_sub:/mnt/scratch1/ardi/dsl_mut/HM-armc/mutation/lowered-cpp/stencil_chain/stencil_chain.halide_generated.cpp:4533:43
stencil_chain,cxx_default_on_emitted_cpp,5eb72c8d,10,14,cxx_mul_to_div,stencil_chain.halide_generated.cpp,9277,38,generator_specific,0,0,1,,,test2_golden,0,0.887,cxx_mul_to_div:/mnt/scratch1/ardi/dsl_mut/HM-armc/mutation/lowered-cpp/stencil_chain/stencil_chain.halide_generated.cpp:9277:38
stencil_chain,cxx_default_on_emitted_cpp,5eb72c8d,10,14,cxx_sub_to_add,stencil_chain.halide_generated.cpp,18399,26,generator_specific,0,0,0,,,,0,1.155,cxx_sub_to_add:/mnt/scratch1/ardi/dsl_mut/HM-armc/mutation/lowered-cpp/stencil_chain/stencil_chain.halide_generated.cpp:18399:26
stencil_chain,cxx_default_on_emitted_cpp,5eb72c8d,10,14,cxx_add_to_sub,stencil_chain.halide_generated.cpp,5251,49,generator_specific,0,0,1,,,test2_golden,0,0.909,cxx_add_to_sub:/mnt/scratch1/ardi/dsl_mut/HM-armc/mutation/lowered-cpp/stencil_chain/stencil_chain.halide_generated.cpp:5251:49
stencil_chain,cxx_default_on_emitted_cpp,5eb72c8d,10,14,cxx_add_to_sub,stencil_chain.halide_generated.cpp,6528,38,generator_specific,0,0,1,,,test2_golden,0,0.790,cxx_add_to_sub:/mnt/scratch1/ardi/dsl_mut/HM-armc/mutation/lowered-cpp/stencil_chain/stencil_chain.halide_generated.cpp:6528:38
stencil_chain,cxx_default_on_emitted_cpp,5eb72c8d,10,14,cxx_add_to_sub,stencil_chain.halide_generated.cpp,4656,41,generator_specific,0,0,1,,,test2_golden,0,0.990,cxx_add_to_sub:/mnt/scratch1/ardi/dsl_mut/HM-armc/mutation/lowered-cpp/stencil_chain/stencil_chain.halide_generated.cpp:4656:41
stencil_chain,cxx_default_on_emitted_cpp,5eb72c8d,10,14,cxx_add_to_sub,stencil_chain.halide_generated.cpp,13412,41,generator_specific,0,0,1,,,test2_golden,0,0.830,cxx_add_to_sub:/mnt/scratch1/ardi/dsl_mut/HM-armc/mutation/lowered-cpp/stencil_chain/stencil_chain.halide_generated.cpp:13412:41
stencil_chain,cxx_default_on_emitted_cpp,5eb72c8d,10,14,cxx_add_to_sub,stencil_chain.halide_generated.cpp,12171,39,generator_specific,0,0,1,,,test2_golden,0,2.537,cxx_add_to_sub:/mnt/scratch1/ardi/dsl_mut/HM-armc/mutation/lowered-cpp/stencil_chain/stencil_chain.halide_generated.cpp:12171:39
stencil_chain,cxx_default_on_emitted_cpp,5eb72c8d,10,14,cxx_add_to_sub,stencil_chain.halide_generated.cpp,12217,43,generator_specific,0,0,1,,,test2_golden,0,0.945,cxx_add_to_sub:/mnt/scratch1/ardi/dsl_mut/HM-armc/mutation/lowered-cpp/stencil_chain/stencil_chain.halide_generated.cpp:12217:43
stencil_chain,cxx_default_on_emitted_cpp,5eb72c8d,10,14,cxx_mul_to_div,stencil_chain.halide_generated.cpp,18409,26,generator_specific,0,0,0,,,,0,0.902,cxx_mul_to_div:/mnt/scratch1/ardi/dsl_mut/HM-armc/mutation/lowered-cpp/stencil_chain/stencil_chain.halide_generated.cpp:18409:26
stencil_chain,cxx_default_on_emitted_cpp,5eb72c8d,10,14,cxx_add_to_sub,stencil_chain.halide_generated.cpp,10157,46,generator_specific,0,0,1,,,test2_golden,0,0.919,cxx_add_to_sub:/mnt/scratch1/ardi/dsl_mut/HM-armc/mutation/lowered-cpp/stencil_chain/stencil_chain.halide_generated.cpp:10157:46
stencil_chain,cxx_default_on_emitted_cpp,5eb72c8d,10,14,cxx_add_to_sub,stencil_chain.halide_generated.cpp,17406,46,generator_specific,0,0,1,,,test2_golden,0,0.934,cxx_add_to_sub:/mnt/scratch1/ardi/dsl_mut/HM-armc/mutation/lowered-cpp/stencil_chain/stencil_chain.halide_generated.cpp:17406:46
stencil_chain,cxx_default_on_emitted_cpp,5eb72c8d,10,14,cxx_add_to_sub,stencil_chain.halide_generated.cpp,7450,46,generator_specific,0,0,1,,,test2_golden,0,2.638,cxx_add_to_sub:/mnt/scratch1/ardi/dsl_mut/HM-armc/mutation/lowered-cpp/stencil_chain/stencil_chain.halide_generated.cpp:7450:46
stencil_chain,cxx_default_on_emitted_cpp,5eb72c8d,10,14,cxx_add_to_sub,stencil_chain.halide_generated.cpp,7473,41,generator_specific,0,0,1,,,test2_golden,0,0.961,cxx_add_to_sub:/mnt/scratch1/ardi/dsl_mut/HM-armc/mutation/lowered-cpp/stencil_chain/stencil_chain.halide_generated.cpp:7473:41
stencil_chain,cxx_default_on_emitted_cpp,5eb72c8d,10,14,cxx_mul_to_div,stencil_chain.halide_generated.cpp,16025,40,generator_specific,0,0,1,,,test2_golden,0,0.794,cxx_mul_to_div:/mnt/scratch1/ardi/dsl_mut/HM-armc/mutation/lowered-cpp/stencil_chain/stencil_chain.halide_generated.cpp:16025:40
stencil_chain,cxx_default_on_emitted_cpp,5eb72c8d,10,14,cxx_mul_to_div,stencil_chain.halide_generated.cpp,12244,38,generator_specific,0,0,1,,,test2_golden,0,0.801,cxx_mul_to_div:/mnt/scratch1/ardi/dsl_mut/HM-armc/mutation/lowered-cpp/stencil_chain/stencil_chain.halide_generated.cpp:12244:38
stencil_chain,cxx_default_on_emitted_cpp,5eb72c8d,10,14,cxx_add_to_sub,stencil_chain.halide_generated.cpp,11519,41,generator_specific,0,0,1,,,test2_golden,0,1.008,cxx_add_to_sub:/mnt/scratch1/ardi/dsl_mut/HM-armc/mutation/lowered-cpp/stencil_chain/stencil_chain.halide_generated.cpp:11519:41
stencil_chain,cxx_default_on_emitted_cpp,5eb72c8d,10,14,cxx_add_to_sub,stencil_chain.halide_generated.cpp,4531,43,generator_specific,0,0,1,,,test2_golden,0,1.074,cxx_add_to_sub:/mnt/scratch1/ardi/dsl_mut/HM-armc/mutation/lowered-cpp/stencil_chain/stencil_chain.halide_generated.cpp:4531:43
stencil_chain,cxx_default_on_emitted_cpp,5eb72c8d,10,14,cxx_mul_to_div,stencil_chain.halide_generated.cpp,14975,37,generator_specific,0,0,1,,,test2_golden,0,0.787,cxx_mul_to_div:/mnt/scratch1/ardi/dsl_mut/HM-armc/mutation/lowered-cpp/stencil_chain/stencil_chain.halide_generated.cpp:14975:37
stencil_chain,cxx_default_on_emitted_cpp,5eb72c8d,10,14,cxx_add_to_sub,stencil_chain.halide_generated.cpp,4037,37,generator_specific,0,0,0,,,,0,0.812,cxx_add_to_sub:/mnt/scratch1/ardi/dsl_mut/HM-armc/mutation/lowered-cpp/stencil_chain/stencil_chain.halide_generated.cpp:4037:37
stencil_chain,cxx_default_on_emitted_cpp,5eb72c8d,10,14,cxx_add_to_sub,stencil_chain.halide_generated.cpp,3821,39,generator_specific,0,0,1,,,test2_golden,0,0.885,cxx_add_to_sub:/mnt/scratch1/ardi/dsl_mut/HM-armc/mutation/lowered-cpp/stencil_chain/stencil_chain.halide_generated.cpp:3821:39
stencil_chain,cxx_default_on_emitted_cpp,5eb72c8d,10,14,cxx_add_to_sub,stencil_chain.halide_generated.cpp,10430,44,generator_specific,0,0,1,,,test2_golden,0,0.888,cxx_add_to_sub:/mnt/scratch1/ardi/dsl_mut/HM-armc/mutation/lowered-cpp/stencil_chain/stencil_chain.halide_generated.cpp:10430:44
stencil_chain,cxx_default_on_emitted_cpp,5eb72c8d,10,14,cxx_mul_to_div,stencil_chain.halide_generated.cpp,12441,44,generator_specific,0,0,1,,,test2_golden,0,0.831,cxx_mul_to_div:/mnt/scratch1/ardi/dsl_mut/HM-armc/mutation/lowered-cpp/stencil_chain/stencil_chain.halide_generated.cpp:12441:44
stencil_chain,cxx_default_on_emitted_cpp,5eb72c8d,10,14,cxx_add_to_sub,stencil_chain.halide_generated.cpp,6284,39,generator_specific,0,0,1,,,test2_golden,0,0.955,cxx_add_to_sub:/mnt/scratch1/ardi/dsl_mut/HM-armc/mutation/lowered-cpp/stencil_chain/stencil_chain.halide_generated.cpp:6284:39
stencil_chain,cxx_default_on_emitted_cpp,5eb72c8d,10,14,cxx_add_to_sub,stencil_chain.halide_generated.cpp,3853,36,generator_specific,0,0,1,,,test2_golden,0,1.732,cxx_add_to_sub:/mnt/scratch1/ardi/dsl_mut/HM-armc/mutation/lowered-cpp/stencil_chain/stencil_chain.halide_generated.cpp:3853:36
stencil_chain,cxx_default_on_emitted_cpp,5eb72c8d,10,14,cxx_post_inc_to_post_dec,stencil_chain.halide_generated.cpp,11028,87,generator_specific,-11,1,,,,test1_demo,0,0.233,cxx_post_inc_to_post_dec:/mnt/scratch1/ardi/dsl_mut/HM-armc/mutation/lowered-cpp/stencil_chain/stencil_chain.halide_generated.cpp:11028:87
stencil_chain,cxx_default_on_emitted_cpp,5eb72c8d,10,14,cxx_add_to_sub,stencil_chain.halide_generated.cpp,15259,37,generator_specific,0,0,1,,,test2_golden,0,0.845,cxx_add_to_sub:/mnt/scratch1/ardi/dsl_mut/HM-armc/mutation/lowered-cpp/stencil_chain/stencil_chain.halide_generated.cpp:15259:37
stencil_chain,cxx_default_on_emitted_cpp,5eb72c8d,10,14,cxx_add_to_sub,stencil_chain.halide_generated.cpp,11017,35,generator_specific,0,0,1,,,test2_golden,0,1.252,cxx_add_to_sub:/mnt/scratch1/ardi/dsl_mut/HM-armc/mutation/lowered-cpp/stencil_chain/stencil_chain.halide_generated.cpp:11017:35
stencil_chain,cxx_default_on_emitted_cpp,5eb72c8d,10,14,cxx_add_to_sub,stencil_chain.halide_generated.cpp,8585,44,generator_specific,0,0,1,,,test2_golden,0,0.873,cxx_add_to_sub:/mnt/scratch1/ardi/dsl_mut/HM-armc/mutation/lowered-cpp/stencil_chain/stencil_chain.halide_generated.cpp:8585:44
stencil_chain,cxx_default_on_emitted_cpp,5eb72c8d,10,14,cxx_add_to_sub,stencil_chain.halide_generated.cpp,10341,43,generator_specific,0,0,1,,,test2_golden,0,0.908,cxx_add_to_sub:/mnt/scratch1/ardi/dsl_mut/HM-armc/mutation/lowered-cpp/stencil_chain/stencil_chain.halide_generated.cpp:10341:43
stencil_chain,cxx_default_on_emitted_cpp,5eb72c8d,10,14,cxx_add_to_sub,stencil_chain.halide_generated.cpp,18229,48,generator_specific,0,0,1,,,test2_golden,0,0.905,cxx_add_to_sub:/mnt/scratch1/ardi/dsl_mut/HM-armc/mutation/lowered-cpp/stencil_chain/stencil_chain.halide_generated.cpp:18229:48
stencil_chain,cxx_default_on_emitted_cpp,5eb72c8d,10,14,cxx_add_to_sub,stencil_chain.halide_generated.cpp,14987,38,generator_specific,0,0,1,,,test2_golden,0,1.135,cxx_add_to_sub:/mnt/scratch1/ardi/dsl_mut/HM-armc/mutation/lowered-cpp/stencil_chain/stencil_chain.halide_generated.cpp:14987:38
stencil_chain,cxx_default_on_emitted_cpp,5eb72c8d,10,14,cxx_add_to_sub,stencil_chain.halide_generated.cpp,17895,51,generator_specific,0,0,1,,,test2_golden,0,1.412,cxx_add_to_sub:/mnt/scratch1/ardi/dsl_mut/HM-armc/mutation/lowered-cpp/stencil_chain/stencil_chain.halide_generated.cpp:17895:51
stencil_chain,cxx_default_on_emitted_cpp,5eb72c8d,10,14,cxx_add_to_sub,stencil_chain.halide_generated.cpp,13346,41,generator_specific,0,0,1,,,test2_golden,0,1.096,cxx_add_to_sub:/mnt/scratch1/ardi/dsl_mut/HM-armc/mutation/lowered-cpp/stencil_chain/stencil_chain.halide_generated.cpp:13346:41
stencil_chain,cxx_default_on_emitted_cpp,5eb72c8d,10,14,cxx_add_to_sub,stencil_chain.halide_generated.cpp,6712,40,generator_specific,0,0,1,,,test2_golden,0,0.843,cxx_add_to_sub:/mnt/scratch1/ardi/dsl_mut/HM-armc/mutation/lowered-cpp/stencil_chain/stencil_chain.halide_generated.cpp:6712:40
stencil_chain,cxx_default_on_emitted_cpp,5eb72c8d,10,14,cxx_add_to_sub,stencil_chain.halide_generated.cpp,13528,43,generator_specific,0,0,1,,,test2_golden,0,1.245,cxx_add_to_sub:/mnt/scratch1/ardi/dsl_mut/HM-armc/mutation/lowered-cpp/stencil_chain/stencil_chain.halide_generated.cpp:13528:43
stencil_chain,cxx_default_on_emitted_cpp,5eb72c8d,10,14,cxx_add_to_sub,stencil_chain.halide_generated.cpp,8849,50,generator_specific,0,0,1,,,test2_golden,0,1.120,cxx_add_to_sub:/mnt/scratch1/ardi/dsl_mut/HM-armc/mutation/lowered-cpp/stencil_chain/stencil_chain.halide_generated.cpp:8849:50
stencil_chain,cxx_default_on_emitted_cpp,5eb72c8d,10,14,cxx_lt_to_le,stencil_chain.halide_generated.cpp,9054,71,generator_specific,0,0,0,,,,0,0.899,cxx_lt_to_le:/mnt/scratch1/ardi/dsl_mut/HM-armc/mutation/lowered-cpp/stencil_chain/stencil_chain.halide_generated.cpp:9054:71
stencil_chain,cxx_default_on_emitted_cpp,5eb72c8d,10,14,cxx_le_to_gt,stencil_chain.halide_generated.cpp,12401,32,generator_specific,0,0,1,,,test2_golden,0,0.496,cxx_le_to_gt:/mnt/scratch1/ardi/dsl_mut/HM-armc/mutation/lowered-cpp/stencil_chain/stencil_chain.halide_generated.cpp:12401:32
stencil_chain,cxx_default_on_emitted_cpp,5eb72c8d,10,14,cxx_add_to_sub,stencil_chain.halide_generated.cpp,6060,42,generator_specific,0,0,1,,,test2_golden,0,0.862,cxx_add_to_sub:/mnt/scratch1/ardi/dsl_mut/HM-armc/mutation/lowered-cpp/stencil_chain/stencil_chain.halide_generated.cpp:6060:42
stencil_chain,cxx_default_on_emitted_cpp,5eb72c8d,10,14,cxx_mul_to_div,stencil_chain.halide_generated.cpp,14199,51,generator_specific,0,0,1,,,test2_golden,0,0.842,cxx_mul_to_div:/mnt/scratch1/ardi/dsl_mut/HM-armc/mutation/lowered-cpp/stencil_chain/stencil_chain.halide_generated.cpp:14199:51
stencil_chain,cxx_default_on_emitted_cpp,5eb72c8d,10,14,cxx_add_to_sub,stencil_chain.halide_generated.cpp,8565,44,generator_specific,0,0,1,,,test2_golden,0,0.855,cxx_add_to_sub:/mnt/scratch1/ardi/dsl_mut/HM-armc/mutation/lowered-cpp/stencil_chain/stencil_chain.halide_generated.cpp:8565:44
stencil_chain,cxx_default_on_emitted_cpp,5eb72c8d,10,14,cxx_add_to_sub,stencil_chain.halide_generated.cpp,4918,44,generator_specific,0,0,0,,,,0,0.897,cxx_add_to_sub:/mnt/scratch1/ardi/dsl_mut/HM-armc/mutation/lowered-cpp/stencil_chain/stencil_chain.halide_generated.cpp:4918:44
stencil_chain,cxx_default_on_emitted_cpp,5eb72c8d,10,14,cxx_mul_to_div,stencil_chain.halide_generated.cpp,15496,38,generator_specific,0,0,1,,,test2_golden,0,0.860,cxx_mul_to_div:/mnt/scratch1/ardi/dsl_mut/HM-armc/mutation/lowered-cpp/stencil_chain/stencil_chain.halide_generated.cpp:15496:38
stencil_chain,cxx_default_on_emitted_cpp,5eb72c8d,10,14,cxx_mul_to_div,stencil_chain.halide_generated.cpp,3913,40,generator_specific,0,0,1,,,test2_golden,0,0.856,cxx_mul_to_div:/mnt/scratch1/ardi/dsl_mut/HM-armc/mutation/lowered-cpp/stencil_chain/stencil_chain.halide_generated.cpp:3913:40
stencil_chain,cxx_default_on_emitted_cpp,5eb72c8d,10,14,cxx_add_to_sub,stencil_chain.halide_generated.cpp,15804,44,generator_specific,0,0,1,,,test2_golden,0,0.992,cxx_add_to_sub:/mnt/scratch1/ardi/dsl_mut/HM-armc/mutation/lowered-cpp/stencil_chain/stencil_chain.halide_generated.cpp:15804:44
stencil_chain,cxx_default_on_emitted_cpp,5eb72c8d,10,14,cxx_mul_to_div,stencil_chain.halide_generated.cpp,11498,41,generator_specific,0,0,1,,,test2_golden,0,0.859,cxx_mul_to_div:/mnt/scratch1/ardi/dsl_mut/HM-armc/mutation/lowered-cpp/stencil_chain/stencil_chain.halide_generated.cpp:11498:41
stencil_chain,cxx_default_on_emitted_cpp,5eb72c8d,10,14,cxx_add_to_sub,stencil_chain.halide_generated.cpp,5894,40,generator_specific,0,0,1,,,test2_golden,0,0.850,cxx_add_to_sub:/mnt/scratch1/ardi/dsl_mut/HM-armc/mutation/lowered-cpp/stencil_chain/stencil_chain.halide_generated.cpp:5894:40
stencil_chain,cxx_default_on_emitted_cpp,5eb72c8d,10,14,cxx_mul_to_div,stencil_chain.halide_generated.cpp,16173,40,generator_specific,0,0,1,,,test2_golden,0,0.851,cxx_mul_to_div:/mnt/scratch1/ardi/dsl_mut/HM-armc/mutation/lowered-cpp/stencil_chain/stencil_chain.halide_generated.cpp:16173:40
stencil_chain,cxx_default_on_emitted_cpp,5eb72c8d,10,14,cxx_add_to_sub,stencil_chain.halide_generated.cpp,9246,41,generator_specific,0,0,1,,,test2_golden,0,0.945,cxx_add_to_sub:/mnt/scratch1/ardi/dsl_mut/HM-armc/mutation/lowered-cpp/stencil_chain/stencil_chain.halide_generated.cpp:9246:41
stencil_chain,cxx_default_on_emitted_cpp,5eb72c8d,10,14,cxx_post_inc_to_post_dec,stencil_chain.halide_generated.cpp,9450,87,generator_specific,-7,1,,,,test1_demo,0,0.196,cxx_post_inc_to_post_dec:/mnt/scratch1/ardi/dsl_mut/HM-armc/mutation/lowered-cpp/stencil_chain/stencil_chain.halide_generated.cpp:9450:87
stencil_chain,cxx_default_on_emitted_cpp,5eb72c8d,10,14,cxx_mul_to_div,stencil_chain.halide_generated.cpp,6403,43,generator_specific,0,0,1,,,test2_golden,0,0.860,cxx_mul_to_div:/mnt/scratch1/ardi/dsl_mut/HM-armc/mutation/lowered-cpp/stencil_chain/stencil_chain.halide_generated.cpp:6403:43
stencil_chain,cxx_default_on_emitted_cpp,5eb72c8d,10,14,cxx_add_to_sub,stencil_chain.halide_generated.cpp,9345,38,generator_specific,0,0,1,,,test2_golden,0,0.863,cxx_add_to_sub:/mnt/scratch1/ardi/dsl_mut/HM-armc/mutation/lowered-cpp/stencil_chain/stencil_chain.halide_generated.cpp:9345:38
stencil_chain,cxx_default_on_emitted_cpp,5eb72c8d,10,14,cxx_add_to_sub,stencil_chain.halide_generated.cpp,8359,45,generator_specific,0,0,0,,,,0,0.816,cxx_add_to_sub:/mnt/scratch1/ardi/dsl_mut/HM-armc/mutation/lowered-cpp/stencil_chain/stencil_chain.halide_generated.cpp:8359:45
stencil_chain,cxx_default_on_emitted_cpp,5eb72c8d,10,14,cxx_lt_to_le,stencil_chain.halide_generated.cpp,7647,66,generator_specific,0,0,1,,,test2_golden,0,0.814,cxx_lt_to_le:/mnt/scratch1/ardi/dsl_mut/HM-armc/mutation/lowered-cpp/stencil_chain/stencil_chain.halide_generated.cpp:7647:66
stencil_chain,cxx_default_on_emitted_cpp,5eb72c8d,10,14,cxx_mul_to_div,stencil_chain.halide_generated.cpp,8821,50,generator_specific,0,0,1,,,test2_golden,0,0.868,cxx_mul_to_div:/mnt/scratch1/ardi/dsl_mut/HM-armc/mutation/lowered-cpp/stencil_chain/stencil_chain.halide_generated.cpp:8821:50
stencil_chain,cxx_default_on_emitted_cpp,5eb72c8d,10,14,cxx_add_to_sub,stencil_chain.halide_generated.cpp,17402,46,generator_specific,0,0,1,,,test2_golden,0,0.801,cxx_add_to_sub:/mnt/scratch1/ardi/dsl_mut/HM-armc/mutation/lowered-cpp/stencil_chain/stencil_chain.halide_generated.cpp:17402:46
stencil_chain,cxx_default_on_emitted_cpp,5eb72c8d,10,14,cxx_add_to_sub,stencil_chain.halide_generated.cpp,14445,46,generator_specific,0,0,1,,,test2_golden,0,0.947,cxx_add_to_sub:/mnt/scratch1/ardi/dsl_mut/HM-armc/mutation/lowered-cpp/stencil_chain/stencil_chain.halide_generated.cpp:14445:46
stencil_chain,cxx_default_on_emitted_cpp,5eb72c8d,10,14,cxx_add_to_sub,stencil_chain.halide_generated.cpp,16191,42,generator_specific,0,0,1,,,test2_golden,0,0.965,cxx_add_to_sub:/mnt/scratch1/ardi/dsl_mut/HM-armc/mutation/lowered-cpp/stencil_chain/stencil_chain.halide_generated.cpp:16191:42
stencil_chain,cxx_default_on_emitted_cpp,5eb72c8d,10,14,cxx_mul_to_div,stencil_chain.halide_generated.cpp,9674,44,generator_specific,0,0,1,,,test2_golden,0,0.924,cxx_mul_to_div:/mnt/scratch1/ardi/dsl_mut/HM-armc/mutation/lowered-cpp/stencil_chain/stencil_chain.halide_generated.cpp:9674:44
stencil_chain,cxx_default_on_emitted_cpp,5eb72c8d,10,14,cxx_add_to_sub,stencil_chain.halide_generated.cpp,4561,40,generator_specific,0,0,1,,,test2_golden,0,0.959,cxx_add_to_sub:/mnt/scratch1/ardi/dsl_mut/HM-armc/mutation/lowered-cpp/stencil_chain/stencil_chain.halide_generated.cpp:4561:40
stencil_chain,cxx_default_on_emitted_cpp,5eb72c8d,10,14,cxx_add_to_sub,stencil_chain.halide_generated.cpp,14147,47,generator_specific,0,0,1,,,test2_golden,0,0.752,cxx_add_to_sub:/mnt/scratch1/ardi/dsl_mut/HM-armc/mutation/lowered-cpp/stencil_chain/stencil_chain.halide_generated.cpp:14147:47
stencil_chain,cxx_default_on_emitted_cpp,5eb72c8d,10,14,cxx_mul_to_div,stencil_chain.halide_generated.cpp,6399,43,generator_specific,0,0,1,,,test2_golden,0,0.781,cxx_mul_to_div:/mnt/scratch1/ardi/dsl_mut/HM-armc/mutation/lowered-cpp/stencil_chain/stencil_chain.halide_generated.cpp:6399:43
stencil_chain,cxx_default_on_emitted_cpp,5eb72c8d,10,14,cxx_mul_to_div,stencil_chain.halide_generated.cpp,14250,51,generator_specific,0,0,1,,,test2_golden,0,0.800,cxx_mul_to_div:/mnt/scratch1/ardi/dsl_mut/HM-armc/mutation/lowered-cpp/stencil_chain/stencil_chain.halide_generated.cpp:14250:51
stencil_chain,cxx_default_on_emitted_cpp,5eb72c8d,10,14,cxx_add_to_sub,stencil_chain.halide_generated.cpp,12778,41,generator_specific,0,0,1,,,test2_golden,0,0.776,cxx_add_to_sub:/mnt/scratch1/ardi/dsl_mut/HM-armc/mutation/lowered-cpp/stencil_chain/stencil_chain.halide_generated.cpp:12778:41
stencil_chain,cxx_default_on_emitted_cpp,5eb72c8d,10,14,cxx_div_to_mul,stencil_chain.halide_generated.cpp,3580,20,generator_specific,0,0,1,,,test2_golden,0,1.172,cxx_div_to_mul:/mnt/scratch1/ardi/dsl_mut/HM-armc/mutation/lowered-cpp/stencil_chain/stencil_chain.halide_generated.cpp:3580:20
stencil_chain,cxx_default_on_emitted_cpp,5eb72c8d,10,14,cxx_add_to_sub,stencil_chain.halide_generated.cpp,14693,47,generator_specific,0,0,1,,,test2_golden,0,1.157,cxx_add_to_sub:/mnt/scratch1/ardi/dsl_mut/HM-armc/mutation/lowered-cpp/stencil_chain/stencil_chain.halide_generated.cpp:14693:47
stencil_chain,cxx_default_on_emitted_cpp,5eb72c8d,10,14,cxx_sub_to_add,stencil_chain.halide_generated.cpp,10536,45,generator_specific,0,0,1,,,test2_golden,0,0.818,cxx_sub_to_add:/mnt/scratch1/ardi/dsl_mut/HM-armc/mutation/lowered-cpp/stencil_chain/stencil_chain.halide_generated.cpp:10536:45
stencil_chain,cxx_default_on_emitted_cpp,5eb72c8d,10,14,cxx_add_to_sub,stencil_chain.halide_generated.cpp,17645,45,generator_specific,0,0,1,,,test2_golden,0,0.779,cxx_add_to_sub:/mnt/scratch1/ardi/dsl_mut/HM-armc/mutation/lowered-cpp/stencil_chain/stencil_chain.halide_generated.cpp:17645:45
stencil_chain,cxx_default_on_emitted_cpp,5eb72c8d,10,14,cxx_add_to_sub,stencil_chain.halide_generated.cpp,7414,42,generator_specific,0,0,1,,,test2_golden,0,0.944,cxx_add_to_sub:/mnt/scratch1/ardi/dsl_mut/HM-armc/mutation/lowered-cpp/stencil_chain/stencil_chain.halide_generated.cpp:7414:42
stencil_chain,cxx_default_on_emitted_cpp,5eb72c8d,10,14,cxx_add_to_sub,stencil_chain.halide_generated.cpp,8263,43,generator_specific,0,0,1,,,test2_golden,0,0.949,cxx_add_to_sub:/mnt/scratch1/ardi/dsl_mut/HM-armc/mutation/lowered-cpp/stencil_chain/stencil_chain.halide_generated.cpp:8263:43
stencil_chain,cxx_default_on_emitted_cpp,5eb72c8d,10,14,cxx_mul_to_div,stencil_chain.halide_generated.cpp,7423,46,generator_specific,0,0,1,,,test2_golden,0,1.181,cxx_mul_to_div:/mnt/scratch1/ardi/dsl_mut/HM-armc/mutation/lowered-cpp/stencil_chain/stencil_chain.halide_generated.cpp:7423:46
stencil_chain,cxx_default_on_emitted_cpp,5eb72c8d,10,14,cxx_ne_to_eq,stencil_chain.halide_generated.cpp,18720,24,generator_specific,-6,1,,,,test1_demo,0,0.151,cxx_ne_to_eq:/mnt/scratch1/ardi/dsl_mut/HM-armc/mutation/lowered-cpp/stencil_chain/stencil_chain.halide_generated.cpp:18720:24
stencil_chain,cxx_default_on_emitted_cpp,5eb72c8d,10,14,cxx_remove_void_call,stencil_chain.halide_generated.cpp,4545,19,generator_specific,0,0,1,,,test2_golden,0,1.166,cxx_remove_void_call:/mnt/scratch1/ardi/dsl_mut/HM-armc/mutation/lowered-cpp/stencil_chain/stencil_chain.halide_generated.cpp:4545:19
stencil_chain,cxx_default_on_emitted_cpp,5eb72c8d,10,14,cxx_add_to_sub,stencil_chain.halide_generated.cpp,12948,40,generator_specific,0,0,1,,,test2_golden,0,0.807,cxx_add_to_sub:/mnt/scratch1/ardi/dsl_mut/HM-armc/mutation/lowered-cpp/stencil_chain/stencil_chain.halide_generated.cpp:12948:40
stencil_chain,cxx_default_on_emitted_cpp,5eb72c8d,10,14,cxx_add_to_sub,stencil_chain.halide_generated.cpp,11682,40,generator_specific,0,0,1,,,test2_golden,0,0.795,cxx_add_to_sub:/mnt/scratch1/ardi/dsl_mut/HM-armc/mutation/lowered-cpp/stencil_chain/stencil_chain.halide_generated.cpp:11682:40
stencil_chain,cxx_default_on_emitted_cpp,5eb72c8d,10,14,cxx_add_to_sub,stencil_chain.halide_generated.cpp,9963,45,generator_specific,0,0,1,,,test2_golden,0,1.299,cxx_add_to_sub:/mnt/scratch1/ardi/dsl_mut/HM-armc/mutation/lowered-cpp/stencil_chain/stencil_chain.halide_generated.cpp:9963:45
stencil_chain,cxx_default_on_emitted_cpp,5eb72c8d,10,14,cxx_lt_to_ge,stencil_chain.halide_generated.cpp,10962,21,generator_specific,0,0,0,,,,0,0.918,cxx_lt_to_ge:/mnt/scratch1/ardi/dsl_mut/HM-armc/mutation/lowered-cpp/stencil_chain/stencil_chain.halide_generated.cpp:10962:21
stencil_chain,cxx_default_on_emitted_cpp,5eb72c8d,10,14,cxx_add_to_sub,stencil_chain.halide_generated.cpp,5840,36,generator_specific,0,0,1,,,test2_golden,0,1.043,cxx_add_to_sub:/mnt/scratch1/ardi/dsl_mut/HM-armc/mutation/lowered-cpp/stencil_chain/stencil_chain.halide_generated.cpp:5840:36
stencil_chain,cxx_default_on_emitted_cpp,5eb72c8d,10,14,cxx_mul_to_div,stencil_chain.halide_generated.cpp,11991,41,generator_specific,0,0,1,,,test2_golden,0,0.947,cxx_mul_to_div:/mnt/scratch1/ardi/dsl_mut/HM-armc/mutation/lowered-cpp/stencil_chain/stencil_chain.halide_generated.cpp:11991:41
stencil_chain,cxx_default_on_emitted_cpp,5eb72c8d,10,14,cxx_add_to_sub,stencil_chain.halide_generated.cpp,16159,44,generator_specific,0,0,1,,,test2_golden,0,0.977,cxx_add_to_sub:/mnt/scratch1/ardi/dsl_mut/HM-armc/mutation/lowered-cpp/stencil_chain/stencil_chain.halide_generated.cpp:16159:44
stencil_chain,cxx_default_on_emitted_cpp,5eb72c8d,10,14,cxx_add_to_sub,stencil_chain.halide_generated.cpp,12517,40,generator_specific,0,0,1,,,test2_golden,0,1.498,cxx_add_to_sub:/mnt/scratch1/ardi/dsl_mut/HM-armc/mutation/lowered-cpp/stencil_chain/stencil_chain.halide_generated.cpp:12517:40
stencil_chain,cxx_default_on_emitted_cpp,5eb72c8d,10,14,cxx_add_to_sub,stencil_chain.halide_generated.cpp,7772,43,generator_specific,0,0,1,,,test2_golden,0,1.459,cxx_add_to_sub:/mnt/scratch1/ardi/dsl_mut/HM-armc/mutation/lowered-cpp/stencil_chain/stencil_chain.halide_generated.cpp:7772:43
stencil_chain,cxx_default_on_emitted_cpp,5eb72c8d,10,14,cxx_add_to_sub,stencil_chain.halide_generated.cpp,7598,41,generator_specific,0,0,1,,,test2_golden,0,0.903,cxx_add_to_sub:/mnt/scratch1/ardi/dsl_mut/HM-armc/mutation/lowered-cpp/stencil_chain/stencil_chain.halide_generated.cpp:7598:41
stencil_chain,cxx_default_on_emitted_cpp,5eb72c8d,10,14,cxx_add_to_sub,stencil_chain.halide_generated.cpp,13262,46,generator_specific,0,0,1,,,test2_golden,0,0.861,cxx_add_to_sub:/mnt/scratch1/ardi/dsl_mut/HM-armc/mutation/lowered-cpp/stencil_chain/stencil_chain.halide_generated.cpp:13262:46
stencil_chain,cxx_default_on_emitted_cpp,5eb72c8d,10,14,cxx_add_to_sub,stencil_chain.halide_generated.cpp,7761,43,generator_specific,0,0,1,,,test2_golden,0,0.864,cxx_add_to_sub:/mnt/scratch1/ardi/dsl_mut/HM-armc/mutation/lowered-cpp/stencil_chain/stencil_chain.halide_generated.cpp:7761:43
stencil_chain,cxx_default_on_emitted_cpp,5eb72c8d,10,14,cxx_add_to_sub,stencil_chain.halide_generated.cpp,5038,44,generator_specific,0,0,1,,,test2_golden,0,1.090,cxx_add_to_sub:/mnt/scratch1/ardi/dsl_mut/HM-armc/mutation/lowered-cpp/stencil_chain/stencil_chain.halide_generated.cpp:5038:44
stencil_chain,cxx_default_on_emitted_cpp,5eb72c8d,10,14,cxx_mul_to_div,stencil_chain.halide_generated.cpp,4031,37,generator_specific,0,0,0,,,,0,0.789,cxx_mul_to_div:/mnt/scratch1/ardi/dsl_mut/HM-armc/mutation/lowered-cpp/stencil_chain/stencil_chain.halide_generated.cpp:4031:37
stencil_chain,cxx_default_on_emitted_cpp,5eb72c8d,10,14,cxx_add_to_sub,stencil_chain.halide_generated.cpp,9026,45,generator_specific,-11,1,,,,test1_demo,0,0.224,cxx_add_to_sub:/mnt/scratch1/ardi/dsl_mut/HM-armc/mutation/lowered-cpp/stencil_chain/stencil_chain.halide_generated.cpp:9026:45
stencil_chain,cxx_default_on_emitted_cpp,5eb72c8d,10,14,cxx_mul_to_div,stencil_chain.halide_generated.cpp,11592,40,generator_specific,0,0,1,,,test2_golden,0,0.940,cxx_mul_to_div:/mnt/scratch1/ardi/dsl_mut/HM-armc/mutation/lowered-cpp/stencil_chain/stencil_chain.halide_generated.cpp:11592:40
stencil_chain,cxx_default_on_emitted_cpp,5eb72c8d,10,14,cxx_add_to_sub,stencil_chain.halide_generated.cpp,10984,24,generator_specific,-6,1,,,,test1_demo,0,0.218,cxx_add_to_sub:/mnt/scratch1/ardi/dsl_mut/HM-armc/mutation/lowered-cpp/stencil_chain/stencil_chain.halide_generated.cpp:10984:24
stencil_chain,cxx_default_on_emitted_cpp,5eb72c8d,10,14,cxx_add_to_sub,stencil_chain.halide_generated.cpp,12564,44,generator_specific,0,0,1,,,test2_golden,0,0.745,cxx_add_to_sub:/mnt/scratch1/ardi/dsl_mut/HM-armc/mutation/lowered-cpp/stencil_chain/stencil_chain.halide_generated.cpp:12564:44
stencil_chain,cxx_default_on_emitted_cpp,5eb72c8d,10,14,cxx_mul_to_div,stencil_chain.halide_generated.cpp,8814,50,generator_specific,0,0,1,,,test2_golden,0,0.821,cxx_mul_to_div:/mnt/scratch1/ardi/dsl_mut/HM-armc/mutation/lowered-cpp/stencil_chain/stencil_chain.halide_generated.cpp:8814:50
stencil_chain,cxx_default_on_emitted_cpp,5eb72c8d,10,14,cxx_add_to_sub,stencil_chain.halide_generated.cpp,8671,48,generator_specific,0,0,1,,,test2_golden,0,2.236,cxx_add_to_sub:/mnt/scratch1/ardi/dsl_mut/HM-armc/mutation/lowered-cpp/stencil_chain/stencil_chain.halide_generated.cpp:8671:48
stencil_chain,cxx_default_on_emitted_cpp,5eb72c8d,10,14,cxx_sub_to_add,stencil_chain.halide_generated.cpp,3625,31,generator_specific,0,0,1,,,test2_golden,0,0.831,cxx_sub_to_add:/mnt/scratch1/ardi/dsl_mut/HM-armc/mutation/lowered-cpp/stencil_chain/stencil_chain.halide_generated.cpp:3625:31
stencil_chain,cxx_default_on_emitted_cpp,5eb72c8d,10,14,cxx_add_to_sub,stencil_chain.halide_generated.cpp,13772,46,generator_specific,0,0,1,,,test2_golden,0,0.953,cxx_add_to_sub:/mnt/scratch1/ardi/dsl_mut/HM-armc/mutation/lowered-cpp/stencil_chain/stencil_chain.halide_generated.cpp:13772:46
stencil_chain,cxx_default_on_emitted_cpp,5eb72c8d,10,14,cxx_add_to_sub,stencil_chain.halide_generated.cpp,18386,26,generator_specific,0,0,0,,,,0,1.257,cxx_add_to_sub:/mnt/scratch1/ardi/dsl_mut/HM-armc/mutation/lowered-cpp/stencil_chain/stencil_chain.halide_generated.cpp:18386:26
stencil_chain,cxx_default_on_emitted_cpp,5eb72c8d,10,14,cxx_add_to_sub,stencil_chain.halide_generated.cpp,6765,44,generator_specific,0,0,1,,,test2_golden,0,0.871,cxx_add_to_sub:/mnt/scratch1/ardi/dsl_mut/HM-armc/mutation/lowered-cpp/stencil_chain/stencil_chain.halide_generated.cpp:6765:44
stencil_chain,cxx_default_on_emitted_cpp,5eb72c8d,10,14,cxx_add_to_sub,stencil_chain.halide_generated.cpp,13524,43,generator_specific,0,0,1,,,test2_golden,0,0.834,cxx_add_to_sub:/mnt/scratch1/ardi/dsl_mut/HM-armc/mutation/lowered-cpp/stencil_chain/stencil_chain.halide_generated.cpp:13524:43
stencil_chain,cxx_default_on_emitted_cpp,5eb72c8d,10,14,cxx_add_to_sub,stencil_chain.halide_generated.cpp,11277,35,generator_specific,0,0,1,,,test2_golden,0,0.838,cxx_add_to_sub:/mnt/scratch1/ardi/dsl_mut/HM-armc/mutation/lowered-cpp/stencil_chain/stencil_chain.halide_generated.cpp:11277:35
stencil_chain,cxx_default_on_emitted_cpp,5eb72c8d,10,14,cxx_add_to_sub,stencil_chain.halide_generated.cpp,13434,45,generator_specific,0,0,1,,,test2_golden,0,0.887,cxx_add_to_sub:/mnt/scratch1/ardi/dsl_mut/HM-armc/mutation/lowered-cpp/stencil_chain/stencil_chain.halide_generated.cpp:13434:45
stencil_chain,cxx_default_on_emitted_cpp,5eb72c8d,10,14,cxx_mul_to_div,stencil_chain.halide_generated.cpp,17441,50,generator_specific,0,0,1,,,test2_golden,0,0.789,cxx_mul_to_div:/mnt/scratch1/ardi/dsl_mut/HM-armc/mutation/lowered-cpp/stencil_chain/stencil_chain.halide_generated.cpp:17441:50
stencil_chain,cxx_default_on_emitted_cpp,5eb72c8d,10,14,cxx_sub_to_add,stencil_chain.halide_generated.cpp,9094,37,generator_specific,-11,1,,,,test1_demo,0,0.203,cxx_sub_to_add:/mnt/scratch1/ardi/dsl_mut/HM-armc/mutation/lowered-cpp/stencil_chain/stencil_chain.halide_generated.cpp:9094:37
stencil_chain,cxx_default_on_emitted_cpp,5eb72c8d,10,14,cxx_add_to_sub,stencil_chain.halide_generated.cpp,9797,44,generator_specific,0,0,1,,,test2_golden,0,0.745,cxx_add_to_sub:/mnt/scratch1/ardi/dsl_mut/HM-armc/mutation/lowered-cpp/stencil_chain/stencil_chain.halide_generated.cpp:9797:44
stencil_chain,cxx_default_on_emitted_cpp,5eb72c8d,10,14,cxx_sub_to_add,stencil_chain.halide_generated.cpp,18351,26,generator_specific,0,0,0,,,,0,0.938,cxx_sub_to_add:/mnt/scratch1/ardi/dsl_mut/HM-armc/mutation/lowered-cpp/stencil_chain/stencil_chain.halide_generated.cpp:18351:26
stencil_chain,cxx_default_on_emitted_cpp,5eb72c8d,10,14,cxx_add_to_sub,stencil_chain.halide_generated.cpp,13688,42,generator_specific,0,0,1,,,test2_golden,0,0.999,cxx_add_to_sub:/mnt/scratch1/ardi/dsl_mut/HM-armc/mutation/lowered-cpp/stencil_chain/stencil_chain.halide_generated.cpp:13688:42
stencil_chain,cxx_default_on_emitted_cpp,5eb72c8d,10,14,cxx_add_to_sub,stencil_chain.halide_generated.cpp,5440,50,generator_specific,0,0,1,,,test2_golden,0,0.978,cxx_add_to_sub:/mnt/scratch1/ardi/dsl_mut/HM-armc/mutation/lowered-cpp/stencil_chain/stencil_chain.halide_generated.cpp:5440:50
stencil_chain,cxx_default_on_emitted_cpp,5eb72c8d,10,14,cxx_le_to_gt,stencil_chain.halide_generated.cpp,18583,24,generator_specific,0,0,1,,,test2_golden,0,0.261,cxx_le_to_gt:/mnt/scratch1/ardi/dsl_mut/HM-armc/mutation/lowered-cpp/stencil_chain/stencil_chain.halide_generated.cpp:18583:24
stencil_chain,cxx_default_on_emitted_cpp,5eb72c8d,10,14,cxx_add_to_sub,stencil_chain.halide_generated.cpp,17019,48,generator_specific,0,0,1,,,test2_golden,0,1.514,cxx_add_to_sub:/mnt/scratch1/ardi/dsl_mut/HM-armc/mutation/lowered-cpp/stencil_chain/stencil_chain.halide_generated.cpp:17019:48
stencil_chain,cxx_default_on_emitted_cpp,5eb72c8d,10,14,cxx_add_to_sub,stencil_chain.halide_generated.cpp,5426,50,generator_specific,0,0,1,,,test2_golden,0,0.772,cxx_add_to_sub:/mnt/scratch1/ardi/dsl_mut/HM-armc/mutation/lowered-cpp/stencil_chain/stencil_chain.halide_generated.cpp:5426:50
stencil_chain,cxx_default_on_emitted_cpp,5eb72c8d,10,14,cxx_add_to_sub,stencil_chain.halide_generated.cpp,4194,97,generator_specific,0,0,1,,,test2_golden,0,2.345,cxx_add_to_sub:/mnt/scratch1/ardi/dsl_mut/HM-armc/mutation/lowered-cpp/stencil_chain/stencil_chain.halide_generated.cpp:4194:97
stencil_chain,cxx_default_on_emitted_cpp,5eb72c8d,10,14,cxx_add_to_sub,stencil_chain.halide_generated.cpp,6247,41,generator_specific,0,0,1,,,test2_golden,0,0.765,cxx_add_to_sub:/mnt/scratch1/ardi/dsl_mut/HM-armc/mutation/lowered-cpp/stencil_chain/stencil_chain.halide_generated.cpp:6247:41
stencil_chain,cxx_default_on_emitted_cpp,5eb72c8d,10,14,cxx_lt_to_ge,stencil_chain.halide_generated.cpp,14969,154,generator_specific,0,0,1,,,test2_golden,0,0.479,cxx_lt_to_ge:/mnt/scratch1/ardi/dsl_mut/HM-armc/mutation/lowered-cpp/stencil_chain/stencil_chain.halide_generated.cpp:14969:154
stencil_chain,cxx_default_on_emitted_cpp,5eb72c8d,10,14,cxx_add_to_sub,stencil_chain.halide_generated.cpp,13963,48,generator_specific,0,0,1,,,test2_golden,0,0.814,cxx_add_to_sub:/mnt/scratch1/ardi/dsl_mut/HM-armc/mutation/lowered-cpp/stencil_chain/stencil_chain.halide_generated.cpp:13963:48
stencil_chain,cxx_default_on_emitted_cpp,5eb72c8d,10,14,cxx_add_to_sub,stencil_chain.halide_generated.cpp,3895,36,generator_specific,0,0,1,,,test2_golden,0,1.695,cxx_add_to_sub:/mnt/scratch1/ardi/dsl_mut/HM-armc/mutation/lowered-cpp/stencil_chain/stencil_chain.halide_generated.cpp:3895:36
stencil_chain,cxx_default_on_emitted_cpp,5eb72c8d,10,14,cxx_add_to_sub,stencil_chain.halide_generated.cpp,17542,50,generator_specific,0,0,1,,,test2_golden,0,1.477,cxx_add_to_sub:/mnt/scratch1/ardi/dsl_mut/HM-armc/mutation/lowered-cpp/stencil_chain/stencil_chain.halide_generated.cpp:17542:50
stencil_chain,cxx_default_on_emitted_cpp,5eb72c8d,10,14,cxx_add_to_sub,stencil_chain.halide_generated.cpp,11542,36,generator_specific,0,0,1,,,test2_golden,0,0.783,cxx_add_to_sub:/mnt/scratch1/ardi/dsl_mut/HM-armc/mutation/lowered-cpp/stencil_chain/stencil_chain.halide_generated.cpp:11542:36
stencil_chain,cxx_default_on_emitted_cpp,5eb72c8d,10,14,cxx_add_to_sub,stencil_chain.halide_generated.cpp,9257,41,generator_specific,0,0,1,,,test2_golden,0,0.946,cxx_add_to_sub:/mnt/scratch1/ardi/dsl_mut/HM-armc/mutation/lowered-cpp/stencil_chain/stencil_chain.halide_generated.cpp:9257:41
stencil_chain,cxx_default_on_emitted_cpp,5eb72c8d,10,14,cxx_mul_to_div,stencil_chain.halide_generated.cpp,5400,50,generator_specific,0,0,1,,,test2_golden,0,0.771,cxx_mul_to_div:/mnt/scratch1/ardi/dsl_mut/HM-armc/mutation/lowered-cpp/stencil_chain/stencil_chain.halide_generated.cpp:5400:50
stencil_chain,cxx_default_on_emitted_cpp,5eb72c8d,10,14,cxx_add_to_sub,stencil_chain.halide_generated.cpp,17625,45,generator_specific,0,0,1,,,test2_golden,0,0.952,cxx_add_to_sub:/mnt/scratch1/ardi/dsl_mut/HM-armc/mutation/lowered-cpp/stencil_chain/stencil_chain.halide_generated.cpp:17625:45
stencil_chain,cxx_default_on_emitted_cpp,5eb72c8d,10,14,cxx_mul_to_div,stencil_chain.halide_generated.cpp,3669,35,generator_specific,0,0,0,,,,0,0.924,cxx_mul_to_div:/mnt/scratch1/ardi/dsl_mut/HM-armc/mutation/lowered-cpp/stencil_chain/stencil_chain.halide_generated.cpp:3669:35
stencil_chain,cxx_default_on_emitted_cpp,5eb72c8d,10,14,cxx_add_to_sub,stencil_chain.halide_generated.cpp,4539,43,generator_specific,0,0,1,,,test2_golden,0,1.091,cxx_add_to_sub:/mnt/scratch1/ardi/dsl_mut/HM-armc/mutation/lowered-cpp/stencil_chain/stencil_chain.halide_generated.cpp:4539:43
stencil_chain,cxx_default_on_emitted_cpp,5eb72c8d,10,14,cxx_add_to_sub,stencil_chain.halide_generated.cpp,4383,39,generator_specific,0,0,1,,,test2_golden,0,0.927,cxx_add_to_sub:/mnt/scratch1/ardi/dsl_mut/HM-armc/mutation/lowered-cpp/stencil_chain/stencil_chain.halide_generated.cpp:4383:39
stencil_chain,cxx_default_on_emitted_cpp,5eb72c8d,10,14,cxx_mul_to_div,stencil_chain.halide_generated.cpp,5103,45,generator_specific,0,0,0,,,,0,0.886,cxx_mul_to_div:/mnt/scratch1/ardi/dsl_mut/HM-armc/mutation/lowered-cpp/stencil_chain/stencil_chain.halide_generated.cpp:5103:45
stencil_chain,cxx_default_on_emitted_cpp,5eb72c8d,10,14,cxx_add_to_sub,stencil_chain.halide_generated.cpp,14471,50,generator_specific,0,0,1,,,test2_golden,0,0.805,cxx_add_to_sub:/mnt/scratch1/ardi/dsl_mut/HM-armc/mutation/lowered-cpp/stencil_chain/stencil_chain.halide_generated.cpp:14471:50
stencil_chain,cxx_default_on_emitted_cpp,5eb72c8d,10,14,cxx_mul_to_div,stencil_chain.halide_generated.cpp,12539,44,generator_specific,0,0,1,,,test2_golden,0,0.925,cxx_mul_to_div:/mnt/scratch1/ardi/dsl_mut/HM-armc/mutation/lowered-cpp/stencil_chain/stencil_chain.halide_generated.cpp:12539:44
stencil_chain,cxx_default_on_emitted_cpp,5eb72c8d,10,14,cxx_mul_to_div,stencil_chain.halide_generated.cpp,15261,41,generator_specific,0,0,1,,,test2_golden,0,0.752,cxx_mul_to_div:/mnt/scratch1/ardi/dsl_mut/HM-armc/mutation/lowered-cpp/stencil_chain/stencil_chain.halide_generated.cpp:15261:41
stencil_chain,cxx_default_on_emitted_cpp,5eb72c8d,10,14,cxx_mul_to_div,stencil_chain.halide_generated.cpp,5345,50,generator_specific,0,0,1,,,test2_golden,0,2.772,cxx_mul_to_div:/mnt/scratch1/ardi/dsl_mut/HM-armc/mutation/lowered-cpp/stencil_chain/stencil_chain.halide_generated.cpp:5345:50
stencil_chain,cxx_default_on_emitted_cpp,5eb72c8d,10,14,cxx_add_to_sub,stencil_chain.halide_generated.cpp,14206,47,generator_specific,0,0,1,,,test2_golden,0,0.750,cxx_add_to_sub:/mnt/scratch1/ardi/dsl_mut/HM-armc/mutation/lowered-cpp/stencil_chain/stencil_chain.halide_generated.cpp:14206:47
stencil_chain,cxx_default_on_emitted_cpp,5eb72c8d,10,14,cxx_mul_to_div,stencil_chain.halide_generated.cpp,15080,42,generator_specific,0,0,1,,,test2_golden,0,1.128,cxx_mul_to_div:/mnt/scratch1/ardi/dsl_mut/HM-armc/mutation/lowered-cpp/stencil_chain/stencil_chain.halide_generated.cpp:15080:42
stencil_chain,cxx_default_on_emitted_cpp,5eb72c8d,10,14,cxx_add_to_sub,stencil_chain.halide_generated.cpp,10410,44,generator_specific,0,0,1,,,test2_golden,0,0.788,cxx_add_to_sub:/mnt/scratch1/ardi/dsl_mut/HM-armc/mutation/lowered-cpp/stencil_chain/stencil_chain.halide_generated.cpp:10410:44
stencil_chain,cxx_default_on_emitted_cpp,5eb72c8d,10,14,cxx_add_to_sub,stencil_chain.halide_generated.cpp,10325,47,generator_specific,0,0,1,,,test2_golden,0,2.158,cxx_add_to_sub:/mnt/scratch1/ardi/dsl_mut/HM-armc/mutation/lowered-cpp/stencil_chain/stencil_chain.halide_generated.cpp:10325:47
stencil_chain,cxx_default_on_emitted_cpp,5eb72c8d,10,14,cxx_mul_to_div,stencil_chain.halide_generated.cpp,15756,44,generator_specific,0,0,1,,,test2_golden,0,0.925,cxx_mul_to_div:/mnt/scratch1/ardi/dsl_mut/HM-armc/mutation/lowered-cpp/stencil_chain/stencil_chain.halide_generated.cpp:15756:44
stencil_chain,cxx_default_on_emitted_cpp,5eb72c8d,10,14,cxx_post_inc_to_post_dec,stencil_chain.halide_generated.cpp,4374,89,generator_specific,-11,1,,,,test1_demo,0,0.390,cxx_post_inc_to_post_dec:/mnt/scratch1/ardi/dsl_mut/HM-armc/mutation/lowered-cpp/stencil_chain/stencil_chain.halide_generated.cpp:4374:89
stencil_chain,cxx_default_on_emitted_cpp,5eb72c8d,10,14,cxx_add_to_sub,stencil_chain.halide_generated.cpp,18081,46,generator_specific,0,0,1,,,test2_golden,0,0.844,cxx_add_to_sub:/mnt/scratch1/ardi/dsl_mut/HM-armc/mutation/lowered-cpp/stencil_chain/stencil_chain.halide_generated.cpp:18081:46
stencil_chain,cxx_default_on_emitted_cpp,5eb72c8d,10,14,cxx_add_to_sub,stencil_chain.halide_generated.cpp,5813,36,generator_specific,0,0,1,,,test2_golden,0,1.045,cxx_add_to_sub:/mnt/scratch1/ardi/dsl_mut/HM-armc/mutation/lowered-cpp/stencil_chain/stencil_chain.halide_generated.cpp:5813:36
stencil_chain,cxx_default_on_emitted_cpp,5eb72c8d,10,14,cxx_div_to_mul,stencil_chain.halide_generated.cpp,18423,26,generator_specific,0,0,0,,,,0,0.929,cxx_div_to_mul:/mnt/scratch1/ardi/dsl_mut/HM-armc/mutation/lowered-cpp/stencil_chain/stencil_chain.halide_generated.cpp:18423:26
stencil_chain,cxx_default_on_emitted_cpp,5eb72c8d,10,14,cxx_lt_to_le,stencil_chain.halide_generated.cpp,3564,17,generator_specific,0,0,0,,,,0,0.930,cxx_lt_to_le:/mnt/scratch1/ardi/dsl_mut/HM-armc/mutation/lowered-cpp/stencil_chain/stencil_chain.halide_generated.cpp:3564:17
stencil_chain,cxx_default_on_emitted_cpp,5eb72c8d,10,14,cxx_add_to_sub,stencil_chain.halide_generated.cpp,10859,50,generator_specific,0,0,1,,,test2_golden,0,0.978,cxx_add_to_sub:/mnt/scratch1/ardi/dsl_mut/HM-armc/mutation/lowered-cpp/stencil_chain/stencil_chain.halide_generated.cpp:10859:50
stencil_chain,cxx_default_on_emitted_cpp,5eb72c8d,10,14,cxx_add_to_sub,stencil_chain.halide_generated.cpp,14298,51,generator_specific,0,0,1,,,test2_golden,0,1.904,cxx_add_to_sub:/mnt/scratch1/ardi/dsl_mut/HM-armc/mutation/lowered-cpp/stencil_chain/stencil_chain.halide_generated.cpp:14298:51
stencil_chain,cxx_default_on_emitted_cpp,5eb72c8d,10,14,cxx_mul_to_div,stencil_chain.halide_generated.cpp,16381,45,generator_specific,0,0,1,,,test2_golden,0,0.939,cxx_mul_to_div:/mnt/scratch1/ardi/dsl_mut/HM-armc/mutation/lowered-cpp/stencil_chain/stencil_chain.halide_generated.cpp:16381:45
stencil_chain,cxx_default_on_emitted_cpp,5eb72c8d,10,14,cxx_add_to_sub,stencil_chain.halide_generated.cpp,9689,40,generator_specific,0,0,1,,,test2_golden,0,0.741,cxx_add_to_sub:/mnt/scratch1/ardi/dsl_mut/HM-armc/mutation/lowered-cpp/stencil_chain/stencil_chain.halide_generated.cpp:9689:40
stencil_chain,cxx_default_on_emitted_cpp,5eb72c8d,10,14,cxx_mul_to_div,stencil_chain.halide_generated.cpp,6943,39,generator_specific,0,0,1,,,test2_golden,0,0.789,cxx_mul_to_div:/mnt/scratch1/ardi/dsl_mut/HM-armc/mutation/lowered-cpp/stencil_chain/stencil_chain.halide_generated.cpp:6943:39
stencil_chain,cxx_default_on_emitted_cpp,5eb72c8d,10,14,cxx_sub_to_add,stencil_chain.halide_generated.cpp,18405,26,generator_specific,0,0,0,,,,0,0.821,cxx_sub_to_add:/mnt/scratch1/ardi/dsl_mut/HM-armc/mutation/lowered-cpp/stencil_chain/stencil_chain.halide_generated.cpp:18405:26
stencil_chain,cxx_default_on_emitted_cpp,5eb72c8d,10,14,cxx_add_to_sub,stencil_chain.halide_generated.cpp,10454,44,generator_specific,0,0,1,,,test2_golden,0,0.912,cxx_add_to_sub:/mnt/scratch1/ardi/dsl_mut/HM-armc/mutation/lowered-cpp/stencil_chain/stencil_chain.halide_generated.cpp:10454:44
stencil_chain,cxx_default_on_emitted_cpp,5eb72c8d,10,14,cxx_mul_to_div,stencil_chain.halide_generated.cpp,17085,49,generator_specific,0,0,1,,,test2_golden,0,0.774,cxx_mul_to_div:/mnt/scratch1/ardi/dsl_mut/HM-armc/mutation/lowered-cpp/stencil_chain/stencil_chain.halide_generated.cpp:17085:49
stencil_chain,cxx_default_on_emitted_cpp,5eb72c8d,10,14,cxx_sub_to_add,stencil_chain.halide_generated.cpp,12412,40,generator_specific,0,0,1,,,test2_golden,0,0.968,cxx_sub_to_add:/mnt/scratch1/ardi/dsl_mut/HM-armc/mutation/lowered-cpp/stencil_chain/stencil_chain.halide_generated.cpp:12412:40
stencil_chain,cxx_default_on_emitted_cpp,5eb72c8d,10,14,cxx_add_to_sub,stencil_chain.halide_generated.cpp,7944,42,generator_specific,0,0,1,,,test2_golden,0,2.411,cxx_add_to_sub:/mnt/scratch1/ardi/dsl_mut/HM-armc/mutation/lowered-cpp/stencil_chain/stencil_chain.halide_generated.cpp:7944:42
stencil_chain,cxx_default_on_emitted_cpp,5eb72c8d,10,14,cxx_add_to_sub,stencil_chain.halide_generated.cpp,7109,45,generator_specific,0,0,1,,,test2_golden,0,0.798,cxx_add_to_sub:/mnt/scratch1/ardi/dsl_mut/HM-armc/mutation/lowered-cpp/stencil_chain/stencil_chain.halide_generated.cpp:7109:45
stencil_chain,cxx_default_on_emitted_cpp,5eb72c8d,10,14,cxx_add_to_sub,stencil_chain.halide_generated.cpp,9611,43,generator_specific,0,0,1,,,test2_golden,0,0.780,cxx_add_to_sub:/mnt/scratch1/ardi/dsl_mut/HM-armc/mutation/lowered-cpp/stencil_chain/stencil_chain.halide_generated.cpp:9611:43
stencil_chain,cxx_default_on_emitted_cpp,5eb72c8d,10,14,cxx_mul_to_div,stencil_chain.halide_generated.cpp,13271,42,generator_specific,0,0,1,,,test2_golden,0,1.210,cxx_mul_to_div:/mnt/scratch1/ardi/dsl_mut/HM-armc/mutation/lowered-cpp/stencil_chain/stencil_chain.halide_generated.cpp:13271:42
stencil_chain,cxx_default_on_emitted_cpp,5eb72c8d,10,14,cxx_add_to_sub,stencil_chain.halide_generated.cpp,13071,44,generator_specific,0,0,1,,,test2_golden,0,0.773,cxx_add_to_sub:/mnt/scratch1/ardi/dsl_mut/HM-armc/mutation/lowered-cpp/stencil_chain/stencil_chain.halide_generated.cpp:13071:44
stencil_chain,cxx_default_on_emitted_cpp,5eb72c8d,10,14,cxx_add_to_sub,stencil_chain.halide_generated.cpp,12580,99,generator_specific,0,0,1,,,test2_golden,0,1.280,cxx_add_to_sub:/mnt/scratch1/ardi/dsl_mut/HM-armc/mutation/lowered-cpp/stencil_chain/stencil_chain.halide_generated.cpp:12580:99
stencil_chain,cxx_default_on_emitted_cpp,5eb72c8d,10,14,cxx_add_to_sub,stencil_chain.halide_generated.cpp,18111,48,generator_specific,0,0,1,,,test2_golden,0,0.754,cxx_add_to_sub:/mnt/scratch1/ardi/dsl_mut/HM-armc/mutation/lowered-cpp/stencil_chain/stencil_chain.halide_generated.cpp:18111:48
stencil_chain,cxx_default_on_emitted_cpp,5eb72c8d,10,14,cxx_add_to_sub,stencil_chain.halide_generated.cpp,14653,52,generator_specific,0,0,1,,,test2_golden,0,0.758,cxx_add_to_sub:/mnt/scratch1/ardi/dsl_mut/HM-armc/mutation/lowered-cpp/stencil_chain/stencil_chain.halide_generated.cpp:14653:52
stencil_chain,cxx_default_on_emitted_cpp,5eb72c8d,10,14,cxx_mul_to_div,stencil_chain.halide_generated.cpp,7306,42,generator_specific,0,0,1,,,test2_golden,0,2.612,cxx_mul_to_div:/mnt/scratch1/ardi/dsl_mut/HM-armc/mutation/lowered-cpp/stencil_chain/stencil_chain.halide_generated.cpp:7306:42
stencil_chain,cxx_default_on_emitted_cpp,5eb72c8d,10,14,cxx_mul_to_div,stencil_chain.halide_generated.cpp,10837,50,generator_specific,0,0,1,,,test2_golden,0,0.793,cxx_mul_to_div:/mnt/scratch1/ardi/dsl_mut/HM-armc/mutation/lowered-cpp/stencil_chain/stencil_chain.halide_generated.cpp:10837:50
stencil_chain,cxx_default_on_emitted_cpp,5eb72c8d,10,14,cxx_add_to_sub,stencil_chain.halide_generated.cpp,15828,40,generator_specific,0,0,1,,,test2_golden,0,0.755,cxx_add_to_sub:/mnt/scratch1/ardi/dsl_mut/HM-armc/mutation/lowered-cpp/stencil_chain/stencil_chain.halide_generated.cpp:15828:40
stencil_chain,cxx_default_on_emitted_cpp,5eb72c8d,10,14,cxx_add_to_sub,stencil_chain.halide_generated.cpp,10332,47,generator_specific,0,0,1,,,test2_golden,0,0.756,cxx_add_to_sub:/mnt/scratch1/ardi/dsl_mut/HM-armc/mutation/lowered-cpp/stencil_chain/stencil_chain.halide_generated.cpp:10332:47
stencil_chain,cxx_default_on_emitted_cpp,5eb72c8d,10,14,cxx_mul_to_div,stencil_chain.halide_generated.cpp,17474,50,generator_specific,0,0,1,,,test2_golden,0,0.919,cxx_mul_to_div:/mnt/scratch1/ardi/dsl_mut/HM-armc/mutation/lowered-cpp/stencil_chain/stencil_chain.halide_generated.cpp:17474:50
stencil_chain,cxx_default_on_emitted_cpp,5eb72c8d,10,14,cxx_mul_to_div,stencil_chain.halide_generated.cpp,15944,45,generator_specific,0,0,1,,,test2_golden,0,1.534,cxx_mul_to_div:/mnt/scratch1/ardi/dsl_mut/HM-armc/mutation/lowered-cpp/stencil_chain/stencil_chain.halide_generated.cpp:15944:45
stencil_chain,cxx_default_on_emitted_cpp,5eb72c8d,10,14,cxx_mul_to_div,stencil_chain.halide_generated.cpp,6126,41,generator_specific,0,0,1,,,test2_golden,0,0.758,cxx_mul_to_div:/mnt/scratch1/ardi/dsl_mut/HM-armc/mutation/lowered-cpp/stencil_chain/stencil_chain.halide_generated.cpp:6126:41
stencil_chain,cxx_default_on_emitted_cpp,5eb72c8d,10,14,cxx_mul_to_div,stencil_chain.halide_generated.cpp,5686,41,generator_specific,0,0,1,,,test2_golden,0,0.773,cxx_mul_to_div:/mnt/scratch1/ardi/dsl_mut/HM-armc/mutation/lowered-cpp/stencil_chain/stencil_chain.halide_generated.cpp:5686:41
stencil_chain,cxx_default_on_emitted_cpp,5eb72c8d,10,14,cxx_add_to_sub,stencil_chain.halide_generated.cpp,4420,39,generator_specific,0,0,1,,,test2_golden,0,1.082,cxx_add_to_sub:/mnt/scratch1/ardi/dsl_mut/HM-armc/mutation/lowered-cpp/stencil_chain/stencil_chain.halide_generated.cpp:4420:39
stencil_chain,cxx_default_on_emitted_cpp,5eb72c8d,10,14,cxx_le_to_gt,stencil_chain.halide_generated.cpp,12055,31,generator_specific,0,0,1,,,test2_golden,0,0.447,cxx_le_to_gt:/mnt/scratch1/ardi/dsl_mut/HM-armc/mutation/lowered-cpp/stencil_chain/stencil_chain.halide_generated.cpp:12055:31
stencil_chain,cxx_default_on_emitted_cpp,5eb72c8d,10,14,cxx_add_to_sub,stencil_chain.halide_generated.cpp,7959,46,generator_specific,0,0,1,,,test2_golden,0,1.342,cxx_add_to_sub:/mnt/scratch1/ardi/dsl_mut/HM-armc/mutation/lowered-cpp/stencil_chain/stencil_chain.halide_generated.cpp:7959:46
stencil_chain,cxx_default_on_emitted_cpp,5eb72c8d,10,14,cxx_add_to_sub,stencil_chain.halide_generated.cpp,17400,46,generator_specific,0,0,1,,,test2_golden,0,0.899,cxx_add_to_sub:/mnt/scratch1/ardi/dsl_mut/HM-armc/mutation/lowered-cpp/stencil_chain/stencil_chain.halide_generated.cpp:17400:46
stencil_chain,cxx_default_on_emitted_cpp,5eb72c8d,10,14,cxx_add_to_sub,stencil_chain.halide_generated.cpp,9416,42,generator_specific,0,0,1,,,test2_golden,0,0.922,cxx_add_to_sub:/mnt/scratch1/ardi/dsl_mut/HM-armc/mutation/lowered-cpp/stencil_chain/stencil_chain.halide_generated.cpp:9416:42
stencil_chain,cxx_default_on_emitted_cpp,5eb72c8d,10,14,cxx_add_to_sub,stencil_chain.halide_generated.cpp,11104,36,generator_specific,0,0,1,,,test2_golden,0,1.373,cxx_add_to_sub:/mnt/scratch1/ardi/dsl_mut/HM-armc/mutation/lowered-cpp/stencil_chain/stencil_chain.halide_generated.cpp:11104:36
stencil_chain,cxx_default_on_emitted_cpp,5eb72c8d,10,14,cxx_mul_to_div,stencil_chain.halide_generated.cpp,16993,48,generator_specific,0,0,1,,,test2_golden,0,0.926,cxx_mul_to_div:/mnt/scratch1/ardi/dsl_mut/HM-armc/mutation/lowered-cpp/stencil_chain/stencil_chain.halide_generated.cpp:16993:48
stencil_chain,cxx_default_on_emitted_cpp,5eb72c8d,10,14,cxx_mul_to_div,stencil_chain.halide_generated.cpp,9762,44,generator_specific,0,0,1,,,test2_golden,0,1.349,cxx_mul_to_div:/mnt/scratch1/ardi/dsl_mut/HM-armc/mutation/lowered-cpp/stencil_chain/stencil_chain.halide_generated.cpp:9762:44
stencil_chain,cxx_default_on_emitted_cpp,5eb72c8d,10,14,cxx_add_to_sub,stencil_chain.halide_generated.cpp,11717,38,generator_specific,0,0,1,,,test2_golden,0,0.759,cxx_add_to_sub:/mnt/scratch1/ardi/dsl_mut/HM-armc/mutation/lowered-cpp/stencil_chain/stencil_chain.halide_generated.cpp:11717:38
stencil_chain,cxx_default_on_emitted_cpp,5eb72c8d,10,14,cxx_mul_to_div,stencil_chain.halide_generated.cpp,6159,41,generator_specific,0,0,1,,,test2_golden,0,0.777,cxx_mul_to_div:/mnt/scratch1/ardi/dsl_mut/HM-armc/mutation/lowered-cpp/stencil_chain/stencil_chain.halide_generated.cpp:6159:41
stencil_chain,cxx_default_on_emitted_cpp,5eb72c8d,10,14,cxx_add_to_sub,stencil_chain.halide_generated.cpp,13743,42,generator_specific,0,0,1,,,test2_golden,0,1.251,cxx_add_to_sub:/mnt/scratch1/ardi/dsl_mut/HM-armc/mutation/lowered-cpp/stencil_chain/stencil_chain.halide_generated.cpp:13743:42
stencil_chain,cxx_default_on_emitted_cpp,5eb72c8d,10,14,cxx_add_to_sub,stencil_chain.halide_generated.cpp,9780,44,generator_specific,0,0,1,,,test2_golden,0,0.759,cxx_add_to_sub:/mnt/scratch1/ardi/dsl_mut/HM-armc/mutation/lowered-cpp/stencil_chain/stencil_chain.halide_generated.cpp:9780:44
stencil_chain,cxx_default_on_emitted_cpp,5eb72c8d,10,14,cxx_add_to_sub,stencil_chain.halide_generated.cpp,17713,49,generator_specific,0,0,1,,,test2_golden,0,0.908,cxx_add_to_sub:/mnt/scratch1/ardi/dsl_mut/HM-armc/mutation/lowered-cpp/stencil_chain/stencil_chain.halide_generated.cpp:17713:49
stencil_chain,cxx_default_on_emitted_cpp,5eb72c8d,10,14,cxx_add_to_sub,stencil_chain.halide_generated.cpp,10883,46,generator_specific,-11,1,,,,test1_demo,0,0.203,cxx_add_to_sub:/mnt/scratch1/ardi/dsl_mut/HM-armc/mutation/lowered-cpp/stencil_chain/stencil_chain.halide_generated.cpp:10883:46
stencil_chain,cxx_default_on_emitted_cpp,5eb72c8d,10,14,cxx_add_to_sub,stencil_chain.halide_generated.cpp,4911,102,generator_specific,0,0,1,,,test2_golden,0,0.763,cxx_add_to_sub:/mnt/scratch1/ardi/dsl_mut/HM-armc/mutation/lowered-cpp/stencil_chain/stencil_chain.halide_generated.cpp:4911:102
stencil_chain,cxx_default_on_emitted_cpp,5eb72c8d,10,14,cxx_add_to_sub,stencil_chain.halide_generated.cpp,14989,38,generator_specific,0,0,1,,,test2_golden,0,0.743,cxx_add_to_sub:/mnt/scratch1/ardi/dsl_mut/HM-armc/mutation/lowered-cpp/stencil_chain/stencil_chain.halide_generated.cpp:14989:38
stencil_chain,cxx_default_on_emitted_cpp,5eb72c8d,10,14,cxx_add_to_sub,stencil_chain.halide_generated.cpp,8489,49,generator_specific,0,0,1,,,test2_golden,0,0.763,cxx_add_to_sub:/mnt/scratch1/ardi/dsl_mut/HM-armc/mutation/lowered-cpp/stencil_chain/stencil_chain.halide_generated.cpp:8489:49
stencil_chain,cxx_default_on_emitted_cpp,5eb72c8d,10,14,cxx_mul_to_div,stencil_chain.halide_generated.cpp,14341,50,generator_specific,0,0,1,,,test2_golden,0,0.767,cxx_mul_to_div:/mnt/scratch1/ardi/dsl_mut/HM-armc/mutation/lowered-cpp/stencil_chain/stencil_chain.halide_generated.cpp:14341:50
stencil_chain,cxx_default_on_emitted_cpp,5eb72c8d,10,14,cxx_add_to_sub,stencil_chain.halide_generated.cpp,6596,42,generator_specific,0,0,1,,,test2_golden,0,0.764,cxx_add_to_sub:/mnt/scratch1/ardi/dsl_mut/HM-armc/mutation/lowered-cpp/stencil_chain/stencil_chain.halide_generated.cpp:6596:42
stencil_chain,cxx_default_on_emitted_cpp,5eb72c8d,10,14,cxx_add_to_sub,stencil_chain.halide_generated.cpp,5900,40,generator_specific,0,0,1,,,test2_golden,0,1.365,cxx_add_to_sub:/mnt/scratch1/ardi/dsl_mut/HM-armc/mutation/lowered-cpp/stencil_chain/stencil_chain.halide_generated.cpp:5900:40
stencil_chain,cxx_default_on_emitted_cpp,5eb72c8d,10,14,cxx_add_to_sub,stencil_chain.halide_generated.cpp,16002,45,generator_specific,0,0,1,,,test2_golden,0,0.848,cxx_add_to_sub:/mnt/scratch1/ardi/dsl_mut/HM-armc/mutation/lowered-cpp/stencil_chain/stencil_chain.halide_generated.cpp:16002:45
stencil_chain,cxx_default_on_emitted_cpp,5eb72c8d,10,14,cxx_add_to_sub,stencil_chain.halide_generated.cpp,6619,40,generator_specific,0,0,1,,,test2_golden,0,0.755,cxx_add_to_sub:/mnt/scratch1/ardi/dsl_mut/HM-armc/mutation/lowered-cpp/stencil_chain/stencil_chain.halide_generated.cpp:6619:40
stencil_chain,cxx_default_on_emitted_cpp,5eb72c8d,10,14,cxx_add_to_sub,stencil_chain.halide_generated.cpp,14597,48,generator_specific,0,0,1,,,test2_golden,0,0.945,cxx_add_to_sub:/mnt/scratch1/ardi/dsl_mut/HM-armc/mutation/lowered-cpp/stencil_chain/stencil_chain.halide_generated.cpp:14597:48
stencil_chain,cxx_default_on_emitted_cpp,5eb72c8d,10,14,cxx_gt_to_le,stencil_chain.halide_generated.cpp,18892,78,generator_specific,-6,1,,,,test1_demo,0,0.196,cxx_gt_to_le:/mnt/scratch1/ardi/dsl_mut/HM-armc/mutation/lowered-cpp/stencil_chain/stencil_chain.halide_generated.cpp:18892:78
stencil_chain,cxx_default_on_emitted_cpp,5eb72c8d,10,14,cxx_lt_to_ge,stencil_chain.halide_generated.cpp,9269,61,generator_specific,0,0,1,,,test2_golden,0,0.755,cxx_lt_to_ge:/mnt/scratch1/ardi/dsl_mut/HM-armc/mutation/lowered-cpp/stencil_chain/stencil_chain.halide_generated.cpp:9269:61
stencil_chain,cxx_default_on_emitted_cpp,5eb72c8d,10,14,cxx_mul_to_div,stencil_chain.halide_generated.cpp,6380,43,generator_specific,0,0,1,,,test2_golden,0,1.157,cxx_mul_to_div:/mnt/scratch1/ardi/dsl_mut/HM-armc/mutation/lowered-cpp/stencil_chain/stencil_chain.halide_generated.cpp:6380:43
stencil_chain,cxx_default_on_emitted_cpp,5eb72c8d,10,14,cxx_add_to_sub,stencil_chain.halide_generated.cpp,18473,27,generator_specific,0,0,0,,,,0,0.815,cxx_add_to_sub:/mnt/scratch1/ardi/dsl_mut/HM-armc/mutation/lowered-cpp/stencil_chain/stencil_chain.halide_generated.cpp:18473:27
stencil_chain,cxx_default_on_emitted_cpp,5eb72c8d,10,14,cxx_remove_void_call,stencil_chain.halide_generated.cpp,5443,24,generator_specific,0,0,1,,,test2_golden,0,2.065,cxx_remove_void_call:/mnt/scratch1/ardi/dsl_mut/HM-armc/mutation/lowered-cpp/stencil_chain/stencil_chain.halide_generated.cpp:5443:24
stencil_chain,cxx_default_on_emitted_cpp,5eb72c8d,10,14,cxx_lt_to_ge,stencil_chain.halide_generated.cpp,15659,63,generator_specific,0,0,1,,,test2_golden,0,0.533,cxx_lt_to_ge:/mnt/scratch1/ardi/dsl_mut/HM-armc/mutation/lowered-cpp/stencil_chain/stencil_chain.halide_generated.cpp:15659:63
stencil_chain,cxx_default_on_emitted_cpp,5eb72c8d,10,14,cxx_mul_to_div,stencil_chain.halide_generated.cpp,17327,48,generator_specific,0,0,1,,,test2_golden,0,0.777,cxx_mul_to_div:/mnt/scratch1/ardi/dsl_mut/HM-armc/mutation/lowered-cpp/stencil_chain/stencil_chain.halide_generated.cpp:17327:48
stencil_chain,cxx_default_on_emitted_cpp,5eb72c8d,10,14,cxx_lt_to_le,stencil_chain.halide_generated.cpp,18419,23,generator_specific,0,0,0,,,,0,2.145,cxx_lt_to_le:/mnt/scratch1/ardi/dsl_mut/HM-armc/mutation/lowered-cpp/stencil_chain/stencil_chain.halide_generated.cpp:18419:23
stencil_chain,cxx_default_on_emitted_cpp,5eb72c8d,10,14,cxx_mul_to_div,stencil_chain.halide_generated.cpp,10089,46,generator_specific,0,0,1,,,test2_golden,0,0.820,cxx_mul_to_div:/mnt/scratch1/ardi/dsl_mut/HM-armc/mutation/lowered-cpp/stencil_chain/stencil_chain.halide_generated.cpp:10089:46
stencil_chain,cxx_default_on_emitted_cpp,5eb72c8d,10,14,cxx_mul_to_div,stencil_chain.halide_generated.cpp,13864,48,generator_specific,0,0,1,,,test2_golden,0,0.765,cxx_mul_to_div:/mnt/scratch1/ardi/dsl_mut/HM-armc/mutation/lowered-cpp/stencil_chain/stencil_chain.halide_generated.cpp:13864:48
stencil_chain,cxx_default_on_emitted_cpp,5eb72c8d,10,14,cxx_add_to_sub,stencil_chain.halide_generated.cpp,11882,42,generator_specific,0,0,1,,,test2_golden,0,0.765,cxx_add_to_sub:/mnt/scratch1/ardi/dsl_mut/HM-armc/mutation/lowered-cpp/stencil_chain/stencil_chain.halide_generated.cpp:11882:42
stencil_chain,cxx_default_on_emitted_cpp,5eb72c8d,10,14,cxx_add_to_sub,stencil_chain.halide_generated.cpp,13228,42,generator_specific,0,0,1,,,test2_golden,0,0.982,cxx_add_to_sub:/mnt/scratch1/ardi/dsl_mut/HM-armc/mutation/lowered-cpp/stencil_chain/stencil_chain.halide_generated.cpp:13228:42
stencil_chain,cxx_default_on_emitted_cpp,5eb72c8d,10,14,cxx_mul_to_div,stencil_chain.halide_generated.cpp,8341,55,generator_specific,0,0,1,,,test2_golden,0,0.639,cxx_mul_to_div:/mnt/scratch1/ardi/dsl_mut/HM-armc/mutation/lowered-cpp/stencil_chain/stencil_chain.halide_generated.cpp:8341:55
stencil_chain,cxx_default_on_emitted_cpp,5eb72c8d,10,14,cxx_mul_to_div,stencil_chain.halide_generated.cpp,15325,39,generator_specific,0,0,1,,,test2_golden,0,1.951,cxx_mul_to_div:/mnt/scratch1/ardi/dsl_mut/HM-armc/mutation/lowered-cpp/stencil_chain/stencil_chain.halide_generated.cpp:15325:39
stencil_chain,cxx_default_on_emitted_cpp,5eb72c8d,10,14,cxx_add_to_sub,stencil_chain.halide_generated.cpp,11539,96,generator_specific,0,0,1,,,test2_golden,0,0.856,cxx_add_to_sub:/mnt/scratch1/ardi/dsl_mut/HM-armc/mutation/lowered-cpp/stencil_chain/stencil_chain.halide_generated.cpp:11539:96
stencil_chain,cxx_default_on_emitted_cpp,5eb72c8d,10,14,cxx_add_to_sub,stencil_chain.halide_generated.cpp,5723,41,generator_specific,0,0,1,,,test2_golden,0,0.796,cxx_add_to_sub:/mnt/scratch1/ardi/dsl_mut/HM-armc/mutation/lowered-cpp/stencil_chain/stencil_chain.halide_generated.cpp:5723:41
stencil_chain,cxx_default_on_emitted_cpp,5eb72c8d,10,14,cxx_mul_to_div,stencil_chain.halide_generated.cpp,6388,43,generator_specific,0,0,1,,,test2_golden,0,0.794,cxx_mul_to_div:/mnt/scratch1/ardi/dsl_mut/HM-armc/mutation/lowered-cpp/stencil_chain/stencil_chain.halide_generated.cpp:6388:43
stencil_chain,cxx_default_on_emitted_cpp,5eb72c8d,10,14,cxx_add_to_sub,stencil_chain.halide_generated.cpp,4317,38,generator_specific,0,0,1,,,test2_golden,0,1.683,cxx_add_to_sub:/mnt/scratch1/ardi/dsl_mut/HM-armc/mutation/lowered-cpp/stencil_chain/stencil_chain.halide_generated.cpp:4317:38
stencil_chain,cxx_default_on_emitted_cpp,5eb72c8d,10,14,cxx_add_to_sub,stencil_chain.halide_generated.cpp,8166,43,generator_specific,0,0,1,,,test2_golden,0,1.713,cxx_add_to_sub:/mnt/scratch1/ardi/dsl_mut/HM-armc/mutation/lowered-cpp/stencil_chain/stencil_chain.halide_generated.cpp:8166:43
stencil_chain,cxx_default_on_emitted_cpp,5eb72c8d,10,14,cxx_add_to_sub,stencil_chain.halide_generated.cpp,12557,44,generator_specific,0,0,1,,,test2_golden,0,2.100,cxx_add_to_sub:/mnt/scratch1/ardi/dsl_mut/HM-armc/mutation/lowered-cpp/stencil_chain/stencil_chain.halide_generated.cpp:12557:44
stencil_chain,cxx_default_on_emitted_cpp,5eb72c8d,10,14,cxx_add_to_sub,stencil_chain.halide_generated.cpp,14015,45,generator_specific,0,0,1,,,test2_golden,0,0.770,cxx_add_to_sub:/mnt/scratch1/ardi/dsl_mut/HM-armc/mutation/lowered-cpp/stencil_chain/stencil_chain.halide_generated.cpp:14015:45
stencil_chain,cxx_default_on_emitted_cpp,5eb72c8d,10,14,cxx_add_to_sub,stencil_chain.halide_generated.cpp,10850,46,generator_specific,0,0,1,,,test2_golden,0,0.795,cxx_add_to_sub:/mnt/scratch1/ardi/dsl_mut/HM-armc/mutation/lowered-cpp/stencil_chain/stencil_chain.halide_generated.cpp:10850:46
stencil_chain,cxx_default_on_emitted_cpp,5eb72c8d,10,14,cxx_add_to_sub,stencil_chain.halide_generated.cpp,13988,45,generator_specific,0,0,1,,,test2_golden,0,0.781,cxx_add_to_sub:/mnt/scratch1/ardi/dsl_mut/HM-armc/mutation/lowered-cpp/stencil_chain/stencil_chain.halide_generated.cpp:13988:45
stencil_chain,cxx_default_on_emitted_cpp,5eb72c8d,10,14,cxx_add_to_sub,stencil_chain.halide_generated.cpp,16662,43,generator_specific,0,0,1,,,test2_golden,0,0.769,cxx_add_to_sub:/mnt/scratch1/ardi/dsl_mut/HM-armc/mutation/lowered-cpp/stencil_chain/stencil_chain.halide_generated.cpp:16662:43
stencil_chain,cxx_default_on_emitted_cpp,5eb72c8d,10,14,cxx_add_to_sub,stencil_chain.halide_generated.cpp,15144,94,generator_specific,0,0,1,,,test2_golden,0,0.784,cxx_add_to_sub:/mnt/scratch1/ardi/dsl_mut/HM-armc/mutation/lowered-cpp/stencil_chain/stencil_chain.halide_generated.cpp:15144:94
stencil_chain,cxx_default_on_emitted_cpp,5eb72c8d,10,14,cxx_mul_to_div,stencil_chain.halide_generated.cpp,16302,46,generator_specific,0,0,1,,,test2_golden,0,0.765,cxx_mul_to_div:/mnt/scratch1/ardi/dsl_mut/HM-armc/mutation/lowered-cpp/stencil_chain/stencil_chain.halide_generated.cpp:16302:46
stencil_chain,cxx_default_on_emitted_cpp,5eb72c8d,10,14,cxx_mul_to_div,stencil_chain.halide_generated.cpp,6166,41,generator_specific,0,0,1,,,test2_golden,0,1.620,cxx_mul_to_div:/mnt/scratch1/ardi/dsl_mut/HM-armc/mutation/lowered-cpp/stencil_chain/stencil_chain.halide_generated.cpp:6166:41
stencil_chain,cxx_default_on_emitted_cpp,5eb72c8d,10,14,cxx_add_to_sub,stencil_chain.halide_generated.cpp,17157,45,generator_specific,0,0,1,,,test2_golden,0,0.786,cxx_add_to_sub:/mnt/scratch1/ardi/dsl_mut/HM-armc/mutation/lowered-cpp/stencil_chain/stencil_chain.halide_generated.cpp:17157:45
stencil_chain,cxx_default_on_emitted_cpp,5eb72c8d,10,14,cxx_add_to_sub,stencil_chain.halide_generated.cpp,15995,45,generator_specific,0,0,1,,,test2_golden,0,1.938,cxx_add_to_sub:/mnt/scratch1/ardi/dsl_mut/HM-armc/mutation/lowered-cpp/stencil_chain/stencil_chain.halide_generated.cpp:15995:45
stencil_chain,cxx_default_on_emitted_cpp,5eb72c8d,10,14,cxx_add_to_sub,stencil_chain.halide_generated.cpp,4812,43,generator_specific,0,0,1,,,test2_golden,0,0.789,cxx_add_to_sub:/mnt/scratch1/ardi/dsl_mut/HM-armc/mutation/lowered-cpp/stencil_chain/stencil_chain.halide_generated.cpp:4812:43
stencil_chain,cxx_default_on_emitted_cpp,5eb72c8d,10,14,cxx_add_to_sub,stencil_chain.halide_generated.cpp,8044,44,generator_specific,0,0,1,,,test2_golden,0,0.861,cxx_add_to_sub:/mnt/scratch1/ardi/dsl_mut/HM-armc/mutation/lowered-cpp/stencil_chain/stencil_chain.halide_generated.cpp:8044:44
stencil_chain,cxx_default_on_emitted_cpp,5eb72c8d,10,14,cxx_add_to_sub,stencil_chain.halide_generated.cpp,8659,48,generator_specific,0,0,1,,,test2_golden,0,0.881,cxx_add_to_sub:/mnt/scratch1/ardi/dsl_mut/HM-armc/mutation/lowered-cpp/stencil_chain/stencil_chain.halide_generated.cpp:8659:48
stencil_chain,cxx_default_on_emitted_cpp,5eb72c8d,10,14,cxx_add_to_sub,stencil_chain.halide_generated.cpp,18251,52,generator_specific,0,0,1,,,test2_golden,0,0.918,cxx_add_to_sub:/mnt/scratch1/ardi/dsl_mut/HM-armc/mutation/lowered-cpp/stencil_chain/stencil_chain.halide_generated.cpp:18251:52
stencil_chain,cxx_default_on_emitted_cpp,5eb72c8d,10,14,cxx_mul_to_div,stencil_chain.halide_generated.cpp,4644,46,generator_specific,0,0,1,,,test2_golden,0,0.907,cxx_mul_to_div:/mnt/scratch1/ardi/dsl_mut/HM-armc/mutation/lowered-cpp/stencil_chain/stencil_chain.halide_generated.cpp:4644:46
stencil_chain,cxx_default_on_emitted_cpp,5eb72c8d,10,14,cxx_replace_scalar_call,stencil_chain.halide_generated.cpp,18604,21,generator_specific,0,0,0,,,,0,2.352,cxx_replace_scalar_call:/mnt/scratch1/ardi/dsl_mut/HM-armc/mutation/lowered-cpp/stencil_chain/stencil_chain.halide_generated.cpp:18604:21
stencil_chain,cxx_default_on_emitted_cpp,5eb72c8d,10,14,cxx_add_to_sub,stencil_chain.halide_generated.cpp,12752,100,generator_specific,0,0,1,,,test2_golden,0,1.626,cxx_add_to_sub:/mnt/scratch1/ardi/dsl_mut/HM-armc/mutation/lowered-cpp/stencil_chain/stencil_chain.halide_generated.cpp:12752:100
stencil_chain,cxx_default_on_emitted_cpp,5eb72c8d,10,14,cxx_add_to_sub,stencil_chain.halide_generated.cpp,16628,43,generator_specific,0,0,1,,,test2_golden,0,0.776,cxx_add_to_sub:/mnt/scratch1/ardi/dsl_mut/HM-armc/mutation/lowered-cpp/stencil_chain/stencil_chain.halide_generated.cpp:16628:43
stencil_chain,cxx_default_on_emitted_cpp,5eb72c8d,10,14,cxx_remove_void_call,stencil_chain.halide_generated.cpp,12578,18,generator_specific,0,0,1,,,test2_golden,0,0.701,cxx_remove_void_call:/mnt/scratch1/ardi/dsl_mut/HM-armc/mutation/lowered-cpp/stencil_chain/stencil_chain.halide_generated.cpp:12578:18
stencil_chain,cxx_default_on_emitted_cpp,5eb72c8d,10,14,cxx_add_to_sub,stencil_chain.halide_generated.cpp,14116,49,generator_specific,0,0,1,,,test2_golden,0,1.245,cxx_add_to_sub:/mnt/scratch1/ardi/dsl_mut/HM-armc/mutation/lowered-cpp/stencil_chain/stencil_chain.halide_generated.cpp:14116:49
stencil_chain,cxx_default_on_emitted_cpp,5eb72c8d,10,14,cxx_mul_to_div,stencil_chain.halide_generated.cpp,17694,49,generator_specific,0,0,1,,,test2_golden,0,0.956,cxx_mul_to_div:/mnt/scratch1/ardi/dsl_mut/HM-armc/mutation/lowered-cpp/stencil_chain/stencil_chain.halide_generated.cpp:17694:49
stencil_chain,cxx_default_on_emitted_cpp,5eb72c8d,10,14,cxx_mul_to_div,stencil_chain.halide_generated.cpp,9104,37,generator_specific,0,0,1,,,test2_golden,0,0.868,cxx_mul_to_div:/mnt/scratch1/ardi/dsl_mut/HM-armc/mutation/lowered-cpp/stencil_chain/stencil_chain.halide_generated.cpp:9104:37
stencil_chain,cxx_default_on_emitted_cpp,5eb72c8d,10,14,cxx_mul_to_div,stencil_chain.halide_generated.cpp,7838,42,generator_specific,0,0,1,,,test2_golden,0,0.746,cxx_mul_to_div:/mnt/scratch1/ardi/dsl_mut/HM-armc/mutation/lowered-cpp/stencil_chain/stencil_chain.halide_generated.cpp:7838:42
stencil_chain,cxx_default_on_emitted_cpp,5eb72c8d,10,14,cxx_mul_to_div,stencil_chain.halide_generated.cpp,6155,41,generator_specific,0,0,1,,,test2_golden,0,0.768,cxx_mul_to_div:/mnt/scratch1/ardi/dsl_mut/HM-armc/mutation/lowered-cpp/stencil_chain/stencil_chain.halide_generated.cpp:6155:41
stencil_chain,cxx_default_on_emitted_cpp,5eb72c8d,10,14,cxx_add_to_sub,stencil_chain.halide_generated.cpp,8384,45,generator_specific,0,0,1,,,test2_golden,0,1.134,cxx_add_to_sub:/mnt/scratch1/ardi/dsl_mut/HM-armc/mutation/lowered-cpp/stencil_chain/stencil_chain.halide_generated.cpp:8384:45
stencil_chain,cxx_default_on_emitted_cpp,5eb72c8d,10,14,cxx_add_to_sub,stencil_chain.halide_generated.cpp,16680,47,generator_specific,0,0,1,,,test2_golden,0,0.752,cxx_add_to_sub:/mnt/scratch1/ardi/dsl_mut/HM-armc/mutation/lowered-cpp/stencil_chain/stencil_chain.halide_generated.cpp:16680:47
stencil_chain,cxx_default_on_emitted_cpp,5eb72c8d,10,14,cxx_add_to_sub,stencil_chain.halide_generated.cpp,7315,42,generator_specific,0,0,1,,,test2_golden,0,0.948,cxx_add_to_sub:/mnt/scratch1/ardi/dsl_mut/HM-armc/mutation/lowered-cpp/stencil_chain/stencil_chain.halide_generated.cpp:7315:42
stencil_chain,cxx_default_on_emitted_cpp,5eb72c8d,10,14,cxx_mul_to_div,stencil_chain.halide_generated.cpp,4364,38,generator_specific,0,0,1,,,test2_golden,0,2.245,cxx_mul_to_div:/mnt/scratch1/ardi/dsl_mut/HM-armc/mutation/lowered-cpp/stencil_chain/stencil_chain.halide_generated.cpp:4364:38
stencil_chain,cxx_default_on_emitted_cpp,5eb72c8d,10,14,cxx_post_inc_to_post_dec,stencil_chain.halide_generated.cpp,5484,105,generator_specific,-11,1,,,,test1_demo,0,0.157,cxx_post_inc_to_post_dec:/mnt/scratch1/ardi/dsl_mut/HM-armc/mutation/lowered-cpp/stencil_chain/stencil_chain.halide_generated.cpp:5484:105
stencil_chain,cxx_default_on_emitted_cpp,5eb72c8d,10,14,cxx_add_to_sub,stencil_chain.halide_generated.cpp,6312,39,generator_specific,0,0,1,,,test2_golden,0,0.775,cxx_add_to_sub:/mnt/scratch1/ardi/dsl_mut/HM-armc/mutation/lowered-cpp/stencil_chain/stencil_chain.halide_generated.cpp:6312:39
stencil_chain,cxx_default_on_emitted_cpp,5eb72c8d,10,14,cxx_mul_to_div,stencil_chain.halide_generated.cpp,17159,49,generator_specific,0,0,1,,,test2_golden,0,1.100,cxx_mul_to_div:/mnt/scratch1/ardi/dsl_mut/HM-armc/mutation/lowered-cpp/stencil_chain/stencil_chain.halide_generated.cpp:17159:49
stencil_chain,cxx_default_on_emitted_cpp,5eb72c8d,10,14,cxx_add_to_sub,stencil_chain.halide_generated.cpp,16782,42,generator_specific,0,0,1,,,test2_golden,0,0.978,cxx_add_to_sub:/mnt/scratch1/ardi/dsl_mut/HM-armc/mutation/lowered-cpp/stencil_chain/stencil_chain.halide_generated.cpp:16782:42
stencil_chain,cxx_default_on_emitted_cpp,5eb72c8d,10,14,cxx_add_to_sub,stencil_chain.halide_generated.cpp,7445,46,generator_specific,0,0,1,,,test2_golden,0,0.778,cxx_add_to_sub:/mnt/scratch1/ardi/dsl_mut/HM-armc/mutation/lowered-cpp/stencil_chain/stencil_chain.halide_generated.cpp:7445:46
stencil_chain,cxx_default_on_emitted_cpp,5eb72c8d,10,14,cxx_add_to_sub,stencil_chain.halide_generated.cpp,15138,42,generator_specific,0,0,1,,,test2_golden,0,0.754,cxx_add_to_sub:/mnt/scratch1/ardi/dsl_mut/HM-armc/mutation/lowered-cpp/stencil_chain/stencil_chain.halide_generated.cpp:15138:42
stencil_chain,cxx_default_on_emitted_cpp,5eb72c8d,10,14,cxx_add_to_sub,stencil_chain.halide_generated.cpp,14682,47,generator_specific,0,0,1,,,test2_golden,0,0.752,cxx_add_to_sub:/mnt/scratch1/ardi/dsl_mut/HM-armc/mutation/lowered-cpp/stencil_chain/stencil_chain.halide_generated.cpp:14682:47
stencil_chain,cxx_default_on_emitted_cpp,5eb72c8d,10,14,cxx_add_to_sub,stencil_chain.halide_generated.cpp,13057,40,generator_specific,0,0,1,,,test2_golden,0,0.792,cxx_add_to_sub:/mnt/scratch1/ardi/dsl_mut/HM-armc/mutation/lowered-cpp/stencil_chain/stencil_chain.halide_generated.cpp:13057:40
stencil_chain,cxx_default_on_emitted_cpp,5eb72c8d,10,14,cxx_add_to_sub,stencil_chain.halide_generated.cpp,17199,49,generator_specific,0,0,1,,,test2_golden,0,0.953,cxx_add_to_sub:/mnt/scratch1/ardi/dsl_mut/HM-armc/mutation/lowered-cpp/stencil_chain/stencil_chain.halide_generated.cpp:17199:49
stencil_chain,cxx_default_on_emitted_cpp,5eb72c8d,10,14,cxx_add_to_sub,stencil_chain.halide_generated.cpp,11916,37,generator_specific,0,0,1,,,test2_golden,0,0.956,cxx_add_to_sub:/mnt/scratch1/ardi/dsl_mut/HM-armc/mutation/lowered-cpp/stencil_chain/stencil_chain.halide_generated.cpp:11916:37
stencil_chain,cxx_default_on_emitted_cpp,5eb72c8d,10,14,cxx_add_to_sub,stencil_chain.halide_generated.cpp,4898,47,generator_specific,0,0,1,,,test2_golden,0,0.947,cxx_add_to_sub:/mnt/scratch1/ardi/dsl_mut/HM-armc/mutation/lowered-cpp/stencil_chain/stencil_chain.halide_generated.cpp:4898:47
stencil_chain,cxx_default_on_emitted_cpp,5eb72c8d,10,14,cxx_mul_to_div,stencil_chain.halide_generated.cpp,8940,49,generator_specific,0,0,1,,,test2_golden,0,1.143,cxx_mul_to_div:/mnt/scratch1/ardi/dsl_mut/HM-armc/mutation/lowered-cpp/stencil_chain/stencil_chain.halide_generated.cpp:8940:49
stencil_chain,cxx_default_on_emitted_cpp,5eb72c8d,10,14,cxx_add_to_sub,stencil_chain.halide_generated.cpp,7811,47,generator_specific,0,0,1,,,test2_golden,0,0.774,cxx_add_to_sub:/mnt/scratch1/ardi/dsl_mut/HM-armc/mutation/lowered-cpp/stencil_chain/stencil_chain.halide_generated.cpp:7811:47
stencil_chain,cxx_default_on_emitted_cpp,5eb72c8d,10,14,cxx_mul_to_div,stencil_chain.halide_generated.cpp,5341,50,generator_specific,0,0,1,,,test2_golden,0,0.957,cxx_mul_to_div:/mnt/scratch1/ardi/dsl_mut/HM-armc/mutation/lowered-cpp/stencil_chain/stencil_chain.halide_generated.cpp:5341:50
stencil_chain,cxx_default_on_emitted_cpp,5eb72c8d,10,14,cxx_mul_to_div,stencil_chain.halide_generated.cpp,16648,47,generator_specific,0,0,1,,,test2_golden,0,1.020,cxx_mul_to_div:/mnt/scratch1/ardi/dsl_mut/HM-armc/mutation/lowered-cpp/stencil_chain/stencil_chain.halide_generated.cpp:16648:47
stencil_chain,cxx_default_on_emitted_cpp,5eb72c8d,10,14,cxx_mul_to_div,stencil_chain.halide_generated.cpp,10262,47,generator_specific,0,0,1,,,test2_golden,0,0.744,cxx_mul_to_div:/mnt/scratch1/ardi/dsl_mut/HM-armc/mutation/lowered-cpp/stencil_chain/stencil_chain.halide_generated.cpp:10262:47
stencil_chain,cxx_default_on_emitted_cpp,5eb72c8d,10,14,cxx_add_to_sub,stencil_chain.halide_generated.cpp,14131,48,generator_specific,0,0,1,,,test2_golden,0,0.972,cxx_add_to_sub:/mnt/scratch1/ardi/dsl_mut/HM-armc/mutation/lowered-cpp/stencil_chain/stencil_chain.halide_generated.cpp:14131:48
stencil_chain,cxx_default_on_emitted_cpp,5eb72c8d,10,14,cxx_add_to_sub,stencil_chain.halide_generated.cpp,17365,48,generator_specific,0,0,1,,,test2_golden,0,0.768,cxx_add_to_sub:/mnt/scratch1/ardi/dsl_mut/HM-armc/mutation/lowered-cpp/stencil_chain/stencil_chain.halide_generated.cpp:17365:48
stencil_chain,cxx_default_on_emitted_cpp,5eb72c8d,10,14,cxx_mul_to_div,stencil_chain.halide_generated.cpp,6011,42,generator_specific,0,0,1,,,test2_golden,0,0.745,cxx_mul_to_div:/mnt/scratch1/ardi/dsl_mut/HM-armc/mutation/lowered-cpp/stencil_chain/stencil_chain.halide_generated.cpp:6011:42
stencil_chain,cxx_default_on_emitted_cpp,5eb72c8d,10,14,cxx_add_to_sub,stencil_chain.halide_generated.cpp,6023,38,generator_specific,0,0,1,,,test2_golden,0,0.786,cxx_add_to_sub:/mnt/scratch1/ardi/dsl_mut/HM-armc/mutation/lowered-cpp/stencil_chain/stencil_chain.halide_generated.cpp:6023:38
stencil_chain,cxx_default_on_emitted_cpp,5eb72c8d,10,14,cxx_add_to_sub,stencil_chain.halide_generated.cpp,15226,37,generator_specific,0,0,1,,,test2_golden,0,0.942,cxx_add_to_sub:/mnt/scratch1/ardi/dsl_mut/HM-armc/mutation/lowered-cpp/stencil_chain/stencil_chain.halide_generated.cpp:15226:37
stencil_chain,cxx_default_on_emitted_cpp,5eb72c8d,10,14,cxx_mul_to_div,stencil_chain.halide_generated.cpp,17698,49,generator_specific,0,0,1,,,test2_golden,0,0.741,cxx_mul_to_div:/mnt/scratch1/ardi/dsl_mut/HM-armc/mutation/lowered-cpp/stencil_chain/stencil_chain.halide_generated.cpp:17698:49
stencil_chain,cxx_default_on_emitted_cpp,5eb72c8d,10,14,cxx_le_to_lt,stencil_chain.halide_generated.cpp,18621,24,generator_specific,0,0,0,,,,0,0.817,cxx_le_to_lt:/mnt/scratch1/ardi/dsl_mut/HM-armc/mutation/lowered-cpp/stencil_chain/stencil_chain.halide_generated.cpp:18621:24
stencil_chain,cxx_default_on_emitted_cpp,5eb72c8d,10,14,cxx_add_to_sub,stencil_chain.halide_generated.cpp,11511,41,generator_specific,0,0,1,,,test2_golden,0,1.239,cxx_add_to_sub:/mnt/scratch1/ardi/dsl_mut/HM-armc/mutation/lowered-cpp/stencil_chain/stencil_chain.halide_generated.cpp:11511:41
stencil_chain,cxx_default_on_emitted_cpp,5eb72c8d,10,14,cxx_add_to_sub,stencil_chain.halide_generated.cpp,18916,29,generator_specific,0,0,0,,,,0,0.766,cxx_add_to_sub:/mnt/scratch1/ardi/dsl_mut/HM-armc/mutation/lowered-cpp/stencil_chain/stencil_chain.halide_generated.cpp:18916:29
stencil_chain,cxx_default_on_emitted_cpp,5eb72c8d,10,14,cxx_remove_void_call,stencil_chain.halide_generated.cpp,6599,16,generator_specific,0,0,1,,,test2_golden,0,2.059,cxx_remove_void_call:/mnt/scratch1/ardi/dsl_mut/HM-armc/mutation/lowered-cpp/stencil_chain/stencil_chain.halide_generated.cpp:6599:16
stencil_chain,cxx_default_on_emitted_cpp,5eb72c8d,10,14,cxx_add_to_sub,stencil_chain.halide_generated.cpp,12379,42,generator_specific,0,0,1,,,test2_golden,0,1.769,cxx_add_to_sub:/mnt/scratch1/ardi/dsl_mut/HM-armc/mutation/lowered-cpp/stencil_chain/stencil_chain.halide_generated.cpp:12379:42
stencil_chain,cxx_default_on_emitted_cpp,5eb72c8d,10,14,cxx_mul_to_div,stencil_chain.halide_generated.cpp,12011,41,generator_specific,0,0,1,,,test2_golden,0,0.767,cxx_mul_to_div:/mnt/scratch1/ardi/dsl_mut/HM-armc/mutation/lowered-cpp/stencil_chain/stencil_chain.halide_generated.cpp:12011:41
stencil_chain,cxx_default_on_emitted_cpp,5eb72c8d,10,14,cxx_sub_to_add,stencil_chain.halide_generated.cpp,4737,43,generator_specific,0,0,1,,,test2_golden,0,1.757,cxx_sub_to_add:/mnt/scratch1/ardi/dsl_mut/HM-armc/mutation/lowered-cpp/stencil_chain/stencil_chain.halide_generated.cpp:4737:43
stencil_chain,cxx_default_on_emitted_cpp,5eb72c8d,10,14,cxx_add_to_sub,stencil_chain.halide_generated.cpp,10070,42,generator_specific,0,0,1,,,test2_golden,0,0.945,cxx_add_to_sub:/mnt/scratch1/ardi/dsl_mut/HM-armc/mutation/lowered-cpp/stencil_chain/stencil_chain.halide_generated.cpp:10070:42
stencil_chain,cxx_default_on_emitted_cpp,5eb72c8d,10,14,cxx_add_to_sub,stencil_chain.halide_generated.cpp,10330,47,generator_specific,0,0,1,,,test2_golden,0,0.763,cxx_add_to_sub:/mnt/scratch1/ardi/dsl_mut/HM-armc/mutation/lowered-cpp/stencil_chain/stencil_chain.halide_generated.cpp:10330:47
stencil_chain,cxx_default_on_emitted_cpp,5eb72c8d,10,14,cxx_add_to_sub,stencil_chain.halide_generated.cpp,9356,38,generator_specific,0,0,1,,,test2_golden,0,0.957,cxx_add_to_sub:/mnt/scratch1/ardi/dsl_mut/HM-armc/mutation/lowered-cpp/stencil_chain/stencil_chain.halide_generated.cpp:9356:38
stencil_chain,cxx_default_on_emitted_cpp,5eb72c8d,10,14,cxx_mul_to_div,stencil_chain.halide_generated.cpp,11327,39,generator_specific,0,0,1,,,test2_golden,0,0.911,cxx_mul_to_div:/mnt/scratch1/ardi/dsl_mut/HM-armc/mutation/lowered-cpp/stencil_chain/stencil_chain.halide_generated.cpp:11327:39
stencil_chain,cxx_default_on_emitted_cpp,5eb72c8d,10,14,cxx_add_to_sub,stencil_chain.halide_generated.cpp,7454,46,generator_specific,0,0,1,,,test2_golden,0,0.764,cxx_add_to_sub:/mnt/scratch1/ardi/dsl_mut/HM-armc/mutation/lowered-cpp/stencil_chain/stencil_chain.halide_generated.cpp:7454:46
stencil_chain,cxx_default_on_emitted_cpp,5eb72c8d,10,14,cxx_add_to_sub,stencil_chain.halide_generated.cpp,5912,96,generator_specific,0,0,1,,,test2_golden,0,1.876,cxx_add_to_sub:/mnt/scratch1/ardi/dsl_mut/HM-armc/mutation/lowered-cpp/stencil_chain/stencil_chain.halide_generated.cpp:5912:96
stencil_chain,cxx_default_on_emitted_cpp,5eb72c8d,10,14,cxx_mul_to_div,stencil_chain.halide_generated.cpp,15673,40,generator_specific,0,0,1,,,test2_golden,0,0.961,cxx_mul_to_div:/mnt/scratch1/ardi/dsl_mut/HM-armc/mutation/lowered-cpp/stencil_chain/stencil_chain.halide_generated.cpp:15673:40
stencil_chain,cxx_default_on_emitted_cpp,5eb72c8d,10,14,cxx_remove_void_call,stencil_chain.halide_generated.cpp,4366,18,generator_specific,0,0,1,,,test2_golden,0,2.029,cxx_remove_void_call:/mnt/scratch1/ardi/dsl_mut/HM-armc/mutation/lowered-cpp/stencil_chain/stencil_chain.halide_generated.cpp:4366:18
stencil_chain,cxx_default_on_emitted_cpp,5eb72c8d,10,14,cxx_add_to_sub,stencil_chain.halide_generated.cpp,11976,37,generator_specific,0,0,1,,,test2_golden,0,0.918,cxx_add_to_sub:/mnt/scratch1/ardi/dsl_mut/HM-armc/mutation/lowered-cpp/stencil_chain/stencil_chain.halide_generated.cpp:11976:37
stencil_chain,cxx_default_on_emitted_cpp,5eb72c8d,10,14,cxx_sub_to_add,stencil_chain.halide_generated.cpp,6611,40,generator_specific,0,0,1,,,test2_golden,0,0.950,cxx_sub_to_add:/mnt/scratch1/ardi/dsl_mut/HM-armc/mutation/lowered-cpp/stencil_chain/stencil_chain.halide_generated.cpp:6611:40
stencil_chain,cxx_default_on_emitted_cpp,5eb72c8d,10,14,cxx_add_to_sub,stencil_chain.halide_generated.cpp,5475,32,generator_specific,-11,1,,,,test1_demo,0,0.151,cxx_add_to_sub:/mnt/scratch1/ardi/dsl_mut/HM-armc/mutation/lowered-cpp/stencil_chain/stencil_chain.halide_generated.cpp:5475:32
stencil_chain,cxx_default_on_emitted_cpp,5eb72c8d,10,14,cxx_add_to_sub,stencil_chain.halide_generated.cpp,11507,37,generator_specific,0,0,1,,,test2_golden,0,0.762,cxx_add_to_sub:/mnt/scratch1/ardi/dsl_mut/HM-armc/mutation/lowered-cpp/stencil_chain/stencil_chain.halide_generated.cpp:11507:37
stencil_chain,cxx_default_on_emitted_cpp,5eb72c8d,10,14,cxx_mul_to_div,stencil_chain.halide_generated.cpp,17766,47,generator_specific,0,0,1,,,test2_golden,0,1.359,cxx_mul_to_div:/mnt/scratch1/ardi/dsl_mut/HM-armc/mutation/lowered-cpp/stencil_chain/stencil_chain.halide_generated.cpp:17766:47
stencil_chain,cxx_default_on_emitted_cpp,5eb72c8d,10,14,cxx_add_to_sub,stencil_chain.halide_generated.cpp,6587,42,generator_specific,0,0,1,,,test2_golden,0,0.740,cxx_add_to_sub:/mnt/scratch1/ardi/dsl_mut/HM-armc/mutation/lowered-cpp/stencil_chain/stencil_chain.halide_generated.cpp:6587:42
stencil_chain,cxx_default_on_emitted_cpp,5eb72c8d,10,14,cxx_add_to_sub,stencil_chain.halide_generated.cpp,15658,96,generator_specific,0,0,0,,,,0,0.807,cxx_add_to_sub:/mnt/scratch1/ardi/dsl_mut/HM-armc/mutation/lowered-cpp/stencil_chain/stencil_chain.halide_generated.cpp:15658:96
stencil_chain,cxx_default_on_emitted_cpp,5eb72c8d,10,14,cxx_mul_to_div,stencil_chain.halide_generated.cpp,5997,42,generator_specific,0,0,1,,,test2_golden,0,0.739,cxx_mul_to_div:/mnt/scratch1/ardi/dsl_mut/HM-armc/mutation/lowered-cpp/stencil_chain/stencil_chain.halide_generated.cpp:5997:42
stencil_chain,cxx_default_on_emitted_cpp,5eb72c8d,10,14,cxx_add_to_sub,stencil_chain.halide_generated.cpp,4753,43,generator_specific,0,0,1,,,test2_golden,0,0.744,cxx_add_to_sub:/mnt/scratch1/ardi/dsl_mut/HM-armc/mutation/lowered-cpp/stencil_chain/stencil_chain.halide_generated.cpp:4753:43
stencil_chain,cxx_default_on_emitted_cpp,5eb72c8d,10,14,cxx_add_to_sub,stencil_chain.halide_generated.cpp,12597,39,generator_specific,0,0,1,,,test2_golden,0,2.562,cxx_add_to_sub:/mnt/scratch1/ardi/dsl_mut/HM-armc/mutation/lowered-cpp/stencil_chain/stencil_chain.halide_generated.cpp:12597:39
stencil_chain,cxx_default_on_emitted_cpp,5eb72c8d,10,14,cxx_add_to_sub,stencil_chain.halide_generated.cpp,17387,48,generator_specific,0,0,1,,,test2_golden,0,1.753,cxx_add_to_sub:/mnt/scratch1/ardi/dsl_mut/HM-armc/mutation/lowered-cpp/stencil_chain/stencil_chain.halide_generated.cpp:17387:48
stencil_chain,cxx_default_on_emitted_cpp,5eb72c8d,10,14,cxx_add_to_sub,stencil_chain.halide_generated.cpp,7594,41,generator_specific,0,0,1,,,test2_golden,0,0.747,cxx_add_to_sub:/mnt/scratch1/ardi/dsl_mut/HM-armc/mutation/lowered-cpp/stencil_chain/stencil_chain.halide_generated.cpp:7594:41
stencil_chain,cxx_default_on_emitted_cpp,5eb72c8d,10,14,cxx_add_to_sub,stencil_chain.halide_generated.cpp,5732,41,generator_specific,0,0,1,,,test2_golden,0,0.873,cxx_add_to_sub:/mnt/scratch1/ardi/dsl_mut/HM-armc/mutation/lowered-cpp/stencil_chain/stencil_chain.halide_generated.cpp:5732:41
stencil_chain,cxx_default_on_emitted_cpp,5eb72c8d,10,14,cxx_add_to_sub,stencil_chain.halide_generated.cpp,9019,49,generator_specific,0,0,1,,,test2_golden,0,1.679,cxx_add_to_sub:/mnt/scratch1/ardi/dsl_mut/HM-armc/mutation/lowered-cpp/stencil_chain/stencil_chain.halide_generated.cpp:9019:49
stencil_chain,cxx_default_on_emitted_cpp,5eb72c8d,10,14,cxx_mul_to_div,stencil_chain.halide_generated.cpp,16942,48,generator_specific,0,0,1,,,test2_golden,0,1.315,cxx_mul_to_div:/mnt/scratch1/ardi/dsl_mut/HM-armc/mutation/lowered-cpp/stencil_chain/stencil_chain.halide_generated.cpp:16942:48
stencil_chain,cxx_default_on_emitted_cpp,5eb72c8d,10,14,cxx_add_to_sub,stencil_chain.halide_generated.cpp,4535,43,generator_specific,0,0,1,,,test2_golden,0,0.770,cxx_add_to_sub:/mnt/scratch1/ardi/dsl_mut/HM-armc/mutation/lowered-cpp/stencil_chain/stencil_chain.halide_generated.cpp:4535:43
stencil_chain,cxx_default_on_emitted_cpp,5eb72c8d,10,14,cxx_add_to_sub,stencil_chain.halide_generated.cpp,12085,39,generator_specific,0,0,1,,,test2_golden,0,0.747,cxx_add_to_sub:/mnt/scratch1/ardi/dsl_mut/HM-armc/mutation/lowered-cpp/stencil_chain/stencil_chain.halide_generated.cpp:12085:39
stencil_chain,cxx_default_on_emitted_cpp,5eb72c8d,10,14,cxx_lt_to_ge,stencil_chain.halide_generated.cpp,9630,63,generator_specific,0,0,1,,,test2_golden,0,0.745,cxx_lt_to_ge:/mnt/scratch1/ardi/dsl_mut/HM-armc/mutation/lowered-cpp/stencil_chain/stencil_chain.halide_generated.cpp:9630:63
stencil_chain,cxx_default_on_emitted_cpp,5eb72c8d,10,14,cxx_mul_to_div,stencil_chain.halide_generated.cpp,8675,44,generator_specific,0,0,1,,,test2_golden,0,0.921,cxx_mul_to_div:/mnt/scratch1/ardi/dsl_mut/HM-armc/mutation/lowered-cpp/stencil_chain/stencil_chain.halide_generated.cpp:8675:44
stencil_chain,cxx_default_on_emitted_cpp,5eb72c8d,10,14,cxx_add_to_sub,stencil_chain.halide_generated.cpp,14360,46,generator_specific,0,0,1,,,test2_golden,0,0.950,cxx_add_to_sub:/mnt/scratch1/ardi/dsl_mut/HM-armc/mutation/lowered-cpp/stencil_chain/stencil_chain.halide_generated.cpp:14360:46
stencil_chain,cxx_default_on_emitted_cpp,5eb72c8d,10,14,cxx_add_to_sub,stencil_chain.halide_generated.cpp,9760,40,generator_specific,0,0,1,,,test2_golden,0,0.940,cxx_add_to_sub:/mnt/scratch1/ardi/dsl_mut/HM-armc/mutation/lowered-cpp/stencil_chain/stencil_chain.halide_generated.cpp:9760:40
stencil_chain,cxx_default_on_emitted_cpp,5eb72c8d,10,14,cxx_add_to_sub,stencil_chain.halide_generated.cpp,12060,98,generator_specific,0,0,1,,,test2_golden,0,0.749,cxx_add_to_sub:/mnt/scratch1/ardi/dsl_mut/HM-armc/mutation/lowered-cpp/stencil_chain/stencil_chain.halide_generated.cpp:12060:98
stencil_chain,cxx_default_on_emitted_cpp,5eb72c8d,10,14,cxx_add_to_sub,stencil_chain.halide_generated.cpp,17652,45,generator_specific,0,0,1,,,test2_golden,0,0.930,cxx_add_to_sub:/mnt/scratch1/ardi/dsl_mut/HM-armc/mutation/lowered-cpp/stencil_chain/stencil_chain.halide_generated.cpp:17652:45
stencil_chain,cxx_default_on_emitted_cpp,5eb72c8d,10,14,cxx_add_to_sub,stencil_chain.halide_generated.cpp,16988,44,generator_specific,0,0,1,,,test2_golden,0,0.768,cxx_add_to_sub:/mnt/scratch1/ardi/dsl_mut/HM-armc/mutation/lowered-cpp/stencil_chain/stencil_chain.halide_generated.cpp:16988:44
stencil_chain,cxx_default_on_emitted_cpp,5eb72c8d,10,14,cxx_add_to_sub,stencil_chain.halide_generated.cpp,17378,48,generator_specific,0,0,1,,,test2_golden,0,0.948,cxx_add_to_sub:/mnt/scratch1/ardi/dsl_mut/HM-armc/mutation/lowered-cpp/stencil_chain/stencil_chain.halide_generated.cpp:17378:48
stencil_chain,cxx_default_on_emitted_cpp,5eb72c8d,10,14,cxx_add_to_sub,stencil_chain.halide_generated.cpp,13088,44,generator_specific,0,0,1,,,test2_golden,0,0.773,cxx_add_to_sub:/mnt/scratch1/ardi/dsl_mut/HM-armc/mutation/lowered-cpp/stencil_chain/stencil_chain.halide_generated.cpp:13088:44
stencil_chain,cxx_default_on_emitted_cpp,5eb72c8d,10,14,cxx_mul_to_div,stencil_chain.halide_generated.cpp,12253,38,generator_specific,0,0,1,,,test2_golden,0,0.926,cxx_mul_to_div:/mnt/scratch1/ardi/dsl_mut/HM-armc/mutation/lowered-cpp/stencil_chain/stencil_chain.halide_generated.cpp:12253:38
stencil_chain,cxx_default_on_emitted_cpp,5eb72c8d,10,14,cxx_mul_to_div,stencil_chain.halide_generated.cpp,10449,48,generator_specific,0,0,1,,,test2_golden,0,0.749,cxx_mul_to_div:/mnt/scratch1/ardi/dsl_mut/HM-armc/mutation/lowered-cpp/stencil_chain/stencil_chain.halide_generated.cpp:10449:48
stencil_chain,cxx_default_on_emitted_cpp,5eb72c8d,10,14,cxx_add_to_sub,stencil_chain.halide_generated.cpp,7752,43,generator_specific,0,0,1,,,test2_golden,0,1.094,cxx_add_to_sub:/mnt/scratch1/ardi/dsl_mut/HM-armc/mutation/lowered-cpp/stencil_chain/stencil_chain.halide_generated.cpp:7752:43
stencil_chain,cxx_default_on_emitted_cpp,5eb72c8d,10,14,cxx_add_to_sub,stencil_chain.halide_generated.cpp,8841,50,generator_specific,0,0,1,,,test2_golden,0,0.931,cxx_add_to_sub:/mnt/scratch1/ardi/dsl_mut/HM-armc/mutation/lowered-cpp/stencil_chain/stencil_chain.halide_generated.cpp:8841:50
stencil_chain,cxx_default_on_emitted_cpp,5eb72c8d,10,14,cxx_add_to_sub,stencil_chain.halide_generated.cpp,11548,36,generator_specific,0,0,1,,,test2_golden,0,1.316,cxx_add_to_sub:/mnt/scratch1/ardi/dsl_mut/HM-armc/mutation/lowered-cpp/stencil_chain/stencil_chain.halide_generated.cpp:11548:36
stencil_chain,cxx_default_on_emitted_cpp,5eb72c8d,10,14,cxx_mul_to_div,stencil_chain.halide_generated.cpp,16351,42,generator_specific,0,0,1,,,test2_golden,0,0.788,cxx_mul_to_div:/mnt/scratch1/ardi/dsl_mut/HM-armc/mutation/lowered-cpp/stencil_chain/stencil_chain.halide_generated.cpp:16351:42
stencil_chain,cxx_default_on_emitted_cpp,5eb72c8d,10,14,cxx_post_inc_to_post_dec,stencil_chain.halide_generated.cpp,6607,88,generator_specific,-11,1,,,,test1_demo,0,0.417,cxx_post_inc_to_post_dec:/mnt/scratch1/ardi/dsl_mut/HM-armc/mutation/lowered-cpp/stencil_chain/stencil_chain.halide_generated.cpp:6607:88
stencil_chain,cxx_default_on_emitted_cpp,5eb72c8d,10,14,cxx_add_to_sub,stencil_chain.halide_generated.cpp,7062,41,generator_specific,0,0,1,,,test2_golden,0,0.946,cxx_add_to_sub:/mnt/scratch1/ardi/dsl_mut/HM-armc/mutation/lowered-cpp/stencil_chain/stencil_chain.halide_generated.cpp:7062:41
stencil_chain,cxx_default_on_emitted_cpp,5eb72c8d,10,14,cxx_add_to_sub,stencil_chain.halide_generated.cpp,12039,41,generator_specific,0,0,1,,,test2_golden,0,0.767,cxx_add_to_sub:/mnt/scratch1/ardi/dsl_mut/HM-armc/mutation/lowered-cpp/stencil_chain/stencil_chain.halide_generated.cpp:12039:41
stencil_chain,cxx_default_on_emitted_cpp,5eb72c8d,10,14,cxx_add_to_sub,stencil_chain.halide_generated.cpp,9239,41,generator_specific,0,0,1,,,test2_golden,0,0.831,cxx_add_to_sub:/mnt/scratch1/ardi/dsl_mut/HM-armc/mutation/lowered-cpp/stencil_chain/stencil_chain.halide_generated.cpp:9239:41
stencil_chain,cxx_default_on_emitted_cpp,5eb72c8d,10,14,cxx_mul_to_div,stencil_chain.halide_generated.cpp,13701,46,generator_specific,0,0,1,,,test2_golden,0,0.789,cxx_mul_to_div:/mnt/scratch1/ardi/dsl_mut/HM-armc/mutation/lowered-cpp/stencil_chain/stencil_chain.halide_generated.cpp:13701:46
stencil_chain,cxx_default_on_emitted_cpp,5eb72c8d,10,14,cxx_replace_scalar_call,stencil_chain.halide_generated.cpp,3660,30,generator_specific,0,0,1,,,test2_golden,0,0.748,cxx_replace_scalar_call:/mnt/scratch1/ardi/dsl_mut/HM-armc/mutation/lowered-cpp/stencil_chain/stencil_chain.halide_generated.cpp:3660:30
stencil_chain,cxx_default_on_emitted_cpp,5eb72c8d,10,14,cxx_add_to_sub,stencil_chain.halide_generated.cpp,15303,37,generator_specific,0,0,0,,,,0,0.940,cxx_add_to_sub:/mnt/scratch1/ardi/dsl_mut/HM-armc/mutation/lowered-cpp/stencil_chain/stencil_chain.halide_generated.cpp:15303:37
stencil_chain,cxx_default_on_emitted_cpp,5eb72c8d,10,14,cxx_add_to_sub,stencil_chain.halide_generated.cpp,16171,44,generator_specific,0,0,1,,,test2_golden,0,0.773,cxx_add_to_sub:/mnt/scratch1/ardi/dsl_mut/HM-armc/mutation/lowered-cpp/stencil_chain/stencil_chain.halide_generated.cpp:16171:44
stencil_chain,cxx_default_on_emitted_cpp,5eb72c8d,10,14,cxx_mul_to_div,stencil_chain.halide_generated.cpp,7252,44,generator_specific,0,0,1,,,test2_golden,0,0.755,cxx_mul_to_div:/mnt/scratch1/ardi/dsl_mut/HM-armc/mutation/lowered-cpp/stencil_chain/stencil_chain.halide_generated.cpp:7252:44
stencil_chain,cxx_default_on_emitted_cpp,5eb72c8d,10,14,cxx_add_to_sub,stencil_chain.halide_generated.cpp,17724,49,generator_specific,0,0,1,,,test2_golden,0,0.756,cxx_add_to_sub:/mnt/scratch1/ardi/dsl_mut/HM-armc/mutation/lowered-cpp/stencil_chain/stencil_chain.halide_generated.cpp:17724:49
stencil_chain,cxx_default_on_emitted_cpp,5eb72c8d,10,14,cxx_mul_to_div,stencil_chain.halide_generated.cpp,7666,43,generator_specific,0,0,1,,,test2_golden,0,1.706,cxx_mul_to_div:/mnt/scratch1/ardi/dsl_mut/HM-armc/mutation/lowered-cpp/stencil_chain/stencil_chain.halide_generated.cpp:7666:43
stencil_chain,cxx_default_on_emitted_cpp,5eb72c8d,10,14,cxx_mul_to_div,stencil_chain.halide_generated.cpp,5286,45,generator_specific,0,0,1,,,test2_golden,0,1.773,cxx_mul_to_div:/mnt/scratch1/ardi/dsl_mut/HM-armc/mutation/lowered-cpp/stencil_chain/stencil_chain.halide_generated.cpp:5286:45
stencil_chain,cxx_default_on_emitted_cpp,5eb72c8d,10,14,cxx_mul_to_div,stencil_chain.halide_generated.cpp,7953,46,generator_specific,0,0,1,,,test2_golden,0,0.972,cxx_mul_to_div:/mnt/scratch1/ardi/dsl_mut/HM-armc/mutation/lowered-cpp/stencil_chain/stencil_chain.halide_generated.cpp:7953:46
stencil_chain,cxx_default_on_emitted_cpp,5eb72c8d,10,14,cxx_add_to_sub,stencil_chain.halide_generated.cpp,8328,47,generator_specific,0,0,1,,,test2_golden,0,0.916,cxx_add_to_sub:/mnt/scratch1/ardi/dsl_mut/HM-armc/mutation/lowered-cpp/stencil_chain/stencil_chain.halide_generated.cpp:8328:47
stencil_chain,cxx_default_on_emitted_cpp,5eb72c8d,10,14,cxx_add_to_sub,stencil_chain.halide_generated.cpp,14625,48,generator_specific,0,0,1,,,test2_golden,0,1.056,cxx_add_to_sub:/mnt/scratch1/ardi/dsl_mut/HM-armc/mutation/lowered-cpp/stencil_chain/stencil_chain.halide_generated.cpp:14625:48
stencil_chain,cxx_default_on_emitted_cpp,5eb72c8d,10,14,cxx_add_to_sub,stencil_chain.halide_generated.cpp,6581,42,generator_specific,0,0,1,,,test2_golden,0,0.813,cxx_add_to_sub:/mnt/scratch1/ardi/dsl_mut/HM-armc/mutation/lowered-cpp/stencil_chain/stencil_chain.halide_generated.cpp:6581:42
stencil_chain,cxx_default_on_emitted_cpp,5eb72c8d,10,14,cxx_add_to_sub,stencil_chain.halide_generated.cpp,8853,44,generator_specific,0,0,1,,,test2_golden,0,0.899,cxx_add_to_sub:/mnt/scratch1/ardi/dsl_mut/HM-armc/mutation/lowered-cpp/stencil_chain/stencil_chain.halide_generated.cpp:8853:44
stencil_chain,cxx_default_on_emitted_cpp,5eb72c8d,10,14,cxx_mul_to_div,stencil_chain.halide_generated.cpp,16997,48,generator_specific,0,0,1,,,test2_golden,0,0.907,cxx_mul_to_div:/mnt/scratch1/ardi/dsl_mut/HM-armc/mutation/lowered-cpp/stencil_chain/stencil_chain.halide_generated.cpp:16997:48
stencil_chain,cxx_default_on_emitted_cpp,5eb72c8d,10,14,cxx_remove_void_call,stencil_chain.halide_generated.cpp,5530,14,generator_specific,0,0,1,,,test2_golden,0,0.892,cxx_remove_void_call:/mnt/scratch1/ardi/dsl_mut/HM-armc/mutation/lowered-cpp/stencil_chain/stencil_chain.halide_generated.cpp:5530:14
stencil_chain,cxx_default_on_emitted_cpp,5eb72c8d,10,14,cxx_add_to_sub,stencil_chain.halide_generated.cpp,11684,40,generator_specific,0,0,1,,,test2_golden,0,0.850,cxx_add_to_sub:/mnt/scratch1/ardi/dsl_mut/HM-armc/mutation/lowered-cpp/stencil_chain/stencil_chain.halide_generated.cpp:11684:40
stencil_chain,cxx_default_on_emitted_cpp,5eb72c8d,10,14,cxx_add_to_sub,stencil_chain.halide_generated.cpp,6277,39,generator_specific,0,0,1,,,test2_golden,0,1.342,cxx_add_to_sub:/mnt/scratch1/ardi/dsl_mut/HM-armc/mutation/lowered-cpp/stencil_chain/stencil_chain.halide_generated.cpp:6277:39
stencil_chain,cxx_default_on_emitted_cpp,5eb72c8d,10,14,cxx_add_to_sub,stencil_chain.halide_generated.cpp,13002,40,generator_specific,0,0,1,,,test2_golden,0,1.370,cxx_add_to_sub:/mnt/scratch1/ardi/dsl_mut/HM-armc/mutation/lowered-cpp/stencil_chain/stencil_chain.halide_generated.cpp:13002:40
stencil_chain,cxx_default_on_emitted_cpp,5eb72c8d,10,14,cxx_add_to_sub,stencil_chain.halide_generated.cpp,15682,40,generator_specific,0,0,1,,,test2_golden,0,0.765,cxx_add_to_sub:/mnt/scratch1/ardi/dsl_mut/HM-armc/mutation/lowered-cpp/stencil_chain/stencil_chain.halide_generated.cpp:15682:40
stencil_chain,cxx_default_on_emitted_cpp,5eb72c8d,10,14,cxx_mul_to_div,stencil_chain.halide_generated.cpp,14751,51,generator_specific,0,0,1,,,test2_golden,0,0.772,cxx_mul_to_div:/mnt/scratch1/ardi/dsl_mut/HM-armc/mutation/lowered-cpp/stencil_chain/stencil_chain.halide_generated.cpp:14751:51
stencil_chain,cxx_default_on_emitted_cpp,5eb72c8d,10,14,cxx_mul_to_div,stencil_chain.halide_generated.cpp,4338,42,generator_specific,0,0,1,,,test2_golden,0,0.850,cxx_mul_to_div:/mnt/scratch1/ardi/dsl_mut/HM-armc/mutation/lowered-cpp/stencil_chain/stencil_chain.halide_generated.cpp:4338:42
stencil_chain,cxx_default_on_emitted_cpp,5eb72c8d,10,14,cxx_add_to_sub,stencil_chain.halide_generated.cpp,16688,47,generator_specific,0,0,1,,,test2_golden,0,0.804,cxx_add_to_sub:/mnt/scratch1/ardi/dsl_mut/HM-armc/mutation/lowered-cpp/stencil_chain/stencil_chain.halide_generated.cpp:16688:47
stencil_chain,cxx_default_on_emitted_cpp,5eb72c8d,10,14,cxx_add_to_sub,stencil_chain.halide_generated.cpp,17151,45,generator_specific,0,0,1,,,test2_golden,0,2.360,cxx_add_to_sub:/mnt/scratch1/ardi/dsl_mut/HM-armc/mutation/lowered-cpp/stencil_chain/stencil_chain.halide_generated.cpp:17151:45
stencil_chain,cxx_default_on_emitted_cpp,5eb72c8d,10,14,cxx_add_to_sub,stencil_chain.halide_generated.cpp,11170,40,generator_specific,0,0,1,,,test2_golden,0,0.904,cxx_add_to_sub:/mnt/scratch1/ardi/dsl_mut/HM-armc/mutation/lowered-cpp/stencil_chain/stencil_chain.halide_generated.cpp:11170:40
stencil_chain,cxx_default_on_emitted_cpp,5eb72c8d,10,14,cxx_add_to_sub,stencil_chain.halide_generated.cpp,9015,49,generator_specific,0,0,1,,,test2_golden,0,2.384,cxx_add_to_sub:/mnt/scratch1/ardi/dsl_mut/HM-armc/mutation/lowered-cpp/stencil_chain/stencil_chain.halide_generated.cpp:9015:49
stencil_chain,cxx_default_on_emitted_cpp,5eb72c8d,10,14,cxx_mul_to_div,stencil_chain.halide_generated.cpp,7703,47,generator_specific,0,0,1,,,test2_golden,0,2.070,cxx_mul_to_div:/mnt/scratch1/ardi/dsl_mut/HM-armc/mutation/lowered-cpp/stencil_chain/stencil_chain.halide_generated.cpp:7703:47
stencil_chain,cxx_default_on_emitted_cpp,5eb72c8d,10,14,cxx_mul_to_div,stencil_chain.halide_generated.cpp,17968,50,generator_specific,0,0,1,,,test2_golden,0,0.934,cxx_mul_to_div:/mnt/scratch1/ardi/dsl_mut/HM-armc/mutation/lowered-cpp/stencil_chain/stencil_chain.halide_generated.cpp:17968:50
stencil_chain,cxx_default_on_emitted_cpp,5eb72c8d,10,14,cxx_mul_to_div,stencil_chain.halide_generated.cpp,13000,44,generator_specific,0,0,1,,,test2_golden,0,0.898,cxx_mul_to_div:/mnt/scratch1/ardi/dsl_mut/HM-armc/mutation/lowered-cpp/stencil_chain/stencil_chain.halide_generated.cpp:13000:44
stencil_chain,cxx_default_on_emitted_cpp,5eb72c8d,10,14,cxx_add_to_sub,stencil_chain.halide_generated.cpp,15330,39,generator_specific,0,0,1,,,test2_golden,0,0.913,cxx_add_to_sub:/mnt/scratch1/ardi/dsl_mut/HM-armc/mutation/lowered-cpp/stencil_chain/stencil_chain.halide_generated.cpp:15330:39
stencil_chain,cxx_default_on_emitted_cpp,5eb72c8d,10,14,cxx_mul_to_div,stencil_chain.halide_generated.cpp,6858,43,generator_specific,0,0,1,,,test2_golden,0,0.767,cxx_mul_to_div:/mnt/scratch1/ardi/dsl_mut/HM-armc/mutation/lowered-cpp/stencil_chain/stencil_chain.halide_generated.cpp:6858:43
stencil_chain,cxx_default_on_emitted_cpp,5eb72c8d,10,14,cxx_mul_to_div,stencil_chain.halide_generated.cpp,15778,44,generator_specific,0,0,1,,,test2_golden,0,0.948,cxx_mul_to_div:/mnt/scratch1/ardi/dsl_mut/HM-armc/mutation/lowered-cpp/stencil_chain/stencil_chain.halide_generated.cpp:15778:44
stencil_chain,cxx_default_on_emitted_cpp,5eb72c8d,10,14,cxx_add_to_sub,stencil_chain.halide_generated.cpp,7276,44,generator_specific,0,0,1,,,test2_golden,0,0.767,cxx_add_to_sub:/mnt/scratch1/ardi/dsl_mut/HM-armc/mutation/lowered-cpp/stencil_chain/stencil_chain.halide_generated.cpp:7276:44
stencil_chain,cxx_default_on_emitted_cpp,5eb72c8d,10,14,cxx_add_to_sub,stencil_chain.halide_generated.cpp,5916,38,generator_specific,0,0,1,,,test2_golden,0,1.145,cxx_add_to_sub:/mnt/scratch1/ardi/dsl_mut/HM-armc/mutation/lowered-cpp/stencil_chain/stencil_chain.halide_generated.cpp:5916:38
stencil_chain,cxx_default_on_emitted_cpp,5eb72c8d,10,14,cxx_remove_void_call,stencil_chain.halide_generated.cpp,8163,22,generator_specific,0,0,1,,,test2_golden,0,0.716,cxx_remove_void_call:/mnt/scratch1/ardi/dsl_mut/HM-armc/mutation/lowered-cpp/stencil_chain/stencil_chain.halide_generated.cpp:8163:22
stencil_chain,cxx_default_on_emitted_cpp,5eb72c8d,10,14,cxx_add_to_sub,stencil_chain.halide_generated.cpp,18914,29,generator_specific,0,0,1,,,test2_golden,0,0.783,cxx_add_to_sub:/mnt/scratch1/ardi/dsl_mut/HM-armc/mutation/lowered-cpp/stencil_chain/stencil_chain.halide_generated.cpp:18914:29
stencil_chain,cxx_default_on_emitted_cpp,5eb72c8d,10,14,cxx_add_to_sub,stencil_chain.halide_generated.cpp,5058,48,generator_specific,0,0,1,,,test2_golden,0,0.890,cxx_add_to_sub:/mnt/scratch1/ardi/dsl_mut/HM-armc/mutation/lowered-cpp/stencil_chain/stencil_chain.halide_generated.cpp:5058:48
stencil_chain,cxx_default_on_emitted_cpp,5eb72c8d,10,14,cxx_add_to_sub,stencil_chain.halide_generated.cpp,12427,40,generator_specific,0,0,1,,,test2_golden,0,0.894,cxx_add_to_sub:/mnt/scratch1/ardi/dsl_mut/HM-armc/mutation/lowered-cpp/stencil_chain/stencil_chain.halide_generated.cpp:12427:40
stencil_chain,cxx_default_on_emitted_cpp,5eb72c8d,10,14,cxx_sub_to_add,stencil_chain.halide_generated.cpp,18633,27,generator_specific,0,0,1,,,test2_golden,0,2.492,cxx_sub_to_add:/mnt/scratch1/ardi/dsl_mut/HM-armc/mutation/lowered-cpp/stencil_chain/stencil_chain.halide_generated.cpp:18633:27
stencil_chain,cxx_default_on_emitted_cpp,5eb72c8d,10,14,cxx_add_to_sub,stencil_chain.halide_generated.cpp,16948,44,generator_specific,0,0,1,,,test2_golden,0,0.775,cxx_add_to_sub:/mnt/scratch1/ardi/dsl_mut/HM-armc/mutation/lowered-cpp/stencil_chain/stencil_chain.halide_generated.cpp:16948:44
stencil_chain,cxx_default_on_emitted_cpp,5eb72c8d,10,14,cxx_post_inc_to_post_dec,stencil_chain.halide_generated.cpp,9810,89,generator_specific,-11,1,,,,test1_demo,0,0.544,cxx_post_inc_to_post_dec:/mnt/scratch1/ardi/dsl_mut/HM-armc/mutation/lowered-cpp/stencil_chain/stencil_chain.halide_generated.cpp:9810:89
stencil_chain,cxx_default_on_emitted_cpp,5eb72c8d,10,14,cxx_add_to_sub,stencil_chain.halide_generated.cpp,15298,41,generator_specific,0,0,1,,,test2_golden,0,0.929,cxx_add_to_sub:/mnt/scratch1/ardi/dsl_mut/HM-armc/mutation/lowered-cpp/stencil_chain/stencil_chain.halide_generated.cpp:15298:41
stencil_chain,cxx_default_on_emitted_cpp,5eb72c8d,10,14,cxx_add_to_sub,stencil_chain.halide_generated.cpp,11877,42,generator_specific,0,0,1,,,test2_golden,0,0.950,cxx_add_to_sub:/mnt/scratch1/ardi/dsl_mut/HM-armc/mutation/lowered-cpp/stencil_chain/stencil_chain.halide_generated.cpp:11877:42
stencil_chain,cxx_default_on_emitted_cpp,5eb72c8d,10,14,cxx_mul_to_div,stencil_chain.halide_generated.cpp,8258,47,generator_specific,0,0,1,,,test2_golden,0,2.404,cxx_mul_to_div:/mnt/scratch1/ardi/dsl_mut/HM-armc/mutation/lowered-cpp/stencil_chain/stencil_chain.halide_generated.cpp:8258:47
stencil_chain,cxx_default_on_emitted_cpp,5eb72c8d,10,14,cxx_remove_void_call,stencil_chain.halide_generated.cpp,12232,17,generator_specific,0,0,1,,,test2_golden,0,0.623,cxx_remove_void_call:/mnt/scratch1/ardi/dsl_mut/HM-armc/mutation/lowered-cpp/stencil_chain/stencil_chain.halide_generated.cpp:12232:17
stencil_chain,cxx_default_on_emitted_cpp,5eb72c8d,10,14,cxx_add_to_sub,stencil_chain.halide_generated.cpp,6230,41,generator_specific,0,0,1,,,test2_golden,0,1.157,cxx_add_to_sub:/mnt/scratch1/ardi/dsl_mut/HM-armc/mutation/lowered-cpp/stencil_chain/stencil_chain.halide_generated.cpp:6230:41
stencil_chain,cxx_default_on_emitted_cpp,5eb72c8d,10,14,cxx_mul_to_div,stencil_chain.halide_generated.cpp,15847,41,generator_specific,0,0,1,,,test2_golden,0,0.764,cxx_mul_to_div:/mnt/scratch1/ardi/dsl_mut/HM-armc/mutation/lowered-cpp/stencil_chain/stencil_chain.halide_generated.cpp:15847:41
stencil_chain,cxx_default_on_emitted_cpp,5eb72c8d,10,14,cxx_add_to_sub,stencil_chain.halide_generated.cpp,12650,39,generator_specific,0,0,1,,,test2_golden,0,0.829,cxx_add_to_sub:/mnt/scratch1/ardi/dsl_mut/HM-armc/mutation/lowered-cpp/stencil_chain/stencil_chain.halide_generated.cpp:12650:39
stencil_chain,cxx_default_on_emitted_cpp,5eb72c8d,10,14,cxx_add_to_sub,stencil_chain.halide_generated.cpp,5890,40,generator_specific,0,0,1,,,test2_golden,0,0.844,cxx_add_to_sub:/mnt/scratch1/ardi/dsl_mut/HM-armc/mutation/lowered-cpp/stencil_chain/stencil_chain.halide_generated.cpp:5890:40
stencil_chain,cxx_default_on_emitted_cpp,5eb72c8d,10,14,cxx_add_to_sub,stencil_chain.halide_generated.cpp,6192,37,generator_specific,0,0,1,,,test2_golden,0,0.926,cxx_add_to_sub:/mnt/scratch1/ardi/dsl_mut/HM-armc/mutation/lowered-cpp/stencil_chain/stencil_chain.halide_generated.cpp:6192:37
stencil_chain,cxx_default_on_emitted_cpp,5eb72c8d,10,14,cxx_mul_to_div,stencil_chain.halide_generated.cpp,13993,49,generator_specific,0,0,1,,,test2_golden,0,0.963,cxx_mul_to_div:/mnt/scratch1/ardi/dsl_mut/HM-armc/mutation/lowered-cpp/stencil_chain/stencil_chain.halide_generated.cpp:13993:49
stencil_chain,cxx_default_on_emitted_cpp,5eb72c8d,10,14,cxx_add_to_sub,stencil_chain.halide_generated.cpp,13068,44,generator_specific,0,0,1,,,test2_golden,0,0.985,cxx_add_to_sub:/mnt/scratch1/ardi/dsl_mut/HM-armc/mutation/lowered-cpp/stencil_chain/stencil_chain.halide_generated.cpp:13068:44
stencil_chain,cxx_default_on_emitted_cpp,5eb72c8d,10,14,cxx_add_to_sub,stencil_chain.halide_generated.cpp,15334,39,generator_specific,0,0,1,,,test2_golden,0,0.911,cxx_add_to_sub:/mnt/scratch1/ardi/dsl_mut/HM-armc/mutation/lowered-cpp/stencil_chain/stencil_chain.halide_generated.cpp:15334:39
stencil_chain,cxx_default_on_emitted_cpp,5eb72c8d,10,14,cxx_add_to_sub,stencil_chain.halide_generated.cpp,12586,39,generator_specific,0,0,1,,,test2_golden,0,0.792,cxx_add_to_sub:/mnt/scratch1/ardi/dsl_mut/HM-armc/mutation/lowered-cpp/stencil_chain/stencil_chain.halide_generated.cpp:12586:39
stencil_chain,cxx_default_on_emitted_cpp,5eb72c8d,10,14,cxx_add_to_sub,stencil_chain.halide_generated.cpp,4361,42,generator_specific,0,0,1,,,test2_golden,0,0.828,cxx_add_to_sub:/mnt/scratch1/ardi/dsl_mut/HM-armc/mutation/lowered-cpp/stencil_chain/stencil_chain.halide_generated.cpp:4361:42
stencil_chain,cxx_default_on_emitted_cpp,5eb72c8d,10,14,cxx_mul_to_div,stencil_chain.halide_generated.cpp,12118,43,generator_specific,0,0,1,,,test2_golden,0,0.774,cxx_mul_to_div:/mnt/scratch1/ardi/dsl_mut/HM-armc/mutation/lowered-cpp/stencil_chain/stencil_chain.halide_generated.cpp:12118:43
stencil_chain,cxx_default_on_emitted_cpp,5eb72c8d,10,14,cxx_mul_to_div,stencil_chain.halide_generated.cpp,12923,41,generator_specific,0,0,1,,,test2_golden,0,0.765,cxx_mul_to_div:/mnt/scratch1/ardi/dsl_mut/HM-armc/mutation/lowered-cpp/stencil_chain/stencil_chain.halide_generated.cpp:12923:41
stencil_chain,cxx_default_on_emitted_cpp,5eb72c8d,10,14,cxx_mul_to_div,stencil_chain.halide_generated.cpp,17120,49,generator_specific,0,0,1,,,test2_golden,0,1.518,cxx_mul_to_div:/mnt/scratch1/ardi/dsl_mut/HM-armc/mutation/lowered-cpp/stencil_chain/stencil_chain.halide_generated.cpp:17120:49
stencil_chain,cxx_default_on_emitted_cpp,5eb72c8d,10,14,cxx_add_to_sub,stencil_chain.halide_generated.cpp,11185,40,generator_specific,0,0,1,,,test2_golden,0,0.921,cxx_add_to_sub:/mnt/scratch1/ardi/dsl_mut/HM-armc/mutation/lowered-cpp/stencil_chain/stencil_chain.halide_generated.cpp:11185:40
stencil_chain,cxx_default_on_emitted_cpp,5eb72c8d,10,14,cxx_add_to_sub,stencil_chain.halide_generated.cpp,13901,44,generator_specific,0,0,1,,,test2_golden,0,1.264,cxx_add_to_sub:/mnt/scratch1/ardi/dsl_mut/HM-armc/mutation/lowered-cpp/stencil_chain/stencil_chain.halide_generated.cpp:13901:44
stencil_chain,cxx_default_on_emitted_cpp,5eb72c8d,10,14,cxx_post_inc_to_post_dec,stencil_chain.halide_generated.cpp,13102,93,generator_specific,-11,1,,,,test1_demo,0,0.227,cxx_post_inc_to_post_dec:/mnt/scratch1/ardi/dsl_mut/HM-armc/mutation/lowered-cpp/stencil_chain/stencil_chain.halide_generated.cpp:13102:93
stencil_chain,cxx_default_on_emitted_cpp,5eb72c8d,10,14,cxx_add_to_sub,stencil_chain.halide_generated.cpp,17567,46,generator_specific,-11,1,,,,test1_demo,0,0.615,cxx_add_to_sub:/mnt/scratch1/ardi/dsl_mut/HM-armc/mutation/lowered-cpp/stencil_chain/stencil_chain.halide_generated.cpp:17567:46
stencil_chain,cxx_default_on_emitted_cpp,5eb72c8d,10,14,cxx_add_to_sub,stencil_chain.halide_generated.cpp,8662,48,generator_specific,0,0,1,,,test2_golden,0,1.122,cxx_add_to_sub:/mnt/scratch1/ardi/dsl_mut/HM-armc/mutation/lowered-cpp/stencil_chain/stencil_chain.halide_generated.cpp:8662:48
stencil_chain,cxx_default_on_emitted_cpp,5eb72c8d,10,14,cxx_add_to_sub,stencil_chain.halide_generated.cpp,12046,41,generator_specific,0,0,1,,,test2_golden,0,0.760,cxx_add_to_sub:/mnt/scratch1/ardi/dsl_mut/HM-armc/mutation/lowered-cpp/stencil_chain/stencil_chain.halide_generated.cpp:12046:41
stencil_chain,cxx_default_on_emitted_cpp,5eb72c8d,10,14,cxx_add_to_sub,stencil_chain.halide_generated.cpp,6576,42,generator_specific,0,0,1,,,test2_golden,0,1.270,cxx_add_to_sub:/mnt/scratch1/ardi/dsl_mut/HM-armc/mutation/lowered-cpp/stencil_chain/stencil_chain.halide_generated.cpp:6576:42
stencil_chain,cxx_default_on_emitted_cpp,5eb72c8d,10,14,cxx_add_to_sub,stencil_chain.halide_generated.cpp,15248,37,generator_specific,0,0,1,,,test2_golden,0,0.950,cxx_add_to_sub:/mnt/scratch1/ardi/dsl_mut/HM-armc/mutation/lowered-cpp/stencil_chain/stencil_chain.halide_generated.cpp:15248:37
stencil_chain,cxx_default_on_emitted_cpp,5eb72c8d,10,14,cxx_add_to_sub,stencil_chain.halide_generated.cpp,15560,38,generator_specific,0,0,1,,,test2_golden,0,0.778,cxx_add_to_sub:/mnt/scratch1/ardi/dsl_mut/HM-armc/mutation/lowered-cpp/stencil_chain/stencil_chain.halide_generated.cpp:15560:38
stencil_chain,cxx_default_on_emitted_cpp,5eb72c8d,10,14,cxx_add_to_sub,stencil_chain.halide_generated.cpp,18761,27,generator_specific,0,0,0,,,,0,1.097,cxx_add_to_sub:/mnt/scratch1/ardi/dsl_mut/HM-armc/mutation/lowered-cpp/stencil_chain/stencil_chain.halide_generated.cpp:18761:27
stencil_chain,cxx_default_on_emitted_cpp,5eb72c8d,10,14,cxx_add_to_sub,stencil_chain.halide_generated.cpp,5672,37,generator_specific,0,0,1,,,test2_golden,0,0.795,cxx_add_to_sub:/mnt/scratch1/ardi/dsl_mut/HM-armc/mutation/lowered-cpp/stencil_chain/stencil_chain.halide_generated.cpp:5672:37
stencil_chain,cxx_default_on_emitted_cpp,5eb72c8d,10,14,cxx_add_to_sub,stencil_chain.halide_generated.cpp,8154,48,generator_specific,0,0,1,,,test2_golden,0,0.817,cxx_add_to_sub:/mnt/scratch1/ardi/dsl_mut/HM-armc/mutation/lowered-cpp/stencil_chain/stencil_chain.halide_generated.cpp:8154:48
stencil_chain,cxx_default_on_emitted_cpp,5eb72c8d,10,14,cxx_mul_to_div,stencil_chain.halide_generated.cpp,5290,60,generator_specific,0,0,1,,,test2_golden,0,0.810,cxx_mul_to_div:/mnt/scratch1/ardi/dsl_mut/HM-armc/mutation/lowered-cpp/stencil_chain/stencil_chain.halide_generated.cpp:5290:60
stencil_chain,cxx_default_on_emitted_cpp,5eb72c8d,10,14,cxx_add_to_sub,stencil_chain.halide_generated.cpp,8881,45,generator_specific,0,0,1,,,test2_golden,0,1.280,cxx_add_to_sub:/mnt/scratch1/ardi/dsl_mut/HM-armc/mutation/lowered-cpp/stencil_chain/stencil_chain.halide_generated.cpp:8881:45
stencil_chain,cxx_default_on_emitted_cpp,5eb72c8d,10,14,cxx_add_to_sub,stencil_chain.halide_generated.cpp,17950,46,generator_specific,0,0,1,,,test2_golden,0,0.838,cxx_add_to_sub:/mnt/scratch1/ardi/dsl_mut/HM-armc/mutation/lowered-cpp/stencil_chain/stencil_chain.halide_generated.cpp:17950:46
stencil_chain,cxx_default_on_emitted_cpp,5eb72c8d,10,14,cxx_add_to_sub,stencil_chain.halide_generated.cpp,3627,31,generator_specific,0,0,0,,,,0,0.817,cxx_add_to_sub:/mnt/scratch1/ardi/dsl_mut/HM-armc/mutation/lowered-cpp/stencil_chain/stencil_chain.halide_generated.cpp:3627:31
stencil_chain,cxx_default_on_emitted_cpp,5eb72c8d,10,14,cxx_add_to_sub,stencil_chain.halide_generated.cpp,14357,46,generator_specific,0,0,1,,,test2_golden,0,1.244,cxx_add_to_sub:/mnt/scratch1/ardi/dsl_mut/HM-armc/mutation/lowered-cpp/stencil_chain/stencil_chain.halide_generated.cpp:14357:46
stencil_chain,cxx_default_on_emitted_cpp,5eb72c8d,10,14,cxx_mul_to_div,stencil_chain.halide_generated.cpp,7774,47,generator_specific,0,0,1,,,test2_golden,0,1.134,cxx_mul_to_div:/mnt/scratch1/ardi/dsl_mut/HM-armc/mutation/lowered-cpp/stencil_chain/stencil_chain.halide_generated.cpp:7774:47
stencil_chain,cxx_default_on_emitted_cpp,5eb72c8d,10,14,cxx_mul_to_div,stencil_chain.halide_generated.cpp,13938,48,generator_specific,0,0,1,,,test2_golden,0,0.831,cxx_mul_to_div:/mnt/scratch1/ardi/dsl_mut/HM-armc/mutation/lowered-cpp/stencil_chain/stencil_chain.halide_generated.cpp:13938:48
stencil_chain,cxx_default_on_emitted_cpp,5eb72c8d,10,14,cxx_mul_to_div,stencil_chain.halide_generated.cpp,6033,42,generator_specific,0,0,1,,,test2_golden,0,2.305,cxx_mul_to_div:/mnt/scratch1/ardi/dsl_mut/HM-armc/mutation/lowered-cpp/stencil_chain/stencil_chain.halide_generated.cpp:6033:42
stencil_chain,cxx_default_on_emitted_cpp,5eb72c8d,10,14,cxx_add_to_sub,stencil_chain.halide_generated.cpp,5275,45,generator_specific,0,0,1,,,test2_golden,0,0.778,cxx_add_to_sub:/mnt/scratch1/ardi/dsl_mut/HM-armc/mutation/lowered-cpp/stencil_chain/stencil_chain.halide_generated.cpp:5275:45
stencil_chain,cxx_default_on_emitted_cpp,5eb72c8d,10,14,cxx_mul_to_div,stencil_chain.halide_generated.cpp,9534,43,generator_specific,0,0,1,,,test2_golden,0,0.927,cxx_mul_to_div:/mnt/scratch1/ardi/dsl_mut/HM-armc/mutation/lowered-cpp/stencil_chain/stencil_chain.halide_generated.cpp:9534:43
stencil_chain,cxx_default_on_emitted_cpp,5eb72c8d,10,14,cxx_add_to_sub,stencil_chain.halide_generated.cpp,14566,48,generator_specific,0,0,1,,,test2_golden,0,0.781,cxx_add_to_sub:/mnt/scratch1/ardi/dsl_mut/HM-armc/mutation/lowered-cpp/stencil_chain/stencil_chain.halide_generated.cpp:14566:48
stencil_chain,cxx_default_on_emitted_cpp,5eb72c8d,10,14,cxx_add_to_sub,stencil_chain.halide_generated.cpp,10144,46,generator_specific,0,0,1,,,test2_golden,0,1.296,cxx_add_to_sub:/mnt/scratch1/ardi/dsl_mut/HM-armc/mutation/lowered-cpp/stencil_chain/stencil_chain.halide_generated.cpp:10144:46
stencil_chain,cxx_default_on_emitted_cpp,5eb72c8d,10,14,cxx_add_to_sub,stencil_chain.halide_generated.cpp,7776,43,generator_specific,0,0,1,,,test2_golden,0,0.946,cxx_add_to_sub:/mnt/scratch1/ardi/dsl_mut/HM-armc/mutation/lowered-cpp/stencil_chain/stencil_chain.halide_generated.cpp:7776:43
stencil_chain,cxx_default_on_emitted_cpp,5eb72c8d,10,14,cxx_add_to_sub,stencil_chain.halide_generated.cpp,7617,45,generator_specific,0,0,1,,,test2_golden,0,0.901,cxx_add_to_sub:/mnt/scratch1/ardi/dsl_mut/HM-armc/mutation/lowered-cpp/stencil_chain/stencil_chain.halide_generated.cpp:7617:45
stencil_chain,cxx_default_on_emitted_cpp,5eb72c8d,10,14,cxx_add_to_sub,stencil_chain.halide_generated.cpp,11233,35,generator_specific,0,0,1,,,test2_golden,0,1.388,cxx_add_to_sub:/mnt/scratch1/ardi/dsl_mut/HM-armc/mutation/lowered-cpp/stencil_chain/stencil_chain.halide_generated.cpp:11233:35
stencil_chain,cxx_default_on_emitted_cpp,5eb72c8d,10,14,cxx_add_to_sub,stencil_chain.halide_generated.cpp,9376,38,generator_specific,0,0,1,,,test2_golden,0,0.966,cxx_add_to_sub:/mnt/scratch1/ardi/dsl_mut/HM-armc/mutation/lowered-cpp/stencil_chain/stencil_chain.halide_generated.cpp:9376:38
stencil_chain,cxx_default_on_emitted_cpp,5eb72c8d,10,14,cxx_add_to_sub,stencil_chain.halide_generated.cpp,10606,45,generator_specific,0,0,1,,,test2_golden,0,0.771,cxx_add_to_sub:/mnt/scratch1/ardi/dsl_mut/HM-armc/mutation/lowered-cpp/stencil_chain/stencil_chain.halide_generated.cpp:10606:45
stencil_chain,cxx_default_on_emitted_cpp,5eb72c8d,10,14,cxx_sub_to_add,stencil_chain.halide_generated.cpp,4558,40,generator_specific,0,0,1,,,test2_golden,0,0.888,cxx_sub_to_add:/mnt/scratch1/ardi/dsl_mut/HM-armc/mutation/lowered-cpp/stencil_chain/stencil_chain.halide_generated.cpp:4558:40
stencil_chain,cxx_default_on_emitted_cpp,5eb72c8d,10,14,cxx_mul_to_div,stencil_chain.halide_generated.cpp,9844,45,generator_specific,0,0,1,,,test2_golden,0,0.748,cxx_mul_to_div:/mnt/scratch1/ardi/dsl_mut/HM-armc/mutation/lowered-cpp/stencil_chain/stencil_chain.halide_generated.cpp:9844:45
stencil_chain,cxx_default_on_emitted_cpp,5eb72c8d,10,14,cxx_add_to_sub,stencil_chain.halide_generated.cpp,5012,44,generator_specific,0,0,1,,,test2_golden,0,1.401,cxx_add_to_sub:/mnt/scratch1/ardi/dsl_mut/HM-armc/mutation/lowered-cpp/stencil_chain/stencil_chain.halide_generated.cpp:5012:44
stencil_chain,cxx_default_on_emitted_cpp,5eb72c8d,10,14,cxx_mul_to_div,stencil_chain.halide_generated.cpp,12897,45,generator_specific,0,0,1,,,test2_golden,0,0.869,cxx_mul_to_div:/mnt/scratch1/ardi/dsl_mut/HM-armc/mutation/lowered-cpp/stencil_chain/stencil_chain.halide_generated.cpp:12897:45
stencil_chain,cxx_default_on_emitted_cpp,5eb72c8d,10,14,cxx_add_to_sub,stencil_chain.halide_generated.cpp,4212,38,generator_specific,0,0,1,,,test2_golden,0,0.759,cxx_add_to_sub:/mnt/scratch1/ardi/dsl_mut/HM-armc/mutation/lowered-cpp/stencil_chain/stencil_chain.halide_generated.cpp:4212:38
stencil_chain,cxx_default_on_emitted_cpp,5eb72c8d,10,14,cxx_add_to_sub,stencil_chain.halide_generated.cpp,18248,52,generator_specific,0,0,1,,,test2_golden,0,1.313,cxx_add_to_sub:/mnt/scratch1/ardi/dsl_mut/HM-armc/mutation/lowered-cpp/stencil_chain/stencil_chain.halide_generated.cpp:18248:52
stencil_chain,cxx_default_on_emitted_cpp,5eb72c8d,10,14,cxx_mul_to_div,stencil_chain.halide_generated.cpp,9439,38,generator_specific,0,0,1,,,test2_golden,0,0.887,cxx_mul_to_div:/mnt/scratch1/ardi/dsl_mut/HM-armc/mutation/lowered-cpp/stencil_chain/stencil_chain.halide_generated.cpp:9439:38
stencil_chain,cxx_default_on_emitted_cpp,5eb72c8d,10,14,cxx_mul_to_div,stencil_chain.halide_generated.cpp,12498,44,generator_specific,0,0,1,,,test2_golden,0,0.733,cxx_mul_to_div:/mnt/scratch1/ardi/dsl_mut/HM-armc/mutation/lowered-cpp/stencil_chain/stencil_chain.halide_generated.cpp:12498:44
stencil_chain,cxx_default_on_emitted_cpp,5eb72c8d,10,14,cxx_add_to_sub,stencil_chain.halide_generated.cpp,18401,26,generator_specific,0,0,0,,,,0,0.751,cxx_add_to_sub:/mnt/scratch1/ardi/dsl_mut/HM-armc/mutation/lowered-cpp/stencil_chain/stencil_chain.halide_generated.cpp:18401:26
stencil_chain,cxx_default_on_emitted_cpp,5eb72c8d,10,14,cxx_add_to_sub,stencil_chain.halide_generated.cpp,17560,50,generator_specific,0,0,1,,,test2_golden,0,1.273,cxx_add_to_sub:/mnt/scratch1/ardi/dsl_mut/HM-armc/mutation/lowered-cpp/stencil_chain/stencil_chain.halide_generated.cpp:17560:50
stencil_chain,cxx_default_on_emitted_cpp,5eb72c8d,10,14,cxx_lt_to_le,stencil_chain.halide_generated.cpp,9990,65,generator_specific,0,0,0,,,,0,0.749,cxx_lt_to_le:/mnt/scratch1/ardi/dsl_mut/HM-armc/mutation/lowered-cpp/stencil_chain/stencil_chain.halide_generated.cpp:9990:65
stencil_chain,cxx_default_on_emitted_cpp,5eb72c8d,10,14,cxx_add_to_sub,stencil_chain.halide_generated.cpp,9553,39,generator_specific,0,0,1,,,test2_golden,0,1.167,cxx_add_to_sub:/mnt/scratch1/ardi/dsl_mut/HM-armc/mutation/lowered-cpp/stencil_chain/stencil_chain.halide_generated.cpp:9553:39
stencil_chain,cxx_default_on_emitted_cpp,5eb72c8d,10,14,cxx_add_to_sub,stencil_chain.halide_generated.cpp,11722,38,generator_specific,0,0,1,,,test2_golden,0,1.182,cxx_add_to_sub:/mnt/scratch1/ardi/dsl_mut/HM-armc/mutation/lowered-cpp/stencil_chain/stencil_chain.halide_generated.cpp:11722:38
stencil_chain,cxx_default_on_emitted_cpp,5eb72c8d,10,14,cxx_mul_to_div,stencil_chain.halide_generated.cpp,12886,45,generator_specific,0,0,1,,,test2_golden,0,0.882,cxx_mul_to_div:/mnt/scratch1/ardi/dsl_mut/HM-armc/mutation/lowered-cpp/stencil_chain/stencil_chain.halide_generated.cpp:12886:45
stencil_chain,cxx_default_on_emitted_cpp,5eb72c8d,10,14,cxx_le_to_gt,stencil_chain.halide_generated.cpp,10705,40,generator_specific,0,0,1,,,test2_golden,0,0.973,cxx_le_to_gt:/mnt/scratch1/ardi/dsl_mut/HM-armc/mutation/lowered-cpp/stencil_chain/stencil_chain.halide_generated.cpp:10705:40
stencil_chain,cxx_default_on_emitted_cpp,5eb72c8d,10,14,cxx_add_to_sub,stencil_chain.halide_generated.cpp,13774,46,generator_specific,0,0,1,,,test2_golden,0,0.846,cxx_add_to_sub:/mnt/scratch1/ardi/dsl_mut/HM-armc/mutation/lowered-cpp/stencil_chain/stencil_chain.halide_generated.cpp:13774:46
stencil_chain,cxx_default_on_emitted_cpp,5eb72c8d,10,14,cxx_add_to_sub,stencil_chain.halide_generated.cpp,14217,47,generator_specific,0,0,1,,,test2_golden,0,0.864,cxx_add_to_sub:/mnt/scratch1/ardi/dsl_mut/HM-armc/mutation/lowered-cpp/stencil_chain/stencil_chain.halide_generated.cpp:14217:47
stencil_chain,cxx_default_on_emitted_cpp,5eb72c8d,10,14,cxx_replace_scalar_call,stencil_chain.halide_generated.cpp,3628,27,generator_specific,0,0,0,,,,0,1.068,cxx_replace_scalar_call:/mnt/scratch1/ardi/dsl_mut/HM-armc/mutation/lowered-cpp/stencil_chain/stencil_chain.halide_generated.cpp:3628:27
stencil_chain,cxx_default_on_emitted_cpp,5eb72c8d,10,14,cxx_add_to_sub,stencil_chain.halide_generated.cpp,4961,44,generator_specific,0,0,1,,,test2_golden,0,1.089,cxx_add_to_sub:/mnt/scratch1/ardi/dsl_mut/HM-armc/mutation/lowered-cpp/stencil_chain/stencil_chain.halide_generated.cpp:4961:44
stencil_chain,cxx_default_on_emitted_cpp,5eb72c8d,10,14,cxx_add_to_sub,stencil_chain.halide_generated.cpp,17214,49,generator_specific,0,0,1,,,test2_golden,0,1.039,cxx_add_to_sub:/mnt/scratch1/ardi/dsl_mut/HM-armc/mutation/lowered-cpp/stencil_chain/stencil_chain.halide_generated.cpp:17214:49
