app,arm,mull_commit,slice_index,slice_count,mutator,file,line,column,region,exit_code,test1_demo,test2_golden,test2_written,test3_perf,killed_by,timed_out,wall_seconds,mutant_key
stencil_chain,cxx_default_on_emitted_cpp,5eb72c8d,0,14,cxx_add_to_sub,stencil_chain.halide_generated.cpp,15474,43,generator_specific,0,0,1,,,test2_golden,0,0.747,cxx_add_to_sub:/mnt/scratch1/ardi/dsl_mut/HM-armc/mutation/lowered-cpp/stencil_chain/stencil_chain.halide_generated.cpp:15474:43
stencil_chain,cxx_default_on_emitted_cpp,5eb72c8d,0,14,cxx_add_to_sub,stencil_chain.halide_generated.cpp,15372,39,generator_specific,0,0,1,,,test2_golden,0,0.752,cxx_add_to_sub:/mnt/scratch1/ardi/dsl_mut/HM-armc/mutation/lowered-cpp/stencil_chain/stencil_chain.halide_generated.cpp:15372:39
stencil_chain,cxx_default_on_emitted_cpp,5eb72c8d,0,14,cxx_mul_to_div,stencil_chain.halide_generated.cpp,3755,39,generator_specific,0,0,1,,,test2_golden,0,0.754,cxx_mul_to_div:/mnt/scratch1/ardi/dsl_mut/HM-armc/mutation/lowered-cpp/stencil_chain/stencil_chain.halide_generated.cpp:3755:39
stencil_chain,cxx_default_on_emitted_cpp,5eb72c8d,0,14,cxx_add_to_sub,stencil_chain.halide_generated.cpp,17544,50,generator_specific,0,0,1,,,test2_golden,0,0.754,cxx_add_to_sub:/mnt/scratch1/ardi/dsl_mut/HM-armc/mutation/lowered-cpp/stencil_chain/stencil_chain.halide_generated.cpp:17544:50
stencil_chain,cxx_default_on_emitted_cpp,5eb72c8d,0,14,cxx_add_to_sub,stencil_chain.halide_generated.cpp,10686,49,generator_specific,0,0,1,,,test2_golden,0,0.755,cxx_add_to_sub:/mnt/scratch1/ardi/dsl_mut/HM-armc/mutation/lowered-cpp/stencil_chain/stencil_chain.halide_generated.cpp:10686:49
stencil_chain,cxx_default_on_emitted_cpp,5eb72c8d,0,14,cxx_add_to_sub,stencil_chain.halide_generated.cpp,11947,37,generator_specific,0,0,1,,,test2_golden,0,0.755,cxx_add_to_sub:/mnt/scratch1/ardi/dsl_mut/HM-armc/mutation/lowered-cpp/stencil_chain/stencil_chain.halide_generated.cpp:11947:37
stencil_chain,cxx_default_on_emitted_cpp,5eb72c8d,0,14,cxx_add_to_sub,stencil_chain.halide_generated.cpp,3728,35,generator_specific,0,0,1,,,test2_golden,0,0.753,cxx_add_to_sub:/mnt/scratch1/ardi/dsl_mut/HM-armc/mutation/lowered-cpp/stencil_chain/stencil_chain.halide_generated.cpp:3728:35
stencil_chain,cxx_default_on_emitted_cpp,5eb72c8d,0,14,cxx_add_to_sub,stencil_chain.halide_generated.cpp,3648,34,generator_specific,0,0,1,,,test2_golden,0,0.755,cxx_add_to_sub:/mnt/scratch1/ardi/dsl_mut/HM-armc/mutation/lowered-cpp/stencil_chain/stencil_chain.halide_generated.cpp:3648:34
stencil_chain,cxx_default_on_emitted_cpp,5eb72c8d,0,14,cxx_add_to_sub,stencil_chain.halide_generated.cpp,12939,40,generator_specific,0,0,1,,,test2_golden,0,0.768,cxx_add_to_sub:/mnt/scratch1/ardi/dsl_mut/HM-armc/mutation/lowered-cpp/stencil_chain/stencil_chain.halide_generated.cpp:12939:40
stencil_chain,cxx_default_on_emitted_cpp,5eb72c8d,0,14,cxx_mul_to_div,stencil_chain.halide_generated.cpp,14675,47,generator_specific,0,0,1,,,test2_golden,0,0.769,cxx_mul_to_div:/mnt/scratch1/ardi/dsl_mut/HM-armc/mutation/lowered-cpp/stencil_chain/stencil_chain.halide_generated.cpp:14675:47
stencil_chain,cxx_default_on_emitted_cpp,5eb72c8d,0,14,cxx_add_to_sub,stencil_chain.halide_generated.cpp,16422,41,generator_specific,0,0,1,,,test2_golden,0,0.771,cxx_add_to_sub:/mnt/scratch1/ardi/dsl_mut/HM-armc/mutation/lowered-cpp/stencil_chain/stencil_chain.halide_generated.cpp:16422:41
stencil_chain,cxx_default_on_emitted_cpp,5eb72c8d,0,14,cxx_mul_to_div,stencil_chain.halide_generated.cpp,10215,47,generator_specific,0,0,1,,,test2_golden,0,0.768,cxx_mul_to_div:/mnt/scratch1/ardi/dsl_mut/HM-armc/mutation/lowered-cpp/stencil_chain/stencil_chain.halide_generated.cpp:10215:47
stencil_chain,cxx_default_on_emitted_cpp,5eb72c8d,0,14,cxx_mul_to_div,stencil_chain.halide_generated.cpp,13588,47,generator_specific,0,0,1,,,test2_golden,0,0.770,cxx_mul_to_div:/mnt/scratch1/ardi/dsl_mut/HM-armc/mutation/lowered-cpp/stencil_chain/stencil_chain.halide_generated.cpp:13588:47
stencil_chain,cxx_default_on_emitted_cpp,5eb72c8d,0,14,cxx_mul_to_div,stencil_chain.halide_generated.cpp,7883,46,generator_specific,0,0,1,,,test2_golden,0,0.777,cxx_mul_to_div:/mnt/scratch1/ardi/dsl_mut/HM-armc/mutation/lowered-cpp/stencil_chain/stencil_chain.halide_generated.cpp:7883:46
stencil_chain,cxx_default_on_emitted_cpp,5eb72c8d,0,14,cxx_mul_to_div,stencil_chain.halide_generated.cpp,3635,50,generator_specific,0,0,1,,,test2_golden,0,0.793,cxx_mul_to_div:/mnt/scratch1/ardi/dsl_mut/HM-armc/mutation/lowered-cpp/stencil_chain/stencil_chain.halide_generated.cpp:3635:50
stencil_chain,cxx_default_on_emitted_cpp,5eb72c8d,0,14,cxx_mul_to_div,stencil_chain.halide_generated.cpp,10295,47,generator_specific,0,0,1,,,test2_golden,0,0.835,cxx_mul_to_div:/mnt/scratch1/ardi/dsl_mut/HM-armc/mutation/lowered-cpp/stencil_chain/stencil_chain.halide_generated.cpp:10295:47
stencil_chain,cxx_default_on_emitted_cpp,5eb72c8d,0,14,cxx_add_to_sub,stencil_chain.halide_generated.cpp,4887,47,generator_specific,0,0,1,,,test2_golden,0,0.851,cxx_add_to_sub:/mnt/scratch1/ardi/dsl_mut/HM-armc/mutation/lowered-cpp/stencil_chain/stencil_chain.halide_generated.cpp:4887:47
stencil_chain,cxx_default_on_emitted_cpp,5eb72c8d,0,14,cxx_add_to_sub,stencil_chain.halide_generated.cpp,15506,38,generator_specific,0,0,1,,,test2_golden,0,0.870,cxx_add_to_sub:/mnt/scratch1/ardi/dsl_mut/HM-armc/mutation/lowered-cpp/stencil_chain/stencil_chain.halide_generated.cpp:15506:38
stencil_chain,cxx_default_on_emitted_cpp,5eb72c8d,0,14,cxx_add_to_sub,stencil_chain.halide_generated.cpp,5641,37,generator_specific,0,0,1,,,test2_golden,0,0.874,cxx_add_to_sub:/mnt/scratch1/ardi/dsl_mut/HM-armc/mutation/lowered-cpp/stencil_chain/stencil_chain.halide_generated.cpp:5641:37
stencil_chain,cxx_default_on_emitted_cpp,5eb72c8d,0,14,cxx_mul_to_div,stencil_chain.halide_generated.cpp,16428,45,generator_specific,0,0,1,,,test2_golden,0,0.887,cxx_mul_to_div:/mnt/scratch1/ardi/dsl_mut/HM-armc/mutation/lowered-cpp/stencil_chain/stencil_chain.halide_generated.cpp:16428:45
stencil_chain,cxx_default_on_emitted_cpp,5eb72c8d,0,14,cxx_add_to_sub,stencil_chain.halide_generated.cpp,14555,48,generator_specific,0,0,1,,,test2_golden,0,0.742,cxx_add_to_sub:/mnt/scratch1/ardi/dsl_mut/HM-armc/mutation/lowered-cpp/stencil_chain/stencil_chain.halide_generated.cpp:14555:48
stencil_chain,cxx_default_on_emitted_cpp,5eb72c8d,0,14,cxx_add_to_sub,stencil_chain.halide_generated.cpp,12681,39,generator_specific,0,0,1,,,test2_golden,0,0.742,cxx_add_to_sub:/mnt/scratch1/ardi/dsl_mut/HM-armc/mutation/lowered-cpp/stencil_chain/stencil_chain.halide_generated.cpp:12681:39
stencil_chain,cxx_default_on_emitted_cpp,5eb72c8d,0,14,cxx_add_to_sub,stencil_chain.halide_generated.cpp,12559,44,generator_specific,0,0,1,,,test2_golden,0,0.743,cxx_add_to_sub:/mnt/scratch1/ardi/dsl_mut/HM-armc/mutation/lowered-cpp/stencil_chain/stencil_chain.halide_generated.cpp:12559:44
stencil_chain,cxx_default_on_emitted_cpp,5eb72c8d,0,14,cxx_add_to_sub,stencil_chain.halide_generated.cpp,13929,44,generator_specific,0,0,1,,,test2_golden,0,0.745,cxx_add_to_sub:/mnt/scratch1/ardi/dsl_mut/HM-armc/mutation/lowered-cpp/stencil_chain/stencil_chain.halide_generated.cpp:13929:44
stencil_chain,cxx_default_on_emitted_cpp,5eb72c8d,0,14,cxx_add_to_sub,stencil_chain.halide_generated.cpp,4274,38,generator_specific,0,0,1,,,test2_golden,0,0.742,cxx_add_to_sub:/mnt/scratch1/ardi/dsl_mut/HM-armc/mutation/lowered-cpp/stencil_chain/stencil_chain.halide_generated.cpp:4274:38
stencil_chain,cxx_default_on_emitted_cpp,5eb72c8d,0,14,cxx_replace_scalar_call,stencil_chain.halide_generated.cpp,18384,19,generator_specific,0,0,0,,,,0,0.740,cxx_replace_scalar_call:/mnt/scratch1/ardi/dsl_mut/HM-armc/mutation/lowered-cpp/stencil_chain/stencil_chain.halide_generated.cpp:18384:19
stencil_chain,cxx_default_on_emitted_cpp,5eb72c8d,0,14,cxx_add_to_sub,stencil_chain.halide_generated.cpp,5067,48,generator_specific,0,0,1,,,test2_golden,0,0.759,cxx_add_to_sub:/mnt/scratch1/ardi/dsl_mut/HM-armc/mutation/lowered-cpp/stencil_chain/stencil_chain.halide_generated.cpp:5067:48
stencil_chain,cxx_default_on_emitted_cpp,5eb72c8d,0,14,cxx_add_to_sub,stencil_chain.halide_generated.cpp,12226,43,generator_specific,0,0,1,,,test2_golden,0,0.741,cxx_add_to_sub:/mnt/scratch1/ardi/dsl_mut/HM-armc/mutation/lowered-cpp/stencil_chain/stencil_chain.halide_generated.cpp:12226:43
stencil_chain,cxx_default_on_emitted_cpp,5eb72c8d,0,14,cxx_add_to_sub,stencil_chain.halide_generated.cpp,4574,40,generator_specific,0,0,0,,,,0,0.761,cxx_add_to_sub:/mnt/scratch1/ardi/dsl_mut/HM-armc/mutation/lowered-cpp/stencil_chain/stencil_chain.halide_generated.cpp:4574:40
stencil_chain,cxx_default_on_emitted_cpp,5eb72c8d,0,14,cxx_mul_to_div,stencil_chain.halide_generated.cpp,11733,38,generator_specific,0,0,1,,,test2_golden,0,0.759,cxx_mul_to_div:/mnt/scratch1/ardi/dsl_mut/HM-armc/mutation/lowered-cpp/stencil_chain/stencil_chain.halide_generated.cpp:11733:38
stencil_chain,cxx_default_on_emitted_cpp,5eb72c8d,0,14,cxx_le_to_lt,stencil_chain.halide_generated.cpp,5264,38,generator_specific,0,0,1,,,test2_golden,0,0.740,cxx_le_to_lt:/mnt/scratch1/ardi/dsl_mut/HM-armc/mutation/lowered-cpp/stencil_chain/stencil_chain.halide_generated.cpp:5264:38
stencil_chain,cxx_default_on_emitted_cpp,5eb72c8d,0,14,cxx_add_to_sub,stencil_chain.halide_generated.cpp,9242,41,generator_specific,0,0,1,,,test2_golden,0,0.759,cxx_add_to_sub:/mnt/scratch1/ardi/dsl_mut/HM-armc/mutation/lowered-cpp/stencil_chain/stencil_chain.halide_generated.cpp:9242:41
stencil_chain,cxx_default_on_emitted_cpp,5eb72c8d,0,14,cxx_add_to_sub,stencil_chain.halide_generated.cpp,11369,37,generator_specific,0,0,1,,,test2_golden,0,0.763,cxx_add_to_sub:/mnt/scratch1/ardi/dsl_mut/HM-armc/mutation/lowered-cpp/stencil_chain/stencil_chain.halide_generated.cpp:11369:37
stencil_chain,cxx_default_on_emitted_cpp,5eb72c8d,0,14,cxx_mul_to_div,stencil_chain.halide_generated.cpp,10483,48,generator_specific,0,0,1,,,test2_golden,0,0.737,cxx_mul_to_div:/mnt/scratch1/ardi/dsl_mut/HM-armc/mutation/lowered-cpp/stencil_chain/stencil_chain.halide_generated.cpp:10483:48
stencil_chain,cxx_default_on_emitted_cpp,5eb72c8d,0,14,cxx_add_to_sub,stencil_chain.halide_generated.cpp,6531,38,generator_specific,0,0,1,,,test2_golden,0,0.818,cxx_add_to_sub:/mnt/scratch1/ardi/dsl_mut/HM-armc/mutation/lowered-cpp/stencil_chain/stencil_chain.halide_generated.cpp:6531:38
stencil_chain,cxx_default_on_emitted_cpp,5eb72c8d,0,14,cxx_add_to_sub,stencil_chain.halide_generated.cpp,16852,46,generator_specific,0,0,1,,,test2_golden,0,0.834,cxx_add_to_sub:/mnt/scratch1/ardi/dsl_mut/HM-armc/mutation/lowered-cpp/stencil_chain/stencil_chain.halide_generated.cpp:16852:46
stencil_chain,cxx_default_on_emitted_cpp,5eb72c8d,0,14,cxx_add_to_sub,stencil_chain.halide_generated.cpp,11159,36,generator_specific,0,0,1,,,test2_golden,0,0.758,cxx_add_to_sub:/mnt/scratch1/ardi/dsl_mut/HM-armc/mutation/lowered-cpp/stencil_chain/stencil_chain.halide_generated.cpp:11159:36
stencil_chain,cxx_default_on_emitted_cpp,5eb72c8d,0,14,cxx_add_to_sub,stencil_chain.halide_generated.cpp,16473,41,generator_specific,0,0,1,,,test2_golden,0,0.805,cxx_add_to_sub:/mnt/scratch1/ardi/dsl_mut/HM-armc/mutation/lowered-cpp/stencil_chain/stencil_chain.halide_generated.cpp:16473:41
stencil_chain,cxx_default_on_emitted_cpp,5eb72c8d,0,14,cxx_add_to_sub,stencil_chain.halide_generated.cpp,7465,46,generator_specific,0,0,1,,,test2_golden,0,0.840,cxx_add_to_sub:/mnt/scratch1/ardi/dsl_mut/HM-armc/mutation/lowered-cpp/stencil_chain/stencil_chain.halide_generated.cpp:7465:46
stencil_chain,cxx_default_on_emitted_cpp,5eb72c8d,0,14,cxx_add_to_sub,stencil_chain.halide_generated.cpp,11038,36,generator_specific,0,0,1,,,test2_golden,0,0.897,cxx_add_to_sub:/mnt/scratch1/ardi/dsl_mut/HM-armc/mutation/lowered-cpp/stencil_chain/stencil_chain.halide_generated.cpp:11038:36
stencil_chain,cxx_default_on_emitted_cpp,5eb72c8d,0,14,cxx_add_to_sub,stencil_chain.halide_generated.cpp,17669,45,generator_specific,0,0,1,,,test2_golden,0,0.739,cxx_add_to_sub:/mnt/scratch1/ardi/dsl_mut/HM-armc/mutation/lowered-cpp/stencil_chain/stencil_chain.halide_generated.cpp:17669:45
stencil_chain,cxx_default_on_emitted_cpp,5eb72c8d,0,14,cxx_add_to_sub,stencil_chain.halide_generated.cpp,6590,42,generator_specific,0,0,1,,,test2_golden,0,0.738,cxx_add_to_sub:/mnt/scratch1/ardi/dsl_mut/HM-armc/mutation/lowered-cpp/stencil_chain/stencil_chain.halide_generated.cpp:6590:42
stencil_chain,cxx_default_on_emitted_cpp,5eb72c8d,0,14,cxx_add_to_sub,stencil_chain.halide_generated.cpp,16742,42,generator_specific,0,0,1,,,test2_golden,0,0.740,cxx_add_to_sub:/mnt/scratch1/ardi/dsl_mut/HM-armc/mutation/lowered-cpp/stencil_chain/stencil_chain.halide_generated.cpp:16742:42
stencil_chain,cxx_default_on_emitted_cpp,5eb72c8d,0,14,cxx_add_to_sub,stencil_chain.halide_generated.cpp,6047,38,generator_specific,0,0,1,,,test2_golden,0,0.739,cxx_add_to_sub:/mnt/scratch1/ardi/dsl_mut/HM-armc/mutation/lowered-cpp/stencil_chain/stencil_chain.halide_generated.cpp:6047:38
stencil_chain,cxx_default_on_emitted_cpp,5eb72c8d,0,14,cxx_add_to_sub,stencil_chain.halide_generated.cpp,6414,43,generator_specific,0,0,1,,,test2_golden,0,0.740,cxx_add_to_sub:/mnt/scratch1/ardi/dsl_mut/HM-armc/mutation/lowered-cpp/stencil_chain/stencil_chain.halide_generated.cpp:6414:43
stencil_chain,cxx_default_on_emitted_cpp,5eb72c8d,0,14,cxx_add_to_sub,stencil_chain.halide_generated.cpp,18077,50,generator_specific,0,0,1,,,test2_golden,0,0.759,cxx_add_to_sub:/mnt/scratch1/ardi/dsl_mut/HM-armc/mutation/lowered-cpp/stencil_chain/stencil_chain.halide_generated.cpp:18077:50
stencil_chain,cxx_default_on_emitted_cpp,5eb72c8d,0,14,cxx_add_to_sub,stencil_chain.halide_generated.cpp,9972,45,generator_specific,0,0,1,,,test2_golden,0,0.739,cxx_add_to_sub:/mnt/scratch1/ardi/dsl_mut/HM-armc/mutation/lowered-cpp/stencil_chain/stencil_chain.halide_generated.cpp:9972:45
stencil_chain,cxx_default_on_emitted_cpp,5eb72c8d,0,14,cxx_mul_to_div,stencil_chain.halide_generated.cpp,13557,47,generator_specific,0,0,1,,,test2_golden,0,0.740,cxx_mul_to_div:/mnt/scratch1/ardi/dsl_mut/HM-armc/mutation/lowered-cpp/stencil_chain/stencil_chain.halide_generated.cpp:13557:47
stencil_chain,cxx_default_on_emitted_cpp,5eb72c8d,0,14,cxx_mul_to_div,stencil_chain.halide_generated.cpp,16892,44,generator_specific,0,0,1,,,test2_golden,0,0.757,cxx_mul_to_div:/mnt/scratch1/ardi/dsl_mut/HM-armc/mutation/lowered-cpp/stencil_chain/stencil_chain.halide_generated.cpp:16892:44
stencil_chain,cxx_default_on_emitted_cpp,5eb72c8d,0,14,cxx_add_to_sub,stencil_chain.halide_generated.cpp,15478,43,generator_specific,0,0,1,,,test2_golden,0,0.760,cxx_add_to_sub:/mnt/scratch1/ardi/dsl_mut/HM-armc/mutation/lowered-cpp/stencil_chain/stencil_chain.halide_generated.cpp:15478:43
stencil_chain,cxx_default_on_emitted_cpp,5eb72c8d,0,14,cxx_mul_to_div,stencil_chain.halide_generated.cpp,18039,50,generator_specific,0,0,1,,,test2_golden,0,0.761,cxx_mul_to_div:/mnt/scratch1/ardi/dsl_mut/HM-armc/mutation/lowered-cpp/stencil_chain/stencil_chain.halide_generated.cpp:18039:50
stencil_chain,cxx_default_on_emitted_cpp,5eb72c8d,0,14,cxx_add_to_sub,stencil_chain.halide_generated.cpp,4002,40,generator_specific,0,0,1,,,test2_golden,0,0.738,cxx_add_to_sub:/mnt/scratch1/ardi/dsl_mut/HM-armc/mutation/lowered-cpp/stencil_chain/stencil_chain.halide_generated.cpp:4002:40
stencil_chain,cxx_default_on_emitted_cpp,5eb72c8d,0,14,cxx_add_to_sub,stencil_chain.halide_generated.cpp,6585,42,generator_specific,0,0,1,,,test2_golden,0,0.806,cxx_add_to_sub:/mnt/scratch1/ardi/dsl_mut/HM-armc/mutation/lowered-cpp/stencil_chain/stencil_chain.halide_generated.cpp:6585:42
stencil_chain,cxx_default_on_emitted_cpp,5eb72c8d,0,14,cxx_mul_to_div,stencil_chain.halide_generated.cpp,5010,48,generator_specific,0,0,1,,,test2_golden,0,0.739,cxx_mul_to_div:/mnt/scratch1/ardi/dsl_mut/HM-armc/mutation/lowered-cpp/stencil_chain/stencil_chain.halide_generated.cpp:5010:48
stencil_chain,cxx_default_on_emitted_cpp,5eb72c8d,0,14,cxx_add_to_sub,stencil_chain.halide_generated.cpp,8294,43,generator_specific,0,0,1,,,test2_golden,0,0.735,cxx_add_to_sub:/mnt/scratch1/ardi/dsl_mut/HM-armc/mutation/lowered-cpp/stencil_chain/stencil_chain.halide_generated.cpp:8294:43
stencil_chain,cxx_default_on_emitted_cpp,5eb72c8d,0,14,cxx_add_to_sub,stencil_chain.halide_generated.cpp,5433,50,generator_specific,0,0,1,,,test2_golden,0,0.813,cxx_add_to_sub:/mnt/scratch1/ardi/dsl_mut/HM-armc/mutation/lowered-cpp/stencil_chain/stencil_chain.halide_generated.cpp:5433:50
stencil_chain,cxx_default_on_emitted_cpp,5eb72c8d,0,14,cxx_replace_scalar_call,stencil_chain.halide_generated.cpp,18772,21,generator_specific,-11,1,,,,test1_demo,0,0.148,cxx_replace_scalar_call:/mnt/scratch1/ardi/dsl_mut/HM-armc/mutation/lowered-cpp/stencil_chain/stencil_chain.halide_generated.cpp:18772:21
stencil_chain,cxx_default_on_emitted_cpp,5eb72c8d,0,14,cxx_add_to_sub,stencil_chain.halide_generated.cpp,8013,44,generator_specific,0,0,1,,,test2_golden,0,0.851,cxx_add_to_sub:/mnt/scratch1/ardi/dsl_mut/HM-armc/mutation/lowered-cpp/stencil_chain/stencil_chain.halide_generated.cpp:8013:44
stencil_chain,cxx_default_on_emitted_cpp,5eb72c8d,0,14,cxx_add_to_sub,stencil_chain.halide_generated.cpp,14709,47,generator_specific,0,0,1,,,test2_golden,0,0.851,cxx_add_to_sub:/mnt/scratch1/ardi/dsl_mut/HM-armc/mutation/lowered-cpp/stencil_chain/stencil_chain.halide_generated.cpp:14709:47
stencil_chain,cxx_default_on_emitted_cpp,5eb72c8d,0,14,cxx_mul_to_div,stencil_chain.halide_generated.cpp,4155,41,generator_specific,0,0,1,,,test2_golden,0,0.935,cxx_mul_to_div:/mnt/scratch1/ardi/dsl_mut/HM-armc/mutation/lowered-cpp/stencil_chain/stencil_chain.halide_generated.cpp:4155:41
stencil_chain,cxx_default_on_emitted_cpp,5eb72c8d,0,14,cxx_add_to_sub,stencil_chain.halide_generated.cpp,11332,39,generator_specific,0,0,1,,,test2_golden,0,1.042,cxx_add_to_sub:/mnt/scratch1/ardi/dsl_mut/HM-armc/mutation/lowered-cpp/stencil_chain/stencil_chain.halide_generated.cpp:11332:39
stencil_chain,cxx_default_on_emitted_cpp,5eb72c8d,0,14,cxx_replace_scalar_call,stencil_chain.halide_generated.cpp,18326,19,generator_specific,0,0,1,,,test2_golden,0,0.528,cxx_replace_scalar_call:/mnt/scratch1/ardi/dsl_mut/HM-armc/mutation/lowered-cpp/stencil_chain/stencil_chain.halide_generated.cpp:18326:19
stencil_chain,cxx_default_on_emitted_cpp,5eb72c8d,0,14,cxx_sub_to_add,stencil_chain.halide_generated.cpp,18804,23,generator_specific,0,0,1,,,test2_golden,0,0.738,cxx_sub_to_add:/mnt/scratch1/ardi/dsl_mut/HM-armc/mutation/lowered-cpp/stencil_chain/stencil_chain.halide_generated.cpp:18804:23
stencil_chain,cxx_default_on_emitted_cpp,5eb72c8d,0,14,cxx_mul_to_div,stencil_chain.halide_generated.cpp,10291,47,generator_specific,0,0,1,,,test2_golden,0,0.741,cxx_mul_to_div:/mnt/scratch1/ardi/dsl_mut/HM-armc/mutation/lowered-cpp/stencil_chain/stencil_chain.halide_generated.cpp:10291:47
stencil_chain,cxx_default_on_emitted_cpp,5eb72c8d,0,14,cxx_add_to_sub,stencil_chain.halide_generated.cpp,18140,48,generator_specific,0,0,1,,,test2_golden,0,0.737,cxx_add_to_sub:/mnt/scratch1/ardi/dsl_mut/HM-armc/mutation/lowered-cpp/stencil_chain/stencil_chain.halide_generated.cpp:18140:48
stencil_chain,cxx_default_on_emitted_cpp,5eb72c8d,0,14,cxx_add_to_sub,stencil_chain.halide_generated.cpp,7153,40,generator_specific,0,0,1,,,test2_golden,0,0.758,cxx_add_to_sub:/mnt/scratch1/ardi/dsl_mut/HM-armc/mutation/lowered-cpp/stencil_chain/stencil_chain.halide_generated.cpp:7153:40
stencil_chain,cxx_default_on_emitted_cpp,5eb72c8d,0,14,cxx_add_to_sub,stencil_chain.halide_generated.cpp,8319,47,generator_specific,0,0,1,,,test2_golden,0,0.737,cxx_add_to_sub:/mnt/scratch1/ardi/dsl_mut/HM-armc/mutation/lowered-cpp/stencil_chain/stencil_chain.halide_generated.cpp:8319:47
stencil_chain,cxx_default_on_emitted_cpp,5eb72c8d,0,14,cxx_add_to_sub,stencil_chain.halide_generated.cpp,5681,37,generator_specific,0,0,1,,,test2_golden,0,0.758,cxx_add_to_sub:/mnt/scratch1/ardi/dsl_mut/HM-armc/mutation/lowered-cpp/stencil_chain/stencil_chain.halide_generated.cpp:5681:37
stencil_chain,cxx_default_on_emitted_cpp,5eb72c8d,0,14,cxx_add_to_sub,stencil_chain.halide_generated.cpp,5422,50,generator_specific,0,0,1,,,test2_golden,0,0.760,cxx_add_to_sub:/mnt/scratch1/ardi/dsl_mut/HM-armc/mutation/lowered-cpp/stencil_chain/stencil_chain.halide_generated.cpp:5422:50
stencil_chain,cxx_default_on_emitted_cpp,5eb72c8d,0,14,cxx_add_to_sub,stencil_chain.halide_generated.cpp,10617,45,generator_specific,0,0,1,,,test2_golden,0,0.754,cxx_add_to_sub:/mnt/scratch1/ardi/dsl_mut/HM-armc/mutation/lowered-cpp/stencil_chain/stencil_chain.halide_generated.cpp:10617:45
stencil_chain,cxx_default_on_emitted_cpp,5eb72c8d,0,14,cxx_mul_to_div,stencil_chain.halide_generated.cpp,14690,51,generator_specific,0,0,1,,,test2_golden,0,0.756,cxx_mul_to_div:/mnt/scratch1/ardi/dsl_mut/HM-armc/mutation/lowered-cpp/stencil_chain/stencil_chain.halide_generated.cpp:14690:51
stencil_chain,cxx_default_on_emitted_cpp,5eb72c8d,0,14,cxx_add_to_sub,stencil_chain.halide_generated.cpp,11544,36,generator_specific,0,0,1,,,test2_golden,0,0.758,cxx_add_to_sub:/mnt/scratch1/ardi/dsl_mut/HM-armc/mutation/lowered-cpp/stencil_chain/stencil_chain.halide_generated.cpp:11544:36
stencil_chain,cxx_default_on_emitted_cpp,5eb72c8d,0,14,cxx_add_to_sub,stencil_chain.halide_generated.cpp,6438,38,generator_specific,0,0,1,,,test2_golden,0,0.792,cxx_add_to_sub:/mnt/scratch1/ardi/dsl_mut/HM-armc/mutation/lowered-cpp/stencil_chain/stencil_chain.halide_generated.cpp:6438:38
stencil_chain,cxx_default_on_emitted_cpp,5eb72c8d,0,14,cxx_mul_to_div,stencil_chain.halide_generated.cpp,4673,46,generator_specific,0,0,1,,,test2_golden,0,0.758,cxx_mul_to_div:/mnt/scratch1/ardi/dsl_mut/HM-armc/mutation/lowered-cpp/stencil_chain/stencil_chain.halide_generated.cpp:4673:46
stencil_chain,cxx_default_on_emitted_cpp,5eb72c8d,0,14,cxx_add_to_sub,stencil_chain.halide_generated.cpp,6769,44,generator_specific,0,0,1,,,test2_golden,0,0.736,cxx_add_to_sub:/mnt/scratch1/ardi/dsl_mut/HM-armc/mutation/lowered-cpp/stencil_chain/stencil_chain.halide_generated.cpp:6769:44
stencil_chain,cxx_default_on_emitted_cpp,5eb72c8d,0,14,cxx_add_to_sub,stencil_chain.halide_generated.cpp,5296,46,generator_specific,0,0,1,,,test2_golden,0,0.804,cxx_add_to_sub:/mnt/scratch1/ardi/dsl_mut/HM-armc/mutation/lowered-cpp/stencil_chain/stencil_chain.halide_generated.cpp:5296:46
stencil_chain,cxx_default_on_emitted_cpp,5eb72c8d,0,14,cxx_mul_to_div,stencil_chain.halide_generated.cpp,6749,44,generator_specific,0,0,1,,,test2_golden,0,0.790,cxx_mul_to_div:/mnt/scratch1/ardi/dsl_mut/HM-armc/mutation/lowered-cpp/stencil_chain/stencil_chain.halide_generated.cpp:6749:44
stencil_chain,cxx_default_on_emitted_cpp,5eb72c8d,0,14,cxx_mul_to_div,stencil_chain.halide_generated.cpp,12353,42,generator_specific,0,0,1,,,test2_golden,0,0.742,cxx_mul_to_div:/mnt/scratch1/ardi/dsl_mut/HM-armc/mutation/lowered-cpp/stencil_chain/stencil_chain.halide_generated.cpp:12353:42
stencil_chain,cxx_default_on_emitted_cpp,5eb72c8d,0,14,cxx_add_to_sub,stencil_chain.halide_generated.cpp,7725,43,generator_specific,0,0,1,,,test2_golden,0,0.758,cxx_add_to_sub:/mnt/scratch1/ardi/dsl_mut/HM-armc/mutation/lowered-cpp/stencil_chain/stencil_chain.halide_generated.cpp:7725:43
stencil_chain,cxx_default_on_emitted_cpp,5eb72c8d,0,14,cxx_lt_to_ge,stencil_chain.halide_generated.cpp,8339,68,generator_specific,0,0,1,,,test2_golden,0,0.563,cxx_lt_to_ge:/mnt/scratch1/ardi/dsl_mut/HM-armc/mutation/lowered-cpp/stencil_chain/stencil_chain.halide_generated.cpp:8339:68
stencil_chain,cxx_default_on_emitted_cpp,5eb72c8d,0,14,cxx_mul_to_div,stencil_chain.halide_generated.cpp,15357,43,generator_specific,0,0,1,,,test2_golden,0,1.061,cxx_mul_to_div:/mnt/scratch1/ardi/dsl_mut/HM-armc/mutation/lowered-cpp/stencil_chain/stencil_chain.halide_generated.cpp:15357:43
stencil_chain,cxx_default_on_emitted_cpp,5eb72c8d,0,14,cxx_add_to_sub,stencil_chain.halide_generated.cpp,9429,42,generator_specific,0,0,1,,,test2_golden,0,0.802,cxx_add_to_sub:/mnt/scratch1/ardi/dsl_mut/HM-armc/mutation/lowered-cpp/stencil_chain/stencil_chain.halide_generated.cpp:9429:42
stencil_chain,cxx_default_on_emitted_cpp,5eb72c8d,0,14,cxx_add_to_sub,stencil_chain.halide_generated.cpp,10502,48,generator_specific,0,0,1,,,test2_golden,0,0.725,cxx_add_to_sub:/mnt/scratch1/ardi/dsl_mut/HM-armc/mutation/lowered-cpp/stencil_chain/stencil_chain.halide_generated.cpp:10502:48
stencil_chain,cxx_default_on_emitted_cpp,5eb72c8d,0,14,cxx_add_to_sub,stencil_chain.halide_generated.cpp,17605,45,generator_specific,0,0,1,,,test2_golden,0,0.723,cxx_add_to_sub:/mnt/scratch1/ardi/dsl_mut/HM-armc/mutation/lowered-cpp/stencil_chain/stencil_chain.halide_generated.cpp:17605:45
stencil_chain,cxx_default_on_emitted_cpp,5eb72c8d,0,14,cxx_add_to_sub,stencil_chain.halide_generated.cpp,13666,42,generator_specific,0,0,1,,,test2_golden,0,0.722,cxx_add_to_sub:/mnt/scratch1/ardi/dsl_mut/HM-armc/mutation/lowered-cpp/stencil_chain/stencil_chain.halide_generated.cpp:13666:42
stencil_chain,cxx_default_on_emitted_cpp,5eb72c8d,0,14,cxx_mul_to_div,stencil_chain.halide_generated.cpp,5986,42,generator_specific,0,0,1,,,test2_golden,0,0.743,cxx_mul_to_div:/mnt/scratch1/ardi/dsl_mut/HM-armc/mutation/lowered-cpp/stencil_chain/stencil_chain.halide_generated.cpp:5986:42
stencil_chain,cxx_default_on_emitted_cpp,5eb72c8d,0,14,cxx_add_to_sub,stencil_chain.halide_generated.cpp,11829,38,generator_specific,0,0,1,,,test2_golden,0,0.741,cxx_add_to_sub:/mnt/scratch1/ardi/dsl_mut/HM-armc/mutation/lowered-cpp/stencil_chain/stencil_chain.halide_generated.cpp:11829:38
stencil_chain,cxx_default_on_emitted_cpp,5eb72c8d,0,14,cxx_mul_to_div,stencil_chain.halide_generated.cpp,16957,48,generator_specific,0,0,1,,,test2_golden,0,0.807,cxx_mul_to_div:/mnt/scratch1/ardi/dsl_mut/HM-armc/mutation/lowered-cpp/stencil_chain/stencil_chain.halide_generated.cpp:16957:48
stencil_chain,cxx_default_on_emitted_cpp,5eb72c8d,0,14,cxx_le_to_lt,stencil_chain.halide_generated.cpp,18665,24,generator_specific,0,0,0,,,,0,0.745,cxx_le_to_lt:/mnt/scratch1/ardi/dsl_mut/HM-armc/mutation/lowered-cpp/stencil_chain/stencil_chain.halide_generated.cpp:18665:24
stencil_chain,cxx_default_on_emitted_cpp,5eb72c8d,0,14,cxx_add_to_sub,stencil_chain.halide_generated.cpp,10185,43,generator_specific,0,0,1,,,test2_golden,0,0.743,cxx_add_to_sub:/mnt/scratch1/ardi/dsl_mut/HM-armc/mutation/lowered-cpp/stencil_chain/stencil_chain.halide_generated.cpp:10185:43
stencil_chain,cxx_default_on_emitted_cpp,5eb72c8d,0,14,cxx_add_to_sub,stencil_chain.halide_generated.cpp,9059,36,generator_specific,0,0,1,,,test2_golden,0,0.838,cxx_add_to_sub:/mnt/scratch1/ardi/dsl_mut/HM-armc/mutation/lowered-cpp/stencil_chain/stencil_chain.halide_generated.cpp:9059:36
stencil_chain,cxx_default_on_emitted_cpp,5eb72c8d,0,14,cxx_add_to_sub,stencil_chain.halide_generated.cpp,7982,46,generator_specific,0,0,1,,,test2_golden,0,0.824,cxx_add_to_sub:/mnt/scratch1/ardi/dsl_mut/HM-armc/mutation/lowered-cpp/stencil_chain/stencil_chain.halide_generated.cpp:7982:46
stencil_chain,cxx_default_on_emitted_cpp,5eb72c8d,0,14,cxx_mul_to_div,stencil_chain.halide_generated.cpp,13051,44,generator_specific,0,0,1,,,test2_golden,0,0.820,cxx_mul_to_div:/mnt/scratch1/ardi/dsl_mut/HM-armc/mutation/lowered-cpp/stencil_chain/stencil_chain.halide_generated.cpp:13051:44
stencil_chain,cxx_default_on_emitted_cpp,5eb72c8d,0,14,cxx_replace_scalar_call,stencil_chain.halide_generated.cpp,18344,19,generator_specific,0,0,0,,,,0,0.937,cxx_replace_scalar_call:/mnt/scratch1/ardi/dsl_mut/HM-armc/mutation/lowered-cpp/stencil_chain/stencil_chain.halide_generated.cpp:18344:19
stencil_chain,cxx_default_on_emitted_cpp,5eb72c8d,0,14,cxx_add_to_sub,stencil_chain.halide_generated.cpp,6589,42,generator_specific,0,0,1,,,test2_golden,0,0.972,cxx_add_to_sub:/mnt/scratch1/ardi/dsl_mut/HM-armc/mutation/lowered-cpp/stencil_chain/stencil_chain.halide_generated.cpp:6589:42
stencil_chain,cxx_default_on_emitted_cpp,5eb72c8d,0,14,cxx_mul_to_div,stencil_chain.halide_generated.cpp,4279,42,generator_specific,0,0,1,,,test2_golden,0,0.751,cxx_mul_to_div:/mnt/scratch1/ardi/dsl_mut/HM-armc/mutation/lowered-cpp/stencil_chain/stencil_chain.halide_generated.cpp:4279:42
stencil_chain,cxx_default_on_emitted_cpp,5eb72c8d,0,14,cxx_add_to_sub,stencil_chain.halide_generated.cpp,16006,41,generator_specific,0,0,1,,,test2_golden,0,0.729,cxx_add_to_sub:/mnt/scratch1/ardi/dsl_mut/HM-armc/mutation/lowered-cpp/stencil_chain/stencil_chain.halide_generated.cpp:16006:41
stencil_chain,cxx_default_on_emitted_cpp,5eb72c8d,0,14,cxx_remove_void_call,stencil_chain.halide_generated.cpp,15307,13,generator_specific,0,0,1,,,test2_golden,0,0.748,cxx_remove_void_call:/mnt/scratch1/ardi/dsl_mut/HM-armc/mutation/lowered-cpp/stencil_chain/stencil_chain.halide_generated.cpp:15307:13
stencil_chain,cxx_default_on_emitted_cpp,5eb72c8d,0,14,cxx_add_to_sub,stencil_chain.halide_generated.cpp,12375,42,generator_specific,0,0,1,,,test2_golden,0,1.069,cxx_add_to_sub:/mnt/scratch1/ardi/dsl_mut/HM-armc/mutation/lowered-cpp/stencil_chain/stencil_chain.halide_generated.cpp:12375:42
stencil_chain,cxx_default_on_emitted_cpp,5eb72c8d,0,14,cxx_add_to_sub,stencil_chain.halide_generated.cpp,14985,38,generator_specific,0,0,1,,,test2_golden,0,0.753,cxx_add_to_sub:/mnt/scratch1/ardi/dsl_mut/HM-armc/mutation/lowered-cpp/stencil_chain/stencil_chain.halide_generated.cpp:14985:38
stencil_chain,cxx_default_on_emitted_cpp,5eb72c8d,0,14,cxx_mul_to_div,stencil_chain.halide_generated.cpp,7144,40,generator_specific,0,0,1,,,test2_golden,0,0.764,cxx_mul_to_div:/mnt/scratch1/ardi/dsl_mut/HM-armc/mutation/lowered-cpp/stencil_chain/stencil_chain.halide_generated.cpp:7144:40
stencil_chain,cxx_default_on_emitted_cpp,5eb72c8d,0,14,cxx_add_to_sub,stencil_chain.halide_generated.cpp,15300,41,generator_specific,0,0,1,,,test2_golden,0,0.739,cxx_add_to_sub:/mnt/scratch1/ardi/dsl_mut/HM-armc/mutation/lowered-cpp/stencil_chain/stencil_chain.halide_generated.cpp:15300:41
stencil_chain,cxx_default_on_emitted_cpp,5eb72c8d,0,14,cxx_add_to_sub,stencil_chain.halide_generated.cpp,17039,48,generator_specific,0,0,1,,,test2_golden,0,0.748,cxx_add_to_sub:/mnt/scratch1/ardi/dsl_mut/HM-armc/mutation/lowered-cpp/stencil_chain/stencil_chain.halide_generated.cpp:17039:48
stencil_chain,cxx_default_on_emitted_cpp,5eb72c8d,0,14,cxx_add_to_sub,stencil_chain.halide_generated.cpp,15476,43,generator_specific,0,0,1,,,test2_golden,0,0.749,cxx_add_to_sub:/mnt/scratch1/ardi/dsl_mut/HM-armc/mutation/lowered-cpp/stencil_chain/stencil_chain.halide_generated.cpp:15476:43
stencil_chain,cxx_default_on_emitted_cpp,5eb72c8d,0,14,cxx_add_to_sub,stencil_chain.halide_generated.cpp,8498,49,generator_specific,0,0,1,,,test2_golden,0,0.762,cxx_add_to_sub:/mnt/scratch1/ardi/dsl_mut/HM-armc/mutation/lowered-cpp/stencil_chain/stencil_chain.halide_generated.cpp:8498:49
stencil_chain,cxx_default_on_emitted_cpp,5eb72c8d,0,14,cxx_add_to_sub,stencil_chain.halide_generated.cpp,5820,36,generator_specific,0,0,1,,,test2_golden,0,0.731,cxx_add_to_sub:/mnt/scratch1/ardi/dsl_mut/HM-armc/mutation/lowered-cpp/stencil_chain/stencil_chain.halide_generated.cpp:5820:36
stencil_chain,cxx_default_on_emitted_cpp,5eb72c8d,0,14,cxx_mul_to_div,stencil_chain.halide_generated.cpp,11798,42,generator_specific,0,0,1,,,test2_golden,0,0.750,cxx_mul_to_div:/mnt/scratch1/ardi/dsl_mut/HM-armc/mutation/lowered-cpp/stencil_chain/stencil_chain.halide_generated.cpp:11798:42
stencil_chain,cxx_default_on_emitted_cpp,5eb72c8d,0,14,cxx_add_to_sub,stencil_chain.halide_generated.cpp,18418,26,generator_specific,0,0,0,,,,0,0.752,cxx_add_to_sub:/mnt/scratch1/ardi/dsl_mut/HM-armc/mutation/lowered-cpp/stencil_chain/stencil_chain.halide_generated.cpp:18418:26
stencil_chain,cxx_default_on_emitted_cpp,5eb72c8d,0,14,cxx_add_to_sub,stencil_chain.halide_generated.cpp,16451,41,generator_specific,0,0,1,,,test2_golden,0,0.734,cxx_add_to_sub:/mnt/scratch1/ardi/dsl_mut/HM-armc/mutation/lowered-cpp/stencil_chain/stencil_chain.halide_generated.cpp:16451:41
stencil_chain,cxx_default_on_emitted_cpp,5eb72c8d,0,14,cxx_add_to_sub,stencil_chain.halide_generated.cpp,4881,47,generator_specific,0,0,1,,,test2_golden,0,0.838,cxx_add_to_sub:/mnt/scratch1/ardi/dsl_mut/HM-armc/mutation/lowered-cpp/stencil_chain/stencil_chain.halide_generated.cpp:4881:47
stencil_chain,cxx_default_on_emitted_cpp,5eb72c8d,0,14,cxx_add_to_sub,stencil_chain.halide_generated.cpp,14140,105,generator_specific,0,0,1,,,test2_golden,0,0.734,cxx_add_to_sub:/mnt/scratch1/ardi/dsl_mut/HM-armc/mutation/lowered-cpp/stencil_chain/stencil_chain.halide_generated.cpp:14140:105
stencil_chain,cxx_default_on_emitted_cpp,5eb72c8d,0,14,cxx_add_to_sub,stencil_chain.halide_generated.cpp,4062,37,generator_specific,0,0,1,,,test2_golden,0,0.924,cxx_add_to_sub:/mnt/scratch1/ardi/dsl_mut/HM-armc/mutation/lowered-cpp/stencil_chain/stencil_chain.halide_generated.cpp:4062:37
stencil_chain,cxx_default_on_emitted_cpp,5eb72c8d,0,14,cxx_replace_scalar_call,stencil_chain.halide_generated.cpp,4556,35,generator_specific,0,0,1,,,test2_golden,0,0.751,cxx_replace_scalar_call:/mnt/scratch1/ardi/dsl_mut/HM-armc/mutation/lowered-cpp/stencil_chain/stencil_chain.halide_generated.cpp:4556:35
stencil_chain,cxx_default_on_emitted_cpp,5eb72c8d,0,14,cxx_add_to_sub,stencil_chain.halide_generated.cpp,17546,50,generator_specific,0,0,1,,,test2_golden,0,0.755,cxx_add_to_sub:/mnt/scratch1/ardi/dsl_mut/HM-armc/mutation/lowered-cpp/stencil_chain/stencil_chain.halide_generated.cpp:17546:50
stencil_chain,cxx_default_on_emitted_cpp,5eb72c8d,0,14,cxx_add_to_sub,stencil_chain.halide_generated.cpp,7082,41,generator_specific,0,0,1,,,test2_golden,0,0.864,cxx_add_to_sub:/mnt/scratch1/ardi/dsl_mut/HM-armc/mutation/lowered-cpp/stencil_chain/stencil_chain.halide_generated.cpp:7082:41
stencil_chain,cxx_default_on_emitted_cpp,5eb72c8d,0,14,cxx_mul_to_div,stencil_chain.halide_generated.cpp,13031,44,generator_specific,0,0,1,,,test2_golden,0,0.764,cxx_mul_to_div:/mnt/scratch1/ardi/dsl_mut/HM-armc/mutation/lowered-cpp/stencil_chain/stencil_chain.halide_generated.cpp:13031:44
stencil_chain,cxx_default_on_emitted_cpp,5eb72c8d,0,14,cxx_add_to_sub,stencil_chain.halide_generated.cpp,6583,42,generator_specific,0,0,1,,,test2_golden,0,0.894,cxx_add_to_sub:/mnt/scratch1/ardi/dsl_mut/HM-armc/mutation/lowered-cpp/stencil_chain/stencil_chain.halide_generated.cpp:6583:42
stencil_chain,cxx_default_on_emitted_cpp,5eb72c8d,0,14,cxx_add_to_sub,stencil_chain.halide_generated.cpp,12332,38,generator_specific,0,0,1,,,test2_golden,0,0.786,cxx_add_to_sub:/mnt/scratch1/ardi/dsl_mut/HM-armc/mutation/lowered-cpp/stencil_chain/stencil_chain.halide_generated.cpp:12332:38
stencil_chain,cxx_default_on_emitted_cpp,5eb72c8d,0,14,cxx_le_to_gt,stencil_chain.halide_generated.cpp,18639,24,generator_specific,-6,1,,,,test1_demo,0,0.159,cxx_le_to_gt:/mnt/scratch1/ardi/dsl_mut/HM-armc/mutation/lowered-cpp/stencil_chain/stencil_chain.halide_generated.cpp:18639:24
stencil_chain,cxx_default_on_emitted_cpp,5eb72c8d,0,14,cxx_add_to_sub,stencil_chain.halide_generated.cpp,10508,48,generator_specific,0,0,1,,,test2_golden,0,0.768,cxx_add_to_sub:/mnt/scratch1/ardi/dsl_mut/HM-armc/mutation/lowered-cpp/stencil_chain/stencil_chain.halide_generated.cpp:10508:48
stencil_chain,cxx_default_on_emitted_cpp,5eb72c8d,0,14,cxx_add_to_sub,stencil_chain.halide_generated.cpp,10235,43,generator_specific,0,0,1,,,test2_golden,0,0.839,cxx_add_to_sub:/mnt/scratch1/ardi/dsl_mut/HM-armc/mutation/lowered-cpp/stencil_chain/stencil_chain.halide_generated.cpp:10235:43
stencil_chain,cxx_default_on_emitted_cpp,5eb72c8d,0,14,cxx_add_to_sub,stencil_chain.halide_generated.cpp,11875,42,generator_specific,0,0,1,,,test2_golden,0,0.775,cxx_add_to_sub:/mnt/scratch1/ardi/dsl_mut/HM-armc/mutation/lowered-cpp/stencil_chain/stencil_chain.halide_generated.cpp:11875:42
stencil_chain,cxx_default_on_emitted_cpp,5eb72c8d,0,14,cxx_replace_scalar_call,stencil_chain.halide_generated.cpp,5094,39,generator_specific,0,0,1,,,test2_golden,0,0.800,cxx_replace_scalar_call:/mnt/scratch1/ardi/dsl_mut/HM-armc/mutation/lowered-cpp/stencil_chain/stencil_chain.halide_generated.cpp:5094:39
stencil_chain,cxx_default_on_emitted_cpp,5eb72c8d,0,14,cxx_add_to_sub,stencil_chain.halide_generated.cpp,5652,37,generator_specific,0,0,1,,,test2_golden,0,0.860,cxx_add_to_sub:/mnt/scratch1/ardi/dsl_mut/HM-armc/mutation/lowered-cpp/stencil_chain/stencil_chain.halide_generated.cpp:5652:37
stencil_chain,cxx_default_on_emitted_cpp,5eb72c8d,0,14,cxx_add_to_sub,stencil_chain.halide_generated.cpp,8651,48,generator_specific,0,0,1,,,test2_golden,0,0.778,cxx_add_to_sub:/mnt/scratch1/ardi/dsl_mut/HM-armc/mutation/lowered-cpp/stencil_chain/stencil_chain.halide_generated.cpp:8651:48
stencil_chain,cxx_default_on_emitted_cpp,5eb72c8d,0,14,cxx_add_to_sub,stencil_chain.halide_generated.cpp,8628,44,generator_specific,0,0,1,,,test2_golden,0,0.778,cxx_add_to_sub:/mnt/scratch1/ardi/dsl_mut/HM-armc/mutation/lowered-cpp/stencil_chain/stencil_chain.halide_generated.cpp:8628:44
stencil_chain,cxx_default_on_emitted_cpp,5eb72c8d,0,14,cxx_add_to_sub,stencil_chain.halide_generated.cpp,9370,38,generator_specific,0,0,1,,,test2_golden,0,0.787,cxx_add_to_sub:/mnt/scratch1/ardi/dsl_mut/HM-armc/mutation/lowered-cpp/stencil_chain/stencil_chain.halide_generated.cpp:9370:38
stencil_chain,cxx_default_on_emitted_cpp,5eb72c8d,0,14,cxx_add_to_sub,stencil_chain.halide_generated.cpp,17063,45,generator_specific,0,0,1,,,test2_golden,0,0.842,cxx_add_to_sub:/mnt/scratch1/ardi/dsl_mut/HM-armc/mutation/lowered-cpp/stencil_chain/stencil_chain.halide_generated.cpp:17063:45
stencil_chain,cxx_default_on_emitted_cpp,5eb72c8d,0,14,cxx_add_to_sub,stencil_chain.halide_generated.cpp,17115,45,generator_specific,0,0,1,,,test2_golden,0,0.780,cxx_add_to_sub:/mnt/scratch1/ardi/dsl_mut/HM-armc/mutation/lowered-cpp/stencil_chain/stencil_chain.halide_generated.cpp:17115:45
stencil_chain,cxx_default_on_emitted_cpp,5eb72c8d,0,14,cxx_add_to_sub,stencil_chain.halide_generated.cpp,11599,36,generator_specific,0,0,1,,,test2_golden,0,0.779,cxx_add_to_sub:/mnt/scratch1/ardi/dsl_mut/HM-armc/mutation/lowered-cpp/stencil_chain/stencil_chain.halide_generated.cpp:11599:36
stencil_chain,cxx_default_on_emitted_cpp,5eb72c8d,0,14,cxx_add_to_sub,stencil_chain.halide_generated.cpp,13819,44,generator_specific,0,0,1,,,test2_golden,0,0.933,cxx_add_to_sub:/mnt/scratch1/ardi/dsl_mut/HM-armc/mutation/lowered-cpp/stencil_chain/stencil_chain.halide_generated.cpp:13819:44
stencil_chain,cxx_default_on_emitted_cpp,5eb72c8d,0,14,cxx_add_to_sub,stencil_chain.halide_generated.cpp,12813,41,generator_specific,0,0,1,,,test2_golden,0,0.850,cxx_add_to_sub:/mnt/scratch1/ardi/dsl_mut/HM-armc/mutation/lowered-cpp/stencil_chain/stencil_chain.halide_generated.cpp:12813:41
stencil_chain,cxx_default_on_emitted_cpp,5eb72c8d,0,14,cxx_add_to_sub,stencil_chain.halide_generated.cpp,4883,47,generator_specific,0,0,1,,,test2_golden,0,0.782,cxx_add_to_sub:/mnt/scratch1/ardi/dsl_mut/HM-armc/mutation/lowered-cpp/stencil_chain/stencil_chain.halide_generated.cpp:4883:47
stencil_chain,cxx_default_on_emitted_cpp,5eb72c8d,0,14,cxx_add_to_sub,stencil_chain.halide_generated.cpp,3803,39,generator_specific,0,0,1,,,test2_golden,0,0.775,cxx_add_to_sub:/mnt/scratch1/ardi/dsl_mut/HM-armc/mutation/lowered-cpp/stencil_chain/stencil_chain.halide_generated.cpp:3803:39
stencil_chain,cxx_default_on_emitted_cpp,5eb72c8d,0,14,cxx_add_to_sub,stencil_chain.halide_generated.cpp,15289,41,generator_specific,0,0,1,,,test2_golden,0,0.749,cxx_add_to_sub:/mnt/scratch1/ardi/dsl_mut/HM-armc/mutation/lowered-cpp/stencil_chain/stencil_chain.halide_generated.cpp:15289:41
stencil_chain,cxx_default_on_emitted_cpp,5eb72c8d,0,14,cxx_add_to_sub,stencil_chain.halide_generated.cpp,3982,40,generator_specific,0,0,1,,,test2_golden,0,0.763,cxx_add_to_sub:/mnt/scratch1/ardi/dsl_mut/HM-armc/mutation/lowered-cpp/stencil_chain/stencil_chain.halide_generated.cpp:3982:40
stencil_chain,cxx_default_on_emitted_cpp,5eb72c8d,0,14,cxx_add_to_sub,stencil_chain.halide_generated.cpp,10246,43,generator_specific,0,0,1,,,test2_golden,0,0.765,cxx_add_to_sub:/mnt/scratch1/ardi/dsl_mut/HM-armc/mutation/lowered-cpp/stencil_chain/stencil_chain.halide_generated.cpp:10246:43
stencil_chain,cxx_default_on_emitted_cpp,5eb72c8d,0,14,cxx_add_to_sub,stencil_chain.halide_generated.cpp,13105,42,generator_specific,0,0,1,,,test2_golden,0,0.778,cxx_add_to_sub:/mnt/scratch1/ardi/dsl_mut/HM-armc/mutation/lowered-cpp/stencil_chain/stencil_chain.halide_generated.cpp:13105:42
stencil_chain,cxx_default_on_emitted_cpp,5eb72c8d,0,14,cxx_add_to_sub,stencil_chain.halide_generated.cpp,9791,44,generator_specific,0,0,1,,,test2_golden,0,0.741,cxx_add_to_sub:/mnt/scratch1/ardi/dsl_mut/HM-armc/mutation/lowered-cpp/stencil_chain/stencil_chain.halide_generated.cpp:9791:44
stencil_chain,cxx_default_on_emitted_cpp,5eb72c8d,0,14,cxx_add_to_sub,stencil_chain.halide_generated.cpp,16919,44,generator_specific,0,0,1,,,test2_golden,0,0.758,cxx_add_to_sub:/mnt/scratch1/ardi/dsl_mut/HM-armc/mutation/lowered-cpp/stencil_chain/stencil_chain.halide_generated.cpp:16919:44
stencil_chain,cxx_default_on_emitted_cpp,5eb72c8d,0,14,cxx_replace_scalar_call,stencil_chain.halide_generated.cpp,18339,19,generator_specific,0,0,0,,,,0,0.779,cxx_replace_scalar_call:/mnt/scratch1/ardi/dsl_mut/HM-armc/mutation/lowered-cpp/stencil_chain/stencil_chain.halide_generated.cpp:18339:19
stencil_chain,cxx_default_on_emitted_cpp,5eb72c8d,0,14,cxx_add_to_sub,stencil_chain.halide_generated.cpp,15435,39,generator_specific,0,0,1,,,test2_golden,0,0.787,cxx_add_to_sub:/mnt/scratch1/ardi/dsl_mut/HM-armc/mutation/lowered-cpp/stencil_chain/stencil_chain.halide_generated.cpp:15435:39
stencil_chain,cxx_default_on_emitted_cpp,5eb72c8d,0,14,cxx_lt_to_ge,stencil_chain.halide_generated.cpp,3270,30,boilerplate,0,0,1,,,test2_golden,0,0.754,cxx_lt_to_ge:/mnt/scratch1/ardi/dsl_mut/HM-armc/mutation/lowered-cpp/stencil_chain/stencil_chain.halide_generated.cpp:3270:30
stencil_chain,cxx_default_on_emitted_cpp,5eb72c8d,0,14,cxx_mul_to_div,stencil_chain.halide_generated.cpp,10533,55,generator_specific,0,0,1,,,test2_golden,0,0.750,cxx_mul_to_div:/mnt/scratch1/ardi/dsl_mut/HM-armc/mutation/lowered-cpp/stencil_chain/stencil_chain.halide_generated.cpp:10533:55
stencil_chain,cxx_default_on_emitted_cpp,5eb72c8d,0,14,cxx_add_to_sub,stencil_chain.halide_generated.cpp,17591,45,generator_specific,0,0,1,,,test2_golden,0,0.748,cxx_add_to_sub:/mnt/scratch1/ardi/dsl_mut/HM-armc/mutation/lowered-cpp/stencil_chain/stencil_chain.halide_generated.cpp:17591:45
stencil_chain,cxx_default_on_emitted_cpp,5eb72c8d,0,14,cxx_mul_to_div,stencil_chain.halide_generated.cpp,13483,47,generator_specific,0,0,1,,,test2_golden,0,0.870,cxx_mul_to_div:/mnt/scratch1/ardi/dsl_mut/HM-armc/mutation/lowered-cpp/stencil_chain/stencil_chain.halide_generated.cpp:13483:47
stencil_chain,cxx_default_on_emitted_cpp,5eb72c8d,0,14,cxx_add_to_sub,stencil_chain.halide_generated.cpp,12251,38,generator_specific,0,0,1,,,test2_golden,0,0.755,cxx_add_to_sub:/mnt/scratch1/ardi/dsl_mut/HM-armc/mutation/lowered-cpp/stencil_chain/stencil_chain.halide_generated.cpp:12251:38
stencil_chain,cxx_default_on_emitted_cpp,5eb72c8d,0,14,cxx_add_to_sub,stencil_chain.halide_generated.cpp,13418,45,generator_specific,0,0,1,,,test2_golden,0,0.831,cxx_add_to_sub:/mnt/scratch1/ardi/dsl_mut/HM-armc/mutation/lowered-cpp/stencil_chain/stencil_chain.halide_generated.cpp:13418:45
stencil_chain,cxx_default_on_emitted_cpp,5eb72c8d,0,14,cxx_mul_to_div,stencil_chain.halide_generated.cpp,8825,50,generator_specific,0,0,1,,,test2_golden,0,0.837,cxx_mul_to_div:/mnt/scratch1/ardi/dsl_mut/HM-armc/mutation/lowered-cpp/stencil_chain/stencil_chain.halide_generated.cpp:8825:50
stencil_chain,cxx_default_on_emitted_cpp,5eb72c8d,0,14,cxx_replace_scalar_call,stencil_chain.halide_generated.cpp,10985,18,generator_specific,-6,1,,,,test1_demo,0,0.232,cxx_replace_scalar_call:/mnt/scratch1/ardi/dsl_mut/HM-armc/mutation/lowered-cpp/stencil_chain/stencil_chain.halide_generated.cpp:10985:18
stencil_chain,cxx_default_on_emitted_cpp,5eb72c8d,0,14,cxx_mul_to_div,stencil_chain.halide_generated.cpp,4005,36,generator_specific,0,0,1,,,test2_golden,0,0.743,cxx_mul_to_div:/mnt/scratch1/ardi/dsl_mut/HM-armc/mutation/lowered-cpp/stencil_chain/stencil_chain.halide_generated.cpp:4005:36
stencil_chain,cxx_default_on_emitted_cpp,5eb72c8d,0,14,cxx_add_to_sub,stencil_chain.halide_generated.cpp,16830,42,generator_specific,0,0,1,,,test2_golden,0,0.744,cxx_add_to_sub:/mnt/scratch1/ardi/dsl_mut/HM-armc/mutation/lowered-cpp/stencil_chain/stencil_chain.halide_generated.cpp:16830:42
stencil_chain,cxx_default_on_emitted_cpp,5eb72c8d,0,14,cxx_add_to_sub,stencil_chain.halide_generated.cpp,11459,37,generator_specific,0,0,1,,,test2_golden,0,0.742,cxx_add_to_sub:/mnt/scratch1/ardi/dsl_mut/HM-armc/mutation/lowered-cpp/stencil_chain/stencil_chain.halide_generated.cpp:11459:37
stencil_chain,cxx_default_on_emitted_cpp,5eb72c8d,0,14,cxx_sub_to_add,stencil_chain.halide_generated.cpp,5464,34,generator_specific,0,0,1,,,test2_golden,0,0.711,cxx_sub_to_add:/mnt/scratch1/ardi/dsl_mut/HM-armc/mutation/lowered-cpp/stencil_chain/stencil_chain.halide_generated.cpp:5464:34
stencil_chain,cxx_default_on_emitted_cpp,5eb72c8d,0,14,cxx_add_to_sub,stencil_chain.halide_generated.cpp,12164,39,generator_specific,0,0,1,,,test2_golden,0,0.725,cxx_add_to_sub:/mnt/scratch1/ardi/dsl_mut/HM-armc/mutation/lowered-cpp/stencil_chain/stencil_chain.halide_generated.cpp:12164:39
stencil_chain,cxx_default_on_emitted_cpp,5eb72c8d,0,14,cxx_add_to_sub,stencil_chain.halide_generated.cpp,15811,44,generator_specific,0,0,1,,,test2_golden,0,0.723,cxx_add_to_sub:/mnt/scratch1/ardi/dsl_mut/HM-armc/mutation/lowered-cpp/stencil_chain/stencil_chain.halide_generated.cpp:15811:44
stencil_chain,cxx_default_on_emitted_cpp,5eb72c8d,0,14,cxx_add_to_sub,stencil_chain.halide_generated.cpp,16845,46,generator_specific,0,0,1,,,test2_golden,0,0.745,cxx_add_to_sub:/mnt/scratch1/ardi/dsl_mut/HM-armc/mutation/lowered-cpp/stencil_chain/stencil_chain.halide_generated.cpp:16845:46
stencil_chain,cxx_default_on_emitted_cpp,5eb72c8d,0,14,cxx_add_to_sub,stencil_chain.halide_generated.cpp,17512,46,generator_specific,0,0,1,,,test2_golden,0,0.740,cxx_add_to_sub:/mnt/scratch1/ardi/dsl_mut/HM-armc/mutation/lowered-cpp/stencil_chain/stencil_chain.halide_generated.cpp:17512:46
stencil_chain,cxx_default_on_emitted_cpp,5eb72c8d,0,14,cxx_add_to_sub,stencil_chain.halide_generated.cpp,13107,42,generator_specific,0,0,1,,,test2_golden,0,1.281,cxx_add_to_sub:/mnt/scratch1/ardi/dsl_mut/HM-armc/mutation/lowered-cpp/stencil_chain/stencil_chain.halide_generated.cpp:13107:42
stencil_chain,cxx_default_on_emitted_cpp,5eb72c8d,0,14,cxx_add_to_sub,stencil_chain.halide_generated.cpp,4199,38,generator_specific,0,0,1,,,test2_golden,0,0.744,cxx_add_to_sub:/mnt/scratch1/ardi/dsl_mut/HM-armc/mutation/lowered-cpp/stencil_chain/stencil_chain.halide_generated.cpp:4199:38
stencil_chain,cxx_default_on_emitted_cpp,5eb72c8d,0,14,cxx_add_to_sub,stencil_chain.halide_generated.cpp,7484,41,generator_specific,0,0,1,,,test2_golden,0,0.727,cxx_add_to_sub:/mnt/scratch1/ardi/dsl_mut/HM-armc/mutation/lowered-cpp/stencil_chain/stencil_chain.halide_generated.cpp:7484:41
stencil_chain,cxx_default_on_emitted_cpp,5eb72c8d,0,14,cxx_add_to_sub,stencil_chain.halide_generated.cpp,8838,50,generator_specific,0,0,1,,,test2_golden,0,0.742,cxx_add_to_sub:/mnt/scratch1/ardi/dsl_mut/HM-armc/mutation/lowered-cpp/stencil_chain/stencil_chain.halide_generated.cpp:8838:50
stencil_chain,cxx_default_on_emitted_cpp,5eb72c8d,0,14,cxx_add_to_sub,stencil_chain.halide_generated.cpp,10189,43,generator_specific,0,0,1,,,test2_golden,0,0.748,cxx_add_to_sub:/mnt/scratch1/ardi/dsl_mut/HM-armc/mutation/lowered-cpp/stencil_chain/stencil_chain.halide_generated.cpp:10189:43
stencil_chain,cxx_default_on_emitted_cpp,5eb72c8d,0,14,cxx_mul_to_div,stencil_chain.halide_generated.cpp,9934,45,generator_specific,0,0,1,,,test2_golden,0,0.725,cxx_mul_to_div:/mnt/scratch1/ardi/dsl_mut/HM-armc/mutation/lowered-cpp/stencil_chain/stencil_chain.halide_generated.cpp:9934:45
stencil_chain,cxx_default_on_emitted_cpp,5eb72c8d,0,14,cxx_add_to_sub,stencil_chain.halide_generated.cpp,16922,44,generator_specific,0,0,1,,,test2_golden,0,0.722,cxx_add_to_sub:/mnt/scratch1/ardi/dsl_mut/HM-armc/mutation/lowered-cpp/stencil_chain/stencil_chain.halide_generated.cpp:16922:44
stencil_chain,cxx_default_on_emitted_cpp,5eb72c8d,0,14,cxx_add_to_sub,stencil_chain.halide_generated.cpp,14963,36,generator_specific,0,0,1,,,test2_golden,0,0.828,cxx_add_to_sub:/mnt/scratch1/ardi/dsl_mut/HM-armc/mutation/lowered-cpp/stencil_chain/stencil_chain.halide_generated.cpp:14963:36
stencil_chain,cxx_default_on_emitted_cpp,5eb72c8d,0,14,cxx_add_to_sub,stencil_chain.halide_generated.cpp,7924,42,generator_specific,0,0,1,,,test2_golden,0,0.936,cxx_add_to_sub:/mnt/scratch1/ardi/dsl_mut/HM-armc/mutation/lowered-cpp/stencil_chain/stencil_chain.halide_generated.cpp:7924:42
stencil_chain,cxx_default_on_emitted_cpp,5eb72c8d,0,14,cxx_add_to_sub,stencil_chain.halide_generated.cpp,4341,42,generator_specific,0,0,1,,,test2_golden,0,0.825,cxx_add_to_sub:/mnt/scratch1/ardi/dsl_mut/HM-armc/mutation/lowered-cpp/stencil_chain/stencil_chain.halide_generated.cpp:4341:42
stencil_chain,cxx_default_on_emitted_cpp,5eb72c8d,0,14,cxx_add_to_sub,stencil_chain.halide_generated.cpp,10338,47,generator_specific,0,0,1,,,test2_golden,0,0.744,cxx_add_to_sub:/mnt/scratch1/ardi/dsl_mut/HM-armc/mutation/lowered-cpp/stencil_chain/stencil_chain.halide_generated.cpp:10338:47
stencil_chain,cxx_default_on_emitted_cpp,5eb72c8d,0,14,cxx_mul_to_div,stencil_chain.halide_generated.cpp,4197,49,generator_specific,0,0,1,,,test2_golden,0,0.720,cxx_mul_to_div:/mnt/scratch1/ardi/dsl_mut/HM-armc/mutation/lowered-cpp/stencil_chain/stencil_chain.halide_generated.cpp:4197:49
stencil_chain,cxx_default_on_emitted_cpp,5eb72c8d,0,14,cxx_mul_to_div,stencil_chain.halide_generated.cpp,15968,45,generator_specific,0,0,1,,,test2_golden,0,0.743,cxx_mul_to_div:/mnt/scratch1/ardi/dsl_mut/HM-armc/mutation/lowered-cpp/stencil_chain/stencil_chain.halide_generated.cpp:15968:45
stencil_chain,cxx_default_on_emitted_cpp,5eb72c8d,0,14,cxx_mul_to_div,stencil_chain.halide_generated.cpp,11253,39,generator_specific,0,0,1,,,test2_golden,0,0.721,cxx_mul_to_div:/mnt/scratch1/ardi/dsl_mut/HM-armc/mutation/lowered-cpp/stencil_chain/stencil_chain.halide_generated.cpp:11253:39
stencil_chain,cxx_default_on_emitted_cpp,5eb72c8d,0,14,cxx_add_to_sub,stencil_chain.halide_generated.cpp,7477,41,generator_specific,0,0,0,,,,0,0.741,cxx_add_to_sub:/mnt/scratch1/ardi/dsl_mut/HM-armc/mutation/lowered-cpp/stencil_chain/stencil_chain.halide_generated.cpp:7477:41
stencil_chain,cxx_default_on_emitted_cpp,5eb72c8d,0,14,cxx_add_to_sub,stencil_chain.halide_generated.cpp,9862,41,generator_specific,0,0,1,,,test2_golden,0,0.720,cxx_add_to_sub:/mnt/scratch1/ardi/dsl_mut/HM-armc/mutation/lowered-cpp/stencil_chain/stencil_chain.halide_generated.cpp:9862:41
stencil_chain,cxx_default_on_emitted_cpp,5eb72c8d,0,14,cxx_add_to_sub,stencil_chain.halide_generated.cpp,11248,35,generator_specific,0,0,1,,,test2_golden,0,0.743,cxx_add_to_sub:/mnt/scratch1/ardi/dsl_mut/HM-armc/mutation/lowered-cpp/stencil_chain/stencil_chain.halide_generated.cpp:11248:35
stencil_chain,cxx_default_on_emitted_cpp,5eb72c8d,0,14,cxx_add_to_sub,stencil_chain.halide_generated.cpp,8506,49,generator_specific,0,0,1,,,test2_golden,0,0.742,cxx_add_to_sub:/mnt/scratch1/ardi/dsl_mut/HM-armc/mutation/lowered-cpp/stencil_chain/stencil_chain.halide_generated.cpp:8506:49
stencil_chain,cxx_default_on_emitted_cpp,5eb72c8d,0,14,cxx_mul_to_div,stencil_chain.halide_generated.cpp,7858,46,generator_specific,0,0,1,,,test2_golden,0,0.727,cxx_mul_to_div:/mnt/scratch1/ardi/dsl_mut/HM-armc/mutation/lowered-cpp/stencil_chain/stencil_chain.halide_generated.cpp:7858:46
stencil_chain,cxx_default_on_emitted_cpp,5eb72c8d,0,14,cxx_mul_to_div,stencil_chain.halide_generated.cpp,6894,43,generator_specific,0,0,1,,,test2_golden,0,1.129,cxx_mul_to_div:/mnt/scratch1/ardi/dsl_mut/HM-armc/mutation/lowered-cpp/stencil_chain/stencil_chain.halide_generated.cpp:6894:43
stencil_chain,cxx_default_on_emitted_cpp,5eb72c8d,0,14,cxx_add_to_sub,stencil_chain.halide_generated.cpp,6407,43,generator_specific,0,0,1,,,test2_golden,0,0.781,cxx_add_to_sub:/mnt/scratch1/ardi/dsl_mut/HM-armc/mutation/lowered-cpp/stencil_chain/stencil_chain.halide_generated.cpp:6407:43
stencil_chain,cxx_default_on_emitted_cpp,5eb72c8d,0,14,cxx_mul_to_div,stencil_chain.halide_generated.cpp,5282,45,generator_specific,0,0,1,,,test2_golden,0,0.723,cxx_mul_to_div:/mnt/scratch1/ardi/dsl_mut/HM-armc/mutation/lowered-cpp/stencil_chain/stencil_chain.halide_generated.cpp:5282:45
stencil_chain,cxx_default_on_emitted_cpp,5eb72c8d,0,14,cxx_add_to_sub,stencil_chain.halide_generated.cpp,6772,44,generator_specific,0,0,1,,,test2_golden,0,0.725,cxx_add_to_sub:/mnt/scratch1/ardi/dsl_mut/HM-armc/mutation/lowered-cpp/stencil_chain/stencil_chain.halide_generated.cpp:6772:44
stencil_chain,cxx_default_on_emitted_cpp,5eb72c8d,0,14,cxx_mul_to_div,stencil_chain.halide_generated.cpp,4144,41,generator_specific,0,0,1,,,test2_golden,0,0.933,cxx_mul_to_div:/mnt/scratch1/ardi/dsl_mut/HM-armc/mutation/lowered-cpp/stencil_chain/stencil_chain.halide_generated.cpp:4144:41
stencil_chain,cxx_default_on_emitted_cpp,5eb72c8d,0,14,cxx_mul_to_div,stencil_chain.halide_generated.cpp,12302,42,generator_specific,0,0,1,,,test2_golden,0,0.816,cxx_mul_to_div:/mnt/scratch1/ardi/dsl_mut/HM-armc/mutation/lowered-cpp/stencil_chain/stencil_chain.halide_generated.cpp:12302:42
stencil_chain,cxx_default_on_emitted_cpp,5eb72c8d,0,14,cxx_add_to_sub,stencil_chain.halide_generated.cpp,7602,41,generator_specific,0,0,1,,,test2_golden,0,0.956,cxx_add_to_sub:/mnt/scratch1/ardi/dsl_mut/HM-armc/mutation/lowered-cpp/stencil_chain/stencil_chain.halide_generated.cpp:7602:41
stencil_chain,cxx_default_on_emitted_cpp,5eb72c8d,0,14,cxx_mul_to_div,stencil_chain.halide_generated.cpp,8626,48,generator_specific,0,0,1,,,test2_golden,0,0.724,cxx_mul_to_div:/mnt/scratch1/ardi/dsl_mut/HM-armc/mutation/lowered-cpp/stencil_chain/stencil_chain.halide_generated.cpp:8626:48
stencil_chain,cxx_default_on_emitted_cpp,5eb72c8d,0,14,cxx_add_to_sub,stencil_chain.halide_generated.cpp,15679,40,generator_specific,0,0,1,,,test2_golden,0,0.792,cxx_add_to_sub:/mnt/scratch1/ardi/dsl_mut/HM-armc/mutation/lowered-cpp/stencil_chain/stencil_chain.halide_generated.cpp:15679:40
stencil_chain,cxx_default_on_emitted_cpp,5eb72c8d,0,14,cxx_add_to_sub,stencil_chain.halide_generated.cpp,5107,45,generator_specific,0,0,1,,,test2_golden,0,0.740,cxx_add_to_sub:/mnt/scratch1/ardi/dsl_mut/HM-armc/mutation/lowered-cpp/stencil_chain/stencil_chain.halide_generated.cpp:5107:45
stencil_chain,cxx_default_on_emitted_cpp,5eb72c8d,0,14,cxx_add_to_sub,stencil_chain.halide_generated.cpp,13469,43,generator_specific,0,0,1,,,test2_golden,0,0.880,cxx_add_to_sub:/mnt/scratch1/ardi/dsl_mut/HM-armc/mutation/lowered-cpp/stencil_chain/stencil_chain.halide_generated.cpp:13469:43
stencil_chain,cxx_default_on_emitted_cpp,5eb72c8d,0,14,cxx_add_to_sub,stencil_chain.halide_generated.cpp,13612,47,generator_specific,0,0,1,,,test2_golden,0,0.744,cxx_add_to_sub:/mnt/scratch1/ardi/dsl_mut/HM-armc/mutation/lowered-cpp/stencil_chain/stencil_chain.halide_generated.cpp:13612:47
stencil_chain,cxx_default_on_emitted_cpp,5eb72c8d,0,14,cxx_add_to_sub,stencil_chain.halide_generated.cpp,8150,48,generator_specific,0,0,1,,,test2_golden,0,0.747,cxx_add_to_sub:/mnt/scratch1/ardi/dsl_mut/HM-armc/mutation/lowered-cpp/stencil_chain/stencil_chain.halide_generated.cpp:8150:48
stencil_chain,cxx_default_on_emitted_cpp,5eb72c8d,0,14,cxx_mul_to_div,stencil_chain.halide_generated.cpp,7649,53,generator_specific,0,0,1,,,test2_golden,0,0.609,cxx_mul_to_div:/mnt/scratch1/ardi/dsl_mut/HM-armc/mutation/lowered-cpp/stencil_chain/stencil_chain.halide_generated.cpp:7649:53
stencil_chain,cxx_default_on_emitted_cpp,5eb72c8d,0,14,cxx_mul_to_div,stencil_chain.halide_generated.cpp,9484,43,generator_specific,0,0,1,,,test2_golden,0,0.721,cxx_mul_to_div:/mnt/scratch1/ardi/dsl_mut/HM-armc/mutation/lowered-cpp/stencil_chain/stencil_chain.halide_generated.cpp:9484:43
stencil_chain,cxx_default_on_emitted_cpp,5eb72c8d,0,14,cxx_add_to_sub,stencil_chain.halide_generated.cpp,3995,40,generator_specific,0,0,1,,,test2_golden,0,0.725,cxx_add_to_sub:/mnt/scratch1/ardi/dsl_mut/HM-armc/mutation/lowered-cpp/stencil_chain/stencil_chain.halide_generated.cpp:3995:40
stencil_chain,cxx_default_on_emitted_cpp,5eb72c8d,0,14,cxx_mul_to_div,stencil_chain.halide_generated.cpp,4626,46,generator_specific,0,0,1,,,test2_golden,0,0.745,cxx_mul_to_div:/mnt/scratch1/ardi/dsl_mut/HM-armc/mutation/lowered-cpp/stencil_chain/stencil_chain.halide_generated.cpp:4626:46
stencil_chain,cxx_default_on_emitted_cpp,5eb72c8d,0,14,cxx_mul_to_div,stencil_chain.halide_generated.cpp,11010,34,generator_specific,0,0,1,,,test2_golden,0,0.758,cxx_mul_to_div:/mnt/scratch1/ardi/dsl_mut/HM-armc/mutation/lowered-cpp/stencil_chain/stencil_chain.halide_generated.cpp:11010:34
stencil_chain,cxx_default_on_emitted_cpp,5eb72c8d,0,14,cxx_add_to_sub,stencil_chain.halide_generated.cpp,18546,28,generator_specific,0,0,0,,,,0,0.751,cxx_add_to_sub:/mnt/scratch1/ardi/dsl_mut/HM-armc/mutation/lowered-cpp/stencil_chain/stencil_chain.halide_generated.cpp:18546:28
stencil_chain,cxx_default_on_emitted_cpp,5eb72c8d,0,14,cxx_add_to_sub,stencil_chain.halide_generated.cpp,7977,46,generator_specific,0,0,1,,,test2_golden,0,0.744,cxx_add_to_sub:/mnt/scratch1/ardi/dsl_mut/HM-armc/mutation/lowered-cpp/stencil_chain/stencil_chain.halide_generated.cpp:7977:46
stencil_chain,cxx_default_on_emitted_cpp,5eb72c8d,0,14,cxx_add_to_sub,stencil_chain.halide_generated.cpp,9006,49,generator_specific,0,0,1,,,test2_golden,0,0.746,cxx_add_to_sub:/mnt/scratch1/ardi/dsl_mut/HM-armc/mutation/lowered-cpp/stencil_chain/stencil_chain.halide_generated.cpp:9006:49
stencil_chain,cxx_default_on_emitted_cpp,5eb72c8d,0,14,cxx_add_to_sub,stencil_chain.halide_generated.cpp,15172,37,generator_specific,0,0,1,,,test2_golden,0,0.974,cxx_add_to_sub:/mnt/scratch1/ardi/dsl_mut/HM-armc/mutation/lowered-cpp/stencil_chain/stencil_chain.halide_generated.cpp:15172:37
stencil_chain,cxx_default_on_emitted_cpp,5eb72c8d,0,14,cxx_add_to_sub,stencil_chain.halide_generated.cpp,8173,43,generator_specific,0,0,1,,,test2_golden,0,0.751,cxx_add_to_sub:/mnt/scratch1/ardi/dsl_mut/HM-armc/mutation/lowered-cpp/stencil_chain/stencil_chain.halide_generated.cpp:8173:43
stencil_chain,cxx_default_on_emitted_cpp,5eb72c8d,0,14,cxx_add_to_sub,stencil_chain.halide_generated.cpp,10012,42,generator_specific,0,0,1,,,test2_golden,0,0.721,cxx_add_to_sub:/mnt/scratch1/ardi/dsl_mut/HM-armc/mutation/lowered-cpp/stencil_chain/stencil_chain.halide_generated.cpp:10012:42
stencil_chain,cxx_default_on_emitted_cpp,5eb72c8d,0,14,cxx_add_to_sub,stencil_chain.halide_generated.cpp,14477,50,generator_specific,0,0,1,,,test2_golden,0,0.748,cxx_add_to_sub:/mnt/scratch1/ardi/dsl_mut/HM-armc/mutation/lowered-cpp/stencil_chain/stencil_chain.halide_generated.cpp:14477:50
stencil_chain,cxx_default_on_emitted_cpp,5eb72c8d,0,14,cxx_add_to_sub,stencil_chain.halide_generated.cpp,4298,38,generator_specific,0,0,1,,,test2_golden,0,0.723,cxx_add_to_sub:/mnt/scratch1/ardi/dsl_mut/HM-armc/mutation/lowered-cpp/stencil_chain/stencil_chain.halide_generated.cpp:4298:38
stencil_chain,cxx_default_on_emitted_cpp,5eb72c8d,0,14,cxx_add_to_sub,stencil_chain.halide_generated.cpp,5500,39,generator_specific,-11,1,,,,test1_demo,0,0.148,cxx_add_to_sub:/mnt/scratch1/ardi/dsl_mut/HM-armc/mutation/lowered-cpp/stencil_chain/stencil_chain.halide_generated.cpp:5500:39
stencil_chain,cxx_default_on_emitted_cpp,5eb72c8d,0,14,cxx_add_to_sub,stencil_chain.halide_generated.cpp,16856,46,generator_specific,0,0,1,,,test2_golden,0,0.719,cxx_add_to_sub:/mnt/scratch1/ardi/dsl_mut/HM-armc/mutation/lowered-cpp/stencil_chain/stencil_chain.halide_generated.cpp:16856:46
stencil_chain,cxx_default_on_emitted_cpp,5eb72c8d,0,14,cxx_mul_to_div,stencil_chain.halide_generated.cpp,4465,43,generator_specific,0,0,1,,,test2_golden,0,0.742,cxx_mul_to_div:/mnt/scratch1/ardi/dsl_mut/HM-armc/mutation/lowered-cpp/stencil_chain/stencil_chain.halide_generated.cpp:4465:43
stencil_chain,cxx_default_on_emitted_cpp,5eb72c8d,0,14,cxx_add_to_sub,stencil_chain.halide_generated.cpp,8494,49,generator_specific,0,0,1,,,test2_golden,0,0.821,cxx_add_to_sub:/mnt/scratch1/ardi/dsl_mut/HM-armc/mutation/lowered-cpp/stencil_chain/stencil_chain.halide_generated.cpp:8494:49
stencil_chain,cxx_default_on_emitted_cpp,5eb72c8d,0,14,cxx_mul_to_div,stencil_chain.halide_generated.cpp,5573,37,generator_specific,0,0,1,,,test2_golden,0,0.757,cxx_mul_to_div:/mnt/scratch1/ardi/dsl_mut/HM-armc/mutation/lowered-cpp/stencil_chain/stencil_chain.halide_generated.cpp:5573:37
stencil_chain,cxx_default_on_emitted_cpp,5eb72c8d,0,14,cxx_add_to_sub,stencil_chain.halide_generated.cpp,17760,47,generator_specific,0,0,1,,,test2_golden,0,0.747,cxx_add_to_sub:/mnt/scratch1/ardi/dsl_mut/HM-armc/mutation/lowered-cpp/stencil_chain/stencil_chain.halide_generated.cpp:17760:47
stencil_chain,cxx_default_on_emitted_cpp,5eb72c8d,0,14,cxx_mul_to_div,stencil_chain.halide_generated.cpp,7942,46,generator_specific,0,0,1,,,test2_golden,0,0.747,cxx_mul_to_div:/mnt/scratch1/ardi/dsl_mut/HM-armc/mutation/lowered-cpp/stencil_chain/stencil_chain.halide_generated.cpp:7942:46
stencil_chain,cxx_default_on_emitted_cpp,5eb72c8d,0,14,cxx_mul_to_div,stencil_chain.halide_generated.cpp,3979,40,generator_specific,0,0,1,,,test2_golden,0,0.982,cxx_mul_to_div:/mnt/scratch1/ardi/dsl_mut/HM-armc/mutation/lowered-cpp/stencil_chain/stencil_chain.halide_generated.cpp:3979:40
stencil_chain,cxx_default_on_emitted_cpp,5eb72c8d,0,14,cxx_add_to_sub,stencil_chain.halide_generated.cpp,13064,40,generator_specific,0,0,1,,,test2_golden,0,0.747,cxx_add_to_sub:/mnt/scratch1/ardi/dsl_mut/HM-armc/mutation/lowered-cpp/stencil_chain/stencil_chain.halide_generated.cpp:13064:40
stencil_chain,cxx_default_on_emitted_cpp,5eb72c8d,0,14,cxx_add_to_sub,stencil_chain.halide_generated.cpp,12921,45,generator_specific,0,0,1,,,test2_golden,0,0.971,cxx_add_to_sub:/mnt/scratch1/ardi/dsl_mut/HM-armc/mutation/lowered-cpp/stencil_chain/stencil_chain.halide_generated.cpp:12921:45
stencil_chain,cxx_default_on_emitted_cpp,5eb72c8d,0,14,cxx_mul_to_div,stencil_chain.halide_generated.cpp,18337,26,generator_specific,0,0,0,,,,0,0.724,cxx_mul_to_div:/mnt/scratch1/ardi/dsl_mut/HM-armc/mutation/lowered-cpp/stencil_chain/stencil_chain.halide_generated.cpp:18337:26
stencil_chain,cxx_default_on_emitted_cpp,5eb72c8d,0,14,cxx_replace_scalar_call,stencil_chain.halide_generated.cpp,18723,21,generator_specific,0,0,0,,,,0,0.756,cxx_replace_scalar_call:/mnt/scratch1/ardi/dsl_mut/HM-armc/mutation/lowered-cpp/stencil_chain/stencil_chain.halide_generated.cpp:18723:21
stencil_chain,cxx_default_on_emitted_cpp,5eb72c8d,0,14,cxx_mul_to_div,stencil_chain.halide_generated.cpp,9304,42,generator_specific,0,0,1,,,test2_golden,0,0.750,cxx_mul_to_div:/mnt/scratch1/ardi/dsl_mut/HM-armc/mutation/lowered-cpp/stencil_chain/stencil_chain.halide_generated.cpp:9304:42
stencil_chain,cxx_default_on_emitted_cpp,5eb72c8d,0,14,cxx_mul_to_div,stencil_chain.halide_generated.cpp,15210,41,generator_specific,0,0,1,,,test2_golden,0,0.723,cxx_mul_to_div:/mnt/scratch1/ardi/dsl_mut/HM-armc/mutation/lowered-cpp/stencil_chain/stencil_chain.halide_generated.cpp:15210:41
stencil_chain,cxx_default_on_emitted_cpp,5eb72c8d,0,14,cxx_add_to_sub,stencil_chain.halide_generated.cpp,5925,38,generator_specific,0,0,1,,,test2_golden,0,1.075,cxx_add_to_sub:/mnt/scratch1/ardi/dsl_mut/HM-armc/mutation/lowered-cpp/stencil_chain/stencil_chain.halide_generated.cpp:5925:38
stencil_chain,cxx_default_on_emitted_cpp,5eb72c8d,0,14,cxx_add_to_sub,stencil_chain.halide_generated.cpp,8660,48,generator_specific,0,0,1,,,test2_golden,0,0.722,cxx_add_to_sub:/mnt/scratch1/ardi/dsl_mut/HM-armc/mutation/lowered-cpp/stencil_chain/stencil_chain.halide_generated.cpp:8660:48
stencil_chain,cxx_default_on_emitted_cpp,5eb72c8d,0,14,cxx_add_to_sub,stencil_chain.halide_generated.cpp,7514,41,generator_specific,0,0,1,,,test2_golden,0,0.723,cxx_add_to_sub:/mnt/scratch1/ardi/dsl_mut/HM-armc/mutation/lowered-cpp/stencil_chain/stencil_chain.halide_generated.cpp:7514:41
stencil_chain,cxx_default_on_emitted_cpp,5eb72c8d,0,14,cxx_add_to_sub,stencil_chain.halide_generated.cpp,13427,45,generator_specific,0,0,1,,,test2_golden,0,0.719,cxx_add_to_sub:/mnt/scratch1/ardi/dsl_mut/HM-armc/mutation/lowered-cpp/stencil_chain/stencil_chain.halide_generated.cpp:13427:45
stencil_chain,cxx_default_on_emitted_cpp,5eb72c8d,0,14,cxx_add_to_sub,stencil_chain.halide_generated.cpp,18910,29,generator_specific,0,0,0,,,,0,0.722,cxx_add_to_sub:/mnt/scratch1/ardi/dsl_mut/HM-armc/mutation/lowered-cpp/stencil_chain/stencil_chain.halide_generated.cpp:18910:29
stencil_chain,cxx_default_on_emitted_cpp,5eb72c8d,0,14,cxx_add_to_sub,stencil_chain.halide_generated.cpp,8808,46,generator_specific,0,0,1,,,test2_golden,0,0.742,cxx_add_to_sub:/mnt/scratch1/ardi/dsl_mut/HM-armc/mutation/lowered-cpp/stencil_chain/stencil_chain.halide_generated.cpp:8808:46
stencil_chain,cxx_default_on_emitted_cpp,5eb72c8d,0,14,cxx_add_to_sub,stencil_chain.halide_generated.cpp,11879,42,generator_specific,0,0,1,,,test2_golden,0,0.930,cxx_add_to_sub:/mnt/scratch1/ardi/dsl_mut/HM-armc/mutation/lowered-cpp/stencil_chain/stencil_chain.halide_generated.cpp:11879:42
stencil_chain,cxx_default_on_emitted_cpp,5eb72c8d,0,14,cxx_add_to_sub,stencil_chain.halide_generated.cpp,16861,46,generator_specific,0,0,1,,,test2_golden,0,0.778,cxx_add_to_sub:/mnt/scratch1/ardi/dsl_mut/HM-armc/mutation/lowered-cpp/stencil_chain/stencil_chain.halide_generated.cpp:16861:46
stencil_chain,cxx_default_on_emitted_cpp,5eb72c8d,0,14,cxx_mul_to_div,stencil_chain.halide_generated.cpp,16128,44,generator_specific,0,0,1,,,test2_golden,0,0.800,cxx_mul_to_div:/mnt/scratch1/ardi/dsl_mut/HM-armc/mutation/lowered-cpp/stencil_chain/stencil_chain.halide_generated.cpp:16128:44
stencil_chain,cxx_default_on_emitted_cpp,5eb72c8d,0,14,cxx_mul_to_div,stencil_chain.halide_generated.cpp,7095,45,generator_specific,0,0,1,,,test2_golden,0,0.720,cxx_mul_to_div:/mnt/scratch1/ardi/dsl_mut/HM-armc/mutation/lowered-cpp/stencil_chain/stencil_chain.halide_generated.cpp:7095:45
stencil_chain,cxx_default_on_emitted_cpp,5eb72c8d,0,14,cxx_add_to_sub,stencil_chain.halide_generated.cpp,9235,41,generator_specific,0,0,1,,,test2_golden,0,0.723,cxx_add_to_sub:/mnt/scratch1/ardi/dsl_mut/HM-armc/mutation/lowered-cpp/stencil_chain/stencil_chain.halide_generated.cpp:9235:41
stencil_chain,cxx_default_on_emitted_cpp,5eb72c8d,0,14,cxx_add_to_sub,stencil_chain.halide_generated.cpp,5076,48,generator_specific,0,0,1,,,test2_golden,0,0.727,cxx_add_to_sub:/mnt/scratch1/ardi/dsl_mut/HM-armc/mutation/lowered-cpp/stencil_chain/stencil_chain.halide_generated.cpp:5076:48
stencil_chain,cxx_default_on_emitted_cpp,5eb72c8d,0,14,cxx_add_to_sub,stencil_chain.halide_generated.cpp,10286,43,generator_specific,0,0,1,,,test2_golden,0,0.745,cxx_add_to_sub:/mnt/scratch1/ardi/dsl_mut/HM-armc/mutation/lowered-cpp/stencil_chain/stencil_chain.halide_generated.cpp:10286:43
stencil_chain,cxx_default_on_emitted_cpp,5eb72c8d,0,14,cxx_add_to_sub,stencil_chain.halide_generated.cpp,9779,44,generator_specific,0,0,1,,,test2_golden,0,0.722,cxx_add_to_sub:/mnt/scratch1/ardi/dsl_mut/HM-armc/mutation/lowered-cpp/stencil_chain/stencil_chain.halide_generated.cpp:9779:44
stencil_chain,cxx_default_on_emitted_cpp,5eb72c8d,0,14,cxx_add_to_sub,stencil_chain.halide_generated.cpp,12584,39,generator_specific,0,0,1,,,test2_golden,0,0.722,cxx_add_to_sub:/mnt/scratch1/ardi/dsl_mut/HM-armc/mutation/lowered-cpp/stencil_chain/stencil_chain.halide_generated.cpp:12584:39
stencil_chain,cxx_default_on_emitted_cpp,5eb72c8d,0,14,cxx_remove_void_call,stencil_chain.halide_generated.cpp,3540,2,generator_specific,0,0,0,,,,0,0.980,cxx_remove_void_call:/mnt/scratch1/ardi/dsl_mut/HM-armc/mutation/lowered-cpp/stencil_chain/stencil_chain.halide_generated.cpp:3540:2
stencil_chain,cxx_default_on_emitted_cpp,5eb72c8d,0,14,cxx_add_to_sub,stencil_chain.halide_generated.cpp,15481,43,generator_specific,0,0,1,,,test2_golden,0,0.719,cxx_add_to_sub:/mnt/scratch1/ardi/dsl_mut/HM-armc/mutation/lowered-cpp/stencil_chain/stencil_chain.halide_generated.cpp:15481:43
stencil_chain,cxx_default_on_emitted_cpp,5eb72c8d,0,14,cxx_add_to_sub,stencil_chain.halide_generated.cpp,6776,40,generator_specific,0,0,1,,,test2_golden,0,0.800,cxx_add_to_sub:/mnt/scratch1/ardi/dsl_mut/HM-armc/mutation/lowered-cpp/stencil_chain/stencil_chain.halide_generated.cpp:6776:40
stencil_chain,cxx_default_on_emitted_cpp,5eb72c8d,0,14,cxx_add_to_sub,stencil_chain.halide_generated.cpp,5783,36,generator_specific,0,0,1,,,test2_golden,0,1.147,cxx_add_to_sub:/mnt/scratch1/ardi/dsl_mut/HM-armc/mutation/lowered-cpp/stencil_chain/stencil_chain.halide_generated.cpp:5783:36
stencil_chain,cxx_default_on_emitted_cpp,5eb72c8d,0,14,cxx_add_to_sub,stencil_chain.halide_generated.cpp,13575,43,generator_specific,0,0,1,,,test2_golden,0,0.721,cxx_add_to_sub:/mnt/scratch1/ardi/dsl_mut/HM-armc/mutation/lowered-cpp/stencil_chain/stencil_chain.halide_generated.cpp:13575:43
stencil_chain,cxx_default_on_emitted_cpp,5eb72c8d,0,14,cxx_add_to_sub,stencil_chain.halide_generated.cpp,17564,50,generator_specific,0,0,1,,,test2_golden,0,0.743,cxx_add_to_sub:/mnt/scratch1/ardi/dsl_mut/HM-armc/mutation/lowered-cpp/stencil_chain/stencil_chain.halide_generated.cpp:17564:50
stencil_chain,cxx_default_on_emitted_cpp,5eb72c8d,0,14,cxx_add_to_sub,stencil_chain.halide_generated.cpp,13564,43,generator_specific,0,0,1,,,test2_golden,0,0.741,cxx_add_to_sub:/mnt/scratch1/ardi/dsl_mut/HM-armc/mutation/lowered-cpp/stencil_chain/stencil_chain.halide_generated.cpp:13564:43
stencil_chain,cxx_default_on_emitted_cpp,5eb72c8d,0,14,cxx_add_to_sub,stencil_chain.halide_generated.cpp,11383,37,generator_specific,0,0,0,,,,0,0.727,cxx_add_to_sub:/mnt/scratch1/ardi/dsl_mut/HM-armc/mutation/lowered-cpp/stencil_chain/stencil_chain.halide_generated.cpp:11383:37
stencil_chain,cxx_default_on_emitted_cpp,5eb72c8d,0,14,cxx_mul_to_div,stencil_chain.halide_generated.cpp,6151,41,generator_specific,0,0,1,,,test2_golden,0,0.741,cxx_mul_to_div:/mnt/scratch1/ardi/dsl_mut/HM-armc/mutation/lowered-cpp/stencil_chain/stencil_chain.halide_generated.cpp:6151:41
stencil_chain,cxx_default_on_emitted_cpp,5eb72c8d,0,14,cxx_add_to_sub,stencil_chain.halide_generated.cpp,13866,44,generator_specific,0,0,1,,,test2_golden,0,1.234,cxx_add_to_sub:/mnt/scratch1/ardi/dsl_mut/HM-armc/mutation/lowered-cpp/stencil_chain/stencil_chain.halide_generated.cpp:13866:44
stencil_chain,cxx_default_on_emitted_cpp,5eb72c8d,0,14,cxx_add_to_sub,stencil_chain.halide_generated.cpp,5725,41,generator_specific,0,0,1,,,test2_golden,0,0.720,cxx_add_to_sub:/mnt/scratch1/ardi/dsl_mut/HM-armc/mutation/lowered-cpp/stencil_chain/stencil_chain.halide_generated.cpp:5725:41
stencil_chain,cxx_default_on_emitted_cpp,5eb72c8d,0,14,cxx_add_to_sub,stencil_chain.halide_generated.cpp,17990,46,generator_specific,0,0,1,,,test2_golden,0,0.722,cxx_add_to_sub:/mnt/scratch1/ardi/dsl_mut/HM-armc/mutation/lowered-cpp/stencil_chain/stencil_chain.halide_generated.cpp:17990:46
stencil_chain,cxx_default_on_emitted_cpp,5eb72c8d,0,14,cxx_le_to_lt,stencil_chain.halide_generated.cpp,18700,24,generator_specific,0,0,0,,,,0,0.720,cxx_le_to_lt:/mnt/scratch1/ardi/dsl_mut/HM-armc/mutation/lowered-cpp/stencil_chain/stencil_chain.halide_generated.cpp:18700:24
stencil_chain,cxx_default_on_emitted_cpp,5eb72c8d,0,14,cxx_mul_to_div,stencil_chain.halide_generated.cpp,9158,41,generator_specific,0,0,1,,,test2_golden,0,0.742,cxx_mul_to_div:/mnt/scratch1/ardi/dsl_mut/HM-armc/mutation/lowered-cpp/stencil_chain/stencil_chain.halide_generated.cpp:9158:41
stencil_chain,cxx_default_on_emitted_cpp,5eb72c8d,0,14,cxx_le_to_lt,stencil_chain.halide_generated.cpp,4189,31,generator_specific,0,0,1,,,test2_golden,0,0.742,cxx_le_to_lt:/mnt/scratch1/ardi/dsl_mut/HM-armc/mutation/lowered-cpp/stencil_chain/stencil_chain.halide_generated.cpp:4189:31
stencil_chain,cxx_default_on_emitted_cpp,5eb72c8d,0,14,cxx_add_to_sub,stencil_chain.halide_generated.cpp,7590,41,generator_specific,0,0,1,,,test2_golden,0,0.920,cxx_add_to_sub:/mnt/scratch1/ardi/dsl_mut/HM-armc/mutation/lowered-cpp/stencil_chain/stencil_chain.halide_generated.cpp:7590:41
stencil_chain,cxx_default_on_emitted_cpp,5eb72c8d,0,14,cxx_mul_to_div,stencil_chain.halide_generated.cpp,5316,50,generator_specific,0,0,1,,,test2_golden,0,0.745,cxx_mul_to_div:/mnt/scratch1/ardi/dsl_mut/HM-armc/mutation/lowered-cpp/stencil_chain/stencil_chain.halide_generated.cpp:5316:50
stencil_chain,cxx_default_on_emitted_cpp,5eb72c8d,0,14,cxx_add_to_sub,stencil_chain.halide_generated.cpp,13770,46,generator_specific,0,0,1,,,test2_golden,0,1.217,cxx_add_to_sub:/mnt/scratch1/ardi/dsl_mut/HM-armc/mutation/lowered-cpp/stencil_chain/stencil_chain.halide_generated.cpp:13770:46
stencil_chain,cxx_default_on_emitted_cpp,5eb72c8d,0,14,cxx_add_to_sub,stencil_chain.halide_generated.cpp,5712,41,generator_specific,0,0,1,,,test2_golden,0,0.724,cxx_add_to_sub:/mnt/scratch1/ardi/dsl_mut/HM-armc/mutation/lowered-cpp/stencil_chain/stencil_chain.halide_generated.cpp:5712:41
stencil_chain,cxx_default_on_emitted_cpp,5eb72c8d,0,14,cxx_add_to_sub,stencil_chain.halide_generated.cpp,10768,46,generator_specific,0,0,1,,,test2_golden,0,0.844,cxx_add_to_sub:/mnt/scratch1/ardi/dsl_mut/HM-armc/mutation/lowered-cpp/stencil_chain/stencil_chain.halide_generated.cpp:10768:46
stencil_chain,cxx_default_on_emitted_cpp,5eb72c8d,0,14,cxx_add_to_sub,stencil_chain.halide_generated.cpp,6427,43,generator_specific,0,0,1,,,test2_golden,0,0.741,cxx_add_to_sub:/mnt/scratch1/ardi/dsl_mut/HM-armc/mutation/lowered-cpp/stencil_chain/stencil_chain.halide_generated.cpp:6427:43
stencil_chain,cxx_default_on_emitted_cpp,5eb72c8d,0,14,cxx_mul_to_div,stencil_chain.halide_generated.cpp,14439,50,generator_specific,0,0,1,,,test2_golden,0,0.748,cxx_mul_to_div:/mnt/scratch1/ardi/dsl_mut/HM-armc/mutation/lowered-cpp/stencil_chain/stencil_chain.halide_generated.cpp:14439:50
stencil_chain,cxx_default_on_emitted_cpp,5eb72c8d,0,14,cxx_add_to_sub,stencil_chain.halide_generated.cpp,13979,43,generator_specific,0,0,1,,,test2_golden,0,0.725,cxx_add_to_sub:/mnt/scratch1/ardi/dsl_mut/HM-armc/mutation/lowered-cpp/stencil_chain/stencil_chain.halide_generated.cpp:13979:43
stencil_chain,cxx_default_on_emitted_cpp,5eb72c8d,0,14,cxx_add_to_sub,stencil_chain.halide_generated.cpp,14632,48,generator_specific,0,0,1,,,test2_golden,0,1.127,cxx_add_to_sub:/mnt/scratch1/ardi/dsl_mut/HM-armc/mutation/lowered-cpp/stencil_chain/stencil_chain.halide_generated.cpp:14632:48
stencil_chain,cxx_default_on_emitted_cpp,5eb72c8d,0,14,cxx_add_to_sub,stencil_chain.halide_generated.cpp,17743,103,generator_specific,0,0,0,,,,0,0.740,cxx_add_to_sub:/mnt/scratch1/ardi/dsl_mut/HM-armc/mutation/lowered-cpp/stencil_chain/stencil_chain.halide_generated.cpp:17743:103
stencil_chain,cxx_default_on_emitted_cpp,5eb72c8d,0,14,cxx_mul_to_div,stencil_chain.halide_generated.cpp,6898,43,generator_specific,0,0,1,,,test2_golden,0,0.721,cxx_mul_to_div:/mnt/scratch1/ardi/dsl_mut/HM-armc/mutation/lowered-cpp/stencil_chain/stencil_chain.halide_generated.cpp:6898:43
stencil_chain,cxx_default_on_emitted_cpp,5eb72c8d,0,14,cxx_add_to_sub,stencil_chain.halide_generated.cpp,9011,49,generator_specific,0,0,1,,,test2_golden,0,0.748,cxx_add_to_sub:/mnt/scratch1/ardi/dsl_mut/HM-armc/mutation/lowered-cpp/stencil_chain/stencil_chain.halide_generated.cpp:9011:49
stencil_chain,cxx_default_on_emitted_cpp,5eb72c8d,0,14,cxx_mul_to_div,stencil_chain.halide_generated.cpp,8395,49,generator_specific,0,0,1,,,test2_golden,0,0.723,cxx_mul_to_div:/mnt/scratch1/ardi/dsl_mut/HM-armc/mutation/lowered-cpp/stencil_chain/stencil_chain.halide_generated.cpp:8395:49
stencil_chain,cxx_default_on_emitted_cpp,5eb72c8d,0,14,cxx_mul_to_div,stencil_chain.halide_generated.cpp,4334,42,generator_specific,0,0,1,,,test2_golden,0,0.720,cxx_mul_to_div:/mnt/scratch1/ardi/dsl_mut/HM-armc/mutation/lowered-cpp/stencil_chain/stencil_chain.halide_generated.cpp:4334:42
stencil_chain,cxx_default_on_emitted_cpp,5eb72c8d,0,14,cxx_mul_to_div,stencil_chain.halide_generated.cpp,4458,43,generator_specific,0,0,1,,,test2_golden,0,0.724,cxx_mul_to_div:/mnt/scratch1/ardi/dsl_mut/HM-armc/mutation/lowered-cpp/stencil_chain/stencil_chain.halide_generated.cpp:4458:43
stencil_chain,cxx_default_on_emitted_cpp,5eb72c8d,0,14,cxx_add_to_sub,stencil_chain.halide_generated.cpp,11712,97,generator_specific,0,0,1,,,test2_golden,0,0.832,cxx_add_to_sub:/mnt/scratch1/ardi/dsl_mut/HM-armc/mutation/lowered-cpp/stencil_chain/stencil_chain.halide_generated.cpp:11712:97
stencil_chain,cxx_default_on_emitted_cpp,5eb72c8d,0,14,cxx_replace_scalar_call,stencil_chain.halide_generated.cpp,18342,19,generator_specific,0,0,0,,,,0,0.725,cxx_replace_scalar_call:/mnt/scratch1/ardi/dsl_mut/HM-armc/mutation/lowered-cpp/stencil_chain/stencil_chain.halide_generated.cpp:18342:19
stencil_chain,cxx_default_on_emitted_cpp,5eb72c8d,0,14,cxx_add_to_sub,stencil_chain.halide_generated.cpp,4632,41,generator_specific,0,0,1,,,test2_golden,0,0.741,cxx_add_to_sub:/mnt/scratch1/ardi/dsl_mut/HM-armc/mutation/lowered-cpp/stencil_chain/stencil_chain.halide_generated.cpp:4632:41
stencil_chain,cxx_default_on_emitted_cpp,5eb72c8d,0,14,cxx_mul_to_div,stencil_chain.halide_generated.cpp,7730,47,generator_specific,0,0,1,,,test2_golden,0,0.722,cxx_mul_to_div:/mnt/scratch1/ardi/dsl_mut/HM-armc/mutation/lowered-cpp/stencil_chain/stencil_chain.halide_generated.cpp:7730:47
stencil_chain,cxx_default_on_emitted_cpp,5eb72c8d,0,14,cxx_lt_to_le,stencil_chain.halide_generated.cpp,9089,60,generator_specific,0,0,0,,,,0,0.725,cxx_lt_to_le:/mnt/scratch1/ardi/dsl_mut/HM-armc/mutation/lowered-cpp/stencil_chain/stencil_chain.halide_generated.cpp:9089:60
stencil_chain,cxx_default_on_emitted_cpp,5eb72c8d,0,14,cxx_mul_to_div,stencil_chain.halide_generated.cpp,17408,46,generator_specific,0,0,1,,,test2_golden,0,0.742,cxx_mul_to_div:/mnt/scratch1/ardi/dsl_mut/HM-armc/mutation/lowered-cpp/stencil_chain/stencil_chain.halide_generated.cpp:17408:46
stencil_chain,cxx_default_on_emitted_cpp,5eb72c8d,0,14,cxx_mul_to_div,stencil_chain.halide_generated.cpp,13452,54,generator_specific,0,0,1,,,test2_golden,0,0.700,cxx_mul_to_div:/mnt/scratch1/ardi/dsl_mut/HM-armc/mutation/lowered-cpp/stencil_chain/stencil_chain.halide_generated.cpp:13452:54
stencil_chain,cxx_default_on_emitted_cpp,5eb72c8d,0,14,cxx_mul_to_div,stencil_chain.halide_generated.cpp,13395,45,generator_specific,0,0,1,,,test2_golden,0,0.984,cxx_mul_to_div:/mnt/scratch1/ardi/dsl_mut/HM-armc/mutation/lowered-cpp/stencil_chain/stencil_chain.halide_generated.cpp:13395:45
stencil_chain,cxx_default_on_emitted_cpp,5eb72c8d,0,14,cxx_add_to_sub,stencil_chain.halide_generated.cpp,14770,47,generator_specific,0,0,1,,,test2_golden,0,0.721,cxx_add_to_sub:/mnt/scratch1/ardi/dsl_mut/HM-armc/mutation/lowered-cpp/stencil_chain/stencil_chain.halide_generated.cpp:14770:47
stencil_chain,cxx_default_on_emitted_cpp,5eb72c8d,0,14,cxx_mul_to_div,stencil_chain.halide_generated.cpp,11423,41,generator_specific,0,0,1,,,test2_golden,0,0.720,cxx_mul_to_div:/mnt/scratch1/ardi/dsl_mut/HM-armc/mutation/lowered-cpp/stencil_chain/stencil_chain.halide_generated.cpp:11423:41
stencil_chain,cxx_default_on_emitted_cpp,5eb72c8d,0,14,cxx_add_to_sub,stencil_chain.halide_generated.cpp,5906,95,generator_specific,0,0,0,,,,0,0.763,cxx_add_to_sub:/mnt/scratch1/ardi/dsl_mut/HM-armc/mutation/lowered-cpp/stencil_chain/stencil_chain.halide_generated.cpp:5906:95
stencil_chain,cxx_default_on_emitted_cpp,5eb72c8d,0,14,cxx_add_to_sub,stencil_chain.halide_generated.cpp,14488,47,generator_specific,0,0,1,,,test2_golden,0,0.790,cxx_add_to_sub:/mnt/scratch1/ardi/dsl_mut/HM-armc/mutation/lowered-cpp/stencil_chain/stencil_chain.halide_generated.cpp:14488:47
stencil_chain,cxx_default_on_emitted_cpp,5eb72c8d,0,14,cxx_mul_to_div,stencil_chain.halide_generated.cpp,18972,29,generator_specific,0,0,1,,,test2_golden,0,0.457,cxx_mul_to_div:/mnt/scratch1/ardi/dsl_mut/HM-armc/mutation/lowered-cpp/stencil_chain/stencil_chain.halide_generated.cpp:18972:29
stencil_chain,cxx_default_on_emitted_cpp,5eb72c8d,0,14,cxx_mul_to_div,stencil_chain.halide_generated.cpp,11138,40,generator_specific,0,0,1,,,test2_golden,0,0.745,cxx_mul_to_div:/mnt/scratch1/ardi/dsl_mut/HM-armc/mutation/lowered-cpp/stencil_chain/stencil_chain.halide_generated.cpp:11138:40
stencil_chain,cxx_default_on_emitted_cpp,5eb72c8d,0,14,cxx_replace_scalar_call,stencil_chain.halide_generated.cpp,5482,29,generator_specific,0,0,0,,,,0,1.607,cxx_replace_scalar_call:/mnt/scratch1/ardi/dsl_mut/HM-armc/mutation/lowered-cpp/stencil_chain/stencil_chain.halide_generated.cpp:5482:29
stencil_chain,cxx_default_on_emitted_cpp,5eb72c8d,0,14,cxx_mul_to_div,stencil_chain.halide_generated.cpp,5329,50,generator_specific,0,0,1,,,test2_golden,0,0.722,cxx_mul_to_div:/mnt/scratch1/ardi/dsl_mut/HM-armc/mutation/lowered-cpp/stencil_chain/stencil_chain.halide_generated.cpp:5329:50
stencil_chain,cxx_default_on_emitted_cpp,5eb72c8d,0,14,cxx_mul_to_div,stencil_chain.halide_generated.cpp,14499,47,generator_specific,0,0,1,,,test2_golden,0,0.741,cxx_mul_to_div:/mnt/scratch1/ardi/dsl_mut/HM-armc/mutation/lowered-cpp/stencil_chain/stencil_chain.halide_generated.cpp:14499:47
stencil_chain,cxx_default_on_emitted_cpp,5eb72c8d,0,14,cxx_add_to_sub,stencil_chain.halide_generated.cpp,10695,49,generator_specific,0,0,1,,,test2_golden,0,0.748,cxx_add_to_sub:/mnt/scratch1/ardi/dsl_mut/HM-armc/mutation/lowered-cpp/stencil_chain/stencil_chain.halide_generated.cpp:10695:49
stencil_chain,cxx_default_on_emitted_cpp,5eb72c8d,0,14,cxx_mul_to_div,stencil_chain.halide_generated.cpp,4902,43,generator_specific,0,0,1,,,test2_golden,0,0.990,cxx_mul_to_div:/mnt/scratch1/ardi/dsl_mut/HM-armc/mutation/lowered-cpp/stencil_chain/stencil_chain.halide_generated.cpp:4902:43
stencil_chain,cxx_default_on_emitted_cpp,5eb72c8d,0,14,cxx_add_to_sub,stencil_chain.halide_generated.cpp,10590,45,generator_specific,0,0,1,,,test2_golden,0,1.006,cxx_add_to_sub:/mnt/scratch1/ardi/dsl_mut/HM-armc/mutation/lowered-cpp/stencil_chain/stencil_chain.halide_generated.cpp:10590:45
stencil_chain,cxx_default_on_emitted_cpp,5eb72c8d,0,14,cxx_add_to_sub,stencil_chain.halide_generated.cpp,12634,39,generator_specific,0,0,1,,,test2_golden,0,0.747,cxx_add_to_sub:/mnt/scratch1/ardi/dsl_mut/HM-armc/mutation/lowered-cpp/stencil_chain/stencil_chain.halide_generated.cpp:12634:39
stencil_chain,cxx_default_on_emitted_cpp,5eb72c8d,0,14,cxx_le_to_gt,stencil_chain.halide_generated.cpp,11359,28,generator_specific,0,0,1,,,test2_golden,0,0.436,cxx_le_to_gt:/mnt/scratch1/ardi/dsl_mut/HM-armc/mutation/lowered-cpp/stencil_chain/stencil_chain.halide_generated.cpp:11359:28
stencil_chain,cxx_default_on_emitted_cpp,5eb72c8d,0,14,cxx_add_to_sub,stencil_chain.halide_generated.cpp,18388,26,generator_specific,0,0,0,,,,0,0.971,cxx_add_to_sub:/mnt/scratch1/ardi/dsl_mut/HM-armc/mutation/lowered-cpp/stencil_chain/stencil_chain.halide_generated.cpp:18388:26
stencil_chain,cxx_default_on_emitted_cpp,5eb72c8d,0,14,cxx_mul_to_div,stencil_chain.halide_generated.cpp,5036,48,generator_specific,0,0,1,,,test2_golden,0,0.741,cxx_mul_to_div:/mnt/scratch1/ardi/dsl_mut/HM-armc/mutation/lowered-cpp/stencil_chain/stencil_chain.halide_generated.cpp:5036:48
stencil_chain,cxx_default_on_emitted_cpp,5eb72c8d,0,14,cxx_mul_to_div,stencil_chain.halide_generated.cpp,4876,47,generator_specific,0,0,1,,,test2_golden,0,0.727,cxx_mul_to_div:/mnt/scratch1/ardi/dsl_mut/HM-armc/mutation/lowered-cpp/stencil_chain/stencil_chain.halide_generated.cpp:4876:47
stencil_chain,cxx_default_on_emitted_cpp,5eb72c8d,0,14,cxx_add_to_sub,stencil_chain.halide_generated.cpp,8804,46,generator_specific,0,0,1,,,test2_golden,0,0.722,cxx_add_to_sub:/mnt/scratch1/ardi/dsl_mut/HM-armc/mutation/lowered-cpp/stencil_chain/stencil_chain.halide_generated.cpp:8804:46
stencil_chain,cxx_default_on_emitted_cpp,5eb72c8d,0,14,cxx_mul_to_div,stencil_chain.halide_generated.cpp,7091,45,generator_specific,0,0,1,,,test2_golden,0,0.726,cxx_mul_to_div:/mnt/scratch1/ardi/dsl_mut/HM-armc/mutation/lowered-cpp/stencil_chain/stencil_chain.halide_generated.cpp:7091:45
stencil_chain,cxx_default_on_emitted_cpp,5eb72c8d,0,14,cxx_sub_to_add,stencil_chain.halide_generated.cpp,13800,44,generator_specific,0,0,1,,,test2_golden,0,0.828,cxx_sub_to_add:/mnt/scratch1/ardi/dsl_mut/HM-armc/mutation/lowered-cpp/stencil_chain/stencil_chain.halide_generated.cpp:13800:44
stencil_chain,cxx_default_on_emitted_cpp,5eb72c8d,0,14,cxx_lt_to_ge,stencil_chain.halide_generated.cpp,11014,158,generator_specific,0,0,1,,,test2_golden,0,0.465,cxx_lt_to_ge:/mnt/scratch1/ardi/dsl_mut/HM-armc/mutation/lowered-cpp/stencil_chain/stencil_chain.halide_generated.cpp:11014:158
stencil_chain,cxx_default_on_emitted_cpp,5eb72c8d,0,14,cxx_add_to_sub,stencil_chain.halide_generated.cpp,11735,38,generator_specific,0,0,1,,,test2_golden,0,0.721,cxx_add_to_sub:/mnt/scratch1/ardi/dsl_mut/HM-armc/mutation/lowered-cpp/stencil_chain/stencil_chain.halide_generated.cpp:11735:38
stencil_chain,cxx_default_on_emitted_cpp,5eb72c8d,0,14,cxx_add_to_sub,stencil_chain.halide_generated.cpp,10624,45,generator_specific,0,0,1,,,test2_golden,0,0.805,cxx_add_to_sub:/mnt/scratch1/ardi/dsl_mut/HM-armc/mutation/lowered-cpp/stencil_chain/stencil_chain.halide_generated.cpp:10624:45
stencil_chain,cxx_default_on_emitted_cpp,5eb72c8d,0,14,cxx_add_to_sub,stencil_chain.halide_generated.cpp,6860,39,generator_specific,0,0,1,,,test2_golden,0,0.723,cxx_add_to_sub:/mnt/scratch1/ardi/dsl_mut/HM-armc/mutation/lowered-cpp/stencil_chain/stencil_chain.halide_generated.cpp:6860:39
stencil_chain,cxx_default_on_emitted_cpp,5eb72c8d,0,14,cxx_add_to_sub,stencil_chain.halide_generated.cpp,8741,46,generator_specific,0,0,1,,,test2_golden,0,0.747,cxx_add_to_sub:/mnt/scratch1/ardi/dsl_mut/HM-armc/mutation/lowered-cpp/stencil_chain/stencil_chain.halide_generated.cpp:8741:46
stencil_chain,cxx_default_on_emitted_cpp,5eb72c8d,0,14,cxx_add_to_sub,stencil_chain.halide_generated.cpp,7631,45,generator_specific,0,0,1,,,test2_golden,0,0.750,cxx_add_to_sub:/mnt/scratch1/ardi/dsl_mut/HM-armc/mutation/lowered-cpp/stencil_chain/stencil_chain.halide_generated.cpp:7631:45
stencil_chain,cxx_default_on_emitted_cpp,5eb72c8d,0,14,cxx_mul_to_div,stencil_chain.halide_generated.cpp,13927,48,generator_specific,0,0,1,,,test2_golden,0,0.728,cxx_mul_to_div:/mnt/scratch1/ardi/dsl_mut/HM-armc/mutation/lowered-cpp/stencil_chain/stencil_chain.halide_generated.cpp:13927:48
stencil_chain,cxx_default_on_emitted_cpp,5eb72c8d,0,14,cxx_add_to_sub,stencil_chain.halide_generated.cpp,11178,40,generator_specific,0,0,1,,,test2_golden,0,0.744,cxx_add_to_sub:/mnt/scratch1/ardi/dsl_mut/HM-armc/mutation/lowered-cpp/stencil_chain/stencil_chain.halide_generated.cpp:11178:40
stencil_chain,cxx_default_on_emitted_cpp,5eb72c8d,0,14,cxx_add_to_sub,stencil_chain.halide_generated.cpp,13257,46,generator_specific,0,0,1,,,test2_golden,0,0.719,cxx_add_to_sub:/mnt/scratch1/ardi/dsl_mut/HM-armc/mutation/lowered-cpp/stencil_chain/stencil_chain.halide_generated.cpp:13257:46
stencil_chain,cxx_default_on_emitted_cpp,5eb72c8d,0,14,cxx_mul_to_div,stencil_chain.halide_generated.cpp,8521,44,generator_specific,0,0,1,,,test2_golden,0,0.910,cxx_mul_to_div:/mnt/scratch1/ardi/dsl_mut/HM-armc/mutation/lowered-cpp/stencil_chain/stencil_chain.halide_generated.cpp:8521:44
stencil_chain,cxx_default_on_emitted_cpp,5eb72c8d,0,14,cxx_add_to_sub,stencil_chain.halide_generated.cpp,12329,38,generator_specific,0,0,1,,,test2_golden,0,0.721,cxx_add_to_sub:/mnt/scratch1/ardi/dsl_mut/HM-armc/mutation/lowered-cpp/stencil_chain/stencil_chain.halide_generated.cpp:12329:38
stencil_chain,cxx_default_on_emitted_cpp,5eb72c8d,0,14,cxx_add_to_sub,stencil_chain.halide_generated.cpp,4779,43,generator_specific,0,0,1,,,test2_golden,0,0.721,cxx_add_to_sub:/mnt/scratch1/ardi/dsl_mut/HM-armc/mutation/lowered-cpp/stencil_chain/stencil_chain.halide_generated.cpp:4779:43
stencil_chain,cxx_default_on_emitted_cpp,5eb72c8d,0,14,cxx_add_to_sub,stencil_chain.halide_generated.cpp,11520,41,generator_specific,0,0,1,,,test2_golden,0,0.776,cxx_add_to_sub:/mnt/scratch1/ardi/dsl_mut/HM-armc/mutation/lowered-cpp/stencil_chain/stencil_chain.halide_generated.cpp:11520:41
stencil_chain,cxx_default_on_emitted_cpp,5eb72c8d,0,14,cxx_mul_to_div,stencil_chain.halide_generated.cpp,6567,42,generator_specific,0,0,1,,,test2_golden,0,0.754,cxx_mul_to_div:/mnt/scratch1/ardi/dsl_mut/HM-armc/mutation/lowered-cpp/stencil_chain/stencil_chain.halide_generated.cpp:6567:42
stencil_chain,cxx_default_on_emitted_cpp,5eb72c8d,0,14,cxx_add_to_sub,stencil_chain.halide_generated.cpp,13794,103,generator_specific,0,0,1,,,test2_golden,0,0.745,cxx_add_to_sub:/mnt/scratch1/ardi/dsl_mut/HM-armc/mutation/lowered-cpp/stencil_chain/stencil_chain.halide_generated.cpp:13794:103
stencil_chain,cxx_default_on_emitted_cpp,5eb72c8d,0,14,cxx_add_to_sub,stencil_chain.halide_generated.cpp,18416,26,generator_specific,0,0,0,,,,0,0.745,cxx_add_to_sub:/mnt/scratch1/ardi/dsl_mut/HM-armc/mutation/lowered-cpp/stencil_chain/stencil_chain.halide_generated.cpp:18416:26
stencil_chain,cxx_default_on_emitted_cpp,5eb72c8d,0,14,cxx_mul_to_div,stencil_chain.halide_generated.cpp,18196,52,generator_specific,0,0,1,,,test2_golden,0,0.726,cxx_mul_to_div:/mnt/scratch1/ardi/dsl_mut/HM-armc/mutation/lowered-cpp/stencil_chain/stencil_chain.halide_generated.cpp:18196:52
stencil_chain,cxx_default_on_emitted_cpp,5eb72c8d,0,14,cxx_add_to_sub,stencil_chain.halide_generated.cpp,16160,44,generator_specific,0,0,1,,,test2_golden,0,0.745,cxx_add_to_sub:/mnt/scratch1/ardi/dsl_mut/HM-armc/mutation/lowered-cpp/stencil_chain/stencil_chain.halide_generated.cpp:16160:44
stencil_chain,cxx_default_on_emitted_cpp,5eb72c8d,0,14,cxx_mul_to_div,stencil_chain.halide_generated.cpp,10615,49,generator_specific,0,0,1,,,test2_golden,0,0.814,cxx_mul_to_div:/mnt/scratch1/ardi/dsl_mut/HM-armc/mutation/lowered-cpp/stencil_chain/stencil_chain.halide_generated.cpp:10615:49
stencil_chain,cxx_default_on_emitted_cpp,5eb72c8d,0,14,cxx_add_to_sub,stencil_chain.halide_generated.cpp,10344,101,generator_specific,0,0,0,,,,0,0.824,cxx_add_to_sub:/mnt/scratch1/ardi/dsl_mut/HM-armc/mutation/lowered-cpp/stencil_chain/stencil_chain.halide_generated.cpp:10344:101
stencil_chain,cxx_default_on_emitted_cpp,5eb72c8d,0,14,cxx_mul_to_div,stencil_chain.halide_generated.cpp,9213,41,generator_specific,0,0,1,,,test2_golden,0,0.743,cxx_mul_to_div:/mnt/scratch1/ardi/dsl_mut/HM-armc/mutation/lowered-cpp/stencil_chain/stencil_chain.halide_generated.cpp:9213:41
stencil_chain,cxx_default_on_emitted_cpp,5eb72c8d,0,14,cxx_add_to_sub,stencil_chain.halide_generated.cpp,14992,38,generator_specific,0,0,1,,,test2_golden,0,0.971,cxx_add_to_sub:/mnt/scratch1/ardi/dsl_mut/HM-armc/mutation/lowered-cpp/stencil_chain/stencil_chain.halide_generated.cpp:14992:38
stencil_chain,cxx_default_on_emitted_cpp,5eb72c8d,0,14,cxx_replace_scalar_call,stencil_chain.halide_generated.cpp,18320,19,generator_specific,-6,1,,,,test1_demo,0,0.147,cxx_replace_scalar_call:/mnt/scratch1/ardi/dsl_mut/HM-armc/mutation/lowered-cpp/stencil_chain/stencil_chain.halide_generated.cpp:18320:19
stencil_chain,cxx_default_on_emitted_cpp,5eb72c8d,0,14,cxx_mul_to_div,stencil_chain.halide_generated.cpp,8536,48,generator_specific,0,0,1,,,test2_golden,0,0.750,cxx_mul_to_div:/mnt/scratch1/ardi/dsl_mut/HM-armc/mutation/lowered-cpp/stencil_chain/stencil_chain.halide_generated.cpp:8536:48
stencil_chain,cxx_default_on_emitted_cpp,5eb72c8d,0,14,cxx_add_to_sub,stencil_chain.halide_generated.cpp,17385,48,generator_specific,0,0,1,,,test2_golden,0,0.742,cxx_add_to_sub:/mnt/scratch1/ardi/dsl_mut/HM-armc/mutation/lowered-cpp/stencil_chain/stencil_chain.halide_generated.cpp:17385:48
stencil_chain,cxx_default_on_emitted_cpp,5eb72c8d,0,14,cxx_add_to_sub,stencil_chain.halide_generated.cpp,8664,48,generator_specific,0,0,1,,,test2_golden,0,0.732,cxx_add_to_sub:/mnt/scratch1/ardi/dsl_mut/HM-armc/mutation/lowered-cpp/stencil_chain/stencil_chain.halide_generated.cpp:8664:48
stencil_chain,cxx_default_on_emitted_cpp,5eb72c8d,0,14,cxx_mul_to_div,stencil_chain.halide_generated.cpp,6139,41,generator_specific,0,0,1,,,test2_golden,0,1.044,cxx_mul_to_div:/mnt/scratch1/ardi/dsl_mut/HM-armc/mutation/lowered-cpp/stencil_chain/stencil_chain.halide_generated.cpp:6139:41
stencil_chain,cxx_default_on_emitted_cpp,5eb72c8d,0,14,cxx_mul_to_div,stencil_chain.halide_generated.cpp,5635,41,generator_specific,0,0,1,,,test2_golden,0,0.728,cxx_mul_to_div:/mnt/scratch1/ardi/dsl_mut/HM-armc/mutation/lowered-cpp/stencil_chain/stencil_chain.halide_generated.cpp:5635:41
stencil_chain,cxx_default_on_emitted_cpp,5eb72c8d,0,14,cxx_add_to_sub,stencil_chain.halide_generated.cpp,6068,42,generator_specific,0,0,1,,,test2_golden,0,0.725,cxx_add_to_sub:/mnt/scratch1/ardi/dsl_mut/HM-armc/mutation/lowered-cpp/stencil_chain/stencil_chain.halide_generated.cpp:6068:42
stencil_chain,cxx_default_on_emitted_cpp,5eb72c8d,0,14,cxx_add_to_sub,stencil_chain.halide_generated.cpp,12577,40,generator_specific,0,0,1,,,test2_golden,0,0.742,cxx_add_to_sub:/mnt/scratch1/ardi/dsl_mut/HM-armc/mutation/lowered-cpp/stencil_chain/stencil_chain.halide_generated.cpp:12577:40
stencil_chain,cxx_default_on_emitted_cpp,5eb72c8d,0,14,cxx_mul_to_div,stencil_chain.halide_generated.cpp,4472,43,generator_specific,0,0,1,,,test2_golden,0,0.742,cxx_mul_to_div:/mnt/scratch1/ardi/dsl_mut/HM-armc/mutation/lowered-cpp/stencil_chain/stencil_chain.halide_generated.cpp:4472:43
stencil_chain,cxx_default_on_emitted_cpp,5eb72c8d,0,14,cxx_mul_to_div,stencil_chain.halide_generated.cpp,9071,36,generator_specific,0,0,1,,,test2_golden,0,0.744,cxx_mul_to_div:/mnt/scratch1/ardi/dsl_mut/HM-armc/mutation/lowered-cpp/stencil_chain/stencil_chain.halide_generated.cpp:9071:36
stencil_chain,cxx_default_on_emitted_cpp,5eb72c8d,0,14,cxx_mul_to_div,stencil_chain.halide_generated.cpp,15336,39,generator_specific,0,0,1,,,test2_golden,0,0.745,cxx_mul_to_div:/mnt/scratch1/ardi/dsl_mut/HM-armc/mutation/lowered-cpp/stencil_chain/stencil_chain.halide_generated.cpp:15336:39
stencil_chain,cxx_default_on_emitted_cpp,5eb72c8d,0,14,cxx_add_to_sub,stencil_chain.halide_generated.cpp,11929,37,generator_specific,0,0,1,,,test2_golden,0,0.959,cxx_add_to_sub:/mnt/scratch1/ardi/dsl_mut/HM-armc/mutation/lowered-cpp/stencil_chain/stencil_chain.halide_generated.cpp:11929:37
stencil_chain,cxx_default_on_emitted_cpp,5eb72c8d,0,14,cxx_mul_to_div,stencil_chain.halide_generated.cpp,9507,43,generator_specific,0,0,1,,,test2_golden,0,0.722,cxx_mul_to_div:/mnt/scratch1/ardi/dsl_mut/HM-armc/mutation/lowered-cpp/stencil_chain/stencil_chain.halide_generated.cpp:9507:43
stencil_chain,cxx_default_on_emitted_cpp,5eb72c8d,0,14,cxx_mul_to_div,stencil_chain.halide_generated.cpp,3859,36,generator_specific,0,0,1,,,test2_golden,0,0.964,cxx_mul_to_div:/mnt/scratch1/ardi/dsl_mut/HM-armc/mutation/lowered-cpp/stencil_chain/stencil_chain.halide_generated.cpp:3859:36
stencil_chain,cxx_default_on_emitted_cpp,5eb72c8d,0,14,cxx_add_to_sub,stencil_chain.halide_generated.cpp,5240,49,generator_specific,0,0,1,,,test2_golden,0,0.724,cxx_add_to_sub:/mnt/scratch1/ardi/dsl_mut/HM-armc/mutation/lowered-cpp/stencil_chain/stencil_chain.halide_generated.cpp:5240:49
stencil_chain,cxx_default_on_emitted_cpp,5eb72c8d,0,14,cxx_add_to_sub,stencil_chain.halide_generated.cpp,7732,43,generator_specific,0,0,1,,,test2_golden,0,0.726,cxx_add_to_sub:/mnt/scratch1/ardi/dsl_mut/HM-armc/mutation/lowered-cpp/stencil_chain/stencil_chain.halide_generated.cpp:7732:43
stencil_chain,cxx_default_on_emitted_cpp,5eb72c8d,0,14,cxx_add_to_sub,stencil_chain.halide_generated.cpp,4565,40,generator_specific,0,0,1,,,test2_golden,0,0.744,cxx_add_to_sub:/mnt/scratch1/ardi/dsl_mut/HM-armc/mutation/lowered-cpp/stencil_chain/stencil_chain.halide_generated.cpp:4565:40
stencil_chain,cxx_default_on_emitted_cpp,5eb72c8d,0,14,cxx_add_to_sub,stencil_chain.halide_generated.cpp,16285,42,generator_specific,0,0,1,,,test2_golden,0,0.781,cxx_add_to_sub:/mnt/scratch1/ardi/dsl_mut/HM-armc/mutation/lowered-cpp/stencil_chain/stencil_chain.halide_generated.cpp:16285:42
stencil_chain,cxx_default_on_emitted_cpp,5eb72c8d,0,14,cxx_add_to_sub,stencil_chain.halide_generated.cpp,8863,45,generator_specific,0,0,1,,,test2_golden,0,1.010,cxx_add_to_sub:/mnt/scratch1/ardi/dsl_mut/HM-armc/mutation/lowered-cpp/stencil_chain/stencil_chain.halide_generated.cpp:8863:45
stencil_chain,cxx_default_on_emitted_cpp,5eb72c8d,0,14,cxx_add_to_sub,stencil_chain.halide_generated.cpp,7973,46,generator_specific,0,0,1,,,test2_golden,0,0.728,cxx_add_to_sub:/mnt/scratch1/ardi/dsl_mut/HM-armc/mutation/lowered-cpp/stencil_chain/stencil_chain.halide_generated.cpp:7973:46
stencil_chain,cxx_default_on_emitted_cpp,5eb72c8d,0,14,cxx_add_to_sub,stencil_chain.halide_generated.cpp,17913,47,generator_specific,0,0,1,,,test2_golden,0,1.197,cxx_add_to_sub:/mnt/scratch1/ardi/dsl_mut/HM-armc/mutation/lowered-cpp/stencil_chain/stencil_chain.halide_generated.cpp:17913:47
stencil_chain,cxx_default_on_emitted_cpp,5eb72c8d,0,14,cxx_mul_to_div,stencil_chain.halide_generated.cpp,8773,50,generator_specific,0,0,1,,,test2_golden,0,0.742,cxx_mul_to_div:/mnt/scratch1/ardi/dsl_mut/HM-armc/mutation/lowered-cpp/stencil_chain/stencil_chain.halide_generated.cpp:8773:50
stencil_chain,cxx_default_on_emitted_cpp,5eb72c8d,0,14,cxx_add_to_sub,stencil_chain.halide_generated.cpp,15419,39,generator_specific,0,0,1,,,test2_golden,0,0.741,cxx_add_to_sub:/mnt/scratch1/ardi/dsl_mut/HM-armc/mutation/lowered-cpp/stencil_chain/stencil_chain.halide_generated.cpp:15419:39
stencil_chain,cxx_default_on_emitted_cpp,5eb72c8d,0,14,cxx_mul_to_div,stencil_chain.halide_generated.cpp,17124,49,generator_specific,0,0,1,,,test2_golden,0,0.838,cxx_mul_to_div:/mnt/scratch1/ardi/dsl_mut/HM-armc/mutation/lowered-cpp/stencil_chain/stencil_chain.halide_generated.cpp:17124:49
stencil_chain,cxx_default_on_emitted_cpp,5eb72c8d,0,14,cxx_add_to_sub,stencil_chain.halide_generated.cpp,14979,37,generator_specific,0,0,1,,,test2_golden,0,0.762,cxx_add_to_sub:/mnt/scratch1/ardi/dsl_mut/HM-armc/mutation/lowered-cpp/stencil_chain/stencil_chain.halide_generated.cpp:14979:37
stencil_chain,cxx_default_on_emitted_cpp,5eb72c8d,0,14,cxx_add_to_sub,stencil_chain.halide_generated.cpp,6752,44,generator_specific,0,0,1,,,test2_golden,0,0.914,cxx_add_to_sub:/mnt/scratch1/ardi/dsl_mut/HM-armc/mutation/lowered-cpp/stencil_chain/stencil_chain.halide_generated.cpp:6752:44
stencil_chain,cxx_default_on_emitted_cpp,5eb72c8d,0,14,cxx_le_to_gt,stencil_chain.halide_generated.cpp,13443,35,generator_specific,0,0,1,,,test2_golden,0,0.437,cxx_le_to_gt:/mnt/scratch1/ardi/dsl_mut/HM-armc/mutation/lowered-cpp/stencil_chain/stencil_chain.halide_generated.cpp:13443:35
stencil_chain,cxx_default_on_emitted_cpp,5eb72c8d,0,14,cxx_eq_to_ne,stencil_chain.halide_generated.cpp,2503,22,boilerplate,-6,1,,,,test1_demo,0,0.280,cxx_eq_to_ne:/mnt/scratch1/ardi/dsl_mut/HM-armc/mutation/lowered-cpp/stencil_chain/stencil_chain.halide_generated.cpp:2503:22
stencil_chain,cxx_default_on_emitted_cpp,5eb72c8d,0,14,cxx_mul_to_div,stencil_chain.halide_generated.cpp,6734,44,generator_specific,0,0,1,,,test2_golden,0,0.724,cxx_mul_to_div:/mnt/scratch1/ardi/dsl_mut/HM-armc/mutation/lowered-cpp/stencil_chain/stencil_chain.halide_generated.cpp:6734:44
stencil_chain,cxx_default_on_emitted_cpp,5eb72c8d,0,14,cxx_mul_to_div,stencil_chain.halide_generated.cpp,16408,45,generator_specific,0,0,1,,,test2_golden,0,1.058,cxx_mul_to_div:/mnt/scratch1/ardi/dsl_mut/HM-armc/mutation/lowered-cpp/stencil_chain/stencil_chain.halide_generated.cpp:16408:45
stencil_chain,cxx_default_on_emitted_cpp,5eb72c8d,0,14,cxx_add_to_sub,stencil_chain.halide_generated.cpp,16292,42,generator_specific,0,0,1,,,test2_golden,0,0.996,cxx_add_to_sub:/mnt/scratch1/ardi/dsl_mut/HM-armc/mutation/lowered-cpp/stencil_chain/stencil_chain.halide_generated.cpp:16292:42
stencil_chain,cxx_default_on_emitted_cpp,5eb72c8d,0,14,cxx_mul_to_div,stencil_chain.halide_generated.cpp,17851,51,generator_specific,0,0,1,,,test2_golden,0,0.720,cxx_mul_to_div:/mnt/scratch1/ardi/dsl_mut/HM-armc/mutation/lowered-cpp/stencil_chain/stencil_chain.halide_generated.cpp:17851:51
stencil_chain,cxx_default_on_emitted_cpp,5eb72c8d,0,14,cxx_remove_void_call,stencil_chain.halide_generated.cpp,15484,15,generator_specific,0,0,1,,,test2_golden,0,0.551,cxx_remove_void_call:/mnt/scratch1/ardi/dsl_mut/HM-armc/mutation/lowered-cpp/stencil_chain/stencil_chain.halide_generated.cpp:15484:15
stencil_chain,cxx_default_on_emitted_cpp,5eb72c8d,0,14,cxx_add_to_sub,stencil_chain.halide_generated.cpp,3674,35,generator_specific,0,0,1,,,test2_golden,0,0.735,cxx_add_to_sub:/mnt/scratch1/ardi/dsl_mut/HM-armc/mutation/lowered-cpp/stencil_chain/stencil_chain.halide_generated.cpp:3674:35
stencil_chain,cxx_default_on_emitted_cpp,5eb72c8d,0,14,cxx_add_to_sub,stencil_chain.halide_generated.cpp,6754,44,generator_specific,0,0,1,,,test2_golden,0,1.057,cxx_add_to_sub:/mnt/scratch1/ardi/dsl_mut/HM-armc/mutation/lowered-cpp/stencil_chain/stencil_chain.halide_generated.cpp:6754:44
stencil_chain,cxx_default_on_emitted_cpp,5eb72c8d,0,14,cxx_lt_to_ge,stencil_chain.halide_generated.cpp,16182,65,generator_specific,0,0,1,,,test2_golden,0,0.654,cxx_lt_to_ge:/mnt/scratch1/ardi/dsl_mut/HM-armc/mutation/lowered-cpp/stencil_chain/stencil_chain.halide_generated.cpp:16182:65
stencil_chain,cxx_default_on_emitted_cpp,5eb72c8d,0,14,cxx_mul_to_div,stencil_chain.halide_generated.cpp,6337,43,generator_specific,0,0,1,,,test2_golden,0,0.721,cxx_mul_to_div:/mnt/scratch1/ardi/dsl_mut/HM-armc/mutation/lowered-cpp/stencil_chain/stencil_chain.halide_generated.cpp:6337:43
stencil_chain,cxx_default_on_emitted_cpp,5eb72c8d,0,14,cxx_mul_to_div,stencil_chain.halide_generated.cpp,17288,48,generator_specific,0,0,1,,,test2_golden,0,0.727,cxx_mul_to_div:/mnt/scratch1/ardi/dsl_mut/HM-armc/mutation/lowered-cpp/stencil_chain/stencil_chain.halide_generated.cpp:17288:48
stencil_chain,cxx_default_on_emitted_cpp,5eb72c8d,0,14,cxx_post_inc_to_post_dec,stencil_chain.halide_generated.cpp,10351,92,generator_specific,-11,1,,,,test1_demo,0,0.177,cxx_post_inc_to_post_dec:/mnt/scratch1/ardi/dsl_mut/HM-armc/mutation/lowered-cpp/stencil_chain/stencil_chain.halide_generated.cpp:10351:92
stencil_chain,cxx_default_on_emitted_cpp,5eb72c8d,0,14,cxx_mul_to_div,stencil_chain.halide_generated.cpp,18145,52,generator_specific,0,0,1,,,test2_golden,0,0.757,cxx_mul_to_div:/mnt/scratch1/ardi/dsl_mut/HM-armc/mutation/lowered-cpp/stencil_chain/stencil_chain.halide_generated.cpp:18145:52
stencil_chain,cxx_default_on_emitted_cpp,5eb72c8d,0,14,cxx_mul_to_div,stencil_chain.halide_generated.cpp,12546,44,generator_specific,0,0,1,,,test2_golden,0,0.749,cxx_mul_to_div:/mnt/scratch1/ardi/dsl_mut/HM-armc/mutation/lowered-cpp/stencil_chain/stencil_chain.halide_generated.cpp:12546:44
stencil_chain,cxx_default_on_emitted_cpp,5eb72c8d,0,14,cxx_add_to_sub,stencil_chain.halide_generated.cpp,11998,37,generator_specific,0,0,1,,,test2_golden,0,0.742,cxx_add_to_sub:/mnt/scratch1/ardi/dsl_mut/HM-armc/mutation/lowered-cpp/stencil_chain/stencil_chain.halide_generated.cpp:11998:37
stencil_chain,cxx_default_on_emitted_cpp,5eb72c8d,0,14,cxx_add_to_sub,stencil_chain.halide_generated.cpp,10699,49,generator_specific,0,0,1,,,test2_golden,0,0.836,cxx_add_to_sub:/mnt/scratch1/ardi/dsl_mut/HM-armc/mutation/lowered-cpp/stencil_chain/stencil_chain.halide_generated.cpp:10699:49
stencil_chain,cxx_default_on_emitted_cpp,5eb72c8d,0,14,cxx_add_to_sub,stencil_chain.halide_generated.cpp,12833,41,generator_specific,0,0,1,,,test2_golden,0,0.796,cxx_add_to_sub:/mnt/scratch1/ardi/dsl_mut/HM-armc/mutation/lowered-cpp/stencil_chain/stencil_chain.halide_generated.cpp:12833:41
stencil_chain,cxx_default_on_emitted_cpp,5eb72c8d,0,14,cxx_add_to_sub,stencil_chain.halide_generated.cpp,11665,36,generator_specific,0,0,1,,,test2_golden,0,0.749,cxx_add_to_sub:/mnt/scratch1/ardi/dsl_mut/HM-armc/mutation/lowered-cpp/stencil_chain/stencil_chain.halide_generated.cpp:11665:36
stencil_chain,cxx_default_on_emitted_cpp,5eb72c8d,0,14,cxx_add_to_sub,stencil_chain.halide_generated.cpp,5860,36,generator_specific,0,0,1,,,test2_golden,0,0.744,cxx_add_to_sub:/mnt/scratch1/ardi/dsl_mut/HM-armc/mutation/lowered-cpp/stencil_chain/stencil_chain.halide_generated.cpp:5860:36
stencil_chain,cxx_default_on_emitted_cpp,5eb72c8d,0,14,cxx_add_to_sub,stencil_chain.halide_generated.cpp,9251,41,generator_specific,0,0,1,,,test2_golden,0,0.722,cxx_add_to_sub:/mnt/scratch1/ardi/dsl_mut/HM-armc/mutation/lowered-cpp/stencil_chain/stencil_chain.halide_generated.cpp:9251:41
stencil_chain,cxx_default_on_emitted_cpp,5eb72c8d,0,14,cxx_add_to_sub,stencil_chain.halide_generated.cpp,10679,49,generator_specific,0,0,1,,,test2_golden,0,0.719,cxx_add_to_sub:/mnt/scratch1/ardi/dsl_mut/HM-armc/mutation/lowered-cpp/stencil_chain/stencil_chain.halide_generated.cpp:10679:49
stencil_chain,cxx_default_on_emitted_cpp,5eb72c8d,0,14,cxx_mul_to_div,stencil_chain.halide_generated.cpp,9901,45,generator_specific,0,0,1,,,test2_golden,0,0.743,cxx_mul_to_div:/mnt/scratch1/ardi/dsl_mut/HM-armc/mutation/lowered-cpp/stencil_chain/stencil_chain.halide_generated.cpp:9901:45
stencil_chain,cxx_default_on_emitted_cpp,5eb72c8d,0,14,cxx_add_to_sub,stencil_chain.halide_generated.cpp,15729,40,generator_specific,0,0,1,,,test2_golden,0,0.829,cxx_add_to_sub:/mnt/scratch1/ardi/dsl_mut/HM-armc/mutation/lowered-cpp/stencil_chain/stencil_chain.halide_generated.cpp:15729:40
stencil_chain,cxx_default_on_emitted_cpp,5eb72c8d,0,14,cxx_add_to_sub,stencil_chain.halide_generated.cpp,13405,41,generator_specific,0,0,1,,,test2_golden,0,1.242,cxx_add_to_sub:/mnt/scratch1/ardi/dsl_mut/HM-armc/mutation/lowered-cpp/stencil_chain/stencil_chain.halide_generated.cpp:13405:41
stencil_chain,cxx_default_on_emitted_cpp,5eb72c8d,0,14,cxx_add_to_sub,stencil_chain.halide_generated.cpp,16516,45,generator_specific,0,0,1,,,test2_golden,0,0.721,cxx_add_to_sub:/mnt/scratch1/ardi/dsl_mut/HM-armc/mutation/lowered-cpp/stencil_chain/stencil_chain.halide_generated.cpp:16516:45
stencil_chain,cxx_default_on_emitted_cpp,5eb72c8d,0,14,cxx_add_to_sub,stencil_chain.halide_generated.cpp,7710,43,generator_specific,0,0,1,,,test2_golden,0,0.738,cxx_add_to_sub:/mnt/scratch1/ardi/dsl_mut/HM-armc/mutation/lowered-cpp/stencil_chain/stencil_chain.halide_generated.cpp:7710:43
stencil_chain,cxx_default_on_emitted_cpp,5eb72c8d,0,14,cxx_add_to_sub,stencil_chain.halide_generated.cpp,17024,48,generator_specific,0,0,1,,,test2_golden,0,0.741,cxx_add_to_sub:/mnt/scratch1/ardi/dsl_mut/HM-armc/mutation/lowered-cpp/stencil_chain/stencil_chain.halide_generated.cpp:17024:48
stencil_chain,cxx_default_on_emitted_cpp,5eb72c8d,0,14,cxx_add_to_sub,stencil_chain.halide_generated.cpp,15465,43,generator_specific,0,0,1,,,test2_golden,0,0.821,cxx_add_to_sub:/mnt/scratch1/ardi/dsl_mut/HM-armc/mutation/lowered-cpp/stencil_chain/stencil_chain.halide_generated.cpp:15465:43
stencil_chain,cxx_default_on_emitted_cpp,5eb72c8d,0,14,cxx_add_to_sub,stencil_chain.halide_generated.cpp,18881,28,generator_specific,0,0,1,,,test2_golden,0,0.725,cxx_add_to_sub:/mnt/scratch1/ardi/dsl_mut/HM-armc/mutation/lowered-cpp/stencil_chain/stencil_chain.halide_generated.cpp:18881:28
stencil_chain,cxx_default_on_emitted_cpp,5eb72c8d,0,14,cxx_add_to_sub,stencil_chain.halide_generated.cpp,8071,44,generator_specific,0,0,1,,,test2_golden,0,0.717,cxx_add_to_sub:/mnt/scratch1/ardi/dsl_mut/HM-armc/mutation/lowered-cpp/stencil_chain/stencil_chain.halide_generated.cpp:8071:44
stencil_chain,cxx_default_on_emitted_cpp,5eb72c8d,0,14,cxx_mul_to_div,stencil_chain.halide_generated.cpp,7611,45,generator_specific,0,0,1,,,test2_golden,0,0.741,cxx_mul_to_div:/mnt/scratch1/ardi/dsl_mut/HM-armc/mutation/lowered-cpp/stencil_chain/stencil_chain.halide_generated.cpp:7611:45
stencil_chain,cxx_default_on_emitted_cpp,5eb72c8d,0,14,cxx_mul_to_div,stencil_chain.halide_generated.cpp,16946,48,generator_specific,0,0,1,,,test2_golden,0,1.058,cxx_mul_to_div:/mnt/scratch1/ardi/dsl_mut/HM-armc/mutation/lowered-cpp/stencil_chain/stencil_chain.halide_generated.cpp:16946:48
stencil_chain,cxx_default_on_emitted_cpp,5eb72c8d,0,14,cxx_add_to_sub,stencil_chain.halide_generated.cpp,14242,47,generator_specific,0,0,1,,,test2_golden,0,1.015,cxx_add_to_sub:/mnt/scratch1/ardi/dsl_mut/HM-armc/mutation/lowered-cpp/stencil_chain/stencil_chain.halide_generated.cpp:14242:47
stencil_chain,cxx_default_on_emitted_cpp,5eb72c8d,0,14,cxx_add_to_sub,stencil_chain.halide_generated.cpp,16507,45,generator_specific,0,0,1,,,test2_golden,0,0.743,cxx_add_to_sub:/mnt/scratch1/ardi/dsl_mut/HM-armc/mutation/lowered-cpp/stencil_chain/stencil_chain.halide_generated.cpp:16507:45
stencil_chain,cxx_default_on_emitted_cpp,5eb72c8d,0,14,cxx_add_to_sub,stencil_chain.halide_generated.cpp,14386,46,generator_specific,0,0,1,,,test2_golden,0,1.202,cxx_add_to_sub:/mnt/scratch1/ardi/dsl_mut/HM-armc/mutation/lowered-cpp/stencil_chain/stencil_chain.halide_generated.cpp:14386:46
stencil_chain,cxx_default_on_emitted_cpp,5eb72c8d,0,14,cxx_mul_to_div,stencil_chain.halide_generated.cpp,6675,44,generator_specific,0,0,1,,,test2_golden,0,0.722,cxx_mul_to_div:/mnt/scratch1/ardi/dsl_mut/HM-armc/mutation/lowered-cpp/stencil_chain/stencil_chain.halide_generated.cpp:6675:44
stencil_chain,cxx_default_on_emitted_cpp,5eb72c8d,0,14,cxx_add_to_sub,stencil_chain.halide_generated.cpp,7968,46,generator_specific,0,0,1,,,test2_golden,0,0.746,cxx_add_to_sub:/mnt/scratch1/ardi/dsl_mut/HM-armc/mutation/lowered-cpp/stencil_chain/stencil_chain.halide_generated.cpp:7968:46
stencil_chain,cxx_default_on_emitted_cpp,5eb72c8d,0,14,cxx_mul_to_div,stencil_chain.halide_generated.cpp,15519,38,generator_specific,0,0,1,,,test2_golden,0,0.722,cxx_mul_to_div:/mnt/scratch1/ardi/dsl_mut/HM-armc/mutation/lowered-cpp/stencil_chain/stencil_chain.halide_generated.cpp:15519:38
stencil_chain,cxx_default_on_emitted_cpp,5eb72c8d,0,14,cxx_add_to_sub,stencil_chain.halide_generated.cpp,8182,43,generator_specific,0,0,1,,,test2_golden,0,0.743,cxx_add_to_sub:/mnt/scratch1/ardi/dsl_mut/HM-armc/mutation/lowered-cpp/stencil_chain/stencil_chain.halide_generated.cpp:8182:43
stencil_chain,cxx_default_on_emitted_cpp,5eb72c8d,0,14,cxx_add_to_sub,stencil_chain.halide_generated.cpp,14639,52,generator_specific,0,0,1,,,test2_golden,0,0.741,cxx_add_to_sub:/mnt/scratch1/ardi/dsl_mut/HM-armc/mutation/lowered-cpp/stencil_chain/stencil_chain.halide_generated.cpp:14639:52
stencil_chain,cxx_default_on_emitted_cpp,5eb72c8d,0,14,cxx_mul_to_div,stencil_chain.halide_generated.cpp,9949,45,generator_specific,0,0,1,,,test2_golden,0,1.132,cxx_mul_to_div:/mnt/scratch1/ardi/dsl_mut/HM-armc/mutation/lowered-cpp/stencil_chain/stencil_chain.halide_generated.cpp:9949:45
stencil_chain,cxx_default_on_emitted_cpp,5eb72c8d,0,14,cxx_add_to_sub,stencil_chain.halide_generated.cpp,5101,45,generator_specific,0,0,0,,,,0,1.106,cxx_add_to_sub:/mnt/scratch1/ardi/dsl_mut/HM-armc/mutation/lowered-cpp/stencil_chain/stencil_chain.halide_generated.cpp:5101:45
stencil_chain,cxx_default_on_emitted_cpp,5eb72c8d,0,14,cxx_mul_to_div,stencil_chain.halide_generated.cpp,6251,37,generator_specific,0,0,1,,,test2_golden,0,0.742,cxx_mul_to_div:/mnt/scratch1/ardi/dsl_mut/HM-armc/mutation/lowered-cpp/stencil_chain/stencil_chain.halide_generated.cpp:6251:37
stencil_chain,cxx_default_on_emitted_cpp,5eb72c8d,0,14,cxx_mul_to_div,stencil_chain.halide_generated.cpp,16471,45,generator_specific,0,0,1,,,test2_golden,0,0.743,cxx_mul_to_div:/mnt/scratch1/ardi/dsl_mut/HM-armc/mutation/lowered-cpp/stencil_chain/stencil_chain.halide_generated.cpp:16471:45
stencil_chain,cxx_default_on_emitted_cpp,5eb72c8d,0,14,cxx_mul_to_div,stencil_chain.halide_generated.cpp,9217,41,generator_specific,0,0,1,,,test2_golden,0,0.744,cxx_mul_to_div:/mnt/scratch1/ardi/dsl_mut/HM-armc/mutation/lowered-cpp/stencil_chain/stencil_chain.halide_generated.cpp:9217:41
stencil_chain,cxx_default_on_emitted_cpp,5eb72c8d,0,14,cxx_remove_void_call,stencil_chain.halide_generated.cpp,13094,18,generator_specific,0,0,1,,,test2_golden,0,0.787,cxx_remove_void_call:/mnt/scratch1/ardi/dsl_mut/HM-armc/mutation/lowered-cpp/stencil_chain/stencil_chain.halide_generated.cpp:13094:18
stencil_chain,cxx_default_on_emitted_cpp,5eb72c8d,0,14,cxx_add_to_sub,stencil_chain.halide_generated.cpp,7179,40,generator_specific,0,0,1,,,test2_golden,0,0.810,cxx_add_to_sub:/mnt/scratch1/ardi/dsl_mut/HM-armc/mutation/lowered-cpp/stencil_chain/stencil_chain.halide_generated.cpp:7179:40
stencil_chain,cxx_default_on_emitted_cpp,5eb72c8d,0,14,cxx_lt_to_ge,stencil_chain.halide_generated.cpp,18403,23,generator_specific,0,0,0,,,,0,0.727,cxx_lt_to_ge:/mnt/scratch1/ardi/dsl_mut/HM-armc/mutation/lowered-cpp/stencil_chain/stencil_chain.halide_generated.cpp:18403:23
stencil_chain,cxx_default_on_emitted_cpp,5eb72c8d,0,14,cxx_add_to_sub,stencil_chain.halide_generated.cpp,7405,42,generator_specific,0,0,1,,,test2_golden,0,0.721,cxx_add_to_sub:/mnt/scratch1/ardi/dsl_mut/HM-armc/mutation/lowered-cpp/stencil_chain/stencil_chain.halide_generated.cpp:7405:42
stencil_chain,cxx_default_on_emitted_cpp,5eb72c8d,0,14,cxx_add_to_sub,stencil_chain.halide_generated.cpp,7097,45,generator_specific,0,0,1,,,test2_golden,0,1.085,cxx_add_to_sub:/mnt/scratch1/ardi/dsl_mut/HM-armc/mutation/lowered-cpp/stencil_chain/stencil_chain.halide_generated.cpp:7097:45
stencil_chain,cxx_default_on_emitted_cpp,5eb72c8d,0,14,cxx_add_to_sub,stencil_chain.halide_generated.cpp,16545,43,generator_specific,0,0,1,,,test2_golden,0,0.806,cxx_add_to_sub:/mnt/scratch1/ardi/dsl_mut/HM-armc/mutation/lowered-cpp/stencil_chain/stencil_chain.halide_generated.cpp:16545:43
stencil_chain,cxx_default_on_emitted_cpp,5eb72c8d,0,14,cxx_add_to_sub,stencil_chain.halide_generated.cpp,16760,42,generator_specific,0,0,1,,,test2_golden,0,0.816,cxx_add_to_sub:/mnt/scratch1/ardi/dsl_mut/HM-armc/mutation/lowered-cpp/stencil_chain/stencil_chain.halide_generated.cpp:16760:42
stencil_chain,cxx_default_on_emitted_cpp,5eb72c8d,0,14,cxx_add_to_sub,stencil_chain.halide_generated.cpp,6234,41,generator_specific,0,0,1,,,test2_golden,0,0.745,cxx_add_to_sub:/mnt/scratch1/ardi/dsl_mut/HM-armc/mutation/lowered-cpp/stencil_chain/stencil_chain.halide_generated.cpp:6234:41
stencil_chain,cxx_default_on_emitted_cpp,5eb72c8d,0,14,cxx_add_to_sub,stencil_chain.halide_generated.cpp,6574,42,generator_specific,0,0,1,,,test2_golden,0,0.741,cxx_add_to_sub:/mnt/scratch1/ardi/dsl_mut/HM-armc/mutation/lowered-cpp/stencil_chain/stencil_chain.halide_generated.cpp:6574:42
stencil_chain,cxx_default_on_emitted_cpp,5eb72c8d,0,14,cxx_add_to_sub,stencil_chain.halide_generated.cpp,17028,48,generator_specific,0,0,1,,,test2_golden,0,0.721,cxx_add_to_sub:/mnt/scratch1/ardi/dsl_mut/HM-armc/mutation/lowered-cpp/stencil_chain/stencil_chain.halide_generated.cpp:17028:48
stencil_chain,cxx_default_on_emitted_cpp,5eb72c8d,0,14,cxx_mul_to_div,stencil_chain.halide_generated.cpp,4447,43,generator_specific,0,0,1,,,test2_golden,0,0.745,cxx_mul_to_div:/mnt/scratch1/ardi/dsl_mut/HM-armc/mutation/lowered-cpp/stencil_chain/stencil_chain.halide_generated.cpp:4447:43
stencil_chain,cxx_default_on_emitted_cpp,5eb72c8d,0,14,cxx_mul_to_div,stencil_chain.halide_generated.cpp,6730,44,generator_specific,0,0,1,,,test2_golden,0,0.833,cxx_mul_to_div:/mnt/scratch1/ardi/dsl_mut/HM-armc/mutation/lowered-cpp/stencil_chain/stencil_chain.halide_generated.cpp:6730:44
stencil_chain,cxx_default_on_emitted_cpp,5eb72c8d,0,14,cxx_add_to_sub,stencil_chain.halide_generated.cpp,12005,37,generator_specific,0,0,1,,,test2_golden,0,0.797,cxx_add_to_sub:/mnt/scratch1/ardi/dsl_mut/HM-armc/mutation/lowered-cpp/stencil_chain/stencil_chain.halide_generated.cpp:12005:37
stencil_chain,cxx_default_on_emitted_cpp,5eb72c8d,0,14,cxx_add_to_sub,stencil_chain.halide_generated.cpp,12393,42,generator_specific,0,0,1,,,test2_golden,0,0.991,cxx_add_to_sub:/mnt/scratch1/ardi/dsl_mut/HM-armc/mutation/lowered-cpp/stencil_chain/stencil_chain.halide_generated.cpp:12393:42
stencil_chain,cxx_default_on_emitted_cpp,5eb72c8d,0,14,cxx_add_to_sub,stencil_chain.halide_generated.cpp,7131,40,generator_specific,0,0,1,,,test2_golden,0,0.719,cxx_add_to_sub:/mnt/scratch1/ardi/dsl_mut/HM-armc/mutation/lowered-cpp/stencil_chain/stencil_chain.halide_generated.cpp:7131:40
stencil_chain,cxx_default_on_emitted_cpp,5eb72c8d,0,14,cxx_sub_to_add,stencil_chain.halide_generated.cpp,9049,31,generator_specific,0,0,0,,,,0,0.880,cxx_sub_to_add:/mnt/scratch1/ardi/dsl_mut/HM-armc/mutation/lowered-cpp/stencil_chain/stencil_chain.halide_generated.cpp:9049:31
stencil_chain,cxx_default_on_emitted_cpp,5eb72c8d,0,14,cxx_mul_to_div,stencil_chain.halide_generated.cpp,7922,46,generator_specific,0,0,1,,,test2_golden,0,0.722,cxx_mul_to_div:/mnt/scratch1/ardi/dsl_mut/HM-armc/mutation/lowered-cpp/stencil_chain/stencil_chain.halide_generated.cpp:7922:46
stencil_chain,cxx_default_on_emitted_cpp,5eb72c8d,0,14,cxx_add_to_sub,stencil_chain.halide_generated.cpp,13181,42,generator_specific,0,0,1,,,test2_golden,0,0.741,cxx_add_to_sub:/mnt/scratch1/ardi/dsl_mut/HM-armc/mutation/lowered-cpp/stencil_chain/stencil_chain.halide_generated.cpp:13181:42
stencil_chain,cxx_default_on_emitted_cpp,5eb72c8d,0,14,cxx_add_to_sub,stencil_chain.halide_generated.cpp,5237,49,generator_specific,0,0,1,,,test2_golden,0,0.963,cxx_add_to_sub:/mnt/scratch1/ardi/dsl_mut/HM-armc/mutation/lowered-cpp/stencil_chain/stencil_chain.halide_generated.cpp:5237:49
stencil_chain,cxx_default_on_emitted_cpp,5eb72c8d,0,14,cxx_mul_to_div,stencil_chain.halide_generated.cpp,15572,42,generator_specific,0,0,1,,,test2_golden,0,0.761,cxx_mul_to_div:/mnt/scratch1/ardi/dsl_mut/HM-armc/mutation/lowered-cpp/stencil_chain/stencil_chain.halide_generated.cpp:15572:42
stencil_chain,cxx_default_on_emitted_cpp,5eb72c8d,0,14,cxx_add_to_sub,stencil_chain.halide_generated.cpp,15036,38,generator_specific,0,0,1,,,test2_golden,0,0.745,cxx_add_to_sub:/mnt/scratch1/ardi/dsl_mut/HM-armc/mutation/lowered-cpp/stencil_chain/stencil_chain.halide_generated.cpp:15036:38
stencil_chain,cxx_default_on_emitted_cpp,5eb72c8d,0,14,cxx_add_to_sub,stencil_chain.halide_generated.cpp,15458,43,generator_specific,0,0,1,,,test2_golden,0,0.773,cxx_add_to_sub:/mnt/scratch1/ardi/dsl_mut/HM-armc/mutation/lowered-cpp/stencil_chain/stencil_chain.halide_generated.cpp:15458:43
stencil_chain,cxx_default_on_emitted_cpp,5eb72c8d,0,14,cxx_add_to_sub,stencil_chain.halide_generated.cpp,7578,41,generator_specific,0,0,1,,,test2_golden,0,0.743,cxx_add_to_sub:/mnt/scratch1/ardi/dsl_mut/HM-armc/mutation/lowered-cpp/stencil_chain/stencil_chain.halide_generated.cpp:7578:41
stencil_chain,cxx_default_on_emitted_cpp,5eb72c8d,0,14,cxx_replace_scalar_call,stencil_chain.halide_generated.cpp,18393,19,generator_specific,0,0,0,,,,0,0.721,cxx_replace_scalar_call:/mnt/scratch1/ardi/dsl_mut/HM-armc/mutation/lowered-cpp/stencil_chain/stencil_chain.halide_generated.cpp:18393:19
stencil_chain,cxx_default_on_emitted_cpp,5eb72c8d,0,14,cxx_mul_to_div,stencil_chain.halide_generated.cpp,6037,42,generator_specific,0,0,1,,,test2_golden,0,0.746,cxx_mul_to_div:/mnt/scratch1/ardi/dsl_mut/HM-armc/mutation/lowered-cpp/stencil_chain/stencil_chain.halide_generated.cpp:6037:42
stencil_chain,cxx_default_on_emitted_cpp,5eb72c8d,0,14,cxx_add_to_sub,stencil_chain.halide_generated.cpp,11536,37,generator_specific,0,0,1,,,test2_golden,0,0.771,cxx_add_to_sub:/mnt/scratch1/ardi/dsl_mut/HM-armc/mutation/lowered-cpp/stencil_chain/stencil_chain.halide_generated.cpp:11536:37
stencil_chain,cxx_default_on_emitted_cpp,5eb72c8d,0,14,cxx_mul_to_div,stencil_chain.halide_generated.cpp,4264,42,generator_specific,0,0,1,,,test2_golden,0,0.720,cxx_mul_to_div:/mnt/scratch1/ardi/dsl_mut/HM-armc/mutation/lowered-cpp/stencil_chain/stencil_chain.halide_generated.cpp:4264:42
stencil_chain,cxx_default_on_emitted_cpp,5eb72c8d,0,14,cxx_add_to_sub,stencil_chain.halide_generated.cpp,17067,45,generator_specific,0,0,1,,,test2_golden,0,0.745,cxx_add_to_sub:/mnt/scratch1/ardi/dsl_mut/HM-armc/mutation/lowered-cpp/stencil_chain/stencil_chain.halide_generated.cpp:17067:45
stencil_chain,cxx_default_on_emitted_cpp,5eb72c8d,0,14,cxx_lt_to_ge,stencil_chain.halide_generated.cpp,18353,23,generator_specific,0,0,0,,,,0,0.784,cxx_lt_to_ge:/mnt/scratch1/ardi/dsl_mut/HM-armc/mutation/lowered-cpp/stencil_chain/stencil_chain.halide_generated.cpp:18353:23
stencil_chain,cxx_default_on_emitted_cpp,5eb72c8d,0,14,cxx_add_to_sub,stencil_chain.halide_generated.cpp,15470,43,generator_specific,0,0,1,,,test2_golden,0,0.739,cxx_add_to_sub:/mnt/scratch1/ardi/dsl_mut/HM-armc/mutation/lowered-cpp/stencil_chain/stencil_chain.halide_generated.cpp:15470:43
stencil_chain,cxx_default_on_emitted_cpp,5eb72c8d,0,14,cxx_add_to_sub,stencil_chain.halide_generated.cpp,17235,44,generator_specific,0,0,1,,,test2_golden,0,0.721,cxx_add_to_sub:/mnt/scratch1/ardi/dsl_mut/HM-armc/mutation/lowered-cpp/stencil_chain/stencil_chain.halide_generated.cpp:17235:44
stencil_chain,cxx_default_on_emitted_cpp,5eb72c8d,0,14,cxx_mul_to_div,stencil_chain.halide_generated.cpp,17179,49,generator_specific,0,0,1,,,test2_golden,0,0.721,cxx_mul_to_div:/mnt/scratch1/ardi/dsl_mut/HM-armc/mutation/lowered-cpp/stencil_chain/stencil_chain.halide_generated.cpp:17179:49
stencil_chain,cxx_default_on_emitted_cpp,5eb72c8d,0,14,cxx_mul_to_div,stencil_chain.halide_generated.cpp,10538,45,generator_specific,0,0,1,,,test2_golden,0,0.938,cxx_mul_to_div:/mnt/scratch1/ardi/dsl_mut/HM-armc/mutation/lowered-cpp/stencil_chain/stencil_chain.halide_generated.cpp:10538:45
stencil_chain,cxx_default_on_emitted_cpp,5eb72c8d,0,14,cxx_add_to_sub,stencil_chain.halide_generated.cpp,8320,47,generator_specific,0,0,1,,,test2_golden,0,0.724,cxx_add_to_sub:/mnt/scratch1/ardi/dsl_mut/HM-armc/mutation/lowered-cpp/stencil_chain/stencil_chain.halide_generated.cpp:8320:47
stencil_chain,cxx_default_on_emitted_cpp,5eb72c8d,0,14,cxx_add_to_sub,stencil_chain.halide_generated.cpp,6370,39,generator_specific,0,0,1,,,test2_golden,0,0.789,cxx_add_to_sub:/mnt/scratch1/ardi/dsl_mut/HM-armc/mutation/lowered-cpp/stencil_chain/stencil_chain.halide_generated.cpp:6370:39
stencil_chain,cxx_default_on_emitted_cpp,5eb72c8d,0,14,cxx_add_to_sub,stencil_chain.halide_generated.cpp,10151,46,generator_specific,0,0,1,,,test2_golden,0,0.720,cxx_add_to_sub:/mnt/scratch1/ardi/dsl_mut/HM-armc/mutation/lowered-cpp/stencil_chain/stencil_chain.halide_generated.cpp:10151:46
stencil_chain,cxx_default_on_emitted_cpp,5eb72c8d,0,14,cxx_mul_to_div,stencil_chain.halide_generated.cpp,15441,43,generator_specific,0,0,1,,,test2_golden,0,0.741,cxx_mul_to_div:/mnt/scratch1/ardi/dsl_mut/HM-armc/mutation/lowered-cpp/stencil_chain/stencil_chain.halide_generated.cpp:15441:43
stencil_chain,cxx_default_on_emitted_cpp,5eb72c8d,0,14,cxx_remove_void_call,stencil_chain.halide_generated.cpp,6945,17,generator_specific,0,0,1,,,test2_golden,0,0.920,cxx_remove_void_call:/mnt/scratch1/ardi/dsl_mut/HM-armc/mutation/lowered-cpp/stencil_chain/stencil_chain.halide_generated.cpp:6945:17
stencil_chain,cxx_default_on_emitted_cpp,5eb72c8d,0,14,cxx_add_to_sub,stencil_chain.halide_generated.cpp,6736,40,generator_specific,0,0,1,,,test2_golden,0,0.740,cxx_add_to_sub:/mnt/scratch1/ardi/dsl_mut/HM-armc/mutation/lowered-cpp/stencil_chain/stencil_chain.halide_generated.cpp:6736:40
stencil_chain,cxx_default_on_emitted_cpp,5eb72c8d,0,14,cxx_mul_to_div,stencil_chain.halide_generated.cpp,4637,46,generator_specific,0,0,1,,,test2_golden,0,0.724,cxx_mul_to_div:/mnt/scratch1/ardi/dsl_mut/HM-armc/mutation/lowered-cpp/stencil_chain/stencil_chain.halide_generated.cpp:4637:46
stencil_chain,cxx_default_on_emitted_cpp,5eb72c8d,0,14,cxx_add_to_sub,stencil_chain.halide_generated.cpp,14294,51,generator_specific,0,0,1,,,test2_golden,0,0.836,cxx_add_to_sub:/mnt/scratch1/ardi/dsl_mut/HM-armc/mutation/lowered-cpp/stencil_chain/stencil_chain.halide_generated.cpp:14294:51
stencil_chain,cxx_default_on_emitted_cpp,5eb72c8d,0,14,cxx_add_to_sub,stencil_chain.halide_generated.cpp,12685,39,generator_specific,0,0,1,,,test2_golden,0,0.841,cxx_add_to_sub:/mnt/scratch1/ardi/dsl_mut/HM-armc/mutation/lowered-cpp/stencil_chain/stencil_chain.halide_generated.cpp:12685:39
stencil_chain,cxx_default_on_emitted_cpp,5eb72c8d,0,14,cxx_add_to_sub,stencil_chain.halide_generated.cpp,10637,45,generator_specific,0,0,1,,,test2_golden,0,0.898,cxx_add_to_sub:/mnt/scratch1/ardi/dsl_mut/HM-armc/mutation/lowered-cpp/stencil_chain/stencil_chain.halide_generated.cpp:10637:45
stencil_chain,cxx_default_on_emitted_cpp,5eb72c8d,0,14,cxx_replace_scalar_call,stencil_chain.halide_generated.cpp,9633,34,generator_specific,0,0,1,,,test2_golden,0,0.804,cxx_replace_scalar_call:/mnt/scratch1/ardi/dsl_mut/HM-armc/mutation/lowered-cpp/stencil_chain/stencil_chain.halide_generated.cpp:9633:34
stencil_chain,cxx_default_on_emitted_cpp,5eb72c8d,0,14,cxx_add_to_sub,stencil_chain.halide_generated.cpp,8686,46,generator_specific,0,0,1,,,test2_golden,0,0.739,cxx_add_to_sub:/mnt/scratch1/ardi/dsl_mut/HM-armc/mutation/lowered-cpp/stencil_chain/stencil_chain.halide_generated.cpp:8686:46
stencil_chain,cxx_default_on_emitted_cpp,5eb72c8d,0,14,cxx_mul_to_div,stencil_chain.halide_generated.cpp,4239,42,generator_specific,0,0,1,,,test2_golden,0,0.723,cxx_mul_to_div:/mnt/scratch1/ardi/dsl_mut/HM-armc/mutation/lowered-cpp/stencil_chain/stencil_chain.halide_generated.cpp:4239:42
stencil_chain,cxx_default_on_emitted_cpp,5eb72c8d,0,14,cxx_lt_to_ge,stencil_chain.halide_generated.cpp,18905,26,generator_specific,0,0,1,,,test2_golden,0,0.731,cxx_lt_to_ge:/mnt/scratch1/ardi/dsl_mut/HM-armc/mutation/lowered-cpp/stencil_chain/stencil_chain.halide_generated.cpp:18905:26
stencil_chain,cxx_default_on_emitted_cpp,5eb72c8d,0,14,cxx_add_to_sub,stencil_chain.halide_generated.cpp,14637,52,generator_specific,0,0,1,,,test2_golden,0,0.747,cxx_add_to_sub:/mnt/scratch1/ardi/dsl_mut/HM-armc/mutation/lowered-cpp/stencil_chain/stencil_chain.halide_generated.cpp:14637:52
stencil_chain,cxx_default_on_emitted_cpp,5eb72c8d,0,14,cxx_mul_to_div,stencil_chain.halide_generated.cpp,7060,45,generator_specific,0,0,1,,,test2_golden,0,0.719,cxx_mul_to_div:/mnt/scratch1/ardi/dsl_mut/HM-armc/mutation/lowered-cpp/stencil_chain/stencil_chain.halide_generated.cpp:7060:45
stencil_chain,cxx_default_on_emitted_cpp,5eb72c8d,0,14,cxx_add_to_sub,stencil_chain.halide_generated.cpp,9385,38,generator_specific,0,0,1,,,test2_golden,0,0.744,cxx_add_to_sub:/mnt/scratch1/ardi/dsl_mut/HM-armc/mutation/lowered-cpp/stencil_chain/stencil_chain.halide_generated.cpp:9385:38
stencil_chain,cxx_default_on_emitted_cpp,5eb72c8d,0,14,cxx_add_to_sub,stencil_chain.halide_generated.cpp,14584,48,generator_specific,0,0,1,,,test2_golden,0,0.724,cxx_add_to_sub:/mnt/scratch1/ardi/dsl_mut/HM-armc/mutation/lowered-cpp/stencil_chain/stencil_chain.halide_generated.cpp:14584:48
stencil_chain,cxx_default_on_emitted_cpp,5eb72c8d,0,14,cxx_add_to_sub,stencil_chain.halide_generated.cpp,8581,44,generator_specific,0,0,1,,,test2_golden,0,0.746,cxx_add_to_sub:/mnt/scratch1/ardi/dsl_mut/HM-armc/mutation/lowered-cpp/stencil_chain/stencil_chain.halide_generated.cpp:8581:44
stencil_chain,cxx_default_on_emitted_cpp,5eb72c8d,0,14,cxx_add_to_sub,stencil_chain.halide_generated.cpp,16552,43,generator_specific,0,0,1,,,test2_golden,0,0.723,cxx_add_to_sub:/mnt/scratch1/ardi/dsl_mut/HM-armc/mutation/lowered-cpp/stencil_chain/stencil_chain.halide_generated.cpp:16552:43
stencil_chain,cxx_default_on_emitted_cpp,5eb72c8d,0,14,cxx_post_inc_to_post_dec,stencil_chain.halide_generated.cpp,7993,92,generator_specific,-11,1,,,,test1_demo,0,0.197,cxx_post_inc_to_post_dec:/mnt/scratch1/ardi/dsl_mut/HM-armc/mutation/lowered-cpp/stencil_chain/stencil_chain.halide_generated.cpp:7993:92
stencil_chain,cxx_default_on_emitted_cpp,5eb72c8d,0,14,cxx_add_to_sub,stencil_chain.halide_generated.cpp,14468,50,generator_specific,0,0,1,,,test2_golden,0,0.740,cxx_add_to_sub:/mnt/scratch1/ardi/dsl_mut/HM-armc/mutation/lowered-cpp/stencil_chain/stencil_chain.halide_generated.cpp:14468:50
stencil_chain,cxx_default_on_emitted_cpp,5eb72c8d,0,14,cxx_add_to_sub,stencil_chain.halide_generated.cpp,6416,43,generator_specific,0,0,1,,,test2_golden,0,0.793,cxx_add_to_sub:/mnt/scratch1/ardi/dsl_mut/HM-armc/mutation/lowered-cpp/stencil_chain/stencil_chain.halide_generated.cpp:6416:43
stencil_chain,cxx_default_on_emitted_cpp,5eb72c8d,0,14,cxx_add_to_sub,stencil_chain.halide_generated.cpp,4116,37,generator_specific,0,0,1,,,test2_golden,0,1.284,cxx_add_to_sub:/mnt/scratch1/ardi/dsl_mut/HM-armc/mutation/lowered-cpp/stencil_chain/stencil_chain.halide_generated.cpp:4116:37
stencil_chain,cxx_default_on_emitted_cpp,5eb72c8d,0,14,cxx_add_to_sub,stencil_chain.halide_generated.cpp,7554,41,generator_specific,0,0,1,,,test2_golden,0,0.727,cxx_add_to_sub:/mnt/scratch1/ardi/dsl_mut/HM-armc/mutation/lowered-cpp/stencil_chain/stencil_chain.halide_generated.cpp:7554:41
stencil_chain,cxx_default_on_emitted_cpp,5eb72c8d,0,14,cxx_add_to_sub,stencil_chain.halide_generated.cpp,16339,46,generator_specific,0,0,1,,,test2_golden,0,0.749,cxx_add_to_sub:/mnt/scratch1/ardi/dsl_mut/HM-armc/mutation/lowered-cpp/stencil_chain/stencil_chain.halide_generated.cpp:16339:46
stencil_chain,cxx_default_on_emitted_cpp,5eb72c8d,0,14,cxx_add_to_sub,stencil_chain.halide_generated.cpp,16356,41,generator_specific,0,0,1,,,test2_golden,0,0.812,cxx_add_to_sub:/mnt/scratch1/ardi/dsl_mut/HM-armc/mutation/lowered-cpp/stencil_chain/stencil_chain.halide_generated.cpp:16356:41
stencil_chain,cxx_default_on_emitted_cpp,5eb72c8d,0,14,cxx_add_to_sub,stencil_chain.halide_generated.cpp,4894,47,generator_specific,0,0,1,,,test2_golden,0,0.752,cxx_add_to_sub:/mnt/scratch1/ardi/dsl_mut/HM-armc/mutation/lowered-cpp/stencil_chain/stencil_chain.halide_generated.cpp:4894:47
stencil_chain,cxx_default_on_emitted_cpp,5eb72c8d,0,14,cxx_remove_void_call,stencil_chain.halide_generated.cpp,14835,23,generator_specific,0,0,1,,,test2_golden,0,0.807,cxx_remove_void_call:/mnt/scratch1/ardi/dsl_mut/HM-armc/mutation/lowered-cpp/stencil_chain/stencil_chain.halide_generated.cpp:14835:23
stencil_chain,cxx_default_on_emitted_cpp,5eb72c8d,0,14,cxx_lt_to_le,stencil_chain.halide_generated.cpp,4015,62,generator_specific,0,0,0,,,,0,0.760,cxx_lt_to_le:/mnt/scratch1/ardi/dsl_mut/HM-armc/mutation/lowered-cpp/stencil_chain/stencil_chain.halide_generated.cpp:4015:62
stencil_chain,cxx_default_on_emitted_cpp,5eb72c8d,0,14,cxx_mul_to_div,stencil_chain.halide_generated.cpp,8481,49,generator_specific,0,0,1,,,test2_golden,0,0.761,cxx_mul_to_div:/mnt/scratch1/ardi/dsl_mut/HM-armc/mutation/lowered-cpp/stencil_chain/stencil_chain.halide_generated.cpp:8481:49
stencil_chain,cxx_default_on_emitted_cpp,5eb72c8d,0,14,cxx_replace_scalar_call,stencil_chain.halide_generated.cpp,10354,38,generator_specific,0,0,1,,,test2_golden,0,0.733,cxx_replace_scalar_call:/mnt/scratch1/ardi/dsl_mut/HM-armc/mutation/lowered-cpp/stencil_chain/stencil_chain.halide_generated.cpp:10354:38
stencil_chain,cxx_default_on_emitted_cpp,5eb72c8d,0,14,cxx_mul_to_div,stencil_chain.halide_generated.cpp,6902,43,generator_specific,0,0,1,,,test2_golden,0,0.739,cxx_mul_to_div:/mnt/scratch1/ardi/dsl_mut/HM-armc/mutation/lowered-cpp/stencil_chain/stencil_chain.halide_generated.cpp:6902:43
stencil_chain,cxx_default_on_emitted_cpp,5eb72c8d,0,14,cxx_add_to_sub,stencil_chain.halide_generated.cpp,13259,46,generator_specific,0,0,1,,,test2_golden,0,1.433,cxx_add_to_sub:/mnt/scratch1/ardi/dsl_mut/HM-armc/mutation/lowered-cpp/stencil_chain/stencil_chain.halide_generated.cpp:13259:46
stencil_chain,cxx_default_on_emitted_cpp,5eb72c8d,0,14,cxx_sub_to_add,stencil_chain.halide_generated.cpp,14928,26,generator_specific,0,0,0,,,,0,0.781,cxx_sub_to_add:/mnt/scratch1/ardi/dsl_mut/HM-armc/mutation/lowered-cpp/stencil_chain/stencil_chain.halide_generated.cpp:14928:26
stencil_chain,cxx_default_on_emitted_cpp,5eb72c8d,0,14,cxx_mul_to_div,stencil_chain.halide_generated.cpp,14733,51,generator_specific,0,0,1,,,test2_golden,0,0.802,cxx_mul_to_div:/mnt/scratch1/ardi/dsl_mut/HM-armc/mutation/lowered-cpp/stencil_chain/stencil_chain.halide_generated.cpp:14733:51
stencil_chain,cxx_default_on_emitted_cpp,5eb72c8d,0,14,cxx_add_to_sub,stencil_chain.halide_generated.cpp,6409,43,generator_specific,0,0,1,,,test2_golden,0,0.802,cxx_add_to_sub:/mnt/scratch1/ardi/dsl_mut/HM-armc/mutation/lowered-cpp/stencil_chain/stencil_chain.halide_generated.cpp:6409:43
stencil_chain,cxx_default_on_emitted_cpp,5eb72c8d,0,14,cxx_mul_to_div,stencil_chain.halide_generated.cpp,18132,52,generator_specific,0,0,1,,,test2_golden,0,0.746,cxx_mul_to_div:/mnt/scratch1/ardi/dsl_mut/HM-armc/mutation/lowered-cpp/stencil_chain/stencil_chain.halide_generated.cpp:18132:52
stencil_chain,cxx_default_on_emitted_cpp,5eb72c8d,0,14,cxx_mul_to_div,stencil_chain.halide_generated.cpp,13522,47,generator_specific,0,0,1,,,test2_golden,0,0.784,cxx_mul_to_div:/mnt/scratch1/ardi/dsl_mut/HM-armc/mutation/lowered-cpp/stencil_chain/stencil_chain.halide_generated.cpp:13522:47
stencil_chain,cxx_default_on_emitted_cpp,5eb72c8d,0,14,cxx_add_to_sub,stencil_chain.halide_generated.cpp,18253,52,generator_specific,0,0,1,,,test2_golden,0,0.981,cxx_add_to_sub:/mnt/scratch1/ardi/dsl_mut/HM-armc/mutation/lowered-cpp/stencil_chain/stencil_chain.halide_generated.cpp:18253:52
stencil_chain,cxx_default_on_emitted_cpp,5eb72c8d,0,14,cxx_add_to_sub,stencil_chain.halide_generated.cpp,11880,42,generator_specific,0,0,1,,,test2_golden,0,0.938,cxx_add_to_sub:/mnt/scratch1/ardi/dsl_mut/HM-armc/mutation/lowered-cpp/stencil_chain/stencil_chain.halide_generated.cpp:11880:42
stencil_chain,cxx_default_on_emitted_cpp,5eb72c8d,0,14,cxx_add_to_sub,stencil_chain.halide_generated.cpp,7948,42,generator_specific,0,0,1,,,test2_golden,0,0.745,cxx_add_to_sub:/mnt/scratch1/ardi/dsl_mut/HM-armc/mutation/lowered-cpp/stencil_chain/stencil_chain.halide_generated.cpp:7948:42
stencil_chain,cxx_default_on_emitted_cpp,5eb72c8d,0,14,cxx_add_to_sub,stencil_chain.halide_generated.cpp,12382,42,generator_specific,0,0,1,,,test2_golden,0,0.833,cxx_add_to_sub:/mnt/scratch1/ardi/dsl_mut/HM-armc/mutation/lowered-cpp/stencil_chain/stencil_chain.halide_generated.cpp:12382:42
stencil_chain,cxx_default_on_emitted_cpp,5eb72c8d,0,14,cxx_mul_to_div,stencil_chain.halide_generated.cpp,7576,45,generator_specific,0,0,1,,,test2_golden,0,1.298,cxx_mul_to_div:/mnt/scratch1/ardi/dsl_mut/HM-armc/mutation/lowered-cpp/stencil_chain/stencil_chain.halide_generated.cpp:7576:45
stencil_chain,cxx_default_on_emitted_cpp,5eb72c8d,0,14,cxx_add_to_sub,stencil_chain.halide_generated.cpp,14661,48,generator_specific,-6,1,,,,test1_demo,0,0.719,cxx_add_to_sub:/mnt/scratch1/ardi/dsl_mut/HM-armc/mutation/lowered-cpp/stencil_chain/stencil_chain.halide_generated.cpp:14661:48
stencil_chain,cxx_default_on_emitted_cpp,5eb72c8d,0,14,cxx_add_to_sub,stencil_chain.halide_generated.cpp,11196,35,generator_specific,0,0,1,,,test2_golden,0,1.109,cxx_add_to_sub:/mnt/scratch1/ardi/dsl_mut/HM-armc/mutation/lowered-cpp/stencil_chain/stencil_chain.halide_generated.cpp:11196:35
stencil_chain,cxx_default_on_emitted_cpp,5eb72c8d,0,14,cxx_add_to_sub,stencil_chain.halide_generated.cpp,12028,41,generator_specific,0,0,1,,,test2_golden,0,0.946,cxx_add_to_sub:/mnt/scratch1/ardi/dsl_mut/HM-armc/mutation/lowered-cpp/stencil_chain/stencil_chain.halide_generated.cpp:12028:41
stencil_chain,cxx_default_on_emitted_cpp,5eb72c8d,0,14,cxx_sub_to_add,stencil_chain.halide_generated.cpp,16186,42,generator_specific,0,0,1,,,test2_golden,0,0.951,cxx_sub_to_add:/mnt/scratch1/ardi/dsl_mut/HM-armc/mutation/lowered-cpp/stencil_chain/stencil_chain.halide_generated.cpp:16186:42
stencil_chain,cxx_default_on_emitted_cpp,5eb72c8d,0,14,cxx_sub_to_add,stencil_chain.halide_generated.cpp,9815,41,generator_specific,0,0,1,,,test2_golden,0,0.763,cxx_sub_to_add:/mnt/scratch1/ardi/dsl_mut/HM-armc/mutation/lowered-cpp/stencil_chain/stencil_chain.halide_generated.cpp:9815:41
stencil_chain,cxx_default_on_emitted_cpp,5eb72c8d,0,14,cxx_add_to_sub,stencil_chain.halide_generated.cpp,18088,47,generator_specific,0,0,1,,,test2_golden,0,0.799,cxx_add_to_sub:/mnt/scratch1/ardi/dsl_mut/HM-armc/mutation/lowered-cpp/stencil_chain/stencil_chain.halide_generated.cpp:18088:47
stencil_chain,cxx_default_on_emitted_cpp,5eb72c8d,0,14,cxx_le_to_lt,stencil_chain.halide_generated.cpp,18519,24,generator_specific,0,0,1,,,test2_golden,0,0.470,cxx_le_to_lt:/mnt/scratch1/ardi/dsl_mut/HM-armc/mutation/lowered-cpp/stencil_chain/stencil_chain.halide_generated.cpp:18519:24
stencil_chain,cxx_default_on_emitted_cpp,5eb72c8d,0,14,cxx_add_to_sub,stencil_chain.halide_generated.cpp,9936,41,generator_specific,0,0,1,,,test2_golden,0,0.994,cxx_add_to_sub:/mnt/scratch1/ardi/dsl_mut/HM-armc/mutation/lowered-cpp/stencil_chain/stencil_chain.halide_generated.cpp:9936:41
stencil_chain,cxx_default_on_emitted_cpp,5eb72c8d,0,14,cxx_add_to_sub,stencil_chain.halide_generated.cpp,6677,40,generator_specific,0,0,1,,,test2_golden,0,1.326,cxx_add_to_sub:/mnt/scratch1/ardi/dsl_mut/HM-armc/mutation/lowered-cpp/stencil_chain/stencil_chain.halide_generated.cpp:6677:40
stencil_chain,cxx_default_on_emitted_cpp,5eb72c8d,0,14,cxx_add_to_sub,stencil_chain.halide_generated.cpp,17909,51,generator_specific,0,0,1,,,test2_golden,0,0.946,cxx_add_to_sub:/mnt/scratch1/ardi/dsl_mut/HM-armc/mutation/lowered-cpp/stencil_chain/stencil_chain.halide_generated.cpp:17909:51
stencil_chain,cxx_default_on_emitted_cpp,5eb72c8d,0,14,cxx_remove_void_call,stencil_chain.halide_generated.cpp,8677,22,generator_specific,0,0,1,,,test2_golden,0,0.755,cxx_remove_void_call:/mnt/scratch1/ardi/dsl_mut/HM-armc/mutation/lowered-cpp/stencil_chain/stencil_chain.halide_generated.cpp:8677:22
stencil_chain,cxx_default_on_emitted_cpp,5eb72c8d,0,14,cxx_add_to_sub,stencil_chain.halide_generated.cpp,18068,50,generator_specific,0,0,1,,,test2_golden,0,0.732,cxx_add_to_sub:/mnt/scratch1/ardi/dsl_mut/HM-armc/mutation/lowered-cpp/stencil_chain/stencil_chain.halide_generated.cpp:18068:50
stencil_chain,cxx_default_on_emitted_cpp,5eb72c8d,0,14,cxx_add_to_sub,stencil_chain.halide_generated.cpp,11932,37,generator_specific,0,0,1,,,test2_golden,0,0.751,cxx_add_to_sub:/mnt/scratch1/ardi/dsl_mut/HM-armc/mutation/lowered-cpp/stencil_chain/stencil_chain.halide_generated.cpp:11932:37
stencil_chain,cxx_default_on_emitted_cpp,5eb72c8d,0,14,cxx_mul_to_div,stencil_chain.halide_generated.cpp,11381,37,generator_specific,0,0,1,,,test2_golden,0,0.764,cxx_mul_to_div:/mnt/scratch1/ardi/dsl_mut/HM-armc/mutation/lowered-cpp/stencil_chain/stencil_chain.halide_generated.cpp:11381:37
stencil_chain,cxx_default_on_emitted_cpp,5eb72c8d,0,14,cxx_add_to_sub,stencil_chain.halide_generated.cpp,15607,38,generator_specific,0,0,1,,,test2_golden,0,0.736,cxx_add_to_sub:/mnt/scratch1/ardi/dsl_mut/HM-armc/mutation/lowered-cpp/stencil_chain/stencil_chain.halide_generated.cpp:15607:38
stencil_chain,cxx_default_on_emitted_cpp,5eb72c8d,0,14,cxx_add_to_sub,stencil_chain.halide_generated.cpp,12555,44,generator_specific,0,0,1,,,test2_golden,0,0.730,cxx_add_to_sub:/mnt/scratch1/ardi/dsl_mut/HM-armc/mutation/lowered-cpp/stencil_chain/stencil_chain.halide_generated.cpp:12555:44
stencil_chain,cxx_default_on_emitted_cpp,5eb72c8d,0,14,cxx_add_to_sub,stencil_chain.halide_generated.cpp,18852,28,generator_specific,0,0,0,,,,0,0.753,cxx_add_to_sub:/mnt/scratch1/ardi/dsl_mut/HM-armc/mutation/lowered-cpp/stencil_chain/stencil_chain.halide_generated.cpp:18852:28
stencil_chain,cxx_default_on_emitted_cpp,5eb72c8d,0,14,cxx_add_to_sub,stencil_chain.halide_generated.cpp,6785,39,generator_specific,0,0,1,,,test2_golden,0,0.730,cxx_add_to_sub:/mnt/scratch1/ardi/dsl_mut/HM-armc/mutation/lowered-cpp/stencil_chain/stencil_chain.halide_generated.cpp:6785:39
stencil_chain,cxx_default_on_emitted_cpp,5eb72c8d,0,14,cxx_mul_to_div,stencil_chain.halide_generated.cpp,6351,43,generator_specific,0,0,1,,,test2_golden,0,0.729,cxx_mul_to_div:/mnt/scratch1/ardi/dsl_mut/HM-armc/mutation/lowered-cpp/stencil_chain/stencil_chain.halide_generated.cpp:6351:43
stencil_chain,cxx_default_on_emitted_cpp,5eb72c8d,0,14,cxx_add_to_sub,stencil_chain.halide_generated.cpp,15296,41,generator_specific,0,0,1,,,test2_golden,0,0.751,cxx_add_to_sub:/mnt/scratch1/ardi/dsl_mut/HM-armc/mutation/lowered-cpp/stencil_chain/stencil_chain.halide_generated.cpp:15296:41
stencil_chain,cxx_default_on_emitted_cpp,5eb72c8d,0,14,cxx_add_to_sub,stencil_chain.halide_generated.cpp,15758,40,generator_specific,0,0,1,,,test2_golden,0,1.258,cxx_add_to_sub:/mnt/scratch1/ardi/dsl_mut/HM-armc/mutation/lowered-cpp/stencil_chain/stencil_chain.halide_generated.cpp:15758:40
stencil_chain,cxx_default_on_emitted_cpp,5eb72c8d,0,14,cxx_mul_to_div,stencil_chain.halide_generated.cpp,15550,42,generator_specific,0,0,1,,,test2_golden,0,0.728,cxx_mul_to_div:/mnt/scratch1/ardi/dsl_mut/HM-armc/mutation/lowered-cpp/stencil_chain/stencil_chain.halide_generated.cpp:15550:42
stencil_chain,cxx_default_on_emitted_cpp,5eb72c8d,0,14,cxx_add_to_sub,stencil_chain.halide_generated.cpp,5965,38,generator_specific,0,0,1,,,test2_golden,0,0.727,cxx_add_to_sub:/mnt/scratch1/ardi/dsl_mut/HM-armc/mutation/lowered-cpp/stencil_chain/stencil_chain.halide_generated.cpp:5965:38
stencil_chain,cxx_default_on_emitted_cpp,5eb72c8d,0,14,cxx_add_to_sub,stencil_chain.halide_generated.cpp,9048,32,generator_specific,0,0,1,,,test2_golden,0,0.747,cxx_add_to_sub:/mnt/scratch1/ardi/dsl_mut/HM-armc/mutation/lowered-cpp/stencil_chain/stencil_chain.halide_generated.cpp:9048:32
stencil_chain,cxx_default_on_emitted_cpp,5eb72c8d,0,14,cxx_add_to_sub,stencil_chain.halide_generated.cpp,4024,37,generator_specific,0,0,1,,,test2_golden,0,0.934,cxx_add_to_sub:/mnt/scratch1/ardi/dsl_mut/HM-armc/mutation/lowered-cpp/stencil_chain/stencil_chain.halide_generated.cpp:4024:37
stencil_chain,cxx_default_on_emitted_cpp,5eb72c8d,0,14,cxx_mul_to_div,stencil_chain.halide_generated.cpp,16306,46,generator_specific,0,0,1,,,test2_golden,0,2.320,cxx_mul_to_div:/mnt/scratch1/ardi/dsl_mut/HM-armc/mutation/lowered-cpp/stencil_chain/stencil_chain.halide_generated.cpp:16306:46
stencil_chain,cxx_default_on_emitted_cpp,5eb72c8d,0,14,cxx_le_to_lt,stencil_chain.halide_generated.cpp,18539,24,generator_specific,0,0,1,,,test2_golden,0,0.254,cxx_le_to_lt:/mnt/scratch1/ardi/dsl_mut/HM-armc/mutation/lowered-cpp/stencil_chain/stencil_chain.halide_generated.cpp:18539:24
stencil_chain,cxx_default_on_emitted_cpp,5eb72c8d,0,14,cxx_add_to_sub,stencil_chain.halide_generated.cpp,8306,47,generator_specific,0,0,1,,,test2_golden,0,2.377,cxx_add_to_sub:/mnt/scratch1/ardi/dsl_mut/HM-armc/mutation/lowered-cpp/stencil_chain/stencil_chain.halide_generated.cpp:8306:47
stencil_chain,cxx_default_on_emitted_cpp,5eb72c8d,0,14,cxx_add_to_sub,stencil_chain.halide_generated.cpp,7493,41,generator_specific,0,0,1,,,test2_golden,0,0.728,cxx_add_to_sub:/mnt/scratch1/ardi/dsl_mut/HM-armc/mutation/lowered-cpp/stencil_chain/stencil_chain.halide_generated.cpp:7493:41
stencil_chain,cxx_default_on_emitted_cpp,5eb72c8d,0,14,cxx_add_to_sub,stencil_chain.halide_generated.cpp,13601,47,generator_specific,0,0,1,,,test2_golden,0,1.167,cxx_add_to_sub:/mnt/scratch1/ardi/dsl_mut/HM-armc/mutation/lowered-cpp/stencil_chain/stencil_chain.halide_generated.cpp:13601:47
stencil_chain,cxx_default_on_emitted_cpp,5eb72c8d,0,14,cxx_mul_to_div,stencil_chain.halide_generated.cpp,14980,37,generator_specific,0,0,1,,,test2_golden,0,0.517,cxx_mul_to_div:/mnt/scratch1/ardi/dsl_mut/HM-armc/mutation/lowered-cpp/stencil_chain/stencil_chain.halide_generated.cpp:14980:37
stencil_chain,cxx_default_on_emitted_cpp,5eb72c8d,0,14,cxx_add_to_sub,stencil_chain.halide_generated.cpp,8592,44,generator_specific,0,0,1,,,test2_golden,0,0.748,cxx_add_to_sub:/mnt/scratch1/ardi/dsl_mut/HM-armc/mutation/lowered-cpp/stencil_chain/stencil_chain.halide_generated.cpp:8592:44
stencil_chain,cxx_default_on_emitted_cpp,5eb72c8d,0,14,cxx_mul_to_div,stencil_chain.halide_generated.cpp,16816,46,generator_specific,0,0,1,,,test2_golden,0,0.725,cxx_mul_to_div:/mnt/scratch1/ardi/dsl_mut/HM-armc/mutation/lowered-cpp/stencil_chain/stencil_chain.halide_generated.cpp:16816:46
stencil_chain,cxx_default_on_emitted_cpp,5eb72c8d,0,14,cxx_mul_to_div,stencil_chain.halide_generated.cpp,7121,41,generator_specific,0,0,1,,,test2_golden,0,1.256,cxx_mul_to_div:/mnt/scratch1/ardi/dsl_mut/HM-armc/mutation/lowered-cpp/stencil_chain/stencil_chain.halide_generated.cpp:7121:41
stencil_chain,cxx_default_on_emitted_cpp,5eb72c8d,0,14,cxx_add_to_sub,stencil_chain.halide_generated.cpp,16181,98,generator_specific,0,0,0,,,,0,1.351,cxx_add_to_sub:/mnt/scratch1/ardi/dsl_mut/HM-armc/mutation/lowered-cpp/stencil_chain/stencil_chain.halide_generated.cpp:16181:98
stencil_chain,cxx_default_on_emitted_cpp,5eb72c8d,0,14,cxx_add_to_sub,stencil_chain.halide_generated.cpp,6238,41,generator_specific,0,0,1,,,test2_golden,0,0.732,cxx_add_to_sub:/mnt/scratch1/ardi/dsl_mut/HM-armc/mutation/lowered-cpp/stencil_chain/stencil_chain.halide_generated.cpp:6238:41
stencil_chain,cxx_default_on_emitted_cpp,5eb72c8d,0,14,cxx_mul_to_div,stencil_chain.halide_generated.cpp,4985,48,generator_specific,0,0,1,,,test2_golden,0,0.943,cxx_mul_to_div:/mnt/scratch1/ardi/dsl_mut/HM-armc/mutation/lowered-cpp/stencil_chain/stencil_chain.halide_generated.cpp:4985:48
stencil_chain,cxx_default_on_emitted_cpp,5eb72c8d,0,14,cxx_mul_to_div,stencil_chain.halide_generated.cpp,5215,49,generator_specific,0,0,1,,,test2_golden,0,2.558,cxx_mul_to_div:/mnt/scratch1/ardi/dsl_mut/HM-armc/mutation/lowered-cpp/stencil_chain/stencil_chain.halide_generated.cpp:5215:49
stencil_chain,cxx_default_on_emitted_cpp,5eb72c8d,0,14,cxx_add_to_sub,stencil_chain.halide_generated.cpp,4889,47,generator_specific,0,0,1,,,test2_golden,0,0.752,cxx_add_to_sub:/mnt/scratch1/ardi/dsl_mut/HM-armc/mutation/lowered-cpp/stencil_chain/stencil_chain.halide_generated.cpp:4889:47
stencil_chain,cxx_default_on_emitted_cpp,5eb72c8d,0,14,cxx_mul_to_div,stencil_chain.halide_generated.cpp,17755,47,generator_specific,0,0,1,,,test2_golden,0,0.754,cxx_mul_to_div:/mnt/scratch1/ardi/dsl_mut/HM-armc/mutation/lowered-cpp/stencil_chain/stencil_chain.halide_generated.cpp:17755:47
stencil_chain,cxx_default_on_emitted_cpp,5eb72c8d,0,14,cxx_add_to_sub,stencil_chain.halide_generated.cpp,7885,42,generator_specific,0,0,1,,,test2_golden,0,2.742,cxx_add_to_sub:/mnt/scratch1/ardi/dsl_mut/HM-armc/mutation/lowered-cpp/stencil_chain/stencil_chain.halide_generated.cpp:7885:42
stencil_chain,cxx_default_on_emitted_cpp,5eb72c8d,0,14,cxx_add_to_sub,stencil_chain.halide_generated.cpp,15626,42,generator_specific,0,0,1,,,test2_golden,0,0.731,cxx_add_to_sub:/mnt/scratch1/ardi/dsl_mut/HM-armc/mutation/lowered-cpp/stencil_chain/stencil_chain.halide_generated.cpp:15626:42
stencil_chain,cxx_default_on_emitted_cpp,5eb72c8d,0,14,cxx_mul_to_div,stencil_chain.halide_generated.cpp,11960,41,generator_specific,0,0,1,,,test2_golden,0,0.749,cxx_mul_to_div:/mnt/scratch1/ardi/dsl_mut/HM-armc/mutation/lowered-cpp/stencil_chain/stencil_chain.halide_generated.cpp:11960:41
stencil_chain,cxx_default_on_emitted_cpp,5eb72c8d,0,14,cxx_lt_to_ge,stencil_chain.halide_generated.cpp,18352,20,generator_specific,0,0,0,,,,0,2.476,cxx_lt_to_ge:/mnt/scratch1/ardi/dsl_mut/HM-armc/mutation/lowered-cpp/stencil_chain/stencil_chain.halide_generated.cpp:18352:20
stencil_chain,cxx_default_on_emitted_cpp,5eb72c8d,0,14,cxx_add_to_sub,stencil_chain.halide_generated.cpp,12767,41,generator_specific,0,0,1,,,test2_golden,0,0.731,cxx_add_to_sub:/mnt/scratch1/ardi/dsl_mut/HM-armc/mutation/lowered-cpp/stencil_chain/stencil_chain.halide_generated.cpp:12767:41
stencil_chain,cxx_default_on_emitted_cpp,5eb72c8d,0,14,cxx_add_to_sub,stencil_chain.halide_generated.cpp,17210,49,generator_specific,0,0,1,,,test2_golden,0,1.609,cxx_add_to_sub:/mnt/scratch1/ardi/dsl_mut/HM-armc/mutation/lowered-cpp/stencil_chain/stencil_chain.halide_generated.cpp:17210:49
stencil_chain,cxx_default_on_emitted_cpp,5eb72c8d,0,14,cxx_add_to_sub,stencil_chain.halide_generated.cpp,13255,46,generator_specific,0,0,1,,,test2_golden,0,2.060,cxx_add_to_sub:/mnt/scratch1/ardi/dsl_mut/HM-armc/mutation/lowered-cpp/stencil_chain/stencil_chain.halide_generated.cpp:13255:46
stencil_chain,cxx_default_on_emitted_cpp,5eb72c8d,0,14,cxx_add_to_sub,stencil_chain.halide_generated.cpp,4930,44,generator_specific,0,0,1,,,test2_golden,0,0.743,cxx_add_to_sub:/mnt/scratch1/ardi/dsl_mut/HM-armc/mutation/lowered-cpp/stencil_chain/stencil_chain.halide_generated.cpp:4930:44
stencil_chain,cxx_default_on_emitted_cpp,5eb72c8d,0,14,cxx_add_to_sub,stencil_chain.halide_generated.cpp,18791,28,generator_specific,0,0,1,,,test2_golden,0,1.503,cxx_add_to_sub:/mnt/scratch1/ardi/dsl_mut/HM-armc/mutation/lowered-cpp/stencil_chain/stencil_chain.halide_generated.cpp:18791:28
stencil_chain,cxx_default_on_emitted_cpp,5eb72c8d,0,14,cxx_add_to_sub,stencil_chain.halide_generated.cpp,7223,40,generator_specific,0,0,1,,,test2_golden,0,0.768,cxx_add_to_sub:/mnt/scratch1/ardi/dsl_mut/HM-armc/mutation/lowered-cpp/stencil_chain/stencil_chain.halide_generated.cpp:7223:40
stencil_chain,cxx_default_on_emitted_cpp,5eb72c8d,0,14,cxx_add_to_sub,stencil_chain.halide_generated.cpp,4570,40,generator_specific,0,0,1,,,test2_golden,0,2.020,cxx_add_to_sub:/mnt/scratch1/ardi/dsl_mut/HM-armc/mutation/lowered-cpp/stencil_chain/stencil_chain.halide_generated.cpp:4570:40
stencil_chain,cxx_default_on_emitted_cpp,5eb72c8d,0,14,cxx_mul_to_div,stencil_chain.halide_generated.cpp,3726,39,generator_specific,0,0,1,,,test2_golden,0,1.235,cxx_mul_to_div:/mnt/scratch1/ardi/dsl_mut/HM-armc/mutation/lowered-cpp/stencil_chain/stencil_chain.halide_generated.cpp:3726:39
stencil_chain,cxx_default_on_emitted_cpp,5eb72c8d,0,14,cxx_add_to_sub,stencil_chain.halide_generated.cpp,18475,27,generator_specific,0,0,0,,,,0,0.851,cxx_add_to_sub:/mnt/scratch1/ardi/dsl_mut/HM-armc/mutation/lowered-cpp/stencil_chain/stencil_chain.halide_generated.cpp:18475:27
stencil_chain,cxx_default_on_emitted_cpp,5eb72c8d,0,14,cxx_add_to_sub,stencil_chain.halide_generated.cpp,8317,47,generator_specific,0,0,1,,,test2_golden,0,0.743,cxx_add_to_sub:/mnt/scratch1/ardi/dsl_mut/HM-armc/mutation/lowered-cpp/stencil_chain/stencil_chain.halide_generated.cpp:8317:47
stencil_chain,cxx_default_on_emitted_cpp,5eb72c8d,0,14,cxx_add_to_sub,stencil_chain.halide_generated.cpp,7574,41,generator_specific,0,0,1,,,test2_golden,0,0.739,cxx_add_to_sub:/mnt/scratch1/ardi/dsl_mut/HM-armc/mutation/lowered-cpp/stencil_chain/stencil_chain.halide_generated.cpp:7574:41
stencil_chain,cxx_default_on_emitted_cpp,5eb72c8d,0,14,cxx_add_to_sub,stencil_chain.halide_generated.cpp,3888,36,generator_specific,0,0,1,,,test2_golden,0,0.776,cxx_add_to_sub:/mnt/scratch1/ardi/dsl_mut/HM-armc/mutation/lowered-cpp/stencil_chain/stencil_chain.halide_generated.cpp:3888:36
stencil_chain,cxx_default_on_emitted_cpp,5eb72c8d,0,14,cxx_add_to_sub,stencil_chain.halide_generated.cpp,16675,47,generator_specific,0,0,1,,,test2_golden,0,1.685,cxx_add_to_sub:/mnt/scratch1/ardi/dsl_mut/HM-armc/mutation/lowered-cpp/stencil_chain/stencil_chain.halide_generated.cpp:16675:47
stencil_chain,cxx_default_on_emitted_cpp,5eb72c8d,0,14,cxx_add_to_sub,stencil_chain.halide_generated.cpp,17212,49,generator_specific,0,0,1,,,test2_golden,0,0.952,cxx_add_to_sub:/mnt/scratch1/ardi/dsl_mut/HM-armc/mutation/lowered-cpp/stencil_chain/stencil_chain.halide_generated.cpp:17212:49
stencil_chain,cxx_default_on_emitted_cpp,5eb72c8d,0,14,cxx_mul_to_div,stencil_chain.halide_generated.cpp,5363,50,generator_specific,0,0,1,,,test2_golden,0,2.018,cxx_mul_to_div:/mnt/scratch1/ardi/dsl_mut/HM-armc/mutation/lowered-cpp/stencil_chain/stencil_chain.halide_generated.cpp:5363:50
stencil_chain,cxx_default_on_emitted_cpp,5eb72c8d,0,14,cxx_add_to_sub,stencil_chain.halide_generated.cpp,14818,51,generator_specific,0,0,1,,,test2_golden,0,0.919,cxx_add_to_sub:/mnt/scratch1/ardi/dsl_mut/HM-armc/mutation/lowered-cpp/stencil_chain/stencil_chain.halide_generated.cpp:14818:51
stencil_chain,cxx_default_on_emitted_cpp,5eb72c8d,0,14,cxx_add_to_sub,stencil_chain.halide_generated.cpp,9775,44,generator_specific,0,0,1,,,test2_golden,0,0.920,cxx_add_to_sub:/mnt/scratch1/ardi/dsl_mut/HM-armc/mutation/lowered-cpp/stencil_chain/stencil_chain.halide_generated.cpp:9775:44
stencil_chain,cxx_default_on_emitted_cpp,5eb72c8d,0,14,cxx_add_to_sub,stencil_chain.halide_generated.cpp,12560,44,generator_specific,0,0,1,,,test2_golden,0,0.748,cxx_add_to_sub:/mnt/scratch1/ardi/dsl_mut/HM-armc/mutation/lowered-cpp/stencil_chain/stencil_chain.halide_generated.cpp:12560:44
stencil_chain,cxx_default_on_emitted_cpp,5eb72c8d,0,14,cxx_add_to_sub,stencil_chain.halide_generated.cpp,13905,44,generator_specific,0,0,1,,,test2_golden,0,0.761,cxx_add_to_sub:/mnt/scratch1/ardi/dsl_mut/HM-armc/mutation/lowered-cpp/stencil_chain/stencil_chain.halide_generated.cpp:13905:44
stencil_chain,cxx_default_on_emitted_cpp,5eb72c8d,0,14,cxx_mul_to_div,stencil_chain.halide_generated.cpp,12069,39,generator_specific,0,0,1,,,test2_golden,0,1.074,cxx_mul_to_div:/mnt/scratch1/ardi/dsl_mut/HM-armc/mutation/lowered-cpp/stencil_chain/stencil_chain.halide_generated.cpp:12069:39
stencil_chain,cxx_default_on_emitted_cpp,5eb72c8d,0,14,cxx_mul_to_div,stencil_chain.halide_generated.cpp,11608,40,generator_specific,0,0,1,,,test2_golden,0,0.871,cxx_mul_to_div:/mnt/scratch1/ardi/dsl_mut/HM-armc/mutation/lowered-cpp/stencil_chain/stencil_chain.halide_generated.cpp:11608:40
stencil_chain,cxx_default_on_emitted_cpp,5eb72c8d,0,14,cxx_add_to_sub,stencil_chain.halide_generated.cpp,5537,60,generator_specific,0,0,1,,,test2_golden,0,1.181,cxx_add_to_sub:/mnt/scratch1/ardi/dsl_mut/HM-armc/mutation/lowered-cpp/stencil_chain/stencil_chain.halide_generated.cpp:5537:60
stencil_chain,cxx_default_on_emitted_cpp,5eb72c8d,0,14,cxx_sub_to_add,stencil_chain.halide_generated.cpp,9995,42,generator_specific,0,0,1,,,test2_golden,0,1.224,cxx_sub_to_add:/mnt/scratch1/ardi/dsl_mut/HM-armc/mutation/lowered-cpp/stencil_chain/stencil_chain.halide_generated.cpp:9995:42
stencil_chain,cxx_default_on_emitted_cpp,5eb72c8d,0,14,cxx_add_to_sub,stencil_chain.halide_generated.cpp,7011,41,generator_specific,0,0,1,,,test2_golden,0,0.782,cxx_add_to_sub:/mnt/scratch1/ardi/dsl_mut/HM-armc/mutation/lowered-cpp/stencil_chain/stencil_chain.halide_generated.cpp:7011:41
stencil_chain,cxx_default_on_emitted_cpp,5eb72c8d,0,14,cxx_add_to_sub,stencil_chain.halide_generated.cpp,13441,41,generator_specific,0,0,1,,,test2_golden,0,0.879,cxx_add_to_sub:/mnt/scratch1/ardi/dsl_mut/HM-armc/mutation/lowered-cpp/stencil_chain/stencil_chain.halide_generated.cpp:13441:41
stencil_chain,cxx_default_on_emitted_cpp,5eb72c8d,0,14,cxx_add_to_sub,stencil_chain.halide_generated.cpp,16755,42,generator_specific,0,0,1,,,test2_golden,0,0.891,cxx_add_to_sub:/mnt/scratch1/ardi/dsl_mut/HM-armc/mutation/lowered-cpp/stencil_chain/stencil_chain.halide_generated.cpp:16755:42
stencil_chain,cxx_default_on_emitted_cpp,5eb72c8d,0,14,cxx_add_to_sub,stencil_chain.halide_generated.cpp,10677,49,generator_specific,0,0,1,,,test2_golden,0,0.735,cxx_add_to_sub:/mnt/scratch1/ardi/dsl_mut/HM-armc/mutation/lowered-cpp/stencil_chain/stencil_chain.halide_generated.cpp:10677:49
stencil_chain,cxx_default_on_emitted_cpp,5eb72c8d,0,14,cxx_add_to_sub,stencil_chain.halide_generated.cpp,8867,45,generator_specific,0,0,1,,,test2_golden,0,0.888,cxx_add_to_sub:/mnt/scratch1/ardi/dsl_mut/HM-armc/mutation/lowered-cpp/stencil_chain/stencil_chain.halide_generated.cpp:8867:45
stencil_chain,cxx_default_on_emitted_cpp,5eb72c8d,0,14,cxx_add_to_sub,stencil_chain.halide_generated.cpp,15406,39,generator_specific,0,0,1,,,test2_golden,0,0.887,cxx_add_to_sub:/mnt/scratch1/ardi/dsl_mut/HM-armc/mutation/lowered-cpp/stencil_chain/stencil_chain.halide_generated.cpp:15406:39
stencil_chain,cxx_default_on_emitted_cpp,5eb72c8d,0,14,cxx_add_to_sub,stencil_chain.halide_generated.cpp,5898,40,generator_specific,0,0,1,,,test2_golden,0,1.323,cxx_add_to_sub:/mnt/scratch1/ardi/dsl_mut/HM-armc/mutation/lowered-cpp/stencil_chain/stencil_chain.halide_generated.cpp:5898:40
stencil_chain,cxx_default_on_emitted_cpp,5eb72c8d,0,14,cxx_mul_to_div,stencil_chain.halide_generated.cpp,17751,47,generator_specific,0,0,1,,,test2_golden,0,0.749,cxx_mul_to_div:/mnt/scratch1/ardi/dsl_mut/HM-armc/mutation/lowered-cpp/stencil_chain/stencil_chain.halide_generated.cpp:17751:47
stencil_chain,cxx_default_on_emitted_cpp,5eb72c8d,0,14,cxx_remove_void_call,stencil_chain.halide_generated.cpp,5083,22,generator_specific,0,0,1,,,test2_golden,0,0.750,cxx_remove_void_call:/mnt/scratch1/ardi/dsl_mut/HM-armc/mutation/lowered-cpp/stencil_chain/stencil_chain.halide_generated.cpp:5083:22
stencil_chain,cxx_default_on_emitted_cpp,5eb72c8d,0,14,cxx_replace_scalar_call,stencil_chain.halide_generated.cpp,9057,30,generator_specific,0,0,1,,,test2_golden,0,0.750,cxx_replace_scalar_call:/mnt/scratch1/ardi/dsl_mut/HM-armc/mutation/lowered-cpp/stencil_chain/stencil_chain.halide_generated.cpp:9057:30
stencil_chain,cxx_default_on_emitted_cpp,5eb72c8d,0,14,cxx_add_to_sub,stencil_chain.halide_generated.cpp,11325,35,generator_specific,0,0,1,,,test2_golden,0,1.037,cxx_add_to_sub:/mnt/scratch1/ardi/dsl_mut/HM-armc/mutation/lowered-cpp/stencil_chain/stencil_chain.halide_generated.cpp:11325:35
stencil_chain,cxx_default_on_emitted_cpp,5eb72c8d,0,14,cxx_mul_to_div,stencil_chain.halide_generated.cpp,12761,41,generator_specific,0,0,1,,,test2_golden,0,0.874,cxx_mul_to_div:/mnt/scratch1/ardi/dsl_mut/HM-armc/mutation/lowered-cpp/stencil_chain/stencil_chain.halide_generated.cpp:12761:41
stencil_chain,cxx_default_on_emitted_cpp,5eb72c8d,0,14,cxx_mul_to_div,stencil_chain.halide_generated.cpp,5110,45,generator_specific,0,0,0,,,,0,0.871,cxx_mul_to_div:/mnt/scratch1/ardi/dsl_mut/HM-armc/mutation/lowered-cpp/stencil_chain/stencil_chain.halide_generated.cpp:5110:45
stencil_chain,cxx_default_on_emitted_cpp,5eb72c8d,0,14,cxx_mul_to_div,stencil_chain.halide_generated.cpp,14788,51,generator_specific,0,0,1,,,test2_golden,0,0.889,cxx_mul_to_div:/mnt/scratch1/ardi/dsl_mut/HM-armc/mutation/lowered-cpp/stencil_chain/stencil_chain.halide_generated.cpp:14788:51
stencil_chain,cxx_default_on_emitted_cpp,5eb72c8d,0,14,cxx_add_to_sub,stencil_chain.halide_generated.cpp,7101,45,generator_specific,0,0,1,,,test2_golden,0,1.222,cxx_add_to_sub:/mnt/scratch1/ardi/dsl_mut/HM-armc/mutation/lowered-cpp/stencil_chain/stencil_chain.halide_generated.cpp:7101:45
stencil_chain,cxx_default_on_emitted_cpp,5eb72c8d,0,14,cxx_add_to_sub,stencil_chain.halide_generated.cpp,15999,45,generator_specific,0,0,1,,,test2_golden,0,1.373,cxx_add_to_sub:/mnt/scratch1/ardi/dsl_mut/HM-armc/mutation/lowered-cpp/stencil_chain/stencil_chain.halide_generated.cpp:15999:45
stencil_chain,cxx_default_on_emitted_cpp,5eb72c8d,0,14,cxx_add_to_sub,stencil_chain.halide_generated.cpp,18793,28,generator_specific,0,0,0,,,,0,1.286,cxx_add_to_sub:/mnt/scratch1/ardi/dsl_mut/HM-armc/mutation/lowered-cpp/stencil_chain/stencil_chain.halide_generated.cpp:18793:28
stencil_chain,cxx_default_on_emitted_cpp,5eb72c8d,0,14,cxx_div_to_mul,stencil_chain.halide_generated.cpp,18970,29,generator_specific,-9,1,,,,test1_demo,1,60.066,cxx_div_to_mul:/mnt/scratch1/ardi/dsl_mut/HM-armc/mutation/lowered-cpp/stencil_chain/stencil_chain.halide_generated.cpp:18970:29
stencil_chain,cxx_default_on_emitted_cpp,5eb72c8d,0,14,cxx_lt_to_ge,stencil_chain.halide_generated.cpp,5484,71,generator_specific,-9,1,,,,test1_demo,1,60.064,cxx_lt_to_ge:/mnt/scratch1/ardi/dsl_mut/HM-armc/mutation/lowered-cpp/stencil_chain/stencil_chain.halide_generated.cpp:5484:71
