app,arm,mull_commit,slice_index,slice_count,mutator,file,line,column,region,exit_code,test1_demo,test2_golden,test2_written,test3_perf,killed_by,timed_out,wall_seconds,mutant_key
stencil_chain,cxx_default_on_emitted_cpp,5eb72c8d,1,14,cxx_le_to_gt,stencil_chain.halide_generated.cpp,18522,24,generator_specific,0,0,1,,,test2_golden,0,0.298,cxx_le_to_gt:/mnt/scratch1/ardi/dsl_mut/HM-armc/mutation/lowered-cpp/stencil_chain/stencil_chain.halide_generated.cpp:18522:24
stencil_chain,cxx_default_on_emitted_cpp,5eb72c8d,1,14,cxx_add_to_sub,stencil_chain.halide_generated.cpp,12924,41,generator_specific,0,0,1,,,test2_golden,0,0.773,cxx_add_to_sub:/mnt/scratch1/ardi/dsl_mut/HM-armc/mutation/lowered-cpp/stencil_chain/stencil_chain.halide_generated.cpp:12924:41
stencil_chain,cxx_default_on_emitted_cpp,5eb72c8d,1,14,cxx_remove_void_call,stencil_chain.halide_generated.cpp,7639,19,generator_specific,0,0,1,,,test2_golden,0,0.779,cxx_remove_void_call:/mnt/scratch1/ardi/dsl_mut/HM-armc/mutation/lowered-cpp/stencil_chain/stencil_chain.halide_generated.cpp:7639:19
stencil_chain,cxx_default_on_emitted_cpp,5eb72c8d,1,14,cxx_replace_scalar_call,stencil_chain.halide_generated.cpp,18402,19,generator_specific,0,0,0,,,,0,0.789,cxx_replace_scalar_call:/mnt/scratch1/ardi/dsl_mut/HM-armc/mutation/lowered-cpp/stencil_chain/stencil_chain.halide_generated.cpp:18402:19
stencil_chain,cxx_default_on_emitted_cpp,5eb72c8d,1,14,cxx_mul_to_div,stencil_chain.halide_generated.cpp,7835,42,generator_specific,0,0,1,,,test2_golden,0,0.792,cxx_mul_to_div:/mnt/scratch1/ardi/dsl_mut/HM-armc/mutation/lowered-cpp/stencil_chain/stencil_chain.halide_generated.cpp:7835:42
stencil_chain,cxx_default_on_emitted_cpp,5eb72c8d,1,14,cxx_add_to_sub,stencil_chain.halide_generated.cpp,18341,26,generator_specific,0,0,0,,,,0,0.791,cxx_add_to_sub:/mnt/scratch1/ardi/dsl_mut/HM-armc/mutation/lowered-cpp/stencil_chain/stencil_chain.halide_generated.cpp:18341:26
stencil_chain,cxx_default_on_emitted_cpp,5eb72c8d,1,14,cxx_add_to_sub,stencil_chain.halide_generated.cpp,13600,47,generator_specific,0,0,1,,,test2_golden,0,0.793,cxx_add_to_sub:/mnt/scratch1/ardi/dsl_mut/HM-armc/mutation/lowered-cpp/stencil_chain/stencil_chain.halide_generated.cpp:13600:47
stencil_chain,cxx_default_on_emitted_cpp,5eb72c8d,1,14,cxx_add_to_sub,stencil_chain.halide_generated.cpp,7739,43,generator_specific,0,0,1,,,test2_golden,0,0.822,cxx_add_to_sub:/mnt/scratch1/ardi/dsl_mut/HM-armc/mutation/lowered-cpp/stencil_chain/stencil_chain.halide_generated.cpp:7739:43
stencil_chain,cxx_default_on_emitted_cpp,5eb72c8d,1,14,cxx_mul_to_div,stencil_chain.halide_generated.cpp,11021,35,generator_specific,0,0,1,,,test2_golden,0,0.830,cxx_mul_to_div:/mnt/scratch1/ardi/dsl_mut/HM-armc/mutation/lowered-cpp/stencil_chain/stencil_chain.halide_generated.cpp:11021:35
stencil_chain,cxx_default_on_emitted_cpp,5eb72c8d,1,14,cxx_add_to_sub,stencil_chain.halide_generated.cpp,15629,42,generator_specific,0,0,1,,,test2_golden,0,0.836,cxx_add_to_sub:/mnt/scratch1/ardi/dsl_mut/HM-armc/mutation/lowered-cpp/stencil_chain/stencil_chain.halide_generated.cpp:15629:42
stencil_chain,cxx_default_on_emitted_cpp,5eb72c8d,1,14,cxx_add_to_sub,stencil_chain.halide_generated.cpp,11179,40,generator_specific,0,0,1,,,test2_golden,0,0.845,cxx_add_to_sub:/mnt/scratch1/ardi/dsl_mut/HM-armc/mutation/lowered-cpp/stencil_chain/stencil_chain.halide_generated.cpp:11179:40
stencil_chain,cxx_default_on_emitted_cpp,5eb72c8d,1,14,cxx_mul_to_div,stencil_chain.halide_generated.cpp,12852,45,generator_specific,0,0,1,,,test2_golden,0,0.854,cxx_mul_to_div:/mnt/scratch1/ardi/dsl_mut/HM-armc/mutation/lowered-cpp/stencil_chain/stencil_chain.halide_generated.cpp:12852:45
stencil_chain,cxx_default_on_emitted_cpp,5eb72c8d,1,14,cxx_mul_to_div,stencil_chain.halide_generated.cpp,17912,47,generator_specific,0,0,1,,,test2_golden,0,0.856,cxx_mul_to_div:/mnt/scratch1/ardi/dsl_mut/HM-armc/mutation/lowered-cpp/stencil_chain/stencil_chain.halide_generated.cpp:17912:47
stencil_chain,cxx_default_on_emitted_cpp,5eb72c8d,1,14,cxx_add_to_sub,stencil_chain.halide_generated.cpp,5926,38,generator_specific,0,0,0,,,,0,0.870,cxx_add_to_sub:/mnt/scratch1/ardi/dsl_mut/HM-armc/mutation/lowered-cpp/stencil_chain/stencil_chain.halide_generated.cpp:5926:38
stencil_chain,cxx_default_on_emitted_cpp,5eb72c8d,1,14,cxx_add_to_sub,stencil_chain.halide_generated.cpp,14128,49,generator_specific,0,0,1,,,test2_golden,0,0.885,cxx_add_to_sub:/mnt/scratch1/ardi/dsl_mut/HM-armc/mutation/lowered-cpp/stencil_chain/stencil_chain.halide_generated.cpp:14128:49
stencil_chain,cxx_default_on_emitted_cpp,5eb72c8d,1,14,cxx_add_to_sub,stencil_chain.halide_generated.cpp,6212,37,generator_specific,0,0,1,,,test2_golden,0,0.951,cxx_add_to_sub:/mnt/scratch1/ardi/dsl_mut/HM-armc/mutation/lowered-cpp/stencil_chain/stencil_chain.halide_generated.cpp:6212:37
stencil_chain,cxx_default_on_emitted_cpp,5eb72c8d,1,14,cxx_sub_to_add,stencil_chain.halide_generated.cpp,18968,29,generator_specific,0,0,0,,,,0,0.962,cxx_sub_to_add:/mnt/scratch1/ardi/dsl_mut/HM-armc/mutation/lowered-cpp/stencil_chain/stencil_chain.halide_generated.cpp:18968:29
stencil_chain,cxx_default_on_emitted_cpp,5eb72c8d,1,14,cxx_add_to_sub,stencil_chain.halide_generated.cpp,12013,37,generator_specific,0,0,1,,,test2_golden,0,0.976,cxx_add_to_sub:/mnt/scratch1/ardi/dsl_mut/HM-armc/mutation/lowered-cpp/stencil_chain/stencil_chain.halide_generated.cpp:12013:37
stencil_chain,cxx_default_on_emitted_cpp,5eb72c8d,1,14,cxx_add_to_sub,stencil_chain.halide_generated.cpp,4395,39,generator_specific,0,0,0,,,,0,0.975,cxx_add_to_sub:/mnt/scratch1/ardi/dsl_mut/HM-armc/mutation/lowered-cpp/stencil_chain/stencil_chain.halide_generated.cpp:4395:39
stencil_chain,cxx_default_on_emitted_cpp,5eb72c8d,1,14,cxx_add_to_sub,stencil_chain.halide_generated.cpp,17688,45,generator_specific,0,0,1,,,test2_golden,0,0.987,cxx_add_to_sub:/mnt/scratch1/ardi/dsl_mut/HM-armc/mutation/lowered-cpp/stencil_chain/stencil_chain.halide_generated.cpp:17688:45
stencil_chain,cxx_default_on_emitted_cpp,5eb72c8d,1,14,cxx_mul_to_div,stencil_chain.halide_generated.cpp,15202,41,generator_specific,0,0,1,,,test2_golden,0,0.992,cxx_mul_to_div:/mnt/scratch1/ardi/dsl_mut/HM-armc/mutation/lowered-cpp/stencil_chain/stencil_chain.halide_generated.cpp:15202:41
stencil_chain,cxx_default_on_emitted_cpp,5eb72c8d,1,14,cxx_mul_to_div,stencil_chain.halide_generated.cpp,4696,46,generator_specific,0,0,1,,,test2_golden,0,1.004,cxx_mul_to_div:/mnt/scratch1/ardi/dsl_mut/HM-armc/mutation/lowered-cpp/stencil_chain/stencil_chain.halide_generated.cpp:4696:46
stencil_chain,cxx_default_on_emitted_cpp,5eb72c8d,1,14,cxx_add_to_sub,stencil_chain.halide_generated.cpp,14918,26,generator_specific,0,0,0,,,,0,1.001,cxx_add_to_sub:/mnt/scratch1/ardi/dsl_mut/HM-armc/mutation/lowered-cpp/stencil_chain/stencil_chain.halide_generated.cpp:14918:26
stencil_chain,cxx_default_on_emitted_cpp,5eb72c8d,1,14,cxx_lt_to_le,stencil_chain.halide_generated.cpp,18856,25,generator_specific,0,0,0,,,,0,1.000,cxx_lt_to_le:/mnt/scratch1/ardi/dsl_mut/HM-armc/mutation/lowered-cpp/stencil_chain/stencil_chain.halide_generated.cpp:18856:25
stencil_chain,cxx_default_on_emitted_cpp,5eb72c8d,1,14,cxx_sub_to_add,stencil_chain.halide_generated.cpp,18851,28,generator_specific,0,0,0,,,,0,1.033,cxx_sub_to_add:/mnt/scratch1/ardi/dsl_mut/HM-armc/mutation/lowered-cpp/stencil_chain/stencil_chain.halide_generated.cpp:18851:28
stencil_chain,cxx_default_on_emitted_cpp,5eb72c8d,1,14,cxx_replace_scalar_call,stencil_chain.halide_generated.cpp,9993,36,generator_specific,0,0,1,,,test2_golden,0,1.030,cxx_replace_scalar_call:/mnt/scratch1/ardi/dsl_mut/HM-armc/mutation/lowered-cpp/stencil_chain/stencil_chain.halide_generated.cpp:9993:36
stencil_chain,cxx_default_on_emitted_cpp,5eb72c8d,1,14,cxx_add_to_sub,stencil_chain.halide_generated.cpp,7571,41,generator_specific,0,0,1,,,test2_golden,0,1.040,cxx_add_to_sub:/mnt/scratch1/ardi/dsl_mut/HM-armc/mutation/lowered-cpp/stencil_chain/stencil_chain.halide_generated.cpp:7571:41
stencil_chain,cxx_default_on_emitted_cpp,5eb72c8d,1,14,cxx_mul_to_div,stencil_chain.halide_generated.cpp,18774,28,generator_specific,-11,1,,,,test1_demo,0,0.530,cxx_mul_to_div:/mnt/scratch1/ardi/dsl_mut/HM-armc/mutation/lowered-cpp/stencil_chain/stencil_chain.halide_generated.cpp:18774:28
stencil_chain,cxx_default_on_emitted_cpp,5eb72c8d,1,14,cxx_mul_to_div,stencil_chain.halide_generated.cpp,11464,41,generator_specific,0,0,1,,,test2_golden,0,1.011,cxx_mul_to_div:/mnt/scratch1/ardi/dsl_mut/HM-armc/mutation/lowered-cpp/stencil_chain/stencil_chain.halide_generated.cpp:11464:41
stencil_chain,cxx_default_on_emitted_cpp,5eb72c8d,1,14,cxx_add_to_sub,stencil_chain.halide_generated.cpp,16694,47,generator_specific,0,0,1,,,test2_golden,0,0.764,cxx_add_to_sub:/mnt/scratch1/ardi/dsl_mut/HM-armc/mutation/lowered-cpp/stencil_chain/stencil_chain.halide_generated.cpp:16694:47
stencil_chain,cxx_default_on_emitted_cpp,5eb72c8d,1,14,cxx_add_to_sub,stencil_chain.halide_generated.cpp,16003,45,generator_specific,0,0,1,,,test2_golden,0,0.743,cxx_add_to_sub:/mnt/scratch1/ardi/dsl_mut/HM-armc/mutation/lowered-cpp/stencil_chain/stencil_chain.halide_generated.cpp:16003:45
stencil_chain,cxx_default_on_emitted_cpp,5eb72c8d,1,14,cxx_add_to_sub,stencil_chain.halide_generated.cpp,6019,38,generator_specific,0,0,1,,,test2_golden,0,0.803,cxx_add_to_sub:/mnt/scratch1/ardi/dsl_mut/HM-armc/mutation/lowered-cpp/stencil_chain/stencil_chain.halide_generated.cpp:6019:38
stencil_chain,cxx_default_on_emitted_cpp,5eb72c8d,1,14,cxx_add_to_sub,stencil_chain.halide_generated.cpp,6269,39,generator_specific,0,0,1,,,test2_golden,0,0.780,cxx_add_to_sub:/mnt/scratch1/ardi/dsl_mut/HM-armc/mutation/lowered-cpp/stencil_chain/stencil_chain.halide_generated.cpp:6269:39
stencil_chain,cxx_default_on_emitted_cpp,5eb72c8d,1,14,cxx_add_to_sub,stencil_chain.halide_generated.cpp,16897,44,generator_specific,0,0,1,,,test2_golden,0,0.762,cxx_add_to_sub:/mnt/scratch1/ardi/dsl_mut/HM-armc/mutation/lowered-cpp/stencil_chain/stencil_chain.halide_generated.cpp:16897:44
stencil_chain,cxx_default_on_emitted_cpp,5eb72c8d,1,14,cxx_add_to_sub,stencil_chain.halide_generated.cpp,3583,20,generator_specific,0,0,0,,,,0,0.926,cxx_add_to_sub:/mnt/scratch1/ardi/dsl_mut/HM-armc/mutation/lowered-cpp/stencil_chain/stencil_chain.halide_generated.cpp:3583:20
stencil_chain,cxx_default_on_emitted_cpp,5eb72c8d,1,14,cxx_add_to_sub,stencil_chain.halide_generated.cpp,7027,41,generator_specific,0,0,1,,,test2_golden,0,0.802,cxx_add_to_sub:/mnt/scratch1/ardi/dsl_mut/HM-armc/mutation/lowered-cpp/stencil_chain/stencil_chain.halide_generated.cpp:7027:41
stencil_chain,cxx_default_on_emitted_cpp,5eb72c8d,1,14,cxx_mul_to_div,stencil_chain.halide_generated.cpp,6329,43,generator_specific,0,0,1,,,test2_golden,0,0.982,cxx_mul_to_div:/mnt/scratch1/ardi/dsl_mut/HM-armc/mutation/lowered-cpp/stencil_chain/stencil_chain.halide_generated.cpp:6329:43
stencil_chain,cxx_default_on_emitted_cpp,5eb72c8d,1,14,cxx_add_to_sub,stencil_chain.halide_generated.cpp,15799,40,generator_specific,0,0,1,,,test2_golden,0,0.796,cxx_add_to_sub:/mnt/scratch1/ardi/dsl_mut/HM-armc/mutation/lowered-cpp/stencil_chain/stencil_chain.halide_generated.cpp:15799:40
stencil_chain,cxx_default_on_emitted_cpp,5eb72c8d,1,14,cxx_mul_to_div,stencil_chain.halide_generated.cpp,6283,39,generator_specific,0,0,1,,,test2_golden,0,0.934,cxx_mul_to_div:/mnt/scratch1/ardi/dsl_mut/HM-armc/mutation/lowered-cpp/stencil_chain/stencil_chain.halide_generated.cpp:6283:39
stencil_chain,cxx_default_on_emitted_cpp,5eb72c8d,1,14,cxx_add_to_sub,stencil_chain.halide_generated.cpp,11340,39,generator_specific,0,0,1,,,test2_golden,0,0.752,cxx_add_to_sub:/mnt/scratch1/ardi/dsl_mut/HM-armc/mutation/lowered-cpp/stencil_chain/stencil_chain.halide_generated.cpp:11340:39
stencil_chain,cxx_default_on_emitted_cpp,5eb72c8d,1,14,cxx_add_to_sub,stencil_chain.halide_generated.cpp,7972,46,generator_specific,0,0,1,,,test2_golden,0,0.787,cxx_add_to_sub:/mnt/scratch1/ardi/dsl_mut/HM-armc/mutation/lowered-cpp/stencil_chain/stencil_chain.halide_generated.cpp:7972:46
stencil_chain,cxx_default_on_emitted_cpp,5eb72c8d,1,14,cxx_add_to_sub,stencil_chain.halide_generated.cpp,4021,37,generator_specific,0,0,0,,,,0,0.933,cxx_add_to_sub:/mnt/scratch1/ardi/dsl_mut/HM-armc/mutation/lowered-cpp/stencil_chain/stencil_chain.halide_generated.cpp:4021:37
stencil_chain,cxx_default_on_emitted_cpp,5eb72c8d,1,14,cxx_mul_to_div,stencil_chain.halide_generated.cpp,6882,43,generator_specific,0,0,1,,,test2_golden,0,0.789,cxx_mul_to_div:/mnt/scratch1/ardi/dsl_mut/HM-armc/mutation/lowered-cpp/stencil_chain/stencil_chain.halide_generated.cpp:6882:43
stencil_chain,cxx_default_on_emitted_cpp,5eb72c8d,1,14,cxx_add_to_sub,stencil_chain.halide_generated.cpp,18163,48,generator_specific,0,0,1,,,test2_golden,0,0.993,cxx_add_to_sub:/mnt/scratch1/ardi/dsl_mut/HM-armc/mutation/lowered-cpp/stencil_chain/stencil_chain.halide_generated.cpp:18163:48
stencil_chain,cxx_default_on_emitted_cpp,5eb72c8d,1,14,cxx_add_to_sub,stencil_chain.halide_generated.cpp,4628,41,generator_specific,0,0,1,,,test2_golden,0,0.856,cxx_add_to_sub:/mnt/scratch1/ardi/dsl_mut/HM-armc/mutation/lowered-cpp/stencil_chain/stencil_chain.halide_generated.cpp:4628:41
stencil_chain,cxx_default_on_emitted_cpp,5eb72c8d,1,14,cxx_add_to_sub,stencil_chain.halide_generated.cpp,10882,46,generator_specific,0,0,1,,,test2_golden,0,1.931,cxx_add_to_sub:/mnt/scratch1/ardi/dsl_mut/HM-armc/mutation/lowered-cpp/stencil_chain/stencil_chain.halide_generated.cpp:10882:46
stencil_chain,cxx_default_on_emitted_cpp,5eb72c8d,1,14,cxx_add_to_sub,stencil_chain.halide_generated.cpp,6182,37,generator_specific,0,0,1,,,test2_golden,0,0.978,cxx_add_to_sub:/mnt/scratch1/ardi/dsl_mut/HM-armc/mutation/lowered-cpp/stencil_chain/stencil_chain.halide_generated.cpp:6182:37
stencil_chain,cxx_default_on_emitted_cpp,5eb72c8d,1,14,cxx_mul_to_div,stencil_chain.halide_generated.cpp,16551,43,generator_specific,0,0,1,,,test2_golden,0,0.951,cxx_mul_to_div:/mnt/scratch1/ardi/dsl_mut/HM-armc/mutation/lowered-cpp/stencil_chain/stencil_chain.halide_generated.cpp:16551:43
stencil_chain,cxx_default_on_emitted_cpp,5eb72c8d,1,14,cxx_add_to_sub,stencil_chain.halide_generated.cpp,5201,45,generator_specific,0,0,1,,,test2_golden,0,0.980,cxx_add_to_sub:/mnt/scratch1/ardi/dsl_mut/HM-armc/mutation/lowered-cpp/stencil_chain/stencil_chain.halide_generated.cpp:5201:45
stencil_chain,cxx_default_on_emitted_cpp,5eb72c8d,1,14,cxx_mul_to_div,stencil_chain.halide_generated.cpp,10428,48,generator_specific,0,0,1,,,test2_golden,0,0.960,cxx_mul_to_div:/mnt/scratch1/ardi/dsl_mut/HM-armc/mutation/lowered-cpp/stencil_chain/stencil_chain.halide_generated.cpp:10428:48
stencil_chain,cxx_default_on_emitted_cpp,5eb72c8d,1,14,cxx_add_to_sub,stencil_chain.halide_generated.cpp,5717,41,generator_specific,0,0,1,,,test2_golden,0,0.755,cxx_add_to_sub:/mnt/scratch1/ardi/dsl_mut/HM-armc/mutation/lowered-cpp/stencil_chain/stencil_chain.halide_generated.cpp:5717:41
stencil_chain,cxx_default_on_emitted_cpp,5eb72c8d,1,14,cxx_mul_to_div,stencil_chain.halide_generated.cpp,10629,49,generator_specific,0,0,1,,,test2_golden,0,1.071,cxx_mul_to_div:/mnt/scratch1/ardi/dsl_mut/HM-armc/mutation/lowered-cpp/stencil_chain/stencil_chain.halide_generated.cpp:10629:49
stencil_chain,cxx_default_on_emitted_cpp,5eb72c8d,1,14,cxx_mul_to_div,stencil_chain.halide_generated.cpp,11915,37,generator_specific,0,0,1,,,test2_golden,0,2.080,cxx_mul_to_div:/mnt/scratch1/ardi/dsl_mut/HM-armc/mutation/lowered-cpp/stencil_chain/stencil_chain.halide_generated.cpp:11915:37
stencil_chain,cxx_default_on_emitted_cpp,5eb72c8d,1,14,cxx_mul_to_div,stencil_chain.halide_generated.cpp,13309,41,generator_specific,0,0,1,,,test2_golden,0,1.396,cxx_mul_to_div:/mnt/scratch1/ardi/dsl_mut/HM-armc/mutation/lowered-cpp/stencil_chain/stencil_chain.halide_generated.cpp:13309:41
stencil_chain,cxx_default_on_emitted_cpp,5eb72c8d,1,14,cxx_add_to_sub,stencil_chain.halide_generated.cpp,6444,38,generator_specific,0,0,1,,,test2_golden,0,0.769,cxx_add_to_sub:/mnt/scratch1/ardi/dsl_mut/HM-armc/mutation/lowered-cpp/stencil_chain/stencil_chain.halide_generated.cpp:6444:38
stencil_chain,cxx_default_on_emitted_cpp,5eb72c8d,1,14,cxx_remove_void_call,stencil_chain.halide_generated.cpp,9260,15,generator_specific,0,0,1,,,test2_golden,0,0.752,cxx_remove_void_call:/mnt/scratch1/ardi/dsl_mut/HM-armc/mutation/lowered-cpp/stencil_chain/stencil_chain.halide_generated.cpp:9260:15
stencil_chain,cxx_default_on_emitted_cpp,5eb72c8d,1,14,cxx_mul_to_div,stencil_chain.halide_generated.cpp,7021,45,generator_specific,0,0,1,,,test2_golden,0,0.732,cxx_mul_to_div:/mnt/scratch1/ardi/dsl_mut/HM-armc/mutation/lowered-cpp/stencil_chain/stencil_chain.halide_generated.cpp:7021:45
stencil_chain,cxx_default_on_emitted_cpp,5eb72c8d,1,14,cxx_lt_to_le,stencil_chain.halide_generated.cpp,16529,66,generator_specific,0,0,0,,,,0,0.753,cxx_lt_to_le:/mnt/scratch1/ardi/dsl_mut/HM-armc/mutation/lowered-cpp/stencil_chain/stencil_chain.halide_generated.cpp:16529:66
stencil_chain,cxx_default_on_emitted_cpp,5eb72c8d,1,14,cxx_mul_to_div,stencil_chain.halide_generated.cpp,7204,44,generator_specific,0,0,1,,,test2_golden,0,0.733,cxx_mul_to_div:/mnt/scratch1/ardi/dsl_mut/HM-armc/mutation/lowered-cpp/stencil_chain/stencil_chain.halide_generated.cpp:7204:44
stencil_chain,cxx_default_on_emitted_cpp,5eb72c8d,1,14,cxx_add_to_sub,stencil_chain.halide_generated.cpp,6067,42,generator_specific,0,0,1,,,test2_golden,0,0.754,cxx_add_to_sub:/mnt/scratch1/ardi/dsl_mut/HM-armc/mutation/lowered-cpp/stencil_chain/stencil_chain.halide_generated.cpp:6067:42
stencil_chain,cxx_default_on_emitted_cpp,5eb72c8d,1,14,cxx_lt_to_ge,stencil_chain.halide_generated.cpp,18966,26,generator_specific,0,0,0,,,,0,0.793,cxx_lt_to_ge:/mnt/scratch1/ardi/dsl_mut/HM-armc/mutation/lowered-cpp/stencil_chain/stencil_chain.halide_generated.cpp:18966:26
stencil_chain,cxx_default_on_emitted_cpp,5eb72c8d,1,14,cxx_add_to_sub,stencil_chain.halide_generated.cpp,4882,47,generator_specific,0,0,1,,,test2_golden,0,0.962,cxx_add_to_sub:/mnt/scratch1/ardi/dsl_mut/HM-armc/mutation/lowered-cpp/stencil_chain/stencil_chain.halide_generated.cpp:4882:47
stencil_chain,cxx_default_on_emitted_cpp,5eb72c8d,1,14,cxx_add_to_sub,stencil_chain.halide_generated.cpp,10689,49,generator_specific,0,0,1,,,test2_golden,0,0.821,cxx_add_to_sub:/mnt/scratch1/ardi/dsl_mut/HM-armc/mutation/lowered-cpp/stencil_chain/stencil_chain.halide_generated.cpp:10689:49
stencil_chain,cxx_default_on_emitted_cpp,5eb72c8d,1,14,cxx_add_to_sub,stencil_chain.halide_generated.cpp,6768,44,generator_specific,0,0,1,,,test2_golden,0,0.858,cxx_add_to_sub:/mnt/scratch1/ardi/dsl_mut/HM-armc/mutation/lowered-cpp/stencil_chain/stencil_chain.halide_generated.cpp:6768:44
stencil_chain,cxx_default_on_emitted_cpp,5eb72c8d,1,14,cxx_add_to_sub,stencil_chain.halide_generated.cpp,17364,48,generator_specific,0,0,1,,,test2_golden,0,0.732,cxx_add_to_sub:/mnt/scratch1/ardi/dsl_mut/HM-armc/mutation/lowered-cpp/stencil_chain/stencil_chain.halide_generated.cpp:17364:48
stencil_chain,cxx_default_on_emitted_cpp,5eb72c8d,1,14,cxx_add_to_sub,stencil_chain.halide_generated.cpp,5886,40,generator_specific,0,0,1,,,test2_golden,0,0.913,cxx_add_to_sub:/mnt/scratch1/ardi/dsl_mut/HM-armc/mutation/lowered-cpp/stencil_chain/stencil_chain.halide_generated.cpp:5886:40
stencil_chain,cxx_default_on_emitted_cpp,5eb72c8d,1,14,cxx_add_to_sub,stencil_chain.halide_generated.cpp,7001,41,generator_specific,0,0,1,,,test2_golden,0,0.749,cxx_add_to_sub:/mnt/scratch1/ardi/dsl_mut/HM-armc/mutation/lowered-cpp/stencil_chain/stencil_chain.halide_generated.cpp:7001:41
stencil_chain,cxx_default_on_emitted_cpp,5eb72c8d,1,14,cxx_add_to_sub,stencil_chain.halide_generated.cpp,7692,43,generator_specific,0,0,1,,,test2_golden,0,0.987,cxx_add_to_sub:/mnt/scratch1/ardi/dsl_mut/HM-armc/mutation/lowered-cpp/stencil_chain/stencil_chain.halide_generated.cpp:7692:43
stencil_chain,cxx_default_on_emitted_cpp,5eb72c8d,1,14,cxx_add_to_sub,stencil_chain.halide_generated.cpp,7656,43,generator_specific,0,0,1,,,test2_golden,0,0.732,cxx_add_to_sub:/mnt/scratch1/ardi/dsl_mut/HM-armc/mutation/lowered-cpp/stencil_chain/stencil_chain.halide_generated.cpp:7656:43
stencil_chain,cxx_default_on_emitted_cpp,5eb72c8d,1,14,cxx_add_to_sub,stencil_chain.halide_generated.cpp,18442,26,generator_specific,0,0,0,,,,0,0.779,cxx_add_to_sub:/mnt/scratch1/ardi/dsl_mut/HM-armc/mutation/lowered-cpp/stencil_chain/stencil_chain.halide_generated.cpp:18442:26
stencil_chain,cxx_default_on_emitted_cpp,5eb72c8d,1,14,cxx_add_to_sub,stencil_chain.halide_generated.cpp,9437,42,generator_specific,0,0,1,,,test2_golden,0,0.962,cxx_add_to_sub:/mnt/scratch1/ardi/dsl_mut/HM-armc/mutation/lowered-cpp/stencil_chain/stencil_chain.halide_generated.cpp:9437:42
stencil_chain,cxx_default_on_emitted_cpp,5eb72c8d,1,14,cxx_add_to_sub,stencil_chain.halide_generated.cpp,6658,40,generator_specific,0,0,1,,,test2_golden,0,2.122,cxx_add_to_sub:/mnt/scratch1/ardi/dsl_mut/HM-armc/mutation/lowered-cpp/stencil_chain/stencil_chain.halide_generated.cpp:6658:40
stencil_chain,cxx_default_on_emitted_cpp,5eb72c8d,1,14,cxx_add_to_sub,stencil_chain.halide_generated.cpp,17322,44,generator_specific,0,0,1,,,test2_golden,0,0.987,cxx_add_to_sub:/mnt/scratch1/ardi/dsl_mut/HM-armc/mutation/lowered-cpp/stencil_chain/stencil_chain.halide_generated.cpp:17322:44
stencil_chain,cxx_default_on_emitted_cpp,5eb72c8d,1,14,cxx_lt_to_le,stencil_chain.halide_generated.cpp,18331,23,generator_specific,0,0,0,,,,0,0.725,cxx_lt_to_le:/mnt/scratch1/ardi/dsl_mut/HM-armc/mutation/lowered-cpp/stencil_chain/stencil_chain.halide_generated.cpp:18331:23
stencil_chain,cxx_default_on_emitted_cpp,5eb72c8d,1,14,cxx_le_to_lt,stencil_chain.halide_generated.cpp,12401,32,generator_specific,0,0,1,,,test2_golden,0,0.755,cxx_le_to_lt:/mnt/scratch1/ardi/dsl_mut/HM-armc/mutation/lowered-cpp/stencil_chain/stencil_chain.halide_generated.cpp:12401:32
stencil_chain,cxx_default_on_emitted_cpp,5eb72c8d,1,14,cxx_gt_to_ge,stencil_chain.halide_generated.cpp,18647,25,generator_specific,0,0,0,,,,0,2.373,cxx_gt_to_ge:/mnt/scratch1/ardi/dsl_mut/HM-armc/mutation/lowered-cpp/stencil_chain/stencil_chain.halide_generated.cpp:18647:25
stencil_chain,cxx_default_on_emitted_cpp,5eb72c8d,1,14,cxx_add_to_sub,stencil_chain.halide_generated.cpp,13898,44,generator_specific,0,0,1,,,test2_golden,0,0.759,cxx_add_to_sub:/mnt/scratch1/ardi/dsl_mut/HM-armc/mutation/lowered-cpp/stencil_chain/stencil_chain.halide_generated.cpp:13898:44
stencil_chain,cxx_default_on_emitted_cpp,5eb72c8d,1,14,cxx_add_to_sub,stencil_chain.halide_generated.cpp,10539,45,generator_specific,0,0,1,,,test2_golden,0,1.110,cxx_add_to_sub:/mnt/scratch1/ardi/dsl_mut/HM-armc/mutation/lowered-cpp/stencil_chain/stencil_chain.halide_generated.cpp:10539:45
stencil_chain,cxx_default_on_emitted_cpp,5eb72c8d,1,14,cxx_add_to_sub,stencil_chain.halide_generated.cpp,4839,43,generator_specific,0,0,1,,,test2_golden,0,1.476,cxx_add_to_sub:/mnt/scratch1/ardi/dsl_mut/HM-armc/mutation/lowered-cpp/stencil_chain/stencil_chain.halide_generated.cpp:4839:43
stencil_chain,cxx_default_on_emitted_cpp,5eb72c8d,1,14,cxx_add_to_sub,stencil_chain.halide_generated.cpp,8453,45,generator_specific,0,0,1,,,test2_golden,0,0.940,cxx_add_to_sub:/mnt/scratch1/ardi/dsl_mut/HM-armc/mutation/lowered-cpp/stencil_chain/stencil_chain.halide_generated.cpp:8453:45
stencil_chain,cxx_default_on_emitted_cpp,5eb72c8d,1,14,cxx_add_to_sub,stencil_chain.halide_generated.cpp,11865,42,generator_specific,0,0,1,,,test2_golden,0,0.751,cxx_add_to_sub:/mnt/scratch1/ardi/dsl_mut/HM-armc/mutation/lowered-cpp/stencil_chain/stencil_chain.halide_generated.cpp:11865:42
stencil_chain,cxx_default_on_emitted_cpp,5eb72c8d,1,14,cxx_sub_to_add,stencil_chain.halide_generated.cpp,14146,47,generator_specific,0,0,1,,,test2_golden,0,0.803,cxx_sub_to_add:/mnt/scratch1/ardi/dsl_mut/HM-armc/mutation/lowered-cpp/stencil_chain/stencil_chain.halide_generated.cpp:14146:47
stencil_chain,cxx_default_on_emitted_cpp,5eb72c8d,1,14,cxx_replace_scalar_call,stencil_chain.halide_generated.cpp,18389,19,generator_specific,0,0,0,,,,0,0.734,cxx_replace_scalar_call:/mnt/scratch1/ardi/dsl_mut/HM-armc/mutation/lowered-cpp/stencil_chain/stencil_chain.halide_generated.cpp:18389:19
stencil_chain,cxx_default_on_emitted_cpp,5eb72c8d,1,14,cxx_add_to_sub,stencil_chain.halide_generated.cpp,6115,37,generator_specific,0,0,1,,,test2_golden,0,0.730,cxx_add_to_sub:/mnt/scratch1/ardi/dsl_mut/HM-armc/mutation/lowered-cpp/stencil_chain/stencil_chain.halide_generated.cpp:6115:37
stencil_chain,cxx_default_on_emitted_cpp,5eb72c8d,1,14,cxx_add_to_sub,stencil_chain.halide_generated.cpp,12281,38,generator_specific,0,0,1,,,test2_golden,0,0.751,cxx_add_to_sub:/mnt/scratch1/ardi/dsl_mut/HM-armc/mutation/lowered-cpp/stencil_chain/stencil_chain.halide_generated.cpp:12281:38
stencil_chain,cxx_default_on_emitted_cpp,5eb72c8d,1,14,cxx_replace_scalar_call,stencil_chain.halide_generated.cpp,18314,19,generator_specific,0,0,1,,,test2_golden,0,1.730,cxx_replace_scalar_call:/mnt/scratch1/ardi/dsl_mut/HM-armc/mutation/lowered-cpp/stencil_chain/stencil_chain.halide_generated.cpp:18314:19
stencil_chain,cxx_default_on_emitted_cpp,5eb72c8d,1,14,cxx_lt_to_le,stencil_chain.halide_generated.cpp,9630,63,generator_specific,0,0,0,,,,0,0.948,cxx_lt_to_le:/mnt/scratch1/ardi/dsl_mut/HM-armc/mutation/lowered-cpp/stencil_chain/stencil_chain.halide_generated.cpp:9630:63
stencil_chain,cxx_default_on_emitted_cpp,5eb72c8d,1,14,cxx_mul_to_div,stencil_chain.halide_generated.cpp,7390,46,generator_specific,0,0,1,,,test2_golden,0,2.578,cxx_mul_to_div:/mnt/scratch1/ardi/dsl_mut/HM-armc/mutation/lowered-cpp/stencil_chain/stencil_chain.halide_generated.cpp:7390:46
stencil_chain,cxx_default_on_emitted_cpp,5eb72c8d,1,14,cxx_add_to_sub,stencil_chain.halide_generated.cpp,15082,38,generator_specific,0,0,1,,,test2_golden,0,0.752,cxx_add_to_sub:/mnt/scratch1/ardi/dsl_mut/HM-armc/mutation/lowered-cpp/stencil_chain/stencil_chain.halide_generated.cpp:15082:38
stencil_chain,cxx_default_on_emitted_cpp,5eb72c8d,1,14,cxx_mul_to_div,stencil_chain.halide_generated.cpp,16835,46,generator_specific,0,0,1,,,test2_golden,0,0.787,cxx_mul_to_div:/mnt/scratch1/ardi/dsl_mut/HM-armc/mutation/lowered-cpp/stencil_chain/stencil_chain.halide_generated.cpp:16835:46
stencil_chain,cxx_default_on_emitted_cpp,5eb72c8d,1,14,cxx_mul_to_div,stencil_chain.halide_generated.cpp,5585,37,generator_specific,0,0,1,,,test2_golden,0,0.749,cxx_mul_to_div:/mnt/scratch1/ardi/dsl_mut/HM-armc/mutation/lowered-cpp/stencil_chain/stencil_chain.halide_generated.cpp:5585:37
stencil_chain,cxx_default_on_emitted_cpp,5eb72c8d,1,14,cxx_add_to_sub,stencil_chain.halide_generated.cpp,15293,41,generator_specific,0,0,1,,,test2_golden,0,0.747,cxx_add_to_sub:/mnt/scratch1/ardi/dsl_mut/HM-armc/mutation/lowered-cpp/stencil_chain/stencil_chain.halide_generated.cpp:15293:41
stencil_chain,cxx_default_on_emitted_cpp,5eb72c8d,1,14,cxx_add_to_sub,stencil_chain.halide_generated.cpp,9778,44,generator_specific,0,0,1,,,test2_golden,0,1.131,cxx_add_to_sub:/mnt/scratch1/ardi/dsl_mut/HM-armc/mutation/lowered-cpp/stencil_chain/stencil_chain.halide_generated.cpp:9778:44
stencil_chain,cxx_default_on_emitted_cpp,5eb72c8d,1,14,cxx_add_to_sub,stencil_chain.halide_generated.cpp,7810,47,generator_specific,0,0,1,,,test2_golden,0,0.746,cxx_add_to_sub:/mnt/scratch1/ardi/dsl_mut/HM-armc/mutation/lowered-cpp/stencil_chain/stencil_chain.halide_generated.cpp:7810:47
stencil_chain,cxx_default_on_emitted_cpp,5eb72c8d,1,14,cxx_add_to_sub,stencil_chain.halide_generated.cpp,15636,42,generator_specific,0,0,1,,,test2_golden,0,0.730,cxx_add_to_sub:/mnt/scratch1/ardi/dsl_mut/HM-armc/mutation/lowered-cpp/stencil_chain/stencil_chain.halide_generated.cpp:15636:42
stencil_chain,cxx_default_on_emitted_cpp,5eb72c8d,1,14,cxx_add_to_sub,stencil_chain.halide_generated.cpp,4161,41,generator_specific,0,0,1,,,test2_golden,0,0.724,cxx_add_to_sub:/mnt/scratch1/ardi/dsl_mut/HM-armc/mutation/lowered-cpp/stencil_chain/stencil_chain.halide_generated.cpp:4161:41
stencil_chain,cxx_default_on_emitted_cpp,5eb72c8d,1,14,cxx_add_to_sub,stencil_chain.halide_generated.cpp,17200,49,generator_specific,0,0,1,,,test2_golden,0,0.916,cxx_add_to_sub:/mnt/scratch1/ardi/dsl_mut/HM-armc/mutation/lowered-cpp/stencil_chain/stencil_chain.halide_generated.cpp:17200:49
stencil_chain,cxx_default_on_emitted_cpp,5eb72c8d,1,14,cxx_add_to_sub,stencil_chain.halide_generated.cpp,10170,101,generator_specific,0,0,1,,,test2_golden,0,1.325,cxx_add_to_sub:/mnt/scratch1/ardi/dsl_mut/HM-armc/mutation/lowered-cpp/stencil_chain/stencil_chain.halide_generated.cpp:10170:101
stencil_chain,cxx_default_on_emitted_cpp,5eb72c8d,1,14,cxx_add_to_sub,stencil_chain.halide_generated.cpp,4342,42,generator_specific,0,0,1,,,test2_golden,0,1.672,cxx_add_to_sub:/mnt/scratch1/ardi/dsl_mut/HM-armc/mutation/lowered-cpp/stencil_chain/stencil_chain.halide_generated.cpp:4342:42
stencil_chain,cxx_default_on_emitted_cpp,5eb72c8d,1,14,cxx_add_to_sub,stencil_chain.halide_generated.cpp,3808,39,generator_specific,0,0,1,,,test2_golden,0,0.782,cxx_add_to_sub:/mnt/scratch1/ardi/dsl_mut/HM-armc/mutation/lowered-cpp/stencil_chain/stencil_chain.halide_generated.cpp:3808:39
stencil_chain,cxx_default_on_emitted_cpp,5eb72c8d,1,14,cxx_add_to_sub,stencil_chain.halide_generated.cpp,16481,41,generator_specific,0,0,1,,,test2_golden,0,0.755,cxx_add_to_sub:/mnt/scratch1/ardi/dsl_mut/HM-armc/mutation/lowered-cpp/stencil_chain/stencil_chain.halide_generated.cpp:16481:41
stencil_chain,cxx_default_on_emitted_cpp,5eb72c8d,1,14,cxx_add_to_sub,stencil_chain.halide_generated.cpp,14191,47,generator_specific,0,0,1,,,test2_golden,0,0.727,cxx_add_to_sub:/mnt/scratch1/ardi/dsl_mut/HM-armc/mutation/lowered-cpp/stencil_chain/stencil_chain.halide_generated.cpp:14191:47
stencil_chain,cxx_default_on_emitted_cpp,5eb72c8d,1,14,cxx_add_to_sub,stencil_chain.halide_generated.cpp,8005,44,generator_specific,0,0,1,,,test2_golden,0,0.726,cxx_add_to_sub:/mnt/scratch1/ardi/dsl_mut/HM-armc/mutation/lowered-cpp/stencil_chain/stencil_chain.halide_generated.cpp:8005:44
stencil_chain,cxx_default_on_emitted_cpp,5eb72c8d,1,14,cxx_mul_to_div,stencil_chain.halide_generated.cpp,16019,40,generator_specific,0,0,1,,,test2_golden,0,2.799,cxx_mul_to_div:/mnt/scratch1/ardi/dsl_mut/HM-armc/mutation/lowered-cpp/stencil_chain/stencil_chain.halide_generated.cpp:16019:40
stencil_chain,cxx_default_on_emitted_cpp,5eb72c8d,1,14,cxx_add_to_sub,stencil_chain.halide_generated.cpp,5269,45,generator_specific,0,0,1,,,test2_golden,0,2.268,cxx_add_to_sub:/mnt/scratch1/ardi/dsl_mut/HM-armc/mutation/lowered-cpp/stencil_chain/stencil_chain.halide_generated.cpp:5269:45
stencil_chain,cxx_default_on_emitted_cpp,5eb72c8d,1,14,cxx_add_to_sub,stencil_chain.halide_generated.cpp,17561,50,generator_specific,0,0,1,,,test2_golden,0,0.754,cxx_add_to_sub:/mnt/scratch1/ardi/dsl_mut/HM-armc/mutation/lowered-cpp/stencil_chain/stencil_chain.halide_generated.cpp:17561:50
stencil_chain,cxx_default_on_emitted_cpp,5eb72c8d,1,14,cxx_add_to_sub,stencil_chain.halide_generated.cpp,12254,38,generator_specific,0,0,1,,,test2_golden,0,0.754,cxx_add_to_sub:/mnt/scratch1/ardi/dsl_mut/HM-armc/mutation/lowered-cpp/stencil_chain/stencil_chain.halide_generated.cpp:12254:38
stencil_chain,cxx_default_on_emitted_cpp,5eb72c8d,1,14,cxx_mul_to_div,stencil_chain.halide_generated.cpp,5234,49,generator_specific,0,0,1,,,test2_golden,0,0.757,cxx_mul_to_div:/mnt/scratch1/ardi/dsl_mut/HM-armc/mutation/lowered-cpp/stencil_chain/stencil_chain.halide_generated.cpp:5234:49
stencil_chain,cxx_default_on_emitted_cpp,5eb72c8d,1,14,cxx_mul_to_div,stencil_chain.halide_generated.cpp,8251,47,generator_specific,0,0,1,,,test2_golden,0,0.904,cxx_mul_to_div:/mnt/scratch1/ardi/dsl_mut/HM-armc/mutation/lowered-cpp/stencil_chain/stencil_chain.halide_generated.cpp:8251:47
stencil_chain,cxx_default_on_emitted_cpp,5eb72c8d,1,14,cxx_add_to_sub,stencil_chain.halide_generated.cpp,3966,36,generator_specific,0,0,1,,,test2_golden,0,2.541,cxx_add_to_sub:/mnt/scratch1/ardi/dsl_mut/HM-armc/mutation/lowered-cpp/stencil_chain/stencil_chain.halide_generated.cpp:3966:36
stencil_chain,cxx_default_on_emitted_cpp,5eb72c8d,1,14,cxx_replace_scalar_call,stencil_chain.halide_generated.cpp,9813,35,generator_specific,0,0,1,,,test2_golden,0,0.945,cxx_replace_scalar_call:/mnt/scratch1/ardi/dsl_mut/HM-armc/mutation/lowered-cpp/stencil_chain/stencil_chain.halide_generated.cpp:9813:35
stencil_chain,cxx_default_on_emitted_cpp,5eb72c8d,1,14,cxx_add_to_sub,stencil_chain.halide_generated.cpp,11870,42,generator_specific,0,0,1,,,test2_golden,0,0.737,cxx_add_to_sub:/mnt/scratch1/ardi/dsl_mut/HM-armc/mutation/lowered-cpp/stencil_chain/stencil_chain.halide_generated.cpp:11870:42
stencil_chain,cxx_default_on_emitted_cpp,5eb72c8d,1,14,cxx_le_to_lt,stencil_chain.halide_generated.cpp,16868,35,generator_specific,0,0,1,,,test2_golden,0,0.742,cxx_le_to_lt:/mnt/scratch1/ardi/dsl_mut/HM-armc/mutation/lowered-cpp/stencil_chain/stencil_chain.halide_generated.cpp:16868:35
stencil_chain,cxx_default_on_emitted_cpp,5eb72c8d,1,14,cxx_mul_to_div,stencil_chain.halide_generated.cpp,4685,46,generator_specific,0,0,1,,,test2_golden,0,2.500,cxx_mul_to_div:/mnt/scratch1/ardi/dsl_mut/HM-armc/mutation/lowered-cpp/stencil_chain/stencil_chain.halide_generated.cpp:4685:46
stencil_chain,cxx_default_on_emitted_cpp,5eb72c8d,1,14,cxx_add_to_sub,stencil_chain.halide_generated.cpp,14122,49,generator_specific,0,0,1,,,test2_golden,0,0.750,cxx_add_to_sub:/mnt/scratch1/ardi/dsl_mut/HM-armc/mutation/lowered-cpp/stencil_chain/stencil_chain.halide_generated.cpp:14122:49
stencil_chain,cxx_default_on_emitted_cpp,5eb72c8d,1,14,cxx_add_to_sub,stencil_chain.halide_generated.cpp,4855,43,generator_specific,0,0,1,,,test2_golden,0,0.933,cxx_add_to_sub:/mnt/scratch1/ardi/dsl_mut/HM-armc/mutation/lowered-cpp/stencil_chain/stencil_chain.halide_generated.cpp:4855:43
stencil_chain,cxx_default_on_emitted_cpp,5eb72c8d,1,14,cxx_sub_to_add,stencil_chain.halide_generated.cpp,18921,24,generator_specific,-11,1,,,,test1_demo,0,0.241,cxx_sub_to_add:/mnt/scratch1/ardi/dsl_mut/HM-armc/mutation/lowered-cpp/stencil_chain/stencil_chain.halide_generated.cpp:18921:24
stencil_chain,cxx_default_on_emitted_cpp,5eb72c8d,1,14,cxx_add_to_sub,stencil_chain.halide_generated.cpp,9599,43,generator_specific,0,0,1,,,test2_golden,0,1.383,cxx_add_to_sub:/mnt/scratch1/ardi/dsl_mut/HM-armc/mutation/lowered-cpp/stencil_chain/stencil_chain.halide_generated.cpp:9599:43
stencil_chain,cxx_default_on_emitted_cpp,5eb72c8d,1,14,cxx_add_to_sub,stencil_chain.halide_generated.cpp,8176,43,generator_specific,0,0,1,,,test2_golden,0,0.760,cxx_add_to_sub:/mnt/scratch1/ardi/dsl_mut/HM-armc/mutation/lowered-cpp/stencil_chain/stencil_chain.halide_generated.cpp:8176:43
stencil_chain,cxx_default_on_emitted_cpp,5eb72c8d,1,14,cxx_add_to_sub,stencil_chain.halide_generated.cpp,17265,44,generator_specific,0,0,1,,,test2_golden,0,0.807,cxx_add_to_sub:/mnt/scratch1/ardi/dsl_mut/HM-armc/mutation/lowered-cpp/stencil_chain/stencil_chain.halide_generated.cpp:17265:44
stencil_chain,cxx_default_on_emitted_cpp,5eb72c8d,1,14,cxx_mul_to_div,stencil_chain.halide_generated.cpp,16310,46,generator_specific,0,0,1,,,test2_golden,0,1.956,cxx_mul_to_div:/mnt/scratch1/ardi/dsl_mut/HM-armc/mutation/lowered-cpp/stencil_chain/stencil_chain.halide_generated.cpp:16310:46
stencil_chain,cxx_default_on_emitted_cpp,5eb72c8d,1,14,cxx_add_to_sub,stencil_chain.halide_generated.cpp,17319,44,generator_specific,0,0,1,,,test2_golden,0,0.817,cxx_add_to_sub:/mnt/scratch1/ardi/dsl_mut/HM-armc/mutation/lowered-cpp/stencil_chain/stencil_chain.halide_generated.cpp:17319:44
stencil_chain,cxx_default_on_emitted_cpp,5eb72c8d,1,14,cxx_add_to_sub,stencil_chain.halide_generated.cpp,10665,45,generator_specific,0,0,1,,,test2_golden,0,1.144,cxx_add_to_sub:/mnt/scratch1/ardi/dsl_mut/HM-armc/mutation/lowered-cpp/stencil_chain/stencil_chain.halide_generated.cpp:10665:45
stencil_chain,cxx_default_on_emitted_cpp,5eb72c8d,1,14,cxx_add_to_sub,stencil_chain.halide_generated.cpp,16253,42,generator_specific,0,0,1,,,test2_golden,0,1.987,cxx_add_to_sub:/mnt/scratch1/ardi/dsl_mut/HM-armc/mutation/lowered-cpp/stencil_chain/stencil_chain.halide_generated.cpp:16253:42
stencil_chain,cxx_default_on_emitted_cpp,5eb72c8d,1,14,cxx_add_to_sub,stencil_chain.halide_generated.cpp,3977,36,generator_specific,0,0,1,,,test2_golden,0,0.801,cxx_add_to_sub:/mnt/scratch1/ardi/dsl_mut/HM-armc/mutation/lowered-cpp/stencil_chain/stencil_chain.halide_generated.cpp:3977:36
stencil_chain,cxx_default_on_emitted_cpp,5eb72c8d,1,14,cxx_add_to_sub,stencil_chain.halide_generated.cpp,15263,37,generator_specific,0,0,1,,,test2_golden,0,0.782,cxx_add_to_sub:/mnt/scratch1/ardi/dsl_mut/HM-armc/mutation/lowered-cpp/stencil_chain/stencil_chain.halide_generated.cpp:15263:37
stencil_chain,cxx_default_on_emitted_cpp,5eb72c8d,1,14,cxx_add_to_sub,stencil_chain.halide_generated.cpp,11574,36,generator_specific,0,0,1,,,test2_golden,0,0.955,cxx_add_to_sub:/mnt/scratch1/ardi/dsl_mut/HM-armc/mutation/lowered-cpp/stencil_chain/stencil_chain.halide_generated.cpp:11574:36
stencil_chain,cxx_default_on_emitted_cpp,5eb72c8d,1,14,cxx_mul_to_div,stencil_chain.halide_generated.cpp,13694,46,generator_specific,0,0,1,,,test2_golden,0,1.021,cxx_mul_to_div:/mnt/scratch1/ardi/dsl_mut/HM-armc/mutation/lowered-cpp/stencil_chain/stencil_chain.halide_generated.cpp:13694:46
stencil_chain,cxx_default_on_emitted_cpp,5eb72c8d,1,14,cxx_mul_to_div,stencil_chain.halide_generated.cpp,12361,42,generator_specific,0,0,1,,,test2_golden,0,0.969,cxx_mul_to_div:/mnt/scratch1/ardi/dsl_mut/HM-armc/mutation/lowered-cpp/stencil_chain/stencil_chain.halide_generated.cpp:12361:42
stencil_chain,cxx_default_on_emitted_cpp,5eb72c8d,1,14,cxx_mul_to_div,stencil_chain.halide_generated.cpp,8120,48,generator_specific,0,0,1,,,test2_golden,0,0.950,cxx_mul_to_div:/mnt/scratch1/ardi/dsl_mut/HM-armc/mutation/lowered-cpp/stencil_chain/stencil_chain.halide_generated.cpp:8120:48
stencil_chain,cxx_default_on_emitted_cpp,5eb72c8d,1,14,cxx_add_to_sub,stencil_chain.halide_generated.cpp,13177,42,generator_specific,0,0,1,,,test2_golden,0,0.924,cxx_add_to_sub:/mnt/scratch1/ardi/dsl_mut/HM-armc/mutation/lowered-cpp/stencil_chain/stencil_chain.halide_generated.cpp:13177:42
stencil_chain,cxx_default_on_emitted_cpp,5eb72c8d,1,14,cxx_add_to_sub,stencil_chain.halide_generated.cpp,9254,41,generator_specific,0,0,1,,,test2_golden,0,0.823,cxx_add_to_sub:/mnt/scratch1/ardi/dsl_mut/HM-armc/mutation/lowered-cpp/stencil_chain/stencil_chain.halide_generated.cpp:9254:41
stencil_chain,cxx_default_on_emitted_cpp,5eb72c8d,1,14,cxx_mul_to_div,stencil_chain.halide_generated.cpp,3631,31,generator_specific,0,0,0,,,,0,0.795,cxx_mul_to_div:/mnt/scratch1/ardi/dsl_mut/HM-armc/mutation/lowered-cpp/stencil_chain/stencil_chain.halide_generated.cpp:3631:31
stencil_chain,cxx_default_on_emitted_cpp,5eb72c8d,1,14,cxx_add_to_sub,stencil_chain.halide_generated.cpp,17032,48,generator_specific,0,0,1,,,test2_golden,0,0.938,cxx_add_to_sub:/mnt/scratch1/ardi/dsl_mut/HM-armc/mutation/lowered-cpp/stencil_chain/stencil_chain.halide_generated.cpp:17032:48
stencil_chain,cxx_default_on_emitted_cpp,5eb72c8d,1,14,cxx_add_to_sub,stencil_chain.halide_generated.cpp,10328,47,generator_specific,0,0,1,,,test2_golden,0,1.041,cxx_add_to_sub:/mnt/scratch1/ardi/dsl_mut/HM-armc/mutation/lowered-cpp/stencil_chain/stencil_chain.halide_generated.cpp:10328:47
stencil_chain,cxx_default_on_emitted_cpp,5eb72c8d,1,14,cxx_mul_to_div,stencil_chain.halide_generated.cpp,13708,46,generator_specific,0,0,1,,,test2_golden,0,0.816,cxx_mul_to_div:/mnt/scratch1/ardi/dsl_mut/HM-armc/mutation/lowered-cpp/stencil_chain/stencil_chain.halide_generated.cpp:13708:46
stencil_chain,cxx_default_on_emitted_cpp,5eb72c8d,1,14,cxx_add_to_sub,stencil_chain.halide_generated.cpp,15454,39,generator_specific,0,0,1,,,test2_golden,0,0.963,cxx_add_to_sub:/mnt/scratch1/ardi/dsl_mut/HM-armc/mutation/lowered-cpp/stencil_chain/stencil_chain.halide_generated.cpp:15454:39
stencil_chain,cxx_default_on_emitted_cpp,5eb72c8d,1,14,cxx_mul_to_div,stencil_chain.halide_generated.cpp,8083,48,generator_specific,0,0,1,,,test2_golden,0,0.951,cxx_mul_to_div:/mnt/scratch1/ardi/dsl_mut/HM-armc/mutation/lowered-cpp/stencil_chain/stencil_chain.halide_generated.cpp:8083:48
stencil_chain,cxx_default_on_emitted_cpp,5eb72c8d,1,14,cxx_add_to_sub,stencil_chain.halide_generated.cpp,17659,45,generator_specific,0,0,1,,,test2_golden,0,0.995,cxx_add_to_sub:/mnt/scratch1/ardi/dsl_mut/HM-armc/mutation/lowered-cpp/stencil_chain/stencil_chain.halide_generated.cpp:17659:45
stencil_chain,cxx_default_on_emitted_cpp,5eb72c8d,1,14,cxx_add_to_sub,stencil_chain.halide_generated.cpp,13236,42,generator_specific,0,0,1,,,test2_golden,0,0.969,cxx_add_to_sub:/mnt/scratch1/ardi/dsl_mut/HM-armc/mutation/lowered-cpp/stencil_chain/stencil_chain.halide_generated.cpp:13236:42
stencil_chain,cxx_default_on_emitted_cpp,5eb72c8d,1,14,cxx_add_to_sub,stencil_chain.halide_generated.cpp,12956,40,generator_specific,0,0,1,,,test2_golden,0,1.455,cxx_add_to_sub:/mnt/scratch1/ardi/dsl_mut/HM-armc/mutation/lowered-cpp/stencil_chain/stencil_chain.halide_generated.cpp:12956:40
stencil_chain,cxx_default_on_emitted_cpp,5eb72c8d,1,14,cxx_add_to_sub,stencil_chain.halide_generated.cpp,13552,43,generator_specific,0,0,1,,,test2_golden,0,0.977,cxx_add_to_sub:/mnt/scratch1/ardi/dsl_mut/HM-armc/mutation/lowered-cpp/stencil_chain/stencil_chain.halide_generated.cpp:13552:43
stencil_chain,cxx_default_on_emitted_cpp,5eb72c8d,1,14,cxx_mul_to_div,stencil_chain.halide_generated.cpp,11102,40,generator_specific,0,0,1,,,test2_golden,0,0.892,cxx_mul_to_div:/mnt/scratch1/ardi/dsl_mut/HM-armc/mutation/lowered-cpp/stencil_chain/stencil_chain.halide_generated.cpp:11102:40
stencil_chain,cxx_default_on_emitted_cpp,5eb72c8d,1,14,cxx_add_to_sub,stencil_chain.halide_generated.cpp,16198,42,generator_specific,0,0,1,,,test2_golden,0,0.804,cxx_add_to_sub:/mnt/scratch1/ardi/dsl_mut/HM-armc/mutation/lowered-cpp/stencil_chain/stencil_chain.halide_generated.cpp:16198:42
stencil_chain,cxx_default_on_emitted_cpp,5eb72c8d,1,14,cxx_add_to_sub,stencil_chain.halide_generated.cpp,16862,46,generator_specific,0,0,1,,,test2_golden,0,0.961,cxx_add_to_sub:/mnt/scratch1/ardi/dsl_mut/HM-armc/mutation/lowered-cpp/stencil_chain/stencil_chain.halide_generated.cpp:16862:46
stencil_chain,cxx_default_on_emitted_cpp,5eb72c8d,1,14,cxx_mul_to_div,stencil_chain.halide_generated.cpp,18179,52,generator_specific,0,0,1,,,test2_golden,0,2.424,cxx_mul_to_div:/mnt/scratch1/ardi/dsl_mut/HM-armc/mutation/lowered-cpp/stencil_chain/stencil_chain.halide_generated.cpp:18179:52
stencil_chain,cxx_default_on_emitted_cpp,5eb72c8d,1,14,cxx_add_to_sub,stencil_chain.halide_generated.cpp,17443,46,generator_specific,0,0,1,,,test2_golden,0,0.925,cxx_add_to_sub:/mnt/scratch1/ardi/dsl_mut/HM-armc/mutation/lowered-cpp/stencil_chain/stencil_chain.halide_generated.cpp:17443:46
stencil_chain,cxx_default_on_emitted_cpp,5eb72c8d,1,14,cxx_add_to_sub,stencil_chain.halide_generated.cpp,11469,37,generator_specific,0,0,1,,,test2_golden,0,1.053,cxx_add_to_sub:/mnt/scratch1/ardi/dsl_mut/HM-armc/mutation/lowered-cpp/stencil_chain/stencil_chain.halide_generated.cpp:11469:37
stencil_chain,cxx_default_on_emitted_cpp,5eb72c8d,1,14,cxx_add_to_sub,stencil_chain.halide_generated.cpp,8788,46,generator_specific,0,0,1,,,test2_golden,0,0.795,cxx_add_to_sub:/mnt/scratch1/ardi/dsl_mut/HM-armc/mutation/lowered-cpp/stencil_chain/stencil_chain.halide_generated.cpp:8788:46
stencil_chain,cxx_default_on_emitted_cpp,5eb72c8d,1,14,cxx_mul_to_div,stencil_chain.halide_generated.cpp,15893,45,generator_specific,0,0,1,,,test2_golden,0,0.792,cxx_mul_to_div:/mnt/scratch1/ardi/dsl_mut/HM-armc/mutation/lowered-cpp/stencil_chain/stencil_chain.halide_generated.cpp:15893:45
stencil_chain,cxx_default_on_emitted_cpp,5eb72c8d,1,14,cxx_add_to_sub,stencil_chain.halide_generated.cpp,12390,42,generator_specific,0,0,1,,,test2_golden,0,0.781,cxx_add_to_sub:/mnt/scratch1/ardi/dsl_mut/HM-armc/mutation/lowered-cpp/stencil_chain/stencil_chain.halide_generated.cpp:12390:42
stencil_chain,cxx_default_on_emitted_cpp,5eb72c8d,1,14,cxx_add_to_sub,stencil_chain.halide_generated.cpp,4321,38,generator_specific,0,0,1,,,test2_golden,0,0.985,cxx_add_to_sub:/mnt/scratch1/ardi/dsl_mut/HM-armc/mutation/lowered-cpp/stencil_chain/stencil_chain.halide_generated.cpp:4321:38
stencil_chain,cxx_default_on_emitted_cpp,5eb72c8d,1,14,cxx_add_to_sub,stencil_chain.halide_generated.cpp,7108,45,generator_specific,0,0,1,,,test2_golden,0,0.947,cxx_add_to_sub:/mnt/scratch1/ardi/dsl_mut/HM-armc/mutation/lowered-cpp/stencil_chain/stencil_chain.halide_generated.cpp:7108:45
stencil_chain,cxx_default_on_emitted_cpp,5eb72c8d,1,14,cxx_post_inc_to_post_dec,stencil_chain.halide_generated.cpp,17052,94,generator_specific,-11,1,,,,test1_demo,0,0.833,cxx_post_inc_to_post_dec:/mnt/scratch1/ardi/dsl_mut/HM-armc/mutation/lowered-cpp/stencil_chain/stencil_chain.halide_generated.cpp:17052:94
stencil_chain,cxx_default_on_emitted_cpp,5eb72c8d,1,14,cxx_add_to_sub,stencil_chain.halide_generated.cpp,14811,51,generator_specific,0,0,1,,,test2_golden,0,0.758,cxx_add_to_sub:/mnt/scratch1/ardi/dsl_mut/HM-armc/mutation/lowered-cpp/stencil_chain/stencil_chain.halide_generated.cpp:14811:51
stencil_chain,cxx_default_on_emitted_cpp,5eb72c8d,1,14,cxx_add_to_sub,stencil_chain.halide_generated.cpp,6252,37,generator_specific,0,0,1,,,test2_golden,0,0.996,cxx_add_to_sub:/mnt/scratch1/ardi/dsl_mut/HM-armc/mutation/lowered-cpp/stencil_chain/stencil_chain.halide_generated.cpp:6252:37
stencil_chain,cxx_default_on_emitted_cpp,5eb72c8d,1,14,cxx_replace_scalar_call,stencil_chain.halide_generated.cpp,14934,19,generator_specific,0,0,1,,,test2_golden,0,0.581,cxx_replace_scalar_call:/mnt/scratch1/ardi/dsl_mut/HM-armc/mutation/lowered-cpp/stencil_chain/stencil_chain.halide_generated.cpp:14934:19
stencil_chain,cxx_default_on_emitted_cpp,5eb72c8d,1,14,cxx_add_to_sub,stencil_chain.halide_generated.cpp,17519,46,generator_specific,0,0,1,,,test2_golden,0,0.777,cxx_add_to_sub:/mnt/scratch1/ardi/dsl_mut/HM-armc/mutation/lowered-cpp/stencil_chain/stencil_chain.halide_generated.cpp:17519:46
stencil_chain,cxx_default_on_emitted_cpp,5eb72c8d,1,14,cxx_add_to_sub,stencil_chain.halide_generated.cpp,11530,41,generator_specific,0,0,1,,,test2_golden,0,0.806,cxx_add_to_sub:/mnt/scratch1/ardi/dsl_mut/HM-armc/mutation/lowered-cpp/stencil_chain/stencil_chain.halide_generated.cpp:11530:41
stencil_chain,cxx_default_on_emitted_cpp,5eb72c8d,1,14,cxx_add_to_sub,stencil_chain.halide_generated.cpp,18252,52,generator_specific,0,0,1,,,test2_golden,0,0.782,cxx_add_to_sub:/mnt/scratch1/ardi/dsl_mut/HM-armc/mutation/lowered-cpp/stencil_chain/stencil_chain.halide_generated.cpp:18252:52
stencil_chain,cxx_default_on_emitted_cpp,5eb72c8d,1,14,cxx_add_to_sub,stencil_chain.halide_generated.cpp,10324,47,generator_specific,0,0,1,,,test2_golden,0,2.577,cxx_add_to_sub:/mnt/scratch1/ardi/dsl_mut/HM-armc/mutation/lowered-cpp/stencil_chain/stencil_chain.halide_generated.cpp:10324:47
stencil_chain,cxx_default_on_emitted_cpp,5eb72c8d,1,14,cxx_add_to_sub,stencil_chain.halide_generated.cpp,11175,40,generator_specific,0,0,1,,,test2_golden,0,0.770,cxx_add_to_sub:/mnt/scratch1/ardi/dsl_mut/HM-armc/mutation/lowered-cpp/stencil_chain/stencil_chain.halide_generated.cpp:11175:40
stencil_chain,cxx_default_on_emitted_cpp,5eb72c8d,1,14,cxx_mul_to_div,stencil_chain.halide_generated.cpp,17604,45,generator_specific,0,0,1,,,test2_golden,0,0.761,cxx_mul_to_div:/mnt/scratch1/ardi/dsl_mut/HM-armc/mutation/lowered-cpp/stencil_chain/stencil_chain.halide_generated.cpp:17604:45
stencil_chain,cxx_default_on_emitted_cpp,5eb72c8d,1,14,cxx_add_to_sub,stencil_chain.halide_generated.cpp,6270,39,generator_specific,0,0,1,,,test2_golden,0,1.213,cxx_add_to_sub:/mnt/scratch1/ardi/dsl_mut/HM-armc/mutation/lowered-cpp/stencil_chain/stencil_chain.halide_generated.cpp:6270:39
stencil_chain,cxx_default_on_emitted_cpp,5eb72c8d,1,14,cxx_add_to_sub,stencil_chain.halide_generated.cpp,7271,44,generator_specific,0,0,1,,,test2_golden,0,0.765,cxx_add_to_sub:/mnt/scratch1/ardi/dsl_mut/HM-armc/mutation/lowered-cpp/stencil_chain/stencil_chain.halide_generated.cpp:7271:44
stencil_chain,cxx_default_on_emitted_cpp,5eb72c8d,1,14,cxx_add_to_sub,stencil_chain.halide_generated.cpp,6606,98,generator_specific,0,0,1,,,test2_golden,0,0.741,cxx_add_to_sub:/mnt/scratch1/ardi/dsl_mut/HM-armc/mutation/lowered-cpp/stencil_chain/stencil_chain.halide_generated.cpp:6606:98
stencil_chain,cxx_default_on_emitted_cpp,5eb72c8d,1,14,cxx_add_to_sub,stencil_chain.halide_generated.cpp,9001,49,generator_specific,0,0,1,,,test2_golden,0,1.123,cxx_add_to_sub:/mnt/scratch1/ardi/dsl_mut/HM-armc/mutation/lowered-cpp/stencil_chain/stencil_chain.halide_generated.cpp:9001:49
stencil_chain,cxx_default_on_emitted_cpp,5eb72c8d,1,14,cxx_mul_to_div,stencil_chain.halide_generated.cpp,14211,51,generator_specific,0,0,1,,,test2_golden,0,0.912,cxx_mul_to_div:/mnt/scratch1/ardi/dsl_mut/HM-armc/mutation/lowered-cpp/stencil_chain/stencil_chain.halide_generated.cpp:14211:51
stencil_chain,cxx_default_on_emitted_cpp,5eb72c8d,1,14,cxx_add_to_sub,stencil_chain.halide_generated.cpp,9419,42,generator_specific,0,0,1,,,test2_golden,0,1.816,cxx_add_to_sub:/mnt/scratch1/ardi/dsl_mut/HM-armc/mutation/lowered-cpp/stencil_chain/stencil_chain.halide_generated.cpp:9419:42
stencil_chain,cxx_default_on_emitted_cpp,5eb72c8d,1,14,cxx_add_to_sub,stencil_chain.halide_generated.cpp,6063,42,generator_specific,0,0,1,,,test2_golden,0,0.764,cxx_add_to_sub:/mnt/scratch1/ardi/dsl_mut/HM-armc/mutation/lowered-cpp/stencil_chain/stencil_chain.halide_generated.cpp:6063:42
stencil_chain,cxx_default_on_emitted_cpp,5eb72c8d,1,14,cxx_mul_to_div,stencil_chain.halide_generated.cpp,16005,41,generator_specific,0,0,1,,,test2_golden,0,0.742,cxx_mul_to_div:/mnt/scratch1/ardi/dsl_mut/HM-armc/mutation/lowered-cpp/stencil_chain/stencil_chain.halide_generated.cpp:16005:41
stencil_chain,cxx_default_on_emitted_cpp,5eb72c8d,1,14,cxx_add_to_sub,stencil_chain.halide_generated.cpp,11209,35,generator_specific,0,0,1,,,test2_golden,0,0.949,cxx_add_to_sub:/mnt/scratch1/ardi/dsl_mut/HM-armc/mutation/lowered-cpp/stencil_chain/stencil_chain.halide_generated.cpp:11209:35
stencil_chain,cxx_default_on_emitted_cpp,5eb72c8d,1,14,cxx_add_to_sub,stencil_chain.halide_generated.cpp,9259,37,generator_specific,0,0,1,,,test2_golden,0,0.970,cxx_add_to_sub:/mnt/scratch1/ardi/dsl_mut/HM-armc/mutation/lowered-cpp/stencil_chain/stencil_chain.halide_generated.cpp:9259:37
stencil_chain,cxx_default_on_emitted_cpp,5eb72c8d,1,14,cxx_add_to_sub,stencil_chain.halide_generated.cpp,6969,41,generator_specific,0,0,1,,,test2_golden,0,0.747,cxx_add_to_sub:/mnt/scratch1/ardi/dsl_mut/HM-armc/mutation/lowered-cpp/stencil_chain/stencil_chain.halide_generated.cpp:6969:41
stencil_chain,cxx_default_on_emitted_cpp,5eb72c8d,1,14,cxx_add_to_sub,stencil_chain.halide_generated.cpp,7814,47,generator_specific,0,0,1,,,test2_golden,0,0.978,cxx_add_to_sub:/mnt/scratch1/ardi/dsl_mut/HM-armc/mutation/lowered-cpp/stencil_chain/stencil_chain.halide_generated.cpp:7814:47
stencil_chain,cxx_default_on_emitted_cpp,5eb72c8d,1,14,cxx_add_to_sub,stencil_chain.halide_generated.cpp,6430,39,generator_specific,0,0,1,,,test2_golden,0,0.772,cxx_add_to_sub:/mnt/scratch1/ardi/dsl_mut/HM-armc/mutation/lowered-cpp/stencil_chain/stencil_chain.halide_generated.cpp:6430:39
stencil_chain,cxx_default_on_emitted_cpp,5eb72c8d,1,14,cxx_mul_to_div,stencil_chain.halide_generated.cpp,16490,45,generator_specific,0,0,1,,,test2_golden,0,1.492,cxx_mul_to_div:/mnt/scratch1/ardi/dsl_mut/HM-armc/mutation/lowered-cpp/stencil_chain/stencil_chain.halide_generated.cpp:16490:45
stencil_chain,cxx_default_on_emitted_cpp,5eb72c8d,1,14,cxx_add_to_sub,stencil_chain.halide_generated.cpp,12214,43,generator_specific,0,0,1,,,test2_golden,0,2.258,cxx_add_to_sub:/mnt/scratch1/ardi/dsl_mut/HM-armc/mutation/lowered-cpp/stencil_chain/stencil_chain.halide_generated.cpp:12214:43
stencil_chain,cxx_default_on_emitted_cpp,5eb72c8d,1,14,cxx_add_to_sub,stencil_chain.halide_generated.cpp,6538,38,generator_specific,0,0,1,,,test2_golden,0,1.452,cxx_add_to_sub:/mnt/scratch1/ardi/dsl_mut/HM-armc/mutation/lowered-cpp/stencil_chain/stencil_chain.halide_generated.cpp:6538:38
stencil_chain,cxx_default_on_emitted_cpp,5eb72c8d,1,14,cxx_mul_to_div,stencil_chain.halide_generated.cpp,12874,45,generator_specific,0,0,1,,,test2_golden,0,0.936,cxx_mul_to_div:/mnt/scratch1/ardi/dsl_mut/HM-armc/mutation/lowered-cpp/stencil_chain/stencil_chain.halide_generated.cpp:12874:45
stencil_chain,cxx_default_on_emitted_cpp,5eb72c8d,1,14,cxx_mul_to_div,stencil_chain.halide_generated.cpp,6812,39,generator_specific,0,0,1,,,test2_golden,0,0.752,cxx_mul_to_div:/mnt/scratch1/ardi/dsl_mut/HM-armc/mutation/lowered-cpp/stencil_chain/stencil_chain.halide_generated.cpp:6812:39
stencil_chain,cxx_default_on_emitted_cpp,5eb72c8d,1,14,cxx_add_to_sub,stencil_chain.halide_generated.cpp,16893,44,generator_specific,0,0,1,,,test2_golden,0,2.190,cxx_add_to_sub:/mnt/scratch1/ardi/dsl_mut/HM-armc/mutation/lowered-cpp/stencil_chain/stencil_chain.halide_generated.cpp:16893:44
stencil_chain,cxx_default_on_emitted_cpp,5eb72c8d,1,14,cxx_add_to_sub,stencil_chain.halide_generated.cpp,5053,44,generator_specific,0,0,1,,,test2_golden,0,0.773,cxx_add_to_sub:/mnt/scratch1/ardi/dsl_mut/HM-armc/mutation/lowered-cpp/stencil_chain/stencil_chain.halide_generated.cpp:5053:44
stencil_chain,cxx_default_on_emitted_cpp,5eb72c8d,1,14,cxx_mul_to_div,stencil_chain.halide_generated.cpp,8462,49,generator_specific,0,0,1,,,test2_golden,0,1.312,cxx_mul_to_div:/mnt/scratch1/ardi/dsl_mut/HM-armc/mutation/lowered-cpp/stencil_chain/stencil_chain.halide_generated.cpp:8462:49
stencil_chain,cxx_default_on_emitted_cpp,5eb72c8d,1,14,cxx_add_to_sub,stencil_chain.halide_generated.cpp,16163,44,generator_specific,0,0,1,,,test2_golden,0,0.902,cxx_add_to_sub:/mnt/scratch1/ardi/dsl_mut/HM-armc/mutation/lowered-cpp/stencil_chain/stencil_chain.halide_generated.cpp:16163:44
stencil_chain,cxx_default_on_emitted_cpp,5eb72c8d,1,14,cxx_add_to_sub,stencil_chain.halide_generated.cpp,13604,47,generator_specific,0,0,1,,,test2_golden,0,0.905,cxx_add_to_sub:/mnt/scratch1/ardi/dsl_mut/HM-armc/mutation/lowered-cpp/stencil_chain/stencil_chain.halide_generated.cpp:13604:47
stencil_chain,cxx_default_on_emitted_cpp,5eb72c8d,1,14,cxx_mul_to_div,stencil_chain.halide_generated.cpp,13295,41,generator_specific,0,0,1,,,test2_golden,0,1.164,cxx_mul_to_div:/mnt/scratch1/ardi/dsl_mut/HM-armc/mutation/lowered-cpp/stencil_chain/stencil_chain.halide_generated.cpp:13295:41
stencil_chain,cxx_default_on_emitted_cpp,5eb72c8d,1,14,cxx_mul_to_div,stencil_chain.halide_generated.cpp,16824,46,generator_specific,0,0,1,,,test2_golden,0,0.745,cxx_mul_to_div:/mnt/scratch1/ardi/dsl_mut/HM-armc/mutation/lowered-cpp/stencil_chain/stencil_chain.halide_generated.cpp:16824:46
stencil_chain,cxx_default_on_emitted_cpp,5eb72c8d,1,14,cxx_add_to_sub,stencil_chain.halide_generated.cpp,7618,45,generator_specific,0,0,1,,,test2_golden,0,0.871,cxx_add_to_sub:/mnt/scratch1/ardi/dsl_mut/HM-armc/mutation/lowered-cpp/stencil_chain/stencil_chain.halide_generated.cpp:7618:45
stencil_chain,cxx_default_on_emitted_cpp,5eb72c8d,1,14,cxx_replace_scalar_call,stencil_chain.halide_generated.cpp,3629,27,generator_specific,-11,1,,,,test1_demo,0,0.147,cxx_replace_scalar_call:/mnt/scratch1/ardi/dsl_mut/HM-armc/mutation/lowered-cpp/stencil_chain/stencil_chain.halide_generated.cpp:3629:27
stencil_chain,cxx_default_on_emitted_cpp,5eb72c8d,1,14,cxx_mul_to_div,stencil_chain.halide_generated.cpp,9908,45,generator_specific,0,0,1,,,test2_golden,0,0.883,cxx_mul_to_div:/mnt/scratch1/ardi/dsl_mut/HM-armc/mutation/lowered-cpp/stencil_chain/stencil_chain.halide_generated.cpp:9908:45
stencil_chain,cxx_default_on_emitted_cpp,5eb72c8d,1,14,cxx_add_to_sub,stencil_chain.halide_generated.cpp,8852,46,generator_specific,-11,1,,,,test1_demo,0,0.268,cxx_add_to_sub:/mnt/scratch1/ardi/dsl_mut/HM-armc/mutation/lowered-cpp/stencil_chain/stencil_chain.halide_generated.cpp:8852:46
stencil_chain,cxx_default_on_emitted_cpp,5eb72c8d,1,14,cxx_add_to_sub,stencil_chain.halide_generated.cpp,7023,41,generator_specific,0,0,1,,,test2_golden,0,0.760,cxx_add_to_sub:/mnt/scratch1/ardi/dsl_mut/HM-armc/mutation/lowered-cpp/stencil_chain/stencil_chain.halide_generated.cpp:7023:41
stencil_chain,cxx_default_on_emitted_cpp,5eb72c8d,1,14,cxx_add_to_sub,stencil_chain.halide_generated.cpp,3732,35,generator_specific,0,0,1,,,test2_golden,0,0.759,cxx_add_to_sub:/mnt/scratch1/ardi/dsl_mut/HM-armc/mutation/lowered-cpp/stencil_chain/stencil_chain.halide_generated.cpp:3732:35
stencil_chain,cxx_default_on_emitted_cpp,5eb72c8d,1,14,cxx_add_to_sub,stencil_chain.halide_generated.cpp,12187,39,generator_specific,0,0,1,,,test2_golden,0,2.530,cxx_add_to_sub:/mnt/scratch1/ardi/dsl_mut/HM-armc/mutation/lowered-cpp/stencil_chain/stencil_chain.halide_generated.cpp:12187:39
stencil_chain,cxx_default_on_emitted_cpp,5eb72c8d,1,14,cxx_add_to_sub,stencil_chain.halide_generated.cpp,4157,37,generator_specific,0,0,1,,,test2_golden,0,0.927,cxx_add_to_sub:/mnt/scratch1/ardi/dsl_mut/HM-armc/mutation/lowered-cpp/stencil_chain/stencil_chain.halide_generated.cpp:4157:37
stencil_chain,cxx_default_on_emitted_cpp,5eb72c8d,1,14,cxx_mul_to_div,stencil_chain.halide_generated.cpp,5924,38,generator_specific,0,0,1,,,test2_golden,0,0.769,cxx_mul_to_div:/mnt/scratch1/ardi/dsl_mut/HM-armc/mutation/lowered-cpp/stencil_chain/stencil_chain.halide_generated.cpp:5924:38
stencil_chain,cxx_default_on_emitted_cpp,5eb72c8d,1,14,cxx_add_to_sub,stencil_chain.halide_generated.cpp,15153,37,generator_specific,0,0,1,,,test2_golden,0,0.742,cxx_add_to_sub:/mnt/scratch1/ardi/dsl_mut/HM-armc/mutation/lowered-cpp/stencil_chain/stencil_chain.halide_generated.cpp:15153:37
stencil_chain,cxx_default_on_emitted_cpp,5eb72c8d,1,14,cxx_add_to_sub,stencil_chain.halide_generated.cpp,10180,43,generator_specific,0,0,1,,,test2_golden,0,2.020,cxx_add_to_sub:/mnt/scratch1/ardi/dsl_mut/HM-armc/mutation/lowered-cpp/stencil_chain/stencil_chain.halide_generated.cpp:10180:43
stencil_chain,cxx_default_on_emitted_cpp,5eb72c8d,1,14,cxx_add_to_sub,stencil_chain.halide_generated.cpp,8503,49,generator_specific,0,0,1,,,test2_golden,0,0.748,cxx_add_to_sub:/mnt/scratch1/ardi/dsl_mut/HM-armc/mutation/lowered-cpp/stencil_chain/stencil_chain.halide_generated.cpp:8503:49
stencil_chain,cxx_default_on_emitted_cpp,5eb72c8d,1,14,cxx_lt_to_le,stencil_chain.halide_generated.cpp,18359,23,generator_specific,0,0,0,,,,0,0.928,cxx_lt_to_le:/mnt/scratch1/ardi/dsl_mut/HM-armc/mutation/lowered-cpp/stencil_chain/stencil_chain.halide_generated.cpp:18359:23
stencil_chain,cxx_default_on_emitted_cpp,5eb72c8d,1,14,cxx_add_to_sub,stencil_chain.halide_generated.cpp,7621,45,generator_specific,0,0,1,,,test2_golden,0,0.913,cxx_add_to_sub:/mnt/scratch1/ardi/dsl_mut/HM-armc/mutation/lowered-cpp/stencil_chain/stencil_chain.halide_generated.cpp:7621:45
stencil_chain,cxx_default_on_emitted_cpp,5eb72c8d,1,14,cxx_add_to_sub,stencil_chain.halide_generated.cpp,14500,47,generator_specific,0,0,1,,,test2_golden,0,0.921,cxx_add_to_sub:/mnt/scratch1/ardi/dsl_mut/HM-armc/mutation/lowered-cpp/stencil_chain/stencil_chain.halide_generated.cpp:14500:47
stencil_chain,cxx_default_on_emitted_cpp,5eb72c8d,1,14,cxx_mul_to_div,stencil_chain.halide_generated.cpp,15909,45,generator_specific,0,0,1,,,test2_golden,0,0.921,cxx_mul_to_div:/mnt/scratch1/ardi/dsl_mut/HM-armc/mutation/lowered-cpp/stencil_chain/stencil_chain.halide_generated.cpp:15909:45
stencil_chain,cxx_default_on_emitted_cpp,5eb72c8d,1,14,cxx_mul_to_div,stencil_chain.halide_generated.cpp,7607,45,generator_specific,0,0,1,,,test2_golden,0,0.973,cxx_mul_to_div:/mnt/scratch1/ardi/dsl_mut/HM-armc/mutation/lowered-cpp/stencil_chain/stencil_chain.halide_generated.cpp:7607:45
stencil_chain,cxx_default_on_emitted_cpp,5eb72c8d,1,14,cxx_add_to_sub,stencil_chain.halide_generated.cpp,5849,36,generator_specific,0,0,1,,,test2_golden,0,0.772,cxx_add_to_sub:/mnt/scratch1/ardi/dsl_mut/HM-armc/mutation/lowered-cpp/stencil_chain/stencil_chain.halide_generated.cpp:5849:36
stencil_chain,cxx_default_on_emitted_cpp,5eb72c8d,1,14,cxx_mul_to_div,stencil_chain.halide_generated.cpp,6526,42,generator_specific,0,0,1,,,test2_golden,0,0.766,cxx_mul_to_div:/mnt/scratch1/ardi/dsl_mut/HM-armc/mutation/lowered-cpp/stencil_chain/stencil_chain.halide_generated.cpp:6526:42
stencil_chain,cxx_default_on_emitted_cpp,5eb72c8d,1,14,cxx_add_to_sub,stencil_chain.halide_generated.cpp,13148,42,generator_specific,0,0,1,,,test2_golden,0,0.771,cxx_add_to_sub:/mnt/scratch1/ardi/dsl_mut/HM-armc/mutation/lowered-cpp/stencil_chain/stencil_chain.halide_generated.cpp:13148:42
stencil_chain,cxx_default_on_emitted_cpp,5eb72c8d,1,14,cxx_mul_to_div,stencil_chain.halide_generated.cpp,7468,42,generator_specific,0,0,1,,,test2_golden,0,0.751,cxx_mul_to_div:/mnt/scratch1/ardi/dsl_mut/HM-armc/mutation/lowered-cpp/stencil_chain/stencil_chain.halide_generated.cpp:7468:42
stencil_chain,cxx_default_on_emitted_cpp,5eb72c8d,1,14,cxx_add_to_sub,stencil_chain.halide_generated.cpp,12972,40,generator_specific,0,0,1,,,test2_golden,0,0.955,cxx_add_to_sub:/mnt/scratch1/ardi/dsl_mut/HM-armc/mutation/lowered-cpp/stencil_chain/stencil_chain.halide_generated.cpp:12972:40
stencil_chain,cxx_default_on_emitted_cpp,5eb72c8d,1,14,cxx_mul_to_div,stencil_chain.halide_generated.cpp,11927,41,generator_specific,0,0,1,,,test2_golden,0,0.748,cxx_mul_to_div:/mnt/scratch1/ardi/dsl_mut/HM-armc/mutation/lowered-cpp/stencil_chain/stencil_chain.halide_generated.cpp:11927:41
stencil_chain,cxx_default_on_emitted_cpp,5eb72c8d,1,14,cxx_lt_to_le,stencil_chain.halide_generated.cpp,18403,23,generator_specific,0,0,0,,,,0,0.771,cxx_lt_to_le:/mnt/scratch1/ardi/dsl_mut/HM-armc/mutation/lowered-cpp/stencil_chain/stencil_chain.halide_generated.cpp:18403:23
stencil_chain,cxx_default_on_emitted_cpp,5eb72c8d,1,14,cxx_add_to_sub,stencil_chain.halide_generated.cpp,11878,42,generator_specific,0,0,1,,,test2_golden,0,0.751,cxx_add_to_sub:/mnt/scratch1/ardi/dsl_mut/HM-armc/mutation/lowered-cpp/stencil_chain/stencil_chain.halide_generated.cpp:11878:42
stencil_chain,cxx_default_on_emitted_cpp,5eb72c8d,1,14,cxx_post_inc_to_post_dec,stencil_chain.halide_generated.cpp,3357,40,boilerplate,0,0,1,,,test2_golden,0,0.965,cxx_post_inc_to_post_dec:/mnt/scratch1/ardi/dsl_mut/HM-armc/mutation/lowered-cpp/stencil_chain/stencil_chain.halide_generated.cpp:3357:40
stencil_chain,cxx_default_on_emitted_cpp,5eb72c8d,1,14,cxx_post_inc_to_post_dec,stencil_chain.halide_generated.cpp,4732,91,generator_specific,-11,1,,,,test1_demo,0,0.424,cxx_post_inc_to_post_dec:/mnt/scratch1/ardi/dsl_mut/HM-armc/mutation/lowered-cpp/stencil_chain/stencil_chain.halide_generated.cpp:4732:91
stencil_chain,cxx_default_on_emitted_cpp,5eb72c8d,1,14,cxx_add_to_sub,stencil_chain.halide_generated.cpp,7052,41,generator_specific,0,0,1,,,test2_golden,0,0.783,cxx_add_to_sub:/mnt/scratch1/ardi/dsl_mut/HM-armc/mutation/lowered-cpp/stencil_chain/stencil_chain.halide_generated.cpp:7052:41
stencil_chain,cxx_default_on_emitted_cpp,5eb72c8d,1,14,cxx_le_to_gt,stencil_chain.halide_generated.cpp,10345,38,generator_specific,0,0,1,,,test2_golden,0,0.790,cxx_le_to_gt:/mnt/scratch1/ardi/dsl_mut/HM-armc/mutation/lowered-cpp/stencil_chain/stencil_chain.halide_generated.cpp:10345:38
stencil_chain,cxx_default_on_emitted_cpp,5eb72c8d,1,14,cxx_mul_to_div,stencil_chain.halide_generated.cpp,13649,42,generator_specific,0,0,1,,,test2_golden,0,0.753,cxx_mul_to_div:/mnt/scratch1/ardi/dsl_mut/HM-armc/mutation/lowered-cpp/stencil_chain/stencil_chain.halide_generated.cpp:13649:42
stencil_chain,cxx_default_on_emitted_cpp,5eb72c8d,1,14,cxx_add_to_sub,stencil_chain.halide_generated.cpp,5272,45,generator_specific,0,0,1,,,test2_golden,0,0.914,cxx_add_to_sub:/mnt/scratch1/ardi/dsl_mut/HM-armc/mutation/lowered-cpp/stencil_chain/stencil_chain.halide_generated.cpp:5272:45
stencil_chain,cxx_default_on_emitted_cpp,5eb72c8d,1,14,cxx_add_to_sub,stencil_chain.halide_generated.cpp,17030,48,generator_specific,0,0,1,,,test2_golden,0,0.771,cxx_add_to_sub:/mnt/scratch1/ardi/dsl_mut/HM-armc/mutation/lowered-cpp/stencil_chain/stencil_chain.halide_generated.cpp:17030:48
stencil_chain,cxx_default_on_emitted_cpp,5eb72c8d,1,14,cxx_add_to_sub,stencil_chain.halide_generated.cpp,8144,48,generator_specific,0,0,1,,,test2_golden,0,0.988,cxx_add_to_sub:/mnt/scratch1/ardi/dsl_mut/HM-armc/mutation/lowered-cpp/stencil_chain/stencil_chain.halide_generated.cpp:8144:48
stencil_chain,cxx_default_on_emitted_cpp,5eb72c8d,1,14,cxx_add_to_sub,stencil_chain.halide_generated.cpp,13594,47,generator_specific,0,0,1,,,test2_golden,0,0.944,cxx_add_to_sub:/mnt/scratch1/ardi/dsl_mut/HM-armc/mutation/lowered-cpp/stencil_chain/stencil_chain.halide_generated.cpp:13594:47
stencil_chain,cxx_default_on_emitted_cpp,5eb72c8d,1,14,cxx_lt_to_ge,stencil_chain.halide_generated.cpp,7647,66,generator_specific,0,0,1,,,test2_golden,0,0.785,cxx_lt_to_ge:/mnt/scratch1/ardi/dsl_mut/HM-armc/mutation/lowered-cpp/stencil_chain/stencil_chain.halide_generated.cpp:7647:66
stencil_chain,cxx_default_on_emitted_cpp,5eb72c8d,1,14,cxx_add_to_sub,stencil_chain.halide_generated.cpp,3824,39,generator_specific,0,0,1,,,test2_golden,0,0.949,cxx_add_to_sub:/mnt/scratch1/ardi/dsl_mut/HM-armc/mutation/lowered-cpp/stencil_chain/stencil_chain.halide_generated.cpp:3824:39
stencil_chain,cxx_default_on_emitted_cpp,5eb72c8d,1,14,cxx_add_to_sub,stencil_chain.halide_generated.cpp,8246,43,generator_specific,0,0,1,,,test2_golden,0,1.568,cxx_add_to_sub:/mnt/scratch1/ardi/dsl_mut/HM-armc/mutation/lowered-cpp/stencil_chain/stencil_chain.halide_generated.cpp:8246:43
stencil_chain,cxx_default_on_emitted_cpp,5eb72c8d,1,14,cxx_add_to_sub,stencil_chain.halide_generated.cpp,5578,37,generator_specific,0,0,1,,,test2_golden,0,0.760,cxx_add_to_sub:/mnt/scratch1/ardi/dsl_mut/HM-armc/mutation/lowered-cpp/stencil_chain/stencil_chain.halide_generated.cpp:5578:37
stencil_chain,cxx_default_on_emitted_cpp,5eb72c8d,1,14,cxx_add_to_sub,stencil_chain.halide_generated.cpp,10400,44,generator_specific,0,0,1,,,test2_golden,0,0.776,cxx_add_to_sub:/mnt/scratch1/ardi/dsl_mut/HM-armc/mutation/lowered-cpp/stencil_chain/stencil_chain.halide_generated.cpp:10400:44
stencil_chain,cxx_default_on_emitted_cpp,5eb72c8d,1,14,cxx_add_to_sub,stencil_chain.halide_generated.cpp,18069,50,generator_specific,0,0,1,,,test2_golden,0,1.469,cxx_add_to_sub:/mnt/scratch1/ardi/dsl_mut/HM-armc/mutation/lowered-cpp/stencil_chain/stencil_chain.halide_generated.cpp:18069:50
stencil_chain,cxx_default_on_emitted_cpp,5eb72c8d,1,14,cxx_add_to_sub,stencil_chain.halide_generated.cpp,4903,43,generator_specific,0,0,1,,,test2_golden,0,0.759,cxx_add_to_sub:/mnt/scratch1/ardi/dsl_mut/HM-armc/mutation/lowered-cpp/stencil_chain/stencil_chain.halide_generated.cpp:4903:43
stencil_chain,cxx_default_on_emitted_cpp,5eb72c8d,1,14,cxx_add_to_sub,stencil_chain.halide_generated.cpp,13816,44,generator_specific,0,0,1,,,test2_golden,0,2.202,cxx_add_to_sub:/mnt/scratch1/ardi/dsl_mut/HM-armc/mutation/lowered-cpp/stencil_chain/stencil_chain.halide_generated.cpp:13816:44
stencil_chain,cxx_default_on_emitted_cpp,5eb72c8d,1,14,cxx_add_to_sub,stencil_chain.halide_generated.cpp,9249,41,generator_specific,0,0,1,,,test2_golden,0,0.832,cxx_add_to_sub:/mnt/scratch1/ardi/dsl_mut/HM-armc/mutation/lowered-cpp/stencil_chain/stencil_chain.halide_generated.cpp:9249:41
stencil_chain,cxx_default_on_emitted_cpp,5eb72c8d,1,14,cxx_add_to_sub,stencil_chain.halide_generated.cpp,14124,49,generator_specific,0,0,1,,,test2_golden,0,0.951,cxx_add_to_sub:/mnt/scratch1/ardi/dsl_mut/HM-armc/mutation/lowered-cpp/stencil_chain/stencil_chain.halide_generated.cpp:14124:49
stencil_chain,cxx_default_on_emitted_cpp,5eb72c8d,1,14,cxx_add_to_sub,stencil_chain.halide_generated.cpp,12728,43,generator_specific,0,0,1,,,test2_golden,0,0.859,cxx_add_to_sub:/mnt/scratch1/ardi/dsl_mut/HM-armc/mutation/lowered-cpp/stencil_chain/stencil_chain.halide_generated.cpp:12728:43
stencil_chain,cxx_default_on_emitted_cpp,5eb72c8d,1,14,cxx_add_to_sub,stencil_chain.halide_generated.cpp,11445,37,generator_specific,0,0,1,,,test2_golden,0,0.742,cxx_add_to_sub:/mnt/scratch1/ardi/dsl_mut/HM-armc/mutation/lowered-cpp/stencil_chain/stencil_chain.halide_generated.cpp:11445:37
stencil_chain,cxx_default_on_emitted_cpp,5eb72c8d,1,14,cxx_add_to_sub,stencil_chain.halide_generated.cpp,13777,46,generator_specific,0,0,1,,,test2_golden,0,0.765,cxx_add_to_sub:/mnt/scratch1/ardi/dsl_mut/HM-armc/mutation/lowered-cpp/stencil_chain/stencil_chain.halide_generated.cpp:13777:46
stencil_chain,cxx_default_on_emitted_cpp,5eb72c8d,1,14,cxx_add_to_sub,stencil_chain.halide_generated.cpp,15809,44,generator_specific,0,0,1,,,test2_golden,0,0.955,cxx_add_to_sub:/mnt/scratch1/ardi/dsl_mut/HM-armc/mutation/lowered-cpp/stencil_chain/stencil_chain.halide_generated.cpp:15809:44
stencil_chain,cxx_default_on_emitted_cpp,5eb72c8d,1,14,cxx_add_to_sub,stencil_chain.halide_generated.cpp,6514,38,generator_specific,0,0,1,,,test2_golden,0,0.952,cxx_add_to_sub:/mnt/scratch1/ardi/dsl_mut/HM-armc/mutation/lowered-cpp/stencil_chain/stencil_chain.halide_generated.cpp:6514:38
stencil_chain,cxx_default_on_emitted_cpp,5eb72c8d,1,14,cxx_add_to_sub,stencil_chain.halide_generated.cpp,5540,36,generator_specific,0,0,1,,,test2_golden,0,0.741,cxx_add_to_sub:/mnt/scratch1/ardi/dsl_mut/HM-armc/mutation/lowered-cpp/stencil_chain/stencil_chain.halide_generated.cpp:5540:36
stencil_chain,cxx_default_on_emitted_cpp,5eb72c8d,1,14,cxx_add_to_sub,stencil_chain.halide_generated.cpp,18249,52,generator_specific,0,0,1,,,test2_golden,0,0.739,cxx_add_to_sub:/mnt/scratch1/ardi/dsl_mut/HM-armc/mutation/lowered-cpp/stencil_chain/stencil_chain.halide_generated.cpp:18249:52
stencil_chain,cxx_default_on_emitted_cpp,5eb72c8d,1,14,cxx_add_to_sub,stencil_chain.halide_generated.cpp,9955,45,generator_specific,0,0,1,,,test2_golden,0,0.745,cxx_add_to_sub:/mnt/scratch1/ardi/dsl_mut/HM-armc/mutation/lowered-cpp/stencil_chain/stencil_chain.halide_generated.cpp:9955:45
stencil_chain,cxx_default_on_emitted_cpp,5eb72c8d,1,14,cxx_add_to_sub,stencil_chain.halide_generated.cpp,13696,42,generator_specific,0,0,1,,,test2_golden,0,0.945,cxx_add_to_sub:/mnt/scratch1/ardi/dsl_mut/HM-armc/mutation/lowered-cpp/stencil_chain/stencil_chain.halide_generated.cpp:13696:42
stencil_chain,cxx_default_on_emitted_cpp,5eb72c8d,1,14,cxx_mul_to_div,stencil_chain.halide_generated.cpp,3659,46,generator_specific,0,0,1,,,test2_golden,0,0.942,cxx_mul_to_div:/mnt/scratch1/ardi/dsl_mut/HM-armc/mutation/lowered-cpp/stencil_chain/stencil_chain.halide_generated.cpp:3659:46
stencil_chain,cxx_default_on_emitted_cpp,5eb72c8d,1,14,cxx_add_to_sub,stencil_chain.halide_generated.cpp,14665,47,generator_specific,0,0,1,,,test2_golden,0,0.798,cxx_add_to_sub:/mnt/scratch1/ardi/dsl_mut/HM-armc/mutation/lowered-cpp/stencil_chain/stencil_chain.halide_generated.cpp:14665:47
stencil_chain,cxx_default_on_emitted_cpp,5eb72c8d,1,14,cxx_add_to_sub,stencil_chain.halide_generated.cpp,5476,160,generator_specific,0,0,1,,,test2_golden,0,0.564,cxx_add_to_sub:/mnt/scratch1/ardi/dsl_mut/HM-armc/mutation/lowered-cpp/stencil_chain/stencil_chain.halide_generated.cpp:5476:160
stencil_chain,cxx_default_on_emitted_cpp,5eb72c8d,1,14,cxx_mul_to_div,stencil_chain.halide_generated.cpp,18050,50,generator_specific,0,0,1,,,test2_golden,0,0.764,cxx_mul_to_div:/mnt/scratch1/ardi/dsl_mut/HM-armc/mutation/lowered-cpp/stencil_chain/stencil_chain.halide_generated.cpp:18050:50
stencil_chain,cxx_default_on_emitted_cpp,5eb72c8d,1,14,cxx_add_to_sub,stencil_chain.halide_generated.cpp,4365,38,generator_specific,0,0,1,,,test2_golden,0,2.194,cxx_add_to_sub:/mnt/scratch1/ardi/dsl_mut/HM-armc/mutation/lowered-cpp/stencil_chain/stencil_chain.halide_generated.cpp:4365:38
stencil_chain,cxx_default_on_emitted_cpp,5eb72c8d,1,14,cxx_le_to_gt,stencil_chain.halide_generated.cpp,15308,29,generator_specific,0,0,1,,,test2_golden,0,0.612,cxx_le_to_gt:/mnt/scratch1/ardi/dsl_mut/HM-armc/mutation/lowered-cpp/stencil_chain/stencil_chain.halide_generated.cpp:15308:29
stencil_chain,cxx_default_on_emitted_cpp,5eb72c8d,1,14,cxx_lt_to_ge,stencil_chain.halide_generated.cpp,18911,26,generator_specific,0,0,0,,,,0,0.932,cxx_lt_to_ge:/mnt/scratch1/ardi/dsl_mut/HM-armc/mutation/lowered-cpp/stencil_chain/stencil_chain.halide_generated.cpp:18911:26
stencil_chain,cxx_default_on_emitted_cpp,5eb72c8d,1,14,cxx_div_to_mul,stencil_chain.halide_generated.cpp,18334,26,generator_specific,0,0,0,,,,0,0.919,cxx_div_to_mul:/mnt/scratch1/ardi/dsl_mut/HM-armc/mutation/lowered-cpp/stencil_chain/stencil_chain.halide_generated.cpp:18334:26
stencil_chain,cxx_default_on_emitted_cpp,5eb72c8d,1,14,cxx_mul_to_div,stencil_chain.halide_generated.cpp,9327,42,generator_specific,0,0,1,,,test2_golden,0,1.784,cxx_mul_to_div:/mnt/scratch1/ardi/dsl_mut/HM-armc/mutation/lowered-cpp/stencil_chain/stencil_chain.halide_generated.cpp:9327:42
stencil_chain,cxx_default_on_emitted_cpp,5eb72c8d,1,14,cxx_add_to_sub,stencil_chain.halide_generated.cpp,18063,50,generator_specific,0,0,1,,,test2_golden,0,0.739,cxx_add_to_sub:/mnt/scratch1/ardi/dsl_mut/HM-armc/mutation/lowered-cpp/stencil_chain/stencil_chain.halide_generated.cpp:18063:50
stencil_chain,cxx_default_on_emitted_cpp,5eb72c8d,1,14,cxx_add_to_sub,stencil_chain.halide_generated.cpp,14188,47,generator_specific,0,0,1,,,test2_golden,0,0.756,cxx_add_to_sub:/mnt/scratch1/ardi/dsl_mut/HM-armc/mutation/lowered-cpp/stencil_chain/stencil_chain.halide_generated.cpp:14188:47
stencil_chain,cxx_default_on_emitted_cpp,5eb72c8d,1,14,cxx_lt_to_ge,stencil_chain.halide_generated.cpp,9050,156,generator_specific,-11,1,,,,test1_demo,0,0.207,cxx_lt_to_ge:/mnt/scratch1/ardi/dsl_mut/HM-armc/mutation/lowered-cpp/stencil_chain/stencil_chain.halide_generated.cpp:9050:156
stencil_chain,cxx_default_on_emitted_cpp,5eb72c8d,1,14,cxx_sub_to_add,stencil_chain.halide_generated.cpp,10356,44,generator_specific,0,0,1,,,test2_golden,0,0.758,cxx_sub_to_add:/mnt/scratch1/ardi/dsl_mut/HM-armc/mutation/lowered-cpp/stencil_chain/stencil_chain.halide_generated.cpp:10356:44
stencil_chain,cxx_default_on_emitted_cpp,5eb72c8d,1,14,cxx_add_to_sub,stencil_chain.halide_generated.cpp,11023,95,generator_specific,0,0,1,,,test2_golden,0,1.003,cxx_add_to_sub:/mnt/scratch1/ardi/dsl_mut/HM-armc/mutation/lowered-cpp/stencil_chain/stencil_chain.halide_generated.cpp:11023:95
stencil_chain,cxx_default_on_emitted_cpp,5eb72c8d,1,14,cxx_add_to_sub,stencil_chain.halide_generated.cpp,6168,37,generator_specific,0,0,1,,,test2_golden,0,0.929,cxx_add_to_sub:/mnt/scratch1/ardi/dsl_mut/HM-armc/mutation/lowered-cpp/stencil_chain/stencil_chain.halide_generated.cpp:6168:37
stencil_chain,cxx_default_on_emitted_cpp,5eb72c8d,1,14,cxx_add_to_sub,stencil_chain.halide_generated.cpp,11628,36,generator_specific,0,0,1,,,test2_golden,0,0.790,cxx_add_to_sub:/mnt/scratch1/ardi/dsl_mut/HM-armc/mutation/lowered-cpp/stencil_chain/stencil_chain.halide_generated.cpp:11628:36
stencil_chain,cxx_default_on_emitted_cpp,5eb72c8d,1,14,cxx_mul_to_div,stencil_chain.halide_generated.cpp,16325,46,generator_specific,0,0,1,,,test2_golden,0,0.780,cxx_mul_to_div:/mnt/scratch1/ardi/dsl_mut/HM-armc/mutation/lowered-cpp/stencil_chain/stencil_chain.halide_generated.cpp:16325:46
stencil_chain,cxx_default_on_emitted_cpp,5eb72c8d,1,14,cxx_mul_to_div,stencil_chain.halide_generated.cpp,16520,41,generator_specific,0,0,1,,,test2_golden,0,0.740,cxx_mul_to_div:/mnt/scratch1/ardi/dsl_mut/HM-armc/mutation/lowered-cpp/stencil_chain/stencil_chain.halide_generated.cpp:16520:41
stencil_chain,cxx_default_on_emitted_cpp,5eb72c8d,1,14,cxx_add_to_sub,stencil_chain.halide_generated.cpp,13953,48,generator_specific,0,0,1,,,test2_golden,0,1.454,cxx_add_to_sub:/mnt/scratch1/ardi/dsl_mut/HM-armc/mutation/lowered-cpp/stencil_chain/stencil_chain.halide_generated.cpp:13953:48
stencil_chain,cxx_default_on_emitted_cpp,5eb72c8d,1,14,cxx_add_to_sub,stencil_chain.halide_generated.cpp,17014,44,generator_specific,0,0,1,,,test2_golden,0,2.591,cxx_add_to_sub:/mnt/scratch1/ardi/dsl_mut/HM-armc/mutation/lowered-cpp/stencil_chain/stencil_chain.halide_generated.cpp:17014:44
stencil_chain,cxx_default_on_emitted_cpp,5eb72c8d,1,14,cxx_mul_to_div,stencil_chain.halide_generated.cpp,6614,40,generator_specific,0,0,1,,,test2_golden,0,0.887,cxx_mul_to_div:/mnt/scratch1/ardi/dsl_mut/HM-armc/mutation/lowered-cpp/stencil_chain/stencil_chain.halide_generated.cpp:6614:40
stencil_chain,cxx_default_on_emitted_cpp,5eb72c8d,1,14,cxx_add_to_sub,stencil_chain.halide_generated.cpp,4536,43,generator_specific,0,0,1,,,test2_golden,0,0.731,cxx_add_to_sub:/mnt/scratch1/ardi/dsl_mut/HM-armc/mutation/lowered-cpp/stencil_chain/stencil_chain.halide_generated.cpp:4536:43
stencil_chain,cxx_default_on_emitted_cpp,5eb72c8d,1,14,cxx_mul_to_div,stencil_chain.halide_generated.cpp,10424,48,generator_specific,0,0,1,,,test2_golden,0,0.732,cxx_mul_to_div:/mnt/scratch1/ardi/dsl_mut/HM-armc/mutation/lowered-cpp/stencil_chain/stencil_chain.halide_generated.cpp:10424:48
stencil_chain,cxx_default_on_emitted_cpp,5eb72c8d,1,14,cxx_replace_scalar_call,stencil_chain.halide_generated.cpp,18345,19,generator_specific,0,0,0,,,,0,0.844,cxx_replace_scalar_call:/mnt/scratch1/ardi/dsl_mut/HM-armc/mutation/lowered-cpp/stencil_chain/stencil_chain.halide_generated.cpp:18345:19
stencil_chain,cxx_default_on_emitted_cpp,5eb72c8d,1,14,cxx_sub_to_add,stencil_chain.halide_generated.cpp,18753,27,generator_specific,0,0,0,,,,0,0.829,cxx_sub_to_add:/mnt/scratch1/ardi/dsl_mut/HM-armc/mutation/lowered-cpp/stencil_chain/stencil_chain.halide_generated.cpp:18753:27
stencil_chain,cxx_default_on_emitted_cpp,5eb72c8d,1,14,cxx_mul_to_div,stencil_chain.halide_generated.cpp,10035,46,generator_specific,0,0,1,,,test2_golden,0,0.958,cxx_mul_to_div:/mnt/scratch1/ardi/dsl_mut/HM-armc/mutation/lowered-cpp/stencil_chain/stencil_chain.halide_generated.cpp:10035:46
stencil_chain,cxx_default_on_emitted_cpp,5eb72c8d,1,14,cxx_mul_to_div,stencil_chain.halide_generated.cpp,13661,46,generator_specific,0,0,1,,,test2_golden,0,0.916,cxx_mul_to_div:/mnt/scratch1/ardi/dsl_mut/HM-armc/mutation/lowered-cpp/stencil_chain/stencil_chain.halide_generated.cpp:13661:46
stencil_chain,cxx_default_on_emitted_cpp,5eb72c8d,1,14,cxx_mul_to_div,stencil_chain.halide_generated.cpp,17292,48,generator_specific,0,0,1,,,test2_golden,0,0.749,cxx_mul_to_div:/mnt/scratch1/ardi/dsl_mut/HM-armc/mutation/lowered-cpp/stencil_chain/stencil_chain.halide_generated.cpp:17292:48
stencil_chain,cxx_default_on_emitted_cpp,5eb72c8d,1,14,cxx_mul_to_div,stencil_chain.halide_generated.cpp,10983,24,generator_specific,0,0,1,,,test2_golden,0,0.592,cxx_mul_to_div:/mnt/scratch1/ardi/dsl_mut/HM-armc/mutation/lowered-cpp/stencil_chain/stencil_chain.halide_generated.cpp:10983:24
stencil_chain,cxx_default_on_emitted_cpp,5eb72c8d,1,14,cxx_add_to_sub,stencil_chain.halide_generated.cpp,10685,49,generator_specific,0,0,1,,,test2_golden,0,0.732,cxx_add_to_sub:/mnt/scratch1/ardi/dsl_mut/HM-armc/mutation/lowered-cpp/stencil_chain/stencil_chain.halide_generated.cpp:10685:49
stencil_chain,cxx_default_on_emitted_cpp,5eb72c8d,1,14,cxx_add_to_sub,stencil_chain.halide_generated.cpp,14606,48,generator_specific,0,0,1,,,test2_golden,0,0.802,cxx_add_to_sub:/mnt/scratch1/ardi/dsl_mut/HM-armc/mutation/lowered-cpp/stencil_chain/stencil_chain.halide_generated.cpp:14606:48
stencil_chain,cxx_default_on_emitted_cpp,5eb72c8d,1,14,cxx_lt_to_ge,stencil_chain.halide_generated.cpp,5476,156,generator_specific,0,0,1,,,test2_golden,0,0.738,cxx_lt_to_ge:/mnt/scratch1/ardi/dsl_mut/HM-armc/mutation/lowered-cpp/stencil_chain/stencil_chain.halide_generated.cpp:5476:156
stencil_chain,cxx_default_on_emitted_cpp,5eb72c8d,1,14,cxx_add_to_sub,stencil_chain.halide_generated.cpp,5827,36,generator_specific,0,0,1,,,test2_golden,0,0.954,cxx_add_to_sub:/mnt/scratch1/ardi/dsl_mut/HM-armc/mutation/lowered-cpp/stencil_chain/stencil_chain.halide_generated.cpp:5827:36
stencil_chain,cxx_default_on_emitted_cpp,5eb72c8d,1,14,cxx_mul_to_div,stencil_chain.halide_generated.cpp,6045,42,generator_specific,0,0,1,,,test2_golden,0,1.269,cxx_mul_to_div:/mnt/scratch1/ardi/dsl_mut/HM-armc/mutation/lowered-cpp/stencil_chain/stencil_chain.halide_generated.cpp:6045:42
stencil_chain,cxx_default_on_emitted_cpp,5eb72c8d,1,14,cxx_mul_to_div,stencil_chain.halide_generated.cpp,18122,52,generator_specific,0,0,1,,,test2_golden,0,0.914,cxx_mul_to_div:/mnt/scratch1/ardi/dsl_mut/HM-armc/mutation/lowered-cpp/stencil_chain/stencil_chain.halide_generated.cpp:18122:52
stencil_chain,cxx_default_on_emitted_cpp,5eb72c8d,1,14,cxx_add_to_sub,stencil_chain.halide_generated.cpp,10981,24,generator_specific,0,0,0,,,,0,0.942,cxx_add_to_sub:/mnt/scratch1/ardi/dsl_mut/HM-armc/mutation/lowered-cpp/stencil_chain/stencil_chain.halide_generated.cpp:10981:24
stencil_chain,cxx_default_on_emitted_cpp,5eb72c8d,1,14,cxx_mul_to_div,stencil_chain.halide_generated.cpp,17466,50,generator_specific,0,0,1,,,test2_golden,0,0.755,cxx_mul_to_div:/mnt/scratch1/ardi/dsl_mut/HM-armc/mutation/lowered-cpp/stencil_chain/stencil_chain.halide_generated.cpp:17466:50
stencil_chain,cxx_default_on_emitted_cpp,5eb72c8d,1,14,cxx_add_to_sub,stencil_chain.halide_generated.cpp,14824,51,generator_specific,0,0,1,,,test2_golden,0,1.251,cxx_add_to_sub:/mnt/scratch1/ardi/dsl_mut/HM-armc/mutation/lowered-cpp/stencil_chain/stencil_chain.halide_generated.cpp:14824:51
stencil_chain,cxx_default_on_emitted_cpp,5eb72c8d,1,14,cxx_mul_to_div,stencil_chain.halide_generated.cpp,16950,48,generator_specific,0,0,1,,,test2_golden,0,0.759,cxx_mul_to_div:/mnt/scratch1/ardi/dsl_mut/HM-armc/mutation/lowered-cpp/stencil_chain/stencil_chain.halide_generated.cpp:16950:48
stencil_chain,cxx_default_on_emitted_cpp,5eb72c8d,1,14,cxx_add_to_sub,stencil_chain.halide_generated.cpp,17570,102,generator_specific,0,0,0,,,,0,2.379,cxx_add_to_sub:/mnt/scratch1/ardi/dsl_mut/HM-armc/mutation/lowered-cpp/stencil_chain/stencil_chain.halide_generated.cpp:17570:102
stencil_chain,cxx_default_on_emitted_cpp,5eb72c8d,1,14,cxx_add_to_sub,stencil_chain.halide_generated.cpp,18580,27,generator_specific,0,0,0,,,,0,1.044,cxx_add_to_sub:/mnt/scratch1/ardi/dsl_mut/HM-armc/mutation/lowered-cpp/stencil_chain/stencil_chain.halide_generated.cpp:18580:27
stencil_chain,cxx_default_on_emitted_cpp,5eb72c8d,1,14,cxx_add_to_sub,stencil_chain.halide_generated.cpp,10690,49,generator_specific,0,0,1,,,test2_golden,0,0.745,cxx_add_to_sub:/mnt/scratch1/ardi/dsl_mut/HM-armc/mutation/lowered-cpp/stencil_chain/stencil_chain.halide_generated.cpp:10690:49
stencil_chain,cxx_default_on_emitted_cpp,5eb72c8d,1,14,cxx_mul_to_div,stencil_chain.halide_generated.cpp,7934,46,generator_specific,0,0,1,,,test2_golden,0,1.082,cxx_mul_to_div:/mnt/scratch1/ardi/dsl_mut/HM-armc/mutation/lowered-cpp/stencil_chain/stencil_chain.halide_generated.cpp:7934:46
stencil_chain,cxx_default_on_emitted_cpp,5eb72c8d,1,14,cxx_mul_to_div,stencil_chain.halide_generated.cpp,4451,43,generator_specific,0,0,1,,,test2_golden,0,0.848,cxx_mul_to_div:/mnt/scratch1/ardi/dsl_mut/HM-armc/mutation/lowered-cpp/stencil_chain/stencil_chain.halide_generated.cpp:4451:43
stencil_chain,cxx_default_on_emitted_cpp,5eb72c8d,1,14,cxx_add_to_sub,stencil_chain.halide_generated.cpp,8654,48,generator_specific,0,0,1,,,test2_golden,0,0.936,cxx_add_to_sub:/mnt/scratch1/ardi/dsl_mut/HM-armc/mutation/lowered-cpp/stencil_chain/stencil_chain.halide_generated.cpp:8654:48
stencil_chain,cxx_default_on_emitted_cpp,5eb72c8d,1,14,cxx_add_to_sub,stencil_chain.halide_generated.cpp,7125,99,generator_specific,0,0,1,,,test2_golden,0,2.451,cxx_add_to_sub:/mnt/scratch1/ardi/dsl_mut/HM-armc/mutation/lowered-cpp/stencil_chain/stencil_chain.halide_generated.cpp:7125:99
stencil_chain,cxx_default_on_emitted_cpp,5eb72c8d,1,14,cxx_add_to_sub,stencil_chain.halide_generated.cpp,6584,42,generator_specific,0,0,1,,,test2_golden,0,0.808,cxx_add_to_sub:/mnt/scratch1/ardi/dsl_mut/HM-armc/mutation/lowered-cpp/stencil_chain/stencil_chain.halide_generated.cpp:6584:42
stencil_chain,cxx_default_on_emitted_cpp,5eb72c8d,1,14,cxx_add_to_sub,stencil_chain.halide_generated.cpp,10535,45,generator_specific,-11,1,,,,test1_demo,0,0.179,cxx_add_to_sub:/mnt/scratch1/ardi/dsl_mut/HM-armc/mutation/lowered-cpp/stencil_chain/stencil_chain.halide_generated.cpp:10535:45
stencil_chain,cxx_default_on_emitted_cpp,5eb72c8d,1,14,cxx_add_to_sub,stencil_chain.halide_generated.cpp,7455,46,generator_specific,0,0,1,,,test2_golden,0,0.737,cxx_add_to_sub:/mnt/scratch1/ardi/dsl_mut/HM-armc/mutation/lowered-cpp/stencil_chain/stencil_chain.halide_generated.cpp:7455:46
stencil_chain,cxx_default_on_emitted_cpp,5eb72c8d,1,14,cxx_eq_to_ne,stencil_chain.halide_generated.cpp,18782,43,generator_specific,0,0,0,,,,0,0.879,cxx_eq_to_ne:/mnt/scratch1/ardi/dsl_mut/HM-armc/mutation/lowered-cpp/stencil_chain/stencil_chain.halide_generated.cpp:18782:43
stencil_chain,cxx_default_on_emitted_cpp,5eb72c8d,1,14,cxx_lt_to_le,stencil_chain.halide_generated.cpp,14969,154,generator_specific,-6,1,,,,test1_demo,0,0.244,cxx_lt_to_le:/mnt/scratch1/ardi/dsl_mut/HM-armc/mutation/lowered-cpp/stencil_chain/stencil_chain.halide_generated.cpp:14969:154
stencil_chain,cxx_default_on_emitted_cpp,5eb72c8d,1,14,cxx_mul_to_div,stencil_chain.halide_generated.cpp,10766,50,generator_specific,0,0,1,,,test2_golden,0,0.733,cxx_mul_to_div:/mnt/scratch1/ardi/dsl_mut/HM-armc/mutation/lowered-cpp/stencil_chain/stencil_chain.halide_generated.cpp:10766:50
stencil_chain,cxx_default_on_emitted_cpp,5eb72c8d,1,14,cxx_mul_to_div,stencil_chain.halide_generated.cpp,3624,31,generator_specific,0,0,1,,,test2_golden,0,0.919,cxx_mul_to_div:/mnt/scratch1/ardi/dsl_mut/HM-armc/mutation/lowered-cpp/stencil_chain/stencil_chain.halide_generated.cpp:3624:31
stencil_chain,cxx_default_on_emitted_cpp,5eb72c8d,1,14,cxx_sub_to_add,stencil_chain.halide_generated.cpp,18370,26,generator_specific,0,0,0,,,,0,1.142,cxx_sub_to_add:/mnt/scratch1/ardi/dsl_mut/HM-armc/mutation/lowered-cpp/stencil_chain/stencil_chain.halide_generated.cpp:18370:26
stencil_chain,cxx_default_on_emitted_cpp,5eb72c8d,1,14,cxx_le_to_lt,stencil_chain.halide_generated.cpp,13443,35,generator_specific,0,0,1,,,test2_golden,0,0.756,cxx_le_to_lt:/mnt/scratch1/ardi/dsl_mut/HM-armc/mutation/lowered-cpp/stencil_chain/stencil_chain.halide_generated.cpp:13443:35
stencil_chain,cxx_default_on_emitted_cpp,5eb72c8d,1,14,cxx_add_to_sub,stencil_chain.halide_generated.cpp,8647,44,generator_specific,0,0,1,,,test2_golden,0,0.918,cxx_add_to_sub:/mnt/scratch1/ardi/dsl_mut/HM-armc/mutation/lowered-cpp/stencil_chain/stencil_chain.halide_generated.cpp:8647:44
stencil_chain,cxx_default_on_emitted_cpp,5eb72c8d,1,14,cxx_add_to_sub,stencil_chain.halide_generated.cpp,11195,35,generator_specific,-11,1,,,,test1_demo,0,0.840,cxx_add_to_sub:/mnt/scratch1/ardi/dsl_mut/HM-armc/mutation/lowered-cpp/stencil_chain/stencil_chain.halide_generated.cpp:11195:35
stencil_chain,cxx_default_on_emitted_cpp,5eb72c8d,1,14,cxx_add_to_sub,stencil_chain.halide_generated.cpp,11516,41,generator_specific,0,0,1,,,test2_golden,0,0.727,cxx_add_to_sub:/mnt/scratch1/ardi/dsl_mut/HM-armc/mutation/lowered-cpp/stencil_chain/stencil_chain.halide_generated.cpp:11516:41
stencil_chain,cxx_default_on_emitted_cpp,5eb72c8d,1,14,cxx_post_inc_to_post_dec,stencil_chain.halide_generated.cpp,3633,102,generator_specific,-11,1,,,,test1_demo,0,0.146,cxx_post_inc_to_post_dec:/mnt/scratch1/ardi/dsl_mut/HM-armc/mutation/lowered-cpp/stencil_chain/stencil_chain.halide_generated.cpp:3633:102
stencil_chain,cxx_default_on_emitted_cpp,5eb72c8d,1,14,cxx_add_to_sub,stencil_chain.halide_generated.cpp,11785,38,generator_specific,0,0,1,,,test2_golden,0,1.145,cxx_add_to_sub:/mnt/scratch1/ardi/dsl_mut/HM-armc/mutation/lowered-cpp/stencil_chain/stencil_chain.halide_generated.cpp:11785:38
stencil_chain,cxx_default_on_emitted_cpp,5eb72c8d,1,14,cxx_add_to_sub,stencil_chain.halide_generated.cpp,13448,102,generator_specific,0,0,1,,,test2_golden,0,0.891,cxx_add_to_sub:/mnt/scratch1/ardi/dsl_mut/HM-armc/mutation/lowered-cpp/stencil_chain/stencil_chain.halide_generated.cpp:13448:102
stencil_chain,cxx_default_on_emitted_cpp,5eb72c8d,1,14,cxx_add_to_sub,stencil_chain.halide_generated.cpp,13974,43,generator_specific,0,0,1,,,test2_golden,0,0.753,cxx_add_to_sub:/mnt/scratch1/ardi/dsl_mut/HM-armc/mutation/lowered-cpp/stencil_chain/stencil_chain.halide_generated.cpp:13974:43
stencil_chain,cxx_default_on_emitted_cpp,5eb72c8d,1,14,cxx_add_to_sub,stencil_chain.halide_generated.cpp,18582,27,generator_specific,0,0,0,,,,0,0.754,cxx_add_to_sub:/mnt/scratch1/ardi/dsl_mut/HM-armc/mutation/lowered-cpp/stencil_chain/stencil_chain.halide_generated.cpp:18582:27
stencil_chain,cxx_default_on_emitted_cpp,5eb72c8d,1,14,cxx_add_to_sub,stencil_chain.halide_generated.cpp,15122,42,generator_specific,0,0,1,,,test2_golden,0,0.751,cxx_add_to_sub:/mnt/scratch1/ardi/dsl_mut/HM-armc/mutation/lowered-cpp/stencil_chain/stencil_chain.halide_generated.cpp:15122:42
stencil_chain,cxx_default_on_emitted_cpp,5eb72c8d,1,14,cxx_mul_to_div,stencil_chain.halide_generated.cpp,4756,43,generator_specific,0,0,0,,,,0,2.528,cxx_mul_to_div:/mnt/scratch1/ardi/dsl_mut/HM-armc/mutation/lowered-cpp/stencil_chain/stencil_chain.halide_generated.cpp:4756:43
stencil_chain,cxx_default_on_emitted_cpp,5eb72c8d,1,14,cxx_mul_to_div,stencil_chain.halide_generated.cpp,15224,41,generator_specific,0,0,1,,,test2_golden,0,0.905,cxx_mul_to_div:/mnt/scratch1/ardi/dsl_mut/HM-armc/mutation/lowered-cpp/stencil_chain/stencil_chain.halide_generated.cpp:15224:41
stencil_chain,cxx_default_on_emitted_cpp,5eb72c8d,1,14,cxx_mul_to_div,stencil_chain.halide_generated.cpp,6726,44,generator_specific,0,0,1,,,test2_golden,0,0.743,cxx_mul_to_div:/mnt/scratch1/ardi/dsl_mut/HM-armc/mutation/lowered-cpp/stencil_chain/stencil_chain.halide_generated.cpp:6726:44
stencil_chain,cxx_default_on_emitted_cpp,5eb72c8d,1,14,cxx_mul_to_div,stencil_chain.halide_generated.cpp,12996,44,generator_specific,0,0,1,,,test2_golden,0,0.961,cxx_mul_to_div:/mnt/scratch1/ardi/dsl_mut/HM-armc/mutation/lowered-cpp/stencil_chain/stencil_chain.halide_generated.cpp:12996:44
stencil_chain,cxx_default_on_emitted_cpp,5eb72c8d,1,14,cxx_mul_to_div,stencil_chain.halide_generated.cpp,7211,44,generator_specific,0,0,1,,,test2_golden,0,0.913,cxx_mul_to_div:/mnt/scratch1/ardi/dsl_mut/HM-armc/mutation/lowered-cpp/stencil_chain/stencil_chain.halide_generated.cpp:7211:44
stencil_chain,cxx_default_on_emitted_cpp,5eb72c8d,1,14,cxx_mul_to_div,stencil_chain.halide_generated.cpp,18764,27,generator_specific,0,0,0,,,,0,0.769,cxx_mul_to_div:/mnt/scratch1/ardi/dsl_mut/HM-armc/mutation/lowered-cpp/stencil_chain/stencil_chain.halide_generated.cpp:18764:27
stencil_chain,cxx_default_on_emitted_cpp,5eb72c8d,1,14,cxx_mul_to_div,stencil_chain.halide_generated.cpp,16612,47,generator_specific,0,0,1,,,test2_golden,0,0.747,cxx_mul_to_div:/mnt/scratch1/ardi/dsl_mut/HM-armc/mutation/lowered-cpp/stencil_chain/stencil_chain.halide_generated.cpp:16612:47
stencil_chain,cxx_default_on_emitted_cpp,5eb72c8d,1,14,cxx_add_to_sub,stencil_chain.halide_generated.cpp,12668,39,generator_specific,0,0,1,,,test2_golden,0,0.763,cxx_add_to_sub:/mnt/scratch1/ardi/dsl_mut/HM-armc/mutation/lowered-cpp/stencil_chain/stencil_chain.halide_generated.cpp:12668:39
stencil_chain,cxx_default_on_emitted_cpp,5eb72c8d,1,14,cxx_add_to_sub,stencil_chain.halide_generated.cpp,11896,37,generator_specific,0,0,1,,,test2_golden,0,0.764,cxx_add_to_sub:/mnt/scratch1/ardi/dsl_mut/HM-armc/mutation/lowered-cpp/stencil_chain/stencil_chain.halide_generated.cpp:11896:37
stencil_chain,cxx_default_on_emitted_cpp,5eb72c8d,1,14,cxx_add_to_sub,stencil_chain.halide_generated.cpp,9234,41,generator_specific,0,0,1,,,test2_golden,0,2.762,cxx_add_to_sub:/mnt/scratch1/ardi/dsl_mut/HM-armc/mutation/lowered-cpp/stencil_chain/stencil_chain.halide_generated.cpp:9234:41
stencil_chain,cxx_default_on_emitted_cpp,5eb72c8d,1,14,cxx_add_to_sub,stencil_chain.halide_generated.cpp,12218,43,generator_specific,0,0,1,,,test2_golden,0,1.457,cxx_add_to_sub:/mnt/scratch1/ardi/dsl_mut/HM-armc/mutation/lowered-cpp/stencil_chain/stencil_chain.halide_generated.cpp:12218:43
stencil_chain,cxx_default_on_emitted_cpp,5eb72c8d,1,14,cxx_replace_scalar_call,stencil_chain.halide_generated.cpp,1830,16,boilerplate,0,0,0,,,,0,0.760,cxx_replace_scalar_call:/mnt/scratch1/ardi/dsl_mut/HM-armc/mutation/lowered-cpp/stencil_chain/stencil_chain.halide_generated.cpp:1830:16
stencil_chain,cxx_default_on_emitted_cpp,5eb72c8d,1,14,cxx_mul_to_div,stencil_chain.halide_generated.cpp,7492,41,generator_specific,0,0,1,,,test2_golden,0,0.770,cxx_mul_to_div:/mnt/scratch1/ardi/dsl_mut/HM-armc/mutation/lowered-cpp/stencil_chain/stencil_chain.halide_generated.cpp:7492:41
stencil_chain,cxx_default_on_emitted_cpp,5eb72c8d,1,14,cxx_add_to_sub,stencil_chain.halide_generated.cpp,16312,42,generator_specific,0,0,1,,,test2_golden,0,0.818,cxx_add_to_sub:/mnt/scratch1/ardi/dsl_mut/HM-armc/mutation/lowered-cpp/stencil_chain/stencil_chain.halide_generated.cpp:16312:42
stencil_chain,cxx_default_on_emitted_cpp,5eb72c8d,1,14,cxx_add_to_sub,stencil_chain.halide_generated.cpp,5104,45,generator_specific,0,0,1,,,test2_golden,0,0.826,cxx_add_to_sub:/mnt/scratch1/ardi/dsl_mut/HM-armc/mutation/lowered-cpp/stencil_chain/stencil_chain.halide_generated.cpp:5104:45
stencil_chain,cxx_default_on_emitted_cpp,5eb72c8d,1,14,cxx_add_to_sub,stencil_chain.halide_generated.cpp,4573,40,generator_specific,0,0,1,,,test2_golden,0,1.412,cxx_add_to_sub:/mnt/scratch1/ardi/dsl_mut/HM-armc/mutation/lowered-cpp/stencil_chain/stencil_chain.halide_generated.cpp:4573:40
stencil_chain,cxx_default_on_emitted_cpp,5eb72c8d,1,14,cxx_add_to_sub,stencil_chain.halide_generated.cpp,8555,44,generator_specific,0,0,1,,,test2_golden,0,1.043,cxx_add_to_sub:/mnt/scratch1/ardi/dsl_mut/HM-armc/mutation/lowered-cpp/stencil_chain/stencil_chain.halide_generated.cpp:8555:44
stencil_chain,cxx_default_on_emitted_cpp,5eb72c8d,1,14,cxx_mul_to_div,stencil_chain.halide_generated.cpp,15905,45,generator_specific,0,0,1,,,test2_golden,0,0.935,cxx_mul_to_div:/mnt/scratch1/ardi/dsl_mut/HM-armc/mutation/lowered-cpp/stencil_chain/stencil_chain.halide_generated.cpp:15905:45
stencil_chain,cxx_default_on_emitted_cpp,5eb72c8d,1,14,cxx_add_to_sub,stencil_chain.halide_generated.cpp,18174,48,generator_specific,0,0,1,,,test2_golden,0,1.020,cxx_add_to_sub:/mnt/scratch1/ardi/dsl_mut/HM-armc/mutation/lowered-cpp/stencil_chain/stencil_chain.halide_generated.cpp:18174:48
stencil_chain,cxx_default_on_emitted_cpp,5eb72c8d,1,14,cxx_add_to_sub,stencil_chain.halide_generated.cpp,8978,45,generator_specific,0,0,1,,,test2_golden,0,0.992,cxx_add_to_sub:/mnt/scratch1/ardi/dsl_mut/HM-armc/mutation/lowered-cpp/stencil_chain/stencil_chain.halide_generated.cpp:8978:45
stencil_chain,cxx_default_on_emitted_cpp,5eb72c8d,1,14,cxx_add_to_sub,stencil_chain.halide_generated.cpp,4423,39,generator_specific,0,0,1,,,test2_golden,0,0.759,cxx_add_to_sub:/mnt/scratch1/ardi/dsl_mut/HM-armc/mutation/lowered-cpp/stencil_chain/stencil_chain.halide_generated.cpp:4423:39
stencil_chain,cxx_default_on_emitted_cpp,5eb72c8d,1,14,cxx_mul_to_div,stencil_chain.halide_generated.cpp,3893,40,generator_specific,0,0,1,,,test2_golden,0,1.560,cxx_mul_to_div:/mnt/scratch1/ardi/dsl_mut/HM-armc/mutation/lowered-cpp/stencil_chain/stencil_chain.halide_generated.cpp:3893:40
stencil_chain,cxx_default_on_emitted_cpp,5eb72c8d,1,14,cxx_add_to_sub,stencil_chain.halide_generated.cpp,11011,34,generator_specific,-11,1,,,,test1_demo,0,0.200,cxx_add_to_sub:/mnt/scratch1/ardi/dsl_mut/HM-armc/mutation/lowered-cpp/stencil_chain/stencil_chain.halide_generated.cpp:11011:34
stencil_chain,cxx_default_on_emitted_cpp,5eb72c8d,1,14,cxx_add_to_sub,stencil_chain.halide_generated.cpp,17418,46,generator_specific,0,0,1,,,test2_golden,0,1.357,cxx_add_to_sub:/mnt/scratch1/ardi/dsl_mut/HM-armc/mutation/lowered-cpp/stencil_chain/stencil_chain.halide_generated.cpp:17418:46
stencil_chain,cxx_default_on_emitted_cpp,5eb72c8d,1,14,cxx_add_to_sub,stencil_chain.halide_generated.cpp,14986,38,generator_specific,0,0,1,,,test2_golden,0,0.730,cxx_add_to_sub:/mnt/scratch1/ardi/dsl_mut/HM-armc/mutation/lowered-cpp/stencil_chain/stencil_chain.halide_generated.cpp:14986:38
stencil_chain,cxx_default_on_emitted_cpp,5eb72c8d,1,14,cxx_add_to_sub,stencil_chain.halide_generated.cpp,7614,45,generator_specific,0,0,1,,,test2_golden,0,1.048,cxx_add_to_sub:/mnt/scratch1/ardi/dsl_mut/HM-armc/mutation/lowered-cpp/stencil_chain/stencil_chain.halide_generated.cpp:7614:45
stencil_chain,cxx_default_on_emitted_cpp,5eb72c8d,1,14,cxx_add_to_sub,stencil_chain.halide_generated.cpp,15416,39,generator_specific,0,0,1,,,test2_golden,0,0.744,cxx_add_to_sub:/mnt/scratch1/ardi/dsl_mut/HM-armc/mutation/lowered-cpp/stencil_chain/stencil_chain.halide_generated.cpp:15416:39
stencil_chain,cxx_default_on_emitted_cpp,5eb72c8d,1,14,cxx_add_to_sub,stencil_chain.halide_generated.cpp,6382,39,generator_specific,0,0,1,,,test2_golden,0,0.747,cxx_add_to_sub:/mnt/scratch1/ardi/dsl_mut/HM-armc/mutation/lowered-cpp/stencil_chain/stencil_chain.halide_generated.cpp:6382:39
stencil_chain,cxx_default_on_emitted_cpp,5eb72c8d,1,14,cxx_add_to_sub,stencil_chain.halide_generated.cpp,3922,36,generator_specific,0,0,1,,,test2_golden,0,0.754,cxx_add_to_sub:/mnt/scratch1/ardi/dsl_mut/HM-armc/mutation/lowered-cpp/stencil_chain/stencil_chain.halide_generated.cpp:3922:36
stencil_chain,cxx_default_on_emitted_cpp,5eb72c8d,1,14,cxx_eq_to_ne,stencil_chain.halide_generated.cpp,10960,21,generator_specific,0,0,1,,,test2_golden,0,0.519,cxx_eq_to_ne:/mnt/scratch1/ardi/dsl_mut/HM-armc/mutation/lowered-cpp/stencil_chain/stencil_chain.halide_generated.cpp:10960:21
stencil_chain,cxx_default_on_emitted_cpp,5eb72c8d,1,14,cxx_mul_to_div,stencil_chain.halide_generated.cpp,14535,52,generator_specific,0,0,1,,,test2_golden,0,0.933,cxx_mul_to_div:/mnt/scratch1/ardi/dsl_mut/HM-armc/mutation/lowered-cpp/stencil_chain/stencil_chain.halide_generated.cpp:14535:52
stencil_chain,cxx_default_on_emitted_cpp,5eb72c8d,1,14,cxx_mul_to_div,stencil_chain.halide_generated.cpp,3714,39,generator_specific,0,0,1,,,test2_golden,0,0.735,cxx_mul_to_div:/mnt/scratch1/ardi/dsl_mut/HM-armc/mutation/lowered-cpp/stencil_chain/stencil_chain.halide_generated.cpp:3714:39
stencil_chain,cxx_default_on_emitted_cpp,5eb72c8d,1,14,cxx_add_to_sub,stencil_chain.halide_generated.cpp,12759,41,generator_specific,0,0,1,,,test2_golden,0,2.812,cxx_add_to_sub:/mnt/scratch1/ardi/dsl_mut/HM-armc/mutation/lowered-cpp/stencil_chain/stencil_chain.halide_generated.cpp:12759:41
stencil_chain,cxx_default_on_emitted_cpp,5eb72c8d,1,14,cxx_add_to_sub,stencil_chain.halide_generated.cpp,16349,46,generator_specific,0,0,1,,,test2_golden,0,0.914,cxx_add_to_sub:/mnt/scratch1/ardi/dsl_mut/HM-armc/mutation/lowered-cpp/stencil_chain/stencil_chain.halide_generated.cpp:16349:46
stencil_chain,cxx_default_on_emitted_cpp,5eb72c8d,1,14,cxx_mul_to_div,stencil_chain.halide_generated.cpp,5589,37,generator_specific,0,0,1,,,test2_golden,0,0.751,cxx_mul_to_div:/mnt/scratch1/ardi/dsl_mut/HM-armc/mutation/lowered-cpp/stencil_chain/stencil_chain.halide_generated.cpp:5589:37
stencil_chain,cxx_default_on_emitted_cpp,5eb72c8d,1,14,cxx_add_to_sub,stencil_chain.halide_generated.cpp,6408,43,generator_specific,0,0,1,,,test2_golden,0,0.967,cxx_add_to_sub:/mnt/scratch1/ardi/dsl_mut/HM-armc/mutation/lowered-cpp/stencil_chain/stencil_chain.halide_generated.cpp:6408:43
stencil_chain,cxx_default_on_emitted_cpp,5eb72c8d,1,14,cxx_add_to_sub,stencil_chain.halide_generated.cpp,13473,43,generator_specific,0,0,1,,,test2_golden,0,0.774,cxx_add_to_sub:/mnt/scratch1/ardi/dsl_mut/HM-armc/mutation/lowered-cpp/stencil_chain/stencil_chain.halide_generated.cpp:13473:43
stencil_chain,cxx_default_on_emitted_cpp,5eb72c8d,1,14,cxx_eq_to_ne,stencil_chain.halide_generated.cpp,19009,26,generator_specific,0,0,0,,,,0,0.954,cxx_eq_to_ne:/mnt/scratch1/ardi/dsl_mut/HM-armc/mutation/lowered-cpp/stencil_chain/stencil_chain.halide_generated.cpp:19009:26
stencil_chain,cxx_default_on_emitted_cpp,5eb72c8d,1,14,cxx_add_to_sub,stencil_chain.halide_generated.cpp,16268,42,generator_specific,0,0,1,,,test2_golden,0,2.116,cxx_add_to_sub:/mnt/scratch1/ardi/dsl_mut/HM-armc/mutation/lowered-cpp/stencil_chain/stencil_chain.halide_generated.cpp:16268:42
stencil_chain,cxx_default_on_emitted_cpp,5eb72c8d,1,14,cxx_add_to_sub,stencil_chain.halide_generated.cpp,5731,41,generator_specific,0,0,1,,,test2_golden,0,0.733,cxx_add_to_sub:/mnt/scratch1/ardi/dsl_mut/HM-armc/mutation/lowered-cpp/stencil_chain/stencil_chain.halide_generated.cpp:5731:41
stencil_chain,cxx_default_on_emitted_cpp,5eb72c8d,1,14,cxx_add_to_sub,stencil_chain.halide_generated.cpp,16185,42,generator_specific,0,0,1,,,test2_golden,0,0.753,cxx_add_to_sub:/mnt/scratch1/ardi/dsl_mut/HM-armc/mutation/lowered-cpp/stencil_chain/stencil_chain.halide_generated.cpp:16185:42
stencil_chain,cxx_default_on_emitted_cpp,5eb72c8d,1,14,cxx_add_to_sub,stencil_chain.halide_generated.cpp,9435,42,generator_specific,0,0,1,,,test2_golden,0,0.752,cxx_add_to_sub:/mnt/scratch1/ardi/dsl_mut/HM-armc/mutation/lowered-cpp/stencil_chain/stencil_chain.halide_generated.cpp:9435:42
stencil_chain,cxx_default_on_emitted_cpp,5eb72c8d,1,14,cxx_add_to_sub,stencil_chain.halide_generated.cpp,12969,40,generator_specific,0,0,1,,,test2_golden,0,0.958,cxx_add_to_sub:/mnt/scratch1/ardi/dsl_mut/HM-armc/mutation/lowered-cpp/stencil_chain/stencil_chain.halide_generated.cpp:12969:40
stencil_chain,cxx_default_on_emitted_cpp,5eb72c8d,1,14,cxx_mul_to_div,stencil_chain.halide_generated.cpp,7537,45,generator_specific,0,0,1,,,test2_golden,0,0.735,cxx_mul_to_div:/mnt/scratch1/ardi/dsl_mut/HM-armc/mutation/lowered-cpp/stencil_chain/stencil_chain.halide_generated.cpp:7537:45
stencil_chain,cxx_default_on_emitted_cpp,5eb72c8d,1,14,cxx_mul_to_div,stencil_chain.halide_generated.cpp,16255,46,generator_specific,0,0,1,,,test2_golden,0,1.639,cxx_mul_to_div:/mnt/scratch1/ardi/dsl_mut/HM-armc/mutation/lowered-cpp/stencil_chain/stencil_chain.halide_generated.cpp:16255:46
stencil_chain,cxx_default_on_emitted_cpp,5eb72c8d,1,14,cxx_add_to_sub,stencil_chain.halide_generated.cpp,11594,36,generator_specific,0,0,1,,,test2_golden,0,1.030,cxx_add_to_sub:/mnt/scratch1/ardi/dsl_mut/HM-armc/mutation/lowered-cpp/stencil_chain/stencil_chain.halide_generated.cpp:11594:36
stencil_chain,cxx_default_on_emitted_cpp,5eb72c8d,1,14,cxx_add_to_sub,stencil_chain.halide_generated.cpp,14404,46,generator_specific,0,0,1,,,test2_golden,0,0.804,cxx_add_to_sub:/mnt/scratch1/ardi/dsl_mut/HM-armc/mutation/lowered-cpp/stencil_chain/stencil_chain.halide_generated.cpp:14404:46
stencil_chain,cxx_default_on_emitted_cpp,5eb72c8d,1,14,cxx_add_to_sub,stencil_chain.halide_generated.cpp,10861,50,generator_specific,0,0,1,,,test2_golden,0,0.819,cxx_add_to_sub:/mnt/scratch1/ardi/dsl_mut/HM-armc/mutation/lowered-cpp/stencil_chain/stencil_chain.halide_generated.cpp:10861:50
stencil_chain,cxx_default_on_emitted_cpp,5eb72c8d,1,14,cxx_add_to_sub,stencil_chain.halide_generated.cpp,14417,46,generator_specific,0,0,1,,,test2_golden,0,0.786,cxx_add_to_sub:/mnt/scratch1/ardi/dsl_mut/HM-armc/mutation/lowered-cpp/stencil_chain/stencil_chain.halide_generated.cpp:14417:46
stencil_chain,cxx_default_on_emitted_cpp,5eb72c8d,1,14,cxx_add_to_sub,stencil_chain.halide_generated.cpp,14318,46,generator_specific,0,0,1,,,test2_golden,0,0.754,cxx_add_to_sub:/mnt/scratch1/ardi/dsl_mut/HM-armc/mutation/lowered-cpp/stencil_chain/stencil_chain.halide_generated.cpp:14318:46
stencil_chain,cxx_default_on_emitted_cpp,5eb72c8d,1,14,cxx_add_to_sub,stencil_chain.halide_generated.cpp,16614,43,generator_specific,0,0,1,,,test2_golden,0,0.729,cxx_add_to_sub:/mnt/scratch1/ardi/dsl_mut/HM-armc/mutation/lowered-cpp/stencil_chain/stencil_chain.halide_generated.cpp:16614:43
stencil_chain,cxx_default_on_emitted_cpp,5eb72c8d,1,14,cxx_add_to_sub,stencil_chain.halide_generated.cpp,15497,38,generator_specific,0,0,1,,,test2_golden,0,0.815,cxx_add_to_sub:/mnt/scratch1/ardi/dsl_mut/HM-armc/mutation/lowered-cpp/stencil_chain/stencil_chain.halide_generated.cpp:15497:38
stencil_chain,cxx_default_on_emitted_cpp,5eb72c8d,1,14,cxx_mul_to_div,stencil_chain.halide_generated.cpp,15206,41,generator_specific,0,0,1,,,test2_golden,0,1.070,cxx_mul_to_div:/mnt/scratch1/ardi/dsl_mut/HM-armc/mutation/lowered-cpp/stencil_chain/stencil_chain.halide_generated.cpp:15206:41
stencil_chain,cxx_default_on_emitted_cpp,5eb72c8d,1,14,cxx_add_to_sub,stencil_chain.halide_generated.cpp,7646,101,generator_specific,0,0,1,,,test2_golden,0,2.072,cxx_add_to_sub:/mnt/scratch1/ardi/dsl_mut/HM-armc/mutation/lowered-cpp/stencil_chain/stencil_chain.halide_generated.cpp:7646:101
stencil_chain,cxx_default_on_emitted_cpp,5eb72c8d,1,14,cxx_mul_to_div,stencil_chain.halide_generated.cpp,5674,41,generator_specific,0,0,1,,,test2_golden,0,0.730,cxx_mul_to_div:/mnt/scratch1/ardi/dsl_mut/HM-armc/mutation/lowered-cpp/stencil_chain/stencil_chain.halide_generated.cpp:5674:41
stencil_chain,cxx_default_on_emitted_cpp,5eb72c8d,1,14,cxx_add_to_sub,stencil_chain.halide_generated.cpp,5042,44,generator_specific,0,0,1,,,test2_golden,0,0.725,cxx_add_to_sub:/mnt/scratch1/ardi/dsl_mut/HM-armc/mutation/lowered-cpp/stencil_chain/stencil_chain.halide_generated.cpp:5042:44
stencil_chain,cxx_default_on_emitted_cpp,5eb72c8d,1,14,cxx_mul_to_div,stencil_chain.halide_generated.cpp,13737,46,generator_specific,0,0,1,,,test2_golden,0,0.978,cxx_mul_to_div:/mnt/scratch1/ardi/dsl_mut/HM-armc/mutation/lowered-cpp/stencil_chain/stencil_chain.halide_generated.cpp:13737:46
stencil_chain,cxx_default_on_emitted_cpp,5eb72c8d,1,14,cxx_add_to_sub,stencil_chain.halide_generated.cpp,7517,41,generator_specific,0,0,1,,,test2_golden,0,1.054,cxx_add_to_sub:/mnt/scratch1/ardi/dsl_mut/HM-armc/mutation/lowered-cpp/stencil_chain/stencil_chain.halide_generated.cpp:7517:41
stencil_chain,cxx_default_on_emitted_cpp,5eb72c8d,1,14,cxx_mul_to_div,stencil_chain.halide_generated.cpp,4319,42,generator_specific,0,0,1,,,test2_golden,0,0.750,cxx_mul_to_div:/mnt/scratch1/ardi/dsl_mut/HM-armc/mutation/lowered-cpp/stencil_chain/stencil_chain.halide_generated.cpp:4319:42
stencil_chain,cxx_default_on_emitted_cpp,5eb72c8d,1,14,cxx_add_to_sub,stencil_chain.halide_generated.cpp,17060,45,generator_specific,0,0,1,,,test2_golden,0,1.073,cxx_add_to_sub:/mnt/scratch1/ardi/dsl_mut/HM-armc/mutation/lowered-cpp/stencil_chain/stencil_chain.halide_generated.cpp:17060:45
stencil_chain,cxx_default_on_emitted_cpp,5eb72c8d,1,14,cxx_add_to_sub,stencil_chain.halide_generated.cpp,7819,101,generator_specific,0,0,1,,,test2_golden,0,0.747,cxx_add_to_sub:/mnt/scratch1/ardi/dsl_mut/HM-armc/mutation/lowered-cpp/stencil_chain/stencil_chain.halide_generated.cpp:7819:101
stencil_chain,cxx_default_on_emitted_cpp,5eb72c8d,1,14,cxx_mul_to_div,stencil_chain.halide_generated.cpp,13786,42,generator_specific,0,0,1,,,test2_golden,0,0.727,cxx_mul_to_div:/mnt/scratch1/ardi/dsl_mut/HM-armc/mutation/lowered-cpp/stencil_chain/stencil_chain.halide_generated.cpp:13786:42
stencil_chain,cxx_default_on_emitted_cpp,5eb72c8d,1,14,cxx_add_to_sub,stencil_chain.halide_generated.cpp,6630,40,generator_specific,0,0,1,,,test2_golden,0,0.725,cxx_add_to_sub:/mnt/scratch1/ardi/dsl_mut/HM-armc/mutation/lowered-cpp/stencil_chain/stencil_chain.halide_generated.cpp:6630:40
stencil_chain,cxx_default_on_emitted_cpp,5eb72c8d,1,14,cxx_add_to_sub,stencil_chain.halide_generated.cpp,14753,47,generator_specific,0,0,1,,,test2_golden,0,0.745,cxx_add_to_sub:/mnt/scratch1/ardi/dsl_mut/HM-armc/mutation/lowered-cpp/stencil_chain/stencil_chain.halide_generated.cpp:14753:47
stencil_chain,cxx_default_on_emitted_cpp,5eb72c8d,1,14,cxx_add_to_sub,stencil_chain.halide_generated.cpp,5959,38,generator_specific,0,0,1,,,test2_golden,0,2.835,cxx_add_to_sub:/mnt/scratch1/ardi/dsl_mut/HM-armc/mutation/lowered-cpp/stencil_chain/stencil_chain.halide_generated.cpp:5959:38
stencil_chain,cxx_default_on_emitted_cpp,5eb72c8d,1,14,cxx_add_to_sub,stencil_chain.halide_generated.cpp,7791,47,generator_specific,0,0,1,,,test2_golden,0,1.148,cxx_add_to_sub:/mnt/scratch1/ardi/dsl_mut/HM-armc/mutation/lowered-cpp/stencil_chain/stencil_chain.halide_generated.cpp:7791:47
stencil_chain,cxx_default_on_emitted_cpp,5eb72c8d,1,14,cxx_mul_to_div,stencil_chain.halide_generated.cpp,7372,46,generator_specific,0,0,1,,,test2_golden,0,0.729,cxx_mul_to_div:/mnt/scratch1/ardi/dsl_mut/HM-armc/mutation/lowered-cpp/stencil_chain/stencil_chain.halide_generated.cpp:7372:46
stencil_chain,cxx_default_on_emitted_cpp,5eb72c8d,1,14,cxx_mul_to_div,stencil_chain.halide_generated.cpp,4630,46,generator_specific,0,0,1,,,test2_golden,0,2.165,cxx_mul_to_div:/mnt/scratch1/ardi/dsl_mut/HM-armc/mutation/lowered-cpp/stencil_chain/stencil_chain.halide_generated.cpp:4630:46
stencil_chain,cxx_default_on_emitted_cpp,5eb72c8d,1,14,cxx_mul_to_div,stencil_chain.halide_generated.cpp,9942,45,generator_specific,0,0,1,,,test2_golden,0,0.745,cxx_mul_to_div:/mnt/scratch1/ardi/dsl_mut/HM-armc/mutation/lowered-cpp/stencil_chain/stencil_chain.halide_generated.cpp:9942:45
stencil_chain,cxx_default_on_emitted_cpp,5eb72c8d,1,14,cxx_le_to_lt,stencil_chain.halide_generated.cpp,14135,38,generator_specific,0,0,1,,,test2_golden,0,2.127,cxx_le_to_lt:/mnt/scratch1/ardi/dsl_mut/HM-armc/mutation/lowered-cpp/stencil_chain/stencil_chain.halide_generated.cpp:14135:38
stencil_chain,cxx_default_on_emitted_cpp,5eb72c8d,1,14,cxx_mul_to_div,stencil_chain.halide_generated.cpp,10753,50,generator_specific,0,0,1,,,test2_golden,0,1.980,cxx_mul_to_div:/mnt/scratch1/ardi/dsl_mut/HM-armc/mutation/lowered-cpp/stencil_chain/stencil_chain.halide_generated.cpp:10753:50
stencil_chain,cxx_default_on_emitted_cpp,5eb72c8d,1,14,cxx_mul_to_div,stencil_chain.halide_generated.cpp,14582,52,generator_specific,0,0,1,,,test2_golden,0,0.888,cxx_mul_to_div:/mnt/scratch1/ardi/dsl_mut/HM-armc/mutation/lowered-cpp/stencil_chain/stencil_chain.halide_generated.cpp:14582:52
stencil_chain,cxx_default_on_emitted_cpp,5eb72c8d,1,14,cxx_add_to_sub,stencil_chain.halide_generated.cpp,16685,47,generator_specific,0,0,1,,,test2_golden,0,0.748,cxx_add_to_sub:/mnt/scratch1/ardi/dsl_mut/HM-armc/mutation/lowered-cpp/stencil_chain/stencil_chain.halide_generated.cpp:16685:47
stencil_chain,cxx_default_on_emitted_cpp,5eb72c8d,1,14,cxx_mul_to_div,stencil_chain.halide_generated.cpp,9289,38,generator_specific,0,0,1,,,test2_golden,0,0.904,cxx_mul_to_div:/mnt/scratch1/ardi/dsl_mut/HM-armc/mutation/lowered-cpp/stencil_chain/stencil_chain.halide_generated.cpp:9289:38
stencil_chain,cxx_default_on_emitted_cpp,5eb72c8d,1,14,cxx_add_to_sub,stencil_chain.halide_generated.cpp,6927,43,generator_specific,0,0,1,,,test2_golden,0,0.751,cxx_add_to_sub:/mnt/scratch1/ardi/dsl_mut/HM-armc/mutation/lowered-cpp/stencil_chain/stencil_chain.halide_generated.cpp:6927:43
stencil_chain,cxx_default_on_emitted_cpp,5eb72c8d,1,14,cxx_add_to_sub,stencil_chain.halide_generated.cpp,12411,40,generator_specific,0,0,1,,,test2_golden,0,0.726,cxx_add_to_sub:/mnt/scratch1/ardi/dsl_mut/HM-armc/mutation/lowered-cpp/stencil_chain/stencil_chain.halide_generated.cpp:12411:40
stencil_chain,cxx_default_on_emitted_cpp,5eb72c8d,1,14,cxx_add_to_sub,stencil_chain.halide_generated.cpp,6246,41,generator_specific,0,0,1,,,test2_golden,0,0.735,cxx_add_to_sub:/mnt/scratch1/ardi/dsl_mut/HM-armc/mutation/lowered-cpp/stencil_chain/stencil_chain.halide_generated.cpp:6246:41
stencil_chain,cxx_default_on_emitted_cpp,5eb72c8d,1,14,cxx_add_to_sub,stencil_chain.halide_generated.cpp,6006,38,generator_specific,0,0,1,,,test2_golden,0,0.754,cxx_add_to_sub:/mnt/scratch1/ardi/dsl_mut/HM-armc/mutation/lowered-cpp/stencil_chain/stencil_chain.halide_generated.cpp:6006:38
stencil_chain,cxx_default_on_emitted_cpp,5eb72c8d,1,14,cxx_mul_to_div,stencil_chain.halide_generated.cpp,15859,41,generator_specific,0,0,1,,,test2_golden,0,2.452,cxx_mul_to_div:/mnt/scratch1/ardi/dsl_mut/HM-armc/mutation/lowered-cpp/stencil_chain/stencil_chain.halide_generated.cpp:15859:41
stencil_chain,cxx_default_on_emitted_cpp,5eb72c8d,1,14,cxx_add_to_sub,stencil_chain.halide_generated.cpp,12045,41,generator_specific,0,0,1,,,test2_golden,0,2.249,cxx_add_to_sub:/mnt/scratch1/ardi/dsl_mut/HM-armc/mutation/lowered-cpp/stencil_chain/stencil_chain.halide_generated.cpp:12045:41
stencil_chain,cxx_default_on_emitted_cpp,5eb72c8d,1,14,cxx_lt_to_le,stencil_chain.halide_generated.cpp,14907,35,generator_specific,-11,1,,,,test1_demo,0,0.274,cxx_lt_to_le:/mnt/scratch1/ardi/dsl_mut/HM-armc/mutation/lowered-cpp/stencil_chain/stencil_chain.halide_generated.cpp:14907:35
stencil_chain,cxx_default_on_emitted_cpp,5eb72c8d,1,14,cxx_mul_to_div,stencil_chain.halide_generated.cpp,17763,47,generator_specific,0,0,1,,,test2_golden,0,0.795,cxx_mul_to_div:/mnt/scratch1/ardi/dsl_mut/HM-armc/mutation/lowered-cpp/stencil_chain/stencil_chain.halide_generated.cpp:17763:47
stencil_chain,cxx_default_on_emitted_cpp,5eb72c8d,1,14,cxx_add_to_sub,stencil_chain.halide_generated.cpp,7632,45,generator_specific,0,0,1,,,test2_golden,0,1.570,cxx_add_to_sub:/mnt/scratch1/ardi/dsl_mut/HM-armc/mutation/lowered-cpp/stencil_chain/stencil_chain.halide_generated.cpp:7632:45
stencil_chain,cxx_default_on_emitted_cpp,5eb72c8d,1,14,cxx_add_to_sub,stencil_chain.halide_generated.cpp,6706,40,generator_specific,0,0,1,,,test2_golden,0,0.809,cxx_add_to_sub:/mnt/scratch1/ardi/dsl_mut/HM-armc/mutation/lowered-cpp/stencil_chain/stencil_chain.halide_generated.cpp:6706:40
stencil_chain,cxx_default_on_emitted_cpp,5eb72c8d,1,14,cxx_add_to_sub,stencil_chain.halide_generated.cpp,3822,39,generator_specific,0,0,1,,,test2_golden,0,1.938,cxx_add_to_sub:/mnt/scratch1/ardi/dsl_mut/HM-armc/mutation/lowered-cpp/stencil_chain/stencil_chain.halide_generated.cpp:3822:39
stencil_chain,cxx_default_on_emitted_cpp,5eb72c8d,1,14,cxx_mul_to_div,stencil_chain.halide_generated.cpp,14262,51,generator_specific,0,0,1,,,test2_golden,0,0.753,cxx_mul_to_div:/mnt/scratch1/ardi/dsl_mut/HM-armc/mutation/lowered-cpp/stencil_chain/stencil_chain.halide_generated.cpp:14262:51
stencil_chain,cxx_default_on_emitted_cpp,5eb72c8d,1,14,cxx_add_to_sub,stencil_chain.halide_generated.cpp,17064,45,generator_specific,0,0,1,,,test2_golden,0,0.965,cxx_add_to_sub:/mnt/scratch1/ardi/dsl_mut/HM-armc/mutation/lowered-cpp/stencil_chain/stencil_chain.halide_generated.cpp:17064:45
stencil_chain,cxx_default_on_emitted_cpp,5eb72c8d,1,14,cxx_add_to_sub,stencil_chain.halide_generated.cpp,15477,43,generator_specific,0,0,1,,,test2_golden,0,0.753,cxx_add_to_sub:/mnt/scratch1/ardi/dsl_mut/HM-armc/mutation/lowered-cpp/stencil_chain/stencil_chain.halide_generated.cpp:15477:43
stencil_chain,cxx_default_on_emitted_cpp,5eb72c8d,1,14,cxx_le_to_lt,stencil_chain.halide_generated.cpp,18639,24,generator_specific,0,0,0,,,,0,1.351,cxx_le_to_lt:/mnt/scratch1/ardi/dsl_mut/HM-armc/mutation/lowered-cpp/stencil_chain/stencil_chain.halide_generated.cpp:18639:24
stencil_chain,cxx_default_on_emitted_cpp,5eb72c8d,1,14,cxx_sub_to_add,stencil_chain.halide_generated.cpp,18978,24,generator_specific,0,0,1,,,test2_golden,0,0.952,cxx_sub_to_add:/mnt/scratch1/ardi/dsl_mut/HM-armc/mutation/lowered-cpp/stencil_chain/stencil_chain.halide_generated.cpp:18978:24
stencil_chain,cxx_default_on_emitted_cpp,5eb72c8d,1,14,cxx_add_to_sub,stencil_chain.halide_generated.cpp,12053,37,generator_specific,0,0,1,,,test2_golden,0,0.957,cxx_add_to_sub:/mnt/scratch1/ardi/dsl_mut/HM-armc/mutation/lowered-cpp/stencil_chain/stencil_chain.halide_generated.cpp:12053:37
stencil_chain,cxx_default_on_emitted_cpp,5eb72c8d,1,14,cxx_add_to_sub,stencil_chain.halide_generated.cpp,7122,41,generator_specific,0,0,1,,,test2_golden,0,0.774,cxx_add_to_sub:/mnt/scratch1/ardi/dsl_mut/HM-armc/mutation/lowered-cpp/stencil_chain/stencil_chain.halide_generated.cpp:7122:41
stencil_chain,cxx_default_on_emitted_cpp,5eb72c8d,1,14,cxx_mul_to_div,stencil_chain.halide_generated.cpp,6458,42,generator_specific,0,0,1,,,test2_golden,0,0.929,cxx_mul_to_div:/mnt/scratch1/ardi/dsl_mut/HM-armc/mutation/lowered-cpp/stencil_chain/stencil_chain.halide_generated.cpp:6458:42
stencil_chain,cxx_default_on_emitted_cpp,5eb72c8d,1,14,cxx_add_to_sub,stencil_chain.halide_generated.cpp,13282,41,generator_specific,0,0,1,,,test2_golden,0,0.952,cxx_add_to_sub:/mnt/scratch1/ardi/dsl_mut/HM-armc/mutation/lowered-cpp/stencil_chain/stencil_chain.halide_generated.cpp:13282:41
stencil_chain,cxx_default_on_emitted_cpp,5eb72c8d,1,14,cxx_replace_scalar_call,stencil_chain.halide_generated.cpp,18566,21,generator_specific,0,0,0,,,,0,0.783,cxx_replace_scalar_call:/mnt/scratch1/ardi/dsl_mut/HM-armc/mutation/lowered-cpp/stencil_chain/stencil_chain.halide_generated.cpp:18566:21
stencil_chain,cxx_default_on_emitted_cpp,5eb72c8d,1,14,cxx_add_to_sub,stencil_chain.halide_generated.cpp,16857,46,generator_specific,0,0,1,,,test2_golden,0,1.358,cxx_add_to_sub:/mnt/scratch1/ardi/dsl_mut/HM-armc/mutation/lowered-cpp/stencil_chain/stencil_chain.halide_generated.cpp:16857:46
stencil_chain,cxx_default_on_emitted_cpp,5eb72c8d,1,14,cxx_add_to_sub,stencil_chain.halide_generated.cpp,15137,42,generator_specific,0,0,1,,,test2_golden,0,0.917,cxx_add_to_sub:/mnt/scratch1/ardi/dsl_mut/HM-armc/mutation/lowered-cpp/stencil_chain/stencil_chain.halide_generated.cpp:15137:42
stencil_chain,cxx_default_on_emitted_cpp,5eb72c8d,1,14,cxx_le_to_lt,stencil_chain.halide_generated.cpp,17391,37,generator_specific,0,0,1,,,test2_golden,0,0.763,cxx_le_to_lt:/mnt/scratch1/ardi/dsl_mut/HM-armc/mutation/lowered-cpp/stencil_chain/stencil_chain.halide_generated.cpp:17391:37
stencil_chain,cxx_default_on_emitted_cpp,5eb72c8d,1,14,cxx_mul_to_div,stencil_chain.halide_generated.cpp,17416,46,generator_specific,0,0,1,,,test2_golden,0,0.824,cxx_mul_to_div:/mnt/scratch1/ardi/dsl_mut/HM-armc/mutation/lowered-cpp/stencil_chain/stencil_chain.halide_generated.cpp:17416:46
stencil_chain,cxx_default_on_emitted_cpp,5eb72c8d,1,14,cxx_add_to_sub,stencil_chain.halide_generated.cpp,11527,41,generator_specific,0,0,1,,,test2_golden,0,0.857,cxx_add_to_sub:/mnt/scratch1/ardi/dsl_mut/HM-armc/mutation/lowered-cpp/stencil_chain/stencil_chain.halide_generated.cpp:11527:41
stencil_chain,cxx_default_on_emitted_cpp,5eb72c8d,1,14,cxx_remove_void_call,stencil_chain.halide_generated.cpp,13620,21,generator_specific,0,0,1,,,test2_golden,0,0.612,cxx_remove_void_call:/mnt/scratch1/ardi/dsl_mut/HM-armc/mutation/lowered-cpp/stencil_chain/stencil_chain.halide_generated.cpp:13620:21
stencil_chain,cxx_default_on_emitted_cpp,5eb72c8d,1,14,cxx_add_to_sub,stencil_chain.halide_generated.cpp,17283,44,generator_specific,0,0,1,,,test2_golden,0,0.851,cxx_add_to_sub:/mnt/scratch1/ardi/dsl_mut/HM-armc/mutation/lowered-cpp/stencil_chain/stencil_chain.halide_generated.cpp:17283:44
stencil_chain,cxx_default_on_emitted_cpp,5eb72c8d,1,14,cxx_mul_to_div,stencil_chain.halide_generated.cpp,5055,48,generator_specific,0,0,1,,,test2_golden,0,0.949,cxx_mul_to_div:/mnt/scratch1/ardi/dsl_mut/HM-armc/mutation/lowered-cpp/stencil_chain/stencil_chain.halide_generated.cpp:5055:48
stencil_chain,cxx_default_on_emitted_cpp,5eb72c8d,1,14,cxx_add_to_sub,stencil_chain.halide_generated.cpp,5071,48,generator_specific,0,0,1,,,test2_golden,0,1.283,cxx_add_to_sub:/mnt/scratch1/ardi/dsl_mut/HM-armc/mutation/lowered-cpp/stencil_chain/stencil_chain.halide_generated.cpp:5071:48
stencil_chain,cxx_default_on_emitted_cpp,5eb72c8d,1,14,cxx_add_to_sub,stencil_chain.halide_generated.cpp,15581,38,generator_specific,0,0,1,,,test2_golden,0,0.865,cxx_add_to_sub:/mnt/scratch1/ardi/dsl_mut/HM-armc/mutation/lowered-cpp/stencil_chain/stencil_chain.halide_generated.cpp:15581:38
stencil_chain,cxx_default_on_emitted_cpp,5eb72c8d,1,14,cxx_add_to_sub,stencil_chain.halide_generated.cpp,17386,48,generator_specific,0,0,1,,,test2_golden,0,0.995,cxx_add_to_sub:/mnt/scratch1/ardi/dsl_mut/HM-armc/mutation/lowered-cpp/stencil_chain/stencil_chain.halide_generated.cpp:17386:48
stencil_chain,cxx_default_on_emitted_cpp,5eb72c8d,1,14,cxx_add_to_sub,stencil_chain.halide_generated.cpp,8148,48,generator_specific,0,0,1,,,test2_golden,0,0.895,cxx_add_to_sub:/mnt/scratch1/ardi/dsl_mut/HM-armc/mutation/lowered-cpp/stencil_chain/stencil_chain.halide_generated.cpp:8148:48
stencil_chain,cxx_default_on_emitted_cpp,5eb72c8d,1,14,cxx_mul_to_div,stencil_chain.halide_generated.cpp,13007,44,generator_specific,0,0,1,,,test2_golden,0,0.759,cxx_mul_to_div:/mnt/scratch1/ardi/dsl_mut/HM-armc/mutation/lowered-cpp/stencil_chain/stencil_chain.halide_generated.cpp:13007:44
stencil_chain,cxx_default_on_emitted_cpp,5eb72c8d,1,14,cxx_mul_to_div,stencil_chain.halide_generated.cpp,15511,42,generator_specific,0,0,1,,,test2_golden,0,0.763,cxx_mul_to_div:/mnt/scratch1/ardi/dsl_mut/HM-armc/mutation/lowered-cpp/stencil_chain/stencil_chain.halide_generated.cpp:15511:42
stencil_chain,cxx_default_on_emitted_cpp,5eb72c8d,1,14,cxx_add_to_sub,stencil_chain.halide_generated.cpp,8464,45,generator_specific,0,0,1,,,test2_golden,0,0.914,cxx_add_to_sub:/mnt/scratch1/ardi/dsl_mut/HM-armc/mutation/lowered-cpp/stencil_chain/stencil_chain.halide_generated.cpp:8464:45
stencil_chain,cxx_default_on_emitted_cpp,5eb72c8d,1,14,cxx_lt_to_ge,stencil_chain.halide_generated.cpp,6607,63,generator_specific,0,0,1,,,test2_golden,0,0.749,cxx_lt_to_ge:/mnt/scratch1/ardi/dsl_mut/HM-armc/mutation/lowered-cpp/stencil_chain/stencil_chain.halide_generated.cpp:6607:63
stencil_chain,cxx_default_on_emitted_cpp,5eb72c8d,1,14,cxx_add_to_sub,stencil_chain.halide_generated.cpp,12110,39,generator_specific,0,0,1,,,test2_golden,0,0.765,cxx_add_to_sub:/mnt/scratch1/ardi/dsl_mut/HM-armc/mutation/lowered-cpp/stencil_chain/stencil_chain.halide_generated.cpp:12110:39
stencil_chain,cxx_default_on_emitted_cpp,5eb72c8d,1,14,cxx_add_to_sub,stencil_chain.halide_generated.cpp,16502,45,generator_specific,0,0,1,,,test2_golden,0,2.583,cxx_add_to_sub:/mnt/scratch1/ardi/dsl_mut/HM-armc/mutation/lowered-cpp/stencil_chain/stencil_chain.halide_generated.cpp:16502:45
stencil_chain,cxx_default_on_emitted_cpp,5eb72c8d,1,14,cxx_add_to_sub,stencil_chain.halide_generated.cpp,6058,42,generator_specific,0,0,1,,,test2_golden,0,1.145,cxx_add_to_sub:/mnt/scratch1/ardi/dsl_mut/HM-armc/mutation/lowered-cpp/stencil_chain/stencil_chain.halide_generated.cpp:6058:42
stencil_chain,cxx_default_on_emitted_cpp,5eb72c8d,1,14,cxx_add_to_sub,stencil_chain.halide_generated.cpp,6807,39,generator_specific,0,0,1,,,test2_golden,0,0.765,cxx_add_to_sub:/mnt/scratch1/ardi/dsl_mut/HM-armc/mutation/lowered-cpp/stencil_chain/stencil_chain.halide_generated.cpp:6807:39
stencil_chain,cxx_default_on_emitted_cpp,5eb72c8d,1,14,cxx_mul_to_div,stencil_chain.halide_generated.cpp,5106,45,generator_specific,0,0,0,,,,0,0.748,cxx_mul_to_div:/mnt/scratch1/ardi/dsl_mut/HM-armc/mutation/lowered-cpp/stencil_chain/stencil_chain.halide_generated.cpp:5106:45
stencil_chain,cxx_default_on_emitted_cpp,5eb72c8d,1,14,cxx_mul_to_div,stencil_chain.halide_generated.cpp,4767,47,generator_specific,0,0,1,,,test2_golden,0,0.812,cxx_mul_to_div:/mnt/scratch1/ardi/dsl_mut/HM-armc/mutation/lowered-cpp/stencil_chain/stencil_chain.halide_generated.cpp:4767:47
stencil_chain,cxx_default_on_emitted_cpp,5eb72c8d,1,14,cxx_add_to_sub,stencil_chain.halide_generated.cpp,10521,44,generator_specific,0,0,1,,,test2_golden,0,0.895,cxx_add_to_sub:/mnt/scratch1/ardi/dsl_mut/HM-armc/mutation/lowered-cpp/stencil_chain/stencil_chain.halide_generated.cpp:10521:44
stencil_chain,cxx_default_on_emitted_cpp,5eb72c8d,1,14,cxx_add_to_sub,stencil_chain.halide_generated.cpp,12854,41,generator_specific,0,0,1,,,test2_golden,0,0.848,cxx_add_to_sub:/mnt/scratch1/ardi/dsl_mut/HM-armc/mutation/lowered-cpp/stencil_chain/stencil_chain.halide_generated.cpp:12854:41
stencil_chain,cxx_default_on_emitted_cpp,5eb72c8d,1,14,cxx_sub_to_add,stencil_chain.halide_generated.cpp,17401,46,generator_specific,0,0,1,,,test2_golden,0,0.784,cxx_sub_to_add:/mnt/scratch1/ardi/dsl_mut/HM-armc/mutation/lowered-cpp/stencil_chain/stencil_chain.halide_generated.cpp:17401:46
stencil_chain,cxx_default_on_emitted_cpp,5eb72c8d,1,14,cxx_mul_to_div,stencil_chain.halide_generated.cpp,15731,44,generator_specific,0,0,1,,,test2_golden,0,1.352,cxx_mul_to_div:/mnt/scratch1/ardi/dsl_mut/HM-armc/mutation/lowered-cpp/stencil_chain/stencil_chain.halide_generated.cpp:15731:44
stencil_chain,cxx_default_on_emitted_cpp,5eb72c8d,1,14,cxx_add_to_sub,stencil_chain.halide_generated.cpp,4259,38,generator_specific,0,0,1,,,test2_golden,0,0.797,cxx_add_to_sub:/mnt/scratch1/ardi/dsl_mut/HM-armc/mutation/lowered-cpp/stencil_chain/stencil_chain.halide_generated.cpp:4259:38
stencil_chain,cxx_default_on_emitted_cpp,5eb72c8d,1,14,cxx_mul_to_div,stencil_chain.halide_generated.cpp,18365,26,generator_specific,0,0,0,,,,0,0.863,cxx_mul_to_div:/mnt/scratch1/ardi/dsl_mut/HM-armc/mutation/lowered-cpp/stencil_chain/stencil_chain.halide_generated.cpp:18365:26
stencil_chain,cxx_default_on_emitted_cpp,5eb72c8d,1,14,cxx_post_inc_to_post_dec,stencil_chain.halide_generated.cpp,5288,106,generator_specific,-11,1,,,,test1_demo,0,0.164,cxx_post_inc_to_post_dec:/mnt/scratch1/ardi/dsl_mut/HM-armc/mutation/lowered-cpp/stencil_chain/stencil_chain.halide_generated.cpp:5288:106
stencil_chain,cxx_default_on_emitted_cpp,5eb72c8d,1,14,cxx_mul_to_div,stencil_chain.halide_generated.cpp,17412,46,generator_specific,0,0,1,,,test2_golden,0,0.784,cxx_mul_to_div:/mnt/scratch1/ardi/dsl_mut/HM-armc/mutation/lowered-cpp/stencil_chain/stencil_chain.halide_generated.cpp:17412:46
stencil_chain,cxx_default_on_emitted_cpp,5eb72c8d,1,14,cxx_add_to_sub,stencil_chain.halide_generated.cpp,6366,39,generator_specific,0,0,1,,,test2_golden,0,0.938,cxx_add_to_sub:/mnt/scratch1/ardi/dsl_mut/HM-armc/mutation/lowered-cpp/stencil_chain/stencil_chain.halide_generated.cpp:6366:39
stencil_chain,cxx_default_on_emitted_cpp,5eb72c8d,1,14,cxx_lt_to_ge,stencil_chain.halide_generated.cpp,18794,25,generator_specific,0,0,1,,,test2_golden,0,1.134,cxx_lt_to_ge:/mnt/scratch1/ardi/dsl_mut/HM-armc/mutation/lowered-cpp/stencil_chain/stencil_chain.halide_generated.cpp:18794:25
stencil_chain,cxx_default_on_emitted_cpp,5eb72c8d,1,14,cxx_mul_to_div,stencil_chain.halide_generated.cpp,14311,47,generator_specific,0,0,1,,,test2_golden,0,1.009,cxx_mul_to_div:/mnt/scratch1/ardi/dsl_mut/HM-armc/mutation/lowered-cpp/stencil_chain/stencil_chain.halide_generated.cpp:14311:47
stencil_chain,cxx_default_on_emitted_cpp,5eb72c8d,1,14,cxx_add_to_sub,stencil_chain.halide_generated.cpp,8612,44,generator_specific,0,0,1,,,test2_golden,0,0.956,cxx_add_to_sub:/mnt/scratch1/ardi/dsl_mut/HM-armc/mutation/lowered-cpp/stencil_chain/stencil_chain.halide_generated.cpp:8612:44
stencil_chain,cxx_default_on_emitted_cpp,5eb72c8d,1,14,cxx_replace_scalar_call,stencil_chain.halide_generated.cpp,18325,19,generator_specific,-6,1,,,,test1_demo,0,0.154,cxx_replace_scalar_call:/mnt/scratch1/ardi/dsl_mut/HM-armc/mutation/lowered-cpp/stencil_chain/stencil_chain.halide_generated.cpp:18325:19
stencil_chain,cxx_default_on_emitted_cpp,5eb72c8d,1,14,cxx_add_to_sub,stencil_chain.halide_generated.cpp,14746,47,generator_specific,0,0,1,,,test2_golden,0,0.945,cxx_add_to_sub:/mnt/scratch1/ardi/dsl_mut/HM-armc/mutation/lowered-cpp/stencil_chain/stencil_chain.halide_generated.cpp:14746:47
stencil_chain,cxx_default_on_emitted_cpp,5eb72c8d,1,14,cxx_add_to_sub,stencil_chain.halide_generated.cpp,9536,39,generator_specific,0,0,1,,,test2_golden,0,0.752,cxx_add_to_sub:/mnt/scratch1/ardi/dsl_mut/HM-armc/mutation/lowered-cpp/stencil_chain/stencil_chain.halide_generated.cpp:9536:39
stencil_chain,cxx_default_on_emitted_cpp,5eb72c8d,1,14,cxx_add_to_sub,stencil_chain.halide_generated.cpp,16689,47,generator_specific,0,0,1,,,test2_golden,0,0.745,cxx_add_to_sub:/mnt/scratch1/ardi/dsl_mut/HM-armc/mutation/lowered-cpp/stencil_chain/stencil_chain.halide_generated.cpp:16689:47
stencil_chain,cxx_default_on_emitted_cpp,5eb72c8d,1,14,cxx_add_to_sub,stencil_chain.halide_generated.cpp,14465,50,generator_specific,0,0,1,,,test2_golden,0,0.763,cxx_add_to_sub:/mnt/scratch1/ardi/dsl_mut/HM-armc/mutation/lowered-cpp/stencil_chain/stencil_chain.halide_generated.cpp:14465:50
stencil_chain,cxx_default_on_emitted_cpp,5eb72c8d,1,14,cxx_add_to_sub,stencil_chain.halide_generated.cpp,13466,43,generator_specific,0,0,1,,,test2_golden,0,0.898,cxx_add_to_sub:/mnt/scratch1/ardi/dsl_mut/HM-armc/mutation/lowered-cpp/stencil_chain/stencil_chain.halide_generated.cpp:13466:43
stencil_chain,cxx_default_on_emitted_cpp,5eb72c8d,1,14,cxx_add_to_sub,stencil_chain.halide_generated.cpp,14658,52,generator_specific,0,0,1,,,test2_golden,0,0.895,cxx_add_to_sub:/mnt/scratch1/ardi/dsl_mut/HM-armc/mutation/lowered-cpp/stencil_chain/stencil_chain.halide_generated.cpp:14658:52
stencil_chain,cxx_default_on_emitted_cpp,5eb72c8d,1,14,cxx_sub_to_add,stencil_chain.halide_generated.cpp,5496,36,generator_specific,0,0,1,,,test2_golden,0,1.664,cxx_sub_to_add:/mnt/scratch1/ardi/dsl_mut/HM-armc/mutation/lowered-cpp/stencil_chain/stencil_chain.halide_generated.cpp:5496:36
stencil_chain,cxx_default_on_emitted_cpp,5eb72c8d,1,14,cxx_add_to_sub,stencil_chain.halide_generated.cpp,8358,45,generator_specific,0,0,1,,,test2_golden,0,0.923,cxx_add_to_sub:/mnt/scratch1/ardi/dsl_mut/HM-armc/mutation/lowered-cpp/stencil_chain/stencil_chain.halide_generated.cpp:8358:45
stencil_chain,cxx_default_on_emitted_cpp,5eb72c8d,1,14,cxx_add_to_sub,stencil_chain.halide_generated.cpp,16397,41,generator_specific,0,0,1,,,test2_golden,0,0.781,cxx_add_to_sub:/mnt/scratch1/ardi/dsl_mut/HM-armc/mutation/lowered-cpp/stencil_chain/stencil_chain.halide_generated.cpp:16397:41
stencil_chain,cxx_default_on_emitted_cpp,5eb72c8d,1,14,cxx_add_to_sub,stencil_chain.halide_generated.cpp,4859,43,generator_specific,0,0,1,,,test2_golden,0,0.747,cxx_add_to_sub:/mnt/scratch1/ardi/dsl_mut/HM-armc/mutation/lowered-cpp/stencil_chain/stencil_chain.halide_generated.cpp:4859:43
stencil_chain,cxx_default_on_emitted_cpp,5eb72c8d,1,14,cxx_add_to_sub,stencil_chain.halide_generated.cpp,6128,37,generator_specific,0,0,1,,,test2_golden,0,0.966,cxx_add_to_sub:/mnt/scratch1/ardi/dsl_mut/HM-armc/mutation/lowered-cpp/stencil_chain/stencil_chain.halide_generated.cpp:6128:37
stencil_chain,cxx_default_on_emitted_cpp,5eb72c8d,1,14,cxx_lt_to_ge,stencil_chain.halide_generated.cpp,4553,65,generator_specific,0,0,1,,,test2_golden,0,0.744,cxx_lt_to_ge:/mnt/scratch1/ardi/dsl_mut/HM-armc/mutation/lowered-cpp/stencil_chain/stencil_chain.halide_generated.cpp:4553:65
stencil_chain,cxx_default_on_emitted_cpp,5eb72c8d,1,14,cxx_add_to_sub,stencil_chain.halide_generated.cpp,16403,41,generator_specific,0,0,1,,,test2_golden,0,0.948,cxx_add_to_sub:/mnt/scratch1/ardi/dsl_mut/HM-armc/mutation/lowered-cpp/stencil_chain/stencil_chain.halide_generated.cpp:16403:41
stencil_chain,cxx_default_on_emitted_cpp,5eb72c8d,1,14,cxx_mul_to_div,stencil_chain.halide_generated.cpp,6663,44,generator_specific,0,0,1,,,test2_golden,0,1.218,cxx_mul_to_div:/mnt/scratch1/ardi/dsl_mut/HM-armc/mutation/lowered-cpp/stencil_chain/stencil_chain.halide_generated.cpp:6663:44
stencil_chain,cxx_default_on_emitted_cpp,5eb72c8d,1,14,cxx_add_to_sub,stencil_chain.halide_generated.cpp,7104,45,generator_specific,0,0,1,,,test2_golden,0,0.939,cxx_add_to_sub:/mnt/scratch1/ardi/dsl_mut/HM-armc/mutation/lowered-cpp/stencil_chain/stencil_chain.halide_generated.cpp:7104:45
stencil_chain,cxx_default_on_emitted_cpp,5eb72c8d,1,14,cxx_le_to_lt,stencil_chain.halide_generated.cpp,9263,32,generator_specific,0,0,0,,,,0,1.504,cxx_le_to_lt:/mnt/scratch1/ardi/dsl_mut/HM-armc/mutation/lowered-cpp/stencil_chain/stencil_chain.halide_generated.cpp:9263:32
stencil_chain,cxx_default_on_emitted_cpp,5eb72c8d,1,14,cxx_mul_to_div,stencil_chain.halide_generated.cpp,14443,50,generator_specific,0,0,1,,,test2_golden,0,0.812,cxx_mul_to_div:/mnt/scratch1/ardi/dsl_mut/HM-armc/mutation/lowered-cpp/stencil_chain/stencil_chain.halide_generated.cpp:14443:50
stencil_chain,cxx_default_on_emitted_cpp,5eb72c8d,1,14,cxx_add_to_sub,stencil_chain.halide_generated.cpp,6339,39,generator_specific,0,0,1,,,test2_golden,0,0.775,cxx_add_to_sub:/mnt/scratch1/ardi/dsl_mut/HM-armc/mutation/lowered-cpp/stencil_chain/stencil_chain.halide_generated.cpp:6339:39
stencil_chain,cxx_default_on_emitted_cpp,5eb72c8d,1,14,cxx_add_to_sub,stencil_chain.halide_generated.cpp,11887,97,generator_specific,0,0,1,,,test2_golden,0,0.844,cxx_add_to_sub:/mnt/scratch1/ardi/dsl_mut/HM-armc/mutation/lowered-cpp/stencil_chain/stencil_chain.halide_generated.cpp:11887:97
stencil_chain,cxx_default_on_emitted_cpp,5eb72c8d,1,14,cxx_lt_to_le,stencil_chain.halide_generated.cpp,11014,158,generator_specific,-6,1,,,,test1_demo,0,0.306,cxx_lt_to_le:/mnt/scratch1/ardi/dsl_mut/HM-armc/mutation/lowered-cpp/stencil_chain/stencil_chain.halide_generated.cpp:11014:158
stencil_chain,cxx_default_on_emitted_cpp,5eb72c8d,1,14,cxx_le_to_gt,stencil_chain.halide_generated.cpp,18533,19,generator_specific,-6,1,,,,test1_demo,0,0.152,cxx_le_to_gt:/mnt/scratch1/ardi/dsl_mut/HM-armc/mutation/lowered-cpp/stencil_chain/stencil_chain.halide_generated.cpp:18533:19
stencil_chain,cxx_default_on_emitted_cpp,5eb72c8d,1,14,cxx_add_to_sub,stencil_chain.halide_generated.cpp,10101,42,generator_specific,0,0,1,,,test2_golden,0,2.190,cxx_add_to_sub:/mnt/scratch1/ardi/dsl_mut/HM-armc/mutation/lowered-cpp/stencil_chain/stencil_chain.halide_generated.cpp:10101:42
stencil_chain,cxx_default_on_emitted_cpp,5eb72c8d,1,14,cxx_mul_to_div,stencil_chain.halide_generated.cpp,16048,44,generator_specific,0,0,1,,,test2_golden,0,0.914,cxx_mul_to_div:/mnt/scratch1/ardi/dsl_mut/HM-armc/mutation/lowered-cpp/stencil_chain/stencil_chain.halide_generated.cpp:16048:44
stencil_chain,cxx_default_on_emitted_cpp,5eb72c8d,1,14,cxx_mul_to_div,stencil_chain.halide_generated.cpp,11567,36,generator_specific,0,0,1,,,test2_golden,0,0.915,cxx_mul_to_div:/mnt/scratch1/ardi/dsl_mut/HM-armc/mutation/lowered-cpp/stencil_chain/stencil_chain.halide_generated.cpp:11567:36
stencil_chain,cxx_default_on_emitted_cpp,5eb72c8d,1,14,cxx_add_to_sub,stencil_chain.halide_generated.cpp,4029,37,generator_specific,0,0,0,,,,0,2.103,cxx_add_to_sub:/mnt/scratch1/ardi/dsl_mut/HM-armc/mutation/lowered-cpp/stencil_chain/stencil_chain.halide_generated.cpp:4029:37
stencil_chain,cxx_default_on_emitted_cpp,5eb72c8d,1,14,cxx_add_to_sub,stencil_chain.halide_generated.cpp,17043,44,generator_specific,0,0,1,,,test2_golden,0,0.740,cxx_add_to_sub:/mnt/scratch1/ardi/dsl_mut/HM-armc/mutation/lowered-cpp/stencil_chain/stencil_chain.halide_generated.cpp:17043:44
stencil_chain,cxx_default_on_emitted_cpp,5eb72c8d,1,14,cxx_sub_to_add,stencil_chain.halide_generated.cpp,5498,36,generator_specific,0,0,0,,,,0,0.904,cxx_sub_to_add:/mnt/scratch1/ardi/dsl_mut/HM-armc/mutation/lowered-cpp/stencil_chain/stencil_chain.halide_generated.cpp:5498:36
stencil_chain,cxx_default_on_emitted_cpp,5eb72c8d,1,14,cxx_mul_to_div,stencil_chain.halide_generated.cpp,7189,44,generator_specific,0,0,1,,,test2_golden,0,1.144,cxx_mul_to_div:/mnt/scratch1/ardi/dsl_mut/HM-armc/mutation/lowered-cpp/stencil_chain/stencil_chain.halide_generated.cpp:7189:44
stencil_chain,cxx_default_on_emitted_cpp,5eb72c8d,1,14,cxx_add_to_sub,stencil_chain.halide_generated.cpp,3787,35,generator_specific,0,0,1,,,test2_golden,0,0.745,cxx_add_to_sub:/mnt/scratch1/ardi/dsl_mut/HM-armc/mutation/lowered-cpp/stencil_chain/stencil_chain.halide_generated.cpp:3787:35
stencil_chain,cxx_default_on_emitted_cpp,5eb72c8d,1,14,cxx_add_to_sub,stencil_chain.halide_generated.cpp,4178,41,generator_specific,0,0,1,,,test2_golden,0,0.762,cxx_add_to_sub:/mnt/scratch1/ardi/dsl_mut/HM-armc/mutation/lowered-cpp/stencil_chain/stencil_chain.halide_generated.cpp:4178:41
stencil_chain,cxx_default_on_emitted_cpp,5eb72c8d,1,14,cxx_le_to_gt,stencil_chain.halide_generated.cpp,18083,39,generator_specific,-11,1,,,,test1_demo,0,0.418,cxx_le_to_gt:/mnt/scratch1/ardi/dsl_mut/HM-armc/mutation/lowered-cpp/stencil_chain/stencil_chain.halide_generated.cpp:18083:39
stencil_chain,cxx_default_on_emitted_cpp,5eb72c8d,1,14,cxx_add_to_sub,stencil_chain.halide_generated.cpp,11199,35,generator_specific,-11,1,,,,test1_demo,0,0.252,cxx_add_to_sub:/mnt/scratch1/ardi/dsl_mut/HM-armc/mutation/lowered-cpp/stencil_chain/stencil_chain.halide_generated.cpp:11199:35
stencil_chain,cxx_default_on_emitted_cpp,5eb72c8d,1,14,cxx_mul_to_div,stencil_chain.halide_generated.cpp,14349,46,generator_specific,0,0,1,,,test2_golden,0,1.097,cxx_mul_to_div:/mnt/scratch1/ardi/dsl_mut/HM-armc/mutation/lowered-cpp/stencil_chain/stencil_chain.halide_generated.cpp:14349:46
stencil_chain,cxx_default_on_emitted_cpp,5eb72c8d,1,14,cxx_mul_to_div,stencil_chain.halide_generated.cpp,14568,52,generator_specific,0,0,1,,,test2_golden,0,0.768,cxx_mul_to_div:/mnt/scratch1/ardi/dsl_mut/HM-armc/mutation/lowered-cpp/stencil_chain/stencil_chain.halide_generated.cpp:14568:52
stencil_chain,cxx_default_on_emitted_cpp,5eb72c8d,1,14,cxx_add_to_sub,stencil_chain.halide_generated.cpp,9682,40,generator_specific,0,0,1,,,test2_golden,0,2.528,cxx_add_to_sub:/mnt/scratch1/ardi/dsl_mut/HM-armc/mutation/lowered-cpp/stencil_chain/stencil_chain.halide_generated.cpp:9682:40
stencil_chain,cxx_default_on_emitted_cpp,5eb72c8d,1,14,cxx_add_to_sub,stencil_chain.halide_generated.cpp,5759,36,generator_specific,0,0,1,,,test2_golden,0,0.749,cxx_add_to_sub:/mnt/scratch1/ardi/dsl_mut/HM-armc/mutation/lowered-cpp/stencil_chain/stencil_chain.halide_generated.cpp:5759:36
stencil_chain,cxx_default_on_emitted_cpp,5eb72c8d,1,14,cxx_add_to_sub,stencil_chain.halide_generated.cpp,12482,40,generator_specific,0,0,1,,,test2_golden,0,0.809,cxx_add_to_sub:/mnt/scratch1/ardi/dsl_mut/HM-armc/mutation/lowered-cpp/stencil_chain/stencil_chain.halide_generated.cpp:12482:40
stencil_chain,cxx_default_on_emitted_cpp,5eb72c8d,1,14,cxx_mul_to_div,stencil_chain.halide_generated.cpp,7669,43,generator_specific,0,0,1,,,test2_golden,0,1.435,cxx_mul_to_div:/mnt/scratch1/ardi/dsl_mut/HM-armc/mutation/lowered-cpp/stencil_chain/stencil_chain.halide_generated.cpp:7669:43
stencil_chain,cxx_default_on_emitted_cpp,5eb72c8d,1,14,cxx_add_to_sub,stencil_chain.halide_generated.cpp,5394,46,generator_specific,0,0,1,,,test2_golden,0,0.957,cxx_add_to_sub:/mnt/scratch1/ardi/dsl_mut/HM-armc/mutation/lowered-cpp/stencil_chain/stencil_chain.halide_generated.cpp:5394:46
stencil_chain,cxx_default_on_emitted_cpp,5eb72c8d,1,14,cxx_add_to_sub,stencil_chain.halide_generated.cpp,11218,35,generator_specific,0,0,1,,,test2_golden,0,0.787,cxx_add_to_sub:/mnt/scratch1/ardi/dsl_mut/HM-armc/mutation/lowered-cpp/stencil_chain/stencil_chain.halide_generated.cpp:11218:35
stencil_chain,cxx_default_on_emitted_cpp,5eb72c8d,1,14,cxx_mul_to_div,stencil_chain.halide_generated.cpp,16095,44,generator_specific,0,0,1,,,test2_golden,0,0.912,cxx_mul_to_div:/mnt/scratch1/ardi/dsl_mut/HM-armc/mutation/lowered-cpp/stencil_chain/stencil_chain.halide_generated.cpp:16095:44
stencil_chain,cxx_default_on_emitted_cpp,5eb72c8d,1,14,cxx_add_to_sub,stencil_chain.halide_generated.cpp,18257,48,generator_specific,-11,1,,,,test1_demo,0,0.244,cxx_add_to_sub:/mnt/scratch1/ardi/dsl_mut/HM-armc/mutation/lowered-cpp/stencil_chain/stencil_chain.halide_generated.cpp:18257:48
stencil_chain,cxx_default_on_emitted_cpp,5eb72c8d,1,14,cxx_add_to_sub,stencil_chain.halide_generated.cpp,6306,39,generator_specific,0,0,1,,,test2_golden,0,0.914,cxx_add_to_sub:/mnt/scratch1/ardi/dsl_mut/HM-armc/mutation/lowered-cpp/stencil_chain/stencil_chain.halide_generated.cpp:6306:39
stencil_chain,cxx_default_on_emitted_cpp,5eb72c8d,1,14,cxx_mul_to_div,stencil_chain.halide_generated.cpp,16907,48,generator_specific,0,0,1,,,test2_golden,0,0.913,cxx_mul_to_div:/mnt/scratch1/ardi/dsl_mut/HM-armc/mutation/lowered-cpp/stencil_chain/stencil_chain.halide_generated.cpp:16907:48
stencil_chain,cxx_default_on_emitted_cpp,5eb72c8d,1,14,cxx_mul_to_div,stencil_chain.halide_generated.cpp,3781,39,generator_specific,0,0,1,,,test2_golden,0,0.752,cxx_mul_to_div:/mnt/scratch1/ardi/dsl_mut/HM-armc/mutation/lowered-cpp/stencil_chain/stencil_chain.halide_generated.cpp:3781:39
stencil_chain,cxx_default_on_emitted_cpp,5eb72c8d,1,14,cxx_add_to_sub,stencil_chain.halide_generated.cpp,5427,50,generator_specific,0,0,1,,,test2_golden,0,0.815,cxx_add_to_sub:/mnt/scratch1/ardi/dsl_mut/HM-armc/mutation/lowered-cpp/stencil_chain/stencil_chain.halide_generated.cpp:5427:50
stencil_chain,cxx_default_on_emitted_cpp,5eb72c8d,1,14,cxx_add_to_sub,stencil_chain.halide_generated.cpp,16410,41,generator_specific,0,0,1,,,test2_golden,0,0.765,cxx_add_to_sub:/mnt/scratch1/ardi/dsl_mut/HM-armc/mutation/lowered-cpp/stencil_chain/stencil_chain.halide_generated.cpp:16410:41
stencil_chain,cxx_default_on_emitted_cpp,5eb72c8d,1,14,cxx_add_to_sub,stencil_chain.halide_generated.cpp,3750,35,generator_specific,0,0,1,,,test2_golden,0,0.952,cxx_add_to_sub:/mnt/scratch1/ardi/dsl_mut/HM-armc/mutation/lowered-cpp/stencil_chain/stencil_chain.halide_generated.cpp:3750:35
stencil_chain,cxx_default_on_emitted_cpp,5eb72c8d,1,14,cxx_replace_scalar_call,stencil_chain.halide_generated.cpp,9453,33,generator_specific,0,0,1,,,test2_golden,0,0.918,cxx_replace_scalar_call:/mnt/scratch1/ardi/dsl_mut/HM-armc/mutation/lowered-cpp/stencil_chain/stencil_chain.halide_generated.cpp:9453:33
stencil_chain,cxx_default_on_emitted_cpp,5eb72c8d,1,14,cxx_add_to_sub,stencil_chain.halide_generated.cpp,15313,95,generator_specific,0,0,0,,,,0,0.763,cxx_add_to_sub:/mnt/scratch1/ardi/dsl_mut/HM-armc/mutation/lowered-cpp/stencil_chain/stencil_chain.halide_generated.cpp:15313:95
stencil_chain,cxx_default_on_emitted_cpp,5eb72c8d,1,14,cxx_add_to_sub,stencil_chain.halide_generated.cpp,14766,47,generator_specific,0,0,1,,,test2_golden,0,0.740,cxx_add_to_sub:/mnt/scratch1/ardi/dsl_mut/HM-armc/mutation/lowered-cpp/stencil_chain/stencil_chain.halide_generated.cpp:14766:47
stencil_chain,cxx_default_on_emitted_cpp,5eb72c8d,1,14,cxx_add_to_sub,stencil_chain.halide_generated.cpp,10694,49,generator_specific,0,0,1,,,test2_golden,0,0.931,cxx_add_to_sub:/mnt/scratch1/ardi/dsl_mut/HM-armc/mutation/lowered-cpp/stencil_chain/stencil_chain.halide_generated.cpp:10694:49
stencil_chain,cxx_default_on_emitted_cpp,5eb72c8d,1,14,cxx_add_to_sub,stencil_chain.halide_generated.cpp,16690,47,generator_specific,0,0,1,,,test2_golden,0,0.776,cxx_add_to_sub:/mnt/scratch1/ardi/dsl_mut/HM-armc/mutation/lowered-cpp/stencil_chain/stencil_chain.halide_generated.cpp:16690:47
stencil_chain,cxx_default_on_emitted_cpp,5eb72c8d,1,14,cxx_add_to_sub,stencil_chain.halide_generated.cpp,3614,30,generator_specific,0,0,1,,,test2_golden,0,1.262,cxx_add_to_sub:/mnt/scratch1/ardi/dsl_mut/HM-armc/mutation/lowered-cpp/stencil_chain/stencil_chain.halide_generated.cpp:3614:30
stencil_chain,cxx_default_on_emitted_cpp,5eb72c8d,1,14,cxx_mul_to_div,stencil_chain.halide_generated.cpp,9209,41,generator_specific,0,0,1,,,test2_golden,0,0.897,cxx_mul_to_div:/mnt/scratch1/ardi/dsl_mut/HM-armc/mutation/lowered-cpp/stencil_chain/stencil_chain.halide_generated.cpp:9209:41
stencil_chain,cxx_default_on_emitted_cpp,5eb72c8d,1,14,cxx_add_to_sub,stencil_chain.halide_generated.cpp,16246,42,generator_specific,0,0,1,,,test2_golden,0,0.745,cxx_add_to_sub:/mnt/scratch1/ardi/dsl_mut/HM-armc/mutation/lowered-cpp/stencil_chain/stencil_chain.halide_generated.cpp:16246:42
stencil_chain,cxx_default_on_emitted_cpp,5eb72c8d,1,14,cxx_mul_to_div,stencil_chain.halide_generated.cpp,8649,48,generator_specific,0,0,1,,,test2_golden,0,0.824,cxx_mul_to_div:/mnt/scratch1/ardi/dsl_mut/HM-armc/mutation/lowered-cpp/stencil_chain/stencil_chain.halide_generated.cpp:8649:48
stencil_chain,cxx_default_on_emitted_cpp,5eb72c8d,1,14,cxx_add_to_sub,stencil_chain.halide_generated.cpp,14636,52,generator_specific,0,0,1,,,test2_golden,0,1.291,cxx_add_to_sub:/mnt/scratch1/ardi/dsl_mut/HM-armc/mutation/lowered-cpp/stencil_chain/stencil_chain.halide_generated.cpp:14636:52
stencil_chain,cxx_default_on_emitted_cpp,5eb72c8d,1,14,cxx_add_to_sub,stencil_chain.halide_generated.cpp,10858,50,generator_specific,0,0,1,,,test2_golden,0,1.327,cxx_add_to_sub:/mnt/scratch1/ardi/dsl_mut/HM-armc/mutation/lowered-cpp/stencil_chain/stencil_chain.halide_generated.cpp:10858:50
stencil_chain,cxx_default_on_emitted_cpp,5eb72c8d,1,14,cxx_add_to_sub,stencil_chain.halide_generated.cpp,14826,51,generator_specific,0,0,1,,,test2_golden,0,0.899,cxx_add_to_sub:/mnt/scratch1/ardi/dsl_mut/HM-armc/mutation/lowered-cpp/stencil_chain/stencil_chain.halide_generated.cpp:14826:51
stencil_chain,cxx_default_on_emitted_cpp,5eb72c8d,1,14,cxx_add_to_sub,stencil_chain.halide_generated.cpp,14151,47,generator_specific,0,0,1,,,test2_golden,0,0.859,cxx_add_to_sub:/mnt/scratch1/ardi/dsl_mut/HM-armc/mutation/lowered-cpp/stencil_chain/stencil_chain.halide_generated.cpp:14151:47
stencil_chain,cxx_default_on_emitted_cpp,5eb72c8d,1,14,cxx_add_to_sub,stencil_chain.halide_generated.cpp,12775,41,generator_specific,0,0,1,,,test2_golden,0,0.848,cxx_add_to_sub:/mnt/scratch1/ardi/dsl_mut/HM-armc/mutation/lowered-cpp/stencil_chain/stencil_chain.halide_generated.cpp:12775:41
stencil_chain,cxx_default_on_emitted_cpp,5eb72c8d,1,14,cxx_add_to_sub,stencil_chain.halide_generated.cpp,7981,46,generator_specific,0,0,1,,,test2_golden,0,2.268,cxx_add_to_sub:/mnt/scratch1/ardi/dsl_mut/HM-armc/mutation/lowered-cpp/stencil_chain/stencil_chain.halide_generated.cpp:7981:46
stencil_chain,cxx_default_on_emitted_cpp,5eb72c8d,1,14,cxx_add_to_sub,stencil_chain.halide_generated.cpp,15853,41,generator_specific,0,0,1,,,test2_golden,0,1.175,cxx_add_to_sub:/mnt/scratch1/ardi/dsl_mut/HM-armc/mutation/lowered-cpp/stencil_chain/stencil_chain.halide_generated.cpp:15853:41
stencil_chain,cxx_default_on_emitted_cpp,5eb72c8d,1,14,cxx_add_to_sub,stencil_chain.halide_generated.cpp,5378,46,generator_specific,0,0,1,,,test2_golden,0,0.888,cxx_add_to_sub:/mnt/scratch1/ardi/dsl_mut/HM-armc/mutation/lowered-cpp/stencil_chain/stencil_chain.halide_generated.cpp:5378:46
stencil_chain,cxx_default_on_emitted_cpp,5eb72c8d,1,14,cxx_add_to_sub,stencil_chain.halide_generated.cpp,18250,52,generator_specific,0,0,1,,,test2_golden,0,1.112,cxx_add_to_sub:/mnt/scratch1/ardi/dsl_mut/HM-armc/mutation/lowered-cpp/stencil_chain/stencil_chain.halide_generated.cpp:18250:52
stencil_chain,cxx_default_on_emitted_cpp,5eb72c8d,1,14,cxx_mul_to_div,stencil_chain.halide_generated.cpp,14634,52,generator_specific,0,0,1,,,test2_golden,0,1.112,cxx_mul_to_div:/mnt/scratch1/ardi/dsl_mut/HM-armc/mutation/lowered-cpp/stencil_chain/stencil_chain.halide_generated.cpp:14634:52
stencil_chain,cxx_default_on_emitted_cpp,5eb72c8d,1,14,cxx_add_to_sub,stencil_chain.halide_generated.cpp,12212,43,generator_specific,0,0,1,,,test2_golden,0,0.742,cxx_add_to_sub:/mnt/scratch1/ardi/dsl_mut/HM-armc/mutation/lowered-cpp/stencil_chain/stencil_chain.halide_generated.cpp:12212:43
stencil_chain,cxx_default_on_emitted_cpp,5eb72c8d,1,14,cxx_mul_to_div,stencil_chain.halide_generated.cpp,8854,46,generator_specific,0,0,1,,,test2_golden,0,0.728,cxx_mul_to_div:/mnt/scratch1/ardi/dsl_mut/HM-armc/mutation/lowered-cpp/stencil_chain/stencil_chain.halide_generated.cpp:8854:46
stencil_chain,cxx_default_on_emitted_cpp,5eb72c8d,1,14,cxx_add_to_sub,stencil_chain.halide_generated.cpp,3849,36,generator_specific,0,0,1,,,test2_golden,0,0.932,cxx_add_to_sub:/mnt/scratch1/ardi/dsl_mut/HM-armc/mutation/lowered-cpp/stencil_chain/stencil_chain.halide_generated.cpp:3849:36
stencil_chain,cxx_default_on_emitted_cpp,5eb72c8d,1,14,cxx_add_to_sub,stencil_chain.halide_generated.cpp,17732,49,generator_specific,0,0,1,,,test2_golden,0,0.744,cxx_add_to_sub:/mnt/scratch1/ardi/dsl_mut/HM-armc/mutation/lowered-cpp/stencil_chain/stencil_chain.halide_generated.cpp:17732:49
stencil_chain,cxx_default_on_emitted_cpp,5eb72c8d,1,14,cxx_add_to_sub,stencil_chain.halide_generated.cpp,10132,42,generator_specific,0,0,1,,,test2_golden,0,0.901,cxx_add_to_sub:/mnt/scratch1/ardi/dsl_mut/HM-armc/mutation/lowered-cpp/stencil_chain/stencil_chain.halide_generated.cpp:10132:42
stencil_chain,cxx_default_on_emitted_cpp,5eb72c8d,1,14,cxx_add_to_sub,stencil_chain.halide_generated.cpp,12471,40,generator_specific,0,0,1,,,test2_golden,0,1.100,cxx_add_to_sub:/mnt/scratch1/ardi/dsl_mut/HM-armc/mutation/lowered-cpp/stencil_chain/stencil_chain.halide_generated.cpp:12471:40
stencil_chain,cxx_default_on_emitted_cpp,5eb72c8d,1,14,cxx_add_to_sub,stencil_chain.halide_generated.cpp,4529,43,generator_specific,0,0,1,,,test2_golden,0,0.747,cxx_add_to_sub:/mnt/scratch1/ardi/dsl_mut/HM-armc/mutation/lowered-cpp/stencil_chain/stencil_chain.halide_generated.cpp:4529:43
stencil_chain,cxx_default_on_emitted_cpp,5eb72c8d,1,14,cxx_add_to_sub,stencil_chain.halide_generated.cpp,9756,40,generator_specific,0,0,1,,,test2_golden,0,0.775,cxx_add_to_sub:/mnt/scratch1/ardi/dsl_mut/HM-armc/mutation/lowered-cpp/stencil_chain/stencil_chain.halide_generated.cpp:9756:40
stencil_chain,cxx_default_on_emitted_cpp,5eb72c8d,1,14,cxx_add_to_sub,stencil_chain.halide_generated.cpp,8460,45,generator_specific,0,0,1,,,test2_golden,0,0.770,cxx_add_to_sub:/mnt/scratch1/ardi/dsl_mut/HM-armc/mutation/lowered-cpp/stencil_chain/stencil_chain.halide_generated.cpp:8460:45
stencil_chain,cxx_default_on_emitted_cpp,5eb72c8d,1,14,cxx_lt_to_le,stencil_chain.halide_generated.cpp,11714,63,generator_specific,0,0,1,,,test2_golden,0,1.207,cxx_lt_to_le:/mnt/scratch1/ardi/dsl_mut/HM-armc/mutation/lowered-cpp/stencil_chain/stencil_chain.halide_generated.cpp:11714:63
stencil_chain,cxx_default_on_emitted_cpp,5eb72c8d,1,14,cxx_add_to_sub,stencil_chain.halide_generated.cpp,11382,37,generator_specific,0,0,1,,,test2_golden,0,0.948,cxx_add_to_sub:/mnt/scratch1/ardi/dsl_mut/HM-armc/mutation/lowered-cpp/stencil_chain/stencil_chain.halide_generated.cpp:11382:37
stencil_chain,cxx_default_on_emitted_cpp,5eb72c8d,1,14,cxx_add_to_sub,stencil_chain.halide_generated.cpp,13812,44,generator_specific,0,0,1,,,test2_golden,0,0.865,cxx_add_to_sub:/mnt/scratch1/ardi/dsl_mut/HM-armc/mutation/lowered-cpp/stencil_chain/stencil_chain.halide_generated.cpp:13812:44
stencil_chain,cxx_default_on_emitted_cpp,5eb72c8d,1,14,cxx_mul_to_div,stencil_chain.halide_generated.cpp,10475,48,generator_specific,0,0,1,,,test2_golden,0,0.931,cxx_mul_to_div:/mnt/scratch1/ardi/dsl_mut/HM-armc/mutation/lowered-cpp/stencil_chain/stencil_chain.halide_generated.cpp:10475:48
stencil_chain,cxx_default_on_emitted_cpp,5eb72c8d,1,14,cxx_add_to_sub,stencil_chain.halide_generated.cpp,6923,43,generator_specific,0,0,1,,,test2_golden,0,0.962,cxx_add_to_sub:/mnt/scratch1/ardi/dsl_mut/HM-armc/mutation/lowered-cpp/stencil_chain/stencil_chain.halide_generated.cpp:6923:43
stencil_chain,cxx_default_on_emitted_cpp,5eb72c8d,1,14,cxx_add_to_sub,stencil_chain.halide_generated.cpp,15288,41,generator_specific,0,0,1,,,test2_golden,0,0.789,cxx_add_to_sub:/mnt/scratch1/ardi/dsl_mut/HM-armc/mutation/lowered-cpp/stencil_chain/stencil_chain.halide_generated.cpp:15288:41
stencil_chain,cxx_default_on_emitted_cpp,5eb72c8d,1,14,cxx_add_to_sub,stencil_chain.halide_generated.cpp,16496,45,generator_specific,0,0,1,,,test2_golden,0,1.442,cxx_add_to_sub:/mnt/scratch1/ardi/dsl_mut/HM-armc/mutation/lowered-cpp/stencil_chain/stencil_chain.halide_generated.cpp:16496:45
stencil_chain,cxx_default_on_emitted_cpp,5eb72c8d,1,14,cxx_add_to_sub,stencil_chain.halide_generated.cpp,16297,42,generator_specific,0,0,1,,,test2_golden,0,0.935,cxx_add_to_sub:/mnt/scratch1/ardi/dsl_mut/HM-armc/mutation/lowered-cpp/stencil_chain/stencil_chain.halide_generated.cpp:16297:42
stencil_chain,cxx_default_on_emitted_cpp,5eb72c8d,1,14,cxx_add_to_sub,stencil_chain.halide_generated.cpp,6586,42,generator_specific,0,0,1,,,test2_golden,0,1.178,cxx_add_to_sub:/mnt/scratch1/ardi/dsl_mut/HM-armc/mutation/lowered-cpp/stencil_chain/stencil_chain.halide_generated.cpp:6586:42
stencil_chain,cxx_default_on_emitted_cpp,5eb72c8d,1,14,cxx_add_to_sub,stencil_chain.halide_generated.cpp,9029,45,generator_specific,0,0,1,,,test2_golden,0,0.949,cxx_add_to_sub:/mnt/scratch1/ardi/dsl_mut/HM-armc/mutation/lowered-cpp/stencil_chain/stencil_chain.halide_generated.cpp:9029:45
stencil_chain,cxx_default_on_emitted_cpp,5eb72c8d,1,14,cxx_add_to_sub,stencil_chain.halide_generated.cpp,15377,39,generator_specific,0,0,1,,,test2_golden,0,1.282,cxx_add_to_sub:/mnt/scratch1/ardi/dsl_mut/HM-armc/mutation/lowered-cpp/stencil_chain/stencil_chain.halide_generated.cpp:15377:39
stencil_chain,cxx_default_on_emitted_cpp,5eb72c8d,1,14,cxx_mul_to_div,stencil_chain.halide_generated.cpp,6618,40,generator_specific,0,0,1,,,test2_golden,0,0.922,cxx_mul_to_div:/mnt/scratch1/ardi/dsl_mut/HM-armc/mutation/lowered-cpp/stencil_chain/stencil_chain.halide_generated.cpp:6618:40
stencil_chain,cxx_default_on_emitted_cpp,5eb72c8d,1,14,cxx_add_to_sub,stencil_chain.halide_generated.cpp,8332,102,generator_specific,0,0,0,,,,0,0.825,cxx_add_to_sub:/mnt/scratch1/ardi/dsl_mut/HM-armc/mutation/lowered-cpp/stencil_chain/stencil_chain.halide_generated.cpp:8332:102
stencil_chain,cxx_default_on_emitted_cpp,5eb72c8d,1,14,cxx_mul_to_div,stencil_chain.halide_generated.cpp,10974,24,generator_specific,0,0,1,,,test2_golden,0,0.545,cxx_mul_to_div:/mnt/scratch1/ardi/dsl_mut/HM-armc/mutation/lowered-cpp/stencil_chain/stencil_chain.halide_generated.cpp:10974:24
stencil_chain,cxx_default_on_emitted_cpp,5eb72c8d,1,14,cxx_add_to_sub,stencil_chain.halide_generated.cpp,9612,43,generator_specific,0,0,1,,,test2_golden,0,0.764,cxx_add_to_sub:/mnt/scratch1/ardi/dsl_mut/HM-armc/mutation/lowered-cpp/stencil_chain/stencil_chain.halide_generated.cpp:9612:43
stencil_chain,cxx_default_on_emitted_cpp,5eb72c8d,1,14,cxx_add_to_sub,stencil_chain.halide_generated.cpp,12428,40,generator_specific,0,0,1,,,test2_golden,0,0.764,cxx_add_to_sub:/mnt/scratch1/ardi/dsl_mut/HM-armc/mutation/lowered-cpp/stencil_chain/stencil_chain.halide_generated.cpp:12428:40
stencil_chain,cxx_default_on_emitted_cpp,5eb72c8d,1,14,cxx_lt_to_le,stencil_chain.halide_generated.cpp,18412,18,generator_specific,0,0,0,,,,0,0.893,cxx_lt_to_le:/mnt/scratch1/ardi/dsl_mut/HM-armc/mutation/lowered-cpp/stencil_chain/stencil_chain.halide_generated.cpp:18412:18
stencil_chain,cxx_default_on_emitted_cpp,5eb72c8d,1,14,cxx_add_to_sub,stencil_chain.halide_generated.cpp,13330,41,generator_specific,0,0,1,,,test2_golden,0,0.878,cxx_add_to_sub:/mnt/scratch1/ardi/dsl_mut/HM-armc/mutation/lowered-cpp/stencil_chain/stencil_chain.halide_generated.cpp:13330:41
stencil_chain,cxx_default_on_emitted_cpp,5eb72c8d,1,14,cxx_add_to_sub,stencil_chain.halide_generated.cpp,11935,37,generator_specific,0,0,1,,,test2_golden,0,0.741,cxx_add_to_sub:/mnt/scratch1/ardi/dsl_mut/HM-armc/mutation/lowered-cpp/stencil_chain/stencil_chain.halide_generated.cpp:11935:37
stencil_chain,cxx_default_on_emitted_cpp,5eb72c8d,1,14,cxx_add_to_sub,stencil_chain.halide_generated.cpp,16187,42,generator_specific,0,0,1,,,test2_golden,0,0.990,cxx_add_to_sub:/mnt/scratch1/ardi/dsl_mut/HM-armc/mutation/lowered-cpp/stencil_chain/stencil_chain.halide_generated.cpp:16187:42
stencil_chain,cxx_default_on_emitted_cpp,5eb72c8d,1,14,cxx_add_to_sub,stencil_chain.halide_generated.cpp,9601,43,generator_specific,0,0,1,,,test2_golden,0,0.830,cxx_add_to_sub:/mnt/scratch1/ardi/dsl_mut/HM-armc/mutation/lowered-cpp/stencil_chain/stencil_chain.halide_generated.cpp:9601:43
stencil_chain,cxx_default_on_emitted_cpp,5eb72c8d,1,14,cxx_mul_to_div,stencil_chain.halide_generated.cpp,7766,47,generator_specific,0,0,1,,,test2_golden,0,0.739,cxx_mul_to_div:/mnt/scratch1/ardi/dsl_mut/HM-armc/mutation/lowered-cpp/stencil_chain/stencil_chain.halide_generated.cpp:7766:47
stencil_chain,cxx_default_on_emitted_cpp,5eb72c8d,1,14,cxx_add_to_sub,stencil_chain.halide_generated.cpp,13078,44,generator_specific,0,0,1,,,test2_golden,0,0.908,cxx_add_to_sub:/mnt/scratch1/ardi/dsl_mut/HM-armc/mutation/lowered-cpp/stencil_chain/stencil_chain.halide_generated.cpp:13078:44
stencil_chain,cxx_default_on_emitted_cpp,5eb72c8d,1,14,cxx_add_to_sub,stencil_chain.halide_generated.cpp,15929,41,generator_specific,0,0,1,,,test2_golden,0,0.730,cxx_add_to_sub:/mnt/scratch1/ardi/dsl_mut/HM-armc/mutation/lowered-cpp/stencil_chain/stencil_chain.halide_generated.cpp:15929:41
stencil_chain,cxx_default_on_emitted_cpp,5eb72c8d,1,14,cxx_add_to_sub,stencil_chain.halide_generated.cpp,5365,46,generator_specific,0,0,1,,,test2_golden,0,1.443,cxx_add_to_sub:/mnt/scratch1/ardi/dsl_mut/HM-armc/mutation/lowered-cpp/stencil_chain/stencil_chain.halide_generated.cpp:5365:46
stencil_chain,cxx_default_on_emitted_cpp,5eb72c8d,1,14,cxx_add_to_sub,stencil_chain.halide_generated.cpp,5238,49,generator_specific,0,0,1,,,test2_golden,0,1.780,cxx_add_to_sub:/mnt/scratch1/ardi/dsl_mut/HM-armc/mutation/lowered-cpp/stencil_chain/stencil_chain.halide_generated.cpp:5238:49
stencil_chain,cxx_default_on_emitted_cpp,5eb72c8d,1,14,cxx_add_to_sub,stencil_chain.halide_generated.cpp,4893,47,generator_specific,0,0,1,,,test2_golden,0,2.000,cxx_add_to_sub:/mnt/scratch1/ardi/dsl_mut/HM-armc/mutation/lowered-cpp/stencil_chain/stencil_chain.halide_generated.cpp:4893:47
stencil_chain,cxx_default_on_emitted_cpp,5eb72c8d,1,14,cxx_add_to_sub,stencil_chain.halide_generated.cpp,4181,41,generator_specific,0,0,1,,,test2_golden,0,0.977,cxx_add_to_sub:/mnt/scratch1/ardi/dsl_mut/HM-armc/mutation/lowered-cpp/stencil_chain/stencil_chain.halide_generated.cpp:4181:41
stencil_chain,cxx_default_on_emitted_cpp,5eb72c8d,1,14,cxx_add_to_sub,stencil_chain.halide_generated.cpp,4736,43,generator_specific,0,0,1,,,test2_golden,0,1.580,cxx_add_to_sub:/mnt/scratch1/ardi/dsl_mut/HM-armc/mutation/lowered-cpp/stencil_chain/stencil_chain.halide_generated.cpp:4736:43
stencil_chain,cxx_default_on_emitted_cpp,5eb72c8d,1,14,cxx_add_to_sub,stencil_chain.halide_generated.cpp,7625,45,generator_specific,0,0,1,,,test2_golden,0,1.017,cxx_add_to_sub:/mnt/scratch1/ardi/dsl_mut/HM-armc/mutation/lowered-cpp/stencil_chain/stencil_chain.halide_generated.cpp:7625:45
stencil_chain,cxx_default_on_emitted_cpp,5eb72c8d,1,14,cxx_add_to_sub,stencil_chain.halide_generated.cpp,16846,46,generator_specific,0,0,1,,,test2_golden,0,1.547,cxx_add_to_sub:/mnt/scratch1/ardi/dsl_mut/HM-armc/mutation/lowered-cpp/stencil_chain/stencil_chain.halide_generated.cpp:16846:46
stencil_chain,cxx_default_on_emitted_cpp,5eb72c8d,1,14,cxx_add_to_sub,stencil_chain.halide_generated.cpp,4504,39,generator_specific,0,0,1,,,test2_golden,0,1.407,cxx_add_to_sub:/mnt/scratch1/ardi/dsl_mut/HM-armc/mutation/lowered-cpp/stencil_chain/stencil_chain.halide_generated.cpp:4504:39
