app,arm,mull_commit,slice_index,slice_count,mutator,file,line,column,region,exit_code,test1_demo,test2_golden,test2_written,test3_perf,killed_by,timed_out,wall_seconds,mutant_key
stencil_chain,cxx_default_on_emitted_cpp,5eb72c8d,8,14,cxx_add_to_sub,stencil_chain.halide_generated.cpp,15982,45,generator_specific,0,0,1,,,test2_golden,0,0.791,cxx_add_to_sub:/mnt/scratch1/ardi/dsl_mut/HM-armc/mutation/lowered-cpp/stencil_chain/stencil_chain.halide_generated.cpp:15982:45
stencil_chain,cxx_default_on_emitted_cpp,5eb72c8d,8,14,cxx_add_to_sub,stencil_chain.halide_generated.cpp,6185,37,generator_specific,0,0,1,,,test2_golden,0,0.803,cxx_add_to_sub:/mnt/scratch1/ardi/dsl_mut/HM-armc/mutation/lowered-cpp/stencil_chain/stencil_chain.halide_generated.cpp:6185:37
stencil_chain,cxx_default_on_emitted_cpp,5eb72c8d,8,14,cxx_add_to_sub,stencil_chain.halide_generated.cpp,4836,43,generator_specific,0,0,1,,,test2_golden,0,0.806,cxx_add_to_sub:/mnt/scratch1/ardi/dsl_mut/HM-armc/mutation/lowered-cpp/stencil_chain/stencil_chain.halide_generated.cpp:4836:43
stencil_chain,cxx_default_on_emitted_cpp,5eb72c8d,8,14,cxx_add_to_sub,stencil_chain.halide_generated.cpp,17551,50,generator_specific,0,0,1,,,test2_golden,0,0.788,cxx_add_to_sub:/mnt/scratch1/ardi/dsl_mut/HM-armc/mutation/lowered-cpp/stencil_chain/stencil_chain.halide_generated.cpp:17551:50
stencil_chain,cxx_default_on_emitted_cpp,5eb72c8d,8,14,cxx_add_to_sub,stencil_chain.halide_generated.cpp,14292,51,generator_specific,0,0,1,,,test2_golden,0,0.811,cxx_add_to_sub:/mnt/scratch1/ardi/dsl_mut/HM-armc/mutation/lowered-cpp/stencil_chain/stencil_chain.halide_generated.cpp:14292:51
stencil_chain,cxx_default_on_emitted_cpp,5eb72c8d,8,14,cxx_add_to_sub,stencil_chain.halide_generated.cpp,13769,46,generator_specific,0,0,1,,,test2_golden,0,0.790,cxx_add_to_sub:/mnt/scratch1/ardi/dsl_mut/HM-armc/mutation/lowered-cpp/stencil_chain/stencil_chain.halide_generated.cpp:13769:46
stencil_chain,cxx_default_on_emitted_cpp,5eb72c8d,8,14,cxx_add_to_sub,stencil_chain.halide_generated.cpp,12513,40,generator_specific,0,0,1,,,test2_golden,0,0.815,cxx_add_to_sub:/mnt/scratch1/ardi/dsl_mut/HM-armc/mutation/lowered-cpp/stencil_chain/stencil_chain.halide_generated.cpp:12513:40
stencil_chain,cxx_default_on_emitted_cpp,5eb72c8d,8,14,cxx_mul_to_div,stencil_chain.halide_generated.cpp,14186,51,generator_specific,0,0,1,,,test2_golden,0,0.819,cxx_mul_to_div:/mnt/scratch1/ardi/dsl_mut/HM-armc/mutation/lowered-cpp/stencil_chain/stencil_chain.halide_generated.cpp:14186:51
stencil_chain,cxx_default_on_emitted_cpp,5eb72c8d,8,14,cxx_mul_to_div,stencil_chain.halide_generated.cpp,11490,41,generator_specific,0,0,1,,,test2_golden,0,0.854,cxx_mul_to_div:/mnt/scratch1/ardi/dsl_mut/HM-armc/mutation/lowered-cpp/stencil_chain/stencil_chain.halide_generated.cpp:11490:41
stencil_chain,cxx_default_on_emitted_cpp,5eb72c8d,8,14,cxx_mul_to_div,stencil_chain.halide_generated.cpp,13806,44,generator_specific,0,0,1,,,test2_golden,0,0.846,cxx_mul_to_div:/mnt/scratch1/ardi/dsl_mut/HM-armc/mutation/lowered-cpp/stencil_chain/stencil_chain.halide_generated.cpp:13806:44
stencil_chain,cxx_default_on_emitted_cpp,5eb72c8d,8,14,cxx_mul_to_div,stencil_chain.halide_generated.cpp,13987,44,generator_specific,0,0,1,,,test2_golden,0,0.855,cxx_mul_to_div:/mnt/scratch1/ardi/dsl_mut/HM-armc/mutation/lowered-cpp/stencil_chain/stencil_chain.halide_generated.cpp:13987:44
stencil_chain,cxx_default_on_emitted_cpp,5eb72c8d,8,14,cxx_add_to_sub,stencil_chain.halide_generated.cpp,4683,41,generator_specific,0,0,1,,,test2_golden,0,0.882,cxx_add_to_sub:/mnt/scratch1/ardi/dsl_mut/HM-armc/mutation/lowered-cpp/stencil_chain/stencil_chain.halide_generated.cpp:4683:41
stencil_chain,cxx_default_on_emitted_cpp,5eb72c8d,8,14,cxx_add_to_sub,stencil_chain.halide_generated.cpp,11124,36,generator_specific,0,0,1,,,test2_golden,0,0.880,cxx_add_to_sub:/mnt/scratch1/ardi/dsl_mut/HM-armc/mutation/lowered-cpp/stencil_chain/stencil_chain.halide_generated.cpp:11124:36
stencil_chain,cxx_default_on_emitted_cpp,5eb72c8d,8,14,cxx_add_to_sub,stencil_chain.halide_generated.cpp,6721,40,generator_specific,0,0,1,,,test2_golden,0,0.892,cxx_add_to_sub:/mnt/scratch1/ardi/dsl_mut/HM-armc/mutation/lowered-cpp/stencil_chain/stencil_chain.halide_generated.cpp:6721:40
stencil_chain,cxx_default_on_emitted_cpp,5eb72c8d,8,14,cxx_add_to_sub,stencil_chain.halide_generated.cpp,17571,45,generator_specific,0,0,1,,,test2_golden,0,0.902,cxx_add_to_sub:/mnt/scratch1/ardi/dsl_mut/HM-armc/mutation/lowered-cpp/stencil_chain/stencil_chain.halide_generated.cpp:17571:45
stencil_chain,cxx_default_on_emitted_cpp,5eb72c8d,8,14,cxx_add_to_sub,stencil_chain.halide_generated.cpp,17672,45,generator_specific,0,0,1,,,test2_golden,0,0.962,cxx_add_to_sub:/mnt/scratch1/ardi/dsl_mut/HM-armc/mutation/lowered-cpp/stencil_chain/stencil_chain.halide_generated.cpp:17672:45
stencil_chain,cxx_default_on_emitted_cpp,5eb72c8d,8,14,cxx_add_to_sub,stencil_chain.halide_generated.cpp,17893,51,generator_specific,0,0,1,,,test2_golden,0,0.953,cxx_add_to_sub:/mnt/scratch1/ardi/dsl_mut/HM-armc/mutation/lowered-cpp/stencil_chain/stencil_chain.halide_generated.cpp:17893:51
stencil_chain,cxx_default_on_emitted_cpp,5eb72c8d,8,14,cxx_sub_to_add,stencil_chain.halide_generated.cpp,10977,24,generator_specific,0,0,0,,,,0,0.980,cxx_sub_to_add:/mnt/scratch1/ardi/dsl_mut/HM-armc/mutation/lowered-cpp/stencil_chain/stencil_chain.halide_generated.cpp:10977:24
stencil_chain,cxx_default_on_emitted_cpp,5eb72c8d,8,14,cxx_replace_scalar_call,stencil_chain.halide_generated.cpp,18486,16,generator_specific,0,0,0,,,,0,0.979,cxx_replace_scalar_call:/mnt/scratch1/ardi/dsl_mut/HM-armc/mutation/lowered-cpp/stencil_chain/stencil_chain.halide_generated.cpp:18486:16
stencil_chain,cxx_default_on_emitted_cpp,5eb72c8d,8,14,cxx_add_to_sub,stencil_chain.halide_generated.cpp,6425,43,generator_specific,0,0,1,,,test2_golden,0,0.986,cxx_add_to_sub:/mnt/scratch1/ardi/dsl_mut/HM-armc/mutation/lowered-cpp/stencil_chain/stencil_chain.halide_generated.cpp:6425:43
stencil_chain,cxx_default_on_emitted_cpp,5eb72c8d,8,14,cxx_le_to_gt,stencil_chain.halide_generated.cpp,9804,35,generator_specific,0,0,1,,,test2_golden,0,0.989,cxx_le_to_gt:/mnt/scratch1/ardi/dsl_mut/HM-armc/mutation/lowered-cpp/stencil_chain/stencil_chain.halide_generated.cpp:9804:35
stencil_chain,cxx_default_on_emitted_cpp,5eb72c8d,8,14,cxx_add_to_sub,stencil_chain.halide_generated.cpp,4080,37,generator_specific,0,0,1,,,test2_golden,0,1.005,cxx_add_to_sub:/mnt/scratch1/ardi/dsl_mut/HM-armc/mutation/lowered-cpp/stencil_chain/stencil_chain.halide_generated.cpp:4080:37
stencil_chain,cxx_default_on_emitted_cpp,5eb72c8d,8,14,cxx_add_to_sub,stencil_chain.halide_generated.cpp,13508,43,generator_specific,0,0,1,,,test2_golden,0,0.999,cxx_add_to_sub:/mnt/scratch1/ardi/dsl_mut/HM-armc/mutation/lowered-cpp/stencil_chain/stencil_chain.halide_generated.cpp:13508:43
stencil_chain,cxx_default_on_emitted_cpp,5eb72c8d,8,14,cxx_add_to_sub,stencil_chain.halide_generated.cpp,14034,44,generator_specific,0,0,1,,,test2_golden,0,1.023,cxx_add_to_sub:/mnt/scratch1/ardi/dsl_mut/HM-armc/mutation/lowered-cpp/stencil_chain/stencil_chain.halide_generated.cpp:14034:44
stencil_chain,cxx_default_on_emitted_cpp,5eb72c8d,8,14,cxx_mul_to_div,stencil_chain.halide_generated.cpp,4576,40,generator_specific,0,0,1,,,test2_golden,0,1.046,cxx_mul_to_div:/mnt/scratch1/ardi/dsl_mut/HM-armc/mutation/lowered-cpp/stencil_chain/stencil_chain.halide_generated.cpp:4576:40
stencil_chain,cxx_default_on_emitted_cpp,5eb72c8d,8,14,cxx_mul_to_div,stencil_chain.halide_generated.cpp,8229,47,generator_specific,0,0,1,,,test2_golden,0,1.208,cxx_mul_to_div:/mnt/scratch1/ardi/dsl_mut/HM-armc/mutation/lowered-cpp/stencil_chain/stencil_chain.halide_generated.cpp:8229:47
stencil_chain,cxx_default_on_emitted_cpp,5eb72c8d,8,14,cxx_add_to_sub,stencil_chain.halide_generated.cpp,9602,43,generator_specific,0,0,1,,,test2_golden,0,1.230,cxx_add_to_sub:/mnt/scratch1/ardi/dsl_mut/HM-armc/mutation/lowered-cpp/stencil_chain/stencil_chain.halide_generated.cpp:9602:43
stencil_chain,cxx_default_on_emitted_cpp,5eb72c8d,8,14,cxx_add_to_sub,stencil_chain.halide_generated.cpp,18045,46,generator_specific,0,0,1,,,test2_golden,0,1.270,cxx_add_to_sub:/mnt/scratch1/ardi/dsl_mut/HM-armc/mutation/lowered-cpp/stencil_chain/stencil_chain.halide_generated.cpp:18045:46
stencil_chain,cxx_default_on_emitted_cpp,5eb72c8d,8,14,cxx_mul_to_div,stencil_chain.halide_generated.cpp,11450,41,generator_specific,0,0,1,,,test2_golden,0,0.752,cxx_mul_to_div:/mnt/scratch1/ardi/dsl_mut/HM-armc/mutation/lowered-cpp/stencil_chain/stencil_chain.halide_generated.cpp:11450:41
stencil_chain,cxx_default_on_emitted_cpp,5eb72c8d,8,14,cxx_add_to_sub,stencil_chain.halide_generated.cpp,11614,36,generator_specific,0,0,1,,,test2_golden,0,0.751,cxx_add_to_sub:/mnt/scratch1/ardi/dsl_mut/HM-armc/mutation/lowered-cpp/stencil_chain/stencil_chain.halide_generated.cpp:11614:36
stencil_chain,cxx_default_on_emitted_cpp,5eb72c8d,8,14,cxx_add_to_sub,stencil_chain.halide_generated.cpp,15761,40,generator_specific,0,0,1,,,test2_golden,0,0.770,cxx_add_to_sub:/mnt/scratch1/ardi/dsl_mut/HM-armc/mutation/lowered-cpp/stencil_chain/stencil_chain.halide_generated.cpp:15761:40
stencil_chain,cxx_default_on_emitted_cpp,5eb72c8d,8,14,cxx_lt_to_le,stencil_chain.halide_generated.cpp,8684,77,generator_specific,0,0,1,,,test2_golden,0,0.806,cxx_lt_to_le:/mnt/scratch1/ardi/dsl_mut/HM-armc/mutation/lowered-cpp/stencil_chain/stencil_chain.halide_generated.cpp:8684:77
stencil_chain,cxx_default_on_emitted_cpp,5eb72c8d,8,14,cxx_add_to_sub,stencil_chain.halide_generated.cpp,12621,39,generator_specific,0,0,1,,,test2_golden,0,0.874,cxx_add_to_sub:/mnt/scratch1/ardi/dsl_mut/HM-armc/mutation/lowered-cpp/stencil_chain/stencil_chain.halide_generated.cpp:12621:39
stencil_chain,cxx_default_on_emitted_cpp,5eb72c8d,8,14,cxx_add_to_sub,stencil_chain.halide_generated.cpp,4184,41,generator_specific,0,0,1,,,test2_golden,0,0.753,cxx_add_to_sub:/mnt/scratch1/ardi/dsl_mut/HM-armc/mutation/lowered-cpp/stencil_chain/stencil_chain.halide_generated.cpp:4184:41
stencil_chain,cxx_default_on_emitted_cpp,5eb72c8d,8,14,cxx_add_to_sub,stencil_chain.halide_generated.cpp,8147,48,generator_specific,0,0,1,,,test2_golden,0,0.935,cxx_add_to_sub:/mnt/scratch1/ardi/dsl_mut/HM-armc/mutation/lowered-cpp/stencil_chain/stencil_chain.halide_generated.cpp:8147:48
stencil_chain,cxx_default_on_emitted_cpp,5eb72c8d,8,14,cxx_add_to_sub,stencil_chain.halide_generated.cpp,14648,52,generator_specific,0,0,1,,,test2_golden,0,0.764,cxx_add_to_sub:/mnt/scratch1/ardi/dsl_mut/HM-armc/mutation/lowered-cpp/stencil_chain/stencil_chain.halide_generated.cpp:14648:52
stencil_chain,cxx_default_on_emitted_cpp,5eb72c8d,8,14,cxx_add_to_sub,stencil_chain.halide_generated.cpp,12905,45,generator_specific,0,0,1,,,test2_golden,0,0.854,cxx_add_to_sub:/mnt/scratch1/ardi/dsl_mut/HM-armc/mutation/lowered-cpp/stencil_chain/stencil_chain.halide_generated.cpp:12905:45
stencil_chain,cxx_default_on_emitted_cpp,5eb72c8d,8,14,cxx_gt_to_ge,stencil_chain.halide_generated.cpp,18892,17,generator_specific,0,0,0,,,,0,0.770,cxx_gt_to_ge:/mnt/scratch1/ardi/dsl_mut/HM-armc/mutation/lowered-cpp/stencil_chain/stencil_chain.halide_generated.cpp:18892:17
stencil_chain,cxx_default_on_emitted_cpp,5eb72c8d,8,14,cxx_add_to_sub,stencil_chain.halide_generated.cpp,12397,42,generator_specific,0,0,1,,,test2_golden,0,0.962,cxx_add_to_sub:/mnt/scratch1/ardi/dsl_mut/HM-armc/mutation/lowered-cpp/stencil_chain/stencil_chain.halide_generated.cpp:12397:42
stencil_chain,cxx_default_on_emitted_cpp,5eb72c8d,8,14,cxx_add_to_sub,stencil_chain.halide_generated.cpp,3991,40,generator_specific,0,0,1,,,test2_golden,0,0.814,cxx_add_to_sub:/mnt/scratch1/ardi/dsl_mut/HM-armc/mutation/lowered-cpp/stencil_chain/stencil_chain.halide_generated.cpp:3991:40
stencil_chain,cxx_default_on_emitted_cpp,5eb72c8d,8,14,cxx_add_to_sub,stencil_chain.halide_generated.cpp,4075,37,generator_specific,0,0,1,,,test2_golden,0,0.929,cxx_add_to_sub:/mnt/scratch1/ardi/dsl_mut/HM-armc/mutation/lowered-cpp/stencil_chain/stencil_chain.halide_generated.cpp:4075:37
stencil_chain,cxx_default_on_emitted_cpp,5eb72c8d,8,14,cxx_add_to_sub,stencil_chain.halide_generated.cpp,14300,51,generator_specific,0,0,1,,,test2_golden,0,0.962,cxx_add_to_sub:/mnt/scratch1/ardi/dsl_mut/HM-armc/mutation/lowered-cpp/stencil_chain/stencil_chain.halide_generated.cpp:14300:51
stencil_chain,cxx_default_on_emitted_cpp,5eb72c8d,8,14,cxx_mul_to_div,stencil_chain.halide_generated.cpp,6512,42,generator_specific,0,0,1,,,test2_golden,0,1.063,cxx_mul_to_div:/mnt/scratch1/ardi/dsl_mut/HM-armc/mutation/lowered-cpp/stencil_chain/stencil_chain.halide_generated.cpp:6512:42
stencil_chain,cxx_default_on_emitted_cpp,5eb72c8d,8,14,cxx_mul_to_div,stencil_chain.halide_generated.cpp,4017,48,generator_specific,0,0,1,,,test2_golden,0,1.860,cxx_mul_to_div:/mnt/scratch1/ardi/dsl_mut/HM-armc/mutation/lowered-cpp/stencil_chain/stencil_chain.halide_generated.cpp:4017:48
stencil_chain,cxx_default_on_emitted_cpp,5eb72c8d,8,14,cxx_add_to_sub,stencil_chain.halide_generated.cpp,12727,43,generator_specific,0,0,1,,,test2_golden,0,0.834,cxx_add_to_sub:/mnt/scratch1/ardi/dsl_mut/HM-armc/mutation/lowered-cpp/stencil_chain/stencil_chain.halide_generated.cpp:12727:43
stencil_chain,cxx_default_on_emitted_cpp,5eb72c8d,8,14,cxx_add_to_sub,stencil_chain.halide_generated.cpp,3860,36,generator_specific,0,0,1,,,test2_golden,0,0.997,cxx_add_to_sub:/mnt/scratch1/ardi/dsl_mut/HM-armc/mutation/lowered-cpp/stencil_chain/stencil_chain.halide_generated.cpp:3860:36
stencil_chain,cxx_default_on_emitted_cpp,5eb72c8d,8,14,cxx_add_to_sub,stencil_chain.halide_generated.cpp,8902,45,generator_specific,0,0,1,,,test2_golden,0,0.972,cxx_add_to_sub:/mnt/scratch1/ardi/dsl_mut/HM-armc/mutation/lowered-cpp/stencil_chain/stencil_chain.halide_generated.cpp:8902:45
stencil_chain,cxx_default_on_emitted_cpp,5eb72c8d,8,14,cxx_add_to_sub,stencil_chain.halide_generated.cpp,11089,36,generator_specific,0,0,1,,,test2_golden,0,0.924,cxx_add_to_sub:/mnt/scratch1/ardi/dsl_mut/HM-armc/mutation/lowered-cpp/stencil_chain/stencil_chain.halide_generated.cpp:11089:36
stencil_chain,cxx_default_on_emitted_cpp,5eb72c8d,8,14,cxx_mul_to_div,stencil_chain.halide_generated.cpp,13934,48,generator_specific,0,0,1,,,test2_golden,0,0.923,cxx_mul_to_div:/mnt/scratch1/ardi/dsl_mut/HM-armc/mutation/lowered-cpp/stencil_chain/stencil_chain.halide_generated.cpp:13934:48
stencil_chain,cxx_default_on_emitted_cpp,5eb72c8d,8,14,cxx_add_to_sub,stencil_chain.halide_generated.cpp,11334,39,generator_specific,0,0,1,,,test2_golden,0,0.772,cxx_add_to_sub:/mnt/scratch1/ardi/dsl_mut/HM-armc/mutation/lowered-cpp/stencil_chain/stencil_chain.halide_generated.cpp:11334:39
stencil_chain,cxx_default_on_emitted_cpp,5eb72c8d,8,14,cxx_replace_scalar_call,stencil_chain.halide_generated.cpp,18598,21,generator_specific,0,0,0,,,,0,0.898,cxx_replace_scalar_call:/mnt/scratch1/ardi/dsl_mut/HM-armc/mutation/lowered-cpp/stencil_chain/stencil_chain.halide_generated.cpp:18598:21
stencil_chain,cxx_default_on_emitted_cpp,5eb72c8d,8,14,cxx_add_to_sub,stencil_chain.halide_generated.cpp,3613,30,generator_specific,0,0,0,,,,0,1.270,cxx_add_to_sub:/mnt/scratch1/ardi/dsl_mut/HM-armc/mutation/lowered-cpp/stencil_chain/stencil_chain.halide_generated.cpp:3613:30
stencil_chain,cxx_default_on_emitted_cpp,5eb72c8d,8,14,cxx_add_to_sub,stencil_chain.halide_generated.cpp,18571,28,generator_specific,0,0,0,,,,0,0.767,cxx_add_to_sub:/mnt/scratch1/ardi/dsl_mut/HM-armc/mutation/lowered-cpp/stencil_chain/stencil_chain.halide_generated.cpp:18571:28
stencil_chain,cxx_default_on_emitted_cpp,5eb72c8d,8,14,cxx_lt_to_ge,stencil_chain.halide_generated.cpp,14982,61,generator_specific,0,0,1,,,test2_golden,0,0.577,cxx_lt_to_ge:/mnt/scratch1/ardi/dsl_mut/HM-armc/mutation/lowered-cpp/stencil_chain/stencil_chain.halide_generated.cpp:14982:61
stencil_chain,cxx_default_on_emitted_cpp,5eb72c8d,8,14,cxx_add_to_sub,stencil_chain.halide_generated.cpp,12734,43,generator_specific,0,0,1,,,test2_golden,0,1.468,cxx_add_to_sub:/mnt/scratch1/ardi/dsl_mut/HM-armc/mutation/lowered-cpp/stencil_chain/stencil_chain.halide_generated.cpp:12734:43
stencil_chain,cxx_default_on_emitted_cpp,5eb72c8d,8,14,cxx_add_to_sub,stencil_chain.halide_generated.cpp,18218,48,generator_specific,0,0,1,,,test2_golden,0,0.774,cxx_add_to_sub:/mnt/scratch1/ardi/dsl_mut/HM-armc/mutation/lowered-cpp/stencil_chain/stencil_chain.halide_generated.cpp:18218:48
stencil_chain,cxx_default_on_emitted_cpp,5eb72c8d,8,14,cxx_mul_to_div,stencil_chain.halide_generated.cpp,10600,49,generator_specific,0,0,1,,,test2_golden,0,0.749,cxx_mul_to_div:/mnt/scratch1/ardi/dsl_mut/HM-armc/mutation/lowered-cpp/stencil_chain/stencil_chain.halide_generated.cpp:10600:49
stencil_chain,cxx_default_on_emitted_cpp,5eb72c8d,8,14,cxx_add_to_sub,stencil_chain.halide_generated.cpp,4526,43,generator_specific,0,0,1,,,test2_golden,0,0.950,cxx_add_to_sub:/mnt/scratch1/ardi/dsl_mut/HM-armc/mutation/lowered-cpp/stencil_chain/stencil_chain.halide_generated.cpp:4526:43
stencil_chain,cxx_default_on_emitted_cpp,5eb72c8d,8,14,cxx_add_to_sub,stencil_chain.halide_generated.cpp,8158,48,generator_specific,0,0,1,,,test2_golden,0,0.818,cxx_add_to_sub:/mnt/scratch1/ardi/dsl_mut/HM-armc/mutation/lowered-cpp/stencil_chain/stencil_chain.halide_generated.cpp:8158:48
stencil_chain,cxx_default_on_emitted_cpp,5eb72c8d,8,14,cxx_add_to_sub,stencil_chain.halide_generated.cpp,3681,35,generator_specific,0,0,1,,,test2_golden,0,0.752,cxx_add_to_sub:/mnt/scratch1/ardi/dsl_mut/HM-armc/mutation/lowered-cpp/stencil_chain/stencil_chain.halide_generated.cpp:3681:35
stencil_chain,cxx_default_on_emitted_cpp,5eb72c8d,8,14,cxx_mul_to_div,stencil_chain.halide_generated.cpp,11474,41,generator_specific,0,0,1,,,test2_golden,0,0.769,cxx_mul_to_div:/mnt/scratch1/ardi/dsl_mut/HM-armc/mutation/lowered-cpp/stencil_chain/stencil_chain.halide_generated.cpp:11474:41
stencil_chain,cxx_default_on_emitted_cpp,5eb72c8d,8,14,cxx_add_to_sub,stencil_chain.halide_generated.cpp,17389,44,generator_specific,0,0,1,,,test2_golden,0,0.846,cxx_add_to_sub:/mnt/scratch1/ardi/dsl_mut/HM-armc/mutation/lowered-cpp/stencil_chain/stencil_chain.halide_generated.cpp:17389:44
stencil_chain,cxx_default_on_emitted_cpp,5eb72c8d,8,14,cxx_mul_to_div,stencil_chain.halide_generated.cpp,4268,42,generator_specific,0,0,1,,,test2_golden,0,0.752,cxx_mul_to_div:/mnt/scratch1/ardi/dsl_mut/HM-armc/mutation/lowered-cpp/stencil_chain/stencil_chain.halide_generated.cpp:4268:42
stencil_chain,cxx_default_on_emitted_cpp,5eb72c8d,8,14,cxx_mul_to_div,stencil_chain.halide_generated.cpp,10395,48,generator_specific,0,0,1,,,test2_golden,0,0.774,cxx_mul_to_div:/mnt/scratch1/ardi/dsl_mut/HM-armc/mutation/lowered-cpp/stencil_chain/stencil_chain.halide_generated.cpp:10395:48
stencil_chain,cxx_default_on_emitted_cpp,5eb72c8d,8,14,cxx_add_to_sub,stencil_chain.halide_generated.cpp,11546,36,generator_specific,0,0,0,,,,0,0.774,cxx_add_to_sub:/mnt/scratch1/ardi/dsl_mut/HM-armc/mutation/lowered-cpp/stencil_chain/stencil_chain.halide_generated.cpp:11546:36
stencil_chain,cxx_default_on_emitted_cpp,5eb72c8d,8,14,cxx_mul_to_div,stencil_chain.halide_generated.cpp,5657,41,generator_specific,0,0,1,,,test2_golden,0,1.877,cxx_mul_to_div:/mnt/scratch1/ardi/dsl_mut/HM-armc/mutation/lowered-cpp/stencil_chain/stencil_chain.halide_generated.cpp:5657:41
stencil_chain,cxx_default_on_emitted_cpp,5eb72c8d,8,14,cxx_add_to_sub,stencil_chain.halide_generated.cpp,15439,39,generator_specific,0,0,1,,,test2_golden,0,0.976,cxx_add_to_sub:/mnt/scratch1/ardi/dsl_mut/HM-armc/mutation/lowered-cpp/stencil_chain/stencil_chain.halide_generated.cpp:15439:39
stencil_chain,cxx_default_on_emitted_cpp,5eb72c8d,8,14,cxx_add_to_sub,stencil_chain.halide_generated.cpp,6250,41,generator_specific,0,0,1,,,test2_golden,0,0.962,cxx_add_to_sub:/mnt/scratch1/ardi/dsl_mut/HM-armc/mutation/lowered-cpp/stencil_chain/stencil_chain.halide_generated.cpp:6250:41
stencil_chain,cxx_default_on_emitted_cpp,5eb72c8d,8,14,cxx_add_to_sub,stencil_chain.halide_generated.cpp,11255,35,generator_specific,0,0,1,,,test2_golden,0,1.544,cxx_add_to_sub:/mnt/scratch1/ardi/dsl_mut/HM-armc/mutation/lowered-cpp/stencil_chain/stencil_chain.halide_generated.cpp:11255:35
stencil_chain,cxx_default_on_emitted_cpp,5eb72c8d,8,14,cxx_lt_to_ge,stencil_chain.halide_generated.cpp,5567,60,generator_specific,0,0,1,,,test2_golden,0,0.600,cxx_lt_to_ge:/mnt/scratch1/ardi/dsl_mut/HM-armc/mutation/lowered-cpp/stencil_chain/stencil_chain.halide_generated.cpp:5567:60
stencil_chain,cxx_default_on_emitted_cpp,5eb72c8d,8,14,cxx_add_to_sub,stencil_chain.halide_generated.cpp,9160,37,generator_specific,0,0,1,,,test2_golden,0,1.121,cxx_add_to_sub:/mnt/scratch1/ardi/dsl_mut/HM-armc/mutation/lowered-cpp/stencil_chain/stencil_chain.halide_generated.cpp:9160:37
stencil_chain,cxx_default_on_emitted_cpp,5eb72c8d,8,14,cxx_mul_to_div,stencil_chain.halide_generated.cpp,16660,47,generator_specific,0,0,1,,,test2_golden,0,0.939,cxx_mul_to_div:/mnt/scratch1/ardi/dsl_mut/HM-armc/mutation/lowered-cpp/stencil_chain/stencil_chain.halide_generated.cpp:16660:47
stencil_chain,cxx_default_on_emitted_cpp,5eb72c8d,8,14,cxx_add_to_sub,stencil_chain.halide_generated.cpp,7270,44,generator_specific,0,0,1,,,test2_golden,0,0.941,cxx_add_to_sub:/mnt/scratch1/ardi/dsl_mut/HM-armc/mutation/lowered-cpp/stencil_chain/stencil_chain.halide_generated.cpp:7270:44
stencil_chain,cxx_default_on_emitted_cpp,5eb72c8d,8,14,cxx_add_to_sub,stencil_chain.halide_generated.cpp,8558,44,generator_specific,0,0,1,,,test2_golden,0,1.127,cxx_add_to_sub:/mnt/scratch1/ardi/dsl_mut/HM-armc/mutation/lowered-cpp/stencil_chain/stencil_chain.halide_generated.cpp:8558:44
stencil_chain,cxx_default_on_emitted_cpp,5eb72c8d,8,14,cxx_remove_void_call,stencil_chain.halide_generated.cpp,12400,16,generator_specific,0,0,1,,,test2_golden,0,0.996,cxx_remove_void_call:/mnt/scratch1/ardi/dsl_mut/HM-armc/mutation/lowered-cpp/stencil_chain/stencil_chain.halide_generated.cpp:12400:16
stencil_chain,cxx_default_on_emitted_cpp,5eb72c8d,8,14,cxx_add_to_sub,stencil_chain.halide_generated.cpp,14825,51,generator_specific,0,0,1,,,test2_golden,0,1.184,cxx_add_to_sub:/mnt/scratch1/ardi/dsl_mut/HM-armc/mutation/lowered-cpp/stencil_chain/stencil_chain.halide_generated.cpp:14825:51
stencil_chain,cxx_default_on_emitted_cpp,5eb72c8d,8,14,cxx_mul_to_div,stencil_chain.halide_generated.cpp,6597,38,generator_specific,0,0,1,,,test2_golden,0,0.971,cxx_mul_to_div:/mnt/scratch1/ardi/dsl_mut/HM-armc/mutation/lowered-cpp/stencil_chain/stencil_chain.halide_generated.cpp:6597:38
stencil_chain,cxx_default_on_emitted_cpp,5eb72c8d,8,14,cxx_add_to_sub,stencil_chain.halide_generated.cpp,7107,45,generator_specific,0,0,1,,,test2_golden,0,0.788,cxx_add_to_sub:/mnt/scratch1/ardi/dsl_mut/HM-armc/mutation/lowered-cpp/stencil_chain/stencil_chain.halide_generated.cpp:7107:45
stencil_chain,cxx_default_on_emitted_cpp,5eb72c8d,8,14,cxx_add_to_sub,stencil_chain.halide_generated.cpp,10862,50,generator_specific,0,0,1,,,test2_golden,0,0.764,cxx_add_to_sub:/mnt/scratch1/ardi/dsl_mut/HM-armc/mutation/lowered-cpp/stencil_chain/stencil_chain.halide_generated.cpp:10862:50
stencil_chain,cxx_default_on_emitted_cpp,5eb72c8d,8,14,cxx_lt_to_le,stencil_chain.halide_generated.cpp,17744,70,generator_specific,0,0,0,,,,0,0.740,cxx_lt_to_le:/mnt/scratch1/ardi/dsl_mut/HM-armc/mutation/lowered-cpp/stencil_chain/stencil_chain.halide_generated.cpp:17744:70
stencil_chain,cxx_default_on_emitted_cpp,5eb72c8d,8,14,cxx_lt_to_le,stencil_chain.halide_generated.cpp,18413,23,generator_specific,0,0,0,,,,0,0.738,cxx_lt_to_le:/mnt/scratch1/ardi/dsl_mut/HM-armc/mutation/lowered-cpp/stencil_chain/stencil_chain.halide_generated.cpp:18413:23
stencil_chain,cxx_default_on_emitted_cpp,5eb72c8d,8,14,cxx_add_to_sub,stencil_chain.halide_generated.cpp,3970,36,generator_specific,0,0,1,,,test2_golden,0,2.431,cxx_add_to_sub:/mnt/scratch1/ardi/dsl_mut/HM-armc/mutation/lowered-cpp/stencil_chain/stencil_chain.halide_generated.cpp:3970:36
stencil_chain,cxx_default_on_emitted_cpp,5eb72c8d,8,14,cxx_add_to_sub,stencil_chain.halide_generated.cpp,5730,41,generator_specific,0,0,1,,,test2_golden,0,0.742,cxx_add_to_sub:/mnt/scratch1/ardi/dsl_mut/HM-armc/mutation/lowered-cpp/stencil_chain/stencil_chain.halide_generated.cpp:5730:41
stencil_chain,cxx_default_on_emitted_cpp,5eb72c8d,8,14,cxx_remove_void_call,stencil_chain.halide_generated.cpp,4904,21,generator_specific,0,0,1,,,test2_golden,0,0.774,cxx_remove_void_call:/mnt/scratch1/ardi/dsl_mut/HM-armc/mutation/lowered-cpp/stencil_chain/stencil_chain.halide_generated.cpp:4904:21
stencil_chain,cxx_default_on_emitted_cpp,5eb72c8d,8,14,cxx_add_to_sub,stencil_chain.halide_generated.cpp,7705,43,generator_specific,0,0,1,,,test2_golden,0,2.372,cxx_add_to_sub:/mnt/scratch1/ardi/dsl_mut/HM-armc/mutation/lowered-cpp/stencil_chain/stencil_chain.halide_generated.cpp:7705:43
stencil_chain,cxx_default_on_emitted_cpp,5eb72c8d,8,14,cxx_add_to_sub,stencil_chain.halide_generated.cpp,18738,27,generator_specific,0,0,0,,,,0,0.998,cxx_add_to_sub:/mnt/scratch1/ardi/dsl_mut/HM-armc/mutation/lowered-cpp/stencil_chain/stencil_chain.halide_generated.cpp:18738:27
stencil_chain,cxx_default_on_emitted_cpp,5eb72c8d,8,14,cxx_add_to_sub,stencil_chain.halide_generated.cpp,7792,47,generator_specific,0,0,1,,,test2_golden,0,0.756,cxx_add_to_sub:/mnt/scratch1/ardi/dsl_mut/HM-armc/mutation/lowered-cpp/stencil_chain/stencil_chain.halide_generated.cpp:7792:47
stencil_chain,cxx_default_on_emitted_cpp,5eb72c8d,8,14,cxx_mul_to_div,stencil_chain.halide_generated.cpp,4981,48,generator_specific,0,0,1,,,test2_golden,0,0.755,cxx_mul_to_div:/mnt/scratch1/ardi/dsl_mut/HM-armc/mutation/lowered-cpp/stencil_chain/stencil_chain.halide_generated.cpp:4981:48
stencil_chain,cxx_default_on_emitted_cpp,5eb72c8d,8,14,cxx_add_to_sub,stencil_chain.halide_generated.cpp,10773,46,generator_specific,0,0,1,,,test2_golden,0,0.760,cxx_add_to_sub:/mnt/scratch1/ardi/dsl_mut/HM-armc/mutation/lowered-cpp/stencil_chain/stencil_chain.halide_generated.cpp:10773:46
stencil_chain,cxx_default_on_emitted_cpp,5eb72c8d,8,14,cxx_mul_to_div,stencil_chain.halide_generated.cpp,11026,35,generator_specific,0,0,1,,,test2_golden,0,0.568,cxx_mul_to_div:/mnt/scratch1/ardi/dsl_mut/HM-armc/mutation/lowered-cpp/stencil_chain/stencil_chain.halide_generated.cpp:11026:35
stencil_chain,cxx_default_on_emitted_cpp,5eb72c8d,8,14,cxx_add_to_sub,stencil_chain.halide_generated.cpp,7900,42,generator_specific,0,0,1,,,test2_golden,0,0.757,cxx_add_to_sub:/mnt/scratch1/ardi/dsl_mut/HM-armc/mutation/lowered-cpp/stencil_chain/stencil_chain.halide_generated.cpp:7900:42
stencil_chain,cxx_default_on_emitted_cpp,5eb72c8d,8,14,cxx_add_to_sub,stencil_chain.halide_generated.cpp,18066,50,generator_specific,0,0,1,,,test2_golden,0,0.738,cxx_add_to_sub:/mnt/scratch1/ardi/dsl_mut/HM-armc/mutation/lowered-cpp/stencil_chain/stencil_chain.halide_generated.cpp:18066:50
stencil_chain,cxx_default_on_emitted_cpp,5eb72c8d,8,14,cxx_add_to_sub,stencil_chain.halide_generated.cpp,7290,40,generator_specific,0,0,1,,,test2_golden,0,0.740,cxx_add_to_sub:/mnt/scratch1/ardi/dsl_mut/HM-armc/mutation/lowered-cpp/stencil_chain/stencil_chain.halide_generated.cpp:7290:40
stencil_chain,cxx_default_on_emitted_cpp,5eb72c8d,8,14,cxx_lt_to_ge,stencil_chain.halide_generated.cpp,18856,25,generator_specific,0,0,0,,,,0,0.745,cxx_lt_to_ge:/mnt/scratch1/ardi/dsl_mut/HM-armc/mutation/lowered-cpp/stencil_chain/stencil_chain.halide_generated.cpp:18856:25
stencil_chain,cxx_default_on_emitted_cpp,5eb72c8d,8,14,cxx_add_to_sub,stencil_chain.halide_generated.cpp,9449,97,generator_specific,0,0,0,,,,0,0.769,cxx_add_to_sub:/mnt/scratch1/ardi/dsl_mut/HM-armc/mutation/lowered-cpp/stencil_chain/stencil_chain.halide_generated.cpp:9449:97
stencil_chain,cxx_default_on_emitted_cpp,5eb72c8d,8,14,cxx_mul_to_div,stencil_chain.halide_generated.cpp,15975,45,generator_specific,0,0,1,,,test2_golden,0,1.308,cxx_mul_to_div:/mnt/scratch1/ardi/dsl_mut/HM-armc/mutation/lowered-cpp/stencil_chain/stencil_chain.halide_generated.cpp:15975:45
stencil_chain,cxx_default_on_emitted_cpp,5eb72c8d,8,14,cxx_add_to_sub,stencil_chain.halide_generated.cpp,9999,42,generator_specific,0,0,1,,,test2_golden,0,1.338,cxx_add_to_sub:/mnt/scratch1/ardi/dsl_mut/HM-armc/mutation/lowered-cpp/stencil_chain/stencil_chain.halide_generated.cpp:9999:42
stencil_chain,cxx_default_on_emitted_cpp,5eb72c8d,8,14,cxx_mul_to_div,stencil_chain.halide_generated.cpp,15661,50,generator_specific,0,0,1,,,test2_golden,0,0.594,cxx_mul_to_div:/mnt/scratch1/ardi/dsl_mut/HM-armc/mutation/lowered-cpp/stencil_chain/stencil_chain.halide_generated.cpp:15661:50
stencil_chain,cxx_default_on_emitted_cpp,5eb72c8d,8,14,cxx_mul_to_div,stencil_chain.halide_generated.cpp,15620,42,generator_specific,0,0,1,,,test2_golden,0,2.414,cxx_mul_to_div:/mnt/scratch1/ardi/dsl_mut/HM-armc/mutation/lowered-cpp/stencil_chain/stencil_chain.halide_generated.cpp:15620:42
stencil_chain,cxx_default_on_emitted_cpp,5eb72c8d,8,14,cxx_add_to_sub,stencil_chain.halide_generated.cpp,12065,39,generator_specific,0,0,1,,,test2_golden,0,0.754,cxx_add_to_sub:/mnt/scratch1/ardi/dsl_mut/HM-armc/mutation/lowered-cpp/stencil_chain/stencil_chain.halide_generated.cpp:12065:39
stencil_chain,cxx_default_on_emitted_cpp,5eb72c8d,8,14,cxx_add_to_sub,stencil_chain.halide_generated.cpp,9974,45,generator_specific,0,0,1,,,test2_golden,0,2.199,cxx_add_to_sub:/mnt/scratch1/ardi/dsl_mut/HM-armc/mutation/lowered-cpp/stencil_chain/stencil_chain.halide_generated.cpp:9974:45
stencil_chain,cxx_default_on_emitted_cpp,5eb72c8d,8,14,cxx_add_to_sub,stencil_chain.halide_generated.cpp,8889,45,generator_specific,0,0,1,,,test2_golden,0,1.608,cxx_add_to_sub:/mnt/scratch1/ardi/dsl_mut/HM-armc/mutation/lowered-cpp/stencil_chain/stencil_chain.halide_generated.cpp:8889:45
stencil_chain,cxx_default_on_emitted_cpp,5eb72c8d,8,14,cxx_mul_to_div,stencil_chain.halide_generated.cpp,11062,40,generator_specific,0,0,1,,,test2_golden,0,0.744,cxx_mul_to_div:/mnt/scratch1/ardi/dsl_mut/HM-armc/mutation/lowered-cpp/stencil_chain/stencil_chain.halide_generated.cpp:11062:40
stencil_chain,cxx_default_on_emitted_cpp,5eb72c8d,8,14,cxx_add_to_sub,stencil_chain.halide_generated.cpp,14042,45,generator_specific,0,0,1,,,test2_golden,0,1.002,cxx_add_to_sub:/mnt/scratch1/ardi/dsl_mut/HM-armc/mutation/lowered-cpp/stencil_chain/stencil_chain.halide_generated.cpp:14042:45
stencil_chain,cxx_default_on_emitted_cpp,5eb72c8d,8,14,cxx_lt_to_ge,stencil_chain.halide_generated.cpp,5535,87,generator_specific,0,0,1,,,test2_golden,0,0.919,cxx_lt_to_ge:/mnt/scratch1/ardi/dsl_mut/HM-armc/mutation/lowered-cpp/stencil_chain/stencil_chain.halide_generated.cpp:5535:87
stencil_chain,cxx_default_on_emitted_cpp,5eb72c8d,8,14,cxx_remove_void_call,stencil_chain.halide_generated.cpp,8331,21,generator_specific,0,0,1,,,test2_golden,0,0.825,cxx_remove_void_call:/mnt/scratch1/ardi/dsl_mut/HM-armc/mutation/lowered-cpp/stencil_chain/stencil_chain.halide_generated.cpp:8331:21
stencil_chain,cxx_default_on_emitted_cpp,5eb72c8d,8,14,cxx_add_to_sub,stencil_chain.halide_generated.cpp,12614,39,generator_specific,0,0,1,,,test2_golden,0,0.805,cxx_add_to_sub:/mnt/scratch1/ardi/dsl_mut/HM-armc/mutation/lowered-cpp/stencil_chain/stencil_chain.halide_generated.cpp:12614:39
stencil_chain,cxx_default_on_emitted_cpp,5eb72c8d,8,14,cxx_add_to_sub,stencil_chain.halide_generated.cpp,18395,26,generator_specific,0,0,0,,,,0,1.619,cxx_add_to_sub:/mnt/scratch1/ardi/dsl_mut/HM-armc/mutation/lowered-cpp/stencil_chain/stencil_chain.halide_generated.cpp:18395:26
stencil_chain,cxx_default_on_emitted_cpp,5eb72c8d,8,14,cxx_add_to_sub,stencil_chain.halide_generated.cpp,15822,44,generator_specific,0,0,1,,,test2_golden,0,0.766,cxx_add_to_sub:/mnt/scratch1/ardi/dsl_mut/HM-armc/mutation/lowered-cpp/stencil_chain/stencil_chain.halide_generated.cpp:15822:44
stencil_chain,cxx_default_on_emitted_cpp,5eb72c8d,8,14,cxx_mul_to_div,stencil_chain.halide_generated.cpp,18382,26,generator_specific,0,0,0,,,,0,0.775,cxx_mul_to_div:/mnt/scratch1/ardi/dsl_mut/HM-armc/mutation/lowered-cpp/stencil_chain/stencil_chain.halide_generated.cpp:18382:26
stencil_chain,cxx_default_on_emitted_cpp,5eb72c8d,8,14,cxx_add_to_sub,stencil_chain.halide_generated.cpp,15136,42,generator_specific,0,0,1,,,test2_golden,0,0.784,cxx_add_to_sub:/mnt/scratch1/ardi/dsl_mut/HM-armc/mutation/lowered-cpp/stencil_chain/stencil_chain.halide_generated.cpp:15136:42
stencil_chain,cxx_default_on_emitted_cpp,5eb72c8d,8,14,cxx_sub_to_add,stencil_chain.halide_generated.cpp,18375,26,generator_specific,0,0,0,,,,0,0.818,cxx_sub_to_add:/mnt/scratch1/ardi/dsl_mut/HM-armc/mutation/lowered-cpp/stencil_chain/stencil_chain.halide_generated.cpp:18375:26
stencil_chain,cxx_default_on_emitted_cpp,5eb72c8d,8,14,cxx_add_to_sub,stencil_chain.halide_generated.cpp,18240,52,generator_specific,0,0,1,,,test2_golden,0,1.725,cxx_add_to_sub:/mnt/scratch1/ardi/dsl_mut/HM-armc/mutation/lowered-cpp/stencil_chain/stencil_chain.halide_generated.cpp:18240:52
stencil_chain,cxx_default_on_emitted_cpp,5eb72c8d,8,14,cxx_mul_to_div,stencil_chain.halide_generated.cpp,17142,49,generator_specific,0,0,1,,,test2_golden,0,1.003,cxx_mul_to_div:/mnt/scratch1/ardi/dsl_mut/HM-armc/mutation/lowered-cpp/stencil_chain/stencil_chain.halide_generated.cpp:17142:49
stencil_chain,cxx_default_on_emitted_cpp,5eb72c8d,8,14,cxx_le_to_gt,stencil_chain.halide_generated.cpp,17738,38,generator_specific,0,0,1,,,test2_golden,0,1.290,cxx_le_to_gt:/mnt/scratch1/ardi/dsl_mut/HM-armc/mutation/lowered-cpp/stencil_chain/stencil_chain.halide_generated.cpp:17738:38
stencil_chain,cxx_default_on_emitted_cpp,5eb72c8d,8,14,cxx_sub_to_add,stencil_chain.halide_generated.cpp,15841,41,generator_specific,0,0,1,,,test2_golden,0,0.757,cxx_sub_to_add:/mnt/scratch1/ardi/dsl_mut/HM-armc/mutation/lowered-cpp/stencil_chain/stencil_chain.halide_generated.cpp:15841:41
stencil_chain,cxx_default_on_emitted_cpp,5eb72c8d,8,14,cxx_add_to_sub,stencil_chain.halide_generated.cpp,5255,49,generator_specific,0,0,1,,,test2_golden,0,1.979,cxx_add_to_sub:/mnt/scratch1/ardi/dsl_mut/HM-armc/mutation/lowered-cpp/stencil_chain/stencil_chain.halide_generated.cpp:5255:49
stencil_chain,cxx_default_on_emitted_cpp,5eb72c8d,8,14,cxx_add_to_sub,stencil_chain.halide_generated.cpp,15428,39,generator_specific,0,0,1,,,test2_golden,0,0.776,cxx_add_to_sub:/mnt/scratch1/ardi/dsl_mut/HM-armc/mutation/lowered-cpp/stencil_chain/stencil_chain.halide_generated.cpp:15428:39
stencil_chain,cxx_default_on_emitted_cpp,5eb72c8d,8,14,cxx_add_to_sub,stencil_chain.halide_generated.cpp,17334,44,generator_specific,0,0,1,,,test2_golden,0,0.943,cxx_add_to_sub:/mnt/scratch1/ardi/dsl_mut/HM-armc/mutation/lowered-cpp/stencil_chain/stencil_chain.halide_generated.cpp:17334:44
stencil_chain,cxx_default_on_emitted_cpp,5eb72c8d,8,14,cxx_le_to_lt,stencil_chain.halide_generated.cpp,18522,24,generator_specific,0,0,1,,,test2_golden,0,0.257,cxx_le_to_lt:/mnt/scratch1/ardi/dsl_mut/HM-armc/mutation/lowered-cpp/stencil_chain/stencil_chain.halide_generated.cpp:18522:24
stencil_chain,cxx_default_on_emitted_cpp,5eb72c8d,8,14,cxx_add_to_sub,stencil_chain.halide_generated.cpp,10220,43,generator_specific,0,0,1,,,test2_golden,0,1.451,cxx_add_to_sub:/mnt/scratch1/ardi/dsl_mut/HM-armc/mutation/lowered-cpp/stencil_chain/stencil_chain.halide_generated.cpp:10220:43
stencil_chain,cxx_default_on_emitted_cpp,5eb72c8d,8,14,cxx_add_to_sub,stencil_chain.halide_generated.cpp,11860,42,generator_specific,0,0,1,,,test2_golden,0,2.131,cxx_add_to_sub:/mnt/scratch1/ardi/dsl_mut/HM-armc/mutation/lowered-cpp/stencil_chain/stencil_chain.halide_generated.cpp:11860:42
stencil_chain,cxx_default_on_emitted_cpp,5eb72c8d,8,14,cxx_add_to_sub,stencil_chain.halide_generated.cpp,15072,38,generator_specific,0,0,1,,,test2_golden,0,1.107,cxx_add_to_sub:/mnt/scratch1/ardi/dsl_mut/HM-armc/mutation/lowered-cpp/stencil_chain/stencil_chain.halide_generated.cpp:15072:38
stencil_chain,cxx_default_on_emitted_cpp,5eb72c8d,8,14,cxx_add_to_sub,stencil_chain.halide_generated.cpp,4921,44,generator_specific,0,0,1,,,test2_golden,0,0.761,cxx_add_to_sub:/mnt/scratch1/ardi/dsl_mut/HM-armc/mutation/lowered-cpp/stencil_chain/stencil_chain.halide_generated.cpp:4921:44
stencil_chain,cxx_default_on_emitted_cpp,5eb72c8d,8,14,cxx_mul_to_div,stencil_chain.halide_generated.cpp,6294,43,generator_specific,0,0,1,,,test2_golden,0,2.081,cxx_mul_to_div:/mnt/scratch1/ardi/dsl_mut/HM-armc/mutation/lowered-cpp/stencil_chain/stencil_chain.halide_generated.cpp:6294:43
stencil_chain,cxx_default_on_emitted_cpp,5eb72c8d,8,14,cxx_add_to_sub,stencil_chain.halide_generated.cpp,16234,42,generator_specific,0,0,1,,,test2_golden,0,0.766,cxx_add_to_sub:/mnt/scratch1/ardi/dsl_mut/HM-armc/mutation/lowered-cpp/stencil_chain/stencil_chain.halide_generated.cpp:16234:42
stencil_chain,cxx_default_on_emitted_cpp,5eb72c8d,8,14,cxx_add_to_sub,stencil_chain.halide_generated.cpp,14397,46,generator_specific,0,0,1,,,test2_golden,0,0.759,cxx_add_to_sub:/mnt/scratch1/ardi/dsl_mut/HM-armc/mutation/lowered-cpp/stencil_chain/stencil_chain.halide_generated.cpp:14397:46
stencil_chain,cxx_default_on_emitted_cpp,5eb72c8d,8,14,cxx_add_to_sub,stencil_chain.halide_generated.cpp,7561,41,generator_specific,0,0,1,,,test2_golden,0,0.907,cxx_add_to_sub:/mnt/scratch1/ardi/dsl_mut/HM-armc/mutation/lowered-cpp/stencil_chain/stencil_chain.halide_generated.cpp:7561:41
stencil_chain,cxx_default_on_emitted_cpp,5eb72c8d,8,14,cxx_add_to_sub,stencil_chain.halide_generated.cpp,5837,36,generator_specific,0,0,1,,,test2_golden,0,0.920,cxx_add_to_sub:/mnt/scratch1/ardi/dsl_mut/HM-armc/mutation/lowered-cpp/stencil_chain/stencil_chain.halide_generated.cpp:5837:36
stencil_chain,cxx_default_on_emitted_cpp,5eb72c8d,8,14,cxx_replace_scalar_call,stencil_chain.halide_generated.cpp,4915,38,generator_specific,0,0,1,,,test2_golden,0,0.769,cxx_replace_scalar_call:/mnt/scratch1/ardi/dsl_mut/HM-armc/mutation/lowered-cpp/stencil_chain/stencil_chain.halide_generated.cpp:4915:38
stencil_chain,cxx_default_on_emitted_cpp,5eb72c8d,8,14,cxx_lt_to_le,stencil_chain.halide_generated.cpp,10531,68,generator_specific,0,0,0,,,,0,2.226,cxx_lt_to_le:/mnt/scratch1/ardi/dsl_mut/HM-armc/mutation/lowered-cpp/stencil_chain/stencil_chain.halide_generated.cpp:10531:68
stencil_chain,cxx_default_on_emitted_cpp,5eb72c8d,8,14,cxx_add_to_sub,stencil_chain.halide_generated.cpp,17717,49,generator_specific,0,0,1,,,test2_golden,0,0.778,cxx_add_to_sub:/mnt/scratch1/ardi/dsl_mut/HM-armc/mutation/lowered-cpp/stencil_chain/stencil_chain.halide_generated.cpp:17717:49
stencil_chain,cxx_default_on_emitted_cpp,5eb72c8d,8,14,cxx_mul_to_div,stencil_chain.halide_generated.cpp,5349,50,generator_specific,0,0,1,,,test2_golden,0,0.910,cxx_mul_to_div:/mnt/scratch1/ardi/dsl_mut/HM-armc/mutation/lowered-cpp/stencil_chain/stencil_chain.halide_generated.cpp:5349:50
stencil_chain,cxx_default_on_emitted_cpp,5eb72c8d,8,14,cxx_add_to_sub,stencil_chain.halide_generated.cpp,18346,26,generator_specific,0,0,0,,,,0,1.195,cxx_add_to_sub:/mnt/scratch1/ardi/dsl_mut/HM-armc/mutation/lowered-cpp/stencil_chain/stencil_chain.halide_generated.cpp:18346:26
stencil_chain,cxx_default_on_emitted_cpp,5eb72c8d,8,14,cxx_add_to_sub,stencil_chain.halide_generated.cpp,12571,44,generator_specific,0,0,1,,,test2_golden,0,0.971,cxx_add_to_sub:/mnt/scratch1/ardi/dsl_mut/HM-armc/mutation/lowered-cpp/stencil_chain/stencil_chain.halide_generated.cpp:12571:44
stencil_chain,cxx_default_on_emitted_cpp,5eb72c8d,8,14,cxx_add_to_sub,stencil_chain.halide_generated.cpp,10857,50,generator_specific,0,0,1,,,test2_golden,0,0.906,cxx_add_to_sub:/mnt/scratch1/ardi/dsl_mut/HM-armc/mutation/lowered-cpp/stencil_chain/stencil_chain.halide_generated.cpp:10857:50
stencil_chain,cxx_default_on_emitted_cpp,5eb72c8d,8,14,cxx_add_to_sub,stencil_chain.halide_generated.cpp,6931,43,generator_specific,0,0,1,,,test2_golden,0,0.867,cxx_add_to_sub:/mnt/scratch1/ardi/dsl_mut/HM-armc/mutation/lowered-cpp/stencil_chain/stencil_chain.halide_generated.cpp:6931:43
stencil_chain,cxx_default_on_emitted_cpp,5eb72c8d,8,14,cxx_add_to_sub,stencil_chain.halide_generated.cpp,12113,39,generator_specific,0,0,1,,,test2_golden,0,0.847,cxx_add_to_sub:/mnt/scratch1/ardi/dsl_mut/HM-armc/mutation/lowered-cpp/stencil_chain/stencil_chain.halide_generated.cpp:12113:39
stencil_chain,cxx_default_on_emitted_cpp,5eb72c8d,8,14,cxx_add_to_sub,stencil_chain.halide_generated.cpp,10329,47,generator_specific,0,0,1,,,test2_golden,0,0.957,cxx_add_to_sub:/mnt/scratch1/ardi/dsl_mut/HM-armc/mutation/lowered-cpp/stencil_chain/stencil_chain.halide_generated.cpp:10329:47
stencil_chain,cxx_default_on_emitted_cpp,5eb72c8d,8,14,cxx_gt_to_ge,stencil_chain.halide_generated.cpp,18634,24,generator_specific,0,0,0,,,,0,1.384,cxx_gt_to_ge:/mnt/scratch1/ardi/dsl_mut/HM-armc/mutation/lowered-cpp/stencil_chain/stencil_chain.halide_generated.cpp:18634:24
stencil_chain,cxx_default_on_emitted_cpp,5eb72c8d,8,14,cxx_add_to_sub,stencil_chain.halide_generated.cpp,17349,44,generator_specific,0,0,1,,,test2_golden,0,0.852,cxx_add_to_sub:/mnt/scratch1/ardi/dsl_mut/HM-armc/mutation/lowered-cpp/stencil_chain/stencil_chain.halide_generated.cpp:17349:44
stencil_chain,cxx_default_on_emitted_cpp,5eb72c8d,8,14,cxx_mul_to_div,stencil_chain.halide_generated.cpp,9645,40,generator_specific,0,0,1,,,test2_golden,0,1.277,cxx_mul_to_div:/mnt/scratch1/ardi/dsl_mut/HM-armc/mutation/lowered-cpp/stencil_chain/stencil_chain.halide_generated.cpp:9645:40
stencil_chain,cxx_default_on_emitted_cpp,5eb72c8d,8,14,cxx_add_to_sub,stencil_chain.halide_generated.cpp,5419,50,generator_specific,0,0,1,,,test2_golden,0,1.173,cxx_add_to_sub:/mnt/scratch1/ardi/dsl_mut/HM-armc/mutation/lowered-cpp/stencil_chain/stencil_chain.halide_generated.cpp:5419:50
stencil_chain,cxx_default_on_emitted_cpp,5eb72c8d,8,14,cxx_add_to_sub,stencil_chain.halide_generated.cpp,6763,44,generator_specific,0,0,1,,,test2_golden,0,0.878,cxx_add_to_sub:/mnt/scratch1/ardi/dsl_mut/HM-armc/mutation/lowered-cpp/stencil_chain/stencil_chain.halide_generated.cpp:6763:44
stencil_chain,cxx_default_on_emitted_cpp,5eb72c8d,8,14,cxx_add_to_sub,stencil_chain.halide_generated.cpp,9082,94,generator_specific,0,0,0,,,,0,0.871,cxx_add_to_sub:/mnt/scratch1/ardi/dsl_mut/HM-armc/mutation/lowered-cpp/stencil_chain/stencil_chain.halide_generated.cpp:9082:94
stencil_chain,cxx_default_on_emitted_cpp,5eb72c8d,8,14,cxx_add_to_sub,stencil_chain.halide_generated.cpp,9617,43,generator_specific,0,0,1,,,test2_golden,0,0.876,cxx_add_to_sub:/mnt/scratch1/ardi/dsl_mut/HM-armc/mutation/lowered-cpp/stencil_chain/stencil_chain.halide_generated.cpp:9617:43
stencil_chain,cxx_default_on_emitted_cpp,5eb72c8d,8,14,cxx_add_to_sub,stencil_chain.halide_generated.cpp,14154,47,generator_specific,0,0,1,,,test2_golden,0,1.028,cxx_add_to_sub:/mnt/scratch1/ardi/dsl_mut/HM-armc/mutation/lowered-cpp/stencil_chain/stencil_chain.halide_generated.cpp:14154:47
stencil_chain,cxx_default_on_emitted_cpp,5eb72c8d,8,14,cxx_eq_to_ne,stencil_chain.halide_generated.cpp,18607,24,generator_specific,-6,1,,,,test1_demo,0,0.176,cxx_eq_to_ne:/mnt/scratch1/ardi/dsl_mut/HM-armc/mutation/lowered-cpp/stencil_chain/stencil_chain.halide_generated.cpp:18607:24
stencil_chain,cxx_default_on_emitted_cpp,5eb72c8d,8,14,cxx_add_to_sub,stencil_chain.halide_generated.cpp,17383,48,generator_specific,0,0,1,,,test2_golden,0,0.907,cxx_add_to_sub:/mnt/scratch1/ardi/dsl_mut/HM-armc/mutation/lowered-cpp/stencil_chain/stencil_chain.halide_generated.cpp:17383:48
stencil_chain,cxx_default_on_emitted_cpp,5eb72c8d,8,14,cxx_add_to_sub,stencil_chain.halide_generated.cpp,11954,37,generator_specific,0,0,1,,,test2_golden,0,0.896,cxx_add_to_sub:/mnt/scratch1/ardi/dsl_mut/HM-armc/mutation/lowered-cpp/stencil_chain/stencil_chain.halide_generated.cpp:11954:37
stencil_chain,cxx_default_on_emitted_cpp,5eb72c8d,8,14,cxx_add_to_sub,stencil_chain.halide_generated.cpp,5018,44,generator_specific,0,0,1,,,test2_golden,0,1.116,cxx_add_to_sub:/mnt/scratch1/ardi/dsl_mut/HM-armc/mutation/lowered-cpp/stencil_chain/stencil_chain.halide_generated.cpp:5018:44
stencil_chain,cxx_default_on_emitted_cpp,5eb72c8d,8,14,cxx_add_to_sub,stencil_chain.halide_generated.cpp,13357,41,generator_specific,0,0,1,,,test2_golden,0,0.893,cxx_add_to_sub:/mnt/scratch1/ardi/dsl_mut/HM-armc/mutation/lowered-cpp/stencil_chain/stencil_chain.halide_generated.cpp:13357:41
stencil_chain,cxx_default_on_emitted_cpp,5eb72c8d,8,14,cxx_add_to_sub,stencil_chain.halide_generated.cpp,4398,39,generator_specific,0,0,1,,,test2_golden,0,0.912,cxx_add_to_sub:/mnt/scratch1/ardi/dsl_mut/HM-armc/mutation/lowered-cpp/stencil_chain/stencil_chain.halide_generated.cpp:4398:39
stencil_chain,cxx_default_on_emitted_cpp,5eb72c8d,8,14,cxx_add_to_sub,stencil_chain.halide_generated.cpp,3626,92,generator_specific,0,0,0,,,,0,0.893,cxx_add_to_sub:/mnt/scratch1/ardi/dsl_mut/HM-armc/mutation/lowered-cpp/stencil_chain/stencil_chain.halide_generated.cpp:3626:92
stencil_chain,cxx_default_on_emitted_cpp,5eb72c8d,8,14,cxx_add_to_sub,stencil_chain.halide_generated.cpp,15125,42,generator_specific,0,0,1,,,test2_golden,0,0.897,cxx_add_to_sub:/mnt/scratch1/ardi/dsl_mut/HM-armc/mutation/lowered-cpp/stencil_chain/stencil_chain.halide_generated.cpp:15125:42
stencil_chain,cxx_default_on_emitted_cpp,5eb72c8d,8,14,cxx_add_to_sub,stencil_chain.halide_generated.cpp,3810,39,generator_specific,0,0,1,,,test2_golden,0,0.952,cxx_add_to_sub:/mnt/scratch1/ardi/dsl_mut/HM-armc/mutation/lowered-cpp/stencil_chain/stencil_chain.halide_generated.cpp:3810:39
stencil_chain,cxx_default_on_emitted_cpp,5eb72c8d,8,14,cxx_mul_to_div,stencil_chain.halide_generated.cpp,13903,48,generator_specific,0,0,1,,,test2_golden,0,1.017,cxx_mul_to_div:/mnt/scratch1/ardi/dsl_mut/HM-armc/mutation/lowered-cpp/stencil_chain/stencil_chain.halide_generated.cpp:13903:48
stencil_chain,cxx_default_on_emitted_cpp,5eb72c8d,8,14,cxx_add_to_sub,stencil_chain.halide_generated.cpp,13597,47,generator_specific,0,0,1,,,test2_golden,0,0.892,cxx_add_to_sub:/mnt/scratch1/ardi/dsl_mut/HM-armc/mutation/lowered-cpp/stencil_chain/stencil_chain.halide_generated.cpp:13597:47
stencil_chain,cxx_default_on_emitted_cpp,5eb72c8d,8,14,cxx_add_to_sub,stencil_chain.halide_generated.cpp,4925,44,generator_specific,0,0,1,,,test2_golden,0,1.009,cxx_add_to_sub:/mnt/scratch1/ardi/dsl_mut/HM-armc/mutation/lowered-cpp/stencil_chain/stencil_chain.halide_generated.cpp:4925:44
stencil_chain,cxx_default_on_emitted_cpp,5eb72c8d,8,14,cxx_remove_void_call,stencil_chain.halide_generated.cpp,10948,2,generator_specific,0,0,0,,,,0,0.962,cxx_remove_void_call:/mnt/scratch1/ardi/dsl_mut/HM-armc/mutation/lowered-cpp/stencil_chain/stencil_chain.halide_generated.cpp:10948:2
stencil_chain,cxx_default_on_emitted_cpp,5eb72c8d,8,14,cxx_add_to_sub,stencil_chain.halide_generated.cpp,17035,48,generator_specific,0,0,1,,,test2_golden,0,0.970,cxx_add_to_sub:/mnt/scratch1/ardi/dsl_mut/HM-armc/mutation/lowered-cpp/stencil_chain/stencil_chain.halide_generated.cpp:17035:48
stencil_chain,cxx_default_on_emitted_cpp,5eb72c8d,8,14,cxx_add_to_sub,stencil_chain.halide_generated.cpp,5005,44,generator_specific,0,0,1,,,test2_golden,0,0.820,cxx_add_to_sub:/mnt/scratch1/ardi/dsl_mut/HM-armc/mutation/lowered-cpp/stencil_chain/stencil_chain.halide_generated.cpp:5005:44
stencil_chain,cxx_default_on_emitted_cpp,5eb72c8d,8,14,cxx_mul_to_div,stencil_chain.halide_generated.cpp,11385,37,generator_specific,0,0,1,,,test2_golden,0,0.805,cxx_mul_to_div:/mnt/scratch1/ardi/dsl_mut/HM-armc/mutation/lowered-cpp/stencil_chain/stencil_chain.halide_generated.cpp:11385:37
stencil_chain,cxx_default_on_emitted_cpp,5eb72c8d,8,14,cxx_add_to_sub,stencil_chain.halide_generated.cpp,10334,47,generator_specific,0,0,1,,,test2_golden,0,1.119,cxx_add_to_sub:/mnt/scratch1/ardi/dsl_mut/HM-armc/mutation/lowered-cpp/stencil_chain/stencil_chain.halide_generated.cpp:10334:47
stencil_chain,cxx_default_on_emitted_cpp,5eb72c8d,8,14,cxx_add_to_sub,stencil_chain.halide_generated.cpp,15204,37,generator_specific,0,0,1,,,test2_golden,0,0.780,cxx_add_to_sub:/mnt/scratch1/ardi/dsl_mut/HM-armc/mutation/lowered-cpp/stencil_chain/stencil_chain.halide_generated.cpp:15204:37
stencil_chain,cxx_default_on_emitted_cpp,5eb72c8d,8,14,cxx_lt_to_le,stencil_chain.halide_generated.cpp,12408,65,generator_specific,0,0,1,,,test2_golden,0,0.791,cxx_lt_to_le:/mnt/scratch1/ardi/dsl_mut/HM-armc/mutation/lowered-cpp/stencil_chain/stencil_chain.halide_generated.cpp:12408:65
stencil_chain,cxx_default_on_emitted_cpp,5eb72c8d,8,14,cxx_add_to_sub,stencil_chain.halide_generated.cpp,13815,44,generator_specific,0,0,1,,,test2_golden,0,0.784,cxx_add_to_sub:/mnt/scratch1/ardi/dsl_mut/HM-armc/mutation/lowered-cpp/stencil_chain/stencil_chain.halide_generated.cpp:13815:44
stencil_chain,cxx_default_on_emitted_cpp,5eb72c8d,8,14,cxx_add_to_sub,stencil_chain.halide_generated.cpp,17728,49,generator_specific,0,0,1,,,test2_golden,0,0.904,cxx_add_to_sub:/mnt/scratch1/ardi/dsl_mut/HM-armc/mutation/lowered-cpp/stencil_chain/stencil_chain.halide_generated.cpp:17728:49
stencil_chain,cxx_default_on_emitted_cpp,5eb72c8d,8,14,cxx_add_to_sub,stencil_chain.halide_generated.cpp,13605,47,generator_specific,0,0,1,,,test2_golden,0,0.926,cxx_add_to_sub:/mnt/scratch1/ardi/dsl_mut/HM-armc/mutation/lowered-cpp/stencil_chain/stencil_chain.halide_generated.cpp:13605:47
stencil_chain,cxx_default_on_emitted_cpp,5eb72c8d,8,14,cxx_remove_void_call,stencil_chain.halide_generated.cpp,6253,15,generator_specific,0,0,1,,,test2_golden,0,1.337,cxx_remove_void_call:/mnt/scratch1/ardi/dsl_mut/HM-armc/mutation/lowered-cpp/stencil_chain/stencil_chain.halide_generated.cpp:6253:15
stencil_chain,cxx_default_on_emitted_cpp,5eb72c8d,8,14,cxx_add_to_sub,stencil_chain.halide_generated.cpp,9282,38,generator_specific,0,0,1,,,test2_golden,0,0.805,cxx_add_to_sub:/mnt/scratch1/ardi/dsl_mut/HM-armc/mutation/lowered-cpp/stencil_chain/stencil_chain.halide_generated.cpp:9282:38
stencil_chain,cxx_default_on_emitted_cpp,5eb72c8d,8,14,cxx_add_to_sub,stencil_chain.halide_generated.cpp,12548,40,generator_specific,0,0,1,,,test2_golden,0,0.780,cxx_add_to_sub:/mnt/scratch1/ardi/dsl_mut/HM-armc/mutation/lowered-cpp/stencil_chain/stencil_chain.halide_generated.cpp:12548:40
stencil_chain,cxx_default_on_emitted_cpp,5eb72c8d,8,14,cxx_add_to_sub,stencil_chain.halide_generated.cpp,9903,41,generator_specific,0,0,1,,,test2_golden,0,0.940,cxx_add_to_sub:/mnt/scratch1/ardi/dsl_mut/HM-armc/mutation/lowered-cpp/stencil_chain/stencil_chain.halide_generated.cpp:9903:41
stencil_chain,cxx_default_on_emitted_cpp,5eb72c8d,8,14,cxx_mul_to_div,stencil_chain.halide_generated.cpp,10494,48,generator_specific,0,0,1,,,test2_golden,0,0.937,cxx_mul_to_div:/mnt/scratch1/ardi/dsl_mut/HM-armc/mutation/lowered-cpp/stencil_chain/stencil_chain.halide_generated.cpp:10494:48
stencil_chain,cxx_default_on_emitted_cpp,5eb72c8d,8,14,cxx_add_to_sub,stencil_chain.halide_generated.cpp,8655,48,generator_specific,0,0,1,,,test2_golden,0,1.161,cxx_add_to_sub:/mnt/scratch1/ardi/dsl_mut/HM-armc/mutation/lowered-cpp/stencil_chain/stencil_chain.halide_generated.cpp:8655:48
stencil_chain,cxx_default_on_emitted_cpp,5eb72c8d,8,14,cxx_add_to_sub,stencil_chain.halide_generated.cpp,10552,45,generator_specific,0,0,0,,,,0,0.785,cxx_add_to_sub:/mnt/scratch1/ardi/dsl_mut/HM-armc/mutation/lowered-cpp/stencil_chain/stencil_chain.halide_generated.cpp:10552:45
stencil_chain,cxx_default_on_emitted_cpp,5eb72c8d,8,14,cxx_add_to_sub,stencil_chain.halide_generated.cpp,16944,44,generator_specific,0,0,1,,,test2_golden,0,0.989,cxx_add_to_sub:/mnt/scratch1/ardi/dsl_mut/HM-armc/mutation/lowered-cpp/stencil_chain/stencil_chain.halide_generated.cpp:16944:44
stencil_chain,cxx_default_on_emitted_cpp,5eb72c8d,8,14,cxx_mul_to_div,stencil_chain.halide_generated.cpp,9649,40,generator_specific,0,0,1,,,test2_golden,0,0.757,cxx_mul_to_div:/mnt/scratch1/ardi/dsl_mut/HM-armc/mutation/lowered-cpp/stencil_chain/stencil_chain.halide_generated.cpp:9649:40
stencil_chain,cxx_default_on_emitted_cpp,5eb72c8d,8,14,cxx_sub_to_add,stencil_chain.halide_generated.cpp,18430,26,generator_specific,0,0,0,,,,0,0.961,cxx_sub_to_add:/mnt/scratch1/ardi/dsl_mut/HM-armc/mutation/lowered-cpp/stencil_chain/stencil_chain.halide_generated.cpp:18430:26
stencil_chain,cxx_default_on_emitted_cpp,5eb72c8d,8,14,cxx_rem_to_div,stencil_chain.halide_generated.cpp,14915,26,generator_specific,0,0,1,,,test2_golden,0,0.576,cxx_rem_to_div:/mnt/scratch1/ardi/dsl_mut/HM-armc/mutation/lowered-cpp/stencil_chain/stencil_chain.halide_generated.cpp:14915:26
stencil_chain,cxx_default_on_emitted_cpp,5eb72c8d,8,14,cxx_add_to_sub,stencil_chain.halide_generated.cpp,4164,41,generator_specific,0,0,1,,,test2_golden,0,0.963,cxx_add_to_sub:/mnt/scratch1/ardi/dsl_mut/HM-armc/mutation/lowered-cpp/stencil_chain/stencil_chain.halide_generated.cpp:4164:41
stencil_chain,cxx_default_on_emitted_cpp,5eb72c8d,8,14,cxx_add_to_sub,stencil_chain.halide_generated.cpp,6208,37,generator_specific,0,0,1,,,test2_golden,0,1.030,cxx_add_to_sub:/mnt/scratch1/ardi/dsl_mut/HM-armc/mutation/lowered-cpp/stencil_chain/stencil_chain.halide_generated.cpp:6208:37
stencil_chain,cxx_default_on_emitted_cpp,5eb72c8d,8,14,cxx_add_to_sub,stencil_chain.halide_generated.cpp,11488,37,generator_specific,0,0,1,,,test2_golden,0,0.748,cxx_add_to_sub:/mnt/scratch1/ardi/dsl_mut/HM-armc/mutation/lowered-cpp/stencil_chain/stencil_chain.halide_generated.cpp:11488:37
stencil_chain,cxx_default_on_emitted_cpp,5eb72c8d,8,14,cxx_replace_scalar_call,stencil_chain.halide_generated.cpp,5510,29,generator_specific,0,0,1,,,test2_golden,0,1.113,cxx_replace_scalar_call:/mnt/scratch1/ardi/dsl_mut/HM-armc/mutation/lowered-cpp/stencil_chain/stencil_chain.halide_generated.cpp:5510:29
stencil_chain,cxx_default_on_emitted_cpp,5eb72c8d,8,14,cxx_lt_to_le,stencil_chain.halide_generated.cpp,7299,65,generator_specific,0,0,1,,,test2_golden,0,0.924,cxx_lt_to_le:/mnt/scratch1/ardi/dsl_mut/HM-armc/mutation/lowered-cpp/stencil_chain/stencil_chain.halide_generated.cpp:7299:65
stencil_chain,cxx_default_on_emitted_cpp,5eb72c8d,8,14,cxx_add_to_sub,stencil_chain.halide_generated.cpp,9826,41,generator_specific,0,0,1,,,test2_golden,0,0.767,cxx_add_to_sub:/mnt/scratch1/ardi/dsl_mut/HM-armc/mutation/lowered-cpp/stencil_chain/stencil_chain.halide_generated.cpp:9826:41
stencil_chain,cxx_default_on_emitted_cpp,5eb72c8d,8,14,cxx_mul_to_div,stencil_chain.halide_generated.cpp,12882,45,generator_specific,0,0,1,,,test2_golden,0,0.766,cxx_mul_to_div:/mnt/scratch1/ardi/dsl_mut/HM-armc/mutation/lowered-cpp/stencil_chain/stencil_chain.halide_generated.cpp:12882:45
stencil_chain,cxx_default_on_emitted_cpp,5eb72c8d,8,14,cxx_add_to_sub,stencil_chain.halide_generated.cpp,5750,36,generator_specific,0,0,1,,,test2_golden,0,0.833,cxx_add_to_sub:/mnt/scratch1/ardi/dsl_mut/HM-armc/mutation/lowered-cpp/stencil_chain/stencil_chain.halide_generated.cpp:5750:36
stencil_chain,cxx_default_on_emitted_cpp,5eb72c8d,8,14,cxx_mul_to_div,stencil_chain.halide_generated.cpp,16536,43,generator_specific,0,0,1,,,test2_golden,0,0.801,cxx_mul_to_div:/mnt/scratch1/ardi/dsl_mut/HM-armc/mutation/lowered-cpp/stencil_chain/stencil_chain.halide_generated.cpp:16536:43
stencil_chain,cxx_default_on_emitted_cpp,5eb72c8d,8,14,cxx_add_to_sub,stencil_chain.halide_generated.cpp,7756,43,generator_specific,0,0,1,,,test2_golden,0,0.743,cxx_add_to_sub:/mnt/scratch1/ardi/dsl_mut/HM-armc/mutation/lowered-cpp/stencil_chain/stencil_chain.halide_generated.cpp:7756:43
stencil_chain,cxx_default_on_emitted_cpp,5eb72c8d,8,14,cxx_mul_to_div,stencil_chain.halide_generated.cpp,18425,26,generator_specific,0,0,0,,,,0,1.244,cxx_mul_to_div:/mnt/scratch1/ardi/dsl_mut/HM-armc/mutation/lowered-cpp/stencil_chain/stencil_chain.halide_generated.cpp:18425:26
stencil_chain,cxx_default_on_emitted_cpp,5eb72c8d,8,14,cxx_add_to_sub,stencil_chain.halide_generated.cpp,11760,38,generator_specific,0,0,1,,,test2_golden,0,0.742,cxx_add_to_sub:/mnt/scratch1/ardi/dsl_mut/HM-armc/mutation/lowered-cpp/stencil_chain/stencil_chain.halide_generated.cpp:11760:38
stencil_chain,cxx_default_on_emitted_cpp,5eb72c8d,8,14,cxx_add_to_sub,stencil_chain.halide_generated.cpp,15662,40,generator_specific,0,0,1,,,test2_golden,0,0.765,cxx_add_to_sub:/mnt/scratch1/ardi/dsl_mut/HM-armc/mutation/lowered-cpp/stencil_chain/stencil_chain.halide_generated.cpp:15662:40
stencil_chain,cxx_default_on_emitted_cpp,5eb72c8d,8,14,cxx_sub_to_add,stencil_chain.halide_generated.cpp,3608,30,generator_specific,0,0,0,,,,0,0.770,cxx_sub_to_add:/mnt/scratch1/ardi/dsl_mut/HM-armc/mutation/lowered-cpp/stencil_chain/stencil_chain.halide_generated.cpp:3608:30
stencil_chain,cxx_default_on_emitted_cpp,5eb72c8d,8,14,cxx_add_to_sub,stencil_chain.halide_generated.cpp,7269,44,generator_specific,0,0,1,,,test2_golden,0,1.035,cxx_add_to_sub:/mnt/scratch1/ardi/dsl_mut/HM-armc/mutation/lowered-cpp/stencil_chain/stencil_chain.halide_generated.cpp:7269:44
stencil_chain,cxx_default_on_emitted_cpp,5eb72c8d,8,14,cxx_mul_to_div,stencil_chain.halide_generated.cpp,18220,52,generator_specific,0,0,1,,,test2_golden,0,0.764,cxx_mul_to_div:/mnt/scratch1/ardi/dsl_mut/HM-armc/mutation/lowered-cpp/stencil_chain/stencil_chain.halide_generated.cpp:18220:52
stencil_chain,cxx_default_on_emitted_cpp,5eb72c8d,8,14,cxx_mul_to_div,stencil_chain.halide_generated.cpp,7898,46,generator_specific,0,0,1,,,test2_golden,0,0.757,cxx_mul_to_div:/mnt/scratch1/ardi/dsl_mut/HM-armc/mutation/lowered-cpp/stencil_chain/stencil_chain.halide_generated.cpp:7898:46
stencil_chain,cxx_default_on_emitted_cpp,5eb72c8d,8,14,cxx_add_to_sub,stencil_chain.halide_generated.cpp,18526,28,generator_specific,0,0,0,,,,0,0.757,cxx_add_to_sub:/mnt/scratch1/ardi/dsl_mut/HM-armc/mutation/lowered-cpp/stencil_chain/stencil_chain.halide_generated.cpp:18526:28
stencil_chain,cxx_default_on_emitted_cpp,5eb72c8d,8,14,cxx_mul_to_div,stencil_chain.halide_generated.cpp,7438,46,generator_specific,0,0,1,,,test2_golden,0,0.801,cxx_mul_to_div:/mnt/scratch1/ardi/dsl_mut/HM-armc/mutation/lowered-cpp/stencil_chain/stencil_chain.halide_generated.cpp:7438:46
stencil_chain,cxx_default_on_emitted_cpp,5eb72c8d,8,14,cxx_add_to_sub,stencil_chain.halide_generated.cpp,9421,42,generator_specific,0,0,1,,,test2_golden,0,0.741,cxx_add_to_sub:/mnt/scratch1/ardi/dsl_mut/HM-armc/mutation/lowered-cpp/stencil_chain/stencil_chain.halide_generated.cpp:9421:42
stencil_chain,cxx_default_on_emitted_cpp,5eb72c8d,8,14,cxx_mul_to_div,stencil_chain.halide_generated.cpp,15502,38,generator_specific,0,0,1,,,test2_golden,0,0.917,cxx_mul_to_div:/mnt/scratch1/ardi/dsl_mut/HM-armc/mutation/lowered-cpp/stencil_chain/stencil_chain.halide_generated.cpp:15502:38
stencil_chain,cxx_default_on_emitted_cpp,5eb72c8d,8,14,cxx_add_to_sub,stencil_chain.halide_generated.cpp,8326,47,generator_specific,0,0,1,,,test2_golden,0,0.757,cxx_add_to_sub:/mnt/scratch1/ardi/dsl_mut/HM-armc/mutation/lowered-cpp/stencil_chain/stencil_chain.halide_generated.cpp:8326:47
stencil_chain,cxx_default_on_emitted_cpp,5eb72c8d,8,14,cxx_add_to_sub,stencil_chain.halide_generated.cpp,15102,38,generator_specific,0,0,1,,,test2_golden,0,0.847,cxx_add_to_sub:/mnt/scratch1/ardi/dsl_mut/HM-armc/mutation/lowered-cpp/stencil_chain/stencil_chain.halide_generated.cpp:15102:38
stencil_chain,cxx_default_on_emitted_cpp,5eb72c8d,8,14,cxx_add_to_sub,stencil_chain.halide_generated.cpp,8829,50,generator_specific,0,0,1,,,test2_golden,0,0.832,cxx_add_to_sub:/mnt/scratch1/ardi/dsl_mut/HM-armc/mutation/lowered-cpp/stencil_chain/stencil_chain.halide_generated.cpp:8829:50
stencil_chain,cxx_default_on_emitted_cpp,5eb72c8d,8,14,cxx_add_to_sub,stencil_chain.halide_generated.cpp,14540,48,generator_specific,0,0,1,,,test2_golden,0,0.764,cxx_add_to_sub:/mnt/scratch1/ardi/dsl_mut/HM-armc/mutation/lowered-cpp/stencil_chain/stencil_chain.halide_generated.cpp:14540:48
stencil_chain,cxx_default_on_emitted_cpp,5eb72c8d,8,14,cxx_mul_to_div,stencil_chain.halide_generated.cpp,16697,43,generator_specific,0,0,1,,,test2_golden,0,0.738,cxx_mul_to_div:/mnt/scratch1/ardi/dsl_mut/HM-armc/mutation/lowered-cpp/stencil_chain/stencil_chain.halide_generated.cpp:16697:43
stencil_chain,cxx_default_on_emitted_cpp,5eb72c8d,8,14,cxx_add_to_sub,stencil_chain.halide_generated.cpp,10094,42,generator_specific,0,0,1,,,test2_golden,0,0.757,cxx_add_to_sub:/mnt/scratch1/ardi/dsl_mut/HM-armc/mutation/lowered-cpp/stencil_chain/stencil_chain.halide_generated.cpp:10094:42
stencil_chain,cxx_default_on_emitted_cpp,5eb72c8d,8,14,cxx_add_to_sub,stencil_chain.halide_generated.cpp,13949,48,generator_specific,0,0,1,,,test2_golden,0,1.383,cxx_add_to_sub:/mnt/scratch1/ardi/dsl_mut/HM-armc/mutation/lowered-cpp/stencil_chain/stencil_chain.halide_generated.cpp:13949:48
stencil_chain,cxx_default_on_emitted_cpp,5eb72c8d,8,14,cxx_add_to_sub,stencil_chain.halide_generated.cpp,4150,37,generator_specific,0,0,1,,,test2_golden,0,0.766,cxx_add_to_sub:/mnt/scratch1/ardi/dsl_mut/HM-armc/mutation/lowered-cpp/stencil_chain/stencil_chain.halide_generated.cpp:4150:37
stencil_chain,cxx_default_on_emitted_cpp,5eb72c8d,8,14,cxx_add_to_sub,stencil_chain.halide_generated.cpp,4712,46,generator_specific,0,0,1,,,test2_golden,0,1.438,cxx_add_to_sub:/mnt/scratch1/ardi/dsl_mut/HM-armc/mutation/lowered-cpp/stencil_chain/stencil_chain.halide_generated.cpp:4712:46
stencil_chain,cxx_default_on_emitted_cpp,5eb72c8d,8,14,cxx_add_to_sub,stencil_chain.halide_generated.cpp,8931,45,generator_specific,0,0,1,,,test2_golden,0,0.745,cxx_add_to_sub:/mnt/scratch1/ardi/dsl_mut/HM-armc/mutation/lowered-cpp/stencil_chain/stencil_chain.halide_generated.cpp:8931:45
stencil_chain,cxx_default_on_emitted_cpp,5eb72c8d,8,14,cxx_add_to_sub,stencil_chain.halide_generated.cpp,6436,38,generator_specific,0,0,1,,,test2_golden,0,1.570,cxx_add_to_sub:/mnt/scratch1/ardi/dsl_mut/HM-armc/mutation/lowered-cpp/stencil_chain/stencil_chain.halide_generated.cpp:6436:38
stencil_chain,cxx_default_on_emitted_cpp,5eb72c8d,8,14,cxx_add_to_sub,stencil_chain.halide_generated.cpp,17051,101,generator_specific,0,0,0,,,,0,2.271,cxx_add_to_sub:/mnt/scratch1/ardi/dsl_mut/HM-armc/mutation/lowered-cpp/stencil_chain/stencil_chain.halide_generated.cpp:17051:101
stencil_chain,cxx_default_on_emitted_cpp,5eb72c8d,8,14,cxx_add_to_sub,stencil_chain.halide_generated.cpp,8878,45,generator_specific,0,0,1,,,test2_golden,0,2.246,cxx_add_to_sub:/mnt/scratch1/ardi/dsl_mut/HM-armc/mutation/lowered-cpp/stencil_chain/stencil_chain.halide_generated.cpp:8878:45
stencil_chain,cxx_default_on_emitted_cpp,5eb72c8d,8,14,cxx_add_to_sub,stencil_chain.halide_generated.cpp,7804,47,generator_specific,0,0,1,,,test2_golden,0,0.748,cxx_add_to_sub:/mnt/scratch1/ardi/dsl_mut/HM-armc/mutation/lowered-cpp/stencil_chain/stencil_chain.halide_generated.cpp:7804:47
stencil_chain,cxx_default_on_emitted_cpp,5eb72c8d,8,14,cxx_add_to_sub,stencil_chain.halide_generated.cpp,9613,43,generator_specific,0,0,1,,,test2_golden,0,0.753,cxx_add_to_sub:/mnt/scratch1/ardi/dsl_mut/HM-armc/mutation/lowered-cpp/stencil_chain/stencil_chain.halide_generated.cpp:9613:43
stencil_chain,cxx_default_on_emitted_cpp,5eb72c8d,8,14,cxx_mul_to_div,stencil_chain.halide_generated.cpp,4996,48,generator_specific,0,0,1,,,test2_golden,0,0.732,cxx_mul_to_div:/mnt/scratch1/ardi/dsl_mut/HM-armc/mutation/lowered-cpp/stencil_chain/stencil_chain.halide_generated.cpp:4996:48
stencil_chain,cxx_default_on_emitted_cpp,5eb72c8d,8,14,cxx_add_to_sub,stencil_chain.halide_generated.cpp,17849,47,generator_specific,0,0,1,,,test2_golden,0,0.752,cxx_add_to_sub:/mnt/scratch1/ardi/dsl_mut/HM-armc/mutation/lowered-cpp/stencil_chain/stencil_chain.halide_generated.cpp:17849:47
stencil_chain,cxx_default_on_emitted_cpp,5eb72c8d,8,14,cxx_add_to_sub,stencil_chain.halide_generated.cpp,7479,41,generator_specific,0,0,1,,,test2_golden,0,2.273,cxx_add_to_sub:/mnt/scratch1/ardi/dsl_mut/HM-armc/mutation/lowered-cpp/stencil_chain/stencil_chain.halide_generated.cpp:7479:41
stencil_chain,cxx_default_on_emitted_cpp,5eb72c8d,8,14,cxx_add_to_sub,stencil_chain.halide_generated.cpp,14973,37,generator_specific,0,0,0,,,,0,2.607,cxx_add_to_sub:/mnt/scratch1/ardi/dsl_mut/HM-armc/mutation/lowered-cpp/stencil_chain/stencil_chain.halide_generated.cpp:14973:37
stencil_chain,cxx_default_on_emitted_cpp,5eb72c8d,8,14,cxx_add_to_sub,stencil_chain.halide_generated.cpp,5491,34,generator_specific,0,0,0,,,,0,0.748,cxx_add_to_sub:/mnt/scratch1/ardi/dsl_mut/HM-armc/mutation/lowered-cpp/stencil_chain/stencil_chain.halide_generated.cpp:5491:34
stencil_chain,cxx_default_on_emitted_cpp,5eb72c8d,8,14,cxx_replace_scalar_call,stencil_chain.halide_generated.cpp,18560,20,generator_specific,0,0,0,,,,0,0.730,cxx_replace_scalar_call:/mnt/scratch1/ardi/dsl_mut/HM-armc/mutation/lowered-cpp/stencil_chain/stencil_chain.halide_generated.cpp:18560:20
stencil_chain,cxx_default_on_emitted_cpp,5eb72c8d,8,14,cxx_mul_to_div,stencil_chain.halide_generated.cpp,7785,47,generator_specific,0,0,1,,,test2_golden,0,0.739,cxx_mul_to_div:/mnt/scratch1/ardi/dsl_mut/HM-armc/mutation/lowered-cpp/stencil_chain/stencil_chain.halide_generated.cpp:7785:47
stencil_chain,cxx_default_on_emitted_cpp,5eb72c8d,8,14,cxx_post_inc_to_post_dec,stencil_chain.halide_generated.cpp,14982,87,generator_specific,-11,1,,,,test1_demo,0,0.211,cxx_post_inc_to_post_dec:/mnt/scratch1/ardi/dsl_mut/HM-armc/mutation/lowered-cpp/stencil_chain/stencil_chain.halide_generated.cpp:14982:87
stencil_chain,cxx_default_on_emitted_cpp,5eb72c8d,8,14,cxx_mul_to_div,stencil_chain.halide_generated.cpp,11007,34,generator_specific,0,0,1,,,test2_golden,0,0.751,cxx_mul_to_div:/mnt/scratch1/ardi/dsl_mut/HM-armc/mutation/lowered-cpp/stencil_chain/stencil_chain.halide_generated.cpp:11007:34
stencil_chain,cxx_default_on_emitted_cpp,5eb72c8d,8,14,cxx_mul_to_div,stencil_chain.halide_generated.cpp,12515,44,generator_specific,0,0,1,,,test2_golden,0,2.131,cxx_mul_to_div:/mnt/scratch1/ardi/dsl_mut/HM-armc/mutation/lowered-cpp/stencil_chain/stencil_chain.halide_generated.cpp:12515:44
stencil_chain,cxx_default_on_emitted_cpp,5eb72c8d,8,14,cxx_mul_to_div,stencil_chain.halide_generated.cpp,12052,37,generator_specific,0,0,1,,,test2_golden,0,2.801,cxx_mul_to_div:/mnt/scratch1/ardi/dsl_mut/HM-armc/mutation/lowered-cpp/stencil_chain/stencil_chain.halide_generated.cpp:12052:37
stencil_chain,cxx_default_on_emitted_cpp,5eb72c8d,8,14,cxx_add_to_sub,stencil_chain.halide_generated.cpp,13595,47,generator_specific,0,0,1,,,test2_golden,0,0.909,cxx_add_to_sub:/mnt/scratch1/ardi/dsl_mut/HM-armc/mutation/lowered-cpp/stencil_chain/stencil_chain.halide_generated.cpp:13595:47
stencil_chain,cxx_default_on_emitted_cpp,5eb72c8d,8,14,cxx_add_to_sub,stencil_chain.halide_generated.cpp,4936,44,generator_specific,0,0,1,,,test2_golden,0,0.728,cxx_add_to_sub:/mnt/scratch1/ardi/dsl_mut/HM-armc/mutation/lowered-cpp/stencil_chain/stencil_chain.halide_generated.cpp:4936:44
stencil_chain,cxx_default_on_emitted_cpp,5eb72c8d,8,14,cxx_add_to_sub,stencil_chain.halide_generated.cpp,12191,39,generator_specific,0,0,1,,,test2_golden,0,0.753,cxx_add_to_sub:/mnt/scratch1/ardi/dsl_mut/HM-armc/mutation/lowered-cpp/stencil_chain/stencil_chain.halide_generated.cpp:12191:39
stencil_chain,cxx_default_on_emitted_cpp,5eb72c8d,8,14,cxx_mul_to_div,stencil_chain.halide_generated.cpp,16201,42,generator_specific,0,0,1,,,test2_golden,0,0.759,cxx_mul_to_div:/mnt/scratch1/ardi/dsl_mut/HM-armc/mutation/lowered-cpp/stencil_chain/stencil_chain.halide_generated.cpp:16201:42
stencil_chain,cxx_default_on_emitted_cpp,5eb72c8d,8,14,cxx_add_to_sub,stencil_chain.halide_generated.cpp,7452,46,generator_specific,0,0,1,,,test2_golden,0,0.725,cxx_add_to_sub:/mnt/scratch1/ardi/dsl_mut/HM-armc/mutation/lowered-cpp/stencil_chain/stencil_chain.halide_generated.cpp:7452:46
stencil_chain,cxx_default_on_emitted_cpp,5eb72c8d,8,14,cxx_mul_to_div,stencil_chain.halide_generated.cpp,8353,45,generator_specific,0,0,1,,,test2_golden,0,0.726,cxx_mul_to_div:/mnt/scratch1/ardi/dsl_mut/HM-armc/mutation/lowered-cpp/stencil_chain/stencil_chain.halide_generated.cpp:8353:45
stencil_chain,cxx_default_on_emitted_cpp,5eb72c8d,8,14,cxx_add_to_sub,stencil_chain.halide_generated.cpp,18756,27,generator_specific,0,0,0,,,,0,0.778,cxx_add_to_sub:/mnt/scratch1/ardi/dsl_mut/HM-armc/mutation/lowered-cpp/stencil_chain/stencil_chain.halide_generated.cpp:18756:27
stencil_chain,cxx_default_on_emitted_cpp,5eb72c8d,8,14,cxx_add_to_sub,stencil_chain.halide_generated.cpp,17026,48,generator_specific,0,0,1,,,test2_golden,0,1.524,cxx_add_to_sub:/mnt/scratch1/ardi/dsl_mut/HM-armc/mutation/lowered-cpp/stencil_chain/stencil_chain.halide_generated.cpp:17026:48
stencil_chain,cxx_default_on_emitted_cpp,5eb72c8d,8,14,cxx_add_to_sub,stencil_chain.halide_generated.cpp,3844,36,generator_specific,0,0,1,,,test2_golden,0,2.166,cxx_add_to_sub:/mnt/scratch1/ardi/dsl_mut/HM-armc/mutation/lowered-cpp/stencil_chain/stencil_chain.halide_generated.cpp:3844:36
stencil_chain,cxx_default_on_emitted_cpp,5eb72c8d,8,14,cxx_le_to_lt,stencil_chain.halide_generated.cpp,18595,19,generator_specific,0,0,0,,,,0,1.138,cxx_le_to_lt:/mnt/scratch1/ardi/dsl_mut/HM-armc/mutation/lowered-cpp/stencil_chain/stencil_chain.halide_generated.cpp:18595:19
stencil_chain,cxx_default_on_emitted_cpp,5eb72c8d,8,14,cxx_add_to_sub,stencil_chain.halide_generated.cpp,13910,44,generator_specific,0,0,1,,,test2_golden,0,0.929,cxx_add_to_sub:/mnt/scratch1/ardi/dsl_mut/HM-armc/mutation/lowered-cpp/stencil_chain/stencil_chain.halide_generated.cpp:13910:44
stencil_chain,cxx_default_on_emitted_cpp,5eb72c8d,8,14,cxx_add_to_sub,stencil_chain.halide_generated.cpp,14038,44,generator_specific,0,0,1,,,test2_golden,0,2.313,cxx_add_to_sub:/mnt/scratch1/ardi/dsl_mut/HM-armc/mutation/lowered-cpp/stencil_chain/stencil_chain.halide_generated.cpp:14038:44
stencil_chain,cxx_default_on_emitted_cpp,5eb72c8d,8,14,cxx_mul_to_div,stencil_chain.halide_generated.cpp,12648,43,generator_specific,0,0,0,,,,0,2.330,cxx_mul_to_div:/mnt/scratch1/ardi/dsl_mut/HM-armc/mutation/lowered-cpp/stencil_chain/stencil_chain.halide_generated.cpp:12648:43
stencil_chain,cxx_default_on_emitted_cpp,5eb72c8d,8,14,cxx_add_to_sub,stencil_chain.halide_generated.cpp,17033,48,generator_specific,0,0,1,,,test2_golden,0,0.945,cxx_add_to_sub:/mnt/scratch1/ardi/dsl_mut/HM-armc/mutation/lowered-cpp/stencil_chain/stencil_chain.halide_generated.cpp:17033:48
stencil_chain,cxx_default_on_emitted_cpp,5eb72c8d,8,14,cxx_add_to_sub,stencil_chain.halide_generated.cpp,5242,49,generator_specific,0,0,1,,,test2_golden,0,0.755,cxx_add_to_sub:/mnt/scratch1/ardi/dsl_mut/HM-armc/mutation/lowered-cpp/stencil_chain/stencil_chain.halide_generated.cpp:5242:49
stencil_chain,cxx_default_on_emitted_cpp,5eb72c8d,8,14,cxx_add_to_sub,stencil_chain.halide_generated.cpp,14194,47,generator_specific,0,0,1,,,test2_golden,0,0.765,cxx_add_to_sub:/mnt/scratch1/ardi/dsl_mut/HM-armc/mutation/lowered-cpp/stencil_chain/stencil_chain.halide_generated.cpp:14194:47
stencil_chain,cxx_default_on_emitted_cpp,5eb72c8d,8,14,cxx_mul_to_div,stencil_chain.halide_generated.cpp,10255,47,generator_specific,0,0,1,,,test2_golden,0,0.783,cxx_mul_to_div:/mnt/scratch1/ardi/dsl_mut/HM-armc/mutation/lowered-cpp/stencil_chain/stencil_chain.halide_generated.cpp:10255:47
stencil_chain,cxx_default_on_emitted_cpp,5eb72c8d,8,14,cxx_mul_to_div,stencil_chain.halide_generated.cpp,8550,48,generator_specific,0,0,1,,,test2_golden,0,0.949,cxx_mul_to_div:/mnt/scratch1/ardi/dsl_mut/HM-armc/mutation/lowered-cpp/stencil_chain/stencil_chain.halide_generated.cpp:8550:48
stencil_chain,cxx_default_on_emitted_cpp,5eb72c8d,8,14,cxx_add_to_sub,stencil_chain.halide_generated.cpp,15533,38,generator_specific,0,0,1,,,test2_golden,0,0.740,cxx_add_to_sub:/mnt/scratch1/ardi/dsl_mut/HM-armc/mutation/lowered-cpp/stencil_chain/stencil_chain.halide_generated.cpp:15533:38
stencil_chain,cxx_default_on_emitted_cpp,5eb72c8d,8,14,cxx_add_to_sub,stencil_chain.halide_generated.cpp,13954,48,generator_specific,0,0,1,,,test2_golden,0,0.765,cxx_add_to_sub:/mnt/scratch1/ardi/dsl_mut/HM-armc/mutation/lowered-cpp/stencil_chain/stencil_chain.halide_generated.cpp:13954:48
stencil_chain,cxx_default_on_emitted_cpp,5eb72c8d,8,14,cxx_add_to_sub,stencil_chain.halide_generated.cpp,11680,40,generator_specific,0,0,1,,,test2_golden,0,0.742,cxx_add_to_sub:/mnt/scratch1/ardi/dsl_mut/HM-armc/mutation/lowered-cpp/stencil_chain/stencil_chain.halide_generated.cpp:11680:40
stencil_chain,cxx_default_on_emitted_cpp,5eb72c8d,8,14,cxx_add_to_sub,stencil_chain.halide_generated.cpp,12840,41,generator_specific,0,0,1,,,test2_golden,0,0.921,cxx_add_to_sub:/mnt/scratch1/ardi/dsl_mut/HM-armc/mutation/lowered-cpp/stencil_chain/stencil_chain.halide_generated.cpp:12840:41
stencil_chain,cxx_default_on_emitted_cpp,5eb72c8d,8,14,cxx_add_to_sub,stencil_chain.halide_generated.cpp,13952,48,generator_specific,0,0,1,,,test2_golden,0,0.766,cxx_add_to_sub:/mnt/scratch1/ardi/dsl_mut/HM-armc/mutation/lowered-cpp/stencil_chain/stencil_chain.halide_generated.cpp:13952:48
stencil_chain,cxx_default_on_emitted_cpp,5eb72c8d,8,14,cxx_add_to_sub,stencil_chain.halide_generated.cpp,6592,42,generator_specific,0,0,1,,,test2_golden,0,0.826,cxx_add_to_sub:/mnt/scratch1/ardi/dsl_mut/HM-armc/mutation/lowered-cpp/stencil_chain/stencil_chain.halide_generated.cpp:6592:42
stencil_chain,cxx_default_on_emitted_cpp,5eb72c8d,8,14,cxx_mul_to_div,stencil_chain.halide_generated.cpp,5772,36,generator_specific,0,0,1,,,test2_golden,0,0.842,cxx_mul_to_div:/mnt/scratch1/ardi/dsl_mut/HM-armc/mutation/lowered-cpp/stencil_chain/stencil_chain.halide_generated.cpp:5772:36
stencil_chain,cxx_default_on_emitted_cpp,5eb72c8d,8,14,cxx_add_to_sub,stencil_chain.halide_generated.cpp,7527,41,generator_specific,0,0,1,,,test2_golden,0,0.771,cxx_add_to_sub:/mnt/scratch1/ardi/dsl_mut/HM-armc/mutation/lowered-cpp/stencil_chain/stencil_chain.halide_generated.cpp:7527:41
stencil_chain,cxx_default_on_emitted_cpp,5eb72c8d,8,14,cxx_add_to_sub,stencil_chain.halide_generated.cpp,13438,45,generator_specific,0,0,1,,,test2_golden,0,2.013,cxx_add_to_sub:/mnt/scratch1/ardi/dsl_mut/HM-armc/mutation/lowered-cpp/stencil_chain/stencil_chain.halide_generated.cpp:13438:45
stencil_chain,cxx_default_on_emitted_cpp,5eb72c8d,8,14,cxx_add_to_sub,stencil_chain.halide_generated.cpp,4703,46,generator_specific,0,0,1,,,test2_golden,0,1.120,cxx_add_to_sub:/mnt/scratch1/ardi/dsl_mut/HM-armc/mutation/lowered-cpp/stencil_chain/stencil_chain.halide_generated.cpp:4703:46
stencil_chain,cxx_default_on_emitted_cpp,5eb72c8d,8,14,cxx_mul_to_div,stencil_chain.halide_generated.cpp,16372,41,generator_specific,0,0,1,,,test2_golden,0,0.743,cxx_mul_to_div:/mnt/scratch1/ardi/dsl_mut/HM-armc/mutation/lowered-cpp/stencil_chain/stencil_chain.halide_generated.cpp:16372:41
stencil_chain,cxx_default_on_emitted_cpp,5eb72c8d,8,14,cxx_remove_void_call,stencil_chain.halide_generated.cpp,11188,14,generator_specific,0,0,1,,,test2_golden,0,0.630,cxx_remove_void_call:/mnt/scratch1/ardi/dsl_mut/HM-armc/mutation/lowered-cpp/stencil_chain/stencil_chain.halide_generated.cpp:11188:14
stencil_chain,cxx_default_on_emitted_cpp,5eb72c8d,8,14,cxx_add_to_sub,stencil_chain.halide_generated.cpp,14063,44,generator_specific,0,0,1,,,test2_golden,0,0.987,cxx_add_to_sub:/mnt/scratch1/ardi/dsl_mut/HM-armc/mutation/lowered-cpp/stencil_chain/stencil_chain.halide_generated.cpp:14063:44
stencil_chain,cxx_default_on_emitted_cpp,5eb72c8d,8,14,cxx_add_to_sub,stencil_chain.halide_generated.cpp,17901,51,generator_specific,0,0,1,,,test2_golden,0,0.877,cxx_add_to_sub:/mnt/scratch1/ardi/dsl_mut/HM-armc/mutation/lowered-cpp/stencil_chain/stencil_chain.halide_generated.cpp:17901:51
stencil_chain,cxx_default_on_emitted_cpp,5eb72c8d,8,14,cxx_add_to_sub,stencil_chain.halide_generated.cpp,6066,42,generator_specific,0,0,1,,,test2_golden,0,0.760,cxx_add_to_sub:/mnt/scratch1/ardi/dsl_mut/HM-armc/mutation/lowered-cpp/stencil_chain/stencil_chain.halide_generated.cpp:6066:42
stencil_chain,cxx_default_on_emitted_cpp,5eb72c8d,8,14,cxx_add_to_sub,stencil_chain.halide_generated.cpp,14712,47,generator_specific,0,0,1,,,test2_golden,0,0.965,cxx_add_to_sub:/mnt/scratch1/ardi/dsl_mut/HM-armc/mutation/lowered-cpp/stencil_chain/stencil_chain.halide_generated.cpp:14712:47
stencil_chain,cxx_default_on_emitted_cpp,5eb72c8d,8,14,cxx_lt_to_le,stencil_chain.halide_generated.cpp,13102,67,generator_specific,0,0,1,,,test2_golden,0,0.974,cxx_lt_to_le:/mnt/scratch1/ardi/dsl_mut/HM-armc/mutation/lowered-cpp/stencil_chain/stencil_chain.halide_generated.cpp:13102:67
stencil_chain,cxx_default_on_emitted_cpp,5eb72c8d,8,14,cxx_mul_to_div,stencil_chain.halide_generated.cpp,6501,42,generator_specific,0,0,1,,,test2_golden,0,0.742,cxx_mul_to_div:/mnt/scratch1/ardi/dsl_mut/HM-armc/mutation/lowered-cpp/stencil_chain/stencil_chain.halide_generated.cpp:6501:42
stencil_chain,cxx_default_on_emitted_cpp,5eb72c8d,8,14,cxx_add_to_sub,stencil_chain.halide_generated.cpp,9279,38,generator_specific,0,0,1,,,test2_golden,0,0.744,cxx_add_to_sub:/mnt/scratch1/ardi/dsl_mut/HM-armc/mutation/lowered-cpp/stencil_chain/stencil_chain.halide_generated.cpp:9279:38
stencil_chain,cxx_default_on_emitted_cpp,5eb72c8d,8,14,cxx_add_to_sub,stencil_chain.halide_generated.cpp,12031,41,generator_specific,0,0,1,,,test2_golden,0,0.764,cxx_add_to_sub:/mnt/scratch1/ardi/dsl_mut/HM-armc/mutation/lowered-cpp/stencil_chain/stencil_chain.halide_generated.cpp:12031:41
stencil_chain,cxx_default_on_emitted_cpp,5eb72c8d,8,14,cxx_mul_to_div,stencil_chain.halide_generated.cpp,17787,51,generator_specific,0,0,1,,,test2_golden,0,0.760,cxx_mul_to_div:/mnt/scratch1/ardi/dsl_mut/HM-armc/mutation/lowered-cpp/stencil_chain/stencil_chain.halide_generated.cpp:17787:51
stencil_chain,cxx_default_on_emitted_cpp,5eb72c8d,8,14,cxx_add_to_sub,stencil_chain.halide_generated.cpp,10357,44,generator_specific,0,0,1,,,test2_golden,0,1.783,cxx_add_to_sub:/mnt/scratch1/ardi/dsl_mut/HM-armc/mutation/lowered-cpp/stencil_chain/stencil_chain.halide_generated.cpp:10357:44
stencil_chain,cxx_default_on_emitted_cpp,5eb72c8d,8,14,cxx_add_to_sub,stencil_chain.halide_generated.cpp,14302,51,generator_specific,0,0,1,,,test2_golden,0,0.964,cxx_add_to_sub:/mnt/scratch1/ardi/dsl_mut/HM-armc/mutation/lowered-cpp/stencil_chain/stencil_chain.halide_generated.cpp:14302:51
stencil_chain,cxx_default_on_emitted_cpp,5eb72c8d,8,14,cxx_replace_scalar_call,stencil_chain.halide_generated.cpp,5512,29,generator_specific,0,0,1,,,test2_golden,0,0.953,cxx_replace_scalar_call:/mnt/scratch1/ardi/dsl_mut/HM-armc/mutation/lowered-cpp/stencil_chain/stencil_chain.halide_generated.cpp:5512:29
stencil_chain,cxx_default_on_emitted_cpp,5eb72c8d,8,14,cxx_mul_to_div,stencil_chain.halide_generated.cpp,11109,40,generator_specific,0,0,1,,,test2_golden,0,0.763,cxx_mul_to_div:/mnt/scratch1/ardi/dsl_mut/HM-armc/mutation/lowered-cpp/stencil_chain/stencil_chain.halide_generated.cpp:11109:40
stencil_chain,cxx_default_on_emitted_cpp,5eb72c8d,8,14,cxx_add_to_sub,stencil_chain.halide_generated.cpp,4241,38,generator_specific,0,0,1,,,test2_golden,0,0.758,cxx_add_to_sub:/mnt/scratch1/ardi/dsl_mut/HM-armc/mutation/lowered-cpp/stencil_chain/stencil_chain.halide_generated.cpp:4241:38
stencil_chain,cxx_default_on_emitted_cpp,5eb72c8d,8,14,cxx_remove_void_call,stencil_chain.halide_generated.cpp,7470,20,generator_specific,0,0,1,,,test2_golden,0,0.825,cxx_remove_void_call:/mnt/scratch1/ardi/dsl_mut/HM-armc/mutation/lowered-cpp/stencil_chain/stencil_chain.halide_generated.cpp:7470:20
stencil_chain,cxx_default_on_emitted_cpp,5eb72c8d,8,14,cxx_mul_to_div,stencil_chain.halide_generated.cpp,7592,45,generator_specific,0,0,1,,,test2_golden,0,0.764,cxx_mul_to_div:/mnt/scratch1/ardi/dsl_mut/HM-armc/mutation/lowered-cpp/stencil_chain/stencil_chain.halide_generated.cpp:7592:45
stencil_chain,cxx_default_on_emitted_cpp,5eb72c8d,8,14,cxx_mul_to_div,stencil_chain.halide_generated.cpp,17984,50,generator_specific,0,0,1,,,test2_golden,0,0.895,cxx_mul_to_div:/mnt/scratch1/ardi/dsl_mut/HM-armc/mutation/lowered-cpp/stencil_chain/stencil_chain.halide_generated.cpp:17984:50
stencil_chain,cxx_default_on_emitted_cpp,5eb72c8d,8,14,cxx_add_to_sub,stencil_chain.halide_generated.cpp,5213,45,generator_specific,0,0,1,,,test2_golden,0,1.288,cxx_add_to_sub:/mnt/scratch1/ardi/dsl_mut/HM-armc/mutation/lowered-cpp/stencil_chain/stencil_chain.halide_generated.cpp:5213:45
stencil_chain,cxx_default_on_emitted_cpp,5eb72c8d,8,14,cxx_lt_to_le,stencil_chain.halide_generated.cpp,3560,33,generator_specific,-11,1,,,,test1_demo,0,0.219,cxx_lt_to_le:/mnt/scratch1/ardi/dsl_mut/HM-armc/mutation/lowered-cpp/stencil_chain/stencil_chain.halide_generated.cpp:3560:33
stencil_chain,cxx_default_on_emitted_cpp,5eb72c8d,8,14,cxx_mul_to_div,stencil_chain.halide_generated.cpp,7829,42,generator_specific,0,0,1,,,test2_golden,0,1.051,cxx_mul_to_div:/mnt/scratch1/ardi/dsl_mut/HM-armc/mutation/lowered-cpp/stencil_chain/stencil_chain.halide_generated.cpp:7829:42
stencil_chain,cxx_default_on_emitted_cpp,5eb72c8d,8,14,cxx_add_to_sub,stencil_chain.halide_generated.cpp,5460,34,generator_specific,0,0,1,,,test2_golden,0,0.736,cxx_add_to_sub:/mnt/scratch1/ardi/dsl_mut/HM-armc/mutation/lowered-cpp/stencil_chain/stencil_chain.halide_generated.cpp:5460:34
stencil_chain,cxx_default_on_emitted_cpp,5eb72c8d,8,14,cxx_mul_to_div,stencil_chain.halide_generated.cpp,12105,43,generator_specific,0,0,1,,,test2_golden,0,2.764,cxx_mul_to_div:/mnt/scratch1/ardi/dsl_mut/HM-armc/mutation/lowered-cpp/stencil_chain/stencil_chain.halide_generated.cpp:12105:43
stencil_chain,cxx_default_on_emitted_cpp,5eb72c8d,8,14,cxx_mul_to_div,stencil_chain.halide_generated.cpp,15386,43,generator_specific,0,0,1,,,test2_golden,0,0.923,cxx_mul_to_div:/mnt/scratch1/ardi/dsl_mut/HM-armc/mutation/lowered-cpp/stencil_chain/stencil_chain.halide_generated.cpp:15386:43
stencil_chain,cxx_default_on_emitted_cpp,5eb72c8d,8,14,cxx_mul_to_div,stencil_chain.halide_generated.cpp,11323,39,generator_specific,0,0,1,,,test2_golden,0,0.894,cxx_mul_to_div:/mnt/scratch1/ardi/dsl_mut/HM-armc/mutation/lowered-cpp/stencil_chain/stencil_chain.halide_generated.cpp:11323:39
stencil_chain,cxx_default_on_emitted_cpp,5eb72c8d,8,14,cxx_mul_to_div,stencil_chain.halide_generated.cpp,4865,47,generator_specific,0,0,1,,,test2_golden,0,1.641,cxx_mul_to_div:/mnt/scratch1/ardi/dsl_mut/HM-armc/mutation/lowered-cpp/stencil_chain/stencil_chain.halide_generated.cpp:4865:47
stencil_chain,cxx_default_on_emitted_cpp,5eb72c8d,8,14,cxx_mul_to_div,stencil_chain.halide_generated.cpp,7754,47,generator_specific,0,0,1,,,test2_golden,0,2.370,cxx_mul_to_div:/mnt/scratch1/ardi/dsl_mut/HM-armc/mutation/lowered-cpp/stencil_chain/stencil_chain.halide_generated.cpp:7754:47
stencil_chain,cxx_default_on_emitted_cpp,5eb72c8d,8,14,cxx_mul_to_div,stencil_chain.halide_generated.cpp,16726,46,generator_specific,0,0,1,,,test2_golden,0,0.757,cxx_mul_to_div:/mnt/scratch1/ardi/dsl_mut/HM-armc/mutation/lowered-cpp/stencil_chain/stencil_chain.halide_generated.cpp:16726:46
stencil_chain,cxx_default_on_emitted_cpp,5eb72c8d,8,14,cxx_lt_to_ge,stencil_chain.halide_generated.cpp,3250,30,boilerplate,0,0,1,,,test2_golden,0,1.057,cxx_lt_to_ge:/mnt/scratch1/ardi/dsl_mut/HM-armc/mutation/lowered-cpp/stencil_chain/stencil_chain.halide_generated.cpp:3250:30
stencil_chain,cxx_default_on_emitted_cpp,5eb72c8d,8,14,cxx_lt_to_ge,stencil_chain.halide_generated.cpp,11028,61,generator_specific,0,0,1,,,test2_golden,0,0.612,cxx_lt_to_ge:/mnt/scratch1/ardi/dsl_mut/HM-armc/mutation/lowered-cpp/stencil_chain/stencil_chain.halide_generated.cpp:11028:61
stencil_chain,cxx_default_on_emitted_cpp,5eb72c8d,8,14,cxx_mul_to_div,stencil_chain.halide_generated.cpp,3975,40,generator_specific,0,0,1,,,test2_golden,0,0.750,cxx_mul_to_div:/mnt/scratch1/ardi/dsl_mut/HM-armc/mutation/lowered-cpp/stencil_chain/stencil_chain.halide_generated.cpp:3975:40
stencil_chain,cxx_default_on_emitted_cpp,5eb72c8d,8,14,cxx_add_to_sub,stencil_chain.halide_generated.cpp,14644,52,generator_specific,0,0,1,,,test2_golden,0,0.744,cxx_add_to_sub:/mnt/scratch1/ardi/dsl_mut/HM-armc/mutation/lowered-cpp/stencil_chain/stencil_chain.halide_generated.cpp:14644:52
stencil_chain,cxx_default_on_emitted_cpp,5eb72c8d,8,14,cxx_add_to_sub,stencil_chain.halide_generated.cpp,5217,45,generator_specific,0,0,1,,,test2_golden,0,2.105,cxx_add_to_sub:/mnt/scratch1/ardi/dsl_mut/HM-armc/mutation/lowered-cpp/stencil_chain/stencil_chain.halide_generated.cpp:5217:45
stencil_chain,cxx_default_on_emitted_cpp,5eb72c8d,8,14,cxx_add_to_sub,stencil_chain.halide_generated.cpp,11211,35,generator_specific,0,0,1,,,test2_golden,0,1.866,cxx_add_to_sub:/mnt/scratch1/ardi/dsl_mut/HM-armc/mutation/lowered-cpp/stencil_chain/stencil_chain.halide_generated.cpp:11211:35
stencil_chain,cxx_default_on_emitted_cpp,5eb72c8d,8,14,cxx_add_to_sub,stencil_chain.halide_generated.cpp,10860,50,generator_specific,0,0,1,,,test2_golden,0,0.751,cxx_add_to_sub:/mnt/scratch1/ardi/dsl_mut/HM-armc/mutation/lowered-cpp/stencil_chain/stencil_chain.halide_generated.cpp:10860:50
stencil_chain,cxx_default_on_emitted_cpp,5eb72c8d,8,14,cxx_add_to_sub,stencil_chain.halide_generated.cpp,14833,47,generator_specific,0,0,1,,,test2_golden,0,1.075,cxx_add_to_sub:/mnt/scratch1/ardi/dsl_mut/HM-armc/mutation/lowered-cpp/stencil_chain/stencil_chain.halide_generated.cpp:14833:47
stencil_chain,cxx_default_on_emitted_cpp,5eb72c8d,8,14,cxx_add_to_sub,stencil_chain.halide_generated.cpp,18246,52,generator_specific,0,0,1,,,test2_golden,0,0.730,cxx_add_to_sub:/mnt/scratch1/ardi/dsl_mut/HM-armc/mutation/lowered-cpp/stencil_chain/stencil_chain.halide_generated.cpp:18246:52
stencil_chain,cxx_default_on_emitted_cpp,5eb72c8d,8,14,cxx_add_to_sub,stencil_chain.halide_generated.cpp,17843,47,generator_specific,0,0,1,,,test2_golden,0,1.734,cxx_add_to_sub:/mnt/scratch1/ardi/dsl_mut/HM-armc/mutation/lowered-cpp/stencil_chain/stencil_chain.halide_generated.cpp:17843:47
stencil_chain,cxx_default_on_emitted_cpp,5eb72c8d,8,14,cxx_add_to_sub,stencil_chain.halide_generated.cpp,9046,32,generator_specific,-11,1,,,,test1_demo,0,0.557,cxx_add_to_sub:/mnt/scratch1/ardi/dsl_mut/HM-armc/mutation/lowered-cpp/stencil_chain/stencil_chain.halide_generated.cpp:9046:32
stencil_chain,cxx_default_on_emitted_cpp,5eb72c8d,8,14,cxx_add_to_sub,stencil_chain.halide_generated.cpp,17726,49,generator_specific,0,0,1,,,test2_golden,0,2.422,cxx_add_to_sub:/mnt/scratch1/ardi/dsl_mut/HM-armc/mutation/lowered-cpp/stencil_chain/stencil_chain.halide_generated.cpp:17726:49
stencil_chain,cxx_default_on_emitted_cpp,5eb72c8d,8,14,cxx_mul_to_div,stencil_chain.halide_generated.cpp,13391,45,generator_specific,0,0,1,,,test2_golden,0,2.910,cxx_mul_to_div:/mnt/scratch1/ardi/dsl_mut/HM-armc/mutation/lowered-cpp/stencil_chain/stencil_chain.halide_generated.cpp:13391:45
stencil_chain,cxx_default_on_emitted_cpp,5eb72c8d,8,14,cxx_mul_to_div,stencil_chain.halide_generated.cpp,11655,40,generator_specific,0,0,1,,,test2_golden,0,0.895,cxx_mul_to_div:/mnt/scratch1/ardi/dsl_mut/HM-armc/mutation/lowered-cpp/stencil_chain/stencil_chain.halide_generated.cpp:11655:40
stencil_chain,cxx_default_on_emitted_cpp,5eb72c8d,8,14,cxx_mul_to_div,stencil_chain.halide_generated.cpp,3665,35,generator_specific,0,0,0,,,,0,0.756,cxx_mul_to_div:/mnt/scratch1/ardi/dsl_mut/HM-armc/mutation/lowered-cpp/stencil_chain/stencil_chain.halide_generated.cpp:3665:35
stencil_chain,cxx_default_on_emitted_cpp,5eb72c8d,8,14,cxx_mul_to_div,stencil_chain.halide_generated.cpp,4872,47,generator_specific,0,0,1,,,test2_golden,0,0.930,cxx_mul_to_div:/mnt/scratch1/ardi/dsl_mut/HM-armc/mutation/lowered-cpp/stencil_chain/stencil_chain.halide_generated.cpp:4872:47
stencil_chain,cxx_default_on_emitted_cpp,5eb72c8d,8,14,cxx_add_to_sub,stencil_chain.halide_generated.cpp,12880,41,generator_specific,0,0,1,,,test2_golden,0,0.906,cxx_add_to_sub:/mnt/scratch1/ardi/dsl_mut/HM-armc/mutation/lowered-cpp/stencil_chain/stencil_chain.halide_generated.cpp:12880:41
stencil_chain,cxx_default_on_emitted_cpp,5eb72c8d,8,14,cxx_sub_to_add,stencil_chain.halide_generated.cpp,13454,43,generator_specific,0,0,1,,,test2_golden,0,0.916,cxx_sub_to_add:/mnt/scratch1/ardi/dsl_mut/HM-armc/mutation/lowered-cpp/stencil_chain/stencil_chain.halide_generated.cpp:13454:43
stencil_chain,cxx_default_on_emitted_cpp,5eb72c8d,8,14,cxx_mul_to_div,stencil_chain.halide_generated.cpp,8000,44,generator_specific,0,0,1,,,test2_golden,0,0.952,cxx_mul_to_div:/mnt/scratch1/ardi/dsl_mut/HM-armc/mutation/lowered-cpp/stencil_chain/stencil_chain.halide_generated.cpp:8000:44
stencil_chain,cxx_default_on_emitted_cpp,5eb72c8d,8,14,cxx_mul_to_div,stencil_chain.halide_generated.cpp,6210,41,generator_specific,0,0,1,,,test2_golden,0,0.742,cxx_mul_to_div:/mnt/scratch1/ardi/dsl_mut/HM-armc/mutation/lowered-cpp/stencil_chain/stencil_chain.halide_generated.cpp:6210:41
stencil_chain,cxx_default_on_emitted_cpp,5eb72c8d,8,14,cxx_add_to_sub,stencil_chain.halide_generated.cpp,10871,50,generator_specific,0,0,1,,,test2_golden,0,0.768,cxx_add_to_sub:/mnt/scratch1/ardi/dsl_mut/HM-armc/mutation/lowered-cpp/stencil_chain/stencil_chain.halide_generated.cpp:10871:50
stencil_chain,cxx_default_on_emitted_cpp,5eb72c8d,8,14,cxx_add_to_sub,stencil_chain.halide_generated.cpp,7628,45,generator_specific,0,0,1,,,test2_golden,0,0.754,cxx_add_to_sub:/mnt/scratch1/ardi/dsl_mut/HM-armc/mutation/lowered-cpp/stencil_chain/stencil_chain.halide_generated.cpp:7628:45
stencil_chain,cxx_default_on_emitted_cpp,5eb72c8d,8,14,cxx_add_to_sub,stencil_chain.halide_generated.cpp,11343,39,generator_specific,0,0,1,,,test2_golden,0,0.746,cxx_add_to_sub:/mnt/scratch1/ardi/dsl_mut/HM-armc/mutation/lowered-cpp/stencil_chain/stencil_chain.halide_generated.cpp:11343:39
stencil_chain,cxx_default_on_emitted_cpp,5eb72c8d,8,14,cxx_lt_to_ge,stencil_chain.halide_generated.cpp,14142,70,generator_specific,0,0,1,,,test2_golden,0,2.277,cxx_lt_to_ge:/mnt/scratch1/ardi/dsl_mut/HM-armc/mutation/lowered-cpp/stencil_chain/stencil_chain.halide_generated.cpp:14142:70
stencil_chain,cxx_default_on_emitted_cpp,5eb72c8d,8,14,cxx_le_to_gt,stencil_chain.halide_generated.cpp,13789,36,generator_specific,0,0,1,,,test2_golden,0,0.585,cxx_le_to_gt:/mnt/scratch1/ardi/dsl_mut/HM-armc/mutation/lowered-cpp/stencil_chain/stencil_chain.halide_generated.cpp:13789:36
stencil_chain,cxx_default_on_emitted_cpp,5eb72c8d,8,14,cxx_add_to_sub,stencil_chain.halide_generated.cpp,12042,41,generator_specific,0,0,1,,,test2_golden,0,0.918,cxx_add_to_sub:/mnt/scratch1/ardi/dsl_mut/HM-armc/mutation/lowered-cpp/stencil_chain/stencil_chain.halide_generated.cpp:12042:41
stencil_chain,cxx_default_on_emitted_cpp,5eb72c8d,8,14,cxx_add_to_sub,stencil_chain.halide_generated.cpp,6756,44,generator_specific,0,0,1,,,test2_golden,0,0.890,cxx_add_to_sub:/mnt/scratch1/ardi/dsl_mut/HM-armc/mutation/lowered-cpp/stencil_chain/stencil_chain.halide_generated.cpp:6756:44
stencil_chain,cxx_default_on_emitted_cpp,5eb72c8d,8,14,cxx_add_to_sub,stencil_chain.halide_generated.cpp,9795,44,generator_specific,0,0,1,,,test2_golden,0,0.965,cxx_add_to_sub:/mnt/scratch1/ardi/dsl_mut/HM-armc/mutation/lowered-cpp/stencil_chain/stencil_chain.halide_generated.cpp:9795:44
stencil_chain,cxx_default_on_emitted_cpp,5eb72c8d,8,14,cxx_mul_to_div,stencil_chain.halide_generated.cpp,5915,48,generator_specific,0,0,1,,,test2_golden,0,0.620,cxx_mul_to_div:/mnt/scratch1/ardi/dsl_mut/HM-armc/mutation/lowered-cpp/stencil_chain/stencil_chain.halide_generated.cpp:5915:48
stencil_chain,cxx_default_on_emitted_cpp,5eb72c8d,8,14,cxx_add_to_sub,stencil_chain.halide_generated.cpp,9022,49,generator_specific,0,0,1,,,test2_golden,0,0.970,cxx_add_to_sub:/mnt/scratch1/ardi/dsl_mut/HM-armc/mutation/lowered-cpp/stencil_chain/stencil_chain.halide_generated.cpp:9022:49
stencil_chain,cxx_default_on_emitted_cpp,5eb72c8d,8,14,cxx_add_to_sub,stencil_chain.halide_generated.cpp,11697,40,generator_specific,0,0,1,,,test2_golden,0,0.749,cxx_add_to_sub:/mnt/scratch1/ardi/dsl_mut/HM-armc/mutation/lowered-cpp/stencil_chain/stencil_chain.halide_generated.cpp:11697:40
stencil_chain,cxx_default_on_emitted_cpp,5eb72c8d,8,14,cxx_add_to_sub,stencil_chain.halide_generated.cpp,12568,44,generator_specific,0,0,1,,,test2_golden,0,0.831,cxx_add_to_sub:/mnt/scratch1/ardi/dsl_mut/HM-armc/mutation/lowered-cpp/stencil_chain/stencil_chain.halide_generated.cpp:12568:44
stencil_chain,cxx_default_on_emitted_cpp,5eb72c8d,8,14,cxx_add_to_sub,stencil_chain.halide_generated.cpp,15087,38,generator_specific,0,0,1,,,test2_golden,0,0.770,cxx_add_to_sub:/mnt/scratch1/ardi/dsl_mut/HM-armc/mutation/lowered-cpp/stencil_chain/stencil_chain.halide_generated.cpp:15087:38
stencil_chain,cxx_default_on_emitted_cpp,5eb72c8d,8,14,cxx_mul_to_div,stencil_chain.halide_generated.cpp,11559,36,generator_specific,0,0,1,,,test2_golden,0,0.938,cxx_mul_to_div:/mnt/scratch1/ardi/dsl_mut/HM-armc/mutation/lowered-cpp/stencil_chain/stencil_chain.halide_generated.cpp:11559:36
stencil_chain,cxx_default_on_emitted_cpp,5eb72c8d,8,14,cxx_add_to_sub,stencil_chain.halide_generated.cpp,14150,47,generator_specific,0,0,1,,,test2_golden,0,0.850,cxx_add_to_sub:/mnt/scratch1/ardi/dsl_mut/HM-armc/mutation/lowered-cpp/stencil_chain/stencil_chain.halide_generated.cpp:14150:47
stencil_chain,cxx_default_on_emitted_cpp,5eb72c8d,8,14,cxx_add_to_sub,stencil_chain.halide_generated.cpp,18255,52,generator_specific,0,0,1,,,test2_golden,0,0.859,cxx_add_to_sub:/mnt/scratch1/ardi/dsl_mut/HM-armc/mutation/lowered-cpp/stencil_chain/stencil_chain.halide_generated.cpp:18255:52
stencil_chain,cxx_default_on_emitted_cpp,5eb72c8d,8,14,cxx_mul_to_div,stencil_chain.halide_generated.cpp,5903,36,generator_specific,0,0,1,,,test2_golden,0,0.777,cxx_mul_to_div:/mnt/scratch1/ardi/dsl_mut/HM-armc/mutation/lowered-cpp/stencil_chain/stencil_chain.halide_generated.cpp:5903:36
stencil_chain,cxx_default_on_emitted_cpp,5eb72c8d,8,14,cxx_add_to_sub,stencil_chain.halide_generated.cpp,4373,98,generator_specific,0,0,1,,,test2_golden,0,0.957,cxx_add_to_sub:/mnt/scratch1/ardi/dsl_mut/HM-armc/mutation/lowered-cpp/stencil_chain/stencil_chain.halide_generated.cpp:4373:98
stencil_chain,cxx_default_on_emitted_cpp,5eb72c8d,8,14,cxx_add_to_sub,stencil_chain.halide_generated.cpp,11192,35,generator_specific,0,0,1,,,test2_golden,0,1.811,cxx_add_to_sub:/mnt/scratch1/ardi/dsl_mut/HM-armc/mutation/lowered-cpp/stencil_chain/stencil_chain.halide_generated.cpp:11192:35
stencil_chain,cxx_default_on_emitted_cpp,5eb72c8d,8,14,cxx_lt_to_ge,stencil_chain.halide_generated.cpp,18869,25,generator_specific,0,0,0,,,,0,0.825,cxx_lt_to_ge:/mnt/scratch1/ardi/dsl_mut/HM-armc/mutation/lowered-cpp/stencil_chain/stencil_chain.halide_generated.cpp:18869:25
stencil_chain,cxx_default_on_emitted_cpp,5eb72c8d,8,14,cxx_add_to_sub,stencil_chain.halide_generated.cpp,15327,39,generator_specific,0,0,1,,,test2_golden,0,0.774,cxx_add_to_sub:/mnt/scratch1/ardi/dsl_mut/HM-armc/mutation/lowered-cpp/stencil_chain/stencil_chain.halide_generated.cpp:15327:39
stencil_chain,cxx_default_on_emitted_cpp,5eb72c8d,8,14,cxx_mul_to_div,stencil_chain.halide_generated.cpp,15839,51,generator_specific,0,0,1,,,test2_golden,0,1.068,cxx_mul_to_div:/mnt/scratch1/ardi/dsl_mut/HM-armc/mutation/lowered-cpp/stencil_chain/stencil_chain.halide_generated.cpp:15839:51
stencil_chain,cxx_default_on_emitted_cpp,5eb72c8d,8,14,cxx_add_to_sub,stencil_chain.halide_generated.cpp,17562,50,generator_specific,0,0,1,,,test2_golden,0,0.770,cxx_add_to_sub:/mnt/scratch1/ardi/dsl_mut/HM-armc/mutation/lowered-cpp/stencil_chain/stencil_chain.halide_generated.cpp:17562:50
stencil_chain,cxx_default_on_emitted_cpp,5eb72c8d,8,14,cxx_mul_to_div,stencil_chain.halide_generated.cpp,6679,44,generator_specific,0,0,1,,,test2_golden,0,0.764,cxx_mul_to_div:/mnt/scratch1/ardi/dsl_mut/HM-armc/mutation/lowered-cpp/stencil_chain/stencil_chain.halide_generated.cpp:6679:44
stencil_chain,cxx_default_on_emitted_cpp,5eb72c8d,8,14,cxx_mul_to_div,stencil_chain.halide_generated.cpp,18035,50,generator_specific,0,0,1,,,test2_golden,0,0.751,cxx_mul_to_div:/mnt/scratch1/ardi/dsl_mut/HM-armc/mutation/lowered-cpp/stencil_chain/stencil_chain.halide_generated.cpp:18035:50
stencil_chain,cxx_default_on_emitted_cpp,5eb72c8d,8,14,cxx_mul_to_div,stencil_chain.halide_generated.cpp,8004,44,generator_specific,0,0,1,,,test2_golden,0,0.943,cxx_mul_to_div:/mnt/scratch1/ardi/dsl_mut/HM-armc/mutation/lowered-cpp/stencil_chain/stencil_chain.halide_generated.cpp:8004:44
stencil_chain,cxx_default_on_emitted_cpp,5eb72c8d,8,14,cxx_add_to_sub,stencil_chain.halide_generated.cpp,12219,43,generator_specific,0,0,1,,,test2_golden,0,0.751,cxx_add_to_sub:/mnt/scratch1/ardi/dsl_mut/HM-armc/mutation/lowered-cpp/stencil_chain/stencil_chain.halide_generated.cpp:12219:43
stencil_chain,cxx_default_on_emitted_cpp,5eb72c8d,8,14,cxx_mul_to_div,stencil_chain.halide_generated.cpp,8357,45,generator_specific,0,0,1,,,test2_golden,0,0.850,cxx_mul_to_div:/mnt/scratch1/ardi/dsl_mut/HM-armc/mutation/lowered-cpp/stencil_chain/stencil_chain.halide_generated.cpp:8357:45
stencil_chain,cxx_default_on_emitted_cpp,5eb72c8d,8,14,cxx_add_to_sub,stencil_chain.halide_generated.cpp,17372,48,generator_specific,0,0,1,,,test2_golden,0,0.771,cxx_add_to_sub:/mnt/scratch1/ardi/dsl_mut/HM-armc/mutation/lowered-cpp/stencil_chain/stencil_chain.halide_generated.cpp:17372:48
stencil_chain,cxx_default_on_emitted_cpp,5eb72c8d,8,14,cxx_mul_to_div,stencil_chain.halide_generated.cpp,16216,46,generator_specific,0,0,1,,,test2_golden,0,0.774,cxx_mul_to_div:/mnt/scratch1/ardi/dsl_mut/HM-armc/mutation/lowered-cpp/stencil_chain/stencil_chain.halide_generated.cpp:16216:46
stencil_chain,cxx_default_on_emitted_cpp,5eb72c8d,8,14,cxx_add_to_sub,stencil_chain.halide_generated.cpp,9244,41,generator_specific,0,0,1,,,test2_golden,0,0.769,cxx_add_to_sub:/mnt/scratch1/ardi/dsl_mut/HM-armc/mutation/lowered-cpp/stencil_chain/stencil_chain.halide_generated.cpp:9244:41
stencil_chain,cxx_default_on_emitted_cpp,5eb72c8d,8,14,cxx_add_to_sub,stencil_chain.halide_generated.cpp,10697,49,generator_specific,0,0,1,,,test2_golden,0,1.160,cxx_add_to_sub:/mnt/scratch1/ardi/dsl_mut/HM-armc/mutation/lowered-cpp/stencil_chain/stencil_chain.halide_generated.cpp:10697:49
stencil_chain,cxx_default_on_emitted_cpp,5eb72c8d,8,14,cxx_mul_to_div,stencil_chain.halide_generated.cpp,5569,47,generator_specific,0,0,1,,,test2_golden,0,1.922,cxx_mul_to_div:/mnt/scratch1/ardi/dsl_mut/HM-armc/mutation/lowered-cpp/stencil_chain/stencil_chain.halide_generated.cpp:5569:47
stencil_chain,cxx_default_on_emitted_cpp,5eb72c8d,8,14,cxx_add_to_sub,stencil_chain.halide_generated.cpp,13781,46,generator_specific,0,0,1,,,test2_golden,0,1.685,cxx_add_to_sub:/mnt/scratch1/ardi/dsl_mut/HM-armc/mutation/lowered-cpp/stencil_chain/stencil_chain.halide_generated.cpp:13781:46
stencil_chain,cxx_default_on_emitted_cpp,5eb72c8d,8,14,cxx_add_to_sub,stencil_chain.halide_generated.cpp,15986,45,generator_specific,0,0,1,,,test2_golden,0,0.764,cxx_add_to_sub:/mnt/scratch1/ardi/dsl_mut/HM-armc/mutation/lowered-cpp/stencil_chain/stencil_chain.halide_generated.cpp:15986:45
stencil_chain,cxx_default_on_emitted_cpp,5eb72c8d,8,14,cxx_add_to_sub,stencil_chain.halide_generated.cpp,7659,43,generator_specific,0,0,1,,,test2_golden,0,0.768,cxx_add_to_sub:/mnt/scratch1/ardi/dsl_mut/HM-armc/mutation/lowered-cpp/stencil_chain/stencil_chain.halide_generated.cpp:7659:43
stencil_chain,cxx_default_on_emitted_cpp,5eb72c8d,8,14,cxx_remove_void_call,stencil_chain.halide_generated.cpp,3546,2,generator_specific,0,0,0,,,,0,0.927,cxx_remove_void_call:/mnt/scratch1/ardi/dsl_mut/HM-armc/mutation/lowered-cpp/stencil_chain/stencil_chain.halide_generated.cpp:3546:2
stencil_chain,cxx_default_on_emitted_cpp,5eb72c8d,8,14,cxx_mul_to_div,stencil_chain.halide_generated.cpp,13573,47,generator_specific,0,0,1,,,test2_golden,0,0.770,cxx_mul_to_div:/mnt/scratch1/ardi/dsl_mut/HM-armc/mutation/lowered-cpp/stencil_chain/stencil_chain.halide_generated.cpp:13573:47
stencil_chain,cxx_default_on_emitted_cpp,5eb72c8d,8,14,cxx_add_to_sub,stencil_chain.halide_generated.cpp,4797,43,generator_specific,0,0,1,,,test2_golden,0,0.904,cxx_add_to_sub:/mnt/scratch1/ardi/dsl_mut/HM-armc/mutation/lowered-cpp/stencil_chain/stencil_chain.halide_generated.cpp:4797:43
stencil_chain,cxx_default_on_emitted_cpp,5eb72c8d,8,14,cxx_add_to_sub,stencil_chain.halide_generated.cpp,5747,36,generator_specific,0,0,0,,,,0,0.978,cxx_add_to_sub:/mnt/scratch1/ardi/dsl_mut/HM-armc/mutation/lowered-cpp/stencil_chain/stencil_chain.halide_generated.cpp:5747:36
stencil_chain,cxx_default_on_emitted_cpp,5eb72c8d,8,14,cxx_add_to_sub,stencil_chain.halide_generated.cpp,12806,41,generator_specific,0,0,1,,,test2_golden,0,1.354,cxx_add_to_sub:/mnt/scratch1/ardi/dsl_mut/HM-armc/mutation/lowered-cpp/stencil_chain/stencil_chain.halide_generated.cpp:12806:41
stencil_chain,cxx_default_on_emitted_cpp,5eb72c8d,8,14,cxx_add_to_sub,stencil_chain.halide_generated.cpp,4173,41,generator_specific,0,0,1,,,test2_golden,0,0.947,cxx_add_to_sub:/mnt/scratch1/ardi/dsl_mut/HM-armc/mutation/lowered-cpp/stencil_chain/stencil_chain.halide_generated.cpp:4173:41
stencil_chain,cxx_default_on_emitted_cpp,5eb72c8d,8,14,cxx_mul_to_div,stencil_chain.halide_generated.cpp,15421,43,generator_specific,0,0,1,,,test2_golden,0,0.760,cxx_mul_to_div:/mnt/scratch1/ardi/dsl_mut/HM-armc/mutation/lowered-cpp/stencil_chain/stencil_chain.halide_generated.cpp:15421:43
stencil_chain,cxx_default_on_emitted_cpp,5eb72c8d,8,14,cxx_add_to_sub,stencil_chain.halide_generated.cpp,15192,37,generator_specific,0,0,1,,,test2_golden,0,0.768,cxx_add_to_sub:/mnt/scratch1/ardi/dsl_mut/HM-armc/mutation/lowered-cpp/stencil_chain/stencil_chain.halide_generated.cpp:15192:37
stencil_chain,cxx_default_on_emitted_cpp,5eb72c8d,8,14,cxx_add_to_sub,stencil_chain.halide_generated.cpp,9004,49,generator_specific,0,0,1,,,test2_golden,0,1.530,cxx_add_to_sub:/mnt/scratch1/ardi/dsl_mut/HM-armc/mutation/lowered-cpp/stencil_chain/stencil_chain.halide_generated.cpp:9004:49
stencil_chain,cxx_default_on_emitted_cpp,5eb72c8d,8,14,cxx_mul_to_div,stencil_chain.halide_generated.cpp,12181,43,generator_specific,0,0,1,,,test2_golden,0,0.746,cxx_mul_to_div:/mnt/scratch1/ardi/dsl_mut/HM-armc/mutation/lowered-cpp/stencil_chain/stencil_chain.halide_generated.cpp:12181:43
stencil_chain,cxx_default_on_emitted_cpp,5eb72c8d,8,14,cxx_mul_to_div,stencil_chain.halide_generated.cpp,16081,44,generator_specific,0,0,1,,,test2_golden,0,2.654,cxx_mul_to_div:/mnt/scratch1/ardi/dsl_mut/HM-armc/mutation/lowered-cpp/stencil_chain/stencil_chain.halide_generated.cpp:16081:44
stencil_chain,cxx_default_on_emitted_cpp,5eb72c8d,8,14,cxx_add_to_sub,stencil_chain.halide_generated.cpp,16056,40,generator_specific,0,0,1,,,test2_golden,0,0.741,cxx_add_to_sub:/mnt/scratch1/ardi/dsl_mut/HM-armc/mutation/lowered-cpp/stencil_chain/stencil_chain.halide_generated.cpp:16056:40
stencil_chain,cxx_default_on_emitted_cpp,5eb72c8d,8,14,cxx_mul_to_div,stencil_chain.halide_generated.cpp,14020,49,generator_specific,0,0,1,,,test2_golden,0,0.744,cxx_mul_to_div:/mnt/scratch1/ardi/dsl_mut/HM-armc/mutation/lowered-cpp/stencil_chain/stencil_chain.halide_generated.cpp:14020:49
stencil_chain,cxx_default_on_emitted_cpp,5eb72c8d,8,14,cxx_add_to_sub,stencil_chain.halide_generated.cpp,3571,20,generator_specific,0,0,0,,,,0,0.764,cxx_add_to_sub:/mnt/scratch1/ardi/dsl_mut/HM-armc/mutation/lowered-cpp/stencil_chain/stencil_chain.halide_generated.cpp:3571:20
stencil_chain,cxx_default_on_emitted_cpp,5eb72c8d,8,14,cxx_mul_to_div,stencil_chain.halide_generated.cpp,5803,40,generator_specific,0,0,1,,,test2_golden,0,0.743,cxx_mul_to_div:/mnt/scratch1/ardi/dsl_mut/HM-armc/mutation/lowered-cpp/stencil_chain/stencil_chain.halide_generated.cpp:5803:40
stencil_chain,cxx_default_on_emitted_cpp,5eb72c8d,8,14,cxx_add_to_sub,stencil_chain.halide_generated.cpp,9822,41,generator_specific,0,0,1,,,test2_golden,0,0.748,cxx_add_to_sub:/mnt/scratch1/ardi/dsl_mut/HM-armc/mutation/lowered-cpp/stencil_chain/stencil_chain.halide_generated.cpp:9822:41
stencil_chain,cxx_default_on_emitted_cpp,5eb72c8d,8,14,cxx_add_to_sub,stencil_chain.halide_generated.cpp,6309,39,generator_specific,0,0,1,,,test2_golden,0,0.963,cxx_add_to_sub:/mnt/scratch1/ardi/dsl_mut/HM-armc/mutation/lowered-cpp/stencil_chain/stencil_chain.halide_generated.cpp:6309:39
stencil_chain,cxx_default_on_emitted_cpp,5eb72c8d,8,14,cxx_add_to_sub,stencil_chain.halide_generated.cpp,15939,41,generator_specific,0,0,1,,,test2_golden,0,2.044,cxx_add_to_sub:/mnt/scratch1/ardi/dsl_mut/HM-armc/mutation/lowered-cpp/stencil_chain/stencil_chain.halide_generated.cpp:15939:41
stencil_chain,cxx_default_on_emitted_cpp,5eb72c8d,8,14,cxx_add_to_sub,stencil_chain.halide_generated.cpp,6390,39,generator_specific,0,0,1,,,test2_golden,0,0.961,cxx_add_to_sub:/mnt/scratch1/ardi/dsl_mut/HM-armc/mutation/lowered-cpp/stencil_chain/stencil_chain.halide_generated.cpp:6390:39
stencil_chain,cxx_default_on_emitted_cpp,5eb72c8d,8,14,cxx_sub_to_add,stencil_chain.halide_generated.cpp,18421,26,generator_specific,0,0,0,,,,0,0.969,cxx_sub_to_add:/mnt/scratch1/ardi/dsl_mut/HM-armc/mutation/lowered-cpp/stencil_chain/stencil_chain.halide_generated.cpp:18421:26
stencil_chain,cxx_default_on_emitted_cpp,5eb72c8d,8,14,cxx_mul_to_div,stencil_chain.halide_generated.cpp,13868,48,generator_specific,0,0,1,,,test2_golden,0,0.766,cxx_mul_to_div:/mnt/scratch1/ardi/dsl_mut/HM-armc/mutation/lowered-cpp/stencil_chain/stencil_chain.halide_generated.cpp:13868:48
stencil_chain,cxx_default_on_emitted_cpp,5eb72c8d,8,14,cxx_mul_to_div,stencil_chain.halide_generated.cpp,7193,44,generator_specific,0,0,1,,,test2_golden,0,0.740,cxx_mul_to_div:/mnt/scratch1/ardi/dsl_mut/HM-armc/mutation/lowered-cpp/stencil_chain/stencil_chain.halide_generated.cpp:7193:44
stencil_chain,cxx_default_on_emitted_cpp,5eb72c8d,8,14,cxx_mul_to_div,stencil_chain.halide_generated.cpp,6806,39,generator_specific,0,0,1,,,test2_golden,0,0.739,cxx_mul_to_div:/mnt/scratch1/ardi/dsl_mut/HM-armc/mutation/lowered-cpp/stencil_chain/stencil_chain.halide_generated.cpp:6806:39
stencil_chain,cxx_default_on_emitted_cpp,5eb72c8d,8,14,cxx_add_to_sub,stencil_chain.halide_generated.cpp,15047,38,generator_specific,0,0,1,,,test2_golden,0,1.393,cxx_add_to_sub:/mnt/scratch1/ardi/dsl_mut/HM-armc/mutation/lowered-cpp/stencil_chain/stencil_chain.halide_generated.cpp:15047:38
stencil_chain,cxx_default_on_emitted_cpp,5eb72c8d,8,14,cxx_add_to_sub,stencil_chain.halide_generated.cpp,13423,45,generator_specific,0,0,1,,,test2_golden,0,0.759,cxx_add_to_sub:/mnt/scratch1/ardi/dsl_mut/HM-armc/mutation/lowered-cpp/stencil_chain/stencil_chain.halide_generated.cpp:13423:45
stencil_chain,cxx_default_on_emitted_cpp,5eb72c8d,8,14,cxx_mul_to_div,stencil_chain.halide_generated.cpp,10014,42,generator_specific,0,0,1,,,test2_golden,0,0.741,cxx_mul_to_div:/mnt/scratch1/ardi/dsl_mut/HM-armc/mutation/lowered-cpp/stencil_chain/stencil_chain.halide_generated.cpp:10014:42
stencil_chain,cxx_default_on_emitted_cpp,5eb72c8d,8,14,cxx_add_to_sub,stencil_chain.halide_generated.cpp,9793,44,generator_specific,0,0,1,,,test2_golden,0,0.742,cxx_add_to_sub:/mnt/scratch1/ardi/dsl_mut/HM-armc/mutation/lowered-cpp/stencil_chain/stencil_chain.halide_generated.cpp:9793:44
stencil_chain,cxx_default_on_emitted_cpp,5eb72c8d,8,14,cxx_mul_to_div,stencil_chain.halide_generated.cpp,17108,49,generator_specific,0,0,1,,,test2_golden,0,1.514,cxx_mul_to_div:/mnt/scratch1/ardi/dsl_mut/HM-armc/mutation/lowered-cpp/stencil_chain/stencil_chain.halide_generated.cpp:17108:49
stencil_chain,cxx_default_on_emitted_cpp,5eb72c8d,8,14,cxx_add_to_sub,stencil_chain.halide_generated.cpp,12377,42,generator_specific,0,0,1,,,test2_golden,0,0.764,cxx_add_to_sub:/mnt/scratch1/ardi/dsl_mut/HM-armc/mutation/lowered-cpp/stencil_chain/stencil_chain.halide_generated.cpp:12377:42
stencil_chain,cxx_default_on_emitted_cpp,5eb72c8d,8,14,cxx_add_to_sub,stencil_chain.halide_generated.cpp,17899,51,generator_specific,0,0,1,,,test2_golden,0,2.022,cxx_add_to_sub:/mnt/scratch1/ardi/dsl_mut/HM-armc/mutation/lowered-cpp/stencil_chain/stencil_chain.halide_generated.cpp:17899:51
stencil_chain,cxx_default_on_emitted_cpp,5eb72c8d,8,14,cxx_add_to_sub,stencil_chain.halide_generated.cpp,5294,46,generator_specific,0,0,1,,,test2_golden,0,0.751,cxx_add_to_sub:/mnt/scratch1/ardi/dsl_mut/HM-armc/mutation/lowered-cpp/stencil_chain/stencil_chain.halide_generated.cpp:5294:46
stencil_chain,cxx_default_on_emitted_cpp,5eb72c8d,8,14,cxx_add_to_sub,stencil_chain.halide_generated.cpp,9418,42,generator_specific,0,0,1,,,test2_golden,0,0.746,cxx_add_to_sub:/mnt/scratch1/ardi/dsl_mut/HM-armc/mutation/lowered-cpp/stencil_chain/stencil_chain.halide_generated.cpp:9418:42
stencil_chain,cxx_default_on_emitted_cpp,5eb72c8d,8,14,cxx_add_to_sub,stencil_chain.halide_generated.cpp,14507,47,generator_specific,-6,1,,,,test1_demo,0,0.600,cxx_add_to_sub:/mnt/scratch1/ardi/dsl_mut/HM-armc/mutation/lowered-cpp/stencil_chain/stencil_chain.halide_generated.cpp:14507:47
stencil_chain,cxx_default_on_emitted_cpp,5eb72c8d,8,14,cxx_add_to_sub,stencil_chain.halide_generated.cpp,11958,37,generator_specific,0,0,1,,,test2_golden,0,0.895,cxx_add_to_sub:/mnt/scratch1/ardi/dsl_mut/HM-armc/mutation/lowered-cpp/stencil_chain/stencil_chain.halide_generated.cpp:11958:37
stencil_chain,cxx_default_on_emitted_cpp,5eb72c8d,8,14,cxx_add_to_sub,stencil_chain.halide_generated.cpp,15664,40,generator_specific,0,0,1,,,test2_golden,0,0.934,cxx_add_to_sub:/mnt/scratch1/ardi/dsl_mut/HM-armc/mutation/lowered-cpp/stencil_chain/stencil_chain.halide_generated.cpp:15664:40
stencil_chain,cxx_default_on_emitted_cpp,5eb72c8d,8,14,cxx_add_to_sub,stencil_chain.halide_generated.cpp,16501,45,generator_specific,0,0,1,,,test2_golden,0,0.752,cxx_add_to_sub:/mnt/scratch1/ardi/dsl_mut/HM-armc/mutation/lowered-cpp/stencil_chain/stencil_chain.halide_generated.cpp:16501:45
stencil_chain,cxx_default_on_emitted_cpp,5eb72c8d,8,14,cxx_mul_to_div,stencil_chain.halide_generated.cpp,12944,40,generator_specific,0,0,1,,,test2_golden,0,0.765,cxx_mul_to_div:/mnt/scratch1/ardi/dsl_mut/HM-armc/mutation/lowered-cpp/stencil_chain/stencil_chain.halide_generated.cpp:12944:40
stencil_chain,cxx_default_on_emitted_cpp,5eb72c8d,8,14,cxx_add_to_sub,stencil_chain.halide_generated.cpp,13811,44,generator_specific,0,0,1,,,test2_golden,0,1.294,cxx_add_to_sub:/mnt/scratch1/ardi/dsl_mut/HM-armc/mutation/lowered-cpp/stencil_chain/stencil_chain.halide_generated.cpp:13811:44
stencil_chain,cxx_default_on_emitted_cpp,5eb72c8d,8,14,cxx_mul_to_div,stencil_chain.halide_generated.cpp,11604,40,generator_specific,0,0,1,,,test2_golden,0,2.389,cxx_mul_to_div:/mnt/scratch1/ardi/dsl_mut/HM-armc/mutation/lowered-cpp/stencil_chain/stencil_chain.halide_generated.cpp:11604:40
stencil_chain,cxx_default_on_emitted_cpp,5eb72c8d,8,14,cxx_add_to_sub,stencil_chain.halide_generated.cpp,7635,45,generator_specific,0,0,1,,,test2_golden,0,0.747,cxx_add_to_sub:/mnt/scratch1/ardi/dsl_mut/HM-armc/mutation/lowered-cpp/stencil_chain/stencil_chain.halide_generated.cpp:7635:45
stencil_chain,cxx_default_on_emitted_cpp,5eb72c8d,8,14,cxx_mul_to_div,stencil_chain.halide_generated.cpp,8780,50,generator_specific,0,0,1,,,test2_golden,0,0.947,cxx_mul_to_div:/mnt/scratch1/ardi/dsl_mut/HM-armc/mutation/lowered-cpp/stencil_chain/stencil_chain.halide_generated.cpp:8780:50
stencil_chain,cxx_default_on_emitted_cpp,5eb72c8d,8,14,cxx_add_to_sub,stencil_chain.halide_generated.cpp,18743,27,generator_specific,0,0,1,,,test2_golden,0,0.768,cxx_add_to_sub:/mnt/scratch1/ardi/dsl_mut/HM-armc/mutation/lowered-cpp/stencil_chain/stencil_chain.halide_generated.cpp:18743:27
stencil_chain,cxx_default_on_emitted_cpp,5eb72c8d,8,14,cxx_mul_to_div,stencil_chain.halide_generated.cpp,15004,42,generator_specific,0,0,1,,,test2_golden,0,1.501,cxx_mul_to_div:/mnt/scratch1/ardi/dsl_mut/HM-armc/mutation/lowered-cpp/stencil_chain/stencil_chain.halide_generated.cpp:15004:42
stencil_chain,cxx_default_on_emitted_cpp,5eb72c8d,8,14,cxx_add_to_sub,stencil_chain.halide_generated.cpp,7802,47,generator_specific,0,0,1,,,test2_golden,0,2.164,cxx_add_to_sub:/mnt/scratch1/ardi/dsl_mut/HM-armc/mutation/lowered-cpp/stencil_chain/stencil_chain.halide_generated.cpp:7802:47
stencil_chain,cxx_default_on_emitted_cpp,5eb72c8d,8,14,cxx_add_to_sub,stencil_chain.halide_generated.cpp,15287,41,generator_specific,0,0,1,,,test2_golden,0,0.951,cxx_add_to_sub:/mnt/scratch1/ardi/dsl_mut/HM-armc/mutation/lowered-cpp/stencil_chain/stencil_chain.halide_generated.cpp:15287:41
stencil_chain,cxx_default_on_emitted_cpp,5eb72c8d,8,14,cxx_add_to_sub,stencil_chain.halide_generated.cpp,8145,48,generator_specific,0,0,1,,,test2_golden,0,0.755,cxx_add_to_sub:/mnt/scratch1/ardi/dsl_mut/HM-armc/mutation/lowered-cpp/stencil_chain/stencil_chain.halide_generated.cpp:8145:48
stencil_chain,cxx_default_on_emitted_cpp,5eb72c8d,8,14,cxx_mul_to_div,stencil_chain.halide_generated.cpp,8759,50,generator_specific,0,0,1,,,test2_golden,0,0.774,cxx_mul_to_div:/mnt/scratch1/ardi/dsl_mut/HM-armc/mutation/lowered-cpp/stencil_chain/stencil_chain.halide_generated.cpp:8759:50
stencil_chain,cxx_default_on_emitted_cpp,5eb72c8d,8,14,cxx_add_to_sub,stencil_chain.halide_generated.cpp,17173,45,generator_specific,0,0,1,,,test2_golden,0,0.959,cxx_add_to_sub:/mnt/scratch1/ardi/dsl_mut/HM-armc/mutation/lowered-cpp/stencil_chain/stencil_chain.halide_generated.cpp:17173:45
stencil_chain,cxx_default_on_emitted_cpp,5eb72c8d,8,14,cxx_le_to_gt,stencil_chain.halide_generated.cpp,16868,35,generator_specific,0,0,1,,,test2_golden,0,1.721,cxx_le_to_gt:/mnt/scratch1/ardi/dsl_mut/HM-armc/mutation/lowered-cpp/stencil_chain/stencil_chain.halide_generated.cpp:16868:35
stencil_chain,cxx_default_on_emitted_cpp,5eb72c8d,8,14,cxx_add_to_sub,stencil_chain.halide_generated.cpp,4707,46,generator_specific,0,0,1,,,test2_golden,0,0.767,cxx_add_to_sub:/mnt/scratch1/ardi/dsl_mut/HM-armc/mutation/lowered-cpp/stencil_chain/stencil_chain.halide_generated.cpp:4707:46
stencil_chain,cxx_default_on_emitted_cpp,5eb72c8d,8,14,cxx_mul_to_div,stencil_chain.halide_generated.cpp,7197,44,generator_specific,0,0,1,,,test2_golden,0,0.832,cxx_mul_to_div:/mnt/scratch1/ardi/dsl_mut/HM-armc/mutation/lowered-cpp/stencil_chain/stencil_chain.halide_generated.cpp:7197:44
stencil_chain,cxx_default_on_emitted_cpp,5eb72c8d,8,14,cxx_add_to_sub,stencil_chain.halide_generated.cpp,8212,43,generator_specific,0,0,1,,,test2_golden,0,0.761,cxx_add_to_sub:/mnt/scratch1/ardi/dsl_mut/HM-armc/mutation/lowered-cpp/stencil_chain/stencil_chain.halide_generated.cpp:8212:43
stencil_chain,cxx_default_on_emitted_cpp,5eb72c8d,8,14,cxx_mul_to_div,stencil_chain.halide_generated.cpp,11842,42,generator_specific,0,0,1,,,test2_golden,0,0.777,cxx_mul_to_div:/mnt/scratch1/ardi/dsl_mut/HM-armc/mutation/lowered-cpp/stencil_chain/stencil_chain.halide_generated.cpp:11842:42
stencil_chain,cxx_default_on_emitted_cpp,5eb72c8d,8,14,cxx_add_to_sub,stencil_chain.halide_generated.cpp,7800,47,generator_specific,0,0,1,,,test2_golden,0,0.882,cxx_add_to_sub:/mnt/scratch1/ardi/dsl_mut/HM-armc/mutation/lowered-cpp/stencil_chain/stencil_chain.halide_generated.cpp:7800:47
stencil_chain,cxx_default_on_emitted_cpp,5eb72c8d,8,14,cxx_add_to_sub,stencil_chain.halide_generated.cpp,14810,51,generator_specific,0,0,1,,,test2_golden,0,0.740,cxx_add_to_sub:/mnt/scratch1/ardi/dsl_mut/HM-armc/mutation/lowered-cpp/stencil_chain/stencil_chain.halide_generated.cpp:14810:51
stencil_chain,cxx_default_on_emitted_cpp,5eb72c8d,8,14,cxx_mul_to_div,stencil_chain.halide_generated.cpp,5982,42,generator_specific,0,0,1,,,test2_golden,0,0.873,cxx_mul_to_div:/mnt/scratch1/ardi/dsl_mut/HM-armc/mutation/lowered-cpp/stencil_chain/stencil_chain.halide_generated.cpp:5982:42
stencil_chain,cxx_default_on_emitted_cpp,5eb72c8d,8,14,cxx_add_to_sub,stencil_chain.halide_generated.cpp,16348,46,generator_specific,0,0,1,,,test2_golden,0,0.931,cxx_add_to_sub:/mnt/scratch1/ardi/dsl_mut/HM-armc/mutation/lowered-cpp/stencil_chain/stencil_chain.halide_generated.cpp:16348:46
stencil_chain,cxx_default_on_emitted_cpp,5eb72c8d,8,14,cxx_add_to_sub,stencil_chain.halide_generated.cpp,6880,39,generator_specific,0,0,1,,,test2_golden,0,0.733,cxx_add_to_sub:/mnt/scratch1/ardi/dsl_mut/HM-armc/mutation/lowered-cpp/stencil_chain/stencil_chain.halide_generated.cpp:6880:39
stencil_chain,cxx_default_on_emitted_cpp,5eb72c8d,8,14,cxx_mul_to_div,stencil_chain.halide_generated.cpp,4810,47,generator_specific,0,0,1,,,test2_golden,0,0.737,cxx_mul_to_div:/mnt/scratch1/ardi/dsl_mut/HM-armc/mutation/lowered-cpp/stencil_chain/stencil_chain.halide_generated.cpp:4810:47
stencil_chain,cxx_default_on_emitted_cpp,5eb72c8d,8,14,cxx_add_to_sub,stencil_chain.halide_generated.cpp,17557,50,generator_specific,0,0,1,,,test2_golden,0,0.756,cxx_add_to_sub:/mnt/scratch1/ardi/dsl_mut/HM-armc/mutation/lowered-cpp/stencil_chain/stencil_chain.halide_generated.cpp:17557:50
stencil_chain,cxx_default_on_emitted_cpp,5eb72c8d,8,14,cxx_add_to_sub,stencil_chain.halide_generated.cpp,7118,45,generator_specific,0,0,1,,,test2_golden,0,0.752,cxx_add_to_sub:/mnt/scratch1/ardi/dsl_mut/HM-armc/mutation/lowered-cpp/stencil_chain/stencil_chain.halide_generated.cpp:7118:45
stencil_chain,cxx_default_on_emitted_cpp,5eb72c8d,8,14,cxx_add_to_sub,stencil_chain.halide_generated.cpp,11204,35,generator_specific,0,0,1,,,test2_golden,0,2.118,cxx_add_to_sub:/mnt/scratch1/ardi/dsl_mut/HM-armc/mutation/lowered-cpp/stencil_chain/stencil_chain.halide_generated.cpp:11204:35
stencil_chain,cxx_default_on_emitted_cpp,5eb72c8d,8,14,cxx_add_to_sub,stencil_chain.halide_generated.cpp,7230,40,generator_specific,0,0,1,,,test2_golden,0,0.735,cxx_add_to_sub:/mnt/scratch1/ardi/dsl_mut/HM-armc/mutation/lowered-cpp/stencil_chain/stencil_chain.halide_generated.cpp:7230:40
stencil_chain,cxx_default_on_emitted_cpp,5eb72c8d,8,14,cxx_add_to_sub,stencil_chain.halide_generated.cpp,6204,37,generator_specific,0,0,1,,,test2_golden,0,0.758,cxx_add_to_sub:/mnt/scratch1/ardi/dsl_mut/HM-armc/mutation/lowered-cpp/stencil_chain/stencil_chain.halide_generated.cpp:6204:37
stencil_chain,cxx_default_on_emitted_cpp,5eb72c8d,8,14,cxx_mul_to_div,stencil_chain.halide_generated.cpp,16290,46,generator_specific,0,0,1,,,test2_golden,0,0.757,cxx_mul_to_div:/mnt/scratch1/ardi/dsl_mut/HM-armc/mutation/lowered-cpp/stencil_chain/stencil_chain.halide_generated.cpp:16290:46
stencil_chain,cxx_default_on_emitted_cpp,5eb72c8d,8,14,cxx_add_to_sub,stencil_chain.halide_generated.cpp,17271,44,generator_specific,0,0,1,,,test2_golden,0,0.760,cxx_add_to_sub:/mnt/scratch1/ardi/dsl_mut/HM-armc/mutation/lowered-cpp/stencil_chain/stencil_chain.halide_generated.cpp:17271:44
stencil_chain,cxx_default_on_emitted_cpp,5eb72c8d,8,14,cxx_sub_to_add,stencil_chain.halide_generated.cpp,18447,26,generator_specific,0,0,0,,,,0,0.766,cxx_sub_to_add:/mnt/scratch1/ardi/dsl_mut/HM-armc/mutation/lowered-cpp/stencil_chain/stencil_chain.halide_generated.cpp:18447:26
stencil_chain,cxx_default_on_emitted_cpp,5eb72c8d,8,14,cxx_add_to_sub,stencil_chain.halide_generated.cpp,4716,46,generator_specific,0,0,1,,,test2_golden,0,0.763,cxx_add_to_sub:/mnt/scratch1/ardi/dsl_mut/HM-armc/mutation/lowered-cpp/stencil_chain/stencil_chain.halide_generated.cpp:4716:46
stencil_chain,cxx_default_on_emitted_cpp,5eb72c8d,8,14,cxx_add_to_sub,stencil_chain.halide_generated.cpp,8761,46,generator_specific,0,0,1,,,test2_golden,0,2.122,cxx_add_to_sub:/mnt/scratch1/ardi/dsl_mut/HM-armc/mutation/lowered-cpp/stencil_chain/stencil_chain.halide_generated.cpp:8761:46
stencil_chain,cxx_default_on_emitted_cpp,5eb72c8d,8,14,cxx_mul_to_div,stencil_chain.halide_generated.cpp,8701,46,generator_specific,0,0,1,,,test2_golden,0,0.770,cxx_mul_to_div:/mnt/scratch1/ardi/dsl_mut/HM-armc/mutation/lowered-cpp/stencil_chain/stencil_chain.halide_generated.cpp:8701:46
stencil_chain,cxx_default_on_emitted_cpp,5eb72c8d,8,14,cxx_add_to_sub,stencil_chain.halide_generated.cpp,7031,41,generator_specific,0,0,1,,,test2_golden,0,0.839,cxx_add_to_sub:/mnt/scratch1/ardi/dsl_mut/HM-armc/mutation/lowered-cpp/stencil_chain/stencil_chain.halide_generated.cpp:7031:41
stencil_chain,cxx_default_on_emitted_cpp,5eb72c8d,8,14,cxx_mul_to_div,stencil_chain.halide_generated.cpp,12015,41,generator_specific,0,0,1,,,test2_golden,0,0.749,cxx_mul_to_div:/mnt/scratch1/ardi/dsl_mut/HM-armc/mutation/lowered-cpp/stencil_chain/stencil_chain.halide_generated.cpp:12015:41
stencil_chain,cxx_default_on_emitted_cpp,5eb72c8d,8,14,cxx_add_to_sub,stencil_chain.halide_generated.cpp,12380,42,generator_specific,0,0,1,,,test2_golden,0,0.959,cxx_add_to_sub:/mnt/scratch1/ardi/dsl_mut/HM-armc/mutation/lowered-cpp/stencil_chain/stencil_chain.halide_generated.cpp:12380:42
stencil_chain,cxx_default_on_emitted_cpp,5eb72c8d,8,14,cxx_mul_to_div,stencil_chain.halide_generated.cpp,6789,39,generator_specific,0,0,1,,,test2_golden,0,0.838,cxx_mul_to_div:/mnt/scratch1/ardi/dsl_mut/HM-armc/mutation/lowered-cpp/stencil_chain/stencil_chain.halide_generated.cpp:6789:39
stencil_chain,cxx_default_on_emitted_cpp,5eb72c8d,8,14,cxx_add_to_sub,stencil_chain.halide_generated.cpp,12690,39,generator_specific,0,0,1,,,test2_golden,0,1.179,cxx_add_to_sub:/mnt/scratch1/ardi/dsl_mut/HM-armc/mutation/lowered-cpp/stencil_chain/stencil_chain.halide_generated.cpp:12690:39
stencil_chain,cxx_default_on_emitted_cpp,5eb72c8d,8,14,cxx_add_to_sub,stencil_chain.halide_generated.cpp,16512,45,generator_specific,0,0,1,,,test2_golden,0,1.337,cxx_add_to_sub:/mnt/scratch1/ardi/dsl_mut/HM-armc/mutation/lowered-cpp/stencil_chain/stencil_chain.halide_generated.cpp:16512:45
stencil_chain,cxx_default_on_emitted_cpp,5eb72c8d,8,14,cxx_add_to_sub,stencil_chain.halide_generated.cpp,14464,50,generator_specific,0,0,1,,,test2_golden,0,2.239,cxx_add_to_sub:/mnt/scratch1/ardi/dsl_mut/HM-armc/mutation/lowered-cpp/stencil_chain/stencil_chain.halide_generated.cpp:14464:50
stencil_chain,cxx_default_on_emitted_cpp,5eb72c8d,8,14,cxx_add_to_sub,stencil_chain.halide_generated.cpp,15208,37,generator_specific,0,0,1,,,test2_golden,0,0.938,cxx_add_to_sub:/mnt/scratch1/ardi/dsl_mut/HM-armc/mutation/lowered-cpp/stencil_chain/stencil_chain.halide_generated.cpp:15208:37
stencil_chain,cxx_default_on_emitted_cpp,5eb72c8d,8,14,cxx_add_to_sub,stencil_chain.halide_generated.cpp,15098,38,generator_specific,0,0,1,,,test2_golden,0,0.917,cxx_add_to_sub:/mnt/scratch1/ardi/dsl_mut/HM-armc/mutation/lowered-cpp/stencil_chain/stencil_chain.halide_generated.cpp:15098:38
stencil_chain,cxx_default_on_emitted_cpp,5eb72c8d,8,14,cxx_add_to_sub,stencil_chain.halide_generated.cpp,7501,41,generator_specific,0,0,1,,,test2_golden,0,0.918,cxx_add_to_sub:/mnt/scratch1/ardi/dsl_mut/HM-armc/mutation/lowered-cpp/stencil_chain/stencil_chain.halide_generated.cpp:7501:41
stencil_chain,cxx_default_on_emitted_cpp,5eb72c8d,8,14,cxx_replace_scalar_call,stencil_chain.halide_generated.cpp,18530,21,generator_specific,0,0,0,,,,0,0.756,cxx_replace_scalar_call:/mnt/scratch1/ardi/dsl_mut/HM-armc/mutation/lowered-cpp/stencil_chain/stencil_chain.halide_generated.cpp:18530:21
stencil_chain,cxx_default_on_emitted_cpp,5eb72c8d,8,14,cxx_mul_to_div,stencil_chain.halide_generated.cpp,9228,41,generator_specific,0,0,1,,,test2_golden,0,1.522,cxx_mul_to_div:/mnt/scratch1/ardi/dsl_mut/HM-armc/mutation/lowered-cpp/stencil_chain/stencil_chain.halide_generated.cpp:9228:41
stencil_chain,cxx_default_on_emitted_cpp,5eb72c8d,8,14,cxx_add_to_sub,stencil_chain.halide_generated.cpp,5676,37,generator_specific,0,0,1,,,test2_golden,0,1.326,cxx_add_to_sub:/mnt/scratch1/ardi/dsl_mut/HM-armc/mutation/lowered-cpp/stencil_chain/stencil_chain.halide_generated.cpp:5676:37
stencil_chain,cxx_default_on_emitted_cpp,5eb72c8d,8,14,cxx_mul_to_div,stencil_chain.halide_generated.cpp,4418,43,generator_specific,0,0,1,,,test2_golden,0,0.786,cxx_mul_to_div:/mnt/scratch1/ardi/dsl_mut/HM-armc/mutation/lowered-cpp/stencil_chain/stencil_chain.halide_generated.cpp:4418:43
stencil_chain,cxx_default_on_emitted_cpp,5eb72c8d,8,14,cxx_mul_to_div,stencil_chain.halide_generated.cpp,12619,43,generator_specific,0,0,1,,,test2_golden,0,1.662,cxx_mul_to_div:/mnt/scratch1/ardi/dsl_mut/HM-armc/mutation/lowered-cpp/stencil_chain/stencil_chain.halide_generated.cpp:12619:43
stencil_chain,cxx_default_on_emitted_cpp,5eb72c8d,8,14,cxx_le_to_gt,stencil_chain.halide_generated.cpp,4726,35,generator_specific,0,0,1,,,test2_golden,0,1.572,cxx_le_to_gt:/mnt/scratch1/ardi/dsl_mut/HM-armc/mutation/lowered-cpp/stencil_chain/stencil_chain.halide_generated.cpp:4726:35
stencil_chain,cxx_default_on_emitted_cpp,5eb72c8d,8,14,cxx_add_to_sub,stencil_chain.halide_generated.cpp,9341,38,generator_specific,0,0,1,,,test2_golden,0,0.755,cxx_add_to_sub:/mnt/scratch1/ardi/dsl_mut/HM-armc/mutation/lowered-cpp/stencil_chain/stencil_chain.halide_generated.cpp:9341:38
stencil_chain,cxx_default_on_emitted_cpp,5eb72c8d,8,14,cxx_add_to_sub,stencil_chain.halide_generated.cpp,5669,37,generator_specific,0,0,1,,,test2_golden,0,0.748,cxx_add_to_sub:/mnt/scratch1/ardi/dsl_mut/HM-armc/mutation/lowered-cpp/stencil_chain/stencil_chain.halide_generated.cpp:5669:37
stencil_chain,cxx_default_on_emitted_cpp,5eb72c8d,8,14,cxx_mul_to_div,stencil_chain.halide_generated.cpp,7770,47,generator_specific,0,0,1,,,test2_golden,0,0.742,cxx_mul_to_div:/mnt/scratch1/ardi/dsl_mut/HM-armc/mutation/lowered-cpp/stencil_chain/stencil_chain.halide_generated.cpp:7770:47
stencil_chain,cxx_default_on_emitted_cpp,5eb72c8d,8,14,cxx_add_to_sub,stencil_chain.halide_generated.cpp,9600,43,generator_specific,0,0,1,,,test2_golden,0,0.807,cxx_add_to_sub:/mnt/scratch1/ardi/dsl_mut/HM-armc/mutation/lowered-cpp/stencil_chain/stencil_chain.halide_generated.cpp:9600:43
stencil_chain,cxx_default_on_emitted_cpp,5eb72c8d,8,14,cxx_add_to_sub,stencil_chain.halide_generated.cpp,10140,46,generator_specific,0,0,1,,,test2_golden,0,0.762,cxx_add_to_sub:/mnt/scratch1/ardi/dsl_mut/HM-armc/mutation/lowered-cpp/stencil_chain/stencil_chain.halide_generated.cpp:10140:46
stencil_chain,cxx_default_on_emitted_cpp,5eb72c8d,8,14,cxx_add_to_sub,stencil_chain.halide_generated.cpp,11111,36,generator_specific,0,0,1,,,test2_golden,0,2.787,cxx_add_to_sub:/mnt/scratch1/ardi/dsl_mut/HM-armc/mutation/lowered-cpp/stencil_chain/stencil_chain.halide_generated.cpp:11111:36
stencil_chain,cxx_default_on_emitted_cpp,5eb72c8d,8,14,cxx_mul_to_div,stencil_chain.halide_generated.cpp,11704,36,generator_specific,0,0,1,,,test2_golden,0,0.806,cxx_mul_to_div:/mnt/scratch1/ardi/dsl_mut/HM-armc/mutation/lowered-cpp/stencil_chain/stencil_chain.halide_generated.cpp:11704:36
stencil_chain,cxx_default_on_emitted_cpp,5eb72c8d,8,14,cxx_add_to_sub,stencil_chain.halide_generated.cpp,6273,39,generator_specific,0,0,1,,,test2_golden,0,0.742,cxx_add_to_sub:/mnt/scratch1/ardi/dsl_mut/HM-armc/mutation/lowered-cpp/stencil_chain/stencil_chain.halide_generated.cpp:6273:39
stencil_chain,cxx_default_on_emitted_cpp,5eb72c8d,8,14,cxx_le_to_gt,stencil_chain.halide_generated.cpp,8333,39,generator_specific,0,0,1,,,test2_golden,0,0.688,cxx_le_to_gt:/mnt/scratch1/ardi/dsl_mut/HM-armc/mutation/lowered-cpp/stencil_chain/stencil_chain.halide_generated.cpp:8333:39
stencil_chain,cxx_default_on_emitted_cpp,5eb72c8d,8,14,cxx_add_to_sub,stencil_chain.halide_generated.cpp,4028,37,generator_specific,0,0,1,,,test2_golden,0,0.822,cxx_add_to_sub:/mnt/scratch1/ardi/dsl_mut/HM-armc/mutation/lowered-cpp/stencil_chain/stencil_chain.halide_generated.cpp:4028:37
stencil_chain,cxx_default_on_emitted_cpp,5eb72c8d,8,14,cxx_add_to_sub,stencil_chain.halide_generated.cpp,13033,40,generator_specific,0,0,1,,,test2_golden,0,0.923,cxx_add_to_sub:/mnt/scratch1/ardi/dsl_mut/HM-armc/mutation/lowered-cpp/stencil_chain/stencil_chain.halide_generated.cpp:13033:40
stencil_chain,cxx_default_on_emitted_cpp,5eb72c8d,8,14,cxx_add_to_sub,stencil_chain.halide_generated.cpp,10971,24,generator_specific,0,0,0,,,,0,0.934,cxx_add_to_sub:/mnt/scratch1/ardi/dsl_mut/HM-armc/mutation/lowered-cpp/stencil_chain/stencil_chain.halide_generated.cpp:10971:24
stencil_chain,cxx_default_on_emitted_cpp,5eb72c8d,8,14,cxx_mul_to_div,stencil_chain.halide_generated.cpp,5260,45,generator_specific,0,0,1,,,test2_golden,0,1.983,cxx_mul_to_div:/mnt/scratch1/ardi/dsl_mut/HM-armc/mutation/lowered-cpp/stencil_chain/stencil_chain.halide_generated.cpp:5260:45
stencil_chain,cxx_default_on_emitted_cpp,5eb72c8d,8,14,cxx_add_to_sub,stencil_chain.halide_generated.cpp,13732,42,generator_specific,0,0,1,,,test2_golden,0,1.739,cxx_add_to_sub:/mnt/scratch1/ardi/dsl_mut/HM-armc/mutation/lowered-cpp/stencil_chain/stencil_chain.halide_generated.cpp:13732:42
stencil_chain,cxx_default_on_emitted_cpp,5eb72c8d,8,14,cxx_add_to_sub,stencil_chain.halide_generated.cpp,9427,42,generator_specific,0,0,1,,,test2_golden,0,0.764,cxx_add_to_sub:/mnt/scratch1/ardi/dsl_mut/HM-armc/mutation/lowered-cpp/stencil_chain/stencil_chain.halide_generated.cpp:9427:42
stencil_chain,cxx_default_on_emitted_cpp,5eb72c8d,8,14,cxx_add_to_sub,stencil_chain.halide_generated.cpp,14699,47,generator_specific,0,0,1,,,test2_golden,0,0.745,cxx_add_to_sub:/mnt/scratch1/ardi/dsl_mut/HM-armc/mutation/lowered-cpp/stencil_chain/stencil_chain.halide_generated.cpp:14699:47
stencil_chain,cxx_default_on_emitted_cpp,5eb72c8d,8,14,cxx_mul_to_div,stencil_chain.halide_generated.cpp,16711,42,generator_specific,0,0,1,,,test2_golden,0,0.960,cxx_mul_to_div:/mnt/scratch1/ardi/dsl_mut/HM-armc/mutation/lowered-cpp/stencil_chain/stencil_chain.halide_generated.cpp:16711:42
stencil_chain,cxx_default_on_emitted_cpp,5eb72c8d,8,14,cxx_add_to_sub,stencil_chain.halide_generated.cpp,16889,44,generator_specific,0,0,1,,,test2_golden,0,2.134,cxx_add_to_sub:/mnt/scratch1/ardi/dsl_mut/HM-armc/mutation/lowered-cpp/stencil_chain/stencil_chain.halide_generated.cpp:16889:44
stencil_chain,cxx_default_on_emitted_cpp,5eb72c8d,8,14,cxx_add_to_sub,stencil_chain.halide_generated.cpp,14466,50,generator_specific,0,0,1,,,test2_golden,0,1.119,cxx_add_to_sub:/mnt/scratch1/ardi/dsl_mut/HM-armc/mutation/lowered-cpp/stencil_chain/stencil_chain.halide_generated.cpp:14466:50
stencil_chain,cxx_default_on_emitted_cpp,5eb72c8d,8,14,cxx_add_to_sub,stencil_chain.halide_generated.cpp,9008,49,generator_specific,0,0,1,,,test2_golden,0,0.901,cxx_add_to_sub:/mnt/scratch1/ardi/dsl_mut/HM-armc/mutation/lowered-cpp/stencil_chain/stencil_chain.halide_generated.cpp:9008:49
stencil_chain,cxx_default_on_emitted_cpp,5eb72c8d,8,14,cxx_sub_to_add,stencil_chain.halide_generated.cpp,11370,37,generator_specific,0,0,1,,,test2_golden,0,0.966,cxx_sub_to_add:/mnt/scratch1/ardi/dsl_mut/HM-armc/mutation/lowered-cpp/stencil_chain/stencil_chain.halide_generated.cpp:11370:37
stencil_chain,cxx_default_on_emitted_cpp,5eb72c8d,8,14,cxx_add_to_sub,stencil_chain.halide_generated.cpp,14807,51,generator_specific,0,0,1,,,test2_golden,0,0.886,cxx_add_to_sub:/mnt/scratch1/ardi/dsl_mut/HM-armc/mutation/lowered-cpp/stencil_chain/stencil_chain.halide_generated.cpp:14807:51
stencil_chain,cxx_default_on_emitted_cpp,5eb72c8d,8,14,cxx_add_to_sub,stencil_chain.halide_generated.cpp,14511,48,generator_specific,0,0,1,,,test2_golden,0,0.785,cxx_add_to_sub:/mnt/scratch1/ardi/dsl_mut/HM-armc/mutation/lowered-cpp/stencil_chain/stencil_chain.halide_generated.cpp:14511:48
stencil_chain,cxx_default_on_emitted_cpp,5eb72c8d,8,14,cxx_mul_to_div,stencil_chain.halide_generated.cpp,5818,40,generator_specific,0,0,1,,,test2_golden,0,0.953,cxx_mul_to_div:/mnt/scratch1/ardi/dsl_mut/HM-armc/mutation/lowered-cpp/stencil_chain/stencil_chain.halide_generated.cpp:5818:40
stencil_chain,cxx_default_on_emitted_cpp,5eb72c8d,8,14,cxx_add_to_sub,stencil_chain.halide_generated.cpp,8865,45,generator_specific,0,0,0,,,,0,0.911,cxx_add_to_sub:/mnt/scratch1/ardi/dsl_mut/HM-armc/mutation/lowered-cpp/stencil_chain/stencil_chain.halide_generated.cpp:8865:45
stencil_chain,cxx_default_on_emitted_cpp,5eb72c8d,8,14,cxx_add_to_sub,stencil_chain.halide_generated.cpp,13785,46,generator_specific,0,0,1,,,test2_golden,0,0.928,cxx_add_to_sub:/mnt/scratch1/ardi/dsl_mut/HM-armc/mutation/lowered-cpp/stencil_chain/stencil_chain.halide_generated.cpp:13785:46
stencil_chain,cxx_default_on_emitted_cpp,5eb72c8d,8,14,cxx_add_to_sub,stencil_chain.halide_generated.cpp,7456,46,generator_specific,0,0,1,,,test2_golden,0,0.760,cxx_add_to_sub:/mnt/scratch1/ardi/dsl_mut/HM-armc/mutation/lowered-cpp/stencil_chain/stencil_chain.halide_generated.cpp:7456:46
stencil_chain,cxx_default_on_emitted_cpp,5eb72c8d,8,14,cxx_add_to_sub,stencil_chain.halide_generated.cpp,16063,40,generator_specific,0,0,1,,,test2_golden,0,0.764,cxx_add_to_sub:/mnt/scratch1/ardi/dsl_mut/HM-armc/mutation/lowered-cpp/stencil_chain/stencil_chain.halide_generated.cpp:16063:40
stencil_chain,cxx_default_on_emitted_cpp,5eb72c8d,8,14,cxx_le_to_lt,stencil_chain.halide_generated.cpp,6601,34,generator_specific,0,0,1,,,test2_golden,0,0.745,cxx_le_to_lt:/mnt/scratch1/ardi/dsl_mut/HM-armc/mutation/lowered-cpp/stencil_chain/stencil_chain.halide_generated.cpp:6601:34
stencil_chain,cxx_default_on_emitted_cpp,5eb72c8d,8,14,cxx_add_to_sub,stencil_chain.halide_generated.cpp,16090,40,generator_specific,0,0,1,,,test2_golden,0,0.936,cxx_add_to_sub:/mnt/scratch1/ardi/dsl_mut/HM-armc/mutation/lowered-cpp/stencil_chain/stencil_chain.halide_generated.cpp:16090:40
stencil_chain,cxx_default_on_emitted_cpp,5eb72c8d,8,14,cxx_add_to_sub,stencil_chain.halide_generated.cpp,6059,42,generator_specific,0,0,1,,,test2_golden,0,1.128,cxx_add_to_sub:/mnt/scratch1/ardi/dsl_mut/HM-armc/mutation/lowered-cpp/stencil_chain/stencil_chain.halide_generated.cpp:6059:42
stencil_chain,cxx_default_on_emitted_cpp,5eb72c8d,8,14,cxx_mul_to_div,stencil_chain.halide_generated.cpp,8705,46,generator_specific,0,0,1,,,test2_golden,0,0.888,cxx_mul_to_div:/mnt/scratch1/ardi/dsl_mut/HM-armc/mutation/lowered-cpp/stencil_chain/stencil_chain.halide_generated.cpp:8705:46
stencil_chain,cxx_default_on_emitted_cpp,5eb72c8d,8,14,cxx_mul_to_div,stencil_chain.halide_generated.cpp,6280,39,generator_specific,0,0,1,,,test2_golden,0,0.753,cxx_mul_to_div:/mnt/scratch1/ardi/dsl_mut/HM-armc/mutation/lowered-cpp/stencil_chain/stencil_chain.halide_generated.cpp:6280:39
stencil_chain,cxx_default_on_emitted_cpp,5eb72c8d,8,14,cxx_add_to_sub,stencil_chain.halide_generated.cpp,4569,40,generator_specific,0,0,1,,,test2_golden,0,0.894,cxx_add_to_sub:/mnt/scratch1/ardi/dsl_mut/HM-armc/mutation/lowered-cpp/stencil_chain/stencil_chain.halide_generated.cpp:4569:40
stencil_chain,cxx_default_on_emitted_cpp,5eb72c8d,8,14,cxx_mul_to_div,stencil_chain.halide_generated.cpp,16124,44,generator_specific,0,0,1,,,test2_golden,0,1.380,cxx_mul_to_div:/mnt/scratch1/ardi/dsl_mut/HM-armc/mutation/lowered-cpp/stencil_chain/stencil_chain.halide_generated.cpp:16124:44
stencil_chain,cxx_default_on_emitted_cpp,5eb72c8d,8,14,cxx_mul_to_div,stencil_chain.halide_generated.cpp,14768,51,generator_specific,0,0,1,,,test2_golden,0,0.739,cxx_mul_to_div:/mnt/scratch1/ardi/dsl_mut/HM-armc/mutation/lowered-cpp/stencil_chain/stencil_chain.halide_generated.cpp:14768:51
stencil_chain,cxx_default_on_emitted_cpp,5eb72c8d,8,14,cxx_mul_to_div,stencil_chain.halide_generated.cpp,10881,46,generator_specific,0,0,1,,,test2_golden,0,0.742,cxx_mul_to_div:/mnt/scratch1/ardi/dsl_mut/HM-armc/mutation/lowered-cpp/stencil_chain/stencil_chain.halide_generated.cpp:10881:46
stencil_chain,cxx_default_on_emitted_cpp,5eb72c8d,8,14,cxx_mul_to_div,stencil_chain.halide_generated.cpp,17943,46,generator_specific,0,0,1,,,test2_golden,0,0.744,cxx_mul_to_div:/mnt/scratch1/ardi/dsl_mut/HM-armc/mutation/lowered-cpp/stencil_chain/stencil_chain.halide_generated.cpp:17943:46
stencil_chain,cxx_default_on_emitted_cpp,5eb72c8d,8,14,cxx_mul_to_div,stencil_chain.halide_generated.cpp,11009,34,generator_specific,0,0,1,,,test2_golden,0,0.799,cxx_mul_to_div:/mnt/scratch1/ardi/dsl_mut/HM-armc/mutation/lowered-cpp/stencil_chain/stencil_chain.halide_generated.cpp:11009:34
stencil_chain,cxx_default_on_emitted_cpp,5eb72c8d,8,14,cxx_add_to_sub,stencil_chain.halide_generated.cpp,17733,49,generator_specific,0,0,1,,,test2_golden,0,0.745,cxx_add_to_sub:/mnt/scratch1/ardi/dsl_mut/HM-armc/mutation/lowered-cpp/stencil_chain/stencil_chain.halide_generated.cpp:17733:49
stencil_chain,cxx_default_on_emitted_cpp,5eb72c8d,8,14,cxx_add_to_sub,stencil_chain.halide_generated.cpp,8500,49,generator_specific,0,0,1,,,test2_golden,0,0.954,cxx_add_to_sub:/mnt/scratch1/ardi/dsl_mut/HM-armc/mutation/lowered-cpp/stencil_chain/stencil_chain.halide_generated.cpp:8500:49
stencil_chain,cxx_default_on_emitted_cpp,5eb72c8d,8,14,cxx_mul_to_div,stencil_chain.halide_generated.cpp,12130,43,generator_specific,0,0,1,,,test2_golden,0,0.957,cxx_mul_to_div:/mnt/scratch1/ardi/dsl_mut/HM-armc/mutation/lowered-cpp/stencil_chain/stencil_chain.halide_generated.cpp:12130:43
stencil_chain,cxx_default_on_emitted_cpp,5eb72c8d,8,14,cxx_add_to_sub,stencil_chain.halide_generated.cpp,16818,42,generator_specific,0,0,1,,,test2_golden,0,0.767,cxx_add_to_sub:/mnt/scratch1/ardi/dsl_mut/HM-armc/mutation/lowered-cpp/stencil_chain/stencil_chain.halide_generated.cpp:16818:42
stencil_chain,cxx_default_on_emitted_cpp,5eb72c8d,8,14,cxx_add_to_sub,stencil_chain.halide_generated.cpp,6107,37,generator_specific,0,0,1,,,test2_golden,0,0.923,cxx_add_to_sub:/mnt/scratch1/ardi/dsl_mut/HM-armc/mutation/lowered-cpp/stencil_chain/stencil_chain.halide_generated.cpp:6107:37
stencil_chain,cxx_default_on_emitted_cpp,5eb72c8d,8,14,cxx_add_to_sub,stencil_chain.halide_generated.cpp,9434,42,generator_specific,0,0,1,,,test2_golden,0,1.001,cxx_add_to_sub:/mnt/scratch1/ardi/dsl_mut/HM-armc/mutation/lowered-cpp/stencil_chain/stencil_chain.halide_generated.cpp:9434:42
stencil_chain,cxx_default_on_emitted_cpp,5eb72c8d,8,14,cxx_add_to_sub,stencil_chain.halide_generated.cpp,13118,42,generator_specific,0,0,1,,,test2_golden,0,2.517,cxx_add_to_sub:/mnt/scratch1/ardi/dsl_mut/HM-armc/mutation/lowered-cpp/stencil_chain/stencil_chain.halide_generated.cpp:13118:42
stencil_chain,cxx_default_on_emitted_cpp,5eb72c8d,8,14,cxx_add_to_sub,stencil_chain.halide_generated.cpp,12206,43,generator_specific,0,0,1,,,test2_golden,0,1.180,cxx_add_to_sub:/mnt/scratch1/ardi/dsl_mut/HM-armc/mutation/lowered-cpp/stencil_chain/stencil_chain.halide_generated.cpp:12206:43
stencil_chain,cxx_default_on_emitted_cpp,5eb72c8d,8,14,cxx_add_to_sub,stencil_chain.halide_generated.cpp,16979,44,generator_specific,0,0,1,,,test2_golden,0,0.767,cxx_add_to_sub:/mnt/scratch1/ardi/dsl_mut/HM-armc/mutation/lowered-cpp/stencil_chain/stencil_chain.halide_generated.cpp:16979:44
stencil_chain,cxx_default_on_emitted_cpp,5eb72c8d,8,14,cxx_mul_to_div,stencil_chain.halide_generated.cpp,7680,47,generator_specific,0,0,1,,,test2_golden,0,0.879,cxx_mul_to_div:/mnt/scratch1/ardi/dsl_mut/HM-armc/mutation/lowered-cpp/stencil_chain/stencil_chain.halide_generated.cpp:7680:47
stencil_chain,cxx_default_on_emitted_cpp,5eb72c8d,8,14,cxx_mul_to_div,stencil_chain.halide_generated.cpp,7600,45,generator_specific,0,0,1,,,test2_golden,0,0.775,cxx_mul_to_div:/mnt/scratch1/ardi/dsl_mut/HM-armc/mutation/lowered-cpp/stencil_chain/stencil_chain.halide_generated.cpp:7600:45
stencil_chain,cxx_default_on_emitted_cpp,5eb72c8d,8,14,cxx_add_to_sub,stencil_chain.halide_generated.cpp,17753,47,generator_specific,0,0,1,,,test2_golden,0,0.749,cxx_add_to_sub:/mnt/scratch1/ardi/dsl_mut/HM-armc/mutation/lowered-cpp/stencil_chain/stencil_chain.halide_generated.cpp:17753:47
stencil_chain,cxx_default_on_emitted_cpp,5eb72c8d,8,14,cxx_add_to_sub,stencil_chain.halide_generated.cpp,5505,36,generator_specific,0,0,1,,,test2_golden,0,0.744,cxx_add_to_sub:/mnt/scratch1/ardi/dsl_mut/HM-armc/mutation/lowered-cpp/stencil_chain/stencil_chain.halide_generated.cpp:5505:36
stencil_chain,cxx_default_on_emitted_cpp,5eb72c8d,8,14,cxx_add_to_sub,stencil_chain.halide_generated.cpp,9400,38,generator_specific,0,0,1,,,test2_golden,0,0.819,cxx_add_to_sub:/mnt/scratch1/ardi/dsl_mut/HM-armc/mutation/lowered-cpp/stencil_chain/stencil_chain.halide_generated.cpp:9400:38
stencil_chain,cxx_default_on_emitted_cpp,5eb72c8d,8,14,cxx_add_to_sub,stencil_chain.halide_generated.cpp,12407,39,generator_specific,0,0,0,,,,0,0.746,cxx_add_to_sub:/mnt/scratch1/ardi/dsl_mut/HM-armc/mutation/lowered-cpp/stencil_chain/stencil_chain.halide_generated.cpp:12407:39
stencil_chain,cxx_default_on_emitted_cpp,5eb72c8d,8,14,cxx_add_to_sub,stencil_chain.halide_generated.cpp,6833,39,generator_specific,0,0,1,,,test2_golden,0,0.855,cxx_add_to_sub:/mnt/scratch1/ardi/dsl_mut/HM-armc/mutation/lowered-cpp/stencil_chain/stencil_chain.halide_generated.cpp:6833:39
stencil_chain,cxx_default_on_emitted_cpp,5eb72c8d,8,14,cxx_add_to_sub,stencil_chain.halide_generated.cpp,7429,42,generator_specific,0,0,1,,,test2_golden,0,1.231,cxx_add_to_sub:/mnt/scratch1/ardi/dsl_mut/HM-armc/mutation/lowered-cpp/stencil_chain/stencil_chain.halide_generated.cpp:7429:42
stencil_chain,cxx_default_on_emitted_cpp,5eb72c8d,8,14,cxx_mul_to_div,stencil_chain.halide_generated.cpp,10240,47,generator_specific,0,0,1,,,test2_golden,0,0.745,cxx_mul_to_div:/mnt/scratch1/ardi/dsl_mut/HM-armc/mutation/lowered-cpp/stencil_chain/stencil_chain.halide_generated.cpp:10240:47
stencil_chain,cxx_default_on_emitted_cpp,5eb72c8d,8,14,cxx_lt_to_ge,stencil_chain.halide_generated.cpp,18366,23,generator_specific,0,0,0,,,,0,1.366,cxx_lt_to_ge:/mnt/scratch1/ardi/dsl_mut/HM-armc/mutation/lowered-cpp/stencil_chain/stencil_chain.halide_generated.cpp:18366:23
stencil_chain,cxx_default_on_emitted_cpp,5eb72c8d,8,14,cxx_add_to_sub,stencil_chain.halide_generated.cpp,4663,41,generator_specific,0,0,1,,,test2_golden,0,1.275,cxx_add_to_sub:/mnt/scratch1/ardi/dsl_mut/HM-armc/mutation/lowered-cpp/stencil_chain/stencil_chain.halide_generated.cpp:4663:41
stencil_chain,cxx_default_on_emitted_cpp,5eb72c8d,8,14,cxx_add_to_sub,stencil_chain.halide_generated.cpp,11515,41,generator_specific,0,0,1,,,test2_golden,0,0.742,cxx_add_to_sub:/mnt/scratch1/ardi/dsl_mut/HM-armc/mutation/lowered-cpp/stencil_chain/stencil_chain.halide_generated.cpp:11515:41
stencil_chain,cxx_default_on_emitted_cpp,5eb72c8d,8,14,cxx_add_to_sub,stencil_chain.halide_generated.cpp,12738,43,generator_specific,0,0,1,,,test2_golden,0,0.948,cxx_add_to_sub:/mnt/scratch1/ardi/dsl_mut/HM-armc/mutation/lowered-cpp/stencil_chain/stencil_chain.halide_generated.cpp:12738:43
stencil_chain,cxx_default_on_emitted_cpp,5eb72c8d,8,14,cxx_add_to_sub,stencil_chain.halide_generated.cpp,15167,37,generator_specific,0,0,1,,,test2_golden,0,0.862,cxx_add_to_sub:/mnt/scratch1/ardi/dsl_mut/HM-armc/mutation/lowered-cpp/stencil_chain/stencil_chain.halide_generated.cpp:15167:37
stencil_chain,cxx_default_on_emitted_cpp,5eb72c8d,8,14,cxx_add_to_sub,stencil_chain.halide_generated.cpp,15637,42,generator_specific,0,0,1,,,test2_golden,0,0.955,cxx_add_to_sub:/mnt/scratch1/ardi/dsl_mut/HM-armc/mutation/lowered-cpp/stencil_chain/stencil_chain.halide_generated.cpp:15637:42
stencil_chain,cxx_default_on_emitted_cpp,5eb72c8d,8,14,cxx_add_to_sub,stencil_chain.halide_generated.cpp,9396,38,generator_specific,0,0,1,,,test2_golden,0,0.867,cxx_add_to_sub:/mnt/scratch1/ardi/dsl_mut/HM-armc/mutation/lowered-cpp/stencil_chain/stencil_chain.halide_generated.cpp:9396:38
stencil_chain,cxx_default_on_emitted_cpp,5eb72c8d,8,14,cxx_add_to_sub,stencil_chain.halide_generated.cpp,13941,48,generator_specific,0,0,1,,,test2_golden,0,0.917,cxx_add_to_sub:/mnt/scratch1/ardi/dsl_mut/HM-armc/mutation/lowered-cpp/stencil_chain/stencil_chain.halide_generated.cpp:13941:48
stencil_chain,cxx_default_on_emitted_cpp,5eb72c8d,8,14,cxx_mul_to_div,stencil_chain.halide_generated.cpp,6443,38,generator_specific,0,0,1,,,test2_golden,0,0.738,cxx_mul_to_div:/mnt/scratch1/ardi/dsl_mut/HM-armc/mutation/lowered-cpp/stencil_chain/stencil_chain.halide_generated.cpp:6443:38
stencil_chain,cxx_default_on_emitted_cpp,5eb72c8d,8,14,cxx_add_to_sub,stencil_chain.halide_generated.cpp,15707,40,generator_specific,0,0,1,,,test2_golden,0,0.739,cxx_add_to_sub:/mnt/scratch1/ardi/dsl_mut/HM-armc/mutation/lowered-cpp/stencil_chain/stencil_chain.halide_generated.cpp:15707:40
stencil_chain,cxx_default_on_emitted_cpp,5eb72c8d,8,14,cxx_remove_void_call,stencil_chain.halide_generated.cpp,15142,14,generator_specific,0,0,1,,,test2_golden,0,0.582,cxx_remove_void_call:/mnt/scratch1/ardi/dsl_mut/HM-armc/mutation/lowered-cpp/stencil_chain/stencil_chain.halide_generated.cpp:15142:14
stencil_chain,cxx_default_on_emitted_cpp,5eb72c8d,8,14,cxx_add_to_sub,stencil_chain.halide_generated.cpp,16534,43,generator_specific,0,0,0,,,,0,2.530,cxx_add_to_sub:/mnt/scratch1/ardi/dsl_mut/HM-armc/mutation/lowered-cpp/stencil_chain/stencil_chain.halide_generated.cpp:16534:43
stencil_chain,cxx_default_on_emitted_cpp,5eb72c8d,8,14,cxx_mul_to_div,stencil_chain.halide_generated.cpp,17988,50,generator_specific,0,0,1,,,test2_golden,0,0.920,cxx_mul_to_div:/mnt/scratch1/ardi/dsl_mut/HM-armc/mutation/lowered-cpp/stencil_chain/stencil_chain.halide_generated.cpp:17988:50
stencil_chain,cxx_default_on_emitted_cpp,5eb72c8d,8,14,cxx_lt_to_ge,stencil_chain.halide_generated.cpp,16874,67,generator_specific,0,0,1,,,test2_golden,0,0.768,cxx_lt_to_ge:/mnt/scratch1/ardi/dsl_mut/HM-armc/mutation/lowered-cpp/stencil_chain/stencil_chain.halide_generated.cpp:16874:67
stencil_chain,cxx_default_on_emitted_cpp,5eb72c8d,8,14,cxx_mul_to_div,stencil_chain.halide_generated.cpp,9687,44,generator_specific,0,0,1,,,test2_golden,0,2.056,cxx_mul_to_div:/mnt/scratch1/ardi/dsl_mut/HM-armc/mutation/lowered-cpp/stencil_chain/stencil_chain.halide_generated.cpp:9687:44
stencil_chain,cxx_default_on_emitted_cpp,5eb72c8d,8,14,cxx_add_to_sub,stencil_chain.halide_generated.cpp,4998,44,generator_specific,0,0,1,,,test2_golden,0,0.757,cxx_add_to_sub:/mnt/scratch1/ardi/dsl_mut/HM-armc/mutation/lowered-cpp/stencil_chain/stencil_chain.halide_generated.cpp:4998:44
stencil_chain,cxx_default_on_emitted_cpp,5eb72c8d,8,14,cxx_mul_to_div,stencil_chain.halide_generated.cpp,6865,43,generator_specific,0,0,1,,,test2_golden,0,2.111,cxx_mul_to_div:/mnt/scratch1/ardi/dsl_mut/HM-armc/mutation/lowered-cpp/stencil_chain/stencil_chain.halide_generated.cpp:6865:43
stencil_chain,cxx_default_on_emitted_cpp,5eb72c8d,8,14,cxx_mul_to_div,stencil_chain.halide_generated.cpp,15456,43,generator_specific,0,0,1,,,test2_golden,0,0.815,cxx_mul_to_div:/mnt/scratch1/ardi/dsl_mut/HM-armc/mutation/lowered-cpp/stencil_chain/stencil_chain.halide_generated.cpp:15456:43
stencil_chain,cxx_default_on_emitted_cpp,5eb72c8d,8,14,cxx_add_to_sub,stencil_chain.halide_generated.cpp,7813,47,generator_specific,0,0,1,,,test2_golden,0,0.767,cxx_add_to_sub:/mnt/scratch1/ardi/dsl_mut/HM-armc/mutation/lowered-cpp/stencil_chain/stencil_chain.halide_generated.cpp:7813:47
stencil_chain,cxx_default_on_emitted_cpp,5eb72c8d,8,14,cxx_add_to_sub,stencil_chain.halide_generated.cpp,7191,40,generator_specific,0,0,1,,,test2_golden,0,0.904,cxx_add_to_sub:/mnt/scratch1/ardi/dsl_mut/HM-armc/mutation/lowered-cpp/stencil_chain/stencil_chain.halide_generated.cpp:7191:40
stencil_chain,cxx_default_on_emitted_cpp,5eb72c8d,8,14,cxx_add_to_sub,stencil_chain.halide_generated.cpp,9248,41,generator_specific,0,0,1,,,test2_golden,0,0.788,cxx_add_to_sub:/mnt/scratch1/ardi/dsl_mut/HM-armc/mutation/lowered-cpp/stencil_chain/stencil_chain.halide_generated.cpp:9248:41
stencil_chain,cxx_default_on_emitted_cpp,5eb72c8d,8,14,cxx_add_to_sub,stencil_chain.halide_generated.cpp,10271,43,generator_specific,0,0,1,,,test2_golden,0,0.901,cxx_add_to_sub:/mnt/scratch1/ardi/dsl_mut/HM-armc/mutation/lowered-cpp/stencil_chain/stencil_chain.halide_generated.cpp:10271:43
stencil_chain,cxx_default_on_emitted_cpp,5eb72c8d,8,14,cxx_lt_to_ge,stencil_chain.halide_generated.cpp,14907,35,generator_specific,-11,1,,,,test1_demo,0,0.218,cxx_lt_to_ge:/mnt/scratch1/ardi/dsl_mut/HM-armc/mutation/lowered-cpp/stencil_chain/stencil_chain.halide_generated.cpp:14907:35
stencil_chain,cxx_default_on_emitted_cpp,5eb72c8d,8,14,cxx_add_to_sub,stencil_chain.halide_generated.cpp,15591,38,generator_specific,0,0,1,,,test2_golden,0,1.046,cxx_add_to_sub:/mnt/scratch1/ardi/dsl_mut/HM-armc/mutation/lowered-cpp/stencil_chain/stencil_chain.halide_generated.cpp:15591:38
stencil_chain,cxx_default_on_emitted_cpp,5eb72c8d,8,14,cxx_mul_to_div,stencil_chain.halide_generated.cpp,11853,42,generator_specific,0,0,1,,,test2_golden,0,0.758,cxx_mul_to_div:/mnt/scratch1/ardi/dsl_mut/HM-armc/mutation/lowered-cpp/stencil_chain/stencil_chain.halide_generated.cpp:11853:42
stencil_chain,cxx_default_on_emitted_cpp,5eb72c8d,8,14,cxx_add_to_sub,stencil_chain.halide_generated.cpp,15145,37,generator_specific,0,0,1,,,test2_golden,0,2.133,cxx_add_to_sub:/mnt/scratch1/ardi/dsl_mut/HM-armc/mutation/lowered-cpp/stencil_chain/stencil_chain.halide_generated.cpp:15145:37
stencil_chain,cxx_default_on_emitted_cpp,5eb72c8d,8,14,cxx_add_to_sub,stencil_chain.halide_generated.cpp,9771,40,generator_specific,0,0,1,,,test2_golden,0,0.755,cxx_add_to_sub:/mnt/scratch1/ardi/dsl_mut/HM-armc/mutation/lowered-cpp/stencil_chain/stencil_chain.halide_generated.cpp:9771:40
stencil_chain,cxx_default_on_emitted_cpp,5eb72c8d,8,14,cxx_add_to_sub,stencil_chain.halide_generated.cpp,6266,39,generator_specific,0,0,0,,,,0,2.437,cxx_add_to_sub:/mnt/scratch1/ardi/dsl_mut/HM-armc/mutation/lowered-cpp/stencil_chain/stencil_chain.halide_generated.cpp:6266:39
stencil_chain,cxx_default_on_emitted_cpp,5eb72c8d,8,14,cxx_mul_to_div,stencil_chain.halide_generated.cpp,15650,38,generator_specific,0,0,1,,,test2_golden,0,0.754,cxx_mul_to_div:/mnt/scratch1/ardi/dsl_mut/HM-armc/mutation/lowered-cpp/stencil_chain/stencil_chain.halide_generated.cpp:15650:38
stencil_chain,cxx_default_on_emitted_cpp,5eb72c8d,8,14,cxx_add_to_sub,stencil_chain.halide_generated.cpp,4205,38,generator_specific,0,0,1,,,test2_golden,0,0.736,cxx_add_to_sub:/mnt/scratch1/ardi/dsl_mut/HM-armc/mutation/lowered-cpp/stencil_chain/stencil_chain.halide_generated.cpp:4205:38
stencil_chain,cxx_default_on_emitted_cpp,5eb72c8d,8,14,cxx_mul_to_div,stencil_chain.halide_generated.cpp,8810,50,generator_specific,0,0,1,,,test2_golden,0,0.947,cxx_mul_to_div:/mnt/scratch1/ardi/dsl_mut/HM-armc/mutation/lowered-cpp/stencil_chain/stencil_chain.halide_generated.cpp:8810:50
stencil_chain,cxx_default_on_emitted_cpp,5eb72c8d,8,14,cxx_lt_to_ge,stencil_chain.halide_generated.cpp,6261,62,generator_specific,0,0,1,,,test2_golden,0,0.740,cxx_lt_to_ge:/mnt/scratch1/ardi/dsl_mut/HM-armc/mutation/lowered-cpp/stencil_chain/stencil_chain.halide_generated.cpp:6261:62
stencil_chain,cxx_default_on_emitted_cpp,5eb72c8d,8,14,cxx_add_to_sub,stencil_chain.halide_generated.cpp,9623,97,generator_specific,0,0,0,,,,0,0.741,cxx_add_to_sub:/mnt/scratch1/ardi/dsl_mut/HM-armc/mutation/lowered-cpp/stencil_chain/stencil_chain.halide_generated.cpp:9623:97
stencil_chain,cxx_default_on_emitted_cpp,5eb72c8d,8,14,cxx_add_to_sub,stencil_chain.halide_generated.cpp,18765,27,generator_specific,0,0,0,,,,0,0.770,cxx_add_to_sub:/mnt/scratch1/ardi/dsl_mut/HM-armc/mutation/lowered-cpp/stencil_chain/stencil_chain.halide_generated.cpp:18765:27
stencil_chain,cxx_default_on_emitted_cpp,5eb72c8d,8,14,cxx_add_to_sub,stencil_chain.halide_generated.cpp,5070,48,generator_specific,0,0,1,,,test2_golden,0,2.580,cxx_add_to_sub:/mnt/scratch1/ardi/dsl_mut/HM-armc/mutation/lowered-cpp/stencil_chain/stencil_chain.halide_generated.cpp:5070:48
stencil_chain,cxx_default_on_emitted_cpp,5eb72c8d,8,14,cxx_add_to_sub,stencil_chain.halide_generated.cpp,11364,96,generator_specific,0,0,1,,,test2_golden,0,0.931,cxx_add_to_sub:/mnt/scratch1/ardi/dsl_mut/HM-armc/mutation/lowered-cpp/stencil_chain/stencil_chain.halide_generated.cpp:11364:96
stencil_chain,cxx_default_on_emitted_cpp,5eb72c8d,8,14,cxx_add_to_sub,stencil_chain.halide_generated.cpp,17907,51,generator_specific,0,0,1,,,test2_golden,0,0.901,cxx_add_to_sub:/mnt/scratch1/ardi/dsl_mut/HM-armc/mutation/lowered-cpp/stencil_chain/stencil_chain.halide_generated.cpp:17907:51
stencil_chain,cxx_default_on_emitted_cpp,5eb72c8d,8,14,cxx_mul_to_div,stencil_chain.halide_generated.cpp,16193,42,generator_specific,0,0,1,,,test2_golden,0,0.806,cxx_mul_to_div:/mnt/scratch1/ardi/dsl_mut/HM-armc/mutation/lowered-cpp/stencil_chain/stencil_chain.halide_generated.cpp:16193:42
stencil_chain,cxx_default_on_emitted_cpp,5eb72c8d,8,14,cxx_add_to_sub,stencil_chain.halide_generated.cpp,16304,42,generator_specific,0,0,1,,,test2_golden,0,0.903,cxx_add_to_sub:/mnt/scratch1/ardi/dsl_mut/HM-armc/mutation/lowered-cpp/stencil_chain/stencil_chain.halide_generated.cpp:16304:42
stencil_chain,cxx_default_on_emitted_cpp,5eb72c8d,8,14,cxx_add_to_sub,stencil_chain.halide_generated.cpp,8857,46,generator_specific,0,0,1,,,test2_golden,0,0.744,cxx_add_to_sub:/mnt/scratch1/ardi/dsl_mut/HM-armc/mutation/lowered-cpp/stencil_chain/stencil_chain.halide_generated.cpp:8857:46
stencil_chain,cxx_default_on_emitted_cpp,5eb72c8d,8,14,cxx_add_to_sub,stencil_chain.halide_generated.cpp,14812,51,generator_specific,0,0,1,,,test2_golden,0,1.455,cxx_add_to_sub:/mnt/scratch1/ardi/dsl_mut/HM-armc/mutation/lowered-cpp/stencil_chain/stencil_chain.halide_generated.cpp:14812:51
stencil_chain,cxx_default_on_emitted_cpp,5eb72c8d,8,14,cxx_add_to_sub,stencil_chain.halide_generated.cpp,9253,41,generator_specific,0,0,1,,,test2_golden,0,0.763,cxx_add_to_sub:/mnt/scratch1/ardi/dsl_mut/HM-armc/mutation/lowered-cpp/stencil_chain/stencil_chain.halide_generated.cpp:9253:41
stencil_chain,cxx_default_on_emitted_cpp,5eb72c8d,8,14,cxx_le_to_gt,stencil_chain.halide_generated.cpp,17046,36,generator_specific,0,0,1,,,test2_golden,0,1.182,cxx_le_to_gt:/mnt/scratch1/ardi/dsl_mut/HM-armc/mutation/lowered-cpp/stencil_chain/stencil_chain.halide_generated.cpp:17046:36
stencil_chain,cxx_default_on_emitted_cpp,5eb72c8d,8,14,cxx_add_to_sub,stencil_chain.halide_generated.cpp,16592,43,generator_specific,0,0,1,,,test2_golden,0,0.769,cxx_add_to_sub:/mnt/scratch1/ardi/dsl_mut/HM-armc/mutation/lowered-cpp/stencil_chain/stencil_chain.halide_generated.cpp:16592:43
stencil_chain,cxx_default_on_emitted_cpp,5eb72c8d,8,14,cxx_add_to_sub,stencil_chain.halide_generated.cpp,15129,42,generator_specific,0,0,1,,,test2_golden,0,0.937,cxx_add_to_sub:/mnt/scratch1/ardi/dsl_mut/HM-armc/mutation/lowered-cpp/stencil_chain/stencil_chain.halide_generated.cpp:15129:42
stencil_chain,cxx_default_on_emitted_cpp,5eb72c8d,8,14,cxx_add_to_sub,stencil_chain.halide_generated.cpp,6245,41,generator_specific,0,0,1,,,test2_golden,0,2.162,cxx_add_to_sub:/mnt/scratch1/ardi/dsl_mut/HM-armc/mutation/lowered-cpp/stencil_chain/stencil_chain.halide_generated.cpp:6245:41
stencil_chain,cxx_default_on_emitted_cpp,5eb72c8d,8,14,cxx_add_to_sub,stencil_chain.halide_generated.cpp,4387,39,generator_specific,0,0,1,,,test2_golden,0,0.928,cxx_add_to_sub:/mnt/scratch1/ardi/dsl_mut/HM-armc/mutation/lowered-cpp/stencil_chain/stencil_chain.halide_generated.cpp:4387:39
stencil_chain,cxx_default_on_emitted_cpp,5eb72c8d,8,14,cxx_mul_to_div,stencil_chain.halide_generated.cpp,10248,47,generator_specific,0,0,1,,,test2_golden,0,0.803,cxx_mul_to_div:/mnt/scratch1/ardi/dsl_mut/HM-armc/mutation/lowered-cpp/stencil_chain/stencil_chain.halide_generated.cpp:10248:47
stencil_chain,cxx_default_on_emitted_cpp,5eb72c8d,8,14,cxx_add_to_sub,stencil_chain.halide_generated.cpp,11695,40,generator_specific,0,0,1,,,test2_golden,0,0.966,cxx_add_to_sub:/mnt/scratch1/ardi/dsl_mut/HM-armc/mutation/lowered-cpp/stencil_chain/stencil_chain.halide_generated.cpp:11695:40
stencil_chain,cxx_default_on_emitted_cpp,5eb72c8d,8,14,cxx_add_to_sub,stencil_chain.halide_generated.cpp,12370,38,generator_specific,0,0,1,,,test2_golden,0,1.245,cxx_add_to_sub:/mnt/scratch1/ardi/dsl_mut/HM-armc/mutation/lowered-cpp/stencil_chain/stencil_chain.halide_generated.cpp:12370:38
stencil_chain,cxx_default_on_emitted_cpp,5eb72c8d,8,14,cxx_mul_to_div,stencil_chain.halide_generated.cpp,4517,43,generator_specific,0,0,1,,,test2_golden,0,0.957,cxx_mul_to_div:/mnt/scratch1/ardi/dsl_mut/HM-armc/mutation/lowered-cpp/stencil_chain/stencil_chain.halide_generated.cpp:4517:43
stencil_chain,cxx_default_on_emitted_cpp,5eb72c8d,8,14,cxx_add_to_sub,stencil_chain.halide_generated.cpp,15413,39,generator_specific,0,0,1,,,test2_golden,0,1.393,cxx_add_to_sub:/mnt/scratch1/ardi/dsl_mut/HM-armc/mutation/lowered-cpp/stencil_chain/stencil_chain.halide_generated.cpp:15413:39
stencil_chain,cxx_default_on_emitted_cpp,5eb72c8d,8,14,cxx_add_to_sub,stencil_chain.halide_generated.cpp,14933,26,generator_specific,0,0,0,,,,0,0.948,cxx_add_to_sub:/mnt/scratch1/ardi/dsl_mut/HM-armc/mutation/lowered-cpp/stencil_chain/stencil_chain.halide_generated.cpp:14933:26
stencil_chain,cxx_default_on_emitted_cpp,5eb72c8d,8,14,cxx_add_to_sub,stencil_chain.halide_generated.cpp,6249,41,generator_specific,0,0,1,,,test2_golden,0,1.017,cxx_add_to_sub:/mnt/scratch1/ardi/dsl_mut/HM-armc/mutation/lowered-cpp/stencil_chain/stencil_chain.halide_generated.cpp:6249:41
stencil_chain,cxx_default_on_emitted_cpp,5eb72c8d,8,14,cxx_add_to_sub,stencil_chain.halide_generated.cpp,15792,40,generator_specific,0,0,1,,,test2_golden,0,0.766,cxx_add_to_sub:/mnt/scratch1/ardi/dsl_mut/HM-armc/mutation/lowered-cpp/stencil_chain/stencil_chain.halide_generated.cpp:15792:40
stencil_chain,cxx_default_on_emitted_cpp,5eb72c8d,8,14,cxx_add_to_sub,stencil_chain.halide_generated.cpp,16863,46,generator_specific,0,0,1,,,test2_golden,0,0.742,cxx_add_to_sub:/mnt/scratch1/ardi/dsl_mut/HM-armc/mutation/lowered-cpp/stencil_chain/stencil_chain.halide_generated.cpp:16863:46
stencil_chain,cxx_default_on_emitted_cpp,5eb72c8d,8,14,cxx_add_to_sub,stencil_chain.halide_generated.cpp,18588,28,generator_specific,0,0,0,,,,0,0.912,cxx_add_to_sub:/mnt/scratch1/ardi/dsl_mut/HM-armc/mutation/lowered-cpp/stencil_chain/stencil_chain.halide_generated.cpp:18588:28
stencil_chain,cxx_default_on_emitted_cpp,5eb72c8d,8,14,cxx_add_to_sub,stencil_chain.halide_generated.cpp,5929,38,generator_specific,0,0,1,,,test2_golden,0,0.917,cxx_add_to_sub:/mnt/scratch1/ardi/dsl_mut/HM-armc/mutation/lowered-cpp/stencil_chain/stencil_chain.halide_generated.cpp:5929:38
stencil_chain,cxx_default_on_emitted_cpp,5eb72c8d,8,14,cxx_mul_to_div,stencil_chain.halide_generated.cpp,15329,39,generator_specific,0,0,1,,,test2_golden,0,0.867,cxx_mul_to_div:/mnt/scratch1/ardi/dsl_mut/HM-armc/mutation/lowered-cpp/stencil_chain/stencil_chain.halide_generated.cpp:15329:39
stencil_chain,cxx_default_on_emitted_cpp,5eb72c8d,8,14,cxx_add_to_sub,stencil_chain.halide_generated.cpp,5586,37,generator_specific,0,0,1,,,test2_golden,0,0.862,cxx_add_to_sub:/mnt/scratch1/ardi/dsl_mut/HM-armc/mutation/lowered-cpp/stencil_chain/stencil_chain.halide_generated.cpp:5586:37
stencil_chain,cxx_default_on_emitted_cpp,5eb72c8d,8,14,cxx_add_to_sub,stencil_chain.halide_generated.cpp,16973,44,generator_specific,0,0,1,,,test2_golden,0,1.386,cxx_add_to_sub:/mnt/scratch1/ardi/dsl_mut/HM-armc/mutation/lowered-cpp/stencil_chain/stencil_chain.halide_generated.cpp:16973:44
stencil_chain,cxx_default_on_emitted_cpp,5eb72c8d,8,14,cxx_add_to_sub,stencil_chain.halide_generated.cpp,8836,50,generator_specific,0,0,1,,,test2_golden,0,0.757,cxx_add_to_sub:/mnt/scratch1/ardi/dsl_mut/HM-armc/mutation/lowered-cpp/stencil_chain/stencil_chain.halide_generated.cpp:8836:50
stencil_chain,cxx_default_on_emitted_cpp,5eb72c8d,8,14,cxx_mul_to_div,stencil_chain.halide_generated.cpp,15452,43,generator_specific,0,0,1,,,test2_golden,0,0.859,cxx_mul_to_div:/mnt/scratch1/ardi/dsl_mut/HM-armc/mutation/lowered-cpp/stencil_chain/stencil_chain.halide_generated.cpp:15452:43
stencil_chain,cxx_default_on_emitted_cpp,5eb72c8d,8,14,cxx_add_to_sub,stencil_chain.halide_generated.cpp,15631,42,generator_specific,0,0,1,,,test2_golden,0,0.872,cxx_add_to_sub:/mnt/scratch1/ardi/dsl_mut/HM-armc/mutation/lowered-cpp/stencil_chain/stencil_chain.halide_generated.cpp:15631:42
stencil_chain,cxx_default_on_emitted_cpp,5eb72c8d,8,14,cxx_sub_to_add,stencil_chain.halide_generated.cpp,6957,41,generator_specific,0,0,1,,,test2_golden,0,0.891,cxx_sub_to_add:/mnt/scratch1/ardi/dsl_mut/HM-armc/mutation/lowered-cpp/stencil_chain/stencil_chain.halide_generated.cpp:6957:41
stencil_chain,cxx_default_on_emitted_cpp,5eb72c8d,8,14,cxx_add_to_sub,stencil_chain.halide_generated.cpp,12262,38,generator_specific,0,0,1,,,test2_golden,0,0.753,cxx_add_to_sub:/mnt/scratch1/ardi/dsl_mut/HM-armc/mutation/lowered-cpp/stencil_chain/stencil_chain.halide_generated.cpp:12262:38
stencil_chain,cxx_default_on_emitted_cpp,5eb72c8d,8,14,cxx_add_to_sub,stencil_chain.halide_generated.cpp,7655,43,generator_specific,0,0,1,,,test2_golden,0,1.643,cxx_add_to_sub:/mnt/scratch1/ardi/dsl_mut/HM-armc/mutation/lowered-cpp/stencil_chain/stencil_chain.halide_generated.cpp:7655:43
stencil_chain,cxx_default_on_emitted_cpp,5eb72c8d,8,14,cxx_add_to_sub,stencil_chain.halide_generated.cpp,16155,44,generator_specific,0,0,1,,,test2_golden,0,1.254,cxx_add_to_sub:/mnt/scratch1/ardi/dsl_mut/HM-armc/mutation/lowered-cpp/stencil_chain/stencil_chain.halide_generated.cpp:16155:44
stencil_chain,cxx_default_on_emitted_cpp,5eb72c8d,8,14,cxx_add_to_sub,stencil_chain.halide_generated.cpp,4524,43,generator_specific,0,0,1,,,test2_golden,0,1.084,cxx_add_to_sub:/mnt/scratch1/ardi/dsl_mut/HM-armc/mutation/lowered-cpp/stencil_chain/stencil_chain.halide_generated.cpp:4524:43
