app,arm,mull_commit,slice_index,slice_count,mutator,file,line,column,region,exit_code,test1_demo,test2_golden,test2_written,test3_perf,killed_by,timed_out,wall_seconds,mutant_key
stencil_chain,cxx_default_on_emitted_cpp,5eb72c8d,12,14,cxx_post_inc_to_post_dec,stencil_chain.halide_generated.cpp,17397,95,generator_specific,-11,1,,,,test1_demo,0,0.284,cxx_post_inc_to_post_dec:/mnt/scratch1/ardi/dsl_mut/HM-armc/mutation/lowered-cpp/stencil_chain/stencil_chain.halide_generated.cpp:17397:95
stencil_chain,cxx_default_on_emitted_cpp,5eb72c8d,12,14,cxx_le_to_lt,stencil_chain.halide_generated.cpp,18656,24,generator_specific,0,0,0,,,,0,0.783,cxx_le_to_lt:/mnt/scratch1/ardi/dsl_mut/HM-armc/mutation/lowered-cpp/stencil_chain/stencil_chain.halide_generated.cpp:18656:24
stencil_chain,cxx_default_on_emitted_cpp,5eb72c8d,12,14,cxx_mul_to_div,stencil_chain.halide_generated.cpp,10010,42,generator_specific,0,0,1,,,test2_golden,0,0.778,cxx_mul_to_div:/mnt/scratch1/ardi/dsl_mut/HM-armc/mutation/lowered-cpp/stencil_chain/stencil_chain.halide_generated.cpp:10010:42
stencil_chain,cxx_default_on_emitted_cpp,5eb72c8d,12,14,cxx_mul_to_div,stencil_chain.halide_generated.cpp,16917,48,generator_specific,0,0,1,,,test2_golden,0,0.779,cxx_mul_to_div:/mnt/scratch1/ardi/dsl_mut/HM-armc/mutation/lowered-cpp/stencil_chain/stencil_chain.halide_generated.cpp:16917:48
stencil_chain,cxx_default_on_emitted_cpp,5eb72c8d,12,14,cxx_add_to_sub,stencil_chain.halide_generated.cpp,8342,45,generator_specific,0,0,1,,,test2_golden,0,0.792,cxx_add_to_sub:/mnt/scratch1/ardi/dsl_mut/HM-armc/mutation/lowered-cpp/stencil_chain/stencil_chain.halide_generated.cpp:8342:45
stencil_chain,cxx_default_on_emitted_cpp,5eb72c8d,12,14,cxx_add_to_sub,stencil_chain.halide_generated.cpp,6770,44,generator_specific,0,0,1,,,test2_golden,0,0.785,cxx_add_to_sub:/mnt/scratch1/ardi/dsl_mut/HM-armc/mutation/lowered-cpp/stencil_chain/stencil_chain.halide_generated.cpp:6770:44
stencil_chain,cxx_default_on_emitted_cpp,5eb72c8d,12,14,cxx_add_to_sub,stencil_chain.halide_generated.cpp,18244,52,generator_specific,0,0,1,,,test2_golden,0,0.794,cxx_add_to_sub:/mnt/scratch1/ardi/dsl_mut/HM-armc/mutation/lowered-cpp/stencil_chain/stencil_chain.halide_generated.cpp:18244:52
stencil_chain,cxx_default_on_emitted_cpp,5eb72c8d,12,14,cxx_add_to_sub,stencil_chain.halide_generated.cpp,5420,50,generator_specific,0,0,1,,,test2_golden,0,0.787,cxx_add_to_sub:/mnt/scratch1/ardi/dsl_mut/HM-armc/mutation/lowered-cpp/stencil_chain/stencil_chain.halide_generated.cpp:5420:50
stencil_chain,cxx_default_on_emitted_cpp,5eb72c8d,12,14,cxx_add_to_sub,stencil_chain.halide_generated.cpp,13520,43,generator_specific,0,0,1,,,test2_golden,0,0.794,cxx_add_to_sub:/mnt/scratch1/ardi/dsl_mut/HM-armc/mutation/lowered-cpp/stencil_chain/stencil_chain.halide_generated.cpp:13520:43
stencil_chain,cxx_default_on_emitted_cpp,5eb72c8d,12,14,cxx_add_to_sub,stencil_chain.halide_generated.cpp,4896,47,generator_specific,0,0,1,,,test2_golden,0,0.804,cxx_add_to_sub:/mnt/scratch1/ardi/dsl_mut/HM-armc/mutation/lowered-cpp/stencil_chain/stencil_chain.halide_generated.cpp:4896:47
stencil_chain,cxx_default_on_emitted_cpp,5eb72c8d,12,14,cxx_add_to_sub,stencil_chain.halide_generated.cpp,12048,41,generator_specific,0,0,1,,,test2_golden,0,0.803,cxx_add_to_sub:/mnt/scratch1/ardi/dsl_mut/HM-armc/mutation/lowered-cpp/stencil_chain/stencil_chain.halide_generated.cpp:12048:41
stencil_chain,cxx_default_on_emitted_cpp,5eb72c8d,12,14,cxx_lt_to_le,stencil_chain.halide_generated.cpp,18751,24,generator_specific,0,0,0,,,,0,0.816,cxx_lt_to_le:/mnt/scratch1/ardi/dsl_mut/HM-armc/mutation/lowered-cpp/stencil_chain/stencil_chain.halide_generated.cpp:18751:24
stencil_chain,cxx_default_on_emitted_cpp,5eb72c8d,12,14,cxx_mul_to_div,stencil_chain.halide_generated.cpp,8184,43,generator_specific,0,0,1,,,test2_golden,0,0.873,cxx_mul_to_div:/mnt/scratch1/ardi/dsl_mut/HM-armc/mutation/lowered-cpp/stencil_chain/stencil_chain.halide_generated.cpp:8184:43
stencil_chain,cxx_default_on_emitted_cpp,5eb72c8d,12,14,cxx_add_to_sub,stencil_chain.halide_generated.cpp,6853,39,generator_specific,0,0,1,,,test2_golden,0,0.910,cxx_add_to_sub:/mnt/scratch1/ardi/dsl_mut/HM-armc/mutation/lowered-cpp/stencil_chain/stencil_chain.halide_generated.cpp:6853:39
stencil_chain,cxx_default_on_emitted_cpp,5eb72c8d,12,14,cxx_add_to_sub,stencil_chain.halide_generated.cpp,11045,36,generator_specific,0,0,1,,,test2_golden,0,0.900,cxx_add_to_sub:/mnt/scratch1/ardi/dsl_mut/HM-armc/mutation/lowered-cpp/stencil_chain/stencil_chain.halide_generated.cpp:11045:36
stencil_chain,cxx_default_on_emitted_cpp,5eb72c8d,12,14,cxx_add_to_sub,stencil_chain.halide_generated.cpp,12235,38,generator_specific,0,0,1,,,test2_golden,0,0.952,cxx_add_to_sub:/mnt/scratch1/ardi/dsl_mut/HM-armc/mutation/lowered-cpp/stencil_chain/stencil_chain.halide_generated.cpp:12235:38
stencil_chain,cxx_default_on_emitted_cpp,5eb72c8d,12,14,cxx_post_inc_to_post_dec,stencil_chain.halide_generated.cpp,8339,93,generator_specific,-11,1,,,,test1_demo,0,0.186,cxx_post_inc_to_post_dec:/mnt/scratch1/ardi/dsl_mut/HM-armc/mutation/lowered-cpp/stencil_chain/stencil_chain.halide_generated.cpp:8339:93
stencil_chain,cxx_default_on_emitted_cpp,5eb72c8d,12,14,cxx_add_to_sub,stencil_chain.halide_generated.cpp,5864,36,generator_specific,0,0,1,,,test2_golden,0,0.985,cxx_add_to_sub:/mnt/scratch1/ardi/dsl_mut/HM-armc/mutation/lowered-cpp/stencil_chain/stencil_chain.halide_generated.cpp:5864:36
stencil_chain,cxx_default_on_emitted_cpp,5eb72c8d,12,14,cxx_add_to_sub,stencil_chain.halide_generated.cpp,17329,44,generator_specific,0,0,1,,,test2_golden,0,0.983,cxx_add_to_sub:/mnt/scratch1/ardi/dsl_mut/HM-armc/mutation/lowered-cpp/stencil_chain/stencil_chain.halide_generated.cpp:17329:44
stencil_chain,cxx_default_on_emitted_cpp,5eb72c8d,12,14,cxx_mul_to_div,stencil_chain.halide_generated.cpp,16885,44,generator_specific,0,0,1,,,test2_golden,0,0.997,cxx_mul_to_div:/mnt/scratch1/ardi/dsl_mut/HM-armc/mutation/lowered-cpp/stencil_chain/stencil_chain.halide_generated.cpp:16885:44
stencil_chain,cxx_default_on_emitted_cpp,5eb72c8d,12,14,cxx_add_to_sub,stencil_chain.halide_generated.cpp,17325,44,generator_specific,0,0,1,,,test2_golden,0,0.995,cxx_add_to_sub:/mnt/scratch1/ardi/dsl_mut/HM-armc/mutation/lowered-cpp/stencil_chain/stencil_chain.halide_generated.cpp:17325:44
stencil_chain,cxx_default_on_emitted_cpp,5eb72c8d,12,14,cxx_le_to_lt,stencil_chain.halide_generated.cpp,3651,27,generator_specific,0,0,1,,,test2_golden,0,1.001,cxx_le_to_lt:/mnt/scratch1/ardi/dsl_mut/HM-armc/mutation/lowered-cpp/stencil_chain/stencil_chain.halide_generated.cpp:3651:27
stencil_chain,cxx_default_on_emitted_cpp,5eb72c8d,12,14,cxx_add_to_sub,stencil_chain.halide_generated.cpp,16166,44,generator_specific,0,0,1,,,test2_golden,0,0.992,cxx_add_to_sub:/mnt/scratch1/ardi/dsl_mut/HM-armc/mutation/lowered-cpp/stencil_chain/stencil_chain.halide_generated.cpp:16166:44
stencil_chain,cxx_default_on_emitted_cpp,5eb72c8d,12,14,cxx_mul_to_div,stencil_chain.halide_generated.cpp,17623,49,generator_specific,0,0,1,,,test2_golden,0,1.010,cxx_mul_to_div:/mnt/scratch1/ardi/dsl_mut/HM-armc/mutation/lowered-cpp/stencil_chain/stencil_chain.halide_generated.cpp:17623:49
stencil_chain,cxx_default_on_emitted_cpp,5eb72c8d,12,14,cxx_add_to_sub,stencil_chain.halide_generated.cpp,18591,28,generator_specific,0,0,0,,,,0,1.015,cxx_add_to_sub:/mnt/scratch1/ardi/dsl_mut/HM-armc/mutation/lowered-cpp/stencil_chain/stencil_chain.halide_generated.cpp:18591:28
stencil_chain,cxx_default_on_emitted_cpp,5eb72c8d,12,14,cxx_replace_scalar_call,stencil_chain.halide_generated.cpp,3610,26,generator_specific,0,0,1,,,test2_golden,0,1.059,cxx_replace_scalar_call:/mnt/scratch1/ardi/dsl_mut/HM-armc/mutation/lowered-cpp/stencil_chain/stencil_chain.halide_generated.cpp:3610:26
stencil_chain,cxx_default_on_emitted_cpp,5eb72c8d,12,14,cxx_add_to_sub,stencil_chain.halide_generated.cpp,17369,48,generator_specific,0,0,1,,,test2_golden,0,1.053,cxx_add_to_sub:/mnt/scratch1/ardi/dsl_mut/HM-armc/mutation/lowered-cpp/stencil_chain/stencil_chain.halide_generated.cpp:17369:48
stencil_chain,cxx_default_on_emitted_cpp,5eb72c8d,12,14,cxx_mul_to_div,stencil_chain.halide_generated.cpp,5211,49,generator_specific,0,0,1,,,test2_golden,0,1.267,cxx_mul_to_div:/mnt/scratch1/ardi/dsl_mut/HM-armc/mutation/lowered-cpp/stencil_chain/stencil_chain.halide_generated.cpp:5211:49
stencil_chain,cxx_default_on_emitted_cpp,5eb72c8d,12,14,cxx_add_to_sub,stencil_chain.halide_generated.cpp,4347,42,generator_specific,0,0,1,,,test2_golden,0,1.335,cxx_add_to_sub:/mnt/scratch1/ardi/dsl_mut/HM-armc/mutation/lowered-cpp/stencil_chain/stencil_chain.halide_generated.cpp:4347:42
stencil_chain,cxx_default_on_emitted_cpp,5eb72c8d,12,14,cxx_add_to_sub,stencil_chain.halide_generated.cpp,8308,47,generator_specific,0,0,1,,,test2_golden,0,1.351,cxx_add_to_sub:/mnt/scratch1/ardi/dsl_mut/HM-armc/mutation/lowered-cpp/stencil_chain/stencil_chain.halide_generated.cpp:8308:47
stencil_chain,cxx_default_on_emitted_cpp,5eb72c8d,12,14,cxx_add_to_sub,stencil_chain.halide_generated.cpp,10217,43,generator_specific,0,0,1,,,test2_golden,0,0.773,cxx_add_to_sub:/mnt/scratch1/ardi/dsl_mut/HM-armc/mutation/lowered-cpp/stencil_chain/stencil_chain.halide_generated.cpp:10217:43
stencil_chain,cxx_default_on_emitted_cpp,5eb72c8d,12,14,cxx_add_to_sub,stencil_chain.halide_generated.cpp,11310,35,generator_specific,0,0,1,,,test2_golden,0,0.750,cxx_add_to_sub:/mnt/scratch1/ardi/dsl_mut/HM-armc/mutation/lowered-cpp/stencil_chain/stencil_chain.halide_generated.cpp:11310:35
stencil_chain,cxx_default_on_emitted_cpp,5eb72c8d,12,14,cxx_add_to_sub,stencil_chain.halide_generated.cpp,10975,24,generator_specific,-6,1,,,,test1_demo,0,0.213,cxx_add_to_sub:/mnt/scratch1/ardi/dsl_mut/HM-armc/mutation/lowered-cpp/stencil_chain/stencil_chain.halide_generated.cpp:10975:24
stencil_chain,cxx_default_on_emitted_cpp,5eb72c8d,12,14,cxx_add_to_sub,stencil_chain.halide_generated.cpp,15150,37,generator_specific,0,0,1,,,test2_golden,0,0.767,cxx_add_to_sub:/mnt/scratch1/ardi/dsl_mut/HM-armc/mutation/lowered-cpp/stencil_chain/stencil_chain.halide_generated.cpp:15150:37
stencil_chain,cxx_default_on_emitted_cpp,5eb72c8d,12,14,cxx_add_to_sub,stencil_chain.halide_generated.cpp,9079,36,generator_specific,0,0,1,,,test2_golden,0,0.798,cxx_add_to_sub:/mnt/scratch1/ardi/dsl_mut/HM-armc/mutation/lowered-cpp/stencil_chain/stencil_chain.halide_generated.cpp:9079:36
stencil_chain,cxx_default_on_emitted_cpp,5eb72c8d,12,14,cxx_mul_to_div,stencil_chain.halide_generated.cpp,4327,42,generator_specific,0,0,1,,,test2_golden,0,0.795,cxx_mul_to_div:/mnt/scratch1/ardi/dsl_mut/HM-armc/mutation/lowered-cpp/stencil_chain/stencil_chain.halide_generated.cpp:4327:42
stencil_chain,cxx_default_on_emitted_cpp,5eb72c8d,12,14,cxx_ne_to_eq,stencil_chain.halide_generated.cpp,1814,31,boilerplate,-6,1,,,,test1_demo,0,0.548,cxx_ne_to_eq:/mnt/scratch1/ardi/dsl_mut/HM-armc/mutation/lowered-cpp/stencil_chain/stencil_chain.halide_generated.cpp:1814:31
stencil_chain,cxx_default_on_emitted_cpp,5eb72c8d,12,14,cxx_add_to_sub,stencil_chain.halide_generated.cpp,16346,46,generator_specific,0,0,1,,,test2_golden,0,0.824,cxx_add_to_sub:/mnt/scratch1/ardi/dsl_mut/HM-armc/mutation/lowered-cpp/stencil_chain/stencil_chain.halide_generated.cpp:16346:46
stencil_chain,cxx_default_on_emitted_cpp,5eb72c8d,12,14,cxx_add_to_sub,stencil_chain.halide_generated.cpp,14308,51,generator_specific,0,0,1,,,test2_golden,0,0.818,cxx_add_to_sub:/mnt/scratch1/ardi/dsl_mut/HM-armc/mutation/lowered-cpp/stencil_chain/stencil_chain.halide_generated.cpp:14308:51
stencil_chain,cxx_default_on_emitted_cpp,5eb72c8d,12,14,cxx_add_to_sub,stencil_chain.halide_generated.cpp,16426,41,generator_specific,0,0,1,,,test2_golden,0,0.912,cxx_add_to_sub:/mnt/scratch1/ardi/dsl_mut/HM-armc/mutation/lowered-cpp/stencil_chain/stencil_chain.halide_generated.cpp:16426:41
stencil_chain,cxx_default_on_emitted_cpp,5eb72c8d,12,14,cxx_mul_to_div,stencil_chain.halide_generated.cpp,12607,39,generator_specific,0,0,1,,,test2_golden,0,0.930,cxx_mul_to_div:/mnt/scratch1/ardi/dsl_mut/HM-armc/mutation/lowered-cpp/stencil_chain/stencil_chain.halide_generated.cpp:12607:39
stencil_chain,cxx_default_on_emitted_cpp,5eb72c8d,12,14,cxx_mul_to_div,stencil_chain.halide_generated.cpp,9879,45,generator_specific,0,0,1,,,test2_golden,0,0.953,cxx_mul_to_div:/mnt/scratch1/ardi/dsl_mut/HM-armc/mutation/lowered-cpp/stencil_chain/stencil_chain.halide_generated.cpp:9879:45
stencil_chain,cxx_default_on_emitted_cpp,5eb72c8d,12,14,cxx_mul_to_div,stencil_chain.halide_generated.cpp,7263,44,generator_specific,0,0,1,,,test2_golden,0,0.805,cxx_mul_to_div:/mnt/scratch1/ardi/dsl_mut/HM-armc/mutation/lowered-cpp/stencil_chain/stencil_chain.halide_generated.cpp:7263:44
stencil_chain,cxx_default_on_emitted_cpp,5eb72c8d,12,14,cxx_add_to_sub,stencil_chain.halide_generated.cpp,15118,42,generator_specific,0,0,1,,,test2_golden,0,0.819,cxx_add_to_sub:/mnt/scratch1/ardi/dsl_mut/HM-armc/mutation/lowered-cpp/stencil_chain/stencil_chain.halide_generated.cpp:15118:42
stencil_chain,cxx_default_on_emitted_cpp,5eb72c8d,12,14,cxx_mul_to_div,stencil_chain.halide_generated.cpp,10303,47,generator_specific,0,0,1,,,test2_golden,0,0.954,cxx_mul_to_div:/mnt/scratch1/ardi/dsl_mut/HM-armc/mutation/lowered-cpp/stencil_chain/stencil_chain.halide_generated.cpp:10303:47
stencil_chain,cxx_default_on_emitted_cpp,5eb72c8d,12,14,cxx_add_to_sub,stencil_chain.halide_generated.cpp,17538,46,generator_specific,0,0,1,,,test2_golden,0,0.950,cxx_add_to_sub:/mnt/scratch1/ardi/dsl_mut/HM-armc/mutation/lowered-cpp/stencil_chain/stencil_chain.halide_generated.cpp:17538:46
stencil_chain,cxx_default_on_emitted_cpp,5eb72c8d,12,14,cxx_add_to_sub,stencil_chain.halide_generated.cpp,12081,39,generator_specific,0,0,1,,,test2_golden,0,0.925,cxx_add_to_sub:/mnt/scratch1/ardi/dsl_mut/HM-armc/mutation/lowered-cpp/stencil_chain/stencil_chain.halide_generated.cpp:12081:39
stencil_chain,cxx_default_on_emitted_cpp,5eb72c8d,12,14,cxx_add_to_sub,stencil_chain.halide_generated.cpp,17575,45,generator_specific,0,0,0,,,,0,0.951,cxx_add_to_sub:/mnt/scratch1/ardi/dsl_mut/HM-armc/mutation/lowered-cpp/stencil_chain/stencil_chain.halide_generated.cpp:17575:45
stencil_chain,cxx_default_on_emitted_cpp,5eb72c8d,12,14,cxx_add_to_sub,stencil_chain.halide_generated.cpp,7142,40,generator_specific,0,0,1,,,test2_golden,0,0.951,cxx_add_to_sub:/mnt/scratch1/ardi/dsl_mut/HM-armc/mutation/lowered-cpp/stencil_chain/stencil_chain.halide_generated.cpp:7142:40
stencil_chain,cxx_default_on_emitted_cpp,5eb72c8d,12,14,cxx_add_to_sub,stencil_chain.halide_generated.cpp,7749,43,generator_specific,0,0,1,,,test2_golden,0,0.964,cxx_add_to_sub:/mnt/scratch1/ardi/dsl_mut/HM-armc/mutation/lowered-cpp/stencil_chain/stencil_chain.halide_generated.cpp:7749:43
stencil_chain,cxx_default_on_emitted_cpp,5eb72c8d,12,14,cxx_add_to_sub,stencil_chain.halide_generated.cpp,14452,46,generator_specific,0,0,1,,,test2_golden,0,0.987,cxx_add_to_sub:/mnt/scratch1/ardi/dsl_mut/HM-armc/mutation/lowered-cpp/stencil_chain/stencil_chain.halide_generated.cpp:14452:46
stencil_chain,cxx_default_on_emitted_cpp,5eb72c8d,12,14,cxx_mul_to_div,stencil_chain.halide_generated.cpp,11619,40,generator_specific,0,0,1,,,test2_golden,0,1.766,cxx_mul_to_div:/mnt/scratch1/ardi/dsl_mut/HM-armc/mutation/lowered-cpp/stencil_chain/stencil_chain.halide_generated.cpp:11619:40
stencil_chain,cxx_default_on_emitted_cpp,5eb72c8d,12,14,cxx_add_to_sub,stencil_chain.halide_generated.cpp,17226,44,generator_specific,0,0,1,,,test2_golden,0,1.204,cxx_add_to_sub:/mnt/scratch1/ardi/dsl_mut/HM-armc/mutation/lowered-cpp/stencil_chain/stencil_chain.halide_generated.cpp:17226:44
stencil_chain,cxx_default_on_emitted_cpp,5eb72c8d,12,14,cxx_add_to_sub,stencil_chain.halide_generated.cpp,11540,36,generator_specific,0,0,1,,,test2_golden,0,1.239,cxx_add_to_sub:/mnt/scratch1/ardi/dsl_mut/HM-armc/mutation/lowered-cpp/stencil_chain/stencil_chain.halide_generated.cpp:11540:36
stencil_chain,cxx_default_on_emitted_cpp,5eb72c8d,12,14,cxx_add_to_sub,stencil_chain.halide_generated.cpp,8209,43,generator_specific,0,0,1,,,test2_golden,0,0.943,cxx_add_to_sub:/mnt/scratch1/ardi/dsl_mut/HM-armc/mutation/lowered-cpp/stencil_chain/stencil_chain.halide_generated.cpp:8209:43
stencil_chain,cxx_default_on_emitted_cpp,5eb72c8d,12,14,cxx_add_to_sub,stencil_chain.halide_generated.cpp,11169,40,generator_specific,0,0,1,,,test2_golden,0,0.778,cxx_add_to_sub:/mnt/scratch1/ardi/dsl_mut/HM-armc/mutation/lowered-cpp/stencil_chain/stencil_chain.halide_generated.cpp:11169:40
stencil_chain,cxx_default_on_emitted_cpp,5eb72c8d,12,14,cxx_le_to_gt,stencil_chain.halide_generated.cpp,16176,33,generator_specific,0,0,1,,,test2_golden,0,0.480,cxx_le_to_gt:/mnt/scratch1/ardi/dsl_mut/HM-armc/mutation/lowered-cpp/stencil_chain/stencil_chain.halide_generated.cpp:16176:33
stencil_chain,cxx_default_on_emitted_cpp,5eb72c8d,12,14,cxx_add_to_sub,stencil_chain.halide_generated.cpp,18079,50,generator_specific,0,0,1,,,test2_golden,0,0.799,cxx_add_to_sub:/mnt/scratch1/ardi/dsl_mut/HM-armc/mutation/lowered-cpp/stencil_chain/stencil_chain.halide_generated.cpp:18079:50
stencil_chain,cxx_default_on_emitted_cpp,5eb72c8d,12,14,cxx_add_to_sub,stencil_chain.halide_generated.cpp,8149,48,generator_specific,0,0,1,,,test2_golden,0,1.337,cxx_add_to_sub:/mnt/scratch1/ardi/dsl_mut/HM-armc/mutation/lowered-cpp/stencil_chain/stencil_chain.halide_generated.cpp:8149:48
stencil_chain,cxx_default_on_emitted_cpp,5eb72c8d,12,14,cxx_add_to_sub,stencil_chain.halide_generated.cpp,14312,47,generator_specific,-11,1,,,,test1_demo,0,0.205,cxx_add_to_sub:/mnt/scratch1/ardi/dsl_mut/HM-armc/mutation/lowered-cpp/stencil_chain/stencil_chain.halide_generated.cpp:14312:47
stencil_chain,cxx_default_on_emitted_cpp,5eb72c8d,12,14,cxx_add_to_sub,stencil_chain.halide_generated.cpp,5743,36,generator_specific,0,0,1,,,test2_golden,0,0.891,cxx_add_to_sub:/mnt/scratch1/ardi/dsl_mut/HM-armc/mutation/lowered-cpp/stencil_chain/stencil_chain.halide_generated.cpp:5743:36
stencil_chain,cxx_default_on_emitted_cpp,5eb72c8d,12,14,cxx_mul_to_div,stencil_chain.halide_generated.cpp,11787,42,generator_specific,0,0,1,,,test2_golden,0,0.908,cxx_mul_to_div:/mnt/scratch1/ardi/dsl_mut/HM-armc/mutation/lowered-cpp/stencil_chain/stencil_chain.halide_generated.cpp:11787:42
stencil_chain,cxx_default_on_emitted_cpp,5eb72c8d,12,14,cxx_add_to_sub,stencil_chain.halide_generated.cpp,12654,39,generator_specific,0,0,1,,,test2_golden,0,1.115,cxx_add_to_sub:/mnt/scratch1/ardi/dsl_mut/HM-armc/mutation/lowered-cpp/stencil_chain/stencil_chain.halide_generated.cpp:12654:39
stencil_chain,cxx_default_on_emitted_cpp,5eb72c8d,12,14,cxx_add_to_sub,stencil_chain.halide_generated.cpp,7695,43,generator_specific,0,0,1,,,test2_golden,0,0.914,cxx_add_to_sub:/mnt/scratch1/ardi/dsl_mut/HM-armc/mutation/lowered-cpp/stencil_chain/stencil_chain.halide_generated.cpp:7695:43
stencil_chain,cxx_default_on_emitted_cpp,5eb72c8d,12,14,cxx_mul_to_div,stencil_chain.halide_generated.cpp,12138,43,generator_specific,0,0,1,,,test2_golden,0,0.802,cxx_mul_to_div:/mnt/scratch1/ardi/dsl_mut/HM-armc/mutation/lowered-cpp/stencil_chain/stencil_chain.halide_generated.cpp:12138:43
stencil_chain,cxx_default_on_emitted_cpp,5eb72c8d,12,14,cxx_add_to_sub,stencil_chain.halide_generated.cpp,17700,45,generator_specific,0,0,1,,,test2_golden,0,0.799,cxx_add_to_sub:/mnt/scratch1/ardi/dsl_mut/HM-armc/mutation/lowered-cpp/stencil_chain/stencil_chain.halide_generated.cpp:17700:45
stencil_chain,cxx_default_on_emitted_cpp,5eb72c8d,12,14,cxx_add_to_sub,stencil_chain.halide_generated.cpp,16104,40,generator_specific,0,0,1,,,test2_golden,0,0.974,cxx_add_to_sub:/mnt/scratch1/ardi/dsl_mut/HM-armc/mutation/lowered-cpp/stencil_chain/stencil_chain.halide_generated.cpp:16104:40
stencil_chain,cxx_default_on_emitted_cpp,5eb72c8d,12,14,cxx_add_to_sub,stencil_chain.halide_generated.cpp,17916,103,generator_specific,0,0,0,,,,0,0.957,cxx_add_to_sub:/mnt/scratch1/ardi/dsl_mut/HM-armc/mutation/lowered-cpp/stencil_chain/stencil_chain.halide_generated.cpp:17916:103
stencil_chain,cxx_default_on_emitted_cpp,5eb72c8d,12,14,cxx_mul_to_div,stencil_chain.halide_generated.cpp,9523,43,generator_specific,0,0,1,,,test2_golden,0,0.784,cxx_mul_to_div:/mnt/scratch1/ardi/dsl_mut/HM-armc/mutation/lowered-cpp/stencil_chain/stencil_chain.halide_generated.cpp:9523:43
stencil_chain,cxx_default_on_emitted_cpp,5eb72c8d,12,14,cxx_add_to_sub,stencil_chain.halide_generated.cpp,13961,48,generator_specific,0,0,1,,,test2_golden,0,1.609,cxx_add_to_sub:/mnt/scratch1/ardi/dsl_mut/HM-armc/mutation/lowered-cpp/stencil_chain/stencil_chain.halide_generated.cpp:13961:48
stencil_chain,cxx_default_on_emitted_cpp,5eb72c8d,12,14,cxx_add_to_sub,stencil_chain.halide_generated.cpp,5892,40,generator_specific,0,0,1,,,test2_golden,0,0.909,cxx_add_to_sub:/mnt/scratch1/ardi/dsl_mut/HM-armc/mutation/lowered-cpp/stencil_chain/stencil_chain.halide_generated.cpp:5892:40
stencil_chain,cxx_default_on_emitted_cpp,5eb72c8d,12,14,cxx_mul_to_div,stencil_chain.halide_generated.cpp,16435,45,generator_specific,0,0,1,,,test2_golden,0,1.712,cxx_mul_to_div:/mnt/scratch1/ardi/dsl_mut/HM-armc/mutation/lowered-cpp/stencil_chain/stencil_chain.halide_generated.cpp:16435:45
stencil_chain,cxx_default_on_emitted_cpp,5eb72c8d,12,14,cxx_add_to_sub,stencil_chain.halide_generated.cpp,11194,35,generator_specific,0,0,1,,,test2_golden,0,1.149,cxx_add_to_sub:/mnt/scratch1/ardi/dsl_mut/HM-armc/mutation/lowered-cpp/stencil_chain/stencil_chain.halide_generated.cpp:11194:35
stencil_chain,cxx_default_on_emitted_cpp,5eb72c8d,12,14,cxx_add_to_sub,stencil_chain.halide_generated.cpp,8485,49,generator_specific,0,0,1,,,test2_golden,0,0.791,cxx_add_to_sub:/mnt/scratch1/ardi/dsl_mut/HM-armc/mutation/lowered-cpp/stencil_chain/stencil_chain.halide_generated.cpp:8485:49
stencil_chain,cxx_default_on_emitted_cpp,5eb72c8d,12,14,cxx_mul_to_div,stencil_chain.halide_generated.cpp,5003,48,generator_specific,0,0,1,,,test2_golden,0,0.791,cxx_mul_to_div:/mnt/scratch1/ardi/dsl_mut/HM-armc/mutation/lowered-cpp/stencil_chain/stencil_chain.halide_generated.cpp:5003:48
stencil_chain,cxx_default_on_emitted_cpp,5eb72c8d,12,14,cxx_replace_scalar_call,stencil_chain.halide_generated.cpp,18324,19,generator_specific,0,0,1,,,test2_golden,0,0.820,cxx_replace_scalar_call:/mnt/scratch1/ardi/dsl_mut/HM-armc/mutation/lowered-cpp/stencil_chain/stencil_chain.halide_generated.cpp:18324:19
stencil_chain,cxx_default_on_emitted_cpp,5eb72c8d,12,14,cxx_mul_to_div,stencil_chain.halide_generated.cpp,12695,43,generator_specific,0,0,1,,,test2_golden,0,0.925,cxx_mul_to_div:/mnt/scratch1/ardi/dsl_mut/HM-armc/mutation/lowered-cpp/stencil_chain/stencil_chain.halide_generated.cpp:12695:43
stencil_chain,cxx_default_on_emitted_cpp,5eb72c8d,12,14,cxx_add_to_sub,stencil_chain.halide_generated.cpp,9286,38,generator_specific,0,0,1,,,test2_golden,0,1.221,cxx_add_to_sub:/mnt/scratch1/ardi/dsl_mut/HM-armc/mutation/lowered-cpp/stencil_chain/stencil_chain.halide_generated.cpp:9286:38
stencil_chain,cxx_default_on_emitted_cpp,5eb72c8d,12,14,cxx_add_to_sub,stencil_chain.halide_generated.cpp,5625,37,generator_specific,0,0,1,,,test2_golden,0,0.853,cxx_add_to_sub:/mnt/scratch1/ardi/dsl_mut/HM-armc/mutation/lowered-cpp/stencil_chain/stencil_chain.halide_generated.cpp:5625:37
stencil_chain,cxx_default_on_emitted_cpp,5eb72c8d,12,14,cxx_add_to_sub,stencil_chain.halide_generated.cpp,11528,41,generator_specific,0,0,1,,,test2_golden,0,0.822,cxx_add_to_sub:/mnt/scratch1/ardi/dsl_mut/HM-armc/mutation/lowered-cpp/stencil_chain/stencil_chain.halide_generated.cpp:11528:41
stencil_chain,cxx_default_on_emitted_cpp,5eb72c8d,12,14,cxx_le_to_gt,stencil_chain.halide_generated.cpp,18563,24,generator_specific,0,0,1,,,test2_golden,0,0.283,cxx_le_to_gt:/mnt/scratch1/ardi/dsl_mut/HM-armc/mutation/lowered-cpp/stencil_chain/stencil_chain.halide_generated.cpp:18563:24
stencil_chain,cxx_default_on_emitted_cpp,5eb72c8d,12,14,cxx_add_to_sub,stencil_chain.halide_generated.cpp,15132,42,generator_specific,0,0,1,,,test2_golden,0,1.165,cxx_add_to_sub:/mnt/scratch1/ardi/dsl_mut/HM-armc/mutation/lowered-cpp/stencil_chain/stencil_chain.halide_generated.cpp:15132:42
stencil_chain,cxx_default_on_emitted_cpp,5eb72c8d,12,14,cxx_mul_to_div,stencil_chain.halide_generated.cpp,17481,50,generator_specific,0,0,1,,,test2_golden,0,0.815,cxx_mul_to_div:/mnt/scratch1/ardi/dsl_mut/HM-armc/mutation/lowered-cpp/stencil_chain/stencil_chain.halide_generated.cpp:17481:50
stencil_chain,cxx_default_on_emitted_cpp,5eb72c8d,12,14,cxx_mul_to_div,stencil_chain.halide_generated.cpp,17674,49,generator_specific,0,0,1,,,test2_golden,0,1.100,cxx_mul_to_div:/mnt/scratch1/ardi/dsl_mut/HM-armc/mutation/lowered-cpp/stencil_chain/stencil_chain.halide_generated.cpp:17674:49
stencil_chain,cxx_default_on_emitted_cpp,5eb72c8d,12,14,cxx_replace_scalar_call,stencil_chain.halide_generated.cpp,18710,21,generator_specific,0,0,0,,,,0,0.812,cxx_replace_scalar_call:/mnt/scratch1/ardi/dsl_mut/HM-armc/mutation/lowered-cpp/stencil_chain/stencil_chain.halide_generated.cpp:18710:21
stencil_chain,cxx_default_on_emitted_cpp,5eb72c8d,12,14,cxx_add_to_sub,stencil_chain.halide_generated.cpp,3984,40,generator_specific,0,0,1,,,test2_golden,0,1.306,cxx_add_to_sub:/mnt/scratch1/ardi/dsl_mut/HM-armc/mutation/lowered-cpp/stencil_chain/stencil_chain.halide_generated.cpp:3984:40
stencil_chain,cxx_default_on_emitted_cpp,5eb72c8d,12,14,cxx_remove_void_call,stencil_chain.halide_generated.cpp,10885,24,generator_specific,0,0,1,,,test2_golden,0,0.861,cxx_remove_void_call:/mnt/scratch1/ardi/dsl_mut/HM-armc/mutation/lowered-cpp/stencil_chain/stencil_chain.halide_generated.cpp:10885:24
stencil_chain,cxx_default_on_emitted_cpp,5eb72c8d,12,14,cxx_mul_to_div,stencil_chain.halide_generated.cpp,11030,47,generator_specific,0,0,1,,,test2_golden,0,0.695,cxx_mul_to_div:/mnt/scratch1/ardi/dsl_mut/HM-armc/mutation/lowered-cpp/stencil_chain/stencil_chain.halide_generated.cpp:11030:47
stencil_chain,cxx_default_on_emitted_cpp,5eb72c8d,12,14,cxx_mul_to_div,stencil_chain.halide_generated.cpp,10366,44,generator_specific,0,0,1,,,test2_golden,0,0.810,cxx_mul_to_div:/mnt/scratch1/ardi/dsl_mut/HM-armc/mutation/lowered-cpp/stencil_chain/stencil_chain.halide_generated.cpp:10366:44
stencil_chain,cxx_default_on_emitted_cpp,5eb72c8d,12,14,cxx_add_to_sub,stencil_chain.halide_generated.cpp,5541,36,generator_specific,0,0,1,,,test2_golden,0,0.814,cxx_add_to_sub:/mnt/scratch1/ardi/dsl_mut/HM-armc/mutation/lowered-cpp/stencil_chain/stencil_chain.halide_generated.cpp:5541:36
stencil_chain,cxx_default_on_emitted_cpp,5eb72c8d,12,14,cxx_add_to_sub,stencil_chain.halide_generated.cpp,18159,48,generator_specific,0,0,1,,,test2_golden,0,0.818,cxx_add_to_sub:/mnt/scratch1/ardi/dsl_mut/HM-armc/mutation/lowered-cpp/stencil_chain/stencil_chain.halide_generated.cpp:18159:48
stencil_chain,cxx_default_on_emitted_cpp,5eb72c8d,12,14,cxx_add_to_sub,stencil_chain.halide_generated.cpp,13275,101,generator_specific,0,0,1,,,test2_golden,0,0.894,cxx_add_to_sub:/mnt/scratch1/ardi/dsl_mut/HM-armc/mutation/lowered-cpp/stencil_chain/stencil_chain.halide_generated.cpp:13275:101
stencil_chain,cxx_default_on_emitted_cpp,5eb72c8d,12,14,cxx_sub_to_add,stencil_chain.halide_generated.cpp,7997,44,generator_specific,0,0,1,,,test2_golden,0,0.807,cxx_sub_to_add:/mnt/scratch1/ardi/dsl_mut/HM-armc/mutation/lowered-cpp/stencil_chain/stencil_chain.halide_generated.cpp:7997:44
stencil_chain,cxx_default_on_emitted_cpp,5eb72c8d,12,14,cxx_add_to_sub,stencil_chain.halide_generated.cpp,10755,46,generator_specific,0,0,1,,,test2_golden,0,0.849,cxx_add_to_sub:/mnt/scratch1/ardi/dsl_mut/HM-armc/mutation/lowered-cpp/stencil_chain/stencil_chain.halide_generated.cpp:10755:46
stencil_chain,cxx_default_on_emitted_cpp,5eb72c8d,12,14,cxx_add_to_sub,stencil_chain.halide_generated.cpp,4345,42,generator_specific,0,0,1,,,test2_golden,0,0.801,cxx_add_to_sub:/mnt/scratch1/ardi/dsl_mut/HM-armc/mutation/lowered-cpp/stencil_chain/stencil_chain.halide_generated.cpp:4345:42
stencil_chain,cxx_default_on_emitted_cpp,5eb72c8d,12,14,cxx_add_to_sub,stencil_chain.halide_generated.cpp,7847,42,generator_specific,0,0,1,,,test2_golden,0,0.816,cxx_add_to_sub:/mnt/scratch1/ardi/dsl_mut/HM-armc/mutation/lowered-cpp/stencil_chain/stencil_chain.halide_generated.cpp:7847:42
stencil_chain,cxx_default_on_emitted_cpp,5eb72c8d,12,14,cxx_remove_void_call,stencil_chain.halide_generated.cpp,16522,17,generator_specific,0,0,1,,,test2_golden,0,0.798,cxx_remove_void_call:/mnt/scratch1/ardi/dsl_mut/HM-armc/mutation/lowered-cpp/stencil_chain/stencil_chain.halide_generated.cpp:16522:17
stencil_chain,cxx_default_on_emitted_cpp,5eb72c8d,12,14,cxx_add_to_sub,stencil_chain.halide_generated.cpp,11686,40,generator_specific,0,0,1,,,test2_golden,0,0.880,cxx_add_to_sub:/mnt/scratch1/ardi/dsl_mut/HM-armc/mutation/lowered-cpp/stencil_chain/stencil_chain.halide_generated.cpp:11686:40
stencil_chain,cxx_default_on_emitted_cpp,5eb72c8d,12,14,cxx_mul_to_div,stencil_chain.halide_generated.cpp,7368,46,generator_specific,0,0,1,,,test2_golden,0,0.871,cxx_mul_to_div:/mnt/scratch1/ardi/dsl_mut/HM-armc/mutation/lowered-cpp/stencil_chain/stencil_chain.halide_generated.cpp:7368:46
stencil_chain,cxx_default_on_emitted_cpp,5eb72c8d,12,14,cxx_mul_to_div,stencil_chain.halide_generated.cpp,15177,41,generator_specific,0,0,1,,,test2_golden,0,0.908,cxx_mul_to_div:/mnt/scratch1/ardi/dsl_mut/HM-armc/mutation/lowered-cpp/stencil_chain/stencil_chain.halide_generated.cpp:15177:41
stencil_chain,cxx_default_on_emitted_cpp,5eb72c8d,12,14,cxx_add_to_sub,stencil_chain.halide_generated.cpp,18071,50,generator_specific,0,0,1,,,test2_golden,0,0.888,cxx_add_to_sub:/mnt/scratch1/ardi/dsl_mut/HM-armc/mutation/lowered-cpp/stencil_chain/stencil_chain.halide_generated.cpp:18071:50
stencil_chain,cxx_default_on_emitted_cpp,5eb72c8d,12,14,cxx_mul_to_div,stencil_chain.halide_generated.cpp,8563,48,generator_specific,0,0,1,,,test2_golden,0,0.795,cxx_mul_to_div:/mnt/scratch1/ardi/dsl_mut/HM-armc/mutation/lowered-cpp/stencil_chain/stencil_chain.halide_generated.cpp:8563:48
stencil_chain,cxx_default_on_emitted_cpp,5eb72c8d,12,14,cxx_mul_to_div,stencil_chain.halide_generated.cpp,6843,43,generator_specific,0,0,1,,,test2_golden,0,0.905,cxx_mul_to_div:/mnt/scratch1/ardi/dsl_mut/HM-armc/mutation/lowered-cpp/stencil_chain/stencil_chain.halide_generated.cpp:6843:43
stencil_chain,cxx_default_on_emitted_cpp,5eb72c8d,12,14,cxx_add_to_sub,stencil_chain.halide_generated.cpp,8141,48,generator_specific,0,0,1,,,test2_golden,0,0.885,cxx_add_to_sub:/mnt/scratch1/ardi/dsl_mut/HM-armc/mutation/lowered-cpp/stencil_chain/stencil_chain.halide_generated.cpp:8141:48
stencil_chain,cxx_default_on_emitted_cpp,5eb72c8d,12,14,cxx_add_to_sub,stencil_chain.halide_generated.cpp,18057,50,generator_specific,0,0,1,,,test2_golden,0,0.967,cxx_add_to_sub:/mnt/scratch1/ardi/dsl_mut/HM-armc/mutation/lowered-cpp/stencil_chain/stencil_chain.halide_generated.cpp:18057:50
stencil_chain,cxx_default_on_emitted_cpp,5eb72c8d,12,14,cxx_add_to_sub,stencil_chain.halide_generated.cpp,8152,48,generator_specific,0,0,1,,,test2_golden,0,0.802,cxx_add_to_sub:/mnt/scratch1/ardi/dsl_mut/HM-armc/mutation/lowered-cpp/stencil_chain/stencil_chain.halide_generated.cpp:8152:48
stencil_chain,cxx_default_on_emitted_cpp,5eb72c8d,12,14,cxx_mul_to_div,stencil_chain.halide_generated.cpp,15397,43,generator_specific,0,0,1,,,test2_golden,0,0.801,cxx_mul_to_div:/mnt/scratch1/ardi/dsl_mut/HM-armc/mutation/lowered-cpp/stencil_chain/stencil_chain.halide_generated.cpp:15397:43
stencil_chain,cxx_default_on_emitted_cpp,5eb72c8d,12,14,cxx_add_to_sub,stencil_chain.halide_generated.cpp,7281,44,generator_specific,0,0,1,,,test2_golden,0,0.829,cxx_add_to_sub:/mnt/scratch1/ardi/dsl_mut/HM-armc/mutation/lowered-cpp/stencil_chain/stencil_chain.halide_generated.cpp:7281:44
stencil_chain,cxx_default_on_emitted_cpp,5eb72c8d,12,14,cxx_add_to_sub,stencil_chain.halide_generated.cpp,10704,103,generator_specific,0,0,0,,,,0,0.999,cxx_add_to_sub:/mnt/scratch1/ardi/dsl_mut/HM-armc/mutation/lowered-cpp/stencil_chain/stencil_chain.halide_generated.cpp:10704:103
stencil_chain,cxx_default_on_emitted_cpp,5eb72c8d,12,14,cxx_mul_to_div,stencil_chain.halide_generated.cpp,10299,47,generator_specific,0,0,1,,,test2_golden,0,0.882,cxx_mul_to_div:/mnt/scratch1/ardi/dsl_mut/HM-armc/mutation/lowered-cpp/stencil_chain/stencil_chain.halide_generated.cpp:10299:47
stencil_chain,cxx_default_on_emitted_cpp,5eb72c8d,12,14,cxx_mul_to_div,stencil_chain.halide_generated.cpp,13292,41,generator_specific,0,0,1,,,test2_golden,0,0.864,cxx_mul_to_div:/mnt/scratch1/ardi/dsl_mut/HM-armc/mutation/lowered-cpp/stencil_chain/stencil_chain.halide_generated.cpp:13292:41
stencil_chain,cxx_default_on_emitted_cpp,5eb72c8d,12,14,cxx_post_inc_to_post_dec,stencil_chain.halide_generated.cpp,9089,85,generator_specific,-11,1,,,,test1_demo,0,0.212,cxx_post_inc_to_post_dec:/mnt/scratch1/ardi/dsl_mut/HM-armc/mutation/lowered-cpp/stencil_chain/stencil_chain.halide_generated.cpp:9089:85
stencil_chain,cxx_default_on_emitted_cpp,5eb72c8d,12,14,cxx_add_to_sub,stencil_chain.halide_generated.cpp,13432,45,generator_specific,0,0,1,,,test2_golden,0,0.826,cxx_add_to_sub:/mnt/scratch1/ardi/dsl_mut/HM-armc/mutation/lowered-cpp/stencil_chain/stencil_chain.halide_generated.cpp:13432:45
stencil_chain,cxx_default_on_emitted_cpp,5eb72c8d,12,14,cxx_add_to_sub,stencil_chain.halide_generated.cpp,3663,35,generator_specific,0,0,0,,,,0,1.168,cxx_add_to_sub:/mnt/scratch1/ardi/dsl_mut/HM-armc/mutation/lowered-cpp/stencil_chain/stencil_chain.halide_generated.cpp:3663:35
stencil_chain,cxx_default_on_emitted_cpp,5eb72c8d,12,14,cxx_mul_to_div,stencil_chain.halide_generated.cpp,10359,44,generator_specific,0,0,1,,,test2_golden,0,1.026,cxx_mul_to_div:/mnt/scratch1/ardi/dsl_mut/HM-armc/mutation/lowered-cpp/stencil_chain/stencil_chain.halide_generated.cpp:10359:44
stencil_chain,cxx_default_on_emitted_cpp,5eb72c8d,12,14,cxx_mul_to_div,stencil_chain.halide_generated.cpp,10228,47,generator_specific,0,0,1,,,test2_golden,0,0.799,cxx_mul_to_div:/mnt/scratch1/ardi/dsl_mut/HM-armc/mutation/lowered-cpp/stencil_chain/stencil_chain.halide_generated.cpp:10228:47
stencil_chain,cxx_default_on_emitted_cpp,5eb72c8d,12,14,cxx_replace_scalar_call,stencil_chain.halide_generated.cpp,18307,16,generator_specific,0,0,0,,,,0,0.822,cxx_replace_scalar_call:/mnt/scratch1/ardi/dsl_mut/HM-armc/mutation/lowered-cpp/stencil_chain/stencil_chain.halide_generated.cpp:18307:16
stencil_chain,cxx_default_on_emitted_cpp,5eb72c8d,12,14,cxx_add_to_sub,stencil_chain.halide_generated.cpp,11871,42,generator_specific,0,0,1,,,test2_golden,0,0.873,cxx_add_to_sub:/mnt/scratch1/ardi/dsl_mut/HM-armc/mutation/lowered-cpp/stencil_chain/stencil_chain.halide_generated.cpp:11871:42
stencil_chain,cxx_default_on_emitted_cpp,5eb72c8d,12,14,cxx_add_to_sub,stencil_chain.halide_generated.cpp,6418,43,generator_specific,0,0,1,,,test2_golden,0,0.854,cxx_add_to_sub:/mnt/scratch1/ardi/dsl_mut/HM-armc/mutation/lowered-cpp/stencil_chain/stencil_chain.halide_generated.cpp:6418:43
stencil_chain,cxx_default_on_emitted_cpp,5eb72c8d,12,14,cxx_replace_scalar_call,stencil_chain.halide_generated.cpp,18766,20,generator_specific,-6,1,,,,test1_demo,0,0.198,cxx_replace_scalar_call:/mnt/scratch1/ardi/dsl_mut/HM-armc/mutation/lowered-cpp/stencil_chain/stencil_chain.halide_generated.cpp:18766:20
stencil_chain,cxx_default_on_emitted_cpp,5eb72c8d,12,14,cxx_mul_to_div,stencil_chain.halide_generated.cpp,12699,43,generator_specific,0,0,1,,,test2_golden,0,0.919,cxx_mul_to_div:/mnt/scratch1/ardi/dsl_mut/HM-armc/mutation/lowered-cpp/stencil_chain/stencil_chain.halide_generated.cpp:12699:43
stencil_chain,cxx_default_on_emitted_cpp,5eb72c8d,12,14,cxx_add_to_sub,stencil_chain.halide_generated.cpp,10192,43,generator_specific,0,0,1,,,test2_golden,0,0.921,cxx_add_to_sub:/mnt/scratch1/ardi/dsl_mut/HM-armc/mutation/lowered-cpp/stencil_chain/stencil_chain.halide_generated.cpp:10192:43
stencil_chain,cxx_default_on_emitted_cpp,5eb72c8d,12,14,cxx_mul_to_div,stencil_chain.halide_generated.cpp,4323,42,generator_specific,0,0,1,,,test2_golden,0,0.800,cxx_mul_to_div:/mnt/scratch1/ardi/dsl_mut/HM-armc/mutation/lowered-cpp/stencil_chain/stencil_chain.halide_generated.cpp:4323:42
stencil_chain,cxx_default_on_emitted_cpp,5eb72c8d,12,14,cxx_mul_to_div,stencil_chain.halide_generated.cpp,17800,51,generator_specific,0,0,1,,,test2_golden,0,0.820,cxx_mul_to_div:/mnt/scratch1/ardi/dsl_mut/HM-armc/mutation/lowered-cpp/stencil_chain/stencil_chain.halide_generated.cpp:17800:51
stencil_chain,cxx_default_on_emitted_cpp,5eb72c8d,12,14,cxx_add_to_sub,stencil_chain.halide_generated.cpp,15911,41,generator_specific,0,0,1,,,test2_golden,0,0.817,cxx_add_to_sub:/mnt/scratch1/ardi/dsl_mut/HM-armc/mutation/lowered-cpp/stencil_chain/stencil_chain.halide_generated.cpp:15911:41
stencil_chain,cxx_default_on_emitted_cpp,5eb72c8d,12,14,cxx_add_to_sub,stencil_chain.halide_generated.cpp,12388,42,generator_specific,0,0,1,,,test2_golden,0,0.874,cxx_add_to_sub:/mnt/scratch1/ardi/dsl_mut/HM-armc/mutation/lowered-cpp/stencil_chain/stencil_chain.halide_generated.cpp:12388:42
stencil_chain,cxx_default_on_emitted_cpp,5eb72c8d,12,14,cxx_add_to_sub,stencil_chain.halide_generated.cpp,14460,50,generator_specific,0,0,1,,,test2_golden,0,0.821,cxx_add_to_sub:/mnt/scratch1/ardi/dsl_mut/HM-armc/mutation/lowered-cpp/stencil_chain/stencil_chain.halide_generated.cpp:14460:50
stencil_chain,cxx_default_on_emitted_cpp,5eb72c8d,12,14,cxx_add_to_sub,stencil_chain.halide_generated.cpp,8355,45,generator_specific,0,0,1,,,test2_golden,0,1.093,cxx_add_to_sub:/mnt/scratch1/ardi/dsl_mut/HM-armc/mutation/lowered-cpp/stencil_chain/stencil_chain.halide_generated.cpp:8355:45
stencil_chain,cxx_default_on_emitted_cpp,5eb72c8d,12,14,cxx_mul_to_div,stencil_chain.halide_generated.cpp,7946,46,generator_specific,0,0,1,,,test2_golden,0,0.797,cxx_mul_to_div:/mnt/scratch1/ardi/dsl_mut/HM-armc/mutation/lowered-cpp/stencil_chain/stencil_chain.halide_generated.cpp:7946:46
stencil_chain,cxx_default_on_emitted_cpp,5eb72c8d,12,14,cxx_add_to_sub,stencil_chain.halide_generated.cpp,17040,48,generator_specific,0,0,1,,,test2_golden,0,0.802,cxx_add_to_sub:/mnt/scratch1/ardi/dsl_mut/HM-armc/mutation/lowered-cpp/stencil_chain/stencil_chain.halide_generated.cpp:17040:48
stencil_chain,cxx_default_on_emitted_cpp,5eb72c8d,12,14,cxx_add_to_sub,stencil_chain.halide_generated.cpp,14640,52,generator_specific,0,0,1,,,test2_golden,0,0.823,cxx_add_to_sub:/mnt/scratch1/ardi/dsl_mut/HM-armc/mutation/lowered-cpp/stencil_chain/stencil_chain.halide_generated.cpp:14640:52
stencil_chain,cxx_default_on_emitted_cpp,5eb72c8d,12,14,cxx_add_to_sub,stencil_chain.halide_generated.cpp,15127,42,generator_specific,0,0,1,,,test2_golden,0,0.823,cxx_add_to_sub:/mnt/scratch1/ardi/dsl_mut/HM-armc/mutation/lowered-cpp/stencil_chain/stencil_chain.halide_generated.cpp:15127:42
stencil_chain,cxx_default_on_emitted_cpp,5eb72c8d,12,14,cxx_add_to_sub,stencil_chain.halide_generated.cpp,4757,43,generator_specific,0,0,1,,,test2_golden,0,0.828,cxx_add_to_sub:/mnt/scratch1/ardi/dsl_mut/HM-armc/mutation/lowered-cpp/stencil_chain/stencil_chain.halide_generated.cpp:4757:43
stencil_chain,cxx_default_on_emitted_cpp,5eb72c8d,12,14,cxx_lt_to_le,stencil_chain.halide_generated.cpp,15314,62,generator_specific,-11,1,,,,test1_demo,0,0.407,cxx_lt_to_le:/mnt/scratch1/ardi/dsl_mut/HM-armc/mutation/lowered-cpp/stencil_chain/stencil_chain.halide_generated.cpp:15314:62
stencil_chain,cxx_default_on_emitted_cpp,5eb72c8d,12,14,cxx_add_to_sub,stencil_chain.halide_generated.cpp,16510,45,generator_specific,0,0,1,,,test2_golden,0,0.874,cxx_add_to_sub:/mnt/scratch1/ardi/dsl_mut/HM-armc/mutation/lowered-cpp/stencil_chain/stencil_chain.halide_generated.cpp:16510:45
stencil_chain,cxx_default_on_emitted_cpp,5eb72c8d,12,14,cxx_mul_to_div,stencil_chain.halide_generated.cpp,15913,45,generator_specific,0,0,1,,,test2_golden,0,0.944,cxx_mul_to_div:/mnt/scratch1/ardi/dsl_mut/HM-armc/mutation/lowered-cpp/stencil_chain/stencil_chain.halide_generated.cpp:15913:45
stencil_chain,cxx_default_on_emitted_cpp,5eb72c8d,12,14,cxx_add_to_sub,stencil_chain.halide_generated.cpp,3997,40,generator_specific,0,0,1,,,test2_golden,0,0.824,cxx_add_to_sub:/mnt/scratch1/ardi/dsl_mut/HM-armc/mutation/lowered-cpp/stencil_chain/stencil_chain.halide_generated.cpp:3997:40
stencil_chain,cxx_default_on_emitted_cpp,5eb72c8d,12,14,cxx_add_to_sub,stencil_chain.halide_generated.cpp,17891,51,generator_specific,0,0,1,,,test2_golden,0,0.824,cxx_add_to_sub:/mnt/scratch1/ardi/dsl_mut/HM-armc/mutation/lowered-cpp/stencil_chain/stencil_chain.halide_generated.cpp:17891:51
stencil_chain,cxx_default_on_emitted_cpp,5eb72c8d,12,14,cxx_mul_to_div,stencil_chain.halide_generated.cpp,8175,43,generator_specific,0,0,1,,,test2_golden,0,0.955,cxx_mul_to_div:/mnt/scratch1/ardi/dsl_mut/HM-armc/mutation/lowered-cpp/stencil_chain/stencil_chain.halide_generated.cpp:8175:43
stencil_chain,cxx_default_on_emitted_cpp,5eb72c8d,12,14,cxx_add_to_sub,stencil_chain.halide_generated.cpp,6920,43,generator_specific,0,0,1,,,test2_golden,0,0.821,cxx_add_to_sub:/mnt/scratch1/ardi/dsl_mut/HM-armc/mutation/lowered-cpp/stencil_chain/stencil_chain.halide_generated.cpp:6920:43
stencil_chain,cxx_default_on_emitted_cpp,5eb72c8d,12,14,cxx_mul_to_div,stencil_chain.halide_generated.cpp,6917,43,generator_specific,0,0,1,,,test2_golden,0,0.800,cxx_mul_to_div:/mnt/scratch1/ardi/dsl_mut/HM-armc/mutation/lowered-cpp/stencil_chain/stencil_chain.halide_generated.cpp:6917:43
stencil_chain,cxx_default_on_emitted_cpp,5eb72c8d,12,14,cxx_add_to_sub,stencil_chain.halide_generated.cpp,17341,44,generator_specific,0,0,1,,,test2_golden,0,0.821,cxx_add_to_sub:/mnt/scratch1/ardi/dsl_mut/HM-armc/mutation/lowered-cpp/stencil_chain/stencil_chain.halide_generated.cpp:17341:44
stencil_chain,cxx_default_on_emitted_cpp,5eb72c8d,12,14,cxx_add_to_sub,stencil_chain.halide_generated.cpp,10717,46,generator_specific,0,0,1,,,test2_golden,0,0.802,cxx_add_to_sub:/mnt/scratch1/ardi/dsl_mut/HM-armc/mutation/lowered-cpp/stencil_chain/stencil_chain.halide_generated.cpp:10717:46
stencil_chain,cxx_default_on_emitted_cpp,5eb72c8d,12,14,cxx_add_to_sub,stencil_chain.halide_generated.cpp,12363,38,generator_specific,0,0,1,,,test2_golden,0,0.839,cxx_add_to_sub:/mnt/scratch1/ardi/dsl_mut/HM-armc/mutation/lowered-cpp/stencil_chain/stencil_chain.halide_generated.cpp:12363:38
stencil_chain,cxx_default_on_emitted_cpp,5eb72c8d,12,14,cxx_add_to_sub,stencil_chain.halide_generated.cpp,5630,37,generator_specific,0,0,1,,,test2_golden,0,1.051,cxx_add_to_sub:/mnt/scratch1/ardi/dsl_mut/HM-armc/mutation/lowered-cpp/stencil_chain/stencil_chain.halide_generated.cpp:5630:37
stencil_chain,cxx_default_on_emitted_cpp,5eb72c8d,12,14,cxx_add_to_sub,stencil_chain.halide_generated.cpp,3999,40,generator_specific,0,0,1,,,test2_golden,0,0.888,cxx_add_to_sub:/mnt/scratch1/ardi/dsl_mut/HM-armc/mutation/lowered-cpp/stencil_chain/stencil_chain.halide_generated.cpp:3999:40
stencil_chain,cxx_default_on_emitted_cpp,5eb72c8d,12,14,cxx_add_to_sub,stencil_chain.halide_generated.cpp,17100,45,generator_specific,0,0,1,,,test2_golden,0,0.814,cxx_add_to_sub:/mnt/scratch1/ardi/dsl_mut/HM-armc/mutation/lowered-cpp/stencil_chain/stencil_chain.halide_generated.cpp:17100:45
stencil_chain,cxx_default_on_emitted_cpp,5eb72c8d,12,14,cxx_add_to_sub,stencil_chain.halide_generated.cpp,13463,43,generator_specific,0,0,1,,,test2_golden,0,0.840,cxx_add_to_sub:/mnt/scratch1/ardi/dsl_mut/HM-armc/mutation/lowered-cpp/stencil_chain/stencil_chain.halide_generated.cpp:13463:43
stencil_chain,cxx_default_on_emitted_cpp,5eb72c8d,12,14,cxx_mul_to_div,stencil_chain.halide_generated.cpp,8688,46,generator_specific,0,0,1,,,test2_golden,0,0.841,cxx_mul_to_div:/mnt/scratch1/ardi/dsl_mut/HM-armc/mutation/lowered-cpp/stencil_chain/stencil_chain.halide_generated.cpp:8688:46
stencil_chain,cxx_default_on_emitted_cpp,5eb72c8d,12,14,cxx_add_to_sub,stencil_chain.halide_generated.cpp,8966,45,generator_specific,0,0,1,,,test2_golden,0,0.836,cxx_add_to_sub:/mnt/scratch1/ardi/dsl_mut/HM-armc/mutation/lowered-cpp/stencil_chain/stencil_chain.halide_generated.cpp:8966:45
stencil_chain,cxx_default_on_emitted_cpp,5eb72c8d,12,14,cxx_mul_to_div,stencil_chain.halide_generated.cpp,12955,40,generator_specific,0,0,1,,,test2_golden,0,0.864,cxx_mul_to_div:/mnt/scratch1/ardi/dsl_mut/HM-armc/mutation/lowered-cpp/stencil_chain/stencil_chain.halide_generated.cpp:12955:40
stencil_chain,cxx_default_on_emitted_cpp,5eb72c8d,12,14,cxx_add_to_sub,stencil_chain.halide_generated.cpp,9740,40,generator_specific,0,0,1,,,test2_golden,0,0.825,cxx_add_to_sub:/mnt/scratch1/ardi/dsl_mut/HM-armc/mutation/lowered-cpp/stencil_chain/stencil_chain.halide_generated.cpp:9740:40
stencil_chain,cxx_default_on_emitted_cpp,5eb72c8d,12,14,cxx_add_to_sub,stencil_chain.halide_generated.cpp,10293,43,generator_specific,0,0,1,,,test2_golden,0,0.927,cxx_add_to_sub:/mnt/scratch1/ardi/dsl_mut/HM-armc/mutation/lowered-cpp/stencil_chain/stencil_chain.halide_generated.cpp:10293:43
stencil_chain,cxx_default_on_emitted_cpp,5eb72c8d,12,14,cxx_add_to_sub,stencil_chain.halide_generated.cpp,13075,44,generator_specific,0,0,1,,,test2_golden,0,0.892,cxx_add_to_sub:/mnt/scratch1/ardi/dsl_mut/HM-armc/mutation/lowered-cpp/stencil_chain/stencil_chain.halide_generated.cpp:13075:44
stencil_chain,cxx_default_on_emitted_cpp,5eb72c8d,12,14,cxx_add_to_sub,stencil_chain.halide_generated.cpp,11888,37,generator_specific,0,0,1,,,test2_golden,0,0.936,cxx_add_to_sub:/mnt/scratch1/ardi/dsl_mut/HM-armc/mutation/lowered-cpp/stencil_chain/stencil_chain.halide_generated.cpp:11888:37
stencil_chain,cxx_default_on_emitted_cpp,5eb72c8d,12,14,cxx_add_to_sub,stencil_chain.halide_generated.cpp,11703,40,generator_specific,0,0,1,,,test2_golden,0,0.839,cxx_add_to_sub:/mnt/scratch1/ardi/dsl_mut/HM-armc/mutation/lowered-cpp/stencil_chain/stencil_chain.halide_generated.cpp:11703:40
stencil_chain,cxx_default_on_emitted_cpp,5eb72c8d,12,14,cxx_add_to_sub,stencil_chain.halide_generated.cpp,17137,45,generator_specific,0,0,1,,,test2_golden,0,0.887,cxx_add_to_sub:/mnt/scratch1/ardi/dsl_mut/HM-armc/mutation/lowered-cpp/stencil_chain/stencil_chain.halide_generated.cpp:17137:45
stencil_chain,cxx_default_on_emitted_cpp,5eb72c8d,12,14,cxx_add_to_sub,stencil_chain.halide_generated.cpp,3929,36,generator_specific,0,0,1,,,test2_golden,0,0.921,cxx_add_to_sub:/mnt/scratch1/ardi/dsl_mut/HM-armc/mutation/lowered-cpp/stencil_chain/stencil_chain.halide_generated.cpp:3929:36
stencil_chain,cxx_default_on_emitted_cpp,5eb72c8d,12,14,cxx_add_to_sub,stencil_chain.halide_generated.cpp,9606,43,generator_specific,0,0,1,,,test2_golden,0,0.852,cxx_add_to_sub:/mnt/scratch1/ardi/dsl_mut/HM-armc/mutation/lowered-cpp/stencil_chain/stencil_chain.halide_generated.cpp:9606:43
stencil_chain,cxx_default_on_emitted_cpp,5eb72c8d,12,14,cxx_add_to_sub,stencil_chain.halide_generated.cpp,6578,42,generator_specific,0,0,1,,,test2_golden,0,1.154,cxx_add_to_sub:/mnt/scratch1/ardi/dsl_mut/HM-armc/mutation/lowered-cpp/stencil_chain/stencil_chain.halide_generated.cpp:6578:42
stencil_chain,cxx_default_on_emitted_cpp,5eb72c8d,12,14,cxx_add_to_sub,stencil_chain.halide_generated.cpp,18097,47,generator_specific,0,0,1,,,test2_golden,0,0.880,cxx_add_to_sub:/mnt/scratch1/ardi/dsl_mut/HM-armc/mutation/lowered-cpp/stencil_chain/stencil_chain.halide_generated.cpp:18097:47
stencil_chain,cxx_default_on_emitted_cpp,5eb72c8d,12,14,cxx_add_to_sub,stencil_chain.halide_generated.cpp,12899,45,generator_specific,0,0,1,,,test2_golden,0,1.053,cxx_add_to_sub:/mnt/scratch1/ardi/dsl_mut/HM-armc/mutation/lowered-cpp/stencil_chain/stencil_chain.halide_generated.cpp:12899:45
stencil_chain,cxx_default_on_emitted_cpp,5eb72c8d,12,14,cxx_add_to_sub,stencil_chain.halide_generated.cpp,10297,43,generator_specific,0,0,1,,,test2_golden,0,0.818,cxx_add_to_sub:/mnt/scratch1/ardi/dsl_mut/HM-armc/mutation/lowered-cpp/stencil_chain/stencil_chain.halide_generated.cpp:10297:43
stencil_chain,cxx_default_on_emitted_cpp,5eb72c8d,12,14,cxx_add_to_sub,stencil_chain.halide_generated.cpp,13073,44,generator_specific,0,0,1,,,test2_golden,0,0.841,cxx_add_to_sub:/mnt/scratch1/ardi/dsl_mut/HM-armc/mutation/lowered-cpp/stencil_chain/stencil_chain.halide_generated.cpp:13073:44
stencil_chain,cxx_default_on_emitted_cpp,5eb72c8d,12,14,cxx_add_to_sub,stencil_chain.halide_generated.cpp,4378,39,generator_specific,0,0,1,,,test2_golden,0,0.940,cxx_add_to_sub:/mnt/scratch1/ardi/dsl_mut/HM-armc/mutation/lowered-cpp/stencil_chain/stencil_chain.halide_generated.cpp:4378:39
stencil_chain,cxx_default_on_emitted_cpp,5eb72c8d,12,14,cxx_add_to_sub,stencil_chain.halide_generated.cpp,14601,48,generator_specific,0,0,1,,,test2_golden,0,0.966,cxx_add_to_sub:/mnt/scratch1/ardi/dsl_mut/HM-armc/mutation/lowered-cpp/stencil_chain/stencil_chain.halide_generated.cpp:14601:48
stencil_chain,cxx_default_on_emitted_cpp,5eb72c8d,12,14,cxx_add_to_sub,stencil_chain.halide_generated.cpp,5729,41,generator_specific,0,0,1,,,test2_golden,0,0.832,cxx_add_to_sub:/mnt/scratch1/ardi/dsl_mut/HM-armc/mutation/lowered-cpp/stencil_chain/stencil_chain.halide_generated.cpp:5729:41
stencil_chain,cxx_default_on_emitted_cpp,5eb72c8d,12,14,cxx_add_to_sub,stencil_chain.halide_generated.cpp,16843,46,generator_specific,0,0,1,,,test2_golden,0,0.854,cxx_add_to_sub:/mnt/scratch1/ardi/dsl_mut/HM-armc/mutation/lowered-cpp/stencil_chain/stencil_chain.halide_generated.cpp:16843:46
stencil_chain,cxx_default_on_emitted_cpp,5eb72c8d,12,14,cxx_add_to_sub,stencil_chain.halide_generated.cpp,9958,45,generator_specific,0,0,1,,,test2_golden,0,0.863,cxx_add_to_sub:/mnt/scratch1/ardi/dsl_mut/HM-armc/mutation/lowered-cpp/stencil_chain/stencil_chain.halide_generated.cpp:9958:45
stencil_chain,cxx_default_on_emitted_cpp,5eb72c8d,12,14,cxx_lt_to_ge,stencil_chain.halide_generated.cpp,6953,64,generator_specific,0,0,1,,,test2_golden,0,0.663,cxx_lt_to_ge:/mnt/scratch1/ardi/dsl_mut/HM-armc/mutation/lowered-cpp/stencil_chain/stencil_chain.halide_generated.cpp:6953:64
stencil_chain,cxx_default_on_emitted_cpp,5eb72c8d,12,14,cxx_add_to_sub,stencil_chain.halide_generated.cpp,4699,46,generator_specific,0,0,1,,,test2_golden,0,0.855,cxx_add_to_sub:/mnt/scratch1/ardi/dsl_mut/HM-armc/mutation/lowered-cpp/stencil_chain/stencil_chain.halide_generated.cpp:4699:46
stencil_chain,cxx_default_on_emitted_cpp,5eb72c8d,12,14,cxx_add_to_sub,stencil_chain.halide_generated.cpp,18214,48,generator_specific,0,0,1,,,test2_golden,0,1.157,cxx_add_to_sub:/mnt/scratch1/ardi/dsl_mut/HM-armc/mutation/lowered-cpp/stencil_chain/stencil_chain.halide_generated.cpp:18214:48
stencil_chain,cxx_default_on_emitted_cpp,5eb72c8d,12,14,cxx_add_to_sub,stencil_chain.halide_generated.cpp,14972,94,generator_specific,0,0,0,,,,0,0.859,cxx_add_to_sub:/mnt/scratch1/ardi/dsl_mut/HM-armc/mutation/lowered-cpp/stencil_chain/stencil_chain.halide_generated.cpp:14972:94
stencil_chain,cxx_default_on_emitted_cpp,5eb72c8d,12,14,cxx_mul_to_div,stencil_chain.halide_generated.cpp,12418,40,generator_specific,0,0,1,,,test2_golden,0,0.900,cxx_mul_to_div:/mnt/scratch1/ardi/dsl_mut/HM-armc/mutation/lowered-cpp/stencil_chain/stencil_chain.halide_generated.cpp:12418:40
stencil_chain,cxx_default_on_emitted_cpp,5eb72c8d,12,14,cxx_add_to_sub,stencil_chain.halide_generated.cpp,13599,47,generator_specific,0,0,1,,,test2_golden,0,0.838,cxx_add_to_sub:/mnt/scratch1/ardi/dsl_mut/HM-armc/mutation/lowered-cpp/stencil_chain/stencil_chain.halide_generated.cpp:13599:47
stencil_chain,cxx_default_on_emitted_cpp,5eb72c8d,12,14,cxx_add_to_sub,stencil_chain.halide_generated.cpp,6423,43,generator_specific,0,0,1,,,test2_golden,0,0.915,cxx_add_to_sub:/mnt/scratch1/ardi/dsl_mut/HM-armc/mutation/lowered-cpp/stencil_chain/stencil_chain.halide_generated.cpp:6423:43
stencil_chain,cxx_default_on_emitted_cpp,5eb72c8d,12,14,cxx_le_to_lt,stencil_chain.halide_generated.cpp,14483,39,generator_specific,0,0,1,,,test2_golden,0,0.843,cxx_le_to_lt:/mnt/scratch1/ardi/dsl_mut/HM-armc/mutation/lowered-cpp/stencil_chain/stencil_chain.halide_generated.cpp:14483:39
stencil_chain,cxx_default_on_emitted_cpp,5eb72c8d,12,14,cxx_remove_void_call,stencil_chain.halide_generated.cpp,18317,2,generator_specific,0,0,0,,,,0,0.863,cxx_remove_void_call:/mnt/scratch1/ardi/dsl_mut/HM-armc/mutation/lowered-cpp/stencil_chain/stencil_chain.halide_generated.cpp:18317:2
stencil_chain,cxx_default_on_emitted_cpp,5eb72c8d,12,14,cxx_mul_to_div,stencil_chain.halide_generated.cpp,15624,42,generator_specific,0,0,1,,,test2_golden,0,0.864,cxx_mul_to_div:/mnt/scratch1/ardi/dsl_mut/HM-armc/mutation/lowered-cpp/stencil_chain/stencil_chain.halide_generated.cpp:15624:42
stencil_chain,cxx_default_on_emitted_cpp,5eb72c8d,12,14,cxx_mul_to_div,stencil_chain.halide_generated.cpp,14615,52,generator_specific,0,0,1,,,test2_golden,0,0.881,cxx_mul_to_div:/mnt/scratch1/ardi/dsl_mut/HM-armc/mutation/lowered-cpp/stencil_chain/stencil_chain.halide_generated.cpp:14615:52
stencil_chain,cxx_default_on_emitted_cpp,5eb72c8d,12,14,cxx_add_to_sub,stencil_chain.halide_generated.cpp,6121,37,generator_specific,0,0,1,,,test2_golden,0,0.869,cxx_add_to_sub:/mnt/scratch1/ardi/dsl_mut/HM-armc/mutation/lowered-cpp/stencil_chain/stencil_chain.halide_generated.cpp:6121:37
stencil_chain,cxx_default_on_emitted_cpp,5eb72c8d,12,14,cxx_sub_to_add,stencil_chain.halide_generated.cpp,18858,28,generator_specific,0,0,0,,,,0,0.884,cxx_sub_to_add:/mnt/scratch1/ardi/dsl_mut/HM-armc/mutation/lowered-cpp/stencil_chain/stencil_chain.halide_generated.cpp:18858:28
stencil_chain,cxx_default_on_emitted_cpp,5eb72c8d,12,14,cxx_add_to_sub,stencil_chain.halide_generated.cpp,12275,38,generator_specific,0,0,1,,,test2_golden,0,0.898,cxx_add_to_sub:/mnt/scratch1/ardi/dsl_mut/HM-armc/mutation/lowered-cpp/stencil_chain/stencil_chain.halide_generated.cpp:12275:38
stencil_chain,cxx_default_on_emitted_cpp,5eb72c8d,12,14,cxx_add_to_sub,stencil_chain.halide_generated.cpp,14457,50,generator_specific,0,0,1,,,test2_golden,0,0.898,cxx_add_to_sub:/mnt/scratch1/ardi/dsl_mut/HM-armc/mutation/lowered-cpp/stencil_chain/stencil_chain.halide_generated.cpp:14457:50
stencil_chain,cxx_default_on_emitted_cpp,5eb72c8d,12,14,cxx_mul_to_div,stencil_chain.halide_generated.cpp,9589,43,generator_specific,0,0,1,,,test2_golden,0,0.889,cxx_mul_to_div:/mnt/scratch1/ardi/dsl_mut/HM-armc/mutation/lowered-cpp/stencil_chain/stencil_chain.halide_generated.cpp:9589:43
stencil_chain,cxx_default_on_emitted_cpp,5eb72c8d,12,14,cxx_add_to_sub,stencil_chain.halide_generated.cpp,16847,46,generator_specific,0,0,1,,,test2_golden,0,0.944,cxx_add_to_sub:/mnt/scratch1/ardi/dsl_mut/HM-armc/mutation/lowered-cpp/stencil_chain/stencil_chain.halide_generated.cpp:16847:46
stencil_chain,cxx_default_on_emitted_cpp,5eb72c8d,12,14,cxx_add_to_sub,stencil_chain.halide_generated.cpp,7469,42,generator_specific,0,0,1,,,test2_golden,0,0.866,cxx_add_to_sub:/mnt/scratch1/ardi/dsl_mut/HM-armc/mutation/lowered-cpp/stencil_chain/stencil_chain.halide_generated.cpp:7469:42
stencil_chain,cxx_default_on_emitted_cpp,5eb72c8d,12,14,cxx_add_to_sub,stencil_chain.halide_generated.cpp,18754,27,generator_specific,0,0,0,,,,0,0.898,cxx_add_to_sub:/mnt/scratch1/ardi/dsl_mut/HM-armc/mutation/lowered-cpp/stencil_chain/stencil_chain.halide_generated.cpp:18754:27
stencil_chain,cxx_default_on_emitted_cpp,5eb72c8d,12,14,cxx_add_to_sub,stencil_chain.halide_generated.cpp,10547,45,generator_specific,0,0,1,,,test2_golden,0,0.865,cxx_add_to_sub:/mnt/scratch1/ardi/dsl_mut/HM-armc/mutation/lowered-cpp/stencil_chain/stencil_chain.halide_generated.cpp:10547:45
stencil_chain,cxx_default_on_emitted_cpp,5eb72c8d,12,14,cxx_mul_to_div,stencil_chain.halide_generated.cpp,17643,49,generator_specific,0,0,1,,,test2_golden,0,0.861,cxx_mul_to_div:/mnt/scratch1/ardi/dsl_mut/HM-armc/mutation/lowered-cpp/stencil_chain/stencil_chain.halide_generated.cpp:17643:49
stencil_chain,cxx_default_on_emitted_cpp,5eb72c8d,12,14,cxx_mul_to_div,stencil_chain.halide_generated.cpp,12064,50,generator_specific,0,0,1,,,test2_golden,0,0.720,cxx_mul_to_div:/mnt/scratch1/ardi/dsl_mut/HM-armc/mutation/lowered-cpp/stencil_chain/stencil_chain.halide_generated.cpp:12064:50
stencil_chain,cxx_default_on_emitted_cpp,5eb72c8d,12,14,cxx_mul_to_div,stencil_chain.halide_generated.cpp,11228,39,generator_specific,0,0,1,,,test2_golden,0,0.862,cxx_mul_to_div:/mnt/scratch1/ardi/dsl_mut/HM-armc/mutation/lowered-cpp/stencil_chain/stencil_chain.halide_generated.cpp:11228:39
stencil_chain,cxx_default_on_emitted_cpp,5eb72c8d,12,14,cxx_mul_to_div,stencil_chain.halide_generated.cpp,11095,40,generator_specific,0,0,1,,,test2_golden,0,0.925,cxx_mul_to_div:/mnt/scratch1/ardi/dsl_mut/HM-armc/mutation/lowered-cpp/stencil_chain/stencil_chain.halide_generated.cpp:11095:40
stencil_chain,cxx_default_on_emitted_cpp,5eb72c8d,12,14,cxx_add_to_sub,stencil_chain.halide_generated.cpp,11466,37,generator_specific,0,0,1,,,test2_golden,0,0.858,cxx_add_to_sub:/mnt/scratch1/ardi/dsl_mut/HM-armc/mutation/lowered-cpp/stencil_chain/stencil_chain.halide_generated.cpp:11466:37
stencil_chain,cxx_default_on_emitted_cpp,5eb72c8d,12,14,cxx_add_to_sub,stencil_chain.halide_generated.cpp,8850,50,generator_specific,0,0,1,,,test2_golden,0,0.852,cxx_add_to_sub:/mnt/scratch1/ardi/dsl_mut/HM-armc/mutation/lowered-cpp/stencil_chain/stencil_chain.halide_generated.cpp:8850:50
stencil_chain,cxx_default_on_emitted_cpp,5eb72c8d,12,14,cxx_mul_to_div,stencil_chain.halide_generated.cpp,13923,48,generator_specific,0,0,1,,,test2_golden,0,0.859,cxx_mul_to_div:/mnt/scratch1/ardi/dsl_mut/HM-armc/mutation/lowered-cpp/stencil_chain/stencil_chain.halide_generated.cpp:13923:48
stencil_chain,cxx_default_on_emitted_cpp,5eb72c8d,12,14,cxx_mul_to_div,stencil_chain.halide_generated.cpp,17454,50,generator_specific,0,0,1,,,test2_golden,0,0.853,cxx_mul_to_div:/mnt/scratch1/ardi/dsl_mut/HM-armc/mutation/lowered-cpp/stencil_chain/stencil_chain.halide_generated.cpp:17454:50
stencil_chain,cxx_default_on_emitted_cpp,5eb72c8d,12,14,cxx_mul_to_div,stencil_chain.halide_generated.cpp,13745,46,generator_specific,0,0,1,,,test2_golden,0,0.827,cxx_mul_to_div:/mnt/scratch1/ardi/dsl_mut/HM-armc/mutation/lowered-cpp/stencil_chain/stencil_chain.halide_generated.cpp:13745:46
stencil_chain,cxx_default_on_emitted_cpp,5eb72c8d,12,14,cxx_add_to_sub,stencil_chain.halide_generated.cpp,5582,37,generator_specific,0,0,1,,,test2_golden,0,0.902,cxx_add_to_sub:/mnt/scratch1/ardi/dsl_mut/HM-armc/mutation/lowered-cpp/stencil_chain/stencil_chain.halide_generated.cpp:5582:37
stencil_chain,cxx_default_on_emitted_cpp,5eb72c8d,12,14,cxx_add_to_sub,stencil_chain.halide_generated.cpp,8107,44,generator_specific,0,0,1,,,test2_golden,0,0.864,cxx_add_to_sub:/mnt/scratch1/ardi/dsl_mut/HM-armc/mutation/lowered-cpp/stencil_chain/stencil_chain.halide_generated.cpp:8107:44
stencil_chain,cxx_default_on_emitted_cpp,5eb72c8d,12,14,cxx_add_to_sub,stencil_chain.halide_generated.cpp,6243,41,generator_specific,0,0,1,,,test2_golden,0,0.845,cxx_add_to_sub:/mnt/scratch1/ardi/dsl_mut/HM-armc/mutation/lowered-cpp/stencil_chain/stencil_chain.halide_generated.cpp:6243:41
stencil_chain,cxx_default_on_emitted_cpp,5eb72c8d,12,14,cxx_add_to_sub,stencil_chain.halide_generated.cpp,13386,41,generator_specific,0,0,1,,,test2_golden,0,0.825,cxx_add_to_sub:/mnt/scratch1/ardi/dsl_mut/HM-armc/mutation/lowered-cpp/stencil_chain/stencil_chain.halide_generated.cpp:13386:41
stencil_chain,cxx_default_on_emitted_cpp,5eb72c8d,12,14,cxx_mul_to_div,stencil_chain.halide_generated.cpp,11737,38,generator_specific,0,0,1,,,test2_golden,0,0.844,cxx_mul_to_div:/mnt/scratch1/ardi/dsl_mut/HM-armc/mutation/lowered-cpp/stencil_chain/stencil_chain.halide_generated.cpp:11737:38
stencil_chain,cxx_default_on_emitted_cpp,5eb72c8d,12,14,cxx_add_to_sub,stencil_chain.halide_generated.cpp,15633,42,generator_specific,0,0,1,,,test2_golden,0,0.808,cxx_add_to_sub:/mnt/scratch1/ardi/dsl_mut/HM-armc/mutation/lowered-cpp/stencil_chain/stencil_chain.halide_generated.cpp:15633:42
stencil_chain,cxx_default_on_emitted_cpp,5eb72c8d,12,14,cxx_add_to_sub,stencil_chain.halide_generated.cpp,18749,27,generator_specific,-11,1,,,,test1_demo,0,0.193,cxx_add_to_sub:/mnt/scratch1/ardi/dsl_mut/HM-armc/mutation/lowered-cpp/stencil_chain/stencil_chain.halide_generated.cpp:18749:27
stencil_chain,cxx_default_on_emitted_cpp,5eb72c8d,12,14,cxx_add_to_sub,stencil_chain.halide_generated.cpp,11676,36,generator_specific,0,0,1,,,test2_golden,0,0.821,cxx_add_to_sub:/mnt/scratch1/ardi/dsl_mut/HM-armc/mutation/lowered-cpp/stencil_chain/stencil_chain.halide_generated.cpp:11676:36
stencil_chain,cxx_default_on_emitted_cpp,5eb72c8d,12,14,cxx_sub_to_add,stencil_chain.halide_generated.cpp,5534,32,generator_specific,0,0,0,,,,0,1.289,cxx_sub_to_add:/mnt/scratch1/ardi/dsl_mut/HM-armc/mutation/lowered-cpp/stencil_chain/stencil_chain.halide_generated.cpp:5534:32
stencil_chain,cxx_default_on_emitted_cpp,5eb72c8d,12,14,cxx_add_to_sub,stencil_chain.halide_generated.cpp,4166,41,generator_specific,0,0,1,,,test2_golden,0,0.822,cxx_add_to_sub:/mnt/scratch1/ardi/dsl_mut/HM-armc/mutation/lowered-cpp/stencil_chain/stencil_chain.halide_generated.cpp:4166:41
stencil_chain,cxx_default_on_emitted_cpp,5eb72c8d,12,14,cxx_add_to_sub,stencil_chain.halide_generated.cpp,13429,45,generator_specific,0,0,1,,,test2_golden,0,0.817,cxx_add_to_sub:/mnt/scratch1/ardi/dsl_mut/HM-armc/mutation/lowered-cpp/stencil_chain/stencil_chain.halide_generated.cpp:13429:45
stencil_chain,cxx_default_on_emitted_cpp,5eb72c8d,12,14,cxx_add_to_sub,stencil_chain.halide_generated.cpp,8487,49,generator_specific,0,0,1,,,test2_golden,0,0.821,cxx_add_to_sub:/mnt/scratch1/ardi/dsl_mut/HM-armc/mutation/lowered-cpp/stencil_chain/stencil_chain.halide_generated.cpp:8487:49
stencil_chain,cxx_default_on_emitted_cpp,5eb72c8d,12,14,cxx_mul_to_div,stencil_chain.halide_generated.cpp,15554,42,generator_specific,0,0,1,,,test2_golden,0,0.815,cxx_mul_to_div:/mnt/scratch1/ardi/dsl_mut/HM-armc/mutation/lowered-cpp/stencil_chain/stencil_chain.halide_generated.cpp:15554:42
stencil_chain,cxx_default_on_emitted_cpp,5eb72c8d,12,14,cxx_add_to_sub,stencil_chain.halide_generated.cpp,7583,41,generator_specific,0,0,1,,,test2_golden,0,0.843,cxx_add_to_sub:/mnt/scratch1/ardi/dsl_mut/HM-armc/mutation/lowered-cpp/stencil_chain/stencil_chain.halide_generated.cpp:7583:41
stencil_chain,cxx_default_on_emitted_cpp,5eb72c8d,12,14,cxx_add_to_sub,stencil_chain.halide_generated.cpp,18239,52,generator_specific,0,0,1,,,test2_golden,0,0.849,cxx_add_to_sub:/mnt/scratch1/ardi/dsl_mut/HM-armc/mutation/lowered-cpp/stencil_chain/stencil_chain.halide_generated.cpp:18239:52
stencil_chain,cxx_default_on_emitted_cpp,5eb72c8d,12,14,cxx_mul_to_div,stencil_chain.halide_generated.cpp,6384,43,generator_specific,0,0,1,,,test2_golden,0,0.845,cxx_mul_to_div:/mnt/scratch1/ardi/dsl_mut/HM-armc/mutation/lowered-cpp/stencil_chain/stencil_chain.halide_generated.cpp:6384:43
stencil_chain,cxx_default_on_emitted_cpp,5eb72c8d,12,14,cxx_add_to_sub,stencil_chain.halide_generated.cpp,9168,37,generator_specific,0,0,1,,,test2_golden,0,0.884,cxx_add_to_sub:/mnt/scratch1/ardi/dsl_mut/HM-armc/mutation/lowered-cpp/stencil_chain/stencil_chain.halide_generated.cpp:9168:37
stencil_chain,cxx_default_on_emitted_cpp,5eb72c8d,12,14,cxx_add_to_sub,stencil_chain.halide_generated.cpp,4182,41,generator_specific,0,0,1,,,test2_golden,0,0.770,cxx_add_to_sub:/mnt/scratch1/ardi/dsl_mut/HM-armc/mutation/lowered-cpp/stencil_chain/stencil_chain.halide_generated.cpp:4182:41
stencil_chain,cxx_default_on_emitted_cpp,5eb72c8d,12,14,cxx_add_to_sub,stencil_chain.halide_generated.cpp,7285,44,generator_specific,0,0,1,,,test2_golden,0,0.938,cxx_add_to_sub:/mnt/scratch1/ardi/dsl_mut/HM-armc/mutation/lowered-cpp/stencil_chain/stencil_chain.halide_generated.cpp:7285:44
stencil_chain,cxx_default_on_emitted_cpp,5eb72c8d,12,14,cxx_add_to_sub,stencil_chain.halide_generated.cpp,8346,45,generator_specific,0,0,1,,,test2_golden,0,0.869,cxx_add_to_sub:/mnt/scratch1/ardi/dsl_mut/HM-armc/mutation/lowered-cpp/stencil_chain/stencil_chain.halide_generated.cpp:8346:45
stencil_chain,cxx_default_on_emitted_cpp,5eb72c8d,12,14,cxx_add_to_sub,stencil_chain.halide_generated.cpp,17903,51,generator_specific,0,0,1,,,test2_golden,0,0.923,cxx_add_to_sub:/mnt/scratch1/ardi/dsl_mut/HM-armc/mutation/lowered-cpp/stencil_chain/stencil_chain.halide_generated.cpp:17903:51
stencil_chain,cxx_default_on_emitted_cpp,5eb72c8d,12,14,cxx_add_to_sub,stencil_chain.halide_generated.cpp,9411,38,generator_specific,0,0,1,,,test2_golden,0,0.948,cxx_add_to_sub:/mnt/scratch1/ardi/dsl_mut/HM-armc/mutation/lowered-cpp/stencil_chain/stencil_chain.halide_generated.cpp:9411:38
stencil_chain,cxx_default_on_emitted_cpp,5eb72c8d,12,14,cxx_add_to_sub,stencil_chain.halide_generated.cpp,8843,50,generator_specific,0,0,1,,,test2_golden,0,0.759,cxx_add_to_sub:/mnt/scratch1/ardi/dsl_mut/HM-armc/mutation/lowered-cpp/stencil_chain/stencil_chain.halide_generated.cpp:8843:50
stencil_chain,cxx_default_on_emitted_cpp,5eb72c8d,12,14,cxx_add_to_sub,stencil_chain.halide_generated.cpp,12912,45,generator_specific,0,0,1,,,test2_golden,0,0.764,cxx_add_to_sub:/mnt/scratch1/ardi/dsl_mut/HM-armc/mutation/lowered-cpp/stencil_chain/stencil_chain.halide_generated.cpp:12912:45
stencil_chain,cxx_default_on_emitted_cpp,5eb72c8d,12,14,cxx_add_to_sub,stencil_chain.halide_generated.cpp,13945,48,generator_specific,0,0,1,,,test2_golden,0,0.985,cxx_add_to_sub:/mnt/scratch1/ardi/dsl_mut/HM-armc/mutation/lowered-cpp/stencil_chain/stencil_chain.halide_generated.cpp:13945:48
stencil_chain,cxx_default_on_emitted_cpp,5eb72c8d,12,14,cxx_mul_to_div,stencil_chain.halide_generated.cpp,5749,36,generator_specific,0,0,1,,,test2_golden,0,0.787,cxx_mul_to_div:/mnt/scratch1/ardi/dsl_mut/HM-armc/mutation/lowered-cpp/stencil_chain/stencil_chain.halide_generated.cpp:5749:36
stencil_chain,cxx_default_on_emitted_cpp,5eb72c8d,12,14,cxx_add_to_sub,stencil_chain.halide_generated.cpp,8315,47,generator_specific,0,0,1,,,test2_golden,0,0.791,cxx_add_to_sub:/mnt/scratch1/ardi/dsl_mut/HM-armc/mutation/lowered-cpp/stencil_chain/stencil_chain.halide_generated.cpp:8315:47
stencil_chain,cxx_default_on_emitted_cpp,5eb72c8d,12,14,cxx_add_to_sub,stencil_chain.halide_generated.cpp,17573,45,generator_specific,0,0,1,,,test2_golden,0,0.782,cxx_add_to_sub:/mnt/scratch1/ardi/dsl_mut/HM-armc/mutation/lowered-cpp/stencil_chain/stencil_chain.halide_generated.cpp:17573:45
stencil_chain,cxx_default_on_emitted_cpp,5eb72c8d,12,14,cxx_add_to_sub,stencil_chain.halide_generated.cpp,8008,44,generator_specific,0,0,1,,,test2_golden,0,0.950,cxx_add_to_sub:/mnt/scratch1/ardi/dsl_mut/HM-armc/mutation/lowered-cpp/stencil_chain/stencil_chain.halide_generated.cpp:8008:44
stencil_chain,cxx_default_on_emitted_cpp,5eb72c8d,12,14,cxx_add_to_sub,stencil_chain.halide_generated.cpp,9676,40,generator_specific,0,0,1,,,test2_golden,0,0.952,cxx_add_to_sub:/mnt/scratch1/ardi/dsl_mut/HM-armc/mutation/lowered-cpp/stencil_chain/stencil_chain.halide_generated.cpp:9676:40
stencil_chain,cxx_default_on_emitted_cpp,5eb72c8d,12,14,cxx_add_to_sub,stencil_chain.halide_generated.cpp,10043,42,generator_specific,0,0,1,,,test2_golden,0,1.159,cxx_add_to_sub:/mnt/scratch1/ardi/dsl_mut/HM-armc/mutation/lowered-cpp/stencil_chain/stencil_chain.halide_generated.cpp:10043:42
stencil_chain,cxx_default_on_emitted_cpp,5eb72c8d,12,14,cxx_add_to_sub,stencil_chain.halide_generated.cpp,11899,37,generator_specific,0,0,1,,,test2_golden,0,0.783,cxx_add_to_sub:/mnt/scratch1/ardi/dsl_mut/HM-armc/mutation/lowered-cpp/stencil_chain/stencil_chain.halide_generated.cpp:11899:37
stencil_chain,cxx_default_on_emitted_cpp,5eb72c8d,12,14,cxx_post_inc_to_post_dec,stencil_chain.halide_generated.cpp,14142,96,generator_specific,-11,1,,,,test1_demo,0,0.224,cxx_post_inc_to_post_dec:/mnt/scratch1/ardi/dsl_mut/HM-armc/mutation/lowered-cpp/stencil_chain/stencil_chain.halide_generated.cpp:14142:96
stencil_chain,cxx_default_on_emitted_cpp,5eb72c8d,12,14,cxx_add_to_sub,stencil_chain.halide_generated.cpp,5382,46,generator_specific,0,0,1,,,test2_golden,0,0.951,cxx_add_to_sub:/mnt/scratch1/ardi/dsl_mut/HM-armc/mutation/lowered-cpp/stencil_chain/stencil_chain.halide_generated.cpp:5382:46
stencil_chain,cxx_default_on_emitted_cpp,5eb72c8d,12,14,cxx_add_to_sub,stencil_chain.halide_generated.cpp,9020,49,generator_specific,0,0,1,,,test2_golden,0,0.799,cxx_add_to_sub:/mnt/scratch1/ardi/dsl_mut/HM-armc/mutation/lowered-cpp/stencil_chain/stencil_chain.halide_generated.cpp:9020:49
stencil_chain,cxx_default_on_emitted_cpp,5eb72c8d,12,14,cxx_add_to_sub,stencil_chain.halide_generated.cpp,4460,39,generator_specific,0,0,1,,,test2_golden,0,0.868,cxx_add_to_sub:/mnt/scratch1/ardi/dsl_mut/HM-armc/mutation/lowered-cpp/stencil_chain/stencil_chain.halide_generated.cpp:4460:39
stencil_chain,cxx_default_on_emitted_cpp,5eb72c8d,12,14,cxx_add_to_sub,stencil_chain.halide_generated.cpp,15018,38,generator_specific,0,0,1,,,test2_golden,0,0.976,cxx_add_to_sub:/mnt/scratch1/ardi/dsl_mut/HM-armc/mutation/lowered-cpp/stencil_chain/stencil_chain.halide_generated.cpp:15018:38
stencil_chain,cxx_default_on_emitted_cpp,5eb72c8d,12,14,cxx_mul_to_div,stencil_chain.halide_generated.cpp,11883,38,generator_specific,0,0,1,,,test2_golden,0,0.935,cxx_mul_to_div:/mnt/scratch1/ardi/dsl_mut/HM-armc/mutation/lowered-cpp/stencil_chain/stencil_chain.halide_generated.cpp:11883:38
stencil_chain,cxx_default_on_emitted_cpp,5eb72c8d,12,14,cxx_mul_to_div,stencil_chain.halide_generated.cpp,13506,47,generator_specific,0,0,1,,,test2_golden,0,0.949,cxx_mul_to_div:/mnt/scratch1/ardi/dsl_mut/HM-armc/mutation/lowered-cpp/stencil_chain/stencil_chain.halide_generated.cpp:13506:47
stencil_chain,cxx_default_on_emitted_cpp,5eb72c8d,12,14,cxx_add_to_sub,stencil_chain.halide_generated.cpp,13335,41,generator_specific,0,0,1,,,test2_golden,0,0.749,cxx_add_to_sub:/mnt/scratch1/ardi/dsl_mut/HM-armc/mutation/lowered-cpp/stencil_chain/stencil_chain.halide_generated.cpp:13335:41
stencil_chain,cxx_default_on_emitted_cpp,5eb72c8d,12,14,cxx_add_to_sub,stencil_chain.halide_generated.cpp,14562,48,generator_specific,0,0,1,,,test2_golden,0,1.580,cxx_add_to_sub:/mnt/scratch1/ardi/dsl_mut/HM-armc/mutation/lowered-cpp/stencil_chain/stencil_chain.halide_generated.cpp:14562:48
stencil_chain,cxx_default_on_emitted_cpp,5eb72c8d,12,14,cxx_add_to_sub,stencil_chain.halide_generated.cpp,9273,38,generator_specific,0,0,1,,,test2_golden,0,0.769,cxx_add_to_sub:/mnt/scratch1/ardi/dsl_mut/HM-armc/mutation/lowered-cpp/stencil_chain/stencil_chain.halide_generated.cpp:9273:38
stencil_chain,cxx_default_on_emitted_cpp,5eb72c8d,12,14,cxx_add_to_sub,stencil_chain.halide_generated.cpp,18060,50,generator_specific,0,0,1,,,test2_golden,0,0.744,cxx_add_to_sub:/mnt/scratch1/ardi/dsl_mut/HM-armc/mutation/lowered-cpp/stencil_chain/stencil_chain.halide_generated.cpp:18060:50
stencil_chain,cxx_default_on_emitted_cpp,5eb72c8d,12,14,cxx_mul_to_div,stencil_chain.halide_generated.cpp,17343,48,generator_specific,0,0,1,,,test2_golden,0,0.751,cxx_mul_to_div:/mnt/scratch1/ardi/dsl_mut/HM-armc/mutation/lowered-cpp/stencil_chain/stencil_chain.halide_generated.cpp:17343:48
stencil_chain,cxx_default_on_emitted_cpp,5eb72c8d,12,14,cxx_add_to_sub,stencil_chain.halide_generated.cpp,16693,47,generator_specific,0,0,1,,,test2_golden,0,0.750,cxx_add_to_sub:/mnt/scratch1/ardi/dsl_mut/HM-armc/mutation/lowered-cpp/stencil_chain/stencil_chain.halide_generated.cpp:16693:47
stencil_chain,cxx_default_on_emitted_cpp,5eb72c8d,12,14,cxx_mul_to_div,stencil_chain.halide_generated.cpp,9527,43,generator_specific,0,0,1,,,test2_golden,0,0.812,cxx_mul_to_div:/mnt/scratch1/ardi/dsl_mut/HM-armc/mutation/lowered-cpp/stencil_chain/stencil_chain.halide_generated.cpp:9527:43
stencil_chain,cxx_default_on_emitted_cpp,5eb72c8d,12,14,cxx_add_to_sub,stencil_chain.halide_generated.cpp,8490,49,generator_specific,0,0,1,,,test2_golden,0,1.902,cxx_add_to_sub:/mnt/scratch1/ardi/dsl_mut/HM-armc/mutation/lowered-cpp/stencil_chain/stencil_chain.halide_generated.cpp:8490:49
stencil_chain,cxx_default_on_emitted_cpp,5eb72c8d,12,14,cxx_mul_to_div,stencil_chain.halide_generated.cpp,11573,36,generator_specific,0,0,1,,,test2_golden,0,0.908,cxx_mul_to_div:/mnt/scratch1/ardi/dsl_mut/HM-armc/mutation/lowered-cpp/stencil_chain/stencil_chain.halide_generated.cpp:11573:36
stencil_chain,cxx_default_on_emitted_cpp,5eb72c8d,12,14,cxx_add_to_sub,stencil_chain.halide_generated.cpp,9916,41,generator_specific,0,0,1,,,test2_golden,0,0.768,cxx_add_to_sub:/mnt/scratch1/ardi/dsl_mut/HM-armc/mutation/lowered-cpp/stencil_chain/stencil_chain.halide_generated.cpp:9916:41
stencil_chain,cxx_default_on_emitted_cpp,5eb72c8d,12,14,cxx_mul_to_div,stencil_chain.halide_generated.cpp,8112,48,generator_specific,0,0,1,,,test2_golden,0,1.851,cxx_mul_to_div:/mnt/scratch1/ardi/dsl_mut/HM-armc/mutation/lowered-cpp/stencil_chain/stencil_chain.halide_generated.cpp:8112:48
stencil_chain,cxx_default_on_emitted_cpp,5eb72c8d,12,14,cxx_add_to_sub,stencil_chain.halide_generated.cpp,15134,42,generator_specific,0,0,1,,,test2_golden,0,0.761,cxx_add_to_sub:/mnt/scratch1/ardi/dsl_mut/HM-armc/mutation/lowered-cpp/stencil_chain/stencil_chain.halide_generated.cpp:15134:42
stencil_chain,cxx_default_on_emitted_cpp,5eb72c8d,12,14,cxx_replace_scalar_call,stencil_chain.halide_generated.cpp,18626,21,generator_specific,0,0,1,,,test2_golden,0,1.627,cxx_replace_scalar_call:/mnt/scratch1/ardi/dsl_mut/HM-armc/mutation/lowered-cpp/stencil_chain/stencil_chain.halide_generated.cpp:18626:21
stencil_chain,cxx_default_on_emitted_cpp,5eb72c8d,12,14,cxx_add_to_sub,stencil_chain.halide_generated.cpp,5090,103,generator_specific,0,0,1,,,test2_golden,0,0.951,cxx_add_to_sub:/mnt/scratch1/ardi/dsl_mut/HM-armc/mutation/lowered-cpp/stencil_chain/stencil_chain.halide_generated.cpp:5090:103
stencil_chain,cxx_default_on_emitted_cpp,5eb72c8d,12,14,cxx_add_to_sub,stencil_chain.halide_generated.cpp,7195,40,generator_specific,0,0,1,,,test2_golden,0,1.443,cxx_add_to_sub:/mnt/scratch1/ardi/dsl_mut/HM-armc/mutation/lowered-cpp/stencil_chain/stencil_chain.halide_generated.cpp:7195:40
stencil_chain,cxx_default_on_emitted_cpp,5eb72c8d,12,14,cxx_add_to_sub,stencil_chain.halide_generated.cpp,12962,40,generator_specific,0,0,1,,,test2_golden,0,1.642,cxx_add_to_sub:/mnt/scratch1/ardi/dsl_mut/HM-armc/mutation/lowered-cpp/stencil_chain/stencil_chain.halide_generated.cpp:12962:40
stencil_chain,cxx_default_on_emitted_cpp,5eb72c8d,12,14,cxx_add_to_sub,stencil_chain.halide_generated.cpp,6254,96,generator_specific,0,0,1,,,test2_golden,0,0.799,cxx_add_to_sub:/mnt/scratch1/ardi/dsl_mut/HM-armc/mutation/lowered-cpp/stencil_chain/stencil_chain.halide_generated.cpp:6254:96
stencil_chain,cxx_default_on_emitted_cpp,5eb72c8d,12,14,cxx_lt_to_le,stencil_chain.halide_generated.cpp,6607,63,generator_specific,0,0,0,,,,0,1.677,cxx_lt_to_le:/mnt/scratch1/ardi/dsl_mut/HM-armc/mutation/lowered-cpp/stencil_chain/stencil_chain.halide_generated.cpp:6607:63
stencil_chain,cxx_default_on_emitted_cpp,5eb72c8d,12,14,cxx_add_to_sub,stencil_chain.halide_generated.cpp,16682,47,generator_specific,0,0,1,,,test2_golden,0,1.888,cxx_add_to_sub:/mnt/scratch1/ardi/dsl_mut/HM-armc/mutation/lowered-cpp/stencil_chain/stencil_chain.halide_generated.cpp:16682:47
stencil_chain,cxx_default_on_emitted_cpp,5eb72c8d,12,14,cxx_add_to_sub,stencil_chain.halide_generated.cpp,17345,44,generator_specific,0,0,1,,,test2_golden,0,0.778,cxx_add_to_sub:/mnt/scratch1/ardi/dsl_mut/HM-armc/mutation/lowered-cpp/stencil_chain/stencil_chain.halide_generated.cpp:17345:44
stencil_chain,cxx_default_on_emitted_cpp,5eb72c8d,12,14,cxx_add_to_sub,stencil_chain.halide_generated.cpp,11560,36,generator_specific,0,0,1,,,test2_golden,0,0.754,cxx_add_to_sub:/mnt/scratch1/ardi/dsl_mut/HM-armc/mutation/lowered-cpp/stencil_chain/stencil_chain.halide_generated.cpp:11560:36
stencil_chain,cxx_default_on_emitted_cpp,5eb72c8d,12,14,cxx_add_to_sub,stencil_chain.halide_generated.cpp,13416,45,generator_specific,0,0,1,,,test2_golden,0,0.778,cxx_add_to_sub:/mnt/scratch1/ardi/dsl_mut/HM-armc/mutation/lowered-cpp/stencil_chain/stencil_chain.halide_generated.cpp:13416:45
stencil_chain,cxx_default_on_emitted_cpp,5eb72c8d,12,14,cxx_add_to_sub,stencil_chain.halide_generated.cpp,13401,41,generator_specific,0,0,1,,,test2_golden,0,0.780,cxx_add_to_sub:/mnt/scratch1/ardi/dsl_mut/HM-armc/mutation/lowered-cpp/stencil_chain/stencil_chain.halide_generated.cpp:13401:41
stencil_chain,cxx_default_on_emitted_cpp,5eb72c8d,12,14,cxx_mul_to_div,stencil_chain.halide_generated.cpp,6114,37,generator_specific,0,0,1,,,test2_golden,0,0.790,cxx_mul_to_div:/mnt/scratch1/ardi/dsl_mut/HM-armc/mutation/lowered-cpp/stencil_chain/stencil_chain.halide_generated.cpp:6114:37
stencil_chain,cxx_default_on_emitted_cpp,5eb72c8d,12,14,cxx_add_to_sub,stencil_chain.halide_generated.cpp,7351,42,generator_specific,0,0,1,,,test2_golden,0,0.759,cxx_add_to_sub:/mnt/scratch1/ardi/dsl_mut/HM-armc/mutation/lowered-cpp/stencil_chain/stencil_chain.halide_generated.cpp:7351:42
stencil_chain,cxx_default_on_emitted_cpp,5eb72c8d,12,14,cxx_add_to_sub,stencil_chain.halide_generated.cpp,9456,39,generator_specific,0,0,0,,,,0,0.860,cxx_add_to_sub:/mnt/scratch1/ardi/dsl_mut/HM-armc/mutation/lowered-cpp/stencil_chain/stencil_chain.halide_generated.cpp:9456:39
stencil_chain,cxx_default_on_emitted_cpp,5eb72c8d,12,14,cxx_add_to_sub,stencil_chain.halide_generated.cpp,10316,47,generator_specific,0,0,1,,,test2_golden,0,1.196,cxx_add_to_sub:/mnt/scratch1/ardi/dsl_mut/HM-armc/mutation/lowered-cpp/stencil_chain/stencil_chain.halide_generated.cpp:10316:47
stencil_chain,cxx_default_on_emitted_cpp,5eb72c8d,12,14,cxx_add_to_sub,stencil_chain.halide_generated.cpp,13436,45,generator_specific,0,0,1,,,test2_golden,0,0.885,cxx_add_to_sub:/mnt/scratch1/ardi/dsl_mut/HM-armc/mutation/lowered-cpp/stencil_chain/stencil_chain.halide_generated.cpp:13436:45
stencil_chain,cxx_default_on_emitted_cpp,5eb72c8d,12,14,cxx_replace_scalar_call,stencil_chain.halide_generated.cpp,18306,20,generator_specific,-6,1,,,,test1_demo,0,0.160,cxx_replace_scalar_call:/mnt/scratch1/ardi/dsl_mut/HM-armc/mutation/lowered-cpp/stencil_chain/stencil_chain.halide_generated.cpp:18306:20
stencil_chain,cxx_default_on_emitted_cpp,5eb72c8d,12,14,cxx_add_to_sub,stencil_chain.halide_generated.cpp,4019,37,generator_specific,0,0,1,,,test2_golden,0,1.162,cxx_add_to_sub:/mnt/scratch1/ardi/dsl_mut/HM-armc/mutation/lowered-cpp/stencil_chain/stencil_chain.halide_generated.cpp:4019:37
stencil_chain,cxx_default_on_emitted_cpp,5eb72c8d,12,14,cxx_lt_to_ge,stencil_chain.halide_generated.cpp,18105,75,generator_specific,0,0,1,,,test2_golden,0,0.799,cxx_lt_to_ge:/mnt/scratch1/ardi/dsl_mut/HM-armc/mutation/lowered-cpp/stencil_chain/stencil_chain.halide_generated.cpp:18105:75
stencil_chain,cxx_default_on_emitted_cpp,5eb72c8d,12,14,cxx_add_to_sub,stencil_chain.halide_generated.cpp,12736,43,generator_specific,0,0,1,,,test2_golden,0,1.148,cxx_add_to_sub:/mnt/scratch1/ardi/dsl_mut/HM-armc/mutation/lowered-cpp/stencil_chain/stencil_chain.halide_generated.cpp:12736:43
stencil_chain,cxx_default_on_emitted_cpp,5eb72c8d,12,14,cxx_add_to_sub,stencil_chain.halide_generated.cpp,14123,49,generator_specific,0,0,1,,,test2_golden,0,0.762,cxx_add_to_sub:/mnt/scratch1/ardi/dsl_mut/HM-armc/mutation/lowered-cpp/stencil_chain/stencil_chain.halide_generated.cpp:14123:49
stencil_chain,cxx_default_on_emitted_cpp,5eb72c8d,12,14,cxx_add_to_sub,stencil_chain.halide_generated.cpp,13470,43,generator_specific,0,0,1,,,test2_golden,0,1.355,cxx_add_to_sub:/mnt/scratch1/ardi/dsl_mut/HM-armc/mutation/lowered-cpp/stencil_chain/stencil_chain.halide_generated.cpp:13470:43
stencil_chain,cxx_default_on_emitted_cpp,5eb72c8d,12,14,cxx_mul_to_div,stencil_chain.halide_generated.cpp,10800,50,generator_specific,0,0,1,,,test2_golden,0,0.785,cxx_mul_to_div:/mnt/scratch1/ardi/dsl_mut/HM-armc/mutation/lowered-cpp/stencil_chain/stencil_chain.halide_generated.cpp:10800:50
stencil_chain,cxx_default_on_emitted_cpp,5eb72c8d,12,14,cxx_add_to_sub,stencil_chain.halide_generated.cpp,5034,44,generator_specific,0,0,1,,,test2_golden,0,1.125,cxx_add_to_sub:/mnt/scratch1/ardi/dsl_mut/HM-armc/mutation/lowered-cpp/stencil_chain/stencil_chain.halide_generated.cpp:5034:44
stencil_chain,cxx_default_on_emitted_cpp,5eb72c8d,12,14,cxx_add_to_sub,stencil_chain.halide_generated.cpp,4929,44,generator_specific,0,0,1,,,test2_golden,0,0.756,cxx_add_to_sub:/mnt/scratch1/ardi/dsl_mut/HM-armc/mutation/lowered-cpp/stencil_chain/stencil_chain.halide_generated.cpp:4929:44
stencil_chain,cxx_default_on_emitted_cpp,5eb72c8d,12,14,cxx_add_to_sub,stencil_chain.halide_generated.cpp,5721,41,generator_specific,0,0,1,,,test2_golden,0,0.785,cxx_add_to_sub:/mnt/scratch1/ardi/dsl_mut/HM-armc/mutation/lowered-cpp/stencil_chain/stencil_chain.halide_generated.cpp:5721:41
stencil_chain,cxx_default_on_emitted_cpp,5eb72c8d,12,14,cxx_remove_void_call,stencil_chain.halide_generated.cpp,12054,15,generator_specific,0,0,1,,,test2_golden,0,0.933,cxx_remove_void_call:/mnt/scratch1/ardi/dsl_mut/HM-armc/mutation/lowered-cpp/stencil_chain/stencil_chain.halide_generated.cpp:12054:15
stencil_chain,cxx_default_on_emitted_cpp,5eb72c8d,12,14,cxx_mul_to_div,stencil_chain.halide_generated.cpp,7135,40,generator_specific,0,0,1,,,test2_golden,0,0.778,cxx_mul_to_div:/mnt/scratch1/ardi/dsl_mut/HM-armc/mutation/lowered-cpp/stencil_chain/stencil_chain.halide_generated.cpp:7135:40
stencil_chain,cxx_default_on_emitted_cpp,5eb72c8d,12,14,cxx_add_to_sub,stencil_chain.halide_generated.cpp,17618,45,generator_specific,0,0,1,,,test2_golden,0,1.315,cxx_add_to_sub:/mnt/scratch1/ardi/dsl_mut/HM-armc/mutation/lowered-cpp/stencil_chain/stencil_chain.halide_generated.cpp:17618:45
stencil_chain,cxx_default_on_emitted_cpp,5eb72c8d,12,14,cxx_add_to_sub,stencil_chain.halide_generated.cpp,14497,47,generator_specific,0,0,1,,,test2_golden,0,0.765,cxx_add_to_sub:/mnt/scratch1/ardi/dsl_mut/HM-armc/mutation/lowered-cpp/stencil_chain/stencil_chain.halide_generated.cpp:14497:47
stencil_chain,cxx_default_on_emitted_cpp,5eb72c8d,12,14,cxx_lt_to_ge,stencil_chain.halide_generated.cpp,3836,61,generator_specific,0,0,1,,,test2_golden,0,1.007,cxx_lt_to_ge:/mnt/scratch1/ardi/dsl_mut/HM-armc/mutation/lowered-cpp/stencil_chain/stencil_chain.halide_generated.cpp:3836:61
stencil_chain,cxx_default_on_emitted_cpp,5eb72c8d,12,14,cxx_add_to_sub,stencil_chain.halide_generated.cpp,11148,36,generator_specific,0,0,1,,,test2_golden,0,0.958,cxx_add_to_sub:/mnt/scratch1/ardi/dsl_mut/HM-armc/mutation/lowered-cpp/stencil_chain/stencil_chain.halide_generated.cpp:11148:36
stencil_chain,cxx_default_on_emitted_cpp,5eb72c8d,12,14,cxx_add_to_sub,stencil_chain.halide_generated.cpp,13555,43,generator_specific,0,0,1,,,test2_golden,0,0.955,cxx_add_to_sub:/mnt/scratch1/ardi/dsl_mut/HM-armc/mutation/lowered-cpp/stencil_chain/stencil_chain.halide_generated.cpp:13555:43
stencil_chain,cxx_default_on_emitted_cpp,5eb72c8d,12,14,cxx_lt_to_le,stencil_chain.halide_generated.cpp,4195,63,generator_specific,0,0,0,,,,0,0.976,cxx_lt_to_le:/mnt/scratch1/ardi/dsl_mut/HM-armc/mutation/lowered-cpp/stencil_chain/stencil_chain.halide_generated.cpp:4195:63
stencil_chain,cxx_default_on_emitted_cpp,5eb72c8d,12,14,cxx_add_to_sub,stencil_chain.halide_generated.cpp,8962,45,generator_specific,0,0,1,,,test2_golden,0,0.914,cxx_add_to_sub:/mnt/scratch1/ardi/dsl_mut/HM-armc/mutation/lowered-cpp/stencil_chain/stencil_chain.halide_generated.cpp:8962:45
stencil_chain,cxx_default_on_emitted_cpp,5eb72c8d,12,14,cxx_mul_to_div,stencil_chain.halide_generated.cpp,5521,36,generator_specific,0,0,1,,,test2_golden,0,0.893,cxx_mul_to_div:/mnt/scratch1/ardi/dsl_mut/HM-armc/mutation/lowered-cpp/stencil_chain/stencil_chain.halide_generated.cpp:5521:36
stencil_chain,cxx_default_on_emitted_cpp,5eb72c8d,12,14,cxx_add_to_sub,stencil_chain.halide_generated.cpp,3678,35,generator_specific,0,0,0,,,,0,0.797,cxx_add_to_sub:/mnt/scratch1/ardi/dsl_mut/HM-armc/mutation/lowered-cpp/stencil_chain/stencil_chain.halide_generated.cpp:3678:35
stencil_chain,cxx_default_on_emitted_cpp,5eb72c8d,12,14,cxx_add_to_sub,stencil_chain.halide_generated.cpp,17553,50,generator_specific,0,0,1,,,test2_golden,0,1.037,cxx_add_to_sub:/mnt/scratch1/ardi/dsl_mut/HM-armc/mutation/lowered-cpp/stencil_chain/stencil_chain.halide_generated.cpp:17553:50
stencil_chain,cxx_default_on_emitted_cpp,5eb72c8d,12,14,cxx_mul_to_div,stencil_chain.halide_generated.cpp,10314,47,generator_specific,0,0,1,,,test2_golden,0,0.822,cxx_mul_to_div:/mnt/scratch1/ardi/dsl_mut/HM-armc/mutation/lowered-cpp/stencil_chain/stencil_chain.halide_generated.cpp:10314:47
stencil_chain,cxx_default_on_emitted_cpp,5eb72c8d,12,14,cxx_lt_to_ge,stencil_chain.halide_generated.cpp,11366,62,generator_specific,0,0,1,,,test2_golden,0,0.723,cxx_lt_to_ge:/mnt/scratch1/ardi/dsl_mut/HM-armc/mutation/lowered-cpp/stencil_chain/stencil_chain.halide_generated.cpp:11366:62
stencil_chain,cxx_default_on_emitted_cpp,5eb72c8d,12,14,cxx_add_to_sub,stencil_chain.halide_generated.cpp,6622,40,generator_specific,0,0,1,,,test2_golden,0,0.949,cxx_add_to_sub:/mnt/scratch1/ardi/dsl_mut/HM-armc/mutation/lowered-cpp/stencil_chain/stencil_chain.halide_generated.cpp:6622:40
stencil_chain,cxx_default_on_emitted_cpp,5eb72c8d,12,14,cxx_add_to_sub,stencil_chain.halide_generated.cpp,11862,42,generator_specific,0,0,1,,,test2_golden,0,1.100,cxx_add_to_sub:/mnt/scratch1/ardi/dsl_mut/HM-armc/mutation/lowered-cpp/stencil_chain/stencil_chain.halide_generated.cpp:11862:42
stencil_chain,cxx_default_on_emitted_cpp,5eb72c8d,12,14,cxx_mul_to_div,stencil_chain.halide_generated.cpp,11356,35,generator_specific,0,0,1,,,test2_golden,0,0.854,cxx_mul_to_div:/mnt/scratch1/ardi/dsl_mut/HM-armc/mutation/lowered-cpp/stencil_chain/stencil_chain.halide_generated.cpp:11356:35
stencil_chain,cxx_default_on_emitted_cpp,5eb72c8d,12,14,cxx_lt_to_le,stencil_chain.halide_generated.cpp,18733,24,generator_specific,0,0,0,,,,0,0.922,cxx_lt_to_le:/mnt/scratch1/ardi/dsl_mut/HM-armc/mutation/lowered-cpp/stencil_chain/stencil_chain.halide_generated.cpp:18733:24
stencil_chain,cxx_default_on_emitted_cpp,5eb72c8d,12,14,cxx_add_to_sub,stencil_chain.halide_generated.cpp,5239,49,generator_specific,0,0,1,,,test2_golden,0,0.918,cxx_add_to_sub:/mnt/scratch1/ardi/dsl_mut/HM-armc/mutation/lowered-cpp/stencil_chain/stencil_chain.halide_generated.cpp:5239:49
stencil_chain,cxx_default_on_emitted_cpp,5eb72c8d,12,14,cxx_mul_to_div,stencil_chain.halide_generated.cpp,3964,40,generator_specific,0,0,1,,,test2_golden,0,1.238,cxx_mul_to_div:/mnt/scratch1/ardi/dsl_mut/HM-armc/mutation/lowered-cpp/stencil_chain/stencil_chain.halide_generated.cpp:3964:40
stencil_chain,cxx_default_on_emitted_cpp,5eb72c8d,12,14,cxx_mul_to_div,stencil_chain.halide_generated.cpp,15843,41,generator_specific,0,0,1,,,test2_golden,0,1.064,cxx_mul_to_div:/mnt/scratch1/ardi/dsl_mut/HM-armc/mutation/lowered-cpp/stencil_chain/stencil_chain.halide_generated.cpp:15843:41
stencil_chain,cxx_default_on_emitted_cpp,5eb72c8d,12,14,cxx_mul_to_div,stencil_chain.halide_generated.cpp,4777,47,generator_specific,0,0,1,,,test2_golden,0,0.824,cxx_mul_to_div:/mnt/scratch1/ardi/dsl_mut/HM-armc/mutation/lowered-cpp/stencil_chain/stencil_chain.halide_generated.cpp:4777:47
stencil_chain,cxx_default_on_emitted_cpp,5eb72c8d,12,14,cxx_add_to_sub,stencil_chain.halide_generated.cpp,13958,48,generator_specific,0,0,1,,,test2_golden,0,0.784,cxx_add_to_sub:/mnt/scratch1/ardi/dsl_mut/HM-armc/mutation/lowered-cpp/stencil_chain/stencil_chain.halide_generated.cpp:13958:48
stencil_chain,cxx_default_on_emitted_cpp,5eb72c8d,12,14,cxx_add_to_sub,stencil_chain.halide_generated.cpp,14382,46,generator_specific,0,0,1,,,test2_golden,0,1.110,cxx_add_to_sub:/mnt/scratch1/ardi/dsl_mut/HM-armc/mutation/lowered-cpp/stencil_chain/stencil_chain.halide_generated.cpp:14382:46
stencil_chain,cxx_default_on_emitted_cpp,5eb72c8d,12,14,cxx_mul_to_div,stencil_chain.halide_generated.cpp,17955,50,generator_specific,0,0,1,,,test2_golden,0,1.367,cxx_mul_to_div:/mnt/scratch1/ardi/dsl_mut/HM-armc/mutation/lowered-cpp/stencil_chain/stencil_chain.halide_generated.cpp:17955:50
stencil_chain,cxx_default_on_emitted_cpp,5eb72c8d,12,14,cxx_mul_to_div,stencil_chain.halide_generated.cpp,5854,40,generator_specific,0,0,1,,,test2_golden,0,1.203,cxx_mul_to_div:/mnt/scratch1/ardi/dsl_mut/HM-armc/mutation/lowered-cpp/stencil_chain/stencil_chain.halide_generated.cpp:5854:40
stencil_chain,cxx_default_on_emitted_cpp,5eb72c8d,12,14,cxx_add_to_sub,stencil_chain.halide_generated.cpp,10733,46,generator_specific,0,0,1,,,test2_golden,0,0.805,cxx_add_to_sub:/mnt/scratch1/ardi/dsl_mut/HM-armc/mutation/lowered-cpp/stencil_chain/stencil_chain.halide_generated.cpp:10733:46
stencil_chain,cxx_default_on_emitted_cpp,5eb72c8d,12,14,cxx_add_to_sub,stencil_chain.halide_generated.cpp,11133,36,generator_specific,0,0,1,,,test2_golden,0,0.796,cxx_add_to_sub:/mnt/scratch1/ardi/dsl_mut/HM-armc/mutation/lowered-cpp/stencil_chain/stencil_chain.halide_generated.cpp:11133:36
stencil_chain,cxx_default_on_emitted_cpp,5eb72c8d,12,14,cxx_add_to_sub,stencil_chain.halide_generated.cpp,17757,47,generator_specific,0,0,1,,,test2_golden,0,0.793,cxx_add_to_sub:/mnt/scratch1/ardi/dsl_mut/HM-armc/mutation/lowered-cpp/stencil_chain/stencil_chain.halide_generated.cpp:17757:47
stencil_chain,cxx_default_on_emitted_cpp,5eb72c8d,12,14,cxx_mul_to_div,stencil_chain.halide_generated.cpp,5639,41,generator_specific,0,0,1,,,test2_golden,0,0.794,cxx_mul_to_div:/mnt/scratch1/ardi/dsl_mut/HM-armc/mutation/lowered-cpp/stencil_chain/stencil_chain.halide_generated.cpp:5639:41
stencil_chain,cxx_default_on_emitted_cpp,5eb72c8d,12,14,cxx_mul_to_div,stencil_chain.halide_generated.cpp,11116,40,generator_specific,0,0,1,,,test2_golden,0,0.892,cxx_mul_to_div:/mnt/scratch1/ardi/dsl_mut/HM-armc/mutation/lowered-cpp/stencil_chain/stencil_chain.halide_generated.cpp:11116:40
stencil_chain,cxx_default_on_emitted_cpp,5eb72c8d,12,14,cxx_mul_to_div,stencil_chain.halide_generated.cpp,6449,38,generator_specific,0,0,1,,,test2_golden,0,0.929,cxx_mul_to_div:/mnt/scratch1/ardi/dsl_mut/HM-armc/mutation/lowered-cpp/stencil_chain/stencil_chain.halide_generated.cpp:6449:38
stencil_chain,cxx_default_on_emitted_cpp,5eb72c8d,12,14,cxx_ne_to_eq,stencil_chain.halide_generated.cpp,2529,15,boilerplate,0,0,1,,,test2_golden,0,0.922,cxx_ne_to_eq:/mnt/scratch1/ardi/dsl_mut/HM-armc/mutation/lowered-cpp/stencil_chain/stencil_chain.halide_generated.cpp:2529:15
stencil_chain,cxx_default_on_emitted_cpp,5eb72c8d,12,14,cxx_add_to_sub,stencil_chain.halide_generated.cpp,8668,48,generator_specific,0,0,1,,,test2_golden,0,0.778,cxx_add_to_sub:/mnt/scratch1/ardi/dsl_mut/HM-armc/mutation/lowered-cpp/stencil_chain/stencil_chain.halide_generated.cpp:8668:48
stencil_chain,cxx_default_on_emitted_cpp,5eb72c8d,12,14,cxx_le_to_gt,stencil_chain.halide_generated.cpp,11707,29,generator_specific,0,0,1,,,test2_golden,0,0.450,cxx_le_to_gt:/mnt/scratch1/ardi/dsl_mut/HM-armc/mutation/lowered-cpp/stencil_chain/stencil_chain.halide_generated.cpp:11707:29
stencil_chain,cxx_default_on_emitted_cpp,5eb72c8d,12,14,cxx_sub_to_add,stencil_chain.halide_generated.cpp,17748,47,generator_specific,0,0,1,,,test2_golden,0,0.791,cxx_sub_to_add:/mnt/scratch1/ardi/dsl_mut/HM-armc/mutation/lowered-cpp/stencil_chain/stencil_chain.halide_generated.cpp:17748:47
stencil_chain,cxx_default_on_emitted_cpp,5eb72c8d,12,14,cxx_mul_to_div,stencil_chain.halide_generated.cpp,5125,49,generator_specific,0,0,1,,,test2_golden,0,0.921,cxx_mul_to_div:/mnt/scratch1/ardi/dsl_mut/HM-armc/mutation/lowered-cpp/stencil_chain/stencil_chain.halide_generated.cpp:5125:49
stencil_chain,cxx_default_on_emitted_cpp,5eb72c8d,12,14,cxx_mul_to_div,stencil_chain.halide_generated.cpp,4389,39,generator_specific,0,0,0,,,,0,0.901,cxx_mul_to_div:/mnt/scratch1/ardi/dsl_mut/HM-armc/mutation/lowered-cpp/stencil_chain/stencil_chain.halide_generated.cpp:4389:39
stencil_chain,cxx_default_on_emitted_cpp,5eb72c8d,12,14,cxx_add_to_sub,stencil_chain.halide_generated.cpp,12770,41,generator_specific,0,0,1,,,test2_golden,0,0.969,cxx_add_to_sub:/mnt/scratch1/ardi/dsl_mut/HM-armc/mutation/lowered-cpp/stencil_chain/stencil_chain.halide_generated.cpp:12770:41
stencil_chain,cxx_default_on_emitted_cpp,5eb72c8d,12,14,cxx_add_to_sub,stencil_chain.halide_generated.cpp,6421,43,generator_specific,0,0,1,,,test2_golden,0,0.759,cxx_add_to_sub:/mnt/scratch1/ardi/dsl_mut/HM-armc/mutation/lowered-cpp/stencil_chain/stencil_chain.halide_generated.cpp:6421:43
stencil_chain,cxx_default_on_emitted_cpp,5eb72c8d,12,14,cxx_mul_to_div,stencil_chain.halide_generated.cpp,5807,40,generator_specific,0,0,1,,,test2_golden,0,0.776,cxx_mul_to_div:/mnt/scratch1/ardi/dsl_mut/HM-armc/mutation/lowered-cpp/stencil_chain/stencil_chain.halide_generated.cpp:5807:40
stencil_chain,cxx_default_on_emitted_cpp,5eb72c8d,12,14,cxx_replace_scalar_call,stencil_chain.halide_generated.cpp,2493,17,boilerplate,0,0,0,,,,0,1.983,cxx_replace_scalar_call:/mnt/scratch1/ardi/dsl_mut/HM-armc/mutation/lowered-cpp/stencil_chain/stencil_chain.halide_generated.cpp:2493:17
stencil_chain,cxx_default_on_emitted_cpp,5eb72c8d,12,14,cxx_mul_to_div,stencil_chain.halide_generated.cpp,15964,45,generator_specific,0,0,1,,,test2_golden,0,0.756,cxx_mul_to_div:/mnt/scratch1/ardi/dsl_mut/HM-armc/mutation/lowered-cpp/stencil_chain/stencil_chain.halide_generated.cpp:15964:45
stencil_chain,cxx_default_on_emitted_cpp,5eb72c8d,12,14,cxx_add_to_sub,stencil_chain.halide_generated.cpp,12293,38,generator_specific,0,0,1,,,test2_golden,0,0.763,cxx_add_to_sub:/mnt/scratch1/ardi/dsl_mut/HM-armc/mutation/lowered-cpp/stencil_chain/stencil_chain.halide_generated.cpp:12293:38
stencil_chain,cxx_default_on_emitted_cpp,5eb72c8d,12,14,cxx_add_to_sub,stencil_chain.halide_generated.cpp,7507,41,generator_specific,0,0,1,,,test2_golden,0,0.960,cxx_add_to_sub:/mnt/scratch1/ardi/dsl_mut/HM-armc/mutation/lowered-cpp/stencil_chain/stencil_chain.halide_generated.cpp:7507:41
stencil_chain,cxx_default_on_emitted_cpp,5eb72c8d,12,14,cxx_add_to_sub,stencil_chain.halide_generated.cpp,11669,36,generator_specific,0,0,1,,,test2_golden,0,0.794,cxx_add_to_sub:/mnt/scratch1/ardi/dsl_mut/HM-armc/mutation/lowered-cpp/stencil_chain/stencil_chain.halide_generated.cpp:11669:36
stencil_chain,cxx_default_on_emitted_cpp,5eb72c8d,12,14,cxx_add_to_sub,stencil_chain.halide_generated.cpp,11198,35,generator_specific,0,0,1,,,test2_golden,0,1.011,cxx_add_to_sub:/mnt/scratch1/ardi/dsl_mut/HM-armc/mutation/lowered-cpp/stencil_chain/stencil_chain.halide_generated.cpp:11198:35
stencil_chain,cxx_default_on_emitted_cpp,5eb72c8d,12,14,cxx_add_to_sub,stencil_chain.halide_generated.cpp,8606,44,generator_specific,0,0,1,,,test2_golden,0,1.087,cxx_add_to_sub:/mnt/scratch1/ardi/dsl_mut/HM-armc/mutation/lowered-cpp/stencil_chain/stencil_chain.halide_generated.cpp:8606:44
stencil_chain,cxx_default_on_emitted_cpp,5eb72c8d,12,14,cxx_mul_to_div,stencil_chain.halide_generated.cpp,11659,40,generator_specific,0,0,1,,,test2_golden,0,0.930,cxx_mul_to_div:/mnt/scratch1/ardi/dsl_mut/HM-armc/mutation/lowered-cpp/stencil_chain/stencil_chain.halide_generated.cpp:11659:40
stencil_chain,cxx_default_on_emitted_cpp,5eb72c8d,12,14,cxx_add_to_sub,stencil_chain.halide_generated.cpp,13251,46,generator_specific,0,0,1,,,test2_golden,0,0.983,cxx_add_to_sub:/mnt/scratch1/ardi/dsl_mut/HM-armc/mutation/lowered-cpp/stencil_chain/stencil_chain.halide_generated.cpp:13251:46
stencil_chain,cxx_default_on_emitted_cpp,5eb72c8d,12,14,cxx_add_to_sub,stencil_chain.halide_generated.cpp,3779,35,generator_specific,0,0,1,,,test2_golden,0,0.946,cxx_add_to_sub:/mnt/scratch1/ardi/dsl_mut/HM-armc/mutation/lowered-cpp/stencil_chain/stencil_chain.halide_generated.cpp:3779:35
stencil_chain,cxx_default_on_emitted_cpp,5eb72c8d,12,14,cxx_add_to_sub,stencil_chain.halide_generated.cpp,13458,43,generator_specific,0,0,1,,,test2_golden,0,0.907,cxx_add_to_sub:/mnt/scratch1/ardi/dsl_mut/HM-armc/mutation/lowered-cpp/stencil_chain/stencil_chain.halide_generated.cpp:13458:43
stencil_chain,cxx_default_on_emitted_cpp,5eb72c8d,12,14,cxx_mul_to_div,stencil_chain.halide_generated.cpp,16717,42,generator_specific,0,0,1,,,test2_golden,0,0.789,cxx_mul_to_div:/mnt/scratch1/ardi/dsl_mut/HM-armc/mutation/lowered-cpp/stencil_chain/stencil_chain.halide_generated.cpp:16717:42
stencil_chain,cxx_default_on_emitted_cpp,5eb72c8d,12,14,cxx_add_to_sub,stencil_chain.halide_generated.cpp,14462,50,generator_specific,0,0,1,,,test2_golden,0,0.884,cxx_add_to_sub:/mnt/scratch1/ardi/dsl_mut/HM-armc/mutation/lowered-cpp/stencil_chain/stencil_chain.halide_generated.cpp:14462:50
stencil_chain,cxx_default_on_emitted_cpp,5eb72c8d,12,14,cxx_add_to_sub,stencil_chain.halide_generated.cpp,10682,49,generator_specific,0,0,1,,,test2_golden,0,0.765,cxx_add_to_sub:/mnt/scratch1/ardi/dsl_mut/HM-armc/mutation/lowered-cpp/stencil_chain/stencil_chain.halide_generated.cpp:10682:49
stencil_chain,cxx_default_on_emitted_cpp,5eb72c8d,12,14,cxx_mul_to_div,stencil_chain.halide_generated.cpp,6552,42,generator_specific,0,0,1,,,test2_golden,0,1.022,cxx_mul_to_div:/mnt/scratch1/ardi/dsl_mut/HM-armc/mutation/lowered-cpp/stencil_chain/stencil_chain.halide_generated.cpp:6552:42
stencil_chain,cxx_default_on_emitted_cpp,5eb72c8d,12,14,cxx_mul_to_div,stencil_chain.halide_generated.cpp,14281,51,generator_specific,0,0,1,,,test2_golden,0,0.961,cxx_mul_to_div:/mnt/scratch1/ardi/dsl_mut/HM-armc/mutation/lowered-cpp/stencil_chain/stencil_chain.halide_generated.cpp:14281:51
stencil_chain,cxx_default_on_emitted_cpp,5eb72c8d,12,14,cxx_mul_to_div,stencil_chain.halide_generated.cpp,13749,46,generator_specific,0,0,1,,,test2_golden,0,0.834,cxx_mul_to_div:/mnt/scratch1/ardi/dsl_mut/HM-armc/mutation/lowered-cpp/stencil_chain/stencil_chain.halide_generated.cpp:13749:46
stencil_chain,cxx_default_on_emitted_cpp,5eb72c8d,12,14,cxx_replace_scalar_call,stencil_chain.halide_generated.cpp,4377,34,generator_specific,0,0,1,,,test2_golden,0,1.652,cxx_replace_scalar_call:/mnt/scratch1/ardi/dsl_mut/HM-armc/mutation/lowered-cpp/stencil_chain/stencil_chain.halide_generated.cpp:4377:34
stencil_chain,cxx_default_on_emitted_cpp,5eb72c8d,12,14,cxx_lt_to_le,stencil_chain.halide_generated.cpp,18960,26,generator_specific,0,0,0,,,,0,0.859,cxx_lt_to_le:/mnt/scratch1/ardi/dsl_mut/HM-armc/mutation/lowered-cpp/stencil_chain/stencil_chain.halide_generated.cpp:18960:26
stencil_chain,cxx_default_on_emitted_cpp,5eb72c8d,12,14,cxx_add_to_sub,stencil_chain.halide_generated.cpp,15078,38,generator_specific,0,0,1,,,test2_golden,0,0.784,cxx_add_to_sub:/mnt/scratch1/ardi/dsl_mut/HM-armc/mutation/lowered-cpp/stencil_chain/stencil_chain.halide_generated.cpp:15078:38
stencil_chain,cxx_default_on_emitted_cpp,5eb72c8d,12,14,cxx_add_to_sub,stencil_chain.halide_generated.cpp,11864,42,generator_specific,0,0,1,,,test2_golden,0,1.615,cxx_add_to_sub:/mnt/scratch1/ardi/dsl_mut/HM-armc/mutation/lowered-cpp/stencil_chain/stencil_chain.halide_generated.cpp:11864:42
stencil_chain,cxx_default_on_emitted_cpp,5eb72c8d,12,14,cxx_add_to_sub,stencil_chain.halide_generated.cpp,15915,41,generator_specific,0,0,1,,,test2_golden,0,0.916,cxx_add_to_sub:/mnt/scratch1/ardi/dsl_mut/HM-armc/mutation/lowered-cpp/stencil_chain/stencil_chain.halide_generated.cpp:15915:41
stencil_chain,cxx_default_on_emitted_cpp,5eb72c8d,12,14,cxx_add_to_sub,stencil_chain.halide_generated.cpp,8552,44,generator_specific,0,0,1,,,test2_golden,0,0.783,cxx_add_to_sub:/mnt/scratch1/ardi/dsl_mut/HM-armc/mutation/lowered-cpp/stencil_chain/stencil_chain.halide_generated.cpp:8552:44
stencil_chain,cxx_default_on_emitted_cpp,5eb72c8d,12,14,cxx_add_to_sub,stencil_chain.halide_generated.cpp,9636,40,generator_specific,0,0,1,,,test2_golden,0,1.570,cxx_add_to_sub:/mnt/scratch1/ardi/dsl_mut/HM-armc/mutation/lowered-cpp/stencil_chain/stencil_chain.halide_generated.cpp:9636:40
stencil_chain,cxx_default_on_emitted_cpp,5eb72c8d,12,14,cxx_mul_to_div,stencil_chain.halide_generated.cpp,9108,37,generator_specific,0,0,1,,,test2_golden,0,0.782,cxx_mul_to_div:/mnt/scratch1/ardi/dsl_mut/HM-armc/mutation/lowered-cpp/stencil_chain/stencil_chain.halide_generated.cpp:9108:37
stencil_chain,cxx_default_on_emitted_cpp,5eb72c8d,12,14,cxx_add_to_sub,stencil_chain.halide_generated.cpp,17305,44,generator_specific,0,0,1,,,test2_golden,0,0.893,cxx_add_to_sub:/mnt/scratch1/ardi/dsl_mut/HM-armc/mutation/lowered-cpp/stencil_chain/stencil_chain.halide_generated.cpp:17305:44
stencil_chain,cxx_default_on_emitted_cpp,5eb72c8d,12,14,cxx_mul_to_div,stencil_chain.halide_generated.cpp,5758,36,generator_specific,0,0,1,,,test2_golden,0,0.882,cxx_mul_to_div:/mnt/scratch1/ardi/dsl_mut/HM-armc/mutation/lowered-cpp/stencil_chain/stencil_chain.halide_generated.cpp:5758:36
stencil_chain,cxx_default_on_emitted_cpp,5eb72c8d,12,14,cxx_replace_scalar_call,stencil_chain.halide_generated.cpp,18592,21,generator_specific,0,0,0,,,,0,0.973,cxx_replace_scalar_call:/mnt/scratch1/ardi/dsl_mut/HM-armc/mutation/lowered-cpp/stencil_chain/stencil_chain.halide_generated.cpp:18592:21
stencil_chain,cxx_default_on_emitted_cpp,5eb72c8d,12,14,cxx_add_to_sub,stencil_chain.halide_generated.cpp,17836,47,generator_specific,0,0,1,,,test2_golden,0,1.271,cxx_add_to_sub:/mnt/scratch1/ardi/dsl_mut/HM-armc/mutation/lowered-cpp/stencil_chain/stencil_chain.halide_generated.cpp:17836:47
stencil_chain,cxx_default_on_emitted_cpp,5eb72c8d,12,14,cxx_mul_to_div,stencil_chain.halide_generated.cpp,12134,43,generator_specific,0,0,1,,,test2_golden,0,0.756,cxx_mul_to_div:/mnt/scratch1/ardi/dsl_mut/HM-armc/mutation/lowered-cpp/stencil_chain/stencil_chain.halide_generated.cpp:12134:43
stencil_chain,cxx_default_on_emitted_cpp,5eb72c8d,12,14,cxx_mul_to_div,stencil_chain.halide_generated.cpp,4140,41,generator_specific,0,0,1,,,test2_golden,0,0.888,cxx_mul_to_div:/mnt/scratch1/ardi/dsl_mut/HM-armc/mutation/lowered-cpp/stencil_chain/stencil_chain.halide_generated.cpp:4140:41
stencil_chain,cxx_default_on_emitted_cpp,5eb72c8d,12,14,cxx_mul_to_div,stencil_chain.halide_generated.cpp,16971,48,generator_specific,0,0,1,,,test2_golden,0,0.782,cxx_mul_to_div:/mnt/scratch1/ardi/dsl_mut/HM-armc/mutation/lowered-cpp/stencil_chain/stencil_chain.halide_generated.cpp:16971:48
stencil_chain,cxx_default_on_emitted_cpp,5eb72c8d,12,14,cxx_add_to_sub,stencil_chain.halide_generated.cpp,17122,45,generator_specific,0,0,1,,,test2_golden,0,0.908,cxx_add_to_sub:/mnt/scratch1/ardi/dsl_mut/HM-armc/mutation/lowered-cpp/stencil_chain/stencil_chain.halide_generated.cpp:17122:45
stencil_chain,cxx_default_on_emitted_cpp,5eb72c8d,12,14,cxx_add_to_sub,stencil_chain.halide_generated.cpp,12732,43,generator_specific,0,0,1,,,test2_golden,0,1.039,cxx_add_to_sub:/mnt/scratch1/ardi/dsl_mut/HM-armc/mutation/lowered-cpp/stencil_chain/stencil_chain.halide_generated.cpp:12732:43
stencil_chain,cxx_default_on_emitted_cpp,5eb72c8d,12,14,cxx_add_to_sub,stencil_chain.halide_generated.cpp,17582,45,generator_specific,0,0,1,,,test2_golden,0,0.872,cxx_add_to_sub:/mnt/scratch1/ardi/dsl_mut/HM-armc/mutation/lowered-cpp/stencil_chain/stencil_chain.halide_generated.cpp:17582:45
stencil_chain,cxx_default_on_emitted_cpp,5eb72c8d,12,14,cxx_add_to_sub,stencil_chain.halide_generated.cpp,18805,28,generator_specific,-11,1,,,,test1_demo,0,0.616,cxx_add_to_sub:/mnt/scratch1/ardi/dsl_mut/HM-armc/mutation/lowered-cpp/stencil_chain/stencil_chain.halide_generated.cpp:18805:28
stencil_chain,cxx_default_on_emitted_cpp,5eb72c8d,12,14,cxx_add_to_sub,stencil_chain.halide_generated.cpp,10868,50,generator_specific,0,0,1,,,test2_golden,0,2.332,cxx_add_to_sub:/mnt/scratch1/ardi/dsl_mut/HM-armc/mutation/lowered-cpp/stencil_chain/stencil_chain.halide_generated.cpp:10868:50
stencil_chain,cxx_default_on_emitted_cpp,5eb72c8d,12,14,cxx_add_to_sub,stencil_chain.halide_generated.cpp,4343,42,generator_specific,0,0,1,,,test2_golden,0,0.861,cxx_add_to_sub:/mnt/scratch1/ardi/dsl_mut/HM-armc/mutation/lowered-cpp/stencil_chain/stencil_chain.halide_generated.cpp:4343:42
stencil_chain,cxx_default_on_emitted_cpp,5eb72c8d,12,14,cxx_add_to_sub,stencil_chain.halide_generated.cpp,7622,45,generator_specific,0,0,1,,,test2_golden,0,0.847,cxx_add_to_sub:/mnt/scratch1/ardi/dsl_mut/HM-armc/mutation/lowered-cpp/stencil_chain/stencil_chain.halide_generated.cpp:7622:45
stencil_chain,cxx_default_on_emitted_cpp,5eb72c8d,12,14,cxx_add_to_sub,stencil_chain.halide_generated.cpp,5543,34,generator_specific,0,0,1,,,test2_golden,0,0.928,cxx_add_to_sub:/mnt/scratch1/ardi/dsl_mut/HM-armc/mutation/lowered-cpp/stencil_chain/stencil_chain.halide_generated.cpp:5543:34
stencil_chain,cxx_default_on_emitted_cpp,5eb72c8d,12,14,cxx_add_to_sub,stencil_chain.halide_generated.cpp,14673,47,generator_specific,0,0,1,,,test2_golden,0,0.760,cxx_add_to_sub:/mnt/scratch1/ardi/dsl_mut/HM-armc/mutation/lowered-cpp/stencil_chain/stencil_chain.halide_generated.cpp:14673:47
stencil_chain,cxx_default_on_emitted_cpp,5eb72c8d,12,14,cxx_add_to_sub,stencil_chain.halide_generated.cpp,6080,42,generator_specific,0,0,1,,,test2_golden,0,0.740,cxx_add_to_sub:/mnt/scratch1/ardi/dsl_mut/HM-armc/mutation/lowered-cpp/stencil_chain/stencil_chain.halide_generated.cpp:6080:42
stencil_chain,cxx_default_on_emitted_cpp,5eb72c8d,12,14,cxx_add_to_sub,stencil_chain.halide_generated.cpp,15991,45,generator_specific,0,0,1,,,test2_golden,0,0.739,cxx_add_to_sub:/mnt/scratch1/ardi/dsl_mut/HM-armc/mutation/lowered-cpp/stencil_chain/stencil_chain.halide_generated.cpp:15991:45
stencil_chain,cxx_default_on_emitted_cpp,5eb72c8d,12,14,cxx_add_to_sub,stencil_chain.halide_generated.cpp,15988,45,generator_specific,0,0,1,,,test2_golden,0,0.940,cxx_add_to_sub:/mnt/scratch1/ardi/dsl_mut/HM-armc/mutation/lowered-cpp/stencil_chain/stencil_chain.halide_generated.cpp:15988:45
stencil_chain,cxx_default_on_emitted_cpp,5eb72c8d,12,14,cxx_add_to_sub,stencil_chain.halide_generated.cpp,6095,37,generator_specific,0,0,1,,,test2_golden,0,0.742,cxx_add_to_sub:/mnt/scratch1/ardi/dsl_mut/HM-armc/mutation/lowered-cpp/stencil_chain/stencil_chain.halide_generated.cpp:6095:37
stencil_chain,cxx_default_on_emitted_cpp,5eb72c8d,12,14,cxx_le_to_gt,stencil_chain.halide_generated.cpp,14135,38,generator_specific,0,0,1,,,test2_golden,0,0.473,cxx_le_to_gt:/mnt/scratch1/ardi/dsl_mut/HM-armc/mutation/lowered-cpp/stencil_chain/stencil_chain.halide_generated.cpp:14135:38
stencil_chain,cxx_default_on_emitted_cpp,5eb72c8d,12,14,cxx_remove_void_call,stencil_chain.halide_generated.cpp,14894,2,generator_specific,0,0,0,,,,0,1.164,cxx_remove_void_call:/mnt/scratch1/ardi/dsl_mut/HM-armc/mutation/lowered-cpp/stencil_chain/stencil_chain.halide_generated.cpp:14894:2
stencil_chain,cxx_default_on_emitted_cpp,5eb72c8d,12,14,cxx_add_to_sub,stencil_chain.halide_generated.cpp,18075,50,generator_specific,0,0,1,,,test2_golden,0,0.764,cxx_add_to_sub:/mnt/scratch1/ardi/dsl_mut/HM-armc/mutation/lowered-cpp/stencil_chain/stencil_chain.halide_generated.cpp:18075:50
stencil_chain,cxx_default_on_emitted_cpp,5eb72c8d,12,14,cxx_mul_to_div,stencil_chain.halide_generated.cpp,6738,44,generator_specific,0,0,1,,,test2_golden,0,0.936,cxx_mul_to_div:/mnt/scratch1/ardi/dsl_mut/HM-armc/mutation/lowered-cpp/stencil_chain/stencil_chain.halide_generated.cpp:6738:44
stencil_chain,cxx_default_on_emitted_cpp,5eb72c8d,12,14,cxx_mul_to_div,stencil_chain.halide_generated.cpp,13886,48,generator_specific,0,0,1,,,test2_golden,0,0.931,cxx_mul_to_div:/mnt/scratch1/ardi/dsl_mut/HM-armc/mutation/lowered-cpp/stencil_chain/stencil_chain.halide_generated.cpp:13886:48
stencil_chain,cxx_default_on_emitted_cpp,5eb72c8d,12,14,cxx_add_to_sub,stencil_chain.halide_generated.cpp,8002,44,generator_specific,0,0,1,,,test2_golden,0,1.198,cxx_add_to_sub:/mnt/scratch1/ardi/dsl_mut/HM-armc/mutation/lowered-cpp/stencil_chain/stencil_chain.halide_generated.cpp:8002:44
stencil_chain,cxx_default_on_emitted_cpp,5eb72c8d,12,14,cxx_mul_to_div,stencil_chain.halide_generated.cpp,13540,47,generator_specific,0,0,1,,,test2_golden,0,0.747,cxx_mul_to_div:/mnt/scratch1/ardi/dsl_mut/HM-armc/mutation/lowered-cpp/stencil_chain/stencil_chain.halide_generated.cpp:13540:47
stencil_chain,cxx_default_on_emitted_cpp,5eb72c8d,12,14,cxx_mul_to_div,stencil_chain.halide_generated.cpp,8015,44,generator_specific,0,0,1,,,test2_golden,0,0.739,cxx_mul_to_div:/mnt/scratch1/ardi/dsl_mut/HM-armc/mutation/lowered-cpp/stencil_chain/stencil_chain.halide_generated.cpp:8015:44
stencil_chain,cxx_default_on_emitted_cpp,5eb72c8d,12,14,cxx_add_to_sub,stencil_chain.halide_generated.cpp,13268,46,generator_specific,0,0,1,,,test2_golden,0,0.745,cxx_add_to_sub:/mnt/scratch1/ardi/dsl_mut/HM-armc/mutation/lowered-cpp/stencil_chain/stencil_chain.halide_generated.cpp:13268:46
stencil_chain,cxx_default_on_emitted_cpp,5eb72c8d,12,14,cxx_mul_to_div,stencil_chain.halide_generated.cpp,13414,45,generator_specific,0,0,1,,,test2_golden,0,1.346,cxx_mul_to_div:/mnt/scratch1/ardi/dsl_mut/HM-armc/mutation/lowered-cpp/stencil_chain/stencil_chain.halide_generated.cpp:13414:45
stencil_chain,cxx_default_on_emitted_cpp,5eb72c8d,12,14,cxx_add_to_sub,stencil_chain.halide_generated.cpp,8845,50,generator_specific,0,0,1,,,test2_golden,0,1.611,cxx_add_to_sub:/mnt/scratch1/ardi/dsl_mut/HM-armc/mutation/lowered-cpp/stencil_chain/stencil_chain.halide_generated.cpp:8845:50
stencil_chain,cxx_default_on_emitted_cpp,5eb72c8d,12,14,cxx_mul_to_div,stencil_chain.halide_generated.cpp,6304,43,generator_specific,0,0,1,,,test2_golden,0,0.913,cxx_mul_to_div:/mnt/scratch1/ardi/dsl_mut/HM-armc/mutation/lowered-cpp/stencil_chain/stencil_chain.halide_generated.cpp:6304:43
stencil_chain,cxx_default_on_emitted_cpp,5eb72c8d,12,14,cxx_mul_to_div,stencil_chain.halide_generated.cpp,12831,45,generator_specific,0,0,1,,,test2_golden,0,1.315,cxx_mul_to_div:/mnt/scratch1/ardi/dsl_mut/HM-armc/mutation/lowered-cpp/stencil_chain/stencil_chain.halide_generated.cpp:12831:45
stencil_chain,cxx_default_on_emitted_cpp,5eb72c8d,12,14,cxx_add_to_sub,stencil_chain.halide_generated.cpp,11140,36,generator_specific,0,0,1,,,test2_golden,0,0.887,cxx_add_to_sub:/mnt/scratch1/ardi/dsl_mut/HM-armc/mutation/lowered-cpp/stencil_chain/stencil_chain.halide_generated.cpp:11140:36
stencil_chain,cxx_default_on_emitted_cpp,5eb72c8d,12,14,cxx_add_to_sub,stencil_chain.halide_generated.cpp,12909,45,generator_specific,0,0,1,,,test2_golden,0,0.751,cxx_add_to_sub:/mnt/scratch1/ardi/dsl_mut/HM-armc/mutation/lowered-cpp/stencil_chain/stencil_chain.halide_generated.cpp:12909:45
stencil_chain,cxx_default_on_emitted_cpp,5eb72c8d,12,14,cxx_mul_to_div,stencil_chain.halide_generated.cpp,7887,46,generator_specific,0,0,1,,,test2_golden,0,0.784,cxx_mul_to_div:/mnt/scratch1/ardi/dsl_mut/HM-armc/mutation/lowered-cpp/stencil_chain/stencil_chain.halide_generated.cpp:7887:46
stencil_chain,cxx_default_on_emitted_cpp,5eb72c8d,12,14,cxx_add_to_sub,stencil_chain.halide_generated.cpp,12040,41,generator_specific,0,0,1,,,test2_golden,0,1.961,cxx_add_to_sub:/mnt/scratch1/ardi/dsl_mut/HM-armc/mutation/lowered-cpp/stencil_chain/stencil_chain.halide_generated.cpp:12040:41
stencil_chain,cxx_default_on_emitted_cpp,5eb72c8d,12,14,cxx_add_to_sub,stencil_chain.halide_generated.cpp,9654,40,generator_specific,0,0,1,,,test2_golden,0,1.298,cxx_add_to_sub:/mnt/scratch1/ardi/dsl_mut/HM-armc/mutation/lowered-cpp/stencil_chain/stencil_chain.halide_generated.cpp:9654:40
stencil_chain,cxx_default_on_emitted_cpp,5eb72c8d,12,14,cxx_add_to_sub,stencil_chain.halide_generated.cpp,5112,45,generator_specific,0,0,0,,,,0,0.740,cxx_add_to_sub:/mnt/scratch1/ardi/dsl_mut/HM-armc/mutation/lowered-cpp/stencil_chain/stencil_chain.halide_generated.cpp:5112:45
stencil_chain,cxx_default_on_emitted_cpp,5eb72c8d,12,14,cxx_add_to_sub,stencil_chain.halide_generated.cpp,11032,36,generator_specific,-11,1,,,,test1_demo,0,0.638,cxx_add_to_sub:/mnt/scratch1/ardi/dsl_mut/HM-armc/mutation/lowered-cpp/stencil_chain/stencil_chain.halide_generated.cpp:11032:36
stencil_chain,cxx_default_on_emitted_cpp,5eb72c8d,12,14,cxx_add_to_sub,stencil_chain.halide_generated.cpp,9106,37,generator_specific,0,0,1,,,test2_golden,0,0.737,cxx_add_to_sub:/mnt/scratch1/ardi/dsl_mut/HM-armc/mutation/lowered-cpp/stencil_chain/stencil_chain.halide_generated.cpp:9106:37
stencil_chain,cxx_default_on_emitted_cpp,5eb72c8d,12,14,cxx_mul_to_div,stencil_chain.halide_generated.cpp,10622,49,generator_specific,0,0,1,,,test2_golden,0,0.920,cxx_mul_to_div:/mnt/scratch1/ardi/dsl_mut/HM-armc/mutation/lowered-cpp/stencil_chain/stencil_chain.halide_generated.cpp:10622:49
stencil_chain,cxx_default_on_emitted_cpp,5eb72c8d,12,14,cxx_add_to_sub,stencil_chain.halide_generated.cpp,11726,38,generator_specific,0,0,1,,,test2_golden,0,0.934,cxx_add_to_sub:/mnt/scratch1/ardi/dsl_mut/HM-armc/mutation/lowered-cpp/stencil_chain/stencil_chain.halide_generated.cpp:11726:38
stencil_chain,cxx_default_on_emitted_cpp,5eb72c8d,12,14,cxx_add_to_sub,stencil_chain.halide_generated.cpp,14459,50,generator_specific,0,0,1,,,test2_golden,0,1.756,cxx_add_to_sub:/mnt/scratch1/ardi/dsl_mut/HM-armc/mutation/lowered-cpp/stencil_chain/stencil_chain.halide_generated.cpp:14459:50
stencil_chain,cxx_default_on_emitted_cpp,5eb72c8d,12,14,cxx_add_to_sub,stencil_chain.halide_generated.cpp,15635,42,generator_specific,0,0,1,,,test2_golden,0,0.942,cxx_add_to_sub:/mnt/scratch1/ardi/dsl_mut/HM-armc/mutation/lowered-cpp/stencil_chain/stencil_chain.halide_generated.cpp:15635:42
stencil_chain,cxx_default_on_emitted_cpp,5eb72c8d,12,14,cxx_mul_to_div,stencil_chain.halide_generated.cpp,14270,51,generator_specific,0,0,1,,,test2_golden,0,1.323,cxx_mul_to_div:/mnt/scratch1/ardi/dsl_mut/HM-armc/mutation/lowered-cpp/stencil_chain/stencil_chain.halide_generated.cpp:14270:51
stencil_chain,cxx_default_on_emitted_cpp,5eb72c8d,12,14,cxx_add_to_sub,stencil_chain.halide_generated.cpp,13859,44,generator_specific,0,0,1,,,test2_golden,0,0.732,cxx_add_to_sub:/mnt/scratch1/ardi/dsl_mut/HM-armc/mutation/lowered-cpp/stencil_chain/stencil_chain.halide_generated.cpp:13859:44
stencil_chain,cxx_default_on_emitted_cpp,5eb72c8d,12,14,cxx_sub_to_add,stencil_chain.halide_generated.cpp,18355,26,generator_specific,0,0,0,,,,0,0.907,cxx_sub_to_add:/mnt/scratch1/ardi/dsl_mut/HM-armc/mutation/lowered-cpp/stencil_chain/stencil_chain.halide_generated.cpp:18355:26
stencil_chain,cxx_default_on_emitted_cpp,5eb72c8d,12,14,cxx_add_to_sub,stencil_chain.halide_generated.cpp,13609,47,generator_specific,0,0,1,,,test2_golden,0,0.734,cxx_add_to_sub:/mnt/scratch1/ardi/dsl_mut/HM-armc/mutation/lowered-cpp/stencil_chain/stencil_chain.halide_generated.cpp:13609:47
stencil_chain,cxx_default_on_emitted_cpp,5eb72c8d,12,14,cxx_add_to_sub,stencil_chain.halide_generated.cpp,16340,46,generator_specific,0,0,1,,,test2_golden,0,0.747,cxx_add_to_sub:/mnt/scratch1/ardi/dsl_mut/HM-armc/mutation/lowered-cpp/stencil_chain/stencil_chain.halide_generated.cpp:16340:46
stencil_chain,cxx_default_on_emitted_cpp,5eb72c8d,12,14,cxx_add_to_sub,stencil_chain.halide_generated.cpp,15058,38,generator_specific,0,0,1,,,test2_golden,0,0.752,cxx_add_to_sub:/mnt/scratch1/ardi/dsl_mut/HM-armc/mutation/lowered-cpp/stencil_chain/stencil_chain.halide_generated.cpp:15058:38
stencil_chain,cxx_default_on_emitted_cpp,5eb72c8d,12,14,cxx_add_to_sub,stencil_chain.halide_generated.cpp,16850,46,generator_specific,0,0,1,,,test2_golden,0,0.734,cxx_add_to_sub:/mnt/scratch1/ardi/dsl_mut/HM-armc/mutation/lowered-cpp/stencil_chain/stencil_chain.halide_generated.cpp:16850:46
stencil_chain,cxx_default_on_emitted_cpp,5eb72c8d,12,14,cxx_add_to_sub,stencil_chain.halide_generated.cpp,7532,41,generator_specific,0,0,1,,,test2_golden,0,0.752,cxx_add_to_sub:/mnt/scratch1/ardi/dsl_mut/HM-armc/mutation/lowered-cpp/stencil_chain/stencil_chain.halide_generated.cpp:7532:41
stencil_chain,cxx_default_on_emitted_cpp,5eb72c8d,12,14,cxx_mul_to_div,stencil_chain.halide_generated.cpp,17690,49,generator_specific,0,0,1,,,test2_golden,0,2.058,cxx_mul_to_div:/mnt/scratch1/ardi/dsl_mut/HM-armc/mutation/lowered-cpp/stencil_chain/stencil_chain.halide_generated.cpp:17690:49
stencil_chain,cxx_default_on_emitted_cpp,5eb72c8d,12,14,cxx_add_to_sub,stencil_chain.halide_generated.cpp,18059,50,generator_specific,0,0,1,,,test2_golden,0,0.735,cxx_add_to_sub:/mnt/scratch1/ardi/dsl_mut/HM-armc/mutation/lowered-cpp/stencil_chain/stencil_chain.halide_generated.cpp:18059:50
stencil_chain,cxx_default_on_emitted_cpp,5eb72c8d,12,14,cxx_mul_to_div,stencil_chain.halide_generated.cpp,9817,41,generator_specific,0,0,1,,,test2_golden,0,0.762,cxx_mul_to_div:/mnt/scratch1/ardi/dsl_mut/HM-armc/mutation/lowered-cpp/stencil_chain/stencil_chain.halide_generated.cpp:9817:41
stencil_chain,cxx_default_on_emitted_cpp,5eb72c8d,12,14,cxx_add_to_sub,stencil_chain.halide_generated.cpp,16308,42,generator_specific,0,0,1,,,test2_golden,0,0.770,cxx_add_to_sub:/mnt/scratch1/ardi/dsl_mut/HM-armc/mutation/lowered-cpp/stencil_chain/stencil_chain.halide_generated.cpp:16308:42
stencil_chain,cxx_default_on_emitted_cpp,5eb72c8d,12,14,cxx_mul_to_div,stencil_chain.halide_generated.cpp,8026,48,generator_specific,0,0,1,,,test2_golden,0,0.923,cxx_mul_to_div:/mnt/scratch1/ardi/dsl_mut/HM-armc/mutation/lowered-cpp/stencil_chain/stencil_chain.halide_generated.cpp:8026:48
stencil_chain,cxx_default_on_emitted_cpp,5eb72c8d,12,14,cxx_mul_to_div,stencil_chain.halide_generated.cpp,12357,42,generator_specific,0,0,1,,,test2_golden,0,0.760,cxx_mul_to_div:/mnt/scratch1/ardi/dsl_mut/HM-armc/mutation/lowered-cpp/stencil_chain/stencil_chain.halide_generated.cpp:12357:42
stencil_chain,cxx_default_on_emitted_cpp,5eb72c8d,12,14,cxx_add_to_sub,stencil_chain.halide_generated.cpp,8143,48,generator_specific,0,0,1,,,test2_golden,0,0.990,cxx_add_to_sub:/mnt/scratch1/ardi/dsl_mut/HM-armc/mutation/lowered-cpp/stencil_chain/stencil_chain.halide_generated.cpp:8143:48
stencil_chain,cxx_default_on_emitted_cpp,5eb72c8d,12,14,cxx_add_to_sub,stencil_chain.halide_generated.cpp,6562,38,generator_specific,0,0,1,,,test2_golden,0,0.775,cxx_add_to_sub:/mnt/scratch1/ardi/dsl_mut/HM-armc/mutation/lowered-cpp/stencil_chain/stencil_chain.halide_generated.cpp:6562:38
stencil_chain,cxx_default_on_emitted_cpp,5eb72c8d,12,14,cxx_mul_to_div,stencil_chain.halide_generated.cpp,4159,41,generator_specific,0,0,1,,,test2_golden,0,0.747,cxx_mul_to_div:/mnt/scratch1/ardi/dsl_mut/HM-armc/mutation/lowered-cpp/stencil_chain/stencil_chain.halide_generated.cpp:4159:41
stencil_chain,cxx_default_on_emitted_cpp,5eb72c8d,12,14,cxx_mul_to_div,stencil_chain.halide_generated.cpp,13066,44,generator_specific,0,0,1,,,test2_golden,0,0.770,cxx_mul_to_div:/mnt/scratch1/ardi/dsl_mut/HM-armc/mutation/lowered-cpp/stencil_chain/stencil_chain.halide_generated.cpp:13066:44
stencil_chain,cxx_default_on_emitted_cpp,5eb72c8d,12,14,cxx_le_to_gt,stencil_chain.halide_generated.cpp,5561,31,generator_specific,0,0,1,,,test2_golden,0,0.643,cxx_le_to_gt:/mnt/scratch1/ardi/dsl_mut/HM-armc/mutation/lowered-cpp/stencil_chain/stencil_chain.halide_generated.cpp:5561:31
stencil_chain,cxx_default_on_emitted_cpp,5eb72c8d,12,14,cxx_add_to_sub,stencil_chain.halide_generated.cpp,17244,44,generator_specific,0,0,1,,,test2_golden,0,0.745,cxx_add_to_sub:/mnt/scratch1/ardi/dsl_mut/HM-armc/mutation/lowered-cpp/stencil_chain/stencil_chain.halide_generated.cpp:17244:44
stencil_chain,cxx_default_on_emitted_cpp,5eb72c8d,12,14,cxx_add_to_sub,stencil_chain.halide_generated.cpp,9615,43,generator_specific,0,0,1,,,test2_golden,0,1.774,cxx_add_to_sub:/mnt/scratch1/ardi/dsl_mut/HM-armc/mutation/lowered-cpp/stencil_chain/stencil_chain.halide_generated.cpp:9615:43
stencil_chain,cxx_default_on_emitted_cpp,5eb72c8d,12,14,cxx_add_to_sub,stencil_chain.halide_generated.cpp,12051,41,generator_specific,0,0,1,,,test2_golden,0,1.770,cxx_add_to_sub:/mnt/scratch1/ardi/dsl_mut/HM-armc/mutation/lowered-cpp/stencil_chain/stencil_chain.halide_generated.cpp:12051:41
stencil_chain,cxx_default_on_emitted_cpp,5eb72c8d,12,14,cxx_mul_to_div,stencil_chain.halide_generated.cpp,9918,45,generator_specific,0,0,1,,,test2_golden,0,0.773,cxx_mul_to_div:/mnt/scratch1/ardi/dsl_mut/HM-armc/mutation/lowered-cpp/stencil_chain/stencil_chain.halide_generated.cpp:9918:45
stencil_chain,cxx_default_on_emitted_cpp,5eb72c8d,12,14,cxx_add_to_sub,stencil_chain.halide_generated.cpp,16342,46,generator_specific,0,0,1,,,test2_golden,0,0.754,cxx_add_to_sub:/mnt/scratch1/ardi/dsl_mut/HM-armc/mutation/lowered-cpp/stencil_chain/stencil_chain.halide_generated.cpp:16342:46
stencil_chain,cxx_default_on_emitted_cpp,5eb72c8d,12,14,cxx_add_to_sub,stencil_chain.halide_generated.cpp,6732,40,generator_specific,0,0,1,,,test2_golden,0,0.924,cxx_add_to_sub:/mnt/scratch1/ardi/dsl_mut/HM-armc/mutation/lowered-cpp/stencil_chain/stencil_chain.halide_generated.cpp:6732:40
stencil_chain,cxx_default_on_emitted_cpp,5eb72c8d,12,14,cxx_add_to_sub,stencil_chain.halide_generated.cpp,14235,47,generator_specific,0,0,1,,,test2_golden,0,1.133,cxx_add_to_sub:/mnt/scratch1/ardi/dsl_mut/HM-armc/mutation/lowered-cpp/stencil_chain/stencil_chain.halide_generated.cpp:14235:47
stencil_chain,cxx_default_on_emitted_cpp,5eb72c8d,12,14,cxx_add_to_sub,stencil_chain.halide_generated.cpp,12416,40,generator_specific,0,0,1,,,test2_golden,0,0.744,cxx_add_to_sub:/mnt/scratch1/ardi/dsl_mut/HM-armc/mutation/lowered-cpp/stencil_chain/stencil_chain.halide_generated.cpp:12416:40
stencil_chain,cxx_default_on_emitted_cpp,5eb72c8d,12,14,cxx_add_to_sub,stencil_chain.halide_generated.cpp,5439,50,generator_specific,0,0,1,,,test2_golden,0,0.745,cxx_add_to_sub:/mnt/scratch1/ardi/dsl_mut/HM-armc/mutation/lowered-cpp/stencil_chain/stencil_chain.halide_generated.cpp:5439:50
stencil_chain,cxx_default_on_emitted_cpp,5eb72c8d,12,14,cxx_mul_to_div,stencil_chain.halide_generated.cpp,4956,48,generator_specific,0,0,1,,,test2_golden,0,0.819,cxx_mul_to_div:/mnt/scratch1/ardi/dsl_mut/HM-armc/mutation/lowered-cpp/stencil_chain/stencil_chain.halide_generated.cpp:4956:48
stencil_chain,cxx_default_on_emitted_cpp,5eb72c8d,12,14,cxx_add_to_sub,stencil_chain.halide_generated.cpp,6790,39,generator_specific,0,0,1,,,test2_golden,0,0.921,cxx_add_to_sub:/mnt/scratch1/ardi/dsl_mut/HM-armc/mutation/lowered-cpp/stencil_chain/stencil_chain.halide_generated.cpp:6790:39
stencil_chain,cxx_default_on_emitted_cpp,5eb72c8d,12,14,cxx_add_to_sub,stencil_chain.halide_generated.cpp,5741,36,generator_specific,0,0,1,,,test2_golden,0,0.889,cxx_add_to_sub:/mnt/scratch1/ardi/dsl_mut/HM-armc/mutation/lowered-cpp/stencil_chain/stencil_chain.halide_generated.cpp:5741:36
stencil_chain,cxx_default_on_emitted_cpp,5eb72c8d,12,14,cxx_mul_to_div,stencil_chain.halide_generated.cpp,6697,44,generator_specific,0,0,1,,,test2_golden,0,1.389,cxx_mul_to_div:/mnt/scratch1/ardi/dsl_mut/HM-armc/mutation/lowered-cpp/stencil_chain/stencil_chain.halide_generated.cpp:6697:44
stencil_chain,cxx_default_on_emitted_cpp,5eb72c8d,12,14,cxx_mul_to_div,stencil_chain.halide_generated.cpp,16205,42,generator_specific,0,0,1,,,test2_golden,0,0.915,cxx_mul_to_div:/mnt/scratch1/ardi/dsl_mut/HM-armc/mutation/lowered-cpp/stencil_chain/stencil_chain.halide_generated.cpp:16205:42
stencil_chain,cxx_default_on_emitted_cpp,5eb72c8d,12,14,cxx_mul_to_div,stencil_chain.halide_generated.cpp,14431,50,generator_specific,0,0,1,,,test2_golden,0,3.113,cxx_mul_to_div:/mnt/scratch1/ardi/dsl_mut/HM-armc/mutation/lowered-cpp/stencil_chain/stencil_chain.halide_generated.cpp:14431:50
stencil_chain,cxx_default_on_emitted_cpp,5eb72c8d,12,14,cxx_add_to_sub,stencil_chain.halide_generated.cpp,17022,48,generator_specific,0,0,1,,,test2_golden,0,0.940,cxx_add_to_sub:/mnt/scratch1/ardi/dsl_mut/HM-armc/mutation/lowered-cpp/stencil_chain/stencil_chain.halide_generated.cpp:17022:48
stencil_chain,cxx_default_on_emitted_cpp,5eb72c8d,12,14,cxx_add_to_sub,stencil_chain.halide_generated.cpp,5206,45,generator_specific,0,0,1,,,test2_golden,0,0.735,cxx_add_to_sub:/mnt/scratch1/ardi/dsl_mut/HM-armc/mutation/lowered-cpp/stencil_chain/stencil_chain.halide_generated.cpp:5206:45
stencil_chain,cxx_default_on_emitted_cpp,5eb72c8d,12,14,cxx_sub_to_add,stencil_chain.halide_generated.cpp,5513,35,generator_specific,0,0,1,,,test2_golden,0,0.911,cxx_sub_to_add:/mnt/scratch1/ardi/dsl_mut/HM-armc/mutation/lowered-cpp/stencil_chain/stencil_chain.halide_generated.cpp:5513:35
stencil_chain,cxx_default_on_emitted_cpp,5eb72c8d,12,14,cxx_mul_to_div,stencil_chain.halide_generated.cpp,8011,44,generator_specific,0,0,1,,,test2_golden,0,0.942,cxx_mul_to_div:/mnt/scratch1/ardi/dsl_mut/HM-armc/mutation/lowered-cpp/stencil_chain/stencil_chain.halide_generated.cpp:8011:44
stencil_chain,cxx_default_on_emitted_cpp,5eb72c8d,12,14,cxx_add_to_sub,stencil_chain.halide_generated.cpp,18021,46,generator_specific,0,0,1,,,test2_golden,0,0.736,cxx_add_to_sub:/mnt/scratch1/ardi/dsl_mut/HM-armc/mutation/lowered-cpp/stencil_chain/stencil_chain.halide_generated.cpp:18021:46
stencil_chain,cxx_default_on_emitted_cpp,5eb72c8d,12,14,cxx_add_to_sub,stencil_chain.halide_generated.cpp,12067,39,generator_specific,0,0,1,,,test2_golden,0,0.935,cxx_add_to_sub:/mnt/scratch1/ardi/dsl_mut/HM-armc/mutation/lowered-cpp/stencil_chain/stencil_chain.halide_generated.cpp:12067:39
stencil_chain,cxx_default_on_emitted_cpp,5eb72c8d,12,14,cxx_add_to_sub,stencil_chain.halide_generated.cpp,12895,41,generator_specific,0,0,1,,,test2_golden,0,0.758,cxx_add_to_sub:/mnt/scratch1/ardi/dsl_mut/HM-armc/mutation/lowered-cpp/stencil_chain/stencil_chain.halide_generated.cpp:12895:41
stencil_chain,cxx_default_on_emitted_cpp,5eb72c8d,12,14,cxx_add_to_sub,stencil_chain.halide_generated.cpp,8338,103,generator_specific,0,0,1,,,test2_golden,0,2.395,cxx_add_to_sub:/mnt/scratch1/ardi/dsl_mut/HM-armc/mutation/lowered-cpp/stencil_chain/stencil_chain.halide_generated.cpp:8338:103
stencil_chain,cxx_default_on_emitted_cpp,5eb72c8d,12,14,cxx_add_to_sub,stencil_chain.halide_generated.cpp,5437,50,generator_specific,0,0,1,,,test2_golden,0,0.735,cxx_add_to_sub:/mnt/scratch1/ardi/dsl_mut/HM-armc/mutation/lowered-cpp/stencil_chain/stencil_chain.halide_generated.cpp:5437:50
stencil_chain,cxx_default_on_emitted_cpp,5eb72c8d,12,14,cxx_add_to_sub,stencil_chain.halide_generated.cpp,16497,45,generator_specific,0,0,1,,,test2_golden,0,1.389,cxx_add_to_sub:/mnt/scratch1/ardi/dsl_mut/HM-armc/mutation/lowered-cpp/stencil_chain/stencil_chain.halide_generated.cpp:16497:45
stencil_chain,cxx_default_on_emitted_cpp,5eb72c8d,12,14,cxx_add_to_sub,stencil_chain.halide_generated.cpp,9013,49,generator_specific,0,0,1,,,test2_golden,0,0.894,cxx_add_to_sub:/mnt/scratch1/ardi/dsl_mut/HM-armc/mutation/lowered-cpp/stencil_chain/stencil_chain.halide_generated.cpp:9013:49
stencil_chain,cxx_default_on_emitted_cpp,5eb72c8d,12,14,cxx_mul_to_div,stencil_chain.halide_generated.cpp,7637,41,generator_specific,0,0,1,,,test2_golden,0,0.762,cxx_mul_to_div:/mnt/scratch1/ardi/dsl_mut/HM-armc/mutation/lowered-cpp/stencil_chain/stencil_chain.halide_generated.cpp:7637:41
stencil_chain,cxx_default_on_emitted_cpp,5eb72c8d,12,14,cxx_add_to_sub,stencil_chain.halide_generated.cpp,13767,46,generator_specific,0,0,1,,,test2_golden,0,0.763,cxx_add_to_sub:/mnt/scratch1/ardi/dsl_mut/HM-armc/mutation/lowered-cpp/stencil_chain/stencil_chain.halide_generated.cpp:13767:46
stencil_chain,cxx_default_on_emitted_cpp,5eb72c8d,12,14,cxx_add_to_sub,stencil_chain.halide_generated.cpp,10139,46,generator_specific,0,0,1,,,test2_golden,0,0.814,cxx_add_to_sub:/mnt/scratch1/ardi/dsl_mut/HM-armc/mutation/lowered-cpp/stencil_chain/stencil_chain.halide_generated.cpp:10139:46
stencil_chain,cxx_default_on_emitted_cpp,5eb72c8d,12,14,cxx_mul_to_div,stencil_chain.halide_generated.cpp,13355,45,generator_specific,0,0,1,,,test2_golden,0,2.506,cxx_mul_to_div:/mnt/scratch1/ardi/dsl_mut/HM-armc/mutation/lowered-cpp/stencil_chain/stencil_chain.halide_generated.cpp:13355:45
stencil_chain,cxx_default_on_emitted_cpp,5eb72c8d,12,14,cxx_mul_to_div,stencil_chain.halide_generated.cpp,8538,44,generator_specific,0,0,1,,,test2_golden,0,2.088,cxx_mul_to_div:/mnt/scratch1/ardi/dsl_mut/HM-armc/mutation/lowered-cpp/stencil_chain/stencil_chain.halide_generated.cpp:8538:44
stencil_chain,cxx_default_on_emitted_cpp,5eb72c8d,12,14,cxx_add_to_sub,stencil_chain.halide_generated.cpp,4109,37,generator_specific,0,0,1,,,test2_golden,0,1.111,cxx_add_to_sub:/mnt/scratch1/ardi/dsl_mut/HM-armc/mutation/lowered-cpp/stencil_chain/stencil_chain.halide_generated.cpp:4109:37
stencil_chain,cxx_default_on_emitted_cpp,5eb72c8d,12,14,cxx_add_to_sub,stencil_chain.halide_generated.cpp,12800,41,generator_specific,0,0,1,,,test2_golden,0,0.789,cxx_add_to_sub:/mnt/scratch1/ardi/dsl_mut/HM-armc/mutation/lowered-cpp/stencil_chain/stencil_chain.halide_generated.cpp:12800:41
stencil_chain,cxx_default_on_emitted_cpp,5eb72c8d,12,14,cxx_add_to_sub,stencil_chain.halide_generated.cpp,7878,42,generator_specific,0,0,1,,,test2_golden,0,2.114,cxx_add_to_sub:/mnt/scratch1/ardi/dsl_mut/HM-armc/mutation/lowered-cpp/stencil_chain/stencil_chain.halide_generated.cpp:7878:42
stencil_chain,cxx_default_on_emitted_cpp,5eb72c8d,12,14,cxx_mul_to_div,stencil_chain.halide_generated.cpp,12189,43,generator_specific,0,0,1,,,test2_golden,0,0.905,cxx_mul_to_div:/mnt/scratch1/ardi/dsl_mut/HM-armc/mutation/lowered-cpp/stencil_chain/stencil_chain.halide_generated.cpp:12189:43
stencil_chain,cxx_default_on_emitted_cpp,5eb72c8d,12,14,cxx_mul_to_div,stencil_chain.halide_generated.cpp,17240,44,generator_specific,0,0,1,,,test2_golden,0,1.271,cxx_mul_to_div:/mnt/scratch1/ardi/dsl_mut/HM-armc/mutation/lowered-cpp/stencil_chain/stencil_chain.halide_generated.cpp:17240:44
stencil_chain,cxx_default_on_emitted_cpp,5eb72c8d,12,14,cxx_add_to_sub,stencil_chain.halide_generated.cpp,10877,50,generator_specific,0,0,1,,,test2_golden,0,0.918,cxx_add_to_sub:/mnt/scratch1/ardi/dsl_mut/HM-armc/mutation/lowered-cpp/stencil_chain/stencil_chain.halide_generated.cpp:10877:50
stencil_chain,cxx_default_on_emitted_cpp,5eb72c8d,12,14,cxx_add_to_sub,stencil_chain.halide_generated.cpp,6079,42,generator_specific,0,0,1,,,test2_golden,0,0.864,cxx_add_to_sub:/mnt/scratch1/ardi/dsl_mut/HM-armc/mutation/lowered-cpp/stencil_chain/stencil_chain.halide_generated.cpp:6079:42
stencil_chain,cxx_default_on_emitted_cpp,5eb72c8d,12,14,cxx_mul_to_div,stencil_chain.halide_generated.cpp,16753,46,generator_specific,0,0,1,,,test2_golden,0,0.898,cxx_mul_to_div:/mnt/scratch1/ardi/dsl_mut/HM-armc/mutation/lowered-cpp/stencil_chain/stencil_chain.halide_generated.cpp:16753:46
stencil_chain,cxx_default_on_emitted_cpp,5eb72c8d,12,14,cxx_add_to_sub,stencil_chain.halide_generated.cpp,18521,27,generator_specific,0,0,0,,,,0,0.743,cxx_add_to_sub:/mnt/scratch1/ardi/dsl_mut/HM-armc/mutation/lowered-cpp/stencil_chain/stencil_chain.halide_generated.cpp:18521:27
stencil_chain,cxx_default_on_emitted_cpp,5eb72c8d,12,14,cxx_add_to_sub,stencil_chain.halide_generated.cpp,8171,43,generator_specific,0,0,1,,,test2_golden,0,2.344,cxx_add_to_sub:/mnt/scratch1/ardi/dsl_mut/HM-armc/mutation/lowered-cpp/stencil_chain/stencil_chain.halide_generated.cpp:8171:43
stencil_chain,cxx_default_on_emitted_cpp,5eb72c8d,12,14,cxx_replace_scalar_call,stencil_chain.halide_generated.cpp,4018,32,generator_specific,0,0,1,,,test2_golden,0,0.906,cxx_replace_scalar_call:/mnt/scratch1/ardi/dsl_mut/HM-armc/mutation/lowered-cpp/stencil_chain/stencil_chain.halide_generated.cpp:4018:32
stencil_chain,cxx_default_on_emitted_cpp,5eb72c8d,12,14,cxx_add_to_sub,stencil_chain.halide_generated.cpp,8570,44,generator_specific,0,0,1,,,test2_golden,0,0.781,cxx_add_to_sub:/mnt/scratch1/ardi/dsl_mut/HM-armc/mutation/lowered-cpp/stencil_chain/stencil_chain.halide_generated.cpp:8570:44
stencil_chain,cxx_default_on_emitted_cpp,5eb72c8d,12,14,cxx_mul_to_div,stencil_chain.halide_generated.cpp,15870,45,generator_specific,0,0,1,,,test2_golden,0,0.754,cxx_mul_to_div:/mnt/scratch1/ardi/dsl_mut/HM-armc/mutation/lowered-cpp/stencil_chain/stencil_chain.halide_generated.cpp:15870:45
stencil_chain,cxx_default_on_emitted_cpp,5eb72c8d,12,14,cxx_add_to_sub,stencil_chain.halide_generated.cpp,9291,38,generator_specific,0,0,1,,,test2_golden,0,1.430,cxx_add_to_sub:/mnt/scratch1/ardi/dsl_mut/HM-armc/mutation/lowered-cpp/stencil_chain/stencil_chain.halide_generated.cpp:9291:38
stencil_chain,cxx_default_on_emitted_cpp,5eb72c8d,12,14,cxx_add_to_sub,stencil_chain.halide_generated.cpp,8438,45,generator_specific,0,0,1,,,test2_golden,0,0.788,cxx_add_to_sub:/mnt/scratch1/ardi/dsl_mut/HM-armc/mutation/lowered-cpp/stencil_chain/stencil_chain.halide_generated.cpp:8438:45
stencil_chain,cxx_default_on_emitted_cpp,5eb72c8d,12,14,cxx_add_to_sub,stencil_chain.halide_generated.cpp,16153,44,generator_specific,0,0,1,,,test2_golden,0,1.660,cxx_add_to_sub:/mnt/scratch1/ardi/dsl_mut/HM-armc/mutation/lowered-cpp/stencil_chain/stencil_chain.halide_generated.cpp:16153:44
stencil_chain,cxx_default_on_emitted_cpp,5eb72c8d,12,14,cxx_mul_to_div,stencil_chain.halide_generated.cpp,5538,36,generator_specific,0,0,1,,,test2_golden,0,0.930,cxx_mul_to_div:/mnt/scratch1/ardi/dsl_mut/HM-armc/mutation/lowered-cpp/stencil_chain/stencil_chain.halide_generated.cpp:5538:36
stencil_chain,cxx_default_on_emitted_cpp,5eb72c8d,12,14,cxx_add_to_sub,stencil_chain.halide_generated.cpp,14163,47,generator_specific,0,0,1,,,test2_golden,0,0.940,cxx_add_to_sub:/mnt/scratch1/ardi/dsl_mut/HM-armc/mutation/lowered-cpp/stencil_chain/stencil_chain.halide_generated.cpp:14163:47
stencil_chain,cxx_default_on_emitted_cpp,5eb72c8d,12,14,cxx_le_to_gt,stencil_chain.halide_generated.cpp,9444,33,generator_specific,0,0,1,,,test2_golden,0,0.950,cxx_le_to_gt:/mnt/scratch1/ardi/dsl_mut/HM-armc/mutation/lowered-cpp/stencil_chain/stencil_chain.halide_generated.cpp:9444:33
stencil_chain,cxx_default_on_emitted_cpp,5eb72c8d,12,14,cxx_add_to_sub,stencil_chain.halide_generated.cpp,13264,46,generator_specific,0,0,1,,,test2_golden,0,0.914,cxx_add_to_sub:/mnt/scratch1/ardi/dsl_mut/HM-armc/mutation/lowered-cpp/stencil_chain/stencil_chain.halide_generated.cpp:13264:46
stencil_chain,cxx_default_on_emitted_cpp,5eb72c8d,12,14,cxx_add_to_sub,stencil_chain.halide_generated.cpp,14097,45,generator_specific,0,0,1,,,test2_golden,0,0.931,cxx_add_to_sub:/mnt/scratch1/ardi/dsl_mut/HM-armc/mutation/lowered-cpp/stencil_chain/stencil_chain.halide_generated.cpp:14097:45
stencil_chain,cxx_default_on_emitted_cpp,5eb72c8d,12,14,cxx_add_to_sub,stencil_chain.halide_generated.cpp,7274,44,generator_specific,0,0,1,,,test2_golden,0,0.773,cxx_add_to_sub:/mnt/scratch1/ardi/dsl_mut/HM-armc/mutation/lowered-cpp/stencil_chain/stencil_chain.halide_generated.cpp:7274:44
stencil_chain,cxx_default_on_emitted_cpp,5eb72c8d,12,14,cxx_add_to_sub,stencil_chain.halide_generated.cpp,5696,37,generator_specific,0,0,1,,,test2_golden,0,0.872,cxx_add_to_sub:/mnt/scratch1/ardi/dsl_mut/HM-armc/mutation/lowered-cpp/stencil_chain/stencil_chain.halide_generated.cpp:5696:37
stencil_chain,cxx_default_on_emitted_cpp,5eb72c8d,12,14,cxx_add_to_sub,stencil_chain.halide_generated.cpp,16029,40,generator_specific,0,0,1,,,test2_golden,0,0.851,cxx_add_to_sub:/mnt/scratch1/ardi/dsl_mut/HM-armc/mutation/lowered-cpp/stencil_chain/stencil_chain.halide_generated.cpp:16029:40
stencil_chain,cxx_default_on_emitted_cpp,5eb72c8d,12,14,cxx_le_to_lt,stencil_chain.halide_generated.cpp,5085,37,generator_specific,0,0,1,,,test2_golden,0,0.775,cxx_le_to_lt:/mnt/scratch1/ardi/dsl_mut/HM-armc/mutation/lowered-cpp/stencil_chain/stencil_chain.halide_generated.cpp:5085:37
stencil_chain,cxx_default_on_emitted_cpp,5eb72c8d,12,14,cxx_add_to_sub,stencil_chain.halide_generated.cpp,16344,46,generator_specific,0,0,1,,,test2_golden,0,1.106,cxx_add_to_sub:/mnt/scratch1/ardi/dsl_mut/HM-armc/mutation/lowered-cpp/stencil_chain/stencil_chain.halide_generated.cpp:16344:46
stencil_chain,cxx_default_on_emitted_cpp,5eb72c8d,12,14,cxx_add_to_sub,stencil_chain.halide_generated.cpp,15997,45,generator_specific,0,0,1,,,test2_golden,0,0.936,cxx_add_to_sub:/mnt/scratch1/ardi/dsl_mut/HM-armc/mutation/lowered-cpp/stencil_chain/stencil_chain.halide_generated.cpp:15997:45
stencil_chain,cxx_default_on_emitted_cpp,5eb72c8d,12,14,cxx_mul_to_div,stencil_chain.halide_generated.cpp,8604,48,generator_specific,0,0,1,,,test2_golden,0,0.955,cxx_mul_to_div:/mnt/scratch1/ardi/dsl_mut/HM-armc/mutation/lowered-cpp/stencil_chain/stencil_chain.halide_generated.cpp:8604:48
stencil_chain,cxx_default_on_emitted_cpp,5eb72c8d,12,14,cxx_add_to_sub,stencil_chain.halide_generated.cpp,8290,43,generator_specific,0,0,1,,,test2_golden,0,0.945,cxx_add_to_sub:/mnt/scratch1/ardi/dsl_mut/HM-armc/mutation/lowered-cpp/stencil_chain/stencil_chain.halide_generated.cpp:8290:43
stencil_chain,cxx_default_on_emitted_cpp,5eb72c8d,12,14,cxx_add_to_sub,stencil_chain.halide_generated.cpp,9255,41,generator_specific,0,0,1,,,test2_golden,0,1.328,cxx_add_to_sub:/mnt/scratch1/ardi/dsl_mut/HM-armc/mutation/lowered-cpp/stencil_chain/stencil_chain.halide_generated.cpp:9255:41
stencil_chain,cxx_default_on_emitted_cpp,5eb72c8d,12,14,cxx_mul_to_div,stencil_chain.halide_generated.cpp,11282,39,generator_specific,0,0,1,,,test2_golden,0,0.757,cxx_mul_to_div:/mnt/scratch1/ardi/dsl_mut/HM-armc/mutation/lowered-cpp/stencil_chain/stencil_chain.halide_generated.cpp:11282:39
stencil_chain,cxx_default_on_emitted_cpp,5eb72c8d,12,14,cxx_add_to_sub,stencil_chain.halide_generated.cpp,13921,44,generator_specific,0,0,1,,,test2_golden,0,1.204,cxx_add_to_sub:/mnt/scratch1/ardi/dsl_mut/HM-armc/mutation/lowered-cpp/stencil_chain/stencil_chain.halide_generated.cpp:13921:44
stencil_chain,cxx_default_on_emitted_cpp,5eb72c8d,12,14,cxx_add_to_sub,stencil_chain.halide_generated.cpp,3986,40,generator_specific,0,0,1,,,test2_golden,0,1.106,cxx_add_to_sub:/mnt/scratch1/ardi/dsl_mut/HM-armc/mutation/lowered-cpp/stencil_chain/stencil_chain.halide_generated.cpp:3986:40
stencil_chain,cxx_default_on_emitted_cpp,5eb72c8d,12,14,cxx_add_to_sub,stencil_chain.halide_generated.cpp,6075,42,generator_specific,0,0,1,,,test2_golden,0,0.896,cxx_add_to_sub:/mnt/scratch1/ardi/dsl_mut/HM-armc/mutation/lowered-cpp/stencil_chain/stencil_chain.halide_generated.cpp:6075:42
stencil_chain,cxx_default_on_emitted_cpp,5eb72c8d,12,14,cxx_mul_to_div,stencil_chain.halide_generated.cpp,9833,41,generator_specific,0,0,1,,,test2_golden,0,0.956,cxx_mul_to_div:/mnt/scratch1/ardi/dsl_mut/HM-armc/mutation/lowered-cpp/stencil_chain/stencil_chain.halide_generated.cpp:9833:41
stencil_chain,cxx_default_on_emitted_cpp,5eb72c8d,12,14,cxx_add_to_sub,stencil_chain.halide_generated.cpp,5798,36,generator_specific,0,0,1,,,test2_golden,0,0.769,cxx_add_to_sub:/mnt/scratch1/ardi/dsl_mut/HM-armc/mutation/lowered-cpp/stencil_chain/stencil_chain.halide_generated.cpp:5798:36
stencil_chain,cxx_default_on_emitted_cpp,5eb72c8d,12,14,cxx_add_to_sub,stencil_chain.halide_generated.cpp,12035,41,generator_specific,0,0,1,,,test2_golden,0,0.960,cxx_add_to_sub:/mnt/scratch1/ardi/dsl_mut/HM-armc/mutation/lowered-cpp/stencil_chain/stencil_chain.halide_generated.cpp:12035:41
stencil_chain,cxx_default_on_emitted_cpp,5eb72c8d,12,14,cxx_add_to_sub,stencil_chain.halide_generated.cpp,13513,43,generator_specific,0,0,1,,,test2_golden,0,0.744,cxx_add_to_sub:/mnt/scratch1/ardi/dsl_mut/HM-armc/mutation/lowered-cpp/stencil_chain/stencil_chain.halide_generated.cpp:13513:43
stencil_chain,cxx_default_on_emitted_cpp,5eb72c8d,12,14,cxx_add_to_sub,stencil_chain.halide_generated.cpp,17897,51,generator_specific,0,0,1,,,test2_golden,0,0.762,cxx_add_to_sub:/mnt/scratch1/ardi/dsl_mut/HM-armc/mutation/lowered-cpp/stencil_chain/stencil_chain.halide_generated.cpp:17897:51
stencil_chain,cxx_default_on_emitted_cpp,5eb72c8d,12,14,cxx_add_to_sub,stencil_chain.halide_generated.cpp,8872,45,generator_specific,0,0,1,,,test2_golden,0,0.749,cxx_add_to_sub:/mnt/scratch1/ardi/dsl_mut/HM-armc/mutation/lowered-cpp/stencil_chain/stencil_chain.halide_generated.cpp:8872:45
stencil_chain,cxx_default_on_emitted_cpp,5eb72c8d,12,14,cxx_mul_to_div,stencil_chain.halide_generated.cpp,5764,40,generator_specific,0,0,1,,,test2_golden,0,1.364,cxx_mul_to_div:/mnt/scratch1/ardi/dsl_mut/HM-armc/mutation/lowered-cpp/stencil_chain/stencil_chain.halide_generated.cpp:5764:40
stencil_chain,cxx_default_on_emitted_cpp,5eb72c8d,12,14,cxx_add_to_sub,stencil_chain.halide_generated.cpp,3936,36,generator_specific,0,0,1,,,test2_golden,0,0.775,cxx_add_to_sub:/mnt/scratch1/ardi/dsl_mut/HM-armc/mutation/lowered-cpp/stencil_chain/stencil_chain.halide_generated.cpp:3936:36
stencil_chain,cxx_default_on_emitted_cpp,5eb72c8d,12,14,cxx_add_to_sub,stencil_chain.halide_generated.cpp,12395,42,generator_specific,0,0,1,,,test2_golden,0,0.754,cxx_add_to_sub:/mnt/scratch1/ardi/dsl_mut/HM-armc/mutation/lowered-cpp/stencil_chain/stencil_chain.halide_generated.cpp:12395:42
stencil_chain,cxx_default_on_emitted_cpp,5eb72c8d,12,14,cxx_mul_to_div,stencil_chain.halide_generated.cpp,12798,45,generator_specific,0,0,1,,,test2_golden,0,1.420,cxx_mul_to_div:/mnt/scratch1/ardi/dsl_mut/HM-armc/mutation/lowered-cpp/stencil_chain/stencil_chain.halide_generated.cpp:12798:45
stencil_chain,cxx_default_on_emitted_cpp,5eb72c8d,12,14,cxx_add_to_sub,stencil_chain.halide_generated.cpp,9474,39,generator_specific,0,0,1,,,test2_golden,0,0.922,cxx_add_to_sub:/mnt/scratch1/ardi/dsl_mut/HM-armc/mutation/lowered-cpp/stencil_chain/stencil_chain.halide_generated.cpp:9474:39
stencil_chain,cxx_default_on_emitted_cpp,5eb72c8d,12,14,cxx_mul_to_div,stencil_chain.halide_generated.cpp,13618,43,generator_specific,0,0,1,,,test2_golden,0,0.904,cxx_mul_to_div:/mnt/scratch1/ardi/dsl_mut/HM-armc/mutation/lowered-cpp/stencil_chain/stencil_chain.halide_generated.cpp:13618:43
stencil_chain,cxx_default_on_emitted_cpp,5eb72c8d,12,14,cxx_mul_to_div,stencil_chain.halide_generated.cpp,14001,44,generator_specific,0,0,1,,,test2_golden,0,1.385,cxx_mul_to_div:/mnt/scratch1/ardi/dsl_mut/HM-armc/mutation/lowered-cpp/stencil_chain/stencil_chain.halide_generated.cpp:14001:44
stencil_chain,cxx_default_on_emitted_cpp,5eb72c8d,12,14,cxx_add_to_sub,stencil_chain.halide_generated.cpp,4520,43,generator_specific,0,0,1,,,test2_golden,0,0.745,cxx_add_to_sub:/mnt/scratch1/ardi/dsl_mut/HM-armc/mutation/lowered-cpp/stencil_chain/stencil_chain.halide_generated.cpp:4520:43
stencil_chain,cxx_default_on_emitted_cpp,5eb72c8d,12,14,cxx_add_to_sub,stencil_chain.halide_generated.cpp,9859,41,generator_specific,0,0,1,,,test2_golden,0,0.945,cxx_add_to_sub:/mnt/scratch1/ardi/dsl_mut/HM-armc/mutation/lowered-cpp/stencil_chain/stencil_chain.halide_generated.cpp:9859:41
stencil_chain,cxx_default_on_emitted_cpp,5eb72c8d,12,14,cxx_add_to_sub,stencil_chain.halide_generated.cpp,6655,40,generator_specific,0,0,1,,,test2_golden,0,0.761,cxx_add_to_sub:/mnt/scratch1/ardi/dsl_mut/HM-armc/mutation/lowered-cpp/stencil_chain/stencil_chain.halide_generated.cpp:6655:40
stencil_chain,cxx_default_on_emitted_cpp,5eb72c8d,12,14,cxx_add_to_sub,stencil_chain.halide_generated.cpp,13086,44,generator_specific,0,0,1,,,test2_golden,0,0.975,cxx_add_to_sub:/mnt/scratch1/ardi/dsl_mut/HM-armc/mutation/lowered-cpp/stencil_chain/stencil_chain.halide_generated.cpp:13086:44
stencil_chain,cxx_default_on_emitted_cpp,5eb72c8d,12,14,cxx_mul_to_div,stencil_chain.halide_generated.cpp,6714,44,generator_specific,0,0,1,,,test2_golden,0,1.642,cxx_mul_to_div:/mnt/scratch1/ardi/dsl_mut/HM-armc/mutation/lowered-cpp/stencil_chain/stencil_chain.halide_generated.cpp:6714:44
stencil_chain,cxx_default_on_emitted_cpp,5eb72c8d,12,14,cxx_add_to_sub,stencil_chain.halide_generated.cpp,17692,45,generator_specific,0,0,1,,,test2_golden,0,0.743,cxx_add_to_sub:/mnt/scratch1/ardi/dsl_mut/HM-armc/mutation/lowered-cpp/stencil_chain/stencil_chain.halide_generated.cpp:17692:45
stencil_chain,cxx_default_on_emitted_cpp,5eb72c8d,12,14,cxx_mul_to_div,stencil_chain.halide_generated.cpp,16442,45,generator_specific,0,0,1,,,test2_golden,0,0.824,cxx_mul_to_div:/mnt/scratch1/ardi/dsl_mut/HM-armc/mutation/lowered-cpp/stencil_chain/stencil_chain.halide_generated.cpp:16442:45
stencil_chain,cxx_default_on_emitted_cpp,5eb72c8d,12,14,cxx_add_to_sub,stencil_chain.halide_generated.cpp,12774,41,generator_specific,0,0,1,,,test2_golden,0,0.934,cxx_add_to_sub:/mnt/scratch1/ardi/dsl_mut/HM-armc/mutation/lowered-cpp/stencil_chain/stencil_chain.halide_generated.cpp:12774:41
stencil_chain,cxx_default_on_emitted_cpp,5eb72c8d,12,14,cxx_add_to_sub,stencil_chain.halide_generated.cpp,12723,43,generator_specific,0,0,1,,,test2_golden,0,0.741,cxx_add_to_sub:/mnt/scratch1/ardi/dsl_mut/HM-armc/mutation/lowered-cpp/stencil_chain/stencil_chain.halide_generated.cpp:12723:43
stencil_chain,cxx_default_on_emitted_cpp,5eb72c8d,12,14,cxx_mul_to_div,stencil_chain.halide_generated.cpp,10728,46,generator_specific,0,0,1,,,test2_golden,0,0.815,cxx_mul_to_div:/mnt/scratch1/ardi/dsl_mut/HM-armc/mutation/lowered-cpp/stencil_chain/stencil_chain.halide_generated.cpp:10728:46
stencil_chain,cxx_default_on_emitted_cpp,5eb72c8d,12,14,cxx_mul_to_div,stencil_chain.halide_generated.cpp,11494,41,generator_specific,0,0,1,,,test2_golden,0,0.784,cxx_mul_to_div:/mnt/scratch1/ardi/dsl_mut/HM-armc/mutation/lowered-cpp/stencil_chain/stencil_chain.halide_generated.cpp:11494:41
stencil_chain,cxx_default_on_emitted_cpp,5eb72c8d,12,14,cxx_add_to_sub,stencil_chain.halide_generated.cpp,8785,46,generator_specific,0,0,1,,,test2_golden,0,1.148,cxx_add_to_sub:/mnt/scratch1/ardi/dsl_mut/HM-armc/mutation/lowered-cpp/stencil_chain/stencil_chain.halide_generated.cpp:8785:46
stencil_chain,cxx_default_on_emitted_cpp,5eb72c8d,12,14,cxx_add_to_sub,stencil_chain.halide_generated.cpp,13371,41,generator_specific,0,0,1,,,test2_golden,0,0.743,cxx_add_to_sub:/mnt/scratch1/ardi/dsl_mut/HM-armc/mutation/lowered-cpp/stencil_chain/stencil_chain.halide_generated.cpp:13371:41
stencil_chain,cxx_default_on_emitted_cpp,5eb72c8d,12,14,cxx_add_to_sub,stencil_chain.halide_generated.cpp,12211,43,generator_specific,0,0,1,,,test2_golden,0,1.081,cxx_add_to_sub:/mnt/scratch1/ardi/dsl_mut/HM-armc/mutation/lowered-cpp/stencil_chain/stencil_chain.halide_generated.cpp:12211:43
stencil_chain,cxx_default_on_emitted_cpp,5eb72c8d,12,14,cxx_add_to_sub,stencil_chain.halide_generated.cpp,5417,50,generator_specific,0,0,1,,,test2_golden,0,0.905,cxx_add_to_sub:/mnt/scratch1/ardi/dsl_mut/HM-armc/mutation/lowered-cpp/stencil_chain/stencil_chain.halide_generated.cpp:5417:50
stencil_chain,cxx_default_on_emitted_cpp,5eb72c8d,12,14,cxx_add_to_sub,stencil_chain.halide_generated.cpp,17641,45,generator_specific,0,0,1,,,test2_golden,0,1.663,cxx_add_to_sub:/mnt/scratch1/ardi/dsl_mut/HM-armc/mutation/lowered-cpp/stencil_chain/stencil_chain.halide_generated.cpp:17641:45
stencil_chain,cxx_default_on_emitted_cpp,5eb72c8d,12,14,cxx_add_to_sub,stencil_chain.halide_generated.cpp,17548,50,generator_specific,0,0,1,,,test2_golden,0,0.742,cxx_add_to_sub:/mnt/scratch1/ardi/dsl_mut/HM-armc/mutation/lowered-cpp/stencil_chain/stencil_chain.halide_generated.cpp:17548:50
stencil_chain,cxx_default_on_emitted_cpp,5eb72c8d,12,14,cxx_mul_to_div,stencil_chain.halide_generated.cpp,10111,46,generator_specific,0,0,1,,,test2_golden,0,0.733,cxx_mul_to_div:/mnt/scratch1/ardi/dsl_mut/HM-armc/mutation/lowered-cpp/stencil_chain/stencil_chain.halide_generated.cpp:10111:46
stencil_chain,cxx_default_on_emitted_cpp,5eb72c8d,12,14,cxx_mul_to_div,stencil_chain.halide_generated.cpp,13226,46,generator_specific,0,0,1,,,test2_golden,0,0.771,cxx_mul_to_div:/mnt/scratch1/ardi/dsl_mut/HM-armc/mutation/lowered-cpp/stencil_chain/stencil_chain.halide_generated.cpp:13226:46
stencil_chain,cxx_default_on_emitted_cpp,5eb72c8d,12,14,cxx_add_to_sub,stencil_chain.halide_generated.cpp,15852,41,generator_specific,0,0,1,,,test2_golden,0,0.741,cxx_add_to_sub:/mnt/scratch1/ardi/dsl_mut/HM-armc/mutation/lowered-cpp/stencil_chain/stencil_chain.halide_generated.cpp:15852:41
stencil_chain,cxx_default_on_emitted_cpp,5eb72c8d,12,14,cxx_mul_to_div,stencil_chain.halide_generated.cpp,10565,49,generator_specific,0,0,1,,,test2_golden,0,0.736,cxx_mul_to_div:/mnt/scratch1/ardi/dsl_mut/HM-armc/mutation/lowered-cpp/stencil_chain/stencil_chain.halide_generated.cpp:10565:49
stencil_chain,cxx_default_on_emitted_cpp,5eb72c8d,12,14,cxx_lt_to_le,stencil_chain.halide_generated.cpp,9810,64,generator_specific,0,0,1,,,test2_golden,0,0.764,cxx_lt_to_le:/mnt/scratch1/ardi/dsl_mut/HM-armc/mutation/lowered-cpp/stencil_chain/stencil_chain.halide_generated.cpp:9810:64
stencil_chain,cxx_default_on_emitted_cpp,5eb72c8d,12,14,cxx_mul_to_div,stencil_chain.halide_generated.cpp,5735,37,generator_specific,0,0,1,,,test2_golden,0,0.829,cxx_mul_to_div:/mnt/scratch1/ardi/dsl_mut/HM-armc/mutation/lowered-cpp/stencil_chain/stencil_chain.halide_generated.cpp:5735:37
stencil_chain,cxx_default_on_emitted_cpp,5eb72c8d,12,14,cxx_mul_to_div,stencil_chain.halide_generated.cpp,18031,50,generator_specific,0,0,1,,,test2_golden,0,0.760,cxx_mul_to_div:/mnt/scratch1/ardi/dsl_mut/HM-armc/mutation/lowered-cpp/stencil_chain/stencil_chain.halide_generated.cpp:18031:50
stencil_chain,cxx_default_on_emitted_cpp,5eb72c8d,12,14,cxx_add_to_sub,stencil_chain.halide_generated.cpp,16521,41,generator_specific,0,0,1,,,test2_golden,0,0.929,cxx_add_to_sub:/mnt/scratch1/ardi/dsl_mut/HM-armc/mutation/lowered-cpp/stencil_chain/stencil_chain.halide_generated.cpp:16521:41
stencil_chain,cxx_default_on_emitted_cpp,5eb72c8d,12,14,cxx_add_to_sub,stencil_chain.halide_generated.cpp,16514,45,generator_specific,0,0,1,,,test2_golden,0,0.757,cxx_add_to_sub:/mnt/scratch1/ardi/dsl_mut/HM-armc/mutation/lowered-cpp/stencil_chain/stencil_chain.halide_generated.cpp:16514:45
stencil_chain,cxx_default_on_emitted_cpp,5eb72c8d,12,14,cxx_add_to_sub,stencil_chain.halide_generated.cpp,9392,38,generator_specific,0,0,1,,,test2_golden,0,1.226,cxx_add_to_sub:/mnt/scratch1/ardi/dsl_mut/HM-armc/mutation/lowered-cpp/stencil_chain/stencil_chain.halide_generated.cpp:9392:38
stencil_chain,cxx_default_on_emitted_cpp,5eb72c8d,12,14,cxx_mul_to_div,stencil_chain.halide_generated.cpp,5189,49,generator_specific,0,0,1,,,test2_golden,0,1.349,cxx_mul_to_div:/mnt/scratch1/ardi/dsl_mut/HM-armc/mutation/lowered-cpp/stencil_chain/stencil_chain.halide_generated.cpp:5189:49
stencil_chain,cxx_default_on_emitted_cpp,5eb72c8d,12,14,cxx_add_to_sub,stencil_chain.halide_generated.cpp,12721,43,generator_specific,0,0,1,,,test2_golden,0,0.950,cxx_add_to_sub:/mnt/scratch1/ardi/dsl_mut/HM-armc/mutation/lowered-cpp/stencil_chain/stencil_chain.halide_generated.cpp:12721:43
stencil_chain,cxx_default_on_emitted_cpp,5eb72c8d,12,14,cxx_add_to_sub,stencil_chain.halide_generated.cpp,5097,45,generator_specific,0,0,0,,,,0,0.767,cxx_add_to_sub:/mnt/scratch1/ardi/dsl_mut/HM-armc/mutation/lowered-cpp/stencil_chain/stencil_chain.halide_generated.cpp:5097:45
stencil_chain,cxx_default_on_emitted_cpp,5eb72c8d,12,14,cxx_replace_scalar_call,stencil_chain.halide_generated.cpp,18768,20,generator_specific,-6,1,,,,test1_demo,0,0.181,cxx_replace_scalar_call:/mnt/scratch1/ardi/dsl_mut/HM-armc/mutation/lowered-cpp/stencil_chain/stencil_chain.halide_generated.cpp:18768:20
stencil_chain,cxx_default_on_emitted_cpp,5eb72c8d,12,14,cxx_add_to_sub,stencil_chain.halide_generated.cpp,7166,40,generator_specific,0,0,1,,,test2_golden,0,1.283,cxx_add_to_sub:/mnt/scratch1/ardi/dsl_mut/HM-armc/mutation/lowered-cpp/stencil_chain/stencil_chain.halide_generated.cpp:7166:40
stencil_chain,cxx_default_on_emitted_cpp,5eb72c8d,12,14,cxx_mul_to_div,stencil_chain.halide_generated.cpp,15960,45,generator_specific,0,0,1,,,test2_golden,0,0.935,cxx_mul_to_div:/mnt/scratch1/ardi/dsl_mut/HM-armc/mutation/lowered-cpp/stencil_chain/stencil_chain.halide_generated.cpp:15960:45
stencil_chain,cxx_default_on_emitted_cpp,5eb72c8d,12,14,cxx_post_inc_to_post_dec,stencil_chain.halide_generated.cpp,11714,89,generator_specific,-11,1,,,,test1_demo,0,0.253,cxx_post_inc_to_post_dec:/mnt/scratch1/ardi/dsl_mut/HM-armc/mutation/lowered-cpp/stencil_chain/stencil_chain.halide_generated.cpp:11714:89
stencil_chain,cxx_default_on_emitted_cpp,5eb72c8d,12,14,cxx_add_to_sub,stencil_chain.halide_generated.cpp,3615,30,generator_specific,0,0,0,,,,0,0.926,cxx_add_to_sub:/mnt/scratch1/ardi/dsl_mut/HM-armc/mutation/lowered-cpp/stencil_chain/stencil_chain.halide_generated.cpp:3615:30
stencil_chain,cxx_default_on_emitted_cpp,5eb72c8d,12,14,cxx_add_to_sub,stencil_chain.halide_generated.cpp,12044,41,generator_specific,0,0,1,,,test2_golden,0,2.538,cxx_add_to_sub:/mnt/scratch1/ardi/dsl_mut/HM-armc/mutation/lowered-cpp/stencil_chain/stencil_chain.halide_generated.cpp:12044:41
stencil_chain,cxx_default_on_emitted_cpp,5eb72c8d,12,14,cxx_replace_scalar_call,stencil_chain.halide_generated.cpp,9092,31,generator_specific,0,0,1,,,test2_golden,0,0.727,cxx_replace_scalar_call:/mnt/scratch1/ardi/dsl_mut/HM-armc/mutation/lowered-cpp/stencil_chain/stencil_chain.halide_generated.cpp:9092:31
stencil_chain,cxx_default_on_emitted_cpp,5eb72c8d,12,14,cxx_add_to_sub,stencil_chain.halide_generated.cpp,11513,41,generator_specific,0,0,1,,,test2_golden,0,1.528,cxx_add_to_sub:/mnt/scratch1/ardi/dsl_mut/HM-armc/mutation/lowered-cpp/stencil_chain/stencil_chain.halide_generated.cpp:11513:41
stencil_chain,cxx_default_on_emitted_cpp,5eb72c8d,12,14,cxx_add_to_sub,stencil_chain.halide_generated.cpp,16437,41,generator_specific,0,0,1,,,test2_golden,0,0.751,cxx_add_to_sub:/mnt/scratch1/ardi/dsl_mut/HM-armc/mutation/lowered-cpp/stencil_chain/stencil_chain.halide_generated.cpp:16437:41
stencil_chain,cxx_default_on_emitted_cpp,5eb72c8d,12,14,cxx_add_to_sub,stencil_chain.halide_generated.cpp,14671,47,generator_specific,0,0,1,,,test2_golden,0,1.101,cxx_add_to_sub:/mnt/scratch1/ardi/dsl_mut/HM-armc/mutation/lowered-cpp/stencil_chain/stencil_chain.halide_generated.cpp:14671:47
stencil_chain,cxx_default_on_emitted_cpp,5eb72c8d,12,14,cxx_add_to_sub,stencil_chain.halide_generated.cpp,18573,28,generator_specific,0,0,0,,,,0,2.522,cxx_add_to_sub:/mnt/scratch1/ardi/dsl_mut/HM-armc/mutation/lowered-cpp/stencil_chain/stencil_chain.halide_generated.cpp:18573:28
stencil_chain,cxx_default_on_emitted_cpp,5eb72c8d,12,14,cxx_mul_to_div,stencil_chain.halide_generated.cpp,16896,44,generator_specific,0,0,1,,,test2_golden,0,0.841,cxx_mul_to_div:/mnt/scratch1/ardi/dsl_mut/HM-armc/mutation/lowered-cpp/stencil_chain/stencil_chain.halide_generated.cpp:16896:44
stencil_chain,cxx_default_on_emitted_cpp,5eb72c8d,12,14,cxx_add_to_sub,stencil_chain.halide_generated.cpp,9831,41,generator_specific,0,0,0,,,,0,0.904,cxx_add_to_sub:/mnt/scratch1/ardi/dsl_mut/HM-armc/mutation/lowered-cpp/stencil_chain/stencil_chain.halide_generated.cpp:9831:41
stencil_chain,cxx_default_on_emitted_cpp,5eb72c8d,12,14,cxx_add_to_sub,stencil_chain.halide_generated.cpp,17696,45,generator_specific,0,0,1,,,test2_golden,0,0.918,cxx_add_to_sub:/mnt/scratch1/ardi/dsl_mut/HM-armc/mutation/lowered-cpp/stencil_chain/stencil_chain.halide_generated.cpp:17696:45
stencil_chain,cxx_default_on_emitted_cpp,5eb72c8d,12,14,cxx_add_to_sub,stencil_chain.halide_generated.cpp,15648,42,generator_specific,0,0,1,,,test2_golden,0,1.468,cxx_add_to_sub:/mnt/scratch1/ardi/dsl_mut/HM-armc/mutation/lowered-cpp/stencil_chain/stencil_chain.halide_generated.cpp:15648:42
stencil_chain,cxx_default_on_emitted_cpp,5eb72c8d,12,14,cxx_add_to_sub,stencil_chain.halide_generated.cpp,17207,49,generator_specific,0,0,1,,,test2_golden,0,2.098,cxx_add_to_sub:/mnt/scratch1/ardi/dsl_mut/HM-armc/mutation/lowered-cpp/stencil_chain/stencil_chain.halide_generated.cpp:17207:49
stencil_chain,cxx_default_on_emitted_cpp,5eb72c8d,12,14,cxx_add_to_sub,stencil_chain.halide_generated.cpp,15469,43,generator_specific,0,0,1,,,test2_golden,0,2.843,cxx_add_to_sub:/mnt/scratch1/ardi/dsl_mut/HM-armc/mutation/lowered-cpp/stencil_chain/stencil_chain.halide_generated.cpp:15469:43
stencil_chain,cxx_default_on_emitted_cpp,5eb72c8d,12,14,cxx_add_to_sub,stencil_chain.halide_generated.cpp,13091,44,generator_specific,0,0,1,,,test2_golden,0,0.897,cxx_add_to_sub:/mnt/scratch1/ardi/dsl_mut/HM-armc/mutation/lowered-cpp/stencil_chain/stencil_chain.halide_generated.cpp:13091:44
stencil_chain,cxx_default_on_emitted_cpp,5eb72c8d,12,14,cxx_add_to_sub,stencil_chain.halide_generated.cpp,14621,48,generator_specific,0,0,1,,,test2_golden,0,0.759,cxx_add_to_sub:/mnt/scratch1/ardi/dsl_mut/HM-armc/mutation/lowered-cpp/stencil_chain/stencil_chain.halide_generated.cpp:14621:48
stencil_chain,cxx_default_on_emitted_cpp,5eb72c8d,12,14,cxx_add_to_sub,stencil_chain.halide_generated.cpp,18397,26,generator_specific,0,0,0,,,,0,0.767,cxx_add_to_sub:/mnt/scratch1/ardi/dsl_mut/HM-armc/mutation/lowered-cpp/stencil_chain/stencil_chain.halide_generated.cpp:18397:26
stencil_chain,cxx_default_on_emitted_cpp,5eb72c8d,12,14,cxx_add_to_sub,stencil_chain.halide_generated.cpp,15856,41,generator_specific,0,0,1,,,test2_golden,0,0.742,cxx_add_to_sub:/mnt/scratch1/ardi/dsl_mut/HM-armc/mutation/lowered-cpp/stencil_chain/stencil_chain.halide_generated.cpp:15856:41
stencil_chain,cxx_default_on_emitted_cpp,5eb72c8d,12,14,cxx_mul_to_div,stencil_chain.halide_generated.cpp,13399,45,generator_specific,0,0,1,,,test2_golden,0,0.744,cxx_mul_to_div:/mnt/scratch1/ardi/dsl_mut/HM-armc/mutation/lowered-cpp/stencil_chain/stencil_chain.halide_generated.cpp:13399:45
stencil_chain,cxx_default_on_emitted_cpp,5eb72c8d,12,14,cxx_add_to_sub,stencil_chain.halide_generated.cpp,18377,26,generator_specific,0,0,0,,,,0,2.333,cxx_add_to_sub:/mnt/scratch1/ardi/dsl_mut/HM-armc/mutation/lowered-cpp/stencil_chain/stencil_chain.halide_generated.cpp:18377:26
stencil_chain,cxx_default_on_emitted_cpp,5eb72c8d,12,14,cxx_add_to_sub,stencil_chain.halide_generated.cpp,12927,100,generator_specific,0,0,1,,,test2_golden,0,0.738,cxx_add_to_sub:/mnt/scratch1/ardi/dsl_mut/HM-armc/mutation/lowered-cpp/stencil_chain/stencil_chain.halide_generated.cpp:12927:100
stencil_chain,cxx_default_on_emitted_cpp,5eb72c8d,12,14,cxx_add_to_sub,stencil_chain.halide_generated.cpp,15951,41,generator_specific,0,0,1,,,test2_golden,0,0.877,cxx_add_to_sub:/mnt/scratch1/ardi/dsl_mut/HM-armc/mutation/lowered-cpp/stencil_chain/stencil_chain.halide_generated.cpp:15951:41
stencil_chain,cxx_default_on_emitted_cpp,5eb72c8d,12,14,cxx_add_to_sub,stencil_chain.halide_generated.cpp,14659,52,generator_specific,0,0,1,,,test2_golden,0,0.736,cxx_add_to_sub:/mnt/scratch1/ardi/dsl_mut/HM-armc/mutation/lowered-cpp/stencil_chain/stencil_chain.halide_generated.cpp:14659:52
stencil_chain,cxx_default_on_emitted_cpp,5eb72c8d,12,14,cxx_add_to_sub,stencil_chain.halide_generated.cpp,11650,36,generator_specific,0,0,1,,,test2_golden,0,0.804,cxx_add_to_sub:/mnt/scratch1/ardi/dsl_mut/HM-armc/mutation/lowered-cpp/stencil_chain/stencil_chain.halide_generated.cpp:11650:36
stencil_chain,cxx_default_on_emitted_cpp,5eb72c8d,12,14,cxx_mul_to_div,stencil_chain.halide_generated.cpp,14956,36,generator_specific,0,0,1,,,test2_golden,0,1.062,cxx_mul_to_div:/mnt/scratch1/ardi/dsl_mut/HM-armc/mutation/lowered-cpp/stencil_chain/stencil_chain.halide_generated.cpp:14956:36
stencil_chain,cxx_default_on_emitted_cpp,5eb72c8d,12,14,cxx_add_to_sub,stencil_chain.halide_generated.cpp,6474,38,generator_specific,0,0,1,,,test2_golden,0,1.637,cxx_add_to_sub:/mnt/scratch1/ardi/dsl_mut/HM-armc/mutation/lowered-cpp/stencil_chain/stencil_chain.halide_generated.cpp:6474:38
stencil_chain,cxx_default_on_emitted_cpp,5eb72c8d,12,14,cxx_mul_to_div,stencil_chain.halide_generated.cpp,11565,40,generator_specific,0,0,1,,,test2_golden,0,0.734,cxx_mul_to_div:/mnt/scratch1/ardi/dsl_mut/HM-armc/mutation/lowered-cpp/stencil_chain/stencil_chain.halide_generated.cpp:11565:40
stencil_chain,cxx_default_on_emitted_cpp,5eb72c8d,12,14,cxx_mul_to_div,stencil_chain.halide_generated.cpp,14419,50,generator_specific,0,0,1,,,test2_golden,0,0.974,cxx_mul_to_div:/mnt/scratch1/ardi/dsl_mut/HM-armc/mutation/lowered-cpp/stencil_chain/stencil_chain.halide_generated.cpp:14419:50
stencil_chain,cxx_default_on_emitted_cpp,5eb72c8d,12,14,cxx_add_to_sub,stencil_chain.halide_generated.cpp,13421,45,generator_specific,0,0,1,,,test2_golden,0,0.930,cxx_add_to_sub:/mnt/scratch1/ardi/dsl_mut/HM-armc/mutation/lowered-cpp/stencil_chain/stencil_chain.halide_generated.cpp:13421:45
stencil_chain,cxx_default_on_emitted_cpp,5eb72c8d,12,14,cxx_mul_to_div,stencil_chain.halide_generated.cpp,16728,42,generator_specific,0,0,1,,,test2_golden,0,0.757,cxx_mul_to_div:/mnt/scratch1/ardi/dsl_mut/HM-armc/mutation/lowered-cpp/stencil_chain/stencil_chain.halide_generated.cpp:16728:42
stencil_chain,cxx_default_on_emitted_cpp,5eb72c8d,12,14,cxx_add_to_sub,stencil_chain.halide_generated.cpp,17722,49,generator_specific,0,0,1,,,test2_golden,0,1.402,cxx_add_to_sub:/mnt/scratch1/ardi/dsl_mut/HM-armc/mutation/lowered-cpp/stencil_chain/stencil_chain.halide_generated.cpp:17722:49
stencil_chain,cxx_default_on_emitted_cpp,5eb72c8d,12,14,cxx_mul_to_div,stencil_chain.halide_generated.cpp,7545,45,generator_specific,0,0,1,,,test2_golden,0,0.733,cxx_mul_to_div:/mnt/scratch1/ardi/dsl_mut/HM-armc/mutation/lowered-cpp/stencil_chain/stencil_chain.halide_generated.cpp:7545:45
stencil_chain,cxx_default_on_emitted_cpp,5eb72c8d,12,14,cxx_add_to_sub,stencil_chain.halide_generated.cpp,9819,41,generator_specific,0,0,1,,,test2_golden,0,0.753,cxx_add_to_sub:/mnt/scratch1/ardi/dsl_mut/HM-armc/mutation/lowered-cpp/stencil_chain/stencil_chain.halide_generated.cpp:9819:41
stencil_chain,cxx_default_on_emitted_cpp,5eb72c8d,12,14,cxx_add_to_sub,stencil_chain.halide_generated.cpp,5739,95,generator_specific,0,0,1,,,test2_golden,0,1.099,cxx_add_to_sub:/mnt/scratch1/ardi/dsl_mut/HM-armc/mutation/lowered-cpp/stencil_chain/stencil_chain.halide_generated.cpp:5739:95
stencil_chain,cxx_default_on_emitted_cpp,5eb72c8d,12,14,cxx_add_to_sub,stencil_chain.halide_generated.cpp,15472,43,generator_specific,0,0,1,,,test2_golden,0,0.840,cxx_add_to_sub:/mnt/scratch1/ardi/dsl_mut/HM-armc/mutation/lowered-cpp/stencil_chain/stencil_chain.halide_generated.cpp:15472:43
stencil_chain,cxx_default_on_emitted_cpp,5eb72c8d,12,14,cxx_add_to_sub,stencil_chain.halide_generated.cpp,3857,36,generator_specific,0,0,0,,,,0,1.062,cxx_add_to_sub:/mnt/scratch1/ardi/dsl_mut/HM-armc/mutation/lowered-cpp/stencil_chain/stencil_chain.halide_generated.cpp:3857:36
stencil_chain,cxx_default_on_emitted_cpp,5eb72c8d,12,14,cxx_mul_to_div,stencil_chain.halide_generated.cpp,14619,52,generator_specific,0,0,1,,,test2_golden,0,1.277,cxx_mul_to_div:/mnt/scratch1/ardi/dsl_mut/HM-armc/mutation/lowered-cpp/stencil_chain/stencil_chain.halide_generated.cpp:14619:52
stencil_chain,cxx_default_on_emitted_cpp,5eb72c8d,12,14,cxx_mul_to_div,stencil_chain.halide_generated.cpp,11921,37,generator_specific,0,0,1,,,test2_golden,0,1.095,cxx_mul_to_div:/mnt/scratch1/ardi/dsl_mut/HM-armc/mutation/lowered-cpp/stencil_chain/stencil_chain.halide_generated.cpp:11921:37
stencil_chain,cxx_default_on_emitted_cpp,5eb72c8d,12,14,cxx_mul_to_div,stencil_chain.halide_generated.cpp,15749,44,generator_specific,0,0,1,,,test2_golden,0,0.968,cxx_mul_to_div:/mnt/scratch1/ardi/dsl_mut/HM-armc/mutation/lowered-cpp/stencil_chain/stencil_chain.halide_generated.cpp:15749:44
stencil_chain,cxx_default_on_emitted_cpp,5eb72c8d,12,14,cxx_mul_to_div,stencil_chain.halide_generated.cpp,4050,41,generator_specific,0,0,1,,,test2_golden,0,1.054,cxx_mul_to_div:/mnt/scratch1/ardi/dsl_mut/HM-armc/mutation/lowered-cpp/stencil_chain/stencil_chain.halide_generated.cpp:4050:41
stencil_chain,cxx_default_on_emitted_cpp,5eb72c8d,12,14,cxx_add_to_sub,stencil_chain.halide_generated.cpp,8504,49,generator_specific,0,0,1,,,test2_golden,0,0.973,cxx_add_to_sub:/mnt/scratch1/ardi/dsl_mut/HM-armc/mutation/lowered-cpp/stencil_chain/stencil_chain.halide_generated.cpp:8504:49
